Text_ID	ID	Title	Date	Body	Term	Session	Meeting	Sitting	Agenda	Subcorpus	Lang	Speaker_role	Speaker_MP	Speaker_minister	Speaker_party	Speaker_party_name	Party_status	Party_orientation	Speaker_ID	Speaker_name	Speaker_gender	Speaker_birth
ParlaMint-NO-en_2003-06-18-2	ParlaMint-NO_2003-06-18-2.ana.ud618e17	Hansard from meeting in the Norwegian Parliament, term 2001-2005, Session 2002-2003, Sitting day 2003-06-18	2003-06-18	Unicameralism	Term 2001-2005	Session 2002-2003	-	Sitting day 2003-06-18	-	Reference	English	Chairperson	MP	notMinister	A	Arbeiderpartiet	-	Centre-left	person.JK	Kosmo, Jørgen	M	1947	
ParlaMint-NO-en_2003-06-18-2	ParlaMint-NO_2003-06-18-2.ana.ud618e36	Hansard from meeting in the Norwegian Parliament, term 2001-2005, Session 2002-2003, Sitting day 2003-06-18	2003-06-18	Unicameralism	Term 2001-2005	Session 2002-2003	-	Sitting day 2003-06-18	-	Reference	English	Regular	MP	notMinister	FrP	Fremskrittspartiet	-	Right	person.OVA	Vaksdal, Øyvind	M	1955	
ParlaMint-NO-en_2003-06-18-2	ParlaMint-NO_2003-06-18-2.ana.ud618e55	Hansard from meeting in the Norwegian Parliament, term 2001-2005, Session 2002-2003, Sitting day 2003-06-18	2003-06-18	Unicameralism	Term 2001-2005	Session 2002-2003	-	Sitting day 2003-06-18	-	Reference	English	Chairperson	MP	notMinister	A	Arbeiderpartiet	-	Centre-left	person.JK	Kosmo, Jørgen	M	1947	
ParlaMint-NO-en_2003-06-18-2	ParlaMint-NO_2003-06-18-2.ana.ud618e58	Hansard from meeting in the Norwegian Parliament, term 2001-2005, Session 2002-2003, Sitting day 2003-06-18	2003-06-18	Unicameralism	Term 2001-2005	Session 2002-2003	-	Sitting day 2003-06-18	-	Reference	English	Regular	MP	notMinister	SV	Sosialistisk Venstreparti	-	Left	person.HHL	Langeland, Hallgeir H.	M	1955	
ParlaMint-NO-en_2003-06-18-2	ParlaMint-NO_2003-06-18-2.ana.ud618e65	Hansard from meeting in the Norwegian Parliament, term 2001-2005, Session 2002-2003, Sitting day 2003-06-18	2003-06-18	Unicameralism	Term 2001-2005	Session 2002-2003	-	Sitting day 2003-06-18	-	Reference	English	Regular	MP	notMinister	Sp	Senterpartiet	-	Centre	person.HSE	Seierstad, Hans	M	1951	
ParlaMint-NO-en_2003-06-18-2	ParlaMint-NO_2003-06-18-2.ana.ud618e88	Hansard from meeting in the Norwegian Parliament, term 2001-2005, Session 2002-2003, Sitting day 2003-06-18	2003-06-18	Unicameralism	Term 2001-2005	Session 2002-2003	-	Sitting day 2003-06-18	-	Reference	English	Regular	MP	Minister	KrF	Kristelig Folkeparti	Coalition	Centre to centre-right	person.EIS	Steensnæs, Einar	M	1942	
ParlaMint-NO-en_2003-06-18-2	ParlaMint-NO_2003-06-18-2.ana.ud618e109	Hansard from meeting in the Norwegian Parliament, term 2001-2005, Session 2002-2003, Sitting day 2003-06-18	2003-06-18	Unicameralism	Term 2001-2005	Session 2002-2003	-	Sitting day 2003-06-18	-	Reference	English	Chairperson	MP	notMinister	A	Arbeiderpartiet	-	Centre-left	person.JK	Kosmo, Jørgen	M	1947	
ParlaMint-NO-en_2003-06-18-2	ParlaMint-NO_2003-06-18-2.ana.ud618e112	Hansard from meeting in the Norwegian Parliament, term 2001-2005, Session 2002-2003, Sitting day 2003-06-18	2003-06-18	Unicameralism	Term 2001-2005	Session 2002-2003	-	Sitting day 2003-06-18	-	Reference	English	Regular	MP	notMinister	H	Høyre	Coalition	Centre-right	person.LFO	Onarheim, Leif Frode	M	1934	
ParlaMint-NO-en_2003-06-18-2	ParlaMint-NO_2003-06-18-2.ana.ud618e126	Hansard from meeting in the Norwegian Parliament, term 2001-2005, Session 2002-2003, Sitting day 2003-06-18	2003-06-18	Unicameralism	Term 2001-2005	Session 2002-2003	-	Sitting day 2003-06-18	-	Reference	English	Chairperson	MP	notMinister	A	Arbeiderpartiet	-	Centre-left	person.JK	Kosmo, Jørgen	M	1947	
ParlaMint-NO-en_2003-06-18-2	ParlaMint-NO_2003-06-18-2.ana.ud618e142	Hansard from meeting in the Norwegian Parliament, term 2001-2005, Session 2002-2003, Sitting day 2003-06-18	2003-06-18	Unicameralism	Term 2001-2005	Session 2002-2003	-	Sitting day 2003-06-18	-	Reference	English	Chairperson	MP	notMinister	A	Arbeiderpartiet	-	Centre-left	person.JK	Kosmo, Jørgen	M	1947	
ParlaMint-NO-en_2003-06-18-2	ParlaMint-NO_2003-06-18-2.ana.ud618e149	Hansard from meeting in the Norwegian Parliament, term 2001-2005, Session 2002-2003, Sitting day 2003-06-18	2003-06-18	Unicameralism	Term 2001-2005	Session 2002-2003	-	Sitting day 2003-06-18	-	Reference	English	Regular	MP	notMinister	A	Arbeiderpartiet	-	Centre-left	person.SKO	Konglevoll, Synnøve	F	1972	
ParlaMint-NO-en_2003-06-18-2	ParlaMint-NO_2003-06-18-2.ana.ud618e172	Hansard from meeting in the Norwegian Parliament, term 2001-2005, Session 2002-2003, Sitting day 2003-06-18	2003-06-18	Unicameralism	Term 2001-2005	Session 2002-2003	-	Sitting day 2003-06-18	-	Reference	English	Regular	MP	notMinister	H	Høyre	Coalition	Centre-right	person.SME	Meling, Siri A.	F	1963	
ParlaMint-NO-en_2003-06-18-2	ParlaMint-NO_2003-06-18-2.ana.ud618e191	Hansard from meeting in the Norwegian Parliament, term 2001-2005, Session 2002-2003, Sitting day 2003-06-18	2003-06-18	Unicameralism	Term 2001-2005	Session 2002-2003	-	Sitting day 2003-06-18	-	Reference	English	Regular	MP	notMinister	SV	Sosialistisk Venstreparti	-	Left	person.INVM	Malvik, Ingvild Vaggen	F	1971	
ParlaMint-NO-en_2003-06-18-2	ParlaMint-NO_2003-06-18-2.ana.ud618e210	Hansard from meeting in the Norwegian Parliament, term 2001-2005, Session 2002-2003, Sitting day 2003-06-18	2003-06-18	Unicameralism	Term 2001-2005	Session 2002-2003	-	Sitting day 2003-06-18	-	Reference	English	Chairperson	MP	notMinister	A	Arbeiderpartiet	-	Centre-left	person.JK	Kosmo, Jørgen	M	1947	
ParlaMint-NO-en_2003-06-18-2	ParlaMint-NO_2003-06-18-2.ana.ud618e213	Hansard from meeting in the Norwegian Parliament, term 2001-2005, Session 2002-2003, Sitting day 2003-06-18	2003-06-18	Unicameralism	Term 2001-2005	Session 2002-2003	-	Sitting day 2003-06-18	-	Reference	English	Regular	MP	notMinister	KrF	Kristelig Folkeparti	Coalition	Centre to centre-right	person.INGL	Ljones, Ingmar	M	1943	
ParlaMint-NO-en_2003-06-18-2	ParlaMint-NO_2003-06-18-2.ana.ud618e228	Hansard from meeting in the Norwegian Parliament, term 2001-2005, Session 2002-2003, Sitting day 2003-06-18	2003-06-18	Unicameralism	Term 2001-2005	Session 2002-2003	-	Sitting day 2003-06-18	-	Reference	English	Chairperson	MP	notMinister	A	Arbeiderpartiet	-	Centre-left	person.JK	Kosmo, Jørgen	M	1947	
ParlaMint-NO-en_2003-06-18-2	ParlaMint-NO_2003-06-18-2.ana.ud618e244	Hansard from meeting in the Norwegian Parliament, term 2001-2005, Session 2002-2003, Sitting day 2003-06-18	2003-06-18	Unicameralism	Term 2001-2005	Session 2002-2003	-	Sitting day 2003-06-18	-	Reference	English	Chairperson	MP	notMinister	A	Arbeiderpartiet	-	Centre-left	person.JK	Kosmo, Jørgen	M	1947	
ParlaMint-NO-en_2003-06-18-2	ParlaMint-NO_2003-06-18-2.ana.ud618e255	Hansard from meeting in the Norwegian Parliament, term 2001-2005, Session 2002-2003, Sitting day 2003-06-18	2003-06-18	Unicameralism	Term 2001-2005	Session 2002-2003	-	Sitting day 2003-06-18	-	Reference	English	Regular	MP	notMinister	SV	Sosialistisk Venstreparti	-	Left	person.INGR	Ryan, Inge	M	1956	
ParlaMint-NO-en_2003-06-18-2	ParlaMint-NO_2003-06-18-2.ana.ud618e293	Hansard from meeting in the Norwegian Parliament, term 2001-2005, Session 2002-2003, Sitting day 2003-06-18	2003-06-18	Unicameralism	Term 2001-2005	Session 2002-2003	-	Sitting day 2003-06-18	-	Reference	English	Chairperson	MP	notMinister	A	Arbeiderpartiet	-	Centre-left	person.JK	Kosmo, Jørgen	M	1947	
ParlaMint-NO-en_2003-06-18-2	ParlaMint-NO_2003-06-18-2.ana.ud618e298	Hansard from meeting in the Norwegian Parliament, term 2001-2005, Session 2002-2003, Sitting day 2003-06-18	2003-06-18	Unicameralism	Term 2001-2005	Session 2002-2003	-	Sitting day 2003-06-18	-	Reference	English	Regular	MP	notMinister	A	Arbeiderpartiet	-	Centre-left	person.AUG	Gaundal, Aud	F	1949	
ParlaMint-NO-en_2003-06-18-2	ParlaMint-NO_2003-06-18-2.ana.ud618e310	Hansard from meeting in the Norwegian Parliament, term 2001-2005, Session 2002-2003, Sitting day 2003-06-18	2003-06-18	Unicameralism	Term 2001-2005	Session 2002-2003	-	Sitting day 2003-06-18	-	Reference	English	Regular	MP	notMinister	SV	Sosialistisk Venstreparti	-	Left	person.INGR	Ryan, Inge	M	1956	
ParlaMint-NO-en_2003-06-18-2	ParlaMint-NO_2003-06-18-2.ana.ud618e317	Hansard from meeting in the Norwegian Parliament, term 2001-2005, Session 2002-2003, Sitting day 2003-06-18	2003-06-18	Unicameralism	Term 2001-2005	Session 2002-2003	-	Sitting day 2003-06-18	-	Reference	English	Chairperson	MP	notMinister	A	Arbeiderpartiet	-	Centre-left	person.JK	Kosmo, Jørgen	M	1947	
ParlaMint-NO-en_2003-06-18-2	ParlaMint-NO_2003-06-18-2.ana.ud618e320	Hansard from meeting in the Norwegian Parliament, term 2001-2005, Session 2002-2003, Sitting day 2003-06-18	2003-06-18	Unicameralism	Term 2001-2005	Session 2002-2003	-	Sitting day 2003-06-18	-	Reference	English	Regular	MP	notMinister	A	Arbeiderpartiet	-	Centre-left	person.GRF	Fossli, Grethe	F	1954	
ParlaMint-NO-en_2003-06-18-2	ParlaMint-NO_2003-06-18-2.ana.ud618e388	Hansard from meeting in the Norwegian Parliament, term 2001-2005, Session 2002-2003, Sitting day 2003-06-18	2003-06-18	Unicameralism	Term 2001-2005	Session 2002-2003	-	Sitting day 2003-06-18	-	Reference	English	Chairperson	MP	notMinister	A	Arbeiderpartiet	-	Centre-left	person.ESF	Faldet, Eirin	F	1944	
ParlaMint-NO-en_2003-06-18-2	ParlaMint-NO_2003-06-18-2.ana.ud618e393	Hansard from meeting in the Norwegian Parliament, term 2001-2005, Session 2002-2003, Sitting day 2003-06-18	2003-06-18	Unicameralism	Term 2001-2005	Session 2002-2003	-	Sitting day 2003-06-18	-	Reference	English	Regular	MP	notMinister	SV	Sosialistisk Venstreparti	-	Left	person.INGR	Ryan, Inge	M	1956	
ParlaMint-NO-en_2003-06-18-2	ParlaMint-NO_2003-06-18-2.ana.ud618e401	Hansard from meeting in the Norwegian Parliament, term 2001-2005, Session 2002-2003, Sitting day 2003-06-18	2003-06-18	Unicameralism	Term 2001-2005	Session 2002-2003	-	Sitting day 2003-06-18	-	Reference	English	Regular	MP	notMinister	A	Arbeiderpartiet	-	Centre-left	person.GRF	Fossli, Grethe	F	1954	
ParlaMint-NO-en_2003-06-18-2	ParlaMint-NO_2003-06-18-2.ana.ud618e406	Hansard from meeting in the Norwegian Parliament, term 2001-2005, Session 2002-2003, Sitting day 2003-06-18	2003-06-18	Unicameralism	Term 2001-2005	Session 2002-2003	-	Sitting day 2003-06-18	-	Reference	English	Chairperson	MP	notMinister	A	Arbeiderpartiet	-	Centre-left	person.ESF	Faldet, Eirin	F	1944	
ParlaMint-NO-en_2003-06-18-2	ParlaMint-NO_2003-06-18-2.ana.ud618e409	Hansard from meeting in the Norwegian Parliament, term 2001-2005, Session 2002-2003, Sitting day 2003-06-18	2003-06-18	Unicameralism	Term 2001-2005	Session 2002-2003	-	Sitting day 2003-06-18	-	Reference	English	Regular	MP	notMinister	H	Høyre	Coalition	Centre-right	person.IVK	Kristiansen, Ivar	M	1956	
ParlaMint-NO-en_2003-06-18-2	ParlaMint-NO_2003-06-18-2.ana.ud618e424	Hansard from meeting in the Norwegian Parliament, term 2001-2005, Session 2002-2003, Sitting day 2003-06-18	2003-06-18	Unicameralism	Term 2001-2005	Session 2002-2003	-	Sitting day 2003-06-18	-	Reference	English	Chairperson	MP	notMinister	A	Arbeiderpartiet	-	Centre-left	person.ESF	Faldet, Eirin	F	1944	
ParlaMint-NO-en_2003-06-18-2	ParlaMint-NO_2003-06-18-2.ana.ud618e427	Hansard from meeting in the Norwegian Parliament, term 2001-2005, Session 2002-2003, Sitting day 2003-06-18	2003-06-18	Unicameralism	Term 2001-2005	Session 2002-2003	-	Sitting day 2003-06-18	-	Reference	English	Regular	MP	notMinister	A	Arbeiderpartiet	-	Centre-left	person.RTV	Tveiten, Rita	F	1954	
ParlaMint-NO-en_2003-06-18-2	ParlaMint-NO_2003-06-18-2.ana.ud618e436	Hansard from meeting in the Norwegian Parliament, term 2001-2005, Session 2002-2003, Sitting day 2003-06-18	2003-06-18	Unicameralism	Term 2001-2005	Session 2002-2003	-	Sitting day 2003-06-18	-	Reference	English	Regular	MP	notMinister	H	Høyre	Coalition	Centre-right	person.IVK	Kristiansen, Ivar	M	1956	
ParlaMint-NO-en_2003-06-18-2	ParlaMint-NO_2003-06-18-2.ana.ud618e443	Hansard from meeting in the Norwegian Parliament, term 2001-2005, Session 2002-2003, Sitting day 2003-06-18	2003-06-18	Unicameralism	Term 2001-2005	Session 2002-2003	-	Sitting day 2003-06-18	-	Reference	English	Chairperson	MP	notMinister	A	Arbeiderpartiet	-	Centre-left	person.ESF	Faldet, Eirin	F	1944	
ParlaMint-NO-en_2003-06-18-2	ParlaMint-NO_2003-06-18-2.ana.ud618e446	Hansard from meeting in the Norwegian Parliament, term 2001-2005, Session 2002-2003, Sitting day 2003-06-18	2003-06-18	Unicameralism	Term 2001-2005	Session 2002-2003	-	Sitting day 2003-06-18	-	Reference	English	Regular	MP	notMinister	FrP	Fremskrittspartiet	-	Right	person.OHE	Hedstrøm, Øystein	M	1946	
ParlaMint-NO-en_2003-06-18-2	ParlaMint-NO_2003-06-18-2.ana.ud618e484	Hansard from meeting in the Norwegian Parliament, term 2001-2005, Session 2002-2003, Sitting day 2003-06-18	2003-06-18	Unicameralism	Term 2001-2005	Session 2002-2003	-	Sitting day 2003-06-18	-	Reference	English	Chairperson	MP	notMinister	A	Arbeiderpartiet	-	Centre-left	person.ESF	Faldet, Eirin	F	1944	
ParlaMint-NO-en_2003-06-18-2	ParlaMint-NO_2003-06-18-2.ana.ud618e487	Hansard from meeting in the Norwegian Parliament, term 2001-2005, Session 2002-2003, Sitting day 2003-06-18	2003-06-18	Unicameralism	Term 2001-2005	Session 2002-2003	-	Sitting day 2003-06-18	-	Reference	English	Regular	MP	notMinister	KrF	Kristelig Folkeparti	Coalition	Centre to centre-right	person.OLAG	Gjedrem, Olaf	M	1948	
ParlaMint-NO-en_2003-06-18-2	ParlaMint-NO_2003-06-18-2.ana.ud618e525	Hansard from meeting in the Norwegian Parliament, term 2001-2005, Session 2002-2003, Sitting day 2003-06-18	2003-06-18	Unicameralism	Term 2001-2005	Session 2002-2003	-	Sitting day 2003-06-18	-	Reference	English	Regular	MP	notMinister	Sp	Senterpartiet	-	Centre	person.ORE	Enoksen, Odd Roger	M	1954	
ParlaMint-NO-en_2003-06-18-2	ParlaMint-NO_2003-06-18-2.ana.ud618e543	Hansard from meeting in the Norwegian Parliament, term 2001-2005, Session 2002-2003, Sitting day 2003-06-18	2003-06-18	Unicameralism	Term 2001-2005	Session 2002-2003	-	Sitting day 2003-06-18	-	Reference	English	Chairperson	MP	notMinister	A	Arbeiderpartiet	-	Centre-left	person.ESF	Faldet, Eirin	F	1944	
ParlaMint-NO-en_2003-06-18-2	ParlaMint-NO_2003-06-18-2.ana.ud618e548	Hansard from meeting in the Norwegian Parliament, term 2001-2005, Session 2002-2003, Sitting day 2003-06-18	2003-06-18	Unicameralism	Term 2001-2005	Session 2002-2003	-	Sitting day 2003-06-18	-	Reference	English	Regular	MP	notMinister	H	Høyre	Coalition	Centre-right	person.IVK	Kristiansen, Ivar	M	1956	
ParlaMint-NO-en_2003-06-18-2	ParlaMint-NO_2003-06-18-2.ana.ud618e555	Hansard from meeting in the Norwegian Parliament, term 2001-2005, Session 2002-2003, Sitting day 2003-06-18	2003-06-18	Unicameralism	Term 2001-2005	Session 2002-2003	-	Sitting day 2003-06-18	-	Reference	English	Regular	MP	notMinister	Sp	Senterpartiet	-	Centre	person.ORE	Enoksen, Odd Roger	M	1954	
ParlaMint-NO-en_2003-06-18-2	ParlaMint-NO_2003-06-18-2.ana.ud618e564	Hansard from meeting in the Norwegian Parliament, term 2001-2005, Session 2002-2003, Sitting day 2003-06-18	2003-06-18	Unicameralism	Term 2001-2005	Session 2002-2003	-	Sitting day 2003-06-18	-	Reference	English	Regular	MP	notMinister	SV	Sosialistisk Venstreparti	-	Left	person.INGR	Ryan, Inge	M	1956	
ParlaMint-NO-en_2003-06-18-2	ParlaMint-NO_2003-06-18-2.ana.ud618e571	Hansard from meeting in the Norwegian Parliament, term 2001-2005, Session 2002-2003, Sitting day 2003-06-18	2003-06-18	Unicameralism	Term 2001-2005	Session 2002-2003	-	Sitting day 2003-06-18	-	Reference	English	Regular	MP	notMinister	Sp	Senterpartiet	-	Centre	person.ORE	Enoksen, Odd Roger	M	1954	
ParlaMint-NO-en_2003-06-18-2	ParlaMint-NO_2003-06-18-2.ana.ud618e576	Hansard from meeting in the Norwegian Parliament, term 2001-2005, Session 2002-2003, Sitting day 2003-06-18	2003-06-18	Unicameralism	Term 2001-2005	Session 2002-2003	-	Sitting day 2003-06-18	-	Reference	English	Regular	MP	notMinister	KrF	Kristelig Folkeparti	Coalition	Centre to centre-right	person.OLAG	Gjedrem, Olaf	M	1948	
ParlaMint-NO-en_2003-06-18-2	ParlaMint-NO_2003-06-18-2.ana.ud618e581	Hansard from meeting in the Norwegian Parliament, term 2001-2005, Session 2002-2003, Sitting day 2003-06-18	2003-06-18	Unicameralism	Term 2001-2005	Session 2002-2003	-	Sitting day 2003-06-18	-	Reference	English	Regular	MP	notMinister	Sp	Senterpartiet	-	Centre	person.ORE	Enoksen, Odd Roger	M	1954	
ParlaMint-NO-en_2003-06-18-2	ParlaMint-NO_2003-06-18-2.ana.ud618e586	Hansard from meeting in the Norwegian Parliament, term 2001-2005, Session 2002-2003, Sitting day 2003-06-18	2003-06-18	Unicameralism	Term 2001-2005	Session 2002-2003	-	Sitting day 2003-06-18	-	Reference	English	Chairperson	MP	notMinister	A	Arbeiderpartiet	-	Centre-left	person.ESF	Faldet, Eirin	F	1944	
ParlaMint-NO-en_2003-06-18-2	ParlaMint-NO_2003-06-18-2.ana.ud618e589	Hansard from meeting in the Norwegian Parliament, term 2001-2005, Session 2002-2003, Sitting day 2003-06-18	2003-06-18	Unicameralism	Term 2001-2005	Session 2002-2003	-	Sitting day 2003-06-18	-	Reference	English	Regular	MP	notMinister	V	Venstre	Coalition	Centre	person.MABV	Vihovde, May Britt	F	1958	
ParlaMint-NO-en_2003-06-18-2	ParlaMint-NO_2003-06-18-2.ana.ud618e610	Hansard from meeting in the Norwegian Parliament, term 2001-2005, Session 2002-2003, Sitting day 2003-06-18	2003-06-18	Unicameralism	Term 2001-2005	Session 2002-2003	-	Sitting day 2003-06-18	-	Reference	English	Chairperson	MP	notMinister	A	Arbeiderpartiet	-	Centre-left	person.ESF	Faldet, Eirin	F	1944	
ParlaMint-NO-en_2003-06-18-2	ParlaMint-NO_2003-06-18-2.ana.ud618e613	Hansard from meeting in the Norwegian Parliament, term 2001-2005, Session 2002-2003, Sitting day 2003-06-18	2003-06-18	Unicameralism	Term 2001-2005	Session 2002-2003	-	Sitting day 2003-06-18	-	Reference	English	Regular	MP	notMinister	A	Arbeiderpartiet	-	Centre-left	person.RTV	Tveiten, Rita	F	1954	
ParlaMint-NO-en_2003-06-18-2	ParlaMint-NO_2003-06-18-2.ana.ud618e644	Hansard from meeting in the Norwegian Parliament, term 2001-2005, Session 2002-2003, Sitting day 2003-06-18	2003-06-18	Unicameralism	Term 2001-2005	Session 2002-2003	-	Sitting day 2003-06-18	-	Reference	English	Regular	MP	notMinister	H	Høyre	Coalition	Centre-right	person.MICM	Momyr, Michael	M	1956	
ParlaMint-NO-en_2003-06-18-2	ParlaMint-NO_2003-06-18-2.ana.ud618e657	Hansard from meeting in the Norwegian Parliament, term 2001-2005, Session 2002-2003, Sitting day 2003-06-18	2003-06-18	Unicameralism	Term 2001-2005	Session 2002-2003	-	Sitting day 2003-06-18	-	Reference	English	Regular	MP	Minister	H	Høyre	Coalition	Centre-right	person.AG	Gabrielsen, Ansgar	M	1955	
ParlaMint-NO-en_2003-06-18-2	ParlaMint-NO_2003-06-18-2.ana.ud618e681	Hansard from meeting in the Norwegian Parliament, term 2001-2005, Session 2002-2003, Sitting day 2003-06-18	2003-06-18	Unicameralism	Term 2001-2005	Session 2002-2003	-	Sitting day 2003-06-18	-	Reference	English	Chairperson	MP	notMinister	A	Arbeiderpartiet	-	Centre-left	person.KE	Engebretsen, Kjell	M	1941	
ParlaMint-NO-en_2003-06-18-2	ParlaMint-NO_2003-06-18-2.ana.ud618e684	Hansard from meeting in the Norwegian Parliament, term 2001-2005, Session 2002-2003, Sitting day 2003-06-18	2003-06-18	Unicameralism	Term 2001-2005	Session 2002-2003	-	Sitting day 2003-06-18	-	Reference	English	Regular	MP	notMinister	A	Arbeiderpartiet	-	Centre-left	person.GRF	Fossli, Grethe	F	1954	
ParlaMint-NO-en_2003-06-18-2	ParlaMint-NO_2003-06-18-2.ana.ud618e693	Hansard from meeting in the Norwegian Parliament, term 2001-2005, Session 2002-2003, Sitting day 2003-06-18	2003-06-18	Unicameralism	Term 2001-2005	Session 2002-2003	-	Sitting day 2003-06-18	-	Reference	English	Regular	MP	Minister	H	Høyre	Coalition	Centre-right	person.AG	Gabrielsen, Ansgar	M	1955	
ParlaMint-NO-en_2003-06-18-2	ParlaMint-NO_2003-06-18-2.ana.ud618e702	Hansard from meeting in the Norwegian Parliament, term 2001-2005, Session 2002-2003, Sitting day 2003-06-18	2003-06-18	Unicameralism	Term 2001-2005	Session 2002-2003	-	Sitting day 2003-06-18	-	Reference	English	Regular	MP	notMinister	FrP	Fremskrittspartiet	-	Right	person.OHE	Hedstrøm, Øystein	M	1946	
ParlaMint-NO-en_2003-06-18-2	ParlaMint-NO_2003-06-18-2.ana.ud618e711	Hansard from meeting in the Norwegian Parliament, term 2001-2005, Session 2002-2003, Sitting day 2003-06-18	2003-06-18	Unicameralism	Term 2001-2005	Session 2002-2003	-	Sitting day 2003-06-18	-	Reference	English	Regular	MP	Minister	H	Høyre	Coalition	Centre-right	person.AG	Gabrielsen, Ansgar	M	1955	
ParlaMint-NO-en_2003-06-18-2	ParlaMint-NO_2003-06-18-2.ana.ud618e720	Hansard from meeting in the Norwegian Parliament, term 2001-2005, Session 2002-2003, Sitting day 2003-06-18	2003-06-18	Unicameralism	Term 2001-2005	Session 2002-2003	-	Sitting day 2003-06-18	-	Reference	English	Regular	MP	notMinister	SV	Sosialistisk Venstreparti	-	Left	person.INGR	Ryan, Inge	M	1956	
ParlaMint-NO-en_2003-06-18-2	ParlaMint-NO_2003-06-18-2.ana.ud618e729	Hansard from meeting in the Norwegian Parliament, term 2001-2005, Session 2002-2003, Sitting day 2003-06-18	2003-06-18	Unicameralism	Term 2001-2005	Session 2002-2003	-	Sitting day 2003-06-18	-	Reference	English	Regular	MP	Minister	H	Høyre	Coalition	Centre-right	person.AG	Gabrielsen, Ansgar	M	1955	
ParlaMint-NO-en_2003-06-18-2	ParlaMint-NO_2003-06-18-2.ana.ud618e736	Hansard from meeting in the Norwegian Parliament, term 2001-2005, Session 2002-2003, Sitting day 2003-06-18	2003-06-18	Unicameralism	Term 2001-2005	Session 2002-2003	-	Sitting day 2003-06-18	-	Reference	English	Regular	MP	notMinister	Sp	Senterpartiet	-	Centre	person.ORE	Enoksen, Odd Roger	M	1954	
ParlaMint-NO-en_2003-06-18-2	ParlaMint-NO_2003-06-18-2.ana.ud618e744	Hansard from meeting in the Norwegian Parliament, term 2001-2005, Session 2002-2003, Sitting day 2003-06-18	2003-06-18	Unicameralism	Term 2001-2005	Session 2002-2003	-	Sitting day 2003-06-18	-	Reference	English	Regular	MP	Minister	H	Høyre	Coalition	Centre-right	person.AG	Gabrielsen, Ansgar	M	1955	
ParlaMint-NO-en_2003-06-18-2	ParlaMint-NO_2003-06-18-2.ana.ud618e753	Hansard from meeting in the Norwegian Parliament, term 2001-2005, Session 2002-2003, Sitting day 2003-06-18	2003-06-18	Unicameralism	Term 2001-2005	Session 2002-2003	-	Sitting day 2003-06-18	-	Reference	English	Regular	MP	notMinister	A	Arbeiderpartiet	-	Centre-left	person.GRF	Fossli, Grethe	F	1954	
ParlaMint-NO-en_2003-06-18-2	ParlaMint-NO_2003-06-18-2.ana.ud618e760	Hansard from meeting in the Norwegian Parliament, term 2001-2005, Session 2002-2003, Sitting day 2003-06-18	2003-06-18	Unicameralism	Term 2001-2005	Session 2002-2003	-	Sitting day 2003-06-18	-	Reference	English	Regular	MP	Minister	H	Høyre	Coalition	Centre-right	person.AG	Gabrielsen, Ansgar	M	1955	
ParlaMint-NO-en_2003-06-18-2	ParlaMint-NO_2003-06-18-2.ana.ud618e769	Hansard from meeting in the Norwegian Parliament, term 2001-2005, Session 2002-2003, Sitting day 2003-06-18	2003-06-18	Unicameralism	Term 2001-2005	Session 2002-2003	-	Sitting day 2003-06-18	-	Reference	English	Chairperson	MP	notMinister	A	Arbeiderpartiet	-	Centre-left	person.KE	Engebretsen, Kjell	M	1941	
ParlaMint-NO-en_2003-06-18-2	ParlaMint-NO_2003-06-18-2.ana.ud618e774	Hansard from meeting in the Norwegian Parliament, term 2001-2005, Session 2002-2003, Sitting day 2003-06-18	2003-06-18	Unicameralism	Term 2001-2005	Session 2002-2003	-	Sitting day 2003-06-18	-	Reference	English	Regular	MP	notMinister	SV	Sosialistisk Venstreparti	-	Left	person.INGR	Ryan, Inge	M	1956	
ParlaMint-NO-en_2003-06-18-2	ParlaMint-NO_2003-06-18-2.ana.ud618e785	Hansard from meeting in the Norwegian Parliament, term 2001-2005, Session 2002-2003, Sitting day 2003-06-18	2003-06-18	Unicameralism	Term 2001-2005	Session 2002-2003	-	Sitting day 2003-06-18	-	Reference	English	Chairperson	MP	notMinister	A	Arbeiderpartiet	-	Centre-left	person.KE	Engebretsen, Kjell	M	1941	
ParlaMint-NO-en_2003-06-18-2	ParlaMint-NO_2003-06-18-2.ana.ud618e801	Hansard from meeting in the Norwegian Parliament, term 2001-2005, Session 2002-2003, Sitting day 2003-06-18	2003-06-18	Unicameralism	Term 2001-2005	Session 2002-2003	-	Sitting day 2003-06-18	-	Reference	English	Chairperson	MP	notMinister	A	Arbeiderpartiet	-	Centre-left	person.KE	Engebretsen, Kjell	M	1941	
ParlaMint-NO-en_2003-06-18-2	ParlaMint-NO_2003-06-18-2.ana.ud618e810	Hansard from meeting in the Norwegian Parliament, term 2001-2005, Session 2002-2003, Sitting day 2003-06-18	2003-06-18	Unicameralism	Term 2001-2005	Session 2002-2003	-	Sitting day 2003-06-18	-	Reference	English	Regular	MP	notMinister	SV	Sosialistisk Venstreparti	-	Left	person.INGR	Ryan, Inge	M	1956	
ParlaMint-NO-en_2003-06-18-2	ParlaMint-NO_2003-06-18-2.ana.ud618e839	Hansard from meeting in the Norwegian Parliament, term 2001-2005, Session 2002-2003, Sitting day 2003-06-18	2003-06-18	Unicameralism	Term 2001-2005	Session 2002-2003	-	Sitting day 2003-06-18	-	Reference	English	Chairperson	MP	notMinister	A	Arbeiderpartiet	-	Centre-left	person.KE	Engebretsen, Kjell	M	1941	
ParlaMint-NO-en_2003-06-18-2	ParlaMint-NO_2003-06-18-2.ana.ud618e842	Hansard from meeting in the Norwegian Parliament, term 2001-2005, Session 2002-2003, Sitting day 2003-06-18	2003-06-18	Unicameralism	Term 2001-2005	Session 2002-2003	-	Sitting day 2003-06-18	-	Reference	English	Regular	MP	notMinister	A	Arbeiderpartiet	-	Centre-left	person.GRF	Fossli, Grethe	F	1954	
ParlaMint-NO-en_2003-06-18-2	ParlaMint-NO_2003-06-18-2.ana.ud618e865	Hansard from meeting in the Norwegian Parliament, term 2001-2005, Session 2002-2003, Sitting day 2003-06-18	2003-06-18	Unicameralism	Term 2001-2005	Session 2002-2003	-	Sitting day 2003-06-18	-	Reference	English	Chairperson	MP	notMinister	A	Arbeiderpartiet	-	Centre-left	person.KE	Engebretsen, Kjell	M	1941	
ParlaMint-NO-en_2003-06-18-2	ParlaMint-NO_2003-06-18-2.ana.ud618e868	Hansard from meeting in the Norwegian Parliament, term 2001-2005, Session 2002-2003, Sitting day 2003-06-18	2003-06-18	Unicameralism	Term 2001-2005	Session 2002-2003	-	Sitting day 2003-06-18	-	Reference	English	Regular	MP	notMinister	H	Høyre	Coalition	Centre-right	person.SIE	Bjørkly, Silja Ekeland	F	1976	
ParlaMint-NO-en_2003-06-18-2	ParlaMint-NO_2003-06-18-2.ana.ud618e889	Hansard from meeting in the Norwegian Parliament, term 2001-2005, Session 2002-2003, Sitting day 2003-06-18	2003-06-18	Unicameralism	Term 2001-2005	Session 2002-2003	-	Sitting day 2003-06-18	-	Reference	English	Chairperson	MP	notMinister	A	Arbeiderpartiet	-	Centre-left	person.KE	Engebretsen, Kjell	M	1941	
ParlaMint-NO-en_2003-06-18-2	ParlaMint-NO_2003-06-18-2.ana.ud618e892	Hansard from meeting in the Norwegian Parliament, term 2001-2005, Session 2002-2003, Sitting day 2003-06-18	2003-06-18	Unicameralism	Term 2001-2005	Session 2002-2003	-	Sitting day 2003-06-18	-	Reference	English	Regular	MP	notMinister	FrP	Fremskrittspartiet	-	Right	person.OHE	Hedstrøm, Øystein	M	1946	
ParlaMint-NO-en_2003-06-18-2	ParlaMint-NO_2003-06-18-2.ana.ud618e918	Hansard from meeting in the Norwegian Parliament, term 2001-2005, Session 2002-2003, Sitting day 2003-06-18	2003-06-18	Unicameralism	Term 2001-2005	Session 2002-2003	-	Sitting day 2003-06-18	-	Reference	English	Chairperson	MP	notMinister	A	Arbeiderpartiet	-	Centre-left	person.KE	Engebretsen, Kjell	M	1941	
ParlaMint-NO-en_2003-06-18-2	ParlaMint-NO_2003-06-18-2.ana.ud618e921	Hansard from meeting in the Norwegian Parliament, term 2001-2005, Session 2002-2003, Sitting day 2003-06-18	2003-06-18	Unicameralism	Term 2001-2005	Session 2002-2003	-	Sitting day 2003-06-18	-	Reference	English	Regular	MP	notMinister	KrF	Kristelig Folkeparti	Coalition	Centre to centre-right	person.OLAG	Gjedrem, Olaf	M	1948	
ParlaMint-NO-en_2003-06-18-2	ParlaMint-NO_2003-06-18-2.ana.ud618e943	Hansard from meeting in the Norwegian Parliament, term 2001-2005, Session 2002-2003, Sitting day 2003-06-18	2003-06-18	Unicameralism	Term 2001-2005	Session 2002-2003	-	Sitting day 2003-06-18	-	Reference	English	Regular	MP	notMinister	Sp	Senterpartiet	-	Centre	person.ORE	Enoksen, Odd Roger	M	1954	
ParlaMint-NO-en_2003-06-18-2	ParlaMint-NO_2003-06-18-2.ana.ud618e958	Hansard from meeting in the Norwegian Parliament, term 2001-2005, Session 2002-2003, Sitting day 2003-06-18	2003-06-18	Unicameralism	Term 2001-2005	Session 2002-2003	-	Sitting day 2003-06-18	-	Reference	English	Regular	MP	notMinister	A	Arbeiderpartiet	-	Centre-left	person.SKB	Brustad, Sylvia	F	1966	
ParlaMint-NO-en_2003-06-18-2	ParlaMint-NO_2003-06-18-2.ana.ud618e979	Hansard from meeting in the Norwegian Parliament, term 2001-2005, Session 2002-2003, Sitting day 2003-06-18	2003-06-18	Unicameralism	Term 2001-2005	Session 2002-2003	-	Sitting day 2003-06-18	-	Reference	English	Regular	MP	Minister	H	Høyre	Coalition	Centre-right	person.AG	Gabrielsen, Ansgar	M	1955	
ParlaMint-NO-en_2003-06-18-2	ParlaMint-NO_2003-06-18-2.ana.ud618e998	Hansard from meeting in the Norwegian Parliament, term 2001-2005, Session 2002-2003, Sitting day 2003-06-18	2003-06-18	Unicameralism	Term 2001-2005	Session 2002-2003	-	Sitting day 2003-06-18	-	Reference	English	Chairperson	MP	notMinister	A	Arbeiderpartiet	-	Centre-left	person.KE	Engebretsen, Kjell	M	1941	
ParlaMint-NO-en_2003-06-18-2	ParlaMint-NO_2003-06-18-2.ana.ud618e1001	Hansard from meeting in the Norwegian Parliament, term 2001-2005, Session 2002-2003, Sitting day 2003-06-18	2003-06-18	Unicameralism	Term 2001-2005	Session 2002-2003	-	Sitting day 2003-06-18	-	Reference	English	Regular	MP	notMinister	A	Arbeiderpartiet	-	Centre-left	person.SKB	Brustad, Sylvia	F	1966	
ParlaMint-NO-en_2003-06-18-2	ParlaMint-NO_2003-06-18-2.ana.ud618e1008	Hansard from meeting in the Norwegian Parliament, term 2001-2005, Session 2002-2003, Sitting day 2003-06-18	2003-06-18	Unicameralism	Term 2001-2005	Session 2002-2003	-	Sitting day 2003-06-18	-	Reference	English	Regular	MP	Minister	H	Høyre	Coalition	Centre-right	person.AG	Gabrielsen, Ansgar	M	1955	
ParlaMint-NO-en_2003-06-18-2	ParlaMint-NO_2003-06-18-2.ana.ud618e1015	Hansard from meeting in the Norwegian Parliament, term 2001-2005, Session 2002-2003, Sitting day 2003-06-18	2003-06-18	Unicameralism	Term 2001-2005	Session 2002-2003	-	Sitting day 2003-06-18	-	Reference	English	Regular	MP	notMinister	FrP	Fremskrittspartiet	-	Right	person.OHE	Hedstrøm, Øystein	M	1946	
ParlaMint-NO-en_2003-06-18-2	ParlaMint-NO_2003-06-18-2.ana.ud618e1029	Hansard from meeting in the Norwegian Parliament, term 2001-2005, Session 2002-2003, Sitting day 2003-06-18	2003-06-18	Unicameralism	Term 2001-2005	Session 2002-2003	-	Sitting day 2003-06-18	-	Reference	English	Regular	MP	Minister	H	Høyre	Coalition	Centre-right	person.AG	Gabrielsen, Ansgar	M	1955	
ParlaMint-NO-en_2003-06-18-2	ParlaMint-NO_2003-06-18-2.ana.ud618e1036	Hansard from meeting in the Norwegian Parliament, term 2001-2005, Session 2002-2003, Sitting day 2003-06-18	2003-06-18	Unicameralism	Term 2001-2005	Session 2002-2003	-	Sitting day 2003-06-18	-	Reference	English	Regular	MP	notMinister	SV	Sosialistisk Venstreparti	-	Left	person.INGR	Ryan, Inge	M	1956	
ParlaMint-NO-en_2003-06-18-2	ParlaMint-NO_2003-06-18-2.ana.ud618e1043	Hansard from meeting in the Norwegian Parliament, term 2001-2005, Session 2002-2003, Sitting day 2003-06-18	2003-06-18	Unicameralism	Term 2001-2005	Session 2002-2003	-	Sitting day 2003-06-18	-	Reference	English	Regular	MP	Minister	H	Høyre	Coalition	Centre-right	person.AG	Gabrielsen, Ansgar	M	1955	
ParlaMint-NO-en_2003-06-18-2	ParlaMint-NO_2003-06-18-2.ana.ud618e1051	Hansard from meeting in the Norwegian Parliament, term 2001-2005, Session 2002-2003, Sitting day 2003-06-18	2003-06-18	Unicameralism	Term 2001-2005	Session 2002-2003	-	Sitting day 2003-06-18	-	Reference	English	Regular	MP	notMinister	Sp	Senterpartiet	-	Centre	person.ORE	Enoksen, Odd Roger	M	1954	
ParlaMint-NO-en_2003-06-18-2	ParlaMint-NO_2003-06-18-2.ana.ud618e1058	Hansard from meeting in the Norwegian Parliament, term 2001-2005, Session 2002-2003, Sitting day 2003-06-18	2003-06-18	Unicameralism	Term 2001-2005	Session 2002-2003	-	Sitting day 2003-06-18	-	Reference	English	Regular	MP	Minister	H	Høyre	Coalition	Centre-right	person.AG	Gabrielsen, Ansgar	M	1955	
ParlaMint-NO-en_2003-06-18-2	ParlaMint-NO_2003-06-18-2.ana.ud618e1070	Hansard from meeting in the Norwegian Parliament, term 2001-2005, Session 2002-2003, Sitting day 2003-06-18	2003-06-18	Unicameralism	Term 2001-2005	Session 2002-2003	-	Sitting day 2003-06-18	-	Reference	English	Regular	MP	notMinister	A	Arbeiderpartiet	-	Centre-left	person.SKB	Brustad, Sylvia	F	1966	
ParlaMint-NO-en_2003-06-18-2	ParlaMint-NO_2003-06-18-2.ana.ud618e1079	Hansard from meeting in the Norwegian Parliament, term 2001-2005, Session 2002-2003, Sitting day 2003-06-18	2003-06-18	Unicameralism	Term 2001-2005	Session 2002-2003	-	Sitting day 2003-06-18	-	Reference	English	Regular	MP	Minister	H	Høyre	Coalition	Centre-right	person.AG	Gabrielsen, Ansgar	M	1955	
ParlaMint-NO-en_2003-06-18-2	ParlaMint-NO_2003-06-18-2.ana.ud618e1086	Hansard from meeting in the Norwegian Parliament, term 2001-2005, Session 2002-2003, Sitting day 2003-06-18	2003-06-18	Unicameralism	Term 2001-2005	Session 2002-2003	-	Sitting day 2003-06-18	-	Reference	English	Chairperson	MP	notMinister	A	Arbeiderpartiet	-	Centre-left	person.JK	Kosmo, Jørgen	M	1947	
ParlaMint-NO-en_2003-06-18-2	ParlaMint-NO_2003-06-18-2.ana.ud618e1091	Hansard from meeting in the Norwegian Parliament, term 2001-2005, Session 2002-2003, Sitting day 2003-06-18	2003-06-18	Unicameralism	Term 2001-2005	Session 2002-2003	-	Sitting day 2003-06-18	-	Reference	English	Regular	MP	notMinister	H	Høyre	Coalition	Centre-right	person.JTS	Sanner, Jan Tore	M	1965	
ParlaMint-NO-en_2003-06-18-2	ParlaMint-NO_2003-06-18-2.ana.ud618e1115	Hansard from meeting in the Norwegian Parliament, term 2001-2005, Session 2002-2003, Sitting day 2003-06-18	2003-06-18	Unicameralism	Term 2001-2005	Session 2002-2003	-	Sitting day 2003-06-18	-	Reference	English	Regular	MP	notMinister	H	Høyre	Coalition	Centre-right	person.HLA	Larssen, Heidi	F	1951	
ParlaMint-NO-en_2003-06-18-2	ParlaMint-NO_2003-06-18-2.ana.ud618e1128	Hansard from meeting in the Norwegian Parliament, term 2001-2005, Session 2002-2003, Sitting day 2003-06-18	2003-06-18	Unicameralism	Term 2001-2005	Session 2002-2003	-	Sitting day 2003-06-18	-	Reference	English	Regular	MP	notMinister	SV	Sosialistisk Venstreparti	-	Left	person.INGR	Ryan, Inge	M	1956	
ParlaMint-NO-en_2003-06-18-2	ParlaMint-NO_2003-06-18-2.ana.ud618e1137	Hansard from meeting in the Norwegian Parliament, term 2001-2005, Session 2002-2003, Sitting day 2003-06-18	2003-06-18	Unicameralism	Term 2001-2005	Session 2002-2003	-	Sitting day 2003-06-18	-	Reference	English	Regular	MP	notMinister	KrF	Kristelig Folkeparti	Coalition	Centre to centre-right	person.BYR	Rahm, Bror Yngve	M	1955	
ParlaMint-NO-en_2003-06-18-2	ParlaMint-NO_2003-06-18-2.ana.ud618e1148	Hansard from meeting in the Norwegian Parliament, term 2001-2005, Session 2002-2003, Sitting day 2003-06-18	2003-06-18	Unicameralism	Term 2001-2005	Session 2002-2003	-	Sitting day 2003-06-18	-	Reference	English	Regular	MP	notMinister	FrP	Fremskrittspartiet	-	Right	person.OHE	Hedstrøm, Øystein	M	1946	
ParlaMint-NO-en_2003-06-18-2	ParlaMint-NO_2003-06-18-2.ana.ud618e1163	Hansard from meeting in the Norwegian Parliament, term 2001-2005, Session 2002-2003, Sitting day 2003-06-18	2003-06-18	Unicameralism	Term 2001-2005	Session 2002-2003	-	Sitting day 2003-06-18	-	Reference	English	Regular	MP	notMinister	H	Høyre	Coalition	Centre-right	person.IVK	Kristiansen, Ivar	M	1956	
ParlaMint-NO-en_2003-06-18-2	ParlaMint-NO_2003-06-18-2.ana.ud618e1177	Hansard from meeting in the Norwegian Parliament, term 2001-2005, Session 2002-2003, Sitting day 2003-06-18	2003-06-18	Unicameralism	Term 2001-2005	Session 2002-2003	-	Sitting day 2003-06-18	-	Reference	English	Regular	MP	notMinister	Sp	Senterpartiet	-	Centre	person.ORE	Enoksen, Odd Roger	M	1954	
ParlaMint-NO-en_2003-06-18-2	ParlaMint-NO_2003-06-18-2.ana.ud618e1191	Hansard from meeting in the Norwegian Parliament, term 2001-2005, Session 2002-2003, Sitting day 2003-06-18	2003-06-18	Unicameralism	Term 2001-2005	Session 2002-2003	-	Sitting day 2003-06-18	-	Reference	English	Regular	MP	notMinister	A	Arbeiderpartiet	-	Centre-left	person.SKB	Brustad, Sylvia	F	1966	
ParlaMint-NO-en_2003-06-18-2	ParlaMint-NO_2003-06-18-2.ana.ud618e1211	Hansard from meeting in the Norwegian Parliament, term 2001-2005, Session 2002-2003, Sitting day 2003-06-18	2003-06-18	Unicameralism	Term 2001-2005	Session 2002-2003	-	Sitting day 2003-06-18	-	Reference	English	Regular	MP	notMinister	SV	Sosialistisk Venstreparti	-	Left	person.INGR	Ryan, Inge	M	1956	
ParlaMint-NO-en_2003-06-18-2	ParlaMint-NO_2003-06-18-2.ana.ud618e1225	Hansard from meeting in the Norwegian Parliament, term 2001-2005, Session 2002-2003, Sitting day 2003-06-18	2003-06-18	Unicameralism	Term 2001-2005	Session 2002-2003	-	Sitting day 2003-06-18	-	Reference	English	Regular	MP	notMinister	KrF	Kristelig Folkeparti	Coalition	Centre to centre-right	person.JL	Lilletun, Jon	M	1945	
ParlaMint-NO-en_2003-06-18-2	ParlaMint-NO_2003-06-18-2.ana.ud618e1232	Hansard from meeting in the Norwegian Parliament, term 2001-2005, Session 2002-2003, Sitting day 2003-06-18	2003-06-18	Unicameralism	Term 2001-2005	Session 2002-2003	-	Sitting day 2003-06-18	-	Reference	English	Chairperson	MP	notMinister	A	Arbeiderpartiet	-	Centre-left	person.JK	Kosmo, Jørgen	M	1947	
ParlaMint-NO-en_2003-06-18-2	ParlaMint-NO_2003-06-18-2.ana.ud618e1235	Hansard from meeting in the Norwegian Parliament, term 2001-2005, Session 2002-2003, Sitting day 2003-06-18	2003-06-18	Unicameralism	Term 2001-2005	Session 2002-2003	-	Sitting day 2003-06-18	-	Reference	English	Regular	MP	notMinister	KrF	Kristelig Folkeparti	Coalition	Centre to centre-right	person.JL	Lilletun, Jon	M	1945	
ParlaMint-NO-en_2003-06-18-2	ParlaMint-NO_2003-06-18-2.ana.ud618e1252	Hansard from meeting in the Norwegian Parliament, term 2001-2005, Session 2002-2003, Sitting day 2003-06-18	2003-06-18	Unicameralism	Term 2001-2005	Session 2002-2003	-	Sitting day 2003-06-18	-	Reference	English	Regular	MP	notMinister	KrF	Kristelig Folkeparti	Coalition	Centre to centre-right	person.BYR	Rahm, Bror Yngve	M	1955	
ParlaMint-NO-en_2003-06-18-2	ParlaMint-NO_2003-06-18-2.ana.ud618e1261	Hansard from meeting in the Norwegian Parliament, term 2001-2005, Session 2002-2003, Sitting day 2003-06-18	2003-06-18	Unicameralism	Term 2001-2005	Session 2002-2003	-	Sitting day 2003-06-18	-	Reference	English	Regular	MP	notMinister	H	Høyre	Coalition	Centre-right	person.JTS	Sanner, Jan Tore	M	1965	
ParlaMint-NO-en_2003-06-18-2	ParlaMint-NO_2003-06-18-2.ana.ud618e1274	Hansard from meeting in the Norwegian Parliament, term 2001-2005, Session 2002-2003, Sitting day 2003-06-18	2003-06-18	Unicameralism	Term 2001-2005	Session 2002-2003	-	Sitting day 2003-06-18	-	Reference	English	Regular	MP	Minister	H	Høyre	Coalition	Centre-right	person.AG	Gabrielsen, Ansgar	M	1955	
ParlaMint-NO-en_2003-06-18-2	ParlaMint-NO_2003-06-18-2.ana.ud618e1285	Hansard from meeting in the Norwegian Parliament, term 2001-2005, Session 2002-2003, Sitting day 2003-06-18	2003-06-18	Unicameralism	Term 2001-2005	Session 2002-2003	-	Sitting day 2003-06-18	-	Reference	English	Chairperson	MP	notMinister	A	Arbeiderpartiet	-	Centre-left	person.JK	Kosmo, Jørgen	M	1947	
ParlaMint-NO-en_2003-06-18-2	ParlaMint-NO_2003-06-18-2.ana.ud618e1288	Hansard from meeting in the Norwegian Parliament, term 2001-2005, Session 2002-2003, Sitting day 2003-06-18	2003-06-18	Unicameralism	Term 2001-2005	Session 2002-2003	-	Sitting day 2003-06-18	-	Reference	English	Regular	MP	notMinister	FrP	Fremskrittspartiet	-	Right	person.OHE	Hedstrøm, Øystein	M	1946	
ParlaMint-NO-en_2003-06-18-2	ParlaMint-NO_2003-06-18-2.ana.ud618e1296	Hansard from meeting in the Norwegian Parliament, term 2001-2005, Session 2002-2003, Sitting day 2003-06-18	2003-06-18	Unicameralism	Term 2001-2005	Session 2002-2003	-	Sitting day 2003-06-18	-	Reference	English	Regular	MP	notMinister	A	Arbeiderpartiet	-	Centre-left	person.JES	Stoltenberg, Jens	M	1959	
ParlaMint-NO-en_2003-06-18-2	ParlaMint-NO_2003-06-18-2.ana.ud618e1303	Hansard from meeting in the Norwegian Parliament, term 2001-2005, Session 2002-2003, Sitting day 2003-06-18	2003-06-18	Unicameralism	Term 2001-2005	Session 2002-2003	-	Sitting day 2003-06-18	-	Reference	English	Regular	MP	notMinister	SV	Sosialistisk Venstreparti	-	Left	person.KHA	Halvorsen, Kristin	F	1960	
ParlaMint-NO-en_2003-06-18-2	ParlaMint-NO_2003-06-18-2.ana.ud618e1308	Hansard from meeting in the Norwegian Parliament, term 2001-2005, Session 2002-2003, Sitting day 2003-06-18	2003-06-18	Unicameralism	Term 2001-2005	Session 2002-2003	-	Sitting day 2003-06-18	-	Reference	English	Regular	MP	Minister	H	Høyre	Coalition	Centre-right	person.AG	Gabrielsen, Ansgar	M	1955	
ParlaMint-NO-en_2003-06-18-2	ParlaMint-NO_2003-06-18-2.ana.ud618e1317	Hansard from meeting in the Norwegian Parliament, term 2001-2005, Session 2002-2003, Sitting day 2003-06-18	2003-06-18	Unicameralism	Term 2001-2005	Session 2002-2003	-	Sitting day 2003-06-18	-	Reference	English	Chairperson	MP	notMinister	A	Arbeiderpartiet	-	Centre-left	person.JK	Kosmo, Jørgen	M	1947	
ParlaMint-NO-en_2003-06-18-2	ParlaMint-NO_2003-06-18-2.ana.ud618e1335	Hansard from meeting in the Norwegian Parliament, term 2001-2005, Session 2002-2003, Sitting day 2003-06-18	2003-06-18	Unicameralism	Term 2001-2005	Session 2002-2003	-	Sitting day 2003-06-18	-	Reference	English	Chairperson	MP	notMinister	A	Arbeiderpartiet	-	Centre-left	person.JK	Kosmo, Jørgen	M	1947	
ParlaMint-NO-en_2003-06-18-2	ParlaMint-NO_2003-06-18-2.ana.ud618e1353	Hansard from meeting in the Norwegian Parliament, term 2001-2005, Session 2002-2003, Sitting day 2003-06-18	2003-06-18	Unicameralism	Term 2001-2005	Session 2002-2003	-	Sitting day 2003-06-18	-	Reference	English	Chairperson	MP	notMinister	A	Arbeiderpartiet	-	Centre-left	person.JK	Kosmo, Jørgen	M	1947	
ParlaMint-NO-en_2003-06-18-2	ParlaMint-NO_2003-06-18-2.ana.ud618e1369	Hansard from meeting in the Norwegian Parliament, term 2001-2005, Session 2002-2003, Sitting day 2003-06-18	2003-06-18	Unicameralism	Term 2001-2005	Session 2002-2003	-	Sitting day 2003-06-18	-	Reference	English	Chairperson	MP	notMinister	A	Arbeiderpartiet	-	Centre-left	person.JK	Kosmo, Jørgen	M	1947	
ParlaMint-NO-en_2003-06-18-2	ParlaMint-NO_2003-06-18-2.ana.ud618e1378	Hansard from meeting in the Norwegian Parliament, term 2001-2005, Session 2002-2003, Sitting day 2003-06-18	2003-06-18	Unicameralism	Term 2001-2005	Session 2002-2003	-	Sitting day 2003-06-18	-	Reference	English	Regular	MP	notMinister	KrF	Kristelig Folkeparti	Coalition	Centre to centre-right	person.OH	Holten, Odd	M	1940	
ParlaMint-NO-en_2003-06-18-2	ParlaMint-NO_2003-06-18-2.ana.ud618e1423	Hansard from meeting in the Norwegian Parliament, term 2001-2005, Session 2002-2003, Sitting day 2003-06-18	2003-06-18	Unicameralism	Term 2001-2005	Session 2002-2003	-	Sitting day 2003-06-18	-	Reference	English	Chairperson	MP	notMinister	A	Arbeiderpartiet	-	Centre-left	person.ESF	Faldet, Eirin	F	1944	
ParlaMint-NO-en_2003-06-18-2	ParlaMint-NO_2003-06-18-2.ana.ud618e1426	Hansard from meeting in the Norwegian Parliament, term 2001-2005, Session 2002-2003, Sitting day 2003-06-18	2003-06-18	Unicameralism	Term 2001-2005	Session 2002-2003	-	Sitting day 2003-06-18	-	Reference	English	Regular	MP	notMinister	A	Arbeiderpartiet	-	Centre-left	person.SIO	Øye, Signe	F	1945	
ParlaMint-NO-en_2003-06-18-2	ParlaMint-NO_2003-06-18-2.ana.ud618e1431	Hansard from meeting in the Norwegian Parliament, term 2001-2005, Session 2002-2003, Sitting day 2003-06-18	2003-06-18	Unicameralism	Term 2001-2005	Session 2002-2003	-	Sitting day 2003-06-18	-	Reference	English	Regular	MP	notMinister	KrF	Kristelig Folkeparti	Coalition	Centre to centre-right	person.OH	Holten, Odd	M	1940	
ParlaMint-NO-en_2003-06-18-2	ParlaMint-NO_2003-06-18-2.ana.ud618e1438	Hansard from meeting in the Norwegian Parliament, term 2001-2005, Session 2002-2003, Sitting day 2003-06-18	2003-06-18	Unicameralism	Term 2001-2005	Session 2002-2003	-	Sitting day 2003-06-18	-	Reference	English	Regular	MP	notMinister	FrP	Fremskrittspartiet	-	Right	person.KES	Svendsen, Kenneth	M	1954	
ParlaMint-NO-en_2003-06-18-2	ParlaMint-NO_2003-06-18-2.ana.ud618e1452	Hansard from meeting in the Norwegian Parliament, term 2001-2005, Session 2002-2003, Sitting day 2003-06-18	2003-06-18	Unicameralism	Term 2001-2005	Session 2002-2003	-	Sitting day 2003-06-18	-	Reference	English	Regular	MP	notMinister	KrF	Kristelig Folkeparti	Coalition	Centre to centre-right	person.OH	Holten, Odd	M	1940	
ParlaMint-NO-en_2003-06-18-2	ParlaMint-NO_2003-06-18-2.ana.ud618e1459	Hansard from meeting in the Norwegian Parliament, term 2001-2005, Session 2002-2003, Sitting day 2003-06-18	2003-06-18	Unicameralism	Term 2001-2005	Session 2002-2003	-	Sitting day 2003-06-18	-	Reference	English	Regular	MP	notMinister	SV	Sosialistisk Venstreparti	-	Left	person.GEHN	Hansen, Geir-Ketil	M	1956	
ParlaMint-NO-en_2003-06-18-2	ParlaMint-NO_2003-06-18-2.ana.ud618e1466	Hansard from meeting in the Norwegian Parliament, term 2001-2005, Session 2002-2003, Sitting day 2003-06-18	2003-06-18	Unicameralism	Term 2001-2005	Session 2002-2003	-	Sitting day 2003-06-18	-	Reference	English	Regular	MP	notMinister	KrF	Kristelig Folkeparti	Coalition	Centre to centre-right	person.OH	Holten, Odd	M	1940	
ParlaMint-NO-en_2003-06-18-2	ParlaMint-NO_2003-06-18-2.ana.ud618e1474	Hansard from meeting in the Norwegian Parliament, term 2001-2005, Session 2002-2003, Sitting day 2003-06-18	2003-06-18	Unicameralism	Term 2001-2005	Session 2002-2003	-	Sitting day 2003-06-18	-	Reference	English	Chairperson	MP	notMinister	A	Arbeiderpartiet	-	Centre-left	person.ESF	Faldet, Eirin	F	1944	
ParlaMint-NO-en_2003-06-18-2	ParlaMint-NO_2003-06-18-2.ana.ud618e1477	Hansard from meeting in the Norwegian Parliament, term 2001-2005, Session 2002-2003, Sitting day 2003-06-18	2003-06-18	Unicameralism	Term 2001-2005	Session 2002-2003	-	Sitting day 2003-06-18	-	Reference	English	Regular	MP	notMinister	A	Arbeiderpartiet	-	Centre-left	person.OAS	Starrfelt, Oddbjørg Ausdal	F	1948	
ParlaMint-NO-en_2003-06-18-2	ParlaMint-NO_2003-06-18-2.ana.ud618e1496	Hansard from meeting in the Norwegian Parliament, term 2001-2005, Session 2002-2003, Sitting day 2003-06-18	2003-06-18	Unicameralism	Term 2001-2005	Session 2002-2003	-	Sitting day 2003-06-18	-	Reference	English	Chairperson	MP	notMinister	A	Arbeiderpartiet	-	Centre-left	person.ESF	Faldet, Eirin	F	1944	
ParlaMint-NO-en_2003-06-18-2	ParlaMint-NO_2003-06-18-2.ana.ud618e1499	Hansard from meeting in the Norwegian Parliament, term 2001-2005, Session 2002-2003, Sitting day 2003-06-18	2003-06-18	Unicameralism	Term 2001-2005	Session 2002-2003	-	Sitting day 2003-06-18	-	Reference	English	Regular	MP	notMinister	H	Høyre	Coalition	Centre-right	person.ABA	Andersen, Anne Berit	F	1951	
ParlaMint-NO-en_2003-06-18-2	ParlaMint-NO_2003-06-18-2.ana.ud618e1504	Hansard from meeting in the Norwegian Parliament, term 2001-2005, Session 2002-2003, Sitting day 2003-06-18	2003-06-18	Unicameralism	Term 2001-2005	Session 2002-2003	-	Sitting day 2003-06-18	-	Reference	English	Regular	MP	notMinister	A	Arbeiderpartiet	-	Centre-left	person.OAS	Starrfelt, Oddbjørg Ausdal	F	1948	
ParlaMint-NO-en_2003-06-18-2	ParlaMint-NO_2003-06-18-2.ana.ud618e1514	Hansard from meeting in the Norwegian Parliament, term 2001-2005, Session 2002-2003, Sitting day 2003-06-18	2003-06-18	Unicameralism	Term 2001-2005	Session 2002-2003	-	Sitting day 2003-06-18	-	Reference	English	Regular	MP	notMinister	FrP	Fremskrittspartiet	-	Right	person.TAN	Nistad, Thore A.	M	1949	
ParlaMint-NO-en_2003-06-18-2	ParlaMint-NO_2003-06-18-2.ana.ud618e1521	Hansard from meeting in the Norwegian Parliament, term 2001-2005, Session 2002-2003, Sitting day 2003-06-18	2003-06-18	Unicameralism	Term 2001-2005	Session 2002-2003	-	Sitting day 2003-06-18	-	Reference	English	Regular	MP	notMinister	A	Arbeiderpartiet	-	Centre-left	person.OAS	Starrfelt, Oddbjørg Ausdal	F	1948	
ParlaMint-NO-en_2003-06-18-2	ParlaMint-NO_2003-06-18-2.ana.ud618e1526	Hansard from meeting in the Norwegian Parliament, term 2001-2005, Session 2002-2003, Sitting day 2003-06-18	2003-06-18	Unicameralism	Term 2001-2005	Session 2002-2003	-	Sitting day 2003-06-18	-	Reference	English	Regular	MP	notMinister	SV	Sosialistisk Venstreparti	-	Left	person.INVM	Malvik, Ingvild Vaggen	F	1971	
ParlaMint-NO-en_2003-06-18-2	ParlaMint-NO_2003-06-18-2.ana.ud618e1533	Hansard from meeting in the Norwegian Parliament, term 2001-2005, Session 2002-2003, Sitting day 2003-06-18	2003-06-18	Unicameralism	Term 2001-2005	Session 2002-2003	-	Sitting day 2003-06-18	-	Reference	English	Regular	MP	notMinister	A	Arbeiderpartiet	-	Centre-left	person.OAS	Starrfelt, Oddbjørg Ausdal	F	1948	
ParlaMint-NO-en_2003-06-18-2	ParlaMint-NO_2003-06-18-2.ana.ud618e1540	Hansard from meeting in the Norwegian Parliament, term 2001-2005, Session 2002-2003, Sitting day 2003-06-18	2003-06-18	Unicameralism	Term 2001-2005	Session 2002-2003	-	Sitting day 2003-06-18	-	Reference	English	Chairperson	MP	notMinister	A	Arbeiderpartiet	-	Centre-left	person.ESF	Faldet, Eirin	F	1944	
ParlaMint-NO-en_2003-06-18-2	ParlaMint-NO_2003-06-18-2.ana.ud618e1543	Hansard from meeting in the Norwegian Parliament, term 2001-2005, Session 2002-2003, Sitting day 2003-06-18	2003-06-18	Unicameralism	Term 2001-2005	Session 2002-2003	-	Sitting day 2003-06-18	-	Reference	English	Regular	MP	notMinister	H	Høyre	Coalition	Centre-right	person.ABA	Andersen, Anne Berit	F	1951	
ParlaMint-NO-en_2003-06-18-2	ParlaMint-NO_2003-06-18-2.ana.ud618e1572	Hansard from meeting in the Norwegian Parliament, term 2001-2005, Session 2002-2003, Sitting day 2003-06-18	2003-06-18	Unicameralism	Term 2001-2005	Session 2002-2003	-	Sitting day 2003-06-18	-	Reference	English	Chairperson	MP	notMinister	A	Arbeiderpartiet	-	Centre-left	person.ESF	Faldet, Eirin	F	1944	
ParlaMint-NO-en_2003-06-18-2	ParlaMint-NO_2003-06-18-2.ana.ud618e1575	Hansard from meeting in the Norwegian Parliament, term 2001-2005, Session 2002-2003, Sitting day 2003-06-18	2003-06-18	Unicameralism	Term 2001-2005	Session 2002-2003	-	Sitting day 2003-06-18	-	Reference	English	Regular	MP	notMinister	A	Arbeiderpartiet	-	Centre-left	person.SEN	Eng, Sigrun	F	1951	
ParlaMint-NO-en_2003-06-18-2	ParlaMint-NO_2003-06-18-2.ana.ud618e1589	Hansard from meeting in the Norwegian Parliament, term 2001-2005, Session 2002-2003, Sitting day 2003-06-18	2003-06-18	Unicameralism	Term 2001-2005	Session 2002-2003	-	Sitting day 2003-06-18	-	Reference	English	Regular	MP	notMinister	H	Høyre	Coalition	Centre-right	person.ABA	Andersen, Anne Berit	F	1951	
ParlaMint-NO-en_2003-06-18-2	ParlaMint-NO_2003-06-18-2.ana.ud618e1594	Hansard from meeting in the Norwegian Parliament, term 2001-2005, Session 2002-2003, Sitting day 2003-06-18	2003-06-18	Unicameralism	Term 2001-2005	Session 2002-2003	-	Sitting day 2003-06-18	-	Reference	English	Regular	MP	notMinister	FrP	Fremskrittspartiet	-	Right	person.TAN	Nistad, Thore A.	M	1949	
ParlaMint-NO-en_2003-06-18-2	ParlaMint-NO_2003-06-18-2.ana.ud618e1603	Hansard from meeting in the Norwegian Parliament, term 2001-2005, Session 2002-2003, Sitting day 2003-06-18	2003-06-18	Unicameralism	Term 2001-2005	Session 2002-2003	-	Sitting day 2003-06-18	-	Reference	English	Regular	MP	notMinister	H	Høyre	Coalition	Centre-right	person.ABA	Andersen, Anne Berit	F	1951	
ParlaMint-NO-en_2003-06-18-2	ParlaMint-NO_2003-06-18-2.ana.ud618e1610	Hansard from meeting in the Norwegian Parliament, term 2001-2005, Session 2002-2003, Sitting day 2003-06-18	2003-06-18	Unicameralism	Term 2001-2005	Session 2002-2003	-	Sitting day 2003-06-18	-	Reference	English	Chairperson	MP	notMinister	A	Arbeiderpartiet	-	Centre-left	person.ESF	Faldet, Eirin	F	1944	
ParlaMint-NO-en_2003-06-18-2	ParlaMint-NO_2003-06-18-2.ana.ud618e1613	Hansard from meeting in the Norwegian Parliament, term 2001-2005, Session 2002-2003, Sitting day 2003-06-18	2003-06-18	Unicameralism	Term 2001-2005	Session 2002-2003	-	Sitting day 2003-06-18	-	Reference	English	Regular	MP	notMinister	FrP	Fremskrittspartiet	-	Right	person.TAN	Nistad, Thore A.	M	1949	
ParlaMint-NO-en_2003-06-18-2	ParlaMint-NO_2003-06-18-2.ana.ud618e1632	Hansard from meeting in the Norwegian Parliament, term 2001-2005, Session 2002-2003, Sitting day 2003-06-18	2003-06-18	Unicameralism	Term 2001-2005	Session 2002-2003	-	Sitting day 2003-06-18	-	Reference	English	Chairperson	MP	notMinister	A	Arbeiderpartiet	-	Centre-left	person.ESF	Faldet, Eirin	F	1944	
ParlaMint-NO-en_2003-06-18-2	ParlaMint-NO_2003-06-18-2.ana.ud618e1637	Hansard from meeting in the Norwegian Parliament, term 2001-2005, Session 2002-2003, Sitting day 2003-06-18	2003-06-18	Unicameralism	Term 2001-2005	Session 2002-2003	-	Sitting day 2003-06-18	-	Reference	English	Regular	MP	notMinister	A	Arbeiderpartiet	-	Centre-left	person.OAS	Starrfelt, Oddbjørg Ausdal	F	1948	
ParlaMint-NO-en_2003-06-18-2	ParlaMint-NO_2003-06-18-2.ana.ud618e1642	Hansard from meeting in the Norwegian Parliament, term 2001-2005, Session 2002-2003, Sitting day 2003-06-18	2003-06-18	Unicameralism	Term 2001-2005	Session 2002-2003	-	Sitting day 2003-06-18	-	Reference	English	Regular	MP	notMinister	FrP	Fremskrittspartiet	-	Right	person.TAN	Nistad, Thore A.	M	1949	
ParlaMint-NO-en_2003-06-18-2	ParlaMint-NO_2003-06-18-2.ana.ud618e1649	Hansard from meeting in the Norwegian Parliament, term 2001-2005, Session 2002-2003, Sitting day 2003-06-18	2003-06-18	Unicameralism	Term 2001-2005	Session 2002-2003	-	Sitting day 2003-06-18	-	Reference	English	Regular	MP	notMinister	KrF	Kristelig Folkeparti	Coalition	Centre to centre-right	person.JSA	Sahl, Jan	M	1950	
ParlaMint-NO-en_2003-06-18-2	ParlaMint-NO_2003-06-18-2.ana.ud618e1657	Hansard from meeting in the Norwegian Parliament, term 2001-2005, Session 2002-2003, Sitting day 2003-06-18	2003-06-18	Unicameralism	Term 2001-2005	Session 2002-2003	-	Sitting day 2003-06-18	-	Reference	English	Regular	MP	notMinister	FrP	Fremskrittspartiet	-	Right	person.TAN	Nistad, Thore A.	M	1949	
ParlaMint-NO-en_2003-06-18-2	ParlaMint-NO_2003-06-18-2.ana.ud618e1666	Hansard from meeting in the Norwegian Parliament, term 2001-2005, Session 2002-2003, Sitting day 2003-06-18	2003-06-18	Unicameralism	Term 2001-2005	Session 2002-2003	-	Sitting day 2003-06-18	-	Reference	English	Regular	MP	notMinister	H	Høyre	Coalition	Centre-right	person.ABA	Andersen, Anne Berit	F	1951	
ParlaMint-NO-en_2003-06-18-2	ParlaMint-NO_2003-06-18-2.ana.ud618e1671	Hansard from meeting in the Norwegian Parliament, term 2001-2005, Session 2002-2003, Sitting day 2003-06-18	2003-06-18	Unicameralism	Term 2001-2005	Session 2002-2003	-	Sitting day 2003-06-18	-	Reference	English	Regular	MP	notMinister	FrP	Fremskrittspartiet	-	Right	person.TAN	Nistad, Thore A.	M	1949	
ParlaMint-NO-en_2003-06-18-2	ParlaMint-NO_2003-06-18-2.ana.ud618e1678	Hansard from meeting in the Norwegian Parliament, term 2001-2005, Session 2002-2003, Sitting day 2003-06-18	2003-06-18	Unicameralism	Term 2001-2005	Session 2002-2003	-	Sitting day 2003-06-18	-	Reference	English	Chairperson	MP	notMinister	A	Arbeiderpartiet	-	Centre-left	person.ESF	Faldet, Eirin	F	1944	
ParlaMint-NO-en_2003-06-18-2	ParlaMint-NO_2003-06-18-2.ana.ud618e1681	Hansard from meeting in the Norwegian Parliament, term 2001-2005, Session 2002-2003, Sitting day 2003-06-18	2003-06-18	Unicameralism	Term 2001-2005	Session 2002-2003	-	Sitting day 2003-06-18	-	Reference	English	Regular	MP	notMinister	SV	Sosialistisk Venstreparti	-	Left	person.HEIS	Sørensen, Heidi	F	1970	
ParlaMint-NO-en_2003-06-18-2	ParlaMint-NO_2003-06-18-2.ana.ud618e1698	Hansard from meeting in the Norwegian Parliament, term 2001-2005, Session 2002-2003, Sitting day 2003-06-18	2003-06-18	Unicameralism	Term 2001-2005	Session 2002-2003	-	Sitting day 2003-06-18	-	Reference	English	Chairperson	MP	notMinister	A	Arbeiderpartiet	-	Centre-left	person.ESF	Faldet, Eirin	F	1944	
ParlaMint-NO-en_2003-06-18-2	ParlaMint-NO_2003-06-18-2.ana.ud618e1701	Hansard from meeting in the Norwegian Parliament, term 2001-2005, Session 2002-2003, Sitting day 2003-06-18	2003-06-18	Unicameralism	Term 2001-2005	Session 2002-2003	-	Sitting day 2003-06-18	-	Reference	English	Regular	MP	notMinister	A	Arbeiderpartiet	-	Centre-left	person.TAS	Strøm, Tor-Arne	M	1952	
ParlaMint-NO-en_2003-06-18-2	ParlaMint-NO_2003-06-18-2.ana.ud618e1715	Hansard from meeting in the Norwegian Parliament, term 2001-2005, Session 2002-2003, Sitting day 2003-06-18	2003-06-18	Unicameralism	Term 2001-2005	Session 2002-2003	-	Sitting day 2003-06-18	-	Reference	English	Regular	MP	notMinister	SV	Sosialistisk Venstreparti	-	Left	person.HEIS	Sørensen, Heidi	F	1970	
ParlaMint-NO-en_2003-06-18-2	ParlaMint-NO_2003-06-18-2.ana.ud618e1729	Hansard from meeting in the Norwegian Parliament, term 2001-2005, Session 2002-2003, Sitting day 2003-06-18	2003-06-18	Unicameralism	Term 2001-2005	Session 2002-2003	-	Sitting day 2003-06-18	-	Reference	English	Regular	MP	notMinister	KrF	Kristelig Folkeparti	Coalition	Centre to centre-right	person.OH	Holten, Odd	M	1940	
ParlaMint-NO-en_2003-06-18-2	ParlaMint-NO_2003-06-18-2.ana.ud618e1741	Hansard from meeting in the Norwegian Parliament, term 2001-2005, Session 2002-2003, Sitting day 2003-06-18	2003-06-18	Unicameralism	Term 2001-2005	Session 2002-2003	-	Sitting day 2003-06-18	-	Reference	English	Regular	MP	notMinister	SV	Sosialistisk Venstreparti	-	Left	person.HEIS	Sørensen, Heidi	F	1970	
ParlaMint-NO-en_2003-06-18-2	ParlaMint-NO_2003-06-18-2.ana.ud618e1751	Hansard from meeting in the Norwegian Parliament, term 2001-2005, Session 2002-2003, Sitting day 2003-06-18	2003-06-18	Unicameralism	Term 2001-2005	Session 2002-2003	-	Sitting day 2003-06-18	-	Reference	English	Chairperson	MP	notMinister	A	Arbeiderpartiet	-	Centre-left	person.KE	Engebretsen, Kjell	M	1941	
ParlaMint-NO-en_2003-06-18-2	ParlaMint-NO_2003-06-18-2.ana.ud618e1754	Hansard from meeting in the Norwegian Parliament, term 2001-2005, Session 2002-2003, Sitting day 2003-06-18	2003-06-18	Unicameralism	Term 2001-2005	Session 2002-2003	-	Sitting day 2003-06-18	-	Reference	English	Regular	MP	notMinister	Sp	Senterpartiet	-	Centre	person.JR	Ringstad, Jorunn	F	1943	
ParlaMint-NO-en_2003-06-18-2	ParlaMint-NO_2003-06-18-2.ana.ud618e1777	Hansard from meeting in the Norwegian Parliament, term 2001-2005, Session 2002-2003, Sitting day 2003-06-18	2003-06-18	Unicameralism	Term 2001-2005	Session 2002-2003	-	Sitting day 2003-06-18	-	Reference	English	Chairperson	MP	notMinister	A	Arbeiderpartiet	-	Centre-left	person.KE	Engebretsen, Kjell	M	1941	
ParlaMint-NO-en_2003-06-18-2	ParlaMint-NO_2003-06-18-2.ana.ud618e1780	Hansard from meeting in the Norwegian Parliament, term 2001-2005, Session 2002-2003, Sitting day 2003-06-18	2003-06-18	Unicameralism	Term 2001-2005	Session 2002-2003	-	Sitting day 2003-06-18	-	Reference	English	Regular	MP	notMinister	H	Høyre	Coalition	Centre-right	person.SVH	Hoddevik, Sverre J.	M	1946	
ParlaMint-NO-en_2003-06-18-2	ParlaMint-NO_2003-06-18-2.ana.ud618e1789	Hansard from meeting in the Norwegian Parliament, term 2001-2005, Session 2002-2003, Sitting day 2003-06-18	2003-06-18	Unicameralism	Term 2001-2005	Session 2002-2003	-	Sitting day 2003-06-18	-	Reference	English	Regular	MP	notMinister	Sp	Senterpartiet	-	Centre	person.JR	Ringstad, Jorunn	F	1943	
ParlaMint-NO-en_2003-06-18-2	ParlaMint-NO_2003-06-18-2.ana.ud618e1796	Hansard from meeting in the Norwegian Parliament, term 2001-2005, Session 2002-2003, Sitting day 2003-06-18	2003-06-18	Unicameralism	Term 2001-2005	Session 2002-2003	-	Sitting day 2003-06-18	-	Reference	English	Chairperson	MP	notMinister	A	Arbeiderpartiet	-	Centre-left	person.KE	Engebretsen, Kjell	M	1941	
ParlaMint-NO-en_2003-06-18-2	ParlaMint-NO_2003-06-18-2.ana.ud618e1799	Hansard from meeting in the Norwegian Parliament, term 2001-2005, Session 2002-2003, Sitting day 2003-06-18	2003-06-18	Unicameralism	Term 2001-2005	Session 2002-2003	-	Sitting day 2003-06-18	-	Reference	English	Regular	notMP	Minister	V	Venstre	Coalition	Centre	person.TOSO	Skogsholm, Torild	F	1959	
ParlaMint-NO-en_2003-06-18-2	ParlaMint-NO_2003-06-18-2.ana.ud618e1820	Hansard from meeting in the Norwegian Parliament, term 2001-2005, Session 2002-2003, Sitting day 2003-06-18	2003-06-18	Unicameralism	Term 2001-2005	Session 2002-2003	-	Sitting day 2003-06-18	-	Reference	English	Chairperson	MP	notMinister	A	Arbeiderpartiet	-	Centre-left	person.KE	Engebretsen, Kjell	M	1941	
ParlaMint-NO-en_2003-06-18-2	ParlaMint-NO_2003-06-18-2.ana.ud618e1823	Hansard from meeting in the Norwegian Parliament, term 2001-2005, Session 2002-2003, Sitting day 2003-06-18	2003-06-18	Unicameralism	Term 2001-2005	Session 2002-2003	-	Sitting day 2003-06-18	-	Reference	English	Regular	MP	notMinister	A	Arbeiderpartiet	-	Centre-left	person.OAS	Starrfelt, Oddbjørg Ausdal	F	1948	
ParlaMint-NO-en_2003-06-18-2	ParlaMint-NO_2003-06-18-2.ana.ud618e1832	Hansard from meeting in the Norwegian Parliament, term 2001-2005, Session 2002-2003, Sitting day 2003-06-18	2003-06-18	Unicameralism	Term 2001-2005	Session 2002-2003	-	Sitting day 2003-06-18	-	Reference	English	Regular	notMP	Minister	V	Venstre	Coalition	Centre	person.TOSO	Skogsholm, Torild	F	1959	
ParlaMint-NO-en_2003-06-18-2	ParlaMint-NO_2003-06-18-2.ana.ud618e1841	Hansard from meeting in the Norwegian Parliament, term 2001-2005, Session 2002-2003, Sitting day 2003-06-18	2003-06-18	Unicameralism	Term 2001-2005	Session 2002-2003	-	Sitting day 2003-06-18	-	Reference	English	Regular	MP	notMinister	FrP	Fremskrittspartiet	-	Right	person.KES	Svendsen, Kenneth	M	1954	
ParlaMint-NO-en_2003-06-18-2	ParlaMint-NO_2003-06-18-2.ana.ud618e1853	Hansard from meeting in the Norwegian Parliament, term 2001-2005, Session 2002-2003, Sitting day 2003-06-18	2003-06-18	Unicameralism	Term 2001-2005	Session 2002-2003	-	Sitting day 2003-06-18	-	Reference	English	Regular	notMP	Minister	V	Venstre	Coalition	Centre	person.TOSO	Skogsholm, Torild	F	1959	
ParlaMint-NO-en_2003-06-18-2	ParlaMint-NO_2003-06-18-2.ana.ud618e1860	Hansard from meeting in the Norwegian Parliament, term 2001-2005, Session 2002-2003, Sitting day 2003-06-18	2003-06-18	Unicameralism	Term 2001-2005	Session 2002-2003	-	Sitting day 2003-06-18	-	Reference	English	Regular	MP	notMinister	SV	Sosialistisk Venstreparti	-	Left	person.HEIS	Sørensen, Heidi	F	1970	
ParlaMint-NO-en_2003-06-18-2	ParlaMint-NO_2003-06-18-2.ana.ud618e1867	Hansard from meeting in the Norwegian Parliament, term 2001-2005, Session 2002-2003, Sitting day 2003-06-18	2003-06-18	Unicameralism	Term 2001-2005	Session 2002-2003	-	Sitting day 2003-06-18	-	Reference	English	Regular	notMP	Minister	V	Venstre	Coalition	Centre	person.TOSO	Skogsholm, Torild	F	1959	
ParlaMint-NO-en_2003-06-18-2	ParlaMint-NO_2003-06-18-2.ana.ud618e1874	Hansard from meeting in the Norwegian Parliament, term 2001-2005, Session 2002-2003, Sitting day 2003-06-18	2003-06-18	Unicameralism	Term 2001-2005	Session 2002-2003	-	Sitting day 2003-06-18	-	Reference	English	Regular	MP	notMinister	Sp	Senterpartiet	-	Centre	person.JR	Ringstad, Jorunn	F	1943	
ParlaMint-NO-en_2003-06-18-2	ParlaMint-NO_2003-06-18-2.ana.ud618e1881	Hansard from meeting in the Norwegian Parliament, term 2001-2005, Session 2002-2003, Sitting day 2003-06-18	2003-06-18	Unicameralism	Term 2001-2005	Session 2002-2003	-	Sitting day 2003-06-18	-	Reference	English	Regular	notMP	Minister	V	Venstre	Coalition	Centre	person.TOSO	Skogsholm, Torild	F	1959	
ParlaMint-NO-en_2003-06-18-2	ParlaMint-NO_2003-06-18-2.ana.ud618e1888	Hansard from meeting in the Norwegian Parliament, term 2001-2005, Session 2002-2003, Sitting day 2003-06-18	2003-06-18	Unicameralism	Term 2001-2005	Session 2002-2003	-	Sitting day 2003-06-18	-	Reference	English	Regular	MP	notMinister	A	Arbeiderpartiet	-	Centre-left	person.SEN	Eng, Sigrun	F	1951	
ParlaMint-NO-en_2003-06-18-2	ParlaMint-NO_2003-06-18-2.ana.ud618e1893	Hansard from meeting in the Norwegian Parliament, term 2001-2005, Session 2002-2003, Sitting day 2003-06-18	2003-06-18	Unicameralism	Term 2001-2005	Session 2002-2003	-	Sitting day 2003-06-18	-	Reference	English	Regular	notMP	Minister	V	Venstre	Coalition	Centre	person.TOSO	Skogsholm, Torild	F	1959	
ParlaMint-NO-en_2003-06-18-2	ParlaMint-NO_2003-06-18-2.ana.ud618e1900	Hansard from meeting in the Norwegian Parliament, term 2001-2005, Session 2002-2003, Sitting day 2003-06-18	2003-06-18	Unicameralism	Term 2001-2005	Session 2002-2003	-	Sitting day 2003-06-18	-	Reference	English	Chairperson	MP	notMinister	A	Arbeiderpartiet	-	Centre-left	person.KE	Engebretsen, Kjell	M	1941	
ParlaMint-NO-en_2003-06-18-2	ParlaMint-NO_2003-06-18-2.ana.ud618e1903	Hansard from meeting in the Norwegian Parliament, term 2001-2005, Session 2002-2003, Sitting day 2003-06-18	2003-06-18	Unicameralism	Term 2001-2005	Session 2002-2003	-	Sitting day 2003-06-18	-	Reference	English	Regular	MP	notMinister	A	Arbeiderpartiet	-	Centre-left	person.SEN	Eng, Sigrun	F	1951	
ParlaMint-NO-en_2003-06-18-2	ParlaMint-NO_2003-06-18-2.ana.ud618e1926	Hansard from meeting in the Norwegian Parliament, term 2001-2005, Session 2002-2003, Sitting day 2003-06-18	2003-06-18	Unicameralism	Term 2001-2005	Session 2002-2003	-	Sitting day 2003-06-18	-	Reference	English	Regular	MP	notMinister	H	Høyre	Coalition	Centre-right	person.PETL	Løvik, Petter	M	1949	
ParlaMint-NO-en_2003-06-18-2	ParlaMint-NO_2003-06-18-2.ana.ud618e1943	Hansard from meeting in the Norwegian Parliament, term 2001-2005, Session 2002-2003, Sitting day 2003-06-18	2003-06-18	Unicameralism	Term 2001-2005	Session 2002-2003	-	Sitting day 2003-06-18	-	Reference	English	Regular	MP	notMinister	SV	Sosialistisk Venstreparti	-	Left	person.GEHN	Hansen, Geir-Ketil	M	1956	
ParlaMint-NO-en_2003-06-18-2	ParlaMint-NO_2003-06-18-2.ana.ud618e1967	Hansard from meeting in the Norwegian Parliament, term 2001-2005, Session 2002-2003, Sitting day 2003-06-18	2003-06-18	Unicameralism	Term 2001-2005	Session 2002-2003	-	Sitting day 2003-06-18	-	Reference	English	Regular	MP	notMinister	A	Arbeiderpartiet	-	Centre-left	person.TAS	Strøm, Tor-Arne	M	1952	
ParlaMint-NO-en_2003-06-18-2	ParlaMint-NO_2003-06-18-2.ana.ud618e1984	Hansard from meeting in the Norwegian Parliament, term 2001-2005, Session 2002-2003, Sitting day 2003-06-18	2003-06-18	Unicameralism	Term 2001-2005	Session 2002-2003	-	Sitting day 2003-06-18	-	Reference	English	Chairperson	MP	notMinister	A	Arbeiderpartiet	-	Centre-left	person.KE	Engebretsen, Kjell	M	1941	
ParlaMint-NO-en_2003-06-18-2	ParlaMint-NO_2003-06-18-2.ana.ud618e1987	Hansard from meeting in the Norwegian Parliament, term 2001-2005, Session 2002-2003, Sitting day 2003-06-18	2003-06-18	Unicameralism	Term 2001-2005	Session 2002-2003	-	Sitting day 2003-06-18	-	Reference	English	Regular	MP	notMinister	A	Arbeiderpartiet	-	Centre-left	person.SIO	Øye, Signe	F	1945	
ParlaMint-NO-en_2003-06-18-2	ParlaMint-NO_2003-06-18-2.ana.ud618e2002	Hansard from meeting in the Norwegian Parliament, term 2001-2005, Session 2002-2003, Sitting day 2003-06-18	2003-06-18	Unicameralism	Term 2001-2005	Session 2002-2003	-	Sitting day 2003-06-18	-	Reference	English	Regular	MP	notMinister	H	Høyre	Coalition	Centre-right	person.HRK	Kjæstad, Hans Gjeisar	M	1947	
ParlaMint-NO-en_2003-06-18-2	ParlaMint-NO_2003-06-18-2.ana.ud618e2017	Hansard from meeting in the Norwegian Parliament, term 2001-2005, Session 2002-2003, Sitting day 2003-06-18	2003-06-18	Unicameralism	Term 2001-2005	Session 2002-2003	-	Sitting day 2003-06-18	-	Reference	English	Regular	MP	notMinister	A	Arbeiderpartiet	-	Centre-left	person.ASK	Kristoffersen, Asmund	M	1944	
ParlaMint-NO-en_2003-06-18-2	ParlaMint-NO_2003-06-18-2.ana.ud618e2032	Hansard from meeting in the Norwegian Parliament, term 2001-2005, Session 2002-2003, Sitting day 2003-06-18	2003-06-18	Unicameralism	Term 2001-2005	Session 2002-2003	-	Sitting day 2003-06-18	-	Reference	English	Regular	MP	notMinister	A	Arbeiderpartiet	-	Centre-left	person.OAS	Starrfelt, Oddbjørg Ausdal	F	1948	
ParlaMint-NO-en_2003-06-18-2	ParlaMint-NO_2003-06-18-2.ana.ud618e2044	Hansard from meeting in the Norwegian Parliament, term 2001-2005, Session 2002-2003, Sitting day 2003-06-18	2003-06-18	Unicameralism	Term 2001-2005	Session 2002-2003	-	Sitting day 2003-06-18	-	Reference	English	Regular	notMP	Minister	V	Venstre	Coalition	Centre	person.TOSO	Skogsholm, Torild	F	1959	
ParlaMint-NO-en_2003-06-18-2	ParlaMint-NO_2003-06-18-2.ana.ud618e2060	Hansard from meeting in the Norwegian Parliament, term 2001-2005, Session 2002-2003, Sitting day 2003-06-18	2003-06-18	Unicameralism	Term 2001-2005	Session 2002-2003	-	Sitting day 2003-06-18	-	Reference	English	Regular	MP	notMinister	FrP	Fremskrittspartiet	-	Right	person.KES	Svendsen, Kenneth	M	1954	
ParlaMint-NO-en_2003-06-18-2	ParlaMint-NO_2003-06-18-2.ana.ud618e2069	Hansard from meeting in the Norwegian Parliament, term 2001-2005, Session 2002-2003, Sitting day 2003-06-18	2003-06-18	Unicameralism	Term 2001-2005	Session 2002-2003	-	Sitting day 2003-06-18	-	Reference	English	Regular	MP	notMinister	SV	Sosialistisk Venstreparti	-	Left	person.GEHN	Hansen, Geir-Ketil	M	1956	
ParlaMint-NO-en_2003-06-18-2	ParlaMint-NO_2003-06-18-2.ana.ud618e2078	Hansard from meeting in the Norwegian Parliament, term 2001-2005, Session 2002-2003, Sitting day 2003-06-18	2003-06-18	Unicameralism	Term 2001-2005	Session 2002-2003	-	Sitting day 2003-06-18	-	Reference	English	Regular	MP	notMinister	Sp	Senterpartiet	-	Centre	person.JR	Ringstad, Jorunn	F	1943	
ParlaMint-NO-en_2003-06-18-2	ParlaMint-NO_2003-06-18-2.ana.ud618e2088	Hansard from meeting in the Norwegian Parliament, term 2001-2005, Session 2002-2003, Sitting day 2003-06-18	2003-06-18	Unicameralism	Term 2001-2005	Session 2002-2003	-	Sitting day 2003-06-18	-	Reference	English	Regular	MP	notMinister	H	Høyre	Coalition	Centre-right	person.PETL	Løvik, Petter	M	1949	
ParlaMint-NO-en_2003-06-18-2	ParlaMint-NO_2003-06-18-2.ana.ud618e2101	Hansard from meeting in the Norwegian Parliament, term 2001-2005, Session 2002-2003, Sitting day 2003-06-18	2003-06-18	Unicameralism	Term 2001-2005	Session 2002-2003	-	Sitting day 2003-06-18	-	Reference	English	Chairperson	MP	notMinister	A	Arbeiderpartiet	-	Centre-left	person.JK	Kosmo, Jørgen	M	1947	
ParlaMint-NO-en_2003-06-18-2	ParlaMint-NO_2003-06-18-2.ana.ud618e2116	Hansard from meeting in the Norwegian Parliament, term 2001-2005, Session 2002-2003, Sitting day 2003-06-18	2003-06-18	Unicameralism	Term 2001-2005	Session 2002-2003	-	Sitting day 2003-06-18	-	Reference	English	Chairperson	MP	notMinister	A	Arbeiderpartiet	-	Centre-left	person.JK	Kosmo, Jørgen	M	1947	
ParlaMint-NO-en_2003-06-18-2	ParlaMint-NO_2003-06-18-2.ana.ud618e2125	Hansard from meeting in the Norwegian Parliament, term 2001-2005, Session 2002-2003, Sitting day 2003-06-18	2003-06-18	Unicameralism	Term 2001-2005	Session 2002-2003	-	Sitting day 2003-06-18	-	Reference	English	Regular	MP	notMinister	H	Høyre	Coalition	Centre-right	person.ABA	Andersen, Anne Berit	F	1951	
ParlaMint-NO-en_2003-06-18-2	ParlaMint-NO_2003-06-18-2.ana.ud618e2140	Hansard from meeting in the Norwegian Parliament, term 2001-2005, Session 2002-2003, Sitting day 2003-06-18	2003-06-18	Unicameralism	Term 2001-2005	Session 2002-2003	-	Sitting day 2003-06-18	-	Reference	English	Regular	MP	notMinister	FrP	Fremskrittspartiet	-	Right	person.TAN	Nistad, Thore A.	M	1949	
ParlaMint-NO-en_2003-06-18-2	ParlaMint-NO_2003-06-18-2.ana.ud618e2153	Hansard from meeting in the Norwegian Parliament, term 2001-2005, Session 2002-2003, Sitting day 2003-06-18	2003-06-18	Unicameralism	Term 2001-2005	Session 2002-2003	-	Sitting day 2003-06-18	-	Reference	English	Chairperson	MP	notMinister	A	Arbeiderpartiet	-	Centre-left	person.JK	Kosmo, Jørgen	M	1947	
ParlaMint-NO-en_2003-06-18-2	ParlaMint-NO_2003-06-18-2.ana.ud618e2156	Hansard from meeting in the Norwegian Parliament, term 2001-2005, Session 2002-2003, Sitting day 2003-06-18	2003-06-18	Unicameralism	Term 2001-2005	Session 2002-2003	-	Sitting day 2003-06-18	-	Reference	English	Regular	MP	notMinister	Sp	Senterpartiet	-	Centre	person.JR	Ringstad, Jorunn	F	1943	
ParlaMint-NO-en_2003-06-18-2	ParlaMint-NO_2003-06-18-2.ana.ud618e2163	Hansard from meeting in the Norwegian Parliament, term 2001-2005, Session 2002-2003, Sitting day 2003-06-18	2003-06-18	Unicameralism	Term 2001-2005	Session 2002-2003	-	Sitting day 2003-06-18	-	Reference	English	Chairperson	MP	notMinister	A	Arbeiderpartiet	-	Centre-left	person.JK	Kosmo, Jørgen	M	1947	
ParlaMint-NO-en_2003-06-18-2	ParlaMint-NO_2003-06-18-2.ana.ud618e2192	Hansard from meeting in the Norwegian Parliament, term 2001-2005, Session 2002-2003, Sitting day 2003-06-18	2003-06-18	Unicameralism	Term 2001-2005	Session 2002-2003	-	Sitting day 2003-06-18	-	Reference	English	Chairperson	MP	notMinister	A	Arbeiderpartiet	-	Centre-left	person.JK	Kosmo, Jørgen	M	1947	
ParlaMint-NO-en_2003-06-18-2	ParlaMint-NO_2003-06-18-2.ana.ud618e2199	Hansard from meeting in the Norwegian Parliament, term 2001-2005, Session 2002-2003, Sitting day 2003-06-18	2003-06-18	Unicameralism	Term 2001-2005	Session 2002-2003	-	Sitting day 2003-06-18	-	Reference	English	Regular	MP	notMinister	H	Høyre	Coalition	Centre-right	person.ABA	Andersen, Anne Berit	F	1951	
ParlaMint-NO-en_2003-06-18-2	ParlaMint-NO_2003-06-18-2.ana.ud618e2222	Hansard from meeting in the Norwegian Parliament, term 2001-2005, Session 2002-2003, Sitting day 2003-06-18	2003-06-18	Unicameralism	Term 2001-2005	Session 2002-2003	-	Sitting day 2003-06-18	-	Reference	English	Regular	MP	notMinister	FrP	Fremskrittspartiet	-	Right	person.TAN	Nistad, Thore A.	M	1949	
ParlaMint-NO-en_2003-06-18-2	ParlaMint-NO_2003-06-18-2.ana.ud618e2239	Hansard from meeting in the Norwegian Parliament, term 2001-2005, Session 2002-2003, Sitting day 2003-06-18	2003-06-18	Unicameralism	Term 2001-2005	Session 2002-2003	-	Sitting day 2003-06-18	-	Reference	English	Chairperson	MP	notMinister	A	Arbeiderpartiet	-	Centre-left	person.JK	Kosmo, Jørgen	M	1947	
ParlaMint-NO-en_2003-06-18-2	ParlaMint-NO_2003-06-18-2.ana.ud618e2242	Hansard from meeting in the Norwegian Parliament, term 2001-2005, Session 2002-2003, Sitting day 2003-06-18	2003-06-18	Unicameralism	Term 2001-2005	Session 2002-2003	-	Sitting day 2003-06-18	-	Reference	English	Regular	MP	notMinister	SV	Sosialistisk Venstreparti	-	Left	person.HEIS	Sørensen, Heidi	F	1970	
ParlaMint-NO-en_2003-06-18-2	ParlaMint-NO_2003-06-18-2.ana.ud618e2247	Hansard from meeting in the Norwegian Parliament, term 2001-2005, Session 2002-2003, Sitting day 2003-06-18	2003-06-18	Unicameralism	Term 2001-2005	Session 2002-2003	-	Sitting day 2003-06-18	-	Reference	English	Regular	MP	notMinister	KrF	Kristelig Folkeparti	Coalition	Centre to centre-right	person.OH	Holten, Odd	M	1940	
ParlaMint-NO-en_2003-06-18-2	ParlaMint-NO_2003-06-18-2.ana.ud618e2254	Hansard from meeting in the Norwegian Parliament, term 2001-2005, Session 2002-2003, Sitting day 2003-06-18	2003-06-18	Unicameralism	Term 2001-2005	Session 2002-2003	-	Sitting day 2003-06-18	-	Reference	English	Chairperson	MP	notMinister	A	Arbeiderpartiet	-	Centre-left	person.JK	Kosmo, Jørgen	M	1947	
ParlaMint-NO-en_2003-06-18-2	ParlaMint-NO_2003-06-18-2.ana.ud618e2257	Hansard from meeting in the Norwegian Parliament, term 2001-2005, Session 2002-2003, Sitting day 2003-06-18	2003-06-18	Unicameralism	Term 2001-2005	Session 2002-2003	-	Sitting day 2003-06-18	-	Reference	English	Regular	MP	notMinister	FrP	Fremskrittspartiet	-	Right	person.TAN	Nistad, Thore A.	M	1949	
ParlaMint-NO-en_2003-06-18-2	ParlaMint-NO_2003-06-18-2.ana.ud618e2268	Hansard from meeting in the Norwegian Parliament, term 2001-2005, Session 2002-2003, Sitting day 2003-06-18	2003-06-18	Unicameralism	Term 2001-2005	Session 2002-2003	-	Sitting day 2003-06-18	-	Reference	English	Regular	MP	notMinister	H	Høyre	Coalition	Centre-right	person.HRK	Kjæstad, Hans Gjeisar	M	1947	
ParlaMint-NO-en_2003-06-18-2	ParlaMint-NO_2003-06-18-2.ana.ud618e2277	Hansard from meeting in the Norwegian Parliament, term 2001-2005, Session 2002-2003, Sitting day 2003-06-18	2003-06-18	Unicameralism	Term 2001-2005	Session 2002-2003	-	Sitting day 2003-06-18	-	Reference	English	Chairperson	MP	notMinister	A	Arbeiderpartiet	-	Centre-left	person.JK	Kosmo, Jørgen	M	1947	
ParlaMint-NO-en_2003-06-18-2	ParlaMint-NO_2003-06-18-2.ana.ud618e2281	Hansard from meeting in the Norwegian Parliament, term 2001-2005, Session 2002-2003, Sitting day 2003-06-18	2003-06-18	Unicameralism	Term 2001-2005	Session 2002-2003	-	Sitting day 2003-06-18	-	Reference	English	Regular	MP	notMinister	FrP	Fremskrittspartiet	-	Right	person.TAN	Nistad, Thore A.	M	1949	
ParlaMint-NO-en_2003-06-18-2	ParlaMint-NO_2003-06-18-2.ana.ud618e2288	Hansard from meeting in the Norwegian Parliament, term 2001-2005, Session 2002-2003, Sitting day 2003-06-18	2003-06-18	Unicameralism	Term 2001-2005	Session 2002-2003	-	Sitting day 2003-06-18	-	Reference	English	Chairperson	MP	notMinister	A	Arbeiderpartiet	-	Centre-left	person.JK	Kosmo, Jørgen	M	1947	
ParlaMint-NO-en_2003-06-18-2	ParlaMint-NO_2003-06-18-2.ana.ud618e2291	Hansard from meeting in the Norwegian Parliament, term 2001-2005, Session 2002-2003, Sitting day 2003-06-18	2003-06-18	Unicameralism	Term 2001-2005	Session 2002-2003	-	Sitting day 2003-06-18	-	Reference	English	Regular	MP	notMinister	H	Høyre	Coalition	Centre-right	person.HRK	Kjæstad, Hans Gjeisar	M	1947	
ParlaMint-NO-en_2003-06-18-2	ParlaMint-NO_2003-06-18-2.ana.ud618e2296	Hansard from meeting in the Norwegian Parliament, term 2001-2005, Session 2002-2003, Sitting day 2003-06-18	2003-06-18	Unicameralism	Term 2001-2005	Session 2002-2003	-	Sitting day 2003-06-18	-	Reference	English	Chairperson	MP	notMinister	A	Arbeiderpartiet	-	Centre-left	person.JK	Kosmo, Jørgen	M	1947	
ParlaMint-NO-en_2003-06-18-2	ParlaMint-NO_2003-06-18-2.ana.ud618e2312	Hansard from meeting in the Norwegian Parliament, term 2001-2005, Session 2002-2003, Sitting day 2003-06-18	2003-06-18	Unicameralism	Term 2001-2005	Session 2002-2003	-	Sitting day 2003-06-18	-	Reference	English	Regular	MP	notMinister	FrP	Fremskrittspartiet	-	Right	person.TAN	Nistad, Thore A.	M	1949	
ParlaMint-NO-en_2003-06-18-2	ParlaMint-NO_2003-06-18-2.ana.ud618e2321	Hansard from meeting in the Norwegian Parliament, term 2001-2005, Session 2002-2003, Sitting day 2003-06-18	2003-06-18	Unicameralism	Term 2001-2005	Session 2002-2003	-	Sitting day 2003-06-18	-	Reference	English	Chairperson	MP	notMinister	A	Arbeiderpartiet	-	Centre-left	person.JK	Kosmo, Jørgen	M	1947	
ParlaMint-NO-en_2003-06-18-2	ParlaMint-NO_2003-06-18-2.ana.ud618e2338	Hansard from meeting in the Norwegian Parliament, term 2001-2005, Session 2002-2003, Sitting day 2003-06-18	2003-06-18	Unicameralism	Term 2001-2005	Session 2002-2003	-	Sitting day 2003-06-18	-	Reference	English	Chairperson	MP	notMinister	A	Arbeiderpartiet	-	Centre-left	person.JK	Kosmo, Jørgen	M	1947	
ParlaMint-NO-en_2003-06-18-2	ParlaMint-NO_2003-06-18-2.ana.ud618e2355	Hansard from meeting in the Norwegian Parliament, term 2001-2005, Session 2002-2003, Sitting day 2003-06-18	2003-06-18	Unicameralism	Term 2001-2005	Session 2002-2003	-	Sitting day 2003-06-18	-	Reference	English	Chairperson	MP	notMinister	A	Arbeiderpartiet	-	Centre-left	person.JK	Kosmo, Jørgen	M	1947	
ParlaMint-NO-en_2003-06-18-2	ParlaMint-NO_2003-06-18-2.ana.ud618e2372	Hansard from meeting in the Norwegian Parliament, term 2001-2005, Session 2002-2003, Sitting day 2003-06-18	2003-06-18	Unicameralism	Term 2001-2005	Session 2002-2003	-	Sitting day 2003-06-18	-	Reference	English	Chairperson	MP	notMinister	A	Arbeiderpartiet	-	Centre-left	person.JK	Kosmo, Jørgen	M	1947	
ParlaMint-NO-en_2003-06-18-2	ParlaMint-NO_2003-06-18-2.ana.ud618e2392	Hansard from meeting in the Norwegian Parliament, term 2001-2005, Session 2002-2003, Sitting day 2003-06-18	2003-06-18	Unicameralism	Term 2001-2005	Session 2002-2003	-	Sitting day 2003-06-18	-	Reference	English	Chairperson	MP	notMinister	A	Arbeiderpartiet	-	Centre-left	person.JK	Kosmo, Jørgen	M	1947	
ParlaMint-NO-en_2003-06-18-2	ParlaMint-NO_2003-06-18-2.ana.ud618e2409	Hansard from meeting in the Norwegian Parliament, term 2001-2005, Session 2002-2003, Sitting day 2003-06-18	2003-06-18	Unicameralism	Term 2001-2005	Session 2002-2003	-	Sitting day 2003-06-18	-	Reference	English	Chairperson	MP	notMinister	A	Arbeiderpartiet	-	Centre-left	person.JK	Kosmo, Jørgen	M	1947	
ParlaMint-NO-en_2003-06-18-2	ParlaMint-NO_2003-06-18-2.ana.ud618e2426	Hansard from meeting in the Norwegian Parliament, term 2001-2005, Session 2002-2003, Sitting day 2003-06-18	2003-06-18	Unicameralism	Term 2001-2005	Session 2002-2003	-	Sitting day 2003-06-18	-	Reference	English	Chairperson	MP	notMinister	A	Arbeiderpartiet	-	Centre-left	person.JK	Kosmo, Jørgen	M	1947	
ParlaMint-NO-en_2003-06-18-2	ParlaMint-NO_2003-06-18-2.ana.ud618e2443	Hansard from meeting in the Norwegian Parliament, term 2001-2005, Session 2002-2003, Sitting day 2003-06-18	2003-06-18	Unicameralism	Term 2001-2005	Session 2002-2003	-	Sitting day 2003-06-18	-	Reference	English	Chairperson	MP	notMinister	A	Arbeiderpartiet	-	Centre-left	person.JK	Kosmo, Jørgen	M	1947	
ParlaMint-NO-en_2003-06-18-2	ParlaMint-NO_2003-06-18-2.ana.ud618e2460	Hansard from meeting in the Norwegian Parliament, term 2001-2005, Session 2002-2003, Sitting day 2003-06-18	2003-06-18	Unicameralism	Term 2001-2005	Session 2002-2003	-	Sitting day 2003-06-18	-	Reference	English	Chairperson	MP	notMinister	A	Arbeiderpartiet	-	Centre-left	person.JK	Kosmo, Jørgen	M	1947	
ParlaMint-NO-en_2003-06-18-2	ParlaMint-NO_2003-06-18-2.ana.ud618e2477	Hansard from meeting in the Norwegian Parliament, term 2001-2005, Session 2002-2003, Sitting day 2003-06-18	2003-06-18	Unicameralism	Term 2001-2005	Session 2002-2003	-	Sitting day 2003-06-18	-	Reference	English	Chairperson	MP	notMinister	A	Arbeiderpartiet	-	Centre-left	person.JK	Kosmo, Jørgen	M	1947	
ParlaMint-NO-en_2003-06-18-2	ParlaMint-NO_2003-06-18-2.ana.ud618e2494	Hansard from meeting in the Norwegian Parliament, term 2001-2005, Session 2002-2003, Sitting day 2003-06-18	2003-06-18	Unicameralism	Term 2001-2005	Session 2002-2003	-	Sitting day 2003-06-18	-	Reference	English	Chairperson	MP	notMinister	A	Arbeiderpartiet	-	Centre-left	person.JK	Kosmo, Jørgen	M	1947	
ParlaMint-NO-en_2003-06-18-2	ParlaMint-NO_2003-06-18-2.ana.ud618e2512	Hansard from meeting in the Norwegian Parliament, term 2001-2005, Session 2002-2003, Sitting day 2003-06-18	2003-06-18	Unicameralism	Term 2001-2005	Session 2002-2003	-	Sitting day 2003-06-18	-	Reference	English	Chairperson	MP	notMinister	A	Arbeiderpartiet	-	Centre-left	person.JK	Kosmo, Jørgen	M	1947	
ParlaMint-NO-en_2003-06-18-2	ParlaMint-NO_2003-06-18-2.ana.ud618e2529	Hansard from meeting in the Norwegian Parliament, term 2001-2005, Session 2002-2003, Sitting day 2003-06-18	2003-06-18	Unicameralism	Term 2001-2005	Session 2002-2003	-	Sitting day 2003-06-18	-	Reference	English	Chairperson	MP	notMinister	A	Arbeiderpartiet	-	Centre-left	person.JK	Kosmo, Jørgen	M	1947	
ParlaMint-NO-en_2003-06-18-2	ParlaMint-NO_2003-06-18-2.ana.ud618e2546	Hansard from meeting in the Norwegian Parliament, term 2001-2005, Session 2002-2003, Sitting day 2003-06-18	2003-06-18	Unicameralism	Term 2001-2005	Session 2002-2003	-	Sitting day 2003-06-18	-	Reference	English	Chairperson	MP	notMinister	A	Arbeiderpartiet	-	Centre-left	person.JK	Kosmo, Jørgen	M	1947	
ParlaMint-NO-en_2003-06-18-2	ParlaMint-NO_2003-06-18-2.ana.ud618e2572	Hansard from meeting in the Norwegian Parliament, term 2001-2005, Session 2002-2003, Sitting day 2003-06-18	2003-06-18	Unicameralism	Term 2001-2005	Session 2002-2003	-	Sitting day 2003-06-18	-	Reference	English	Chairperson	MP	notMinister	A	Arbeiderpartiet	-	Centre-left	person.JK	Kosmo, Jørgen	M	1947	
ParlaMint-NO-en_2003-06-18-2	ParlaMint-NO_2003-06-18-2.ana.ud618e2589	Hansard from meeting in the Norwegian Parliament, term 2001-2005, Session 2002-2003, Sitting day 2003-06-18	2003-06-18	Unicameralism	Term 2001-2005	Session 2002-2003	-	Sitting day 2003-06-18	-	Reference	English	Chairperson	MP	notMinister	A	Arbeiderpartiet	-	Centre-left	person.JK	Kosmo, Jørgen	M	1947	
ParlaMint-NO-en_2003-06-18-2	ParlaMint-NO_2003-06-18-2.ana.ud618e2606	Hansard from meeting in the Norwegian Parliament, term 2001-2005, Session 2002-2003, Sitting day 2003-06-18	2003-06-18	Unicameralism	Term 2001-2005	Session 2002-2003	-	Sitting day 2003-06-18	-	Reference	English	Chairperson	MP	notMinister	A	Arbeiderpartiet	-	Centre-left	person.JK	Kosmo, Jørgen	M	1947	
ParlaMint-NO-en_2003-06-18-2	ParlaMint-NO_2003-06-18-2.ana.ud618e2623	Hansard from meeting in the Norwegian Parliament, term 2001-2005, Session 2002-2003, Sitting day 2003-06-18	2003-06-18	Unicameralism	Term 2001-2005	Session 2002-2003	-	Sitting day 2003-06-18	-	Reference	English	Chairperson	MP	notMinister	A	Arbeiderpartiet	-	Centre-left	person.JK	Kosmo, Jørgen	M	1947	
ParlaMint-NO-en_2003-06-18-2	ParlaMint-NO_2003-06-18-2.ana.ud618e2631	Hansard from meeting in the Norwegian Parliament, term 2001-2005, Session 2002-2003, Sitting day 2003-06-18	2003-06-18	Unicameralism	Term 2001-2005	Session 2002-2003	-	Sitting day 2003-06-18	-	Reference	English	Chairperson	MP	notMinister	A	Arbeiderpartiet	-	Centre-left	person.JK	Kosmo, Jørgen	M	1947	
ParlaMint-NO-en_2003-06-18-2	ParlaMint-NO_2003-06-18-2.ana.ud618e2638	Hansard from meeting in the Norwegian Parliament, term 2001-2005, Session 2002-2003, Sitting day 2003-06-18	2003-06-18	Unicameralism	Term 2001-2005	Session 2002-2003	-	Sitting day 2003-06-18	-	Reference	English	Chairperson	MP	notMinister	A	Arbeiderpartiet	-	Centre-left	person.JK	Kosmo, Jørgen	M	1947	
ParlaMint-NO-en_2003-06-18-2	ParlaMint-NO_2003-06-18-2.ana.ud618e2662	Hansard from meeting in the Norwegian Parliament, term 2001-2005, Session 2002-2003, Sitting day 2003-06-18	2003-06-18	Unicameralism	Term 2001-2005	Session 2002-2003	-	Sitting day 2003-06-18	-	Reference	English	Regular	MP	notMinister	SV	Sosialistisk Venstreparti	-	Left	person.HEH	Holmås, Heikki Eidsvoll	M	1972	
ParlaMint-NO-en_2003-06-18-2	ParlaMint-NO_2003-06-18-2.ana.ud618e2669	Hansard from meeting in the Norwegian Parliament, term 2001-2005, Session 2002-2003, Sitting day 2003-06-18	2003-06-18	Unicameralism	Term 2001-2005	Session 2002-2003	-	Sitting day 2003-06-18	-	Reference	English	Chairperson	MP	notMinister	A	Arbeiderpartiet	-	Centre-left	person.JK	Kosmo, Jørgen	M	1947	
ParlaMint-NO-en_2003-06-18-2	ParlaMint-NO_2003-06-18-2.ana.ud618e2710	Hansard from meeting in the Norwegian Parliament, term 2001-2005, Session 2002-2003, Sitting day 2003-06-18	2003-06-18	Unicameralism	Term 2001-2005	Session 2002-2003	-	Sitting day 2003-06-18	-	Reference	English	Chairperson	MP	notMinister	A	Arbeiderpartiet	-	Centre-left	person.JK	Kosmo, Jørgen	M	1947	
ParlaMint-NO-en_2003-06-18-2	ParlaMint-NO_2003-06-18-2.ana.ud618e2733	Hansard from meeting in the Norwegian Parliament, term 2001-2005, Session 2002-2003, Sitting day 2003-06-18	2003-06-18	Unicameralism	Term 2001-2005	Session 2002-2003	-	Sitting day 2003-06-18	-	Reference	English	Chairperson	MP	notMinister	A	Arbeiderpartiet	-	Centre-left	person.JK	Kosmo, Jørgen	M	1947	
ParlaMint-NO-en_2003-06-18-2	ParlaMint-NO_2003-06-18-2.ana.ud618e2756	Hansard from meeting in the Norwegian Parliament, term 2001-2005, Session 2002-2003, Sitting day 2003-06-18	2003-06-18	Unicameralism	Term 2001-2005	Session 2002-2003	-	Sitting day 2003-06-18	-	Reference	English	Chairperson	MP	notMinister	A	Arbeiderpartiet	-	Centre-left	person.JK	Kosmo, Jørgen	M	1947	
ParlaMint-NO-en_2003-06-18-2	ParlaMint-NO_2003-06-18-2.ana.ud618e2781	Hansard from meeting in the Norwegian Parliament, term 2001-2005, Session 2002-2003, Sitting day 2003-06-18	2003-06-18	Unicameralism	Term 2001-2005	Session 2002-2003	-	Sitting day 2003-06-18	-	Reference	English	Chairperson	MP	notMinister	A	Arbeiderpartiet	-	Centre-left	person.JK	Kosmo, Jørgen	M	1947	
ParlaMint-NO-en_2003-06-18-2	ParlaMint-NO_2003-06-18-2.ana.ud618e2813	Hansard from meeting in the Norwegian Parliament, term 2001-2005, Session 2002-2003, Sitting day 2003-06-18	2003-06-18	Unicameralism	Term 2001-2005	Session 2002-2003	-	Sitting day 2003-06-18	-	Reference	English	Chairperson	MP	notMinister	A	Arbeiderpartiet	-	Centre-left	person.JK	Kosmo, Jørgen	M	1947	
ParlaMint-NO-en_2003-06-18-2	ParlaMint-NO_2003-06-18-2.ana.ud618e2828	Hansard from meeting in the Norwegian Parliament, term 2001-2005, Session 2002-2003, Sitting day 2003-06-18	2003-06-18	Unicameralism	Term 2001-2005	Session 2002-2003	-	Sitting day 2003-06-18	-	Reference	English	Chairperson	MP	notMinister	A	Arbeiderpartiet	-	Centre-left	person.JK	Kosmo, Jørgen	M	1947	
ParlaMint-NO-en_2003-06-18-2	ParlaMint-NO_2003-06-18-2.ana.ud618e2847	Hansard from meeting in the Norwegian Parliament, term 2001-2005, Session 2002-2003, Sitting day 2003-06-18	2003-06-18	Unicameralism	Term 2001-2005	Session 2002-2003	-	Sitting day 2003-06-18	-	Reference	English	Chairperson	MP	notMinister	A	Arbeiderpartiet	-	Centre-left	person.JK	Kosmo, Jørgen	M	1947	
ParlaMint-NO-en_2003-06-18-2	ParlaMint-NO_2003-06-18-2.ana.ud618e2864	Hansard from meeting in the Norwegian Parliament, term 2001-2005, Session 2002-2003, Sitting day 2003-06-18	2003-06-18	Unicameralism	Term 2001-2005	Session 2002-2003	-	Sitting day 2003-06-18	-	Reference	English	Chairperson	MP	notMinister	A	Arbeiderpartiet	-	Centre-left	person.JK	Kosmo, Jørgen	M	1947	
ParlaMint-NO-en_2003-06-18-2	ParlaMint-NO_2003-06-18-2.ana.ud618e2885	Hansard from meeting in the Norwegian Parliament, term 2001-2005, Session 2002-2003, Sitting day 2003-06-18	2003-06-18	Unicameralism	Term 2001-2005	Session 2002-2003	-	Sitting day 2003-06-18	-	Reference	English	Chairperson	MP	notMinister	A	Arbeiderpartiet	-	Centre-left	person.JK	Kosmo, Jørgen	M	1947	
ParlaMint-NO-en_2003-06-18-2	ParlaMint-NO_2003-06-18-2.ana.ud618e2921	Hansard from meeting in the Norwegian Parliament, term 2001-2005, Session 2002-2003, Sitting day 2003-06-18	2003-06-18	Unicameralism	Term 2001-2005	Session 2002-2003	-	Sitting day 2003-06-18	-	Reference	English	Chairperson	MP	notMinister	A	Arbeiderpartiet	-	Centre-left	person.JK	Kosmo, Jørgen	M	1947	
ParlaMint-NO-en_2003-06-18-2	ParlaMint-NO_2003-06-18-2.ana.ud618e2959	Hansard from meeting in the Norwegian Parliament, term 2001-2005, Session 2002-2003, Sitting day 2003-06-18	2003-06-18	Unicameralism	Term 2001-2005	Session 2002-2003	-	Sitting day 2003-06-18	-	Reference	English	Chairperson	MP	notMinister	A	Arbeiderpartiet	-	Centre-left	person.JK	Kosmo, Jørgen	M	1947	
ParlaMint-NO-en_2003-06-18-2	ParlaMint-NO_2003-06-18-2.ana.ud618e2977	Hansard from meeting in the Norwegian Parliament, term 2001-2005, Session 2002-2003, Sitting day 2003-06-18	2003-06-18	Unicameralism	Term 2001-2005	Session 2002-2003	-	Sitting day 2003-06-18	-	Reference	English	Chairperson	MP	notMinister	A	Arbeiderpartiet	-	Centre-left	person.JK	Kosmo, Jørgen	M	1947	
ParlaMint-NO-en_2003-06-18-2	ParlaMint-NO_2003-06-18-2.ana.ud618e3008	Hansard from meeting in the Norwegian Parliament, term 2001-2005, Session 2002-2003, Sitting day 2003-06-18	2003-06-18	Unicameralism	Term 2001-2005	Session 2002-2003	-	Sitting day 2003-06-18	-	Reference	English	Chairperson	MP	notMinister	A	Arbeiderpartiet	-	Centre-left	person.JK	Kosmo, Jørgen	M	1947	
ParlaMint-NO-en_2003-06-18-2	ParlaMint-NO_2003-06-18-2.ana.ud618e3044	Hansard from meeting in the Norwegian Parliament, term 2001-2005, Session 2002-2003, Sitting day 2003-06-18	2003-06-18	Unicameralism	Term 2001-2005	Session 2002-2003	-	Sitting day 2003-06-18	-	Reference	English	Chairperson	MP	notMinister	A	Arbeiderpartiet	-	Centre-left	person.JK	Kosmo, Jørgen	M	1947	
ParlaMint-NO-en_2003-06-18-2	ParlaMint-NO_2003-06-18-2.ana.ud618e3077	Hansard from meeting in the Norwegian Parliament, term 2001-2005, Session 2002-2003, Sitting day 2003-06-18	2003-06-18	Unicameralism	Term 2001-2005	Session 2002-2003	-	Sitting day 2003-06-18	-	Reference	English	Chairperson	MP	notMinister	A	Arbeiderpartiet	-	Centre-left	person.JK	Kosmo, Jørgen	M	1947	
ParlaMint-NO-en_2003-06-18-2	ParlaMint-NO_2003-06-18-2.ana.ud618e3101	Hansard from meeting in the Norwegian Parliament, term 2001-2005, Session 2002-2003, Sitting day 2003-06-18	2003-06-18	Unicameralism	Term 2001-2005	Session 2002-2003	-	Sitting day 2003-06-18	-	Reference	English	Chairperson	MP	notMinister	A	Arbeiderpartiet	-	Centre-left	person.JK	Kosmo, Jørgen	M	1947	
ParlaMint-NO-en_2003-06-18-2	ParlaMint-NO_2003-06-18-2.ana.ud618e3141	Hansard from meeting in the Norwegian Parliament, term 2001-2005, Session 2002-2003, Sitting day 2003-06-18	2003-06-18	Unicameralism	Term 2001-2005	Session 2002-2003	-	Sitting day 2003-06-18	-	Reference	English	Chairperson	MP	notMinister	A	Arbeiderpartiet	-	Centre-left	person.JK	Kosmo, Jørgen	M	1947	
ParlaMint-NO-en_2003-06-18-2	ParlaMint-NO_2003-06-18-2.ana.ud618e3163	Hansard from meeting in the Norwegian Parliament, term 2001-2005, Session 2002-2003, Sitting day 2003-06-18	2003-06-18	Unicameralism	Term 2001-2005	Session 2002-2003	-	Sitting day 2003-06-18	-	Reference	English	Chairperson	MP	notMinister	A	Arbeiderpartiet	-	Centre-left	person.JK	Kosmo, Jørgen	M	1947	
ParlaMint-NO-en_2003-06-18-2	ParlaMint-NO_2003-06-18-2.ana.ud618e3256	Hansard from meeting in the Norwegian Parliament, term 2001-2005, Session 2002-2003, Sitting day 2003-06-18	2003-06-18	Unicameralism	Term 2001-2005	Session 2002-2003	-	Sitting day 2003-06-18	-	Reference	English	Chairperson	MP	notMinister	A	Arbeiderpartiet	-	Centre-left	person.JK	Kosmo, Jørgen	M	1947	
ParlaMint-NO-en_2003-06-18-2	ParlaMint-NO_2003-06-18-2.ana.ud618e3278	Hansard from meeting in the Norwegian Parliament, term 2001-2005, Session 2002-2003, Sitting day 2003-06-18	2003-06-18	Unicameralism	Term 2001-2005	Session 2002-2003	-	Sitting day 2003-06-18	-	Reference	English	Chairperson	MP	notMinister	A	Arbeiderpartiet	-	Centre-left	person.JK	Kosmo, Jørgen	M	1947	
ParlaMint-NO-en_2003-06-18-2	ParlaMint-NO_2003-06-18-2.ana.ud618e3293	Hansard from meeting in the Norwegian Parliament, term 2001-2005, Session 2002-2003, Sitting day 2003-06-18	2003-06-18	Unicameralism	Term 2001-2005	Session 2002-2003	-	Sitting day 2003-06-18	-	Reference	English	Chairperson	MP	notMinister	A	Arbeiderpartiet	-	Centre-left	person.JK	Kosmo, Jørgen	M	1947	
ParlaMint-NO-en_2003-06-18-2	ParlaMint-NO_2003-06-18-2.ana.ud618e3310	Hansard from meeting in the Norwegian Parliament, term 2001-2005, Session 2002-2003, Sitting day 2003-06-18	2003-06-18	Unicameralism	Term 2001-2005	Session 2002-2003	-	Sitting day 2003-06-18	-	Reference	English	Chairperson	MP	notMinister	A	Arbeiderpartiet	-	Centre-left	person.JK	Kosmo, Jørgen	M	1947	
ParlaMint-NO-en_2003-06-18-2	ParlaMint-NO_2003-06-18-2.ana.ud618e3313	Hansard from meeting in the Norwegian Parliament, term 2001-2005, Session 2002-2003, Sitting day 2003-06-18	2003-06-18	Unicameralism	Term 2001-2005	Session 2002-2003	-	Sitting day 2003-06-18	-	Reference	English	Regular	MP	notMinister	H	Høyre	Coalition	Centre-right	person.JTS	Sanner, Jan Tore	M	1965	
ParlaMint-NO-en_2003-06-18-2	ParlaMint-NO_2003-06-18-2.ana.ud618e3320	Hansard from meeting in the Norwegian Parliament, term 2001-2005, Session 2002-2003, Sitting day 2003-06-18	2003-06-18	Unicameralism	Term 2001-2005	Session 2002-2003	-	Sitting day 2003-06-18	-	Reference	English	Chairperson	MP	notMinister	A	Arbeiderpartiet	-	Centre-left	person.JK	Kosmo, Jørgen	M	1947	
ParlaMint-NO-en_2003-06-18-2	ParlaMint-NO_2003-06-18-2.ana.ud618e3325	Hansard from meeting in the Norwegian Parliament, term 2001-2005, Session 2002-2003, Sitting day 2003-06-18	2003-06-18	Unicameralism	Term 2001-2005	Session 2002-2003	-	Sitting day 2003-06-18	-	Reference	English	Regular	MP	notMinister	FrP	Fremskrittspartiet	-	Right	person.OYK	Korsberg, Øyvind	M	1960	
ParlaMint-NO-en_2003-06-18-2	ParlaMint-NO_2003-06-18-2.ana.ud618e3332	Hansard from meeting in the Norwegian Parliament, term 2001-2005, Session 2002-2003, Sitting day 2003-06-18	2003-06-18	Unicameralism	Term 2001-2005	Session 2002-2003	-	Sitting day 2003-06-18	-	Reference	English	Chairperson	MP	notMinister	A	Arbeiderpartiet	-	Centre-left	person.JK	Kosmo, Jørgen	M	1947	
ParlaMint-NO-en_2003-06-18-2	ParlaMint-NO_2003-06-18-2.ana.ud618e3337	Hansard from meeting in the Norwegian Parliament, term 2001-2005, Session 2002-2003, Sitting day 2003-06-18	2003-06-18	Unicameralism	Term 2001-2005	Session 2002-2003	-	Sitting day 2003-06-18	-	Reference	English	Regular	MP	notMinister	FrP	Fremskrittspartiet	-	Right	person.OHE	Hedstrøm, Øystein	M	1946	
ParlaMint-NO-en_2003-06-18-2	ParlaMint-NO_2003-06-18-2.ana.ud618e3342	Hansard from meeting in the Norwegian Parliament, term 2001-2005, Session 2002-2003, Sitting day 2003-06-18	2003-06-18	Unicameralism	Term 2001-2005	Session 2002-2003	-	Sitting day 2003-06-18	-	Reference	English	Chairperson	MP	notMinister	A	Arbeiderpartiet	-	Centre-left	person.JK	Kosmo, Jørgen	M	1947	
ParlaMint-NO-en_2003-06-18-2	ParlaMint-NO_2003-06-18-2.ana.ud618e3345	Hansard from meeting in the Norwegian Parliament, term 2001-2005, Session 2002-2003, Sitting day 2003-06-18	2003-06-18	Unicameralism	Term 2001-2005	Session 2002-2003	-	Sitting day 2003-06-18	-	Reference	English	Regular	MP	notMinister	FrP	Fremskrittspartiet	-	Right	person.OYK	Korsberg, Øyvind	M	1960	
ParlaMint-NO-en_2003-06-18-2	ParlaMint-NO_2003-06-18-2.ana.ud618e3353	Hansard from meeting in the Norwegian Parliament, term 2001-2005, Session 2002-2003, Sitting day 2003-06-18	2003-06-18	Unicameralism	Term 2001-2005	Session 2002-2003	-	Sitting day 2003-06-18	-	Reference	English	Chairperson	MP	notMinister	A	Arbeiderpartiet	-	Centre-left	person.JK	Kosmo, Jørgen	M	1947	
ParlaMint-NO-en_2003-06-18-2	ParlaMint-NO_2003-06-18-2.ana.ud618e3370	Hansard from meeting in the Norwegian Parliament, term 2001-2005, Session 2002-2003, Sitting day 2003-06-18	2003-06-18	Unicameralism	Term 2001-2005	Session 2002-2003	-	Sitting day 2003-06-18	-	Reference	English	Chairperson	MP	notMinister	A	Arbeiderpartiet	-	Centre-left	person.JK	Kosmo, Jørgen	M	1947	
ParlaMint-NO-en_2003-06-18-2	ParlaMint-NO_2003-06-18-2.ana.ud618e3392	Hansard from meeting in the Norwegian Parliament, term 2001-2005, Session 2002-2003, Sitting day 2003-06-18	2003-06-18	Unicameralism	Term 2001-2005	Session 2002-2003	-	Sitting day 2003-06-18	-	Reference	English	Chairperson	MP	notMinister	A	Arbeiderpartiet	-	Centre-left	person.JK	Kosmo, Jørgen	M	1947	
ParlaMint-NO-en_2003-06-18-2	ParlaMint-NO_2003-06-18-2.ana.ud618e3417	Hansard from meeting in the Norwegian Parliament, term 2001-2005, Session 2002-2003, Sitting day 2003-06-18	2003-06-18	Unicameralism	Term 2001-2005	Session 2002-2003	-	Sitting day 2003-06-18	-	Reference	English	Chairperson	MP	notMinister	A	Arbeiderpartiet	-	Centre-left	person.JK	Kosmo, Jørgen	M	1947	
ParlaMint-NO-en_2003-06-18-2	ParlaMint-NO_2003-06-18-2.ana.ud618e3465	Hansard from meeting in the Norwegian Parliament, term 2001-2005, Session 2002-2003, Sitting day 2003-06-18	2003-06-18	Unicameralism	Term 2001-2005	Session 2002-2003	-	Sitting day 2003-06-18	-	Reference	English	Chairperson	MP	notMinister	A	Arbeiderpartiet	-	Centre-left	person.JK	Kosmo, Jørgen	M	1947	
ParlaMint-NO-en_2003-06-18-2	ParlaMint-NO_2003-06-18-2.ana.ud618e3484	Hansard from meeting in the Norwegian Parliament, term 2001-2005, Session 2002-2003, Sitting day 2003-06-18	2003-06-18	Unicameralism	Term 2001-2005	Session 2002-2003	-	Sitting day 2003-06-18	-	Reference	English	Chairperson	MP	notMinister	A	Arbeiderpartiet	-	Centre-left	person.JK	Kosmo, Jørgen	M	1947	
ParlaMint-NO-en_2003-06-18-2	ParlaMint-NO_2003-06-18-2.ana.ud618e3504	Hansard from meeting in the Norwegian Parliament, term 2001-2005, Session 2002-2003, Sitting day 2003-06-18	2003-06-18	Unicameralism	Term 2001-2005	Session 2002-2003	-	Sitting day 2003-06-18	-	Reference	English	Chairperson	MP	notMinister	A	Arbeiderpartiet	-	Centre-left	person.JK	Kosmo, Jørgen	M	1947	
ParlaMint-NO-en_2003-06-18-2	ParlaMint-NO_2003-06-18-2.ana.ud618e3507	Hansard from meeting in the Norwegian Parliament, term 2001-2005, Session 2002-2003, Sitting day 2003-06-18	2003-06-18	Unicameralism	Term 2001-2005	Session 2002-2003	-	Sitting day 2003-06-18	-	Reference	English	Regular	MP	notMinister	FrP	Fremskrittspartiet	-	Right	person.OHE	Hedstrøm, Øystein	M	1946	
ParlaMint-NO-en_2003-06-18-2	ParlaMint-NO_2003-06-18-2.ana.ud618e3542	Hansard from meeting in the Norwegian Parliament, term 2001-2005, Session 2002-2003, Sitting day 2003-06-18	2003-06-18	Unicameralism	Term 2001-2005	Session 2002-2003	-	Sitting day 2003-06-18	-	Reference	English	Chairperson	MP	notMinister	A	Arbeiderpartiet	-	Centre-left	person.JK	Kosmo, Jørgen	M	1947	
ParlaMint-NO-en_2003-06-18-2	ParlaMint-NO_2003-06-18-2.ana.ud618e3561	Hansard from meeting in the Norwegian Parliament, term 2001-2005, Session 2002-2003, Sitting day 2003-06-18	2003-06-18	Unicameralism	Term 2001-2005	Session 2002-2003	-	Sitting day 2003-06-18	-	Reference	English	Chairperson	MP	notMinister	A	Arbeiderpartiet	-	Centre-left	person.JK	Kosmo, Jørgen	M	1947	
ParlaMint-NO-en_2003-06-18-2	ParlaMint-NO_2003-06-18-2.ana.ud618e3585	Hansard from meeting in the Norwegian Parliament, term 2001-2005, Session 2002-2003, Sitting day 2003-06-18	2003-06-18	Unicameralism	Term 2001-2005	Session 2002-2003	-	Sitting day 2003-06-18	-	Reference	English	Chairperson	MP	notMinister	A	Arbeiderpartiet	-	Centre-left	person.JK	Kosmo, Jørgen	M	1947	
ParlaMint-NO-en_2003-06-18-2	ParlaMint-NO_2003-06-18-2.ana.ud618e3602	Hansard from meeting in the Norwegian Parliament, term 2001-2005, Session 2002-2003, Sitting day 2003-06-18	2003-06-18	Unicameralism	Term 2001-2005	Session 2002-2003	-	Sitting day 2003-06-18	-	Reference	English	Chairperson	MP	notMinister	A	Arbeiderpartiet	-	Centre-left	person.JK	Kosmo, Jørgen	M	1947	
ParlaMint-NO-en_2003-06-18-2	ParlaMint-NO_2003-06-18-2.ana.ud618e3626	Hansard from meeting in the Norwegian Parliament, term 2001-2005, Session 2002-2003, Sitting day 2003-06-18	2003-06-18	Unicameralism	Term 2001-2005	Session 2002-2003	-	Sitting day 2003-06-18	-	Reference	English	Regular	MP	notMinister	H	Høyre	Coalition	Centre-right	person.IVK	Kristiansen, Ivar	M	1956	
ParlaMint-NO-en_2003-06-18-2	ParlaMint-NO_2003-06-18-2.ana.ud618e3642	Hansard from meeting in the Norwegian Parliament, term 2001-2005, Session 2002-2003, Sitting day 2003-06-18	2003-06-18	Unicameralism	Term 2001-2005	Session 2002-2003	-	Sitting day 2003-06-18	-	Reference	English	Chairperson	MP	notMinister	A	Arbeiderpartiet	-	Centre-left	person.JK	Kosmo, Jørgen	M	1947	
ParlaMint-NO-en_2003-06-18-2	ParlaMint-NO_2003-06-18-2.ana.ud618e3696	Hansard from meeting in the Norwegian Parliament, term 2001-2005, Session 2002-2003, Sitting day 2003-06-18	2003-06-18	Unicameralism	Term 2001-2005	Session 2002-2003	-	Sitting day 2003-06-18	-	Reference	English	Chairperson	MP	notMinister	A	Arbeiderpartiet	-	Centre-left	person.JK	Kosmo, Jørgen	M	1947	
ParlaMint-NO-en_2003-06-18-2	ParlaMint-NO_2003-06-18-2.ana.ud618e3711	Hansard from meeting in the Norwegian Parliament, term 2001-2005, Session 2002-2003, Sitting day 2003-06-18	2003-06-18	Unicameralism	Term 2001-2005	Session 2002-2003	-	Sitting day 2003-06-18	-	Reference	English	Chairperson	MP	notMinister	A	Arbeiderpartiet	-	Centre-left	person.JK	Kosmo, Jørgen	M	1947	
ParlaMint-NO-en_2003-06-18-2	ParlaMint-NO_2003-06-18-2.ana.ud618e3728	Hansard from meeting in the Norwegian Parliament, term 2001-2005, Session 2002-2003, Sitting day 2003-06-18	2003-06-18	Unicameralism	Term 2001-2005	Session 2002-2003	-	Sitting day 2003-06-18	-	Reference	English	Chairperson	MP	notMinister	A	Arbeiderpartiet	-	Centre-left	person.JK	Kosmo, Jørgen	M	1947	
ParlaMint-NO-en_2003-06-18-2	ParlaMint-NO_2003-06-18-2.ana.ud618e3745	Hansard from meeting in the Norwegian Parliament, term 2001-2005, Session 2002-2003, Sitting day 2003-06-18	2003-06-18	Unicameralism	Term 2001-2005	Session 2002-2003	-	Sitting day 2003-06-18	-	Reference	English	Chairperson	MP	notMinister	A	Arbeiderpartiet	-	Centre-left	person.JK	Kosmo, Jørgen	M	1947	
ParlaMint-NO-en_2003-06-18-2	ParlaMint-NO_2003-06-18-2.ana.ud618e3762	Hansard from meeting in the Norwegian Parliament, term 2001-2005, Session 2002-2003, Sitting day 2003-06-18	2003-06-18	Unicameralism	Term 2001-2005	Session 2002-2003	-	Sitting day 2003-06-18	-	Reference	English	Chairperson	MP	notMinister	A	Arbeiderpartiet	-	Centre-left	person.JK	Kosmo, Jørgen	M	1947	
ParlaMint-NO-en_2003-06-18-2	ParlaMint-NO_2003-06-18-2.ana.ud618e3780	Hansard from meeting in the Norwegian Parliament, term 2001-2005, Session 2002-2003, Sitting day 2003-06-18	2003-06-18	Unicameralism	Term 2001-2005	Session 2002-2003	-	Sitting day 2003-06-18	-	Reference	English	Chairperson	MP	notMinister	A	Arbeiderpartiet	-	Centre-left	person.JK	Kosmo, Jørgen	M	1947	
ParlaMint-NO-en_2003-06-18-2	ParlaMint-NO_2003-06-18-2.ana.ud618e3796	Hansard from meeting in the Norwegian Parliament, term 2001-2005, Session 2002-2003, Sitting day 2003-06-18	2003-06-18	Unicameralism	Term 2001-2005	Session 2002-2003	-	Sitting day 2003-06-18	-	Reference	English	Chairperson	MP	notMinister	A	Arbeiderpartiet	-	Centre-left	person.JK	Kosmo, Jørgen	M	1947	
ParlaMint-NO-en_2003-06-18-2	ParlaMint-NO_2003-06-18-2.ana.ud618e3814	Hansard from meeting in the Norwegian Parliament, term 2001-2005, Session 2002-2003, Sitting day 2003-06-18	2003-06-18	Unicameralism	Term 2001-2005	Session 2002-2003	-	Sitting day 2003-06-18	-	Reference	English	Chairperson	MP	notMinister	A	Arbeiderpartiet	-	Centre-left	person.JK	Kosmo, Jørgen	M	1947	
ParlaMint-NO-en_2003-06-18-2	ParlaMint-NO_2003-06-18-2.ana.ud618e3832	Hansard from meeting in the Norwegian Parliament, term 2001-2005, Session 2002-2003, Sitting day 2003-06-18	2003-06-18	Unicameralism	Term 2001-2005	Session 2002-2003	-	Sitting day 2003-06-18	-	Reference	English	Chairperson	MP	notMinister	A	Arbeiderpartiet	-	Centre-left	person.JK	Kosmo, Jørgen	M	1947	
ParlaMint-NO-en_2003-06-18-2	ParlaMint-NO_2003-06-18-2.ana.ud618e3883	Hansard from meeting in the Norwegian Parliament, term 2001-2005, Session 2002-2003, Sitting day 2003-06-18	2003-06-18	Unicameralism	Term 2001-2005	Session 2002-2003	-	Sitting day 2003-06-18	-	Reference	English	Chairperson	MP	notMinister	A	Arbeiderpartiet	-	Centre-left	person.JK	Kosmo, Jørgen	M	1947	
ParlaMint-NO-en_2003-06-18-2	ParlaMint-NO_2003-06-18-2.ana.ud618e3886	Hansard from meeting in the Norwegian Parliament, term 2001-2005, Session 2002-2003, Sitting day 2003-06-18	2003-06-18	Unicameralism	Term 2001-2005	Session 2002-2003	-	Sitting day 2003-06-18	-	Reference	English	Regular	MP	notMinister	SV	Sosialistisk Venstreparti	-	Left	person.HEIS	Sørensen, Heidi	F	1970	
ParlaMint-NO-en_2003-06-18-2	ParlaMint-NO_2003-06-18-2.ana.ud618e3906	Hansard from meeting in the Norwegian Parliament, term 2001-2005, Session 2002-2003, Sitting day 2003-06-18	2003-06-18	Unicameralism	Term 2001-2005	Session 2002-2003	-	Sitting day 2003-06-18	-	Reference	English	Chairperson	MP	notMinister	A	Arbeiderpartiet	-	Centre-left	person.JK	Kosmo, Jørgen	M	1947	
ParlaMint-NO-en_2003-06-18-2	ParlaMint-NO_2003-06-18-2.ana.ud618e3924	Hansard from meeting in the Norwegian Parliament, term 2001-2005, Session 2002-2003, Sitting day 2003-06-18	2003-06-18	Unicameralism	Term 2001-2005	Session 2002-2003	-	Sitting day 2003-06-18	-	Reference	English	Chairperson	MP	notMinister	A	Arbeiderpartiet	-	Centre-left	person.JK	Kosmo, Jørgen	M	1947	
ParlaMint-NO-en_2003-06-18-2	ParlaMint-NO_2003-06-18-2.ana.ud618e3939	Hansard from meeting in the Norwegian Parliament, term 2001-2005, Session 2002-2003, Sitting day 2003-06-18	2003-06-18	Unicameralism	Term 2001-2005	Session 2002-2003	-	Sitting day 2003-06-18	-	Reference	English	Chairperson	MP	notMinister	A	Arbeiderpartiet	-	Centre-left	person.JK	Kosmo, Jørgen	M	1947	
ParlaMint-NO-en_2003-06-18-2	ParlaMint-NO_2003-06-18-2.ana.ud618e3964	Hansard from meeting in the Norwegian Parliament, term 2001-2005, Session 2002-2003, Sitting day 2003-06-18	2003-06-18	Unicameralism	Term 2001-2005	Session 2002-2003	-	Sitting day 2003-06-18	-	Reference	English	Chairperson	MP	notMinister	A	Arbeiderpartiet	-	Centre-left	person.JK	Kosmo, Jørgen	M	1947	
ParlaMint-NO-en_2003-06-18-2	ParlaMint-NO_2003-06-18-2.ana.ud618e3989	Hansard from meeting in the Norwegian Parliament, term 2001-2005, Session 2002-2003, Sitting day 2003-06-18	2003-06-18	Unicameralism	Term 2001-2005	Session 2002-2003	-	Sitting day 2003-06-18	-	Reference	English	Chairperson	MP	notMinister	A	Arbeiderpartiet	-	Centre-left	person.JK	Kosmo, Jørgen	M	1947	
ParlaMint-NO-en_2003-06-18-2	ParlaMint-NO_2003-06-18-2.ana.ud618e4028	Hansard from meeting in the Norwegian Parliament, term 2001-2005, Session 2002-2003, Sitting day 2003-06-18	2003-06-18	Unicameralism	Term 2001-2005	Session 2002-2003	-	Sitting day 2003-06-18	-	Reference	English	Chairperson	MP	notMinister	A	Arbeiderpartiet	-	Centre-left	person.JK	Kosmo, Jørgen	M	1947	
ParlaMint-NO-en_2003-06-18-2	ParlaMint-NO_2003-06-18-2.ana.ud618e4044	Hansard from meeting in the Norwegian Parliament, term 2001-2005, Session 2002-2003, Sitting day 2003-06-18	2003-06-18	Unicameralism	Term 2001-2005	Session 2002-2003	-	Sitting day 2003-06-18	-	Reference	English	Chairperson	MP	notMinister	A	Arbeiderpartiet	-	Centre-left	person.JK	Kosmo, Jørgen	M	1947	
ParlaMint-NO-en_2003-06-18-2	ParlaMint-NO_2003-06-18-2.ana.ud618e4063	Hansard from meeting in the Norwegian Parliament, term 2001-2005, Session 2002-2003, Sitting day 2003-06-18	2003-06-18	Unicameralism	Term 2001-2005	Session 2002-2003	-	Sitting day 2003-06-18	-	Reference	English	Chairperson	MP	notMinister	A	Arbeiderpartiet	-	Centre-left	person.JK	Kosmo, Jørgen	M	1947	
ParlaMint-NO-en_2003-06-18-2	ParlaMint-NO_2003-06-18-2.ana.ud618e4078	Hansard from meeting in the Norwegian Parliament, term 2001-2005, Session 2002-2003, Sitting day 2003-06-18	2003-06-18	Unicameralism	Term 2001-2005	Session 2002-2003	-	Sitting day 2003-06-18	-	Reference	English	Regular	MP	notMinister	SV	Sosialistisk Venstreparti	-	Left	person.INGR	Ryan, Inge	M	1956	
ParlaMint-NO-en_2003-06-18-2	ParlaMint-NO_2003-06-18-2.ana.ud618e4085	Hansard from meeting in the Norwegian Parliament, term 2001-2005, Session 2002-2003, Sitting day 2003-06-18	2003-06-18	Unicameralism	Term 2001-2005	Session 2002-2003	-	Sitting day 2003-06-18	-	Reference	English	Chairperson	MP	notMinister	A	Arbeiderpartiet	-	Centre-left	person.JK	Kosmo, Jørgen	M	1947	
ParlaMint-NO-en_2003-06-18-2	ParlaMint-NO_2003-06-18-2.ana.ud618e4092	Hansard from meeting in the Norwegian Parliament, term 2001-2005, Session 2002-2003, Sitting day 2003-06-18	2003-06-18	Unicameralism	Term 2001-2005	Session 2002-2003	-	Sitting day 2003-06-18	-	Reference	English	Chairperson	MP	notMinister	A	Arbeiderpartiet	-	Centre-left	person.JK	Kosmo, Jørgen	M	1947	
ParlaMint-NO-en_2003-06-18-2	ParlaMint-NO_2003-06-18-2.ana.ud618e4114	Hansard from meeting in the Norwegian Parliament, term 2001-2005, Session 2002-2003, Sitting day 2003-06-18	2003-06-18	Unicameralism	Term 2001-2005	Session 2002-2003	-	Sitting day 2003-06-18	-	Reference	English	Chairperson	MP	notMinister	A	Arbeiderpartiet	-	Centre-left	person.JK	Kosmo, Jørgen	M	1947	
ParlaMint-NO-en_2003-06-18-2	ParlaMint-NO_2003-06-18-2.ana.ud618e4130	Hansard from meeting in the Norwegian Parliament, term 2001-2005, Session 2002-2003, Sitting day 2003-06-18	2003-06-18	Unicameralism	Term 2001-2005	Session 2002-2003	-	Sitting day 2003-06-18	-	Reference	English	Chairperson	MP	notMinister	A	Arbeiderpartiet	-	Centre-left	person.JK	Kosmo, Jørgen	M	1947	
ParlaMint-NO-en_2003-06-18-2	ParlaMint-NO_2003-06-18-2.ana.ud618e4148	Hansard from meeting in the Norwegian Parliament, term 2001-2005, Session 2002-2003, Sitting day 2003-06-18	2003-06-18	Unicameralism	Term 2001-2005	Session 2002-2003	-	Sitting day 2003-06-18	-	Reference	English	Chairperson	MP	notMinister	A	Arbeiderpartiet	-	Centre-left	person.JK	Kosmo, Jørgen	M	1947	
ParlaMint-NO-en_2003-06-18-2	ParlaMint-NO_2003-06-18-2.ana.ud618e4163	Hansard from meeting in the Norwegian Parliament, term 2001-2005, Session 2002-2003, Sitting day 2003-06-18	2003-06-18	Unicameralism	Term 2001-2005	Session 2002-2003	-	Sitting day 2003-06-18	-	Reference	English	Regular	MP	notMinister	H	Høyre	Coalition	Centre-right	person.KLH	Holmberg, Kari Lise	F	1951	
ParlaMint-NO-en_2003-06-18-2	ParlaMint-NO_2003-06-18-2.ana.ud618e4170	Hansard from meeting in the Norwegian Parliament, term 2001-2005, Session 2002-2003, Sitting day 2003-06-18	2003-06-18	Unicameralism	Term 2001-2005	Session 2002-2003	-	Sitting day 2003-06-18	-	Reference	English	Chairperson	MP	notMinister	A	Arbeiderpartiet	-	Centre-left	person.JK	Kosmo, Jørgen	M	1947	
ParlaMint-NO-en_2003-06-18-2	ParlaMint-NO_2003-06-18-2.ana.ud618e4177	Hansard from meeting in the Norwegian Parliament, term 2001-2005, Session 2002-2003, Sitting day 2003-06-18	2003-06-18	Unicameralism	Term 2001-2005	Session 2002-2003	-	Sitting day 2003-06-18	-	Reference	English	Chairperson	MP	notMinister	A	Arbeiderpartiet	-	Centre-left	person.JK	Kosmo, Jørgen	M	1947	
ParlaMint-NO-en_2003-06-18-2	ParlaMint-NO_2003-06-18-2.ana.ud618e4195	Hansard from meeting in the Norwegian Parliament, term 2001-2005, Session 2002-2003, Sitting day 2003-06-18	2003-06-18	Unicameralism	Term 2001-2005	Session 2002-2003	-	Sitting day 2003-06-18	-	Reference	English	Chairperson	MP	notMinister	A	Arbeiderpartiet	-	Centre-left	person.JK	Kosmo, Jørgen	M	1947	
ParlaMint-NO-en_2003-06-18-2	ParlaMint-NO_2003-06-18-2.ana.ud618e4213	Hansard from meeting in the Norwegian Parliament, term 2001-2005, Session 2002-2003, Sitting day 2003-06-18	2003-06-18	Unicameralism	Term 2001-2005	Session 2002-2003	-	Sitting day 2003-06-18	-	Reference	English	Chairperson	MP	notMinister	A	Arbeiderpartiet	-	Centre-left	person.JK	Kosmo, Jørgen	M	1947	
ParlaMint-NO-en_2003-06-18-2	ParlaMint-NO_2003-06-18-2.ana.ud618e4231	Hansard from meeting in the Norwegian Parliament, term 2001-2005, Session 2002-2003, Sitting day 2003-06-18	2003-06-18	Unicameralism	Term 2001-2005	Session 2002-2003	-	Sitting day 2003-06-18	-	Reference	English	Chairperson	MP	notMinister	A	Arbeiderpartiet	-	Centre-left	person.JK	Kosmo, Jørgen	M	1947	
ParlaMint-NO-en_2003-06-18-2	ParlaMint-NO_2003-06-18-2.ana.ud618e4251	Hansard from meeting in the Norwegian Parliament, term 2001-2005, Session 2002-2003, Sitting day 2003-06-18	2003-06-18	Unicameralism	Term 2001-2005	Session 2002-2003	-	Sitting day 2003-06-18	-	Reference	English	Chairperson	MP	notMinister	A	Arbeiderpartiet	-	Centre-left	person.JK	Kosmo, Jørgen	M	1947	
ParlaMint-NO-en_2003-06-18-2	ParlaMint-NO_2003-06-18-2.ana.ud618e4259	Hansard from meeting in the Norwegian Parliament, term 2001-2005, Session 2002-2003, Sitting day 2003-06-18	2003-06-18	Unicameralism	Term 2001-2005	Session 2002-2003	-	Sitting day 2003-06-18	-	Reference	English	Regular	MP	notMinister	Sp	Senterpartiet	-	Centre	person.MMK	Kleppa, Magnhild Meltveit	F	1948	
ParlaMint-NO-en_2003-06-18-2	ParlaMint-NO_2003-06-18-2.ana.ud618e4280	Hansard from meeting in the Norwegian Parliament, term 2001-2005, Session 2002-2003, Sitting day 2003-06-18	2003-06-18	Unicameralism	Term 2001-2005	Session 2002-2003	-	Sitting day 2003-06-18	-	Reference	English	Chairperson	MP	notMinister	A	Arbeiderpartiet	-	Centre-left	person.JK	Kosmo, Jørgen	M	1947	
ParlaMint-NO-en_2003-06-18-2	ParlaMint-NO_2003-06-18-2.ana.ud618e4298	Hansard from meeting in the Norwegian Parliament, term 2001-2005, Session 2002-2003, Sitting day 2003-06-18	2003-06-18	Unicameralism	Term 2001-2005	Session 2002-2003	-	Sitting day 2003-06-18	-	Reference	English	Chairperson	MP	notMinister	A	Arbeiderpartiet	-	Centre-left	person.JK	Kosmo, Jørgen	M	1947	
ParlaMint-NO-en_2003-06-18-2	ParlaMint-NO_2003-06-18-2.ana.ud618e4312	Hansard from meeting in the Norwegian Parliament, term 2001-2005, Session 2002-2003, Sitting day 2003-06-18	2003-06-18	Unicameralism	Term 2001-2005	Session 2002-2003	-	Sitting day 2003-06-18	-	Reference	English	Regular	MP	notMinister	Sp	Senterpartiet	-	Centre	person.MMK	Kleppa, Magnhild Meltveit	F	1948	
ParlaMint-NO-en_2003-06-18-2	ParlaMint-NO_2003-06-18-2.ana.ud618e4329	Hansard from meeting in the Norwegian Parliament, term 2001-2005, Session 2002-2003, Sitting day 2003-06-18	2003-06-18	Unicameralism	Term 2001-2005	Session 2002-2003	-	Sitting day 2003-06-18	-	Reference	English	Chairperson	MP	notMinister	A	Arbeiderpartiet	-	Centre-left	person.JK	Kosmo, Jørgen	M	1947	
ParlaMint-NO-en_2003-06-18-2	ParlaMint-NO_2003-06-18-2.ana.ud618e4349	Hansard from meeting in the Norwegian Parliament, term 2001-2005, Session 2002-2003, Sitting day 2003-06-18	2003-06-18	Unicameralism	Term 2001-2005	Session 2002-2003	-	Sitting day 2003-06-18	-	Reference	English	Chairperson	MP	notMinister	A	Arbeiderpartiet	-	Centre-left	person.JK	Kosmo, Jørgen	M	1947	
ParlaMint-NO-en_2003-06-18-2	ParlaMint-NO_2003-06-18-2.ana.ud618e4369	Hansard from meeting in the Norwegian Parliament, term 2001-2005, Session 2002-2003, Sitting day 2003-06-18	2003-06-18	Unicameralism	Term 2001-2005	Session 2002-2003	-	Sitting day 2003-06-18	-	Reference	English	Chairperson	MP	notMinister	A	Arbeiderpartiet	-	Centre-left	person.JK	Kosmo, Jørgen	M	1947	
ParlaMint-NO-en_2003-06-18-2	ParlaMint-NO_2003-06-18-2.ana.ud618e4389	Hansard from meeting in the Norwegian Parliament, term 2001-2005, Session 2002-2003, Sitting day 2003-06-18	2003-06-18	Unicameralism	Term 2001-2005	Session 2002-2003	-	Sitting day 2003-06-18	-	Reference	English	Chairperson	MP	notMinister	A	Arbeiderpartiet	-	Centre-left	person.JK	Kosmo, Jørgen	M	1947	
