Text_ID	ID	Title	Date	Body	Term	Session	Meeting	Sitting	Agenda	Subcorpus	Lang	Speaker_role	Speaker_MP	Speaker_minister	Speaker_party	Speaker_party_name	Party_status	Party_orientation	Speaker_ID	Speaker_name	Speaker_gender	Speaker_birth
ParlaMint-TR-en_2021-11-30-tbmm-T27	tbmm-2021-11-30sit01spe0001par0001	The Turkish parliamentary corpus ParlaMint-TR-en, Term 27, Year 5, Session 24	2021-11-30	Unicameralism	27	5	24	-	-	COVID	English	Chairperson	MP	notMinister	AKP	Justice and Development Party	Coalition	Right	SüreyyaSadi.Bilgiç	Bilgiç, Süreyya Sadi	M	1961	
ParlaMint-TR-en_2021-11-30-tbmm-T27	tbmm-2021-11-30sit01spe0002par0007	The Turkish parliamentary corpus ParlaMint-TR-en, Term 27, Year 5, Session 24	2021-11-30	Unicameralism	27	5	24	-	-	COVID	English	Regular	MP	notMinister	AKP	Justice and Development Party	Coalition	Right	Yavuz.Ergun	Ergun, Yavuz	M	1974	
ParlaMint-TR-en_2021-11-30-tbmm-T27	tbmm-2021-11-30sit01spe0003par0015	The Turkish parliamentary corpus ParlaMint-TR-en, Term 27, Year 5, Session 24	2021-11-30	Unicameralism	27	5	24	-	-	COVID	English	Chairperson	MP	notMinister	AKP	Justice and Development Party	Coalition	Right	SüreyyaSadi.Bilgiç	Bilgiç, Süreyya Sadi	M	1961	
ParlaMint-TR-en_2021-11-30-tbmm-T27	tbmm-2021-11-30sit01spe0002par0016	The Turkish parliamentary corpus ParlaMint-TR-en, Term 27, Year 5, Session 24	2021-11-30	Unicameralism	27	5	24	-	-	COVID	English	Regular	MP	notMinister	AKP	Justice and Development Party	Coalition	Right	Yavuz.Ergun	Ergun, Yavuz	M	1974	
ParlaMint-TR-en_2021-11-30-tbmm-T27	tbmm-2021-11-30sit01spe0003par0018	The Turkish parliamentary corpus ParlaMint-TR-en, Term 27, Year 5, Session 24	2021-11-30	Unicameralism	27	5	24	-	-	COVID	English	Chairperson	MP	notMinister	AKP	Justice and Development Party	Coalition	Right	SüreyyaSadi.Bilgiç	Bilgiç, Süreyya Sadi	M	1961	
ParlaMint-TR-en_2021-11-30-tbmm-T27	tbmm-2021-11-30sit01spe0004par0021	The Turkish parliamentary corpus ParlaMint-TR-en, Term 27, Year 5, Session 24	2021-11-30	Unicameralism	27	5	24	-	-	COVID	English	Regular	MP	notMinister	CHP	Republican People's Party	Opposition	Centre-left	İbrahimÖzden.Kaboğlu	Kaboğlu, İbrahim Özden	M	1950	
ParlaMint-TR-en_2021-11-30-tbmm-T27	tbmm-2021-11-30sit01spe0005par0027	The Turkish parliamentary corpus ParlaMint-TR-en, Term 27, Year 5, Session 24	2021-11-30	Unicameralism	27	5	24	-	-	COVID	English	Chairperson	MP	notMinister	AKP	Justice and Development Party	Coalition	Right	SüreyyaSadi.Bilgiç	Bilgiç, Süreyya Sadi	M	1961	
ParlaMint-TR-en_2021-11-30-tbmm-T27	tbmm-2021-11-30sit01spe0004par0028	The Turkish parliamentary corpus ParlaMint-TR-en, Term 27, Year 5, Session 24	2021-11-30	Unicameralism	27	5	24	-	-	COVID	English	Regular	MP	notMinister	CHP	Republican People's Party	Opposition	Centre-left	İbrahimÖzden.Kaboğlu	Kaboğlu, İbrahim Özden	M	1950	
ParlaMint-TR-en_2021-11-30-tbmm-T27	tbmm-2021-11-30sit01spe0006par0034	The Turkish parliamentary corpus ParlaMint-TR-en, Term 27, Year 5, Session 24	2021-11-30	Unicameralism	27	5	24	-	-	COVID	English	Chairperson	MP	notMinister	AKP	Justice and Development Party	Coalition	Right	SüreyyaSadi.Bilgiç	Bilgiç, Süreyya Sadi	M	1961	
ParlaMint-TR-en_2021-11-30-tbmm-T27	tbmm-2021-11-30sit01spe0007par0037	The Turkish parliamentary corpus ParlaMint-TR-en, Term 27, Year 5, Session 24	2021-11-30	Unicameralism	27	5	24	-	-	COVID	English	Regular	MP	notMinister	HDP	Peoples' Democratic Party	Opposition	Centre-left to left	DirayetDilan.Taşdemir	Taşdemir, Dirayet Dilan	F	1982	
ParlaMint-TR-en_2021-11-30-tbmm-T27	tbmm-2021-11-30sit01spe0008par0047	The Turkish parliamentary corpus ParlaMint-TR-en, Term 27, Year 5, Session 24	2021-11-30	Unicameralism	27	5	24	-	-	COVID	English	Chairperson	MP	notMinister	AKP	Justice and Development Party	Coalition	Right	SüreyyaSadi.Bilgiç	Bilgiç, Süreyya Sadi	M	1961	
ParlaMint-TR-en_2021-11-30-tbmm-T27	tbmm-2021-11-30sit01spe0007par0048	The Turkish parliamentary corpus ParlaMint-TR-en, Term 27, Year 5, Session 24	2021-11-30	Unicameralism	27	5	24	-	-	COVID	English	Regular	MP	notMinister	HDP	Peoples' Democratic Party	Opposition	Centre-left to left	DirayetDilan.Taşdemir	Taşdemir, Dirayet Dilan	F	1982	
ParlaMint-TR-en_2021-11-30-tbmm-T27	tbmm-2021-11-30sit01spe0009par0052	The Turkish parliamentary corpus ParlaMint-TR-en, Term 27, Year 5, Session 24	2021-11-30	Unicameralism	27	5	24	-	-	COVID	English	Chairperson	MP	notMinister	AKP	Justice and Development Party	Coalition	Right	SüreyyaSadi.Bilgiç	Bilgiç, Süreyya Sadi	M	1961	
ParlaMint-TR-en_2021-11-30-tbmm-T27	tbmm-2021-11-30sit01spe0010par0054	The Turkish parliamentary corpus ParlaMint-TR-en, Term 27, Year 5, Session 24	2021-11-30	Unicameralism	27	5	24	-	-	COVID	English	Regular	MP	notMinister	CHP	Republican People's Party	Opposition	Centre-left	Nurhayat.Altaca	Altaca Kayışoğlu, Nurhayat	F	1978	
ParlaMint-TR-en_2021-11-30-tbmm-T27	tbmm-2021-11-30sit01spe0011par0057	The Turkish parliamentary corpus ParlaMint-TR-en, Term 27, Year 5, Session 24	2021-11-30	Unicameralism	27	5	24	-	-	COVID	English	Chairperson	MP	notMinister	AKP	Justice and Development Party	Coalition	Right	SüreyyaSadi.Bilgiç	Bilgiç, Süreyya Sadi	M	1961	
ParlaMint-TR-en_2021-11-30-tbmm-T27	tbmm-2021-11-30sit01spe0012par0058	The Turkish parliamentary corpus ParlaMint-TR-en, Term 27, Year 5, Session 24	2021-11-30	Unicameralism	27	5	24	-	-	COVID	English	Regular	MP	notMinister	CHP	Republican People's Party	Opposition	Centre-left	Sibel.Özdemir	Özdemir, Sibel	F	1979	
ParlaMint-TR-en_2021-11-30-tbmm-T27	tbmm-2021-11-30sit01spe0013par0061	The Turkish parliamentary corpus ParlaMint-TR-en, Term 27, Year 5, Session 24	2021-11-30	Unicameralism	27	5	24	-	-	COVID	English	Chairperson	MP	notMinister	AKP	Justice and Development Party	Coalition	Right	SüreyyaSadi.Bilgiç	Bilgiç, Süreyya Sadi	M	1961	
ParlaMint-TR-en_2021-11-30-tbmm-T27	tbmm-2021-11-30sit01spe0014par0062	The Turkish parliamentary corpus ParlaMint-TR-en, Term 27, Year 5, Session 24	2021-11-30	Unicameralism	27	5	24	-	-	COVID	English	Regular	MP	notMinister	MHP	Nationalist Movement Party	-	Right to far-right	Olcay.Kılavuz	Kılavuz, Olcay	M	1985	
ParlaMint-TR-en_2021-11-30-tbmm-T27	tbmm-2021-11-30sit01spe0015par0066	The Turkish parliamentary corpus ParlaMint-TR-en, Term 27, Year 5, Session 24	2021-11-30	Unicameralism	27	5	24	-	-	COVID	English	Chairperson	MP	notMinister	AKP	Justice and Development Party	Coalition	Right	SüreyyaSadi.Bilgiç	Bilgiç, Süreyya Sadi	M	1961	
ParlaMint-TR-en_2021-11-30-tbmm-T27	tbmm-2021-11-30sit01spe0016par0067	The Turkish parliamentary corpus ParlaMint-TR-en, Term 27, Year 5, Session 24	2021-11-30	Unicameralism	27	5	24	-	-	COVID	English	Regular	MP	notMinister	Saadet	Felicity Party	Opposition	Right to far-right	Abdulkadir.Karaduman	Karaduman, Abdulkadir	M	1992	
ParlaMint-TR-en_2021-11-30-tbmm-T27	tbmm-2021-11-30sit01spe0015par0068	The Turkish parliamentary corpus ParlaMint-TR-en, Term 27, Year 5, Session 24	2021-11-30	Unicameralism	27	5	24	-	-	COVID	English	Chairperson	MP	notMinister	AKP	Justice and Development Party	Coalition	Right	SüreyyaSadi.Bilgiç	Bilgiç, Süreyya Sadi	M	1961	
ParlaMint-TR-en_2021-11-30-tbmm-T27	tbmm-2021-11-30sit01spe0017par0069	The Turkish parliamentary corpus ParlaMint-TR-en, Term 27, Year 5, Session 24	2021-11-30	Unicameralism	27	5	24	-	-	COVID	English	Regular	MP	notMinister	AKP	Justice and Development Party	Coalition	Right	AliCumhur.Taşkın	Taşkın, Ali Cumhur	M	1967	
ParlaMint-TR-en_2021-11-30-tbmm-T27	tbmm-2021-11-30sit01spe0015par0071	The Turkish parliamentary corpus ParlaMint-TR-en, Term 27, Year 5, Session 24	2021-11-30	Unicameralism	27	5	24	-	-	COVID	English	Chairperson	MP	notMinister	AKP	Justice and Development Party	Coalition	Right	SüreyyaSadi.Bilgiç	Bilgiç, Süreyya Sadi	M	1961	
ParlaMint-TR-en_2021-11-30-tbmm-T27	tbmm-2021-11-30sit01spe0018par0072	The Turkish parliamentary corpus ParlaMint-TR-en, Term 27, Year 5, Session 24	2021-11-30	Unicameralism	27	5	24	-	-	COVID	English	Regular	MP	notMinister	CHP	Republican People's Party	Opposition	Centre-left	Ahmet.Kaya	Kaya, Ahmet	M	1971	
ParlaMint-TR-en_2021-11-30-tbmm-T27	tbmm-2021-11-30sit01spe0015par0074	The Turkish parliamentary corpus ParlaMint-TR-en, Term 27, Year 5, Session 24	2021-11-30	Unicameralism	27	5	24	-	-	COVID	English	Chairperson	MP	notMinister	AKP	Justice and Development Party	Coalition	Right	SüreyyaSadi.Bilgiç	Bilgiç, Süreyya Sadi	M	1961	
ParlaMint-TR-en_2021-11-30-tbmm-T27	tbmm-2021-11-30sit01spe0019par0075	The Turkish parliamentary corpus ParlaMint-TR-en, Term 27, Year 5, Session 24	2021-11-30	Unicameralism	27	5	24	-	-	COVID	English	Regular	MP	notMinister	CHP	Republican People's Party	Opposition	Centre-left	Çetin.Arık	Arık, Çetin	M	1971	
ParlaMint-TR-en_2021-11-30-tbmm-T27	tbmm-2021-11-30sit01spe0020par0079	The Turkish parliamentary corpus ParlaMint-TR-en, Term 27, Year 5, Session 24	2021-11-30	Unicameralism	27	5	24	-	-	COVID	English	Chairperson	MP	notMinister	AKP	Justice and Development Party	Coalition	Right	SüreyyaSadi.Bilgiç	Bilgiç, Süreyya Sadi	M	1961	
ParlaMint-TR-en_2021-11-30-tbmm-T27	tbmm-2021-11-30sit01spe0021par0080	The Turkish parliamentary corpus ParlaMint-TR-en, Term 27, Year 5, Session 24	2021-11-30	Unicameralism	27	5	24	-	-	COVID	English	Regular	MP	notMinister	CHP	Republican People's Party	Opposition	Centre-left	Yıldırım.Kaya	Kaya, Yıldırım	M	1958	
ParlaMint-TR-en_2021-11-30-tbmm-T27	tbmm-2021-11-30sit01spe0020par0082	The Turkish parliamentary corpus ParlaMint-TR-en, Term 27, Year 5, Session 24	2021-11-30	Unicameralism	27	5	24	-	-	COVID	English	Chairperson	MP	notMinister	AKP	Justice and Development Party	Coalition	Right	SüreyyaSadi.Bilgiç	Bilgiç, Süreyya Sadi	M	1961	
ParlaMint-TR-en_2021-11-30-tbmm-T27	tbmm-2021-11-30sit01spe0022par0083	The Turkish parliamentary corpus ParlaMint-TR-en, Term 27, Year 5, Session 24	2021-11-30	Unicameralism	27	5	24	-	-	COVID	English	Regular	MP	notMinister	CHP	Republican People's Party	Opposition	Centre-left	Okan.Gaytancıoğlu	Gaytancıoğlu, Okan	M	1967	
ParlaMint-TR-en_2021-11-30-tbmm-T27	tbmm-2021-11-30sit01spe0020par0085	The Turkish parliamentary corpus ParlaMint-TR-en, Term 27, Year 5, Session 24	2021-11-30	Unicameralism	27	5	24	-	-	COVID	English	Chairperson	MP	notMinister	AKP	Justice and Development Party	Coalition	Right	SüreyyaSadi.Bilgiç	Bilgiç, Süreyya Sadi	M	1961	
ParlaMint-TR-en_2021-11-30-tbmm-T27	tbmm-2021-11-30sit01spe0023par0086	The Turkish parliamentary corpus ParlaMint-TR-en, Term 27, Year 5, Session 24	2021-11-30	Unicameralism	27	5	24	-	-	COVID	English	Regular	MP	notMinister	CHP	Republican People's Party	Opposition	Centre-left	Ayhan.Barut	Barut, Ayhan	M	1964	
ParlaMint-TR-en_2021-11-30-tbmm-T27	tbmm-2021-11-30sit01spe0020par0088	The Turkish parliamentary corpus ParlaMint-TR-en, Term 27, Year 5, Session 24	2021-11-30	Unicameralism	27	5	24	-	-	COVID	English	Chairperson	MP	notMinister	AKP	Justice and Development Party	Coalition	Right	SüreyyaSadi.Bilgiç	Bilgiç, Süreyya Sadi	M	1961	
ParlaMint-TR-en_2021-11-30-tbmm-T27	tbmm-2021-11-30sit01spe0024par0089	The Turkish parliamentary corpus ParlaMint-TR-en, Term 27, Year 5, Session 24	2021-11-30	Unicameralism	27	5	24	-	-	COVID	English	Regular	MP	notMinister	CHP	Republican People's Party	Opposition	Centre-left	Süleyman.Girgin	Girgin, Süleyman	M	1962	
ParlaMint-TR-en_2021-11-30-tbmm-T27	tbmm-2021-11-30sit01spe0025par0092	The Turkish parliamentary corpus ParlaMint-TR-en, Term 27, Year 5, Session 24	2021-11-30	Unicameralism	27	5	24	-	-	COVID	English	Chairperson	MP	notMinister	AKP	Justice and Development Party	Coalition	Right	SüreyyaSadi.Bilgiç	Bilgiç, Süreyya Sadi	M	1961	
ParlaMint-TR-en_2021-11-30-tbmm-T27	tbmm-2021-11-30sit01spe0026par0093	The Turkish parliamentary corpus ParlaMint-TR-en, Term 27, Year 5, Session 24	2021-11-30	Unicameralism	27	5	24	-	-	COVID	English	Regular	MP	notMinister	MHP	Nationalist Movement Party	-	Right to far-right	Hayati.Arkaz	Arkaz, Hayati	M	1957	
ParlaMint-TR-en_2021-11-30-tbmm-T27	tbmm-2021-11-30sit01spe0027par0097	The Turkish parliamentary corpus ParlaMint-TR-en, Term 27, Year 5, Session 24	2021-11-30	Unicameralism	27	5	24	-	-	COVID	English	Chairperson	MP	notMinister	AKP	Justice and Development Party	Coalition	Right	SüreyyaSadi.Bilgiç	Bilgiç, Süreyya Sadi	M	1961	
ParlaMint-TR-en_2021-11-30-tbmm-T27	tbmm-2021-11-30sit01spe0028par0098	The Turkish parliamentary corpus ParlaMint-TR-en, Term 27, Year 5, Session 24	2021-11-30	Unicameralism	27	5	24	-	-	COVID	English	Regular	MP	notMinister	MHP	Nationalist Movement Party	-	Right to far-right	Yücel.Bulut	Bulut, Yücel	M	1980	
ParlaMint-TR-en_2021-11-30-tbmm-T27	tbmm-2021-11-30sit01spe0029par0102	The Turkish parliamentary corpus ParlaMint-TR-en, Term 27, Year 5, Session 24	2021-11-30	Unicameralism	27	5	24	-	-	COVID	English	Chairperson	MP	notMinister	AKP	Justice and Development Party	Coalition	Right	SüreyyaSadi.Bilgiç	Bilgiç, Süreyya Sadi	M	1961	
ParlaMint-TR-en_2021-11-30-tbmm-T27	tbmm-2021-11-30sit01spe0030par0103	The Turkish parliamentary corpus ParlaMint-TR-en, Term 27, Year 5, Session 24	2021-11-30	Unicameralism	27	5	24	-	-	COVID	English	Regular	MP	notMinister	CHP	Republican People's Party	Opposition	Centre-left	Müzeyyen.Şevkin	Şevkin, Müzeyyen	F	1961	
ParlaMint-TR-en_2021-11-30-tbmm-T27	tbmm-2021-11-30sit01spe0029par0104	The Turkish parliamentary corpus ParlaMint-TR-en, Term 27, Year 5, Session 24	2021-11-30	Unicameralism	27	5	24	-	-	COVID	English	Chairperson	MP	notMinister	AKP	Justice and Development Party	Coalition	Right	SüreyyaSadi.Bilgiç	Bilgiç, Süreyya Sadi	M	1961	
ParlaMint-TR-en_2021-11-30-tbmm-T27	tbmm-2021-11-30sit01spe0031par0105	The Turkish parliamentary corpus ParlaMint-TR-en, Term 27, Year 5, Session 24	2021-11-30	Unicameralism	27	5	24	-	-	COVID	English	Regular	MP	notMinister	CHP	Republican People's Party	Opposition	Centre-left	Abdurrahman.Tutdere	Tutdere, Abdurrahman	M	1976	
ParlaMint-TR-en_2021-11-30-tbmm-T27	tbmm-2021-11-30sit01spe0029par0107	The Turkish parliamentary corpus ParlaMint-TR-en, Term 27, Year 5, Session 24	2021-11-30	Unicameralism	27	5	24	-	-	COVID	English	Chairperson	MP	notMinister	AKP	Justice and Development Party	Coalition	Right	SüreyyaSadi.Bilgiç	Bilgiç, Süreyya Sadi	M	1961	
ParlaMint-TR-en_2021-11-30-tbmm-T27	tbmm-2021-11-30sit01spe0032par0108	The Turkish parliamentary corpus ParlaMint-TR-en, Term 27, Year 5, Session 24	2021-11-30	Unicameralism	27	5	24	-	-	COVID	English	Regular	MP	notMinister	HDP	Peoples' Democratic Party	Opposition	Centre-left to left	Ali.Kenanoğlu	Kenanoğlu, Ali	M	1971	
ParlaMint-TR-en_2021-11-30-tbmm-T27	tbmm-2021-11-30sit01spe0033par0111	The Turkish parliamentary corpus ParlaMint-TR-en, Term 27, Year 5, Session 24	2021-11-30	Unicameralism	27	5	24	-	-	COVID	English	Chairperson	MP	notMinister	AKP	Justice and Development Party	Coalition	Right	SüreyyaSadi.Bilgiç	Bilgiç, Süreyya Sadi	M	1961	
ParlaMint-TR-en_2021-11-30-tbmm-T27	tbmm-2021-11-30sit01spe0034par0112	The Turkish parliamentary corpus ParlaMint-TR-en, Term 27, Year 5, Session 24	2021-11-30	Unicameralism	27	5	24	-	-	COVID	English	Regular	MP	notMinister	CHP	Republican People's Party	Opposition	Centre-left	AliFazıl.Kasap	Kasap, Ali Fazıl	M	1965	
ParlaMint-TR-en_2021-11-30-tbmm-T27	tbmm-2021-11-30sit01spe0033par0114	The Turkish parliamentary corpus ParlaMint-TR-en, Term 27, Year 5, Session 24	2021-11-30	Unicameralism	27	5	24	-	-	COVID	English	Chairperson	MP	notMinister	AKP	Justice and Development Party	Coalition	Right	SüreyyaSadi.Bilgiç	Bilgiç, Süreyya Sadi	M	1961	
ParlaMint-TR-en_2021-11-30-tbmm-T27	tbmm-2021-11-30sit01spe0035par0115	The Turkish parliamentary corpus ParlaMint-TR-en, Term 27, Year 5, Session 24	2021-11-30	Unicameralism	27	5	24	-	-	COVID	English	Regular	MP	notMinister	CHP	Republican People's Party	Opposition	Centre-left	Suat.Özcan	Özcan, Suat	M	1960	
ParlaMint-TR-en_2021-11-30-tbmm-T27	tbmm-2021-11-30sit01spe0033par0117	The Turkish parliamentary corpus ParlaMint-TR-en, Term 27, Year 5, Session 24	2021-11-30	Unicameralism	27	5	24	-	-	COVID	English	Chairperson	MP	notMinister	AKP	Justice and Development Party	Coalition	Right	SüreyyaSadi.Bilgiç	Bilgiç, Süreyya Sadi	M	1961	
ParlaMint-TR-en_2021-11-30-tbmm-T27	tbmm-2021-11-30sit01spe0036par0118	The Turkish parliamentary corpus ParlaMint-TR-en, Term 27, Year 5, Session 24	2021-11-30	Unicameralism	27	5	24	-	-	COVID	English	Regular	MP	notMinister	CHP	Republican People's Party	Opposition	Centre-left	Fikret.Şahin	Şahin, Fikret	M	1968	
ParlaMint-TR-en_2021-11-30-tbmm-T27	tbmm-2021-11-30sit01spe0033par0120	The Turkish parliamentary corpus ParlaMint-TR-en, Term 27, Year 5, Session 24	2021-11-30	Unicameralism	27	5	24	-	-	COVID	English	Chairperson	MP	notMinister	AKP	Justice and Development Party	Coalition	Right	SüreyyaSadi.Bilgiç	Bilgiç, Süreyya Sadi	M	1961	
ParlaMint-TR-en_2021-11-30-tbmm-T27	tbmm-2021-11-30sit01spe0037par0121	The Turkish parliamentary corpus ParlaMint-TR-en, Term 27, Year 5, Session 24	2021-11-30	Unicameralism	27	5	24	-	-	COVID	English	Regular	MP	notMinister	HDP	Peoples' Democratic Party	Opposition	Centre-left to left	Hüseyin.Kaçmaz	Kaçmaz, Hüseyin	M	1986	
ParlaMint-TR-en_2021-11-30-tbmm-T27	tbmm-2021-11-30sit01spe0038par0124	The Turkish parliamentary corpus ParlaMint-TR-en, Term 27, Year 5, Session 24	2021-11-30	Unicameralism	27	5	24	-	-	COVID	English	Chairperson	MP	notMinister	AKP	Justice and Development Party	Coalition	Right	SüreyyaSadi.Bilgiç	Bilgiç, Süreyya Sadi	M	1961	
ParlaMint-TR-en_2021-11-30-tbmm-T27	tbmm-2021-11-30sit01spe0039par0125	The Turkish parliamentary corpus ParlaMint-TR-en, Term 27, Year 5, Session 24	2021-11-30	Unicameralism	27	5	24	-	-	COVID	English	Regular	MP	notMinister	IYI	İYİ Party	Opposition	Centre-right	İmamHüseyin.Filiz	Filiz, İmam Hüseyin	M	1950	
ParlaMint-TR-en_2021-11-30-tbmm-T27	tbmm-2021-11-30sit01spe0040par0128	The Turkish parliamentary corpus ParlaMint-TR-en, Term 27, Year 5, Session 24	2021-11-30	Unicameralism	27	5	24	-	-	COVID	English	Chairperson	MP	notMinister	AKP	Justice and Development Party	Coalition	Right	SüreyyaSadi.Bilgiç	Bilgiç, Süreyya Sadi	M	1961	
ParlaMint-TR-en_2021-11-30-tbmm-T27	tbmm-2021-11-30sit01spe0041par0129	The Turkish parliamentary corpus ParlaMint-TR-en, Term 27, Year 5, Session 24	2021-11-30	Unicameralism	27	5	24	-	-	COVID	English	Regular	MP	notMinister	MHP	Nationalist Movement Party	-	Right to far-right	Sefer.Aycan	Aycan, Sefer	M	1963	
ParlaMint-TR-en_2021-11-30-tbmm-T27	tbmm-2021-11-30sit01spe0042par0133	The Turkish parliamentary corpus ParlaMint-TR-en, Term 27, Year 5, Session 24	2021-11-30	Unicameralism	27	5	24	-	-	COVID	English	Chairperson	MP	notMinister	AKP	Justice and Development Party	Coalition	Right	SüreyyaSadi.Bilgiç	Bilgiç, Süreyya Sadi	M	1961	
ParlaMint-TR-en_2021-11-30-tbmm-T27	tbmm-2021-11-30sit01spe0043par0136	The Turkish parliamentary corpus ParlaMint-TR-en, Term 27, Year 5, Session 24	2021-11-30	Unicameralism	27	5	24	-	-	COVID	English	Regular	MP	notMinister	IYI	İYİ Party	Opposition	Centre-right	DursunMüsavat.Dervişoğlu	Dervişoğlu, Dursun Müsavat	M	1960	
ParlaMint-TR-en_2021-11-30-tbmm-T27	tbmm-2021-11-30sit01spe0044par0141	The Turkish parliamentary corpus ParlaMint-TR-en, Term 27, Year 5, Session 24	2021-11-30	Unicameralism	27	5	24	-	-	COVID	English	Chairperson	MP	notMinister	AKP	Justice and Development Party	Coalition	Right	SüreyyaSadi.Bilgiç	Bilgiç, Süreyya Sadi	M	1961	
ParlaMint-TR-en_2021-11-30-tbmm-T27	tbmm-2021-11-30sit01spe0043par0142	The Turkish parliamentary corpus ParlaMint-TR-en, Term 27, Year 5, Session 24	2021-11-30	Unicameralism	27	5	24	-	-	COVID	English	Regular	MP	notMinister	IYI	İYİ Party	Opposition	Centre-right	DursunMüsavat.Dervişoğlu	Dervişoğlu, Dursun Müsavat	M	1960	
ParlaMint-TR-en_2021-11-30-tbmm-T27	tbmm-2021-11-30sit01spe0044par0145	The Turkish parliamentary corpus ParlaMint-TR-en, Term 27, Year 5, Session 24	2021-11-30	Unicameralism	27	5	24	-	-	COVID	English	Chairperson	MP	notMinister	AKP	Justice and Development Party	Coalition	Right	SüreyyaSadi.Bilgiç	Bilgiç, Süreyya Sadi	M	1961	
ParlaMint-TR-en_2021-11-30-tbmm-T27	tbmm-2021-11-30sit01spe0043par0147	The Turkish parliamentary corpus ParlaMint-TR-en, Term 27, Year 5, Session 24	2021-11-30	Unicameralism	27	5	24	-	-	COVID	English	Regular	MP	notMinister	IYI	İYİ Party	Opposition	Centre-right	DursunMüsavat.Dervişoğlu	Dervişoğlu, Dursun Müsavat	M	1960	
ParlaMint-TR-en_2021-11-30-tbmm-T27	tbmm-2021-11-30sit01spe0044par0150	The Turkish parliamentary corpus ParlaMint-TR-en, Term 27, Year 5, Session 24	2021-11-30	Unicameralism	27	5	24	-	-	COVID	English	Chairperson	MP	notMinister	AKP	Justice and Development Party	Coalition	Right	SüreyyaSadi.Bilgiç	Bilgiç, Süreyya Sadi	M	1961	
ParlaMint-TR-en_2021-11-30-tbmm-T27	tbmm-2021-11-30sit01spe0043par0152	The Turkish parliamentary corpus ParlaMint-TR-en, Term 27, Year 5, Session 24	2021-11-30	Unicameralism	27	5	24	-	-	COVID	English	Regular	MP	notMinister	IYI	İYİ Party	Opposition	Centre-right	DursunMüsavat.Dervişoğlu	Dervişoğlu, Dursun Müsavat	M	1960	
ParlaMint-TR-en_2021-11-30-tbmm-T27	tbmm-2021-11-30sit01spe0044par0153	The Turkish parliamentary corpus ParlaMint-TR-en, Term 27, Year 5, Session 24	2021-11-30	Unicameralism	27	5	24	-	-	COVID	English	Chairperson	MP	notMinister	AKP	Justice and Development Party	Coalition	Right	SüreyyaSadi.Bilgiç	Bilgiç, Süreyya Sadi	M	1961	
ParlaMint-TR-en_2021-11-30-tbmm-T27	tbmm-2021-11-30sit01spe0045par0154	The Turkish parliamentary corpus ParlaMint-TR-en, Term 27, Year 5, Session 24	2021-11-30	Unicameralism	27	5	24	-	-	COVID	English	Regular	MP	notMinister	MHP	Nationalist Movement Party	-	Right to far-right	MuhammedLevent.Bülbül	Bülbül, Muhammed Levent	M	1980	
ParlaMint-TR-en_2021-11-30-tbmm-T27	tbmm-2021-11-30sit01spe0046par0160	The Turkish parliamentary corpus ParlaMint-TR-en, Term 27, Year 5, Session 24	2021-11-30	Unicameralism	27	5	24	-	-	COVID	English	Chairperson	MP	notMinister	AKP	Justice and Development Party	Coalition	Right	SüreyyaSadi.Bilgiç	Bilgiç, Süreyya Sadi	M	1961	
ParlaMint-TR-en_2021-11-30-tbmm-T27	tbmm-2021-11-30sit01spe0045par0161	The Turkish parliamentary corpus ParlaMint-TR-en, Term 27, Year 5, Session 24	2021-11-30	Unicameralism	27	5	24	-	-	COVID	English	Regular	MP	notMinister	MHP	Nationalist Movement Party	-	Right to far-right	MuhammedLevent.Bülbül	Bülbül, Muhammed Levent	M	1980	
ParlaMint-TR-en_2021-11-30-tbmm-T27	tbmm-2021-11-30sit01spe0046par0163	The Turkish parliamentary corpus ParlaMint-TR-en, Term 27, Year 5, Session 24	2021-11-30	Unicameralism	27	5	24	-	-	COVID	English	Chairperson	MP	notMinister	AKP	Justice and Development Party	Coalition	Right	SüreyyaSadi.Bilgiç	Bilgiç, Süreyya Sadi	M	1961	
ParlaMint-TR-en_2021-11-30-tbmm-T27	tbmm-2021-11-30sit01spe0047par0164	The Turkish parliamentary corpus ParlaMint-TR-en, Term 27, Year 5, Session 24	2021-11-30	Unicameralism	27	5	24	-	-	COVID	English	Regular	MP	notMinister	HDP	Peoples' Democratic Party	Opposition	Centre-left to left	Meral.DanışBeştaş	Danış Beştaş, Meral	F	1967	
ParlaMint-TR-en_2021-11-30-tbmm-T27	tbmm-2021-11-30sit01spe0048par0169	The Turkish parliamentary corpus ParlaMint-TR-en, Term 27, Year 5, Session 24	2021-11-30	Unicameralism	27	5	24	-	-	COVID	English	Chairperson	MP	notMinister	AKP	Justice and Development Party	Coalition	Right	SüreyyaSadi.Bilgiç	Bilgiç, Süreyya Sadi	M	1961	
ParlaMint-TR-en_2021-11-30-tbmm-T27	tbmm-2021-11-30sit01spe0047par0170	The Turkish parliamentary corpus ParlaMint-TR-en, Term 27, Year 5, Session 24	2021-11-30	Unicameralism	27	5	24	-	-	COVID	English	Regular	MP	notMinister	HDP	Peoples' Democratic Party	Opposition	Centre-left to left	Meral.DanışBeştaş	Danış Beştaş, Meral	F	1967	
ParlaMint-TR-en_2021-11-30-tbmm-T27	tbmm-2021-11-30sit01spe0048par0172	The Turkish parliamentary corpus ParlaMint-TR-en, Term 27, Year 5, Session 24	2021-11-30	Unicameralism	27	5	24	-	-	COVID	English	Chairperson	MP	notMinister	AKP	Justice and Development Party	Coalition	Right	SüreyyaSadi.Bilgiç	Bilgiç, Süreyya Sadi	M	1961	
ParlaMint-TR-en_2021-11-30-tbmm-T27	tbmm-2021-11-30sit01spe0047par0173	The Turkish parliamentary corpus ParlaMint-TR-en, Term 27, Year 5, Session 24	2021-11-30	Unicameralism	27	5	24	-	-	COVID	English	Regular	MP	notMinister	HDP	Peoples' Democratic Party	Opposition	Centre-left to left	Meral.DanışBeştaş	Danış Beştaş, Meral	F	1967	
ParlaMint-TR-en_2021-11-30-tbmm-T27	tbmm-2021-11-30sit01spe0048par0176	The Turkish parliamentary corpus ParlaMint-TR-en, Term 27, Year 5, Session 24	2021-11-30	Unicameralism	27	5	24	-	-	COVID	English	Chairperson	MP	notMinister	AKP	Justice and Development Party	Coalition	Right	SüreyyaSadi.Bilgiç	Bilgiç, Süreyya Sadi	M	1961	
ParlaMint-TR-en_2021-11-30-tbmm-T27	tbmm-2021-11-30sit01spe0047par0177	The Turkish parliamentary corpus ParlaMint-TR-en, Term 27, Year 5, Session 24	2021-11-30	Unicameralism	27	5	24	-	-	COVID	English	Regular	MP	notMinister	HDP	Peoples' Democratic Party	Opposition	Centre-left to left	Meral.DanışBeştaş	Danış Beştaş, Meral	F	1967	
ParlaMint-TR-en_2021-11-30-tbmm-T27	tbmm-2021-11-30sit01spe0048par0180	The Turkish parliamentary corpus ParlaMint-TR-en, Term 27, Year 5, Session 24	2021-11-30	Unicameralism	27	5	24	-	-	COVID	English	Chairperson	MP	notMinister	AKP	Justice and Development Party	Coalition	Right	SüreyyaSadi.Bilgiç	Bilgiç, Süreyya Sadi	M	1961	
ParlaMint-TR-en_2021-11-30-tbmm-T27	tbmm-2021-11-30sit01spe0047par0181	The Turkish parliamentary corpus ParlaMint-TR-en, Term 27, Year 5, Session 24	2021-11-30	Unicameralism	27	5	24	-	-	COVID	English	Regular	MP	notMinister	HDP	Peoples' Democratic Party	Opposition	Centre-left to left	Meral.DanışBeştaş	Danış Beştaş, Meral	F	1967	
ParlaMint-TR-en_2021-11-30-tbmm-T27	tbmm-2021-11-30sit01spe0049par0184	The Turkish parliamentary corpus ParlaMint-TR-en, Term 27, Year 5, Session 24	2021-11-30	Unicameralism	27	5	24	-	-	COVID	English	Chairperson	MP	notMinister	AKP	Justice and Development Party	Coalition	Right	SüreyyaSadi.Bilgiç	Bilgiç, Süreyya Sadi	M	1961	
ParlaMint-TR-en_2021-11-30-tbmm-T27	tbmm-2021-11-30sit01spe0050par0185	The Turkish parliamentary corpus ParlaMint-TR-en, Term 27, Year 5, Session 24	2021-11-30	Unicameralism	27	5	24	-	-	COVID	English	Regular	MP	notMinister	CHP	Republican People's Party	Opposition	Centre-left	Engin.Altay	Altay, Engin	M	1963	
ParlaMint-TR-en_2021-11-30-tbmm-T27	tbmm-2021-11-30sit01spe0051par0191	The Turkish parliamentary corpus ParlaMint-TR-en, Term 27, Year 5, Session 24	2021-11-30	Unicameralism	27	5	24	-	-	COVID	English	Chairperson	MP	notMinister	AKP	Justice and Development Party	Coalition	Right	SüreyyaSadi.Bilgiç	Bilgiç, Süreyya Sadi	M	1961	
ParlaMint-TR-en_2021-11-30-tbmm-T27	tbmm-2021-11-30sit01spe0050par0192	The Turkish parliamentary corpus ParlaMint-TR-en, Term 27, Year 5, Session 24	2021-11-30	Unicameralism	27	5	24	-	-	COVID	English	Regular	MP	notMinister	CHP	Republican People's Party	Opposition	Centre-left	Engin.Altay	Altay, Engin	M	1963	
ParlaMint-TR-en_2021-11-30-tbmm-T27	tbmm-2021-11-30sit01spe0051par0195	The Turkish parliamentary corpus ParlaMint-TR-en, Term 27, Year 5, Session 24	2021-11-30	Unicameralism	27	5	24	-	-	COVID	English	Chairperson	MP	notMinister	AKP	Justice and Development Party	Coalition	Right	SüreyyaSadi.Bilgiç	Bilgiç, Süreyya Sadi	M	1961	
ParlaMint-TR-en_2021-11-30-tbmm-T27	tbmm-2021-11-30sit01spe0050par0196	The Turkish parliamentary corpus ParlaMint-TR-en, Term 27, Year 5, Session 24	2021-11-30	Unicameralism	27	5	24	-	-	COVID	English	Regular	MP	notMinister	CHP	Republican People's Party	Opposition	Centre-left	Engin.Altay	Altay, Engin	M	1963	
ParlaMint-TR-en_2021-11-30-tbmm-T27	tbmm-2021-11-30sit01spe0051par0199	The Turkish parliamentary corpus ParlaMint-TR-en, Term 27, Year 5, Session 24	2021-11-30	Unicameralism	27	5	24	-	-	COVID	English	Chairperson	MP	notMinister	AKP	Justice and Development Party	Coalition	Right	SüreyyaSadi.Bilgiç	Bilgiç, Süreyya Sadi	M	1961	
ParlaMint-TR-en_2021-11-30-tbmm-T27	tbmm-2021-11-30sit01spe0050par0200	The Turkish parliamentary corpus ParlaMint-TR-en, Term 27, Year 5, Session 24	2021-11-30	Unicameralism	27	5	24	-	-	COVID	English	Regular	MP	notMinister	CHP	Republican People's Party	Opposition	Centre-left	Engin.Altay	Altay, Engin	M	1963	
ParlaMint-TR-en_2021-11-30-tbmm-T27	tbmm-2021-11-30sit01spe0051par0203	The Turkish parliamentary corpus ParlaMint-TR-en, Term 27, Year 5, Session 24	2021-11-30	Unicameralism	27	5	24	-	-	COVID	English	Chairperson	MP	notMinister	AKP	Justice and Development Party	Coalition	Right	SüreyyaSadi.Bilgiç	Bilgiç, Süreyya Sadi	M	1961	
ParlaMint-TR-en_2021-11-30-tbmm-T27	tbmm-2021-11-30sit01spe0052par0204	The Turkish parliamentary corpus ParlaMint-TR-en, Term 27, Year 5, Session 24	2021-11-30	Unicameralism	27	5	24	-	-	COVID	English	Regular	MP	notMinister	AKP	Justice and Development Party	Coalition	Right	Mustafa.Elitaş	Elitaş, Mustafa	M	1957	
ParlaMint-TR-en_2021-11-30-tbmm-T27	tbmm-2021-11-30sit01spe0053par0209	The Turkish parliamentary corpus ParlaMint-TR-en, Term 27, Year 5, Session 24	2021-11-30	Unicameralism	27	5	24	-	-	COVID	English	Chairperson	MP	notMinister	AKP	Justice and Development Party	Coalition	Right	SüreyyaSadi.Bilgiç	Bilgiç, Süreyya Sadi	M	1961	
ParlaMint-TR-en_2021-11-30-tbmm-T27	tbmm-2021-11-30sit01spe0052par0210	The Turkish parliamentary corpus ParlaMint-TR-en, Term 27, Year 5, Session 24	2021-11-30	Unicameralism	27	5	24	-	-	COVID	English	Regular	MP	notMinister	AKP	Justice and Development Party	Coalition	Right	Mustafa.Elitaş	Elitaş, Mustafa	M	1957	
ParlaMint-TR-en_2021-11-30-tbmm-T27	tbmm-2021-11-30sit01spe0053par0212	The Turkish parliamentary corpus ParlaMint-TR-en, Term 27, Year 5, Session 24	2021-11-30	Unicameralism	27	5	24	-	-	COVID	English	Chairperson	MP	notMinister	AKP	Justice and Development Party	Coalition	Right	SüreyyaSadi.Bilgiç	Bilgiç, Süreyya Sadi	M	1961	
ParlaMint-TR-en_2021-11-30-tbmm-T27	tbmm-2021-11-30sit01spe0052par0213	The Turkish parliamentary corpus ParlaMint-TR-en, Term 27, Year 5, Session 24	2021-11-30	Unicameralism	27	5	24	-	-	COVID	English	Regular	MP	notMinister	AKP	Justice and Development Party	Coalition	Right	Mustafa.Elitaş	Elitaş, Mustafa	M	1957	
ParlaMint-TR-en_2021-11-30-tbmm-T27	tbmm-2021-11-30sit01spe0053par0215	The Turkish parliamentary corpus ParlaMint-TR-en, Term 27, Year 5, Session 24	2021-11-30	Unicameralism	27	5	24	-	-	COVID	English	Chairperson	MP	notMinister	AKP	Justice and Development Party	Coalition	Right	SüreyyaSadi.Bilgiç	Bilgiç, Süreyya Sadi	M	1961	
ParlaMint-TR-en_2021-11-30-tbmm-T27	tbmm-2021-11-30sit01spe0052par0216	The Turkish parliamentary corpus ParlaMint-TR-en, Term 27, Year 5, Session 24	2021-11-30	Unicameralism	27	5	24	-	-	COVID	English	Regular	MP	notMinister	AKP	Justice and Development Party	Coalition	Right	Mustafa.Elitaş	Elitaş, Mustafa	M	1957	
ParlaMint-TR-en_2021-11-30-tbmm-T27	tbmm-2021-11-30sit01spe0054par0219	The Turkish parliamentary corpus ParlaMint-TR-en, Term 27, Year 5, Session 24	2021-11-30	Unicameralism	27	5	24	-	-	COVID	English	Regular	MP	notMinister	CHP	Republican People's Party	Opposition	Centre-left	Engin.Altay	Altay, Engin	M	1963	
ParlaMint-TR-en_2021-11-30-tbmm-T27	tbmm-2021-11-30sit01spe0055par0220	The Turkish parliamentary corpus ParlaMint-TR-en, Term 27, Year 5, Session 24	2021-11-30	Unicameralism	27	5	24	-	-	COVID	English	Chairperson	MP	notMinister	AKP	Justice and Development Party	Coalition	Right	SüreyyaSadi.Bilgiç	Bilgiç, Süreyya Sadi	M	1961	
ParlaMint-TR-en_2021-11-30-tbmm-T27	tbmm-2021-11-30sit01spe0056par0221	The Turkish parliamentary corpus ParlaMint-TR-en, Term 27, Year 5, Session 24	2021-11-30	Unicameralism	27	5	24	-	-	COVID	English	Regular	MP	notMinister	HDP	Peoples' Democratic Party	Opposition	Centre-left to left	Meral.DanışBeştaş	Danış Beştaş, Meral	F	1967	
ParlaMint-TR-en_2021-11-30-tbmm-T27	tbmm-2021-11-30sit01spe0055par0222	The Turkish parliamentary corpus ParlaMint-TR-en, Term 27, Year 5, Session 24	2021-11-30	Unicameralism	27	5	24	-	-	COVID	English	Chairperson	MP	notMinister	AKP	Justice and Development Party	Coalition	Right	SüreyyaSadi.Bilgiç	Bilgiç, Süreyya Sadi	M	1961	
ParlaMint-TR-en_2021-11-30-tbmm-T27	tbmm-2021-11-30sit01spe0057par0223	The Turkish parliamentary corpus ParlaMint-TR-en, Term 27, Year 5, Session 24	2021-11-30	Unicameralism	27	5	24	-	-	COVID	English	Regular	MP	notMinister	AKP	Justice and Development Party	Coalition	Right	Mustafa.Elitaş	Elitaş, Mustafa	M	1957	
ParlaMint-TR-en_2021-11-30-tbmm-T27	tbmm-2021-11-30sit01spe0058par0229	The Turkish parliamentary corpus ParlaMint-TR-en, Term 27, Year 5, Session 24	2021-11-30	Unicameralism	27	5	24	-	-	COVID	English	Chairperson	MP	notMinister	AKP	Justice and Development Party	Coalition	Right	SüreyyaSadi.Bilgiç	Bilgiç, Süreyya Sadi	M	1961	
ParlaMint-TR-en_2021-11-30-tbmm-T27	tbmm-2021-11-30sit01spe0059par0230	The Turkish parliamentary corpus ParlaMint-TR-en, Term 27, Year 5, Session 24	2021-11-30	Unicameralism	27	5	24	-	-	COVID	English	Regular	MP	notMinister	CHP	Republican People's Party	Opposition	Centre-left	Engin.Altay	Altay, Engin	M	1963	
ParlaMint-TR-en_2021-11-30-tbmm-T27	tbmm-2021-11-30sit01spe0058par0232	The Turkish parliamentary corpus ParlaMint-TR-en, Term 27, Year 5, Session 24	2021-11-30	Unicameralism	27	5	24	-	-	COVID	English	Chairperson	MP	notMinister	AKP	Justice and Development Party	Coalition	Right	SüreyyaSadi.Bilgiç	Bilgiç, Süreyya Sadi	M	1961	
ParlaMint-TR-en_2021-11-30-tbmm-T27	tbmm-2021-11-30sit01spe0060par0314	The Turkish parliamentary corpus ParlaMint-TR-en, Term 27, Year 5, Session 24	2021-11-30	Unicameralism	27	5	24	-	-	COVID	English	Regular	MP	notMinister	IYI	İYİ Party	Opposition	Centre-right	Fahrettin.Yokuş	Yokuş, Fahrettin	M	1958	
ParlaMint-TR-en_2021-11-30-tbmm-T27	tbmm-2021-11-30sit01spe0061par0320	The Turkish parliamentary corpus ParlaMint-TR-en, Term 27, Year 5, Session 24	2021-11-30	Unicameralism	27	5	24	-	-	COVID	English	Chairperson	MP	notMinister	AKP	Justice and Development Party	Coalition	Right	SüreyyaSadi.Bilgiç	Bilgiç, Süreyya Sadi	M	1961	
ParlaMint-TR-en_2021-11-30-tbmm-T27	tbmm-2021-11-30sit01spe0060par0321	The Turkish parliamentary corpus ParlaMint-TR-en, Term 27, Year 5, Session 24	2021-11-30	Unicameralism	27	5	24	-	-	COVID	English	Regular	MP	notMinister	IYI	İYİ Party	Opposition	Centre-right	Fahrettin.Yokuş	Yokuş, Fahrettin	M	1958	
ParlaMint-TR-en_2021-11-30-tbmm-T27	tbmm-2021-11-30sit01spe0061par0324	The Turkish parliamentary corpus ParlaMint-TR-en, Term 27, Year 5, Session 24	2021-11-30	Unicameralism	27	5	24	-	-	COVID	English	Chairperson	MP	notMinister	AKP	Justice and Development Party	Coalition	Right	SüreyyaSadi.Bilgiç	Bilgiç, Süreyya Sadi	M	1961	
ParlaMint-TR-en_2021-11-30-tbmm-T27	tbmm-2021-11-30sit01spe0062par0327	The Turkish parliamentary corpus ParlaMint-TR-en, Term 27, Year 5, Session 24	2021-11-30	Unicameralism	27	5	24	-	-	COVID	English	Regular	MP	notMinister	HDP	Peoples' Democratic Party	Opposition	Centre-left to left	MahmutCeladet.Gaydalı	Gaydalı, Mahmut Celadet	M	1951	
ParlaMint-TR-en_2021-11-30-tbmm-T27	tbmm-2021-11-30sit01spe0063par0334	The Turkish parliamentary corpus ParlaMint-TR-en, Term 27, Year 5, Session 24	2021-11-30	Unicameralism	27	5	24	-	-	COVID	English	Chairperson	MP	notMinister	AKP	Justice and Development Party	Coalition	Right	SüreyyaSadi.Bilgiç	Bilgiç, Süreyya Sadi	M	1961	
ParlaMint-TR-en_2021-11-30-tbmm-T27	tbmm-2021-11-30sit01spe0062par0336	The Turkish parliamentary corpus ParlaMint-TR-en, Term 27, Year 5, Session 24	2021-11-30	Unicameralism	27	5	24	-	-	COVID	English	Regular	MP	notMinister	HDP	Peoples' Democratic Party	Opposition	Centre-left to left	MahmutCeladet.Gaydalı	Gaydalı, Mahmut Celadet	M	1951	
ParlaMint-TR-en_2021-11-30-tbmm-T27	tbmm-2021-11-30sit01spe0063par0339	The Turkish parliamentary corpus ParlaMint-TR-en, Term 27, Year 5, Session 24	2021-11-30	Unicameralism	27	5	24	-	-	COVID	English	Chairperson	MP	notMinister	AKP	Justice and Development Party	Coalition	Right	SüreyyaSadi.Bilgiç	Bilgiç, Süreyya Sadi	M	1961	
ParlaMint-TR-en_2021-11-30-tbmm-T27	tbmm-2021-11-30sit01spe0064par0342	The Turkish parliamentary corpus ParlaMint-TR-en, Term 27, Year 5, Session 24	2021-11-30	Unicameralism	27	5	24	-	-	COVID	English	Regular	MP	notMinister	CHP	Republican People's Party	Opposition	Centre-left	Ensar.Aytekin	Aytekin, Ensar	M	1972	
ParlaMint-TR-en_2021-11-30-tbmm-T27	tbmm-2021-11-30sit01spe0065par0347	The Turkish parliamentary corpus ParlaMint-TR-en, Term 27, Year 5, Session 24	2021-11-30	Unicameralism	27	5	24	-	-	COVID	English	Chairperson	MP	notMinister	AKP	Justice and Development Party	Coalition	Right	SüreyyaSadi.Bilgiç	Bilgiç, Süreyya Sadi	M	1961	
ParlaMint-TR-en_2021-11-30-tbmm-T27	tbmm-2021-11-30sit01spe0066par0350	The Turkish parliamentary corpus ParlaMint-TR-en, Term 27, Year 5, Session 24	2021-11-30	Unicameralism	27	5	24	-	-	COVID	English	Regular	MP	notMinister	AKP	Justice and Development Party	Coalition	Right	Orhan.Yegin	Yegin, Orhan	M	1978	
ParlaMint-TR-en_2021-11-30-tbmm-T27	tbmm-2021-11-30sit01spe0067par0354	The Turkish parliamentary corpus ParlaMint-TR-en, Term 27, Year 5, Session 24	2021-11-30	Unicameralism	27	5	24	-	-	COVID	English	Chairperson	MP	notMinister	AKP	Justice and Development Party	Coalition	Right	SüreyyaSadi.Bilgiç	Bilgiç, Süreyya Sadi	M	1961	
ParlaMint-TR-en_2021-11-30-tbmm-T27	tbmm-2021-11-30sit01spe0066par0355	The Turkish parliamentary corpus ParlaMint-TR-en, Term 27, Year 5, Session 24	2021-11-30	Unicameralism	27	5	24	-	-	COVID	English	Regular	MP	notMinister	AKP	Justice and Development Party	Coalition	Right	Orhan.Yegin	Yegin, Orhan	M	1978	
ParlaMint-TR-en_2021-11-30-tbmm-T27	tbmm-2021-11-30sit01spe0068par0359	The Turkish parliamentary corpus ParlaMint-TR-en, Term 27, Year 5, Session 24	2021-11-30	Unicameralism	27	5	24	-	-	COVID	English	Chairperson	MP	notMinister	AKP	Justice and Development Party	Coalition	Right	SüreyyaSadi.Bilgiç	Bilgiç, Süreyya Sadi	M	1961	
ParlaMint-TR-en_2021-11-30-tbmm-T27	tbmm-2021-11-30sit01spe0066par0360	The Turkish parliamentary corpus ParlaMint-TR-en, Term 27, Year 5, Session 24	2021-11-30	Unicameralism	27	5	24	-	-	COVID	English	Regular	MP	notMinister	AKP	Justice and Development Party	Coalition	Right	Orhan.Yegin	Yegin, Orhan	M	1978	
ParlaMint-TR-en_2021-11-30-tbmm-T27	tbmm-2021-11-30sit01spe0068par0362	The Turkish parliamentary corpus ParlaMint-TR-en, Term 27, Year 5, Session 24	2021-11-30	Unicameralism	27	5	24	-	-	COVID	English	Chairperson	MP	notMinister	AKP	Justice and Development Party	Coalition	Right	SüreyyaSadi.Bilgiç	Bilgiç, Süreyya Sadi	M	1961	
ParlaMint-TR-en_2021-11-30-tbmm-T27	tbmm-2021-11-30sit01spe0069par0375	The Turkish parliamentary corpus ParlaMint-TR-en, Term 27, Year 5, Session 24	2021-11-30	Unicameralism	27	5	24	-	-	COVID	English	Regular	MP	notMinister	HDP	Peoples' Democratic Party	Opposition	Centre-left to left	Ebrü.Günay	Günay, Ebrü	F	1982	
ParlaMint-TR-en_2021-11-30-tbmm-T27	tbmm-2021-11-30sit01spe0070par0380	The Turkish parliamentary corpus ParlaMint-TR-en, Term 27, Year 5, Session 24	2021-11-30	Unicameralism	27	5	24	-	-	COVID	English	Chairperson	MP	notMinister	AKP	Justice and Development Party	Coalition	Right	SüreyyaSadi.Bilgiç	Bilgiç, Süreyya Sadi	M	1961	
ParlaMint-TR-en_2021-11-30-tbmm-T27	tbmm-2021-11-30sit01spe0071par0383	The Turkish parliamentary corpus ParlaMint-TR-en, Term 27, Year 5, Session 24	2021-11-30	Unicameralism	27	5	24	-	-	COVID	English	Regular	MP	notMinister	CHP	Republican People's Party	Opposition	Centre-left	MustafaSezgin.Tanrıkulu	Tanrıkulu, Mustafa Sezgin	M	1963	
ParlaMint-TR-en_2021-11-30-tbmm-T27	tbmm-2021-11-30sit01spe0072par0389	The Turkish parliamentary corpus ParlaMint-TR-en, Term 27, Year 5, Session 24	2021-11-30	Unicameralism	27	5	24	-	-	COVID	English	Chairperson	MP	notMinister	AKP	Justice and Development Party	Coalition	Right	SüreyyaSadi.Bilgiç	Bilgiç, Süreyya Sadi	M	1961	
ParlaMint-TR-en_2021-11-30-tbmm-T27	tbmm-2021-11-30sit01spe0071par0390	The Turkish parliamentary corpus ParlaMint-TR-en, Term 27, Year 5, Session 24	2021-11-30	Unicameralism	27	5	24	-	-	COVID	English	Regular	MP	notMinister	CHP	Republican People's Party	Opposition	Centre-left	MustafaSezgin.Tanrıkulu	Tanrıkulu, Mustafa Sezgin	M	1963	
ParlaMint-TR-en_2021-11-30-tbmm-T27	tbmm-2021-11-30sit01spe0073par0394	The Turkish parliamentary corpus ParlaMint-TR-en, Term 27, Year 5, Session 24	2021-11-30	Unicameralism	27	5	24	-	-	COVID	English	Regular	MP	notMinister	AKP	Justice and Development Party	Coalition	Right	MihrimahBelma.Satır	Satır, Mihrimah Belma	M	1961	
ParlaMint-TR-en_2021-11-30-tbmm-T27	tbmm-2021-11-30sit01spe0071par0395	The Turkish parliamentary corpus ParlaMint-TR-en, Term 27, Year 5, Session 24	2021-11-30	Unicameralism	27	5	24	-	-	COVID	English	Regular	MP	notMinister	CHP	Republican People's Party	Opposition	Centre-left	MustafaSezgin.Tanrıkulu	Tanrıkulu, Mustafa Sezgin	M	1963	
ParlaMint-TR-en_2021-11-30-tbmm-T27	tbmm-2021-11-30sit01spe0073par0396	The Turkish parliamentary corpus ParlaMint-TR-en, Term 27, Year 5, Session 24	2021-11-30	Unicameralism	27	5	24	-	-	COVID	English	Regular	MP	notMinister	AKP	Justice and Development Party	Coalition	Right	MihrimahBelma.Satır	Satır, Mihrimah Belma	M	1961	
ParlaMint-TR-en_2021-11-30-tbmm-T27	tbmm-2021-11-30sit01spe0074par0397	The Turkish parliamentary corpus ParlaMint-TR-en, Term 27, Year 5, Session 24	2021-11-30	Unicameralism	27	5	24	-	-	COVID	English	Chairperson	MP	notMinister	AKP	Justice and Development Party	Coalition	Right	SüreyyaSadi.Bilgiç	Bilgiç, Süreyya Sadi	M	1961	
ParlaMint-TR-en_2021-11-30-tbmm-T27	tbmm-2021-11-30sit01spe0073par0398	The Turkish parliamentary corpus ParlaMint-TR-en, Term 27, Year 5, Session 24	2021-11-30	Unicameralism	27	5	24	-	-	COVID	English	Regular	MP	notMinister	AKP	Justice and Development Party	Coalition	Right	MihrimahBelma.Satır	Satır, Mihrimah Belma	M	1961	
ParlaMint-TR-en_2021-11-30-tbmm-T27	tbmm-2021-11-30sit01spe0075par0399	The Turkish parliamentary corpus ParlaMint-TR-en, Term 27, Year 5, Session 24	2021-11-30	Unicameralism	27	5	24	-	-	COVID	English	Regular	MP	notMinister	CHP	Republican People's Party	Opposition	Centre-left	MustafaSezgin.Tanrıkulu	Tanrıkulu, Mustafa Sezgin	M	1963	
ParlaMint-TR-en_2021-11-30-tbmm-T27	tbmm-2021-11-30sit01spe0076par0400	The Turkish parliamentary corpus ParlaMint-TR-en, Term 27, Year 5, Session 24	2021-11-30	Unicameralism	27	5	24	-	-	COVID	English	Regular	MP	notMinister	AKP	Justice and Development Party	Coalition	Right	Mustafa.Elitaş	Elitaş, Mustafa	M	1957	
ParlaMint-TR-en_2021-11-30-tbmm-T27	tbmm-2021-11-30sit01spe0073par0401	The Turkish parliamentary corpus ParlaMint-TR-en, Term 27, Year 5, Session 24	2021-11-30	Unicameralism	27	5	24	-	-	COVID	English	Regular	MP	notMinister	AKP	Justice and Development Party	Coalition	Right	MihrimahBelma.Satır	Satır, Mihrimah Belma	M	1961	
ParlaMint-TR-en_2021-11-30-tbmm-T27	tbmm-2021-11-30sit01spe0076par0402	The Turkish parliamentary corpus ParlaMint-TR-en, Term 27, Year 5, Session 24	2021-11-30	Unicameralism	27	5	24	-	-	COVID	English	Regular	MP	notMinister	AKP	Justice and Development Party	Coalition	Right	Mustafa.Elitaş	Elitaş, Mustafa	M	1957	
ParlaMint-TR-en_2021-11-30-tbmm-T27	tbmm-2021-11-30sit01spe0077par0403	The Turkish parliamentary corpus ParlaMint-TR-en, Term 27, Year 5, Session 24	2021-11-30	Unicameralism	27	5	24	-	-	COVID	English	Regular	MP	notMinister	AKP	Justice and Development Party	Coalition	Right	MustafaLevent.Karahocagil	Karahocagil, Mustafa Levent	M	1959	
ParlaMint-TR-en_2021-11-30-tbmm-T27	tbmm-2021-11-30sit01spe0073par0404	The Turkish parliamentary corpus ParlaMint-TR-en, Term 27, Year 5, Session 24	2021-11-30	Unicameralism	27	5	24	-	-	COVID	English	Regular	MP	notMinister	AKP	Justice and Development Party	Coalition	Right	MihrimahBelma.Satır	Satır, Mihrimah Belma	M	1961	
ParlaMint-TR-en_2021-11-30-tbmm-T27	tbmm-2021-11-30sit01spe0078par0405	The Turkish parliamentary corpus ParlaMint-TR-en, Term 27, Year 5, Session 24	2021-11-30	Unicameralism	27	5	24	-	-	COVID	English	Chairperson	MP	notMinister	AKP	Justice and Development Party	Coalition	Right	SüreyyaSadi.Bilgiç	Bilgiç, Süreyya Sadi	M	1961	
ParlaMint-TR-en_2021-11-30-tbmm-T27	tbmm-2021-11-30sit01spe0079par0408	The Turkish parliamentary corpus ParlaMint-TR-en, Term 27, Year 5, Session 24	2021-11-30	Unicameralism	27	5	24	-	-	COVID	English	Regular	MP	notMinister	AKP	Justice and Development Party	Coalition	Right	Ali.Özkaya	Özkaya, Ali	M	1970	
ParlaMint-TR-en_2021-11-30-tbmm-T27	tbmm-2021-11-30sit01spe0080par0411	The Turkish parliamentary corpus ParlaMint-TR-en, Term 27, Year 5, Session 24	2021-11-30	Unicameralism	27	5	24	-	-	COVID	English	Regular	MP	notMinister	HDP	Peoples' Democratic Party	Opposition	Centre-left to left	DirayetDilan.Taşdemir	Taşdemir, Dirayet Dilan	F	1982	
ParlaMint-TR-en_2021-11-30-tbmm-T27	tbmm-2021-11-30sit01spe0079par0412	The Turkish parliamentary corpus ParlaMint-TR-en, Term 27, Year 5, Session 24	2021-11-30	Unicameralism	27	5	24	-	-	COVID	English	Regular	MP	notMinister	AKP	Justice and Development Party	Coalition	Right	Ali.Özkaya	Özkaya, Ali	M	1970	
ParlaMint-TR-en_2021-11-30-tbmm-T27	tbmm-2021-11-30sit01spe0081par0415	The Turkish parliamentary corpus ParlaMint-TR-en, Term 27, Year 5, Session 24	2021-11-30	Unicameralism	27	5	24	-	-	COVID	English	Regular	MP	notMinister	HDP	Peoples' Democratic Party	Opposition	Centre-left to left	Meral.DanışBeştaş	Danış Beştaş, Meral	F	1967	
ParlaMint-TR-en_2021-11-30-tbmm-T27	tbmm-2021-11-30sit01spe0079par0416	The Turkish parliamentary corpus ParlaMint-TR-en, Term 27, Year 5, Session 24	2021-11-30	Unicameralism	27	5	24	-	-	COVID	English	Regular	MP	notMinister	AKP	Justice and Development Party	Coalition	Right	Ali.Özkaya	Özkaya, Ali	M	1970	
ParlaMint-TR-en_2021-11-30-tbmm-T27	tbmm-2021-11-30sit01spe0082par0417	The Turkish parliamentary corpus ParlaMint-TR-en, Term 27, Year 5, Session 24	2021-11-30	Unicameralism	27	5	24	-	-	COVID	English	Regular	MP	notMinister	HDP	Peoples' Democratic Party	Opposition	Centre-left to left	Serpil.Kemalbay	Kemalbay Pekgözegü, Serpil	F	1964	
ParlaMint-TR-en_2021-11-30-tbmm-T27	tbmm-2021-11-30sit01spe0083par0418	The Turkish parliamentary corpus ParlaMint-TR-en, Term 27, Year 5, Session 24	2021-11-30	Unicameralism	27	5	24	-	-	COVID	English	Regular	MP	notMinister	HDP	Peoples' Democratic Party	Opposition	Centre-left to left	DirayetDilan.Taşdemir	Taşdemir, Dirayet Dilan	F	1982	
ParlaMint-TR-en_2021-11-30-tbmm-T27	tbmm-2021-11-30sit01spe0079par0419	The Turkish parliamentary corpus ParlaMint-TR-en, Term 27, Year 5, Session 24	2021-11-30	Unicameralism	27	5	24	-	-	COVID	English	Regular	MP	notMinister	AKP	Justice and Development Party	Coalition	Right	Ali.Özkaya	Özkaya, Ali	M	1970	
ParlaMint-TR-en_2021-11-30-tbmm-T27	tbmm-2021-11-30sit01spe0082par0420	The Turkish parliamentary corpus ParlaMint-TR-en, Term 27, Year 5, Session 24	2021-11-30	Unicameralism	27	5	24	-	-	COVID	English	Regular	MP	notMinister	HDP	Peoples' Democratic Party	Opposition	Centre-left to left	Serpil.Kemalbay	Kemalbay Pekgözegü, Serpil	F	1964	
ParlaMint-TR-en_2021-11-30-tbmm-T27	tbmm-2021-11-30sit01spe0079par0421	The Turkish parliamentary corpus ParlaMint-TR-en, Term 27, Year 5, Session 24	2021-11-30	Unicameralism	27	5	24	-	-	COVID	English	Regular	MP	notMinister	AKP	Justice and Development Party	Coalition	Right	Ali.Özkaya	Özkaya, Ali	M	1970	
ParlaMint-TR-en_2021-11-30-tbmm-T27	tbmm-2021-11-30sit01spe0082par0422	The Turkish parliamentary corpus ParlaMint-TR-en, Term 27, Year 5, Session 24	2021-11-30	Unicameralism	27	5	24	-	-	COVID	English	Regular	MP	notMinister	HDP	Peoples' Democratic Party	Opposition	Centre-left to left	Serpil.Kemalbay	Kemalbay Pekgözegü, Serpil	F	1964	
ParlaMint-TR-en_2021-11-30-tbmm-T27	tbmm-2021-11-30sit01spe0079par0423	The Turkish parliamentary corpus ParlaMint-TR-en, Term 27, Year 5, Session 24	2021-11-30	Unicameralism	27	5	24	-	-	COVID	English	Regular	MP	notMinister	AKP	Justice and Development Party	Coalition	Right	Ali.Özkaya	Özkaya, Ali	M	1970	
ParlaMint-TR-en_2021-11-30-tbmm-T27	tbmm-2021-11-30sit01spe0082par0424	The Turkish parliamentary corpus ParlaMint-TR-en, Term 27, Year 5, Session 24	2021-11-30	Unicameralism	27	5	24	-	-	COVID	English	Regular	MP	notMinister	HDP	Peoples' Democratic Party	Opposition	Centre-left to left	Serpil.Kemalbay	Kemalbay Pekgözegü, Serpil	F	1964	
ParlaMint-TR-en_2021-11-30-tbmm-T27	tbmm-2021-11-30sit01spe0079par0425	The Turkish parliamentary corpus ParlaMint-TR-en, Term 27, Year 5, Session 24	2021-11-30	Unicameralism	27	5	24	-	-	COVID	English	Regular	MP	notMinister	AKP	Justice and Development Party	Coalition	Right	Ali.Özkaya	Özkaya, Ali	M	1970	
ParlaMint-TR-en_2021-11-30-tbmm-T27	tbmm-2021-11-30sit01spe0084par0426	The Turkish parliamentary corpus ParlaMint-TR-en, Term 27, Year 5, Session 24	2021-11-30	Unicameralism	27	5	24	-	-	COVID	English	Regular	MP	notMinister	HDP	Peoples' Democratic Party	Opposition	Centre-left to left	DirayetDilan.Taşdemir	Taşdemir, Dirayet Dilan	F	1982	
ParlaMint-TR-en_2021-11-30-tbmm-T27	tbmm-2021-11-30sit01spe0079par0427	The Turkish parliamentary corpus ParlaMint-TR-en, Term 27, Year 5, Session 24	2021-11-30	Unicameralism	27	5	24	-	-	COVID	English	Regular	MP	notMinister	AKP	Justice and Development Party	Coalition	Right	Ali.Özkaya	Özkaya, Ali	M	1970	
ParlaMint-TR-en_2021-11-30-tbmm-T27	tbmm-2021-11-30sit01spe0085par0428	The Turkish parliamentary corpus ParlaMint-TR-en, Term 27, Year 5, Session 24	2021-11-30	Unicameralism	27	5	24	-	-	COVID	English	Regular	MP	notMinister	HDP	Peoples' Democratic Party	Opposition	Centre-left to left	Serpil.Kemalbay	Kemalbay Pekgözegü, Serpil	F	1964	
ParlaMint-TR-en_2021-11-30-tbmm-T27	tbmm-2021-11-30sit01spe0079par0429	The Turkish parliamentary corpus ParlaMint-TR-en, Term 27, Year 5, Session 24	2021-11-30	Unicameralism	27	5	24	-	-	COVID	English	Regular	MP	notMinister	AKP	Justice and Development Party	Coalition	Right	Ali.Özkaya	Özkaya, Ali	M	1970	
ParlaMint-TR-en_2021-11-30-tbmm-T27	tbmm-2021-11-30sit01spe0085par0430	The Turkish parliamentary corpus ParlaMint-TR-en, Term 27, Year 5, Session 24	2021-11-30	Unicameralism	27	5	24	-	-	COVID	English	Regular	MP	notMinister	HDP	Peoples' Democratic Party	Opposition	Centre-left to left	Serpil.Kemalbay	Kemalbay Pekgözegü, Serpil	F	1964	
ParlaMint-TR-en_2021-11-30-tbmm-T27	tbmm-2021-11-30sit01spe0079par0431	The Turkish parliamentary corpus ParlaMint-TR-en, Term 27, Year 5, Session 24	2021-11-30	Unicameralism	27	5	24	-	-	COVID	English	Regular	MP	notMinister	AKP	Justice and Development Party	Coalition	Right	Ali.Özkaya	Özkaya, Ali	M	1970	
ParlaMint-TR-en_2021-11-30-tbmm-T27	tbmm-2021-11-30sit01spe0085par0432	The Turkish parliamentary corpus ParlaMint-TR-en, Term 27, Year 5, Session 24	2021-11-30	Unicameralism	27	5	24	-	-	COVID	English	Regular	MP	notMinister	HDP	Peoples' Democratic Party	Opposition	Centre-left to left	Serpil.Kemalbay	Kemalbay Pekgözegü, Serpil	F	1964	
ParlaMint-TR-en_2021-11-30-tbmm-T27	tbmm-2021-11-30sit01spe0079par0433	The Turkish parliamentary corpus ParlaMint-TR-en, Term 27, Year 5, Session 24	2021-11-30	Unicameralism	27	5	24	-	-	COVID	English	Regular	MP	notMinister	AKP	Justice and Development Party	Coalition	Right	Ali.Özkaya	Özkaya, Ali	M	1970	
ParlaMint-TR-en_2021-11-30-tbmm-T27	tbmm-2021-11-30sit01spe0085par0436	The Turkish parliamentary corpus ParlaMint-TR-en, Term 27, Year 5, Session 24	2021-11-30	Unicameralism	27	5	24	-	-	COVID	English	Regular	MP	notMinister	HDP	Peoples' Democratic Party	Opposition	Centre-left to left	Serpil.Kemalbay	Kemalbay Pekgözegü, Serpil	F	1964	
ParlaMint-TR-en_2021-11-30-tbmm-T27	tbmm-2021-11-30sit01spe0086par0437	The Turkish parliamentary corpus ParlaMint-TR-en, Term 27, Year 5, Session 24	2021-11-30	Unicameralism	27	5	24	-	-	COVID	English	Chairperson	MP	notMinister	AKP	Justice and Development Party	Coalition	Right	SüreyyaSadi.Bilgiç	Bilgiç, Süreyya Sadi	M	1961	
ParlaMint-TR-en_2021-11-30-tbmm-T27	tbmm-2021-11-30sit01spe0079par0438	The Turkish parliamentary corpus ParlaMint-TR-en, Term 27, Year 5, Session 24	2021-11-30	Unicameralism	27	5	24	-	-	COVID	English	Regular	MP	notMinister	AKP	Justice and Development Party	Coalition	Right	Ali.Özkaya	Özkaya, Ali	M	1970	
ParlaMint-TR-en_2021-11-30-tbmm-T27	tbmm-2021-11-30sit01spe0085par0439	The Turkish parliamentary corpus ParlaMint-TR-en, Term 27, Year 5, Session 24	2021-11-30	Unicameralism	27	5	24	-	-	COVID	English	Regular	MP	notMinister	HDP	Peoples' Democratic Party	Opposition	Centre-left to left	Serpil.Kemalbay	Kemalbay Pekgözegü, Serpil	F	1964	
ParlaMint-TR-en_2021-11-30-tbmm-T27	tbmm-2021-11-30sit01spe0079par0440	The Turkish parliamentary corpus ParlaMint-TR-en, Term 27, Year 5, Session 24	2021-11-30	Unicameralism	27	5	24	-	-	COVID	English	Regular	MP	notMinister	AKP	Justice and Development Party	Coalition	Right	Ali.Özkaya	Özkaya, Ali	M	1970	
ParlaMint-TR-en_2021-11-30-tbmm-T27	tbmm-2021-11-30sit01spe0087par0441	The Turkish parliamentary corpus ParlaMint-TR-en, Term 27, Year 5, Session 24	2021-11-30	Unicameralism	27	5	24	-	-	COVID	English	Regular	MP	notMinister	HDP	Peoples' Democratic Party	Opposition	Centre-left to left	DirayetDilan.Taşdemir	Taşdemir, Dirayet Dilan	F	1982	
ParlaMint-TR-en_2021-11-30-tbmm-T27	tbmm-2021-11-30sit01spe0085par0442	The Turkish parliamentary corpus ParlaMint-TR-en, Term 27, Year 5, Session 24	2021-11-30	Unicameralism	27	5	24	-	-	COVID	English	Regular	MP	notMinister	HDP	Peoples' Democratic Party	Opposition	Centre-left to left	Serpil.Kemalbay	Kemalbay Pekgözegü, Serpil	F	1964	
ParlaMint-TR-en_2021-11-30-tbmm-T27	tbmm-2021-11-30sit01spe0079par0443	The Turkish parliamentary corpus ParlaMint-TR-en, Term 27, Year 5, Session 24	2021-11-30	Unicameralism	27	5	24	-	-	COVID	English	Regular	MP	notMinister	AKP	Justice and Development Party	Coalition	Right	Ali.Özkaya	Özkaya, Ali	M	1970	
ParlaMint-TR-en_2021-11-30-tbmm-T27	tbmm-2021-11-30sit01spe0088par0445	The Turkish parliamentary corpus ParlaMint-TR-en, Term 27, Year 5, Session 24	2021-11-30	Unicameralism	27	5	24	-	-	COVID	English	Regular	MP	notMinister	HDP	Peoples' Democratic Party	Opposition	Centre-left to left	Meral.DanışBeştaş	Danış Beştaş, Meral	F	1967	
ParlaMint-TR-en_2021-11-30-tbmm-T27	tbmm-2021-11-30sit01spe0079par0446	The Turkish parliamentary corpus ParlaMint-TR-en, Term 27, Year 5, Session 24	2021-11-30	Unicameralism	27	5	24	-	-	COVID	English	Regular	MP	notMinister	AKP	Justice and Development Party	Coalition	Right	Ali.Özkaya	Özkaya, Ali	M	1970	
ParlaMint-TR-en_2021-11-30-tbmm-T27	tbmm-2021-11-30sit01spe0089par0449	The Turkish parliamentary corpus ParlaMint-TR-en, Term 27, Year 5, Session 24	2021-11-30	Unicameralism	27	5	24	-	-	COVID	English	Chairperson	MP	notMinister	AKP	Justice and Development Party	Coalition	Right	SüreyyaSadi.Bilgiç	Bilgiç, Süreyya Sadi	M	1961	
ParlaMint-TR-en_2021-11-30-tbmm-T27	tbmm-2021-11-30sit01spe0090par0451	The Turkish parliamentary corpus ParlaMint-TR-en, Term 27, Year 5, Session 24	2021-11-30	Unicameralism	27	5	24	-	-	COVID	English	Regular	MP	notMinister	HDP	Peoples' Democratic Party	Opposition	Centre-left to left	Meral.DanışBeştaş	Danış Beştaş, Meral	F	1967	
ParlaMint-TR-en_2021-11-30-tbmm-T27	tbmm-2021-11-30sit01spe0089par0452	The Turkish parliamentary corpus ParlaMint-TR-en, Term 27, Year 5, Session 24	2021-11-30	Unicameralism	27	5	24	-	-	COVID	English	Chairperson	MP	notMinister	AKP	Justice and Development Party	Coalition	Right	SüreyyaSadi.Bilgiç	Bilgiç, Süreyya Sadi	M	1961	
ParlaMint-TR-en_2021-11-30-tbmm-T27	tbmm-2021-11-30sit01spe0090par0453	The Turkish parliamentary corpus ParlaMint-TR-en, Term 27, Year 5, Session 24	2021-11-30	Unicameralism	27	5	24	-	-	COVID	English	Regular	MP	notMinister	HDP	Peoples' Democratic Party	Opposition	Centre-left to left	Meral.DanışBeştaş	Danış Beştaş, Meral	F	1967	
ParlaMint-TR-en_2021-11-30-tbmm-T27	tbmm-2021-11-30sit01spe0089par0454	The Turkish parliamentary corpus ParlaMint-TR-en, Term 27, Year 5, Session 24	2021-11-30	Unicameralism	27	5	24	-	-	COVID	English	Chairperson	MP	notMinister	AKP	Justice and Development Party	Coalition	Right	SüreyyaSadi.Bilgiç	Bilgiç, Süreyya Sadi	M	1961	
ParlaMint-TR-en_2021-11-30-tbmm-T27	tbmm-2021-11-30sit01spe0090par0456	The Turkish parliamentary corpus ParlaMint-TR-en, Term 27, Year 5, Session 24	2021-11-30	Unicameralism	27	5	24	-	-	COVID	English	Regular	MP	notMinister	HDP	Peoples' Democratic Party	Opposition	Centre-left to left	Meral.DanışBeştaş	Danış Beştaş, Meral	F	1967	
ParlaMint-TR-en_2021-11-30-tbmm-T27	tbmm-2021-11-30sit01spe0089par0457	The Turkish parliamentary corpus ParlaMint-TR-en, Term 27, Year 5, Session 24	2021-11-30	Unicameralism	27	5	24	-	-	COVID	English	Chairperson	MP	notMinister	AKP	Justice and Development Party	Coalition	Right	SüreyyaSadi.Bilgiç	Bilgiç, Süreyya Sadi	M	1961	
ParlaMint-TR-en_2021-11-30-tbmm-T27	tbmm-2021-11-30sit01spe0090par0458	The Turkish parliamentary corpus ParlaMint-TR-en, Term 27, Year 5, Session 24	2021-11-30	Unicameralism	27	5	24	-	-	COVID	English	Regular	MP	notMinister	HDP	Peoples' Democratic Party	Opposition	Centre-left to left	Meral.DanışBeştaş	Danış Beştaş, Meral	F	1967	
ParlaMint-TR-en_2021-11-30-tbmm-T27	tbmm-2021-11-30sit01spe0091par0459	The Turkish parliamentary corpus ParlaMint-TR-en, Term 27, Year 5, Session 24	2021-11-30	Unicameralism	27	5	24	-	-	COVID	English	Regular	MP	notMinister	HDP	Peoples' Democratic Party	Opposition	Centre-left to left	DirayetDilan.Taşdemir	Taşdemir, Dirayet Dilan	F	1982	
ParlaMint-TR-en_2021-11-30-tbmm-T27	tbmm-2021-11-30sit01spe0092par0460	The Turkish parliamentary corpus ParlaMint-TR-en, Term 27, Year 5, Session 24	2021-11-30	Unicameralism	27	5	24	-	-	COVID	English	Regular	MP	notMinister	AKP	Justice and Development Party	Coalition	Right	Ali.Özkaya	Özkaya, Ali	M	1970	
ParlaMint-TR-en_2021-11-30-tbmm-T27	tbmm-2021-11-30sit01spe0093par0461	The Turkish parliamentary corpus ParlaMint-TR-en, Term 27, Year 5, Session 24	2021-11-30	Unicameralism	27	5	24	-	-	COVID	English	Regular	MP	notMinister	AKP	Justice and Development Party	Coalition	Right	Mustafa.Elitaş	Elitaş, Mustafa	M	1957	
ParlaMint-TR-en_2021-11-30-tbmm-T27	tbmm-2021-11-30sit01spe0092par0462	The Turkish parliamentary corpus ParlaMint-TR-en, Term 27, Year 5, Session 24	2021-11-30	Unicameralism	27	5	24	-	-	COVID	English	Regular	MP	notMinister	AKP	Justice and Development Party	Coalition	Right	Ali.Özkaya	Özkaya, Ali	M	1970	
ParlaMint-TR-en_2021-11-30-tbmm-T27	tbmm-2021-11-30sit01spe0094par0463	The Turkish parliamentary corpus ParlaMint-TR-en, Term 27, Year 5, Session 24	2021-11-30	Unicameralism	27	5	24	-	-	COVID	English	Chairperson	MP	notMinister	AKP	Justice and Development Party	Coalition	Right	SüreyyaSadi.Bilgiç	Bilgiç, Süreyya Sadi	M	1961	
ParlaMint-TR-en_2021-11-30-tbmm-T27	tbmm-2021-11-30sit01spe0095par0465	The Turkish parliamentary corpus ParlaMint-TR-en, Term 27, Year 5, Session 24	2021-11-30	Unicameralism	27	5	24	-	-	COVID	English	Regular	MP	notMinister	HDP	Peoples' Democratic Party	Opposition	Centre-left to left	Meral.DanışBeştaş	Danış Beştaş, Meral	F	1967	
ParlaMint-TR-en_2021-11-30-tbmm-T27	tbmm-2021-11-30sit01spe0096par0466	The Turkish parliamentary corpus ParlaMint-TR-en, Term 27, Year 5, Session 24	2021-11-30	Unicameralism	27	5	24	-	-	COVID	English	Regular	MP	notMinister	AKP	Justice and Development Party	Coalition	Right	Ali.Özkaya	Özkaya, Ali	M	1970	
ParlaMint-TR-en_2021-11-30-tbmm-T27	tbmm-2021-11-30sit01spe0095par0467	The Turkish parliamentary corpus ParlaMint-TR-en, Term 27, Year 5, Session 24	2021-11-30	Unicameralism	27	5	24	-	-	COVID	English	Regular	MP	notMinister	HDP	Peoples' Democratic Party	Opposition	Centre-left to left	Meral.DanışBeştaş	Danış Beştaş, Meral	F	1967	
ParlaMint-TR-en_2021-11-30-tbmm-T27	tbmm-2021-11-30sit01spe0096par0468	The Turkish parliamentary corpus ParlaMint-TR-en, Term 27, Year 5, Session 24	2021-11-30	Unicameralism	27	5	24	-	-	COVID	English	Regular	MP	notMinister	AKP	Justice and Development Party	Coalition	Right	Ali.Özkaya	Özkaya, Ali	M	1970	
ParlaMint-TR-en_2021-11-30-tbmm-T27	tbmm-2021-11-30sit01spe0095par0469	The Turkish parliamentary corpus ParlaMint-TR-en, Term 27, Year 5, Session 24	2021-11-30	Unicameralism	27	5	24	-	-	COVID	English	Regular	MP	notMinister	HDP	Peoples' Democratic Party	Opposition	Centre-left to left	Meral.DanışBeştaş	Danış Beştaş, Meral	F	1967	
ParlaMint-TR-en_2021-11-30-tbmm-T27	tbmm-2021-11-30sit01spe0097par0470	The Turkish parliamentary corpus ParlaMint-TR-en, Term 27, Year 5, Session 24	2021-11-30	Unicameralism	27	5	24	-	-	COVID	English	Regular	MP	notMinister	AKP	Justice and Development Party	Coalition	Right	İsmail.Tamer	Tamer, İsmail	M	1956	
ParlaMint-TR-en_2021-11-30-tbmm-T27	tbmm-2021-11-30sit01spe0095par0471	The Turkish parliamentary corpus ParlaMint-TR-en, Term 27, Year 5, Session 24	2021-11-30	Unicameralism	27	5	24	-	-	COVID	English	Regular	MP	notMinister	HDP	Peoples' Democratic Party	Opposition	Centre-left to left	Meral.DanışBeştaş	Danış Beştaş, Meral	F	1967	
ParlaMint-TR-en_2021-11-30-tbmm-T27	tbmm-2021-11-30sit01spe0097par0472	The Turkish parliamentary corpus ParlaMint-TR-en, Term 27, Year 5, Session 24	2021-11-30	Unicameralism	27	5	24	-	-	COVID	English	Regular	MP	notMinister	AKP	Justice and Development Party	Coalition	Right	İsmail.Tamer	Tamer, İsmail	M	1956	
ParlaMint-TR-en_2021-11-30-tbmm-T27	tbmm-2021-11-30sit01spe0098par0473	The Turkish parliamentary corpus ParlaMint-TR-en, Term 27, Year 5, Session 24	2021-11-30	Unicameralism	27	5	24	-	-	COVID	English	Regular	MP	notMinister	AKP	Justice and Development Party	Coalition	Right	Ali.Özkaya	Özkaya, Ali	M	1970	
ParlaMint-TR-en_2021-11-30-tbmm-T27	tbmm-2021-11-30sit01spe0095par0474	The Turkish parliamentary corpus ParlaMint-TR-en, Term 27, Year 5, Session 24	2021-11-30	Unicameralism	27	5	24	-	-	COVID	English	Regular	MP	notMinister	HDP	Peoples' Democratic Party	Opposition	Centre-left to left	Meral.DanışBeştaş	Danış Beştaş, Meral	F	1967	
ParlaMint-TR-en_2021-11-30-tbmm-T27	tbmm-2021-11-30sit01spe0098par0475	The Turkish parliamentary corpus ParlaMint-TR-en, Term 27, Year 5, Session 24	2021-11-30	Unicameralism	27	5	24	-	-	COVID	English	Regular	MP	notMinister	AKP	Justice and Development Party	Coalition	Right	Ali.Özkaya	Özkaya, Ali	M	1970	
ParlaMint-TR-en_2021-11-30-tbmm-T27	tbmm-2021-11-30sit01spe0095par0476	The Turkish parliamentary corpus ParlaMint-TR-en, Term 27, Year 5, Session 24	2021-11-30	Unicameralism	27	5	24	-	-	COVID	English	Regular	MP	notMinister	HDP	Peoples' Democratic Party	Opposition	Centre-left to left	Meral.DanışBeştaş	Danış Beştaş, Meral	F	1967	
ParlaMint-TR-en_2021-11-30-tbmm-T27	tbmm-2021-11-30sit01spe0098par0477	The Turkish parliamentary corpus ParlaMint-TR-en, Term 27, Year 5, Session 24	2021-11-30	Unicameralism	27	5	24	-	-	COVID	English	Regular	MP	notMinister	AKP	Justice and Development Party	Coalition	Right	Ali.Özkaya	Özkaya, Ali	M	1970	
ParlaMint-TR-en_2021-11-30-tbmm-T27	tbmm-2021-11-30sit01spe0095par0478	The Turkish parliamentary corpus ParlaMint-TR-en, Term 27, Year 5, Session 24	2021-11-30	Unicameralism	27	5	24	-	-	COVID	English	Regular	MP	notMinister	HDP	Peoples' Democratic Party	Opposition	Centre-left to left	Meral.DanışBeştaş	Danış Beştaş, Meral	F	1967	
ParlaMint-TR-en_2021-11-30-tbmm-T27	tbmm-2021-11-30sit01spe0099par0479	The Turkish parliamentary corpus ParlaMint-TR-en, Term 27, Year 5, Session 24	2021-11-30	Unicameralism	27	5	24	-	-	COVID	English	Chairperson	MP	notMinister	AKP	Justice and Development Party	Coalition	Right	SüreyyaSadi.Bilgiç	Bilgiç, Süreyya Sadi	M	1961	
ParlaMint-TR-en_2021-11-30-tbmm-T27	tbmm-2021-11-30sit01spe0095par0480	The Turkish parliamentary corpus ParlaMint-TR-en, Term 27, Year 5, Session 24	2021-11-30	Unicameralism	27	5	24	-	-	COVID	English	Regular	MP	notMinister	HDP	Peoples' Democratic Party	Opposition	Centre-left to left	Meral.DanışBeştaş	Danış Beştaş, Meral	F	1967	
ParlaMint-TR-en_2021-11-30-tbmm-T27	tbmm-2021-11-30sit01spe0100par0481	The Turkish parliamentary corpus ParlaMint-TR-en, Term 27, Year 5, Session 24	2021-11-30	Unicameralism	27	5	24	-	-	COVID	English	Regular	MP	notMinister	AKP	Justice and Development Party	Coalition	Right	MihrimahBelma.Satır	Satır, Mihrimah Belma	M	1961	
ParlaMint-TR-en_2021-11-30-tbmm-T27	tbmm-2021-11-30sit01spe0095par0482	The Turkish parliamentary corpus ParlaMint-TR-en, Term 27, Year 5, Session 24	2021-11-30	Unicameralism	27	5	24	-	-	COVID	English	Regular	MP	notMinister	HDP	Peoples' Democratic Party	Opposition	Centre-left to left	Meral.DanışBeştaş	Danış Beştaş, Meral	F	1967	
ParlaMint-TR-en_2021-11-30-tbmm-T27	tbmm-2021-11-30sit01spe0101par0484	The Turkish parliamentary corpus ParlaMint-TR-en, Term 27, Year 5, Session 24	2021-11-30	Unicameralism	27	5	24	-	-	COVID	English	Chairperson	MP	notMinister	AKP	Justice and Development Party	Coalition	Right	SüreyyaSadi.Bilgiç	Bilgiç, Süreyya Sadi	M	1961	
ParlaMint-TR-en_2021-11-30-tbmm-T27	tbmm-2021-11-30sit01spe0100par0485	The Turkish parliamentary corpus ParlaMint-TR-en, Term 27, Year 5, Session 24	2021-11-30	Unicameralism	27	5	24	-	-	COVID	English	Regular	MP	notMinister	AKP	Justice and Development Party	Coalition	Right	MihrimahBelma.Satır	Satır, Mihrimah Belma	M	1961	
ParlaMint-TR-en_2021-11-30-tbmm-T27	tbmm-2021-11-30sit01spe0102par0487	The Turkish parliamentary corpus ParlaMint-TR-en, Term 27, Year 5, Session 24	2021-11-30	Unicameralism	27	5	24	-	-	COVID	English	Regular	MP	notMinister	AKP	Justice and Development Party	Coalition	Right	Ali.Özkaya	Özkaya, Ali	M	1970	
ParlaMint-TR-en_2021-11-30-tbmm-T27	tbmm-2021-11-30sit01spe0103par0488	The Turkish parliamentary corpus ParlaMint-TR-en, Term 27, Year 5, Session 24	2021-11-30	Unicameralism	27	5	24	-	-	COVID	English	Regular	MP	notMinister	HDP	Peoples' Democratic Party	Opposition	Centre-left to left	Meral.DanışBeştaş	Danış Beştaş, Meral	F	1967	
ParlaMint-TR-en_2021-11-30-tbmm-T27	tbmm-2021-11-30sit01spe0100par0489	The Turkish parliamentary corpus ParlaMint-TR-en, Term 27, Year 5, Session 24	2021-11-30	Unicameralism	27	5	24	-	-	COVID	English	Regular	MP	notMinister	AKP	Justice and Development Party	Coalition	Right	MihrimahBelma.Satır	Satır, Mihrimah Belma	M	1961	
ParlaMint-TR-en_2021-11-30-tbmm-T27	tbmm-2021-11-30sit01spe0103par0490	The Turkish parliamentary corpus ParlaMint-TR-en, Term 27, Year 5, Session 24	2021-11-30	Unicameralism	27	5	24	-	-	COVID	English	Regular	MP	notMinister	HDP	Peoples' Democratic Party	Opposition	Centre-left to left	Meral.DanışBeştaş	Danış Beştaş, Meral	F	1967	
ParlaMint-TR-en_2021-11-30-tbmm-T27	tbmm-2021-11-30sit01spe0104par0491	The Turkish parliamentary corpus ParlaMint-TR-en, Term 27, Year 5, Session 24	2021-11-30	Unicameralism	27	5	24	-	-	COVID	English	Regular	MP	notMinister	AKP	Justice and Development Party	Coalition	Right	İsmail.Tamer	Tamer, İsmail	M	1956	
ParlaMint-TR-en_2021-11-30-tbmm-T27	tbmm-2021-11-30sit01spe0105par0492	The Turkish parliamentary corpus ParlaMint-TR-en, Term 27, Year 5, Session 24	2021-11-30	Unicameralism	27	5	24	-	-	COVID	English	Chairperson	MP	notMinister	AKP	Justice and Development Party	Coalition	Right	SüreyyaSadi.Bilgiç	Bilgiç, Süreyya Sadi	M	1961	
ParlaMint-TR-en_2021-11-30-tbmm-T27	tbmm-2021-11-30sit01spe0106par0493	The Turkish parliamentary corpus ParlaMint-TR-en, Term 27, Year 5, Session 24	2021-11-30	Unicameralism	27	5	24	-	-	COVID	English	Regular	MP	notMinister	AKP	Justice and Development Party	Coalition	Right	Ali.Özkaya	Özkaya, Ali	M	1970	
ParlaMint-TR-en_2021-11-30-tbmm-T27	tbmm-2021-11-30sit01spe0107par0494	The Turkish parliamentary corpus ParlaMint-TR-en, Term 27, Year 5, Session 24	2021-11-30	Unicameralism	27	5	24	-	-	COVID	English	Regular	MP	notMinister	HDP	Peoples' Democratic Party	Opposition	Centre-left to left	Ebrü.Günay	Günay, Ebrü	F	1982	
ParlaMint-TR-en_2021-11-30-tbmm-T27	tbmm-2021-11-30sit01spe0106par0495	The Turkish parliamentary corpus ParlaMint-TR-en, Term 27, Year 5, Session 24	2021-11-30	Unicameralism	27	5	24	-	-	COVID	English	Regular	MP	notMinister	AKP	Justice and Development Party	Coalition	Right	Ali.Özkaya	Özkaya, Ali	M	1970	
ParlaMint-TR-en_2021-11-30-tbmm-T27	tbmm-2021-11-30sit01spe0107par0496	The Turkish parliamentary corpus ParlaMint-TR-en, Term 27, Year 5, Session 24	2021-11-30	Unicameralism	27	5	24	-	-	COVID	English	Regular	MP	notMinister	HDP	Peoples' Democratic Party	Opposition	Centre-left to left	Ebrü.Günay	Günay, Ebrü	F	1982	
ParlaMint-TR-en_2021-11-30-tbmm-T27	tbmm-2021-11-30sit01spe0106par0497	The Turkish parliamentary corpus ParlaMint-TR-en, Term 27, Year 5, Session 24	2021-11-30	Unicameralism	27	5	24	-	-	COVID	English	Regular	MP	notMinister	AKP	Justice and Development Party	Coalition	Right	Ali.Özkaya	Özkaya, Ali	M	1970	
ParlaMint-TR-en_2021-11-30-tbmm-T27	tbmm-2021-11-30sit01spe0108par0498	The Turkish parliamentary corpus ParlaMint-TR-en, Term 27, Year 5, Session 24	2021-11-30	Unicameralism	27	5	24	-	-	COVID	English	Regular	MP	notMinister	HDP	Peoples' Democratic Party	Opposition	Centre-left to left	Meral.DanışBeştaş	Danış Beştaş, Meral	F	1967	
ParlaMint-TR-en_2021-11-30-tbmm-T27	tbmm-2021-11-30sit01spe0106par0499	The Turkish parliamentary corpus ParlaMint-TR-en, Term 27, Year 5, Session 24	2021-11-30	Unicameralism	27	5	24	-	-	COVID	English	Regular	MP	notMinister	AKP	Justice and Development Party	Coalition	Right	Ali.Özkaya	Özkaya, Ali	M	1970	
ParlaMint-TR-en_2021-11-30-tbmm-T27	tbmm-2021-11-30sit01spe0109par0500	The Turkish parliamentary corpus ParlaMint-TR-en, Term 27, Year 5, Session 24	2021-11-30	Unicameralism	27	5	24	-	-	COVID	English	Regular	MP	notMinister	HDP	Peoples' Democratic Party	Opposition	Centre-left to left	Ebrü.Günay	Günay, Ebrü	F	1982	
ParlaMint-TR-en_2021-11-30-tbmm-T27	tbmm-2021-11-30sit01spe0106par0501	The Turkish parliamentary corpus ParlaMint-TR-en, Term 27, Year 5, Session 24	2021-11-30	Unicameralism	27	5	24	-	-	COVID	English	Regular	MP	notMinister	AKP	Justice and Development Party	Coalition	Right	Ali.Özkaya	Özkaya, Ali	M	1970	
ParlaMint-TR-en_2021-11-30-tbmm-T27	tbmm-2021-11-30sit01spe0109par0502	The Turkish parliamentary corpus ParlaMint-TR-en, Term 27, Year 5, Session 24	2021-11-30	Unicameralism	27	5	24	-	-	COVID	English	Regular	MP	notMinister	HDP	Peoples' Democratic Party	Opposition	Centre-left to left	Ebrü.Günay	Günay, Ebrü	F	1982	
ParlaMint-TR-en_2021-11-30-tbmm-T27	tbmm-2021-11-30sit01spe0106par0503	The Turkish parliamentary corpus ParlaMint-TR-en, Term 27, Year 5, Session 24	2021-11-30	Unicameralism	27	5	24	-	-	COVID	English	Regular	MP	notMinister	AKP	Justice and Development Party	Coalition	Right	Ali.Özkaya	Özkaya, Ali	M	1970	
ParlaMint-TR-en_2021-11-30-tbmm-T27	tbmm-2021-11-30sit01spe0110par0505	The Turkish parliamentary corpus ParlaMint-TR-en, Term 27, Year 5, Session 24	2021-11-30	Unicameralism	27	5	24	-	-	COVID	English	Regular	MP	notMinister	HDP	Peoples' Democratic Party	Opposition	Centre-left to left	Serpil.Kemalbay	Kemalbay Pekgözegü, Serpil	F	1964	
ParlaMint-TR-en_2021-11-30-tbmm-T27	tbmm-2021-11-30sit01spe0106par0506	The Turkish parliamentary corpus ParlaMint-TR-en, Term 27, Year 5, Session 24	2021-11-30	Unicameralism	27	5	24	-	-	COVID	English	Regular	MP	notMinister	AKP	Justice and Development Party	Coalition	Right	Ali.Özkaya	Özkaya, Ali	M	1970	
ParlaMint-TR-en_2021-11-30-tbmm-T27	tbmm-2021-11-30sit01spe0110par0507	The Turkish parliamentary corpus ParlaMint-TR-en, Term 27, Year 5, Session 24	2021-11-30	Unicameralism	27	5	24	-	-	COVID	English	Regular	MP	notMinister	HDP	Peoples' Democratic Party	Opposition	Centre-left to left	Serpil.Kemalbay	Kemalbay Pekgözegü, Serpil	F	1964	
ParlaMint-TR-en_2021-11-30-tbmm-T27	tbmm-2021-11-30sit01spe0106par0508	The Turkish parliamentary corpus ParlaMint-TR-en, Term 27, Year 5, Session 24	2021-11-30	Unicameralism	27	5	24	-	-	COVID	English	Regular	MP	notMinister	AKP	Justice and Development Party	Coalition	Right	Ali.Özkaya	Özkaya, Ali	M	1970	
ParlaMint-TR-en_2021-11-30-tbmm-T27	tbmm-2021-11-30sit01spe0110par0509	The Turkish parliamentary corpus ParlaMint-TR-en, Term 27, Year 5, Session 24	2021-11-30	Unicameralism	27	5	24	-	-	COVID	English	Regular	MP	notMinister	HDP	Peoples' Democratic Party	Opposition	Centre-left to left	Serpil.Kemalbay	Kemalbay Pekgözegü, Serpil	F	1964	
ParlaMint-TR-en_2021-11-30-tbmm-T27	tbmm-2021-11-30sit01spe0106par0510	The Turkish parliamentary corpus ParlaMint-TR-en, Term 27, Year 5, Session 24	2021-11-30	Unicameralism	27	5	24	-	-	COVID	English	Regular	MP	notMinister	AKP	Justice and Development Party	Coalition	Right	Ali.Özkaya	Özkaya, Ali	M	1970	
ParlaMint-TR-en_2021-11-30-tbmm-T27	tbmm-2021-11-30sit01spe0111par0511	The Turkish parliamentary corpus ParlaMint-TR-en, Term 27, Year 5, Session 24	2021-11-30	Unicameralism	27	5	24	-	-	COVID	English	Regular	MP	notMinister	HDP	Peoples' Democratic Party	Opposition	Centre-left to left	Ebrü.Günay	Günay, Ebrü	F	1982	
ParlaMint-TR-en_2021-11-30-tbmm-T27	tbmm-2021-11-30sit01spe0110par0512	The Turkish parliamentary corpus ParlaMint-TR-en, Term 27, Year 5, Session 24	2021-11-30	Unicameralism	27	5	24	-	-	COVID	English	Regular	MP	notMinister	HDP	Peoples' Democratic Party	Opposition	Centre-left to left	Serpil.Kemalbay	Kemalbay Pekgözegü, Serpil	F	1964	
ParlaMint-TR-en_2021-11-30-tbmm-T27	tbmm-2021-11-30sit01spe0106par0513	The Turkish parliamentary corpus ParlaMint-TR-en, Term 27, Year 5, Session 24	2021-11-30	Unicameralism	27	5	24	-	-	COVID	English	Regular	MP	notMinister	AKP	Justice and Development Party	Coalition	Right	Ali.Özkaya	Özkaya, Ali	M	1970	
ParlaMint-TR-en_2021-11-30-tbmm-T27	tbmm-2021-11-30sit01spe0110par0515	The Turkish parliamentary corpus ParlaMint-TR-en, Term 27, Year 5, Session 24	2021-11-30	Unicameralism	27	5	24	-	-	COVID	English	Regular	MP	notMinister	HDP	Peoples' Democratic Party	Opposition	Centre-left to left	Serpil.Kemalbay	Kemalbay Pekgözegü, Serpil	F	1964	
ParlaMint-TR-en_2021-11-30-tbmm-T27	tbmm-2021-11-30sit01spe0106par0516	The Turkish parliamentary corpus ParlaMint-TR-en, Term 27, Year 5, Session 24	2021-11-30	Unicameralism	27	5	24	-	-	COVID	English	Regular	MP	notMinister	AKP	Justice and Development Party	Coalition	Right	Ali.Özkaya	Özkaya, Ali	M	1970	
ParlaMint-TR-en_2021-11-30-tbmm-T27	tbmm-2021-11-30sit01spe0112par0519	The Turkish parliamentary corpus ParlaMint-TR-en, Term 27, Year 5, Session 24	2021-11-30	Unicameralism	27	5	24	-	-	COVID	English	Regular	MP	notMinister	HDP	Peoples' Democratic Party	Opposition	Centre-left to left	Meral.DanışBeştaş	Danış Beştaş, Meral	F	1967	
ParlaMint-TR-en_2021-11-30-tbmm-T27	tbmm-2021-11-30sit01spe0113par0520	The Turkish parliamentary corpus ParlaMint-TR-en, Term 27, Year 5, Session 24	2021-11-30	Unicameralism	27	5	24	-	-	COVID	English	Regular	MP	notMinister	AKP	Justice and Development Party	Coalition	Right	MihrimahBelma.Satır	Satır, Mihrimah Belma	M	1961	
ParlaMint-TR-en_2021-11-30-tbmm-T27	tbmm-2021-11-30sit01spe0106par0521	The Turkish parliamentary corpus ParlaMint-TR-en, Term 27, Year 5, Session 24	2021-11-30	Unicameralism	27	5	24	-	-	COVID	English	Regular	MP	notMinister	AKP	Justice and Development Party	Coalition	Right	Ali.Özkaya	Özkaya, Ali	M	1970	
ParlaMint-TR-en_2021-11-30-tbmm-T27	tbmm-2021-11-30sit01spe0114par0522	The Turkish parliamentary corpus ParlaMint-TR-en, Term 27, Year 5, Session 24	2021-11-30	Unicameralism	27	5	24	-	-	COVID	English	Chairperson	MP	notMinister	AKP	Justice and Development Party	Coalition	Right	SüreyyaSadi.Bilgiç	Bilgiç, Süreyya Sadi	M	1961	
ParlaMint-TR-en_2021-11-30-tbmm-T27	tbmm-2021-11-30sit01spe0115par0524	The Turkish parliamentary corpus ParlaMint-TR-en, Term 27, Year 5, Session 24	2021-11-30	Unicameralism	27	5	24	-	-	COVID	English	Regular	MP	notMinister	HDP	Peoples' Democratic Party	Opposition	Centre-left to left	Meral.DanışBeştaş	Danış Beştaş, Meral	F	1967	
ParlaMint-TR-en_2021-11-30-tbmm-T27	tbmm-2021-11-30sit01spe0116par0525	The Turkish parliamentary corpus ParlaMint-TR-en, Term 27, Year 5, Session 24	2021-11-30	Unicameralism	27	5	24	-	-	COVID	English	Regular	MP	notMinister	AKP	Justice and Development Party	Coalition	Right	Ali.Özkaya	Özkaya, Ali	M	1970	
ParlaMint-TR-en_2021-11-30-tbmm-T27	tbmm-2021-11-30sit01spe0115par0526	The Turkish parliamentary corpus ParlaMint-TR-en, Term 27, Year 5, Session 24	2021-11-30	Unicameralism	27	5	24	-	-	COVID	English	Regular	MP	notMinister	HDP	Peoples' Democratic Party	Opposition	Centre-left to left	Meral.DanışBeştaş	Danış Beştaş, Meral	F	1967	
ParlaMint-TR-en_2021-11-30-tbmm-T27	tbmm-2021-11-30sit01spe0116par0527	The Turkish parliamentary corpus ParlaMint-TR-en, Term 27, Year 5, Session 24	2021-11-30	Unicameralism	27	5	24	-	-	COVID	English	Regular	MP	notMinister	AKP	Justice and Development Party	Coalition	Right	Ali.Özkaya	Özkaya, Ali	M	1970	
ParlaMint-TR-en_2021-11-30-tbmm-T27	tbmm-2021-11-30sit01spe0115par0528	The Turkish parliamentary corpus ParlaMint-TR-en, Term 27, Year 5, Session 24	2021-11-30	Unicameralism	27	5	24	-	-	COVID	English	Regular	MP	notMinister	HDP	Peoples' Democratic Party	Opposition	Centre-left to left	Meral.DanışBeştaş	Danış Beştaş, Meral	F	1967	
ParlaMint-TR-en_2021-11-30-tbmm-T27	tbmm-2021-11-30sit01spe0116par0529	The Turkish parliamentary corpus ParlaMint-TR-en, Term 27, Year 5, Session 24	2021-11-30	Unicameralism	27	5	24	-	-	COVID	English	Regular	MP	notMinister	AKP	Justice and Development Party	Coalition	Right	Ali.Özkaya	Özkaya, Ali	M	1970	
ParlaMint-TR-en_2021-11-30-tbmm-T27	tbmm-2021-11-30sit01spe0115par0530	The Turkish parliamentary corpus ParlaMint-TR-en, Term 27, Year 5, Session 24	2021-11-30	Unicameralism	27	5	24	-	-	COVID	English	Regular	MP	notMinister	HDP	Peoples' Democratic Party	Opposition	Centre-left to left	Meral.DanışBeştaş	Danış Beştaş, Meral	F	1967	
ParlaMint-TR-en_2021-11-30-tbmm-T27	tbmm-2021-11-30sit01spe0116par0532	The Turkish parliamentary corpus ParlaMint-TR-en, Term 27, Year 5, Session 24	2021-11-30	Unicameralism	27	5	24	-	-	COVID	English	Regular	MP	notMinister	AKP	Justice and Development Party	Coalition	Right	Ali.Özkaya	Özkaya, Ali	M	1970	
ParlaMint-TR-en_2021-11-30-tbmm-T27	tbmm-2021-11-30sit01spe0115par0533	The Turkish parliamentary corpus ParlaMint-TR-en, Term 27, Year 5, Session 24	2021-11-30	Unicameralism	27	5	24	-	-	COVID	English	Regular	MP	notMinister	HDP	Peoples' Democratic Party	Opposition	Centre-left to left	Meral.DanışBeştaş	Danış Beştaş, Meral	F	1967	
ParlaMint-TR-en_2021-11-30-tbmm-T27	tbmm-2021-11-30sit01spe0116par0535	The Turkish parliamentary corpus ParlaMint-TR-en, Term 27, Year 5, Session 24	2021-11-30	Unicameralism	27	5	24	-	-	COVID	English	Regular	MP	notMinister	AKP	Justice and Development Party	Coalition	Right	Ali.Özkaya	Özkaya, Ali	M	1970	
ParlaMint-TR-en_2021-11-30-tbmm-T27	tbmm-2021-11-30sit01spe0115par0536	The Turkish parliamentary corpus ParlaMint-TR-en, Term 27, Year 5, Session 24	2021-11-30	Unicameralism	27	5	24	-	-	COVID	English	Regular	MP	notMinister	HDP	Peoples' Democratic Party	Opposition	Centre-left to left	Meral.DanışBeştaş	Danış Beştaş, Meral	F	1967	
ParlaMint-TR-en_2021-11-30-tbmm-T27	tbmm-2021-11-30sit01spe0117par0537	The Turkish parliamentary corpus ParlaMint-TR-en, Term 27, Year 5, Session 24	2021-11-30	Unicameralism	27	5	24	-	-	COVID	English	Regular	MP	notMinister	AKP	Justice and Development Party	Coalition	Right	Oya.Eronat	Eronat, Oya	F	1962	
ParlaMint-TR-en_2021-11-30-tbmm-T27	tbmm-2021-11-30sit01spe0115par0538	The Turkish parliamentary corpus ParlaMint-TR-en, Term 27, Year 5, Session 24	2021-11-30	Unicameralism	27	5	24	-	-	COVID	English	Regular	MP	notMinister	HDP	Peoples' Democratic Party	Opposition	Centre-left to left	Meral.DanışBeştaş	Danış Beştaş, Meral	F	1967	
ParlaMint-TR-en_2021-11-30-tbmm-T27	tbmm-2021-11-30sit01spe0117par0539	The Turkish parliamentary corpus ParlaMint-TR-en, Term 27, Year 5, Session 24	2021-11-30	Unicameralism	27	5	24	-	-	COVID	English	Regular	MP	notMinister	AKP	Justice and Development Party	Coalition	Right	Oya.Eronat	Eronat, Oya	F	1962	
ParlaMint-TR-en_2021-11-30-tbmm-T27	tbmm-2021-11-30sit01spe0115par0540	The Turkish parliamentary corpus ParlaMint-TR-en, Term 27, Year 5, Session 24	2021-11-30	Unicameralism	27	5	24	-	-	COVID	English	Regular	MP	notMinister	HDP	Peoples' Democratic Party	Opposition	Centre-left to left	Meral.DanışBeştaş	Danış Beştaş, Meral	F	1967	
ParlaMint-TR-en_2021-11-30-tbmm-T27	tbmm-2021-11-30sit01spe0117par0541	The Turkish parliamentary corpus ParlaMint-TR-en, Term 27, Year 5, Session 24	2021-11-30	Unicameralism	27	5	24	-	-	COVID	English	Regular	MP	notMinister	AKP	Justice and Development Party	Coalition	Right	Oya.Eronat	Eronat, Oya	F	1962	
ParlaMint-TR-en_2021-11-30-tbmm-T27	tbmm-2021-11-30sit01spe0115par0542	The Turkish parliamentary corpus ParlaMint-TR-en, Term 27, Year 5, Session 24	2021-11-30	Unicameralism	27	5	24	-	-	COVID	English	Regular	MP	notMinister	HDP	Peoples' Democratic Party	Opposition	Centre-left to left	Meral.DanışBeştaş	Danış Beştaş, Meral	F	1967	
ParlaMint-TR-en_2021-11-30-tbmm-T27	tbmm-2021-11-30sit01spe0117par0543	The Turkish parliamentary corpus ParlaMint-TR-en, Term 27, Year 5, Session 24	2021-11-30	Unicameralism	27	5	24	-	-	COVID	English	Regular	MP	notMinister	AKP	Justice and Development Party	Coalition	Right	Oya.Eronat	Eronat, Oya	F	1962	
ParlaMint-TR-en_2021-11-30-tbmm-T27	tbmm-2021-11-30sit01spe0118par0544	The Turkish parliamentary corpus ParlaMint-TR-en, Term 27, Year 5, Session 24	2021-11-30	Unicameralism	27	5	24	-	-	COVID	English	Regular	MP	notMinister	AKP	Justice and Development Party	Coalition	Right	İsmail.Tamer	Tamer, İsmail	M	1956	
ParlaMint-TR-en_2021-11-30-tbmm-T27	tbmm-2021-11-30sit01spe0115par0545	The Turkish parliamentary corpus ParlaMint-TR-en, Term 27, Year 5, Session 24	2021-11-30	Unicameralism	27	5	24	-	-	COVID	English	Regular	MP	notMinister	HDP	Peoples' Democratic Party	Opposition	Centre-left to left	Meral.DanışBeştaş	Danış Beştaş, Meral	F	1967	
ParlaMint-TR-en_2021-11-30-tbmm-T27	tbmm-2021-11-30sit01spe0119par0548	The Turkish parliamentary corpus ParlaMint-TR-en, Term 27, Year 5, Session 24	2021-11-30	Unicameralism	27	5	24	-	-	COVID	English	Chairperson	MP	notMinister	AKP	Justice and Development Party	Coalition	Right	SüreyyaSadi.Bilgiç	Bilgiç, Süreyya Sadi	M	1961	
ParlaMint-TR-en_2021-11-30-tbmm-T27	tbmm-2021-11-30sit02spe0119par0001	The Turkish parliamentary corpus ParlaMint-TR-en, Term 27, Year 5, Session 24	2021-11-30	Unicameralism	27	5	24	-	-	COVID	English	Chairperson	MP	notMinister	AKP	Justice and Development Party	Coalition	Right	SüreyyaSadi.Bilgiç	Bilgiç, Süreyya Sadi	M	1961	
ParlaMint-TR-en_2021-11-30-tbmm-T27	tbmm-2021-11-30sit02spe0120par0011	The Turkish parliamentary corpus ParlaMint-TR-en, Term 27, Year 5, Session 24	2021-11-30	Unicameralism	27	5	24	-	-	COVID	English	Regular	MP	notMinister	CHP	Republican People's Party	Opposition	Centre-left	Cavit.Arı	Arı, Cavit	M	1968	
ParlaMint-TR-en_2021-11-30-tbmm-T27	tbmm-2021-11-30sit02spe0121par0018	The Turkish parliamentary corpus ParlaMint-TR-en, Term 27, Year 5, Session 24	2021-11-30	Unicameralism	27	5	24	-	-	COVID	English	Chairperson	MP	notMinister	AKP	Justice and Development Party	Coalition	Right	SüreyyaSadi.Bilgiç	Bilgiç, Süreyya Sadi	M	1961	
ParlaMint-TR-en_2021-11-30-tbmm-T27	tbmm-2021-11-30sit02spe0120par0019	The Turkish parliamentary corpus ParlaMint-TR-en, Term 27, Year 5, Session 24	2021-11-30	Unicameralism	27	5	24	-	-	COVID	English	Regular	MP	notMinister	CHP	Republican People's Party	Opposition	Centre-left	Cavit.Arı	Arı, Cavit	M	1968	
ParlaMint-TR-en_2021-11-30-tbmm-T27	tbmm-2021-11-30sit02spe0121par0022	The Turkish parliamentary corpus ParlaMint-TR-en, Term 27, Year 5, Session 24	2021-11-30	Unicameralism	27	5	24	-	-	COVID	English	Chairperson	MP	notMinister	AKP	Justice and Development Party	Coalition	Right	SüreyyaSadi.Bilgiç	Bilgiç, Süreyya Sadi	M	1961	
ParlaMint-TR-en_2021-11-30-tbmm-T27	tbmm-2021-11-30sit02spe0122par0025	The Turkish parliamentary corpus ParlaMint-TR-en, Term 27, Year 5, Session 24	2021-11-30	Unicameralism	27	5	24	-	-	COVID	English	Regular	MP	notMinister	IYI	İYİ Party	Opposition	Centre-right	Arslan.Kabukcuoğlu	Kabukcuoğlu, Arslan	M	1957	
ParlaMint-TR-en_2021-11-30-tbmm-T27	tbmm-2021-11-30sit02spe0123par0030	The Turkish parliamentary corpus ParlaMint-TR-en, Term 27, Year 5, Session 24	2021-11-30	Unicameralism	27	5	24	-	-	COVID	English	Chairperson	MP	notMinister	AKP	Justice and Development Party	Coalition	Right	SüreyyaSadi.Bilgiç	Bilgiç, Süreyya Sadi	M	1961	
ParlaMint-TR-en_2021-11-30-tbmm-T27	tbmm-2021-11-30sit02spe0122par0031	The Turkish parliamentary corpus ParlaMint-TR-en, Term 27, Year 5, Session 24	2021-11-30	Unicameralism	27	5	24	-	-	COVID	English	Regular	MP	notMinister	IYI	İYİ Party	Opposition	Centre-right	Arslan.Kabukcuoğlu	Kabukcuoğlu, Arslan	M	1957	
ParlaMint-TR-en_2021-11-30-tbmm-T27	tbmm-2021-11-30sit02spe0123par0034	The Turkish parliamentary corpus ParlaMint-TR-en, Term 27, Year 5, Session 24	2021-11-30	Unicameralism	27	5	24	-	-	COVID	English	Chairperson	MP	notMinister	AKP	Justice and Development Party	Coalition	Right	SüreyyaSadi.Bilgiç	Bilgiç, Süreyya Sadi	M	1961	
ParlaMint-TR-en_2021-11-30-tbmm-T27	tbmm-2021-11-30sit02spe0124par0037	The Turkish parliamentary corpus ParlaMint-TR-en, Term 27, Year 5, Session 24	2021-11-30	Unicameralism	27	5	24	-	-	COVID	English	Regular	MP	notMinister	HDP	Peoples' Democratic Party	Opposition	Centre-left to left	Kemal.Bülbül	Bülbül, Kemal	M	1963	
ParlaMint-TR-en_2021-11-30-tbmm-T27	tbmm-2021-11-30sit02spe0125par0041	The Turkish parliamentary corpus ParlaMint-TR-en, Term 27, Year 5, Session 24	2021-11-30	Unicameralism	27	5	24	-	-	COVID	English	Chairperson	MP	notMinister	AKP	Justice and Development Party	Coalition	Right	SüreyyaSadi.Bilgiç	Bilgiç, Süreyya Sadi	M	1961	
ParlaMint-TR-en_2021-11-30-tbmm-T27	tbmm-2021-11-30sit02spe0124par0042	The Turkish parliamentary corpus ParlaMint-TR-en, Term 27, Year 5, Session 24	2021-11-30	Unicameralism	27	5	24	-	-	COVID	English	Regular	MP	notMinister	HDP	Peoples' Democratic Party	Opposition	Centre-left to left	Kemal.Bülbül	Bülbül, Kemal	M	1963	
ParlaMint-TR-en_2021-11-30-tbmm-T27	tbmm-2021-11-30sit02spe0125par0045	The Turkish parliamentary corpus ParlaMint-TR-en, Term 27, Year 5, Session 24	2021-11-30	Unicameralism	27	5	24	-	-	COVID	English	Chairperson	MP	notMinister	AKP	Justice and Development Party	Coalition	Right	SüreyyaSadi.Bilgiç	Bilgiç, Süreyya Sadi	M	1961	
ParlaMint-TR-en_2021-11-30-tbmm-T27	tbmm-2021-11-30sit02spe0126par0048	The Turkish parliamentary corpus ParlaMint-TR-en, Term 27, Year 5, Session 24	2021-11-30	Unicameralism	27	5	24	-	-	COVID	English	Regular	MP	notMinister	AKP	Justice and Development Party	Coalition	Right	Emine.Zeybek	Zeybek, Emine	F	1967	
ParlaMint-TR-en_2021-11-30-tbmm-T27	tbmm-2021-11-30sit02spe0127par0053	The Turkish parliamentary corpus ParlaMint-TR-en, Term 27, Year 5, Session 24	2021-11-30	Unicameralism	27	5	24	-	-	COVID	English	Chairperson	MP	notMinister	AKP	Justice and Development Party	Coalition	Right	SüreyyaSadi.Bilgiç	Bilgiç, Süreyya Sadi	M	1961	
ParlaMint-TR-en_2021-11-30-tbmm-T27	tbmm-2021-11-30sit02spe0126par0054	The Turkish parliamentary corpus ParlaMint-TR-en, Term 27, Year 5, Session 24	2021-11-30	Unicameralism	27	5	24	-	-	COVID	English	Regular	MP	notMinister	AKP	Justice and Development Party	Coalition	Right	Emine.Zeybek	Zeybek, Emine	F	1967	
ParlaMint-TR-en_2021-11-30-tbmm-T27	tbmm-2021-11-30sit02spe0127par0056	The Turkish parliamentary corpus ParlaMint-TR-en, Term 27, Year 5, Session 24	2021-11-30	Unicameralism	27	5	24	-	-	COVID	English	Chairperson	MP	notMinister	AKP	Justice and Development Party	Coalition	Right	SüreyyaSadi.Bilgiç	Bilgiç, Süreyya Sadi	M	1961	
ParlaMint-TR-en_2021-11-30-tbmm-T27	tbmm-2021-11-30sit02spe0128par0057	The Turkish parliamentary corpus ParlaMint-TR-en, Term 27, Year 5, Session 24	2021-11-30	Unicameralism	27	5	24	-	-	COVID	English	Regular	MP	notMinister	CHP	Republican People's Party	Opposition	Centre-left	Engin.Altay	Altay, Engin	M	1963	
ParlaMint-TR-en_2021-11-30-tbmm-T27	tbmm-2021-11-30sit02spe0129par0058	The Turkish parliamentary corpus ParlaMint-TR-en, Term 27, Year 5, Session 24	2021-11-30	Unicameralism	27	5	24	-	-	COVID	English	Regular	MP	notMinister	CHP	Republican People's Party	Opposition	Centre-left	Mahmut.Tanal	Tanal, Mahmut	M	1961	
ParlaMint-TR-en_2021-11-30-tbmm-T27	tbmm-2021-11-30sit02spe0127par0060	The Turkish parliamentary corpus ParlaMint-TR-en, Term 27, Year 5, Session 24	2021-11-30	Unicameralism	27	5	24	-	-	COVID	English	Chairperson	MP	notMinister	AKP	Justice and Development Party	Coalition	Right	SüreyyaSadi.Bilgiç	Bilgiç, Süreyya Sadi	M	1961	
ParlaMint-TR-en_2021-11-30-tbmm-T27	tbmm-2021-11-30sit02spe0130par0061	The Turkish parliamentary corpus ParlaMint-TR-en, Term 27, Year 5, Session 24	2021-11-30	Unicameralism	27	5	24	-	-	COVID	English	Regular	MP	notMinister	CHP	Republican People's Party	Opposition	Centre-left	İlhamiÖzcan.Aygun	Aygun, İlhami Özcan	M	1969	
ParlaMint-TR-en_2021-11-30-tbmm-T27	tbmm-2021-11-30sit02spe0129par0062	The Turkish parliamentary corpus ParlaMint-TR-en, Term 27, Year 5, Session 24	2021-11-30	Unicameralism	27	5	24	-	-	COVID	English	Regular	MP	notMinister	CHP	Republican People's Party	Opposition	Centre-left	Mahmut.Tanal	Tanal, Mahmut	M	1961	
ParlaMint-TR-en_2021-11-30-tbmm-T27	tbmm-2021-11-30sit02spe0131par0065	The Turkish parliamentary corpus ParlaMint-TR-en, Term 27, Year 5, Session 24	2021-11-30	Unicameralism	27	5	24	-	-	COVID	English	Chairperson	MP	notMinister	AKP	Justice and Development Party	Coalition	Right	SüreyyaSadi.Bilgiç	Bilgiç, Süreyya Sadi	M	1961	
ParlaMint-TR-en_2021-11-30-tbmm-T27	tbmm-2021-11-30sit02spe0129par0066	The Turkish parliamentary corpus ParlaMint-TR-en, Term 27, Year 5, Session 24	2021-11-30	Unicameralism	27	5	24	-	-	COVID	English	Regular	MP	notMinister	CHP	Republican People's Party	Opposition	Centre-left	Mahmut.Tanal	Tanal, Mahmut	M	1961	
ParlaMint-TR-en_2021-11-30-tbmm-T27	tbmm-2021-11-30sit02spe0131par0067	The Turkish parliamentary corpus ParlaMint-TR-en, Term 27, Year 5, Session 24	2021-11-30	Unicameralism	27	5	24	-	-	COVID	English	Chairperson	MP	notMinister	AKP	Justice and Development Party	Coalition	Right	SüreyyaSadi.Bilgiç	Bilgiç, Süreyya Sadi	M	1961	
ParlaMint-TR-en_2021-11-30-tbmm-T27	tbmm-2021-11-30sit02spe0132par0068	The Turkish parliamentary corpus ParlaMint-TR-en, Term 27, Year 5, Session 24	2021-11-30	Unicameralism	27	5	24	-	-	COVID	English	Regular	MP	notMinister	AKP	Justice and Development Party	Coalition	Right	Mustafa.Elitaş	Elitaş, Mustafa	M	1957	
ParlaMint-TR-en_2021-11-30-tbmm-T27	tbmm-2021-11-30sit02spe0129par0069	The Turkish parliamentary corpus ParlaMint-TR-en, Term 27, Year 5, Session 24	2021-11-30	Unicameralism	27	5	24	-	-	COVID	English	Regular	MP	notMinister	CHP	Republican People's Party	Opposition	Centre-left	Mahmut.Tanal	Tanal, Mahmut	M	1961	
ParlaMint-TR-en_2021-11-30-tbmm-T27	tbmm-2021-11-30sit02spe0131par0070	The Turkish parliamentary corpus ParlaMint-TR-en, Term 27, Year 5, Session 24	2021-11-30	Unicameralism	27	5	24	-	-	COVID	English	Chairperson	MP	notMinister	AKP	Justice and Development Party	Coalition	Right	SüreyyaSadi.Bilgiç	Bilgiç, Süreyya Sadi	M	1961	
ParlaMint-TR-en_2021-11-30-tbmm-T27	tbmm-2021-11-30sit02spe0129par0071	The Turkish parliamentary corpus ParlaMint-TR-en, Term 27, Year 5, Session 24	2021-11-30	Unicameralism	27	5	24	-	-	COVID	English	Regular	MP	notMinister	CHP	Republican People's Party	Opposition	Centre-left	Mahmut.Tanal	Tanal, Mahmut	M	1961	
ParlaMint-TR-en_2021-11-30-tbmm-T27	tbmm-2021-11-30sit02spe0131par0072	The Turkish parliamentary corpus ParlaMint-TR-en, Term 27, Year 5, Session 24	2021-11-30	Unicameralism	27	5	24	-	-	COVID	English	Chairperson	MP	notMinister	AKP	Justice and Development Party	Coalition	Right	SüreyyaSadi.Bilgiç	Bilgiç, Süreyya Sadi	M	1961	
ParlaMint-TR-en_2021-11-30-tbmm-T27	tbmm-2021-11-30sit02spe0129par0074	The Turkish parliamentary corpus ParlaMint-TR-en, Term 27, Year 5, Session 24	2021-11-30	Unicameralism	27	5	24	-	-	COVID	English	Regular	MP	notMinister	CHP	Republican People's Party	Opposition	Centre-left	Mahmut.Tanal	Tanal, Mahmut	M	1961	
ParlaMint-TR-en_2021-11-30-tbmm-T27	tbmm-2021-11-30sit02spe0131par0076	The Turkish parliamentary corpus ParlaMint-TR-en, Term 27, Year 5, Session 24	2021-11-30	Unicameralism	27	5	24	-	-	COVID	English	Chairperson	MP	notMinister	AKP	Justice and Development Party	Coalition	Right	SüreyyaSadi.Bilgiç	Bilgiç, Süreyya Sadi	M	1961	
ParlaMint-TR-en_2021-11-30-tbmm-T27	tbmm-2021-11-30sit02spe0129par0077	The Turkish parliamentary corpus ParlaMint-TR-en, Term 27, Year 5, Session 24	2021-11-30	Unicameralism	27	5	24	-	-	COVID	English	Regular	MP	notMinister	CHP	Republican People's Party	Opposition	Centre-left	Mahmut.Tanal	Tanal, Mahmut	M	1961	
ParlaMint-TR-en_2021-11-30-tbmm-T27	tbmm-2021-11-30sit02spe0131par0078	The Turkish parliamentary corpus ParlaMint-TR-en, Term 27, Year 5, Session 24	2021-11-30	Unicameralism	27	5	24	-	-	COVID	English	Chairperson	MP	notMinister	AKP	Justice and Development Party	Coalition	Right	SüreyyaSadi.Bilgiç	Bilgiç, Süreyya Sadi	M	1961	
ParlaMint-TR-en_2021-11-30-tbmm-T27	tbmm-2021-11-30sit02spe0133par0079	The Turkish parliamentary corpus ParlaMint-TR-en, Term 27, Year 5, Session 24	2021-11-30	Unicameralism	27	5	24	-	-	COVID	English	Regular	MP	notMinister	MHP	Nationalist Movement Party	-	Right to far-right	MuhammedLevent.Bülbül	Bülbül, Muhammed Levent	M	1980	
ParlaMint-TR-en_2021-11-30-tbmm-T27	tbmm-2021-11-30sit02spe0134par0080	The Turkish parliamentary corpus ParlaMint-TR-en, Term 27, Year 5, Session 24	2021-11-30	Unicameralism	27	5	24	-	-	COVID	English	Regular	MP	notMinister	CHP	Republican People's Party	Opposition	Centre-left	Engin.Altay	Altay, Engin	M	1963	
ParlaMint-TR-en_2021-11-30-tbmm-T27	tbmm-2021-11-30sit02spe0131par0081	The Turkish parliamentary corpus ParlaMint-TR-en, Term 27, Year 5, Session 24	2021-11-30	Unicameralism	27	5	24	-	-	COVID	English	Chairperson	MP	notMinister	AKP	Justice and Development Party	Coalition	Right	SüreyyaSadi.Bilgiç	Bilgiç, Süreyya Sadi	M	1961	
ParlaMint-TR-en_2021-11-30-tbmm-T27	tbmm-2021-11-30sit02spe0135par0082	The Turkish parliamentary corpus ParlaMint-TR-en, Term 27, Year 5, Session 24	2021-11-30	Unicameralism	27	5	24	-	-	COVID	English	Regular	MP	notMinister	AKP	Justice and Development Party	Coalition	Right	İsmail.Kaya	Kaya, İsmail	M	1983	
ParlaMint-TR-en_2021-11-30-tbmm-T27	tbmm-2021-11-30sit02spe0136par0083	The Turkish parliamentary corpus ParlaMint-TR-en, Term 27, Year 5, Session 24	2021-11-30	Unicameralism	27	5	24	-	-	COVID	English	Regular	MP	notMinister	MHP	Nationalist Movement Party	-	Right to far-right	Baki.Şimşek	Şimşek, Baki	M	1969	
ParlaMint-TR-en_2021-11-30-tbmm-T27	tbmm-2021-11-30sit02spe0131par0084	The Turkish parliamentary corpus ParlaMint-TR-en, Term 27, Year 5, Session 24	2021-11-30	Unicameralism	27	5	24	-	-	COVID	English	Chairperson	MP	notMinister	AKP	Justice and Development Party	Coalition	Right	SüreyyaSadi.Bilgiç	Bilgiç, Süreyya Sadi	M	1961	
ParlaMint-TR-en_2021-11-30-tbmm-T27	tbmm-2021-11-30sit02spe0137par0085	The Turkish parliamentary corpus ParlaMint-TR-en, Term 27, Year 5, Session 24	2021-11-30	Unicameralism	27	5	24	-	-	COVID	English	Regular	MP	notMinister	CHP	Republican People's Party	Opposition	Centre-left	Engin.Altay	Altay, Engin	M	1963	
ParlaMint-TR-en_2021-11-30-tbmm-T27	tbmm-2021-11-30sit02spe0131par0086	The Turkish parliamentary corpus ParlaMint-TR-en, Term 27, Year 5, Session 24	2021-11-30	Unicameralism	27	5	24	-	-	COVID	English	Chairperson	MP	notMinister	AKP	Justice and Development Party	Coalition	Right	SüreyyaSadi.Bilgiç	Bilgiç, Süreyya Sadi	M	1961	
ParlaMint-TR-en_2021-11-30-tbmm-T27	tbmm-2021-11-30sit02spe0138par0088	The Turkish parliamentary corpus ParlaMint-TR-en, Term 27, Year 5, Session 24	2021-11-30	Unicameralism	27	5	24	-	-	COVID	English	Regular	MP	notMinister	MHP	Nationalist Movement Party	-	Right to far-right	Baki.Şimşek	Şimşek, Baki	M	1969	
ParlaMint-TR-en_2021-11-30-tbmm-T27	tbmm-2021-11-30sit02spe0131par0089	The Turkish parliamentary corpus ParlaMint-TR-en, Term 27, Year 5, Session 24	2021-11-30	Unicameralism	27	5	24	-	-	COVID	English	Chairperson	MP	notMinister	AKP	Justice and Development Party	Coalition	Right	SüreyyaSadi.Bilgiç	Bilgiç, Süreyya Sadi	M	1961	
ParlaMint-TR-en_2021-11-30-tbmm-T27	tbmm-2021-11-30sit02spe0139par0109	The Turkish parliamentary corpus ParlaMint-TR-en, Term 27, Year 5, Session 24	2021-11-30	Unicameralism	27	5	24	-	-	COVID	English	Regular	MP	notMinister	HDP	Peoples' Democratic Party	Opposition	Centre-left to left	Meral.DanışBeştaş	Danış Beştaş, Meral	F	1967	
ParlaMint-TR-en_2021-11-30-tbmm-T27	tbmm-2021-11-30sit02spe0131par0111	The Turkish parliamentary corpus ParlaMint-TR-en, Term 27, Year 5, Session 24	2021-11-30	Unicameralism	27	5	24	-	-	COVID	English	Chairperson	MP	notMinister	AKP	Justice and Development Party	Coalition	Right	SüreyyaSadi.Bilgiç	Bilgiç, Süreyya Sadi	M	1961	
ParlaMint-TR-en_2021-11-30-tbmm-T27	tbmm-2021-11-30sit02spe0139par0112	The Turkish parliamentary corpus ParlaMint-TR-en, Term 27, Year 5, Session 24	2021-11-30	Unicameralism	27	5	24	-	-	COVID	English	Regular	MP	notMinister	HDP	Peoples' Democratic Party	Opposition	Centre-left to left	Meral.DanışBeştaş	Danış Beştaş, Meral	F	1967	
ParlaMint-TR-en_2021-11-30-tbmm-T27	tbmm-2021-11-30sit02spe0131par0114	The Turkish parliamentary corpus ParlaMint-TR-en, Term 27, Year 5, Session 24	2021-11-30	Unicameralism	27	5	24	-	-	COVID	English	Chairperson	MP	notMinister	AKP	Justice and Development Party	Coalition	Right	SüreyyaSadi.Bilgiç	Bilgiç, Süreyya Sadi	M	1961	
ParlaMint-TR-en_2021-11-30-tbmm-T27	tbmm-2021-11-30sit02spe0140par0117	The Turkish parliamentary corpus ParlaMint-TR-en, Term 27, Year 5, Session 24	2021-11-30	Unicameralism	27	5	24	-	-	COVID	English	Regular	MP	notMinister	CHP	Republican People's Party	Opposition	Centre-left	Engin.Altay	Altay, Engin	M	1963	
ParlaMint-TR-en_2021-11-30-tbmm-T27	tbmm-2021-11-30sit02spe0141par0120	The Turkish parliamentary corpus ParlaMint-TR-en, Term 27, Year 5, Session 24	2021-11-30	Unicameralism	27	5	24	-	-	COVID	English	Regular	MP	notMinister	CHP	Republican People's Party	Opposition	Centre-left	Lale.Karabıyık	Karabıyık, Lale	F	1965	
ParlaMint-TR-en_2021-11-30-tbmm-T27	tbmm-2021-11-30sit02spe0142par0121	The Turkish parliamentary corpus ParlaMint-TR-en, Term 27, Year 5, Session 24	2021-11-30	Unicameralism	27	5	24	-	-	COVID	English	Chairperson	MP	notMinister	AKP	Justice and Development Party	Coalition	Right	SüreyyaSadi.Bilgiç	Bilgiç, Süreyya Sadi	M	1961	
ParlaMint-TR-en_2021-11-30-tbmm-T27	tbmm-2021-11-30sit02spe0140par0122	The Turkish parliamentary corpus ParlaMint-TR-en, Term 27, Year 5, Session 24	2021-11-30	Unicameralism	27	5	24	-	-	COVID	English	Regular	MP	notMinister	CHP	Republican People's Party	Opposition	Centre-left	Engin.Altay	Altay, Engin	M	1963	
ParlaMint-TR-en_2021-11-30-tbmm-T27	tbmm-2021-11-30sit02spe0143par0127	The Turkish parliamentary corpus ParlaMint-TR-en, Term 27, Year 5, Session 24	2021-11-30	Unicameralism	27	5	24	-	-	COVID	English	Chairperson	MP	notMinister	AKP	Justice and Development Party	Coalition	Right	SüreyyaSadi.Bilgiç	Bilgiç, Süreyya Sadi	M	1961	
ParlaMint-TR-en_2021-11-30-tbmm-T27	tbmm-2021-11-30sit02spe0140par0128	The Turkish parliamentary corpus ParlaMint-TR-en, Term 27, Year 5, Session 24	2021-11-30	Unicameralism	27	5	24	-	-	COVID	English	Regular	MP	notMinister	CHP	Republican People's Party	Opposition	Centre-left	Engin.Altay	Altay, Engin	M	1963	
ParlaMint-TR-en_2021-11-30-tbmm-T27	tbmm-2021-11-30sit02spe0144par0133	The Turkish parliamentary corpus ParlaMint-TR-en, Term 27, Year 5, Session 24	2021-11-30	Unicameralism	27	5	24	-	-	COVID	English	Chairperson	MP	notMinister	AKP	Justice and Development Party	Coalition	Right	SüreyyaSadi.Bilgiç	Bilgiç, Süreyya Sadi	M	1961	
ParlaMint-TR-en_2021-11-30-tbmm-T27	tbmm-2021-11-30sit02spe0145par0145	The Turkish parliamentary corpus ParlaMint-TR-en, Term 27, Year 5, Session 24	2021-11-30	Unicameralism	27	5	24	-	-	COVID	English	Regular	MP	notMinister	CHP	Republican People's Party	Opposition	Centre-left	Selin.SayekBöke	Sayek Böke, Selin	F	1972	
ParlaMint-TR-en_2021-11-30-tbmm-T27	tbmm-2021-11-30sit02spe0146par0147	The Turkish parliamentary corpus ParlaMint-TR-en, Term 27, Year 5, Session 24	2021-11-30	Unicameralism	27	5	24	-	-	COVID	English	Regular	MP	notMinister	AKP	Justice and Development Party	Coalition	Right	Yusuf.Başer	Başer, Yusuf	M	1965	
ParlaMint-TR-en_2021-11-30-tbmm-T27	tbmm-2021-11-30sit02spe0145par0148	The Turkish parliamentary corpus ParlaMint-TR-en, Term 27, Year 5, Session 24	2021-11-30	Unicameralism	27	5	24	-	-	COVID	English	Regular	MP	notMinister	CHP	Republican People's Party	Opposition	Centre-left	Selin.SayekBöke	Sayek Böke, Selin	F	1972	
ParlaMint-TR-en_2021-11-30-tbmm-T27	tbmm-2021-11-30sit02spe0147par0150	The Turkish parliamentary corpus ParlaMint-TR-en, Term 27, Year 5, Session 24	2021-11-30	Unicameralism	27	5	24	-	-	COVID	English	Chairperson	MP	notMinister	AKP	Justice and Development Party	Coalition	Right	SüreyyaSadi.Bilgiç	Bilgiç, Süreyya Sadi	M	1961	
ParlaMint-TR-en_2021-11-30-tbmm-T27	tbmm-2021-11-30sit02spe0145par0151	The Turkish parliamentary corpus ParlaMint-TR-en, Term 27, Year 5, Session 24	2021-11-30	Unicameralism	27	5	24	-	-	COVID	English	Regular	MP	notMinister	CHP	Republican People's Party	Opposition	Centre-left	Selin.SayekBöke	Sayek Böke, Selin	F	1972	
ParlaMint-TR-en_2021-11-30-tbmm-T27	tbmm-2021-11-30sit02spe0148par0152	The Turkish parliamentary corpus ParlaMint-TR-en, Term 27, Year 5, Session 24	2021-11-30	Unicameralism	27	5	24	-	-	COVID	English	Regular	MP	notMinister	AKP	Justice and Development Party	Coalition	Right	Zülfü.Demirbağ	Demirbağ, Zülfü	M	1956	
ParlaMint-TR-en_2021-11-30-tbmm-T27	tbmm-2021-11-30sit02spe0145par0153	The Turkish parliamentary corpus ParlaMint-TR-en, Term 27, Year 5, Session 24	2021-11-30	Unicameralism	27	5	24	-	-	COVID	English	Regular	MP	notMinister	CHP	Republican People's Party	Opposition	Centre-left	Selin.SayekBöke	Sayek Böke, Selin	F	1972	
ParlaMint-TR-en_2021-11-30-tbmm-T27	tbmm-2021-11-30sit02spe0149par0156	The Turkish parliamentary corpus ParlaMint-TR-en, Term 27, Year 5, Session 24	2021-11-30	Unicameralism	27	5	24	-	-	COVID	English	Chairperson	MP	notMinister	AKP	Justice and Development Party	Coalition	Right	SüreyyaSadi.Bilgiç	Bilgiç, Süreyya Sadi	M	1961	
ParlaMint-TR-en_2021-11-30-tbmm-T27	tbmm-2021-11-30sit02spe0145par0157	The Turkish parliamentary corpus ParlaMint-TR-en, Term 27, Year 5, Session 24	2021-11-30	Unicameralism	27	5	24	-	-	COVID	English	Regular	MP	notMinister	CHP	Republican People's Party	Opposition	Centre-left	Selin.SayekBöke	Sayek Böke, Selin	F	1972	
ParlaMint-TR-en_2021-11-30-tbmm-T27	tbmm-2021-11-30sit02spe0149par0159	The Turkish parliamentary corpus ParlaMint-TR-en, Term 27, Year 5, Session 24	2021-11-30	Unicameralism	27	5	24	-	-	COVID	English	Chairperson	MP	notMinister	AKP	Justice and Development Party	Coalition	Right	SüreyyaSadi.Bilgiç	Bilgiç, Süreyya Sadi	M	1961	
ParlaMint-TR-en_2021-11-30-tbmm-T27	tbmm-2021-11-30sit02spe0150par0160	The Turkish parliamentary corpus ParlaMint-TR-en, Term 27, Year 5, Session 24	2021-11-30	Unicameralism	27	5	24	-	-	COVID	English	Regular	MP	notMinister	AKP	Justice and Development Party	Coalition	Right	Yelda.Erol	Erol Gökcan, Yelda	M	1976	
ParlaMint-TR-en_2021-11-30-tbmm-T27	tbmm-2021-11-30sit02spe0151par0161	The Turkish parliamentary corpus ParlaMint-TR-en, Term 27, Year 5, Session 24	2021-11-30	Unicameralism	27	5	24	-	-	COVID	English	Regular	MP	notMinister	AKP	Justice and Development Party	Coalition	Right	Hasan.Çilez	Çilez, Hasan	M	1974	
ParlaMint-TR-en_2021-11-30-tbmm-T27	tbmm-2021-11-30sit02spe0152par0162	The Turkish parliamentary corpus ParlaMint-TR-en, Term 27, Year 5, Session 24	2021-11-30	Unicameralism	27	5	24	-	-	COVID	English	Regular	MP	notMinister	CHP	Republican People's Party	Opposition	Centre-left	Selin.SayekBöke	Sayek Böke, Selin	F	1972	
ParlaMint-TR-en_2021-11-30-tbmm-T27	tbmm-2021-11-30sit02spe0153par0163	The Turkish parliamentary corpus ParlaMint-TR-en, Term 27, Year 5, Session 24	2021-11-30	Unicameralism	27	5	24	-	-	COVID	English	Regular	MP	notMinister	AKP	Justice and Development Party	Coalition	Right	Öznur.Çalık	Çalık, Öznur	F	1965	
ParlaMint-TR-en_2021-11-30-tbmm-T27	tbmm-2021-11-30sit02spe0152par0164	The Turkish parliamentary corpus ParlaMint-TR-en, Term 27, Year 5, Session 24	2021-11-30	Unicameralism	27	5	24	-	-	COVID	English	Regular	MP	notMinister	CHP	Republican People's Party	Opposition	Centre-left	Selin.SayekBöke	Sayek Böke, Selin	F	1972	
ParlaMint-TR-en_2021-11-30-tbmm-T27	tbmm-2021-11-30sit02spe0153par0165	The Turkish parliamentary corpus ParlaMint-TR-en, Term 27, Year 5, Session 24	2021-11-30	Unicameralism	27	5	24	-	-	COVID	English	Regular	MP	notMinister	AKP	Justice and Development Party	Coalition	Right	Öznur.Çalık	Çalık, Öznur	F	1965	
ParlaMint-TR-en_2021-11-30-tbmm-T27	tbmm-2021-11-30sit02spe0152par0166	The Turkish parliamentary corpus ParlaMint-TR-en, Term 27, Year 5, Session 24	2021-11-30	Unicameralism	27	5	24	-	-	COVID	English	Regular	MP	notMinister	CHP	Republican People's Party	Opposition	Centre-left	Selin.SayekBöke	Sayek Böke, Selin	F	1972	
ParlaMint-TR-en_2021-11-30-tbmm-T27	tbmm-2021-11-30sit02spe0153par0167	The Turkish parliamentary corpus ParlaMint-TR-en, Term 27, Year 5, Session 24	2021-11-30	Unicameralism	27	5	24	-	-	COVID	English	Regular	MP	notMinister	AKP	Justice and Development Party	Coalition	Right	Öznur.Çalık	Çalık, Öznur	F	1965	
ParlaMint-TR-en_2021-11-30-tbmm-T27	tbmm-2021-11-30sit02spe0152par0168	The Turkish parliamentary corpus ParlaMint-TR-en, Term 27, Year 5, Session 24	2021-11-30	Unicameralism	27	5	24	-	-	COVID	English	Regular	MP	notMinister	CHP	Republican People's Party	Opposition	Centre-left	Selin.SayekBöke	Sayek Böke, Selin	F	1972	
ParlaMint-TR-en_2021-11-30-tbmm-T27	tbmm-2021-11-30sit02spe0154par0170	The Turkish parliamentary corpus ParlaMint-TR-en, Term 27, Year 5, Session 24	2021-11-30	Unicameralism	27	5	24	-	-	COVID	English	Chairperson	MP	notMinister	AKP	Justice and Development Party	Coalition	Right	SüreyyaSadi.Bilgiç	Bilgiç, Süreyya Sadi	M	1961	
ParlaMint-TR-en_2021-11-30-tbmm-T27	tbmm-2021-11-30sit02spe0152par0171	The Turkish parliamentary corpus ParlaMint-TR-en, Term 27, Year 5, Session 24	2021-11-30	Unicameralism	27	5	24	-	-	COVID	English	Regular	MP	notMinister	CHP	Republican People's Party	Opposition	Centre-left	Selin.SayekBöke	Sayek Böke, Selin	F	1972	
ParlaMint-TR-en_2021-11-30-tbmm-T27	tbmm-2021-11-30sit02spe0154par0173	The Turkish parliamentary corpus ParlaMint-TR-en, Term 27, Year 5, Session 24	2021-11-30	Unicameralism	27	5	24	-	-	COVID	English	Chairperson	MP	notMinister	AKP	Justice and Development Party	Coalition	Right	SüreyyaSadi.Bilgiç	Bilgiç, Süreyya Sadi	M	1961	
ParlaMint-TR-en_2021-11-30-tbmm-T27	tbmm-2021-11-30sit02spe0152par0174	The Turkish parliamentary corpus ParlaMint-TR-en, Term 27, Year 5, Session 24	2021-11-30	Unicameralism	27	5	24	-	-	COVID	English	Regular	MP	notMinister	CHP	Republican People's Party	Opposition	Centre-left	Selin.SayekBöke	Sayek Böke, Selin	F	1972	
ParlaMint-TR-en_2021-11-30-tbmm-T27	tbmm-2021-11-30sit02spe0154par0178	The Turkish parliamentary corpus ParlaMint-TR-en, Term 27, Year 5, Session 24	2021-11-30	Unicameralism	27	5	24	-	-	COVID	English	Chairperson	MP	notMinister	AKP	Justice and Development Party	Coalition	Right	SüreyyaSadi.Bilgiç	Bilgiç, Süreyya Sadi	M	1961	
ParlaMint-TR-en_2021-11-30-tbmm-T27	tbmm-2021-11-30sit02spe0155par0179	The Turkish parliamentary corpus ParlaMint-TR-en, Term 27, Year 5, Session 24	2021-11-30	Unicameralism	27	5	24	-	-	COVID	English	Regular	MP	notMinister	AKP	Justice and Development Party	Coalition	Right	Hasan.Çilez	Çilez, Hasan	M	1974	
ParlaMint-TR-en_2021-11-30-tbmm-T27	tbmm-2021-11-30sit02spe0152par0180	The Turkish parliamentary corpus ParlaMint-TR-en, Term 27, Year 5, Session 24	2021-11-30	Unicameralism	27	5	24	-	-	COVID	English	Regular	MP	notMinister	CHP	Republican People's Party	Opposition	Centre-left	Selin.SayekBöke	Sayek Böke, Selin	F	1972	
ParlaMint-TR-en_2021-11-30-tbmm-T27	tbmm-2021-11-30sit02spe0155par0181	The Turkish parliamentary corpus ParlaMint-TR-en, Term 27, Year 5, Session 24	2021-11-30	Unicameralism	27	5	24	-	-	COVID	English	Regular	MP	notMinister	AKP	Justice and Development Party	Coalition	Right	Hasan.Çilez	Çilez, Hasan	M	1974	
ParlaMint-TR-en_2021-11-30-tbmm-T27	tbmm-2021-11-30sit02spe0152par0182	The Turkish parliamentary corpus ParlaMint-TR-en, Term 27, Year 5, Session 24	2021-11-30	Unicameralism	27	5	24	-	-	COVID	English	Regular	MP	notMinister	CHP	Republican People's Party	Opposition	Centre-left	Selin.SayekBöke	Sayek Böke, Selin	F	1972	
ParlaMint-TR-en_2021-11-30-tbmm-T27	tbmm-2021-11-30sit02spe0155par0185	The Turkish parliamentary corpus ParlaMint-TR-en, Term 27, Year 5, Session 24	2021-11-30	Unicameralism	27	5	24	-	-	COVID	English	Regular	MP	notMinister	AKP	Justice and Development Party	Coalition	Right	Hasan.Çilez	Çilez, Hasan	M	1974	
ParlaMint-TR-en_2021-11-30-tbmm-T27	tbmm-2021-11-30sit02spe0156par0186	The Turkish parliamentary corpus ParlaMint-TR-en, Term 27, Year 5, Session 24	2021-11-30	Unicameralism	27	5	24	-	-	COVID	English	Chairperson	MP	notMinister	AKP	Justice and Development Party	Coalition	Right	SüreyyaSadi.Bilgiç	Bilgiç, Süreyya Sadi	M	1961	
ParlaMint-TR-en_2021-11-30-tbmm-T27	tbmm-2021-11-30sit02spe0157par0187	The Turkish parliamentary corpus ParlaMint-TR-en, Term 27, Year 5, Session 24	2021-11-30	Unicameralism	27	5	24	-	-	COVID	English	Regular	MP	notMinister	AKP	Justice and Development Party	Coalition	Right	Zülfü.Demirbağ	Demirbağ, Zülfü	M	1956	
ParlaMint-TR-en_2021-11-30-tbmm-T27	tbmm-2021-11-30sit02spe0155par0188	The Turkish parliamentary corpus ParlaMint-TR-en, Term 27, Year 5, Session 24	2021-11-30	Unicameralism	27	5	24	-	-	COVID	English	Regular	MP	notMinister	AKP	Justice and Development Party	Coalition	Right	Hasan.Çilez	Çilez, Hasan	M	1974	
ParlaMint-TR-en_2021-11-30-tbmm-T27	tbmm-2021-11-30sit02spe0158par0189	The Turkish parliamentary corpus ParlaMint-TR-en, Term 27, Year 5, Session 24	2021-11-30	Unicameralism	27	5	24	-	-	COVID	English	Regular	MP	notMinister	AKP	Justice and Development Party	Coalition	Right	Mustafa.Elitaş	Elitaş, Mustafa	M	1957	
ParlaMint-TR-en_2021-11-30-tbmm-T27	tbmm-2021-11-30sit02spe0159par0190	The Turkish parliamentary corpus ParlaMint-TR-en, Term 27, Year 5, Session 24	2021-11-30	Unicameralism	27	5	24	-	-	COVID	English	Chairperson	MP	notMinister	AKP	Justice and Development Party	Coalition	Right	SüreyyaSadi.Bilgiç	Bilgiç, Süreyya Sadi	M	1961	
ParlaMint-TR-en_2021-11-30-tbmm-T27	tbmm-2021-11-30sit02spe0158par0191	The Turkish parliamentary corpus ParlaMint-TR-en, Term 27, Year 5, Session 24	2021-11-30	Unicameralism	27	5	24	-	-	COVID	English	Regular	MP	notMinister	AKP	Justice and Development Party	Coalition	Right	Mustafa.Elitaş	Elitaş, Mustafa	M	1957	
ParlaMint-TR-en_2021-11-30-tbmm-T27	tbmm-2021-11-30sit02spe0159par0193	The Turkish parliamentary corpus ParlaMint-TR-en, Term 27, Year 5, Session 24	2021-11-30	Unicameralism	27	5	24	-	-	COVID	English	Chairperson	MP	notMinister	AKP	Justice and Development Party	Coalition	Right	SüreyyaSadi.Bilgiç	Bilgiç, Süreyya Sadi	M	1961	
ParlaMint-TR-en_2021-11-30-tbmm-T27	tbmm-2021-11-30sit02spe0158par0194	The Turkish parliamentary corpus ParlaMint-TR-en, Term 27, Year 5, Session 24	2021-11-30	Unicameralism	27	5	24	-	-	COVID	English	Regular	MP	notMinister	AKP	Justice and Development Party	Coalition	Right	Mustafa.Elitaş	Elitaş, Mustafa	M	1957	
ParlaMint-TR-en_2021-11-30-tbmm-T27	tbmm-2021-11-30sit02spe0159par0195	The Turkish parliamentary corpus ParlaMint-TR-en, Term 27, Year 5, Session 24	2021-11-30	Unicameralism	27	5	24	-	-	COVID	English	Chairperson	MP	notMinister	AKP	Justice and Development Party	Coalition	Right	SüreyyaSadi.Bilgiç	Bilgiç, Süreyya Sadi	M	1961	
ParlaMint-TR-en_2021-11-30-tbmm-T27	tbmm-2021-11-30sit02spe0160par0197	The Turkish parliamentary corpus ParlaMint-TR-en, Term 27, Year 5, Session 24	2021-11-30	Unicameralism	27	5	24	-	-	COVID	English	Regular	MP	notMinister	HDP	Peoples' Democratic Party	Opposition	Centre-left to left	Meral.DanışBeştaş	Danış Beştaş, Meral	F	1967	
ParlaMint-TR-en_2021-11-30-tbmm-T27	tbmm-2021-11-30sit02spe0161par0201	The Turkish parliamentary corpus ParlaMint-TR-en, Term 27, Year 5, Session 24	2021-11-30	Unicameralism	27	5	24	-	-	COVID	English	Chairperson	MP	notMinister	AKP	Justice and Development Party	Coalition	Right	SüreyyaSadi.Bilgiç	Bilgiç, Süreyya Sadi	M	1961	
ParlaMint-TR-en_2021-11-30-tbmm-T27	tbmm-2021-11-30sit02spe0162par0202	The Turkish parliamentary corpus ParlaMint-TR-en, Term 27, Year 5, Session 24	2021-11-30	Unicameralism	27	5	24	-	-	COVID	English	Regular	MP	notMinister	AKP	Justice and Development Party	Coalition	Right	Hasan.Çilez	Çilez, Hasan	M	1974	
ParlaMint-TR-en_2021-11-30-tbmm-T27	tbmm-2021-11-30sit02spe0161par0204	The Turkish parliamentary corpus ParlaMint-TR-en, Term 27, Year 5, Session 24	2021-11-30	Unicameralism	27	5	24	-	-	COVID	English	Chairperson	MP	notMinister	AKP	Justice and Development Party	Coalition	Right	SüreyyaSadi.Bilgiç	Bilgiç, Süreyya Sadi	M	1961	
ParlaMint-TR-en_2021-11-30-tbmm-T27	tbmm-2021-11-30sit02spe0162par0205	The Turkish parliamentary corpus ParlaMint-TR-en, Term 27, Year 5, Session 24	2021-11-30	Unicameralism	27	5	24	-	-	COVID	English	Regular	MP	notMinister	AKP	Justice and Development Party	Coalition	Right	Hasan.Çilez	Çilez, Hasan	M	1974	
ParlaMint-TR-en_2021-11-30-tbmm-T27	tbmm-2021-11-30sit02spe0161par0206	The Turkish parliamentary corpus ParlaMint-TR-en, Term 27, Year 5, Session 24	2021-11-30	Unicameralism	27	5	24	-	-	COVID	English	Chairperson	MP	notMinister	AKP	Justice and Development Party	Coalition	Right	SüreyyaSadi.Bilgiç	Bilgiç, Süreyya Sadi	M	1961	
ParlaMint-TR-en_2021-11-30-tbmm-T27	tbmm-2021-11-30sit02spe0163par0208	The Turkish parliamentary corpus ParlaMint-TR-en, Term 27, Year 5, Session 24	2021-11-30	Unicameralism	27	5	24	-	-	COVID	English	Regular	MP	notMinister	HDP	Peoples' Democratic Party	Opposition	Centre-left to left	Meral.DanışBeştaş	Danış Beştaş, Meral	F	1967	
ParlaMint-TR-en_2021-11-30-tbmm-T27	tbmm-2021-11-30sit02spe0164par0209	The Turkish parliamentary corpus ParlaMint-TR-en, Term 27, Year 5, Session 24	2021-11-30	Unicameralism	27	5	24	-	-	COVID	English	Regular	MP	notMinister	AKP	Justice and Development Party	Coalition	Right	Hasan.Çilez	Çilez, Hasan	M	1974	
ParlaMint-TR-en_2021-11-30-tbmm-T27	tbmm-2021-11-30sit02spe0163par0210	The Turkish parliamentary corpus ParlaMint-TR-en, Term 27, Year 5, Session 24	2021-11-30	Unicameralism	27	5	24	-	-	COVID	English	Regular	MP	notMinister	HDP	Peoples' Democratic Party	Opposition	Centre-left to left	Meral.DanışBeştaş	Danış Beştaş, Meral	F	1967	
ParlaMint-TR-en_2021-11-30-tbmm-T27	tbmm-2021-11-30sit02spe0164par0211	The Turkish parliamentary corpus ParlaMint-TR-en, Term 27, Year 5, Session 24	2021-11-30	Unicameralism	27	5	24	-	-	COVID	English	Regular	MP	notMinister	AKP	Justice and Development Party	Coalition	Right	Hasan.Çilez	Çilez, Hasan	M	1974	
ParlaMint-TR-en_2021-11-30-tbmm-T27	tbmm-2021-11-30sit02spe0165par0212	The Turkish parliamentary corpus ParlaMint-TR-en, Term 27, Year 5, Session 24	2021-11-30	Unicameralism	27	5	24	-	-	COVID	English	Regular	MP	notMinister	CHP	Republican People's Party	Opposition	Centre-left	Gülizar.BiçerKaraca	Biçer Karaca, Gülizar	F	1967	
ParlaMint-TR-en_2021-11-30-tbmm-T27	tbmm-2021-11-30sit02spe0164par0213	The Turkish parliamentary corpus ParlaMint-TR-en, Term 27, Year 5, Session 24	2021-11-30	Unicameralism	27	5	24	-	-	COVID	English	Regular	MP	notMinister	AKP	Justice and Development Party	Coalition	Right	Hasan.Çilez	Çilez, Hasan	M	1974	
ParlaMint-TR-en_2021-11-30-tbmm-T27	tbmm-2021-11-30sit02spe0166par0214	The Turkish parliamentary corpus ParlaMint-TR-en, Term 27, Year 5, Session 24	2021-11-30	Unicameralism	27	5	24	-	-	COVID	English	Chairperson	MP	notMinister	AKP	Justice and Development Party	Coalition	Right	SüreyyaSadi.Bilgiç	Bilgiç, Süreyya Sadi	M	1961	
ParlaMint-TR-en_2021-11-30-tbmm-T27	tbmm-2021-11-30sit02spe0164par0216	The Turkish parliamentary corpus ParlaMint-TR-en, Term 27, Year 5, Session 24	2021-11-30	Unicameralism	27	5	24	-	-	COVID	English	Regular	MP	notMinister	AKP	Justice and Development Party	Coalition	Right	Hasan.Çilez	Çilez, Hasan	M	1974	
ParlaMint-TR-en_2021-11-30-tbmm-T27	tbmm-2021-11-30sit02spe0167par0217	The Turkish parliamentary corpus ParlaMint-TR-en, Term 27, Year 5, Session 24	2021-11-30	Unicameralism	27	5	24	-	-	COVID	English	Regular	MP	notMinister	HDP	Peoples' Democratic Party	Opposition	Centre-left to left	Meral.DanışBeştaş	Danış Beştaş, Meral	F	1967	
ParlaMint-TR-en_2021-11-30-tbmm-T27	tbmm-2021-11-30sit02spe0166par0218	The Turkish parliamentary corpus ParlaMint-TR-en, Term 27, Year 5, Session 24	2021-11-30	Unicameralism	27	5	24	-	-	COVID	English	Chairperson	MP	notMinister	AKP	Justice and Development Party	Coalition	Right	SüreyyaSadi.Bilgiç	Bilgiç, Süreyya Sadi	M	1961	
ParlaMint-TR-en_2021-11-30-tbmm-T27	tbmm-2021-11-30sit02spe0168par0219	The Turkish parliamentary corpus ParlaMint-TR-en, Term 27, Year 5, Session 24	2021-11-30	Unicameralism	27	5	24	-	-	COVID	English	Regular	MP	notMinister	CHP	Republican People's Party	Opposition	Centre-left	Suzan.Şahin	Şahin, Suzan	F	1968	
ParlaMint-TR-en_2021-11-30-tbmm-T27	tbmm-2021-11-30sit02spe0169par0220	The Turkish parliamentary corpus ParlaMint-TR-en, Term 27, Year 5, Session 24	2021-11-30	Unicameralism	27	5	24	-	-	COVID	English	Regular	MP	notMinister	AKP	Justice and Development Party	Coalition	Right	Hasan.Çilez	Çilez, Hasan	M	1974	
ParlaMint-TR-en_2021-11-30-tbmm-T27	tbmm-2021-11-30sit02spe0168par0221	The Turkish parliamentary corpus ParlaMint-TR-en, Term 27, Year 5, Session 24	2021-11-30	Unicameralism	27	5	24	-	-	COVID	English	Regular	MP	notMinister	CHP	Republican People's Party	Opposition	Centre-left	Suzan.Şahin	Şahin, Suzan	F	1968	
ParlaMint-TR-en_2021-11-30-tbmm-T27	tbmm-2021-11-30sit02spe0169par0222	The Turkish parliamentary corpus ParlaMint-TR-en, Term 27, Year 5, Session 24	2021-11-30	Unicameralism	27	5	24	-	-	COVID	English	Regular	MP	notMinister	AKP	Justice and Development Party	Coalition	Right	Hasan.Çilez	Çilez, Hasan	M	1974	
ParlaMint-TR-en_2021-11-30-tbmm-T27	tbmm-2021-11-30sit02spe0168par0223	The Turkish parliamentary corpus ParlaMint-TR-en, Term 27, Year 5, Session 24	2021-11-30	Unicameralism	27	5	24	-	-	COVID	English	Regular	MP	notMinister	CHP	Republican People's Party	Opposition	Centre-left	Suzan.Şahin	Şahin, Suzan	F	1968	
ParlaMint-TR-en_2021-11-30-tbmm-T27	tbmm-2021-11-30sit02spe0170par0224	The Turkish parliamentary corpus ParlaMint-TR-en, Term 27, Year 5, Session 24	2021-11-30	Unicameralism	27	5	24	-	-	COVID	English	Chairperson	MP	notMinister	AKP	Justice and Development Party	Coalition	Right	SüreyyaSadi.Bilgiç	Bilgiç, Süreyya Sadi	M	1961	
ParlaMint-TR-en_2021-11-30-tbmm-T27	tbmm-2021-11-30sit02spe0171par0227	The Turkish parliamentary corpus ParlaMint-TR-en, Term 27, Year 5, Session 24	2021-11-30	Unicameralism	27	5	24	-	-	COVID	English	Regular	MP	notMinister	HDP	Peoples' Democratic Party	Opposition	Centre-left to left	Meral.DanışBeştaş	Danış Beştaş, Meral	F	1967	
ParlaMint-TR-en_2021-11-30-tbmm-T27	tbmm-2021-11-30sit02spe0170par0228	The Turkish parliamentary corpus ParlaMint-TR-en, Term 27, Year 5, Session 24	2021-11-30	Unicameralism	27	5	24	-	-	COVID	English	Chairperson	MP	notMinister	AKP	Justice and Development Party	Coalition	Right	SüreyyaSadi.Bilgiç	Bilgiç, Süreyya Sadi	M	1961	
ParlaMint-TR-en_2021-11-30-tbmm-T27	tbmm-2021-11-30sit02spe0171par0229	The Turkish parliamentary corpus ParlaMint-TR-en, Term 27, Year 5, Session 24	2021-11-30	Unicameralism	27	5	24	-	-	COVID	English	Regular	MP	notMinister	HDP	Peoples' Democratic Party	Opposition	Centre-left to left	Meral.DanışBeştaş	Danış Beştaş, Meral	F	1967	
ParlaMint-TR-en_2021-11-30-tbmm-T27	tbmm-2021-11-30sit02spe0172par0230	The Turkish parliamentary corpus ParlaMint-TR-en, Term 27, Year 5, Session 24	2021-11-30	Unicameralism	27	5	24	-	-	COVID	English	Regular	MP	notMinister	AKP	Justice and Development Party	Coalition	Right	Hasan.Çilez	Çilez, Hasan	M	1974	
ParlaMint-TR-en_2021-11-30-tbmm-T27	tbmm-2021-11-30sit02spe0171par0231	The Turkish parliamentary corpus ParlaMint-TR-en, Term 27, Year 5, Session 24	2021-11-30	Unicameralism	27	5	24	-	-	COVID	English	Regular	MP	notMinister	HDP	Peoples' Democratic Party	Opposition	Centre-left to left	Meral.DanışBeştaş	Danış Beştaş, Meral	F	1967	
ParlaMint-TR-en_2021-11-30-tbmm-T27	tbmm-2021-11-30sit02spe0172par0232	The Turkish parliamentary corpus ParlaMint-TR-en, Term 27, Year 5, Session 24	2021-11-30	Unicameralism	27	5	24	-	-	COVID	English	Regular	MP	notMinister	AKP	Justice and Development Party	Coalition	Right	Hasan.Çilez	Çilez, Hasan	M	1974	
ParlaMint-TR-en_2021-11-30-tbmm-T27	tbmm-2021-11-30sit02spe0173par0233	The Turkish parliamentary corpus ParlaMint-TR-en, Term 27, Year 5, Session 24	2021-11-30	Unicameralism	27	5	24	-	-	COVID	English	Regular	MP	notMinister	CHP	Republican People's Party	Opposition	Centre-left	Suzan.Şahin	Şahin, Suzan	F	1968	
ParlaMint-TR-en_2021-11-30-tbmm-T27	tbmm-2021-11-30sit02spe0171par0234	The Turkish parliamentary corpus ParlaMint-TR-en, Term 27, Year 5, Session 24	2021-11-30	Unicameralism	27	5	24	-	-	COVID	English	Regular	MP	notMinister	HDP	Peoples' Democratic Party	Opposition	Centre-left to left	Meral.DanışBeştaş	Danış Beştaş, Meral	F	1967	
ParlaMint-TR-en_2021-11-30-tbmm-T27	tbmm-2021-11-30sit02spe0174par0236	The Turkish parliamentary corpus ParlaMint-TR-en, Term 27, Year 5, Session 24	2021-11-30	Unicameralism	27	5	24	-	-	COVID	English	Chairperson	MP	notMinister	AKP	Justice and Development Party	Coalition	Right	SüreyyaSadi.Bilgiç	Bilgiç, Süreyya Sadi	M	1961	
ParlaMint-TR-en_2021-11-30-tbmm-T27	tbmm-2021-11-30sit02spe0171par0237	The Turkish parliamentary corpus ParlaMint-TR-en, Term 27, Year 5, Session 24	2021-11-30	Unicameralism	27	5	24	-	-	COVID	English	Regular	MP	notMinister	HDP	Peoples' Democratic Party	Opposition	Centre-left to left	Meral.DanışBeştaş	Danış Beştaş, Meral	F	1967	
ParlaMint-TR-en_2021-11-30-tbmm-T27	tbmm-2021-11-30sit02spe0174par0239	The Turkish parliamentary corpus ParlaMint-TR-en, Term 27, Year 5, Session 24	2021-11-30	Unicameralism	27	5	24	-	-	COVID	English	Chairperson	MP	notMinister	AKP	Justice and Development Party	Coalition	Right	SüreyyaSadi.Bilgiç	Bilgiç, Süreyya Sadi	M	1961	
ParlaMint-TR-en_2021-11-30-tbmm-T27	tbmm-2021-11-30sit02spe0175par0240	The Turkish parliamentary corpus ParlaMint-TR-en, Term 27, Year 5, Session 24	2021-11-30	Unicameralism	27	5	24	-	-	COVID	English	Regular	MP	notMinister	AKP	Justice and Development Party	Coalition	Right	Mustafa.Elitaş	Elitaş, Mustafa	M	1957	
ParlaMint-TR-en_2021-11-30-tbmm-T27	tbmm-2021-11-30sit02spe0174par0241	The Turkish parliamentary corpus ParlaMint-TR-en, Term 27, Year 5, Session 24	2021-11-30	Unicameralism	27	5	24	-	-	COVID	English	Chairperson	MP	notMinister	AKP	Justice and Development Party	Coalition	Right	SüreyyaSadi.Bilgiç	Bilgiç, Süreyya Sadi	M	1961	
ParlaMint-TR-en_2021-11-30-tbmm-T27	tbmm-2021-11-30sit02spe0175par0243	The Turkish parliamentary corpus ParlaMint-TR-en, Term 27, Year 5, Session 24	2021-11-30	Unicameralism	27	5	24	-	-	COVID	English	Regular	MP	notMinister	AKP	Justice and Development Party	Coalition	Right	Mustafa.Elitaş	Elitaş, Mustafa	M	1957	
ParlaMint-TR-en_2021-11-30-tbmm-T27	tbmm-2021-11-30sit02spe0174par0244	The Turkish parliamentary corpus ParlaMint-TR-en, Term 27, Year 5, Session 24	2021-11-30	Unicameralism	27	5	24	-	-	COVID	English	Chairperson	MP	notMinister	AKP	Justice and Development Party	Coalition	Right	SüreyyaSadi.Bilgiç	Bilgiç, Süreyya Sadi	M	1961	
ParlaMint-TR-en_2021-11-30-tbmm-T27	tbmm-2021-11-30sit02spe0175par0245	The Turkish parliamentary corpus ParlaMint-TR-en, Term 27, Year 5, Session 24	2021-11-30	Unicameralism	27	5	24	-	-	COVID	English	Regular	MP	notMinister	AKP	Justice and Development Party	Coalition	Right	Mustafa.Elitaş	Elitaş, Mustafa	M	1957	
ParlaMint-TR-en_2021-11-30-tbmm-T27	tbmm-2021-11-30sit02spe0176par0246	The Turkish parliamentary corpus ParlaMint-TR-en, Term 27, Year 5, Session 24	2021-11-30	Unicameralism	27	5	24	-	-	COVID	English	Regular	MP	notMinister	CHP	Republican People's Party	Opposition	Centre-left	Özgür.Özel	Özel, Özgür	M	1974	
ParlaMint-TR-en_2021-11-30-tbmm-T27	tbmm-2021-11-30sit02spe0177par0247	The Turkish parliamentary corpus ParlaMint-TR-en, Term 27, Year 5, Session 24	2021-11-30	Unicameralism	27	5	24	-	-	COVID	English	Regular	MP	notMinister	HDP	Peoples' Democratic Party	Opposition	Centre-left to left	DirayetDilan.Taşdemir	Taşdemir, Dirayet Dilan	F	1982	
ParlaMint-TR-en_2021-11-30-tbmm-T27	tbmm-2021-11-30sit02spe0178par0248	The Turkish parliamentary corpus ParlaMint-TR-en, Term 27, Year 5, Session 24	2021-11-30	Unicameralism	27	5	24	-	-	COVID	English	Regular	MP	notMinister	CHP	Republican People's Party	Opposition	Centre-left	Gülizar.BiçerKaraca	Biçer Karaca, Gülizar	F	1967	
ParlaMint-TR-en_2021-11-30-tbmm-T27	tbmm-2021-11-30sit02spe0179par0249	The Turkish parliamentary corpus ParlaMint-TR-en, Term 27, Year 5, Session 24	2021-11-30	Unicameralism	27	5	24	-	-	COVID	English	Regular	MP	notMinister	AKP	Justice and Development Party	Coalition	Right	Mustafa.Elitaş	Elitaş, Mustafa	M	1957	
ParlaMint-TR-en_2021-11-30-tbmm-T27	tbmm-2021-11-30sit02spe0180par0250	The Turkish parliamentary corpus ParlaMint-TR-en, Term 27, Year 5, Session 24	2021-11-30	Unicameralism	27	5	24	-	-	COVID	English	Regular	MP	notMinister	CHP	Republican People's Party	Opposition	Centre-left	Suzan.Şahin	Şahin, Suzan	F	1968	
ParlaMint-TR-en_2021-11-30-tbmm-T27	tbmm-2021-11-30sit02spe0179par0251	The Turkish parliamentary corpus ParlaMint-TR-en, Term 27, Year 5, Session 24	2021-11-30	Unicameralism	27	5	24	-	-	COVID	English	Regular	MP	notMinister	AKP	Justice and Development Party	Coalition	Right	Mustafa.Elitaş	Elitaş, Mustafa	M	1957	
ParlaMint-TR-en_2021-11-30-tbmm-T27	tbmm-2021-11-30sit02spe0181par0253	The Turkish parliamentary corpus ParlaMint-TR-en, Term 27, Year 5, Session 24	2021-11-30	Unicameralism	27	5	24	-	-	COVID	English	Regular	MP	notMinister	HDP	Peoples' Democratic Party	Opposition	Centre-left to left	DirayetDilan.Taşdemir	Taşdemir, Dirayet Dilan	F	1982	
ParlaMint-TR-en_2021-11-30-tbmm-T27	tbmm-2021-11-30sit02spe0182par0254	The Turkish parliamentary corpus ParlaMint-TR-en, Term 27, Year 5, Session 24	2021-11-30	Unicameralism	27	5	24	-	-	COVID	English	Regular	MP	notMinister	AKP	Justice and Development Party	Coalition	Right	Hasan.Çilez	Çilez, Hasan	M	1974	
ParlaMint-TR-en_2021-11-30-tbmm-T27	tbmm-2021-11-30sit02spe0179par0255	The Turkish parliamentary corpus ParlaMint-TR-en, Term 27, Year 5, Session 24	2021-11-30	Unicameralism	27	5	24	-	-	COVID	English	Regular	MP	notMinister	AKP	Justice and Development Party	Coalition	Right	Mustafa.Elitaş	Elitaş, Mustafa	M	1957	
ParlaMint-TR-en_2021-11-30-tbmm-T27	tbmm-2021-11-30sit02spe0183par0257	The Turkish parliamentary corpus ParlaMint-TR-en, Term 27, Year 5, Session 24	2021-11-30	Unicameralism	27	5	24	-	-	COVID	English	Regular	MP	notMinister	CHP	Republican People's Party	Opposition	Centre-left	Suzan.Şahin	Şahin, Suzan	F	1968	
ParlaMint-TR-en_2021-11-30-tbmm-T27	tbmm-2021-11-30sit02spe0182par0258	The Turkish parliamentary corpus ParlaMint-TR-en, Term 27, Year 5, Session 24	2021-11-30	Unicameralism	27	5	24	-	-	COVID	English	Regular	MP	notMinister	AKP	Justice and Development Party	Coalition	Right	Hasan.Çilez	Çilez, Hasan	M	1974	
ParlaMint-TR-en_2021-11-30-tbmm-T27	tbmm-2021-11-30sit02spe0179par0259	The Turkish parliamentary corpus ParlaMint-TR-en, Term 27, Year 5, Session 24	2021-11-30	Unicameralism	27	5	24	-	-	COVID	English	Regular	MP	notMinister	AKP	Justice and Development Party	Coalition	Right	Mustafa.Elitaş	Elitaş, Mustafa	M	1957	
ParlaMint-TR-en_2021-11-30-tbmm-T27	tbmm-2021-11-30sit02spe0184par0261	The Turkish parliamentary corpus ParlaMint-TR-en, Term 27, Year 5, Session 24	2021-11-30	Unicameralism	27	5	24	-	-	COVID	English	Regular	MP	notMinister	HDP	Peoples' Democratic Party	Opposition	Centre-left to left	Serpil.Kemalbay	Kemalbay Pekgözegü, Serpil	F	1964	
ParlaMint-TR-en_2021-11-30-tbmm-T27	tbmm-2021-11-30sit02spe0179par0262	The Turkish parliamentary corpus ParlaMint-TR-en, Term 27, Year 5, Session 24	2021-11-30	Unicameralism	27	5	24	-	-	COVID	English	Regular	MP	notMinister	AKP	Justice and Development Party	Coalition	Right	Mustafa.Elitaş	Elitaş, Mustafa	M	1957	
ParlaMint-TR-en_2021-11-30-tbmm-T27	tbmm-2021-11-30sit02spe0185par0264	The Turkish parliamentary corpus ParlaMint-TR-en, Term 27, Year 5, Session 24	2021-11-30	Unicameralism	27	5	24	-	-	COVID	English	Regular	MP	notMinister	CHP	Republican People's Party	Opposition	Centre-left	Gülizar.BiçerKaraca	Biçer Karaca, Gülizar	F	1967	
ParlaMint-TR-en_2021-11-30-tbmm-T27	tbmm-2021-11-30sit02spe0179par0265	The Turkish parliamentary corpus ParlaMint-TR-en, Term 27, Year 5, Session 24	2021-11-30	Unicameralism	27	5	24	-	-	COVID	English	Regular	MP	notMinister	AKP	Justice and Development Party	Coalition	Right	Mustafa.Elitaş	Elitaş, Mustafa	M	1957	
ParlaMint-TR-en_2021-11-30-tbmm-T27	tbmm-2021-11-30sit02spe0186par0267	The Turkish parliamentary corpus ParlaMint-TR-en, Term 27, Year 5, Session 24	2021-11-30	Unicameralism	27	5	24	-	-	COVID	English	Regular	MP	notMinister	HDP	Peoples' Democratic Party	Opposition	Centre-left to left	DirayetDilan.Taşdemir	Taşdemir, Dirayet Dilan	F	1982	
ParlaMint-TR-en_2021-11-30-tbmm-T27	tbmm-2021-11-30sit02spe0185par0268	The Turkish parliamentary corpus ParlaMint-TR-en, Term 27, Year 5, Session 24	2021-11-30	Unicameralism	27	5	24	-	-	COVID	English	Regular	MP	notMinister	CHP	Republican People's Party	Opposition	Centre-left	Gülizar.BiçerKaraca	Biçer Karaca, Gülizar	F	1967	
ParlaMint-TR-en_2021-11-30-tbmm-T27	tbmm-2021-11-30sit02spe0179par0269	The Turkish parliamentary corpus ParlaMint-TR-en, Term 27, Year 5, Session 24	2021-11-30	Unicameralism	27	5	24	-	-	COVID	English	Regular	MP	notMinister	AKP	Justice and Development Party	Coalition	Right	Mustafa.Elitaş	Elitaş, Mustafa	M	1957	
ParlaMint-TR-en_2021-11-30-tbmm-T27	tbmm-2021-11-30sit02spe0187par0273	The Turkish parliamentary corpus ParlaMint-TR-en, Term 27, Year 5, Session 24	2021-11-30	Unicameralism	27	5	24	-	-	COVID	English	Regular	MP	notMinister	CHP	Republican People's Party	Opposition	Centre-left	Gamze.Akkuşİlgezdi	Akkuş İlgezdi, Gamze	F	1969	
ParlaMint-TR-en_2021-11-30-tbmm-T27	tbmm-2021-11-30sit02spe0179par0274	The Turkish parliamentary corpus ParlaMint-TR-en, Term 27, Year 5, Session 24	2021-11-30	Unicameralism	27	5	24	-	-	COVID	English	Regular	MP	notMinister	AKP	Justice and Development Party	Coalition	Right	Mustafa.Elitaş	Elitaş, Mustafa	M	1957	
ParlaMint-TR-en_2021-11-30-tbmm-T27	tbmm-2021-11-30sit02spe0188par0275	The Turkish parliamentary corpus ParlaMint-TR-en, Term 27, Year 5, Session 24	2021-11-30	Unicameralism	27	5	24	-	-	COVID	English	Chairperson	MP	notMinister	AKP	Justice and Development Party	Coalition	Right	SüreyyaSadi.Bilgiç	Bilgiç, Süreyya Sadi	M	1961	
ParlaMint-TR-en_2021-11-30-tbmm-T27	tbmm-2021-11-30sit02spe0189par0277	The Turkish parliamentary corpus ParlaMint-TR-en, Term 27, Year 5, Session 24	2021-11-30	Unicameralism	27	5	24	-	-	COVID	English	Regular	MP	notMinister	CHP	Republican People's Party	Opposition	Centre-left	Özgür.Özel	Özel, Özgür	M	1974	
ParlaMint-TR-en_2021-11-30-tbmm-T27	tbmm-2021-11-30sit02spe0190par0279	The Turkish parliamentary corpus ParlaMint-TR-en, Term 27, Year 5, Session 24	2021-11-30	Unicameralism	27	5	24	-	-	COVID	English	Regular	MP	notMinister	CHP	Republican People's Party	Opposition	Centre-left	Engin.Özkoç	Özkoç, Engin	M	1962	
ParlaMint-TR-en_2021-11-30-tbmm-T27	tbmm-2021-11-30sit02spe0191par0280	The Turkish parliamentary corpus ParlaMint-TR-en, Term 27, Year 5, Session 24	2021-11-30	Unicameralism	27	5	24	-	-	COVID	English	Regular	MP	notMinister	AKP	Justice and Development Party	Coalition	Right	Mustafa.Elitaş	Elitaş, Mustafa	M	1957	
ParlaMint-TR-en_2021-11-30-tbmm-T27	tbmm-2021-11-30sit02spe0192par0282	The Turkish parliamentary corpus ParlaMint-TR-en, Term 27, Year 5, Session 24	2021-11-30	Unicameralism	27	5	24	-	-	COVID	English	Regular	MP	notMinister	HDP	Peoples' Democratic Party	Opposition	Centre-left to left	DirayetDilan.Taşdemir	Taşdemir, Dirayet Dilan	F	1982	
ParlaMint-TR-en_2021-11-30-tbmm-T27	tbmm-2021-11-30sit02spe0191par0283	The Turkish parliamentary corpus ParlaMint-TR-en, Term 27, Year 5, Session 24	2021-11-30	Unicameralism	27	5	24	-	-	COVID	English	Regular	MP	notMinister	AKP	Justice and Development Party	Coalition	Right	Mustafa.Elitaş	Elitaş, Mustafa	M	1957	
ParlaMint-TR-en_2021-11-30-tbmm-T27	tbmm-2021-11-30sit02spe0193par0284	The Turkish parliamentary corpus ParlaMint-TR-en, Term 27, Year 5, Session 24	2021-11-30	Unicameralism	27	5	24	-	-	COVID	English	Chairperson	MP	notMinister	AKP	Justice and Development Party	Coalition	Right	SüreyyaSadi.Bilgiç	Bilgiç, Süreyya Sadi	M	1961	
ParlaMint-TR-en_2021-11-30-tbmm-T27	tbmm-2021-11-30sit02spe0191par0286	The Turkish parliamentary corpus ParlaMint-TR-en, Term 27, Year 5, Session 24	2021-11-30	Unicameralism	27	5	24	-	-	COVID	English	Regular	MP	notMinister	AKP	Justice and Development Party	Coalition	Right	Mustafa.Elitaş	Elitaş, Mustafa	M	1957	
ParlaMint-TR-en_2021-11-30-tbmm-T27	tbmm-2021-11-30sit02spe0194par0287	The Turkish parliamentary corpus ParlaMint-TR-en, Term 27, Year 5, Session 24	2021-11-30	Unicameralism	27	5	24	-	-	COVID	English	Regular	MP	notMinister	CHP	Republican People's Party	Opposition	Centre-left	Gülizar.BiçerKaraca	Biçer Karaca, Gülizar	F	1967	
ParlaMint-TR-en_2021-11-30-tbmm-T27	tbmm-2021-11-30sit02spe0193par0288	The Turkish parliamentary corpus ParlaMint-TR-en, Term 27, Year 5, Session 24	2021-11-30	Unicameralism	27	5	24	-	-	COVID	English	Chairperson	MP	notMinister	AKP	Justice and Development Party	Coalition	Right	SüreyyaSadi.Bilgiç	Bilgiç, Süreyya Sadi	M	1961	
ParlaMint-TR-en_2021-11-30-tbmm-T27	tbmm-2021-11-30sit02spe0191par0289	The Turkish parliamentary corpus ParlaMint-TR-en, Term 27, Year 5, Session 24	2021-11-30	Unicameralism	27	5	24	-	-	COVID	English	Regular	MP	notMinister	AKP	Justice and Development Party	Coalition	Right	Mustafa.Elitaş	Elitaş, Mustafa	M	1957	
ParlaMint-TR-en_2021-11-30-tbmm-T27	tbmm-2021-11-30sit02spe0195par0290	The Turkish parliamentary corpus ParlaMint-TR-en, Term 27, Year 5, Session 24	2021-11-30	Unicameralism	27	5	24	-	-	COVID	English	Regular	MP	notMinister	HDP	Peoples' Democratic Party	Opposition	Centre-left to left	DirayetDilan.Taşdemir	Taşdemir, Dirayet Dilan	F	1982	
ParlaMint-TR-en_2021-11-30-tbmm-T27	tbmm-2021-11-30sit02spe0191par0291	The Turkish parliamentary corpus ParlaMint-TR-en, Term 27, Year 5, Session 24	2021-11-30	Unicameralism	27	5	24	-	-	COVID	English	Regular	MP	notMinister	AKP	Justice and Development Party	Coalition	Right	Mustafa.Elitaş	Elitaş, Mustafa	M	1957	
ParlaMint-TR-en_2021-11-30-tbmm-T27	tbmm-2021-11-30sit02spe0195par0294	The Turkish parliamentary corpus ParlaMint-TR-en, Term 27, Year 5, Session 24	2021-11-30	Unicameralism	27	5	24	-	-	COVID	English	Regular	MP	notMinister	HDP	Peoples' Democratic Party	Opposition	Centre-left to left	DirayetDilan.Taşdemir	Taşdemir, Dirayet Dilan	F	1982	
ParlaMint-TR-en_2021-11-30-tbmm-T27	tbmm-2021-11-30sit02spe0196par0295	The Turkish parliamentary corpus ParlaMint-TR-en, Term 27, Year 5, Session 24	2021-11-30	Unicameralism	27	5	24	-	-	COVID	English	Regular	MP	notMinister	CHP	Republican People's Party	Opposition	Centre-left	Engin.Altay	Altay, Engin	M	1963	
ParlaMint-TR-en_2021-11-30-tbmm-T27	tbmm-2021-11-30sit02spe0197par0296	The Turkish parliamentary corpus ParlaMint-TR-en, Term 27, Year 5, Session 24	2021-11-30	Unicameralism	27	5	24	-	-	COVID	English	Chairperson	MP	notMinister	AKP	Justice and Development Party	Coalition	Right	SüreyyaSadi.Bilgiç	Bilgiç, Süreyya Sadi	M	1961	
ParlaMint-TR-en_2021-11-30-tbmm-T27	tbmm-2021-11-30sit02spe0196par0297	The Turkish parliamentary corpus ParlaMint-TR-en, Term 27, Year 5, Session 24	2021-11-30	Unicameralism	27	5	24	-	-	COVID	English	Regular	MP	notMinister	CHP	Republican People's Party	Opposition	Centre-left	Engin.Altay	Altay, Engin	M	1963	
ParlaMint-TR-en_2021-11-30-tbmm-T27	tbmm-2021-11-30sit02spe0198par0298	The Turkish parliamentary corpus ParlaMint-TR-en, Term 27, Year 5, Session 24	2021-11-30	Unicameralism	27	5	24	-	-	COVID	English	Regular	MP	notMinister	AKP	Justice and Development Party	Coalition	Right	Hasan.Çilez	Çilez, Hasan	M	1974	
ParlaMint-TR-en_2021-11-30-tbmm-T27	tbmm-2021-11-30sit02spe0197par0300	The Turkish parliamentary corpus ParlaMint-TR-en, Term 27, Year 5, Session 24	2021-11-30	Unicameralism	27	5	24	-	-	COVID	English	Chairperson	MP	notMinister	AKP	Justice and Development Party	Coalition	Right	SüreyyaSadi.Bilgiç	Bilgiç, Süreyya Sadi	M	1961	
ParlaMint-TR-en_2021-11-30-tbmm-T27	tbmm-2021-11-30sit02spe0196par0301	The Turkish parliamentary corpus ParlaMint-TR-en, Term 27, Year 5, Session 24	2021-11-30	Unicameralism	27	5	24	-	-	COVID	English	Regular	MP	notMinister	CHP	Republican People's Party	Opposition	Centre-left	Engin.Altay	Altay, Engin	M	1963	
ParlaMint-TR-en_2021-11-30-tbmm-T27	tbmm-2021-11-30sit02spe0197par0302	The Turkish parliamentary corpus ParlaMint-TR-en, Term 27, Year 5, Session 24	2021-11-30	Unicameralism	27	5	24	-	-	COVID	English	Chairperson	MP	notMinister	AKP	Justice and Development Party	Coalition	Right	SüreyyaSadi.Bilgiç	Bilgiç, Süreyya Sadi	M	1961	
ParlaMint-TR-en_2021-11-30-tbmm-T27	tbmm-2021-11-30sit02spe0199par0304	The Turkish parliamentary corpus ParlaMint-TR-en, Term 27, Year 5, Session 24	2021-11-30	Unicameralism	27	5	24	-	-	COVID	English	Regular	MP	notMinister	AKP	Justice and Development Party	Coalition	Right	Mustafa.Elitaş	Elitaş, Mustafa	M	1957	
ParlaMint-TR-en_2021-11-30-tbmm-T27	tbmm-2021-11-30sit02spe0200par0305	The Turkish parliamentary corpus ParlaMint-TR-en, Term 27, Year 5, Session 24	2021-11-30	Unicameralism	27	5	24	-	-	COVID	English	Regular	MP	notMinister	AKP	Justice and Development Party	Coalition	Right	Hasan.Çilez	Çilez, Hasan	M	1974	
ParlaMint-TR-en_2021-11-30-tbmm-T27	tbmm-2021-11-30sit02spe0201par0306	The Turkish parliamentary corpus ParlaMint-TR-en, Term 27, Year 5, Session 24	2021-11-30	Unicameralism	27	5	24	-	-	COVID	English	Regular	MP	notMinister	CHP	Republican People's Party	Opposition	Centre-left	Engin.Altay	Altay, Engin	M	1963	
ParlaMint-TR-en_2021-11-30-tbmm-T27	tbmm-2021-11-30sit02spe0202par0308	The Turkish parliamentary corpus ParlaMint-TR-en, Term 27, Year 5, Session 24	2021-11-30	Unicameralism	27	5	24	-	-	COVID	English	Regular	MP	notMinister	AKP	Justice and Development Party	Coalition	Right	Öznur.Çalık	Çalık, Öznur	F	1965	
ParlaMint-TR-en_2021-11-30-tbmm-T27	tbmm-2021-11-30sit02spe0201par0309	The Turkish parliamentary corpus ParlaMint-TR-en, Term 27, Year 5, Session 24	2021-11-30	Unicameralism	27	5	24	-	-	COVID	English	Regular	MP	notMinister	CHP	Republican People's Party	Opposition	Centre-left	Engin.Altay	Altay, Engin	M	1963	
ParlaMint-TR-en_2021-11-30-tbmm-T27	tbmm-2021-11-30sit02spe0202par0311	The Turkish parliamentary corpus ParlaMint-TR-en, Term 27, Year 5, Session 24	2021-11-30	Unicameralism	27	5	24	-	-	COVID	English	Regular	MP	notMinister	AKP	Justice and Development Party	Coalition	Right	Öznur.Çalık	Çalık, Öznur	F	1965	
ParlaMint-TR-en_2021-11-30-tbmm-T27	tbmm-2021-11-30sit02spe0201par0312	The Turkish parliamentary corpus ParlaMint-TR-en, Term 27, Year 5, Session 24	2021-11-30	Unicameralism	27	5	24	-	-	COVID	English	Regular	MP	notMinister	CHP	Republican People's Party	Opposition	Centre-left	Engin.Altay	Altay, Engin	M	1963	
ParlaMint-TR-en_2021-11-30-tbmm-T27	tbmm-2021-11-30sit02spe0203par0313	The Turkish parliamentary corpus ParlaMint-TR-en, Term 27, Year 5, Session 24	2021-11-30	Unicameralism	27	5	24	-	-	COVID	English	Regular	MP	notMinister	AKP	Justice and Development Party	Coalition	Right	Hasan.Çilez	Çilez, Hasan	M	1974	
ParlaMint-TR-en_2021-11-30-tbmm-T27	tbmm-2021-11-30sit02spe0201par0314	The Turkish parliamentary corpus ParlaMint-TR-en, Term 27, Year 5, Session 24	2021-11-30	Unicameralism	27	5	24	-	-	COVID	English	Regular	MP	notMinister	CHP	Republican People's Party	Opposition	Centre-left	Engin.Altay	Altay, Engin	M	1963	
ParlaMint-TR-en_2021-11-30-tbmm-T27	tbmm-2021-11-30sit02spe0203par0316	The Turkish parliamentary corpus ParlaMint-TR-en, Term 27, Year 5, Session 24	2021-11-30	Unicameralism	27	5	24	-	-	COVID	English	Regular	MP	notMinister	AKP	Justice and Development Party	Coalition	Right	Hasan.Çilez	Çilez, Hasan	M	1974	
ParlaMint-TR-en_2021-11-30-tbmm-T27	tbmm-2021-11-30sit02spe0204par0317	The Turkish parliamentary corpus ParlaMint-TR-en, Term 27, Year 5, Session 24	2021-11-30	Unicameralism	27	5	24	-	-	COVID	English	Regular	MP	notMinister	CHP	Republican People's Party	Opposition	Centre-left	Aysu.Bankoğlu	Bankoğlu, Aysu	F	1989	
ParlaMint-TR-en_2021-11-30-tbmm-T27	tbmm-2021-11-30sit02spe0203par0318	The Turkish parliamentary corpus ParlaMint-TR-en, Term 27, Year 5, Session 24	2021-11-30	Unicameralism	27	5	24	-	-	COVID	English	Regular	MP	notMinister	AKP	Justice and Development Party	Coalition	Right	Hasan.Çilez	Çilez, Hasan	M	1974	
ParlaMint-TR-en_2021-11-30-tbmm-T27	tbmm-2021-11-30sit02spe0205par0319	The Turkish parliamentary corpus ParlaMint-TR-en, Term 27, Year 5, Session 24	2021-11-30	Unicameralism	27	5	24	-	-	COVID	English	Chairperson	MP	notMinister	AKP	Justice and Development Party	Coalition	Right	SüreyyaSadi.Bilgiç	Bilgiç, Süreyya Sadi	M	1961	
ParlaMint-TR-en_2021-11-30-tbmm-T27	tbmm-2021-11-30sit02spe0206par0320	The Turkish parliamentary corpus ParlaMint-TR-en, Term 27, Year 5, Session 24	2021-11-30	Unicameralism	27	5	24	-	-	COVID	English	Regular	MP	notMinister	HDP	Peoples' Democratic Party	Opposition	Centre-left to left	Meral.DanışBeştaş	Danış Beştaş, Meral	F	1967	
ParlaMint-TR-en_2021-11-30-tbmm-T27	tbmm-2021-11-30sit02spe0205par0321	The Turkish parliamentary corpus ParlaMint-TR-en, Term 27, Year 5, Session 24	2021-11-30	Unicameralism	27	5	24	-	-	COVID	English	Chairperson	MP	notMinister	AKP	Justice and Development Party	Coalition	Right	SüreyyaSadi.Bilgiç	Bilgiç, Süreyya Sadi	M	1961	
ParlaMint-TR-en_2021-11-30-tbmm-T27	tbmm-2021-11-30sit02spe0206par0324	The Turkish parliamentary corpus ParlaMint-TR-en, Term 27, Year 5, Session 24	2021-11-30	Unicameralism	27	5	24	-	-	COVID	English	Regular	MP	notMinister	HDP	Peoples' Democratic Party	Opposition	Centre-left to left	Meral.DanışBeştaş	Danış Beştaş, Meral	F	1967	
ParlaMint-TR-en_2021-11-30-tbmm-T27	tbmm-2021-11-30sit02spe0207par0325	The Turkish parliamentary corpus ParlaMint-TR-en, Term 27, Year 5, Session 24	2021-11-30	Unicameralism	27	5	24	-	-	COVID	English	Regular	MP	notMinister	HDP	Peoples' Democratic Party	Opposition	Centre-left to left	DirayetDilan.Taşdemir	Taşdemir, Dirayet Dilan	F	1982	
ParlaMint-TR-en_2021-11-30-tbmm-T27	tbmm-2021-11-30sit02spe0205par0326	The Turkish parliamentary corpus ParlaMint-TR-en, Term 27, Year 5, Session 24	2021-11-30	Unicameralism	27	5	24	-	-	COVID	English	Chairperson	MP	notMinister	AKP	Justice and Development Party	Coalition	Right	SüreyyaSadi.Bilgiç	Bilgiç, Süreyya Sadi	M	1961	
ParlaMint-TR-en_2021-11-30-tbmm-T27	tbmm-2021-11-30sit02spe0208par0327	The Turkish parliamentary corpus ParlaMint-TR-en, Term 27, Year 5, Session 24	2021-11-30	Unicameralism	27	5	24	-	-	COVID	English	Regular	MP	notMinister	AKP	Justice and Development Party	Coalition	Right	Hasan.Çilez	Çilez, Hasan	M	1974	
ParlaMint-TR-en_2021-11-30-tbmm-T27	tbmm-2021-11-30sit02spe0209par0329	The Turkish parliamentary corpus ParlaMint-TR-en, Term 27, Year 5, Session 24	2021-11-30	Unicameralism	27	5	24	-	-	COVID	English	Regular	MP	notMinister	CHP	Republican People's Party	Opposition	Centre-left	Gülizar.BiçerKaraca	Biçer Karaca, Gülizar	F	1967	
ParlaMint-TR-en_2021-11-30-tbmm-T27	tbmm-2021-11-30sit02spe0208par0330	The Turkish parliamentary corpus ParlaMint-TR-en, Term 27, Year 5, Session 24	2021-11-30	Unicameralism	27	5	24	-	-	COVID	English	Regular	MP	notMinister	AKP	Justice and Development Party	Coalition	Right	Hasan.Çilez	Çilez, Hasan	M	1974	
ParlaMint-TR-en_2021-11-30-tbmm-T27	tbmm-2021-11-30sit02spe0209par0331	The Turkish parliamentary corpus ParlaMint-TR-en, Term 27, Year 5, Session 24	2021-11-30	Unicameralism	27	5	24	-	-	COVID	English	Regular	MP	notMinister	CHP	Republican People's Party	Opposition	Centre-left	Gülizar.BiçerKaraca	Biçer Karaca, Gülizar	F	1967	
ParlaMint-TR-en_2021-11-30-tbmm-T27	tbmm-2021-11-30sit02spe0210par0332	The Turkish parliamentary corpus ParlaMint-TR-en, Term 27, Year 5, Session 24	2021-11-30	Unicameralism	27	5	24	-	-	COVID	English	Regular	MP	notMinister	HDP	Peoples' Democratic Party	Opposition	Centre-left to left	Meral.DanışBeştaş	Danış Beştaş, Meral	F	1967	
ParlaMint-TR-en_2021-11-30-tbmm-T27	tbmm-2021-11-30sit02spe0211par0334	The Turkish parliamentary corpus ParlaMint-TR-en, Term 27, Year 5, Session 24	2021-11-30	Unicameralism	27	5	24	-	-	COVID	English	Chairperson	MP	notMinister	AKP	Justice and Development Party	Coalition	Right	SüreyyaSadi.Bilgiç	Bilgiç, Süreyya Sadi	M	1961	
ParlaMint-TR-en_2021-11-30-tbmm-T27	tbmm-2021-11-30sit02spe0212par0335	The Turkish parliamentary corpus ParlaMint-TR-en, Term 27, Year 5, Session 24	2021-11-30	Unicameralism	27	5	24	-	-	COVID	English	Regular	MP	notMinister	CHP	Republican People's Party	Opposition	Centre-left	Engin.Özkoç	Özkoç, Engin	M	1962	
ParlaMint-TR-en_2021-11-30-tbmm-T27	tbmm-2021-11-30sit02spe0213par0336	The Turkish parliamentary corpus ParlaMint-TR-en, Term 27, Year 5, Session 24	2021-11-30	Unicameralism	27	5	24	-	-	COVID	English	Regular	MP	notMinister	AKP	Justice and Development Party	Coalition	Right	Hasan.Çilez	Çilez, Hasan	M	1974	
ParlaMint-TR-en_2021-11-30-tbmm-T27	tbmm-2021-11-30sit02spe0212par0337	The Turkish parliamentary corpus ParlaMint-TR-en, Term 27, Year 5, Session 24	2021-11-30	Unicameralism	27	5	24	-	-	COVID	English	Regular	MP	notMinister	CHP	Republican People's Party	Opposition	Centre-left	Engin.Özkoç	Özkoç, Engin	M	1962	
ParlaMint-TR-en_2021-11-30-tbmm-T27	tbmm-2021-11-30sit02spe0213par0338	The Turkish parliamentary corpus ParlaMint-TR-en, Term 27, Year 5, Session 24	2021-11-30	Unicameralism	27	5	24	-	-	COVID	English	Regular	MP	notMinister	AKP	Justice and Development Party	Coalition	Right	Hasan.Çilez	Çilez, Hasan	M	1974	
ParlaMint-TR-en_2021-11-30-tbmm-T27	tbmm-2021-11-30sit02spe0212par0339	The Turkish parliamentary corpus ParlaMint-TR-en, Term 27, Year 5, Session 24	2021-11-30	Unicameralism	27	5	24	-	-	COVID	English	Regular	MP	notMinister	CHP	Republican People's Party	Opposition	Centre-left	Engin.Özkoç	Özkoç, Engin	M	1962	
ParlaMint-TR-en_2021-11-30-tbmm-T27	tbmm-2021-11-30sit02spe0213par0340	The Turkish parliamentary corpus ParlaMint-TR-en, Term 27, Year 5, Session 24	2021-11-30	Unicameralism	27	5	24	-	-	COVID	English	Regular	MP	notMinister	AKP	Justice and Development Party	Coalition	Right	Hasan.Çilez	Çilez, Hasan	M	1974	
ParlaMint-TR-en_2021-11-30-tbmm-T27	tbmm-2021-11-30sit02spe0214par0341	The Turkish parliamentary corpus ParlaMint-TR-en, Term 27, Year 5, Session 24	2021-11-30	Unicameralism	27	5	24	-	-	COVID	English	Regular	MP	notMinister	HDP	Peoples' Democratic Party	Opposition	Centre-left to left	Meral.DanışBeştaş	Danış Beştaş, Meral	F	1967	
ParlaMint-TR-en_2021-11-30-tbmm-T27	tbmm-2021-11-30sit02spe0215par0342	The Turkish parliamentary corpus ParlaMint-TR-en, Term 27, Year 5, Session 24	2021-11-30	Unicameralism	27	5	24	-	-	COVID	English	Chairperson	MP	notMinister	AKP	Justice and Development Party	Coalition	Right	SüreyyaSadi.Bilgiç	Bilgiç, Süreyya Sadi	M	1961	
ParlaMint-TR-en_2021-11-30-tbmm-T27	tbmm-2021-11-30sit02spe0214par0343	The Turkish parliamentary corpus ParlaMint-TR-en, Term 27, Year 5, Session 24	2021-11-30	Unicameralism	27	5	24	-	-	COVID	English	Regular	MP	notMinister	HDP	Peoples' Democratic Party	Opposition	Centre-left to left	Meral.DanışBeştaş	Danış Beştaş, Meral	F	1967	
ParlaMint-TR-en_2021-11-30-tbmm-T27	tbmm-2021-11-30sit02spe0215par0344	The Turkish parliamentary corpus ParlaMint-TR-en, Term 27, Year 5, Session 24	2021-11-30	Unicameralism	27	5	24	-	-	COVID	English	Chairperson	MP	notMinister	AKP	Justice and Development Party	Coalition	Right	SüreyyaSadi.Bilgiç	Bilgiç, Süreyya Sadi	M	1961	
ParlaMint-TR-en_2021-11-30-tbmm-T27	tbmm-2021-11-30sit02spe0216par0346	The Turkish parliamentary corpus ParlaMint-TR-en, Term 27, Year 5, Session 24	2021-11-30	Unicameralism	27	5	24	-	-	COVID	English	Regular	MP	notMinister	AKP	Justice and Development Party	Coalition	Right	Hasan.Çilez	Çilez, Hasan	M	1974	
ParlaMint-TR-en_2021-11-30-tbmm-T27	tbmm-2021-11-30sit02spe0217par0347	The Turkish parliamentary corpus ParlaMint-TR-en, Term 27, Year 5, Session 24	2021-11-30	Unicameralism	27	5	24	-	-	COVID	English	Regular	MP	notMinister	CHP	Republican People's Party	Opposition	Centre-left	Engin.Özkoç	Özkoç, Engin	M	1962	
ParlaMint-TR-en_2021-11-30-tbmm-T27	tbmm-2021-11-30sit02spe0218par0348	The Turkish parliamentary corpus ParlaMint-TR-en, Term 27, Year 5, Session 24	2021-11-30	Unicameralism	27	5	24	-	-	COVID	English	Regular	MP	notMinister	HDP	Peoples' Democratic Party	Opposition	Centre-left to left	Serpil.Kemalbay	Kemalbay Pekgözegü, Serpil	F	1964	
ParlaMint-TR-en_2021-11-30-tbmm-T27	tbmm-2021-11-30sit02spe0217par0349	The Turkish parliamentary corpus ParlaMint-TR-en, Term 27, Year 5, Session 24	2021-11-30	Unicameralism	27	5	24	-	-	COVID	English	Regular	MP	notMinister	CHP	Republican People's Party	Opposition	Centre-left	Engin.Özkoç	Özkoç, Engin	M	1962	
ParlaMint-TR-en_2021-11-30-tbmm-T27	tbmm-2021-11-30sit02spe0219par0350	The Turkish parliamentary corpus ParlaMint-TR-en, Term 27, Year 5, Session 24	2021-11-30	Unicameralism	27	5	24	-	-	COVID	English	Regular	MP	notMinister	AKP	Justice and Development Party	Coalition	Right	Hasan.Çilez	Çilez, Hasan	M	1974	
ParlaMint-TR-en_2021-11-30-tbmm-T27	tbmm-2021-11-30sit02spe0217par0351	The Turkish parliamentary corpus ParlaMint-TR-en, Term 27, Year 5, Session 24	2021-11-30	Unicameralism	27	5	24	-	-	COVID	English	Regular	MP	notMinister	CHP	Republican People's Party	Opposition	Centre-left	Engin.Özkoç	Özkoç, Engin	M	1962	
ParlaMint-TR-en_2021-11-30-tbmm-T27	tbmm-2021-11-30sit02spe0220par0352	The Turkish parliamentary corpus ParlaMint-TR-en, Term 27, Year 5, Session 24	2021-11-30	Unicameralism	27	5	24	-	-	COVID	English	Regular	MP	notMinister	HDP	Peoples' Democratic Party	Opposition	Centre-left to left	DirayetDilan.Taşdemir	Taşdemir, Dirayet Dilan	F	1982	
ParlaMint-TR-en_2021-11-30-tbmm-T27	tbmm-2021-11-30sit02spe0217par0353	The Turkish parliamentary corpus ParlaMint-TR-en, Term 27, Year 5, Session 24	2021-11-30	Unicameralism	27	5	24	-	-	COVID	English	Regular	MP	notMinister	CHP	Republican People's Party	Opposition	Centre-left	Engin.Özkoç	Özkoç, Engin	M	1962	
ParlaMint-TR-en_2021-11-30-tbmm-T27	tbmm-2021-11-30sit02spe0221par0354	The Turkish parliamentary corpus ParlaMint-TR-en, Term 27, Year 5, Session 24	2021-11-30	Unicameralism	27	5	24	-	-	COVID	English	Regular	MP	notMinister	AKP	Justice and Development Party	Coalition	Right	Hasan.Çilez	Çilez, Hasan	M	1974	
ParlaMint-TR-en_2021-11-30-tbmm-T27	tbmm-2021-11-30sit02spe0217par0355	The Turkish parliamentary corpus ParlaMint-TR-en, Term 27, Year 5, Session 24	2021-11-30	Unicameralism	27	5	24	-	-	COVID	English	Regular	MP	notMinister	CHP	Republican People's Party	Opposition	Centre-left	Engin.Özkoç	Özkoç, Engin	M	1962	
ParlaMint-TR-en_2021-11-30-tbmm-T27	tbmm-2021-11-30sit02spe0221par0356	The Turkish parliamentary corpus ParlaMint-TR-en, Term 27, Year 5, Session 24	2021-11-30	Unicameralism	27	5	24	-	-	COVID	English	Regular	MP	notMinister	AKP	Justice and Development Party	Coalition	Right	Hasan.Çilez	Çilez, Hasan	M	1974	
ParlaMint-TR-en_2021-11-30-tbmm-T27	tbmm-2021-11-30sit02spe0222par0357	The Turkish parliamentary corpus ParlaMint-TR-en, Term 27, Year 5, Session 24	2021-11-30	Unicameralism	27	5	24	-	-	COVID	English	Regular	MP	notMinister	HDP	Peoples' Democratic Party	Opposition	Centre-left to left	Meral.DanışBeştaş	Danış Beştaş, Meral	F	1967	
ParlaMint-TR-en_2021-11-30-tbmm-T27	tbmm-2021-11-30sit02spe0221par0358	The Turkish parliamentary corpus ParlaMint-TR-en, Term 27, Year 5, Session 24	2021-11-30	Unicameralism	27	5	24	-	-	COVID	English	Regular	MP	notMinister	AKP	Justice and Development Party	Coalition	Right	Hasan.Çilez	Çilez, Hasan	M	1974	
ParlaMint-TR-en_2021-11-30-tbmm-T27	tbmm-2021-11-30sit02spe0223par0359	The Turkish parliamentary corpus ParlaMint-TR-en, Term 27, Year 5, Session 24	2021-11-30	Unicameralism	27	5	24	-	-	COVID	English	Regular	MP	notMinister	CHP	Republican People's Party	Opposition	Centre-left	Engin.Özkoç	Özkoç, Engin	M	1962	
ParlaMint-TR-en_2021-11-30-tbmm-T27	tbmm-2021-11-30sit02spe0222par0360	The Turkish parliamentary corpus ParlaMint-TR-en, Term 27, Year 5, Session 24	2021-11-30	Unicameralism	27	5	24	-	-	COVID	English	Regular	MP	notMinister	HDP	Peoples' Democratic Party	Opposition	Centre-left to left	Meral.DanışBeştaş	Danış Beştaş, Meral	F	1967	
ParlaMint-TR-en_2021-11-30-tbmm-T27	tbmm-2021-11-30sit02spe0223par0361	The Turkish parliamentary corpus ParlaMint-TR-en, Term 27, Year 5, Session 24	2021-11-30	Unicameralism	27	5	24	-	-	COVID	English	Regular	MP	notMinister	CHP	Republican People's Party	Opposition	Centre-left	Engin.Özkoç	Özkoç, Engin	M	1962	
ParlaMint-TR-en_2021-11-30-tbmm-T27	tbmm-2021-11-30sit02spe0224par0362	The Turkish parliamentary corpus ParlaMint-TR-en, Term 27, Year 5, Session 24	2021-11-30	Unicameralism	27	5	24	-	-	COVID	English	Regular	MP	notMinister	AKP	Justice and Development Party	Coalition	Right	Hasan.Çilez	Çilez, Hasan	M	1974	
ParlaMint-TR-en_2021-11-30-tbmm-T27	tbmm-2021-11-30sit02spe0225par0363	The Turkish parliamentary corpus ParlaMint-TR-en, Term 27, Year 5, Session 24	2021-11-30	Unicameralism	27	5	24	-	-	COVID	English	Chairperson	MP	notMinister	AKP	Justice and Development Party	Coalition	Right	SüreyyaSadi.Bilgiç	Bilgiç, Süreyya Sadi	M	1961	
ParlaMint-TR-en_2021-11-30-tbmm-T27	tbmm-2021-11-30sit02spe0223par0364	The Turkish parliamentary corpus ParlaMint-TR-en, Term 27, Year 5, Session 24	2021-11-30	Unicameralism	27	5	24	-	-	COVID	English	Regular	MP	notMinister	CHP	Republican People's Party	Opposition	Centre-left	Engin.Özkoç	Özkoç, Engin	M	1962	
ParlaMint-TR-en_2021-11-30-tbmm-T27	tbmm-2021-11-30sit02spe0224par0365	The Turkish parliamentary corpus ParlaMint-TR-en, Term 27, Year 5, Session 24	2021-11-30	Unicameralism	27	5	24	-	-	COVID	English	Regular	MP	notMinister	AKP	Justice and Development Party	Coalition	Right	Hasan.Çilez	Çilez, Hasan	M	1974	
ParlaMint-TR-en_2021-11-30-tbmm-T27	tbmm-2021-11-30sit02spe0225par0366	The Turkish parliamentary corpus ParlaMint-TR-en, Term 27, Year 5, Session 24	2021-11-30	Unicameralism	27	5	24	-	-	COVID	English	Chairperson	MP	notMinister	AKP	Justice and Development Party	Coalition	Right	SüreyyaSadi.Bilgiç	Bilgiç, Süreyya Sadi	M	1961	
ParlaMint-TR-en_2021-11-30-tbmm-T27	tbmm-2021-11-30sit02spe0223par0367	The Turkish parliamentary corpus ParlaMint-TR-en, Term 27, Year 5, Session 24	2021-11-30	Unicameralism	27	5	24	-	-	COVID	English	Regular	MP	notMinister	CHP	Republican People's Party	Opposition	Centre-left	Engin.Özkoç	Özkoç, Engin	M	1962	
ParlaMint-TR-en_2021-11-30-tbmm-T27	tbmm-2021-11-30sit02spe0224par0368	The Turkish parliamentary corpus ParlaMint-TR-en, Term 27, Year 5, Session 24	2021-11-30	Unicameralism	27	5	24	-	-	COVID	English	Regular	MP	notMinister	AKP	Justice and Development Party	Coalition	Right	Hasan.Çilez	Çilez, Hasan	M	1974	
ParlaMint-TR-en_2021-11-30-tbmm-T27	tbmm-2021-11-30sit02spe0225par0369	The Turkish parliamentary corpus ParlaMint-TR-en, Term 27, Year 5, Session 24	2021-11-30	Unicameralism	27	5	24	-	-	COVID	English	Chairperson	MP	notMinister	AKP	Justice and Development Party	Coalition	Right	SüreyyaSadi.Bilgiç	Bilgiç, Süreyya Sadi	M	1961	
ParlaMint-TR-en_2021-11-30-tbmm-T27	tbmm-2021-11-30sit02spe0223par0370	The Turkish parliamentary corpus ParlaMint-TR-en, Term 27, Year 5, Session 24	2021-11-30	Unicameralism	27	5	24	-	-	COVID	English	Regular	MP	notMinister	CHP	Republican People's Party	Opposition	Centre-left	Engin.Özkoç	Özkoç, Engin	M	1962	
ParlaMint-TR-en_2021-11-30-tbmm-T27	tbmm-2021-11-30sit02spe0224par0371	The Turkish parliamentary corpus ParlaMint-TR-en, Term 27, Year 5, Session 24	2021-11-30	Unicameralism	27	5	24	-	-	COVID	English	Regular	MP	notMinister	AKP	Justice and Development Party	Coalition	Right	Hasan.Çilez	Çilez, Hasan	M	1974	
ParlaMint-TR-en_2021-11-30-tbmm-T27	tbmm-2021-11-30sit02spe0223par0372	The Turkish parliamentary corpus ParlaMint-TR-en, Term 27, Year 5, Session 24	2021-11-30	Unicameralism	27	5	24	-	-	COVID	English	Regular	MP	notMinister	CHP	Republican People's Party	Opposition	Centre-left	Engin.Özkoç	Özkoç, Engin	M	1962	
ParlaMint-TR-en_2021-11-30-tbmm-T27	tbmm-2021-11-30sit02spe0224par0373	The Turkish parliamentary corpus ParlaMint-TR-en, Term 27, Year 5, Session 24	2021-11-30	Unicameralism	27	5	24	-	-	COVID	English	Regular	MP	notMinister	AKP	Justice and Development Party	Coalition	Right	Hasan.Çilez	Çilez, Hasan	M	1974	
ParlaMint-TR-en_2021-11-30-tbmm-T27	tbmm-2021-11-30sit02spe0223par0374	The Turkish parliamentary corpus ParlaMint-TR-en, Term 27, Year 5, Session 24	2021-11-30	Unicameralism	27	5	24	-	-	COVID	English	Regular	MP	notMinister	CHP	Republican People's Party	Opposition	Centre-left	Engin.Özkoç	Özkoç, Engin	M	1962	
ParlaMint-TR-en_2021-11-30-tbmm-T27	tbmm-2021-11-30sit02spe0224par0375	The Turkish parliamentary corpus ParlaMint-TR-en, Term 27, Year 5, Session 24	2021-11-30	Unicameralism	27	5	24	-	-	COVID	English	Regular	MP	notMinister	AKP	Justice and Development Party	Coalition	Right	Hasan.Çilez	Çilez, Hasan	M	1974	
ParlaMint-TR-en_2021-11-30-tbmm-T27	tbmm-2021-11-30sit02spe0223par0376	The Turkish parliamentary corpus ParlaMint-TR-en, Term 27, Year 5, Session 24	2021-11-30	Unicameralism	27	5	24	-	-	COVID	English	Regular	MP	notMinister	CHP	Republican People's Party	Opposition	Centre-left	Engin.Özkoç	Özkoç, Engin	M	1962	
ParlaMint-TR-en_2021-11-30-tbmm-T27	tbmm-2021-11-30sit02spe0224par0377	The Turkish parliamentary corpus ParlaMint-TR-en, Term 27, Year 5, Session 24	2021-11-30	Unicameralism	27	5	24	-	-	COVID	English	Regular	MP	notMinister	AKP	Justice and Development Party	Coalition	Right	Hasan.Çilez	Çilez, Hasan	M	1974	
ParlaMint-TR-en_2021-11-30-tbmm-T27	tbmm-2021-11-30sit02spe0223par0378	The Turkish parliamentary corpus ParlaMint-TR-en, Term 27, Year 5, Session 24	2021-11-30	Unicameralism	27	5	24	-	-	COVID	English	Regular	MP	notMinister	CHP	Republican People's Party	Opposition	Centre-left	Engin.Özkoç	Özkoç, Engin	M	1962	
ParlaMint-TR-en_2021-11-30-tbmm-T27	tbmm-2021-11-30sit02spe0226par0380	The Turkish parliamentary corpus ParlaMint-TR-en, Term 27, Year 5, Session 24	2021-11-30	Unicameralism	27	5	24	-	-	COVID	English	Chairperson	MP	notMinister	AKP	Justice and Development Party	Coalition	Right	SüreyyaSadi.Bilgiç	Bilgiç, Süreyya Sadi	M	1961	
ParlaMint-TR-en_2021-11-30-tbmm-T27	tbmm-2021-11-30sit03spe0226par0001	The Turkish parliamentary corpus ParlaMint-TR-en, Term 27, Year 5, Session 24	2021-11-30	Unicameralism	27	5	24	-	-	COVID	English	Chairperson	MP	notMinister	AKP	Justice and Development Party	Coalition	Right	SüreyyaSadi.Bilgiç	Bilgiç, Süreyya Sadi	M	1961	
ParlaMint-TR-en_2021-11-30-tbmm-T27	tbmm-2021-11-30sit03spe0227par0005	The Turkish parliamentary corpus ParlaMint-TR-en, Term 27, Year 5, Session 24	2021-11-30	Unicameralism	27	5	24	-	-	COVID	English	Regular	MP	notMinister	HDP	Peoples' Democratic Party	Opposition	Centre-left to left	Meral.DanışBeştaş	Danış Beştaş, Meral	F	1967	
ParlaMint-TR-en_2021-11-30-tbmm-T27	tbmm-2021-11-30sit03spe0228par0011	The Turkish parliamentary corpus ParlaMint-TR-en, Term 27, Year 5, Session 24	2021-11-30	Unicameralism	27	5	24	-	-	COVID	English	Regular	MP	notMinister	AKP	Justice and Development Party	Coalition	Right	Yaşar.Kırkpınar	Kırkpınar, Yaşar	M	1973	
ParlaMint-TR-en_2021-11-30-tbmm-T27	tbmm-2021-11-30sit03spe0229par0012	The Turkish parliamentary corpus ParlaMint-TR-en, Term 27, Year 5, Session 24	2021-11-30	Unicameralism	27	5	24	-	-	COVID	English	Chairperson	MP	notMinister	AKP	Justice and Development Party	Coalition	Right	SüreyyaSadi.Bilgiç	Bilgiç, Süreyya Sadi	M	1961	
ParlaMint-TR-en_2021-11-30-tbmm-T27	tbmm-2021-11-30sit03spe0230par0013	The Turkish parliamentary corpus ParlaMint-TR-en, Term 27, Year 5, Session 24	2021-11-30	Unicameralism	27	5	24	-	-	COVID	English	Regular	MP	notMinister	CHP	Republican People's Party	Opposition	Centre-left	Engin.Altay	Altay, Engin	M	1963	
ParlaMint-TR-en_2021-11-30-tbmm-T27	tbmm-2021-11-30sit03spe0229par0014	The Turkish parliamentary corpus ParlaMint-TR-en, Term 27, Year 5, Session 24	2021-11-30	Unicameralism	27	5	24	-	-	COVID	English	Chairperson	MP	notMinister	AKP	Justice and Development Party	Coalition	Right	SüreyyaSadi.Bilgiç	Bilgiç, Süreyya Sadi	M	1961	
ParlaMint-TR-en_2021-11-30-tbmm-T27	tbmm-2021-11-30sit03spe0230par0015	The Turkish parliamentary corpus ParlaMint-TR-en, Term 27, Year 5, Session 24	2021-11-30	Unicameralism	27	5	24	-	-	COVID	English	Regular	MP	notMinister	CHP	Republican People's Party	Opposition	Centre-left	Engin.Altay	Altay, Engin	M	1963	
ParlaMint-TR-en_2021-11-30-tbmm-T27	tbmm-2021-11-30sit03spe0229par0017	The Turkish parliamentary corpus ParlaMint-TR-en, Term 27, Year 5, Session 24	2021-11-30	Unicameralism	27	5	24	-	-	COVID	English	Chairperson	MP	notMinister	AKP	Justice and Development Party	Coalition	Right	SüreyyaSadi.Bilgiç	Bilgiç, Süreyya Sadi	M	1961	
ParlaMint-TR-en_2021-11-30-tbmm-T27	tbmm-2021-11-30sit03spe0231par0025	The Turkish parliamentary corpus ParlaMint-TR-en, Term 27, Year 5, Session 24	2021-11-30	Unicameralism	27	5	24	-	-	COVID	English	Regular	MP	notMinister	CHP	Republican People's Party	Opposition	Centre-left	Engin.Altay	Altay, Engin	M	1963	
ParlaMint-TR-en_2021-11-30-tbmm-T27	tbmm-2021-11-30sit03spe0229par0026	The Turkish parliamentary corpus ParlaMint-TR-en, Term 27, Year 5, Session 24	2021-11-30	Unicameralism	27	5	24	-	-	COVID	English	Chairperson	MP	notMinister	AKP	Justice and Development Party	Coalition	Right	SüreyyaSadi.Bilgiç	Bilgiç, Süreyya Sadi	M	1961	
ParlaMint-TR-en_2021-11-30-tbmm-T27	tbmm-2021-11-30sit03spe0231par0027	The Turkish parliamentary corpus ParlaMint-TR-en, Term 27, Year 5, Session 24	2021-11-30	Unicameralism	27	5	24	-	-	COVID	English	Regular	MP	notMinister	CHP	Republican People's Party	Opposition	Centre-left	Engin.Altay	Altay, Engin	M	1963	
ParlaMint-TR-en_2021-11-30-tbmm-T27	tbmm-2021-11-30sit03spe0229par0029	The Turkish parliamentary corpus ParlaMint-TR-en, Term 27, Year 5, Session 24	2021-11-30	Unicameralism	27	5	24	-	-	COVID	English	Chairperson	MP	notMinister	AKP	Justice and Development Party	Coalition	Right	SüreyyaSadi.Bilgiç	Bilgiç, Süreyya Sadi	M	1961	
ParlaMint-TR-en_2021-11-30-tbmm-T27	tbmm-2021-11-30sit03spe0232par0031	The Turkish parliamentary corpus ParlaMint-TR-en, Term 27, Year 5, Session 24	2021-11-30	Unicameralism	27	5	24	-	-	COVID	English	Regular	MP	notMinister	AKP	Justice and Development Party	Coalition	Right	Mustafa.Elitaş	Elitaş, Mustafa	M	1957	
ParlaMint-TR-en_2021-11-30-tbmm-T27	tbmm-2021-11-30sit03spe0233par0034	The Turkish parliamentary corpus ParlaMint-TR-en, Term 27, Year 5, Session 24	2021-11-30	Unicameralism	27	5	24	-	-	COVID	English	Regular	MP	notMinister	CHP	Republican People's Party	Opposition	Centre-left	Engin.Altay	Altay, Engin	M	1963	
ParlaMint-TR-en_2021-11-30-tbmm-T27	tbmm-2021-11-30sit03spe0234par0035	The Turkish parliamentary corpus ParlaMint-TR-en, Term 27, Year 5, Session 24	2021-11-30	Unicameralism	27	5	24	-	-	COVID	English	Chairperson	MP	notMinister	AKP	Justice and Development Party	Coalition	Right	SüreyyaSadi.Bilgiç	Bilgiç, Süreyya Sadi	M	1961	
ParlaMint-TR-en_2021-11-30-tbmm-T27	tbmm-2021-11-30sit03spe0232par0036	The Turkish parliamentary corpus ParlaMint-TR-en, Term 27, Year 5, Session 24	2021-11-30	Unicameralism	27	5	24	-	-	COVID	English	Regular	MP	notMinister	AKP	Justice and Development Party	Coalition	Right	Mustafa.Elitaş	Elitaş, Mustafa	M	1957	
ParlaMint-TR-en_2021-11-30-tbmm-T27	tbmm-2021-11-30sit03spe0234par0038	The Turkish parliamentary corpus ParlaMint-TR-en, Term 27, Year 5, Session 24	2021-11-30	Unicameralism	27	5	24	-	-	COVID	English	Chairperson	MP	notMinister	AKP	Justice and Development Party	Coalition	Right	SüreyyaSadi.Bilgiç	Bilgiç, Süreyya Sadi	M	1961	
ParlaMint-TR-en_2021-11-30-tbmm-T27	tbmm-2021-11-30sit03spe0235par0039	The Turkish parliamentary corpus ParlaMint-TR-en, Term 27, Year 5, Session 24	2021-11-30	Unicameralism	27	5	24	-	-	COVID	English	Regular	MP	notMinister	CHP	Republican People's Party	Opposition	Centre-left	Engin.Altay	Altay, Engin	M	1963	
ParlaMint-TR-en_2021-11-30-tbmm-T27	tbmm-2021-11-30sit03spe0236par0040	The Turkish parliamentary corpus ParlaMint-TR-en, Term 27, Year 5, Session 24	2021-11-30	Unicameralism	27	5	24	-	-	COVID	English	Regular	MP	notMinister	AKP	Justice and Development Party	Coalition	Right	Ramazan.Can	Can, Ramazan	M	1970	
ParlaMint-TR-en_2021-11-30-tbmm-T27	tbmm-2021-11-30sit03spe0237par0041	The Turkish parliamentary corpus ParlaMint-TR-en, Term 27, Year 5, Session 24	2021-11-30	Unicameralism	27	5	24	-	-	COVID	English	Regular	MP	notMinister	HDP	Peoples' Democratic Party	Opposition	Centre-left to left	Meral.DanışBeştaş	Danış Beştaş, Meral	F	1967	
ParlaMint-TR-en_2021-11-30-tbmm-T27	tbmm-2021-11-30sit03spe0238par0042	The Turkish parliamentary corpus ParlaMint-TR-en, Term 27, Year 5, Session 24	2021-11-30	Unicameralism	27	5	24	-	-	COVID	English	Regular	MP	notMinister	AKP	Justice and Development Party	Coalition	Right	Mustafa.Elitaş	Elitaş, Mustafa	M	1957	
ParlaMint-TR-en_2021-11-30-tbmm-T27	tbmm-2021-11-30sit03spe0239par0043	The Turkish parliamentary corpus ParlaMint-TR-en, Term 27, Year 5, Session 24	2021-11-30	Unicameralism	27	5	24	-	-	COVID	English	Chairperson	MP	notMinister	AKP	Justice and Development Party	Coalition	Right	SüreyyaSadi.Bilgiç	Bilgiç, Süreyya Sadi	M	1961	
ParlaMint-TR-en_2021-11-30-tbmm-T27	tbmm-2021-11-30sit03spe0240par0044	The Turkish parliamentary corpus ParlaMint-TR-en, Term 27, Year 5, Session 24	2021-11-30	Unicameralism	27	5	24	-	-	COVID	English	Regular	MP	notMinister	CHP	Republican People's Party	Opposition	Centre-left	Engin.Altay	Altay, Engin	M	1963	
ParlaMint-TR-en_2021-11-30-tbmm-T27	tbmm-2021-11-30sit03spe0241par0045	The Turkish parliamentary corpus ParlaMint-TR-en, Term 27, Year 5, Session 24	2021-11-30	Unicameralism	27	5	24	-	-	COVID	English	Regular	MP	notMinister	IYI	İYİ Party	Opposition	Centre-right	DursunMüsavat.Dervişoğlu	Dervişoğlu, Dursun Müsavat	M	1960	
ParlaMint-TR-en_2021-11-30-tbmm-T27	tbmm-2021-11-30sit03spe0240par0046	The Turkish parliamentary corpus ParlaMint-TR-en, Term 27, Year 5, Session 24	2021-11-30	Unicameralism	27	5	24	-	-	COVID	English	Regular	MP	notMinister	CHP	Republican People's Party	Opposition	Centre-left	Engin.Altay	Altay, Engin	M	1963	
ParlaMint-TR-en_2021-11-30-tbmm-T27	tbmm-2021-11-30sit03spe0241par0047	The Turkish parliamentary corpus ParlaMint-TR-en, Term 27, Year 5, Session 24	2021-11-30	Unicameralism	27	5	24	-	-	COVID	English	Regular	MP	notMinister	IYI	İYİ Party	Opposition	Centre-right	DursunMüsavat.Dervişoğlu	Dervişoğlu, Dursun Müsavat	M	1960	
ParlaMint-TR-en_2021-11-30-tbmm-T27	tbmm-2021-11-30sit03spe0240par0048	The Turkish parliamentary corpus ParlaMint-TR-en, Term 27, Year 5, Session 24	2021-11-30	Unicameralism	27	5	24	-	-	COVID	English	Regular	MP	notMinister	CHP	Republican People's Party	Opposition	Centre-left	Engin.Altay	Altay, Engin	M	1963	
ParlaMint-TR-en_2021-11-30-tbmm-T27	tbmm-2021-11-30sit03spe0241par0049	The Turkish parliamentary corpus ParlaMint-TR-en, Term 27, Year 5, Session 24	2021-11-30	Unicameralism	27	5	24	-	-	COVID	English	Regular	MP	notMinister	IYI	İYİ Party	Opposition	Centre-right	DursunMüsavat.Dervişoğlu	Dervişoğlu, Dursun Müsavat	M	1960	
ParlaMint-TR-en_2021-11-30-tbmm-T27	tbmm-2021-11-30sit03spe0240par0050	The Turkish parliamentary corpus ParlaMint-TR-en, Term 27, Year 5, Session 24	2021-11-30	Unicameralism	27	5	24	-	-	COVID	English	Regular	MP	notMinister	CHP	Republican People's Party	Opposition	Centre-left	Engin.Altay	Altay, Engin	M	1963	
ParlaMint-TR-en_2021-11-30-tbmm-T27	tbmm-2021-11-30sit03spe0242par0051	The Turkish parliamentary corpus ParlaMint-TR-en, Term 27, Year 5, Session 24	2021-11-30	Unicameralism	27	5	24	-	-	COVID	English	Chairperson	MP	notMinister	AKP	Justice and Development Party	Coalition	Right	SüreyyaSadi.Bilgiç	Bilgiç, Süreyya Sadi	M	1961	
ParlaMint-TR-en_2021-11-30-tbmm-T27	tbmm-2021-11-30sit03spe0243par0053	The Turkish parliamentary corpus ParlaMint-TR-en, Term 27, Year 5, Session 24	2021-11-30	Unicameralism	27	5	24	-	-	COVID	English	Regular	MP	notMinister	AKP	Justice and Development Party	Coalition	Right	Mustafa.Elitaş	Elitaş, Mustafa	M	1957	
ParlaMint-TR-en_2021-11-30-tbmm-T27	tbmm-2021-11-30sit03spe0244par0056	The Turkish parliamentary corpus ParlaMint-TR-en, Term 27, Year 5, Session 24	2021-11-30	Unicameralism	27	5	24	-	-	COVID	English	Regular	MP	notMinister	CHP	Republican People's Party	Opposition	Centre-left	Tahsin.Tarhan	Tarhan, Tahsin	M	1964	
ParlaMint-TR-en_2021-11-30-tbmm-T27	tbmm-2021-11-30sit03spe0243par0057	The Turkish parliamentary corpus ParlaMint-TR-en, Term 27, Year 5, Session 24	2021-11-30	Unicameralism	27	5	24	-	-	COVID	English	Regular	MP	notMinister	AKP	Justice and Development Party	Coalition	Right	Mustafa.Elitaş	Elitaş, Mustafa	M	1957	
ParlaMint-TR-en_2021-11-30-tbmm-T27	tbmm-2021-11-30sit03spe0244par0058	The Turkish parliamentary corpus ParlaMint-TR-en, Term 27, Year 5, Session 24	2021-11-30	Unicameralism	27	5	24	-	-	COVID	English	Regular	MP	notMinister	CHP	Republican People's Party	Opposition	Centre-left	Tahsin.Tarhan	Tarhan, Tahsin	M	1964	
ParlaMint-TR-en_2021-11-30-tbmm-T27	tbmm-2021-11-30sit03spe0243par0059	The Turkish parliamentary corpus ParlaMint-TR-en, Term 27, Year 5, Session 24	2021-11-30	Unicameralism	27	5	24	-	-	COVID	English	Regular	MP	notMinister	AKP	Justice and Development Party	Coalition	Right	Mustafa.Elitaş	Elitaş, Mustafa	M	1957	
ParlaMint-TR-en_2021-11-30-tbmm-T27	tbmm-2021-11-30sit03spe0244par0061	The Turkish parliamentary corpus ParlaMint-TR-en, Term 27, Year 5, Session 24	2021-11-30	Unicameralism	27	5	24	-	-	COVID	English	Regular	MP	notMinister	CHP	Republican People's Party	Opposition	Centre-left	Tahsin.Tarhan	Tarhan, Tahsin	M	1964	
ParlaMint-TR-en_2021-11-30-tbmm-T27	tbmm-2021-11-30sit03spe0245par0062	The Turkish parliamentary corpus ParlaMint-TR-en, Term 27, Year 5, Session 24	2021-11-30	Unicameralism	27	5	24	-	-	COVID	English	Chairperson	MP	notMinister	AKP	Justice and Development Party	Coalition	Right	SüreyyaSadi.Bilgiç	Bilgiç, Süreyya Sadi	M	1961	
ParlaMint-TR-en_2021-11-30-tbmm-T27	tbmm-2021-11-30sit03spe0243par0063	The Turkish parliamentary corpus ParlaMint-TR-en, Term 27, Year 5, Session 24	2021-11-30	Unicameralism	27	5	24	-	-	COVID	English	Regular	MP	notMinister	AKP	Justice and Development Party	Coalition	Right	Mustafa.Elitaş	Elitaş, Mustafa	M	1957	
ParlaMint-TR-en_2021-11-30-tbmm-T27	tbmm-2021-11-30sit03spe0245par0064	The Turkish parliamentary corpus ParlaMint-TR-en, Term 27, Year 5, Session 24	2021-11-30	Unicameralism	27	5	24	-	-	COVID	English	Chairperson	MP	notMinister	AKP	Justice and Development Party	Coalition	Right	SüreyyaSadi.Bilgiç	Bilgiç, Süreyya Sadi	M	1961	
ParlaMint-TR-en_2021-11-30-tbmm-T27	tbmm-2021-11-30sit03spe0246par0065	The Turkish parliamentary corpus ParlaMint-TR-en, Term 27, Year 5, Session 24	2021-11-30	Unicameralism	27	5	24	-	-	COVID	English	Regular	MP	notMinister	CHP	Republican People's Party	Opposition	Centre-left	Gülizar.BiçerKaraca	Biçer Karaca, Gülizar	F	1967	
ParlaMint-TR-en_2021-11-30-tbmm-T27	tbmm-2021-11-30sit03spe0245par0066	The Turkish parliamentary corpus ParlaMint-TR-en, Term 27, Year 5, Session 24	2021-11-30	Unicameralism	27	5	24	-	-	COVID	English	Chairperson	MP	notMinister	AKP	Justice and Development Party	Coalition	Right	SüreyyaSadi.Bilgiç	Bilgiç, Süreyya Sadi	M	1961	
ParlaMint-TR-en_2021-11-30-tbmm-T27	tbmm-2021-11-30sit03spe0247par0067	The Turkish parliamentary corpus ParlaMint-TR-en, Term 27, Year 5, Session 24	2021-11-30	Unicameralism	27	5	24	-	-	COVID	English	Regular	MP	notMinister	AKP	Justice and Development Party	Coalition	Right	Mustafa.Elitaş	Elitaş, Mustafa	M	1957	
ParlaMint-TR-en_2021-11-30-tbmm-T27	tbmm-2021-11-30sit03spe0248par0069	The Turkish parliamentary corpus ParlaMint-TR-en, Term 27, Year 5, Session 24	2021-11-30	Unicameralism	27	5	24	-	-	COVID	English	Regular	MP	notMinister	CHP	Republican People's Party	Opposition	Centre-left	Gülizar.BiçerKaraca	Biçer Karaca, Gülizar	F	1967	
ParlaMint-TR-en_2021-11-30-tbmm-T27	tbmm-2021-11-30sit03spe0247par0070	The Turkish parliamentary corpus ParlaMint-TR-en, Term 27, Year 5, Session 24	2021-11-30	Unicameralism	27	5	24	-	-	COVID	English	Regular	MP	notMinister	AKP	Justice and Development Party	Coalition	Right	Mustafa.Elitaş	Elitaş, Mustafa	M	1957	
ParlaMint-TR-en_2021-11-30-tbmm-T27	tbmm-2021-11-30sit03spe0249par0071	The Turkish parliamentary corpus ParlaMint-TR-en, Term 27, Year 5, Session 24	2021-11-30	Unicameralism	27	5	24	-	-	COVID	English	Chairperson	MP	notMinister	AKP	Justice and Development Party	Coalition	Right	SüreyyaSadi.Bilgiç	Bilgiç, Süreyya Sadi	M	1961	
ParlaMint-TR-en_2021-11-30-tbmm-T27	tbmm-2021-11-30sit03spe0250par0072	The Turkish parliamentary corpus ParlaMint-TR-en, Term 27, Year 5, Session 24	2021-11-30	Unicameralism	27	5	24	-	-	COVID	English	Regular	MP	notMinister	AKP	Justice and Development Party	Coalition	Right	Yaşar.Kırkpınar	Kırkpınar, Yaşar	M	1973	
ParlaMint-TR-en_2021-11-30-tbmm-T27	tbmm-2021-11-30sit03spe0251par0073	The Turkish parliamentary corpus ParlaMint-TR-en, Term 27, Year 5, Session 24	2021-11-30	Unicameralism	27	5	24	-	-	COVID	English	Regular	MP	notMinister	CHP	Republican People's Party	Opposition	Centre-left	Engin.Altay	Altay, Engin	M	1963	
ParlaMint-TR-en_2021-11-30-tbmm-T27	tbmm-2021-11-30sit03spe0252par0074	The Turkish parliamentary corpus ParlaMint-TR-en, Term 27, Year 5, Session 24	2021-11-30	Unicameralism	27	5	24	-	-	COVID	English	Regular	MP	notMinister	AKP	Justice and Development Party	Coalition	Right	Mustafa.Elitaş	Elitaş, Mustafa	M	1957	
ParlaMint-TR-en_2021-11-30-tbmm-T27	tbmm-2021-11-30sit03spe0253par0075	The Turkish parliamentary corpus ParlaMint-TR-en, Term 27, Year 5, Session 24	2021-11-30	Unicameralism	27	5	24	-	-	COVID	English	Regular	MP	notMinister	CHP	Republican People's Party	Opposition	Centre-left	Gülizar.BiçerKaraca	Biçer Karaca, Gülizar	F	1967	
ParlaMint-TR-en_2021-11-30-tbmm-T27	tbmm-2021-11-30sit03spe0252par0076	The Turkish parliamentary corpus ParlaMint-TR-en, Term 27, Year 5, Session 24	2021-11-30	Unicameralism	27	5	24	-	-	COVID	English	Regular	MP	notMinister	AKP	Justice and Development Party	Coalition	Right	Mustafa.Elitaş	Elitaş, Mustafa	M	1957	
ParlaMint-TR-en_2021-11-30-tbmm-T27	tbmm-2021-11-30sit03spe0253par0077	The Turkish parliamentary corpus ParlaMint-TR-en, Term 27, Year 5, Session 24	2021-11-30	Unicameralism	27	5	24	-	-	COVID	English	Regular	MP	notMinister	CHP	Republican People's Party	Opposition	Centre-left	Gülizar.BiçerKaraca	Biçer Karaca, Gülizar	F	1967	
ParlaMint-TR-en_2021-11-30-tbmm-T27	tbmm-2021-11-30sit03spe0252par0078	The Turkish parliamentary corpus ParlaMint-TR-en, Term 27, Year 5, Session 24	2021-11-30	Unicameralism	27	5	24	-	-	COVID	English	Regular	MP	notMinister	AKP	Justice and Development Party	Coalition	Right	Mustafa.Elitaş	Elitaş, Mustafa	M	1957	
ParlaMint-TR-en_2021-11-30-tbmm-T27	tbmm-2021-11-30sit03spe0253par0079	The Turkish parliamentary corpus ParlaMint-TR-en, Term 27, Year 5, Session 24	2021-11-30	Unicameralism	27	5	24	-	-	COVID	English	Regular	MP	notMinister	CHP	Republican People's Party	Opposition	Centre-left	Gülizar.BiçerKaraca	Biçer Karaca, Gülizar	F	1967	
ParlaMint-TR-en_2021-11-30-tbmm-T27	tbmm-2021-11-30sit03spe0254par0080	The Turkish parliamentary corpus ParlaMint-TR-en, Term 27, Year 5, Session 24	2021-11-30	Unicameralism	27	5	24	-	-	COVID	English	Regular	MP	notMinister	CHP	Republican People's Party	Opposition	Centre-left	Engin.Altay	Altay, Engin	M	1963	
ParlaMint-TR-en_2021-11-30-tbmm-T27	tbmm-2021-11-30sit03spe0253par0081	The Turkish parliamentary corpus ParlaMint-TR-en, Term 27, Year 5, Session 24	2021-11-30	Unicameralism	27	5	24	-	-	COVID	English	Regular	MP	notMinister	CHP	Republican People's Party	Opposition	Centre-left	Gülizar.BiçerKaraca	Biçer Karaca, Gülizar	F	1967	
ParlaMint-TR-en_2021-11-30-tbmm-T27	tbmm-2021-11-30sit03spe0255par0082	The Turkish parliamentary corpus ParlaMint-TR-en, Term 27, Year 5, Session 24	2021-11-30	Unicameralism	27	5	24	-	-	COVID	English	Regular	MP	notMinister	AKP	Justice and Development Party	Coalition	Right	Mustafa.Elitaş	Elitaş, Mustafa	M	1957	
ParlaMint-TR-en_2021-11-30-tbmm-T27	tbmm-2021-11-30sit03spe0253par0083	The Turkish parliamentary corpus ParlaMint-TR-en, Term 27, Year 5, Session 24	2021-11-30	Unicameralism	27	5	24	-	-	COVID	English	Regular	MP	notMinister	CHP	Republican People's Party	Opposition	Centre-left	Gülizar.BiçerKaraca	Biçer Karaca, Gülizar	F	1967	
ParlaMint-TR-en_2021-11-30-tbmm-T27	tbmm-2021-11-30sit03spe0255par0084	The Turkish parliamentary corpus ParlaMint-TR-en, Term 27, Year 5, Session 24	2021-11-30	Unicameralism	27	5	24	-	-	COVID	English	Regular	MP	notMinister	AKP	Justice and Development Party	Coalition	Right	Mustafa.Elitaş	Elitaş, Mustafa	M	1957	
ParlaMint-TR-en_2021-11-30-tbmm-T27	tbmm-2021-11-30sit03spe0253par0085	The Turkish parliamentary corpus ParlaMint-TR-en, Term 27, Year 5, Session 24	2021-11-30	Unicameralism	27	5	24	-	-	COVID	English	Regular	MP	notMinister	CHP	Republican People's Party	Opposition	Centre-left	Gülizar.BiçerKaraca	Biçer Karaca, Gülizar	F	1967	
ParlaMint-TR-en_2021-11-30-tbmm-T27	tbmm-2021-11-30sit03spe0256par0086	The Turkish parliamentary corpus ParlaMint-TR-en, Term 27, Year 5, Session 24	2021-11-30	Unicameralism	27	5	24	-	-	COVID	English	Regular	MP	notMinister	IYI	İYİ Party	Opposition	Centre-right	DursunMüsavat.Dervişoğlu	Dervişoğlu, Dursun Müsavat	M	1960	
ParlaMint-TR-en_2021-11-30-tbmm-T27	tbmm-2021-11-30sit03spe0257par0087	The Turkish parliamentary corpus ParlaMint-TR-en, Term 27, Year 5, Session 24	2021-11-30	Unicameralism	27	5	24	-	-	COVID	English	Chairperson	MP	notMinister	AKP	Justice and Development Party	Coalition	Right	SüreyyaSadi.Bilgiç	Bilgiç, Süreyya Sadi	M	1961	
ParlaMint-TR-en_2021-11-30-tbmm-T27	tbmm-2021-11-30sit03spe0256par0088	The Turkish parliamentary corpus ParlaMint-TR-en, Term 27, Year 5, Session 24	2021-11-30	Unicameralism	27	5	24	-	-	COVID	English	Regular	MP	notMinister	IYI	İYİ Party	Opposition	Centre-right	DursunMüsavat.Dervişoğlu	Dervişoğlu, Dursun Müsavat	M	1960	
ParlaMint-TR-en_2021-11-30-tbmm-T27	tbmm-2021-11-30sit03spe0258par0092	The Turkish parliamentary corpus ParlaMint-TR-en, Term 27, Year 5, Session 24	2021-11-30	Unicameralism	27	5	24	-	-	COVID	English	Chairperson	MP	notMinister	AKP	Justice and Development Party	Coalition	Right	SüreyyaSadi.Bilgiç	Bilgiç, Süreyya Sadi	M	1961	
ParlaMint-TR-en_2021-11-30-tbmm-T27	tbmm-2021-11-30sit03spe0259par0095	The Turkish parliamentary corpus ParlaMint-TR-en, Term 27, Year 5, Session 24	2021-11-30	Unicameralism	27	5	24	-	-	COVID	English	Regular	MP	notMinister	CHP	Republican People's Party	Opposition	Centre-left	Engin.Altay	Altay, Engin	M	1963	
ParlaMint-TR-en_2021-11-30-tbmm-T27	tbmm-2021-11-30sit03spe0258par0096	The Turkish parliamentary corpus ParlaMint-TR-en, Term 27, Year 5, Session 24	2021-11-30	Unicameralism	27	5	24	-	-	COVID	English	Chairperson	MP	notMinister	AKP	Justice and Development Party	Coalition	Right	SüreyyaSadi.Bilgiç	Bilgiç, Süreyya Sadi	M	1961	
ParlaMint-TR-en_2021-11-30-tbmm-T27	tbmm-2021-11-30sit03spe0260par0098	The Turkish parliamentary corpus ParlaMint-TR-en, Term 27, Year 5, Session 24	2021-11-30	Unicameralism	27	5	24	-	-	COVID	English	Regular	MP	notMinister	CHP	Republican People's Party	Opposition	Centre-left	İbrahimÖzden.Kaboğlu	Kaboğlu, İbrahim Özden	M	1950	
ParlaMint-TR-en_2021-11-30-tbmm-T27	tbmm-2021-11-30sit03spe0258par0101	The Turkish parliamentary corpus ParlaMint-TR-en, Term 27, Year 5, Session 24	2021-11-30	Unicameralism	27	5	24	-	-	COVID	English	Chairperson	MP	notMinister	AKP	Justice and Development Party	Coalition	Right	SüreyyaSadi.Bilgiç	Bilgiç, Süreyya Sadi	M	1961	
ParlaMint-TR-en_2021-11-30-tbmm-T27	tbmm-2021-11-30sit03spe0260par0102	The Turkish parliamentary corpus ParlaMint-TR-en, Term 27, Year 5, Session 24	2021-11-30	Unicameralism	27	5	24	-	-	COVID	English	Regular	MP	notMinister	CHP	Republican People's Party	Opposition	Centre-left	İbrahimÖzden.Kaboğlu	Kaboğlu, İbrahim Özden	M	1950	
ParlaMint-TR-en_2021-11-30-tbmm-T27	tbmm-2021-11-30sit03spe0261par0109	The Turkish parliamentary corpus ParlaMint-TR-en, Term 27, Year 5, Session 24	2021-11-30	Unicameralism	27	5	24	-	-	COVID	English	Chairperson	MP	notMinister	AKP	Justice and Development Party	Coalition	Right	SüreyyaSadi.Bilgiç	Bilgiç, Süreyya Sadi	M	1961	
ParlaMint-TR-en_2021-11-30-tbmm-T27	tbmm-2021-11-30sit03spe0262par0113	The Turkish parliamentary corpus ParlaMint-TR-en, Term 27, Year 5, Session 24	2021-11-30	Unicameralism	27	5	24	-	-	COVID	English	Regular	MP	notMinister	AKP	Justice and Development Party	Coalition	Right	Ramazan.Can	Can, Ramazan	M	1970	
ParlaMint-TR-en_2021-11-30-tbmm-T27	tbmm-2021-11-30sit03spe0263par0115	The Turkish parliamentary corpus ParlaMint-TR-en, Term 27, Year 5, Session 24	2021-11-30	Unicameralism	27	5	24	-	-	COVID	English	Regular	MP	notMinister	CHP	Republican People's Party	Opposition	Centre-left	Engin.Altay	Altay, Engin	M	1963	
ParlaMint-TR-en_2021-11-30-tbmm-T27	tbmm-2021-11-30sit03spe0264par0116	The Turkish parliamentary corpus ParlaMint-TR-en, Term 27, Year 5, Session 24	2021-11-30	Unicameralism	27	5	24	-	-	COVID	English	Regular	MP	notMinister	HDP	Peoples' Democratic Party	Opposition	Centre-left to left	Serpil.Kemalbay	Kemalbay Pekgözegü, Serpil	F	1964	
ParlaMint-TR-en_2021-11-30-tbmm-T27	tbmm-2021-11-30sit03spe0262par0117	The Turkish parliamentary corpus ParlaMint-TR-en, Term 27, Year 5, Session 24	2021-11-30	Unicameralism	27	5	24	-	-	COVID	English	Regular	MP	notMinister	AKP	Justice and Development Party	Coalition	Right	Ramazan.Can	Can, Ramazan	M	1970	
ParlaMint-TR-en_2021-11-30-tbmm-T27	tbmm-2021-11-30sit03spe0264par0118	The Turkish parliamentary corpus ParlaMint-TR-en, Term 27, Year 5, Session 24	2021-11-30	Unicameralism	27	5	24	-	-	COVID	English	Regular	MP	notMinister	HDP	Peoples' Democratic Party	Opposition	Centre-left to left	Serpil.Kemalbay	Kemalbay Pekgözegü, Serpil	F	1964	
ParlaMint-TR-en_2021-11-30-tbmm-T27	tbmm-2021-11-30sit03spe0262par0119	The Turkish parliamentary corpus ParlaMint-TR-en, Term 27, Year 5, Session 24	2021-11-30	Unicameralism	27	5	24	-	-	COVID	English	Regular	MP	notMinister	AKP	Justice and Development Party	Coalition	Right	Ramazan.Can	Can, Ramazan	M	1970	
ParlaMint-TR-en_2021-11-30-tbmm-T27	tbmm-2021-11-30sit03spe0265par0120	The Turkish parliamentary corpus ParlaMint-TR-en, Term 27, Year 5, Session 24	2021-11-30	Unicameralism	27	5	24	-	-	COVID	English	Regular	MP	notMinister	CHP	Republican People's Party	Opposition	Centre-left	Engin.Altay	Altay, Engin	M	1963	
ParlaMint-TR-en_2021-11-30-tbmm-T27	tbmm-2021-11-30sit03spe0264par0121	The Turkish parliamentary corpus ParlaMint-TR-en, Term 27, Year 5, Session 24	2021-11-30	Unicameralism	27	5	24	-	-	COVID	English	Regular	MP	notMinister	HDP	Peoples' Democratic Party	Opposition	Centre-left to left	Serpil.Kemalbay	Kemalbay Pekgözegü, Serpil	F	1964	
ParlaMint-TR-en_2021-11-30-tbmm-T27	tbmm-2021-11-30sit03spe0265par0122	The Turkish parliamentary corpus ParlaMint-TR-en, Term 27, Year 5, Session 24	2021-11-30	Unicameralism	27	5	24	-	-	COVID	English	Regular	MP	notMinister	CHP	Republican People's Party	Opposition	Centre-left	Engin.Altay	Altay, Engin	M	1963	
ParlaMint-TR-en_2021-11-30-tbmm-T27	tbmm-2021-11-30sit03spe0266par0123	The Turkish parliamentary corpus ParlaMint-TR-en, Term 27, Year 5, Session 24	2021-11-30	Unicameralism	27	5	24	-	-	COVID	English	Regular	MP	notMinister	CHP	Republican People's Party	Opposition	Centre-left	Tahsin.Tarhan	Tarhan, Tahsin	M	1964	
ParlaMint-TR-en_2021-11-30-tbmm-T27	tbmm-2021-11-30sit03spe0267par0124	The Turkish parliamentary corpus ParlaMint-TR-en, Term 27, Year 5, Session 24	2021-11-30	Unicameralism	27	5	24	-	-	COVID	English	Regular	MP	notMinister	AKP	Justice and Development Party	Coalition	Right	Ramazan.Can	Can, Ramazan	M	1970	
ParlaMint-TR-en_2021-11-30-tbmm-T27	tbmm-2021-11-30sit03spe0268par0125	The Turkish parliamentary corpus ParlaMint-TR-en, Term 27, Year 5, Session 24	2021-11-30	Unicameralism	27	5	24	-	-	COVID	English	Regular	MP	notMinister	HDP	Peoples' Democratic Party	Opposition	Centre-left to left	Serpil.Kemalbay	Kemalbay Pekgözegü, Serpil	F	1964	
ParlaMint-TR-en_2021-11-30-tbmm-T27	tbmm-2021-11-30sit03spe0267par0126	The Turkish parliamentary corpus ParlaMint-TR-en, Term 27, Year 5, Session 24	2021-11-30	Unicameralism	27	5	24	-	-	COVID	English	Regular	MP	notMinister	AKP	Justice and Development Party	Coalition	Right	Ramazan.Can	Can, Ramazan	M	1970	
ParlaMint-TR-en_2021-11-30-tbmm-T27	tbmm-2021-11-30sit03spe0268par0127	The Turkish parliamentary corpus ParlaMint-TR-en, Term 27, Year 5, Session 24	2021-11-30	Unicameralism	27	5	24	-	-	COVID	English	Regular	MP	notMinister	HDP	Peoples' Democratic Party	Opposition	Centre-left to left	Serpil.Kemalbay	Kemalbay Pekgözegü, Serpil	F	1964	
ParlaMint-TR-en_2021-11-30-tbmm-T27	tbmm-2021-11-30sit03spe0267par0128	The Turkish parliamentary corpus ParlaMint-TR-en, Term 27, Year 5, Session 24	2021-11-30	Unicameralism	27	5	24	-	-	COVID	English	Regular	MP	notMinister	AKP	Justice and Development Party	Coalition	Right	Ramazan.Can	Can, Ramazan	M	1970	
ParlaMint-TR-en_2021-11-30-tbmm-T27	tbmm-2021-11-30sit03spe0269par0130	The Turkish parliamentary corpus ParlaMint-TR-en, Term 27, Year 5, Session 24	2021-11-30	Unicameralism	27	5	24	-	-	COVID	English	Regular	MP	notMinister	CHP	Republican People's Party	Opposition	Centre-left	Engin.Altay	Altay, Engin	M	1963	
ParlaMint-TR-en_2021-11-30-tbmm-T27	tbmm-2021-11-30sit03spe0270par0131	The Turkish parliamentary corpus ParlaMint-TR-en, Term 27, Year 5, Session 24	2021-11-30	Unicameralism	27	5	24	-	-	COVID	English	Chairperson	MP	notMinister	AKP	Justice and Development Party	Coalition	Right	SüreyyaSadi.Bilgiç	Bilgiç, Süreyya Sadi	M	1961	
ParlaMint-TR-en_2021-11-30-tbmm-T27	tbmm-2021-11-30sit03spe0269par0132	The Turkish parliamentary corpus ParlaMint-TR-en, Term 27, Year 5, Session 24	2021-11-30	Unicameralism	27	5	24	-	-	COVID	English	Regular	MP	notMinister	CHP	Republican People's Party	Opposition	Centre-left	Engin.Altay	Altay, Engin	M	1963	
ParlaMint-TR-en_2021-11-30-tbmm-T27	tbmm-2021-11-30sit03spe0271par0135	The Turkish parliamentary corpus ParlaMint-TR-en, Term 27, Year 5, Session 24	2021-11-30	Unicameralism	27	5	24	-	-	COVID	English	Chairperson	MP	notMinister	AKP	Justice and Development Party	Coalition	Right	SüreyyaSadi.Bilgiç	Bilgiç, Süreyya Sadi	M	1961	
ParlaMint-TR-en_2021-11-30-tbmm-T27	tbmm-2021-11-30sit03spe0269par0136	The Turkish parliamentary corpus ParlaMint-TR-en, Term 27, Year 5, Session 24	2021-11-30	Unicameralism	27	5	24	-	-	COVID	English	Regular	MP	notMinister	CHP	Republican People's Party	Opposition	Centre-left	Engin.Altay	Altay, Engin	M	1963	
ParlaMint-TR-en_2021-11-30-tbmm-T27	tbmm-2021-11-30sit03spe0271par0137	The Turkish parliamentary corpus ParlaMint-TR-en, Term 27, Year 5, Session 24	2021-11-30	Unicameralism	27	5	24	-	-	COVID	English	Chairperson	MP	notMinister	AKP	Justice and Development Party	Coalition	Right	SüreyyaSadi.Bilgiç	Bilgiç, Süreyya Sadi	M	1961	
ParlaMint-TR-en_2021-11-30-tbmm-T27	tbmm-2021-11-30sit03spe0272par0140	The Turkish parliamentary corpus ParlaMint-TR-en, Term 27, Year 5, Session 24	2021-11-30	Unicameralism	27	5	24	-	-	COVID	English	Regular	MP	notMinister	HDP	Peoples' Democratic Party	Opposition	Centre-left to left	Meral.DanışBeştaş	Danış Beştaş, Meral	F	1967	
ParlaMint-TR-en_2021-11-30-tbmm-T27	tbmm-2021-11-30sit03spe0273par0143	The Turkish parliamentary corpus ParlaMint-TR-en, Term 27, Year 5, Session 24	2021-11-30	Unicameralism	27	5	24	-	-	COVID	English	Chairperson	MP	notMinister	AKP	Justice and Development Party	Coalition	Right	SüreyyaSadi.Bilgiç	Bilgiç, Süreyya Sadi	M	1961	
ParlaMint-TR-en_2021-11-30-tbmm-T27	tbmm-2021-11-30sit03spe0272par0144	The Turkish parliamentary corpus ParlaMint-TR-en, Term 27, Year 5, Session 24	2021-11-30	Unicameralism	27	5	24	-	-	COVID	English	Regular	MP	notMinister	HDP	Peoples' Democratic Party	Opposition	Centre-left to left	Meral.DanışBeştaş	Danış Beştaş, Meral	F	1967	
ParlaMint-TR-en_2021-11-30-tbmm-T27	tbmm-2021-11-30sit03spe0274par0148	The Turkish parliamentary corpus ParlaMint-TR-en, Term 27, Year 5, Session 24	2021-11-30	Unicameralism	27	5	24	-	-	COVID	English	Chairperson	MP	notMinister	AKP	Justice and Development Party	Coalition	Right	SüreyyaSadi.Bilgiç	Bilgiç, Süreyya Sadi	M	1961	
ParlaMint-TR-en_2021-11-30-tbmm-T27	tbmm-2021-11-30sit03spe0272par0149	The Turkish parliamentary corpus ParlaMint-TR-en, Term 27, Year 5, Session 24	2021-11-30	Unicameralism	27	5	24	-	-	COVID	English	Regular	MP	notMinister	HDP	Peoples' Democratic Party	Opposition	Centre-left to left	Meral.DanışBeştaş	Danış Beştaş, Meral	F	1967	
ParlaMint-TR-en_2021-11-30-tbmm-T27	tbmm-2021-11-30sit03spe0275par0151	The Turkish parliamentary corpus ParlaMint-TR-en, Term 27, Year 5, Session 24	2021-11-30	Unicameralism	27	5	24	-	-	COVID	English	Regular	MP	notMinister	CHP	Republican People's Party	Opposition	Centre-left	Engin.Altay	Altay, Engin	M	1963	
ParlaMint-TR-en_2021-11-30-tbmm-T27	tbmm-2021-11-30sit03spe0272par0153	The Turkish parliamentary corpus ParlaMint-TR-en, Term 27, Year 5, Session 24	2021-11-30	Unicameralism	27	5	24	-	-	COVID	English	Regular	MP	notMinister	HDP	Peoples' Democratic Party	Opposition	Centre-left to left	Meral.DanışBeştaş	Danış Beştaş, Meral	F	1967	
ParlaMint-TR-en_2021-11-30-tbmm-T27	tbmm-2021-11-30sit03spe0275par0154	The Turkish parliamentary corpus ParlaMint-TR-en, Term 27, Year 5, Session 24	2021-11-30	Unicameralism	27	5	24	-	-	COVID	English	Regular	MP	notMinister	CHP	Republican People's Party	Opposition	Centre-left	Engin.Altay	Altay, Engin	M	1963	
ParlaMint-TR-en_2021-11-30-tbmm-T27	tbmm-2021-11-30sit03spe0272par0155	The Turkish parliamentary corpus ParlaMint-TR-en, Term 27, Year 5, Session 24	2021-11-30	Unicameralism	27	5	24	-	-	COVID	English	Regular	MP	notMinister	HDP	Peoples' Democratic Party	Opposition	Centre-left to left	Meral.DanışBeştaş	Danış Beştaş, Meral	F	1967	
ParlaMint-TR-en_2021-11-30-tbmm-T27	tbmm-2021-11-30sit03spe0276par0156	The Turkish parliamentary corpus ParlaMint-TR-en, Term 27, Year 5, Session 24	2021-11-30	Unicameralism	27	5	24	-	-	COVID	English	Chairperson	MP	notMinister	AKP	Justice and Development Party	Coalition	Right	SüreyyaSadi.Bilgiç	Bilgiç, Süreyya Sadi	M	1961	
ParlaMint-TR-en_2021-11-30-tbmm-T27	tbmm-2021-11-30sit04spe0276par0001	The Turkish parliamentary corpus ParlaMint-TR-en, Term 27, Year 5, Session 24	2021-11-30	Unicameralism	27	5	24	-	-	COVID	English	Chairperson	MP	notMinister	AKP	Justice and Development Party	Coalition	Right	SüreyyaSadi.Bilgiç	Bilgiç, Süreyya Sadi	M	1961	
ParlaMint-TR-en_2021-11-30-tbmm-T27	tbmm-2021-11-30sit04spe0277par0006	The Turkish parliamentary corpus ParlaMint-TR-en, Term 27, Year 5, Session 24	2021-11-30	Unicameralism	27	5	24	-	-	COVID	English	Regular	MP	notMinister	IYI	İYİ Party	Opposition	Centre-right	Ayhan.Altıntaş	Altıntaş, Ayhan	M	1958	
ParlaMint-TR-en_2021-11-30-tbmm-T27	tbmm-2021-11-30sit04spe0278par0024	The Turkish parliamentary corpus ParlaMint-TR-en, Term 27, Year 5, Session 24	2021-11-30	Unicameralism	27	5	24	-	-	COVID	English	Chairperson	MP	notMinister	AKP	Justice and Development Party	Coalition	Right	SüreyyaSadi.Bilgiç	Bilgiç, Süreyya Sadi	M	1961	
ParlaMint-TR-en_2021-11-30-tbmm-T27	tbmm-2021-11-30sit04spe0277par0025	The Turkish parliamentary corpus ParlaMint-TR-en, Term 27, Year 5, Session 24	2021-11-30	Unicameralism	27	5	24	-	-	COVID	English	Regular	MP	notMinister	IYI	İYİ Party	Opposition	Centre-right	Ayhan.Altıntaş	Altıntaş, Ayhan	M	1958	
ParlaMint-TR-en_2021-11-30-tbmm-T27	tbmm-2021-11-30sit04spe0278par0028	The Turkish parliamentary corpus ParlaMint-TR-en, Term 27, Year 5, Session 24	2021-11-30	Unicameralism	27	5	24	-	-	COVID	English	Chairperson	MP	notMinister	AKP	Justice and Development Party	Coalition	Right	SüreyyaSadi.Bilgiç	Bilgiç, Süreyya Sadi	M	1961	
ParlaMint-TR-en_2021-11-30-tbmm-T27	tbmm-2021-11-30sit04spe0279par0031	The Turkish parliamentary corpus ParlaMint-TR-en, Term 27, Year 5, Session 24	2021-11-30	Unicameralism	27	5	24	-	-	COVID	English	Regular	MP	notMinister	MHP	Nationalist Movement Party	-	Right to far-right	Abdurrahman.Başkan	Başkan, Abdurrahman	M	1964	
ParlaMint-TR-en_2021-11-30-tbmm-T27	tbmm-2021-11-30sit04spe0280par0056	The Turkish parliamentary corpus ParlaMint-TR-en, Term 27, Year 5, Session 24	2021-11-30	Unicameralism	27	5	24	-	-	COVID	English	Chairperson	MP	notMinister	AKP	Justice and Development Party	Coalition	Right	SüreyyaSadi.Bilgiç	Bilgiç, Süreyya Sadi	M	1961	
ParlaMint-TR-en_2021-11-30-tbmm-T27	tbmm-2021-11-30sit04spe0281par0058	The Turkish parliamentary corpus ParlaMint-TR-en, Term 27, Year 5, Session 24	2021-11-30	Unicameralism	27	5	24	-	-	COVID	English	Regular	MP	notMinister	HDP	Peoples' Democratic Party	Opposition	Centre-left to left	Ali.Kenanoğlu	Kenanoğlu, Ali	M	1971	
ParlaMint-TR-en_2021-11-30-tbmm-T27	tbmm-2021-11-30sit04spe0282par0075	The Turkish parliamentary corpus ParlaMint-TR-en, Term 27, Year 5, Session 24	2021-11-30	Unicameralism	27	5	24	-	-	COVID	English	Chairperson	MP	notMinister	AKP	Justice and Development Party	Coalition	Right	SüreyyaSadi.Bilgiç	Bilgiç, Süreyya Sadi	M	1961	
ParlaMint-TR-en_2021-11-30-tbmm-T27	tbmm-2021-11-30sit04spe0281par0076	The Turkish parliamentary corpus ParlaMint-TR-en, Term 27, Year 5, Session 24	2021-11-30	Unicameralism	27	5	24	-	-	COVID	English	Regular	MP	notMinister	HDP	Peoples' Democratic Party	Opposition	Centre-left to left	Ali.Kenanoğlu	Kenanoğlu, Ali	M	1971	
ParlaMint-TR-en_2021-11-30-tbmm-T27	tbmm-2021-11-30sit04spe0283par0080	The Turkish parliamentary corpus ParlaMint-TR-en, Term 27, Year 5, Session 24	2021-11-30	Unicameralism	27	5	24	-	-	COVID	English	Chairperson	MP	notMinister	AKP	Justice and Development Party	Coalition	Right	SüreyyaSadi.Bilgiç	Bilgiç, Süreyya Sadi	M	1961	
ParlaMint-TR-en_2021-11-30-tbmm-T27	tbmm-2021-11-30sit04spe0284par0083	The Turkish parliamentary corpus ParlaMint-TR-en, Term 27, Year 5, Session 24	2021-11-30	Unicameralism	27	5	24	-	-	COVID	English	Regular	MP	notMinister	CHP	Republican People's Party	Opposition	Centre-left	Tahsin.Tarhan	Tarhan, Tahsin	M	1964	
ParlaMint-TR-en_2021-11-30-tbmm-T27	tbmm-2021-11-30sit04spe0285par0109	The Turkish parliamentary corpus ParlaMint-TR-en, Term 27, Year 5, Session 24	2021-11-30	Unicameralism	27	5	24	-	-	COVID	English	Chairperson	MP	notMinister	AKP	Justice and Development Party	Coalition	Right	SüreyyaSadi.Bilgiç	Bilgiç, Süreyya Sadi	M	1961	
ParlaMint-TR-en_2021-11-30-tbmm-T27	tbmm-2021-11-30sit04spe0284par0110	The Turkish parliamentary corpus ParlaMint-TR-en, Term 27, Year 5, Session 24	2021-11-30	Unicameralism	27	5	24	-	-	COVID	English	Regular	MP	notMinister	CHP	Republican People's Party	Opposition	Centre-left	Tahsin.Tarhan	Tarhan, Tahsin	M	1964	
ParlaMint-TR-en_2021-11-30-tbmm-T27	tbmm-2021-11-30sit04spe0286par0114	The Turkish parliamentary corpus ParlaMint-TR-en, Term 27, Year 5, Session 24	2021-11-30	Unicameralism	27	5	24	-	-	COVID	English	Chairperson	MP	notMinister	AKP	Justice and Development Party	Coalition	Right	SüreyyaSadi.Bilgiç	Bilgiç, Süreyya Sadi	M	1961	
ParlaMint-TR-en_2021-11-30-tbmm-T27	tbmm-2021-11-30sit04spe0287par0118	The Turkish parliamentary corpus ParlaMint-TR-en, Term 27, Year 5, Session 24	2021-11-30	Unicameralism	27	5	24	-	-	COVID	English	Regular	MP	notMinister	CHP	Republican People's Party	Opposition	Centre-left	Mahir.Polat	Polat, Mahir	M	1975	
ParlaMint-TR-en_2021-11-30-tbmm-T27	tbmm-2021-11-30sit04spe0288par0132	The Turkish parliamentary corpus ParlaMint-TR-en, Term 27, Year 5, Session 24	2021-11-30	Unicameralism	27	5	24	-	-	COVID	English	Chairperson	MP	notMinister	AKP	Justice and Development Party	Coalition	Right	SüreyyaSadi.Bilgiç	Bilgiç, Süreyya Sadi	M	1961	
ParlaMint-TR-en_2021-11-30-tbmm-T27	tbmm-2021-11-30sit04spe0289par0135	The Turkish parliamentary corpus ParlaMint-TR-en, Term 27, Year 5, Session 24	2021-11-30	Unicameralism	27	5	24	-	-	COVID	English	Regular	MP	notMinister	AKP	Justice and Development Party	Coalition	Right	Osman.Boyraz	Boyraz, Osman	M	1974	
ParlaMint-TR-en_2021-11-30-tbmm-T27	tbmm-2021-11-30sit04spe0290par0139	The Turkish parliamentary corpus ParlaMint-TR-en, Term 27, Year 5, Session 24	2021-11-30	Unicameralism	27	5	24	-	-	COVID	English	Chairperson	MP	notMinister	AKP	Justice and Development Party	Coalition	Right	SüreyyaSadi.Bilgiç	Bilgiç, Süreyya Sadi	M	1961	
ParlaMint-TR-en_2021-11-30-tbmm-T27	tbmm-2021-11-30sit04spe0289par0140	The Turkish parliamentary corpus ParlaMint-TR-en, Term 27, Year 5, Session 24	2021-11-30	Unicameralism	27	5	24	-	-	COVID	English	Regular	MP	notMinister	AKP	Justice and Development Party	Coalition	Right	Osman.Boyraz	Boyraz, Osman	M	1974	
ParlaMint-TR-en_2021-11-30-tbmm-T27	tbmm-2021-11-30sit04spe0291par0146	The Turkish parliamentary corpus ParlaMint-TR-en, Term 27, Year 5, Session 24	2021-11-30	Unicameralism	27	5	24	-	-	COVID	English	Regular	MP	notMinister	AKP	Justice and Development Party	Coalition	Right	İbrahim.Aydemir	Aydemir, İbrahim	M	1962	
ParlaMint-TR-en_2021-11-30-tbmm-T27	tbmm-2021-11-30sit04spe0289par0147	The Turkish parliamentary corpus ParlaMint-TR-en, Term 27, Year 5, Session 24	2021-11-30	Unicameralism	27	5	24	-	-	COVID	English	Regular	MP	notMinister	AKP	Justice and Development Party	Coalition	Right	Osman.Boyraz	Boyraz, Osman	M	1974	
ParlaMint-TR-en_2021-11-30-tbmm-T27	tbmm-2021-11-30sit04spe0291par0148	The Turkish parliamentary corpus ParlaMint-TR-en, Term 27, Year 5, Session 24	2021-11-30	Unicameralism	27	5	24	-	-	COVID	English	Regular	MP	notMinister	AKP	Justice and Development Party	Coalition	Right	İbrahim.Aydemir	Aydemir, İbrahim	M	1962	
ParlaMint-TR-en_2021-11-30-tbmm-T27	tbmm-2021-11-30sit04spe0289par0149	The Turkish parliamentary corpus ParlaMint-TR-en, Term 27, Year 5, Session 24	2021-11-30	Unicameralism	27	5	24	-	-	COVID	English	Regular	MP	notMinister	AKP	Justice and Development Party	Coalition	Right	Osman.Boyraz	Boyraz, Osman	M	1974	
ParlaMint-TR-en_2021-11-30-tbmm-T27	tbmm-2021-11-30sit04spe0292par0153	The Turkish parliamentary corpus ParlaMint-TR-en, Term 27, Year 5, Session 24	2021-11-30	Unicameralism	27	5	24	-	-	COVID	English	Regular	MP	notMinister	AKP	Justice and Development Party	Coalition	Right	İbrahim.Aydemir	Aydemir, İbrahim	M	1962	
ParlaMint-TR-en_2021-11-30-tbmm-T27	tbmm-2021-11-30sit04spe0289par0154	The Turkish parliamentary corpus ParlaMint-TR-en, Term 27, Year 5, Session 24	2021-11-30	Unicameralism	27	5	24	-	-	COVID	English	Regular	MP	notMinister	AKP	Justice and Development Party	Coalition	Right	Osman.Boyraz	Boyraz, Osman	M	1974	
ParlaMint-TR-en_2021-11-30-tbmm-T27	tbmm-2021-11-30sit04spe0293par0159	The Turkish parliamentary corpus ParlaMint-TR-en, Term 27, Year 5, Session 24	2021-11-30	Unicameralism	27	5	24	-	-	COVID	English	Chairperson	MP	notMinister	AKP	Justice and Development Party	Coalition	Right	SüreyyaSadi.Bilgiç	Bilgiç, Süreyya Sadi	M	1961	
ParlaMint-TR-en_2021-11-30-tbmm-T27	tbmm-2021-11-30sit04spe0289par0160	The Turkish parliamentary corpus ParlaMint-TR-en, Term 27, Year 5, Session 24	2021-11-30	Unicameralism	27	5	24	-	-	COVID	English	Regular	MP	notMinister	AKP	Justice and Development Party	Coalition	Right	Osman.Boyraz	Boyraz, Osman	M	1974	
ParlaMint-TR-en_2021-11-30-tbmm-T27	tbmm-2021-11-30sit04spe0293par0163	The Turkish parliamentary corpus ParlaMint-TR-en, Term 27, Year 5, Session 24	2021-11-30	Unicameralism	27	5	24	-	-	COVID	English	Chairperson	MP	notMinister	AKP	Justice and Development Party	Coalition	Right	SüreyyaSadi.Bilgiç	Bilgiç, Süreyya Sadi	M	1961	
ParlaMint-TR-en_2021-11-30-tbmm-T27	tbmm-2021-11-30sit04spe0294par0166	The Turkish parliamentary corpus ParlaMint-TR-en, Term 27, Year 5, Session 24	2021-11-30	Unicameralism	27	5	24	-	-	COVID	English	Regular	MP	notMinister	CHP	Republican People's Party	Opposition	Centre-left	Okan.Gaytancıoğlu	Gaytancıoğlu, Okan	M	1967	
ParlaMint-TR-en_2021-11-30-tbmm-T27	tbmm-2021-11-30sit04spe0293par0168	The Turkish parliamentary corpus ParlaMint-TR-en, Term 27, Year 5, Session 24	2021-11-30	Unicameralism	27	5	24	-	-	COVID	English	Chairperson	MP	notMinister	AKP	Justice and Development Party	Coalition	Right	SüreyyaSadi.Bilgiç	Bilgiç, Süreyya Sadi	M	1961	
ParlaMint-TR-en_2021-11-30-tbmm-T27	tbmm-2021-11-30sit04spe0295par0169	The Turkish parliamentary corpus ParlaMint-TR-en, Term 27, Year 5, Session 24	2021-11-30	Unicameralism	27	5	24	-	-	COVID	English	Regular	MP	notMinister	CHP	Republican People's Party	Opposition	Centre-left	Abdurrahman.Tutdere	Tutdere, Abdurrahman	M	1976	
ParlaMint-TR-en_2021-11-30-tbmm-T27	tbmm-2021-11-30sit04spe0293par0172	The Turkish parliamentary corpus ParlaMint-TR-en, Term 27, Year 5, Session 24	2021-11-30	Unicameralism	27	5	24	-	-	COVID	English	Chairperson	MP	notMinister	AKP	Justice and Development Party	Coalition	Right	SüreyyaSadi.Bilgiç	Bilgiç, Süreyya Sadi	M	1961	
ParlaMint-TR-en_2021-11-30-tbmm-T27	tbmm-2021-11-30sit04spe0296par0173	The Turkish parliamentary corpus ParlaMint-TR-en, Term 27, Year 5, Session 24	2021-11-30	Unicameralism	27	5	24	-	-	COVID	English	Regular	MP	notMinister	MHP	Nationalist Movement Party	-	Right to far-right	Sefer.Aycan	Aycan, Sefer	M	1963	
ParlaMint-TR-en_2021-11-30-tbmm-T27	tbmm-2021-11-30sit04spe0293par0175	The Turkish parliamentary corpus ParlaMint-TR-en, Term 27, Year 5, Session 24	2021-11-30	Unicameralism	27	5	24	-	-	COVID	English	Chairperson	MP	notMinister	AKP	Justice and Development Party	Coalition	Right	SüreyyaSadi.Bilgiç	Bilgiç, Süreyya Sadi	M	1961	
ParlaMint-TR-en_2021-11-30-tbmm-T27	tbmm-2021-11-30sit04spe0297par0176	The Turkish parliamentary corpus ParlaMint-TR-en, Term 27, Year 5, Session 24	2021-11-30	Unicameralism	27	5	24	-	-	COVID	English	Regular	MP	notMinister	CHP	Republican People's Party	Opposition	Centre-left	İlhamiÖzcan.Aygun	Aygun, İlhami Özcan	M	1969	
ParlaMint-TR-en_2021-11-30-tbmm-T27	tbmm-2021-11-30sit04spe0293par0178	The Turkish parliamentary corpus ParlaMint-TR-en, Term 27, Year 5, Session 24	2021-11-30	Unicameralism	27	5	24	-	-	COVID	English	Chairperson	MP	notMinister	AKP	Justice and Development Party	Coalition	Right	SüreyyaSadi.Bilgiç	Bilgiç, Süreyya Sadi	M	1961	
ParlaMint-TR-en_2021-11-30-tbmm-T27	tbmm-2021-11-30sit04spe0298par0179	The Turkish parliamentary corpus ParlaMint-TR-en, Term 27, Year 5, Session 24	2021-11-30	Unicameralism	27	5	24	-	-	COVID	English	Regular	MP	notMinister	CHP	Republican People's Party	Opposition	Centre-left	Mehmet.Güzelmansur	Güzelmansur, Mehmet	M	1967	
ParlaMint-TR-en_2021-11-30-tbmm-T27	tbmm-2021-11-30sit04spe0293par0181	The Turkish parliamentary corpus ParlaMint-TR-en, Term 27, Year 5, Session 24	2021-11-30	Unicameralism	27	5	24	-	-	COVID	English	Chairperson	MP	notMinister	AKP	Justice and Development Party	Coalition	Right	SüreyyaSadi.Bilgiç	Bilgiç, Süreyya Sadi	M	1961	
ParlaMint-TR-en_2021-11-30-tbmm-T27	tbmm-2021-11-30sit04spe0299par0182	The Turkish parliamentary corpus ParlaMint-TR-en, Term 27, Year 5, Session 24	2021-11-30	Unicameralism	27	5	24	-	-	COVID	English	Regular	MP	notMinister	CHP	Republican People's Party	Opposition	Centre-left	İsmet.Tokdemir	Tokdemir, İsmet	M	1959	
ParlaMint-TR-en_2021-11-30-tbmm-T27	tbmm-2021-11-30sit04spe0300par0186	The Turkish parliamentary corpus ParlaMint-TR-en, Term 27, Year 5, Session 24	2021-11-30	Unicameralism	27	5	24	-	-	COVID	English	Chairperson	MP	notMinister	AKP	Justice and Development Party	Coalition	Right	SüreyyaSadi.Bilgiç	Bilgiç, Süreyya Sadi	M	1961	
ParlaMint-TR-en_2021-11-30-tbmm-T27	tbmm-2021-11-30sit04spe0301par0187	The Turkish parliamentary corpus ParlaMint-TR-en, Term 27, Year 5, Session 24	2021-11-30	Unicameralism	27	5	24	-	-	COVID	English	Regular	MP	notMinister	CHP	Republican People's Party	Opposition	Centre-left	Müzeyyen.Şevkin	Şevkin, Müzeyyen	F	1961	
ParlaMint-TR-en_2021-11-30-tbmm-T27	tbmm-2021-11-30sit04spe0302par0191	The Turkish parliamentary corpus ParlaMint-TR-en, Term 27, Year 5, Session 24	2021-11-30	Unicameralism	27	5	24	-	-	COVID	English	Chairperson	MP	notMinister	AKP	Justice and Development Party	Coalition	Right	SüreyyaSadi.Bilgiç	Bilgiç, Süreyya Sadi	M	1961	
ParlaMint-TR-en_2021-11-30-tbmm-T27	tbmm-2021-11-30sit04spe0303par0199	The Turkish parliamentary corpus ParlaMint-TR-en, Term 27, Year 5, Session 24	2021-11-30	Unicameralism	27	5	24	-	-	COVID	English	Regular	MP	notMinister	AKP	Justice and Development Party	Coalition	Right	Hacı.Özkan	Özkan, Hacı	M	1963	
ParlaMint-TR-en_2021-11-30-tbmm-T27	tbmm-2021-11-30sit04spe0304par0203	The Turkish parliamentary corpus ParlaMint-TR-en, Term 27, Year 5, Session 24	2021-11-30	Unicameralism	27	5	24	-	-	COVID	English	Chairperson	MP	notMinister	AKP	Justice and Development Party	Coalition	Right	SüreyyaSadi.Bilgiç	Bilgiç, Süreyya Sadi	M	1961	
ParlaMint-TR-en_2021-11-30-tbmm-T27	tbmm-2021-11-30sit04spe0305par0204	The Turkish parliamentary corpus ParlaMint-TR-en, Term 27, Year 5, Session 24	2021-11-30	Unicameralism	27	5	24	-	-	COVID	English	Regular	MP	notMinister	AKP	Justice and Development Party	Coalition	Right	AliCumhur.Taşkın	Taşkın, Ali Cumhur	M	1967	
ParlaMint-TR-en_2021-11-30-tbmm-T27	tbmm-2021-11-30sit04spe0306par0209	The Turkish parliamentary corpus ParlaMint-TR-en, Term 27, Year 5, Session 24	2021-11-30	Unicameralism	27	5	24	-	-	COVID	English	Chairperson	MP	notMinister	AKP	Justice and Development Party	Coalition	Right	SüreyyaSadi.Bilgiç	Bilgiç, Süreyya Sadi	M	1961	
ParlaMint-TR-en_2021-11-30-tbmm-T27	tbmm-2021-11-30sit04spe0307par0210	The Turkish parliamentary corpus ParlaMint-TR-en, Term 27, Year 5, Session 24	2021-11-30	Unicameralism	27	5	24	-	-	COVID	English	Regular	MP	notMinister	AKP	Justice and Development Party	Coalition	Right	Süleyman.Karaman	Karaman, Süleyman	M	1956	
ParlaMint-TR-en_2021-11-30-tbmm-T27	tbmm-2021-11-30sit04spe0308par0213	The Turkish parliamentary corpus ParlaMint-TR-en, Term 27, Year 5, Session 24	2021-11-30	Unicameralism	27	5	24	-	-	COVID	English	Chairperson	MP	notMinister	AKP	Justice and Development Party	Coalition	Right	SüreyyaSadi.Bilgiç	Bilgiç, Süreyya Sadi	M	1961	
ParlaMint-TR-en_2021-11-30-tbmm-T27	tbmm-2021-11-30sit04spe0309par0221	The Turkish parliamentary corpus ParlaMint-TR-en, Term 27, Year 5, Session 24	2021-11-30	Unicameralism	27	5	24	-	-	COVID	English	Regular	MP	notMinister	IYI	İYİ Party	Opposition	Centre-right	Bedri.Yaşar	Yaşar, Bedri	M	1963	
ParlaMint-TR-en_2021-11-30-tbmm-T27	tbmm-2021-11-30sit04spe0310par0224	The Turkish parliamentary corpus ParlaMint-TR-en, Term 27, Year 5, Session 24	2021-11-30	Unicameralism	27	5	24	-	-	COVID	English	Regular	MP	notMinister	IYI	İYİ Party	Opposition	Centre-right	DursunMüsavat.Dervişoğlu	Dervişoğlu, Dursun Müsavat	M	1960	
ParlaMint-TR-en_2021-11-30-tbmm-T27	tbmm-2021-11-30sit04spe0311par0225	The Turkish parliamentary corpus ParlaMint-TR-en, Term 27, Year 5, Session 24	2021-11-30	Unicameralism	27	5	24	-	-	COVID	English	Chairperson	MP	notMinister	AKP	Justice and Development Party	Coalition	Right	SüreyyaSadi.Bilgiç	Bilgiç, Süreyya Sadi	M	1961	
ParlaMint-TR-en_2021-11-30-tbmm-T27	tbmm-2021-11-30sit04spe0310par0226	The Turkish parliamentary corpus ParlaMint-TR-en, Term 27, Year 5, Session 24	2021-11-30	Unicameralism	27	5	24	-	-	COVID	English	Regular	MP	notMinister	IYI	İYİ Party	Opposition	Centre-right	DursunMüsavat.Dervişoğlu	Dervişoğlu, Dursun Müsavat	M	1960	
ParlaMint-TR-en_2021-11-30-tbmm-T27	tbmm-2021-11-30sit04spe0312par0227	The Turkish parliamentary corpus ParlaMint-TR-en, Term 27, Year 5, Session 24	2021-11-30	Unicameralism	27	5	24	-	-	COVID	English	Regular	MP	notMinister	IYI	İYİ Party	Opposition	Centre-right	Bedri.Yaşar	Yaşar, Bedri	M	1963	
ParlaMint-TR-en_2021-11-30-tbmm-T27	tbmm-2021-11-30sit04spe0313par0233	The Turkish parliamentary corpus ParlaMint-TR-en, Term 27, Year 5, Session 24	2021-11-30	Unicameralism	27	5	24	-	-	COVID	English	Regular	MP	notMinister	AKP	Justice and Development Party	Coalition	Right	Oya.Eronat	Eronat, Oya	F	1962	
ParlaMint-TR-en_2021-11-30-tbmm-T27	tbmm-2021-11-30sit04spe0314par0234	The Turkish parliamentary corpus ParlaMint-TR-en, Term 27, Year 5, Session 24	2021-11-30	Unicameralism	27	5	24	-	-	COVID	English	Regular	MP	notMinister	AKP	Justice and Development Party	Coalition	Right	Abdullah.Güler	Güler, Abdullah	M	1969	
ParlaMint-TR-en_2021-11-30-tbmm-T27	tbmm-2021-11-30sit04spe0312par0235	The Turkish parliamentary corpus ParlaMint-TR-en, Term 27, Year 5, Session 24	2021-11-30	Unicameralism	27	5	24	-	-	COVID	English	Regular	MP	notMinister	IYI	İYİ Party	Opposition	Centre-right	Bedri.Yaşar	Yaşar, Bedri	M	1963	
ParlaMint-TR-en_2021-11-30-tbmm-T27	tbmm-2021-11-30sit04spe0315par0243	The Turkish parliamentary corpus ParlaMint-TR-en, Term 27, Year 5, Session 24	2021-11-30	Unicameralism	27	5	24	-	-	COVID	English	Chairperson	MP	notMinister	AKP	Justice and Development Party	Coalition	Right	SüreyyaSadi.Bilgiç	Bilgiç, Süreyya Sadi	M	1961	
ParlaMint-TR-en_2021-11-30-tbmm-T27	tbmm-2021-11-30sit04spe0312par0244	The Turkish parliamentary corpus ParlaMint-TR-en, Term 27, Year 5, Session 24	2021-11-30	Unicameralism	27	5	24	-	-	COVID	English	Regular	MP	notMinister	IYI	İYİ Party	Opposition	Centre-right	Bedri.Yaşar	Yaşar, Bedri	M	1963	
ParlaMint-TR-en_2021-11-30-tbmm-T27	tbmm-2021-11-30sit04spe0316par0248	The Turkish parliamentary corpus ParlaMint-TR-en, Term 27, Year 5, Session 24	2021-11-30	Unicameralism	27	5	24	-	-	COVID	English	Chairperson	MP	notMinister	AKP	Justice and Development Party	Coalition	Right	SüreyyaSadi.Bilgiç	Bilgiç, Süreyya Sadi	M	1961	
ParlaMint-TR-en_2021-11-30-tbmm-T27	tbmm-2021-11-30sit04spe0317par0251	The Turkish parliamentary corpus ParlaMint-TR-en, Term 27, Year 5, Session 24	2021-11-30	Unicameralism	27	5	24	-	-	COVID	English	Regular	MP	notMinister	MHP	Nationalist Movement Party	-	Right to far-right	Lütfi.Kaşıkçı	Kaşıkçı, Lütfi	M	1982	
ParlaMint-TR-en_2021-11-30-tbmm-T27	tbmm-2021-11-30sit04spe0318par0252	The Turkish parliamentary corpus ParlaMint-TR-en, Term 27, Year 5, Session 24	2021-11-30	Unicameralism	27	5	24	-	-	COVID	English	Regular	MP	notMinister	MHP	Nationalist Movement Party	-	Right to far-right	MuhammedLevent.Bülbül	Bülbül, Muhammed Levent	M	1980	
ParlaMint-TR-en_2021-11-30-tbmm-T27	tbmm-2021-11-30sit04spe0317par0253	The Turkish parliamentary corpus ParlaMint-TR-en, Term 27, Year 5, Session 24	2021-11-30	Unicameralism	27	5	24	-	-	COVID	English	Regular	MP	notMinister	MHP	Nationalist Movement Party	-	Right to far-right	Lütfi.Kaşıkçı	Kaşıkçı, Lütfi	M	1982	
ParlaMint-TR-en_2021-11-30-tbmm-T27	tbmm-2021-11-30sit04spe0319par0264	The Turkish parliamentary corpus ParlaMint-TR-en, Term 27, Year 5, Session 24	2021-11-30	Unicameralism	27	5	24	-	-	COVID	English	Regular	MP	notMinister	MHP	Nationalist Movement Party	-	Right to far-right	MetinNurullah.Sazak	Sazak, Metin Nurullah	M	1959	
ParlaMint-TR-en_2021-11-30-tbmm-T27	tbmm-2021-11-30sit04spe0317par0265	The Turkish parliamentary corpus ParlaMint-TR-en, Term 27, Year 5, Session 24	2021-11-30	Unicameralism	27	5	24	-	-	COVID	English	Regular	MP	notMinister	MHP	Nationalist Movement Party	-	Right to far-right	Lütfi.Kaşıkçı	Kaşıkçı, Lütfi	M	1982	
ParlaMint-TR-en_2021-11-30-tbmm-T27	tbmm-2021-11-30sit04spe0320par0266	The Turkish parliamentary corpus ParlaMint-TR-en, Term 27, Year 5, Session 24	2021-11-30	Unicameralism	27	5	24	-	-	COVID	English	Regular	MP	notMinister	CHP	Republican People's Party	Opposition	Centre-left	Türabi.Kayan	Kayan, Türabi	M	1955	
ParlaMint-TR-en_2021-11-30-tbmm-T27	tbmm-2021-11-30sit04spe0319par0267	The Turkish parliamentary corpus ParlaMint-TR-en, Term 27, Year 5, Session 24	2021-11-30	Unicameralism	27	5	24	-	-	COVID	English	Regular	MP	notMinister	MHP	Nationalist Movement Party	-	Right to far-right	MetinNurullah.Sazak	Sazak, Metin Nurullah	M	1959	
ParlaMint-TR-en_2021-11-30-tbmm-T27	tbmm-2021-11-30sit04spe0321par0268	The Turkish parliamentary corpus ParlaMint-TR-en, Term 27, Year 5, Session 24	2021-11-30	Unicameralism	27	5	24	-	-	COVID	English	Chairperson	MP	notMinister	AKP	Justice and Development Party	Coalition	Right	SüreyyaSadi.Bilgiç	Bilgiç, Süreyya Sadi	M	1961	
ParlaMint-TR-en_2021-11-30-tbmm-T27	tbmm-2021-11-30sit04spe0322par0269	The Turkish parliamentary corpus ParlaMint-TR-en, Term 27, Year 5, Session 24	2021-11-30	Unicameralism	27	5	24	-	-	COVID	English	Regular	MP	notMinister	AKP	Justice and Development Party	Coalition	Right	Zülfü.Demirbağ	Demirbağ, Zülfü	M	1956	
ParlaMint-TR-en_2021-11-30-tbmm-T27	tbmm-2021-11-30sit04spe0323par0270	The Turkish parliamentary corpus ParlaMint-TR-en, Term 27, Year 5, Session 24	2021-11-30	Unicameralism	27	5	24	-	-	COVID	English	Regular	MP	notMinister	MHP	Nationalist Movement Party	-	Right to far-right	Baki.Şimşek	Şimşek, Baki	M	1969	
ParlaMint-TR-en_2021-11-30-tbmm-T27	tbmm-2021-11-30sit04spe0324par0271	The Turkish parliamentary corpus ParlaMint-TR-en, Term 27, Year 5, Session 24	2021-11-30	Unicameralism	27	5	24	-	-	COVID	English	Regular	MP	notMinister	MHP	Nationalist Movement Party	-	Right to far-right	Lütfi.Kaşıkçı	Kaşıkçı, Lütfi	M	1982	
ParlaMint-TR-en_2021-11-30-tbmm-T27	tbmm-2021-11-30sit04spe0325par0273	The Turkish parliamentary corpus ParlaMint-TR-en, Term 27, Year 5, Session 24	2021-11-30	Unicameralism	27	5	24	-	-	COVID	English	Chairperson	MP	notMinister	AKP	Justice and Development Party	Coalition	Right	SüreyyaSadi.Bilgiç	Bilgiç, Süreyya Sadi	M	1961	
ParlaMint-TR-en_2021-11-30-tbmm-T27	tbmm-2021-11-30sit04spe0324par0274	The Turkish parliamentary corpus ParlaMint-TR-en, Term 27, Year 5, Session 24	2021-11-30	Unicameralism	27	5	24	-	-	COVID	English	Regular	MP	notMinister	MHP	Nationalist Movement Party	-	Right to far-right	Lütfi.Kaşıkçı	Kaşıkçı, Lütfi	M	1982	
ParlaMint-TR-en_2021-11-30-tbmm-T27	tbmm-2021-11-30sit04spe0325par0277	The Turkish parliamentary corpus ParlaMint-TR-en, Term 27, Year 5, Session 24	2021-11-30	Unicameralism	27	5	24	-	-	COVID	English	Chairperson	MP	notMinister	AKP	Justice and Development Party	Coalition	Right	SüreyyaSadi.Bilgiç	Bilgiç, Süreyya Sadi	M	1961	
ParlaMint-TR-en_2021-11-30-tbmm-T27	tbmm-2021-11-30sit04spe0326par0280	The Turkish parliamentary corpus ParlaMint-TR-en, Term 27, Year 5, Session 24	2021-11-30	Unicameralism	27	5	24	-	-	COVID	English	Regular	MP	notMinister	AKP	Justice and Development Party	Coalition	Right	Salih.Cora	Cora, Salih	M	1981	
ParlaMint-TR-en_2021-11-30-tbmm-T27	tbmm-2021-11-30sit04spe0325par0281	The Turkish parliamentary corpus ParlaMint-TR-en, Term 27, Year 5, Session 24	2021-11-30	Unicameralism	27	5	24	-	-	COVID	English	Chairperson	MP	notMinister	AKP	Justice and Development Party	Coalition	Right	SüreyyaSadi.Bilgiç	Bilgiç, Süreyya Sadi	M	1961	
ParlaMint-TR-en_2021-11-30-tbmm-T27	tbmm-2021-11-30sit04spe0326par0282	The Turkish parliamentary corpus ParlaMint-TR-en, Term 27, Year 5, Session 24	2021-11-30	Unicameralism	27	5	24	-	-	COVID	English	Regular	MP	notMinister	AKP	Justice and Development Party	Coalition	Right	Salih.Cora	Cora, Salih	M	1981	
ParlaMint-TR-en_2021-11-30-tbmm-T27	tbmm-2021-11-30sit04spe0325par0283	The Turkish parliamentary corpus ParlaMint-TR-en, Term 27, Year 5, Session 24	2021-11-30	Unicameralism	27	5	24	-	-	COVID	English	Chairperson	MP	notMinister	AKP	Justice and Development Party	Coalition	Right	SüreyyaSadi.Bilgiç	Bilgiç, Süreyya Sadi	M	1961	
ParlaMint-TR-en_2021-11-30-tbmm-T27	tbmm-2021-11-30sit04spe0327par0284	The Turkish parliamentary corpus ParlaMint-TR-en, Term 27, Year 5, Session 24	2021-11-30	Unicameralism	27	5	24	-	-	COVID	English	Regular	MP	notMinister	HDP	Peoples' Democratic Party	Opposition	Centre-left to left	Muazzez.Orhan	Orhan Işık, Muazzez	F	1972	
ParlaMint-TR-en_2021-11-30-tbmm-T27	tbmm-2021-11-30sit04spe0328par0295	The Turkish parliamentary corpus ParlaMint-TR-en, Term 27, Year 5, Session 24	2021-11-30	Unicameralism	27	5	24	-	-	COVID	English	Chairperson	MP	notMinister	AKP	Justice and Development Party	Coalition	Right	SüreyyaSadi.Bilgiç	Bilgiç, Süreyya Sadi	M	1961	
ParlaMint-TR-en_2021-11-30-tbmm-T27	tbmm-2021-11-30sit04spe0327par0296	The Turkish parliamentary corpus ParlaMint-TR-en, Term 27, Year 5, Session 24	2021-11-30	Unicameralism	27	5	24	-	-	COVID	English	Regular	MP	notMinister	HDP	Peoples' Democratic Party	Opposition	Centre-left to left	Muazzez.Orhan	Orhan Işık, Muazzez	F	1972	
ParlaMint-TR-en_2021-11-30-tbmm-T27	tbmm-2021-11-30sit04spe0329par0300	The Turkish parliamentary corpus ParlaMint-TR-en, Term 27, Year 5, Session 24	2021-11-30	Unicameralism	27	5	24	-	-	COVID	English	Chairperson	MP	notMinister	AKP	Justice and Development Party	Coalition	Right	SüreyyaSadi.Bilgiç	Bilgiç, Süreyya Sadi	M	1961	
ParlaMint-TR-en_2021-11-30-tbmm-T27	tbmm-2021-11-30sit04spe0330par0303	The Turkish parliamentary corpus ParlaMint-TR-en, Term 27, Year 5, Session 24	2021-11-30	Unicameralism	27	5	24	-	-	COVID	English	Regular	MP	notMinister	CHP	Republican People's Party	Opposition	Centre-left	AhmetVehbi.Bakırlıoğlu	Bakırlıoğlu, Ahmet Vehbi	M	1974	
ParlaMint-TR-en_2021-11-30-tbmm-T27	tbmm-2021-11-30sit04spe0331par0316	The Turkish parliamentary corpus ParlaMint-TR-en, Term 27, Year 5, Session 24	2021-11-30	Unicameralism	27	5	24	-	-	COVID	English	Chairperson	MP	notMinister	AKP	Justice and Development Party	Coalition	Right	SüreyyaSadi.Bilgiç	Bilgiç, Süreyya Sadi	M	1961	
ParlaMint-TR-en_2021-11-30-tbmm-T27	tbmm-2021-11-30sit04spe0330par0317	The Turkish parliamentary corpus ParlaMint-TR-en, Term 27, Year 5, Session 24	2021-11-30	Unicameralism	27	5	24	-	-	COVID	English	Regular	MP	notMinister	CHP	Republican People's Party	Opposition	Centre-left	AhmetVehbi.Bakırlıoğlu	Bakırlıoğlu, Ahmet Vehbi	M	1974	
ParlaMint-TR-en_2021-11-30-tbmm-T27	tbmm-2021-11-30sit04spe0331par0320	The Turkish parliamentary corpus ParlaMint-TR-en, Term 27, Year 5, Session 24	2021-11-30	Unicameralism	27	5	24	-	-	COVID	English	Chairperson	MP	notMinister	AKP	Justice and Development Party	Coalition	Right	SüreyyaSadi.Bilgiç	Bilgiç, Süreyya Sadi	M	1961	
ParlaMint-TR-en_2021-11-30-tbmm-T27	tbmm-2021-11-30sit04spe0332par0324	The Turkish parliamentary corpus ParlaMint-TR-en, Term 27, Year 5, Session 24	2021-11-30	Unicameralism	27	5	24	-	-	COVID	English	Regular	MP	notMinister	IYI	İYİ Party	Opposition	Centre-right	Hayrettin.Nuhoğlu	Nuhoğlu, Hayrettin	M	1953	
ParlaMint-TR-en_2021-11-30-tbmm-T27	tbmm-2021-11-30sit04spe0333par0329	The Turkish parliamentary corpus ParlaMint-TR-en, Term 27, Year 5, Session 24	2021-11-30	Unicameralism	27	5	24	-	-	COVID	English	Chairperson	MP	notMinister	AKP	Justice and Development Party	Coalition	Right	SüreyyaSadi.Bilgiç	Bilgiç, Süreyya Sadi	M	1961	
ParlaMint-TR-en_2021-11-30-tbmm-T27	tbmm-2021-11-30sit04spe0332par0330	The Turkish parliamentary corpus ParlaMint-TR-en, Term 27, Year 5, Session 24	2021-11-30	Unicameralism	27	5	24	-	-	COVID	English	Regular	MP	notMinister	IYI	İYİ Party	Opposition	Centre-right	Hayrettin.Nuhoğlu	Nuhoğlu, Hayrettin	M	1953	
ParlaMint-TR-en_2021-11-30-tbmm-T27	tbmm-2021-11-30sit04spe0333par0333	The Turkish parliamentary corpus ParlaMint-TR-en, Term 27, Year 5, Session 24	2021-11-30	Unicameralism	27	5	24	-	-	COVID	English	Chairperson	MP	notMinister	AKP	Justice and Development Party	Coalition	Right	SüreyyaSadi.Bilgiç	Bilgiç, Süreyya Sadi	M	1961	
ParlaMint-TR-en_2021-11-30-tbmm-T27	tbmm-2021-11-30sit04spe0334par0336	The Turkish parliamentary corpus ParlaMint-TR-en, Term 27, Year 5, Session 24	2021-11-30	Unicameralism	27	5	24	-	-	COVID	English	Regular	MP	notMinister	AKP	Justice and Development Party	Coalition	Right	Ahmet.Çolakoğlu	Çolakoğlu, Ahmet	M	1978	
ParlaMint-TR-en_2021-11-30-tbmm-T27	tbmm-2021-11-30sit04spe0335par0346	The Turkish parliamentary corpus ParlaMint-TR-en, Term 27, Year 5, Session 24	2021-11-30	Unicameralism	27	5	24	-	-	COVID	English	Chairperson	MP	notMinister	AKP	Justice and Development Party	Coalition	Right	SüreyyaSadi.Bilgiç	Bilgiç, Süreyya Sadi	M	1961	
ParlaMint-TR-en_2021-11-30-tbmm-T27	tbmm-2021-11-30sit04spe0336par0350	The Turkish parliamentary corpus ParlaMint-TR-en, Term 27, Year 5, Session 24	2021-11-30	Unicameralism	27	5	24	-	-	COVID	English	Regular	MP	notMinister	CHP	Republican People's Party	Opposition	Centre-left	Okan.Gaytancıoğlu	Gaytancıoğlu, Okan	M	1967	
ParlaMint-TR-en_2021-11-30-tbmm-T27	tbmm-2021-11-30sit04spe0335par0353	The Turkish parliamentary corpus ParlaMint-TR-en, Term 27, Year 5, Session 24	2021-11-30	Unicameralism	27	5	24	-	-	COVID	English	Chairperson	MP	notMinister	AKP	Justice and Development Party	Coalition	Right	SüreyyaSadi.Bilgiç	Bilgiç, Süreyya Sadi	M	1961	
ParlaMint-TR-en_2021-11-30-tbmm-T27	tbmm-2021-11-30sit04spe0337par0354	The Turkish parliamentary corpus ParlaMint-TR-en, Term 27, Year 5, Session 24	2021-11-30	Unicameralism	27	5	24	-	-	COVID	English	Regular	MP	notMinister	CHP	Republican People's Party	Opposition	Centre-left	Turan.Aydoğan	Aydoğan, Turan	M	1964	
ParlaMint-TR-en_2021-11-30-tbmm-T27	tbmm-2021-11-30sit04spe0338par0357	The Turkish parliamentary corpus ParlaMint-TR-en, Term 27, Year 5, Session 24	2021-11-30	Unicameralism	27	5	24	-	-	COVID	English	Chairperson	MP	notMinister	AKP	Justice and Development Party	Coalition	Right	SüreyyaSadi.Bilgiç	Bilgiç, Süreyya Sadi	M	1961	
ParlaMint-TR-en_2021-11-30-tbmm-T27	tbmm-2021-11-30sit04spe0339par0358	The Turkish parliamentary corpus ParlaMint-TR-en, Term 27, Year 5, Session 24	2021-11-30	Unicameralism	27	5	24	-	-	COVID	English	Regular	MP	notMinister	CHP	Republican People's Party	Opposition	Centre-left	Yıldırım.Kaya	Kaya, Yıldırım	M	1958	
ParlaMint-TR-en_2021-11-30-tbmm-T27	tbmm-2021-11-30sit04spe0338par0361	The Turkish parliamentary corpus ParlaMint-TR-en, Term 27, Year 5, Session 24	2021-11-30	Unicameralism	27	5	24	-	-	COVID	English	Chairperson	MP	notMinister	AKP	Justice and Development Party	Coalition	Right	SüreyyaSadi.Bilgiç	Bilgiç, Süreyya Sadi	M	1961	
ParlaMint-TR-en_2021-11-30-tbmm-T27	tbmm-2021-11-30sit04spe0340par0368	The Turkish parliamentary corpus ParlaMint-TR-en, Term 27, Year 5, Session 24	2021-11-30	Unicameralism	27	5	24	-	-	COVID	English	Regular	MP	notMinister	CHP	Republican People's Party	Opposition	Centre-left	Türabi.Kayan	Kayan, Türabi	M	1955	
ParlaMint-TR-en_2021-11-30-tbmm-T27	tbmm-2021-11-30sit04spe0341par0371	The Turkish parliamentary corpus ParlaMint-TR-en, Term 27, Year 5, Session 24	2021-11-30	Unicameralism	27	5	24	-	-	COVID	English	Chairperson	MP	notMinister	AKP	Justice and Development Party	Coalition	Right	SüreyyaSadi.Bilgiç	Bilgiç, Süreyya Sadi	M	1961	
ParlaMint-TR-en_2021-11-30-tbmm-T27	tbmm-2021-11-30sit04spe0342par0373	The Turkish parliamentary corpus ParlaMint-TR-en, Term 27, Year 5, Session 24	2021-11-30	Unicameralism	27	5	24	-	-	COVID	English	Regular	MP	notMinister	CHP	Republican People's Party	Opposition	Centre-left	Suzan.Şahin	Şahin, Suzan	F	1968	
ParlaMint-TR-en_2021-11-30-tbmm-T27	tbmm-2021-11-30sit04spe0341par0376	The Turkish parliamentary corpus ParlaMint-TR-en, Term 27, Year 5, Session 24	2021-11-30	Unicameralism	27	5	24	-	-	COVID	English	Chairperson	MP	notMinister	AKP	Justice and Development Party	Coalition	Right	SüreyyaSadi.Bilgiç	Bilgiç, Süreyya Sadi	M	1961	
ParlaMint-TR-en_2021-11-30-tbmm-T27	tbmm-2021-11-30sit05spe0341par0001	The Turkish parliamentary corpus ParlaMint-TR-en, Term 27, Year 5, Session 24	2021-11-30	Unicameralism	27	5	24	-	-	COVID	English	Chairperson	MP	notMinister	AKP	Justice and Development Party	Coalition	Right	SüreyyaSadi.Bilgiç	Bilgiç, Süreyya Sadi	M	1961	
