Text_ID	ID	Title	Date	Body	Term	Session	Meeting	Sitting	Agenda	Subcorpus	Lang	Speaker_role	Speaker_MP	Speaker_minister	Speaker_party	Speaker_party_name	Party_status	Party_orientation	Speaker_ID	Speaker_name	Speaker_gender	Speaker_birth
ParlaMint-LV-en_2020-11-27-PT13-2152	ParlaMint-LV_2020-11-27-PT13-2152-U1	Latvian parliamentary corpus ParlaMint-LV-en, 13th Term, 2020-11-27	2020-11-27	Unicameralism	13. sasaukums	-	Regulārā	2020-11-27	-	COVID	English	Chairperson	MP	notMinister	NA	Nacionālā apvienība "Visu Latvijai!"–"Tēvzemei un Brīvībai/LNNK"	Coalition	Right	MūrnieceInāra	Mūrniece, Ināra	F	-	
ParlaMint-LV-en_2020-11-27-PT13-2152	ParlaMint-LV_2020-11-27-PT13-2152-U2	Latvian parliamentary corpus ParlaMint-LV-en, 13th Term, 2020-11-27	2020-11-27	Unicameralism	13. sasaukums	-	Regulārā	2020-11-27	-	COVID	English	Regular	MP	notMinister	ZZS	Zaļo un Zemnieku savienība	Opposition	Centre to centre-right	Reizniece-OzolaDana	Reizniece-Ozola, Dana	F	-	
ParlaMint-LV-en_2020-11-27-PT13-2152	ParlaMint-LV_2020-11-27-PT13-2152-U3	Latvian parliamentary corpus ParlaMint-LV-en, 13th Term, 2020-11-27	2020-11-27	Unicameralism	13. sasaukums	-	Regulārā	2020-11-27	-	COVID	English	Chairperson	MP	notMinister	NA	Nacionālā apvienība "Visu Latvijai!"–"Tēvzemei un Brīvībai/LNNK"	Coalition	Right	MūrnieceInāra	Mūrniece, Ināra	F	-	
ParlaMint-LV-en_2020-11-27-PT13-2152	ParlaMint-LV_2020-11-27-PT13-2152-U4	Latvian parliamentary corpus ParlaMint-LV-en, 13th Term, 2020-11-27	2020-11-27	Unicameralism	13. sasaukums	-	Regulārā	2020-11-27	-	COVID	English	Regular	MP	notMinister	ZZS	Zaļo un Zemnieku savienība	Opposition	Centre to centre-right	ValainisViktors	Valainis, Viktors	M	-	
ParlaMint-LV-en_2020-11-27-PT13-2152	ParlaMint-LV_2020-11-27-PT13-2152-U5	Latvian parliamentary corpus ParlaMint-LV-en, 13th Term, 2020-11-27	2020-11-27	Unicameralism	13. sasaukums	-	Regulārā	2020-11-27	-	COVID	English	Chairperson	MP	notMinister	NA	Nacionālā apvienība "Visu Latvijai!"–"Tēvzemei un Brīvībai/LNNK"	Coalition	Right	MūrnieceInāra	Mūrniece, Ināra	F	-	
ParlaMint-LV-en_2020-11-27-PT13-2152	ParlaMint-LV_2020-11-27-PT13-2152-U6	Latvian parliamentary corpus ParlaMint-LV-en, 13th Term, 2020-11-27	2020-11-27	Unicameralism	13. sasaukums	-	Regulārā	2020-11-27	-	COVID	English	Regular	notMP	notMinister	-	-	-	-	StepaņenkoJūlija	Stepaņenko, Jūlija	F	-	
ParlaMint-LV-en_2020-11-27-PT13-2152	ParlaMint-LV_2020-11-27-PT13-2152-U7	Latvian parliamentary corpus ParlaMint-LV-en, 13th Term, 2020-11-27	2020-11-27	Unicameralism	13. sasaukums	-	Regulārā	2020-11-27	-	COVID	English	Chairperson	MP	notMinister	NA	Nacionālā apvienība "Visu Latvijai!"–"Tēvzemei un Brīvībai/LNNK"	Coalition	Right	MūrnieceInāra	Mūrniece, Ināra	F	-	
ParlaMint-LV-en_2020-11-27-PT13-2152	ParlaMint-LV_2020-11-27-PT13-2152-U8	Latvian parliamentary corpus ParlaMint-LV-en, 13th Term, 2020-11-27	2020-11-27	Unicameralism	13. sasaukums	-	Regulārā	2020-11-27	-	COVID	English	Regular	MP	notMinister	NA	Nacionālā apvienība "Visu Latvijai!"–"Tēvzemei un Brīvībai/LNNK"	Coalition	Right	JansonsRitvars	Jansons, Ritvars	M	-	
ParlaMint-LV-en_2020-11-27-PT13-2152	ParlaMint-LV_2020-11-27-PT13-2152-U9	Latvian parliamentary corpus ParlaMint-LV-en, 13th Term, 2020-11-27	2020-11-27	Unicameralism	13. sasaukums	-	Regulārā	2020-11-27	-	COVID	English	Chairperson	MP	notMinister	NA	Nacionālā apvienība "Visu Latvijai!"–"Tēvzemei un Brīvībai/LNNK"	Coalition	Right	MūrnieceInāra	Mūrniece, Ināra	F	-	
ParlaMint-LV-en_2020-11-27-PT13-2152	ParlaMint-LV_2020-11-27-PT13-2152-U10	Latvian parliamentary corpus ParlaMint-LV-en, 13th Term, 2020-11-27	2020-11-27	Unicameralism	13. sasaukums	-	Regulārā	2020-11-27	-	COVID	English	Regular	MP	notMinister	SASKAŅA	SASKAŅA	Opposition	Centre-left	ŠvecovaĻubova	Švecova, Ļubova	F	-	
ParlaMint-LV-en_2020-11-27-PT13-2152	ParlaMint-LV_2020-11-27-PT13-2152-U11	Latvian parliamentary corpus ParlaMint-LV-en, 13th Term, 2020-11-27	2020-11-27	Unicameralism	13. sasaukums	-	Regulārā	2020-11-27	-	COVID	English	Chairperson	MP	notMinister	NA	Nacionālā apvienība "Visu Latvijai!"–"Tēvzemei un Brīvībai/LNNK"	Coalition	Right	MūrnieceInāra	Mūrniece, Ināra	F	-	
ParlaMint-LV-en_2020-11-27-PT13-2152	ParlaMint-LV_2020-11-27-PT13-2152-U12	Latvian parliamentary corpus ParlaMint-LV-en, 13th Term, 2020-11-27	2020-11-27	Unicameralism	13. sasaukums	-	Regulārā	2020-11-27	-	COVID	English	Regular	notMP	notMinister	-	-	-	-	StepaņenkoJūlija	Stepaņenko, Jūlija	F	-	
ParlaMint-LV-en_2020-11-27-PT13-2152	ParlaMint-LV_2020-11-27-PT13-2152-U13	Latvian parliamentary corpus ParlaMint-LV-en, 13th Term, 2020-11-27	2020-11-27	Unicameralism	13. sasaukums	-	Regulārā	2020-11-27	-	COVID	English	Chairperson	MP	notMinister	NA	Nacionālā apvienība "Visu Latvijai!"–"Tēvzemei un Brīvībai/LNNK"	Coalition	Right	MūrnieceInāra	Mūrniece, Ināra	F	-	
ParlaMint-LV-en_2020-11-27-PT13-2152	ParlaMint-LV_2020-11-27-PT13-2152-U14	Latvian parliamentary corpus ParlaMint-LV-en, 13th Term, 2020-11-27	2020-11-27	Unicameralism	13. sasaukums	-	Regulārā	2020-11-27	-	COVID	English	Regular	MP	notMinister	ZZS	Zaļo un Zemnieku savienība	Opposition	Centre to centre-right	ValainisViktors	Valainis, Viktors	M	-	
ParlaMint-LV-en_2020-11-27-PT13-2152	ParlaMint-LV_2020-11-27-PT13-2152-U15	Latvian parliamentary corpus ParlaMint-LV-en, 13th Term, 2020-11-27	2020-11-27	Unicameralism	13. sasaukums	-	Regulārā	2020-11-27	-	COVID	English	Chairperson	MP	notMinister	NA	Nacionālā apvienība "Visu Latvijai!"–"Tēvzemei un Brīvībai/LNNK"	Coalition	Right	MūrnieceInāra	Mūrniece, Ināra	F	-	
ParlaMint-LV-en_2020-11-27-PT13-2152	ParlaMint-LV_2020-11-27-PT13-2152-U16	Latvian parliamentary corpus ParlaMint-LV-en, 13th Term, 2020-11-27	2020-11-27	Unicameralism	13. sasaukums	-	Regulārā	2020-11-27	-	COVID	English	Regular	notMP	notMinister	-	-	-	-	PapuleEvija	Papule, Evija	F	-	
ParlaMint-LV-en_2020-11-27-PT13-2152	ParlaMint-LV_2020-11-27-PT13-2152-U17	Latvian parliamentary corpus ParlaMint-LV-en, 13th Term, 2020-11-27	2020-11-27	Unicameralism	13. sasaukums	-	Regulārā	2020-11-27	-	COVID	English	Chairperson	MP	notMinister	NA	Nacionālā apvienība "Visu Latvijai!"–"Tēvzemei un Brīvībai/LNNK"	Coalition	Right	MūrnieceInāra	Mūrniece, Ināra	F	-	
ParlaMint-LV-en_2020-11-27-PT13-2152	ParlaMint-LV_2020-11-27-PT13-2152-U18	Latvian parliamentary corpus ParlaMint-LV-en, 13th Term, 2020-11-27	2020-11-27	Unicameralism	13. sasaukums	-	Regulārā	2020-11-27	-	COVID	English	Regular	MP	notMinister	ZZS	Zaļo un Zemnieku savienība	Opposition	Centre to centre-right	Reizniece-OzolaDana	Reizniece-Ozola, Dana	F	-	
ParlaMint-LV-en_2020-11-27-PT13-2152	ParlaMint-LV_2020-11-27-PT13-2152-U19	Latvian parliamentary corpus ParlaMint-LV-en, 13th Term, 2020-11-27	2020-11-27	Unicameralism	13. sasaukums	-	Regulārā	2020-11-27	-	COVID	English	Chairperson	MP	notMinister	NA	Nacionālā apvienība "Visu Latvijai!"–"Tēvzemei un Brīvībai/LNNK"	Coalition	Right	MūrnieceInāra	Mūrniece, Ināra	F	-	
ParlaMint-LV-en_2020-11-27-PT13-2152	ParlaMint-LV_2020-11-27-PT13-2152-U20	Latvian parliamentary corpus ParlaMint-LV-en, 13th Term, 2020-11-27	2020-11-27	Unicameralism	13. sasaukums	-	Regulārā	2020-11-27	-	COVID	English	Regular	MP	notMinister	NA	Nacionālā apvienība "Visu Latvijai!"–"Tēvzemei un Brīvībai/LNNK"	Coalition	Right	JansonsRitvars	Jansons, Ritvars	M	-	
ParlaMint-LV-en_2020-11-27-PT13-2152	ParlaMint-LV_2020-11-27-PT13-2152-U21	Latvian parliamentary corpus ParlaMint-LV-en, 13th Term, 2020-11-27	2020-11-27	Unicameralism	13. sasaukums	-	Regulārā	2020-11-27	-	COVID	English	Chairperson	MP	notMinister	NA	Nacionālā apvienība "Visu Latvijai!"–"Tēvzemei un Brīvībai/LNNK"	Coalition	Right	MūrnieceInāra	Mūrniece, Ināra	F	-	
ParlaMint-LV-en_2020-11-27-PT13-2152	ParlaMint-LV_2020-11-27-PT13-2152-U22	Latvian parliamentary corpus ParlaMint-LV-en, 13th Term, 2020-11-27	2020-11-27	Unicameralism	13. sasaukums	-	Regulārā	2020-11-27	-	COVID	English	Regular	MP	notMinister	KPV-LV	Kam pieder valsts?	Coalition	Centre-right to right	GobzemsAldis	Gobzems, Aldis	M	-	
ParlaMint-LV-en_2020-11-27-PT13-2152	ParlaMint-LV_2020-11-27-PT13-2152-U23	Latvian parliamentary corpus ParlaMint-LV-en, 13th Term, 2020-11-27	2020-11-27	Unicameralism	13. sasaukums	-	Regulārā	2020-11-27	-	COVID	English	Chairperson	MP	notMinister	NA	Nacionālā apvienība "Visu Latvijai!"–"Tēvzemei un Brīvībai/LNNK"	Coalition	Right	MūrnieceInāra	Mūrniece, Ināra	F	-	
ParlaMint-LV-en_2020-11-27-PT13-2152	ParlaMint-LV_2020-11-27-PT13-2152-U24	Latvian parliamentary corpus ParlaMint-LV-en, 13th Term, 2020-11-27	2020-11-27	Unicameralism	13. sasaukums	-	Regulārā	2020-11-27	-	COVID	English	Regular	notMP	notMinister	-	-	-	-	DombrovskisVjačeslavs	Dombrovskis, Vjačeslavs	M	-	
ParlaMint-LV-en_2020-11-27-PT13-2152	ParlaMint-LV_2020-11-27-PT13-2152-U25	Latvian parliamentary corpus ParlaMint-LV-en, 13th Term, 2020-11-27	2020-11-27	Unicameralism	13. sasaukums	-	Regulārā	2020-11-27	-	COVID	English	Chairperson	MP	notMinister	NA	Nacionālā apvienība "Visu Latvijai!"–"Tēvzemei un Brīvībai/LNNK"	Coalition	Right	MūrnieceInāra	Mūrniece, Ināra	F	-	
ParlaMint-LV-en_2020-11-27-PT13-2152	ParlaMint-LV_2020-11-27-PT13-2152-U26	Latvian parliamentary corpus ParlaMint-LV-en, 13th Term, 2020-11-27	2020-11-27	Unicameralism	13. sasaukums	-	Regulārā	2020-11-27	-	COVID	English	Regular	notMP	notMinister	-	-	-	-	DombrovskisVjačeslavs	Dombrovskis, Vjačeslavs	M	-	
ParlaMint-LV-en_2020-11-27-PT13-2152	ParlaMint-LV_2020-11-27-PT13-2152-U27	Latvian parliamentary corpus ParlaMint-LV-en, 13th Term, 2020-11-27	2020-11-27	Unicameralism	13. sasaukums	-	Regulārā	2020-11-27	-	COVID	English	Chairperson	MP	notMinister	NA	Nacionālā apvienība "Visu Latvijai!"–"Tēvzemei un Brīvībai/LNNK"	Coalition	Right	MūrnieceInāra	Mūrniece, Ināra	F	-	
ParlaMint-LV-en_2020-11-27-PT13-2152	ParlaMint-LV_2020-11-27-PT13-2152-U28	Latvian parliamentary corpus ParlaMint-LV-en, 13th Term, 2020-11-27	2020-11-27	Unicameralism	13. sasaukums	-	Regulārā	2020-11-27	-	COVID	English	Regular	notMP	notMinister	-	-	-	-	PapuleEvija	Papule, Evija	F	-	
ParlaMint-LV-en_2020-11-27-PT13-2152	ParlaMint-LV_2020-11-27-PT13-2152-U29	Latvian parliamentary corpus ParlaMint-LV-en, 13th Term, 2020-11-27	2020-11-27	Unicameralism	13. sasaukums	-	Regulārā	2020-11-27	-	COVID	English	Chairperson	MP	notMinister	NA	Nacionālā apvienība "Visu Latvijai!"–"Tēvzemei un Brīvībai/LNNK"	Coalition	Right	MūrnieceInāra	Mūrniece, Ināra	F	-	
ParlaMint-LV-en_2020-11-27-PT13-2152	ParlaMint-LV_2020-11-27-PT13-2152-U30	Latvian parliamentary corpus ParlaMint-LV-en, 13th Term, 2020-11-27	2020-11-27	Unicameralism	13. sasaukums	-	Regulārā	2020-11-27	-	COVID	English	Guest	MP	notMinister	NA	Nacionālā apvienība "Visu Latvijai!"–"Tēvzemei un Brīvībai/LNNK"	Coalition	Right	IndriksoneIlze	Indriksone, Ilze	F	-	
ParlaMint-LV-en_2020-11-27-PT13-2152	ParlaMint-LV_2020-11-27-PT13-2152-U31	Latvian parliamentary corpus ParlaMint-LV-en, 13th Term, 2020-11-27	2020-11-27	Unicameralism	13. sasaukums	-	Regulārā	2020-11-27	-	COVID	English	Chairperson	MP	notMinister	NA	Nacionālā apvienība "Visu Latvijai!"–"Tēvzemei un Brīvībai/LNNK"	Coalition	Right	MūrnieceInāra	Mūrniece, Ināra	F	-	
ParlaMint-LV-en_2020-11-27-PT13-2152	ParlaMint-LV_2020-11-27-PT13-2152-U32	Latvian parliamentary corpus ParlaMint-LV-en, 13th Term, 2020-11-27	2020-11-27	Unicameralism	13. sasaukums	-	Regulārā	2020-11-27	-	COVID	English	Guest	MP	notMinister	NA	Nacionālā apvienība "Visu Latvijai!"–"Tēvzemei un Brīvībai/LNNK"	Coalition	Right	IndriksoneIlze	Indriksone, Ilze	F	-	
ParlaMint-LV-en_2020-11-27-PT13-2152	ParlaMint-LV_2020-11-27-PT13-2152-U33	Latvian parliamentary corpus ParlaMint-LV-en, 13th Term, 2020-11-27	2020-11-27	Unicameralism	13. sasaukums	-	Regulārā	2020-11-27	-	COVID	English	Chairperson	MP	notMinister	NA	Nacionālā apvienība "Visu Latvijai!"–"Tēvzemei un Brīvībai/LNNK"	Coalition	Right	MūrnieceInāra	Mūrniece, Ināra	F	-	
ParlaMint-LV-en_2020-11-27-PT13-2152	ParlaMint-LV_2020-11-27-PT13-2152-U34	Latvian parliamentary corpus ParlaMint-LV-en, 13th Term, 2020-11-27	2020-11-27	Unicameralism	13. sasaukums	-	Regulārā	2020-11-27	-	COVID	English	Regular	MP	notMinister	ZZS	Zaļo un Zemnieku savienība	Opposition	Centre to centre-right	Reizniece-OzolaDana	Reizniece-Ozola, Dana	F	-	
ParlaMint-LV-en_2020-11-27-PT13-2152	ParlaMint-LV_2020-11-27-PT13-2152-U35	Latvian parliamentary corpus ParlaMint-LV-en, 13th Term, 2020-11-27	2020-11-27	Unicameralism	13. sasaukums	-	Regulārā	2020-11-27	-	COVID	English	Chairperson	MP	notMinister	NA	Nacionālā apvienība "Visu Latvijai!"–"Tēvzemei un Brīvībai/LNNK"	Coalition	Right	MūrnieceInāra	Mūrniece, Ināra	F	-	
ParlaMint-LV-en_2020-11-27-PT13-2152	ParlaMint-LV_2020-11-27-PT13-2152-U36	Latvian parliamentary corpus ParlaMint-LV-en, 13th Term, 2020-11-27	2020-11-27	Unicameralism	13. sasaukums	-	Regulārā	2020-11-27	-	COVID	English	Regular	MP	notMinister	KPV-LV	Kam pieder valsts?	Coalition	Centre-right to right	PetravičaRamona	Petraviča, Ramona	F	-	
ParlaMint-LV-en_2020-11-27-PT13-2152	ParlaMint-LV_2020-11-27-PT13-2152-U37	Latvian parliamentary corpus ParlaMint-LV-en, 13th Term, 2020-11-27	2020-11-27	Unicameralism	13. sasaukums	-	Regulārā	2020-11-27	-	COVID	English	Chairperson	MP	notMinister	NA	Nacionālā apvienība "Visu Latvijai!"–"Tēvzemei un Brīvībai/LNNK"	Coalition	Right	MūrnieceInāra	Mūrniece, Ināra	F	-	
ParlaMint-LV-en_2020-11-27-PT13-2152	ParlaMint-LV_2020-11-27-PT13-2152-U38	Latvian parliamentary corpus ParlaMint-LV-en, 13th Term, 2020-11-27	2020-11-27	Unicameralism	13. sasaukums	-	Regulārā	2020-11-27	-	COVID	English	Guest	MP	notMinister	NA	Nacionālā apvienība "Visu Latvijai!"–"Tēvzemei un Brīvībai/LNNK"	Coalition	Right	IndriksoneIlze	Indriksone, Ilze	F	-	
ParlaMint-LV-en_2020-11-27-PT13-2152	ParlaMint-LV_2020-11-27-PT13-2152-U39	Latvian parliamentary corpus ParlaMint-LV-en, 13th Term, 2020-11-27	2020-11-27	Unicameralism	13. sasaukums	-	Regulārā	2020-11-27	-	COVID	English	Chairperson	MP	notMinister	NA	Nacionālā apvienība "Visu Latvijai!"–"Tēvzemei un Brīvībai/LNNK"	Coalition	Right	MūrnieceInāra	Mūrniece, Ināra	F	-	
ParlaMint-LV-en_2020-11-27-PT13-2152	ParlaMint-LV_2020-11-27-PT13-2152-U40	Latvian parliamentary corpus ParlaMint-LV-en, 13th Term, 2020-11-27	2020-11-27	Unicameralism	13. sasaukums	-	Regulārā	2020-11-27	-	COVID	English	Guest	MP	notMinister	NA	Nacionālā apvienība "Visu Latvijai!"–"Tēvzemei un Brīvībai/LNNK"	Coalition	Right	IndriksoneIlze	Indriksone, Ilze	F	-	
ParlaMint-LV-en_2020-11-27-PT13-2152	ParlaMint-LV_2020-11-27-PT13-2152-U41	Latvian parliamentary corpus ParlaMint-LV-en, 13th Term, 2020-11-27	2020-11-27	Unicameralism	13. sasaukums	-	Regulārā	2020-11-27	-	COVID	English	Chairperson	MP	notMinister	NA	Nacionālā apvienība "Visu Latvijai!"–"Tēvzemei un Brīvībai/LNNK"	Coalition	Right	MūrnieceInāra	Mūrniece, Ināra	F	-	
ParlaMint-LV-en_2020-11-27-PT13-2152	ParlaMint-LV_2020-11-27-PT13-2152-U42	Latvian parliamentary corpus ParlaMint-LV-en, 13th Term, 2020-11-27	2020-11-27	Unicameralism	13. sasaukums	-	Regulārā	2020-11-27	-	COVID	English	Regular	MP	notMinister	ZZS	Zaļo un Zemnieku savienība	Opposition	Centre to centre-right	Reizniece-OzolaDana	Reizniece-Ozola, Dana	F	-	
ParlaMint-LV-en_2020-11-27-PT13-2152	ParlaMint-LV_2020-11-27-PT13-2152-U43	Latvian parliamentary corpus ParlaMint-LV-en, 13th Term, 2020-11-27	2020-11-27	Unicameralism	13. sasaukums	-	Regulārā	2020-11-27	-	COVID	English	Chairperson	MP	notMinister	NA	Nacionālā apvienība "Visu Latvijai!"–"Tēvzemei un Brīvībai/LNNK"	Coalition	Right	MūrnieceInāra	Mūrniece, Ināra	F	-	
ParlaMint-LV-en_2020-11-27-PT13-2152	ParlaMint-LV_2020-11-27-PT13-2152-U44	Latvian parliamentary corpus ParlaMint-LV-en, 13th Term, 2020-11-27	2020-11-27	Unicameralism	13. sasaukums	-	Regulārā	2020-11-27	-	COVID	English	Guest	MP	notMinister	NA	Nacionālā apvienība "Visu Latvijai!"–"Tēvzemei un Brīvībai/LNNK"	Coalition	Right	IndriksoneIlze	Indriksone, Ilze	F	-	
ParlaMint-LV-en_2020-11-27-PT13-2152	ParlaMint-LV_2020-11-27-PT13-2152-U45	Latvian parliamentary corpus ParlaMint-LV-en, 13th Term, 2020-11-27	2020-11-27	Unicameralism	13. sasaukums	-	Regulārā	2020-11-27	-	COVID	English	Chairperson	MP	notMinister	NA	Nacionālā apvienība "Visu Latvijai!"–"Tēvzemei un Brīvībai/LNNK"	Coalition	Right	MūrnieceInāra	Mūrniece, Ināra	F	-	
ParlaMint-LV-en_2020-11-27-PT13-2152	ParlaMint-LV_2020-11-27-PT13-2152-U46	Latvian parliamentary corpus ParlaMint-LV-en, 13th Term, 2020-11-27	2020-11-27	Unicameralism	13. sasaukums	-	Regulārā	2020-11-27	-	COVID	English	Regular	MP	notMinister	ZZS	Zaļo un Zemnieku savienība	Opposition	Centre to centre-right	Reizniece-OzolaDana	Reizniece-Ozola, Dana	F	-	
ParlaMint-LV-en_2020-11-27-PT13-2152	ParlaMint-LV_2020-11-27-PT13-2152-U47	Latvian parliamentary corpus ParlaMint-LV-en, 13th Term, 2020-11-27	2020-11-27	Unicameralism	13. sasaukums	-	Regulārā	2020-11-27	-	COVID	English	Chairperson	MP	notMinister	NA	Nacionālā apvienība "Visu Latvijai!"–"Tēvzemei un Brīvībai/LNNK"	Coalition	Right	MūrnieceInāra	Mūrniece, Ināra	F	-	
ParlaMint-LV-en_2020-11-27-PT13-2152	ParlaMint-LV_2020-11-27-PT13-2152-U48	Latvian parliamentary corpus ParlaMint-LV-en, 13th Term, 2020-11-27	2020-11-27	Unicameralism	13. sasaukums	-	Regulārā	2020-11-27	-	COVID	English	Regular	MP	notMinister	ZZS	Zaļo un Zemnieku savienība	Opposition	Centre to centre-right	ValainisViktors	Valainis, Viktors	M	-	
ParlaMint-LV-en_2020-11-27-PT13-2152	ParlaMint-LV_2020-11-27-PT13-2152-U49	Latvian parliamentary corpus ParlaMint-LV-en, 13th Term, 2020-11-27	2020-11-27	Unicameralism	13. sasaukums	-	Regulārā	2020-11-27	-	COVID	English	Chairperson	MP	notMinister	NA	Nacionālā apvienība "Visu Latvijai!"–"Tēvzemei un Brīvībai/LNNK"	Coalition	Right	MūrnieceInāra	Mūrniece, Ināra	F	-	
ParlaMint-LV-en_2020-11-27-PT13-2152	ParlaMint-LV_2020-11-27-PT13-2152-U50	Latvian parliamentary corpus ParlaMint-LV-en, 13th Term, 2020-11-27	2020-11-27	Unicameralism	13. sasaukums	-	Regulārā	2020-11-27	-	COVID	English	Regular	MP	notMinister	SASKAŅA	SASKAŅA	Opposition	Centre-left	ŠvecovaĻubova	Švecova, Ļubova	F	-	
ParlaMint-LV-en_2020-11-27-PT13-2152	ParlaMint-LV_2020-11-27-PT13-2152-U51	Latvian parliamentary corpus ParlaMint-LV-en, 13th Term, 2020-11-27	2020-11-27	Unicameralism	13. sasaukums	-	Regulārā	2020-11-27	-	COVID	English	Chairperson	MP	notMinister	NA	Nacionālā apvienība "Visu Latvijai!"–"Tēvzemei un Brīvībai/LNNK"	Coalition	Right	MūrnieceInāra	Mūrniece, Ināra	F	-	
ParlaMint-LV-en_2020-11-27-PT13-2152	ParlaMint-LV_2020-11-27-PT13-2152-U52	Latvian parliamentary corpus ParlaMint-LV-en, 13th Term, 2020-11-27	2020-11-27	Unicameralism	13. sasaukums	-	Regulārā	2020-11-27	-	COVID	English	Regular	MP	notMinister	KPV-LV	Kam pieder valsts?	Coalition	Centre-right to right	GobzemsAldis	Gobzems, Aldis	M	-	
ParlaMint-LV-en_2020-11-27-PT13-2152	ParlaMint-LV_2020-11-27-PT13-2152-U53	Latvian parliamentary corpus ParlaMint-LV-en, 13th Term, 2020-11-27	2020-11-27	Unicameralism	13. sasaukums	-	Regulārā	2020-11-27	-	COVID	English	Chairperson	MP	notMinister	NA	Nacionālā apvienība "Visu Latvijai!"–"Tēvzemei un Brīvībai/LNNK"	Coalition	Right	MūrnieceInāra	Mūrniece, Ināra	F	-	
ParlaMint-LV-en_2020-11-27-PT13-2152	ParlaMint-LV_2020-11-27-PT13-2152-U54	Latvian parliamentary corpus ParlaMint-LV-en, 13th Term, 2020-11-27	2020-11-27	Unicameralism	13. sasaukums	-	Regulārā	2020-11-27	-	COVID	English	Guest	MP	notMinister	NA	Nacionālā apvienība "Visu Latvijai!"–"Tēvzemei un Brīvībai/LNNK"	Coalition	Right	IndriksoneIlze	Indriksone, Ilze	F	-	
ParlaMint-LV-en_2020-11-27-PT13-2152	ParlaMint-LV_2020-11-27-PT13-2152-U55	Latvian parliamentary corpus ParlaMint-LV-en, 13th Term, 2020-11-27	2020-11-27	Unicameralism	13. sasaukums	-	Regulārā	2020-11-27	-	COVID	English	Chairperson	MP	notMinister	NA	Nacionālā apvienība "Visu Latvijai!"–"Tēvzemei un Brīvībai/LNNK"	Coalition	Right	MūrnieceInāra	Mūrniece, Ināra	F	-	
ParlaMint-LV-en_2020-11-27-PT13-2152	ParlaMint-LV_2020-11-27-PT13-2152-U56	Latvian parliamentary corpus ParlaMint-LV-en, 13th Term, 2020-11-27	2020-11-27	Unicameralism	13. sasaukums	-	Regulārā	2020-11-27	-	COVID	English	Guest	MP	notMinister	NA	Nacionālā apvienība "Visu Latvijai!"–"Tēvzemei un Brīvībai/LNNK"	Coalition	Right	IndriksoneIlze	Indriksone, Ilze	F	-	
ParlaMint-LV-en_2020-11-27-PT13-2152	ParlaMint-LV_2020-11-27-PT13-2152-U57	Latvian parliamentary corpus ParlaMint-LV-en, 13th Term, 2020-11-27	2020-11-27	Unicameralism	13. sasaukums	-	Regulārā	2020-11-27	-	COVID	English	Chairperson	MP	notMinister	NA	Nacionālā apvienība "Visu Latvijai!"–"Tēvzemei un Brīvībai/LNNK"	Coalition	Right	MūrnieceInāra	Mūrniece, Ināra	F	-	
ParlaMint-LV-en_2020-11-27-PT13-2152	ParlaMint-LV_2020-11-27-PT13-2152-U58	Latvian parliamentary corpus ParlaMint-LV-en, 13th Term, 2020-11-27	2020-11-27	Unicameralism	13. sasaukums	-	Regulārā	2020-11-27	-	COVID	English	Regular	MP	notMinister	ZZS	Zaļo un Zemnieku savienība	Opposition	Centre to centre-right	Reizniece-OzolaDana	Reizniece-Ozola, Dana	F	-	
ParlaMint-LV-en_2020-11-27-PT13-2152	ParlaMint-LV_2020-11-27-PT13-2152-U59	Latvian parliamentary corpus ParlaMint-LV-en, 13th Term, 2020-11-27	2020-11-27	Unicameralism	13. sasaukums	-	Regulārā	2020-11-27	-	COVID	English	Chairperson	MP	notMinister	NA	Nacionālā apvienība "Visu Latvijai!"–"Tēvzemei un Brīvībai/LNNK"	Coalition	Right	MūrnieceInāra	Mūrniece, Ināra	F	-	
ParlaMint-LV-en_2020-11-27-PT13-2152	ParlaMint-LV_2020-11-27-PT13-2152-U60	Latvian parliamentary corpus ParlaMint-LV-en, 13th Term, 2020-11-27	2020-11-27	Unicameralism	13. sasaukums	-	Regulārā	2020-11-27	-	COVID	English	Regular	notMP	notMinister	-	-	-	-	DombrovskisVjačeslavs	Dombrovskis, Vjačeslavs	M	-	
ParlaMint-LV-en_2020-11-27-PT13-2152	ParlaMint-LV_2020-11-27-PT13-2152-U61	Latvian parliamentary corpus ParlaMint-LV-en, 13th Term, 2020-11-27	2020-11-27	Unicameralism	13. sasaukums	-	Regulārā	2020-11-27	-	COVID	English	Chairperson	MP	notMinister	NA	Nacionālā apvienība "Visu Latvijai!"–"Tēvzemei un Brīvībai/LNNK"	Coalition	Right	MūrnieceInāra	Mūrniece, Ināra	F	-	
ParlaMint-LV-en_2020-11-27-PT13-2152	ParlaMint-LV_2020-11-27-PT13-2152-U62	Latvian parliamentary corpus ParlaMint-LV-en, 13th Term, 2020-11-27	2020-11-27	Unicameralism	13. sasaukums	-	Regulārā	2020-11-27	-	COVID	English	Regular	notMP	notMinister	-	-	-	-	DombrovskisVjačeslavs	Dombrovskis, Vjačeslavs	M	-	
ParlaMint-LV-en_2020-11-27-PT13-2152	ParlaMint-LV_2020-11-27-PT13-2152-U63	Latvian parliamentary corpus ParlaMint-LV-en, 13th Term, 2020-11-27	2020-11-27	Unicameralism	13. sasaukums	-	Regulārā	2020-11-27	-	COVID	English	Chairperson	MP	notMinister	NA	Nacionālā apvienība "Visu Latvijai!"–"Tēvzemei un Brīvībai/LNNK"	Coalition	Right	MūrnieceInāra	Mūrniece, Ināra	F	-	
ParlaMint-LV-en_2020-11-27-PT13-2152	ParlaMint-LV_2020-11-27-PT13-2152-U64	Latvian parliamentary corpus ParlaMint-LV-en, 13th Term, 2020-11-27	2020-11-27	Unicameralism	13. sasaukums	-	Regulārā	2020-11-27	-	COVID	English	Regular	MP	notMinister	ZZS	Zaļo un Zemnieku savienība	Opposition	Centre to centre-right	ValainisViktors	Valainis, Viktors	M	-	
ParlaMint-LV-en_2020-11-27-PT13-2152	ParlaMint-LV_2020-11-27-PT13-2152-U65	Latvian parliamentary corpus ParlaMint-LV-en, 13th Term, 2020-11-27	2020-11-27	Unicameralism	13. sasaukums	-	Regulārā	2020-11-27	-	COVID	English	Chairperson	MP	notMinister	NA	Nacionālā apvienība "Visu Latvijai!"–"Tēvzemei un Brīvībai/LNNK"	Coalition	Right	MūrnieceInāra	Mūrniece, Ināra	F	-	
ParlaMint-LV-en_2020-11-27-PT13-2152	ParlaMint-LV_2020-11-27-PT13-2152-U66	Latvian parliamentary corpus ParlaMint-LV-en, 13th Term, 2020-11-27	2020-11-27	Unicameralism	13. sasaukums	-	Regulārā	2020-11-27	-	COVID	English	Regular	MP	notMinister	SASKAŅA	SASKAŅA	Opposition	Centre-left	LočmeleRegīna	Ločmele, Regīna	F	-	
ParlaMint-LV-en_2020-11-27-PT13-2152	ParlaMint-LV_2020-11-27-PT13-2152-U67	Latvian parliamentary corpus ParlaMint-LV-en, 13th Term, 2020-11-27	2020-11-27	Unicameralism	13. sasaukums	-	Regulārā	2020-11-27	-	COVID	English	Chairperson	MP	notMinister	NA	Nacionālā apvienība "Visu Latvijai!"–"Tēvzemei un Brīvībai/LNNK"	Coalition	Right	MūrnieceInāra	Mūrniece, Ināra	F	-	
ParlaMint-LV-en_2020-11-27-PT13-2152	ParlaMint-LV_2020-11-27-PT13-2152-U68	Latvian parliamentary corpus ParlaMint-LV-en, 13th Term, 2020-11-27	2020-11-27	Unicameralism	13. sasaukums	-	Regulārā	2020-11-27	-	COVID	English	Regular	MP	notMinister	ZZS	Zaļo un Zemnieku savienība	Opposition	Centre to centre-right	Reizniece-OzolaDana	Reizniece-Ozola, Dana	F	-	
ParlaMint-LV-en_2020-11-27-PT13-2152	ParlaMint-LV_2020-11-27-PT13-2152-U69	Latvian parliamentary corpus ParlaMint-LV-en, 13th Term, 2020-11-27	2020-11-27	Unicameralism	13. sasaukums	-	Regulārā	2020-11-27	-	COVID	English	Chairperson	MP	notMinister	NA	Nacionālā apvienība "Visu Latvijai!"–"Tēvzemei un Brīvībai/LNNK"	Coalition	Right	MūrnieceInāra	Mūrniece, Ināra	F	-	
ParlaMint-LV-en_2020-11-27-PT13-2152	ParlaMint-LV_2020-11-27-PT13-2152-U70	Latvian parliamentary corpus ParlaMint-LV-en, 13th Term, 2020-11-27	2020-11-27	Unicameralism	13. sasaukums	-	Regulārā	2020-11-27	-	COVID	English	Regular	notMP	notMinister	-	-	-	-	StepaņenkoJūlija	Stepaņenko, Jūlija	F	-	
ParlaMint-LV-en_2020-11-27-PT13-2152	ParlaMint-LV_2020-11-27-PT13-2152-U71	Latvian parliamentary corpus ParlaMint-LV-en, 13th Term, 2020-11-27	2020-11-27	Unicameralism	13. sasaukums	-	Regulārā	2020-11-27	-	COVID	English	Chairperson	MP	notMinister	NA	Nacionālā apvienība "Visu Latvijai!"–"Tēvzemei un Brīvībai/LNNK"	Coalition	Right	MūrnieceInāra	Mūrniece, Ināra	F	-	
ParlaMint-LV-en_2020-11-27-PT13-2152	ParlaMint-LV_2020-11-27-PT13-2152-U72	Latvian parliamentary corpus ParlaMint-LV-en, 13th Term, 2020-11-27	2020-11-27	Unicameralism	13. sasaukums	-	Regulārā	2020-11-27	-	COVID	English	Regular	MP	notMinister	KPV-LV	Kam pieder valsts?	Coalition	Centre-right to right	GobzemsAldis	Gobzems, Aldis	M	-	
ParlaMint-LV-en_2020-11-27-PT13-2152	ParlaMint-LV_2020-11-27-PT13-2152-U73	Latvian parliamentary corpus ParlaMint-LV-en, 13th Term, 2020-11-27	2020-11-27	Unicameralism	13. sasaukums	-	Regulārā	2020-11-27	-	COVID	English	Chairperson	MP	notMinister	NA	Nacionālā apvienība "Visu Latvijai!"–"Tēvzemei un Brīvībai/LNNK"	Coalition	Right	MūrnieceInāra	Mūrniece, Ināra	F	-	
ParlaMint-LV-en_2020-11-27-PT13-2152	ParlaMint-LV_2020-11-27-PT13-2152-U74	Latvian parliamentary corpus ParlaMint-LV-en, 13th Term, 2020-11-27	2020-11-27	Unicameralism	13. sasaukums	-	Regulārā	2020-11-27	-	COVID	English	Regular	MP	notMinister	ZZS	Zaļo un Zemnieku savienība	Opposition	Centre to centre-right	ValainisViktors	Valainis, Viktors	M	-	
ParlaMint-LV-en_2020-11-27-PT13-2152	ParlaMint-LV_2020-11-27-PT13-2152-U75	Latvian parliamentary corpus ParlaMint-LV-en, 13th Term, 2020-11-27	2020-11-27	Unicameralism	13. sasaukums	-	Regulārā	2020-11-27	-	COVID	English	Chairperson	MP	notMinister	NA	Nacionālā apvienība "Visu Latvijai!"–"Tēvzemei un Brīvībai/LNNK"	Coalition	Right	MūrnieceInāra	Mūrniece, Ināra	F	-	
ParlaMint-LV-en_2020-11-27-PT13-2152	ParlaMint-LV_2020-11-27-PT13-2152-U76	Latvian parliamentary corpus ParlaMint-LV-en, 13th Term, 2020-11-27	2020-11-27	Unicameralism	13. sasaukums	-	Regulārā	2020-11-27	-	COVID	English	Regular	MP	notMinister	KPV-LV	Kam pieder valsts?	Coalition	Centre-right to right	GobzemsAldis	Gobzems, Aldis	M	-	
ParlaMint-LV-en_2020-11-27-PT13-2152	ParlaMint-LV_2020-11-27-PT13-2152-U77	Latvian parliamentary corpus ParlaMint-LV-en, 13th Term, 2020-11-27	2020-11-27	Unicameralism	13. sasaukums	-	Regulārā	2020-11-27	-	COVID	English	Chairperson	MP	notMinister	NA	Nacionālā apvienība "Visu Latvijai!"–"Tēvzemei un Brīvībai/LNNK"	Coalition	Right	MūrnieceInāra	Mūrniece, Ināra	F	-	
ParlaMint-LV-en_2020-11-27-PT13-2152	ParlaMint-LV_2020-11-27-PT13-2152-U78	Latvian parliamentary corpus ParlaMint-LV-en, 13th Term, 2020-11-27	2020-11-27	Unicameralism	13. sasaukums	-	Regulārā	2020-11-27	-	COVID	English	Guest	MP	notMinister	NA	Nacionālā apvienība "Visu Latvijai!"–"Tēvzemei un Brīvībai/LNNK"	Coalition	Right	IndriksoneIlze	Indriksone, Ilze	F	-	
ParlaMint-LV-en_2020-11-27-PT13-2152	ParlaMint-LV_2020-11-27-PT13-2152-U79	Latvian parliamentary corpus ParlaMint-LV-en, 13th Term, 2020-11-27	2020-11-27	Unicameralism	13. sasaukums	-	Regulārā	2020-11-27	-	COVID	English	Chairperson	MP	notMinister	NA	Nacionālā apvienība "Visu Latvijai!"–"Tēvzemei un Brīvībai/LNNK"	Coalition	Right	MūrnieceInāra	Mūrniece, Ināra	F	-	
ParlaMint-LV-en_2020-11-27-PT13-2152	ParlaMint-LV_2020-11-27-PT13-2152-U80	Latvian parliamentary corpus ParlaMint-LV-en, 13th Term, 2020-11-27	2020-11-27	Unicameralism	13. sasaukums	-	Regulārā	2020-11-27	-	COVID	English	Guest	MP	notMinister	NA	Nacionālā apvienība "Visu Latvijai!"–"Tēvzemei un Brīvībai/LNNK"	Coalition	Right	IndriksoneIlze	Indriksone, Ilze	F	-	
ParlaMint-LV-en_2020-11-27-PT13-2152	ParlaMint-LV_2020-11-27-PT13-2152-U81	Latvian parliamentary corpus ParlaMint-LV-en, 13th Term, 2020-11-27	2020-11-27	Unicameralism	13. sasaukums	-	Regulārā	2020-11-27	-	COVID	English	Chairperson	MP	notMinister	NA	Nacionālā apvienība "Visu Latvijai!"–"Tēvzemei un Brīvībai/LNNK"	Coalition	Right	MūrnieceInāra	Mūrniece, Ināra	F	-	
ParlaMint-LV-en_2020-11-27-PT13-2152	ParlaMint-LV_2020-11-27-PT13-2152-U82	Latvian parliamentary corpus ParlaMint-LV-en, 13th Term, 2020-11-27	2020-11-27	Unicameralism	13. sasaukums	-	Regulārā	2020-11-27	-	COVID	English	Guest	MP	notMinister	NA	Nacionālā apvienība "Visu Latvijai!"–"Tēvzemei un Brīvībai/LNNK"	Coalition	Right	IndriksoneIlze	Indriksone, Ilze	F	-	
ParlaMint-LV-en_2020-11-27-PT13-2152	ParlaMint-LV_2020-11-27-PT13-2152-U83	Latvian parliamentary corpus ParlaMint-LV-en, 13th Term, 2020-11-27	2020-11-27	Unicameralism	13. sasaukums	-	Regulārā	2020-11-27	-	COVID	English	Chairperson	MP	notMinister	NA	Nacionālā apvienība "Visu Latvijai!"–"Tēvzemei un Brīvībai/LNNK"	Coalition	Right	MūrnieceInāra	Mūrniece, Ināra	F	-	
ParlaMint-LV-en_2020-11-27-PT13-2152	ParlaMint-LV_2020-11-27-PT13-2152-U84	Latvian parliamentary corpus ParlaMint-LV-en, 13th Term, 2020-11-27	2020-11-27	Unicameralism	13. sasaukums	-	Regulārā	2020-11-27	-	COVID	English	Guest	MP	notMinister	NA	Nacionālā apvienība "Visu Latvijai!"–"Tēvzemei un Brīvībai/LNNK"	Coalition	Right	IndriksoneIlze	Indriksone, Ilze	F	-	
ParlaMint-LV-en_2020-11-27-PT13-2152	ParlaMint-LV_2020-11-27-PT13-2152-U85	Latvian parliamentary corpus ParlaMint-LV-en, 13th Term, 2020-11-27	2020-11-27	Unicameralism	13. sasaukums	-	Regulārā	2020-11-27	-	COVID	English	Chairperson	MP	notMinister	NA	Nacionālā apvienība "Visu Latvijai!"–"Tēvzemei un Brīvībai/LNNK"	Coalition	Right	MūrnieceInāra	Mūrniece, Ināra	F	-	
ParlaMint-LV-en_2020-11-27-PT13-2152	ParlaMint-LV_2020-11-27-PT13-2152-U86	Latvian parliamentary corpus ParlaMint-LV-en, 13th Term, 2020-11-27	2020-11-27	Unicameralism	13. sasaukums	-	Regulārā	2020-11-27	-	COVID	English	Guest	MP	notMinister	NA	Nacionālā apvienība "Visu Latvijai!"–"Tēvzemei un Brīvībai/LNNK"	Coalition	Right	IndriksoneIlze	Indriksone, Ilze	F	-	
ParlaMint-LV-en_2020-11-27-PT13-2152	ParlaMint-LV_2020-11-27-PT13-2152-U87	Latvian parliamentary corpus ParlaMint-LV-en, 13th Term, 2020-11-27	2020-11-27	Unicameralism	13. sasaukums	-	Regulārā	2020-11-27	-	COVID	English	Chairperson	MP	notMinister	NA	Nacionālā apvienība "Visu Latvijai!"–"Tēvzemei un Brīvībai/LNNK"	Coalition	Right	MūrnieceInāra	Mūrniece, Ināra	F	-	
ParlaMint-LV-en_2020-11-27-PT13-2152	ParlaMint-LV_2020-11-27-PT13-2152-U88	Latvian parliamentary corpus ParlaMint-LV-en, 13th Term, 2020-11-27	2020-11-27	Unicameralism	13. sasaukums	-	Regulārā	2020-11-27	-	COVID	English	Guest	MP	notMinister	NA	Nacionālā apvienība "Visu Latvijai!"–"Tēvzemei un Brīvībai/LNNK"	Coalition	Right	IndriksoneIlze	Indriksone, Ilze	F	-	
ParlaMint-LV-en_2020-11-27-PT13-2152	ParlaMint-LV_2020-11-27-PT13-2152-U89	Latvian parliamentary corpus ParlaMint-LV-en, 13th Term, 2020-11-27	2020-11-27	Unicameralism	13. sasaukums	-	Regulārā	2020-11-27	-	COVID	English	Chairperson	MP	notMinister	NA	Nacionālā apvienība "Visu Latvijai!"–"Tēvzemei un Brīvībai/LNNK"	Coalition	Right	MūrnieceInāra	Mūrniece, Ināra	F	-	
ParlaMint-LV-en_2020-11-27-PT13-2152	ParlaMint-LV_2020-11-27-PT13-2152-U90	Latvian parliamentary corpus ParlaMint-LV-en, 13th Term, 2020-11-27	2020-11-27	Unicameralism	13. sasaukums	-	Regulārā	2020-11-27	-	COVID	English	Guest	MP	notMinister	NA	Nacionālā apvienība "Visu Latvijai!"–"Tēvzemei un Brīvībai/LNNK"	Coalition	Right	IndriksoneIlze	Indriksone, Ilze	F	-	
ParlaMint-LV-en_2020-11-27-PT13-2152	ParlaMint-LV_2020-11-27-PT13-2152-U91	Latvian parliamentary corpus ParlaMint-LV-en, 13th Term, 2020-11-27	2020-11-27	Unicameralism	13. sasaukums	-	Regulārā	2020-11-27	-	COVID	English	Chairperson	MP	notMinister	NA	Nacionālā apvienība "Visu Latvijai!"–"Tēvzemei un Brīvībai/LNNK"	Coalition	Right	MūrnieceInāra	Mūrniece, Ināra	F	-	
ParlaMint-LV-en_2020-11-27-PT13-2152	ParlaMint-LV_2020-11-27-PT13-2152-U92	Latvian parliamentary corpus ParlaMint-LV-en, 13th Term, 2020-11-27	2020-11-27	Unicameralism	13. sasaukums	-	Regulārā	2020-11-27	-	COVID	English	Guest	MP	notMinister	NA	Nacionālā apvienība "Visu Latvijai!"–"Tēvzemei un Brīvībai/LNNK"	Coalition	Right	IndriksoneIlze	Indriksone, Ilze	F	-	
ParlaMint-LV-en_2020-11-27-PT13-2152	ParlaMint-LV_2020-11-27-PT13-2152-U93	Latvian parliamentary corpus ParlaMint-LV-en, 13th Term, 2020-11-27	2020-11-27	Unicameralism	13. sasaukums	-	Regulārā	2020-11-27	-	COVID	English	Chairperson	MP	notMinister	NA	Nacionālā apvienība "Visu Latvijai!"–"Tēvzemei un Brīvībai/LNNK"	Coalition	Right	MūrnieceInāra	Mūrniece, Ināra	F	-	
ParlaMint-LV-en_2020-11-27-PT13-2152	ParlaMint-LV_2020-11-27-PT13-2152-U94	Latvian parliamentary corpus ParlaMint-LV-en, 13th Term, 2020-11-27	2020-11-27	Unicameralism	13. sasaukums	-	Regulārā	2020-11-27	-	COVID	English	Guest	MP	notMinister	NA	Nacionālā apvienība "Visu Latvijai!"–"Tēvzemei un Brīvībai/LNNK"	Coalition	Right	IndriksoneIlze	Indriksone, Ilze	F	-	
ParlaMint-LV-en_2020-11-27-PT13-2152	ParlaMint-LV_2020-11-27-PT13-2152-U95	Latvian parliamentary corpus ParlaMint-LV-en, 13th Term, 2020-11-27	2020-11-27	Unicameralism	13. sasaukums	-	Regulārā	2020-11-27	-	COVID	English	Chairperson	MP	notMinister	NA	Nacionālā apvienība "Visu Latvijai!"–"Tēvzemei un Brīvībai/LNNK"	Coalition	Right	MūrnieceInāra	Mūrniece, Ināra	F	-	
ParlaMint-LV-en_2020-11-27-PT13-2152	ParlaMint-LV_2020-11-27-PT13-2152-U96	Latvian parliamentary corpus ParlaMint-LV-en, 13th Term, 2020-11-27	2020-11-27	Unicameralism	13. sasaukums	-	Regulārā	2020-11-27	-	COVID	English	Guest	MP	notMinister	NA	Nacionālā apvienība "Visu Latvijai!"–"Tēvzemei un Brīvībai/LNNK"	Coalition	Right	IndriksoneIlze	Indriksone, Ilze	F	-	
ParlaMint-LV-en_2020-11-27-PT13-2152	ParlaMint-LV_2020-11-27-PT13-2152-U97	Latvian parliamentary corpus ParlaMint-LV-en, 13th Term, 2020-11-27	2020-11-27	Unicameralism	13. sasaukums	-	Regulārā	2020-11-27	-	COVID	English	Chairperson	MP	notMinister	NA	Nacionālā apvienība "Visu Latvijai!"–"Tēvzemei un Brīvībai/LNNK"	Coalition	Right	MūrnieceInāra	Mūrniece, Ināra	F	-	
ParlaMint-LV-en_2020-11-27-PT13-2152	ParlaMint-LV_2020-11-27-PT13-2152-U98	Latvian parliamentary corpus ParlaMint-LV-en, 13th Term, 2020-11-27	2020-11-27	Unicameralism	13. sasaukums	-	Regulārā	2020-11-27	-	COVID	English	Regular	MP	notMinister	ZZS	Zaļo un Zemnieku savienība	Opposition	Centre to centre-right	Reizniece-OzolaDana	Reizniece-Ozola, Dana	F	-	
ParlaMint-LV-en_2020-11-27-PT13-2152	ParlaMint-LV_2020-11-27-PT13-2152-U99	Latvian parliamentary corpus ParlaMint-LV-en, 13th Term, 2020-11-27	2020-11-27	Unicameralism	13. sasaukums	-	Regulārā	2020-11-27	-	COVID	English	Chairperson	MP	notMinister	NA	Nacionālā apvienība "Visu Latvijai!"–"Tēvzemei un Brīvībai/LNNK"	Coalition	Right	MūrnieceInāra	Mūrniece, Ināra	F	-	
ParlaMint-LV-en_2020-11-27-PT13-2152	ParlaMint-LV_2020-11-27-PT13-2152-U100	Latvian parliamentary corpus ParlaMint-LV-en, 13th Term, 2020-11-27	2020-11-27	Unicameralism	13. sasaukums	-	Regulārā	2020-11-27	-	COVID	English	Regular	MP	notMinister	ZZS	Zaļo un Zemnieku savienība	Opposition	Centre to centre-right	ValainisViktors	Valainis, Viktors	M	-	
ParlaMint-LV-en_2020-11-27-PT13-2152	ParlaMint-LV_2020-11-27-PT13-2152-U101	Latvian parliamentary corpus ParlaMint-LV-en, 13th Term, 2020-11-27	2020-11-27	Unicameralism	13. sasaukums	-	Regulārā	2020-11-27	-	COVID	English	Chairperson	MP	notMinister	NA	Nacionālā apvienība "Visu Latvijai!"–"Tēvzemei un Brīvībai/LNNK"	Coalition	Right	MūrnieceInāra	Mūrniece, Ināra	F	-	
ParlaMint-LV-en_2020-11-27-PT13-2152	ParlaMint-LV_2020-11-27-PT13-2152-U102	Latvian parliamentary corpus ParlaMint-LV-en, 13th Term, 2020-11-27	2020-11-27	Unicameralism	13. sasaukums	-	Regulārā	2020-11-27	-	COVID	English	Regular	MP	notMinister	KPV-LV	Kam pieder valsts?	Coalition	Centre-right to right	GobzemsAldis	Gobzems, Aldis	M	-	
ParlaMint-LV-en_2020-11-27-PT13-2152	ParlaMint-LV_2020-11-27-PT13-2152-U103	Latvian parliamentary corpus ParlaMint-LV-en, 13th Term, 2020-11-27	2020-11-27	Unicameralism	13. sasaukums	-	Regulārā	2020-11-27	-	COVID	English	Chairperson	MP	notMinister	NA	Nacionālā apvienība "Visu Latvijai!"–"Tēvzemei un Brīvībai/LNNK"	Coalition	Right	MūrnieceInāra	Mūrniece, Ināra	F	-	
ParlaMint-LV-en_2020-11-27-PT13-2152	ParlaMint-LV_2020-11-27-PT13-2152-U104	Latvian parliamentary corpus ParlaMint-LV-en, 13th Term, 2020-11-27	2020-11-27	Unicameralism	13. sasaukums	-	Regulārā	2020-11-27	-	COVID	English	Regular	MP	notMinister	ZZS	Zaļo un Zemnieku savienība	Opposition	Centre to centre-right	ValainisViktors	Valainis, Viktors	M	-	
ParlaMint-LV-en_2020-11-27-PT13-2152	ParlaMint-LV_2020-11-27-PT13-2152-U105	Latvian parliamentary corpus ParlaMint-LV-en, 13th Term, 2020-11-27	2020-11-27	Unicameralism	13. sasaukums	-	Regulārā	2020-11-27	-	COVID	English	Chairperson	MP	notMinister	NA	Nacionālā apvienība "Visu Latvijai!"–"Tēvzemei un Brīvībai/LNNK"	Coalition	Right	MūrnieceInāra	Mūrniece, Ināra	F	-	
ParlaMint-LV-en_2020-11-27-PT13-2152	ParlaMint-LV_2020-11-27-PT13-2152-U106	Latvian parliamentary corpus ParlaMint-LV-en, 13th Term, 2020-11-27	2020-11-27	Unicameralism	13. sasaukums	-	Regulārā	2020-11-27	-	COVID	English	Regular	MP	notMinister	KPV-LV	Kam pieder valsts?	Coalition	Centre-right to right	GobzemsAldis	Gobzems, Aldis	M	-	
ParlaMint-LV-en_2020-11-27-PT13-2152	ParlaMint-LV_2020-11-27-PT13-2152-U107	Latvian parliamentary corpus ParlaMint-LV-en, 13th Term, 2020-11-27	2020-11-27	Unicameralism	13. sasaukums	-	Regulārā	2020-11-27	-	COVID	English	Chairperson	MP	notMinister	NA	Nacionālā apvienība "Visu Latvijai!"–"Tēvzemei un Brīvībai/LNNK"	Coalition	Right	MūrnieceInāra	Mūrniece, Ināra	F	-	
ParlaMint-LV-en_2020-11-27-PT13-2152	ParlaMint-LV_2020-11-27-PT13-2152-U108	Latvian parliamentary corpus ParlaMint-LV-en, 13th Term, 2020-11-27	2020-11-27	Unicameralism	13. sasaukums	-	Regulārā	2020-11-27	-	COVID	English	Chairperson	MP	notMinister	NA	Nacionālā apvienība "Visu Latvijai!"–"Tēvzemei un Brīvībai/LNNK"	Coalition	Right	MūrnieceInāra	Mūrniece, Ināra	F	-	
ParlaMint-LV-en_2020-11-27-PT13-2152	ParlaMint-LV_2020-11-27-PT13-2152-U109	Latvian parliamentary corpus ParlaMint-LV-en, 13th Term, 2020-11-27	2020-11-27	Unicameralism	13. sasaukums	-	Regulārā	2020-11-27	-	COVID	English	Regular	notMP	notMinister	-	-	-	-	StepaņenkoJūlija	Stepaņenko, Jūlija	F	-	
ParlaMint-LV-en_2020-11-27-PT13-2152	ParlaMint-LV_2020-11-27-PT13-2152-U110	Latvian parliamentary corpus ParlaMint-LV-en, 13th Term, 2020-11-27	2020-11-27	Unicameralism	13. sasaukums	-	Regulārā	2020-11-27	-	COVID	English	Chairperson	MP	notMinister	NA	Nacionālā apvienība "Visu Latvijai!"–"Tēvzemei un Brīvībai/LNNK"	Coalition	Right	MūrnieceInāra	Mūrniece, Ināra	F	-	
ParlaMint-LV-en_2020-11-27-PT13-2152	ParlaMint-LV_2020-11-27-PT13-2152-U111	Latvian parliamentary corpus ParlaMint-LV-en, 13th Term, 2020-11-27	2020-11-27	Unicameralism	13. sasaukums	-	Regulārā	2020-11-27	-	COVID	English	Guest	MP	notMinister	NA	Nacionālā apvienība "Visu Latvijai!"–"Tēvzemei un Brīvībai/LNNK"	Coalition	Right	IndriksoneIlze	Indriksone, Ilze	F	-	
ParlaMint-LV-en_2020-11-27-PT13-2152	ParlaMint-LV_2020-11-27-PT13-2152-U112	Latvian parliamentary corpus ParlaMint-LV-en, 13th Term, 2020-11-27	2020-11-27	Unicameralism	13. sasaukums	-	Regulārā	2020-11-27	-	COVID	English	Chairperson	MP	notMinister	NA	Nacionālā apvienība "Visu Latvijai!"–"Tēvzemei un Brīvībai/LNNK"	Coalition	Right	MūrnieceInāra	Mūrniece, Ināra	F	-	
ParlaMint-LV-en_2020-11-27-PT13-2152	ParlaMint-LV_2020-11-27-PT13-2152-U113	Latvian parliamentary corpus ParlaMint-LV-en, 13th Term, 2020-11-27	2020-11-27	Unicameralism	13. sasaukums	-	Regulārā	2020-11-27	-	COVID	English	Guest	MP	notMinister	NA	Nacionālā apvienība "Visu Latvijai!"–"Tēvzemei un Brīvībai/LNNK"	Coalition	Right	IndriksoneIlze	Indriksone, Ilze	F	-	
ParlaMint-LV-en_2020-11-27-PT13-2152	ParlaMint-LV_2020-11-27-PT13-2152-U114	Latvian parliamentary corpus ParlaMint-LV-en, 13th Term, 2020-11-27	2020-11-27	Unicameralism	13. sasaukums	-	Regulārā	2020-11-27	-	COVID	English	Chairperson	MP	notMinister	NA	Nacionālā apvienība "Visu Latvijai!"–"Tēvzemei un Brīvībai/LNNK"	Coalition	Right	MūrnieceInāra	Mūrniece, Ināra	F	-	
ParlaMint-LV-en_2020-11-27-PT13-2152	ParlaMint-LV_2020-11-27-PT13-2152-U115	Latvian parliamentary corpus ParlaMint-LV-en, 13th Term, 2020-11-27	2020-11-27	Unicameralism	13. sasaukums	-	Regulārā	2020-11-27	-	COVID	English	Guest	MP	notMinister	NA	Nacionālā apvienība "Visu Latvijai!"–"Tēvzemei un Brīvībai/LNNK"	Coalition	Right	IndriksoneIlze	Indriksone, Ilze	F	-	
ParlaMint-LV-en_2020-11-27-PT13-2152	ParlaMint-LV_2020-11-27-PT13-2152-U116	Latvian parliamentary corpus ParlaMint-LV-en, 13th Term, 2020-11-27	2020-11-27	Unicameralism	13. sasaukums	-	Regulārā	2020-11-27	-	COVID	English	Chairperson	MP	notMinister	NA	Nacionālā apvienība "Visu Latvijai!"–"Tēvzemei un Brīvībai/LNNK"	Coalition	Right	MūrnieceInāra	Mūrniece, Ināra	F	-	
ParlaMint-LV-en_2020-11-27-PT13-2152	ParlaMint-LV_2020-11-27-PT13-2152-U117	Latvian parliamentary corpus ParlaMint-LV-en, 13th Term, 2020-11-27	2020-11-27	Unicameralism	13. sasaukums	-	Regulārā	2020-11-27	-	COVID	English	Regular	MP	notMinister	ZZS	Zaļo un Zemnieku savienība	Opposition	Centre to centre-right	Reizniece-OzolaDana	Reizniece-Ozola, Dana	F	-	
ParlaMint-LV-en_2020-11-27-PT13-2152	ParlaMint-LV_2020-11-27-PT13-2152-U118	Latvian parliamentary corpus ParlaMint-LV-en, 13th Term, 2020-11-27	2020-11-27	Unicameralism	13. sasaukums	-	Regulārā	2020-11-27	-	COVID	English	Chairperson	MP	notMinister	NA	Nacionālā apvienība "Visu Latvijai!"–"Tēvzemei un Brīvībai/LNNK"	Coalition	Right	MūrnieceInāra	Mūrniece, Ināra	F	-	
ParlaMint-LV-en_2020-11-27-PT13-2152	ParlaMint-LV_2020-11-27-PT13-2152-U119	Latvian parliamentary corpus ParlaMint-LV-en, 13th Term, 2020-11-27	2020-11-27	Unicameralism	13. sasaukums	-	Regulārā	2020-11-27	-	COVID	English	Regular	MP	notMinister	ZZS	Zaļo un Zemnieku savienība	Opposition	Centre to centre-right	ValainisViktors	Valainis, Viktors	M	-	
ParlaMint-LV-en_2020-11-27-PT13-2152	ParlaMint-LV_2020-11-27-PT13-2152-U120	Latvian parliamentary corpus ParlaMint-LV-en, 13th Term, 2020-11-27	2020-11-27	Unicameralism	13. sasaukums	-	Regulārā	2020-11-27	-	COVID	English	Chairperson	MP	notMinister	NA	Nacionālā apvienība "Visu Latvijai!"–"Tēvzemei un Brīvībai/LNNK"	Coalition	Right	MūrnieceInāra	Mūrniece, Ināra	F	-	
ParlaMint-LV-en_2020-11-27-PT13-2152	ParlaMint-LV_2020-11-27-PT13-2152-U121	Latvian parliamentary corpus ParlaMint-LV-en, 13th Term, 2020-11-27	2020-11-27	Unicameralism	13. sasaukums	-	Regulārā	2020-11-27	-	COVID	English	Guest	MP	notMinister	NA	Nacionālā apvienība "Visu Latvijai!"–"Tēvzemei un Brīvībai/LNNK"	Coalition	Right	IndriksoneIlze	Indriksone, Ilze	F	-	
ParlaMint-LV-en_2020-11-27-PT13-2152	ParlaMint-LV_2020-11-27-PT13-2152-U122	Latvian parliamentary corpus ParlaMint-LV-en, 13th Term, 2020-11-27	2020-11-27	Unicameralism	13. sasaukums	-	Regulārā	2020-11-27	-	COVID	English	Chairperson	MP	notMinister	NA	Nacionālā apvienība "Visu Latvijai!"–"Tēvzemei un Brīvībai/LNNK"	Coalition	Right	MūrnieceInāra	Mūrniece, Ināra	F	-	
ParlaMint-LV-en_2020-11-27-PT13-2152	ParlaMint-LV_2020-11-27-PT13-2152-U123	Latvian parliamentary corpus ParlaMint-LV-en, 13th Term, 2020-11-27	2020-11-27	Unicameralism	13. sasaukums	-	Regulārā	2020-11-27	-	COVID	English	Guest	MP	notMinister	NA	Nacionālā apvienība "Visu Latvijai!"–"Tēvzemei un Brīvībai/LNNK"	Coalition	Right	IndriksoneIlze	Indriksone, Ilze	F	-	
ParlaMint-LV-en_2020-11-27-PT13-2152	ParlaMint-LV_2020-11-27-PT13-2152-U124	Latvian parliamentary corpus ParlaMint-LV-en, 13th Term, 2020-11-27	2020-11-27	Unicameralism	13. sasaukums	-	Regulārā	2020-11-27	-	COVID	English	Chairperson	MP	notMinister	NA	Nacionālā apvienība "Visu Latvijai!"–"Tēvzemei un Brīvībai/LNNK"	Coalition	Right	MūrnieceInāra	Mūrniece, Ināra	F	-	
ParlaMint-LV-en_2020-11-27-PT13-2152	ParlaMint-LV_2020-11-27-PT13-2152-U125	Latvian parliamentary corpus ParlaMint-LV-en, 13th Term, 2020-11-27	2020-11-27	Unicameralism	13. sasaukums	-	Regulārā	2020-11-27	-	COVID	English	Regular	MP	notMinister	SASKAŅA	SASKAŅA	Opposition	Centre-left	PimenovsIgors	Pimenovs, Igors	M	-	
ParlaMint-LV-en_2020-11-27-PT13-2152	ParlaMint-LV_2020-11-27-PT13-2152-U126	Latvian parliamentary corpus ParlaMint-LV-en, 13th Term, 2020-11-27	2020-11-27	Unicameralism	13. sasaukums	-	Regulārā	2020-11-27	-	COVID	English	Chairperson	MP	notMinister	NA	Nacionālā apvienība "Visu Latvijai!"–"Tēvzemei un Brīvībai/LNNK"	Coalition	Right	MūrnieceInāra	Mūrniece, Ināra	F	-	
ParlaMint-LV-en_2020-11-27-PT13-2152	ParlaMint-LV_2020-11-27-PT13-2152-U127	Latvian parliamentary corpus ParlaMint-LV-en, 13th Term, 2020-11-27	2020-11-27	Unicameralism	13. sasaukums	-	Regulārā	2020-11-27	-	COVID	English	Regular	notMP	notMinister	-	-	-	-	StepaņenkoJūlija	Stepaņenko, Jūlija	F	-	
ParlaMint-LV-en_2020-11-27-PT13-2152	ParlaMint-LV_2020-11-27-PT13-2152-U128	Latvian parliamentary corpus ParlaMint-LV-en, 13th Term, 2020-11-27	2020-11-27	Unicameralism	13. sasaukums	-	Regulārā	2020-11-27	-	COVID	English	Chairperson	MP	notMinister	NA	Nacionālā apvienība "Visu Latvijai!"–"Tēvzemei un Brīvībai/LNNK"	Coalition	Right	MūrnieceInāra	Mūrniece, Ināra	F	-	
ParlaMint-LV-en_2020-11-27-PT13-2152	ParlaMint-LV_2020-11-27-PT13-2152-U129	Latvian parliamentary corpus ParlaMint-LV-en, 13th Term, 2020-11-27	2020-11-27	Unicameralism	13. sasaukums	-	Regulārā	2020-11-27	-	COVID	English	Regular	MP	notMinister	SASKAŅA	SASKAŅA	Opposition	Centre-left	LočmeleRegīna	Ločmele, Regīna	F	-	
ParlaMint-LV-en_2020-11-27-PT13-2152	ParlaMint-LV_2020-11-27-PT13-2152-U130	Latvian parliamentary corpus ParlaMint-LV-en, 13th Term, 2020-11-27	2020-11-27	Unicameralism	13. sasaukums	-	Regulārā	2020-11-27	-	COVID	English	Chairperson	MP	notMinister	NA	Nacionālā apvienība "Visu Latvijai!"–"Tēvzemei un Brīvībai/LNNK"	Coalition	Right	MūrnieceInāra	Mūrniece, Ināra	F	-	
ParlaMint-LV-en_2020-11-27-PT13-2152	ParlaMint-LV_2020-11-27-PT13-2152-U131	Latvian parliamentary corpus ParlaMint-LV-en, 13th Term, 2020-11-27	2020-11-27	Unicameralism	13. sasaukums	-	Regulārā	2020-11-27	-	COVID	English	Regular	MP	notMinister	SASKAŅA	SASKAŅA	Opposition	Centre-left	ŠvecovaĻubova	Švecova, Ļubova	F	-	
ParlaMint-LV-en_2020-11-27-PT13-2152	ParlaMint-LV_2020-11-27-PT13-2152-U132	Latvian parliamentary corpus ParlaMint-LV-en, 13th Term, 2020-11-27	2020-11-27	Unicameralism	13. sasaukums	-	Regulārā	2020-11-27	-	COVID	English	Chairperson	MP	notMinister	NA	Nacionālā apvienība "Visu Latvijai!"–"Tēvzemei un Brīvībai/LNNK"	Coalition	Right	MūrnieceInāra	Mūrniece, Ināra	F	-	
ParlaMint-LV-en_2020-11-27-PT13-2152	ParlaMint-LV_2020-11-27-PT13-2152-U133	Latvian parliamentary corpus ParlaMint-LV-en, 13th Term, 2020-11-27	2020-11-27	Unicameralism	13. sasaukums	-	Regulārā	2020-11-27	-	COVID	English	Regular	MP	notMinister	ZZS	Zaļo un Zemnieku savienība	Opposition	Centre to centre-right	Reizniece-OzolaDana	Reizniece-Ozola, Dana	F	-	
ParlaMint-LV-en_2020-11-27-PT13-2152	ParlaMint-LV_2020-11-27-PT13-2152-U134	Latvian parliamentary corpus ParlaMint-LV-en, 13th Term, 2020-11-27	2020-11-27	Unicameralism	13. sasaukums	-	Regulārā	2020-11-27	-	COVID	English	Chairperson	MP	notMinister	NA	Nacionālā apvienība "Visu Latvijai!"–"Tēvzemei un Brīvībai/LNNK"	Coalition	Right	MūrnieceInāra	Mūrniece, Ināra	F	-	
ParlaMint-LV-en_2020-11-27-PT13-2152	ParlaMint-LV_2020-11-27-PT13-2152-U135	Latvian parliamentary corpus ParlaMint-LV-en, 13th Term, 2020-11-27	2020-11-27	Unicameralism	13. sasaukums	-	Regulārā	2020-11-27	-	COVID	English	Regular	MP	notMinister	ZZS	Zaļo un Zemnieku savienība	Opposition	Centre to centre-right	ValainisViktors	Valainis, Viktors	M	-	
ParlaMint-LV-en_2020-11-27-PT13-2152	ParlaMint-LV_2020-11-27-PT13-2152-U136	Latvian parliamentary corpus ParlaMint-LV-en, 13th Term, 2020-11-27	2020-11-27	Unicameralism	13. sasaukums	-	Regulārā	2020-11-27	-	COVID	English	Chairperson	MP	notMinister	NA	Nacionālā apvienība "Visu Latvijai!"–"Tēvzemei un Brīvībai/LNNK"	Coalition	Right	MūrnieceInāra	Mūrniece, Ināra	F	-	
ParlaMint-LV-en_2020-11-27-PT13-2152	ParlaMint-LV_2020-11-27-PT13-2152-U137	Latvian parliamentary corpus ParlaMint-LV-en, 13th Term, 2020-11-27	2020-11-27	Unicameralism	13. sasaukums	-	Regulārā	2020-11-27	-	COVID	English	Regular	MP	notMinister	SASKAŅA	SASKAŅA	Opposition	Centre-left	ZariņšIvars	Zariņš, Ivars	M	-	
ParlaMint-LV-en_2020-11-27-PT13-2152	ParlaMint-LV_2020-11-27-PT13-2152-U138	Latvian parliamentary corpus ParlaMint-LV-en, 13th Term, 2020-11-27	2020-11-27	Unicameralism	13. sasaukums	-	Regulārā	2020-11-27	-	COVID	English	Chairperson	MP	notMinister	NA	Nacionālā apvienība "Visu Latvijai!"–"Tēvzemei un Brīvībai/LNNK"	Coalition	Right	MūrnieceInāra	Mūrniece, Ināra	F	-	
ParlaMint-LV-en_2020-11-27-PT13-2152	ParlaMint-LV_2020-11-27-PT13-2152-U139	Latvian parliamentary corpus ParlaMint-LV-en, 13th Term, 2020-11-27	2020-11-27	Unicameralism	13. sasaukums	-	Regulārā	2020-11-27	-	COVID	English	Regular	MP	notMinister	KPV-LV	Kam pieder valsts?	Coalition	Centre-right to right	GobzemsAldis	Gobzems, Aldis	M	-	
ParlaMint-LV-en_2020-11-27-PT13-2152	ParlaMint-LV_2020-11-27-PT13-2152-U140	Latvian parliamentary corpus ParlaMint-LV-en, 13th Term, 2020-11-27	2020-11-27	Unicameralism	13. sasaukums	-	Regulārā	2020-11-27	-	COVID	English	Chairperson	MP	notMinister	NA	Nacionālā apvienība "Visu Latvijai!"–"Tēvzemei un Brīvībai/LNNK"	Coalition	Right	MūrnieceInāra	Mūrniece, Ināra	F	-	
ParlaMint-LV-en_2020-11-27-PT13-2152	ParlaMint-LV_2020-11-27-PT13-2152-U141	Latvian parliamentary corpus ParlaMint-LV-en, 13th Term, 2020-11-27	2020-11-27	Unicameralism	13. sasaukums	-	Regulārā	2020-11-27	-	COVID	English	Regular	MP	notMinister	ZZS	Zaļo un Zemnieku savienība	Opposition	Centre to centre-right	Reizniece-OzolaDana	Reizniece-Ozola, Dana	F	-	
ParlaMint-LV-en_2020-11-27-PT13-2152	ParlaMint-LV_2020-11-27-PT13-2152-U142	Latvian parliamentary corpus ParlaMint-LV-en, 13th Term, 2020-11-27	2020-11-27	Unicameralism	13. sasaukums	-	Regulārā	2020-11-27	-	COVID	English	Chairperson	MP	notMinister	NA	Nacionālā apvienība "Visu Latvijai!"–"Tēvzemei un Brīvībai/LNNK"	Coalition	Right	MūrnieceInāra	Mūrniece, Ināra	F	-	
ParlaMint-LV-en_2020-11-27-PT13-2152	ParlaMint-LV_2020-11-27-PT13-2152-U143	Latvian parliamentary corpus ParlaMint-LV-en, 13th Term, 2020-11-27	2020-11-27	Unicameralism	13. sasaukums	-	Regulārā	2020-11-27	-	COVID	English	Regular	MP	notMinister	ZZS	Zaļo un Zemnieku savienība	Opposition	Centre to centre-right	ValainisViktors	Valainis, Viktors	M	-	
ParlaMint-LV-en_2020-11-27-PT13-2152	ParlaMint-LV_2020-11-27-PT13-2152-U144	Latvian parliamentary corpus ParlaMint-LV-en, 13th Term, 2020-11-27	2020-11-27	Unicameralism	13. sasaukums	-	Regulārā	2020-11-27	-	COVID	English	Chairperson	MP	notMinister	NA	Nacionālā apvienība "Visu Latvijai!"–"Tēvzemei un Brīvībai/LNNK"	Coalition	Right	MūrnieceInāra	Mūrniece, Ināra	F	-	
ParlaMint-LV-en_2020-11-27-PT13-2152	ParlaMint-LV_2020-11-27-PT13-2152-U145	Latvian parliamentary corpus ParlaMint-LV-en, 13th Term, 2020-11-27	2020-11-27	Unicameralism	13. sasaukums	-	Regulārā	2020-11-27	-	COVID	English	Regular	MP	notMinister	KPV-LV	Kam pieder valsts?	Coalition	Centre-right to right	GobzemsAldis	Gobzems, Aldis	M	-	
ParlaMint-LV-en_2020-11-27-PT13-2152	ParlaMint-LV_2020-11-27-PT13-2152-U146	Latvian parliamentary corpus ParlaMint-LV-en, 13th Term, 2020-11-27	2020-11-27	Unicameralism	13. sasaukums	-	Regulārā	2020-11-27	-	COVID	English	Chairperson	MP	notMinister	NA	Nacionālā apvienība "Visu Latvijai!"–"Tēvzemei un Brīvībai/LNNK"	Coalition	Right	MūrnieceInāra	Mūrniece, Ināra	F	-	
ParlaMint-LV-en_2020-11-27-PT13-2152	ParlaMint-LV_2020-11-27-PT13-2152-U147	Latvian parliamentary corpus ParlaMint-LV-en, 13th Term, 2020-11-27	2020-11-27	Unicameralism	13. sasaukums	-	Regulārā	2020-11-27	-	COVID	English	Regular	MP	notMinister	SASKAŅA	SASKAŅA	Opposition	Centre-left	LočmeleRegīna	Ločmele, Regīna	F	-	
ParlaMint-LV-en_2020-11-27-PT13-2152	ParlaMint-LV_2020-11-27-PT13-2152-U148	Latvian parliamentary corpus ParlaMint-LV-en, 13th Term, 2020-11-27	2020-11-27	Unicameralism	13. sasaukums	-	Regulārā	2020-11-27	-	COVID	English	Chairperson	MP	notMinister	NA	Nacionālā apvienība "Visu Latvijai!"–"Tēvzemei un Brīvībai/LNNK"	Coalition	Right	MūrnieceInāra	Mūrniece, Ināra	F	-	
ParlaMint-LV-en_2020-11-27-PT13-2152	ParlaMint-LV_2020-11-27-PT13-2152-U149	Latvian parliamentary corpus ParlaMint-LV-en, 13th Term, 2020-11-27	2020-11-27	Unicameralism	13. sasaukums	-	Regulārā	2020-11-27	-	COVID	English	Regular	MP	notMinister	SASKAŅA	SASKAŅA	Opposition	Centre-left	DolgopolovsSergejs	Dolgopolovs, Sergejs	M	-	
ParlaMint-LV-en_2020-11-27-PT13-2152	ParlaMint-LV_2020-11-27-PT13-2152-U150	Latvian parliamentary corpus ParlaMint-LV-en, 13th Term, 2020-11-27	2020-11-27	Unicameralism	13. sasaukums	-	Regulārā	2020-11-27	-	COVID	English	Chairperson	MP	notMinister	NA	Nacionālā apvienība "Visu Latvijai!"–"Tēvzemei un Brīvībai/LNNK"	Coalition	Right	MūrnieceInāra	Mūrniece, Ināra	F	-	
ParlaMint-LV-en_2020-11-27-PT13-2152	ParlaMint-LV_2020-11-27-PT13-2152-U151	Latvian parliamentary corpus ParlaMint-LV-en, 13th Term, 2020-11-27	2020-11-27	Unicameralism	13. sasaukums	-	Regulārā	2020-11-27	-	COVID	English	Regular	MP	notMinister	SASKAŅA	SASKAŅA	Opposition	Centre-left	ZariņšIvars	Zariņš, Ivars	M	-	
ParlaMint-LV-en_2020-11-27-PT13-2152	ParlaMint-LV_2020-11-27-PT13-2152-U152	Latvian parliamentary corpus ParlaMint-LV-en, 13th Term, 2020-11-27	2020-11-27	Unicameralism	13. sasaukums	-	Regulārā	2020-11-27	-	COVID	English	Chairperson	MP	notMinister	NA	Nacionālā apvienība "Visu Latvijai!"–"Tēvzemei un Brīvībai/LNNK"	Coalition	Right	MūrnieceInāra	Mūrniece, Ināra	F	-	
ParlaMint-LV-en_2020-11-27-PT13-2152	ParlaMint-LV_2020-11-27-PT13-2152-U153	Latvian parliamentary corpus ParlaMint-LV-en, 13th Term, 2020-11-27	2020-11-27	Unicameralism	13. sasaukums	-	Regulārā	2020-11-27	-	COVID	English	Regular	notMP	notMinister	-	-	-	-	StepaņenkoJūlija	Stepaņenko, Jūlija	F	-	
ParlaMint-LV-en_2020-11-27-PT13-2152	ParlaMint-LV_2020-11-27-PT13-2152-U154	Latvian parliamentary corpus ParlaMint-LV-en, 13th Term, 2020-11-27	2020-11-27	Unicameralism	13. sasaukums	-	Regulārā	2020-11-27	-	COVID	English	Chairperson	MP	notMinister	NA	Nacionālā apvienība "Visu Latvijai!"–"Tēvzemei un Brīvībai/LNNK"	Coalition	Right	MūrnieceInāra	Mūrniece, Ināra	F	-	
ParlaMint-LV-en_2020-11-27-PT13-2152	ParlaMint-LV_2020-11-27-PT13-2152-U155	Latvian parliamentary corpus ParlaMint-LV-en, 13th Term, 2020-11-27	2020-11-27	Unicameralism	13. sasaukums	-	Regulārā	2020-11-27	-	COVID	English	Guest	MP	notMinister	NA	Nacionālā apvienība "Visu Latvijai!"–"Tēvzemei un Brīvībai/LNNK"	Coalition	Right	IndriksoneIlze	Indriksone, Ilze	F	-	
ParlaMint-LV-en_2020-11-27-PT13-2152	ParlaMint-LV_2020-11-27-PT13-2152-U156	Latvian parliamentary corpus ParlaMint-LV-en, 13th Term, 2020-11-27	2020-11-27	Unicameralism	13. sasaukums	-	Regulārā	2020-11-27	-	COVID	English	Chairperson	MP	notMinister	NA	Nacionālā apvienība "Visu Latvijai!"–"Tēvzemei un Brīvībai/LNNK"	Coalition	Right	MūrnieceInāra	Mūrniece, Ināra	F	-	
ParlaMint-LV-en_2020-11-27-PT13-2152	ParlaMint-LV_2020-11-27-PT13-2152-U157	Latvian parliamentary corpus ParlaMint-LV-en, 13th Term, 2020-11-27	2020-11-27	Unicameralism	13. sasaukums	-	Regulārā	2020-11-27	-	COVID	English	Regular	notMP	notMinister	-	-	-	-	StepaņenkoJūlija	Stepaņenko, Jūlija	F	-	
ParlaMint-LV-en_2020-11-27-PT13-2152	ParlaMint-LV_2020-11-27-PT13-2152-U158	Latvian parliamentary corpus ParlaMint-LV-en, 13th Term, 2020-11-27	2020-11-27	Unicameralism	13. sasaukums	-	Regulārā	2020-11-27	-	COVID	English	Chairperson	MP	notMinister	NA	Nacionālā apvienība "Visu Latvijai!"–"Tēvzemei un Brīvībai/LNNK"	Coalition	Right	MūrnieceInāra	Mūrniece, Ināra	F	-	
ParlaMint-LV-en_2020-11-27-PT13-2152	ParlaMint-LV_2020-11-27-PT13-2152-U159	Latvian parliamentary corpus ParlaMint-LV-en, 13th Term, 2020-11-27	2020-11-27	Unicameralism	13. sasaukums	-	Regulārā	2020-11-27	-	COVID	English	Guest	MP	notMinister	NA	Nacionālā apvienība "Visu Latvijai!"–"Tēvzemei un Brīvībai/LNNK"	Coalition	Right	IndriksoneIlze	Indriksone, Ilze	F	-	
ParlaMint-LV-en_2020-11-27-PT13-2152	ParlaMint-LV_2020-11-27-PT13-2152-U160	Latvian parliamentary corpus ParlaMint-LV-en, 13th Term, 2020-11-27	2020-11-27	Unicameralism	13. sasaukums	-	Regulārā	2020-11-27	-	COVID	English	Chairperson	MP	notMinister	NA	Nacionālā apvienība "Visu Latvijai!"–"Tēvzemei un Brīvībai/LNNK"	Coalition	Right	MūrnieceInāra	Mūrniece, Ināra	F	-	
ParlaMint-LV-en_2020-11-27-PT13-2152	ParlaMint-LV_2020-11-27-PT13-2152-U161	Latvian parliamentary corpus ParlaMint-LV-en, 13th Term, 2020-11-27	2020-11-27	Unicameralism	13. sasaukums	-	Regulārā	2020-11-27	-	COVID	English	Regular	MP	notMinister	KPV-LV	Kam pieder valsts?	Coalition	Centre-right to right	GobzemsAldis	Gobzems, Aldis	M	-	
ParlaMint-LV-en_2020-11-27-PT13-2152	ParlaMint-LV_2020-11-27-PT13-2152-U162	Latvian parliamentary corpus ParlaMint-LV-en, 13th Term, 2020-11-27	2020-11-27	Unicameralism	13. sasaukums	-	Regulārā	2020-11-27	-	COVID	English	Chairperson	MP	notMinister	NA	Nacionālā apvienība "Visu Latvijai!"–"Tēvzemei un Brīvībai/LNNK"	Coalition	Right	MūrnieceInāra	Mūrniece, Ināra	F	-	
ParlaMint-LV-en_2020-11-27-PT13-2152	ParlaMint-LV_2020-11-27-PT13-2152-U163	Latvian parliamentary corpus ParlaMint-LV-en, 13th Term, 2020-11-27	2020-11-27	Unicameralism	13. sasaukums	-	Regulārā	2020-11-27	-	COVID	English	Regular	MP	notMinister	SASKAŅA	SASKAŅA	Opposition	Centre-left	PimenovsIgors	Pimenovs, Igors	M	-	
ParlaMint-LV-en_2020-11-27-PT13-2152	ParlaMint-LV_2020-11-27-PT13-2152-U164	Latvian parliamentary corpus ParlaMint-LV-en, 13th Term, 2020-11-27	2020-11-27	Unicameralism	13. sasaukums	-	Regulārā	2020-11-27	-	COVID	English	Chairperson	MP	notMinister	NA	Nacionālā apvienība "Visu Latvijai!"–"Tēvzemei un Brīvībai/LNNK"	Coalition	Right	MūrnieceInāra	Mūrniece, Ināra	F	-	
ParlaMint-LV-en_2020-11-27-PT13-2152	ParlaMint-LV_2020-11-27-PT13-2152-U165	Latvian parliamentary corpus ParlaMint-LV-en, 13th Term, 2020-11-27	2020-11-27	Unicameralism	13. sasaukums	-	Regulārā	2020-11-27	-	COVID	English	Regular	MP	notMinister	AP	Attīstībai/Par!	Coalition	Centre	ŠteinsMārtiņš	Šteins, Mārtiņš	M	-	
ParlaMint-LV-en_2020-11-27-PT13-2152	ParlaMint-LV_2020-11-27-PT13-2152-U166	Latvian parliamentary corpus ParlaMint-LV-en, 13th Term, 2020-11-27	2020-11-27	Unicameralism	13. sasaukums	-	Regulārā	2020-11-27	-	COVID	English	Chairperson	MP	notMinister	NA	Nacionālā apvienība "Visu Latvijai!"–"Tēvzemei un Brīvībai/LNNK"	Coalition	Right	MūrnieceInāra	Mūrniece, Ināra	F	-	
ParlaMint-LV-en_2020-11-27-PT13-2152	ParlaMint-LV_2020-11-27-PT13-2152-U167	Latvian parliamentary corpus ParlaMint-LV-en, 13th Term, 2020-11-27	2020-11-27	Unicameralism	13. sasaukums	-	Regulārā	2020-11-27	-	COVID	English	Regular	MP	notMinister	ZZS	Zaļo un Zemnieku savienība	Opposition	Centre to centre-right	Reizniece-OzolaDana	Reizniece-Ozola, Dana	F	-	
ParlaMint-LV-en_2020-11-27-PT13-2152	ParlaMint-LV_2020-11-27-PT13-2152-U168	Latvian parliamentary corpus ParlaMint-LV-en, 13th Term, 2020-11-27	2020-11-27	Unicameralism	13. sasaukums	-	Regulārā	2020-11-27	-	COVID	English	Chairperson	MP	notMinister	NA	Nacionālā apvienība "Visu Latvijai!"–"Tēvzemei un Brīvībai/LNNK"	Coalition	Right	MūrnieceInāra	Mūrniece, Ināra	F	-	
ParlaMint-LV-en_2020-11-27-PT13-2152	ParlaMint-LV_2020-11-27-PT13-2152-U169	Latvian parliamentary corpus ParlaMint-LV-en, 13th Term, 2020-11-27	2020-11-27	Unicameralism	13. sasaukums	-	Regulārā	2020-11-27	-	COVID	English	Regular	MP	notMinister	ZZS	Zaļo un Zemnieku savienība	Opposition	Centre to centre-right	ValainisViktors	Valainis, Viktors	M	-	
ParlaMint-LV-en_2020-11-27-PT13-2152	ParlaMint-LV_2020-11-27-PT13-2152-U170	Latvian parliamentary corpus ParlaMint-LV-en, 13th Term, 2020-11-27	2020-11-27	Unicameralism	13. sasaukums	-	Regulārā	2020-11-27	-	COVID	English	Chairperson	MP	notMinister	NA	Nacionālā apvienība "Visu Latvijai!"–"Tēvzemei un Brīvībai/LNNK"	Coalition	Right	MūrnieceInāra	Mūrniece, Ināra	F	-	
ParlaMint-LV-en_2020-11-27-PT13-2152	ParlaMint-LV_2020-11-27-PT13-2152-U171	Latvian parliamentary corpus ParlaMint-LV-en, 13th Term, 2020-11-27	2020-11-27	Unicameralism	13. sasaukums	-	Regulārā	2020-11-27	-	COVID	English	Regular	notMP	notMinister	-	-	-	-	DombrovskisVjačeslavs	Dombrovskis, Vjačeslavs	M	-	
ParlaMint-LV-en_2020-11-27-PT13-2152	ParlaMint-LV_2020-11-27-PT13-2152-U172	Latvian parliamentary corpus ParlaMint-LV-en, 13th Term, 2020-11-27	2020-11-27	Unicameralism	13. sasaukums	-	Regulārā	2020-11-27	-	COVID	English	Chairperson	MP	notMinister	NA	Nacionālā apvienība "Visu Latvijai!"–"Tēvzemei un Brīvībai/LNNK"	Coalition	Right	MūrnieceInāra	Mūrniece, Ināra	F	-	
ParlaMint-LV-en_2020-11-27-PT13-2152	ParlaMint-LV_2020-11-27-PT13-2152-U173	Latvian parliamentary corpus ParlaMint-LV-en, 13th Term, 2020-11-27	2020-11-27	Unicameralism	13. sasaukums	-	Regulārā	2020-11-27	-	COVID	English	Regular	MP	notMinister	KPV-LV	Kam pieder valsts?	Coalition	Centre-right to right	GobzemsAldis	Gobzems, Aldis	M	-	
ParlaMint-LV-en_2020-11-27-PT13-2152	ParlaMint-LV_2020-11-27-PT13-2152-U174	Latvian parliamentary corpus ParlaMint-LV-en, 13th Term, 2020-11-27	2020-11-27	Unicameralism	13. sasaukums	-	Regulārā	2020-11-27	-	COVID	English	Chairperson	MP	notMinister	NA	Nacionālā apvienība "Visu Latvijai!"–"Tēvzemei un Brīvībai/LNNK"	Coalition	Right	MūrnieceInāra	Mūrniece, Ināra	F	-	
ParlaMint-LV-en_2020-11-27-PT13-2152	ParlaMint-LV_2020-11-27-PT13-2152-U175	Latvian parliamentary corpus ParlaMint-LV-en, 13th Term, 2020-11-27	2020-11-27	Unicameralism	13. sasaukums	-	Regulārā	2020-11-27	-	COVID	English	Regular	MP	notMinister	SASKAŅA	SASKAŅA	Opposition	Centre-left	LočmeleRegīna	Ločmele, Regīna	F	-	
ParlaMint-LV-en_2020-11-27-PT13-2152	ParlaMint-LV_2020-11-27-PT13-2152-U176	Latvian parliamentary corpus ParlaMint-LV-en, 13th Term, 2020-11-27	2020-11-27	Unicameralism	13. sasaukums	-	Regulārā	2020-11-27	-	COVID	English	Chairperson	MP	notMinister	NA	Nacionālā apvienība "Visu Latvijai!"–"Tēvzemei un Brīvībai/LNNK"	Coalition	Right	MūrnieceInāra	Mūrniece, Ināra	F	-	
ParlaMint-LV-en_2020-11-27-PT13-2152	ParlaMint-LV_2020-11-27-PT13-2152-U177	Latvian parliamentary corpus ParlaMint-LV-en, 13th Term, 2020-11-27	2020-11-27	Unicameralism	13. sasaukums	-	Regulārā	2020-11-27	-	COVID	English	Regular	notMP	notMinister	-	-	-	-	StepaņenkoJūlija	Stepaņenko, Jūlija	F	-	
ParlaMint-LV-en_2020-11-27-PT13-2152	ParlaMint-LV_2020-11-27-PT13-2152-U178	Latvian parliamentary corpus ParlaMint-LV-en, 13th Term, 2020-11-27	2020-11-27	Unicameralism	13. sasaukums	-	Regulārā	2020-11-27	-	COVID	English	Chairperson	MP	notMinister	NA	Nacionālā apvienība "Visu Latvijai!"–"Tēvzemei un Brīvībai/LNNK"	Coalition	Right	MūrnieceInāra	Mūrniece, Ināra	F	-	
ParlaMint-LV-en_2020-11-27-PT13-2152	ParlaMint-LV_2020-11-27-PT13-2152-U179	Latvian parliamentary corpus ParlaMint-LV-en, 13th Term, 2020-11-27	2020-11-27	Unicameralism	13. sasaukums	-	Regulārā	2020-11-27	-	COVID	English	Regular	MP	notMinister	KPV-LV	Kam pieder valsts?	Coalition	Centre-right to right	GobzemsAldis	Gobzems, Aldis	M	-	
ParlaMint-LV-en_2020-11-27-PT13-2152	ParlaMint-LV_2020-11-27-PT13-2152-U180	Latvian parliamentary corpus ParlaMint-LV-en, 13th Term, 2020-11-27	2020-11-27	Unicameralism	13. sasaukums	-	Regulārā	2020-11-27	-	COVID	English	Chairperson	MP	notMinister	NA	Nacionālā apvienība "Visu Latvijai!"–"Tēvzemei un Brīvībai/LNNK"	Coalition	Right	MūrnieceInāra	Mūrniece, Ināra	F	-	
ParlaMint-LV-en_2020-11-27-PT13-2152	ParlaMint-LV_2020-11-27-PT13-2152-U181	Latvian parliamentary corpus ParlaMint-LV-en, 13th Term, 2020-11-27	2020-11-27	Unicameralism	13. sasaukums	-	Regulārā	2020-11-27	-	COVID	English	Regular	MP	notMinister	SASKAŅA	SASKAŅA	Opposition	Centre-left	DolgopolovsSergejs	Dolgopolovs, Sergejs	M	-	
ParlaMint-LV-en_2020-11-27-PT13-2152	ParlaMint-LV_2020-11-27-PT13-2152-U182	Latvian parliamentary corpus ParlaMint-LV-en, 13th Term, 2020-11-27	2020-11-27	Unicameralism	13. sasaukums	-	Regulārā	2020-11-27	-	COVID	English	Chairperson	MP	notMinister	NA	Nacionālā apvienība "Visu Latvijai!"–"Tēvzemei un Brīvībai/LNNK"	Coalition	Right	MūrnieceInāra	Mūrniece, Ināra	F	-	
ParlaMint-LV-en_2020-11-27-PT13-2152	ParlaMint-LV_2020-11-27-PT13-2152-U183	Latvian parliamentary corpus ParlaMint-LV-en, 13th Term, 2020-11-27	2020-11-27	Unicameralism	13. sasaukums	-	Regulārā	2020-11-27	-	COVID	English	Regular	notMP	notMinister	-	-	-	-	PapuleEvija	Papule, Evija	F	-	
ParlaMint-LV-en_2020-11-27-PT13-2152	ParlaMint-LV_2020-11-27-PT13-2152-U184	Latvian parliamentary corpus ParlaMint-LV-en, 13th Term, 2020-11-27	2020-11-27	Unicameralism	13. sasaukums	-	Regulārā	2020-11-27	-	COVID	English	Chairperson	MP	notMinister	NA	Nacionālā apvienība "Visu Latvijai!"–"Tēvzemei un Brīvībai/LNNK"	Coalition	Right	MūrnieceInāra	Mūrniece, Ināra	F	-	
ParlaMint-LV-en_2020-11-27-PT13-2152	ParlaMint-LV_2020-11-27-PT13-2152-U185	Latvian parliamentary corpus ParlaMint-LV-en, 13th Term, 2020-11-27	2020-11-27	Unicameralism	13. sasaukums	-	Regulārā	2020-11-27	-	COVID	English	Regular	notMP	notMinister	-	-	-	-	DombrovskisVjačeslavs	Dombrovskis, Vjačeslavs	M	-	
ParlaMint-LV-en_2020-11-27-PT13-2152	ParlaMint-LV_2020-11-27-PT13-2152-U186	Latvian parliamentary corpus ParlaMint-LV-en, 13th Term, 2020-11-27	2020-11-27	Unicameralism	13. sasaukums	-	Regulārā	2020-11-27	-	COVID	English	Chairperson	MP	notMinister	NA	Nacionālā apvienība "Visu Latvijai!"–"Tēvzemei un Brīvībai/LNNK"	Coalition	Right	MūrnieceInāra	Mūrniece, Ināra	F	-	
ParlaMint-LV-en_2020-11-27-PT13-2152	ParlaMint-LV_2020-11-27-PT13-2152-U187	Latvian parliamentary corpus ParlaMint-LV-en, 13th Term, 2020-11-27	2020-11-27	Unicameralism	13. sasaukums	-	Regulārā	2020-11-27	-	COVID	English	Regular	MP	notMinister	ZZS	Zaļo un Zemnieku savienība	Opposition	Centre to centre-right	ValainisViktors	Valainis, Viktors	M	-	
ParlaMint-LV-en_2020-11-27-PT13-2152	ParlaMint-LV_2020-11-27-PT13-2152-U188	Latvian parliamentary corpus ParlaMint-LV-en, 13th Term, 2020-11-27	2020-11-27	Unicameralism	13. sasaukums	-	Regulārā	2020-11-27	-	COVID	English	Chairperson	MP	notMinister	NA	Nacionālā apvienība "Visu Latvijai!"–"Tēvzemei un Brīvībai/LNNK"	Coalition	Right	MūrnieceInāra	Mūrniece, Ināra	F	-	
ParlaMint-LV-en_2020-11-27-PT13-2152	ParlaMint-LV_2020-11-27-PT13-2152-U189	Latvian parliamentary corpus ParlaMint-LV-en, 13th Term, 2020-11-27	2020-11-27	Unicameralism	13. sasaukums	-	Regulārā	2020-11-27	-	COVID	English	Regular	notMP	notMinister	-	-	-	-	StepaņenkoJūlija	Stepaņenko, Jūlija	F	-	
ParlaMint-LV-en_2020-11-27-PT13-2152	ParlaMint-LV_2020-11-27-PT13-2152-U190	Latvian parliamentary corpus ParlaMint-LV-en, 13th Term, 2020-11-27	2020-11-27	Unicameralism	13. sasaukums	-	Regulārā	2020-11-27	-	COVID	English	Chairperson	MP	notMinister	NA	Nacionālā apvienība "Visu Latvijai!"–"Tēvzemei un Brīvībai/LNNK"	Coalition	Right	MūrnieceInāra	Mūrniece, Ināra	F	-	
ParlaMint-LV-en_2020-11-27-PT13-2152	ParlaMint-LV_2020-11-27-PT13-2152-U191	Latvian parliamentary corpus ParlaMint-LV-en, 13th Term, 2020-11-27	2020-11-27	Unicameralism	13. sasaukums	-	Regulārā	2020-11-27	-	COVID	English	Regular	MP	notMinister	JK	Jaunā konservatīvā	Coalition	Centre-right	BudriķisUldis	Budriķis, Uldis	M	-	
ParlaMint-LV-en_2020-11-27-PT13-2152	ParlaMint-LV_2020-11-27-PT13-2152-U192	Latvian parliamentary corpus ParlaMint-LV-en, 13th Term, 2020-11-27	2020-11-27	Unicameralism	13. sasaukums	-	Regulārā	2020-11-27	-	COVID	English	Chairperson	MP	notMinister	NA	Nacionālā apvienība "Visu Latvijai!"–"Tēvzemei un Brīvībai/LNNK"	Coalition	Right	MūrnieceInāra	Mūrniece, Ināra	F	-	
ParlaMint-LV-en_2020-11-27-PT13-2152	ParlaMint-LV_2020-11-27-PT13-2152-U193	Latvian parliamentary corpus ParlaMint-LV-en, 13th Term, 2020-11-27	2020-11-27	Unicameralism	13. sasaukums	-	Regulārā	2020-11-27	-	COVID	English	Regular	MP	notMinister	ZZS	Zaļo un Zemnieku savienība	Opposition	Centre to centre-right	Reizniece-OzolaDana	Reizniece-Ozola, Dana	F	-	
ParlaMint-LV-en_2020-11-27-PT13-2152	ParlaMint-LV_2020-11-27-PT13-2152-U194	Latvian parliamentary corpus ParlaMint-LV-en, 13th Term, 2020-11-27	2020-11-27	Unicameralism	13. sasaukums	-	Regulārā	2020-11-27	-	COVID	English	Chairperson	MP	notMinister	NA	Nacionālā apvienība "Visu Latvijai!"–"Tēvzemei un Brīvībai/LNNK"	Coalition	Right	MūrnieceInāra	Mūrniece, Ināra	F	-	
ParlaMint-LV-en_2020-11-27-PT13-2152	ParlaMint-LV_2020-11-27-PT13-2152-U195	Latvian parliamentary corpus ParlaMint-LV-en, 13th Term, 2020-11-27	2020-11-27	Unicameralism	13. sasaukums	-	Regulārā	2020-11-27	-	COVID	English	Regular	MP	notMinister	SASKAŅA	SASKAŅA	Opposition	Centre-left	KabanovsNikolajs	Kabanovs, Nikolajs	M	-	
ParlaMint-LV-en_2020-11-27-PT13-2152	ParlaMint-LV_2020-11-27-PT13-2152-U196	Latvian parliamentary corpus ParlaMint-LV-en, 13th Term, 2020-11-27	2020-11-27	Unicameralism	13. sasaukums	-	Regulārā	2020-11-27	-	COVID	English	Chairperson	MP	notMinister	NA	Nacionālā apvienība "Visu Latvijai!"–"Tēvzemei un Brīvībai/LNNK"	Coalition	Right	MūrnieceInāra	Mūrniece, Ināra	F	-	
ParlaMint-LV-en_2020-11-27-PT13-2152	ParlaMint-LV_2020-11-27-PT13-2152-U197	Latvian parliamentary corpus ParlaMint-LV-en, 13th Term, 2020-11-27	2020-11-27	Unicameralism	13. sasaukums	-	Regulārā	2020-11-27	-	COVID	English	Regular	MP	notMinister	SASKAŅA	SASKAŅA	Opposition	Centre-left	CilevičsBoriss	Cilevičs, Boriss	M	-	
ParlaMint-LV-en_2020-11-27-PT13-2152	ParlaMint-LV_2020-11-27-PT13-2152-U198	Latvian parliamentary corpus ParlaMint-LV-en, 13th Term, 2020-11-27	2020-11-27	Unicameralism	13. sasaukums	-	Regulārā	2020-11-27	-	COVID	English	Chairperson	MP	notMinister	NA	Nacionālā apvienība "Visu Latvijai!"–"Tēvzemei un Brīvībai/LNNK"	Coalition	Right	MūrnieceInāra	Mūrniece, Ināra	F	-	
ParlaMint-LV-en_2020-11-27-PT13-2152	ParlaMint-LV_2020-11-27-PT13-2152-U199	Latvian parliamentary corpus ParlaMint-LV-en, 13th Term, 2020-11-27	2020-11-27	Unicameralism	13. sasaukums	-	Regulārā	2020-11-27	-	COVID	English	Regular	MP	notMinister	AP	Attīstībai/Par!	Coalition	Centre	ŠteinsMārtiņš	Šteins, Mārtiņš	M	-	
ParlaMint-LV-en_2020-11-27-PT13-2152	ParlaMint-LV_2020-11-27-PT13-2152-U200	Latvian parliamentary corpus ParlaMint-LV-en, 13th Term, 2020-11-27	2020-11-27	Unicameralism	13. sasaukums	-	Regulārā	2020-11-27	-	COVID	English	Chairperson	MP	notMinister	NA	Nacionālā apvienība "Visu Latvijai!"–"Tēvzemei un Brīvībai/LNNK"	Coalition	Right	MūrnieceInāra	Mūrniece, Ināra	F	-	
ParlaMint-LV-en_2020-11-27-PT13-2152	ParlaMint-LV_2020-11-27-PT13-2152-U201	Latvian parliamentary corpus ParlaMint-LV-en, 13th Term, 2020-11-27	2020-11-27	Unicameralism	13. sasaukums	-	Regulārā	2020-11-27	-	COVID	English	Chairperson	MP	notMinister	NA	Nacionālā apvienība "Visu Latvijai!"–"Tēvzemei un Brīvībai/LNNK"	Coalition	Right	MūrnieceInāra	Mūrniece, Ināra	F	-	
ParlaMint-LV-en_2020-11-27-PT13-2152	ParlaMint-LV_2020-11-27-PT13-2152-U202	Latvian parliamentary corpus ParlaMint-LV-en, 13th Term, 2020-11-27	2020-11-27	Unicameralism	13. sasaukums	-	Regulārā	2020-11-27	-	COVID	English	Regular	MP	notMinister	AP	Attīstībai/Par!	Coalition	Centre	ŠteinsMārtiņš	Šteins, Mārtiņš	M	-	
ParlaMint-LV-en_2020-11-27-PT13-2152	ParlaMint-LV_2020-11-27-PT13-2152-U203	Latvian parliamentary corpus ParlaMint-LV-en, 13th Term, 2020-11-27	2020-11-27	Unicameralism	13. sasaukums	-	Regulārā	2020-11-27	-	COVID	English	Chairperson	MP	notMinister	NA	Nacionālā apvienība "Visu Latvijai!"–"Tēvzemei un Brīvībai/LNNK"	Coalition	Right	MūrnieceInāra	Mūrniece, Ināra	F	-	
ParlaMint-LV-en_2020-11-27-PT13-2152	ParlaMint-LV_2020-11-27-PT13-2152-U204	Latvian parliamentary corpus ParlaMint-LV-en, 13th Term, 2020-11-27	2020-11-27	Unicameralism	13. sasaukums	-	Regulārā	2020-11-27	-	COVID	English	Regular	MP	notMinister	AP	Attīstībai/Par!	Coalition	Centre	ŠteinsMārtiņš	Šteins, Mārtiņš	M	-	
ParlaMint-LV-en_2020-11-27-PT13-2152	ParlaMint-LV_2020-11-27-PT13-2152-U205	Latvian parliamentary corpus ParlaMint-LV-en, 13th Term, 2020-11-27	2020-11-27	Unicameralism	13. sasaukums	-	Regulārā	2020-11-27	-	COVID	English	Chairperson	MP	notMinister	NA	Nacionālā apvienība "Visu Latvijai!"–"Tēvzemei un Brīvībai/LNNK"	Coalition	Right	MūrnieceInāra	Mūrniece, Ināra	F	-	
ParlaMint-LV-en_2020-11-27-PT13-2152	ParlaMint-LV_2020-11-27-PT13-2152-U206	Latvian parliamentary corpus ParlaMint-LV-en, 13th Term, 2020-11-27	2020-11-27	Unicameralism	13. sasaukums	-	Regulārā	2020-11-27	-	COVID	English	Regular	MP	notMinister	AP	Attīstībai/Par!	Coalition	Centre	ŠteinsMārtiņš	Šteins, Mārtiņš	M	-	
ParlaMint-LV-en_2020-11-27-PT13-2152	ParlaMint-LV_2020-11-27-PT13-2152-U207	Latvian parliamentary corpus ParlaMint-LV-en, 13th Term, 2020-11-27	2020-11-27	Unicameralism	13. sasaukums	-	Regulārā	2020-11-27	-	COVID	English	Chairperson	MP	notMinister	NA	Nacionālā apvienība "Visu Latvijai!"–"Tēvzemei un Brīvībai/LNNK"	Coalition	Right	MūrnieceInāra	Mūrniece, Ināra	F	-	
ParlaMint-LV-en_2020-11-27-PT13-2152	ParlaMint-LV_2020-11-27-PT13-2152-U208	Latvian parliamentary corpus ParlaMint-LV-en, 13th Term, 2020-11-27	2020-11-27	Unicameralism	13. sasaukums	-	Regulārā	2020-11-27	-	COVID	English	Regular	MP	notMinister	ZZS	Zaļo un Zemnieku savienība	Opposition	Centre to centre-right	Reizniece-OzolaDana	Reizniece-Ozola, Dana	F	-	
ParlaMint-LV-en_2020-11-27-PT13-2152	ParlaMint-LV_2020-11-27-PT13-2152-U209	Latvian parliamentary corpus ParlaMint-LV-en, 13th Term, 2020-11-27	2020-11-27	Unicameralism	13. sasaukums	-	Regulārā	2020-11-27	-	COVID	English	Chairperson	MP	notMinister	NA	Nacionālā apvienība "Visu Latvijai!"–"Tēvzemei un Brīvībai/LNNK"	Coalition	Right	MūrnieceInāra	Mūrniece, Ināra	F	-	
ParlaMint-LV-en_2020-11-27-PT13-2152	ParlaMint-LV_2020-11-27-PT13-2152-U210	Latvian parliamentary corpus ParlaMint-LV-en, 13th Term, 2020-11-27	2020-11-27	Unicameralism	13. sasaukums	-	Regulārā	2020-11-27	-	COVID	English	Regular	MP	notMinister	AP	Attīstībai/Par!	Coalition	Centre	ŠteinsMārtiņš	Šteins, Mārtiņš	M	-	
ParlaMint-LV-en_2020-11-27-PT13-2152	ParlaMint-LV_2020-11-27-PT13-2152-U211	Latvian parliamentary corpus ParlaMint-LV-en, 13th Term, 2020-11-27	2020-11-27	Unicameralism	13. sasaukums	-	Regulārā	2020-11-27	-	COVID	English	Chairperson	MP	notMinister	NA	Nacionālā apvienība "Visu Latvijai!"–"Tēvzemei un Brīvībai/LNNK"	Coalition	Right	MūrnieceInāra	Mūrniece, Ināra	F	-	
ParlaMint-LV-en_2020-11-27-PT13-2152	ParlaMint-LV_2020-11-27-PT13-2152-U212	Latvian parliamentary corpus ParlaMint-LV-en, 13th Term, 2020-11-27	2020-11-27	Unicameralism	13. sasaukums	-	Regulārā	2020-11-27	-	COVID	English	Regular	MP	notMinister	AP	Attīstībai/Par!	Coalition	Centre	ŠteinsMārtiņš	Šteins, Mārtiņš	M	-	
ParlaMint-LV-en_2020-11-27-PT13-2152	ParlaMint-LV_2020-11-27-PT13-2152-U213	Latvian parliamentary corpus ParlaMint-LV-en, 13th Term, 2020-11-27	2020-11-27	Unicameralism	13. sasaukums	-	Regulārā	2020-11-27	-	COVID	English	Chairperson	MP	notMinister	NA	Nacionālā apvienība "Visu Latvijai!"–"Tēvzemei un Brīvībai/LNNK"	Coalition	Right	MūrnieceInāra	Mūrniece, Ināra	F	-	
ParlaMint-LV-en_2020-11-27-PT13-2152	ParlaMint-LV_2020-11-27-PT13-2152-U214	Latvian parliamentary corpus ParlaMint-LV-en, 13th Term, 2020-11-27	2020-11-27	Unicameralism	13. sasaukums	-	Regulārā	2020-11-27	-	COVID	English	Regular	MP	notMinister	ZZS	Zaļo un Zemnieku savienība	Opposition	Centre to centre-right	Reizniece-OzolaDana	Reizniece-Ozola, Dana	F	-	
ParlaMint-LV-en_2020-11-27-PT13-2152	ParlaMint-LV_2020-11-27-PT13-2152-U215	Latvian parliamentary corpus ParlaMint-LV-en, 13th Term, 2020-11-27	2020-11-27	Unicameralism	13. sasaukums	-	Regulārā	2020-11-27	-	COVID	English	Chairperson	MP	notMinister	NA	Nacionālā apvienība "Visu Latvijai!"–"Tēvzemei un Brīvībai/LNNK"	Coalition	Right	MūrnieceInāra	Mūrniece, Ināra	F	-	
ParlaMint-LV-en_2020-11-27-PT13-2152	ParlaMint-LV_2020-11-27-PT13-2152-U216	Latvian parliamentary corpus ParlaMint-LV-en, 13th Term, 2020-11-27	2020-11-27	Unicameralism	13. sasaukums	-	Regulārā	2020-11-27	-	COVID	English	Regular	notMP	notMinister	-	-	-	-	DombrovskisVjačeslavs	Dombrovskis, Vjačeslavs	M	-	
ParlaMint-LV-en_2020-11-27-PT13-2152	ParlaMint-LV_2020-11-27-PT13-2152-U217	Latvian parliamentary corpus ParlaMint-LV-en, 13th Term, 2020-11-27	2020-11-27	Unicameralism	13. sasaukums	-	Regulārā	2020-11-27	-	COVID	English	Chairperson	MP	notMinister	NA	Nacionālā apvienība "Visu Latvijai!"–"Tēvzemei un Brīvībai/LNNK"	Coalition	Right	MūrnieceInāra	Mūrniece, Ināra	F	-	
ParlaMint-LV-en_2020-11-27-PT13-2152	ParlaMint-LV_2020-11-27-PT13-2152-U218	Latvian parliamentary corpus ParlaMint-LV-en, 13th Term, 2020-11-27	2020-11-27	Unicameralism	13. sasaukums	-	Regulārā	2020-11-27	-	COVID	English	Regular	notMP	notMinister	-	-	-	-	StepaņenkoJūlija	Stepaņenko, Jūlija	F	-	
ParlaMint-LV-en_2020-11-27-PT13-2152	ParlaMint-LV_2020-11-27-PT13-2152-U219	Latvian parliamentary corpus ParlaMint-LV-en, 13th Term, 2020-11-27	2020-11-27	Unicameralism	13. sasaukums	-	Regulārā	2020-11-27	-	COVID	English	Chairperson	MP	notMinister	NA	Nacionālā apvienība "Visu Latvijai!"–"Tēvzemei un Brīvībai/LNNK"	Coalition	Right	MūrnieceInāra	Mūrniece, Ināra	F	-	
ParlaMint-LV-en_2020-11-27-PT13-2152	ParlaMint-LV_2020-11-27-PT13-2152-U220	Latvian parliamentary corpus ParlaMint-LV-en, 13th Term, 2020-11-27	2020-11-27	Unicameralism	13. sasaukums	-	Regulārā	2020-11-27	-	COVID	English	Regular	notMP	notMinister	-	-	-	-	PapuleEvija	Papule, Evija	F	-	
ParlaMint-LV-en_2020-11-27-PT13-2152	ParlaMint-LV_2020-11-27-PT13-2152-U221	Latvian parliamentary corpus ParlaMint-LV-en, 13th Term, 2020-11-27	2020-11-27	Unicameralism	13. sasaukums	-	Regulārā	2020-11-27	-	COVID	English	Chairperson	MP	notMinister	NA	Nacionālā apvienība "Visu Latvijai!"–"Tēvzemei un Brīvībai/LNNK"	Coalition	Right	MūrnieceInāra	Mūrniece, Ināra	F	-	
ParlaMint-LV-en_2020-11-27-PT13-2152	ParlaMint-LV_2020-11-27-PT13-2152-U222	Latvian parliamentary corpus ParlaMint-LV-en, 13th Term, 2020-11-27	2020-11-27	Unicameralism	13. sasaukums	-	Regulārā	2020-11-27	-	COVID	English	Regular	notMP	notMinister	-	-	-	-	DombrovskisVjačeslavs	Dombrovskis, Vjačeslavs	M	-	
ParlaMint-LV-en_2020-11-27-PT13-2152	ParlaMint-LV_2020-11-27-PT13-2152-U223	Latvian parliamentary corpus ParlaMint-LV-en, 13th Term, 2020-11-27	2020-11-27	Unicameralism	13. sasaukums	-	Regulārā	2020-11-27	-	COVID	English	Chairperson	MP	notMinister	NA	Nacionālā apvienība "Visu Latvijai!"–"Tēvzemei un Brīvībai/LNNK"	Coalition	Right	MūrnieceInāra	Mūrniece, Ināra	F	-	
ParlaMint-LV-en_2020-11-27-PT13-2152	ParlaMint-LV_2020-11-27-PT13-2152-U224	Latvian parliamentary corpus ParlaMint-LV-en, 13th Term, 2020-11-27	2020-11-27	Unicameralism	13. sasaukums	-	Regulārā	2020-11-27	-	COVID	English	Regular	MP	notMinister	ZZS	Zaļo un Zemnieku savienība	Opposition	Centre to centre-right	VucānsJānis	Vucāns, Jānis	M	-	
ParlaMint-LV-en_2020-11-27-PT13-2152	ParlaMint-LV_2020-11-27-PT13-2152-U225	Latvian parliamentary corpus ParlaMint-LV-en, 13th Term, 2020-11-27	2020-11-27	Unicameralism	13. sasaukums	-	Regulārā	2020-11-27	-	COVID	English	Chairperson	MP	notMinister	NA	Nacionālā apvienība "Visu Latvijai!"–"Tēvzemei un Brīvībai/LNNK"	Coalition	Right	MūrnieceInāra	Mūrniece, Ināra	F	-	
ParlaMint-LV-en_2020-11-27-PT13-2152	ParlaMint-LV_2020-11-27-PT13-2152-U226	Latvian parliamentary corpus ParlaMint-LV-en, 13th Term, 2020-11-27	2020-11-27	Unicameralism	13. sasaukums	-	Regulārā	2020-11-27	-	COVID	English	Regular	notMP	notMinister	-	-	-	-	PapuleEvija	Papule, Evija	F	-	
ParlaMint-LV-en_2020-11-27-PT13-2152	ParlaMint-LV_2020-11-27-PT13-2152-U227	Latvian parliamentary corpus ParlaMint-LV-en, 13th Term, 2020-11-27	2020-11-27	Unicameralism	13. sasaukums	-	Regulārā	2020-11-27	-	COVID	English	Chairperson	MP	notMinister	NA	Nacionālā apvienība "Visu Latvijai!"–"Tēvzemei un Brīvībai/LNNK"	Coalition	Right	MūrnieceInāra	Mūrniece, Ināra	F	-	
ParlaMint-LV-en_2020-11-27-PT13-2152	ParlaMint-LV_2020-11-27-PT13-2152-U228	Latvian parliamentary corpus ParlaMint-LV-en, 13th Term, 2020-11-27	2020-11-27	Unicameralism	13. sasaukums	-	Regulārā	2020-11-27	-	COVID	English	Regular	MP	notMinister	ZZS	Zaļo un Zemnieku savienība	Opposition	Centre to centre-right	Reizniece-OzolaDana	Reizniece-Ozola, Dana	F	-	
ParlaMint-LV-en_2020-11-27-PT13-2152	ParlaMint-LV_2020-11-27-PT13-2152-U229	Latvian parliamentary corpus ParlaMint-LV-en, 13th Term, 2020-11-27	2020-11-27	Unicameralism	13. sasaukums	-	Regulārā	2020-11-27	-	COVID	English	Chairperson	MP	notMinister	NA	Nacionālā apvienība "Visu Latvijai!"–"Tēvzemei un Brīvībai/LNNK"	Coalition	Right	MūrnieceInāra	Mūrniece, Ināra	F	-	
ParlaMint-LV-en_2020-11-27-PT13-2152	ParlaMint-LV_2020-11-27-PT13-2152-U230	Latvian parliamentary corpus ParlaMint-LV-en, 13th Term, 2020-11-27	2020-11-27	Unicameralism	13. sasaukums	-	Regulārā	2020-11-27	-	COVID	English	Regular	notMP	notMinister	-	-	-	-	StepaņenkoJūlija	Stepaņenko, Jūlija	F	-	
ParlaMint-LV-en_2020-11-27-PT13-2152	ParlaMint-LV_2020-11-27-PT13-2152-U231	Latvian parliamentary corpus ParlaMint-LV-en, 13th Term, 2020-11-27	2020-11-27	Unicameralism	13. sasaukums	-	Regulārā	2020-11-27	-	COVID	English	Chairperson	MP	notMinister	NA	Nacionālā apvienība "Visu Latvijai!"–"Tēvzemei un Brīvībai/LNNK"	Coalition	Right	MūrnieceInāra	Mūrniece, Ināra	F	-	
ParlaMint-LV-en_2020-11-27-PT13-2152	ParlaMint-LV_2020-11-27-PT13-2152-U232	Latvian parliamentary corpus ParlaMint-LV-en, 13th Term, 2020-11-27	2020-11-27	Unicameralism	13. sasaukums	-	Regulārā	2020-11-27	-	COVID	English	Regular	MP	notMinister	AP	Attīstībai/Par!	Coalition	Centre	ŠteinsMārtiņš	Šteins, Mārtiņš	M	-	
ParlaMint-LV-en_2020-11-27-PT13-2152	ParlaMint-LV_2020-11-27-PT13-2152-U233	Latvian parliamentary corpus ParlaMint-LV-en, 13th Term, 2020-11-27	2020-11-27	Unicameralism	13. sasaukums	-	Regulārā	2020-11-27	-	COVID	English	Chairperson	MP	notMinister	NA	Nacionālā apvienība "Visu Latvijai!"–"Tēvzemei un Brīvībai/LNNK"	Coalition	Right	MūrnieceInāra	Mūrniece, Ināra	F	-	
ParlaMint-LV-en_2020-11-27-PT13-2152	ParlaMint-LV_2020-11-27-PT13-2152-U234	Latvian parliamentary corpus ParlaMint-LV-en, 13th Term, 2020-11-27	2020-11-27	Unicameralism	13. sasaukums	-	Regulārā	2020-11-27	-	COVID	English	Regular	MP	notMinister	AP	Attīstībai/Par!	Coalition	Centre	ŠteinsMārtiņš	Šteins, Mārtiņš	M	-	
ParlaMint-LV-en_2020-11-27-PT13-2152	ParlaMint-LV_2020-11-27-PT13-2152-U235	Latvian parliamentary corpus ParlaMint-LV-en, 13th Term, 2020-11-27	2020-11-27	Unicameralism	13. sasaukums	-	Regulārā	2020-11-27	-	COVID	English	Chairperson	MP	notMinister	NA	Nacionālā apvienība "Visu Latvijai!"–"Tēvzemei un Brīvībai/LNNK"	Coalition	Right	MūrnieceInāra	Mūrniece, Ināra	F	-	
ParlaMint-LV-en_2020-11-27-PT13-2152	ParlaMint-LV_2020-11-27-PT13-2152-U236	Latvian parliamentary corpus ParlaMint-LV-en, 13th Term, 2020-11-27	2020-11-27	Unicameralism	13. sasaukums	-	Regulārā	2020-11-27	-	COVID	English	Regular	MP	notMinister	ZZS	Zaļo un Zemnieku savienība	Opposition	Centre to centre-right	Reizniece-OzolaDana	Reizniece-Ozola, Dana	F	-	
ParlaMint-LV-en_2020-11-27-PT13-2152	ParlaMint-LV_2020-11-27-PT13-2152-U237	Latvian parliamentary corpus ParlaMint-LV-en, 13th Term, 2020-11-27	2020-11-27	Unicameralism	13. sasaukums	-	Regulārā	2020-11-27	-	COVID	English	Chairperson	MP	notMinister	NA	Nacionālā apvienība "Visu Latvijai!"–"Tēvzemei un Brīvībai/LNNK"	Coalition	Right	MūrnieceInāra	Mūrniece, Ināra	F	-	
ParlaMint-LV-en_2020-11-27-PT13-2152	ParlaMint-LV_2020-11-27-PT13-2152-U238	Latvian parliamentary corpus ParlaMint-LV-en, 13th Term, 2020-11-27	2020-11-27	Unicameralism	13. sasaukums	-	Regulārā	2020-11-27	-	COVID	English	Regular	notMP	notMinister	-	-	-	-	DombrovskisVjačeslavs	Dombrovskis, Vjačeslavs	M	-	
ParlaMint-LV-en_2020-11-27-PT13-2152	ParlaMint-LV_2020-11-27-PT13-2152-U239	Latvian parliamentary corpus ParlaMint-LV-en, 13th Term, 2020-11-27	2020-11-27	Unicameralism	13. sasaukums	-	Regulārā	2020-11-27	-	COVID	English	Chairperson	MP	notMinister	NA	Nacionālā apvienība "Visu Latvijai!"–"Tēvzemei un Brīvībai/LNNK"	Coalition	Right	MūrnieceInāra	Mūrniece, Ināra	F	-	
ParlaMint-LV-en_2020-11-27-PT13-2152	ParlaMint-LV_2020-11-27-PT13-2152-U240	Latvian parliamentary corpus ParlaMint-LV-en, 13th Term, 2020-11-27	2020-11-27	Unicameralism	13. sasaukums	-	Regulārā	2020-11-27	-	COVID	English	Regular	MP	notMinister	ZZS	Zaļo un Zemnieku savienība	Opposition	Centre to centre-right	Reizniece-OzolaDana	Reizniece-Ozola, Dana	F	-	
ParlaMint-LV-en_2020-11-27-PT13-2152	ParlaMint-LV_2020-11-27-PT13-2152-U241	Latvian parliamentary corpus ParlaMint-LV-en, 13th Term, 2020-11-27	2020-11-27	Unicameralism	13. sasaukums	-	Regulārā	2020-11-27	-	COVID	English	Chairperson	MP	notMinister	NA	Nacionālā apvienība "Visu Latvijai!"–"Tēvzemei un Brīvībai/LNNK"	Coalition	Right	MūrnieceInāra	Mūrniece, Ināra	F	-	
ParlaMint-LV-en_2020-11-27-PT13-2152	ParlaMint-LV_2020-11-27-PT13-2152-U242	Latvian parliamentary corpus ParlaMint-LV-en, 13th Term, 2020-11-27	2020-11-27	Unicameralism	13. sasaukums	-	Regulārā	2020-11-27	-	COVID	English	Regular	notMP	notMinister	-	-	-	-	StepaņenkoJūlija	Stepaņenko, Jūlija	F	-	
ParlaMint-LV-en_2020-11-27-PT13-2152	ParlaMint-LV_2020-11-27-PT13-2152-U243	Latvian parliamentary corpus ParlaMint-LV-en, 13th Term, 2020-11-27	2020-11-27	Unicameralism	13. sasaukums	-	Regulārā	2020-11-27	-	COVID	English	Chairperson	MP	notMinister	NA	Nacionālā apvienība "Visu Latvijai!"–"Tēvzemei un Brīvībai/LNNK"	Coalition	Right	MūrnieceInāra	Mūrniece, Ināra	F	-	
ParlaMint-LV-en_2020-11-27-PT13-2152	ParlaMint-LV_2020-11-27-PT13-2152-U244	Latvian parliamentary corpus ParlaMint-LV-en, 13th Term, 2020-11-27	2020-11-27	Unicameralism	13. sasaukums	-	Regulārā	2020-11-27	-	COVID	English	Regular	notMP	notMinister	-	-	-	-	DombrovskisVjačeslavs	Dombrovskis, Vjačeslavs	M	-	
ParlaMint-LV-en_2020-11-27-PT13-2152	ParlaMint-LV_2020-11-27-PT13-2152-U245	Latvian parliamentary corpus ParlaMint-LV-en, 13th Term, 2020-11-27	2020-11-27	Unicameralism	13. sasaukums	-	Regulārā	2020-11-27	-	COVID	English	Chairperson	MP	notMinister	NA	Nacionālā apvienība "Visu Latvijai!"–"Tēvzemei un Brīvībai/LNNK"	Coalition	Right	MūrnieceInāra	Mūrniece, Ināra	F	-	
ParlaMint-LV-en_2020-11-27-PT13-2152	ParlaMint-LV_2020-11-27-PT13-2152-U246	Latvian parliamentary corpus ParlaMint-LV-en, 13th Term, 2020-11-27	2020-11-27	Unicameralism	13. sasaukums	-	Regulārā	2020-11-27	-	COVID	English	Regular	notMP	notMinister	-	-	-	-	PapuleEvija	Papule, Evija	F	-	
ParlaMint-LV-en_2020-11-27-PT13-2152	ParlaMint-LV_2020-11-27-PT13-2152-U247	Latvian parliamentary corpus ParlaMint-LV-en, 13th Term, 2020-11-27	2020-11-27	Unicameralism	13. sasaukums	-	Regulārā	2020-11-27	-	COVID	English	Chairperson	MP	notMinister	NA	Nacionālā apvienība "Visu Latvijai!"–"Tēvzemei un Brīvībai/LNNK"	Coalition	Right	MūrnieceInāra	Mūrniece, Ināra	F	-	
ParlaMint-LV-en_2020-11-27-PT13-2152	ParlaMint-LV_2020-11-27-PT13-2152-U248	Latvian parliamentary corpus ParlaMint-LV-en, 13th Term, 2020-11-27	2020-11-27	Unicameralism	13. sasaukums	-	Regulārā	2020-11-27	-	COVID	English	Regular	MP	notMinister	AP	Attīstībai/Par!	Coalition	Centre	ŠteinsMārtiņš	Šteins, Mārtiņš	M	-	
ParlaMint-LV-en_2020-11-27-PT13-2152	ParlaMint-LV_2020-11-27-PT13-2152-U249	Latvian parliamentary corpus ParlaMint-LV-en, 13th Term, 2020-11-27	2020-11-27	Unicameralism	13. sasaukums	-	Regulārā	2020-11-27	-	COVID	English	Chairperson	MP	notMinister	NA	Nacionālā apvienība "Visu Latvijai!"–"Tēvzemei un Brīvībai/LNNK"	Coalition	Right	MūrnieceInāra	Mūrniece, Ināra	F	-	
ParlaMint-LV-en_2020-11-27-PT13-2152	ParlaMint-LV_2020-11-27-PT13-2152-U250	Latvian parliamentary corpus ParlaMint-LV-en, 13th Term, 2020-11-27	2020-11-27	Unicameralism	13. sasaukums	-	Regulārā	2020-11-27	-	COVID	English	Regular	MP	notMinister	AP	Attīstībai/Par!	Coalition	Centre	ŠteinsMārtiņš	Šteins, Mārtiņš	M	-	
ParlaMint-LV-en_2020-11-27-PT13-2152	ParlaMint-LV_2020-11-27-PT13-2152-U251	Latvian parliamentary corpus ParlaMint-LV-en, 13th Term, 2020-11-27	2020-11-27	Unicameralism	13. sasaukums	-	Regulārā	2020-11-27	-	COVID	English	Chairperson	MP	notMinister	NA	Nacionālā apvienība "Visu Latvijai!"–"Tēvzemei un Brīvībai/LNNK"	Coalition	Right	MūrnieceInāra	Mūrniece, Ināra	F	-	
ParlaMint-LV-en_2020-11-27-PT13-2152	ParlaMint-LV_2020-11-27-PT13-2152-U252	Latvian parliamentary corpus ParlaMint-LV-en, 13th Term, 2020-11-27	2020-11-27	Unicameralism	13. sasaukums	-	Regulārā	2020-11-27	-	COVID	English	Regular	MP	notMinister	ZZS	Zaļo un Zemnieku savienība	Opposition	Centre to centre-right	Reizniece-OzolaDana	Reizniece-Ozola, Dana	F	-	
ParlaMint-LV-en_2020-11-27-PT13-2152	ParlaMint-LV_2020-11-27-PT13-2152-U253	Latvian parliamentary corpus ParlaMint-LV-en, 13th Term, 2020-11-27	2020-11-27	Unicameralism	13. sasaukums	-	Regulārā	2020-11-27	-	COVID	English	Chairperson	MP	notMinister	NA	Nacionālā apvienība "Visu Latvijai!"–"Tēvzemei un Brīvībai/LNNK"	Coalition	Right	MūrnieceInāra	Mūrniece, Ināra	F	-	
ParlaMint-LV-en_2020-11-27-PT13-2152	ParlaMint-LV_2020-11-27-PT13-2152-U254	Latvian parliamentary corpus ParlaMint-LV-en, 13th Term, 2020-11-27	2020-11-27	Unicameralism	13. sasaukums	-	Regulārā	2020-11-27	-	COVID	English	Regular	notMP	notMinister	-	-	-	-	StepaņenkoJūlija	Stepaņenko, Jūlija	F	-	
ParlaMint-LV-en_2020-11-27-PT13-2152	ParlaMint-LV_2020-11-27-PT13-2152-U255	Latvian parliamentary corpus ParlaMint-LV-en, 13th Term, 2020-11-27	2020-11-27	Unicameralism	13. sasaukums	-	Regulārā	2020-11-27	-	COVID	English	Chairperson	MP	notMinister	NA	Nacionālā apvienība "Visu Latvijai!"–"Tēvzemei un Brīvībai/LNNK"	Coalition	Right	MūrnieceInāra	Mūrniece, Ināra	F	-	
ParlaMint-LV-en_2020-11-27-PT13-2152	ParlaMint-LV_2020-11-27-PT13-2152-U256	Latvian parliamentary corpus ParlaMint-LV-en, 13th Term, 2020-11-27	2020-11-27	Unicameralism	13. sasaukums	-	Regulārā	2020-11-27	-	COVID	English	Regular	MP	notMinister	ZZS	Zaļo un Zemnieku savienība	Opposition	Centre to centre-right	Reizniece-OzolaDana	Reizniece-Ozola, Dana	F	-	
ParlaMint-LV-en_2020-11-27-PT13-2152	ParlaMint-LV_2020-11-27-PT13-2152-U257	Latvian parliamentary corpus ParlaMint-LV-en, 13th Term, 2020-11-27	2020-11-27	Unicameralism	13. sasaukums	-	Regulārā	2020-11-27	-	COVID	English	Chairperson	MP	notMinister	NA	Nacionālā apvienība "Visu Latvijai!"–"Tēvzemei un Brīvībai/LNNK"	Coalition	Right	MūrnieceInāra	Mūrniece, Ināra	F	-	
ParlaMint-LV-en_2020-11-27-PT13-2152	ParlaMint-LV_2020-11-27-PT13-2152-U258	Latvian parliamentary corpus ParlaMint-LV-en, 13th Term, 2020-11-27	2020-11-27	Unicameralism	13. sasaukums	-	Regulārā	2020-11-27	-	COVID	English	Regular	MP	notMinister	AP	Attīstībai/Par!	Coalition	Centre	ŠteinsMārtiņš	Šteins, Mārtiņš	M	-	
ParlaMint-LV-en_2020-11-27-PT13-2152	ParlaMint-LV_2020-11-27-PT13-2152-U259	Latvian parliamentary corpus ParlaMint-LV-en, 13th Term, 2020-11-27	2020-11-27	Unicameralism	13. sasaukums	-	Regulārā	2020-11-27	-	COVID	English	Chairperson	MP	notMinister	NA	Nacionālā apvienība "Visu Latvijai!"–"Tēvzemei un Brīvībai/LNNK"	Coalition	Right	MūrnieceInāra	Mūrniece, Ināra	F	-	
ParlaMint-LV-en_2020-11-27-PT13-2152	ParlaMint-LV_2020-11-27-PT13-2152-U260	Latvian parliamentary corpus ParlaMint-LV-en, 13th Term, 2020-11-27	2020-11-27	Unicameralism	13. sasaukums	-	Regulārā	2020-11-27	-	COVID	English	Regular	MP	notMinister	AP	Attīstībai/Par!	Coalition	Centre	ŠteinsMārtiņš	Šteins, Mārtiņš	M	-	
ParlaMint-LV-en_2020-11-27-PT13-2152	ParlaMint-LV_2020-11-27-PT13-2152-U261	Latvian parliamentary corpus ParlaMint-LV-en, 13th Term, 2020-11-27	2020-11-27	Unicameralism	13. sasaukums	-	Regulārā	2020-11-27	-	COVID	English	Chairperson	MP	notMinister	NA	Nacionālā apvienība "Visu Latvijai!"–"Tēvzemei un Brīvībai/LNNK"	Coalition	Right	MūrnieceInāra	Mūrniece, Ināra	F	-	
ParlaMint-LV-en_2020-11-27-PT13-2152	ParlaMint-LV_2020-11-27-PT13-2152-U262	Latvian parliamentary corpus ParlaMint-LV-en, 13th Term, 2020-11-27	2020-11-27	Unicameralism	13. sasaukums	-	Regulārā	2020-11-27	-	COVID	English	Regular	MP	notMinister	SASKAŅA	SASKAŅA	Opposition	Centre-left	PimenovsIgors	Pimenovs, Igors	M	-	
ParlaMint-LV-en_2020-11-27-PT13-2152	ParlaMint-LV_2020-11-27-PT13-2152-U263	Latvian parliamentary corpus ParlaMint-LV-en, 13th Term, 2020-11-27	2020-11-27	Unicameralism	13. sasaukums	-	Regulārā	2020-11-27	-	COVID	English	Chairperson	MP	notMinister	NA	Nacionālā apvienība "Visu Latvijai!"–"Tēvzemei un Brīvībai/LNNK"	Coalition	Right	MūrnieceInāra	Mūrniece, Ināra	F	-	
ParlaMint-LV-en_2020-11-27-PT13-2152	ParlaMint-LV_2020-11-27-PT13-2152-U264	Latvian parliamentary corpus ParlaMint-LV-en, 13th Term, 2020-11-27	2020-11-27	Unicameralism	13. sasaukums	-	Regulārā	2020-11-27	-	COVID	English	Regular	MP	notMinister	SASKAŅA	SASKAŅA	Opposition	Centre-left	PimenovsIgors	Pimenovs, Igors	M	-	
ParlaMint-LV-en_2020-11-27-PT13-2152	ParlaMint-LV_2020-11-27-PT13-2152-U265	Latvian parliamentary corpus ParlaMint-LV-en, 13th Term, 2020-11-27	2020-11-27	Unicameralism	13. sasaukums	-	Regulārā	2020-11-27	-	COVID	English	Chairperson	MP	notMinister	NA	Nacionālā apvienība "Visu Latvijai!"–"Tēvzemei un Brīvībai/LNNK"	Coalition	Right	MūrnieceInāra	Mūrniece, Ināra	F	-	
ParlaMint-LV-en_2020-11-27-PT13-2152	ParlaMint-LV_2020-11-27-PT13-2152-U266	Latvian parliamentary corpus ParlaMint-LV-en, 13th Term, 2020-11-27	2020-11-27	Unicameralism	13. sasaukums	-	Regulārā	2020-11-27	-	COVID	English	Regular	MP	notMinister	ZZS	Zaļo un Zemnieku savienība	Opposition	Centre to centre-right	VucānsJānis	Vucāns, Jānis	M	-	
ParlaMint-LV-en_2020-11-27-PT13-2152	ParlaMint-LV_2020-11-27-PT13-2152-U267	Latvian parliamentary corpus ParlaMint-LV-en, 13th Term, 2020-11-27	2020-11-27	Unicameralism	13. sasaukums	-	Regulārā	2020-11-27	-	COVID	English	Chairperson	MP	notMinister	NA	Nacionālā apvienība "Visu Latvijai!"–"Tēvzemei un Brīvībai/LNNK"	Coalition	Right	MūrnieceInāra	Mūrniece, Ināra	F	-	
ParlaMint-LV-en_2020-11-27-PT13-2152	ParlaMint-LV_2020-11-27-PT13-2152-U268	Latvian parliamentary corpus ParlaMint-LV-en, 13th Term, 2020-11-27	2020-11-27	Unicameralism	13. sasaukums	-	Regulārā	2020-11-27	-	COVID	English	Regular	MP	notMinister	AP	Attīstībai/Par!	Coalition	Centre	ŠteinsMārtiņš	Šteins, Mārtiņš	M	-	
ParlaMint-LV-en_2020-11-27-PT13-2152	ParlaMint-LV_2020-11-27-PT13-2152-U269	Latvian parliamentary corpus ParlaMint-LV-en, 13th Term, 2020-11-27	2020-11-27	Unicameralism	13. sasaukums	-	Regulārā	2020-11-27	-	COVID	English	Chairperson	MP	notMinister	NA	Nacionālā apvienība "Visu Latvijai!"–"Tēvzemei un Brīvībai/LNNK"	Coalition	Right	MūrnieceInāra	Mūrniece, Ināra	F	-	
ParlaMint-LV-en_2020-11-27-PT13-2152	ParlaMint-LV_2020-11-27-PT13-2152-U270	Latvian parliamentary corpus ParlaMint-LV-en, 13th Term, 2020-11-27	2020-11-27	Unicameralism	13. sasaukums	-	Regulārā	2020-11-27	-	COVID	English	Regular	MP	notMinister	AP	Attīstībai/Par!	Coalition	Centre	ŠteinsMārtiņš	Šteins, Mārtiņš	M	-	
ParlaMint-LV-en_2020-11-27-PT13-2152	ParlaMint-LV_2020-11-27-PT13-2152-U271	Latvian parliamentary corpus ParlaMint-LV-en, 13th Term, 2020-11-27	2020-11-27	Unicameralism	13. sasaukums	-	Regulārā	2020-11-27	-	COVID	English	Chairperson	MP	notMinister	NA	Nacionālā apvienība "Visu Latvijai!"–"Tēvzemei un Brīvībai/LNNK"	Coalition	Right	MūrnieceInāra	Mūrniece, Ināra	F	-	
ParlaMint-LV-en_2020-11-27-PT13-2152	ParlaMint-LV_2020-11-27-PT13-2152-U272	Latvian parliamentary corpus ParlaMint-LV-en, 13th Term, 2020-11-27	2020-11-27	Unicameralism	13. sasaukums	-	Regulārā	2020-11-27	-	COVID	English	Regular	MP	notMinister	ZZS	Zaļo un Zemnieku savienība	Opposition	Centre to centre-right	Reizniece-OzolaDana	Reizniece-Ozola, Dana	F	-	
ParlaMint-LV-en_2020-11-27-PT13-2152	ParlaMint-LV_2020-11-27-PT13-2152-U273	Latvian parliamentary corpus ParlaMint-LV-en, 13th Term, 2020-11-27	2020-11-27	Unicameralism	13. sasaukums	-	Regulārā	2020-11-27	-	COVID	English	Chairperson	MP	notMinister	NA	Nacionālā apvienība "Visu Latvijai!"–"Tēvzemei un Brīvībai/LNNK"	Coalition	Right	MūrnieceInāra	Mūrniece, Ināra	F	-	
ParlaMint-LV-en_2020-11-27-PT13-2152	ParlaMint-LV_2020-11-27-PT13-2152-U274	Latvian parliamentary corpus ParlaMint-LV-en, 13th Term, 2020-11-27	2020-11-27	Unicameralism	13. sasaukums	-	Regulārā	2020-11-27	-	COVID	English	Regular	MP	notMinister	AP	Attīstībai/Par!	Coalition	Centre	ŠteinsMārtiņš	Šteins, Mārtiņš	M	-	
ParlaMint-LV-en_2020-11-27-PT13-2152	ParlaMint-LV_2020-11-27-PT13-2152-U275	Latvian parliamentary corpus ParlaMint-LV-en, 13th Term, 2020-11-27	2020-11-27	Unicameralism	13. sasaukums	-	Regulārā	2020-11-27	-	COVID	English	Chairperson	MP	notMinister	NA	Nacionālā apvienība "Visu Latvijai!"–"Tēvzemei un Brīvībai/LNNK"	Coalition	Right	MūrnieceInāra	Mūrniece, Ināra	F	-	
ParlaMint-LV-en_2020-11-27-PT13-2152	ParlaMint-LV_2020-11-27-PT13-2152-U276	Latvian parliamentary corpus ParlaMint-LV-en, 13th Term, 2020-11-27	2020-11-27	Unicameralism	13. sasaukums	-	Regulārā	2020-11-27	-	COVID	English	Regular	MP	notMinister	AP	Attīstībai/Par!	Coalition	Centre	ŠteinsMārtiņš	Šteins, Mārtiņš	M	-	
ParlaMint-LV-en_2020-11-27-PT13-2152	ParlaMint-LV_2020-11-27-PT13-2152-U277	Latvian parliamentary corpus ParlaMint-LV-en, 13th Term, 2020-11-27	2020-11-27	Unicameralism	13. sasaukums	-	Regulārā	2020-11-27	-	COVID	English	Chairperson	MP	notMinister	NA	Nacionālā apvienība "Visu Latvijai!"–"Tēvzemei un Brīvībai/LNNK"	Coalition	Right	MūrnieceInāra	Mūrniece, Ināra	F	-	
ParlaMint-LV-en_2020-11-27-PT13-2152	ParlaMint-LV_2020-11-27-PT13-2152-U278	Latvian parliamentary corpus ParlaMint-LV-en, 13th Term, 2020-11-27	2020-11-27	Unicameralism	13. sasaukums	-	Regulārā	2020-11-27	-	COVID	English	Regular	notMP	notMinister	-	-	-	-	DombrovskisVjačeslavs	Dombrovskis, Vjačeslavs	M	-	
ParlaMint-LV-en_2020-11-27-PT13-2152	ParlaMint-LV_2020-11-27-PT13-2152-U279	Latvian parliamentary corpus ParlaMint-LV-en, 13th Term, 2020-11-27	2020-11-27	Unicameralism	13. sasaukums	-	Regulārā	2020-11-27	-	COVID	English	Chairperson	MP	notMinister	NA	Nacionālā apvienība "Visu Latvijai!"–"Tēvzemei un Brīvībai/LNNK"	Coalition	Right	MūrnieceInāra	Mūrniece, Ināra	F	-	
ParlaMint-LV-en_2020-11-27-PT13-2152	ParlaMint-LV_2020-11-27-PT13-2152-U280	Latvian parliamentary corpus ParlaMint-LV-en, 13th Term, 2020-11-27	2020-11-27	Unicameralism	13. sasaukums	-	Regulārā	2020-11-27	-	COVID	English	Regular	MP	notMinister	SASKAŅA	SASKAŅA	Opposition	Centre-left	ŠvecovaĻubova	Švecova, Ļubova	F	-	
ParlaMint-LV-en_2020-11-27-PT13-2152	ParlaMint-LV_2020-11-27-PT13-2152-U281	Latvian parliamentary corpus ParlaMint-LV-en, 13th Term, 2020-11-27	2020-11-27	Unicameralism	13. sasaukums	-	Regulārā	2020-11-27	-	COVID	English	Chairperson	MP	notMinister	NA	Nacionālā apvienība "Visu Latvijai!"–"Tēvzemei un Brīvībai/LNNK"	Coalition	Right	MūrnieceInāra	Mūrniece, Ināra	F	-	
ParlaMint-LV-en_2020-11-27-PT13-2152	ParlaMint-LV_2020-11-27-PT13-2152-U282	Latvian parliamentary corpus ParlaMint-LV-en, 13th Term, 2020-11-27	2020-11-27	Unicameralism	13. sasaukums	-	Regulārā	2020-11-27	-	COVID	English	Regular	MP	notMinister	AP	Attīstībai/Par!	Coalition	Centre	ŠteinsMārtiņš	Šteins, Mārtiņš	M	-	
ParlaMint-LV-en_2020-11-27-PT13-2152	ParlaMint-LV_2020-11-27-PT13-2152-U283	Latvian parliamentary corpus ParlaMint-LV-en, 13th Term, 2020-11-27	2020-11-27	Unicameralism	13. sasaukums	-	Regulārā	2020-11-27	-	COVID	English	Chairperson	MP	notMinister	NA	Nacionālā apvienība "Visu Latvijai!"–"Tēvzemei un Brīvībai/LNNK"	Coalition	Right	MūrnieceInāra	Mūrniece, Ināra	F	-	
ParlaMint-LV-en_2020-11-27-PT13-2152	ParlaMint-LV_2020-11-27-PT13-2152-U284	Latvian parliamentary corpus ParlaMint-LV-en, 13th Term, 2020-11-27	2020-11-27	Unicameralism	13. sasaukums	-	Regulārā	2020-11-27	-	COVID	English	Regular	MP	notMinister	AP	Attīstībai/Par!	Coalition	Centre	ŠteinsMārtiņš	Šteins, Mārtiņš	M	-	
ParlaMint-LV-en_2020-11-27-PT13-2152	ParlaMint-LV_2020-11-27-PT13-2152-U285	Latvian parliamentary corpus ParlaMint-LV-en, 13th Term, 2020-11-27	2020-11-27	Unicameralism	13. sasaukums	-	Regulārā	2020-11-27	-	COVID	English	Chairperson	MP	notMinister	NA	Nacionālā apvienība "Visu Latvijai!"–"Tēvzemei un Brīvībai/LNNK"	Coalition	Right	MūrnieceInāra	Mūrniece, Ināra	F	-	
ParlaMint-LV-en_2020-11-27-PT13-2152	ParlaMint-LV_2020-11-27-PT13-2152-U286	Latvian parliamentary corpus ParlaMint-LV-en, 13th Term, 2020-11-27	2020-11-27	Unicameralism	13. sasaukums	-	Regulārā	2020-11-27	-	COVID	English	Regular	notMP	notMinister	-	-	-	-	StepaņenkoJūlija	Stepaņenko, Jūlija	F	-	
ParlaMint-LV-en_2020-11-27-PT13-2152	ParlaMint-LV_2020-11-27-PT13-2152-U287	Latvian parliamentary corpus ParlaMint-LV-en, 13th Term, 2020-11-27	2020-11-27	Unicameralism	13. sasaukums	-	Regulārā	2020-11-27	-	COVID	English	Chairperson	MP	notMinister	NA	Nacionālā apvienība "Visu Latvijai!"–"Tēvzemei un Brīvībai/LNNK"	Coalition	Right	MūrnieceInāra	Mūrniece, Ināra	F	-	
ParlaMint-LV-en_2020-11-27-PT13-2152	ParlaMint-LV_2020-11-27-PT13-2152-U288	Latvian parliamentary corpus ParlaMint-LV-en, 13th Term, 2020-11-27	2020-11-27	Unicameralism	13. sasaukums	-	Regulārā	2020-11-27	-	COVID	English	Regular	MP	notMinister	ZZS	Zaļo un Zemnieku savienība	Opposition	Centre to centre-right	Reizniece-OzolaDana	Reizniece-Ozola, Dana	F	-	
ParlaMint-LV-en_2020-11-27-PT13-2152	ParlaMint-LV_2020-11-27-PT13-2152-U289	Latvian parliamentary corpus ParlaMint-LV-en, 13th Term, 2020-11-27	2020-11-27	Unicameralism	13. sasaukums	-	Regulārā	2020-11-27	-	COVID	English	Chairperson	MP	notMinister	NA	Nacionālā apvienība "Visu Latvijai!"–"Tēvzemei un Brīvībai/LNNK"	Coalition	Right	MūrnieceInāra	Mūrniece, Ināra	F	-	
ParlaMint-LV-en_2020-11-27-PT13-2152	ParlaMint-LV_2020-11-27-PT13-2152-U290	Latvian parliamentary corpus ParlaMint-LV-en, 13th Term, 2020-11-27	2020-11-27	Unicameralism	13. sasaukums	-	Regulārā	2020-11-27	-	COVID	English	Regular	notMP	notMinister	-	-	-	-	DombrovskisVjačeslavs	Dombrovskis, Vjačeslavs	M	-	
ParlaMint-LV-en_2020-11-27-PT13-2152	ParlaMint-LV_2020-11-27-PT13-2152-U291	Latvian parliamentary corpus ParlaMint-LV-en, 13th Term, 2020-11-27	2020-11-27	Unicameralism	13. sasaukums	-	Regulārā	2020-11-27	-	COVID	English	Chairperson	MP	notMinister	NA	Nacionālā apvienība "Visu Latvijai!"–"Tēvzemei un Brīvībai/LNNK"	Coalition	Right	MūrnieceInāra	Mūrniece, Ināra	F	-	
ParlaMint-LV-en_2020-11-27-PT13-2152	ParlaMint-LV_2020-11-27-PT13-2152-U292	Latvian parliamentary corpus ParlaMint-LV-en, 13th Term, 2020-11-27	2020-11-27	Unicameralism	13. sasaukums	-	Regulārā	2020-11-27	-	COVID	English	Regular	MP	notMinister	ZZS	Zaļo un Zemnieku savienība	Opposition	Centre to centre-right	ValainisViktors	Valainis, Viktors	M	-	
ParlaMint-LV-en_2020-11-27-PT13-2152	ParlaMint-LV_2020-11-27-PT13-2152-U293	Latvian parliamentary corpus ParlaMint-LV-en, 13th Term, 2020-11-27	2020-11-27	Unicameralism	13. sasaukums	-	Regulārā	2020-11-27	-	COVID	English	Chairperson	MP	notMinister	NA	Nacionālā apvienība "Visu Latvijai!"–"Tēvzemei un Brīvībai/LNNK"	Coalition	Right	MūrnieceInāra	Mūrniece, Ināra	F	-	
ParlaMint-LV-en_2020-11-27-PT13-2152	ParlaMint-LV_2020-11-27-PT13-2152-U294	Latvian parliamentary corpus ParlaMint-LV-en, 13th Term, 2020-11-27	2020-11-27	Unicameralism	13. sasaukums	-	Regulārā	2020-11-27	-	COVID	English	Regular	MP	notMinister	KPV-LV	Kam pieder valsts?	Coalition	Centre-right to right	GobzemsAldis	Gobzems, Aldis	M	-	
ParlaMint-LV-en_2020-11-27-PT13-2152	ParlaMint-LV_2020-11-27-PT13-2152-U295	Latvian parliamentary corpus ParlaMint-LV-en, 13th Term, 2020-11-27	2020-11-27	Unicameralism	13. sasaukums	-	Regulārā	2020-11-27	-	COVID	English	Chairperson	MP	notMinister	NA	Nacionālā apvienība "Visu Latvijai!"–"Tēvzemei un Brīvībai/LNNK"	Coalition	Right	MūrnieceInāra	Mūrniece, Ināra	F	-	
ParlaMint-LV-en_2020-11-27-PT13-2152	ParlaMint-LV_2020-11-27-PT13-2152-U296	Latvian parliamentary corpus ParlaMint-LV-en, 13th Term, 2020-11-27	2020-11-27	Unicameralism	13. sasaukums	-	Regulārā	2020-11-27	-	COVID	English	Regular	MP	notMinister	SASKAŅA	SASKAŅA	Opposition	Centre-left	ŠvecovaĻubova	Švecova, Ļubova	F	-	
ParlaMint-LV-en_2020-11-27-PT13-2152	ParlaMint-LV_2020-11-27-PT13-2152-U297	Latvian parliamentary corpus ParlaMint-LV-en, 13th Term, 2020-11-27	2020-11-27	Unicameralism	13. sasaukums	-	Regulārā	2020-11-27	-	COVID	English	Chairperson	MP	notMinister	NA	Nacionālā apvienība "Visu Latvijai!"–"Tēvzemei un Brīvībai/LNNK"	Coalition	Right	MūrnieceInāra	Mūrniece, Ināra	F	-	
ParlaMint-LV-en_2020-11-27-PT13-2152	ParlaMint-LV_2020-11-27-PT13-2152-U298	Latvian parliamentary corpus ParlaMint-LV-en, 13th Term, 2020-11-27	2020-11-27	Unicameralism	13. sasaukums	-	Regulārā	2020-11-27	-	COVID	English	Regular	MP	notMinister	ZZS	Zaļo un Zemnieku savienība	Opposition	Centre to centre-right	Reizniece-OzolaDana	Reizniece-Ozola, Dana	F	-	
ParlaMint-LV-en_2020-11-27-PT13-2152	ParlaMint-LV_2020-11-27-PT13-2152-U299	Latvian parliamentary corpus ParlaMint-LV-en, 13th Term, 2020-11-27	2020-11-27	Unicameralism	13. sasaukums	-	Regulārā	2020-11-27	-	COVID	English	Chairperson	MP	notMinister	NA	Nacionālā apvienība "Visu Latvijai!"–"Tēvzemei un Brīvībai/LNNK"	Coalition	Right	MūrnieceInāra	Mūrniece, Ināra	F	-	
ParlaMint-LV-en_2020-11-27-PT13-2152	ParlaMint-LV_2020-11-27-PT13-2152-U300	Latvian parliamentary corpus ParlaMint-LV-en, 13th Term, 2020-11-27	2020-11-27	Unicameralism	13. sasaukums	-	Regulārā	2020-11-27	-	COVID	English	Regular	notMP	notMinister	-	-	-	-	StepaņenkoJūlija	Stepaņenko, Jūlija	F	-	
ParlaMint-LV-en_2020-11-27-PT13-2152	ParlaMint-LV_2020-11-27-PT13-2152-U301	Latvian parliamentary corpus ParlaMint-LV-en, 13th Term, 2020-11-27	2020-11-27	Unicameralism	13. sasaukums	-	Regulārā	2020-11-27	-	COVID	English	Chairperson	MP	notMinister	NA	Nacionālā apvienība "Visu Latvijai!"–"Tēvzemei un Brīvībai/LNNK"	Coalition	Right	MūrnieceInāra	Mūrniece, Ināra	F	-	
ParlaMint-LV-en_2020-11-27-PT13-2152	ParlaMint-LV_2020-11-27-PT13-2152-U302	Latvian parliamentary corpus ParlaMint-LV-en, 13th Term, 2020-11-27	2020-11-27	Unicameralism	13. sasaukums	-	Regulārā	2020-11-27	-	COVID	English	Regular	MP	notMinister	KPV-LV	Kam pieder valsts?	Coalition	Centre-right to right	GobzemsAldis	Gobzems, Aldis	M	-	
ParlaMint-LV-en_2020-11-27-PT13-2152	ParlaMint-LV_2020-11-27-PT13-2152-U303	Latvian parliamentary corpus ParlaMint-LV-en, 13th Term, 2020-11-27	2020-11-27	Unicameralism	13. sasaukums	-	Regulārā	2020-11-27	-	COVID	English	Chairperson	MP	notMinister	NA	Nacionālā apvienība "Visu Latvijai!"–"Tēvzemei un Brīvībai/LNNK"	Coalition	Right	MūrnieceInāra	Mūrniece, Ināra	F	-	
ParlaMint-LV-en_2020-11-27-PT13-2152	ParlaMint-LV_2020-11-27-PT13-2152-U304	Latvian parliamentary corpus ParlaMint-LV-en, 13th Term, 2020-11-27	2020-11-27	Unicameralism	13. sasaukums	-	Regulārā	2020-11-27	-	COVID	English	Regular	MP	notMinister	ZZS	Zaļo un Zemnieku savienība	Opposition	Centre to centre-right	ValainisViktors	Valainis, Viktors	M	-	
ParlaMint-LV-en_2020-11-27-PT13-2152	ParlaMint-LV_2020-11-27-PT13-2152-U305	Latvian parliamentary corpus ParlaMint-LV-en, 13th Term, 2020-11-27	2020-11-27	Unicameralism	13. sasaukums	-	Regulārā	2020-11-27	-	COVID	English	Chairperson	MP	notMinister	NA	Nacionālā apvienība "Visu Latvijai!"–"Tēvzemei un Brīvībai/LNNK"	Coalition	Right	MūrnieceInāra	Mūrniece, Ināra	F	-	
ParlaMint-LV-en_2020-11-27-PT13-2152	ParlaMint-LV_2020-11-27-PT13-2152-U306	Latvian parliamentary corpus ParlaMint-LV-en, 13th Term, 2020-11-27	2020-11-27	Unicameralism	13. sasaukums	-	Regulārā	2020-11-27	-	COVID	English	Regular	MP	notMinister	AP	Attīstībai/Par!	Coalition	Centre	ŠteinsMārtiņš	Šteins, Mārtiņš	M	-	
ParlaMint-LV-en_2020-11-27-PT13-2152	ParlaMint-LV_2020-11-27-PT13-2152-U307	Latvian parliamentary corpus ParlaMint-LV-en, 13th Term, 2020-11-27	2020-11-27	Unicameralism	13. sasaukums	-	Regulārā	2020-11-27	-	COVID	English	Chairperson	MP	notMinister	NA	Nacionālā apvienība "Visu Latvijai!"–"Tēvzemei un Brīvībai/LNNK"	Coalition	Right	MūrnieceInāra	Mūrniece, Ināra	F	-	
ParlaMint-LV-en_2020-11-27-PT13-2152	ParlaMint-LV_2020-11-27-PT13-2152-U308	Latvian parliamentary corpus ParlaMint-LV-en, 13th Term, 2020-11-27	2020-11-27	Unicameralism	13. sasaukums	-	Regulārā	2020-11-27	-	COVID	English	Regular	MP	notMinister	AP	Attīstībai/Par!	Coalition	Centre	ŠteinsMārtiņš	Šteins, Mārtiņš	M	-	
ParlaMint-LV-en_2020-11-27-PT13-2152	ParlaMint-LV_2020-11-27-PT13-2152-U309	Latvian parliamentary corpus ParlaMint-LV-en, 13th Term, 2020-11-27	2020-11-27	Unicameralism	13. sasaukums	-	Regulārā	2020-11-27	-	COVID	English	Chairperson	MP	notMinister	NA	Nacionālā apvienība "Visu Latvijai!"–"Tēvzemei un Brīvībai/LNNK"	Coalition	Right	MūrnieceInāra	Mūrniece, Ināra	F	-	
ParlaMint-LV-en_2020-11-27-PT13-2152	ParlaMint-LV_2020-11-27-PT13-2152-U310	Latvian parliamentary corpus ParlaMint-LV-en, 13th Term, 2020-11-27	2020-11-27	Unicameralism	13. sasaukums	-	Regulārā	2020-11-27	-	COVID	English	Regular	MP	notMinister	AP	Attīstībai/Par!	Coalition	Centre	ŠteinsMārtiņš	Šteins, Mārtiņš	M	-	
ParlaMint-LV-en_2020-11-27-PT13-2152	ParlaMint-LV_2020-11-27-PT13-2152-U311	Latvian parliamentary corpus ParlaMint-LV-en, 13th Term, 2020-11-27	2020-11-27	Unicameralism	13. sasaukums	-	Regulārā	2020-11-27	-	COVID	English	Chairperson	MP	notMinister	NA	Nacionālā apvienība "Visu Latvijai!"–"Tēvzemei un Brīvībai/LNNK"	Coalition	Right	MūrnieceInāra	Mūrniece, Ināra	F	-	
ParlaMint-LV-en_2020-11-27-PT13-2152	ParlaMint-LV_2020-11-27-PT13-2152-U312	Latvian parliamentary corpus ParlaMint-LV-en, 13th Term, 2020-11-27	2020-11-27	Unicameralism	13. sasaukums	-	Regulārā	2020-11-27	-	COVID	English	Regular	MP	notMinister	ZZS	Zaļo un Zemnieku savienība	Opposition	Centre to centre-right	Reizniece-OzolaDana	Reizniece-Ozola, Dana	F	-	
ParlaMint-LV-en_2020-11-27-PT13-2152	ParlaMint-LV_2020-11-27-PT13-2152-U313	Latvian parliamentary corpus ParlaMint-LV-en, 13th Term, 2020-11-27	2020-11-27	Unicameralism	13. sasaukums	-	Regulārā	2020-11-27	-	COVID	English	Chairperson	MP	notMinister	NA	Nacionālā apvienība "Visu Latvijai!"–"Tēvzemei un Brīvībai/LNNK"	Coalition	Right	MūrnieceInāra	Mūrniece, Ināra	F	-	
ParlaMint-LV-en_2020-11-27-PT13-2152	ParlaMint-LV_2020-11-27-PT13-2152-U314	Latvian parliamentary corpus ParlaMint-LV-en, 13th Term, 2020-11-27	2020-11-27	Unicameralism	13. sasaukums	-	Regulārā	2020-11-27	-	COVID	English	Regular	MP	notMinister	ZZS	Zaļo un Zemnieku savienība	Opposition	Centre to centre-right	ValainisViktors	Valainis, Viktors	M	-	
ParlaMint-LV-en_2020-11-27-PT13-2152	ParlaMint-LV_2020-11-27-PT13-2152-U315	Latvian parliamentary corpus ParlaMint-LV-en, 13th Term, 2020-11-27	2020-11-27	Unicameralism	13. sasaukums	-	Regulārā	2020-11-27	-	COVID	English	Chairperson	MP	notMinister	NA	Nacionālā apvienība "Visu Latvijai!"–"Tēvzemei un Brīvībai/LNNK"	Coalition	Right	MūrnieceInāra	Mūrniece, Ināra	F	-	
ParlaMint-LV-en_2020-11-27-PT13-2152	ParlaMint-LV_2020-11-27-PT13-2152-U316	Latvian parliamentary corpus ParlaMint-LV-en, 13th Term, 2020-11-27	2020-11-27	Unicameralism	13. sasaukums	-	Regulārā	2020-11-27	-	COVID	English	Regular	MP	notMinister	KPV-LV	Kam pieder valsts?	Coalition	Centre-right to right	GobzemsAldis	Gobzems, Aldis	M	-	
ParlaMint-LV-en_2020-11-27-PT13-2152	ParlaMint-LV_2020-11-27-PT13-2152-U317	Latvian parliamentary corpus ParlaMint-LV-en, 13th Term, 2020-11-27	2020-11-27	Unicameralism	13. sasaukums	-	Regulārā	2020-11-27	-	COVID	English	Chairperson	MP	notMinister	NA	Nacionālā apvienība "Visu Latvijai!"–"Tēvzemei un Brīvībai/LNNK"	Coalition	Right	MūrnieceInāra	Mūrniece, Ināra	F	-	
ParlaMint-LV-en_2020-11-27-PT13-2152	ParlaMint-LV_2020-11-27-PT13-2152-U318	Latvian parliamentary corpus ParlaMint-LV-en, 13th Term, 2020-11-27	2020-11-27	Unicameralism	13. sasaukums	-	Regulārā	2020-11-27	-	COVID	English	Regular	MP	notMinister	KPV-LV	Kam pieder valsts?	Coalition	Centre-right to right	GobzemsAldis	Gobzems, Aldis	M	-	
ParlaMint-LV-en_2020-11-27-PT13-2152	ParlaMint-LV_2020-11-27-PT13-2152-U319	Latvian parliamentary corpus ParlaMint-LV-en, 13th Term, 2020-11-27	2020-11-27	Unicameralism	13. sasaukums	-	Regulārā	2020-11-27	-	COVID	English	Chairperson	MP	notMinister	NA	Nacionālā apvienība "Visu Latvijai!"–"Tēvzemei un Brīvībai/LNNK"	Coalition	Right	MūrnieceInāra	Mūrniece, Ināra	F	-	
ParlaMint-LV-en_2020-11-27-PT13-2152	ParlaMint-LV_2020-11-27-PT13-2152-U320	Latvian parliamentary corpus ParlaMint-LV-en, 13th Term, 2020-11-27	2020-11-27	Unicameralism	13. sasaukums	-	Regulārā	2020-11-27	-	COVID	English	Regular	MP	notMinister	KPV-LV	Kam pieder valsts?	Coalition	Centre-right to right	GobzemsAldis	Gobzems, Aldis	M	-	
ParlaMint-LV-en_2020-11-27-PT13-2152	ParlaMint-LV_2020-11-27-PT13-2152-U321	Latvian parliamentary corpus ParlaMint-LV-en, 13th Term, 2020-11-27	2020-11-27	Unicameralism	13. sasaukums	-	Regulārā	2020-11-27	-	COVID	English	Chairperson	MP	notMinister	NA	Nacionālā apvienība "Visu Latvijai!"–"Tēvzemei un Brīvībai/LNNK"	Coalition	Right	MūrnieceInāra	Mūrniece, Ināra	F	-	
ParlaMint-LV-en_2020-11-27-PT13-2152	ParlaMint-LV_2020-11-27-PT13-2152-U322	Latvian parliamentary corpus ParlaMint-LV-en, 13th Term, 2020-11-27	2020-11-27	Unicameralism	13. sasaukums	-	Regulārā	2020-11-27	-	COVID	English	Regular	MP	notMinister	NA	Nacionālā apvienība "Visu Latvijai!"–"Tēvzemei un Brīvībai/LNNK"	Coalition	Right	KolsRihards	Kols, Rihards	M	-	
ParlaMint-LV-en_2020-11-27-PT13-2152	ParlaMint-LV_2020-11-27-PT13-2152-U323	Latvian parliamentary corpus ParlaMint-LV-en, 13th Term, 2020-11-27	2020-11-27	Unicameralism	13. sasaukums	-	Regulārā	2020-11-27	-	COVID	English	Chairperson	MP	notMinister	NA	Nacionālā apvienība "Visu Latvijai!"–"Tēvzemei un Brīvībai/LNNK"	Coalition	Right	MūrnieceInāra	Mūrniece, Ināra	F	-	
ParlaMint-LV-en_2020-11-27-PT13-2152	ParlaMint-LV_2020-11-27-PT13-2152-U324	Latvian parliamentary corpus ParlaMint-LV-en, 13th Term, 2020-11-27	2020-11-27	Unicameralism	13. sasaukums	-	Regulārā	2020-11-27	-	COVID	English	Regular	notMP	notMinister	-	-	-	-	StepaņenkoJūlija	Stepaņenko, Jūlija	F	-	
ParlaMint-LV-en_2020-11-27-PT13-2152	ParlaMint-LV_2020-11-27-PT13-2152-U325	Latvian parliamentary corpus ParlaMint-LV-en, 13th Term, 2020-11-27	2020-11-27	Unicameralism	13. sasaukums	-	Regulārā	2020-11-27	-	COVID	English	Chairperson	MP	notMinister	NA	Nacionālā apvienība "Visu Latvijai!"–"Tēvzemei un Brīvībai/LNNK"	Coalition	Right	MūrnieceInāra	Mūrniece, Ināra	F	-	
ParlaMint-LV-en_2020-11-27-PT13-2152	ParlaMint-LV_2020-11-27-PT13-2152-U326	Latvian parliamentary corpus ParlaMint-LV-en, 13th Term, 2020-11-27	2020-11-27	Unicameralism	13. sasaukums	-	Regulārā	2020-11-27	-	COVID	English	Regular	MP	notMinister	ZZS	Zaļo un Zemnieku savienība	Opposition	Centre to centre-right	ValainisViktors	Valainis, Viktors	M	-	
ParlaMint-LV-en_2020-11-27-PT13-2152	ParlaMint-LV_2020-11-27-PT13-2152-U327	Latvian parliamentary corpus ParlaMint-LV-en, 13th Term, 2020-11-27	2020-11-27	Unicameralism	13. sasaukums	-	Regulārā	2020-11-27	-	COVID	English	Chairperson	MP	notMinister	NA	Nacionālā apvienība "Visu Latvijai!"–"Tēvzemei un Brīvībai/LNNK"	Coalition	Right	MūrnieceInāra	Mūrniece, Ināra	F	-	
ParlaMint-LV-en_2020-11-27-PT13-2152	ParlaMint-LV_2020-11-27-PT13-2152-U328	Latvian parliamentary corpus ParlaMint-LV-en, 13th Term, 2020-11-27	2020-11-27	Unicameralism	13. sasaukums	-	Regulārā	2020-11-27	-	COVID	English	Regular	MP	notMinister	SASKAŅA	SASKAŅA	Opposition	Centre-left	ŠvecovaĻubova	Švecova, Ļubova	F	-	
ParlaMint-LV-en_2020-11-27-PT13-2152	ParlaMint-LV_2020-11-27-PT13-2152-U329	Latvian parliamentary corpus ParlaMint-LV-en, 13th Term, 2020-11-27	2020-11-27	Unicameralism	13. sasaukums	-	Regulārā	2020-11-27	-	COVID	English	Chairperson	MP	notMinister	NA	Nacionālā apvienība "Visu Latvijai!"–"Tēvzemei un Brīvībai/LNNK"	Coalition	Right	MūrnieceInāra	Mūrniece, Ināra	F	-	
ParlaMint-LV-en_2020-11-27-PT13-2152	ParlaMint-LV_2020-11-27-PT13-2152-U330	Latvian parliamentary corpus ParlaMint-LV-en, 13th Term, 2020-11-27	2020-11-27	Unicameralism	13. sasaukums	-	Regulārā	2020-11-27	-	COVID	English	Regular	MP	notMinister	SASKAŅA	SASKAŅA	Opposition	Centre-left	ŠvecovaĻubova	Švecova, Ļubova	F	-	
ParlaMint-LV-en_2020-11-27-PT13-2152	ParlaMint-LV_2020-11-27-PT13-2152-U331	Latvian parliamentary corpus ParlaMint-LV-en, 13th Term, 2020-11-27	2020-11-27	Unicameralism	13. sasaukums	-	Regulārā	2020-11-27	-	COVID	English	Chairperson	MP	notMinister	NA	Nacionālā apvienība "Visu Latvijai!"–"Tēvzemei un Brīvībai/LNNK"	Coalition	Right	MūrnieceInāra	Mūrniece, Ināra	F	-	
ParlaMint-LV-en_2020-11-27-PT13-2152	ParlaMint-LV_2020-11-27-PT13-2152-U332	Latvian parliamentary corpus ParlaMint-LV-en, 13th Term, 2020-11-27	2020-11-27	Unicameralism	13. sasaukums	-	Regulārā	2020-11-27	-	COVID	English	Regular	notMP	notMinister	-	-	-	-	StepaņenkoJūlija	Stepaņenko, Jūlija	F	-	
ParlaMint-LV-en_2020-11-27-PT13-2152	ParlaMint-LV_2020-11-27-PT13-2152-U333	Latvian parliamentary corpus ParlaMint-LV-en, 13th Term, 2020-11-27	2020-11-27	Unicameralism	13. sasaukums	-	Regulārā	2020-11-27	-	COVID	English	Chairperson	MP	notMinister	NA	Nacionālā apvienība "Visu Latvijai!"–"Tēvzemei un Brīvībai/LNNK"	Coalition	Right	MūrnieceInāra	Mūrniece, Ināra	F	-	
ParlaMint-LV-en_2020-11-27-PT13-2152	ParlaMint-LV_2020-11-27-PT13-2152-U334	Latvian parliamentary corpus ParlaMint-LV-en, 13th Term, 2020-11-27	2020-11-27	Unicameralism	13. sasaukums	-	Regulārā	2020-11-27	-	COVID	English	Regular	notMP	notMinister	-	-	-	-	DombrovskisVjačeslavs	Dombrovskis, Vjačeslavs	M	-	
ParlaMint-LV-en_2020-11-27-PT13-2152	ParlaMint-LV_2020-11-27-PT13-2152-U335	Latvian parliamentary corpus ParlaMint-LV-en, 13th Term, 2020-11-27	2020-11-27	Unicameralism	13. sasaukums	-	Regulārā	2020-11-27	-	COVID	English	Chairperson	MP	notMinister	NA	Nacionālā apvienība "Visu Latvijai!"–"Tēvzemei un Brīvībai/LNNK"	Coalition	Right	MūrnieceInāra	Mūrniece, Ināra	F	-	
ParlaMint-LV-en_2020-11-27-PT13-2152	ParlaMint-LV_2020-11-27-PT13-2152-U336	Latvian parliamentary corpus ParlaMint-LV-en, 13th Term, 2020-11-27	2020-11-27	Unicameralism	13. sasaukums	-	Regulārā	2020-11-27	-	COVID	English	Regular	notMP	notMinister	-	-	-	-	DombrovskisVjačeslavs	Dombrovskis, Vjačeslavs	M	-	
ParlaMint-LV-en_2020-11-27-PT13-2152	ParlaMint-LV_2020-11-27-PT13-2152-U337	Latvian parliamentary corpus ParlaMint-LV-en, 13th Term, 2020-11-27	2020-11-27	Unicameralism	13. sasaukums	-	Regulārā	2020-11-27	-	COVID	English	Chairperson	MP	notMinister	NA	Nacionālā apvienība "Visu Latvijai!"–"Tēvzemei un Brīvībai/LNNK"	Coalition	Right	MūrnieceInāra	Mūrniece, Ināra	F	-	
ParlaMint-LV-en_2020-11-27-PT13-2152	ParlaMint-LV_2020-11-27-PT13-2152-U338	Latvian parliamentary corpus ParlaMint-LV-en, 13th Term, 2020-11-27	2020-11-27	Unicameralism	13. sasaukums	-	Regulārā	2020-11-27	-	COVID	English	Regular	notMP	notMinister	-	-	-	-	DombrovskisVjačeslavs	Dombrovskis, Vjačeslavs	M	-	
ParlaMint-LV-en_2020-11-27-PT13-2152	ParlaMint-LV_2020-11-27-PT13-2152-U339	Latvian parliamentary corpus ParlaMint-LV-en, 13th Term, 2020-11-27	2020-11-27	Unicameralism	13. sasaukums	-	Regulārā	2020-11-27	-	COVID	English	Chairperson	MP	notMinister	NA	Nacionālā apvienība "Visu Latvijai!"–"Tēvzemei un Brīvībai/LNNK"	Coalition	Right	MūrnieceInāra	Mūrniece, Ināra	F	-	
ParlaMint-LV-en_2020-11-27-PT13-2152	ParlaMint-LV_2020-11-27-PT13-2152-U340	Latvian parliamentary corpus ParlaMint-LV-en, 13th Term, 2020-11-27	2020-11-27	Unicameralism	13. sasaukums	-	Regulārā	2020-11-27	-	COVID	English	Regular	MP	notMinister	AP	Attīstībai/Par!	Coalition	Centre	ŠteinsMārtiņš	Šteins, Mārtiņš	M	-	
ParlaMint-LV-en_2020-11-27-PT13-2152	ParlaMint-LV_2020-11-27-PT13-2152-U341	Latvian parliamentary corpus ParlaMint-LV-en, 13th Term, 2020-11-27	2020-11-27	Unicameralism	13. sasaukums	-	Regulārā	2020-11-27	-	COVID	English	Chairperson	MP	notMinister	NA	Nacionālā apvienība "Visu Latvijai!"–"Tēvzemei un Brīvībai/LNNK"	Coalition	Right	MūrnieceInāra	Mūrniece, Ināra	F	-	
ParlaMint-LV-en_2020-11-27-PT13-2152	ParlaMint-LV_2020-11-27-PT13-2152-U342	Latvian parliamentary corpus ParlaMint-LV-en, 13th Term, 2020-11-27	2020-11-27	Unicameralism	13. sasaukums	-	Regulārā	2020-11-27	-	COVID	English	Regular	MP	notMinister	AP	Attīstībai/Par!	Coalition	Centre	ŠteinsMārtiņš	Šteins, Mārtiņš	M	-	
ParlaMint-LV-en_2020-11-27-PT13-2152	ParlaMint-LV_2020-11-27-PT13-2152-U343	Latvian parliamentary corpus ParlaMint-LV-en, 13th Term, 2020-11-27	2020-11-27	Unicameralism	13. sasaukums	-	Regulārā	2020-11-27	-	COVID	English	Chairperson	MP	notMinister	NA	Nacionālā apvienība "Visu Latvijai!"–"Tēvzemei un Brīvībai/LNNK"	Coalition	Right	MūrnieceInāra	Mūrniece, Ināra	F	-	
ParlaMint-LV-en_2020-11-27-PT13-2152	ParlaMint-LV_2020-11-27-PT13-2152-U344	Latvian parliamentary corpus ParlaMint-LV-en, 13th Term, 2020-11-27	2020-11-27	Unicameralism	13. sasaukums	-	Regulārā	2020-11-27	-	COVID	English	Regular	MP	notMinister	ZZS	Zaļo un Zemnieku savienība	Opposition	Centre to centre-right	Reizniece-OzolaDana	Reizniece-Ozola, Dana	F	-	
ParlaMint-LV-en_2020-11-27-PT13-2152	ParlaMint-LV_2020-11-27-PT13-2152-U345	Latvian parliamentary corpus ParlaMint-LV-en, 13th Term, 2020-11-27	2020-11-27	Unicameralism	13. sasaukums	-	Regulārā	2020-11-27	-	COVID	English	Chairperson	MP	notMinister	NA	Nacionālā apvienība "Visu Latvijai!"–"Tēvzemei un Brīvībai/LNNK"	Coalition	Right	MūrnieceInāra	Mūrniece, Ināra	F	-	
ParlaMint-LV-en_2020-11-27-PT13-2152	ParlaMint-LV_2020-11-27-PT13-2152-U346	Latvian parliamentary corpus ParlaMint-LV-en, 13th Term, 2020-11-27	2020-11-27	Unicameralism	13. sasaukums	-	Regulārā	2020-11-27	-	COVID	English	Regular	MP	notMinister	AP	Attīstībai/Par!	Coalition	Centre	ŠteinsMārtiņš	Šteins, Mārtiņš	M	-	
ParlaMint-LV-en_2020-11-27-PT13-2152	ParlaMint-LV_2020-11-27-PT13-2152-U347	Latvian parliamentary corpus ParlaMint-LV-en, 13th Term, 2020-11-27	2020-11-27	Unicameralism	13. sasaukums	-	Regulārā	2020-11-27	-	COVID	English	Chairperson	MP	notMinister	NA	Nacionālā apvienība "Visu Latvijai!"–"Tēvzemei un Brīvībai/LNNK"	Coalition	Right	MūrnieceInāra	Mūrniece, Ināra	F	-	
ParlaMint-LV-en_2020-11-27-PT13-2152	ParlaMint-LV_2020-11-27-PT13-2152-U348	Latvian parliamentary corpus ParlaMint-LV-en, 13th Term, 2020-11-27	2020-11-27	Unicameralism	13. sasaukums	-	Regulārā	2020-11-27	-	COVID	English	Regular	MP	notMinister	AP	Attīstībai/Par!	Coalition	Centre	ŠteinsMārtiņš	Šteins, Mārtiņš	M	-	
ParlaMint-LV-en_2020-11-27-PT13-2152	ParlaMint-LV_2020-11-27-PT13-2152-U349	Latvian parliamentary corpus ParlaMint-LV-en, 13th Term, 2020-11-27	2020-11-27	Unicameralism	13. sasaukums	-	Regulārā	2020-11-27	-	COVID	English	Chairperson	MP	notMinister	NA	Nacionālā apvienība "Visu Latvijai!"–"Tēvzemei un Brīvībai/LNNK"	Coalition	Right	MūrnieceInāra	Mūrniece, Ināra	F	-	
ParlaMint-LV-en_2020-11-27-PT13-2152	ParlaMint-LV_2020-11-27-PT13-2152-U350	Latvian parliamentary corpus ParlaMint-LV-en, 13th Term, 2020-11-27	2020-11-27	Unicameralism	13. sasaukums	-	Regulārā	2020-11-27	-	COVID	English	Regular	MP	notMinister	AP	Attīstībai/Par!	Coalition	Centre	ŠteinsMārtiņš	Šteins, Mārtiņš	M	-	
ParlaMint-LV-en_2020-11-27-PT13-2152	ParlaMint-LV_2020-11-27-PT13-2152-U351	Latvian parliamentary corpus ParlaMint-LV-en, 13th Term, 2020-11-27	2020-11-27	Unicameralism	13. sasaukums	-	Regulārā	2020-11-27	-	COVID	English	Chairperson	MP	notMinister	NA	Nacionālā apvienība "Visu Latvijai!"–"Tēvzemei un Brīvībai/LNNK"	Coalition	Right	MūrnieceInāra	Mūrniece, Ināra	F	-	
ParlaMint-LV-en_2020-11-27-PT13-2152	ParlaMint-LV_2020-11-27-PT13-2152-U352	Latvian parliamentary corpus ParlaMint-LV-en, 13th Term, 2020-11-27	2020-11-27	Unicameralism	13. sasaukums	-	Regulārā	2020-11-27	-	COVID	English	Regular	MP	notMinister	ZZS	Zaļo un Zemnieku savienība	Opposition	Centre to centre-right	Reizniece-OzolaDana	Reizniece-Ozola, Dana	F	-	
ParlaMint-LV-en_2020-11-27-PT13-2152	ParlaMint-LV_2020-11-27-PT13-2152-U353	Latvian parliamentary corpus ParlaMint-LV-en, 13th Term, 2020-11-27	2020-11-27	Unicameralism	13. sasaukums	-	Regulārā	2020-11-27	-	COVID	English	Chairperson	MP	notMinister	NA	Nacionālā apvienība "Visu Latvijai!"–"Tēvzemei un Brīvībai/LNNK"	Coalition	Right	MūrnieceInāra	Mūrniece, Ināra	F	-	
ParlaMint-LV-en_2020-11-27-PT13-2152	ParlaMint-LV_2020-11-27-PT13-2152-U354	Latvian parliamentary corpus ParlaMint-LV-en, 13th Term, 2020-11-27	2020-11-27	Unicameralism	13. sasaukums	-	Regulārā	2020-11-27	-	COVID	English	Regular	MP	notMinister	ZZS	Zaļo un Zemnieku savienība	Opposition	Centre to centre-right	ValainisViktors	Valainis, Viktors	M	-	
ParlaMint-LV-en_2020-11-27-PT13-2152	ParlaMint-LV_2020-11-27-PT13-2152-U355	Latvian parliamentary corpus ParlaMint-LV-en, 13th Term, 2020-11-27	2020-11-27	Unicameralism	13. sasaukums	-	Regulārā	2020-11-27	-	COVID	English	Chairperson	MP	notMinister	NA	Nacionālā apvienība "Visu Latvijai!"–"Tēvzemei un Brīvībai/LNNK"	Coalition	Right	MūrnieceInāra	Mūrniece, Ināra	F	-	
ParlaMint-LV-en_2020-11-27-PT13-2152	ParlaMint-LV_2020-11-27-PT13-2152-U356	Latvian parliamentary corpus ParlaMint-LV-en, 13th Term, 2020-11-27	2020-11-27	Unicameralism	13. sasaukums	-	Regulārā	2020-11-27	-	COVID	English	Regular	notMP	notMinister	-	-	-	-	PapuleEvija	Papule, Evija	F	-	
ParlaMint-LV-en_2020-11-27-PT13-2152	ParlaMint-LV_2020-11-27-PT13-2152-U357	Latvian parliamentary corpus ParlaMint-LV-en, 13th Term, 2020-11-27	2020-11-27	Unicameralism	13. sasaukums	-	Regulārā	2020-11-27	-	COVID	English	Chairperson	MP	notMinister	NA	Nacionālā apvienība "Visu Latvijai!"–"Tēvzemei un Brīvībai/LNNK"	Coalition	Right	MūrnieceInāra	Mūrniece, Ināra	F	-	
ParlaMint-LV-en_2020-11-27-PT13-2152	ParlaMint-LV_2020-11-27-PT13-2152-U358	Latvian parliamentary corpus ParlaMint-LV-en, 13th Term, 2020-11-27	2020-11-27	Unicameralism	13. sasaukums	-	Regulārā	2020-11-27	-	COVID	English	Chairperson	MP	notMinister	NA	Nacionālā apvienība "Visu Latvijai!"–"Tēvzemei un Brīvībai/LNNK"	Coalition	Right	MūrnieceInāra	Mūrniece, Ināra	F	-	
ParlaMint-LV-en_2020-11-27-PT13-2152	ParlaMint-LV_2020-11-27-PT13-2152-U359	Latvian parliamentary corpus ParlaMint-LV-en, 13th Term, 2020-11-27	2020-11-27	Unicameralism	13. sasaukums	-	Regulārā	2020-11-27	-	COVID	English	Regular	MP	notMinister	ZZS	Zaļo un Zemnieku savienība	Opposition	Centre to centre-right	Reizniece-OzolaDana	Reizniece-Ozola, Dana	F	-	
ParlaMint-LV-en_2020-11-27-PT13-2152	ParlaMint-LV_2020-11-27-PT13-2152-U360	Latvian parliamentary corpus ParlaMint-LV-en, 13th Term, 2020-11-27	2020-11-27	Unicameralism	13. sasaukums	-	Regulārā	2020-11-27	-	COVID	English	Chairperson	MP	notMinister	NA	Nacionālā apvienība "Visu Latvijai!"–"Tēvzemei un Brīvībai/LNNK"	Coalition	Right	MūrnieceInāra	Mūrniece, Ināra	F	-	
ParlaMint-LV-en_2020-11-27-PT13-2152	ParlaMint-LV_2020-11-27-PT13-2152-U361	Latvian parliamentary corpus ParlaMint-LV-en, 13th Term, 2020-11-27	2020-11-27	Unicameralism	13. sasaukums	-	Regulārā	2020-11-27	-	COVID	English	Regular	MP	notMinister	AP	Attīstībai/Par!	Coalition	Centre	ŠteinsMārtiņš	Šteins, Mārtiņš	M	-	
ParlaMint-LV-en_2020-11-27-PT13-2152	ParlaMint-LV_2020-11-27-PT13-2152-U362	Latvian parliamentary corpus ParlaMint-LV-en, 13th Term, 2020-11-27	2020-11-27	Unicameralism	13. sasaukums	-	Regulārā	2020-11-27	-	COVID	English	Chairperson	MP	notMinister	NA	Nacionālā apvienība "Visu Latvijai!"–"Tēvzemei un Brīvībai/LNNK"	Coalition	Right	MūrnieceInāra	Mūrniece, Ināra	F	-	
ParlaMint-LV-en_2020-11-27-PT13-2152	ParlaMint-LV_2020-11-27-PT13-2152-U363	Latvian parliamentary corpus ParlaMint-LV-en, 13th Term, 2020-11-27	2020-11-27	Unicameralism	13. sasaukums	-	Regulārā	2020-11-27	-	COVID	English	Regular	MP	notMinister	AP	Attīstībai/Par!	Coalition	Centre	ŠteinsMārtiņš	Šteins, Mārtiņš	M	-	
ParlaMint-LV-en_2020-11-27-PT13-2152	ParlaMint-LV_2020-11-27-PT13-2152-U364	Latvian parliamentary corpus ParlaMint-LV-en, 13th Term, 2020-11-27	2020-11-27	Unicameralism	13. sasaukums	-	Regulārā	2020-11-27	-	COVID	English	Chairperson	MP	notMinister	NA	Nacionālā apvienība "Visu Latvijai!"–"Tēvzemei un Brīvībai/LNNK"	Coalition	Right	MūrnieceInāra	Mūrniece, Ināra	F	-	
ParlaMint-LV-en_2020-11-27-PT13-2152	ParlaMint-LV_2020-11-27-PT13-2152-U365	Latvian parliamentary corpus ParlaMint-LV-en, 13th Term, 2020-11-27	2020-11-27	Unicameralism	13. sasaukums	-	Regulārā	2020-11-27	-	COVID	English	Regular	MP	notMinister	ZZS	Zaļo un Zemnieku savienība	Opposition	Centre to centre-right	Reizniece-OzolaDana	Reizniece-Ozola, Dana	F	-	
ParlaMint-LV-en_2020-11-27-PT13-2152	ParlaMint-LV_2020-11-27-PT13-2152-U366	Latvian parliamentary corpus ParlaMint-LV-en, 13th Term, 2020-11-27	2020-11-27	Unicameralism	13. sasaukums	-	Regulārā	2020-11-27	-	COVID	English	Chairperson	MP	notMinister	NA	Nacionālā apvienība "Visu Latvijai!"–"Tēvzemei un Brīvībai/LNNK"	Coalition	Right	MūrnieceInāra	Mūrniece, Ināra	F	-	
ParlaMint-LV-en_2020-11-27-PT13-2152	ParlaMint-LV_2020-11-27-PT13-2152-U367	Latvian parliamentary corpus ParlaMint-LV-en, 13th Term, 2020-11-27	2020-11-27	Unicameralism	13. sasaukums	-	Regulārā	2020-11-27	-	COVID	English	Regular	notMP	notMinister	-	-	-	-	StepaņenkoJūlija	Stepaņenko, Jūlija	F	-	
ParlaMint-LV-en_2020-11-27-PT13-2152	ParlaMint-LV_2020-11-27-PT13-2152-U368	Latvian parliamentary corpus ParlaMint-LV-en, 13th Term, 2020-11-27	2020-11-27	Unicameralism	13. sasaukums	-	Regulārā	2020-11-27	-	COVID	English	Chairperson	MP	notMinister	NA	Nacionālā apvienība "Visu Latvijai!"–"Tēvzemei un Brīvībai/LNNK"	Coalition	Right	MūrnieceInāra	Mūrniece, Ināra	F	-	
ParlaMint-LV-en_2020-11-27-PT13-2152	ParlaMint-LV_2020-11-27-PT13-2152-U369	Latvian parliamentary corpus ParlaMint-LV-en, 13th Term, 2020-11-27	2020-11-27	Unicameralism	13. sasaukums	-	Regulārā	2020-11-27	-	COVID	English	Regular	MP	notMinister	AP	Attīstībai/Par!	Coalition	Centre	ŠteinsMārtiņš	Šteins, Mārtiņš	M	-	
ParlaMint-LV-en_2020-11-27-PT13-2152	ParlaMint-LV_2020-11-27-PT13-2152-U370	Latvian parliamentary corpus ParlaMint-LV-en, 13th Term, 2020-11-27	2020-11-27	Unicameralism	13. sasaukums	-	Regulārā	2020-11-27	-	COVID	English	Chairperson	MP	notMinister	NA	Nacionālā apvienība "Visu Latvijai!"–"Tēvzemei un Brīvībai/LNNK"	Coalition	Right	MūrnieceInāra	Mūrniece, Ināra	F	-	
ParlaMint-LV-en_2020-11-27-PT13-2152	ParlaMint-LV_2020-11-27-PT13-2152-U371	Latvian parliamentary corpus ParlaMint-LV-en, 13th Term, 2020-11-27	2020-11-27	Unicameralism	13. sasaukums	-	Regulārā	2020-11-27	-	COVID	English	Regular	MP	notMinister	AP	Attīstībai/Par!	Coalition	Centre	ŠteinsMārtiņš	Šteins, Mārtiņš	M	-	
ParlaMint-LV-en_2020-11-27-PT13-2152	ParlaMint-LV_2020-11-27-PT13-2152-U372	Latvian parliamentary corpus ParlaMint-LV-en, 13th Term, 2020-11-27	2020-11-27	Unicameralism	13. sasaukums	-	Regulārā	2020-11-27	-	COVID	English	Chairperson	MP	notMinister	NA	Nacionālā apvienība "Visu Latvijai!"–"Tēvzemei un Brīvībai/LNNK"	Coalition	Right	MūrnieceInāra	Mūrniece, Ināra	F	-	
ParlaMint-LV-en_2020-11-27-PT13-2152	ParlaMint-LV_2020-11-27-PT13-2152-U373	Latvian parliamentary corpus ParlaMint-LV-en, 13th Term, 2020-11-27	2020-11-27	Unicameralism	13. sasaukums	-	Regulārā	2020-11-27	-	COVID	English	Regular	MP	notMinister	ZZS	Zaļo un Zemnieku savienība	Opposition	Centre to centre-right	Reizniece-OzolaDana	Reizniece-Ozola, Dana	F	-	
ParlaMint-LV-en_2020-11-27-PT13-2152	ParlaMint-LV_2020-11-27-PT13-2152-U374	Latvian parliamentary corpus ParlaMint-LV-en, 13th Term, 2020-11-27	2020-11-27	Unicameralism	13. sasaukums	-	Regulārā	2020-11-27	-	COVID	English	Chairperson	MP	notMinister	NA	Nacionālā apvienība "Visu Latvijai!"–"Tēvzemei un Brīvībai/LNNK"	Coalition	Right	MūrnieceInāra	Mūrniece, Ināra	F	-	
ParlaMint-LV-en_2020-11-27-PT13-2152	ParlaMint-LV_2020-11-27-PT13-2152-U375	Latvian parliamentary corpus ParlaMint-LV-en, 13th Term, 2020-11-27	2020-11-27	Unicameralism	13. sasaukums	-	Regulārā	2020-11-27	-	COVID	English	Regular	MP	notMinister	SASKAŅA	SASKAŅA	Opposition	Centre-left	ŠvecovaĻubova	Švecova, Ļubova	F	-	
ParlaMint-LV-en_2020-11-27-PT13-2152	ParlaMint-LV_2020-11-27-PT13-2152-U376	Latvian parliamentary corpus ParlaMint-LV-en, 13th Term, 2020-11-27	2020-11-27	Unicameralism	13. sasaukums	-	Regulārā	2020-11-27	-	COVID	English	Chairperson	MP	notMinister	NA	Nacionālā apvienība "Visu Latvijai!"–"Tēvzemei un Brīvībai/LNNK"	Coalition	Right	MūrnieceInāra	Mūrniece, Ināra	F	-	
ParlaMint-LV-en_2020-11-27-PT13-2152	ParlaMint-LV_2020-11-27-PT13-2152-U377	Latvian parliamentary corpus ParlaMint-LV-en, 13th Term, 2020-11-27	2020-11-27	Unicameralism	13. sasaukums	-	Regulārā	2020-11-27	-	COVID	English	Regular	MP	notMinister	AP	Attīstībai/Par!	Coalition	Centre	ŠteinsMārtiņš	Šteins, Mārtiņš	M	-	
ParlaMint-LV-en_2020-11-27-PT13-2152	ParlaMint-LV_2020-11-27-PT13-2152-U378	Latvian parliamentary corpus ParlaMint-LV-en, 13th Term, 2020-11-27	2020-11-27	Unicameralism	13. sasaukums	-	Regulārā	2020-11-27	-	COVID	English	Chairperson	MP	notMinister	NA	Nacionālā apvienība "Visu Latvijai!"–"Tēvzemei un Brīvībai/LNNK"	Coalition	Right	MūrnieceInāra	Mūrniece, Ināra	F	-	
ParlaMint-LV-en_2020-11-27-PT13-2152	ParlaMint-LV_2020-11-27-PT13-2152-U379	Latvian parliamentary corpus ParlaMint-LV-en, 13th Term, 2020-11-27	2020-11-27	Unicameralism	13. sasaukums	-	Regulārā	2020-11-27	-	COVID	English	Regular	MP	notMinister	AP	Attīstībai/Par!	Coalition	Centre	ŠteinsMārtiņš	Šteins, Mārtiņš	M	-	
ParlaMint-LV-en_2020-11-27-PT13-2152	ParlaMint-LV_2020-11-27-PT13-2152-U380	Latvian parliamentary corpus ParlaMint-LV-en, 13th Term, 2020-11-27	2020-11-27	Unicameralism	13. sasaukums	-	Regulārā	2020-11-27	-	COVID	English	Chairperson	MP	notMinister	NA	Nacionālā apvienība "Visu Latvijai!"–"Tēvzemei un Brīvībai/LNNK"	Coalition	Right	MūrnieceInāra	Mūrniece, Ināra	F	-	
ParlaMint-LV-en_2020-11-27-PT13-2152	ParlaMint-LV_2020-11-27-PT13-2152-U381	Latvian parliamentary corpus ParlaMint-LV-en, 13th Term, 2020-11-27	2020-11-27	Unicameralism	13. sasaukums	-	Regulārā	2020-11-27	-	COVID	English	Regular	MP	notMinister	ZZS	Zaļo un Zemnieku savienība	Opposition	Centre to centre-right	Reizniece-OzolaDana	Reizniece-Ozola, Dana	F	-	
ParlaMint-LV-en_2020-11-27-PT13-2152	ParlaMint-LV_2020-11-27-PT13-2152-U382	Latvian parliamentary corpus ParlaMint-LV-en, 13th Term, 2020-11-27	2020-11-27	Unicameralism	13. sasaukums	-	Regulārā	2020-11-27	-	COVID	English	Chairperson	MP	notMinister	NA	Nacionālā apvienība "Visu Latvijai!"–"Tēvzemei un Brīvībai/LNNK"	Coalition	Right	MūrnieceInāra	Mūrniece, Ināra	F	-	
ParlaMint-LV-en_2020-11-27-PT13-2152	ParlaMint-LV_2020-11-27-PT13-2152-U383	Latvian parliamentary corpus ParlaMint-LV-en, 13th Term, 2020-11-27	2020-11-27	Unicameralism	13. sasaukums	-	Regulārā	2020-11-27	-	COVID	English	Regular	MP	notMinister	SASKAŅA	SASKAŅA	Opposition	Centre-left	ŠvecovaĻubova	Švecova, Ļubova	F	-	
ParlaMint-LV-en_2020-11-27-PT13-2152	ParlaMint-LV_2020-11-27-PT13-2152-U384	Latvian parliamentary corpus ParlaMint-LV-en, 13th Term, 2020-11-27	2020-11-27	Unicameralism	13. sasaukums	-	Regulārā	2020-11-27	-	COVID	English	Chairperson	MP	notMinister	NA	Nacionālā apvienība "Visu Latvijai!"–"Tēvzemei un Brīvībai/LNNK"	Coalition	Right	MūrnieceInāra	Mūrniece, Ināra	F	-	
ParlaMint-LV-en_2020-11-27-PT13-2152	ParlaMint-LV_2020-11-27-PT13-2152-U385	Latvian parliamentary corpus ParlaMint-LV-en, 13th Term, 2020-11-27	2020-11-27	Unicameralism	13. sasaukums	-	Regulārā	2020-11-27	-	COVID	English	Regular	notMP	notMinister	-	-	-	-	StepaņenkoJūlija	Stepaņenko, Jūlija	F	-	
ParlaMint-LV-en_2020-11-27-PT13-2152	ParlaMint-LV_2020-11-27-PT13-2152-U386	Latvian parliamentary corpus ParlaMint-LV-en, 13th Term, 2020-11-27	2020-11-27	Unicameralism	13. sasaukums	-	Regulārā	2020-11-27	-	COVID	English	Chairperson	MP	notMinister	NA	Nacionālā apvienība "Visu Latvijai!"–"Tēvzemei un Brīvībai/LNNK"	Coalition	Right	MūrnieceInāra	Mūrniece, Ināra	F	-	
ParlaMint-LV-en_2020-11-27-PT13-2152	ParlaMint-LV_2020-11-27-PT13-2152-U387	Latvian parliamentary corpus ParlaMint-LV-en, 13th Term, 2020-11-27	2020-11-27	Unicameralism	13. sasaukums	-	Regulārā	2020-11-27	-	COVID	English	Regular	MP	notMinister	AP	Attīstībai/Par!	Coalition	Centre	ŠteinsMārtiņš	Šteins, Mārtiņš	M	-	
ParlaMint-LV-en_2020-11-27-PT13-2152	ParlaMint-LV_2020-11-27-PT13-2152-U388	Latvian parliamentary corpus ParlaMint-LV-en, 13th Term, 2020-11-27	2020-11-27	Unicameralism	13. sasaukums	-	Regulārā	2020-11-27	-	COVID	English	Chairperson	MP	notMinister	NA	Nacionālā apvienība "Visu Latvijai!"–"Tēvzemei un Brīvībai/LNNK"	Coalition	Right	MūrnieceInāra	Mūrniece, Ināra	F	-	
ParlaMint-LV-en_2020-11-27-PT13-2152	ParlaMint-LV_2020-11-27-PT13-2152-U389	Latvian parliamentary corpus ParlaMint-LV-en, 13th Term, 2020-11-27	2020-11-27	Unicameralism	13. sasaukums	-	Regulārā	2020-11-27	-	COVID	English	Regular	MP	notMinister	AP	Attīstībai/Par!	Coalition	Centre	ŠteinsMārtiņš	Šteins, Mārtiņš	M	-	
ParlaMint-LV-en_2020-11-27-PT13-2152	ParlaMint-LV_2020-11-27-PT13-2152-U390	Latvian parliamentary corpus ParlaMint-LV-en, 13th Term, 2020-11-27	2020-11-27	Unicameralism	13. sasaukums	-	Regulārā	2020-11-27	-	COVID	English	Chairperson	MP	notMinister	NA	Nacionālā apvienība "Visu Latvijai!"–"Tēvzemei un Brīvībai/LNNK"	Coalition	Right	MūrnieceInāra	Mūrniece, Ināra	F	-	
ParlaMint-LV-en_2020-11-27-PT13-2152	ParlaMint-LV_2020-11-27-PT13-2152-U391	Latvian parliamentary corpus ParlaMint-LV-en, 13th Term, 2020-11-27	2020-11-27	Unicameralism	13. sasaukums	-	Regulārā	2020-11-27	-	COVID	English	Regular	MP	notMinister	AP	Attīstībai/Par!	Coalition	Centre	ŠteinsMārtiņš	Šteins, Mārtiņš	M	-	
ParlaMint-LV-en_2020-11-27-PT13-2152	ParlaMint-LV_2020-11-27-PT13-2152-U392	Latvian parliamentary corpus ParlaMint-LV-en, 13th Term, 2020-11-27	2020-11-27	Unicameralism	13. sasaukums	-	Regulārā	2020-11-27	-	COVID	English	Chairperson	MP	notMinister	NA	Nacionālā apvienība "Visu Latvijai!"–"Tēvzemei un Brīvībai/LNNK"	Coalition	Right	MūrnieceInāra	Mūrniece, Ināra	F	-	
ParlaMint-LV-en_2020-11-27-PT13-2152	ParlaMint-LV_2020-11-27-PT13-2152-U393	Latvian parliamentary corpus ParlaMint-LV-en, 13th Term, 2020-11-27	2020-11-27	Unicameralism	13. sasaukums	-	Regulārā	2020-11-27	-	COVID	English	Regular	MP	notMinister	AP	Attīstībai/Par!	Coalition	Centre	ŠteinsMārtiņš	Šteins, Mārtiņš	M	-	
ParlaMint-LV-en_2020-11-27-PT13-2152	ParlaMint-LV_2020-11-27-PT13-2152-U394	Latvian parliamentary corpus ParlaMint-LV-en, 13th Term, 2020-11-27	2020-11-27	Unicameralism	13. sasaukums	-	Regulārā	2020-11-27	-	COVID	English	Chairperson	MP	notMinister	NA	Nacionālā apvienība "Visu Latvijai!"–"Tēvzemei un Brīvībai/LNNK"	Coalition	Right	MūrnieceInāra	Mūrniece, Ināra	F	-	
ParlaMint-LV-en_2020-11-27-PT13-2152	ParlaMint-LV_2020-11-27-PT13-2152-U395	Latvian parliamentary corpus ParlaMint-LV-en, 13th Term, 2020-11-27	2020-11-27	Unicameralism	13. sasaukums	-	Regulārā	2020-11-27	-	COVID	English	Regular	MP	notMinister	AP	Attīstībai/Par!	Coalition	Centre	ŠteinsMārtiņš	Šteins, Mārtiņš	M	-	
ParlaMint-LV-en_2020-11-27-PT13-2152	ParlaMint-LV_2020-11-27-PT13-2152-U396	Latvian parliamentary corpus ParlaMint-LV-en, 13th Term, 2020-11-27	2020-11-27	Unicameralism	13. sasaukums	-	Regulārā	2020-11-27	-	COVID	English	Chairperson	MP	notMinister	NA	Nacionālā apvienība "Visu Latvijai!"–"Tēvzemei un Brīvībai/LNNK"	Coalition	Right	MūrnieceInāra	Mūrniece, Ināra	F	-	
ParlaMint-LV-en_2020-11-27-PT13-2152	ParlaMint-LV_2020-11-27-PT13-2152-U397	Latvian parliamentary corpus ParlaMint-LV-en, 13th Term, 2020-11-27	2020-11-27	Unicameralism	13. sasaukums	-	Regulārā	2020-11-27	-	COVID	English	Regular	MP	notMinister	ZZS	Zaļo un Zemnieku savienība	Opposition	Centre to centre-right	Reizniece-OzolaDana	Reizniece-Ozola, Dana	F	-	
ParlaMint-LV-en_2020-11-27-PT13-2152	ParlaMint-LV_2020-11-27-PT13-2152-U398	Latvian parliamentary corpus ParlaMint-LV-en, 13th Term, 2020-11-27	2020-11-27	Unicameralism	13. sasaukums	-	Regulārā	2020-11-27	-	COVID	English	Chairperson	MP	notMinister	NA	Nacionālā apvienība "Visu Latvijai!"–"Tēvzemei un Brīvībai/LNNK"	Coalition	Right	MūrnieceInāra	Mūrniece, Ināra	F	-	
ParlaMint-LV-en_2020-11-27-PT13-2152	ParlaMint-LV_2020-11-27-PT13-2152-U399	Latvian parliamentary corpus ParlaMint-LV-en, 13th Term, 2020-11-27	2020-11-27	Unicameralism	13. sasaukums	-	Regulārā	2020-11-27	-	COVID	English	Regular	MP	notMinister	AP	Attīstībai/Par!	Coalition	Centre	ŠteinsMārtiņš	Šteins, Mārtiņš	M	-	
ParlaMint-LV-en_2020-11-27-PT13-2152	ParlaMint-LV_2020-11-27-PT13-2152-U400	Latvian parliamentary corpus ParlaMint-LV-en, 13th Term, 2020-11-27	2020-11-27	Unicameralism	13. sasaukums	-	Regulārā	2020-11-27	-	COVID	English	Chairperson	MP	notMinister	NA	Nacionālā apvienība "Visu Latvijai!"–"Tēvzemei un Brīvībai/LNNK"	Coalition	Right	MūrnieceInāra	Mūrniece, Ināra	F	-	
ParlaMint-LV-en_2020-11-27-PT13-2152	ParlaMint-LV_2020-11-27-PT13-2152-U401	Latvian parliamentary corpus ParlaMint-LV-en, 13th Term, 2020-11-27	2020-11-27	Unicameralism	13. sasaukums	-	Regulārā	2020-11-27	-	COVID	English	Regular	MP	notMinister	AP	Attīstībai/Par!	Coalition	Centre	ŠteinsMārtiņš	Šteins, Mārtiņš	M	-	
ParlaMint-LV-en_2020-11-27-PT13-2152	ParlaMint-LV_2020-11-27-PT13-2152-U402	Latvian parliamentary corpus ParlaMint-LV-en, 13th Term, 2020-11-27	2020-11-27	Unicameralism	13. sasaukums	-	Regulārā	2020-11-27	-	COVID	English	Chairperson	MP	notMinister	NA	Nacionālā apvienība "Visu Latvijai!"–"Tēvzemei un Brīvībai/LNNK"	Coalition	Right	MūrnieceInāra	Mūrniece, Ināra	F	-	
ParlaMint-LV-en_2020-11-27-PT13-2152	ParlaMint-LV_2020-11-27-PT13-2152-U403	Latvian parliamentary corpus ParlaMint-LV-en, 13th Term, 2020-11-27	2020-11-27	Unicameralism	13. sasaukums	-	Regulārā	2020-11-27	-	COVID	English	Regular	MP	notMinister	AP	Attīstībai/Par!	Coalition	Centre	ŠteinsMārtiņš	Šteins, Mārtiņš	M	-	
ParlaMint-LV-en_2020-11-27-PT13-2152	ParlaMint-LV_2020-11-27-PT13-2152-U404	Latvian parliamentary corpus ParlaMint-LV-en, 13th Term, 2020-11-27	2020-11-27	Unicameralism	13. sasaukums	-	Regulārā	2020-11-27	-	COVID	English	Chairperson	MP	notMinister	NA	Nacionālā apvienība "Visu Latvijai!"–"Tēvzemei un Brīvībai/LNNK"	Coalition	Right	MūrnieceInāra	Mūrniece, Ināra	F	-	
ParlaMint-LV-en_2020-11-27-PT13-2152	ParlaMint-LV_2020-11-27-PT13-2152-U405	Latvian parliamentary corpus ParlaMint-LV-en, 13th Term, 2020-11-27	2020-11-27	Unicameralism	13. sasaukums	-	Regulārā	2020-11-27	-	COVID	English	Regular	MP	notMinister	ZZS	Zaļo un Zemnieku savienība	Opposition	Centre to centre-right	Reizniece-OzolaDana	Reizniece-Ozola, Dana	F	-	
ParlaMint-LV-en_2020-11-27-PT13-2152	ParlaMint-LV_2020-11-27-PT13-2152-U406	Latvian parliamentary corpus ParlaMint-LV-en, 13th Term, 2020-11-27	2020-11-27	Unicameralism	13. sasaukums	-	Regulārā	2020-11-27	-	COVID	English	Chairperson	MP	notMinister	NA	Nacionālā apvienība "Visu Latvijai!"–"Tēvzemei un Brīvībai/LNNK"	Coalition	Right	MūrnieceInāra	Mūrniece, Ināra	F	-	
ParlaMint-LV-en_2020-11-27-PT13-2152	ParlaMint-LV_2020-11-27-PT13-2152-U407	Latvian parliamentary corpus ParlaMint-LV-en, 13th Term, 2020-11-27	2020-11-27	Unicameralism	13. sasaukums	-	Regulārā	2020-11-27	-	COVID	English	Regular	MP	notMinister	AP	Attīstībai/Par!	Coalition	Centre	ŠteinsMārtiņš	Šteins, Mārtiņš	M	-	
ParlaMint-LV-en_2020-11-27-PT13-2152	ParlaMint-LV_2020-11-27-PT13-2152-U408	Latvian parliamentary corpus ParlaMint-LV-en, 13th Term, 2020-11-27	2020-11-27	Unicameralism	13. sasaukums	-	Regulārā	2020-11-27	-	COVID	English	Chairperson	MP	notMinister	NA	Nacionālā apvienība "Visu Latvijai!"–"Tēvzemei un Brīvībai/LNNK"	Coalition	Right	MūrnieceInāra	Mūrniece, Ināra	F	-	
ParlaMint-LV-en_2020-11-27-PT13-2152	ParlaMint-LV_2020-11-27-PT13-2152-U409	Latvian parliamentary corpus ParlaMint-LV-en, 13th Term, 2020-11-27	2020-11-27	Unicameralism	13. sasaukums	-	Regulārā	2020-11-27	-	COVID	English	Regular	MP	notMinister	AP	Attīstībai/Par!	Coalition	Centre	ŠteinsMārtiņš	Šteins, Mārtiņš	M	-	
ParlaMint-LV-en_2020-11-27-PT13-2152	ParlaMint-LV_2020-11-27-PT13-2152-U410	Latvian parliamentary corpus ParlaMint-LV-en, 13th Term, 2020-11-27	2020-11-27	Unicameralism	13. sasaukums	-	Regulārā	2020-11-27	-	COVID	English	Chairperson	MP	notMinister	NA	Nacionālā apvienība "Visu Latvijai!"–"Tēvzemei un Brīvībai/LNNK"	Coalition	Right	MūrnieceInāra	Mūrniece, Ināra	F	-	
ParlaMint-LV-en_2020-11-27-PT13-2152	ParlaMint-LV_2020-11-27-PT13-2152-U411	Latvian parliamentary corpus ParlaMint-LV-en, 13th Term, 2020-11-27	2020-11-27	Unicameralism	13. sasaukums	-	Regulārā	2020-11-27	-	COVID	English	Regular	MP	notMinister	AP	Attīstībai/Par!	Coalition	Centre	ŠteinsMārtiņš	Šteins, Mārtiņš	M	-	
ParlaMint-LV-en_2020-11-27-PT13-2152	ParlaMint-LV_2020-11-27-PT13-2152-U412	Latvian parliamentary corpus ParlaMint-LV-en, 13th Term, 2020-11-27	2020-11-27	Unicameralism	13. sasaukums	-	Regulārā	2020-11-27	-	COVID	English	Chairperson	MP	notMinister	NA	Nacionālā apvienība "Visu Latvijai!"–"Tēvzemei un Brīvībai/LNNK"	Coalition	Right	MūrnieceInāra	Mūrniece, Ināra	F	-	
ParlaMint-LV-en_2020-11-27-PT13-2152	ParlaMint-LV_2020-11-27-PT13-2152-U413	Latvian parliamentary corpus ParlaMint-LV-en, 13th Term, 2020-11-27	2020-11-27	Unicameralism	13. sasaukums	-	Regulārā	2020-11-27	-	COVID	English	Regular	MP	notMinister	AP	Attīstībai/Par!	Coalition	Centre	ŠteinsMārtiņš	Šteins, Mārtiņš	M	-	
ParlaMint-LV-en_2020-11-27-PT13-2152	ParlaMint-LV_2020-11-27-PT13-2152-U414	Latvian parliamentary corpus ParlaMint-LV-en, 13th Term, 2020-11-27	2020-11-27	Unicameralism	13. sasaukums	-	Regulārā	2020-11-27	-	COVID	English	Chairperson	MP	notMinister	NA	Nacionālā apvienība "Visu Latvijai!"–"Tēvzemei un Brīvībai/LNNK"	Coalition	Right	MūrnieceInāra	Mūrniece, Ināra	F	-	
ParlaMint-LV-en_2020-11-27-PT13-2152	ParlaMint-LV_2020-11-27-PT13-2152-U415	Latvian parliamentary corpus ParlaMint-LV-en, 13th Term, 2020-11-27	2020-11-27	Unicameralism	13. sasaukums	-	Regulārā	2020-11-27	-	COVID	English	Regular	MP	notMinister	ZZS	Zaļo un Zemnieku savienība	Opposition	Centre to centre-right	Reizniece-OzolaDana	Reizniece-Ozola, Dana	F	-	
ParlaMint-LV-en_2020-11-27-PT13-2152	ParlaMint-LV_2020-11-27-PT13-2152-U416	Latvian parliamentary corpus ParlaMint-LV-en, 13th Term, 2020-11-27	2020-11-27	Unicameralism	13. sasaukums	-	Regulārā	2020-11-27	-	COVID	English	Chairperson	MP	notMinister	NA	Nacionālā apvienība "Visu Latvijai!"–"Tēvzemei un Brīvībai/LNNK"	Coalition	Right	MūrnieceInāra	Mūrniece, Ināra	F	-	
ParlaMint-LV-en_2020-11-27-PT13-2152	ParlaMint-LV_2020-11-27-PT13-2152-U417	Latvian parliamentary corpus ParlaMint-LV-en, 13th Term, 2020-11-27	2020-11-27	Unicameralism	13. sasaukums	-	Regulārā	2020-11-27	-	COVID	English	Regular	notMP	notMinister	-	-	-	-	StepaņenkoJūlija	Stepaņenko, Jūlija	F	-	
ParlaMint-LV-en_2020-11-27-PT13-2152	ParlaMint-LV_2020-11-27-PT13-2152-U418	Latvian parliamentary corpus ParlaMint-LV-en, 13th Term, 2020-11-27	2020-11-27	Unicameralism	13. sasaukums	-	Regulārā	2020-11-27	-	COVID	English	Chairperson	MP	notMinister	NA	Nacionālā apvienība "Visu Latvijai!"–"Tēvzemei un Brīvībai/LNNK"	Coalition	Right	MūrnieceInāra	Mūrniece, Ināra	F	-	
ParlaMint-LV-en_2020-11-27-PT13-2152	ParlaMint-LV_2020-11-27-PT13-2152-U419	Latvian parliamentary corpus ParlaMint-LV-en, 13th Term, 2020-11-27	2020-11-27	Unicameralism	13. sasaukums	-	Regulārā	2020-11-27	-	COVID	English	Regular	notMP	notMinister	-	-	-	-	StepaņenkoJūlija	Stepaņenko, Jūlija	F	-	
ParlaMint-LV-en_2020-11-27-PT13-2152	ParlaMint-LV_2020-11-27-PT13-2152-U420	Latvian parliamentary corpus ParlaMint-LV-en, 13th Term, 2020-11-27	2020-11-27	Unicameralism	13. sasaukums	-	Regulārā	2020-11-27	-	COVID	English	Chairperson	MP	notMinister	NA	Nacionālā apvienība "Visu Latvijai!"–"Tēvzemei un Brīvībai/LNNK"	Coalition	Right	MūrnieceInāra	Mūrniece, Ināra	F	-	
ParlaMint-LV-en_2020-11-27-PT13-2152	ParlaMint-LV_2020-11-27-PT13-2152-U421	Latvian parliamentary corpus ParlaMint-LV-en, 13th Term, 2020-11-27	2020-11-27	Unicameralism	13. sasaukums	-	Regulārā	2020-11-27	-	COVID	English	Regular	MP	notMinister	AP	Attīstībai/Par!	Coalition	Centre	ŠteinsMārtiņš	Šteins, Mārtiņš	M	-	
ParlaMint-LV-en_2020-11-27-PT13-2152	ParlaMint-LV_2020-11-27-PT13-2152-U422	Latvian parliamentary corpus ParlaMint-LV-en, 13th Term, 2020-11-27	2020-11-27	Unicameralism	13. sasaukums	-	Regulārā	2020-11-27	-	COVID	English	Chairperson	MP	notMinister	NA	Nacionālā apvienība "Visu Latvijai!"–"Tēvzemei un Brīvībai/LNNK"	Coalition	Right	MūrnieceInāra	Mūrniece, Ināra	F	-	
ParlaMint-LV-en_2020-11-27-PT13-2152	ParlaMint-LV_2020-11-27-PT13-2152-U423	Latvian parliamentary corpus ParlaMint-LV-en, 13th Term, 2020-11-27	2020-11-27	Unicameralism	13. sasaukums	-	Regulārā	2020-11-27	-	COVID	English	Regular	MP	notMinister	AP	Attīstībai/Par!	Coalition	Centre	ŠteinsMārtiņš	Šteins, Mārtiņš	M	-	
ParlaMint-LV-en_2020-11-27-PT13-2152	ParlaMint-LV_2020-11-27-PT13-2152-U424	Latvian parliamentary corpus ParlaMint-LV-en, 13th Term, 2020-11-27	2020-11-27	Unicameralism	13. sasaukums	-	Regulārā	2020-11-27	-	COVID	English	Chairperson	MP	notMinister	NA	Nacionālā apvienība "Visu Latvijai!"–"Tēvzemei un Brīvībai/LNNK"	Coalition	Right	MūrnieceInāra	Mūrniece, Ināra	F	-	
ParlaMint-LV-en_2020-11-27-PT13-2152	ParlaMint-LV_2020-11-27-PT13-2152-U425	Latvian parliamentary corpus ParlaMint-LV-en, 13th Term, 2020-11-27	2020-11-27	Unicameralism	13. sasaukums	-	Regulārā	2020-11-27	-	COVID	English	Regular	MP	notMinister	SASKAŅA	SASKAŅA	Opposition	Centre-left	PimenovsIgors	Pimenovs, Igors	M	-	
ParlaMint-LV-en_2020-11-27-PT13-2152	ParlaMint-LV_2020-11-27-PT13-2152-U426	Latvian parliamentary corpus ParlaMint-LV-en, 13th Term, 2020-11-27	2020-11-27	Unicameralism	13. sasaukums	-	Regulārā	2020-11-27	-	COVID	English	Chairperson	MP	notMinister	NA	Nacionālā apvienība "Visu Latvijai!"–"Tēvzemei un Brīvībai/LNNK"	Coalition	Right	MūrnieceInāra	Mūrniece, Ināra	F	-	
ParlaMint-LV-en_2020-11-27-PT13-2152	ParlaMint-LV_2020-11-27-PT13-2152-U427	Latvian parliamentary corpus ParlaMint-LV-en, 13th Term, 2020-11-27	2020-11-27	Unicameralism	13. sasaukums	-	Regulārā	2020-11-27	-	COVID	English	Regular	MP	notMinister	AP	Attīstībai/Par!	Coalition	Centre	ŠteinsMārtiņš	Šteins, Mārtiņš	M	-	
ParlaMint-LV-en_2020-11-27-PT13-2152	ParlaMint-LV_2020-11-27-PT13-2152-U428	Latvian parliamentary corpus ParlaMint-LV-en, 13th Term, 2020-11-27	2020-11-27	Unicameralism	13. sasaukums	-	Regulārā	2020-11-27	-	COVID	English	Chairperson	MP	notMinister	NA	Nacionālā apvienība "Visu Latvijai!"–"Tēvzemei un Brīvībai/LNNK"	Coalition	Right	MūrnieceInāra	Mūrniece, Ināra	F	-	
ParlaMint-LV-en_2020-11-27-PT13-2152	ParlaMint-LV_2020-11-27-PT13-2152-U429	Latvian parliamentary corpus ParlaMint-LV-en, 13th Term, 2020-11-27	2020-11-27	Unicameralism	13. sasaukums	-	Regulārā	2020-11-27	-	COVID	English	Regular	MP	notMinister	AP	Attīstībai/Par!	Coalition	Centre	ŠteinsMārtiņš	Šteins, Mārtiņš	M	-	
ParlaMint-LV-en_2020-11-27-PT13-2152	ParlaMint-LV_2020-11-27-PT13-2152-U430	Latvian parliamentary corpus ParlaMint-LV-en, 13th Term, 2020-11-27	2020-11-27	Unicameralism	13. sasaukums	-	Regulārā	2020-11-27	-	COVID	English	Chairperson	MP	notMinister	NA	Nacionālā apvienība "Visu Latvijai!"–"Tēvzemei un Brīvībai/LNNK"	Coalition	Right	MūrnieceInāra	Mūrniece, Ināra	F	-	
ParlaMint-LV-en_2020-11-27-PT13-2152	ParlaMint-LV_2020-11-27-PT13-2152-U431	Latvian parliamentary corpus ParlaMint-LV-en, 13th Term, 2020-11-27	2020-11-27	Unicameralism	13. sasaukums	-	Regulārā	2020-11-27	-	COVID	English	Regular	MP	notMinister	ZZS	Zaļo un Zemnieku savienība	Opposition	Centre to centre-right	Reizniece-OzolaDana	Reizniece-Ozola, Dana	F	-	
ParlaMint-LV-en_2020-11-27-PT13-2152	ParlaMint-LV_2020-11-27-PT13-2152-U432	Latvian parliamentary corpus ParlaMint-LV-en, 13th Term, 2020-11-27	2020-11-27	Unicameralism	13. sasaukums	-	Regulārā	2020-11-27	-	COVID	English	Chairperson	MP	notMinister	NA	Nacionālā apvienība "Visu Latvijai!"–"Tēvzemei un Brīvībai/LNNK"	Coalition	Right	MūrnieceInāra	Mūrniece, Ināra	F	-	
ParlaMint-LV-en_2020-11-27-PT13-2152	ParlaMint-LV_2020-11-27-PT13-2152-U433	Latvian parliamentary corpus ParlaMint-LV-en, 13th Term, 2020-11-27	2020-11-27	Unicameralism	13. sasaukums	-	Regulārā	2020-11-27	-	COVID	English	Regular	MP	notMinister	AP	Attīstībai/Par!	Coalition	Centre	ŠteinsMārtiņš	Šteins, Mārtiņš	M	-	
ParlaMint-LV-en_2020-11-27-PT13-2152	ParlaMint-LV_2020-11-27-PT13-2152-U434	Latvian parliamentary corpus ParlaMint-LV-en, 13th Term, 2020-11-27	2020-11-27	Unicameralism	13. sasaukums	-	Regulārā	2020-11-27	-	COVID	English	Chairperson	MP	notMinister	NA	Nacionālā apvienība "Visu Latvijai!"–"Tēvzemei un Brīvībai/LNNK"	Coalition	Right	MūrnieceInāra	Mūrniece, Ināra	F	-	
ParlaMint-LV-en_2020-11-27-PT13-2152	ParlaMint-LV_2020-11-27-PT13-2152-U435	Latvian parliamentary corpus ParlaMint-LV-en, 13th Term, 2020-11-27	2020-11-27	Unicameralism	13. sasaukums	-	Regulārā	2020-11-27	-	COVID	English	Regular	MP	notMinister	AP	Attīstībai/Par!	Coalition	Centre	ŠteinsMārtiņš	Šteins, Mārtiņš	M	-	
ParlaMint-LV-en_2020-11-27-PT13-2152	ParlaMint-LV_2020-11-27-PT13-2152-U436	Latvian parliamentary corpus ParlaMint-LV-en, 13th Term, 2020-11-27	2020-11-27	Unicameralism	13. sasaukums	-	Regulārā	2020-11-27	-	COVID	English	Chairperson	MP	notMinister	NA	Nacionālā apvienība "Visu Latvijai!"–"Tēvzemei un Brīvībai/LNNK"	Coalition	Right	MūrnieceInāra	Mūrniece, Ināra	F	-	
ParlaMint-LV-en_2020-11-27-PT13-2152	ParlaMint-LV_2020-11-27-PT13-2152-U437	Latvian parliamentary corpus ParlaMint-LV-en, 13th Term, 2020-11-27	2020-11-27	Unicameralism	13. sasaukums	-	Regulārā	2020-11-27	-	COVID	English	Regular	MP	notMinister	AP	Attīstībai/Par!	Coalition	Centre	ŠteinsMārtiņš	Šteins, Mārtiņš	M	-	
ParlaMint-LV-en_2020-11-27-PT13-2152	ParlaMint-LV_2020-11-27-PT13-2152-U438	Latvian parliamentary corpus ParlaMint-LV-en, 13th Term, 2020-11-27	2020-11-27	Unicameralism	13. sasaukums	-	Regulārā	2020-11-27	-	COVID	English	Chairperson	MP	notMinister	NA	Nacionālā apvienība "Visu Latvijai!"–"Tēvzemei un Brīvībai/LNNK"	Coalition	Right	MūrnieceInāra	Mūrniece, Ināra	F	-	
ParlaMint-LV-en_2020-11-27-PT13-2152	ParlaMint-LV_2020-11-27-PT13-2152-U439	Latvian parliamentary corpus ParlaMint-LV-en, 13th Term, 2020-11-27	2020-11-27	Unicameralism	13. sasaukums	-	Regulārā	2020-11-27	-	COVID	English	Regular	MP	notMinister	AP	Attīstībai/Par!	Coalition	Centre	ŠteinsMārtiņš	Šteins, Mārtiņš	M	-	
ParlaMint-LV-en_2020-11-27-PT13-2152	ParlaMint-LV_2020-11-27-PT13-2152-U440	Latvian parliamentary corpus ParlaMint-LV-en, 13th Term, 2020-11-27	2020-11-27	Unicameralism	13. sasaukums	-	Regulārā	2020-11-27	-	COVID	English	Chairperson	MP	notMinister	NA	Nacionālā apvienība "Visu Latvijai!"–"Tēvzemei un Brīvībai/LNNK"	Coalition	Right	MūrnieceInāra	Mūrniece, Ināra	F	-	
ParlaMint-LV-en_2020-11-27-PT13-2152	ParlaMint-LV_2020-11-27-PT13-2152-U441	Latvian parliamentary corpus ParlaMint-LV-en, 13th Term, 2020-11-27	2020-11-27	Unicameralism	13. sasaukums	-	Regulārā	2020-11-27	-	COVID	English	Regular	MP	notMinister	SASKAŅA	SASKAŅA	Opposition	Centre-left	PimenovsIgors	Pimenovs, Igors	M	-	
ParlaMint-LV-en_2020-11-27-PT13-2152	ParlaMint-LV_2020-11-27-PT13-2152-U442	Latvian parliamentary corpus ParlaMint-LV-en, 13th Term, 2020-11-27	2020-11-27	Unicameralism	13. sasaukums	-	Regulārā	2020-11-27	-	COVID	English	Chairperson	MP	notMinister	NA	Nacionālā apvienība "Visu Latvijai!"–"Tēvzemei un Brīvībai/LNNK"	Coalition	Right	MūrnieceInāra	Mūrniece, Ināra	F	-	
ParlaMint-LV-en_2020-11-27-PT13-2152	ParlaMint-LV_2020-11-27-PT13-2152-U443	Latvian parliamentary corpus ParlaMint-LV-en, 13th Term, 2020-11-27	2020-11-27	Unicameralism	13. sasaukums	-	Regulārā	2020-11-27	-	COVID	English	Regular	MP	notMinister	AP	Attīstībai/Par!	Coalition	Centre	ŠteinsMārtiņš	Šteins, Mārtiņš	M	-	
ParlaMint-LV-en_2020-11-27-PT13-2152	ParlaMint-LV_2020-11-27-PT13-2152-U444	Latvian parliamentary corpus ParlaMint-LV-en, 13th Term, 2020-11-27	2020-11-27	Unicameralism	13. sasaukums	-	Regulārā	2020-11-27	-	COVID	English	Chairperson	MP	notMinister	NA	Nacionālā apvienība "Visu Latvijai!"–"Tēvzemei un Brīvībai/LNNK"	Coalition	Right	MūrnieceInāra	Mūrniece, Ināra	F	-	
ParlaMint-LV-en_2020-11-27-PT13-2152	ParlaMint-LV_2020-11-27-PT13-2152-U445	Latvian parliamentary corpus ParlaMint-LV-en, 13th Term, 2020-11-27	2020-11-27	Unicameralism	13. sasaukums	-	Regulārā	2020-11-27	-	COVID	English	Regular	MP	notMinister	AP	Attīstībai/Par!	Coalition	Centre	ŠteinsMārtiņš	Šteins, Mārtiņš	M	-	
ParlaMint-LV-en_2020-11-27-PT13-2152	ParlaMint-LV_2020-11-27-PT13-2152-U446	Latvian parliamentary corpus ParlaMint-LV-en, 13th Term, 2020-11-27	2020-11-27	Unicameralism	13. sasaukums	-	Regulārā	2020-11-27	-	COVID	English	Chairperson	MP	notMinister	NA	Nacionālā apvienība "Visu Latvijai!"–"Tēvzemei un Brīvībai/LNNK"	Coalition	Right	MūrnieceInāra	Mūrniece, Ināra	F	-	
ParlaMint-LV-en_2020-11-27-PT13-2152	ParlaMint-LV_2020-11-27-PT13-2152-U447	Latvian parliamentary corpus ParlaMint-LV-en, 13th Term, 2020-11-27	2020-11-27	Unicameralism	13. sasaukums	-	Regulārā	2020-11-27	-	COVID	English	Regular	MP	notMinister	SASKAŅA	SASKAŅA	Opposition	Centre-left	PimenovsIgors	Pimenovs, Igors	M	-	
ParlaMint-LV-en_2020-11-27-PT13-2152	ParlaMint-LV_2020-11-27-PT13-2152-U448	Latvian parliamentary corpus ParlaMint-LV-en, 13th Term, 2020-11-27	2020-11-27	Unicameralism	13. sasaukums	-	Regulārā	2020-11-27	-	COVID	English	Chairperson	MP	notMinister	NA	Nacionālā apvienība "Visu Latvijai!"–"Tēvzemei un Brīvībai/LNNK"	Coalition	Right	MūrnieceInāra	Mūrniece, Ināra	F	-	
ParlaMint-LV-en_2020-11-27-PT13-2152	ParlaMint-LV_2020-11-27-PT13-2152-U449	Latvian parliamentary corpus ParlaMint-LV-en, 13th Term, 2020-11-27	2020-11-27	Unicameralism	13. sasaukums	-	Regulārā	2020-11-27	-	COVID	English	Regular	MP	notMinister	AP	Attīstībai/Par!	Coalition	Centre	ŠteinsMārtiņš	Šteins, Mārtiņš	M	-	
ParlaMint-LV-en_2020-11-27-PT13-2152	ParlaMint-LV_2020-11-27-PT13-2152-U450	Latvian parliamentary corpus ParlaMint-LV-en, 13th Term, 2020-11-27	2020-11-27	Unicameralism	13. sasaukums	-	Regulārā	2020-11-27	-	COVID	English	Chairperson	MP	notMinister	NA	Nacionālā apvienība "Visu Latvijai!"–"Tēvzemei un Brīvībai/LNNK"	Coalition	Right	MūrnieceInāra	Mūrniece, Ināra	F	-	
ParlaMint-LV-en_2020-11-27-PT13-2152	ParlaMint-LV_2020-11-27-PT13-2152-U451	Latvian parliamentary corpus ParlaMint-LV-en, 13th Term, 2020-11-27	2020-11-27	Unicameralism	13. sasaukums	-	Regulārā	2020-11-27	-	COVID	English	Regular	MP	notMinister	AP	Attīstībai/Par!	Coalition	Centre	ŠteinsMārtiņš	Šteins, Mārtiņš	M	-	
ParlaMint-LV-en_2020-11-27-PT13-2152	ParlaMint-LV_2020-11-27-PT13-2152-U452	Latvian parliamentary corpus ParlaMint-LV-en, 13th Term, 2020-11-27	2020-11-27	Unicameralism	13. sasaukums	-	Regulārā	2020-11-27	-	COVID	English	Chairperson	MP	notMinister	NA	Nacionālā apvienība "Visu Latvijai!"–"Tēvzemei un Brīvībai/LNNK"	Coalition	Right	MūrnieceInāra	Mūrniece, Ināra	F	-	
ParlaMint-LV-en_2020-11-27-PT13-2152	ParlaMint-LV_2020-11-27-PT13-2152-U453	Latvian parliamentary corpus ParlaMint-LV-en, 13th Term, 2020-11-27	2020-11-27	Unicameralism	13. sasaukums	-	Regulārā	2020-11-27	-	COVID	English	Regular	MP	notMinister	AP	Attīstībai/Par!	Coalition	Centre	ŠteinsMārtiņš	Šteins, Mārtiņš	M	-	
ParlaMint-LV-en_2020-11-27-PT13-2152	ParlaMint-LV_2020-11-27-PT13-2152-U454	Latvian parliamentary corpus ParlaMint-LV-en, 13th Term, 2020-11-27	2020-11-27	Unicameralism	13. sasaukums	-	Regulārā	2020-11-27	-	COVID	English	Chairperson	MP	notMinister	NA	Nacionālā apvienība "Visu Latvijai!"–"Tēvzemei un Brīvībai/LNNK"	Coalition	Right	MūrnieceInāra	Mūrniece, Ināra	F	-	
ParlaMint-LV-en_2020-11-27-PT13-2152	ParlaMint-LV_2020-11-27-PT13-2152-U455	Latvian parliamentary corpus ParlaMint-LV-en, 13th Term, 2020-11-27	2020-11-27	Unicameralism	13. sasaukums	-	Regulārā	2020-11-27	-	COVID	English	Regular	MP	notMinister	AP	Attīstībai/Par!	Coalition	Centre	ŠteinsMārtiņš	Šteins, Mārtiņš	M	-	
ParlaMint-LV-en_2020-11-27-PT13-2152	ParlaMint-LV_2020-11-27-PT13-2152-U456	Latvian parliamentary corpus ParlaMint-LV-en, 13th Term, 2020-11-27	2020-11-27	Unicameralism	13. sasaukums	-	Regulārā	2020-11-27	-	COVID	English	Chairperson	MP	notMinister	NA	Nacionālā apvienība "Visu Latvijai!"–"Tēvzemei un Brīvībai/LNNK"	Coalition	Right	MūrnieceInāra	Mūrniece, Ināra	F	-	
ParlaMint-LV-en_2020-11-27-PT13-2152	ParlaMint-LV_2020-11-27-PT13-2152-U457	Latvian parliamentary corpus ParlaMint-LV-en, 13th Term, 2020-11-27	2020-11-27	Unicameralism	13. sasaukums	-	Regulārā	2020-11-27	-	COVID	English	Regular	MP	notMinister	AP	Attīstībai/Par!	Coalition	Centre	ŠteinsMārtiņš	Šteins, Mārtiņš	M	-	
ParlaMint-LV-en_2020-11-27-PT13-2152	ParlaMint-LV_2020-11-27-PT13-2152-U458	Latvian parliamentary corpus ParlaMint-LV-en, 13th Term, 2020-11-27	2020-11-27	Unicameralism	13. sasaukums	-	Regulārā	2020-11-27	-	COVID	English	Chairperson	MP	notMinister	NA	Nacionālā apvienība "Visu Latvijai!"–"Tēvzemei un Brīvībai/LNNK"	Coalition	Right	MūrnieceInāra	Mūrniece, Ināra	F	-	
ParlaMint-LV-en_2020-11-27-PT13-2152	ParlaMint-LV_2020-11-27-PT13-2152-U459	Latvian parliamentary corpus ParlaMint-LV-en, 13th Term, 2020-11-27	2020-11-27	Unicameralism	13. sasaukums	-	Regulārā	2020-11-27	-	COVID	English	Regular	MP	notMinister	ZZS	Zaļo un Zemnieku savienība	Opposition	Centre to centre-right	Reizniece-OzolaDana	Reizniece-Ozola, Dana	F	-	
ParlaMint-LV-en_2020-11-27-PT13-2152	ParlaMint-LV_2020-11-27-PT13-2152-U460	Latvian parliamentary corpus ParlaMint-LV-en, 13th Term, 2020-11-27	2020-11-27	Unicameralism	13. sasaukums	-	Regulārā	2020-11-27	-	COVID	English	Chairperson	MP	notMinister	NA	Nacionālā apvienība "Visu Latvijai!"–"Tēvzemei un Brīvībai/LNNK"	Coalition	Right	MūrnieceInāra	Mūrniece, Ināra	F	-	
ParlaMint-LV-en_2020-11-27-PT13-2152	ParlaMint-LV_2020-11-27-PT13-2152-U461	Latvian parliamentary corpus ParlaMint-LV-en, 13th Term, 2020-11-27	2020-11-27	Unicameralism	13. sasaukums	-	Regulārā	2020-11-27	-	COVID	English	Regular	MP	notMinister	AP	Attīstībai/Par!	Coalition	Centre	ŠteinsMārtiņš	Šteins, Mārtiņš	M	-	
ParlaMint-LV-en_2020-11-27-PT13-2152	ParlaMint-LV_2020-11-27-PT13-2152-U462	Latvian parliamentary corpus ParlaMint-LV-en, 13th Term, 2020-11-27	2020-11-27	Unicameralism	13. sasaukums	-	Regulārā	2020-11-27	-	COVID	English	Chairperson	MP	notMinister	NA	Nacionālā apvienība "Visu Latvijai!"–"Tēvzemei un Brīvībai/LNNK"	Coalition	Right	MūrnieceInāra	Mūrniece, Ināra	F	-	
ParlaMint-LV-en_2020-11-27-PT13-2152	ParlaMint-LV_2020-11-27-PT13-2152-U463	Latvian parliamentary corpus ParlaMint-LV-en, 13th Term, 2020-11-27	2020-11-27	Unicameralism	13. sasaukums	-	Regulārā	2020-11-27	-	COVID	English	Regular	MP	notMinister	AP	Attīstībai/Par!	Coalition	Centre	ŠteinsMārtiņš	Šteins, Mārtiņš	M	-	
ParlaMint-LV-en_2020-11-27-PT13-2152	ParlaMint-LV_2020-11-27-PT13-2152-U464	Latvian parliamentary corpus ParlaMint-LV-en, 13th Term, 2020-11-27	2020-11-27	Unicameralism	13. sasaukums	-	Regulārā	2020-11-27	-	COVID	English	Chairperson	MP	notMinister	NA	Nacionālā apvienība "Visu Latvijai!"–"Tēvzemei un Brīvībai/LNNK"	Coalition	Right	MūrnieceInāra	Mūrniece, Ināra	F	-	
ParlaMint-LV-en_2020-11-27-PT13-2152	ParlaMint-LV_2020-11-27-PT13-2152-U465	Latvian parliamentary corpus ParlaMint-LV-en, 13th Term, 2020-11-27	2020-11-27	Unicameralism	13. sasaukums	-	Regulārā	2020-11-27	-	COVID	English	Regular	MP	notMinister	AP	Attīstībai/Par!	Coalition	Centre	ŠteinsMārtiņš	Šteins, Mārtiņš	M	-	
ParlaMint-LV-en_2020-11-27-PT13-2152	ParlaMint-LV_2020-11-27-PT13-2152-U466	Latvian parliamentary corpus ParlaMint-LV-en, 13th Term, 2020-11-27	2020-11-27	Unicameralism	13. sasaukums	-	Regulārā	2020-11-27	-	COVID	English	Chairperson	MP	notMinister	NA	Nacionālā apvienība "Visu Latvijai!"–"Tēvzemei un Brīvībai/LNNK"	Coalition	Right	MūrnieceInāra	Mūrniece, Ināra	F	-	
ParlaMint-LV-en_2020-11-27-PT13-2152	ParlaMint-LV_2020-11-27-PT13-2152-U467	Latvian parliamentary corpus ParlaMint-LV-en, 13th Term, 2020-11-27	2020-11-27	Unicameralism	13. sasaukums	-	Regulārā	2020-11-27	-	COVID	English	Regular	MP	notMinister	AP	Attīstībai/Par!	Coalition	Centre	ŠteinsMārtiņš	Šteins, Mārtiņš	M	-	
ParlaMint-LV-en_2020-11-27-PT13-2152	ParlaMint-LV_2020-11-27-PT13-2152-U468	Latvian parliamentary corpus ParlaMint-LV-en, 13th Term, 2020-11-27	2020-11-27	Unicameralism	13. sasaukums	-	Regulārā	2020-11-27	-	COVID	English	Chairperson	MP	notMinister	NA	Nacionālā apvienība "Visu Latvijai!"–"Tēvzemei un Brīvībai/LNNK"	Coalition	Right	MūrnieceInāra	Mūrniece, Ināra	F	-	
ParlaMint-LV-en_2020-11-27-PT13-2152	ParlaMint-LV_2020-11-27-PT13-2152-U469	Latvian parliamentary corpus ParlaMint-LV-en, 13th Term, 2020-11-27	2020-11-27	Unicameralism	13. sasaukums	-	Regulārā	2020-11-27	-	COVID	English	Regular	MP	notMinister	AP	Attīstībai/Par!	Coalition	Centre	ŠteinsMārtiņš	Šteins, Mārtiņš	M	-	
ParlaMint-LV-en_2020-11-27-PT13-2152	ParlaMint-LV_2020-11-27-PT13-2152-U470	Latvian parliamentary corpus ParlaMint-LV-en, 13th Term, 2020-11-27	2020-11-27	Unicameralism	13. sasaukums	-	Regulārā	2020-11-27	-	COVID	English	Chairperson	MP	notMinister	NA	Nacionālā apvienība "Visu Latvijai!"–"Tēvzemei un Brīvībai/LNNK"	Coalition	Right	MūrnieceInāra	Mūrniece, Ināra	F	-	
ParlaMint-LV-en_2020-11-27-PT13-2152	ParlaMint-LV_2020-11-27-PT13-2152-U471	Latvian parliamentary corpus ParlaMint-LV-en, 13th Term, 2020-11-27	2020-11-27	Unicameralism	13. sasaukums	-	Regulārā	2020-11-27	-	COVID	English	Regular	MP	notMinister	AP	Attīstībai/Par!	Coalition	Centre	ŠteinsMārtiņš	Šteins, Mārtiņš	M	-	
ParlaMint-LV-en_2020-11-27-PT13-2152	ParlaMint-LV_2020-11-27-PT13-2152-U472	Latvian parliamentary corpus ParlaMint-LV-en, 13th Term, 2020-11-27	2020-11-27	Unicameralism	13. sasaukums	-	Regulārā	2020-11-27	-	COVID	English	Chairperson	MP	notMinister	NA	Nacionālā apvienība "Visu Latvijai!"–"Tēvzemei un Brīvībai/LNNK"	Coalition	Right	MūrnieceInāra	Mūrniece, Ināra	F	-	
ParlaMint-LV-en_2020-11-27-PT13-2152	ParlaMint-LV_2020-11-27-PT13-2152-U473	Latvian parliamentary corpus ParlaMint-LV-en, 13th Term, 2020-11-27	2020-11-27	Unicameralism	13. sasaukums	-	Regulārā	2020-11-27	-	COVID	English	Regular	MP	notMinister	AP	Attīstībai/Par!	Coalition	Centre	ŠteinsMārtiņš	Šteins, Mārtiņš	M	-	
ParlaMint-LV-en_2020-11-27-PT13-2152	ParlaMint-LV_2020-11-27-PT13-2152-U474	Latvian parliamentary corpus ParlaMint-LV-en, 13th Term, 2020-11-27	2020-11-27	Unicameralism	13. sasaukums	-	Regulārā	2020-11-27	-	COVID	English	Chairperson	MP	notMinister	NA	Nacionālā apvienība "Visu Latvijai!"–"Tēvzemei un Brīvībai/LNNK"	Coalition	Right	MūrnieceInāra	Mūrniece, Ināra	F	-	
ParlaMint-LV-en_2020-11-27-PT13-2152	ParlaMint-LV_2020-11-27-PT13-2152-U475	Latvian parliamentary corpus ParlaMint-LV-en, 13th Term, 2020-11-27	2020-11-27	Unicameralism	13. sasaukums	-	Regulārā	2020-11-27	-	COVID	English	Regular	notMP	notMinister	-	-	-	-	StepaņenkoJūlija	Stepaņenko, Jūlija	F	-	
ParlaMint-LV-en_2020-11-27-PT13-2152	ParlaMint-LV_2020-11-27-PT13-2152-U476	Latvian parliamentary corpus ParlaMint-LV-en, 13th Term, 2020-11-27	2020-11-27	Unicameralism	13. sasaukums	-	Regulārā	2020-11-27	-	COVID	English	Chairperson	MP	notMinister	NA	Nacionālā apvienība "Visu Latvijai!"–"Tēvzemei un Brīvībai/LNNK"	Coalition	Right	MūrnieceInāra	Mūrniece, Ināra	F	-	
ParlaMint-LV-en_2020-11-27-PT13-2152	ParlaMint-LV_2020-11-27-PT13-2152-U477	Latvian parliamentary corpus ParlaMint-LV-en, 13th Term, 2020-11-27	2020-11-27	Unicameralism	13. sasaukums	-	Regulārā	2020-11-27	-	COVID	English	Regular	MP	notMinister	ZZS	Zaļo un Zemnieku savienība	Opposition	Centre to centre-right	Reizniece-OzolaDana	Reizniece-Ozola, Dana	F	-	
ParlaMint-LV-en_2020-11-27-PT13-2152	ParlaMint-LV_2020-11-27-PT13-2152-U478	Latvian parliamentary corpus ParlaMint-LV-en, 13th Term, 2020-11-27	2020-11-27	Unicameralism	13. sasaukums	-	Regulārā	2020-11-27	-	COVID	English	Chairperson	MP	notMinister	NA	Nacionālā apvienība "Visu Latvijai!"–"Tēvzemei un Brīvībai/LNNK"	Coalition	Right	MūrnieceInāra	Mūrniece, Ināra	F	-	
ParlaMint-LV-en_2020-11-27-PT13-2152	ParlaMint-LV_2020-11-27-PT13-2152-U479	Latvian parliamentary corpus ParlaMint-LV-en, 13th Term, 2020-11-27	2020-11-27	Unicameralism	13. sasaukums	-	Regulārā	2020-11-27	-	COVID	English	Regular	notMP	notMinister	-	-	-	-	DombrovskisVjačeslavs	Dombrovskis, Vjačeslavs	M	-	
ParlaMint-LV-en_2020-11-27-PT13-2152	ParlaMint-LV_2020-11-27-PT13-2152-U480	Latvian parliamentary corpus ParlaMint-LV-en, 13th Term, 2020-11-27	2020-11-27	Unicameralism	13. sasaukums	-	Regulārā	2020-11-27	-	COVID	English	Chairperson	MP	notMinister	NA	Nacionālā apvienība "Visu Latvijai!"–"Tēvzemei un Brīvībai/LNNK"	Coalition	Right	MūrnieceInāra	Mūrniece, Ināra	F	-	
ParlaMint-LV-en_2020-11-27-PT13-2152	ParlaMint-LV_2020-11-27-PT13-2152-U481	Latvian parliamentary corpus ParlaMint-LV-en, 13th Term, 2020-11-27	2020-11-27	Unicameralism	13. sasaukums	-	Regulārā	2020-11-27	-	COVID	English	Regular	MP	notMinister	SASKAŅA	SASKAŅA	Opposition	Centre-left	ŠvecovaĻubova	Švecova, Ļubova	F	-	
ParlaMint-LV-en_2020-11-27-PT13-2152	ParlaMint-LV_2020-11-27-PT13-2152-U482	Latvian parliamentary corpus ParlaMint-LV-en, 13th Term, 2020-11-27	2020-11-27	Unicameralism	13. sasaukums	-	Regulārā	2020-11-27	-	COVID	English	Chairperson	MP	notMinister	NA	Nacionālā apvienība "Visu Latvijai!"–"Tēvzemei un Brīvībai/LNNK"	Coalition	Right	MūrnieceInāra	Mūrniece, Ināra	F	-	
ParlaMint-LV-en_2020-11-27-PT13-2152	ParlaMint-LV_2020-11-27-PT13-2152-U483	Latvian parliamentary corpus ParlaMint-LV-en, 13th Term, 2020-11-27	2020-11-27	Unicameralism	13. sasaukums	-	Regulārā	2020-11-27	-	COVID	English	Regular	MP	notMinister	ZZS	Zaļo un Zemnieku savienība	Opposition	Centre to centre-right	ValainisViktors	Valainis, Viktors	M	-	
ParlaMint-LV-en_2020-11-27-PT13-2152	ParlaMint-LV_2020-11-27-PT13-2152-U484	Latvian parliamentary corpus ParlaMint-LV-en, 13th Term, 2020-11-27	2020-11-27	Unicameralism	13. sasaukums	-	Regulārā	2020-11-27	-	COVID	English	Chairperson	MP	notMinister	NA	Nacionālā apvienība "Visu Latvijai!"–"Tēvzemei un Brīvībai/LNNK"	Coalition	Right	MūrnieceInāra	Mūrniece, Ināra	F	-	
ParlaMint-LV-en_2020-11-27-PT13-2152	ParlaMint-LV_2020-11-27-PT13-2152-U485	Latvian parliamentary corpus ParlaMint-LV-en, 13th Term, 2020-11-27	2020-11-27	Unicameralism	13. sasaukums	-	Regulārā	2020-11-27	-	COVID	English	Regular	notMP	notMinister	-	-	-	-	DombrovskisVjačeslavs	Dombrovskis, Vjačeslavs	M	-	
ParlaMint-LV-en_2020-11-27-PT13-2152	ParlaMint-LV_2020-11-27-PT13-2152-U486	Latvian parliamentary corpus ParlaMint-LV-en, 13th Term, 2020-11-27	2020-11-27	Unicameralism	13. sasaukums	-	Regulārā	2020-11-27	-	COVID	English	Chairperson	MP	notMinister	NA	Nacionālā apvienība "Visu Latvijai!"–"Tēvzemei un Brīvībai/LNNK"	Coalition	Right	MūrnieceInāra	Mūrniece, Ināra	F	-	
ParlaMint-LV-en_2020-11-27-PT13-2152	ParlaMint-LV_2020-11-27-PT13-2152-U487	Latvian parliamentary corpus ParlaMint-LV-en, 13th Term, 2020-11-27	2020-11-27	Unicameralism	13. sasaukums	-	Regulārā	2020-11-27	-	COVID	English	Regular	MP	notMinister	ZZS	Zaļo un Zemnieku savienība	Opposition	Centre to centre-right	Reizniece-OzolaDana	Reizniece-Ozola, Dana	F	-	
ParlaMint-LV-en_2020-11-27-PT13-2152	ParlaMint-LV_2020-11-27-PT13-2152-U488	Latvian parliamentary corpus ParlaMint-LV-en, 13th Term, 2020-11-27	2020-11-27	Unicameralism	13. sasaukums	-	Regulārā	2020-11-27	-	COVID	English	Chairperson	MP	notMinister	NA	Nacionālā apvienība "Visu Latvijai!"–"Tēvzemei un Brīvībai/LNNK"	Coalition	Right	MūrnieceInāra	Mūrniece, Ināra	F	-	
ParlaMint-LV-en_2020-11-27-PT13-2152	ParlaMint-LV_2020-11-27-PT13-2152-U489	Latvian parliamentary corpus ParlaMint-LV-en, 13th Term, 2020-11-27	2020-11-27	Unicameralism	13. sasaukums	-	Regulārā	2020-11-27	-	COVID	English	Regular	notMP	notMinister	-	-	-	-	PapuleEvija	Papule, Evija	F	-	
ParlaMint-LV-en_2020-11-27-PT13-2152	ParlaMint-LV_2020-11-27-PT13-2152-U490	Latvian parliamentary corpus ParlaMint-LV-en, 13th Term, 2020-11-27	2020-11-27	Unicameralism	13. sasaukums	-	Regulārā	2020-11-27	-	COVID	English	Chairperson	MP	notMinister	NA	Nacionālā apvienība "Visu Latvijai!"–"Tēvzemei un Brīvībai/LNNK"	Coalition	Right	MūrnieceInāra	Mūrniece, Ināra	F	-	
ParlaMint-LV-en_2020-11-27-PT13-2152	ParlaMint-LV_2020-11-27-PT13-2152-U491	Latvian parliamentary corpus ParlaMint-LV-en, 13th Term, 2020-11-27	2020-11-27	Unicameralism	13. sasaukums	-	Regulārā	2020-11-27	-	COVID	English	Regular	MP	notMinister	ZZS	Zaļo un Zemnieku savienība	Opposition	Centre to centre-right	ValainisViktors	Valainis, Viktors	M	-	
ParlaMint-LV-en_2020-11-27-PT13-2152	ParlaMint-LV_2020-11-27-PT13-2152-U492	Latvian parliamentary corpus ParlaMint-LV-en, 13th Term, 2020-11-27	2020-11-27	Unicameralism	13. sasaukums	-	Regulārā	2020-11-27	-	COVID	English	Chairperson	MP	notMinister	NA	Nacionālā apvienība "Visu Latvijai!"–"Tēvzemei un Brīvībai/LNNK"	Coalition	Right	MūrnieceInāra	Mūrniece, Ināra	F	-	
ParlaMint-LV-en_2020-11-27-PT13-2152	ParlaMint-LV_2020-11-27-PT13-2152-U493	Latvian parliamentary corpus ParlaMint-LV-en, 13th Term, 2020-11-27	2020-11-27	Unicameralism	13. sasaukums	-	Regulārā	2020-11-27	-	COVID	English	Regular	MP	notMinister	SASKAŅA	SASKAŅA	Opposition	Centre-left	ŠvecovaĻubova	Švecova, Ļubova	F	-	
ParlaMint-LV-en_2020-11-27-PT13-2152	ParlaMint-LV_2020-11-27-PT13-2152-U494	Latvian parliamentary corpus ParlaMint-LV-en, 13th Term, 2020-11-27	2020-11-27	Unicameralism	13. sasaukums	-	Regulārā	2020-11-27	-	COVID	English	Chairperson	MP	notMinister	NA	Nacionālā apvienība "Visu Latvijai!"–"Tēvzemei un Brīvībai/LNNK"	Coalition	Right	MūrnieceInāra	Mūrniece, Ināra	F	-	
ParlaMint-LV-en_2020-11-27-PT13-2152	ParlaMint-LV_2020-11-27-PT13-2152-U495	Latvian parliamentary corpus ParlaMint-LV-en, 13th Term, 2020-11-27	2020-11-27	Unicameralism	13. sasaukums	-	Regulārā	2020-11-27	-	COVID	English	Regular	MP	notMinister	AP	Attīstībai/Par!	Coalition	Centre	ŠteinsMārtiņš	Šteins, Mārtiņš	M	-	
ParlaMint-LV-en_2020-11-27-PT13-2152	ParlaMint-LV_2020-11-27-PT13-2152-U496	Latvian parliamentary corpus ParlaMint-LV-en, 13th Term, 2020-11-27	2020-11-27	Unicameralism	13. sasaukums	-	Regulārā	2020-11-27	-	COVID	English	Chairperson	MP	notMinister	NA	Nacionālā apvienība "Visu Latvijai!"–"Tēvzemei un Brīvībai/LNNK"	Coalition	Right	MūrnieceInāra	Mūrniece, Ināra	F	-	
ParlaMint-LV-en_2020-11-27-PT13-2152	ParlaMint-LV_2020-11-27-PT13-2152-U497	Latvian parliamentary corpus ParlaMint-LV-en, 13th Term, 2020-11-27	2020-11-27	Unicameralism	13. sasaukums	-	Regulārā	2020-11-27	-	COVID	English	Regular	MP	notMinister	AP	Attīstībai/Par!	Coalition	Centre	ŠteinsMārtiņš	Šteins, Mārtiņš	M	-	
ParlaMint-LV-en_2020-11-27-PT13-2152	ParlaMint-LV_2020-11-27-PT13-2152-U498	Latvian parliamentary corpus ParlaMint-LV-en, 13th Term, 2020-11-27	2020-11-27	Unicameralism	13. sasaukums	-	Regulārā	2020-11-27	-	COVID	English	Chairperson	MP	notMinister	NA	Nacionālā apvienība "Visu Latvijai!"–"Tēvzemei un Brīvībai/LNNK"	Coalition	Right	MūrnieceInāra	Mūrniece, Ināra	F	-	
ParlaMint-LV-en_2020-11-27-PT13-2152	ParlaMint-LV_2020-11-27-PT13-2152-U499	Latvian parliamentary corpus ParlaMint-LV-en, 13th Term, 2020-11-27	2020-11-27	Unicameralism	13. sasaukums	-	Regulārā	2020-11-27	-	COVID	English	Regular	MP	notMinister	AP	Attīstībai/Par!	Coalition	Centre	ŠteinsMārtiņš	Šteins, Mārtiņš	M	-	
ParlaMint-LV-en_2020-11-27-PT13-2152	ParlaMint-LV_2020-11-27-PT13-2152-U500	Latvian parliamentary corpus ParlaMint-LV-en, 13th Term, 2020-11-27	2020-11-27	Unicameralism	13. sasaukums	-	Regulārā	2020-11-27	-	COVID	English	Chairperson	MP	notMinister	NA	Nacionālā apvienība "Visu Latvijai!"–"Tēvzemei un Brīvībai/LNNK"	Coalition	Right	MūrnieceInāra	Mūrniece, Ināra	F	-	
ParlaMint-LV-en_2020-11-27-PT13-2152	ParlaMint-LV_2020-11-27-PT13-2152-U501	Latvian parliamentary corpus ParlaMint-LV-en, 13th Term, 2020-11-27	2020-11-27	Unicameralism	13. sasaukums	-	Regulārā	2020-11-27	-	COVID	English	Regular	MP	notMinister	AP	Attīstībai/Par!	Coalition	Centre	ŠteinsMārtiņš	Šteins, Mārtiņš	M	-	
ParlaMint-LV-en_2020-11-27-PT13-2152	ParlaMint-LV_2020-11-27-PT13-2152-U502	Latvian parliamentary corpus ParlaMint-LV-en, 13th Term, 2020-11-27	2020-11-27	Unicameralism	13. sasaukums	-	Regulārā	2020-11-27	-	COVID	English	Chairperson	MP	notMinister	NA	Nacionālā apvienība "Visu Latvijai!"–"Tēvzemei un Brīvībai/LNNK"	Coalition	Right	MūrnieceInāra	Mūrniece, Ināra	F	-	
ParlaMint-LV-en_2020-11-27-PT13-2152	ParlaMint-LV_2020-11-27-PT13-2152-U503	Latvian parliamentary corpus ParlaMint-LV-en, 13th Term, 2020-11-27	2020-11-27	Unicameralism	13. sasaukums	-	Regulārā	2020-11-27	-	COVID	English	Regular	MP	notMinister	AP	Attīstībai/Par!	Coalition	Centre	ŠteinsMārtiņš	Šteins, Mārtiņš	M	-	
ParlaMint-LV-en_2020-11-27-PT13-2152	ParlaMint-LV_2020-11-27-PT13-2152-U504	Latvian parliamentary corpus ParlaMint-LV-en, 13th Term, 2020-11-27	2020-11-27	Unicameralism	13. sasaukums	-	Regulārā	2020-11-27	-	COVID	English	Chairperson	MP	notMinister	NA	Nacionālā apvienība "Visu Latvijai!"–"Tēvzemei un Brīvībai/LNNK"	Coalition	Right	MūrnieceInāra	Mūrniece, Ināra	F	-	
ParlaMint-LV-en_2020-11-27-PT13-2152	ParlaMint-LV_2020-11-27-PT13-2152-U505	Latvian parliamentary corpus ParlaMint-LV-en, 13th Term, 2020-11-27	2020-11-27	Unicameralism	13. sasaukums	-	Regulārā	2020-11-27	-	COVID	English	Regular	MP	notMinister	AP	Attīstībai/Par!	Coalition	Centre	ŠteinsMārtiņš	Šteins, Mārtiņš	M	-	
ParlaMint-LV-en_2020-11-27-PT13-2152	ParlaMint-LV_2020-11-27-PT13-2152-U506	Latvian parliamentary corpus ParlaMint-LV-en, 13th Term, 2020-11-27	2020-11-27	Unicameralism	13. sasaukums	-	Regulārā	2020-11-27	-	COVID	English	Chairperson	MP	notMinister	NA	Nacionālā apvienība "Visu Latvijai!"–"Tēvzemei un Brīvībai/LNNK"	Coalition	Right	MūrnieceInāra	Mūrniece, Ināra	F	-	
ParlaMint-LV-en_2020-11-27-PT13-2152	ParlaMint-LV_2020-11-27-PT13-2152-U507	Latvian parliamentary corpus ParlaMint-LV-en, 13th Term, 2020-11-27	2020-11-27	Unicameralism	13. sasaukums	-	Regulārā	2020-11-27	-	COVID	English	Regular	MP	notMinister	ZZS	Zaļo un Zemnieku savienība	Opposition	Centre to centre-right	Reizniece-OzolaDana	Reizniece-Ozola, Dana	F	-	
ParlaMint-LV-en_2020-11-27-PT13-2152	ParlaMint-LV_2020-11-27-PT13-2152-U508	Latvian parliamentary corpus ParlaMint-LV-en, 13th Term, 2020-11-27	2020-11-27	Unicameralism	13. sasaukums	-	Regulārā	2020-11-27	-	COVID	English	Chairperson	MP	notMinister	NA	Nacionālā apvienība "Visu Latvijai!"–"Tēvzemei un Brīvībai/LNNK"	Coalition	Right	MūrnieceInāra	Mūrniece, Ināra	F	-	
ParlaMint-LV-en_2020-11-27-PT13-2152	ParlaMint-LV_2020-11-27-PT13-2152-U509	Latvian parliamentary corpus ParlaMint-LV-en, 13th Term, 2020-11-27	2020-11-27	Unicameralism	13. sasaukums	-	Regulārā	2020-11-27	-	COVID	English	Regular	MP	notMinister	ZZS	Zaļo un Zemnieku savienība	Opposition	Centre to centre-right	ValainisViktors	Valainis, Viktors	M	-	
ParlaMint-LV-en_2020-11-27-PT13-2152	ParlaMint-LV_2020-11-27-PT13-2152-U510	Latvian parliamentary corpus ParlaMint-LV-en, 13th Term, 2020-11-27	2020-11-27	Unicameralism	13. sasaukums	-	Regulārā	2020-11-27	-	COVID	English	Chairperson	MP	notMinister	NA	Nacionālā apvienība "Visu Latvijai!"–"Tēvzemei un Brīvībai/LNNK"	Coalition	Right	MūrnieceInāra	Mūrniece, Ināra	F	-	
ParlaMint-LV-en_2020-11-27-PT13-2152	ParlaMint-LV_2020-11-27-PT13-2152-U511	Latvian parliamentary corpus ParlaMint-LV-en, 13th Term, 2020-11-27	2020-11-27	Unicameralism	13. sasaukums	-	Regulārā	2020-11-27	-	COVID	English	Regular	notMP	notMinister	-	-	-	-	StepaņenkoJūlija	Stepaņenko, Jūlija	F	-	
ParlaMint-LV-en_2020-11-27-PT13-2152	ParlaMint-LV_2020-11-27-PT13-2152-U512	Latvian parliamentary corpus ParlaMint-LV-en, 13th Term, 2020-11-27	2020-11-27	Unicameralism	13. sasaukums	-	Regulārā	2020-11-27	-	COVID	English	Chairperson	MP	notMinister	NA	Nacionālā apvienība "Visu Latvijai!"–"Tēvzemei un Brīvībai/LNNK"	Coalition	Right	MūrnieceInāra	Mūrniece, Ināra	F	-	
ParlaMint-LV-en_2020-11-27-PT13-2152	ParlaMint-LV_2020-11-27-PT13-2152-U513	Latvian parliamentary corpus ParlaMint-LV-en, 13th Term, 2020-11-27	2020-11-27	Unicameralism	13. sasaukums	-	Regulārā	2020-11-27	-	COVID	English	Regular	MP	notMinister	ZZS	Zaļo un Zemnieku savienība	Opposition	Centre to centre-right	ValainisViktors	Valainis, Viktors	M	-	
ParlaMint-LV-en_2020-11-27-PT13-2152	ParlaMint-LV_2020-11-27-PT13-2152-U514	Latvian parliamentary corpus ParlaMint-LV-en, 13th Term, 2020-11-27	2020-11-27	Unicameralism	13. sasaukums	-	Regulārā	2020-11-27	-	COVID	English	Chairperson	MP	notMinister	NA	Nacionālā apvienība "Visu Latvijai!"–"Tēvzemei un Brīvībai/LNNK"	Coalition	Right	MūrnieceInāra	Mūrniece, Ināra	F	-	
ParlaMint-LV-en_2020-11-27-PT13-2152	ParlaMint-LV_2020-11-27-PT13-2152-U515	Latvian parliamentary corpus ParlaMint-LV-en, 13th Term, 2020-11-27	2020-11-27	Unicameralism	13. sasaukums	-	Regulārā	2020-11-27	-	COVID	English	Regular	MP	notMinister	AP	Attīstībai/Par!	Coalition	Centre	ŠteinsMārtiņš	Šteins, Mārtiņš	M	-	
ParlaMint-LV-en_2020-11-27-PT13-2152	ParlaMint-LV_2020-11-27-PT13-2152-U516	Latvian parliamentary corpus ParlaMint-LV-en, 13th Term, 2020-11-27	2020-11-27	Unicameralism	13. sasaukums	-	Regulārā	2020-11-27	-	COVID	English	Chairperson	MP	notMinister	NA	Nacionālā apvienība "Visu Latvijai!"–"Tēvzemei un Brīvībai/LNNK"	Coalition	Right	MūrnieceInāra	Mūrniece, Ināra	F	-	
ParlaMint-LV-en_2020-11-27-PT13-2152	ParlaMint-LV_2020-11-27-PT13-2152-U517	Latvian parliamentary corpus ParlaMint-LV-en, 13th Term, 2020-11-27	2020-11-27	Unicameralism	13. sasaukums	-	Regulārā	2020-11-27	-	COVID	English	Regular	MP	notMinister	AP	Attīstībai/Par!	Coalition	Centre	ŠteinsMārtiņš	Šteins, Mārtiņš	M	-	
ParlaMint-LV-en_2020-11-27-PT13-2152	ParlaMint-LV_2020-11-27-PT13-2152-U518	Latvian parliamentary corpus ParlaMint-LV-en, 13th Term, 2020-11-27	2020-11-27	Unicameralism	13. sasaukums	-	Regulārā	2020-11-27	-	COVID	English	Chairperson	MP	notMinister	NA	Nacionālā apvienība "Visu Latvijai!"–"Tēvzemei un Brīvībai/LNNK"	Coalition	Right	MūrnieceInāra	Mūrniece, Ināra	F	-	
ParlaMint-LV-en_2020-11-27-PT13-2152	ParlaMint-LV_2020-11-27-PT13-2152-U519	Latvian parliamentary corpus ParlaMint-LV-en, 13th Term, 2020-11-27	2020-11-27	Unicameralism	13. sasaukums	-	Regulārā	2020-11-27	-	COVID	English	Regular	MP	notMinister	ZZS	Zaļo un Zemnieku savienība	Opposition	Centre to centre-right	Reizniece-OzolaDana	Reizniece-Ozola, Dana	F	-	
ParlaMint-LV-en_2020-11-27-PT13-2152	ParlaMint-LV_2020-11-27-PT13-2152-U520	Latvian parliamentary corpus ParlaMint-LV-en, 13th Term, 2020-11-27	2020-11-27	Unicameralism	13. sasaukums	-	Regulārā	2020-11-27	-	COVID	English	Chairperson	MP	notMinister	NA	Nacionālā apvienība "Visu Latvijai!"–"Tēvzemei un Brīvībai/LNNK"	Coalition	Right	MūrnieceInāra	Mūrniece, Ināra	F	-	
ParlaMint-LV-en_2020-11-27-PT13-2152	ParlaMint-LV_2020-11-27-PT13-2152-U521	Latvian parliamentary corpus ParlaMint-LV-en, 13th Term, 2020-11-27	2020-11-27	Unicameralism	13. sasaukums	-	Regulārā	2020-11-27	-	COVID	English	Regular	MP	notMinister	ZZS	Zaļo un Zemnieku savienība	Opposition	Centre to centre-right	ValainisViktors	Valainis, Viktors	M	-	
ParlaMint-LV-en_2020-11-27-PT13-2152	ParlaMint-LV_2020-11-27-PT13-2152-U522	Latvian parliamentary corpus ParlaMint-LV-en, 13th Term, 2020-11-27	2020-11-27	Unicameralism	13. sasaukums	-	Regulārā	2020-11-27	-	COVID	English	Chairperson	MP	notMinister	NA	Nacionālā apvienība "Visu Latvijai!"–"Tēvzemei un Brīvībai/LNNK"	Coalition	Right	MūrnieceInāra	Mūrniece, Ināra	F	-	
ParlaMint-LV-en_2020-11-27-PT13-2152	ParlaMint-LV_2020-11-27-PT13-2152-U523	Latvian parliamentary corpus ParlaMint-LV-en, 13th Term, 2020-11-27	2020-11-27	Unicameralism	13. sasaukums	-	Regulārā	2020-11-27	-	COVID	English	Regular	MP	notMinister	KPV-LV	Kam pieder valsts?	Coalition	Centre-right to right	GobzemsAldis	Gobzems, Aldis	M	-	
ParlaMint-LV-en_2020-11-27-PT13-2152	ParlaMint-LV_2020-11-27-PT13-2152-U524	Latvian parliamentary corpus ParlaMint-LV-en, 13th Term, 2020-11-27	2020-11-27	Unicameralism	13. sasaukums	-	Regulārā	2020-11-27	-	COVID	English	Chairperson	MP	notMinister	NA	Nacionālā apvienība "Visu Latvijai!"–"Tēvzemei un Brīvībai/LNNK"	Coalition	Right	MūrnieceInāra	Mūrniece, Ināra	F	-	
ParlaMint-LV-en_2020-11-27-PT13-2152	ParlaMint-LV_2020-11-27-PT13-2152-U525	Latvian parliamentary corpus ParlaMint-LV-en, 13th Term, 2020-11-27	2020-11-27	Unicameralism	13. sasaukums	-	Regulārā	2020-11-27	-	COVID	English	Regular	MP	notMinister	AP	Attīstībai/Par!	Coalition	Centre	ŠteinsMārtiņš	Šteins, Mārtiņš	M	-	
ParlaMint-LV-en_2020-11-27-PT13-2152	ParlaMint-LV_2020-11-27-PT13-2152-U526	Latvian parliamentary corpus ParlaMint-LV-en, 13th Term, 2020-11-27	2020-11-27	Unicameralism	13. sasaukums	-	Regulārā	2020-11-27	-	COVID	English	Chairperson	MP	notMinister	NA	Nacionālā apvienība "Visu Latvijai!"–"Tēvzemei un Brīvībai/LNNK"	Coalition	Right	MūrnieceInāra	Mūrniece, Ināra	F	-	
ParlaMint-LV-en_2020-11-27-PT13-2152	ParlaMint-LV_2020-11-27-PT13-2152-U527	Latvian parliamentary corpus ParlaMint-LV-en, 13th Term, 2020-11-27	2020-11-27	Unicameralism	13. sasaukums	-	Regulārā	2020-11-27	-	COVID	English	Regular	MP	notMinister	AP	Attīstībai/Par!	Coalition	Centre	ŠteinsMārtiņš	Šteins, Mārtiņš	M	-	
ParlaMint-LV-en_2020-11-27-PT13-2152	ParlaMint-LV_2020-11-27-PT13-2152-U528	Latvian parliamentary corpus ParlaMint-LV-en, 13th Term, 2020-11-27	2020-11-27	Unicameralism	13. sasaukums	-	Regulārā	2020-11-27	-	COVID	English	Chairperson	MP	notMinister	NA	Nacionālā apvienība "Visu Latvijai!"–"Tēvzemei un Brīvībai/LNNK"	Coalition	Right	MūrnieceInāra	Mūrniece, Ināra	F	-	
ParlaMint-LV-en_2020-11-27-PT13-2152	ParlaMint-LV_2020-11-27-PT13-2152-U529	Latvian parliamentary corpus ParlaMint-LV-en, 13th Term, 2020-11-27	2020-11-27	Unicameralism	13. sasaukums	-	Regulārā	2020-11-27	-	COVID	English	Regular	MP	notMinister	AP	Attīstībai/Par!	Coalition	Centre	ŠteinsMārtiņš	Šteins, Mārtiņš	M	-	
ParlaMint-LV-en_2020-11-27-PT13-2152	ParlaMint-LV_2020-11-27-PT13-2152-U530	Latvian parliamentary corpus ParlaMint-LV-en, 13th Term, 2020-11-27	2020-11-27	Unicameralism	13. sasaukums	-	Regulārā	2020-11-27	-	COVID	English	Chairperson	MP	notMinister	NA	Nacionālā apvienība "Visu Latvijai!"–"Tēvzemei un Brīvībai/LNNK"	Coalition	Right	MūrnieceInāra	Mūrniece, Ināra	F	-	
ParlaMint-LV-en_2020-11-27-PT13-2152	ParlaMint-LV_2020-11-27-PT13-2152-U531	Latvian parliamentary corpus ParlaMint-LV-en, 13th Term, 2020-11-27	2020-11-27	Unicameralism	13. sasaukums	-	Regulārā	2020-11-27	-	COVID	English	Regular	MP	notMinister	ZZS	Zaļo un Zemnieku savienība	Opposition	Centre to centre-right	Reizniece-OzolaDana	Reizniece-Ozola, Dana	F	-	
ParlaMint-LV-en_2020-11-27-PT13-2152	ParlaMint-LV_2020-11-27-PT13-2152-U532	Latvian parliamentary corpus ParlaMint-LV-en, 13th Term, 2020-11-27	2020-11-27	Unicameralism	13. sasaukums	-	Regulārā	2020-11-27	-	COVID	English	Chairperson	MP	notMinister	NA	Nacionālā apvienība "Visu Latvijai!"–"Tēvzemei un Brīvībai/LNNK"	Coalition	Right	MūrnieceInāra	Mūrniece, Ināra	F	-	
ParlaMint-LV-en_2020-11-27-PT13-2152	ParlaMint-LV_2020-11-27-PT13-2152-U533	Latvian parliamentary corpus ParlaMint-LV-en, 13th Term, 2020-11-27	2020-11-27	Unicameralism	13. sasaukums	-	Regulārā	2020-11-27	-	COVID	English	Chairperson	MP	notMinister	NA	Nacionālā apvienība "Visu Latvijai!"–"Tēvzemei un Brīvībai/LNNK"	Coalition	Right	MūrnieceInāra	Mūrniece, Ināra	F	-	
ParlaMint-LV-en_2020-11-27-PT13-2152	ParlaMint-LV_2020-11-27-PT13-2152-U534	Latvian parliamentary corpus ParlaMint-LV-en, 13th Term, 2020-11-27	2020-11-27	Unicameralism	13. sasaukums	-	Regulārā	2020-11-27	-	COVID	English	Regular	MP	notMinister	AP	Attīstībai/Par!	Coalition	Centre	ŠteinsMārtiņš	Šteins, Mārtiņš	M	-	
ParlaMint-LV-en_2020-11-27-PT13-2152	ParlaMint-LV_2020-11-27-PT13-2152-U535	Latvian parliamentary corpus ParlaMint-LV-en, 13th Term, 2020-11-27	2020-11-27	Unicameralism	13. sasaukums	-	Regulārā	2020-11-27	-	COVID	English	Chairperson	MP	notMinister	NA	Nacionālā apvienība "Visu Latvijai!"–"Tēvzemei un Brīvībai/LNNK"	Coalition	Right	MūrnieceInāra	Mūrniece, Ināra	F	-	
ParlaMint-LV-en_2020-11-27-PT13-2152	ParlaMint-LV_2020-11-27-PT13-2152-U536	Latvian parliamentary corpus ParlaMint-LV-en, 13th Term, 2020-11-27	2020-11-27	Unicameralism	13. sasaukums	-	Regulārā	2020-11-27	-	COVID	English	Regular	MP	notMinister	AP	Attīstībai/Par!	Coalition	Centre	ŠteinsMārtiņš	Šteins, Mārtiņš	M	-	
ParlaMint-LV-en_2020-11-27-PT13-2152	ParlaMint-LV_2020-11-27-PT13-2152-U537	Latvian parliamentary corpus ParlaMint-LV-en, 13th Term, 2020-11-27	2020-11-27	Unicameralism	13. sasaukums	-	Regulārā	2020-11-27	-	COVID	English	Chairperson	MP	notMinister	NA	Nacionālā apvienība "Visu Latvijai!"–"Tēvzemei un Brīvībai/LNNK"	Coalition	Right	MūrnieceInāra	Mūrniece, Ināra	F	-	
ParlaMint-LV-en_2020-11-27-PT13-2152	ParlaMint-LV_2020-11-27-PT13-2152-U538	Latvian parliamentary corpus ParlaMint-LV-en, 13th Term, 2020-11-27	2020-11-27	Unicameralism	13. sasaukums	-	Regulārā	2020-11-27	-	COVID	English	Regular	MP	notMinister	ZZS	Zaļo un Zemnieku savienība	Opposition	Centre to centre-right	ValainisViktors	Valainis, Viktors	M	-	
ParlaMint-LV-en_2020-11-27-PT13-2152	ParlaMint-LV_2020-11-27-PT13-2152-U539	Latvian parliamentary corpus ParlaMint-LV-en, 13th Term, 2020-11-27	2020-11-27	Unicameralism	13. sasaukums	-	Regulārā	2020-11-27	-	COVID	English	Chairperson	MP	notMinister	NA	Nacionālā apvienība "Visu Latvijai!"–"Tēvzemei un Brīvībai/LNNK"	Coalition	Right	MūrnieceInāra	Mūrniece, Ināra	F	-	
ParlaMint-LV-en_2020-11-27-PT13-2152	ParlaMint-LV_2020-11-27-PT13-2152-U540	Latvian parliamentary corpus ParlaMint-LV-en, 13th Term, 2020-11-27	2020-11-27	Unicameralism	13. sasaukums	-	Regulārā	2020-11-27	-	COVID	English	Regular	MP	notMinister	AP	Attīstībai/Par!	Coalition	Centre	ŠteinsMārtiņš	Šteins, Mārtiņš	M	-	
ParlaMint-LV-en_2020-11-27-PT13-2152	ParlaMint-LV_2020-11-27-PT13-2152-U541	Latvian parliamentary corpus ParlaMint-LV-en, 13th Term, 2020-11-27	2020-11-27	Unicameralism	13. sasaukums	-	Regulārā	2020-11-27	-	COVID	English	Chairperson	MP	notMinister	NA	Nacionālā apvienība "Visu Latvijai!"–"Tēvzemei un Brīvībai/LNNK"	Coalition	Right	MūrnieceInāra	Mūrniece, Ināra	F	-	
ParlaMint-LV-en_2020-11-27-PT13-2152	ParlaMint-LV_2020-11-27-PT13-2152-U542	Latvian parliamentary corpus ParlaMint-LV-en, 13th Term, 2020-11-27	2020-11-27	Unicameralism	13. sasaukums	-	Regulārā	2020-11-27	-	COVID	English	Regular	MP	notMinister	AP	Attīstībai/Par!	Coalition	Centre	ŠteinsMārtiņš	Šteins, Mārtiņš	M	-	
ParlaMint-LV-en_2020-11-27-PT13-2152	ParlaMint-LV_2020-11-27-PT13-2152-U543	Latvian parliamentary corpus ParlaMint-LV-en, 13th Term, 2020-11-27	2020-11-27	Unicameralism	13. sasaukums	-	Regulārā	2020-11-27	-	COVID	English	Chairperson	MP	notMinister	NA	Nacionālā apvienība "Visu Latvijai!"–"Tēvzemei un Brīvībai/LNNK"	Coalition	Right	MūrnieceInāra	Mūrniece, Ināra	F	-	
ParlaMint-LV-en_2020-11-27-PT13-2152	ParlaMint-LV_2020-11-27-PT13-2152-U544	Latvian parliamentary corpus ParlaMint-LV-en, 13th Term, 2020-11-27	2020-11-27	Unicameralism	13. sasaukums	-	Regulārā	2020-11-27	-	COVID	English	Regular	MP	notMinister	ZZS	Zaļo un Zemnieku savienība	Opposition	Centre to centre-right	ValainisViktors	Valainis, Viktors	M	-	
ParlaMint-LV-en_2020-11-27-PT13-2152	ParlaMint-LV_2020-11-27-PT13-2152-U545	Latvian parliamentary corpus ParlaMint-LV-en, 13th Term, 2020-11-27	2020-11-27	Unicameralism	13. sasaukums	-	Regulārā	2020-11-27	-	COVID	English	Chairperson	MP	notMinister	NA	Nacionālā apvienība "Visu Latvijai!"–"Tēvzemei un Brīvībai/LNNK"	Coalition	Right	MūrnieceInāra	Mūrniece, Ināra	F	-	
ParlaMint-LV-en_2020-11-27-PT13-2152	ParlaMint-LV_2020-11-27-PT13-2152-U546	Latvian parliamentary corpus ParlaMint-LV-en, 13th Term, 2020-11-27	2020-11-27	Unicameralism	13. sasaukums	-	Regulārā	2020-11-27	-	COVID	English	Regular	notMP	notMinister	-	-	-	-	StepaņenkoJūlija	Stepaņenko, Jūlija	F	-	
ParlaMint-LV-en_2020-11-27-PT13-2152	ParlaMint-LV_2020-11-27-PT13-2152-U547	Latvian parliamentary corpus ParlaMint-LV-en, 13th Term, 2020-11-27	2020-11-27	Unicameralism	13. sasaukums	-	Regulārā	2020-11-27	-	COVID	English	Chairperson	MP	notMinister	NA	Nacionālā apvienība "Visu Latvijai!"–"Tēvzemei un Brīvībai/LNNK"	Coalition	Right	MūrnieceInāra	Mūrniece, Ināra	F	-	
ParlaMint-LV-en_2020-11-27-PT13-2152	ParlaMint-LV_2020-11-27-PT13-2152-U548	Latvian parliamentary corpus ParlaMint-LV-en, 13th Term, 2020-11-27	2020-11-27	Unicameralism	13. sasaukums	-	Regulārā	2020-11-27	-	COVID	English	Regular	MP	notMinister	KPV-LV	Kam pieder valsts?	Coalition	Centre-right to right	GobzemsAldis	Gobzems, Aldis	M	-	
ParlaMint-LV-en_2020-11-27-PT13-2152	ParlaMint-LV_2020-11-27-PT13-2152-U549	Latvian parliamentary corpus ParlaMint-LV-en, 13th Term, 2020-11-27	2020-11-27	Unicameralism	13. sasaukums	-	Regulārā	2020-11-27	-	COVID	English	Chairperson	MP	notMinister	NA	Nacionālā apvienība "Visu Latvijai!"–"Tēvzemei un Brīvībai/LNNK"	Coalition	Right	MūrnieceInāra	Mūrniece, Ināra	F	-	
ParlaMint-LV-en_2020-11-27-PT13-2152	ParlaMint-LV_2020-11-27-PT13-2152-U550	Latvian parliamentary corpus ParlaMint-LV-en, 13th Term, 2020-11-27	2020-11-27	Unicameralism	13. sasaukums	-	Regulārā	2020-11-27	-	COVID	English	Regular	MP	notMinister	KPV-LV	Kam pieder valsts?	Coalition	Centre-right to right	GobzemsAldis	Gobzems, Aldis	M	-	
ParlaMint-LV-en_2020-11-27-PT13-2152	ParlaMint-LV_2020-11-27-PT13-2152-U551	Latvian parliamentary corpus ParlaMint-LV-en, 13th Term, 2020-11-27	2020-11-27	Unicameralism	13. sasaukums	-	Regulārā	2020-11-27	-	COVID	English	Chairperson	MP	notMinister	NA	Nacionālā apvienība "Visu Latvijai!"–"Tēvzemei un Brīvībai/LNNK"	Coalition	Right	MūrnieceInāra	Mūrniece, Ināra	F	-	
ParlaMint-LV-en_2020-11-27-PT13-2152	ParlaMint-LV_2020-11-27-PT13-2152-U552	Latvian parliamentary corpus ParlaMint-LV-en, 13th Term, 2020-11-27	2020-11-27	Unicameralism	13. sasaukums	-	Regulārā	2020-11-27	-	COVID	English	Regular	MP	notMinister	KPV-LV	Kam pieder valsts?	Coalition	Centre-right to right	GobzemsAldis	Gobzems, Aldis	M	-	
ParlaMint-LV-en_2020-11-27-PT13-2152	ParlaMint-LV_2020-11-27-PT13-2152-U553	Latvian parliamentary corpus ParlaMint-LV-en, 13th Term, 2020-11-27	2020-11-27	Unicameralism	13. sasaukums	-	Regulārā	2020-11-27	-	COVID	English	Chairperson	MP	notMinister	NA	Nacionālā apvienība "Visu Latvijai!"–"Tēvzemei un Brīvībai/LNNK"	Coalition	Right	MūrnieceInāra	Mūrniece, Ināra	F	-	
ParlaMint-LV-en_2020-11-27-PT13-2152	ParlaMint-LV_2020-11-27-PT13-2152-U554	Latvian parliamentary corpus ParlaMint-LV-en, 13th Term, 2020-11-27	2020-11-27	Unicameralism	13. sasaukums	-	Regulārā	2020-11-27	-	COVID	English	Regular	MP	notMinister	ZZS	Zaļo un Zemnieku savienība	Opposition	Centre to centre-right	ValainisViktors	Valainis, Viktors	M	-	
ParlaMint-LV-en_2020-11-27-PT13-2152	ParlaMint-LV_2020-11-27-PT13-2152-U555	Latvian parliamentary corpus ParlaMint-LV-en, 13th Term, 2020-11-27	2020-11-27	Unicameralism	13. sasaukums	-	Regulārā	2020-11-27	-	COVID	English	Chairperson	MP	notMinister	NA	Nacionālā apvienība "Visu Latvijai!"–"Tēvzemei un Brīvībai/LNNK"	Coalition	Right	MūrnieceInāra	Mūrniece, Ināra	F	-	
ParlaMint-LV-en_2020-11-27-PT13-2152	ParlaMint-LV_2020-11-27-PT13-2152-U556	Latvian parliamentary corpus ParlaMint-LV-en, 13th Term, 2020-11-27	2020-11-27	Unicameralism	13. sasaukums	-	Regulārā	2020-11-27	-	COVID	English	Regular	MP	notMinister	ZZS	Zaļo un Zemnieku savienība	Opposition	Centre to centre-right	Reizniece-OzolaDana	Reizniece-Ozola, Dana	F	-	
ParlaMint-LV-en_2020-11-27-PT13-2152	ParlaMint-LV_2020-11-27-PT13-2152-U557	Latvian parliamentary corpus ParlaMint-LV-en, 13th Term, 2020-11-27	2020-11-27	Unicameralism	13. sasaukums	-	Regulārā	2020-11-27	-	COVID	English	Chairperson	MP	notMinister	NA	Nacionālā apvienība "Visu Latvijai!"–"Tēvzemei un Brīvībai/LNNK"	Coalition	Right	MūrnieceInāra	Mūrniece, Ināra	F	-	
ParlaMint-LV-en_2020-11-27-PT13-2152	ParlaMint-LV_2020-11-27-PT13-2152-U558	Latvian parliamentary corpus ParlaMint-LV-en, 13th Term, 2020-11-27	2020-11-27	Unicameralism	13. sasaukums	-	Regulārā	2020-11-27	-	COVID	English	Regular	MP	notMinister	ZZS	Zaļo un Zemnieku savienība	Opposition	Centre to centre-right	Reizniece-OzolaDana	Reizniece-Ozola, Dana	F	-	
ParlaMint-LV-en_2020-11-27-PT13-2152	ParlaMint-LV_2020-11-27-PT13-2152-U559	Latvian parliamentary corpus ParlaMint-LV-en, 13th Term, 2020-11-27	2020-11-27	Unicameralism	13. sasaukums	-	Regulārā	2020-11-27	-	COVID	English	Chairperson	MP	notMinister	NA	Nacionālā apvienība "Visu Latvijai!"–"Tēvzemei un Brīvībai/LNNK"	Coalition	Right	MūrnieceInāra	Mūrniece, Ināra	F	-	
ParlaMint-LV-en_2020-11-27-PT13-2152	ParlaMint-LV_2020-11-27-PT13-2152-U560	Latvian parliamentary corpus ParlaMint-LV-en, 13th Term, 2020-11-27	2020-11-27	Unicameralism	13. sasaukums	-	Regulārā	2020-11-27	-	COVID	English	Regular	MP	notMinister	ZZS	Zaļo un Zemnieku savienība	Opposition	Centre to centre-right	Reizniece-OzolaDana	Reizniece-Ozola, Dana	F	-	
ParlaMint-LV-en_2020-11-27-PT13-2152	ParlaMint-LV_2020-11-27-PT13-2152-U561	Latvian parliamentary corpus ParlaMint-LV-en, 13th Term, 2020-11-27	2020-11-27	Unicameralism	13. sasaukums	-	Regulārā	2020-11-27	-	COVID	English	Chairperson	MP	notMinister	NA	Nacionālā apvienība "Visu Latvijai!"–"Tēvzemei un Brīvībai/LNNK"	Coalition	Right	MūrnieceInāra	Mūrniece, Ināra	F	-	
ParlaMint-LV-en_2020-11-27-PT13-2152	ParlaMint-LV_2020-11-27-PT13-2152-U562	Latvian parliamentary corpus ParlaMint-LV-en, 13th Term, 2020-11-27	2020-11-27	Unicameralism	13. sasaukums	-	Regulārā	2020-11-27	-	COVID	English	Regular	MP	notMinister	KPV-LV	Kam pieder valsts?	Coalition	Centre-right to right	GobzemsAldis	Gobzems, Aldis	M	-	
ParlaMint-LV-en_2020-11-27-PT13-2152	ParlaMint-LV_2020-11-27-PT13-2152-U563	Latvian parliamentary corpus ParlaMint-LV-en, 13th Term, 2020-11-27	2020-11-27	Unicameralism	13. sasaukums	-	Regulārā	2020-11-27	-	COVID	English	Chairperson	MP	notMinister	NA	Nacionālā apvienība "Visu Latvijai!"–"Tēvzemei un Brīvībai/LNNK"	Coalition	Right	MūrnieceInāra	Mūrniece, Ināra	F	-	
ParlaMint-LV-en_2020-11-27-PT13-2152	ParlaMint-LV_2020-11-27-PT13-2152-U564	Latvian parliamentary corpus ParlaMint-LV-en, 13th Term, 2020-11-27	2020-11-27	Unicameralism	13. sasaukums	-	Regulārā	2020-11-27	-	COVID	English	Regular	MP	notMinister	KPV-LV	Kam pieder valsts?	Coalition	Centre-right to right	GobzemsAldis	Gobzems, Aldis	M	-	
ParlaMint-LV-en_2020-11-27-PT13-2152	ParlaMint-LV_2020-11-27-PT13-2152-U565	Latvian parliamentary corpus ParlaMint-LV-en, 13th Term, 2020-11-27	2020-11-27	Unicameralism	13. sasaukums	-	Regulārā	2020-11-27	-	COVID	English	Regular	MP	notMinister	ZZS	Zaļo un Zemnieku savienība	Opposition	Centre to centre-right	Reizniece-OzolaDana	Reizniece-Ozola, Dana	F	-	
ParlaMint-LV-en_2020-11-27-PT13-2152	ParlaMint-LV_2020-11-27-PT13-2152-U566	Latvian parliamentary corpus ParlaMint-LV-en, 13th Term, 2020-11-27	2020-11-27	Unicameralism	13. sasaukums	-	Regulārā	2020-11-27	-	COVID	English	Chairperson	MP	notMinister	NA	Nacionālā apvienība "Visu Latvijai!"–"Tēvzemei un Brīvībai/LNNK"	Coalition	Right	MūrnieceInāra	Mūrniece, Ināra	F	-	
ParlaMint-LV-en_2020-11-27-PT13-2152	ParlaMint-LV_2020-11-27-PT13-2152-U567	Latvian parliamentary corpus ParlaMint-LV-en, 13th Term, 2020-11-27	2020-11-27	Unicameralism	13. sasaukums	-	Regulārā	2020-11-27	-	COVID	English	Regular	MP	notMinister	AP	Attīstībai/Par!	Coalition	Centre	ŠteinsMārtiņš	Šteins, Mārtiņš	M	-	
ParlaMint-LV-en_2020-11-27-PT13-2152	ParlaMint-LV_2020-11-27-PT13-2152-U568	Latvian parliamentary corpus ParlaMint-LV-en, 13th Term, 2020-11-27	2020-11-27	Unicameralism	13. sasaukums	-	Regulārā	2020-11-27	-	COVID	English	Chairperson	MP	notMinister	NA	Nacionālā apvienība "Visu Latvijai!"–"Tēvzemei un Brīvībai/LNNK"	Coalition	Right	MūrnieceInāra	Mūrniece, Ināra	F	-	
ParlaMint-LV-en_2020-11-27-PT13-2152	ParlaMint-LV_2020-11-27-PT13-2152-U569	Latvian parliamentary corpus ParlaMint-LV-en, 13th Term, 2020-11-27	2020-11-27	Unicameralism	13. sasaukums	-	Regulārā	2020-11-27	-	COVID	English	Regular	MP	notMinister	AP	Attīstībai/Par!	Coalition	Centre	ŠteinsMārtiņš	Šteins, Mārtiņš	M	-	
ParlaMint-LV-en_2020-11-27-PT13-2152	ParlaMint-LV_2020-11-27-PT13-2152-U570	Latvian parliamentary corpus ParlaMint-LV-en, 13th Term, 2020-11-27	2020-11-27	Unicameralism	13. sasaukums	-	Regulārā	2020-11-27	-	COVID	English	Chairperson	MP	notMinister	NA	Nacionālā apvienība "Visu Latvijai!"–"Tēvzemei un Brīvībai/LNNK"	Coalition	Right	MūrnieceInāra	Mūrniece, Ināra	F	-	
ParlaMint-LV-en_2020-11-27-PT13-2152	ParlaMint-LV_2020-11-27-PT13-2152-U571	Latvian parliamentary corpus ParlaMint-LV-en, 13th Term, 2020-11-27	2020-11-27	Unicameralism	13. sasaukums	-	Regulārā	2020-11-27	-	COVID	English	Regular	MP	notMinister	KPV-LV	Kam pieder valsts?	Coalition	Centre-right to right	GobzemsAldis	Gobzems, Aldis	M	-	
ParlaMint-LV-en_2020-11-27-PT13-2152	ParlaMint-LV_2020-11-27-PT13-2152-U572	Latvian parliamentary corpus ParlaMint-LV-en, 13th Term, 2020-11-27	2020-11-27	Unicameralism	13. sasaukums	-	Regulārā	2020-11-27	-	COVID	English	Chairperson	MP	notMinister	NA	Nacionālā apvienība "Visu Latvijai!"–"Tēvzemei un Brīvībai/LNNK"	Coalition	Right	MūrnieceInāra	Mūrniece, Ināra	F	-	
ParlaMint-LV-en_2020-11-27-PT13-2152	ParlaMint-LV_2020-11-27-PT13-2152-U573	Latvian parliamentary corpus ParlaMint-LV-en, 13th Term, 2020-11-27	2020-11-27	Unicameralism	13. sasaukums	-	Regulārā	2020-11-27	-	COVID	English	Regular	MP	notMinister	KPV-LV	Kam pieder valsts?	Coalition	Centre-right to right	GobzemsAldis	Gobzems, Aldis	M	-	
ParlaMint-LV-en_2020-11-27-PT13-2152	ParlaMint-LV_2020-11-27-PT13-2152-U574	Latvian parliamentary corpus ParlaMint-LV-en, 13th Term, 2020-11-27	2020-11-27	Unicameralism	13. sasaukums	-	Regulārā	2020-11-27	-	COVID	English	Chairperson	MP	notMinister	NA	Nacionālā apvienība "Visu Latvijai!"–"Tēvzemei un Brīvībai/LNNK"	Coalition	Right	MūrnieceInāra	Mūrniece, Ināra	F	-	
ParlaMint-LV-en_2020-11-27-PT13-2152	ParlaMint-LV_2020-11-27-PT13-2152-U575	Latvian parliamentary corpus ParlaMint-LV-en, 13th Term, 2020-11-27	2020-11-27	Unicameralism	13. sasaukums	-	Regulārā	2020-11-27	-	COVID	English	Regular	MP	notMinister	AP	Attīstībai/Par!	Coalition	Centre	ŠteinsMārtiņš	Šteins, Mārtiņš	M	-	
ParlaMint-LV-en_2020-11-27-PT13-2152	ParlaMint-LV_2020-11-27-PT13-2152-U576	Latvian parliamentary corpus ParlaMint-LV-en, 13th Term, 2020-11-27	2020-11-27	Unicameralism	13. sasaukums	-	Regulārā	2020-11-27	-	COVID	English	Chairperson	MP	notMinister	NA	Nacionālā apvienība "Visu Latvijai!"–"Tēvzemei un Brīvībai/LNNK"	Coalition	Right	MūrnieceInāra	Mūrniece, Ināra	F	-	
ParlaMint-LV-en_2020-11-27-PT13-2152	ParlaMint-LV_2020-11-27-PT13-2152-U577	Latvian parliamentary corpus ParlaMint-LV-en, 13th Term, 2020-11-27	2020-11-27	Unicameralism	13. sasaukums	-	Regulārā	2020-11-27	-	COVID	English	Regular	MP	notMinister	AP	Attīstībai/Par!	Coalition	Centre	ŠteinsMārtiņš	Šteins, Mārtiņš	M	-	
ParlaMint-LV-en_2020-11-27-PT13-2152	ParlaMint-LV_2020-11-27-PT13-2152-U578	Latvian parliamentary corpus ParlaMint-LV-en, 13th Term, 2020-11-27	2020-11-27	Unicameralism	13. sasaukums	-	Regulārā	2020-11-27	-	COVID	English	Chairperson	MP	notMinister	NA	Nacionālā apvienība "Visu Latvijai!"–"Tēvzemei un Brīvībai/LNNK"	Coalition	Right	MūrnieceInāra	Mūrniece, Ināra	F	-	
ParlaMint-LV-en_2020-11-27-PT13-2152	ParlaMint-LV_2020-11-27-PT13-2152-U579	Latvian parliamentary corpus ParlaMint-LV-en, 13th Term, 2020-11-27	2020-11-27	Unicameralism	13. sasaukums	-	Regulārā	2020-11-27	-	COVID	English	Regular	MP	notMinister	AP	Attīstībai/Par!	Coalition	Centre	ŠteinsMārtiņš	Šteins, Mārtiņš	M	-	
ParlaMint-LV-en_2020-11-27-PT13-2152	ParlaMint-LV_2020-11-27-PT13-2152-U580	Latvian parliamentary corpus ParlaMint-LV-en, 13th Term, 2020-11-27	2020-11-27	Unicameralism	13. sasaukums	-	Regulārā	2020-11-27	-	COVID	English	Chairperson	MP	notMinister	NA	Nacionālā apvienība "Visu Latvijai!"–"Tēvzemei un Brīvībai/LNNK"	Coalition	Right	MūrnieceInāra	Mūrniece, Ināra	F	-	
ParlaMint-LV-en_2020-11-27-PT13-2152	ParlaMint-LV_2020-11-27-PT13-2152-U581	Latvian parliamentary corpus ParlaMint-LV-en, 13th Term, 2020-11-27	2020-11-27	Unicameralism	13. sasaukums	-	Regulārā	2020-11-27	-	COVID	English	Regular	MP	notMinister	SASKAŅA	SASKAŅA	Opposition	Centre-left	PimenovsIgors	Pimenovs, Igors	M	-	
ParlaMint-LV-en_2020-11-27-PT13-2152	ParlaMint-LV_2020-11-27-PT13-2152-U582	Latvian parliamentary corpus ParlaMint-LV-en, 13th Term, 2020-11-27	2020-11-27	Unicameralism	13. sasaukums	-	Regulārā	2020-11-27	-	COVID	English	Chairperson	MP	notMinister	NA	Nacionālā apvienība "Visu Latvijai!"–"Tēvzemei un Brīvībai/LNNK"	Coalition	Right	MūrnieceInāra	Mūrniece, Ināra	F	-	
ParlaMint-LV-en_2020-11-27-PT13-2152	ParlaMint-LV_2020-11-27-PT13-2152-U583	Latvian parliamentary corpus ParlaMint-LV-en, 13th Term, 2020-11-27	2020-11-27	Unicameralism	13. sasaukums	-	Regulārā	2020-11-27	-	COVID	English	Regular	MP	notMinister	SASKAŅA	SASKAŅA	Opposition	Centre-left	PimenovsIgors	Pimenovs, Igors	M	-	
ParlaMint-LV-en_2020-11-27-PT13-2152	ParlaMint-LV_2020-11-27-PT13-2152-U584	Latvian parliamentary corpus ParlaMint-LV-en, 13th Term, 2020-11-27	2020-11-27	Unicameralism	13. sasaukums	-	Regulārā	2020-11-27	-	COVID	English	Chairperson	MP	notMinister	NA	Nacionālā apvienība "Visu Latvijai!"–"Tēvzemei un Brīvībai/LNNK"	Coalition	Right	MūrnieceInāra	Mūrniece, Ināra	F	-	
ParlaMint-LV-en_2020-11-27-PT13-2152	ParlaMint-LV_2020-11-27-PT13-2152-U585	Latvian parliamentary corpus ParlaMint-LV-en, 13th Term, 2020-11-27	2020-11-27	Unicameralism	13. sasaukums	-	Regulārā	2020-11-27	-	COVID	English	Regular	MP	notMinister	SASKAŅA	SASKAŅA	Opposition	Centre-left	PimenovsIgors	Pimenovs, Igors	M	-	
ParlaMint-LV-en_2020-11-27-PT13-2152	ParlaMint-LV_2020-11-27-PT13-2152-U586	Latvian parliamentary corpus ParlaMint-LV-en, 13th Term, 2020-11-27	2020-11-27	Unicameralism	13. sasaukums	-	Regulārā	2020-11-27	-	COVID	English	Chairperson	MP	notMinister	NA	Nacionālā apvienība "Visu Latvijai!"–"Tēvzemei un Brīvībai/LNNK"	Coalition	Right	MūrnieceInāra	Mūrniece, Ināra	F	-	
ParlaMint-LV-en_2020-11-27-PT13-2152	ParlaMint-LV_2020-11-27-PT13-2152-U587	Latvian parliamentary corpus ParlaMint-LV-en, 13th Term, 2020-11-27	2020-11-27	Unicameralism	13. sasaukums	-	Regulārā	2020-11-27	-	COVID	English	Regular	MP	notMinister	ZZS	Zaļo un Zemnieku savienība	Opposition	Centre to centre-right	ValainisViktors	Valainis, Viktors	M	-	
ParlaMint-LV-en_2020-11-27-PT13-2152	ParlaMint-LV_2020-11-27-PT13-2152-U588	Latvian parliamentary corpus ParlaMint-LV-en, 13th Term, 2020-11-27	2020-11-27	Unicameralism	13. sasaukums	-	Regulārā	2020-11-27	-	COVID	English	Chairperson	MP	notMinister	NA	Nacionālā apvienība "Visu Latvijai!"–"Tēvzemei un Brīvībai/LNNK"	Coalition	Right	MūrnieceInāra	Mūrniece, Ināra	F	-	
ParlaMint-LV-en_2020-11-27-PT13-2152	ParlaMint-LV_2020-11-27-PT13-2152-U589	Latvian parliamentary corpus ParlaMint-LV-en, 13th Term, 2020-11-27	2020-11-27	Unicameralism	13. sasaukums	-	Regulārā	2020-11-27	-	COVID	English	Regular	MP	notMinister	KPV-LV	Kam pieder valsts?	Coalition	Centre-right to right	GobzemsAldis	Gobzems, Aldis	M	-	
ParlaMint-LV-en_2020-11-27-PT13-2152	ParlaMint-LV_2020-11-27-PT13-2152-U590	Latvian parliamentary corpus ParlaMint-LV-en, 13th Term, 2020-11-27	2020-11-27	Unicameralism	13. sasaukums	-	Regulārā	2020-11-27	-	COVID	English	Chairperson	MP	notMinister	NA	Nacionālā apvienība "Visu Latvijai!"–"Tēvzemei un Brīvībai/LNNK"	Coalition	Right	MūrnieceInāra	Mūrniece, Ināra	F	-	
ParlaMint-LV-en_2020-11-27-PT13-2152	ParlaMint-LV_2020-11-27-PT13-2152-U591	Latvian parliamentary corpus ParlaMint-LV-en, 13th Term, 2020-11-27	2020-11-27	Unicameralism	13. sasaukums	-	Regulārā	2020-11-27	-	COVID	English	Regular	notMP	notMinister	-	-	-	-	StepaņenkoJūlija	Stepaņenko, Jūlija	F	-	
ParlaMint-LV-en_2020-11-27-PT13-2152	ParlaMint-LV_2020-11-27-PT13-2152-U592	Latvian parliamentary corpus ParlaMint-LV-en, 13th Term, 2020-11-27	2020-11-27	Unicameralism	13. sasaukums	-	Regulārā	2020-11-27	-	COVID	English	Chairperson	MP	notMinister	NA	Nacionālā apvienība "Visu Latvijai!"–"Tēvzemei un Brīvībai/LNNK"	Coalition	Right	MūrnieceInāra	Mūrniece, Ināra	F	-	
ParlaMint-LV-en_2020-11-27-PT13-2152	ParlaMint-LV_2020-11-27-PT13-2152-U593	Latvian parliamentary corpus ParlaMint-LV-en, 13th Term, 2020-11-27	2020-11-27	Unicameralism	13. sasaukums	-	Regulārā	2020-11-27	-	COVID	English	Regular	MP	notMinister	AP	Attīstībai/Par!	Coalition	Centre	ŠteinsMārtiņš	Šteins, Mārtiņš	M	-	
ParlaMint-LV-en_2020-11-27-PT13-2152	ParlaMint-LV_2020-11-27-PT13-2152-U594	Latvian parliamentary corpus ParlaMint-LV-en, 13th Term, 2020-11-27	2020-11-27	Unicameralism	13. sasaukums	-	Regulārā	2020-11-27	-	COVID	English	Chairperson	MP	notMinister	NA	Nacionālā apvienība "Visu Latvijai!"–"Tēvzemei un Brīvībai/LNNK"	Coalition	Right	MūrnieceInāra	Mūrniece, Ināra	F	-	
ParlaMint-LV-en_2020-11-27-PT13-2152	ParlaMint-LV_2020-11-27-PT13-2152-U595	Latvian parliamentary corpus ParlaMint-LV-en, 13th Term, 2020-11-27	2020-11-27	Unicameralism	13. sasaukums	-	Regulārā	2020-11-27	-	COVID	English	Chairperson	MP	notMinister	NA	Nacionālā apvienība "Visu Latvijai!"–"Tēvzemei un Brīvībai/LNNK"	Coalition	Right	MūrnieceInāra	Mūrniece, Ināra	F	-	
ParlaMint-LV-en_2020-11-27-PT13-2152	ParlaMint-LV_2020-11-27-PT13-2152-U596	Latvian parliamentary corpus ParlaMint-LV-en, 13th Term, 2020-11-27	2020-11-27	Unicameralism	13. sasaukums	-	Regulārā	2020-11-27	-	COVID	English	Regular	MP	notMinister	AP	Attīstībai/Par!	Coalition	Centre	ŠteinsMārtiņš	Šteins, Mārtiņš	M	-	
ParlaMint-LV-en_2020-11-27-PT13-2152	ParlaMint-LV_2020-11-27-PT13-2152-U597	Latvian parliamentary corpus ParlaMint-LV-en, 13th Term, 2020-11-27	2020-11-27	Unicameralism	13. sasaukums	-	Regulārā	2020-11-27	-	COVID	English	Chairperson	MP	notMinister	NA	Nacionālā apvienība "Visu Latvijai!"–"Tēvzemei un Brīvībai/LNNK"	Coalition	Right	MūrnieceInāra	Mūrniece, Ināra	F	-	
ParlaMint-LV-en_2020-11-27-PT13-2152	ParlaMint-LV_2020-11-27-PT13-2152-U598	Latvian parliamentary corpus ParlaMint-LV-en, 13th Term, 2020-11-27	2020-11-27	Unicameralism	13. sasaukums	-	Regulārā	2020-11-27	-	COVID	English	Regular	notMP	notMinister	-	-	-	-	StepaņenkoJūlija	Stepaņenko, Jūlija	F	-	
ParlaMint-LV-en_2020-11-27-PT13-2152	ParlaMint-LV_2020-11-27-PT13-2152-U599	Latvian parliamentary corpus ParlaMint-LV-en, 13th Term, 2020-11-27	2020-11-27	Unicameralism	13. sasaukums	-	Regulārā	2020-11-27	-	COVID	English	Chairperson	MP	notMinister	NA	Nacionālā apvienība "Visu Latvijai!"–"Tēvzemei un Brīvībai/LNNK"	Coalition	Right	MūrnieceInāra	Mūrniece, Ināra	F	-	
ParlaMint-LV-en_2020-11-27-PT13-2152	ParlaMint-LV_2020-11-27-PT13-2152-U600	Latvian parliamentary corpus ParlaMint-LV-en, 13th Term, 2020-11-27	2020-11-27	Unicameralism	13. sasaukums	-	Regulārā	2020-11-27	-	COVID	English	Regular	MP	notMinister	KPV-LV	Kam pieder valsts?	Coalition	Centre-right to right	SprūdeKarina	Sprūde, Karina	F	-	
ParlaMint-LV-en_2020-11-27-PT13-2152	ParlaMint-LV_2020-11-27-PT13-2152-U601	Latvian parliamentary corpus ParlaMint-LV-en, 13th Term, 2020-11-27	2020-11-27	Unicameralism	13. sasaukums	-	Regulārā	2020-11-27	-	COVID	English	Chairperson	MP	notMinister	NA	Nacionālā apvienība "Visu Latvijai!"–"Tēvzemei un Brīvībai/LNNK"	Coalition	Right	MūrnieceInāra	Mūrniece, Ināra	F	-	
ParlaMint-LV-en_2020-11-27-PT13-2152	ParlaMint-LV_2020-11-27-PT13-2152-U602	Latvian parliamentary corpus ParlaMint-LV-en, 13th Term, 2020-11-27	2020-11-27	Unicameralism	13. sasaukums	-	Regulārā	2020-11-27	-	COVID	English	Regular	MP	notMinister	ZZS	Zaļo un Zemnieku savienība	Opposition	Centre to centre-right	ValainisViktors	Valainis, Viktors	M	-	
ParlaMint-LV-en_2020-11-27-PT13-2152	ParlaMint-LV_2020-11-27-PT13-2152-U603	Latvian parliamentary corpus ParlaMint-LV-en, 13th Term, 2020-11-27	2020-11-27	Unicameralism	13. sasaukums	-	Regulārā	2020-11-27	-	COVID	English	Chairperson	MP	notMinister	NA	Nacionālā apvienība "Visu Latvijai!"–"Tēvzemei un Brīvībai/LNNK"	Coalition	Right	MūrnieceInāra	Mūrniece, Ināra	F	-	
ParlaMint-LV-en_2020-11-27-PT13-2152	ParlaMint-LV_2020-11-27-PT13-2152-U604	Latvian parliamentary corpus ParlaMint-LV-en, 13th Term, 2020-11-27	2020-11-27	Unicameralism	13. sasaukums	-	Regulārā	2020-11-27	-	COVID	English	Regular	notMP	notMinister	-	-	-	-	StepaņenkoJūlija	Stepaņenko, Jūlija	F	-	
ParlaMint-LV-en_2020-11-27-PT13-2152	ParlaMint-LV_2020-11-27-PT13-2152-U605	Latvian parliamentary corpus ParlaMint-LV-en, 13th Term, 2020-11-27	2020-11-27	Unicameralism	13. sasaukums	-	Regulārā	2020-11-27	-	COVID	English	Chairperson	MP	notMinister	NA	Nacionālā apvienība "Visu Latvijai!"–"Tēvzemei un Brīvībai/LNNK"	Coalition	Right	MūrnieceInāra	Mūrniece, Ināra	F	-	
ParlaMint-LV-en_2020-11-27-PT13-2152	ParlaMint-LV_2020-11-27-PT13-2152-U606	Latvian parliamentary corpus ParlaMint-LV-en, 13th Term, 2020-11-27	2020-11-27	Unicameralism	13. sasaukums	-	Regulārā	2020-11-27	-	COVID	English	Regular	MP	notMinister	KPV-LV	Kam pieder valsts?	Coalition	Centre-right to right	GobzemsAldis	Gobzems, Aldis	M	-	
ParlaMint-LV-en_2020-11-27-PT13-2152	ParlaMint-LV_2020-11-27-PT13-2152-U607	Latvian parliamentary corpus ParlaMint-LV-en, 13th Term, 2020-11-27	2020-11-27	Unicameralism	13. sasaukums	-	Regulārā	2020-11-27	-	COVID	English	Chairperson	MP	notMinister	NA	Nacionālā apvienība "Visu Latvijai!"–"Tēvzemei un Brīvībai/LNNK"	Coalition	Right	MūrnieceInāra	Mūrniece, Ināra	F	-	
ParlaMint-LV-en_2020-11-27-PT13-2152	ParlaMint-LV_2020-11-27-PT13-2152-U608	Latvian parliamentary corpus ParlaMint-LV-en, 13th Term, 2020-11-27	2020-11-27	Unicameralism	13. sasaukums	-	Regulārā	2020-11-27	-	COVID	English	Regular	MP	notMinister	KPV-LV	Kam pieder valsts?	Coalition	Centre-right to right	GobzemsAldis	Gobzems, Aldis	M	-	
ParlaMint-LV-en_2020-11-27-PT13-2152	ParlaMint-LV_2020-11-27-PT13-2152-U609	Latvian parliamentary corpus ParlaMint-LV-en, 13th Term, 2020-11-27	2020-11-27	Unicameralism	13. sasaukums	-	Regulārā	2020-11-27	-	COVID	English	Chairperson	MP	notMinister	NA	Nacionālā apvienība "Visu Latvijai!"–"Tēvzemei un Brīvībai/LNNK"	Coalition	Right	MūrnieceInāra	Mūrniece, Ināra	F	-	
ParlaMint-LV-en_2020-11-27-PT13-2152	ParlaMint-LV_2020-11-27-PT13-2152-U610	Latvian parliamentary corpus ParlaMint-LV-en, 13th Term, 2020-11-27	2020-11-27	Unicameralism	13. sasaukums	-	Regulārā	2020-11-27	-	COVID	English	Regular	MP	notMinister	ZZS	Zaļo un Zemnieku savienība	Opposition	Centre to centre-right	Reizniece-OzolaDana	Reizniece-Ozola, Dana	F	-	
ParlaMint-LV-en_2020-11-27-PT13-2152	ParlaMint-LV_2020-11-27-PT13-2152-U611	Latvian parliamentary corpus ParlaMint-LV-en, 13th Term, 2020-11-27	2020-11-27	Unicameralism	13. sasaukums	-	Regulārā	2020-11-27	-	COVID	English	Chairperson	MP	notMinister	NA	Nacionālā apvienība "Visu Latvijai!"–"Tēvzemei un Brīvībai/LNNK"	Coalition	Right	MūrnieceInāra	Mūrniece, Ināra	F	-	
ParlaMint-LV-en_2020-11-27-PT13-2152	ParlaMint-LV_2020-11-27-PT13-2152-U612	Latvian parliamentary corpus ParlaMint-LV-en, 13th Term, 2020-11-27	2020-11-27	Unicameralism	13. sasaukums	-	Regulārā	2020-11-27	-	COVID	English	Regular	MP	notMinister	KPV-LV	Kam pieder valsts?	Coalition	Centre-right to right	SprūdeKarina	Sprūde, Karina	F	-	
ParlaMint-LV-en_2020-11-27-PT13-2152	ParlaMint-LV_2020-11-27-PT13-2152-U613	Latvian parliamentary corpus ParlaMint-LV-en, 13th Term, 2020-11-27	2020-11-27	Unicameralism	13. sasaukums	-	Regulārā	2020-11-27	-	COVID	English	Chairperson	MP	notMinister	NA	Nacionālā apvienība "Visu Latvijai!"–"Tēvzemei un Brīvībai/LNNK"	Coalition	Right	MūrnieceInāra	Mūrniece, Ināra	F	-	
ParlaMint-LV-en_2020-11-27-PT13-2152	ParlaMint-LV_2020-11-27-PT13-2152-U614	Latvian parliamentary corpus ParlaMint-LV-en, 13th Term, 2020-11-27	2020-11-27	Unicameralism	13. sasaukums	-	Regulārā	2020-11-27	-	COVID	English	Regular	MP	notMinister	KPV-LV	Kam pieder valsts?	Coalition	Centre-right to right	GobzemsAldis	Gobzems, Aldis	M	-	
ParlaMint-LV-en_2020-11-27-PT13-2152	ParlaMint-LV_2020-11-27-PT13-2152-U615	Latvian parliamentary corpus ParlaMint-LV-en, 13th Term, 2020-11-27	2020-11-27	Unicameralism	13. sasaukums	-	Regulārā	2020-11-27	-	COVID	English	Chairperson	MP	notMinister	NA	Nacionālā apvienība "Visu Latvijai!"–"Tēvzemei un Brīvībai/LNNK"	Coalition	Right	MūrnieceInāra	Mūrniece, Ināra	F	-	
ParlaMint-LV-en_2020-11-27-PT13-2152	ParlaMint-LV_2020-11-27-PT13-2152-U616	Latvian parliamentary corpus ParlaMint-LV-en, 13th Term, 2020-11-27	2020-11-27	Unicameralism	13. sasaukums	-	Regulārā	2020-11-27	-	COVID	English	Regular	MP	notMinister	ZZS	Zaļo un Zemnieku savienība	Opposition	Centre to centre-right	ValainisViktors	Valainis, Viktors	M	-	
ParlaMint-LV-en_2020-11-27-PT13-2152	ParlaMint-LV_2020-11-27-PT13-2152-U617	Latvian parliamentary corpus ParlaMint-LV-en, 13th Term, 2020-11-27	2020-11-27	Unicameralism	13. sasaukums	-	Regulārā	2020-11-27	-	COVID	English	Chairperson	MP	notMinister	NA	Nacionālā apvienība "Visu Latvijai!"–"Tēvzemei un Brīvībai/LNNK"	Coalition	Right	MūrnieceInāra	Mūrniece, Ināra	F	-	
ParlaMint-LV-en_2020-11-27-PT13-2152	ParlaMint-LV_2020-11-27-PT13-2152-U618	Latvian parliamentary corpus ParlaMint-LV-en, 13th Term, 2020-11-27	2020-11-27	Unicameralism	13. sasaukums	-	Regulārā	2020-11-27	-	COVID	English	Regular	MP	notMinister	AP	Attīstībai/Par!	Coalition	Centre	ŠteinsMārtiņš	Šteins, Mārtiņš	M	-	
ParlaMint-LV-en_2020-11-27-PT13-2152	ParlaMint-LV_2020-11-27-PT13-2152-U619	Latvian parliamentary corpus ParlaMint-LV-en, 13th Term, 2020-11-27	2020-11-27	Unicameralism	13. sasaukums	-	Regulārā	2020-11-27	-	COVID	English	Chairperson	MP	notMinister	NA	Nacionālā apvienība "Visu Latvijai!"–"Tēvzemei un Brīvībai/LNNK"	Coalition	Right	MūrnieceInāra	Mūrniece, Ināra	F	-	
ParlaMint-LV-en_2020-11-27-PT13-2152	ParlaMint-LV_2020-11-27-PT13-2152-U620	Latvian parliamentary corpus ParlaMint-LV-en, 13th Term, 2020-11-27	2020-11-27	Unicameralism	13. sasaukums	-	Regulārā	2020-11-27	-	COVID	English	Regular	MP	notMinister	AP	Attīstībai/Par!	Coalition	Centre	ŠteinsMārtiņš	Šteins, Mārtiņš	M	-	
ParlaMint-LV-en_2020-11-27-PT13-2152	ParlaMint-LV_2020-11-27-PT13-2152-U621	Latvian parliamentary corpus ParlaMint-LV-en, 13th Term, 2020-11-27	2020-11-27	Unicameralism	13. sasaukums	-	Regulārā	2020-11-27	-	COVID	English	Chairperson	MP	notMinister	NA	Nacionālā apvienība "Visu Latvijai!"–"Tēvzemei un Brīvībai/LNNK"	Coalition	Right	MūrnieceInāra	Mūrniece, Ināra	F	-	
ParlaMint-LV-en_2020-11-27-PT13-2152	ParlaMint-LV_2020-11-27-PT13-2152-U622	Latvian parliamentary corpus ParlaMint-LV-en, 13th Term, 2020-11-27	2020-11-27	Unicameralism	13. sasaukums	-	Regulārā	2020-11-27	-	COVID	English	Regular	notMP	notMinister	-	-	-	-	StepaņenkoJūlija	Stepaņenko, Jūlija	F	-	
ParlaMint-LV-en_2020-11-27-PT13-2152	ParlaMint-LV_2020-11-27-PT13-2152-U623	Latvian parliamentary corpus ParlaMint-LV-en, 13th Term, 2020-11-27	2020-11-27	Unicameralism	13. sasaukums	-	Regulārā	2020-11-27	-	COVID	English	Chairperson	MP	notMinister	NA	Nacionālā apvienība "Visu Latvijai!"–"Tēvzemei un Brīvībai/LNNK"	Coalition	Right	MūrnieceInāra	Mūrniece, Ināra	F	-	
ParlaMint-LV-en_2020-11-27-PT13-2152	ParlaMint-LV_2020-11-27-PT13-2152-U624	Latvian parliamentary corpus ParlaMint-LV-en, 13th Term, 2020-11-27	2020-11-27	Unicameralism	13. sasaukums	-	Regulārā	2020-11-27	-	COVID	English	Regular	MP	notMinister	KPV-LV	Kam pieder valsts?	Coalition	Centre-right to right	GobzemsAldis	Gobzems, Aldis	M	-	
ParlaMint-LV-en_2020-11-27-PT13-2152	ParlaMint-LV_2020-11-27-PT13-2152-U625	Latvian parliamentary corpus ParlaMint-LV-en, 13th Term, 2020-11-27	2020-11-27	Unicameralism	13. sasaukums	-	Regulārā	2020-11-27	-	COVID	English	Chairperson	MP	notMinister	NA	Nacionālā apvienība "Visu Latvijai!"–"Tēvzemei un Brīvībai/LNNK"	Coalition	Right	MūrnieceInāra	Mūrniece, Ināra	F	-	
ParlaMint-LV-en_2020-11-27-PT13-2152	ParlaMint-LV_2020-11-27-PT13-2152-U626	Latvian parliamentary corpus ParlaMint-LV-en, 13th Term, 2020-11-27	2020-11-27	Unicameralism	13. sasaukums	-	Regulārā	2020-11-27	-	COVID	English	Regular	MP	notMinister	KPV-LV	Kam pieder valsts?	Coalition	Centre-right to right	SprūdeKarina	Sprūde, Karina	F	-	
ParlaMint-LV-en_2020-11-27-PT13-2152	ParlaMint-LV_2020-11-27-PT13-2152-U627	Latvian parliamentary corpus ParlaMint-LV-en, 13th Term, 2020-11-27	2020-11-27	Unicameralism	13. sasaukums	-	Regulārā	2020-11-27	-	COVID	English	Chairperson	MP	notMinister	NA	Nacionālā apvienība "Visu Latvijai!"–"Tēvzemei un Brīvībai/LNNK"	Coalition	Right	MūrnieceInāra	Mūrniece, Ināra	F	-	
ParlaMint-LV-en_2020-11-27-PT13-2152	ParlaMint-LV_2020-11-27-PT13-2152-U628	Latvian parliamentary corpus ParlaMint-LV-en, 13th Term, 2020-11-27	2020-11-27	Unicameralism	13. sasaukums	-	Regulārā	2020-11-27	-	COVID	English	Regular	MP	notMinister	KPV-LV	Kam pieder valsts?	Coalition	Centre-right to right	GobzemsAldis	Gobzems, Aldis	M	-	
ParlaMint-LV-en_2020-11-27-PT13-2152	ParlaMint-LV_2020-11-27-PT13-2152-U629	Latvian parliamentary corpus ParlaMint-LV-en, 13th Term, 2020-11-27	2020-11-27	Unicameralism	13. sasaukums	-	Regulārā	2020-11-27	-	COVID	English	Chairperson	MP	notMinister	NA	Nacionālā apvienība "Visu Latvijai!"–"Tēvzemei un Brīvībai/LNNK"	Coalition	Right	MūrnieceInāra	Mūrniece, Ināra	F	-	
ParlaMint-LV-en_2020-11-27-PT13-2152	ParlaMint-LV_2020-11-27-PT13-2152-U630	Latvian parliamentary corpus ParlaMint-LV-en, 13th Term, 2020-11-27	2020-11-27	Unicameralism	13. sasaukums	-	Regulārā	2020-11-27	-	COVID	English	Regular	MP	notMinister	NA	Nacionālā apvienība "Visu Latvijai!"–"Tēvzemei un Brīvībai/LNNK"	Coalition	Right	DzintarsRaivis	Dzintars, Raivis	M	-	
ParlaMint-LV-en_2020-11-27-PT13-2152	ParlaMint-LV_2020-11-27-PT13-2152-U631	Latvian parliamentary corpus ParlaMint-LV-en, 13th Term, 2020-11-27	2020-11-27	Unicameralism	13. sasaukums	-	Regulārā	2020-11-27	-	COVID	English	Chairperson	MP	notMinister	NA	Nacionālā apvienība "Visu Latvijai!"–"Tēvzemei un Brīvībai/LNNK"	Coalition	Right	MūrnieceInāra	Mūrniece, Ināra	F	-	
ParlaMint-LV-en_2020-11-27-PT13-2152	ParlaMint-LV_2020-11-27-PT13-2152-U632	Latvian parliamentary corpus ParlaMint-LV-en, 13th Term, 2020-11-27	2020-11-27	Unicameralism	13. sasaukums	-	Regulārā	2020-11-27	-	COVID	English	Regular	MP	notMinister	ZZS	Zaļo un Zemnieku savienība	Opposition	Centre to centre-right	ValainisViktors	Valainis, Viktors	M	-	
ParlaMint-LV-en_2020-11-27-PT13-2152	ParlaMint-LV_2020-11-27-PT13-2152-U633	Latvian parliamentary corpus ParlaMint-LV-en, 13th Term, 2020-11-27	2020-11-27	Unicameralism	13. sasaukums	-	Regulārā	2020-11-27	-	COVID	English	Chairperson	MP	notMinister	NA	Nacionālā apvienība "Visu Latvijai!"–"Tēvzemei un Brīvībai/LNNK"	Coalition	Right	MūrnieceInāra	Mūrniece, Ināra	F	-	
ParlaMint-LV-en_2020-11-27-PT13-2152	ParlaMint-LV_2020-11-27-PT13-2152-U634	Latvian parliamentary corpus ParlaMint-LV-en, 13th Term, 2020-11-27	2020-11-27	Unicameralism	13. sasaukums	-	Regulārā	2020-11-27	-	COVID	English	Regular	notMP	notMinister	-	-	-	-	PapuleEvija	Papule, Evija	F	-	
ParlaMint-LV-en_2020-11-27-PT13-2152	ParlaMint-LV_2020-11-27-PT13-2152-U635	Latvian parliamentary corpus ParlaMint-LV-en, 13th Term, 2020-11-27	2020-11-27	Unicameralism	13. sasaukums	-	Regulārā	2020-11-27	-	COVID	English	Chairperson	MP	notMinister	NA	Nacionālā apvienība "Visu Latvijai!"–"Tēvzemei un Brīvībai/LNNK"	Coalition	Right	MūrnieceInāra	Mūrniece, Ināra	F	-	
ParlaMint-LV-en_2020-11-27-PT13-2152	ParlaMint-LV_2020-11-27-PT13-2152-U636	Latvian parliamentary corpus ParlaMint-LV-en, 13th Term, 2020-11-27	2020-11-27	Unicameralism	13. sasaukums	-	Regulārā	2020-11-27	-	COVID	English	Regular	MP	notMinister	ZZS	Zaļo un Zemnieku savienība	Opposition	Centre to centre-right	Reizniece-OzolaDana	Reizniece-Ozola, Dana	F	-	
ParlaMint-LV-en_2020-11-27-PT13-2152	ParlaMint-LV_2020-11-27-PT13-2152-U637	Latvian parliamentary corpus ParlaMint-LV-en, 13th Term, 2020-11-27	2020-11-27	Unicameralism	13. sasaukums	-	Regulārā	2020-11-27	-	COVID	English	Chairperson	MP	notMinister	NA	Nacionālā apvienība "Visu Latvijai!"–"Tēvzemei un Brīvībai/LNNK"	Coalition	Right	MūrnieceInāra	Mūrniece, Ināra	F	-	
ParlaMint-LV-en_2020-11-27-PT13-2152	ParlaMint-LV_2020-11-27-PT13-2152-U638	Latvian parliamentary corpus ParlaMint-LV-en, 13th Term, 2020-11-27	2020-11-27	Unicameralism	13. sasaukums	-	Regulārā	2020-11-27	-	COVID	English	Regular	notMP	notMinister	-	-	-	-	StepaņenkoJūlija	Stepaņenko, Jūlija	F	-	
ParlaMint-LV-en_2020-11-27-PT13-2152	ParlaMint-LV_2020-11-27-PT13-2152-U639	Latvian parliamentary corpus ParlaMint-LV-en, 13th Term, 2020-11-27	2020-11-27	Unicameralism	13. sasaukums	-	Regulārā	2020-11-27	-	COVID	English	Chairperson	MP	notMinister	NA	Nacionālā apvienība "Visu Latvijai!"–"Tēvzemei un Brīvībai/LNNK"	Coalition	Right	MūrnieceInāra	Mūrniece, Ināra	F	-	
ParlaMint-LV-en_2020-11-27-PT13-2152	ParlaMint-LV_2020-11-27-PT13-2152-U640	Latvian parliamentary corpus ParlaMint-LV-en, 13th Term, 2020-11-27	2020-11-27	Unicameralism	13. sasaukums	-	Regulārā	2020-11-27	-	COVID	English	Regular	notMP	notMinister	-	-	-	-	DombrovskisVjačeslavs	Dombrovskis, Vjačeslavs	M	-	
ParlaMint-LV-en_2020-11-27-PT13-2152	ParlaMint-LV_2020-11-27-PT13-2152-U641	Latvian parliamentary corpus ParlaMint-LV-en, 13th Term, 2020-11-27	2020-11-27	Unicameralism	13. sasaukums	-	Regulārā	2020-11-27	-	COVID	English	Chairperson	MP	notMinister	NA	Nacionālā apvienība "Visu Latvijai!"–"Tēvzemei un Brīvībai/LNNK"	Coalition	Right	MūrnieceInāra	Mūrniece, Ināra	F	-	
ParlaMint-LV-en_2020-11-27-PT13-2152	ParlaMint-LV_2020-11-27-PT13-2152-U642	Latvian parliamentary corpus ParlaMint-LV-en, 13th Term, 2020-11-27	2020-11-27	Unicameralism	13. sasaukums	-	Regulārā	2020-11-27	-	COVID	English	Regular	notMP	notMinister	-	-	-	-	PapuleEvija	Papule, Evija	F	-	
ParlaMint-LV-en_2020-11-27-PT13-2152	ParlaMint-LV_2020-11-27-PT13-2152-U643	Latvian parliamentary corpus ParlaMint-LV-en, 13th Term, 2020-11-27	2020-11-27	Unicameralism	13. sasaukums	-	Regulārā	2020-11-27	-	COVID	English	Chairperson	MP	notMinister	NA	Nacionālā apvienība "Visu Latvijai!"–"Tēvzemei un Brīvībai/LNNK"	Coalition	Right	MūrnieceInāra	Mūrniece, Ināra	F	-	
ParlaMint-LV-en_2020-11-27-PT13-2152	ParlaMint-LV_2020-11-27-PT13-2152-U644	Latvian parliamentary corpus ParlaMint-LV-en, 13th Term, 2020-11-27	2020-11-27	Unicameralism	13. sasaukums	-	Regulārā	2020-11-27	-	COVID	English	Regular	MP	notMinister	AP	Attīstībai/Par!	Coalition	Centre	ŠteinsMārtiņš	Šteins, Mārtiņš	M	-	
ParlaMint-LV-en_2020-11-27-PT13-2152	ParlaMint-LV_2020-11-27-PT13-2152-U645	Latvian parliamentary corpus ParlaMint-LV-en, 13th Term, 2020-11-27	2020-11-27	Unicameralism	13. sasaukums	-	Regulārā	2020-11-27	-	COVID	English	Chairperson	MP	notMinister	NA	Nacionālā apvienība "Visu Latvijai!"–"Tēvzemei un Brīvībai/LNNK"	Coalition	Right	MūrnieceInāra	Mūrniece, Ināra	F	-	
ParlaMint-LV-en_2020-11-27-PT13-2152	ParlaMint-LV_2020-11-27-PT13-2152-U646	Latvian parliamentary corpus ParlaMint-LV-en, 13th Term, 2020-11-27	2020-11-27	Unicameralism	13. sasaukums	-	Regulārā	2020-11-27	-	COVID	English	Regular	MP	notMinister	AP	Attīstībai/Par!	Coalition	Centre	ŠteinsMārtiņš	Šteins, Mārtiņš	M	-	
ParlaMint-LV-en_2020-11-27-PT13-2152	ParlaMint-LV_2020-11-27-PT13-2152-U647	Latvian parliamentary corpus ParlaMint-LV-en, 13th Term, 2020-11-27	2020-11-27	Unicameralism	13. sasaukums	-	Regulārā	2020-11-27	-	COVID	English	Chairperson	MP	notMinister	NA	Nacionālā apvienība "Visu Latvijai!"–"Tēvzemei un Brīvībai/LNNK"	Coalition	Right	MūrnieceInāra	Mūrniece, Ināra	F	-	
ParlaMint-LV-en_2020-11-27-PT13-2152	ParlaMint-LV_2020-11-27-PT13-2152-U648	Latvian parliamentary corpus ParlaMint-LV-en, 13th Term, 2020-11-27	2020-11-27	Unicameralism	13. sasaukums	-	Regulārā	2020-11-27	-	COVID	English	Regular	notMP	notMinister	-	-	-	-	StepaņenkoJūlija	Stepaņenko, Jūlija	F	-	
ParlaMint-LV-en_2020-11-27-PT13-2152	ParlaMint-LV_2020-11-27-PT13-2152-U649	Latvian parliamentary corpus ParlaMint-LV-en, 13th Term, 2020-11-27	2020-11-27	Unicameralism	13. sasaukums	-	Regulārā	2020-11-27	-	COVID	English	Chairperson	MP	notMinister	NA	Nacionālā apvienība "Visu Latvijai!"–"Tēvzemei un Brīvībai/LNNK"	Coalition	Right	MūrnieceInāra	Mūrniece, Ināra	F	-	
ParlaMint-LV-en_2020-11-27-PT13-2152	ParlaMint-LV_2020-11-27-PT13-2152-U650	Latvian parliamentary corpus ParlaMint-LV-en, 13th Term, 2020-11-27	2020-11-27	Unicameralism	13. sasaukums	-	Regulārā	2020-11-27	-	COVID	English	Regular	notMP	notMinister	-	-	-	-	PapuleEvija	Papule, Evija	F	-	
ParlaMint-LV-en_2020-11-27-PT13-2152	ParlaMint-LV_2020-11-27-PT13-2152-U651	Latvian parliamentary corpus ParlaMint-LV-en, 13th Term, 2020-11-27	2020-11-27	Unicameralism	13. sasaukums	-	Regulārā	2020-11-27	-	COVID	English	Chairperson	MP	notMinister	NA	Nacionālā apvienība "Visu Latvijai!"–"Tēvzemei un Brīvībai/LNNK"	Coalition	Right	MūrnieceInāra	Mūrniece, Ināra	F	-	
ParlaMint-LV-en_2020-11-27-PT13-2152	ParlaMint-LV_2020-11-27-PT13-2152-U652	Latvian parliamentary corpus ParlaMint-LV-en, 13th Term, 2020-11-27	2020-11-27	Unicameralism	13. sasaukums	-	Regulārā	2020-11-27	-	COVID	English	Regular	MP	notMinister	KPV-LV	Kam pieder valsts?	Coalition	Centre-right to right	GobzemsAldis	Gobzems, Aldis	M	-	
ParlaMint-LV-en_2020-11-27-PT13-2152	ParlaMint-LV_2020-11-27-PT13-2152-U653	Latvian parliamentary corpus ParlaMint-LV-en, 13th Term, 2020-11-27	2020-11-27	Unicameralism	13. sasaukums	-	Regulārā	2020-11-27	-	COVID	English	Chairperson	MP	notMinister	NA	Nacionālā apvienība "Visu Latvijai!"–"Tēvzemei un Brīvībai/LNNK"	Coalition	Right	MūrnieceInāra	Mūrniece, Ināra	F	-	
ParlaMint-LV-en_2020-11-27-PT13-2152	ParlaMint-LV_2020-11-27-PT13-2152-U654	Latvian parliamentary corpus ParlaMint-LV-en, 13th Term, 2020-11-27	2020-11-27	Unicameralism	13. sasaukums	-	Regulārā	2020-11-27	-	COVID	English	Regular	MP	notMinister	ZZS	Zaļo un Zemnieku savienība	Opposition	Centre to centre-right	Reizniece-OzolaDana	Reizniece-Ozola, Dana	F	-	
ParlaMint-LV-en_2020-11-27-PT13-2152	ParlaMint-LV_2020-11-27-PT13-2152-U655	Latvian parliamentary corpus ParlaMint-LV-en, 13th Term, 2020-11-27	2020-11-27	Unicameralism	13. sasaukums	-	Regulārā	2020-11-27	-	COVID	English	Chairperson	MP	notMinister	NA	Nacionālā apvienība "Visu Latvijai!"–"Tēvzemei un Brīvībai/LNNK"	Coalition	Right	MūrnieceInāra	Mūrniece, Ināra	F	-	
ParlaMint-LV-en_2020-11-27-PT13-2152	ParlaMint-LV_2020-11-27-PT13-2152-U656	Latvian parliamentary corpus ParlaMint-LV-en, 13th Term, 2020-11-27	2020-11-27	Unicameralism	13. sasaukums	-	Regulārā	2020-11-27	-	COVID	English	Regular	notMP	notMinister	-	-	-	-	StepaņenkoJūlija	Stepaņenko, Jūlija	F	-	
ParlaMint-LV-en_2020-11-27-PT13-2152	ParlaMint-LV_2020-11-27-PT13-2152-U657	Latvian parliamentary corpus ParlaMint-LV-en, 13th Term, 2020-11-27	2020-11-27	Unicameralism	13. sasaukums	-	Regulārā	2020-11-27	-	COVID	English	Chairperson	MP	notMinister	NA	Nacionālā apvienība "Visu Latvijai!"–"Tēvzemei un Brīvībai/LNNK"	Coalition	Right	MūrnieceInāra	Mūrniece, Ināra	F	-	
ParlaMint-LV-en_2020-11-27-PT13-2152	ParlaMint-LV_2020-11-27-PT13-2152-U658	Latvian parliamentary corpus ParlaMint-LV-en, 13th Term, 2020-11-27	2020-11-27	Unicameralism	13. sasaukums	-	Regulārā	2020-11-27	-	COVID	English	Regular	MP	notMinister	KPV-LV	Kam pieder valsts?	Coalition	Centre-right to right	GobzemsAldis	Gobzems, Aldis	M	-	
ParlaMint-LV-en_2020-11-27-PT13-2152	ParlaMint-LV_2020-11-27-PT13-2152-U659	Latvian parliamentary corpus ParlaMint-LV-en, 13th Term, 2020-11-27	2020-11-27	Unicameralism	13. sasaukums	-	Regulārā	2020-11-27	-	COVID	English	Chairperson	MP	notMinister	NA	Nacionālā apvienība "Visu Latvijai!"–"Tēvzemei un Brīvībai/LNNK"	Coalition	Right	MūrnieceInāra	Mūrniece, Ināra	F	-	
ParlaMint-LV-en_2020-11-27-PT13-2152	ParlaMint-LV_2020-11-27-PT13-2152-U660	Latvian parliamentary corpus ParlaMint-LV-en, 13th Term, 2020-11-27	2020-11-27	Unicameralism	13. sasaukums	-	Regulārā	2020-11-27	-	COVID	English	Regular	MP	notMinister	ZZS	Zaļo un Zemnieku savienība	Opposition	Centre to centre-right	ValainisViktors	Valainis, Viktors	M	-	
ParlaMint-LV-en_2020-11-27-PT13-2152	ParlaMint-LV_2020-11-27-PT13-2152-U661	Latvian parliamentary corpus ParlaMint-LV-en, 13th Term, 2020-11-27	2020-11-27	Unicameralism	13. sasaukums	-	Regulārā	2020-11-27	-	COVID	English	Chairperson	MP	notMinister	NA	Nacionālā apvienība "Visu Latvijai!"–"Tēvzemei un Brīvībai/LNNK"	Coalition	Right	MūrnieceInāra	Mūrniece, Ināra	F	-	
ParlaMint-LV-en_2020-11-27-PT13-2152	ParlaMint-LV_2020-11-27-PT13-2152-U662	Latvian parliamentary corpus ParlaMint-LV-en, 13th Term, 2020-11-27	2020-11-27	Unicameralism	13. sasaukums	-	Regulārā	2020-11-27	-	COVID	English	Regular	MP	notMinister	AP	Attīstībai/Par!	Coalition	Centre	ŠteinsMārtiņš	Šteins, Mārtiņš	M	-	
ParlaMint-LV-en_2020-11-27-PT13-2152	ParlaMint-LV_2020-11-27-PT13-2152-U663	Latvian parliamentary corpus ParlaMint-LV-en, 13th Term, 2020-11-27	2020-11-27	Unicameralism	13. sasaukums	-	Regulārā	2020-11-27	-	COVID	English	Chairperson	MP	notMinister	NA	Nacionālā apvienība "Visu Latvijai!"–"Tēvzemei un Brīvībai/LNNK"	Coalition	Right	MūrnieceInāra	Mūrniece, Ināra	F	-	
ParlaMint-LV-en_2020-11-27-PT13-2152	ParlaMint-LV_2020-11-27-PT13-2152-U664	Latvian parliamentary corpus ParlaMint-LV-en, 13th Term, 2020-11-27	2020-11-27	Unicameralism	13. sasaukums	-	Regulārā	2020-11-27	-	COVID	English	Regular	MP	notMinister	AP	Attīstībai/Par!	Coalition	Centre	ŠteinsMārtiņš	Šteins, Mārtiņš	M	-	
ParlaMint-LV-en_2020-11-27-PT13-2152	ParlaMint-LV_2020-11-27-PT13-2152-U665	Latvian parliamentary corpus ParlaMint-LV-en, 13th Term, 2020-11-27	2020-11-27	Unicameralism	13. sasaukums	-	Regulārā	2020-11-27	-	COVID	English	Chairperson	MP	notMinister	NA	Nacionālā apvienība "Visu Latvijai!"–"Tēvzemei un Brīvībai/LNNK"	Coalition	Right	MūrnieceInāra	Mūrniece, Ināra	F	-	
ParlaMint-LV-en_2020-11-27-PT13-2152	ParlaMint-LV_2020-11-27-PT13-2152-U666	Latvian parliamentary corpus ParlaMint-LV-en, 13th Term, 2020-11-27	2020-11-27	Unicameralism	13. sasaukums	-	Regulārā	2020-11-27	-	COVID	English	Regular	notMP	notMinister	-	-	-	-	StepaņenkoJūlija	Stepaņenko, Jūlija	F	-	
ParlaMint-LV-en_2020-11-27-PT13-2152	ParlaMint-LV_2020-11-27-PT13-2152-U667	Latvian parliamentary corpus ParlaMint-LV-en, 13th Term, 2020-11-27	2020-11-27	Unicameralism	13. sasaukums	-	Regulārā	2020-11-27	-	COVID	English	Chairperson	MP	notMinister	NA	Nacionālā apvienība "Visu Latvijai!"–"Tēvzemei un Brīvībai/LNNK"	Coalition	Right	MūrnieceInāra	Mūrniece, Ināra	F	-	
ParlaMint-LV-en_2020-11-27-PT13-2152	ParlaMint-LV_2020-11-27-PT13-2152-U668	Latvian parliamentary corpus ParlaMint-LV-en, 13th Term, 2020-11-27	2020-11-27	Unicameralism	13. sasaukums	-	Regulārā	2020-11-27	-	COVID	English	Regular	MP	notMinister	ZZS	Zaļo un Zemnieku savienība	Opposition	Centre to centre-right	ValainisViktors	Valainis, Viktors	M	-	
ParlaMint-LV-en_2020-11-27-PT13-2152	ParlaMint-LV_2020-11-27-PT13-2152-U669	Latvian parliamentary corpus ParlaMint-LV-en, 13th Term, 2020-11-27	2020-11-27	Unicameralism	13. sasaukums	-	Regulārā	2020-11-27	-	COVID	English	Chairperson	MP	notMinister	NA	Nacionālā apvienība "Visu Latvijai!"–"Tēvzemei un Brīvībai/LNNK"	Coalition	Right	MūrnieceInāra	Mūrniece, Ināra	F	-	
ParlaMint-LV-en_2020-11-27-PT13-2152	ParlaMint-LV_2020-11-27-PT13-2152-U670	Latvian parliamentary corpus ParlaMint-LV-en, 13th Term, 2020-11-27	2020-11-27	Unicameralism	13. sasaukums	-	Regulārā	2020-11-27	-	COVID	English	Chairperson	MP	notMinister	NA	Nacionālā apvienība "Visu Latvijai!"–"Tēvzemei un Brīvībai/LNNK"	Coalition	Right	MūrnieceInāra	Mūrniece, Ināra	F	-	
ParlaMint-LV-en_2020-11-27-PT13-2152	ParlaMint-LV_2020-11-27-PT13-2152-U671	Latvian parliamentary corpus ParlaMint-LV-en, 13th Term, 2020-11-27	2020-11-27	Unicameralism	13. sasaukums	-	Regulārā	2020-11-27	-	COVID	English	Regular	MP	notMinister	KPV-LV	Kam pieder valsts?	Coalition	Centre-right to right	GobzemsAldis	Gobzems, Aldis	M	-	
ParlaMint-LV-en_2020-11-27-PT13-2152	ParlaMint-LV_2020-11-27-PT13-2152-U672	Latvian parliamentary corpus ParlaMint-LV-en, 13th Term, 2020-11-27	2020-11-27	Unicameralism	13. sasaukums	-	Regulārā	2020-11-27	-	COVID	English	Chairperson	MP	notMinister	NA	Nacionālā apvienība "Visu Latvijai!"–"Tēvzemei un Brīvībai/LNNK"	Coalition	Right	MūrnieceInāra	Mūrniece, Ināra	F	-	
ParlaMint-LV-en_2020-11-27-PT13-2152	ParlaMint-LV_2020-11-27-PT13-2152-U673	Latvian parliamentary corpus ParlaMint-LV-en, 13th Term, 2020-11-27	2020-11-27	Unicameralism	13. sasaukums	-	Regulārā	2020-11-27	-	COVID	English	Regular	MP	notMinister	AP	Attīstībai/Par!	Coalition	Centre	ŠteinsMārtiņš	Šteins, Mārtiņš	M	-	
ParlaMint-LV-en_2020-11-27-PT13-2152	ParlaMint-LV_2020-11-27-PT13-2152-U674	Latvian parliamentary corpus ParlaMint-LV-en, 13th Term, 2020-11-27	2020-11-27	Unicameralism	13. sasaukums	-	Regulārā	2020-11-27	-	COVID	English	Chairperson	MP	notMinister	NA	Nacionālā apvienība "Visu Latvijai!"–"Tēvzemei un Brīvībai/LNNK"	Coalition	Right	MūrnieceInāra	Mūrniece, Ināra	F	-	
ParlaMint-LV-en_2020-11-27-PT13-2152	ParlaMint-LV_2020-11-27-PT13-2152-U675	Latvian parliamentary corpus ParlaMint-LV-en, 13th Term, 2020-11-27	2020-11-27	Unicameralism	13. sasaukums	-	Regulārā	2020-11-27	-	COVID	English	Regular	MP	notMinister	AP	Attīstībai/Par!	Coalition	Centre	ŠteinsMārtiņš	Šteins, Mārtiņš	M	-	
ParlaMint-LV-en_2020-11-27-PT13-2152	ParlaMint-LV_2020-11-27-PT13-2152-U676	Latvian parliamentary corpus ParlaMint-LV-en, 13th Term, 2020-11-27	2020-11-27	Unicameralism	13. sasaukums	-	Regulārā	2020-11-27	-	COVID	English	Chairperson	MP	notMinister	NA	Nacionālā apvienība "Visu Latvijai!"–"Tēvzemei un Brīvībai/LNNK"	Coalition	Right	MūrnieceInāra	Mūrniece, Ināra	F	-	
ParlaMint-LV-en_2020-11-27-PT13-2152	ParlaMint-LV_2020-11-27-PT13-2152-U677	Latvian parliamentary corpus ParlaMint-LV-en, 13th Term, 2020-11-27	2020-11-27	Unicameralism	13. sasaukums	-	Regulārā	2020-11-27	-	COVID	English	Regular	notMP	notMinister	-	-	-	-	StepaņenkoJūlija	Stepaņenko, Jūlija	F	-	
ParlaMint-LV-en_2020-11-27-PT13-2152	ParlaMint-LV_2020-11-27-PT13-2152-U678	Latvian parliamentary corpus ParlaMint-LV-en, 13th Term, 2020-11-27	2020-11-27	Unicameralism	13. sasaukums	-	Regulārā	2020-11-27	-	COVID	English	Chairperson	MP	notMinister	NA	Nacionālā apvienība "Visu Latvijai!"–"Tēvzemei un Brīvībai/LNNK"	Coalition	Right	MūrnieceInāra	Mūrniece, Ināra	F	-	
ParlaMint-LV-en_2020-11-27-PT13-2152	ParlaMint-LV_2020-11-27-PT13-2152-U679	Latvian parliamentary corpus ParlaMint-LV-en, 13th Term, 2020-11-27	2020-11-27	Unicameralism	13. sasaukums	-	Regulārā	2020-11-27	-	COVID	English	Regular	notMP	notMinister	-	-	-	-	DombrovskisVjačeslavs	Dombrovskis, Vjačeslavs	M	-	
ParlaMint-LV-en_2020-11-27-PT13-2152	ParlaMint-LV_2020-11-27-PT13-2152-U680	Latvian parliamentary corpus ParlaMint-LV-en, 13th Term, 2020-11-27	2020-11-27	Unicameralism	13. sasaukums	-	Regulārā	2020-11-27	-	COVID	English	Chairperson	MP	notMinister	NA	Nacionālā apvienība "Visu Latvijai!"–"Tēvzemei un Brīvībai/LNNK"	Coalition	Right	MūrnieceInāra	Mūrniece, Ināra	F	-	
ParlaMint-LV-en_2020-11-27-PT13-2152	ParlaMint-LV_2020-11-27-PT13-2152-U681	Latvian parliamentary corpus ParlaMint-LV-en, 13th Term, 2020-11-27	2020-11-27	Unicameralism	13. sasaukums	-	Regulārā	2020-11-27	-	COVID	English	Regular	MP	notMinister	ZZS	Zaļo un Zemnieku savienība	Opposition	Centre to centre-right	Reizniece-OzolaDana	Reizniece-Ozola, Dana	F	-	
ParlaMint-LV-en_2020-11-27-PT13-2152	ParlaMint-LV_2020-11-27-PT13-2152-U682	Latvian parliamentary corpus ParlaMint-LV-en, 13th Term, 2020-11-27	2020-11-27	Unicameralism	13. sasaukums	-	Regulārā	2020-11-27	-	COVID	English	Chairperson	MP	notMinister	NA	Nacionālā apvienība "Visu Latvijai!"–"Tēvzemei un Brīvībai/LNNK"	Coalition	Right	MūrnieceInāra	Mūrniece, Ināra	F	-	
ParlaMint-LV-en_2020-11-27-PT13-2152	ParlaMint-LV_2020-11-27-PT13-2152-U683	Latvian parliamentary corpus ParlaMint-LV-en, 13th Term, 2020-11-27	2020-11-27	Unicameralism	13. sasaukums	-	Regulārā	2020-11-27	-	COVID	English	Regular	MP	notMinister	KPV-LV	Kam pieder valsts?	Coalition	Centre-right to right	GobzemsAldis	Gobzems, Aldis	M	-	
ParlaMint-LV-en_2020-11-27-PT13-2152	ParlaMint-LV_2020-11-27-PT13-2152-U684	Latvian parliamentary corpus ParlaMint-LV-en, 13th Term, 2020-11-27	2020-11-27	Unicameralism	13. sasaukums	-	Regulārā	2020-11-27	-	COVID	English	Chairperson	MP	notMinister	NA	Nacionālā apvienība "Visu Latvijai!"–"Tēvzemei un Brīvībai/LNNK"	Coalition	Right	MūrnieceInāra	Mūrniece, Ināra	F	-	
ParlaMint-LV-en_2020-11-27-PT13-2152	ParlaMint-LV_2020-11-27-PT13-2152-U685	Latvian parliamentary corpus ParlaMint-LV-en, 13th Term, 2020-11-27	2020-11-27	Unicameralism	13. sasaukums	-	Regulārā	2020-11-27	-	COVID	English	Regular	MP	notMinister	ZZS	Zaļo un Zemnieku savienība	Opposition	Centre to centre-right	ValainisViktors	Valainis, Viktors	M	-	
ParlaMint-LV-en_2020-11-27-PT13-2152	ParlaMint-LV_2020-11-27-PT13-2152-U686	Latvian parliamentary corpus ParlaMint-LV-en, 13th Term, 2020-11-27	2020-11-27	Unicameralism	13. sasaukums	-	Regulārā	2020-11-27	-	COVID	English	Chairperson	MP	notMinister	NA	Nacionālā apvienība "Visu Latvijai!"–"Tēvzemei un Brīvībai/LNNK"	Coalition	Right	MūrnieceInāra	Mūrniece, Ināra	F	-	
ParlaMint-LV-en_2020-11-27-PT13-2152	ParlaMint-LV_2020-11-27-PT13-2152-U687	Latvian parliamentary corpus ParlaMint-LV-en, 13th Term, 2020-11-27	2020-11-27	Unicameralism	13. sasaukums	-	Regulārā	2020-11-27	-	COVID	English	Regular	notMP	notMinister	-	-	-	-	DombrovskisVjačeslavs	Dombrovskis, Vjačeslavs	M	-	
ParlaMint-LV-en_2020-11-27-PT13-2152	ParlaMint-LV_2020-11-27-PT13-2152-U688	Latvian parliamentary corpus ParlaMint-LV-en, 13th Term, 2020-11-27	2020-11-27	Unicameralism	13. sasaukums	-	Regulārā	2020-11-27	-	COVID	English	Chairperson	MP	notMinister	NA	Nacionālā apvienība "Visu Latvijai!"–"Tēvzemei un Brīvībai/LNNK"	Coalition	Right	MūrnieceInāra	Mūrniece, Ināra	F	-	
ParlaMint-LV-en_2020-11-27-PT13-2152	ParlaMint-LV_2020-11-27-PT13-2152-U689	Latvian parliamentary corpus ParlaMint-LV-en, 13th Term, 2020-11-27	2020-11-27	Unicameralism	13. sasaukums	-	Regulārā	2020-11-27	-	COVID	English	Regular	notMP	notMinister	-	-	-	-	StepaņenkoJūlija	Stepaņenko, Jūlija	F	-	
ParlaMint-LV-en_2020-11-27-PT13-2152	ParlaMint-LV_2020-11-27-PT13-2152-U690	Latvian parliamentary corpus ParlaMint-LV-en, 13th Term, 2020-11-27	2020-11-27	Unicameralism	13. sasaukums	-	Regulārā	2020-11-27	-	COVID	English	Chairperson	MP	notMinister	NA	Nacionālā apvienība "Visu Latvijai!"–"Tēvzemei un Brīvībai/LNNK"	Coalition	Right	MūrnieceInāra	Mūrniece, Ināra	F	-	
ParlaMint-LV-en_2020-11-27-PT13-2152	ParlaMint-LV_2020-11-27-PT13-2152-U691	Latvian parliamentary corpus ParlaMint-LV-en, 13th Term, 2020-11-27	2020-11-27	Unicameralism	13. sasaukums	-	Regulārā	2020-11-27	-	COVID	English	Regular	MP	notMinister	ZZS	Zaļo un Zemnieku savienība	Opposition	Centre to centre-right	Reizniece-OzolaDana	Reizniece-Ozola, Dana	F	-	
ParlaMint-LV-en_2020-11-27-PT13-2152	ParlaMint-LV_2020-11-27-PT13-2152-U692	Latvian parliamentary corpus ParlaMint-LV-en, 13th Term, 2020-11-27	2020-11-27	Unicameralism	13. sasaukums	-	Regulārā	2020-11-27	-	COVID	English	Chairperson	MP	notMinister	NA	Nacionālā apvienība "Visu Latvijai!"–"Tēvzemei un Brīvībai/LNNK"	Coalition	Right	MūrnieceInāra	Mūrniece, Ināra	F	-	
ParlaMint-LV-en_2020-11-27-PT13-2152	ParlaMint-LV_2020-11-27-PT13-2152-U693	Latvian parliamentary corpus ParlaMint-LV-en, 13th Term, 2020-11-27	2020-11-27	Unicameralism	13. sasaukums	-	Regulārā	2020-11-27	-	COVID	English	Regular	MP	notMinister	ZZS	Zaļo un Zemnieku savienība	Opposition	Centre to centre-right	ValainisViktors	Valainis, Viktors	M	-	
ParlaMint-LV-en_2020-11-27-PT13-2152	ParlaMint-LV_2020-11-27-PT13-2152-U694	Latvian parliamentary corpus ParlaMint-LV-en, 13th Term, 2020-11-27	2020-11-27	Unicameralism	13. sasaukums	-	Regulārā	2020-11-27	-	COVID	English	Chairperson	MP	notMinister	NA	Nacionālā apvienība "Visu Latvijai!"–"Tēvzemei un Brīvībai/LNNK"	Coalition	Right	MūrnieceInāra	Mūrniece, Ināra	F	-	
ParlaMint-LV-en_2020-11-27-PT13-2152	ParlaMint-LV_2020-11-27-PT13-2152-U695	Latvian parliamentary corpus ParlaMint-LV-en, 13th Term, 2020-11-27	2020-11-27	Unicameralism	13. sasaukums	-	Regulārā	2020-11-27	-	COVID	English	Regular	MP	notMinister	KPV-LV	Kam pieder valsts?	Coalition	Centre-right to right	GobzemsAldis	Gobzems, Aldis	M	-	
ParlaMint-LV-en_2020-11-27-PT13-2152	ParlaMint-LV_2020-11-27-PT13-2152-U696	Latvian parliamentary corpus ParlaMint-LV-en, 13th Term, 2020-11-27	2020-11-27	Unicameralism	13. sasaukums	-	Regulārā	2020-11-27	-	COVID	English	Chairperson	MP	notMinister	NA	Nacionālā apvienība "Visu Latvijai!"–"Tēvzemei un Brīvībai/LNNK"	Coalition	Right	MūrnieceInāra	Mūrniece, Ināra	F	-	
ParlaMint-LV-en_2020-11-27-PT13-2152	ParlaMint-LV_2020-11-27-PT13-2152-U697	Latvian parliamentary corpus ParlaMint-LV-en, 13th Term, 2020-11-27	2020-11-27	Unicameralism	13. sasaukums	-	Regulārā	2020-11-27	-	COVID	English	Regular	notMP	notMinister	-	-	-	-	KaimiņšArtuss	Kaimiņš, Artuss	M	-	
ParlaMint-LV-en_2020-11-27-PT13-2152	ParlaMint-LV_2020-11-27-PT13-2152-U698	Latvian parliamentary corpus ParlaMint-LV-en, 13th Term, 2020-11-27	2020-11-27	Unicameralism	13. sasaukums	-	Regulārā	2020-11-27	-	COVID	English	Chairperson	MP	notMinister	NA	Nacionālā apvienība "Visu Latvijai!"–"Tēvzemei un Brīvībai/LNNK"	Coalition	Right	MūrnieceInāra	Mūrniece, Ināra	F	-	
ParlaMint-LV-en_2020-11-27-PT13-2152	ParlaMint-LV_2020-11-27-PT13-2152-U699	Latvian parliamentary corpus ParlaMint-LV-en, 13th Term, 2020-11-27	2020-11-27	Unicameralism	13. sasaukums	-	Regulārā	2020-11-27	-	COVID	English	Regular	notMP	notMinister	-	-	-	-	KaimiņšArtuss	Kaimiņš, Artuss	M	-	
ParlaMint-LV-en_2020-11-27-PT13-2152	ParlaMint-LV_2020-11-27-PT13-2152-U700	Latvian parliamentary corpus ParlaMint-LV-en, 13th Term, 2020-11-27	2020-11-27	Unicameralism	13. sasaukums	-	Regulārā	2020-11-27	-	COVID	English	Chairperson	MP	notMinister	NA	Nacionālā apvienība "Visu Latvijai!"–"Tēvzemei un Brīvībai/LNNK"	Coalition	Right	MūrnieceInāra	Mūrniece, Ināra	F	-	
ParlaMint-LV-en_2020-11-27-PT13-2152	ParlaMint-LV_2020-11-27-PT13-2152-U701	Latvian parliamentary corpus ParlaMint-LV-en, 13th Term, 2020-11-27	2020-11-27	Unicameralism	13. sasaukums	-	Regulārā	2020-11-27	-	COVID	English	Regular	MP	notMinister	JK	Jaunā konservatīvā	Coalition	Centre-right	FeldmansKrišjānis	Feldmans, Krišjānis	M	-	
ParlaMint-LV-en_2020-11-27-PT13-2152	ParlaMint-LV_2020-11-27-PT13-2152-U702	Latvian parliamentary corpus ParlaMint-LV-en, 13th Term, 2020-11-27	2020-11-27	Unicameralism	13. sasaukums	-	Regulārā	2020-11-27	-	COVID	English	Chairperson	MP	notMinister	NA	Nacionālā apvienība "Visu Latvijai!"–"Tēvzemei un Brīvībai/LNNK"	Coalition	Right	MūrnieceInāra	Mūrniece, Ināra	F	-	
ParlaMint-LV-en_2020-11-27-PT13-2152	ParlaMint-LV_2020-11-27-PT13-2152-U703	Latvian parliamentary corpus ParlaMint-LV-en, 13th Term, 2020-11-27	2020-11-27	Unicameralism	13. sasaukums	-	Regulārā	2020-11-27	-	COVID	English	Regular	MP	notMinister	SASKAŅA	SASKAŅA	Opposition	Centre-left	ŠvecovaĻubova	Švecova, Ļubova	F	-	
ParlaMint-LV-en_2020-11-27-PT13-2152	ParlaMint-LV_2020-11-27-PT13-2152-U704	Latvian parliamentary corpus ParlaMint-LV-en, 13th Term, 2020-11-27	2020-11-27	Unicameralism	13. sasaukums	-	Regulārā	2020-11-27	-	COVID	English	Chairperson	MP	notMinister	NA	Nacionālā apvienība "Visu Latvijai!"–"Tēvzemei un Brīvībai/LNNK"	Coalition	Right	MūrnieceInāra	Mūrniece, Ināra	F	-	
ParlaMint-LV-en_2020-11-27-PT13-2152	ParlaMint-LV_2020-11-27-PT13-2152-U705	Latvian parliamentary corpus ParlaMint-LV-en, 13th Term, 2020-11-27	2020-11-27	Unicameralism	13. sasaukums	-	Regulārā	2020-11-27	-	COVID	English	Regular	MP	notMinister	SASKAŅA	SASKAŅA	Opposition	Centre-left	ŠvecovaĻubova	Švecova, Ļubova	F	-	
ParlaMint-LV-en_2020-11-27-PT13-2152	ParlaMint-LV_2020-11-27-PT13-2152-U706	Latvian parliamentary corpus ParlaMint-LV-en, 13th Term, 2020-11-27	2020-11-27	Unicameralism	13. sasaukums	-	Regulārā	2020-11-27	-	COVID	English	Chairperson	MP	notMinister	NA	Nacionālā apvienība "Visu Latvijai!"–"Tēvzemei un Brīvībai/LNNK"	Coalition	Right	MūrnieceInāra	Mūrniece, Ināra	F	-	
ParlaMint-LV-en_2020-11-27-PT13-2152	ParlaMint-LV_2020-11-27-PT13-2152-U707	Latvian parliamentary corpus ParlaMint-LV-en, 13th Term, 2020-11-27	2020-11-27	Unicameralism	13. sasaukums	-	Regulārā	2020-11-27	-	COVID	English	Regular	MP	notMinister	JK	Jaunā konservatīvā	Coalition	Centre-right	FeldmansKrišjānis	Feldmans, Krišjānis	M	-	
ParlaMint-LV-en_2020-11-27-PT13-2152	ParlaMint-LV_2020-11-27-PT13-2152-U708	Latvian parliamentary corpus ParlaMint-LV-en, 13th Term, 2020-11-27	2020-11-27	Unicameralism	13. sasaukums	-	Regulārā	2020-11-27	-	COVID	English	Chairperson	MP	notMinister	NA	Nacionālā apvienība "Visu Latvijai!"–"Tēvzemei un Brīvībai/LNNK"	Coalition	Right	MūrnieceInāra	Mūrniece, Ināra	F	-	
ParlaMint-LV-en_2020-11-27-PT13-2152	ParlaMint-LV_2020-11-27-PT13-2152-U709	Latvian parliamentary corpus ParlaMint-LV-en, 13th Term, 2020-11-27	2020-11-27	Unicameralism	13. sasaukums	-	Regulārā	2020-11-27	-	COVID	English	Regular	notMP	notMinister	-	-	-	-	PapuleEvija	Papule, Evija	F	-	
ParlaMint-LV-en_2020-11-27-PT13-2152	ParlaMint-LV_2020-11-27-PT13-2152-U710	Latvian parliamentary corpus ParlaMint-LV-en, 13th Term, 2020-11-27	2020-11-27	Unicameralism	13. sasaukums	-	Regulārā	2020-11-27	-	COVID	English	Chairperson	MP	notMinister	NA	Nacionālā apvienība "Visu Latvijai!"–"Tēvzemei un Brīvībai/LNNK"	Coalition	Right	MūrnieceInāra	Mūrniece, Ināra	F	-	
ParlaMint-LV-en_2020-11-27-PT13-2152	ParlaMint-LV_2020-11-27-PT13-2152-U711	Latvian parliamentary corpus ParlaMint-LV-en, 13th Term, 2020-11-27	2020-11-27	Unicameralism	13. sasaukums	-	Regulārā	2020-11-27	-	COVID	English	Regular	MP	notMinister	SASKAŅA	SASKAŅA	Opposition	Centre-left	ZariņšIvars	Zariņš, Ivars	M	-	
ParlaMint-LV-en_2020-11-27-PT13-2152	ParlaMint-LV_2020-11-27-PT13-2152-U712	Latvian parliamentary corpus ParlaMint-LV-en, 13th Term, 2020-11-27	2020-11-27	Unicameralism	13. sasaukums	-	Regulārā	2020-11-27	-	COVID	English	Chairperson	MP	notMinister	NA	Nacionālā apvienība "Visu Latvijai!"–"Tēvzemei un Brīvībai/LNNK"	Coalition	Right	MūrnieceInāra	Mūrniece, Ināra	F	-	
ParlaMint-LV-en_2020-11-27-PT13-2152	ParlaMint-LV_2020-11-27-PT13-2152-U713	Latvian parliamentary corpus ParlaMint-LV-en, 13th Term, 2020-11-27	2020-11-27	Unicameralism	13. sasaukums	-	Regulārā	2020-11-27	-	COVID	English	Regular	MP	notMinister	SASKAŅA	SASKAŅA	Opposition	Centre-left	ZariņšIvars	Zariņš, Ivars	M	-	
ParlaMint-LV-en_2020-11-27-PT13-2152	ParlaMint-LV_2020-11-27-PT13-2152-U714	Latvian parliamentary corpus ParlaMint-LV-en, 13th Term, 2020-11-27	2020-11-27	Unicameralism	13. sasaukums	-	Regulārā	2020-11-27	-	COVID	English	Chairperson	MP	notMinister	NA	Nacionālā apvienība "Visu Latvijai!"–"Tēvzemei un Brīvībai/LNNK"	Coalition	Right	MūrnieceInāra	Mūrniece, Ināra	F	-	
ParlaMint-LV-en_2020-11-27-PT13-2152	ParlaMint-LV_2020-11-27-PT13-2152-U715	Latvian parliamentary corpus ParlaMint-LV-en, 13th Term, 2020-11-27	2020-11-27	Unicameralism	13. sasaukums	-	Regulārā	2020-11-27	-	COVID	English	Regular	MP	notMinister	SASKAŅA	SASKAŅA	Opposition	Centre-left	ZariņšIvars	Zariņš, Ivars	M	-	
ParlaMint-LV-en_2020-11-27-PT13-2152	ParlaMint-LV_2020-11-27-PT13-2152-U716	Latvian parliamentary corpus ParlaMint-LV-en, 13th Term, 2020-11-27	2020-11-27	Unicameralism	13. sasaukums	-	Regulārā	2020-11-27	-	COVID	English	Chairperson	MP	notMinister	NA	Nacionālā apvienība "Visu Latvijai!"–"Tēvzemei un Brīvībai/LNNK"	Coalition	Right	MūrnieceInāra	Mūrniece, Ināra	F	-	
ParlaMint-LV-en_2020-11-27-PT13-2152	ParlaMint-LV_2020-11-27-PT13-2152-U717	Latvian parliamentary corpus ParlaMint-LV-en, 13th Term, 2020-11-27	2020-11-27	Unicameralism	13. sasaukums	-	Regulārā	2020-11-27	-	COVID	English	Regular	MP	notMinister	SASKAŅA	SASKAŅA	Opposition	Centre-left	ZariņšIvars	Zariņš, Ivars	M	-	
ParlaMint-LV-en_2020-11-27-PT13-2152	ParlaMint-LV_2020-11-27-PT13-2152-U718	Latvian parliamentary corpus ParlaMint-LV-en, 13th Term, 2020-11-27	2020-11-27	Unicameralism	13. sasaukums	-	Regulārā	2020-11-27	-	COVID	English	Chairperson	MP	notMinister	NA	Nacionālā apvienība "Visu Latvijai!"–"Tēvzemei un Brīvībai/LNNK"	Coalition	Right	MūrnieceInāra	Mūrniece, Ināra	F	-	
ParlaMint-LV-en_2020-11-27-PT13-2152	ParlaMint-LV_2020-11-27-PT13-2152-U719	Latvian parliamentary corpus ParlaMint-LV-en, 13th Term, 2020-11-27	2020-11-27	Unicameralism	13. sasaukums	-	Regulārā	2020-11-27	-	COVID	English	Regular	MP	notMinister	SASKAŅA	SASKAŅA	Opposition	Centre-left	ZariņšIvars	Zariņš, Ivars	M	-	
ParlaMint-LV-en_2020-11-27-PT13-2152	ParlaMint-LV_2020-11-27-PT13-2152-U720	Latvian parliamentary corpus ParlaMint-LV-en, 13th Term, 2020-11-27	2020-11-27	Unicameralism	13. sasaukums	-	Regulārā	2020-11-27	-	COVID	English	Chairperson	MP	notMinister	NA	Nacionālā apvienība "Visu Latvijai!"–"Tēvzemei un Brīvībai/LNNK"	Coalition	Right	MūrnieceInāra	Mūrniece, Ināra	F	-	
ParlaMint-LV-en_2020-11-27-PT13-2152	ParlaMint-LV_2020-11-27-PT13-2152-U721	Latvian parliamentary corpus ParlaMint-LV-en, 13th Term, 2020-11-27	2020-11-27	Unicameralism	13. sasaukums	-	Regulārā	2020-11-27	-	COVID	English	Regular	MP	notMinister	SASKAŅA	SASKAŅA	Opposition	Centre-left	ZariņšIvars	Zariņš, Ivars	M	-	
ParlaMint-LV-en_2020-11-27-PT13-2152	ParlaMint-LV_2020-11-27-PT13-2152-U722	Latvian parliamentary corpus ParlaMint-LV-en, 13th Term, 2020-11-27	2020-11-27	Unicameralism	13. sasaukums	-	Regulārā	2020-11-27	-	COVID	English	Chairperson	MP	notMinister	NA	Nacionālā apvienība "Visu Latvijai!"–"Tēvzemei un Brīvībai/LNNK"	Coalition	Right	MūrnieceInāra	Mūrniece, Ināra	F	-	
ParlaMint-LV-en_2020-11-27-PT13-2152	ParlaMint-LV_2020-11-27-PT13-2152-U723	Latvian parliamentary corpus ParlaMint-LV-en, 13th Term, 2020-11-27	2020-11-27	Unicameralism	13. sasaukums	-	Regulārā	2020-11-27	-	COVID	English	Regular	MP	notMinister	SASKAŅA	SASKAŅA	Opposition	Centre-left	ZariņšIvars	Zariņš, Ivars	M	-	
ParlaMint-LV-en_2020-11-27-PT13-2152	ParlaMint-LV_2020-11-27-PT13-2152-U724	Latvian parliamentary corpus ParlaMint-LV-en, 13th Term, 2020-11-27	2020-11-27	Unicameralism	13. sasaukums	-	Regulārā	2020-11-27	-	COVID	English	Chairperson	MP	notMinister	NA	Nacionālā apvienība "Visu Latvijai!"–"Tēvzemei un Brīvībai/LNNK"	Coalition	Right	MūrnieceInāra	Mūrniece, Ināra	F	-	
ParlaMint-LV-en_2020-11-27-PT13-2152	ParlaMint-LV_2020-11-27-PT13-2152-U725	Latvian parliamentary corpus ParlaMint-LV-en, 13th Term, 2020-11-27	2020-11-27	Unicameralism	13. sasaukums	-	Regulārā	2020-11-27	-	COVID	English	Regular	MP	notMinister	AP	Attīstībai/Par!	Coalition	Centre	ŠteinsMārtiņš	Šteins, Mārtiņš	M	-	
ParlaMint-LV-en_2020-11-27-PT13-2152	ParlaMint-LV_2020-11-27-PT13-2152-U726	Latvian parliamentary corpus ParlaMint-LV-en, 13th Term, 2020-11-27	2020-11-27	Unicameralism	13. sasaukums	-	Regulārā	2020-11-27	-	COVID	English	Chairperson	MP	notMinister	NA	Nacionālā apvienība "Visu Latvijai!"–"Tēvzemei un Brīvībai/LNNK"	Coalition	Right	MūrnieceInāra	Mūrniece, Ināra	F	-	
ParlaMint-LV-en_2020-11-27-PT13-2152	ParlaMint-LV_2020-11-27-PT13-2152-U727	Latvian parliamentary corpus ParlaMint-LV-en, 13th Term, 2020-11-27	2020-11-27	Unicameralism	13. sasaukums	-	Regulārā	2020-11-27	-	COVID	English	Regular	MP	notMinister	AP	Attīstībai/Par!	Coalition	Centre	ŠteinsMārtiņš	Šteins, Mārtiņš	M	-	
ParlaMint-LV-en_2020-11-27-PT13-2152	ParlaMint-LV_2020-11-27-PT13-2152-U728	Latvian parliamentary corpus ParlaMint-LV-en, 13th Term, 2020-11-27	2020-11-27	Unicameralism	13. sasaukums	-	Regulārā	2020-11-27	-	COVID	English	Chairperson	MP	notMinister	NA	Nacionālā apvienība "Visu Latvijai!"–"Tēvzemei un Brīvībai/LNNK"	Coalition	Right	MūrnieceInāra	Mūrniece, Ināra	F	-	
ParlaMint-LV-en_2020-11-27-PT13-2152	ParlaMint-LV_2020-11-27-PT13-2152-U729	Latvian parliamentary corpus ParlaMint-LV-en, 13th Term, 2020-11-27	2020-11-27	Unicameralism	13. sasaukums	-	Regulārā	2020-11-27	-	COVID	English	Regular	MP	notMinister	JK	Jaunā konservatīvā	Coalition	Centre-right	FeldmansKrišjānis	Feldmans, Krišjānis	M	-	
ParlaMint-LV-en_2020-11-27-PT13-2152	ParlaMint-LV_2020-11-27-PT13-2152-U730	Latvian parliamentary corpus ParlaMint-LV-en, 13th Term, 2020-11-27	2020-11-27	Unicameralism	13. sasaukums	-	Regulārā	2020-11-27	-	COVID	English	Chairperson	MP	notMinister	NA	Nacionālā apvienība "Visu Latvijai!"–"Tēvzemei un Brīvībai/LNNK"	Coalition	Right	MūrnieceInāra	Mūrniece, Ināra	F	-	
ParlaMint-LV-en_2020-11-27-PT13-2152	ParlaMint-LV_2020-11-27-PT13-2152-U731	Latvian parliamentary corpus ParlaMint-LV-en, 13th Term, 2020-11-27	2020-11-27	Unicameralism	13. sasaukums	-	Regulārā	2020-11-27	-	COVID	English	Regular	notMP	notMinister	-	-	-	-	DombrovskisVjačeslavs	Dombrovskis, Vjačeslavs	M	-	
ParlaMint-LV-en_2020-11-27-PT13-2152	ParlaMint-LV_2020-11-27-PT13-2152-U732	Latvian parliamentary corpus ParlaMint-LV-en, 13th Term, 2020-11-27	2020-11-27	Unicameralism	13. sasaukums	-	Regulārā	2020-11-27	-	COVID	English	Chairperson	MP	notMinister	NA	Nacionālā apvienība "Visu Latvijai!"–"Tēvzemei un Brīvībai/LNNK"	Coalition	Right	MūrnieceInāra	Mūrniece, Ināra	F	-	
ParlaMint-LV-en_2020-11-27-PT13-2152	ParlaMint-LV_2020-11-27-PT13-2152-U733	Latvian parliamentary corpus ParlaMint-LV-en, 13th Term, 2020-11-27	2020-11-27	Unicameralism	13. sasaukums	-	Regulārā	2020-11-27	-	COVID	English	Regular	MP	notMinister	ZZS	Zaļo un Zemnieku savienība	Opposition	Centre to centre-right	Reizniece-OzolaDana	Reizniece-Ozola, Dana	F	-	
ParlaMint-LV-en_2020-11-27-PT13-2152	ParlaMint-LV_2020-11-27-PT13-2152-U734	Latvian parliamentary corpus ParlaMint-LV-en, 13th Term, 2020-11-27	2020-11-27	Unicameralism	13. sasaukums	-	Regulārā	2020-11-27	-	COVID	English	Chairperson	MP	notMinister	NA	Nacionālā apvienība "Visu Latvijai!"–"Tēvzemei un Brīvībai/LNNK"	Coalition	Right	MūrnieceInāra	Mūrniece, Ināra	F	-	
ParlaMint-LV-en_2020-11-27-PT13-2152	ParlaMint-LV_2020-11-27-PT13-2152-U735	Latvian parliamentary corpus ParlaMint-LV-en, 13th Term, 2020-11-27	2020-11-27	Unicameralism	13. sasaukums	-	Regulārā	2020-11-27	-	COVID	English	Regular	notMP	notMinister	-	-	-	-	StepaņenkoJūlija	Stepaņenko, Jūlija	F	-	
ParlaMint-LV-en_2020-11-27-PT13-2152	ParlaMint-LV_2020-11-27-PT13-2152-U736	Latvian parliamentary corpus ParlaMint-LV-en, 13th Term, 2020-11-27	2020-11-27	Unicameralism	13. sasaukums	-	Regulārā	2020-11-27	-	COVID	English	Chairperson	MP	notMinister	NA	Nacionālā apvienība "Visu Latvijai!"–"Tēvzemei un Brīvībai/LNNK"	Coalition	Right	MūrnieceInāra	Mūrniece, Ināra	F	-	
ParlaMint-LV-en_2020-11-27-PT13-2152	ParlaMint-LV_2020-11-27-PT13-2152-U737	Latvian parliamentary corpus ParlaMint-LV-en, 13th Term, 2020-11-27	2020-11-27	Unicameralism	13. sasaukums	-	Regulārā	2020-11-27	-	COVID	English	Regular	MP	notMinister	ZZS	Zaļo un Zemnieku savienība	Opposition	Centre to centre-right	ValainisViktors	Valainis, Viktors	M	-	
ParlaMint-LV-en_2020-11-27-PT13-2152	ParlaMint-LV_2020-11-27-PT13-2152-U738	Latvian parliamentary corpus ParlaMint-LV-en, 13th Term, 2020-11-27	2020-11-27	Unicameralism	13. sasaukums	-	Regulārā	2020-11-27	-	COVID	English	Chairperson	MP	notMinister	NA	Nacionālā apvienība "Visu Latvijai!"–"Tēvzemei un Brīvībai/LNNK"	Coalition	Right	MūrnieceInāra	Mūrniece, Ināra	F	-	
ParlaMint-LV-en_2020-11-27-PT13-2152	ParlaMint-LV_2020-11-27-PT13-2152-U739	Latvian parliamentary corpus ParlaMint-LV-en, 13th Term, 2020-11-27	2020-11-27	Unicameralism	13. sasaukums	-	Regulārā	2020-11-27	-	COVID	English	Regular	MP	notMinister	ZZS	Zaļo un Zemnieku savienība	Opposition	Centre to centre-right	ValainisViktors	Valainis, Viktors	M	-	
ParlaMint-LV-en_2020-11-27-PT13-2152	ParlaMint-LV_2020-11-27-PT13-2152-U740	Latvian parliamentary corpus ParlaMint-LV-en, 13th Term, 2020-11-27	2020-11-27	Unicameralism	13. sasaukums	-	Regulārā	2020-11-27	-	COVID	English	Chairperson	MP	notMinister	NA	Nacionālā apvienība "Visu Latvijai!"–"Tēvzemei un Brīvībai/LNNK"	Coalition	Right	MūrnieceInāra	Mūrniece, Ināra	F	-	
ParlaMint-LV-en_2020-11-27-PT13-2152	ParlaMint-LV_2020-11-27-PT13-2152-U741	Latvian parliamentary corpus ParlaMint-LV-en, 13th Term, 2020-11-27	2020-11-27	Unicameralism	13. sasaukums	-	Regulārā	2020-11-27	-	COVID	English	Regular	MP	notMinister	KPV-LV	Kam pieder valsts?	Coalition	Centre-right to right	GobzemsAldis	Gobzems, Aldis	M	-	
ParlaMint-LV-en_2020-11-27-PT13-2152	ParlaMint-LV_2020-11-27-PT13-2152-U742	Latvian parliamentary corpus ParlaMint-LV-en, 13th Term, 2020-11-27	2020-11-27	Unicameralism	13. sasaukums	-	Regulārā	2020-11-27	-	COVID	English	Chairperson	MP	notMinister	NA	Nacionālā apvienība "Visu Latvijai!"–"Tēvzemei un Brīvībai/LNNK"	Coalition	Right	MūrnieceInāra	Mūrniece, Ināra	F	-	
ParlaMint-LV-en_2020-11-27-PT13-2152	ParlaMint-LV_2020-11-27-PT13-2152-U743	Latvian parliamentary corpus ParlaMint-LV-en, 13th Term, 2020-11-27	2020-11-27	Unicameralism	13. sasaukums	-	Regulārā	2020-11-27	-	COVID	English	Regular	notMP	notMinister	-	-	-	-	StepaņenkoJūlija	Stepaņenko, Jūlija	F	-	
ParlaMint-LV-en_2020-11-27-PT13-2152	ParlaMint-LV_2020-11-27-PT13-2152-U744	Latvian parliamentary corpus ParlaMint-LV-en, 13th Term, 2020-11-27	2020-11-27	Unicameralism	13. sasaukums	-	Regulārā	2020-11-27	-	COVID	English	Chairperson	MP	notMinister	NA	Nacionālā apvienība "Visu Latvijai!"–"Tēvzemei un Brīvībai/LNNK"	Coalition	Right	MūrnieceInāra	Mūrniece, Ināra	F	-	
ParlaMint-LV-en_2020-11-27-PT13-2152	ParlaMint-LV_2020-11-27-PT13-2152-U745	Latvian parliamentary corpus ParlaMint-LV-en, 13th Term, 2020-11-27	2020-11-27	Unicameralism	13. sasaukums	-	Regulārā	2020-11-27	-	COVID	English	Regular	MP	notMinister	ZZS	Zaļo un Zemnieku savienība	Opposition	Centre to centre-right	Reizniece-OzolaDana	Reizniece-Ozola, Dana	F	-	
ParlaMint-LV-en_2020-11-27-PT13-2152	ParlaMint-LV_2020-11-27-PT13-2152-U746	Latvian parliamentary corpus ParlaMint-LV-en, 13th Term, 2020-11-27	2020-11-27	Unicameralism	13. sasaukums	-	Regulārā	2020-11-27	-	COVID	English	Chairperson	MP	notMinister	NA	Nacionālā apvienība "Visu Latvijai!"–"Tēvzemei un Brīvībai/LNNK"	Coalition	Right	MūrnieceInāra	Mūrniece, Ināra	F	-	
ParlaMint-LV-en_2020-11-27-PT13-2152	ParlaMint-LV_2020-11-27-PT13-2152-U747	Latvian parliamentary corpus ParlaMint-LV-en, 13th Term, 2020-11-27	2020-11-27	Unicameralism	13. sasaukums	-	Regulārā	2020-11-27	-	COVID	English	Regular	MP	notMinister	KPV-LV	Kam pieder valsts?	Coalition	Centre-right to right	GobzemsAldis	Gobzems, Aldis	M	-	
ParlaMint-LV-en_2020-11-27-PT13-2152	ParlaMint-LV_2020-11-27-PT13-2152-U748	Latvian parliamentary corpus ParlaMint-LV-en, 13th Term, 2020-11-27	2020-11-27	Unicameralism	13. sasaukums	-	Regulārā	2020-11-27	-	COVID	English	Chairperson	MP	notMinister	NA	Nacionālā apvienība "Visu Latvijai!"–"Tēvzemei un Brīvībai/LNNK"	Coalition	Right	MūrnieceInāra	Mūrniece, Ināra	F	-	
ParlaMint-LV-en_2020-11-27-PT13-2152	ParlaMint-LV_2020-11-27-PT13-2152-U749	Latvian parliamentary corpus ParlaMint-LV-en, 13th Term, 2020-11-27	2020-11-27	Unicameralism	13. sasaukums	-	Regulārā	2020-11-27	-	COVID	English	Regular	MP	notMinister	ZZS	Zaļo un Zemnieku savienība	Opposition	Centre to centre-right	ValainisViktors	Valainis, Viktors	M	-	
ParlaMint-LV-en_2020-11-27-PT13-2152	ParlaMint-LV_2020-11-27-PT13-2152-U750	Latvian parliamentary corpus ParlaMint-LV-en, 13th Term, 2020-11-27	2020-11-27	Unicameralism	13. sasaukums	-	Regulārā	2020-11-27	-	COVID	English	Chairperson	MP	notMinister	NA	Nacionālā apvienība "Visu Latvijai!"–"Tēvzemei un Brīvībai/LNNK"	Coalition	Right	MūrnieceInāra	Mūrniece, Ināra	F	-	
ParlaMint-LV-en_2020-11-27-PT13-2152	ParlaMint-LV_2020-11-27-PT13-2152-U751	Latvian parliamentary corpus ParlaMint-LV-en, 13th Term, 2020-11-27	2020-11-27	Unicameralism	13. sasaukums	-	Regulārā	2020-11-27	-	COVID	English	Regular	notMP	notMinister	-	-	-	-	PapuleEvija	Papule, Evija	F	-	
ParlaMint-LV-en_2020-11-27-PT13-2152	ParlaMint-LV_2020-11-27-PT13-2152-U752	Latvian parliamentary corpus ParlaMint-LV-en, 13th Term, 2020-11-27	2020-11-27	Unicameralism	13. sasaukums	-	Regulārā	2020-11-27	-	COVID	English	Chairperson	MP	notMinister	NA	Nacionālā apvienība "Visu Latvijai!"–"Tēvzemei un Brīvībai/LNNK"	Coalition	Right	MūrnieceInāra	Mūrniece, Ināra	F	-	
ParlaMint-LV-en_2020-11-27-PT13-2152	ParlaMint-LV_2020-11-27-PT13-2152-U753	Latvian parliamentary corpus ParlaMint-LV-en, 13th Term, 2020-11-27	2020-11-27	Unicameralism	13. sasaukums	-	Regulārā	2020-11-27	-	COVID	English	Regular	MP	notMinister	AP	Attīstībai/Par!	Coalition	Centre	ŠteinsMārtiņš	Šteins, Mārtiņš	M	-	
ParlaMint-LV-en_2020-11-27-PT13-2152	ParlaMint-LV_2020-11-27-PT13-2152-U754	Latvian parliamentary corpus ParlaMint-LV-en, 13th Term, 2020-11-27	2020-11-27	Unicameralism	13. sasaukums	-	Regulārā	2020-11-27	-	COVID	English	Chairperson	MP	notMinister	NA	Nacionālā apvienība "Visu Latvijai!"–"Tēvzemei un Brīvībai/LNNK"	Coalition	Right	MūrnieceInāra	Mūrniece, Ināra	F	-	
ParlaMint-LV-en_2020-11-27-PT13-2152	ParlaMint-LV_2020-11-27-PT13-2152-U755	Latvian parliamentary corpus ParlaMint-LV-en, 13th Term, 2020-11-27	2020-11-27	Unicameralism	13. sasaukums	-	Regulārā	2020-11-27	-	COVID	English	Regular	MP	notMinister	AP	Attīstībai/Par!	Coalition	Centre	ŠteinsMārtiņš	Šteins, Mārtiņš	M	-	
ParlaMint-LV-en_2020-11-27-PT13-2152	ParlaMint-LV_2020-11-27-PT13-2152-U756	Latvian parliamentary corpus ParlaMint-LV-en, 13th Term, 2020-11-27	2020-11-27	Unicameralism	13. sasaukums	-	Regulārā	2020-11-27	-	COVID	English	Chairperson	MP	notMinister	NA	Nacionālā apvienība "Visu Latvijai!"–"Tēvzemei un Brīvībai/LNNK"	Coalition	Right	MūrnieceInāra	Mūrniece, Ināra	F	-	
ParlaMint-LV-en_2020-11-27-PT13-2152	ParlaMint-LV_2020-11-27-PT13-2152-U757	Latvian parliamentary corpus ParlaMint-LV-en, 13th Term, 2020-11-27	2020-11-27	Unicameralism	13. sasaukums	-	Regulārā	2020-11-27	-	COVID	English	Regular	notMP	notMinister	-	-	-	-	PapuleEvija	Papule, Evija	F	-	
ParlaMint-LV-en_2020-11-27-PT13-2152	ParlaMint-LV_2020-11-27-PT13-2152-U758	Latvian parliamentary corpus ParlaMint-LV-en, 13th Term, 2020-11-27	2020-11-27	Unicameralism	13. sasaukums	-	Regulārā	2020-11-27	-	COVID	English	Chairperson	MP	notMinister	NA	Nacionālā apvienība "Visu Latvijai!"–"Tēvzemei un Brīvībai/LNNK"	Coalition	Right	MūrnieceInāra	Mūrniece, Ināra	F	-	
ParlaMint-LV-en_2020-11-27-PT13-2152	ParlaMint-LV_2020-11-27-PT13-2152-U759	Latvian parliamentary corpus ParlaMint-LV-en, 13th Term, 2020-11-27	2020-11-27	Unicameralism	13. sasaukums	-	Regulārā	2020-11-27	-	COVID	English	Regular	MP	notMinister	NA	Nacionālā apvienība "Visu Latvijai!"–"Tēvzemei un Brīvībai/LNNK"	Coalition	Right	KiršteinsAleksandrs	Kiršteins, Aleksandrs	M	-	
ParlaMint-LV-en_2020-11-27-PT13-2152	ParlaMint-LV_2020-11-27-PT13-2152-U760	Latvian parliamentary corpus ParlaMint-LV-en, 13th Term, 2020-11-27	2020-11-27	Unicameralism	13. sasaukums	-	Regulārā	2020-11-27	-	COVID	English	Chairperson	MP	notMinister	NA	Nacionālā apvienība "Visu Latvijai!"–"Tēvzemei un Brīvībai/LNNK"	Coalition	Right	MūrnieceInāra	Mūrniece, Ināra	F	-	
ParlaMint-LV-en_2020-11-27-PT13-2152	ParlaMint-LV_2020-11-27-PT13-2152-U761	Latvian parliamentary corpus ParlaMint-LV-en, 13th Term, 2020-11-27	2020-11-27	Unicameralism	13. sasaukums	-	Regulārā	2020-11-27	-	COVID	English	Regular	MP	notMinister	ZZS	Zaļo un Zemnieku savienība	Opposition	Centre to centre-right	Reizniece-OzolaDana	Reizniece-Ozola, Dana	F	-	
ParlaMint-LV-en_2020-11-27-PT13-2152	ParlaMint-LV_2020-11-27-PT13-2152-U762	Latvian parliamentary corpus ParlaMint-LV-en, 13th Term, 2020-11-27	2020-11-27	Unicameralism	13. sasaukums	-	Regulārā	2020-11-27	-	COVID	English	Chairperson	MP	notMinister	NA	Nacionālā apvienība "Visu Latvijai!"–"Tēvzemei un Brīvībai/LNNK"	Coalition	Right	MūrnieceInāra	Mūrniece, Ināra	F	-	
ParlaMint-LV-en_2020-11-27-PT13-2152	ParlaMint-LV_2020-11-27-PT13-2152-U763	Latvian parliamentary corpus ParlaMint-LV-en, 13th Term, 2020-11-27	2020-11-27	Unicameralism	13. sasaukums	-	Regulārā	2020-11-27	-	COVID	English	Regular	MP	notMinister	ZZS	Zaļo un Zemnieku savienība	Opposition	Centre to centre-right	ValainisViktors	Valainis, Viktors	M	-	
ParlaMint-LV-en_2020-11-27-PT13-2152	ParlaMint-LV_2020-11-27-PT13-2152-U764	Latvian parliamentary corpus ParlaMint-LV-en, 13th Term, 2020-11-27	2020-11-27	Unicameralism	13. sasaukums	-	Regulārā	2020-11-27	-	COVID	English	Chairperson	MP	notMinister	NA	Nacionālā apvienība "Visu Latvijai!"–"Tēvzemei un Brīvībai/LNNK"	Coalition	Right	MūrnieceInāra	Mūrniece, Ināra	F	-	
ParlaMint-LV-en_2020-11-27-PT13-2152	ParlaMint-LV_2020-11-27-PT13-2152-U765	Latvian parliamentary corpus ParlaMint-LV-en, 13th Term, 2020-11-27	2020-11-27	Unicameralism	13. sasaukums	-	Regulārā	2020-11-27	-	COVID	English	Regular	MP	notMinister	ZZS	Zaļo un Zemnieku savienība	Opposition	Centre to centre-right	Reizniece-OzolaDana	Reizniece-Ozola, Dana	F	-	
ParlaMint-LV-en_2020-11-27-PT13-2152	ParlaMint-LV_2020-11-27-PT13-2152-U766	Latvian parliamentary corpus ParlaMint-LV-en, 13th Term, 2020-11-27	2020-11-27	Unicameralism	13. sasaukums	-	Regulārā	2020-11-27	-	COVID	English	Chairperson	MP	notMinister	NA	Nacionālā apvienība "Visu Latvijai!"–"Tēvzemei un Brīvībai/LNNK"	Coalition	Right	MūrnieceInāra	Mūrniece, Ināra	F	-	
ParlaMint-LV-en_2020-11-27-PT13-2152	ParlaMint-LV_2020-11-27-PT13-2152-U767	Latvian parliamentary corpus ParlaMint-LV-en, 13th Term, 2020-11-27	2020-11-27	Unicameralism	13. sasaukums	-	Regulārā	2020-11-27	-	COVID	English	Regular	MP	notMinister	ZZS	Zaļo un Zemnieku savienība	Opposition	Centre to centre-right	ValainisViktors	Valainis, Viktors	M	-	
ParlaMint-LV-en_2020-11-27-PT13-2152	ParlaMint-LV_2020-11-27-PT13-2152-U768	Latvian parliamentary corpus ParlaMint-LV-en, 13th Term, 2020-11-27	2020-11-27	Unicameralism	13. sasaukums	-	Regulārā	2020-11-27	-	COVID	English	Chairperson	MP	notMinister	NA	Nacionālā apvienība "Visu Latvijai!"–"Tēvzemei un Brīvībai/LNNK"	Coalition	Right	MūrnieceInāra	Mūrniece, Ināra	F	-	
ParlaMint-LV-en_2020-11-27-PT13-2152	ParlaMint-LV_2020-11-27-PT13-2152-U769	Latvian parliamentary corpus ParlaMint-LV-en, 13th Term, 2020-11-27	2020-11-27	Unicameralism	13. sasaukums	-	Regulārā	2020-11-27	-	COVID	English	Regular	MP	notMinister	SASKAŅA	SASKAŅA	Opposition	Centre-left	ŠvecovaĻubova	Švecova, Ļubova	F	-	
ParlaMint-LV-en_2020-11-27-PT13-2152	ParlaMint-LV_2020-11-27-PT13-2152-U770	Latvian parliamentary corpus ParlaMint-LV-en, 13th Term, 2020-11-27	2020-11-27	Unicameralism	13. sasaukums	-	Regulārā	2020-11-27	-	COVID	English	Chairperson	MP	notMinister	NA	Nacionālā apvienība "Visu Latvijai!"–"Tēvzemei un Brīvībai/LNNK"	Coalition	Right	MūrnieceInāra	Mūrniece, Ināra	F	-	
ParlaMint-LV-en_2020-11-27-PT13-2152	ParlaMint-LV_2020-11-27-PT13-2152-U771	Latvian parliamentary corpus ParlaMint-LV-en, 13th Term, 2020-11-27	2020-11-27	Unicameralism	13. sasaukums	-	Regulārā	2020-11-27	-	COVID	English	Regular	MP	notMinister	KPV-LV	Kam pieder valsts?	Coalition	Centre-right to right	GobzemsAldis	Gobzems, Aldis	M	-	
ParlaMint-LV-en_2020-11-27-PT13-2152	ParlaMint-LV_2020-11-27-PT13-2152-U772	Latvian parliamentary corpus ParlaMint-LV-en, 13th Term, 2020-11-27	2020-11-27	Unicameralism	13. sasaukums	-	Regulārā	2020-11-27	-	COVID	English	Chairperson	MP	notMinister	NA	Nacionālā apvienība "Visu Latvijai!"–"Tēvzemei un Brīvībai/LNNK"	Coalition	Right	MūrnieceInāra	Mūrniece, Ināra	F	-	
ParlaMint-LV-en_2020-11-27-PT13-2152	ParlaMint-LV_2020-11-27-PT13-2152-U773	Latvian parliamentary corpus ParlaMint-LV-en, 13th Term, 2020-11-27	2020-11-27	Unicameralism	13. sasaukums	-	Regulārā	2020-11-27	-	COVID	English	Regular	MP	notMinister	NA	Nacionālā apvienība "Visu Latvijai!"–"Tēvzemei un Brīvībai/LNNK"	Coalition	Right	KiršteinsAleksandrs	Kiršteins, Aleksandrs	M	-	
ParlaMint-LV-en_2020-11-27-PT13-2152	ParlaMint-LV_2020-11-27-PT13-2152-U774	Latvian parliamentary corpus ParlaMint-LV-en, 13th Term, 2020-11-27	2020-11-27	Unicameralism	13. sasaukums	-	Regulārā	2020-11-27	-	COVID	English	Chairperson	MP	notMinister	NA	Nacionālā apvienība "Visu Latvijai!"–"Tēvzemei un Brīvībai/LNNK"	Coalition	Right	MūrnieceInāra	Mūrniece, Ināra	F	-	
ParlaMint-LV-en_2020-11-27-PT13-2152	ParlaMint-LV_2020-11-27-PT13-2152-U775	Latvian parliamentary corpus ParlaMint-LV-en, 13th Term, 2020-11-27	2020-11-27	Unicameralism	13. sasaukums	-	Regulārā	2020-11-27	-	COVID	English	Regular	MP	notMinister	NA	Nacionālā apvienība "Visu Latvijai!"–"Tēvzemei un Brīvībai/LNNK"	Coalition	Right	KiršteinsAleksandrs	Kiršteins, Aleksandrs	M	-	
ParlaMint-LV-en_2020-11-27-PT13-2152	ParlaMint-LV_2020-11-27-PT13-2152-U776	Latvian parliamentary corpus ParlaMint-LV-en, 13th Term, 2020-11-27	2020-11-27	Unicameralism	13. sasaukums	-	Regulārā	2020-11-27	-	COVID	English	Chairperson	MP	notMinister	NA	Nacionālā apvienība "Visu Latvijai!"–"Tēvzemei un Brīvībai/LNNK"	Coalition	Right	MūrnieceInāra	Mūrniece, Ināra	F	-	
ParlaMint-LV-en_2020-11-27-PT13-2152	ParlaMint-LV_2020-11-27-PT13-2152-U777	Latvian parliamentary corpus ParlaMint-LV-en, 13th Term, 2020-11-27	2020-11-27	Unicameralism	13. sasaukums	-	Regulārā	2020-11-27	-	COVID	English	Regular	MP	notMinister	ZZS	Zaļo un Zemnieku savienība	Opposition	Centre to centre-right	Reizniece-OzolaDana	Reizniece-Ozola, Dana	F	-	
ParlaMint-LV-en_2020-11-27-PT13-2152	ParlaMint-LV_2020-11-27-PT13-2152-U778	Latvian parliamentary corpus ParlaMint-LV-en, 13th Term, 2020-11-27	2020-11-27	Unicameralism	13. sasaukums	-	Regulārā	2020-11-27	-	COVID	English	Chairperson	MP	notMinister	NA	Nacionālā apvienība "Visu Latvijai!"–"Tēvzemei un Brīvībai/LNNK"	Coalition	Right	MūrnieceInāra	Mūrniece, Ināra	F	-	
ParlaMint-LV-en_2020-11-27-PT13-2152	ParlaMint-LV_2020-11-27-PT13-2152-U779	Latvian parliamentary corpus ParlaMint-LV-en, 13th Term, 2020-11-27	2020-11-27	Unicameralism	13. sasaukums	-	Regulārā	2020-11-27	-	COVID	English	Regular	notMP	notMinister	-	-	-	-	StepaņenkoJūlija	Stepaņenko, Jūlija	F	-	
ParlaMint-LV-en_2020-11-27-PT13-2152	ParlaMint-LV_2020-11-27-PT13-2152-U780	Latvian parliamentary corpus ParlaMint-LV-en, 13th Term, 2020-11-27	2020-11-27	Unicameralism	13. sasaukums	-	Regulārā	2020-11-27	-	COVID	English	Chairperson	MP	notMinister	NA	Nacionālā apvienība "Visu Latvijai!"–"Tēvzemei un Brīvībai/LNNK"	Coalition	Right	MūrnieceInāra	Mūrniece, Ināra	F	-	
ParlaMint-LV-en_2020-11-27-PT13-2152	ParlaMint-LV_2020-11-27-PT13-2152-U781	Latvian parliamentary corpus ParlaMint-LV-en, 13th Term, 2020-11-27	2020-11-27	Unicameralism	13. sasaukums	-	Regulārā	2020-11-27	-	COVID	English	Regular	notMP	notMinister	-	-	-	-	DombrovskisVjačeslavs	Dombrovskis, Vjačeslavs	M	-	
ParlaMint-LV-en_2020-11-27-PT13-2152	ParlaMint-LV_2020-11-27-PT13-2152-U782	Latvian parliamentary corpus ParlaMint-LV-en, 13th Term, 2020-11-27	2020-11-27	Unicameralism	13. sasaukums	-	Regulārā	2020-11-27	-	COVID	English	Chairperson	MP	notMinister	NA	Nacionālā apvienība "Visu Latvijai!"–"Tēvzemei un Brīvībai/LNNK"	Coalition	Right	MūrnieceInāra	Mūrniece, Ināra	F	-	
ParlaMint-LV-en_2020-11-27-PT13-2152	ParlaMint-LV_2020-11-27-PT13-2152-U783	Latvian parliamentary corpus ParlaMint-LV-en, 13th Term, 2020-11-27	2020-11-27	Unicameralism	13. sasaukums	-	Regulārā	2020-11-27	-	COVID	English	Regular	MP	notMinister	ZZS	Zaļo un Zemnieku savienība	Opposition	Centre to centre-right	Reizniece-OzolaDana	Reizniece-Ozola, Dana	F	-	
ParlaMint-LV-en_2020-11-27-PT13-2152	ParlaMint-LV_2020-11-27-PT13-2152-U784	Latvian parliamentary corpus ParlaMint-LV-en, 13th Term, 2020-11-27	2020-11-27	Unicameralism	13. sasaukums	-	Regulārā	2020-11-27	-	COVID	English	Chairperson	MP	notMinister	NA	Nacionālā apvienība "Visu Latvijai!"–"Tēvzemei un Brīvībai/LNNK"	Coalition	Right	MūrnieceInāra	Mūrniece, Ināra	F	-	
ParlaMint-LV-en_2020-11-27-PT13-2152	ParlaMint-LV_2020-11-27-PT13-2152-U785	Latvian parliamentary corpus ParlaMint-LV-en, 13th Term, 2020-11-27	2020-11-27	Unicameralism	13. sasaukums	-	Regulārā	2020-11-27	-	COVID	English	Regular	MP	notMinister	SASKAŅA	SASKAŅA	Opposition	Centre-left	KabanovsNikolajs	Kabanovs, Nikolajs	M	-	
ParlaMint-LV-en_2020-11-27-PT13-2152	ParlaMint-LV_2020-11-27-PT13-2152-U786	Latvian parliamentary corpus ParlaMint-LV-en, 13th Term, 2020-11-27	2020-11-27	Unicameralism	13. sasaukums	-	Regulārā	2020-11-27	-	COVID	English	Chairperson	MP	notMinister	NA	Nacionālā apvienība "Visu Latvijai!"–"Tēvzemei un Brīvībai/LNNK"	Coalition	Right	MūrnieceInāra	Mūrniece, Ināra	F	-	
ParlaMint-LV-en_2020-11-27-PT13-2152	ParlaMint-LV_2020-11-27-PT13-2152-U787	Latvian parliamentary corpus ParlaMint-LV-en, 13th Term, 2020-11-27	2020-11-27	Unicameralism	13. sasaukums	-	Regulārā	2020-11-27	-	COVID	English	Regular	notMP	notMinister	-	-	-	-	StepaņenkoJūlija	Stepaņenko, Jūlija	F	-	
ParlaMint-LV-en_2020-11-27-PT13-2152	ParlaMint-LV_2020-11-27-PT13-2152-U788	Latvian parliamentary corpus ParlaMint-LV-en, 13th Term, 2020-11-27	2020-11-27	Unicameralism	13. sasaukums	-	Regulārā	2020-11-27	-	COVID	English	Chairperson	MP	notMinister	NA	Nacionālā apvienība "Visu Latvijai!"–"Tēvzemei un Brīvībai/LNNK"	Coalition	Right	MūrnieceInāra	Mūrniece, Ināra	F	-	
ParlaMint-LV-en_2020-11-27-PT13-2152	ParlaMint-LV_2020-11-27-PT13-2152-U789	Latvian parliamentary corpus ParlaMint-LV-en, 13th Term, 2020-11-27	2020-11-27	Unicameralism	13. sasaukums	-	Regulārā	2020-11-27	-	COVID	English	Regular	MP	notMinister	KPV-LV	Kam pieder valsts?	Coalition	Centre-right to right	GobzemsAldis	Gobzems, Aldis	M	-	
ParlaMint-LV-en_2020-11-27-PT13-2152	ParlaMint-LV_2020-11-27-PT13-2152-U790	Latvian parliamentary corpus ParlaMint-LV-en, 13th Term, 2020-11-27	2020-11-27	Unicameralism	13. sasaukums	-	Regulārā	2020-11-27	-	COVID	English	Chairperson	MP	notMinister	NA	Nacionālā apvienība "Visu Latvijai!"–"Tēvzemei un Brīvībai/LNNK"	Coalition	Right	MūrnieceInāra	Mūrniece, Ināra	F	-	
ParlaMint-LV-en_2020-11-27-PT13-2152	ParlaMint-LV_2020-11-27-PT13-2152-U791	Latvian parliamentary corpus ParlaMint-LV-en, 13th Term, 2020-11-27	2020-11-27	Unicameralism	13. sasaukums	-	Regulārā	2020-11-27	-	COVID	English	Guest	notMP	Minister	-	-	-	-	LinkaitsTālis	Linkaits, Tālis	M	-	
ParlaMint-LV-en_2020-11-27-PT13-2152	ParlaMint-LV_2020-11-27-PT13-2152-U792	Latvian parliamentary corpus ParlaMint-LV-en, 13th Term, 2020-11-27	2020-11-27	Unicameralism	13. sasaukums	-	Regulārā	2020-11-27	-	COVID	English	Chairperson	MP	notMinister	NA	Nacionālā apvienība "Visu Latvijai!"–"Tēvzemei un Brīvībai/LNNK"	Coalition	Right	MūrnieceInāra	Mūrniece, Ināra	F	-	
ParlaMint-LV-en_2020-11-27-PT13-2152	ParlaMint-LV_2020-11-27-PT13-2152-U793	Latvian parliamentary corpus ParlaMint-LV-en, 13th Term, 2020-11-27	2020-11-27	Unicameralism	13. sasaukums	-	Regulārā	2020-11-27	-	COVID	English	Regular	MP	notMinister	ZZS	Zaļo un Zemnieku savienība	Opposition	Centre to centre-right	ValainisViktors	Valainis, Viktors	M	-	
ParlaMint-LV-en_2020-11-27-PT13-2152	ParlaMint-LV_2020-11-27-PT13-2152-U794	Latvian parliamentary corpus ParlaMint-LV-en, 13th Term, 2020-11-27	2020-11-27	Unicameralism	13. sasaukums	-	Regulārā	2020-11-27	-	COVID	English	Chairperson	MP	notMinister	NA	Nacionālā apvienība "Visu Latvijai!"–"Tēvzemei un Brīvībai/LNNK"	Coalition	Right	MūrnieceInāra	Mūrniece, Ināra	F	-	
ParlaMint-LV-en_2020-11-27-PT13-2152	ParlaMint-LV_2020-11-27-PT13-2152-U795	Latvian parliamentary corpus ParlaMint-LV-en, 13th Term, 2020-11-27	2020-11-27	Unicameralism	13. sasaukums	-	Regulārā	2020-11-27	-	COVID	English	Regular	MP	notMinister	KPV-LV	Kam pieder valsts?	Coalition	Centre-right to right	GobzemsAldis	Gobzems, Aldis	M	-	
ParlaMint-LV-en_2020-11-27-PT13-2152	ParlaMint-LV_2020-11-27-PT13-2152-U796	Latvian parliamentary corpus ParlaMint-LV-en, 13th Term, 2020-11-27	2020-11-27	Unicameralism	13. sasaukums	-	Regulārā	2020-11-27	-	COVID	English	Chairperson	MP	notMinister	NA	Nacionālā apvienība "Visu Latvijai!"–"Tēvzemei un Brīvībai/LNNK"	Coalition	Right	MūrnieceInāra	Mūrniece, Ināra	F	-	
ParlaMint-LV-en_2020-11-27-PT13-2152	ParlaMint-LV_2020-11-27-PT13-2152-U797	Latvian parliamentary corpus ParlaMint-LV-en, 13th Term, 2020-11-27	2020-11-27	Unicameralism	13. sasaukums	-	Regulārā	2020-11-27	-	COVID	English	Regular	notMP	notMinister	-	-	-	-	DombrovskisVjačeslavs	Dombrovskis, Vjačeslavs	M	-	
ParlaMint-LV-en_2020-11-27-PT13-2152	ParlaMint-LV_2020-11-27-PT13-2152-U798	Latvian parliamentary corpus ParlaMint-LV-en, 13th Term, 2020-11-27	2020-11-27	Unicameralism	13. sasaukums	-	Regulārā	2020-11-27	-	COVID	English	Chairperson	MP	notMinister	NA	Nacionālā apvienība "Visu Latvijai!"–"Tēvzemei un Brīvībai/LNNK"	Coalition	Right	MūrnieceInāra	Mūrniece, Ināra	F	-	
ParlaMint-LV-en_2020-11-27-PT13-2152	ParlaMint-LV_2020-11-27-PT13-2152-U799	Latvian parliamentary corpus ParlaMint-LV-en, 13th Term, 2020-11-27	2020-11-27	Unicameralism	13. sasaukums	-	Regulārā	2020-11-27	-	COVID	English	Regular	MP	notMinister	ZZS	Zaļo un Zemnieku savienība	Opposition	Centre to centre-right	ValainisViktors	Valainis, Viktors	M	-	
ParlaMint-LV-en_2020-11-27-PT13-2152	ParlaMint-LV_2020-11-27-PT13-2152-U800	Latvian parliamentary corpus ParlaMint-LV-en, 13th Term, 2020-11-27	2020-11-27	Unicameralism	13. sasaukums	-	Regulārā	2020-11-27	-	COVID	English	Chairperson	MP	notMinister	NA	Nacionālā apvienība "Visu Latvijai!"–"Tēvzemei un Brīvībai/LNNK"	Coalition	Right	MūrnieceInāra	Mūrniece, Ināra	F	-	
ParlaMint-LV-en_2020-11-27-PT13-2152	ParlaMint-LV_2020-11-27-PT13-2152-U801	Latvian parliamentary corpus ParlaMint-LV-en, 13th Term, 2020-11-27	2020-11-27	Unicameralism	13. sasaukums	-	Regulārā	2020-11-27	-	COVID	English	Regular	MP	notMinister	SASKAŅA	SASKAŅA	Opposition	Centre-left	ŠvecovaĻubova	Švecova, Ļubova	F	-	
ParlaMint-LV-en_2020-11-27-PT13-2152	ParlaMint-LV_2020-11-27-PT13-2152-U802	Latvian parliamentary corpus ParlaMint-LV-en, 13th Term, 2020-11-27	2020-11-27	Unicameralism	13. sasaukums	-	Regulārā	2020-11-27	-	COVID	English	Chairperson	MP	notMinister	NA	Nacionālā apvienība "Visu Latvijai!"–"Tēvzemei un Brīvībai/LNNK"	Coalition	Right	MūrnieceInāra	Mūrniece, Ināra	F	-	
ParlaMint-LV-en_2020-11-27-PT13-2152	ParlaMint-LV_2020-11-27-PT13-2152-U803	Latvian parliamentary corpus ParlaMint-LV-en, 13th Term, 2020-11-27	2020-11-27	Unicameralism	13. sasaukums	-	Regulārā	2020-11-27	-	COVID	English	Regular	MP	notMinister	NA	Nacionālā apvienība "Visu Latvijai!"–"Tēvzemei un Brīvībai/LNNK"	Coalition	Right	KiršteinsAleksandrs	Kiršteins, Aleksandrs	M	-	
ParlaMint-LV-en_2020-11-27-PT13-2152	ParlaMint-LV_2020-11-27-PT13-2152-U804	Latvian parliamentary corpus ParlaMint-LV-en, 13th Term, 2020-11-27	2020-11-27	Unicameralism	13. sasaukums	-	Regulārā	2020-11-27	-	COVID	English	Chairperson	MP	notMinister	NA	Nacionālā apvienība "Visu Latvijai!"–"Tēvzemei un Brīvībai/LNNK"	Coalition	Right	MūrnieceInāra	Mūrniece, Ināra	F	-	
