Text_ID	ID	Title	Date	Body	Term	Session	Meeting	Sitting	Agenda	Subcorpus	Lang	Speaker_role	Speaker_MP	Speaker_minister	Speaker_party	Speaker_party_name	Party_status	Party_orientation	Speaker_ID	Speaker_name	Speaker_gender	Speaker_birth
ParlaMint-LV-en_2020-03-05-PT13-2044	ParlaMint-LV_2020-03-05-PT13-2044-U1	Latvian parliamentary corpus ParlaMint-LV-en, 13th Term, 2020-03-05	2020-03-05	Unicameralism	13. sasaukums	-	Regulārā	2020-03-05	-	COVID	English	Chairperson	MP	notMinister	JK	Jaunā konservatīvā	Coalition	Centre-right	Beitnere-LeGallaDagmāra	Beitnere-Le Galla, Dagmāra	F	-	
ParlaMint-LV-en_2020-03-05-PT13-2044	ParlaMint-LV_2020-03-05-PT13-2044-U2	Latvian parliamentary corpus ParlaMint-LV-en, 13th Term, 2020-03-05	2020-03-05	Unicameralism	13. sasaukums	-	Regulārā	2020-03-05	-	COVID	English	Regular	notMP	notMinister	-	-	-	-	StepaņenkoJūlija	Stepaņenko, Jūlija	F	-	
ParlaMint-LV-en_2020-03-05-PT13-2044	ParlaMint-LV_2020-03-05-PT13-2044-U3	Latvian parliamentary corpus ParlaMint-LV-en, 13th Term, 2020-03-05	2020-03-05	Unicameralism	13. sasaukums	-	Regulārā	2020-03-05	-	COVID	English	Chairperson	MP	notMinister	JK	Jaunā konservatīvā	Coalition	Centre-right	Beitnere-LeGallaDagmāra	Beitnere-Le Galla, Dagmāra	F	-	
ParlaMint-LV-en_2020-03-05-PT13-2044	ParlaMint-LV_2020-03-05-PT13-2044-U4	Latvian parliamentary corpus ParlaMint-LV-en, 13th Term, 2020-03-05	2020-03-05	Unicameralism	13. sasaukums	-	Regulārā	2020-03-05	-	COVID	English	Regular	notMP	notMinister	-	-	-	-	ČakšaAnda	Čakša, Anda	F	-	
ParlaMint-LV-en_2020-03-05-PT13-2044	ParlaMint-LV_2020-03-05-PT13-2044-U5	Latvian parliamentary corpus ParlaMint-LV-en, 13th Term, 2020-03-05	2020-03-05	Unicameralism	13. sasaukums	-	Regulārā	2020-03-05	-	COVID	English	Chairperson	MP	notMinister	JK	Jaunā konservatīvā	Coalition	Centre-right	Beitnere-LeGallaDagmāra	Beitnere-Le Galla, Dagmāra	F	-	
ParlaMint-LV-en_2020-03-05-PT13-2044	ParlaMint-LV_2020-03-05-PT13-2044-U6	Latvian parliamentary corpus ParlaMint-LV-en, 13th Term, 2020-03-05	2020-03-05	Unicameralism	13. sasaukums	-	Regulārā	2020-03-05	-	COVID	English	Regular	MP	notMinister	JV	JAUNĀ VIENOTĪBA	Coalition	Centre-right	JudinsAndrejs	Judins, Andrejs	M	-	
ParlaMint-LV-en_2020-03-05-PT13-2044	ParlaMint-LV_2020-03-05-PT13-2044-U7	Latvian parliamentary corpus ParlaMint-LV-en, 13th Term, 2020-03-05	2020-03-05	Unicameralism	13. sasaukums	-	Regulārā	2020-03-05	-	COVID	English	Chairperson	MP	notMinister	JK	Jaunā konservatīvā	Coalition	Centre-right	Beitnere-LeGallaDagmāra	Beitnere-Le Galla, Dagmāra	F	-	
ParlaMint-LV-en_2020-03-05-PT13-2044	ParlaMint-LV_2020-03-05-PT13-2044-U8	Latvian parliamentary corpus ParlaMint-LV-en, 13th Term, 2020-03-05	2020-03-05	Unicameralism	13. sasaukums	-	Regulārā	2020-03-05	-	COVID	English	Regular	MP	notMinister	SASKAŅA	SASKAŅA	Opposition	Centre-left	ZariņšIvars	Zariņš, Ivars	M	-	
ParlaMint-LV-en_2020-03-05-PT13-2044	ParlaMint-LV_2020-03-05-PT13-2044-U9	Latvian parliamentary corpus ParlaMint-LV-en, 13th Term, 2020-03-05	2020-03-05	Unicameralism	13. sasaukums	-	Regulārā	2020-03-05	-	COVID	English	Chairperson	MP	notMinister	JK	Jaunā konservatīvā	Coalition	Centre-right	Beitnere-LeGallaDagmāra	Beitnere-Le Galla, Dagmāra	F	-	
ParlaMint-LV-en_2020-03-05-PT13-2044	ParlaMint-LV_2020-03-05-PT13-2044-U10	Latvian parliamentary corpus ParlaMint-LV-en, 13th Term, 2020-03-05	2020-03-05	Unicameralism	13. sasaukums	-	Regulārā	2020-03-05	-	COVID	English	Regular	MP	notMinister	KPV-LV	Kam pieder valsts?	Coalition	Centre-right to right	GobzemsAldis	Gobzems, Aldis	M	-	
ParlaMint-LV-en_2020-03-05-PT13-2044	ParlaMint-LV_2020-03-05-PT13-2044-U11	Latvian parliamentary corpus ParlaMint-LV-en, 13th Term, 2020-03-05	2020-03-05	Unicameralism	13. sasaukums	-	Regulārā	2020-03-05	-	COVID	English	Chairperson	MP	notMinister	JK	Jaunā konservatīvā	Coalition	Centre-right	Beitnere-LeGallaDagmāra	Beitnere-Le Galla, Dagmāra	F	-	
ParlaMint-LV-en_2020-03-05-PT13-2044	ParlaMint-LV_2020-03-05-PT13-2044-U12	Latvian parliamentary corpus ParlaMint-LV-en, 13th Term, 2020-03-05	2020-03-05	Unicameralism	13. sasaukums	-	Regulārā	2020-03-05	-	COVID	English	Regular	MP	notMinister	ZZS	Zaļo un Zemnieku savienība	Opposition	Centre to centre-right	ValainisViktors	Valainis, Viktors	M	-	
ParlaMint-LV-en_2020-03-05-PT13-2044	ParlaMint-LV_2020-03-05-PT13-2044-U13	Latvian parliamentary corpus ParlaMint-LV-en, 13th Term, 2020-03-05	2020-03-05	Unicameralism	13. sasaukums	-	Regulārā	2020-03-05	-	COVID	English	Chairperson	MP	notMinister	JK	Jaunā konservatīvā	Coalition	Centre-right	Beitnere-LeGallaDagmāra	Beitnere-Le Galla, Dagmāra	F	-	
ParlaMint-LV-en_2020-03-05-PT13-2044	ParlaMint-LV_2020-03-05-PT13-2044-U14	Latvian parliamentary corpus ParlaMint-LV-en, 13th Term, 2020-03-05	2020-03-05	Unicameralism	13. sasaukums	-	Regulārā	2020-03-05	-	COVID	English	Regular	MP	notMinister	AP	Attīstībai/Par!	Coalition	Centre	PlešsArtūrsToms	Plešs, Artūrs Toms	M	-	
ParlaMint-LV-en_2020-03-05-PT13-2044	ParlaMint-LV_2020-03-05-PT13-2044-U15	Latvian parliamentary corpus ParlaMint-LV-en, 13th Term, 2020-03-05	2020-03-05	Unicameralism	13. sasaukums	-	Regulārā	2020-03-05	-	COVID	English	Chairperson	MP	notMinister	JK	Jaunā konservatīvā	Coalition	Centre-right	Beitnere-LeGallaDagmāra	Beitnere-Le Galla, Dagmāra	F	-	
ParlaMint-LV-en_2020-03-05-PT13-2044	ParlaMint-LV_2020-03-05-PT13-2044-U16	Latvian parliamentary corpus ParlaMint-LV-en, 13th Term, 2020-03-05	2020-03-05	Unicameralism	13. sasaukums	-	Regulārā	2020-03-05	-	COVID	English	Regular	MP	notMinister	NA	Nacionālā apvienība "Visu Latvijai!"–"Tēvzemei un Brīvībai/LNNK"	Coalition	Right	KiršteinsAleksandrs	Kiršteins, Aleksandrs	M	-	
ParlaMint-LV-en_2020-03-05-PT13-2044	ParlaMint-LV_2020-03-05-PT13-2044-U17	Latvian parliamentary corpus ParlaMint-LV-en, 13th Term, 2020-03-05	2020-03-05	Unicameralism	13. sasaukums	-	Regulārā	2020-03-05	-	COVID	English	Chairperson	MP	notMinister	JK	Jaunā konservatīvā	Coalition	Centre-right	Beitnere-LeGallaDagmāra	Beitnere-Le Galla, Dagmāra	F	-	
ParlaMint-LV-en_2020-03-05-PT13-2044	ParlaMint-LV_2020-03-05-PT13-2044-U18	Latvian parliamentary corpus ParlaMint-LV-en, 13th Term, 2020-03-05	2020-03-05	Unicameralism	13. sasaukums	-	Regulārā	2020-03-05	-	COVID	English	Regular	MP	notMinister	KPV-LV	Kam pieder valsts?	Coalition	Centre-right to right	GobzemsAldis	Gobzems, Aldis	M	-	
ParlaMint-LV-en_2020-03-05-PT13-2044	ParlaMint-LV_2020-03-05-PT13-2044-U19	Latvian parliamentary corpus ParlaMint-LV-en, 13th Term, 2020-03-05	2020-03-05	Unicameralism	13. sasaukums	-	Regulārā	2020-03-05	-	COVID	English	Chairperson	MP	notMinister	JK	Jaunā konservatīvā	Coalition	Centre-right	Beitnere-LeGallaDagmāra	Beitnere-Le Galla, Dagmāra	F	-	
ParlaMint-LV-en_2020-03-05-PT13-2044	ParlaMint-LV_2020-03-05-PT13-2044-U20	Latvian parliamentary corpus ParlaMint-LV-en, 13th Term, 2020-03-05	2020-03-05	Unicameralism	13. sasaukums	-	Regulārā	2020-03-05	-	COVID	English	Regular	MP	notMinister	KPV-LV	Kam pieder valsts?	Coalition	Centre-right to right	GobzemsAldis	Gobzems, Aldis	M	-	
ParlaMint-LV-en_2020-03-05-PT13-2044	ParlaMint-LV_2020-03-05-PT13-2044-U21	Latvian parliamentary corpus ParlaMint-LV-en, 13th Term, 2020-03-05	2020-03-05	Unicameralism	13. sasaukums	-	Regulārā	2020-03-05	-	COVID	English	Chairperson	MP	notMinister	JK	Jaunā konservatīvā	Coalition	Centre-right	Beitnere-LeGallaDagmāra	Beitnere-Le Galla, Dagmāra	F	-	
ParlaMint-LV-en_2020-03-05-PT13-2044	ParlaMint-LV_2020-03-05-PT13-2044-U22	Latvian parliamentary corpus ParlaMint-LV-en, 13th Term, 2020-03-05	2020-03-05	Unicameralism	13. sasaukums	-	Regulārā	2020-03-05	-	COVID	English	Regular	MP	notMinister	KPV-LV	Kam pieder valsts?	Coalition	Centre-right to right	GobzemsAldis	Gobzems, Aldis	M	-	
ParlaMint-LV-en_2020-03-05-PT13-2044	ParlaMint-LV_2020-03-05-PT13-2044-U23	Latvian parliamentary corpus ParlaMint-LV-en, 13th Term, 2020-03-05	2020-03-05	Unicameralism	13. sasaukums	-	Regulārā	2020-03-05	-	COVID	English	Chairperson	MP	notMinister	JK	Jaunā konservatīvā	Coalition	Centre-right	Beitnere-LeGallaDagmāra	Beitnere-Le Galla, Dagmāra	F	-	
ParlaMint-LV-en_2020-03-05-PT13-2044	ParlaMint-LV_2020-03-05-PT13-2044-U24	Latvian parliamentary corpus ParlaMint-LV-en, 13th Term, 2020-03-05	2020-03-05	Unicameralism	13. sasaukums	-	Regulārā	2020-03-05	-	COVID	English	Regular	MP	notMinister	KPV-LV	Kam pieder valsts?	Coalition	Centre-right to right	GobzemsAldis	Gobzems, Aldis	M	-	
ParlaMint-LV-en_2020-03-05-PT13-2044	ParlaMint-LV_2020-03-05-PT13-2044-U25	Latvian parliamentary corpus ParlaMint-LV-en, 13th Term, 2020-03-05	2020-03-05	Unicameralism	13. sasaukums	-	Regulārā	2020-03-05	-	COVID	English	Chairperson	MP	notMinister	JK	Jaunā konservatīvā	Coalition	Centre-right	Beitnere-LeGallaDagmāra	Beitnere-Le Galla, Dagmāra	F	-	
ParlaMint-LV-en_2020-03-05-PT13-2044	ParlaMint-LV_2020-03-05-PT13-2044-U26	Latvian parliamentary corpus ParlaMint-LV-en, 13th Term, 2020-03-05	2020-03-05	Unicameralism	13. sasaukums	-	Regulārā	2020-03-05	-	COVID	English	Regular	MP	notMinister	KPV-LV	Kam pieder valsts?	Coalition	Centre-right to right	GobzemsAldis	Gobzems, Aldis	M	-	
ParlaMint-LV-en_2020-03-05-PT13-2044	ParlaMint-LV_2020-03-05-PT13-2044-U27	Latvian parliamentary corpus ParlaMint-LV-en, 13th Term, 2020-03-05	2020-03-05	Unicameralism	13. sasaukums	-	Regulārā	2020-03-05	-	COVID	English	Chairperson	MP	notMinister	JK	Jaunā konservatīvā	Coalition	Centre-right	Beitnere-LeGallaDagmāra	Beitnere-Le Galla, Dagmāra	F	-	
ParlaMint-LV-en_2020-03-05-PT13-2044	ParlaMint-LV_2020-03-05-PT13-2044-U28	Latvian parliamentary corpus ParlaMint-LV-en, 13th Term, 2020-03-05	2020-03-05	Unicameralism	13. sasaukums	-	Regulārā	2020-03-05	-	COVID	English	Regular	MP	notMinister	KPV-LV	Kam pieder valsts?	Coalition	Centre-right to right	GobzemsAldis	Gobzems, Aldis	M	-	
ParlaMint-LV-en_2020-03-05-PT13-2044	ParlaMint-LV_2020-03-05-PT13-2044-U29	Latvian parliamentary corpus ParlaMint-LV-en, 13th Term, 2020-03-05	2020-03-05	Unicameralism	13. sasaukums	-	Regulārā	2020-03-05	-	COVID	English	Chairperson	MP	notMinister	JK	Jaunā konservatīvā	Coalition	Centre-right	Beitnere-LeGallaDagmāra	Beitnere-Le Galla, Dagmāra	F	-	
ParlaMint-LV-en_2020-03-05-PT13-2044	ParlaMint-LV_2020-03-05-PT13-2044-U30	Latvian parliamentary corpus ParlaMint-LV-en, 13th Term, 2020-03-05	2020-03-05	Unicameralism	13. sasaukums	-	Regulārā	2020-03-05	-	COVID	English	Regular	MP	notMinister	NA	Nacionālā apvienība "Visu Latvijai!"–"Tēvzemei un Brīvībai/LNNK"	Coalition	Right	IndriksoneIlze	Indriksone, Ilze	F	-	
ParlaMint-LV-en_2020-03-05-PT13-2044	ParlaMint-LV_2020-03-05-PT13-2044-U31	Latvian parliamentary corpus ParlaMint-LV-en, 13th Term, 2020-03-05	2020-03-05	Unicameralism	13. sasaukums	-	Regulārā	2020-03-05	-	COVID	English	Chairperson	MP	notMinister	JK	Jaunā konservatīvā	Coalition	Centre-right	Beitnere-LeGallaDagmāra	Beitnere-Le Galla, Dagmāra	F	-	
ParlaMint-LV-en_2020-03-05-PT13-2044	ParlaMint-LV_2020-03-05-PT13-2044-U32	Latvian parliamentary corpus ParlaMint-LV-en, 13th Term, 2020-03-05	2020-03-05	Unicameralism	13. sasaukums	-	Regulārā	2020-03-05	-	COVID	English	Regular	MP	notMinister	AP	Attīstībai/Par!	Coalition	Centre	TēraudaVitaAnda	Tērauda, Vita Anda	F	-	
ParlaMint-LV-en_2020-03-05-PT13-2044	ParlaMint-LV_2020-03-05-PT13-2044-U33	Latvian parliamentary corpus ParlaMint-LV-en, 13th Term, 2020-03-05	2020-03-05	Unicameralism	13. sasaukums	-	Regulārā	2020-03-05	-	COVID	English	Chairperson	MP	notMinister	JK	Jaunā konservatīvā	Coalition	Centre-right	Beitnere-LeGallaDagmāra	Beitnere-Le Galla, Dagmāra	F	-	
ParlaMint-LV-en_2020-03-05-PT13-2044	ParlaMint-LV_2020-03-05-PT13-2044-U34	Latvian parliamentary corpus ParlaMint-LV-en, 13th Term, 2020-03-05	2020-03-05	Unicameralism	13. sasaukums	-	Regulārā	2020-03-05	-	COVID	English	Regular	MP	notMinister	ZZS	Zaļo un Zemnieku savienība	Opposition	Centre to centre-right	Reizniece-OzolaDana	Reizniece-Ozola, Dana	F	-	
ParlaMint-LV-en_2020-03-05-PT13-2044	ParlaMint-LV_2020-03-05-PT13-2044-U35	Latvian parliamentary corpus ParlaMint-LV-en, 13th Term, 2020-03-05	2020-03-05	Unicameralism	13. sasaukums	-	Regulārā	2020-03-05	-	COVID	English	Chairperson	MP	notMinister	JK	Jaunā konservatīvā	Coalition	Centre-right	Beitnere-LeGallaDagmāra	Beitnere-Le Galla, Dagmāra	F	-	
ParlaMint-LV-en_2020-03-05-PT13-2044	ParlaMint-LV_2020-03-05-PT13-2044-U36	Latvian parliamentary corpus ParlaMint-LV-en, 13th Term, 2020-03-05	2020-03-05	Unicameralism	13. sasaukums	-	Regulārā	2020-03-05	-	COVID	English	Regular	MP	notMinister	SASKAŅA	SASKAŅA	Opposition	Centre-left	KabanovsNikolajs	Kabanovs, Nikolajs	M	-	
ParlaMint-LV-en_2020-03-05-PT13-2044	ParlaMint-LV_2020-03-05-PT13-2044-U37	Latvian parliamentary corpus ParlaMint-LV-en, 13th Term, 2020-03-05	2020-03-05	Unicameralism	13. sasaukums	-	Regulārā	2020-03-05	-	COVID	English	Chairperson	MP	notMinister	JK	Jaunā konservatīvā	Coalition	Centre-right	Beitnere-LeGallaDagmāra	Beitnere-Le Galla, Dagmāra	F	-	
ParlaMint-LV-en_2020-03-05-PT13-2044	ParlaMint-LV_2020-03-05-PT13-2044-U38	Latvian parliamentary corpus ParlaMint-LV-en, 13th Term, 2020-03-05	2020-03-05	Unicameralism	13. sasaukums	-	Regulārā	2020-03-05	-	COVID	English	Regular	MP	notMinister	SASKAŅA	SASKAŅA	Opposition	Centre-left	DolgopolovsSergejs	Dolgopolovs, Sergejs	M	-	
ParlaMint-LV-en_2020-03-05-PT13-2044	ParlaMint-LV_2020-03-05-PT13-2044-U39	Latvian parliamentary corpus ParlaMint-LV-en, 13th Term, 2020-03-05	2020-03-05	Unicameralism	13. sasaukums	-	Regulārā	2020-03-05	-	COVID	English	Chairperson	MP	notMinister	JK	Jaunā konservatīvā	Coalition	Centre-right	Beitnere-LeGallaDagmāra	Beitnere-Le Galla, Dagmāra	F	-	
ParlaMint-LV-en_2020-03-05-PT13-2044	ParlaMint-LV_2020-03-05-PT13-2044-U40	Latvian parliamentary corpus ParlaMint-LV-en, 13th Term, 2020-03-05	2020-03-05	Unicameralism	13. sasaukums	-	Regulārā	2020-03-05	-	COVID	English	Regular	MP	notMinister	SASKAŅA	SASKAŅA	Opposition	Centre-left	Ločmele-LuņovaRegīna	Ločmele-Luņova, Regīna	F	-	
ParlaMint-LV-en_2020-03-05-PT13-2044	ParlaMint-LV_2020-03-05-PT13-2044-U41	Latvian parliamentary corpus ParlaMint-LV-en, 13th Term, 2020-03-05	2020-03-05	Unicameralism	13. sasaukums	-	Regulārā	2020-03-05	-	COVID	English	Chairperson	MP	notMinister	JK	Jaunā konservatīvā	Coalition	Centre-right	Beitnere-LeGallaDagmāra	Beitnere-Le Galla, Dagmāra	F	-	
ParlaMint-LV-en_2020-03-05-PT13-2044	ParlaMint-LV_2020-03-05-PT13-2044-U42	Latvian parliamentary corpus ParlaMint-LV-en, 13th Term, 2020-03-05	2020-03-05	Unicameralism	13. sasaukums	-	Regulārā	2020-03-05	-	COVID	English	Regular	MP	notMinister	JK	Jaunā konservatīvā	Coalition	Centre-right	KazinovskisAndris	Kazinovskis, Andris	M	-	
ParlaMint-LV-en_2020-03-05-PT13-2044	ParlaMint-LV_2020-03-05-PT13-2044-U43	Latvian parliamentary corpus ParlaMint-LV-en, 13th Term, 2020-03-05	2020-03-05	Unicameralism	13. sasaukums	-	Regulārā	2020-03-05	-	COVID	English	Chairperson	MP	notMinister	JK	Jaunā konservatīvā	Coalition	Centre-right	Beitnere-LeGallaDagmāra	Beitnere-Le Galla, Dagmāra	F	-	
ParlaMint-LV-en_2020-03-05-PT13-2044	ParlaMint-LV_2020-03-05-PT13-2044-U44	Latvian parliamentary corpus ParlaMint-LV-en, 13th Term, 2020-03-05	2020-03-05	Unicameralism	13. sasaukums	-	Regulārā	2020-03-05	-	COVID	English	Regular	notMP	notMinister	-	-	-	-	ŠmitsDidzis	Šmits, Didzis	M	-	
ParlaMint-LV-en_2020-03-05-PT13-2044	ParlaMint-LV_2020-03-05-PT13-2044-U45	Latvian parliamentary corpus ParlaMint-LV-en, 13th Term, 2020-03-05	2020-03-05	Unicameralism	13. sasaukums	-	Regulārā	2020-03-05	-	COVID	English	Chairperson	MP	notMinister	JK	Jaunā konservatīvā	Coalition	Centre-right	Beitnere-LeGallaDagmāra	Beitnere-Le Galla, Dagmāra	F	-	
ParlaMint-LV-en_2020-03-05-PT13-2044	ParlaMint-LV_2020-03-05-PT13-2044-U46	Latvian parliamentary corpus ParlaMint-LV-en, 13th Term, 2020-03-05	2020-03-05	Unicameralism	13. sasaukums	-	Regulārā	2020-03-05	-	COVID	English	Regular	MP	notMinister	ZZS	Zaļo un Zemnieku savienība	Opposition	Centre to centre-right	ValainisViktors	Valainis, Viktors	M	-	
ParlaMint-LV-en_2020-03-05-PT13-2044	ParlaMint-LV_2020-03-05-PT13-2044-U47	Latvian parliamentary corpus ParlaMint-LV-en, 13th Term, 2020-03-05	2020-03-05	Unicameralism	13. sasaukums	-	Regulārā	2020-03-05	-	COVID	English	Chairperson	MP	notMinister	JK	Jaunā konservatīvā	Coalition	Centre-right	Beitnere-LeGallaDagmāra	Beitnere-Le Galla, Dagmāra	F	-	
ParlaMint-LV-en_2020-03-05-PT13-2044	ParlaMint-LV_2020-03-05-PT13-2044-U48	Latvian parliamentary corpus ParlaMint-LV-en, 13th Term, 2020-03-05	2020-03-05	Unicameralism	13. sasaukums	-	Regulārā	2020-03-05	-	COVID	English	Regular	MP	notMinister	ZZS	Zaļo un Zemnieku savienība	Opposition	Centre to centre-right	ValainisViktors	Valainis, Viktors	M	-	
ParlaMint-LV-en_2020-03-05-PT13-2044	ParlaMint-LV_2020-03-05-PT13-2044-U49	Latvian parliamentary corpus ParlaMint-LV-en, 13th Term, 2020-03-05	2020-03-05	Unicameralism	13. sasaukums	-	Regulārā	2020-03-05	-	COVID	English	Chairperson	MP	notMinister	JK	Jaunā konservatīvā	Coalition	Centre-right	Beitnere-LeGallaDagmāra	Beitnere-Le Galla, Dagmāra	F	-	
ParlaMint-LV-en_2020-03-05-PT13-2044	ParlaMint-LV_2020-03-05-PT13-2044-U50	Latvian parliamentary corpus ParlaMint-LV-en, 13th Term, 2020-03-05	2020-03-05	Unicameralism	13. sasaukums	-	Regulārā	2020-03-05	-	COVID	English	Regular	MP	notMinister	ZZS	Zaļo un Zemnieku savienība	Opposition	Centre to centre-right	ValainisViktors	Valainis, Viktors	M	-	
ParlaMint-LV-en_2020-03-05-PT13-2044	ParlaMint-LV_2020-03-05-PT13-2044-U51	Latvian parliamentary corpus ParlaMint-LV-en, 13th Term, 2020-03-05	2020-03-05	Unicameralism	13. sasaukums	-	Regulārā	2020-03-05	-	COVID	English	Chairperson	MP	notMinister	JK	Jaunā konservatīvā	Coalition	Centre-right	Beitnere-LeGallaDagmāra	Beitnere-Le Galla, Dagmāra	F	-	
ParlaMint-LV-en_2020-03-05-PT13-2044	ParlaMint-LV_2020-03-05-PT13-2044-U52	Latvian parliamentary corpus ParlaMint-LV-en, 13th Term, 2020-03-05	2020-03-05	Unicameralism	13. sasaukums	-	Regulārā	2020-03-05	-	COVID	English	Regular	MP	notMinister	NA	Nacionālā apvienība "Visu Latvijai!"–"Tēvzemei un Brīvībai/LNNK"	Coalition	Right	JansonsRitvars	Jansons, Ritvars	M	-	
ParlaMint-LV-en_2020-03-05-PT13-2044	ParlaMint-LV_2020-03-05-PT13-2044-U53	Latvian parliamentary corpus ParlaMint-LV-en, 13th Term, 2020-03-05	2020-03-05	Unicameralism	13. sasaukums	-	Regulārā	2020-03-05	-	COVID	English	Chairperson	MP	notMinister	JK	Jaunā konservatīvā	Coalition	Centre-right	Beitnere-LeGallaDagmāra	Beitnere-Le Galla, Dagmāra	F	-	
ParlaMint-LV-en_2020-03-05-PT13-2044	ParlaMint-LV_2020-03-05-PT13-2044-U54	Latvian parliamentary corpus ParlaMint-LV-en, 13th Term, 2020-03-05	2020-03-05	Unicameralism	13. sasaukums	-	Regulārā	2020-03-05	-	COVID	English	Regular	MP	notMinister	ZZS	Zaļo un Zemnieku savienība	Opposition	Centre to centre-right	ValainisViktors	Valainis, Viktors	M	-	
ParlaMint-LV-en_2020-03-05-PT13-2044	ParlaMint-LV_2020-03-05-PT13-2044-U55	Latvian parliamentary corpus ParlaMint-LV-en, 13th Term, 2020-03-05	2020-03-05	Unicameralism	13. sasaukums	-	Regulārā	2020-03-05	-	COVID	English	Chairperson	MP	notMinister	JK	Jaunā konservatīvā	Coalition	Centre-right	Beitnere-LeGallaDagmāra	Beitnere-Le Galla, Dagmāra	F	-	
ParlaMint-LV-en_2020-03-05-PT13-2044	ParlaMint-LV_2020-03-05-PT13-2044-U56	Latvian parliamentary corpus ParlaMint-LV-en, 13th Term, 2020-03-05	2020-03-05	Unicameralism	13. sasaukums	-	Regulārā	2020-03-05	-	COVID	English	Regular	MP	notMinister	ZZS	Zaļo un Zemnieku savienība	Opposition	Centre to centre-right	ValainisViktors	Valainis, Viktors	M	-	
ParlaMint-LV-en_2020-03-05-PT13-2044	ParlaMint-LV_2020-03-05-PT13-2044-U57	Latvian parliamentary corpus ParlaMint-LV-en, 13th Term, 2020-03-05	2020-03-05	Unicameralism	13. sasaukums	-	Regulārā	2020-03-05	-	COVID	English	Chairperson	MP	notMinister	JK	Jaunā konservatīvā	Coalition	Centre-right	Beitnere-LeGallaDagmāra	Beitnere-Le Galla, Dagmāra	F	-	
ParlaMint-LV-en_2020-03-05-PT13-2044	ParlaMint-LV_2020-03-05-PT13-2044-U58	Latvian parliamentary corpus ParlaMint-LV-en, 13th Term, 2020-03-05	2020-03-05	Unicameralism	13. sasaukums	-	Regulārā	2020-03-05	-	COVID	English	Regular	notMP	notMinister	-	-	-	-	ŠmitsDidzis	Šmits, Didzis	M	-	
ParlaMint-LV-en_2020-03-05-PT13-2044	ParlaMint-LV_2020-03-05-PT13-2044-U59	Latvian parliamentary corpus ParlaMint-LV-en, 13th Term, 2020-03-05	2020-03-05	Unicameralism	13. sasaukums	-	Regulārā	2020-03-05	-	COVID	English	Chairperson	MP	notMinister	JK	Jaunā konservatīvā	Coalition	Centre-right	Beitnere-LeGallaDagmāra	Beitnere-Le Galla, Dagmāra	F	-	
ParlaMint-LV-en_2020-03-05-PT13-2044	ParlaMint-LV_2020-03-05-PT13-2044-U60	Latvian parliamentary corpus ParlaMint-LV-en, 13th Term, 2020-03-05	2020-03-05	Unicameralism	13. sasaukums	-	Regulārā	2020-03-05	-	COVID	English	Regular	MP	notMinister	SASKAŅA	SASKAŅA	Opposition	Centre-left	ZariņšIvars	Zariņš, Ivars	M	-	
ParlaMint-LV-en_2020-03-05-PT13-2044	ParlaMint-LV_2020-03-05-PT13-2044-U61	Latvian parliamentary corpus ParlaMint-LV-en, 13th Term, 2020-03-05	2020-03-05	Unicameralism	13. sasaukums	-	Regulārā	2020-03-05	-	COVID	English	Chairperson	MP	notMinister	JK	Jaunā konservatīvā	Coalition	Centre-right	Beitnere-LeGallaDagmāra	Beitnere-Le Galla, Dagmāra	F	-	
ParlaMint-LV-en_2020-03-05-PT13-2044	ParlaMint-LV_2020-03-05-PT13-2044-U62	Latvian parliamentary corpus ParlaMint-LV-en, 13th Term, 2020-03-05	2020-03-05	Unicameralism	13. sasaukums	-	Regulārā	2020-03-05	-	COVID	English	Regular	MP	notMinister	SASKAŅA	SASKAŅA	Opposition	Centre-left	ZariņšIvars	Zariņš, Ivars	M	-	
ParlaMint-LV-en_2020-03-05-PT13-2044	ParlaMint-LV_2020-03-05-PT13-2044-U63	Latvian parliamentary corpus ParlaMint-LV-en, 13th Term, 2020-03-05	2020-03-05	Unicameralism	13. sasaukums	-	Regulārā	2020-03-05	-	COVID	English	Chairperson	MP	notMinister	JK	Jaunā konservatīvā	Coalition	Centre-right	Beitnere-LeGallaDagmāra	Beitnere-Le Galla, Dagmāra	F	-	
ParlaMint-LV-en_2020-03-05-PT13-2044	ParlaMint-LV_2020-03-05-PT13-2044-U64	Latvian parliamentary corpus ParlaMint-LV-en, 13th Term, 2020-03-05	2020-03-05	Unicameralism	13. sasaukums	-	Regulārā	2020-03-05	-	COVID	English	Regular	MP	notMinister	ZZS	Zaļo un Zemnieku savienība	Opposition	Centre to centre-right	KrauzeArmands	Krauze, Armands	M	-	
ParlaMint-LV-en_2020-03-05-PT13-2044	ParlaMint-LV_2020-03-05-PT13-2044-U65	Latvian parliamentary corpus ParlaMint-LV-en, 13th Term, 2020-03-05	2020-03-05	Unicameralism	13. sasaukums	-	Regulārā	2020-03-05	-	COVID	English	Chairperson	MP	notMinister	JK	Jaunā konservatīvā	Coalition	Centre-right	Beitnere-LeGallaDagmāra	Beitnere-Le Galla, Dagmāra	F	-	
ParlaMint-LV-en_2020-03-05-PT13-2044	ParlaMint-LV_2020-03-05-PT13-2044-U66	Latvian parliamentary corpus ParlaMint-LV-en, 13th Term, 2020-03-05	2020-03-05	Unicameralism	13. sasaukums	-	Regulārā	2020-03-05	-	COVID	English	Regular	MP	notMinister	NA	Nacionālā apvienība "Visu Latvijai!"–"Tēvzemei un Brīvībai/LNNK"	Coalition	Right	KiršteinsAleksandrs	Kiršteins, Aleksandrs	M	-	
ParlaMint-LV-en_2020-03-05-PT13-2044	ParlaMint-LV_2020-03-05-PT13-2044-U67	Latvian parliamentary corpus ParlaMint-LV-en, 13th Term, 2020-03-05	2020-03-05	Unicameralism	13. sasaukums	-	Regulārā	2020-03-05	-	COVID	English	Chairperson	MP	notMinister	JK	Jaunā konservatīvā	Coalition	Centre-right	Beitnere-LeGallaDagmāra	Beitnere-Le Galla, Dagmāra	F	-	
ParlaMint-LV-en_2020-03-05-PT13-2044	ParlaMint-LV_2020-03-05-PT13-2044-U68	Latvian parliamentary corpus ParlaMint-LV-en, 13th Term, 2020-03-05	2020-03-05	Unicameralism	13. sasaukums	-	Regulārā	2020-03-05	-	COVID	English	Regular	MP	notMinister	ZZS	Zaļo un Zemnieku savienība	Opposition	Centre to centre-right	KrauzeArmands	Krauze, Armands	M	-	
ParlaMint-LV-en_2020-03-05-PT13-2044	ParlaMint-LV_2020-03-05-PT13-2044-U69	Latvian parliamentary corpus ParlaMint-LV-en, 13th Term, 2020-03-05	2020-03-05	Unicameralism	13. sasaukums	-	Regulārā	2020-03-05	-	COVID	English	Chairperson	MP	notMinister	JK	Jaunā konservatīvā	Coalition	Centre-right	Beitnere-LeGallaDagmāra	Beitnere-Le Galla, Dagmāra	F	-	
ParlaMint-LV-en_2020-03-05-PT13-2044	ParlaMint-LV_2020-03-05-PT13-2044-U70	Latvian parliamentary corpus ParlaMint-LV-en, 13th Term, 2020-03-05	2020-03-05	Unicameralism	13. sasaukums	-	Regulārā	2020-03-05	-	COVID	English	Regular	MP	notMinister	ZZS	Zaļo un Zemnieku savienība	Opposition	Centre to centre-right	KrauzeArmands	Krauze, Armands	M	-	
ParlaMint-LV-en_2020-03-05-PT13-2044	ParlaMint-LV_2020-03-05-PT13-2044-U71	Latvian parliamentary corpus ParlaMint-LV-en, 13th Term, 2020-03-05	2020-03-05	Unicameralism	13. sasaukums	-	Regulārā	2020-03-05	-	COVID	English	Chairperson	MP	notMinister	JK	Jaunā konservatīvā	Coalition	Centre-right	Beitnere-LeGallaDagmāra	Beitnere-Le Galla, Dagmāra	F	-	
ParlaMint-LV-en_2020-03-05-PT13-2044	ParlaMint-LV_2020-03-05-PT13-2044-U72	Latvian parliamentary corpus ParlaMint-LV-en, 13th Term, 2020-03-05	2020-03-05	Unicameralism	13. sasaukums	-	Regulārā	2020-03-05	-	COVID	English	Regular	MP	notMinister	AP	Attīstībai/Par!	Coalition	Centre	PlešsArtūrsToms	Plešs, Artūrs Toms	M	-	
ParlaMint-LV-en_2020-03-05-PT13-2044	ParlaMint-LV_2020-03-05-PT13-2044-U73	Latvian parliamentary corpus ParlaMint-LV-en, 13th Term, 2020-03-05	2020-03-05	Unicameralism	13. sasaukums	-	Regulārā	2020-03-05	-	COVID	English	Chairperson	MP	notMinister	JK	Jaunā konservatīvā	Coalition	Centre-right	Beitnere-LeGallaDagmāra	Beitnere-Le Galla, Dagmāra	F	-	
ParlaMint-LV-en_2020-03-05-PT13-2044	ParlaMint-LV_2020-03-05-PT13-2044-U74	Latvian parliamentary corpus ParlaMint-LV-en, 13th Term, 2020-03-05	2020-03-05	Unicameralism	13. sasaukums	-	Regulārā	2020-03-05	-	COVID	English	Regular	MP	notMinister	AP	Attīstībai/Par!	Coalition	Centre	PlešsArtūrsToms	Plešs, Artūrs Toms	M	-	
ParlaMint-LV-en_2020-03-05-PT13-2044	ParlaMint-LV_2020-03-05-PT13-2044-U75	Latvian parliamentary corpus ParlaMint-LV-en, 13th Term, 2020-03-05	2020-03-05	Unicameralism	13. sasaukums	-	Regulārā	2020-03-05	-	COVID	English	Chairperson	MP	notMinister	JK	Jaunā konservatīvā	Coalition	Centre-right	Beitnere-LeGallaDagmāra	Beitnere-Le Galla, Dagmāra	F	-	
ParlaMint-LV-en_2020-03-05-PT13-2044	ParlaMint-LV_2020-03-05-PT13-2044-U76	Latvian parliamentary corpus ParlaMint-LV-en, 13th Term, 2020-03-05	2020-03-05	Unicameralism	13. sasaukums	-	Regulārā	2020-03-05	-	COVID	English	Regular	MP	notMinister	JK	Jaunā konservatīvā	Coalition	Centre-right	KazinovskisAndris	Kazinovskis, Andris	M	-	
ParlaMint-LV-en_2020-03-05-PT13-2044	ParlaMint-LV_2020-03-05-PT13-2044-U77	Latvian parliamentary corpus ParlaMint-LV-en, 13th Term, 2020-03-05	2020-03-05	Unicameralism	13. sasaukums	-	Regulārā	2020-03-05	-	COVID	English	Chairperson	MP	notMinister	JK	Jaunā konservatīvā	Coalition	Centre-right	Beitnere-LeGallaDagmāra	Beitnere-Le Galla, Dagmāra	F	-	
ParlaMint-LV-en_2020-03-05-PT13-2044	ParlaMint-LV_2020-03-05-PT13-2044-U78	Latvian parliamentary corpus ParlaMint-LV-en, 13th Term, 2020-03-05	2020-03-05	Unicameralism	13. sasaukums	-	Regulārā	2020-03-05	-	COVID	English	Regular	MP	notMinister	ZZS	Zaļo un Zemnieku savienība	Opposition	Centre to centre-right	KučinskisMāris	Kučinskis, Māris	M	-	
ParlaMint-LV-en_2020-03-05-PT13-2044	ParlaMint-LV_2020-03-05-PT13-2044-U79	Latvian parliamentary corpus ParlaMint-LV-en, 13th Term, 2020-03-05	2020-03-05	Unicameralism	13. sasaukums	-	Regulārā	2020-03-05	-	COVID	English	Chairperson	MP	notMinister	JK	Jaunā konservatīvā	Coalition	Centre-right	Beitnere-LeGallaDagmāra	Beitnere-Le Galla, Dagmāra	F	-	
ParlaMint-LV-en_2020-03-05-PT13-2044	ParlaMint-LV_2020-03-05-PT13-2044-U80	Latvian parliamentary corpus ParlaMint-LV-en, 13th Term, 2020-03-05	2020-03-05	Unicameralism	13. sasaukums	-	Regulārā	2020-03-05	-	COVID	English	Regular	MP	notMinister	ZZS	Zaļo un Zemnieku savienība	Opposition	Centre to centre-right	KučinskisMāris	Kučinskis, Māris	M	-	
ParlaMint-LV-en_2020-03-05-PT13-2044	ParlaMint-LV_2020-03-05-PT13-2044-U81	Latvian parliamentary corpus ParlaMint-LV-en, 13th Term, 2020-03-05	2020-03-05	Unicameralism	13. sasaukums	-	Regulārā	2020-03-05	-	COVID	English	Chairperson	MP	notMinister	JK	Jaunā konservatīvā	Coalition	Centre-right	Beitnere-LeGallaDagmāra	Beitnere-Le Galla, Dagmāra	F	-	
ParlaMint-LV-en_2020-03-05-PT13-2044	ParlaMint-LV_2020-03-05-PT13-2044-U82	Latvian parliamentary corpus ParlaMint-LV-en, 13th Term, 2020-03-05	2020-03-05	Unicameralism	13. sasaukums	-	Regulārā	2020-03-05	-	COVID	English	Regular	notMP	notMinister	-	-	-	-	ŠmitsDidzis	Šmits, Didzis	M	-	
ParlaMint-LV-en_2020-03-05-PT13-2044	ParlaMint-LV_2020-03-05-PT13-2044-U83	Latvian parliamentary corpus ParlaMint-LV-en, 13th Term, 2020-03-05	2020-03-05	Unicameralism	13. sasaukums	-	Regulārā	2020-03-05	-	COVID	English	Chairperson	MP	notMinister	JK	Jaunā konservatīvā	Coalition	Centre-right	Beitnere-LeGallaDagmāra	Beitnere-Le Galla, Dagmāra	F	-	
ParlaMint-LV-en_2020-03-05-PT13-2044	ParlaMint-LV_2020-03-05-PT13-2044-U84	Latvian parliamentary corpus ParlaMint-LV-en, 13th Term, 2020-03-05	2020-03-05	Unicameralism	13. sasaukums	-	Regulārā	2020-03-05	-	COVID	English	Guest	MP	notMinister	AP	Attīstībai/Par!	Coalition	Centre	GolubevaMarija	Golubeva, Marija	F	-	
ParlaMint-LV-en_2020-03-05-PT13-2044	ParlaMint-LV_2020-03-05-PT13-2044-U85	Latvian parliamentary corpus ParlaMint-LV-en, 13th Term, 2020-03-05	2020-03-05	Unicameralism	13. sasaukums	-	Regulārā	2020-03-05	-	COVID	English	Chairperson	MP	notMinister	JK	Jaunā konservatīvā	Coalition	Centre-right	Beitnere-LeGallaDagmāra	Beitnere-Le Galla, Dagmāra	F	-	
ParlaMint-LV-en_2020-03-05-PT13-2044	ParlaMint-LV_2020-03-05-PT13-2044-U86	Latvian parliamentary corpus ParlaMint-LV-en, 13th Term, 2020-03-05	2020-03-05	Unicameralism	13. sasaukums	-	Regulārā	2020-03-05	-	COVID	English	Chairperson	MP	notMinister	JK	Jaunā konservatīvā	Coalition	Centre-right	Beitnere-LeGallaDagmāra	Beitnere-Le Galla, Dagmāra	F	-	
ParlaMint-LV-en_2020-03-05-PT13-2044	ParlaMint-LV_2020-03-05-PT13-2044-U87	Latvian parliamentary corpus ParlaMint-LV-en, 13th Term, 2020-03-05	2020-03-05	Unicameralism	13. sasaukums	-	Regulārā	2020-03-05	-	COVID	English	Regular	MP	notMinister	SASKAŅA	SASKAŅA	Opposition	Centre-left	DolgopolovsSergejs	Dolgopolovs, Sergejs	M	-	
ParlaMint-LV-en_2020-03-05-PT13-2044	ParlaMint-LV_2020-03-05-PT13-2044-U88	Latvian parliamentary corpus ParlaMint-LV-en, 13th Term, 2020-03-05	2020-03-05	Unicameralism	13. sasaukums	-	Regulārā	2020-03-05	-	COVID	English	Chairperson	MP	notMinister	JK	Jaunā konservatīvā	Coalition	Centre-right	Beitnere-LeGallaDagmāra	Beitnere-Le Galla, Dagmāra	F	-	
ParlaMint-LV-en_2020-03-05-PT13-2044	ParlaMint-LV_2020-03-05-PT13-2044-U89	Latvian parliamentary corpus ParlaMint-LV-en, 13th Term, 2020-03-05	2020-03-05	Unicameralism	13. sasaukums	-	Regulārā	2020-03-05	-	COVID	English	Regular	MP	notMinister	SASKAŅA	SASKAŅA	Opposition	Centre-left	DolgopolovsSergejs	Dolgopolovs, Sergejs	M	-	
ParlaMint-LV-en_2020-03-05-PT13-2044	ParlaMint-LV_2020-03-05-PT13-2044-U90	Latvian parliamentary corpus ParlaMint-LV-en, 13th Term, 2020-03-05	2020-03-05	Unicameralism	13. sasaukums	-	Regulārā	2020-03-05	-	COVID	English	Chairperson	MP	notMinister	JK	Jaunā konservatīvā	Coalition	Centre-right	Beitnere-LeGallaDagmāra	Beitnere-Le Galla, Dagmāra	F	-	
ParlaMint-LV-en_2020-03-05-PT13-2044	ParlaMint-LV_2020-03-05-PT13-2044-U91	Latvian parliamentary corpus ParlaMint-LV-en, 13th Term, 2020-03-05	2020-03-05	Unicameralism	13. sasaukums	-	Regulārā	2020-03-05	-	COVID	English	Regular	MP	notMinister	SASKAŅA	SASKAŅA	Opposition	Centre-left	DolgopolovsSergejs	Dolgopolovs, Sergejs	M	-	
ParlaMint-LV-en_2020-03-05-PT13-2044	ParlaMint-LV_2020-03-05-PT13-2044-U92	Latvian parliamentary corpus ParlaMint-LV-en, 13th Term, 2020-03-05	2020-03-05	Unicameralism	13. sasaukums	-	Regulārā	2020-03-05	-	COVID	English	Chairperson	MP	notMinister	JK	Jaunā konservatīvā	Coalition	Centre-right	Beitnere-LeGallaDagmāra	Beitnere-Le Galla, Dagmāra	F	-	
ParlaMint-LV-en_2020-03-05-PT13-2044	ParlaMint-LV_2020-03-05-PT13-2044-U93	Latvian parliamentary corpus ParlaMint-LV-en, 13th Term, 2020-03-05	2020-03-05	Unicameralism	13. sasaukums	-	Regulārā	2020-03-05	-	COVID	English	Regular	MP	notMinister	SASKAŅA	SASKAŅA	Opposition	Centre-left	DolgopolovsSergejs	Dolgopolovs, Sergejs	M	-	
ParlaMint-LV-en_2020-03-05-PT13-2044	ParlaMint-LV_2020-03-05-PT13-2044-U94	Latvian parliamentary corpus ParlaMint-LV-en, 13th Term, 2020-03-05	2020-03-05	Unicameralism	13. sasaukums	-	Regulārā	2020-03-05	-	COVID	English	Chairperson	MP	notMinister	JK	Jaunā konservatīvā	Coalition	Centre-right	Beitnere-LeGallaDagmāra	Beitnere-Le Galla, Dagmāra	F	-	
ParlaMint-LV-en_2020-03-05-PT13-2044	ParlaMint-LV_2020-03-05-PT13-2044-U95	Latvian parliamentary corpus ParlaMint-LV-en, 13th Term, 2020-03-05	2020-03-05	Unicameralism	13. sasaukums	-	Regulārā	2020-03-05	-	COVID	English	Regular	MP	notMinister	ZZS	Zaļo un Zemnieku savienība	Opposition	Centre to centre-right	Reizniece-OzolaDana	Reizniece-Ozola, Dana	F	-	
ParlaMint-LV-en_2020-03-05-PT13-2044	ParlaMint-LV_2020-03-05-PT13-2044-U96	Latvian parliamentary corpus ParlaMint-LV-en, 13th Term, 2020-03-05	2020-03-05	Unicameralism	13. sasaukums	-	Regulārā	2020-03-05	-	COVID	English	Chairperson	MP	notMinister	JK	Jaunā konservatīvā	Coalition	Centre-right	Beitnere-LeGallaDagmāra	Beitnere-Le Galla, Dagmāra	F	-	
ParlaMint-LV-en_2020-03-05-PT13-2044	ParlaMint-LV_2020-03-05-PT13-2044-U97	Latvian parliamentary corpus ParlaMint-LV-en, 13th Term, 2020-03-05	2020-03-05	Unicameralism	13. sasaukums	-	Regulārā	2020-03-05	-	COVID	English	Regular	MP	notMinister	JK	Jaunā konservatīvā	Coalition	Centre-right	KazinovskisAndris	Kazinovskis, Andris	M	-	
ParlaMint-LV-en_2020-03-05-PT13-2044	ParlaMint-LV_2020-03-05-PT13-2044-U98	Latvian parliamentary corpus ParlaMint-LV-en, 13th Term, 2020-03-05	2020-03-05	Unicameralism	13. sasaukums	-	Regulārā	2020-03-05	-	COVID	English	Chairperson	MP	notMinister	JK	Jaunā konservatīvā	Coalition	Centre-right	Beitnere-LeGallaDagmāra	Beitnere-Le Galla, Dagmāra	F	-	
ParlaMint-LV-en_2020-03-05-PT13-2044	ParlaMint-LV_2020-03-05-PT13-2044-U99	Latvian parliamentary corpus ParlaMint-LV-en, 13th Term, 2020-03-05	2020-03-05	Unicameralism	13. sasaukums	-	Regulārā	2020-03-05	-	COVID	English	Regular	MP	notMinister	ZZS	Zaļo un Zemnieku savienība	Opposition	Centre to centre-right	ValainisViktors	Valainis, Viktors	M	-	
ParlaMint-LV-en_2020-03-05-PT13-2044	ParlaMint-LV_2020-03-05-PT13-2044-U100	Latvian parliamentary corpus ParlaMint-LV-en, 13th Term, 2020-03-05	2020-03-05	Unicameralism	13. sasaukums	-	Regulārā	2020-03-05	-	COVID	English	Chairperson	MP	notMinister	JK	Jaunā konservatīvā	Coalition	Centre-right	Beitnere-LeGallaDagmāra	Beitnere-Le Galla, Dagmāra	F	-	
ParlaMint-LV-en_2020-03-05-PT13-2044	ParlaMint-LV_2020-03-05-PT13-2044-U101	Latvian parliamentary corpus ParlaMint-LV-en, 13th Term, 2020-03-05	2020-03-05	Unicameralism	13. sasaukums	-	Regulārā	2020-03-05	-	COVID	English	Regular	MP	notMinister	ZZS	Zaļo un Zemnieku savienība	Opposition	Centre to centre-right	ValainisViktors	Valainis, Viktors	M	-	
ParlaMint-LV-en_2020-03-05-PT13-2044	ParlaMint-LV_2020-03-05-PT13-2044-U102	Latvian parliamentary corpus ParlaMint-LV-en, 13th Term, 2020-03-05	2020-03-05	Unicameralism	13. sasaukums	-	Regulārā	2020-03-05	-	COVID	English	Chairperson	MP	notMinister	JK	Jaunā konservatīvā	Coalition	Centre-right	Beitnere-LeGallaDagmāra	Beitnere-Le Galla, Dagmāra	F	-	
ParlaMint-LV-en_2020-03-05-PT13-2044	ParlaMint-LV_2020-03-05-PT13-2044-U103	Latvian parliamentary corpus ParlaMint-LV-en, 13th Term, 2020-03-05	2020-03-05	Unicameralism	13. sasaukums	-	Regulārā	2020-03-05	-	COVID	English	Regular	MP	notMinister	ZZS	Zaļo un Zemnieku savienība	Opposition	Centre to centre-right	ValainisViktors	Valainis, Viktors	M	-	
ParlaMint-LV-en_2020-03-05-PT13-2044	ParlaMint-LV_2020-03-05-PT13-2044-U104	Latvian parliamentary corpus ParlaMint-LV-en, 13th Term, 2020-03-05	2020-03-05	Unicameralism	13. sasaukums	-	Regulārā	2020-03-05	-	COVID	English	Chairperson	MP	notMinister	JK	Jaunā konservatīvā	Coalition	Centre-right	Beitnere-LeGallaDagmāra	Beitnere-Le Galla, Dagmāra	F	-	
ParlaMint-LV-en_2020-03-05-PT13-2044	ParlaMint-LV_2020-03-05-PT13-2044-U105	Latvian parliamentary corpus ParlaMint-LV-en, 13th Term, 2020-03-05	2020-03-05	Unicameralism	13. sasaukums	-	Regulārā	2020-03-05	-	COVID	English	Regular	MP	notMinister	ZZS	Zaļo un Zemnieku savienība	Opposition	Centre to centre-right	ValainisViktors	Valainis, Viktors	M	-	
ParlaMint-LV-en_2020-03-05-PT13-2044	ParlaMint-LV_2020-03-05-PT13-2044-U106	Latvian parliamentary corpus ParlaMint-LV-en, 13th Term, 2020-03-05	2020-03-05	Unicameralism	13. sasaukums	-	Regulārā	2020-03-05	-	COVID	English	Chairperson	MP	notMinister	JK	Jaunā konservatīvā	Coalition	Centre-right	Beitnere-LeGallaDagmāra	Beitnere-Le Galla, Dagmāra	F	-	
ParlaMint-LV-en_2020-03-05-PT13-2044	ParlaMint-LV_2020-03-05-PT13-2044-U107	Latvian parliamentary corpus ParlaMint-LV-en, 13th Term, 2020-03-05	2020-03-05	Unicameralism	13. sasaukums	-	Regulārā	2020-03-05	-	COVID	English	Regular	MP	notMinister	ZZS	Zaļo un Zemnieku savienība	Opposition	Centre to centre-right	ValainisViktors	Valainis, Viktors	M	-	
ParlaMint-LV-en_2020-03-05-PT13-2044	ParlaMint-LV_2020-03-05-PT13-2044-U108	Latvian parliamentary corpus ParlaMint-LV-en, 13th Term, 2020-03-05	2020-03-05	Unicameralism	13. sasaukums	-	Regulārā	2020-03-05	-	COVID	English	Chairperson	MP	notMinister	JK	Jaunā konservatīvā	Coalition	Centre-right	Beitnere-LeGallaDagmāra	Beitnere-Le Galla, Dagmāra	F	-	
ParlaMint-LV-en_2020-03-05-PT13-2044	ParlaMint-LV_2020-03-05-PT13-2044-U109	Latvian parliamentary corpus ParlaMint-LV-en, 13th Term, 2020-03-05	2020-03-05	Unicameralism	13. sasaukums	-	Regulārā	2020-03-05	-	COVID	English	Regular	MP	notMinister	ZZS	Zaļo un Zemnieku savienība	Opposition	Centre to centre-right	ValainisViktors	Valainis, Viktors	M	-	
ParlaMint-LV-en_2020-03-05-PT13-2044	ParlaMint-LV_2020-03-05-PT13-2044-U110	Latvian parliamentary corpus ParlaMint-LV-en, 13th Term, 2020-03-05	2020-03-05	Unicameralism	13. sasaukums	-	Regulārā	2020-03-05	-	COVID	English	Chairperson	MP	notMinister	JK	Jaunā konservatīvā	Coalition	Centre-right	Beitnere-LeGallaDagmāra	Beitnere-Le Galla, Dagmāra	F	-	
ParlaMint-LV-en_2020-03-05-PT13-2044	ParlaMint-LV_2020-03-05-PT13-2044-U111	Latvian parliamentary corpus ParlaMint-LV-en, 13th Term, 2020-03-05	2020-03-05	Unicameralism	13. sasaukums	-	Regulārā	2020-03-05	-	COVID	English	Regular	MP	notMinister	ZZS	Zaļo un Zemnieku savienība	Opposition	Centre to centre-right	ValainisViktors	Valainis, Viktors	M	-	
ParlaMint-LV-en_2020-03-05-PT13-2044	ParlaMint-LV_2020-03-05-PT13-2044-U112	Latvian parliamentary corpus ParlaMint-LV-en, 13th Term, 2020-03-05	2020-03-05	Unicameralism	13. sasaukums	-	Regulārā	2020-03-05	-	COVID	English	Chairperson	MP	notMinister	JK	Jaunā konservatīvā	Coalition	Centre-right	Beitnere-LeGallaDagmāra	Beitnere-Le Galla, Dagmāra	F	-	
ParlaMint-LV-en_2020-03-05-PT13-2044	ParlaMint-LV_2020-03-05-PT13-2044-U113	Latvian parliamentary corpus ParlaMint-LV-en, 13th Term, 2020-03-05	2020-03-05	Unicameralism	13. sasaukums	-	Regulārā	2020-03-05	-	COVID	English	Regular	MP	notMinister	ZZS	Zaļo un Zemnieku savienība	Opposition	Centre to centre-right	ValainisViktors	Valainis, Viktors	M	-	
ParlaMint-LV-en_2020-03-05-PT13-2044	ParlaMint-LV_2020-03-05-PT13-2044-U114	Latvian parliamentary corpus ParlaMint-LV-en, 13th Term, 2020-03-05	2020-03-05	Unicameralism	13. sasaukums	-	Regulārā	2020-03-05	-	COVID	English	Chairperson	MP	notMinister	JK	Jaunā konservatīvā	Coalition	Centre-right	Beitnere-LeGallaDagmāra	Beitnere-Le Galla, Dagmāra	F	-	
ParlaMint-LV-en_2020-03-05-PT13-2044	ParlaMint-LV_2020-03-05-PT13-2044-U115	Latvian parliamentary corpus ParlaMint-LV-en, 13th Term, 2020-03-05	2020-03-05	Unicameralism	13. sasaukums	-	Regulārā	2020-03-05	-	COVID	English	Regular	MP	notMinister	ZZS	Zaļo un Zemnieku savienība	Opposition	Centre to centre-right	ValainisViktors	Valainis, Viktors	M	-	
ParlaMint-LV-en_2020-03-05-PT13-2044	ParlaMint-LV_2020-03-05-PT13-2044-U116	Latvian parliamentary corpus ParlaMint-LV-en, 13th Term, 2020-03-05	2020-03-05	Unicameralism	13. sasaukums	-	Regulārā	2020-03-05	-	COVID	English	Chairperson	MP	notMinister	JK	Jaunā konservatīvā	Coalition	Centre-right	Beitnere-LeGallaDagmāra	Beitnere-Le Galla, Dagmāra	F	-	
ParlaMint-LV-en_2020-03-05-PT13-2044	ParlaMint-LV_2020-03-05-PT13-2044-U117	Latvian parliamentary corpus ParlaMint-LV-en, 13th Term, 2020-03-05	2020-03-05	Unicameralism	13. sasaukums	-	Regulārā	2020-03-05	-	COVID	English	Regular	MP	notMinister	ZZS	Zaļo un Zemnieku savienība	Opposition	Centre to centre-right	ValainisViktors	Valainis, Viktors	M	-	
ParlaMint-LV-en_2020-03-05-PT13-2044	ParlaMint-LV_2020-03-05-PT13-2044-U118	Latvian parliamentary corpus ParlaMint-LV-en, 13th Term, 2020-03-05	2020-03-05	Unicameralism	13. sasaukums	-	Regulārā	2020-03-05	-	COVID	English	Chairperson	MP	notMinister	JK	Jaunā konservatīvā	Coalition	Centre-right	Beitnere-LeGallaDagmāra	Beitnere-Le Galla, Dagmāra	F	-	
ParlaMint-LV-en_2020-03-05-PT13-2044	ParlaMint-LV_2020-03-05-PT13-2044-U119	Latvian parliamentary corpus ParlaMint-LV-en, 13th Term, 2020-03-05	2020-03-05	Unicameralism	13. sasaukums	-	Regulārā	2020-03-05	-	COVID	English	Regular	MP	notMinister	ZZS	Zaļo un Zemnieku savienība	Opposition	Centre to centre-right	ValainisViktors	Valainis, Viktors	M	-	
ParlaMint-LV-en_2020-03-05-PT13-2044	ParlaMint-LV_2020-03-05-PT13-2044-U120	Latvian parliamentary corpus ParlaMint-LV-en, 13th Term, 2020-03-05	2020-03-05	Unicameralism	13. sasaukums	-	Regulārā	2020-03-05	-	COVID	English	Chairperson	MP	notMinister	JK	Jaunā konservatīvā	Coalition	Centre-right	Beitnere-LeGallaDagmāra	Beitnere-Le Galla, Dagmāra	F	-	
ParlaMint-LV-en_2020-03-05-PT13-2044	ParlaMint-LV_2020-03-05-PT13-2044-U121	Latvian parliamentary corpus ParlaMint-LV-en, 13th Term, 2020-03-05	2020-03-05	Unicameralism	13. sasaukums	-	Regulārā	2020-03-05	-	COVID	English	Regular	MP	notMinister	KPV-LV	Kam pieder valsts?	Coalition	Centre-right to right	GobzemsAldis	Gobzems, Aldis	M	-	
ParlaMint-LV-en_2020-03-05-PT13-2044	ParlaMint-LV_2020-03-05-PT13-2044-U122	Latvian parliamentary corpus ParlaMint-LV-en, 13th Term, 2020-03-05	2020-03-05	Unicameralism	13. sasaukums	-	Regulārā	2020-03-05	-	COVID	English	Chairperson	MP	notMinister	JK	Jaunā konservatīvā	Coalition	Centre-right	Beitnere-LeGallaDagmāra	Beitnere-Le Galla, Dagmāra	F	-	
ParlaMint-LV-en_2020-03-05-PT13-2044	ParlaMint-LV_2020-03-05-PT13-2044-U123	Latvian parliamentary corpus ParlaMint-LV-en, 13th Term, 2020-03-05	2020-03-05	Unicameralism	13. sasaukums	-	Regulārā	2020-03-05	-	COVID	English	Regular	notMP	notMinister	-	-	-	-	KaimiņšArtuss	Kaimiņš, Artuss	M	-	
ParlaMint-LV-en_2020-03-05-PT13-2044	ParlaMint-LV_2020-03-05-PT13-2044-U124	Latvian parliamentary corpus ParlaMint-LV-en, 13th Term, 2020-03-05	2020-03-05	Unicameralism	13. sasaukums	-	Regulārā	2020-03-05	-	COVID	English	Regular	MP	notMinister	ZZS	Zaļo un Zemnieku savienība	Opposition	Centre to centre-right	ValainisViktors	Valainis, Viktors	M	-	
ParlaMint-LV-en_2020-03-05-PT13-2044	ParlaMint-LV_2020-03-05-PT13-2044-U125	Latvian parliamentary corpus ParlaMint-LV-en, 13th Term, 2020-03-05	2020-03-05	Unicameralism	13. sasaukums	-	Regulārā	2020-03-05	-	COVID	English	Chairperson	MP	notMinister	JK	Jaunā konservatīvā	Coalition	Centre-right	Beitnere-LeGallaDagmāra	Beitnere-Le Galla, Dagmāra	F	-	
ParlaMint-LV-en_2020-03-05-PT13-2044	ParlaMint-LV_2020-03-05-PT13-2044-U126	Latvian parliamentary corpus ParlaMint-LV-en, 13th Term, 2020-03-05	2020-03-05	Unicameralism	13. sasaukums	-	Regulārā	2020-03-05	-	COVID	English	Regular	MP	notMinister	JV	JAUNĀ VIENOTĪBA	Coalition	Centre-right	AdamovičsAldis	Adamovičs, Aldis	M	-	
ParlaMint-LV-en_2020-03-05-PT13-2044	ParlaMint-LV_2020-03-05-PT13-2044-U127	Latvian parliamentary corpus ParlaMint-LV-en, 13th Term, 2020-03-05	2020-03-05	Unicameralism	13. sasaukums	-	Regulārā	2020-03-05	-	COVID	English	Chairperson	MP	notMinister	JK	Jaunā konservatīvā	Coalition	Centre-right	Beitnere-LeGallaDagmāra	Beitnere-Le Galla, Dagmāra	F	-	
ParlaMint-LV-en_2020-03-05-PT13-2044	ParlaMint-LV_2020-03-05-PT13-2044-U128	Latvian parliamentary corpus ParlaMint-LV-en, 13th Term, 2020-03-05	2020-03-05	Unicameralism	13. sasaukums	-	Regulārā	2020-03-05	-	COVID	English	Regular	notMP	notMinister	-	-	-	-	ŠmitsDidzis	Šmits, Didzis	M	-	
ParlaMint-LV-en_2020-03-05-PT13-2044	ParlaMint-LV_2020-03-05-PT13-2044-U129	Latvian parliamentary corpus ParlaMint-LV-en, 13th Term, 2020-03-05	2020-03-05	Unicameralism	13. sasaukums	-	Regulārā	2020-03-05	-	COVID	English	Chairperson	MP	notMinister	JK	Jaunā konservatīvā	Coalition	Centre-right	Beitnere-LeGallaDagmāra	Beitnere-Le Galla, Dagmāra	F	-	
ParlaMint-LV-en_2020-03-05-PT13-2044	ParlaMint-LV_2020-03-05-PT13-2044-U130	Latvian parliamentary corpus ParlaMint-LV-en, 13th Term, 2020-03-05	2020-03-05	Unicameralism	13. sasaukums	-	Regulārā	2020-03-05	-	COVID	English	Regular	MP	notMinister	KPV-LV	Kam pieder valsts?	Coalition	Centre-right to right	GobzemsAldis	Gobzems, Aldis	M	-	
ParlaMint-LV-en_2020-03-05-PT13-2044	ParlaMint-LV_2020-03-05-PT13-2044-U131	Latvian parliamentary corpus ParlaMint-LV-en, 13th Term, 2020-03-05	2020-03-05	Unicameralism	13. sasaukums	-	Regulārā	2020-03-05	-	COVID	English	Chairperson	MP	notMinister	JK	Jaunā konservatīvā	Coalition	Centre-right	Beitnere-LeGallaDagmāra	Beitnere-Le Galla, Dagmāra	F	-	
ParlaMint-LV-en_2020-03-05-PT13-2044	ParlaMint-LV_2020-03-05-PT13-2044-U132	Latvian parliamentary corpus ParlaMint-LV-en, 13th Term, 2020-03-05	2020-03-05	Unicameralism	13. sasaukums	-	Regulārā	2020-03-05	-	COVID	English	Regular	MP	notMinister	KPV-LV	Kam pieder valsts?	Coalition	Centre-right to right	GobzemsAldis	Gobzems, Aldis	M	-	
ParlaMint-LV-en_2020-03-05-PT13-2044	ParlaMint-LV_2020-03-05-PT13-2044-U133	Latvian parliamentary corpus ParlaMint-LV-en, 13th Term, 2020-03-05	2020-03-05	Unicameralism	13. sasaukums	-	Regulārā	2020-03-05	-	COVID	English	Chairperson	MP	notMinister	JK	Jaunā konservatīvā	Coalition	Centre-right	Beitnere-LeGallaDagmāra	Beitnere-Le Galla, Dagmāra	F	-	
ParlaMint-LV-en_2020-03-05-PT13-2044	ParlaMint-LV_2020-03-05-PT13-2044-U134	Latvian parliamentary corpus ParlaMint-LV-en, 13th Term, 2020-03-05	2020-03-05	Unicameralism	13. sasaukums	-	Regulārā	2020-03-05	-	COVID	English	Regular	MP	notMinister	KPV-LV	Kam pieder valsts?	Coalition	Centre-right to right	GobzemsAldis	Gobzems, Aldis	M	-	
ParlaMint-LV-en_2020-03-05-PT13-2044	ParlaMint-LV_2020-03-05-PT13-2044-U135	Latvian parliamentary corpus ParlaMint-LV-en, 13th Term, 2020-03-05	2020-03-05	Unicameralism	13. sasaukums	-	Regulārā	2020-03-05	-	COVID	English	Chairperson	MP	notMinister	JK	Jaunā konservatīvā	Coalition	Centre-right	Beitnere-LeGallaDagmāra	Beitnere-Le Galla, Dagmāra	F	-	
ParlaMint-LV-en_2020-03-05-PT13-2044	ParlaMint-LV_2020-03-05-PT13-2044-U136	Latvian parliamentary corpus ParlaMint-LV-en, 13th Term, 2020-03-05	2020-03-05	Unicameralism	13. sasaukums	-	Regulārā	2020-03-05	-	COVID	English	Regular	MP	notMinister	KPV-LV	Kam pieder valsts?	Coalition	Centre-right to right	GobzemsAldis	Gobzems, Aldis	M	-	
ParlaMint-LV-en_2020-03-05-PT13-2044	ParlaMint-LV_2020-03-05-PT13-2044-U137	Latvian parliamentary corpus ParlaMint-LV-en, 13th Term, 2020-03-05	2020-03-05	Unicameralism	13. sasaukums	-	Regulārā	2020-03-05	-	COVID	English	Chairperson	MP	notMinister	JK	Jaunā konservatīvā	Coalition	Centre-right	Beitnere-LeGallaDagmāra	Beitnere-Le Galla, Dagmāra	F	-	
ParlaMint-LV-en_2020-03-05-PT13-2044	ParlaMint-LV_2020-03-05-PT13-2044-U138	Latvian parliamentary corpus ParlaMint-LV-en, 13th Term, 2020-03-05	2020-03-05	Unicameralism	13. sasaukums	-	Regulārā	2020-03-05	-	COVID	English	Regular	MP	notMinister	KPV-LV	Kam pieder valsts?	Coalition	Centre-right to right	GobzemsAldis	Gobzems, Aldis	M	-	
ParlaMint-LV-en_2020-03-05-PT13-2044	ParlaMint-LV_2020-03-05-PT13-2044-U139	Latvian parliamentary corpus ParlaMint-LV-en, 13th Term, 2020-03-05	2020-03-05	Unicameralism	13. sasaukums	-	Regulārā	2020-03-05	-	COVID	English	Chairperson	MP	notMinister	JK	Jaunā konservatīvā	Coalition	Centre-right	Beitnere-LeGallaDagmāra	Beitnere-Le Galla, Dagmāra	F	-	
ParlaMint-LV-en_2020-03-05-PT13-2044	ParlaMint-LV_2020-03-05-PT13-2044-U140	Latvian parliamentary corpus ParlaMint-LV-en, 13th Term, 2020-03-05	2020-03-05	Unicameralism	13. sasaukums	-	Regulārā	2020-03-05	-	COVID	English	Regular	MP	notMinister	KPV-LV	Kam pieder valsts?	Coalition	Centre-right to right	GobzemsAldis	Gobzems, Aldis	M	-	
ParlaMint-LV-en_2020-03-05-PT13-2044	ParlaMint-LV_2020-03-05-PT13-2044-U141	Latvian parliamentary corpus ParlaMint-LV-en, 13th Term, 2020-03-05	2020-03-05	Unicameralism	13. sasaukums	-	Regulārā	2020-03-05	-	COVID	English	Chairperson	MP	notMinister	JK	Jaunā konservatīvā	Coalition	Centre-right	Beitnere-LeGallaDagmāra	Beitnere-Le Galla, Dagmāra	F	-	
ParlaMint-LV-en_2020-03-05-PT13-2044	ParlaMint-LV_2020-03-05-PT13-2044-U142	Latvian parliamentary corpus ParlaMint-LV-en, 13th Term, 2020-03-05	2020-03-05	Unicameralism	13. sasaukums	-	Regulārā	2020-03-05	-	COVID	English	Regular	MP	notMinister	KPV-LV	Kam pieder valsts?	Coalition	Centre-right to right	GobzemsAldis	Gobzems, Aldis	M	-	
ParlaMint-LV-en_2020-03-05-PT13-2044	ParlaMint-LV_2020-03-05-PT13-2044-U143	Latvian parliamentary corpus ParlaMint-LV-en, 13th Term, 2020-03-05	2020-03-05	Unicameralism	13. sasaukums	-	Regulārā	2020-03-05	-	COVID	English	Chairperson	MP	notMinister	JK	Jaunā konservatīvā	Coalition	Centre-right	Beitnere-LeGallaDagmāra	Beitnere-Le Galla, Dagmāra	F	-	
ParlaMint-LV-en_2020-03-05-PT13-2044	ParlaMint-LV_2020-03-05-PT13-2044-U144	Latvian parliamentary corpus ParlaMint-LV-en, 13th Term, 2020-03-05	2020-03-05	Unicameralism	13. sasaukums	-	Regulārā	2020-03-05	-	COVID	English	Regular	MP	notMinister	KPV-LV	Kam pieder valsts?	Coalition	Centre-right to right	GobzemsAldis	Gobzems, Aldis	M	-	
ParlaMint-LV-en_2020-03-05-PT13-2044	ParlaMint-LV_2020-03-05-PT13-2044-U145	Latvian parliamentary corpus ParlaMint-LV-en, 13th Term, 2020-03-05	2020-03-05	Unicameralism	13. sasaukums	-	Regulārā	2020-03-05	-	COVID	English	Chairperson	MP	notMinister	JK	Jaunā konservatīvā	Coalition	Centre-right	Beitnere-LeGallaDagmāra	Beitnere-Le Galla, Dagmāra	F	-	
ParlaMint-LV-en_2020-03-05-PT13-2044	ParlaMint-LV_2020-03-05-PT13-2044-U146	Latvian parliamentary corpus ParlaMint-LV-en, 13th Term, 2020-03-05	2020-03-05	Unicameralism	13. sasaukums	-	Regulārā	2020-03-05	-	COVID	English	Regular	MP	notMinister	ZZS	Zaļo un Zemnieku savienība	Opposition	Centre to centre-right	DaudzeGundars	Daudze, Gundars	M	-	
ParlaMint-LV-en_2020-03-05-PT13-2044	ParlaMint-LV_2020-03-05-PT13-2044-U147	Latvian parliamentary corpus ParlaMint-LV-en, 13th Term, 2020-03-05	2020-03-05	Unicameralism	13. sasaukums	-	Regulārā	2020-03-05	-	COVID	English	Chairperson	MP	notMinister	JK	Jaunā konservatīvā	Coalition	Centre-right	Beitnere-LeGallaDagmāra	Beitnere-Le Galla, Dagmāra	F	-	
ParlaMint-LV-en_2020-03-05-PT13-2044	ParlaMint-LV_2020-03-05-PT13-2044-U148	Latvian parliamentary corpus ParlaMint-LV-en, 13th Term, 2020-03-05	2020-03-05	Unicameralism	13. sasaukums	-	Regulārā	2020-03-05	-	COVID	English	Regular	MP	notMinister	ZZS	Zaļo un Zemnieku savienība	Opposition	Centre to centre-right	Reizniece-OzolaDana	Reizniece-Ozola, Dana	F	-	
ParlaMint-LV-en_2020-03-05-PT13-2044	ParlaMint-LV_2020-03-05-PT13-2044-U149	Latvian parliamentary corpus ParlaMint-LV-en, 13th Term, 2020-03-05	2020-03-05	Unicameralism	13. sasaukums	-	Regulārā	2020-03-05	-	COVID	English	Chairperson	MP	notMinister	JK	Jaunā konservatīvā	Coalition	Centre-right	Beitnere-LeGallaDagmāra	Beitnere-Le Galla, Dagmāra	F	-	
ParlaMint-LV-en_2020-03-05-PT13-2044	ParlaMint-LV_2020-03-05-PT13-2044-U150	Latvian parliamentary corpus ParlaMint-LV-en, 13th Term, 2020-03-05	2020-03-05	Unicameralism	13. sasaukums	-	Regulārā	2020-03-05	-	COVID	English	Regular	MP	notMinister	ZZS	Zaļo un Zemnieku savienība	Opposition	Centre to centre-right	KrauzeArmands	Krauze, Armands	M	-	
ParlaMint-LV-en_2020-03-05-PT13-2044	ParlaMint-LV_2020-03-05-PT13-2044-U151	Latvian parliamentary corpus ParlaMint-LV-en, 13th Term, 2020-03-05	2020-03-05	Unicameralism	13. sasaukums	-	Regulārā	2020-03-05	-	COVID	English	Chairperson	MP	notMinister	JK	Jaunā konservatīvā	Coalition	Centre-right	Beitnere-LeGallaDagmāra	Beitnere-Le Galla, Dagmāra	F	-	
ParlaMint-LV-en_2020-03-05-PT13-2044	ParlaMint-LV_2020-03-05-PT13-2044-U152	Latvian parliamentary corpus ParlaMint-LV-en, 13th Term, 2020-03-05	2020-03-05	Unicameralism	13. sasaukums	-	Regulārā	2020-03-05	-	COVID	English	Regular	MP	notMinister	KPV-LV	Kam pieder valsts?	Coalition	Centre-right to right	GobzemsAldis	Gobzems, Aldis	M	-	
ParlaMint-LV-en_2020-03-05-PT13-2044	ParlaMint-LV_2020-03-05-PT13-2044-U153	Latvian parliamentary corpus ParlaMint-LV-en, 13th Term, 2020-03-05	2020-03-05	Unicameralism	13. sasaukums	-	Regulārā	2020-03-05	-	COVID	English	Chairperson	MP	notMinister	JK	Jaunā konservatīvā	Coalition	Centre-right	Beitnere-LeGallaDagmāra	Beitnere-Le Galla, Dagmāra	F	-	
ParlaMint-LV-en_2020-03-05-PT13-2044	ParlaMint-LV_2020-03-05-PT13-2044-U154	Latvian parliamentary corpus ParlaMint-LV-en, 13th Term, 2020-03-05	2020-03-05	Unicameralism	13. sasaukums	-	Regulārā	2020-03-05	-	COVID	English	Regular	MP	notMinister	SASKAŅA	SASKAŅA	Opposition	Centre-left	ZariņšIvars	Zariņš, Ivars	M	-	
ParlaMint-LV-en_2020-03-05-PT13-2044	ParlaMint-LV_2020-03-05-PT13-2044-U155	Latvian parliamentary corpus ParlaMint-LV-en, 13th Term, 2020-03-05	2020-03-05	Unicameralism	13. sasaukums	-	Regulārā	2020-03-05	-	COVID	English	Chairperson	MP	notMinister	JK	Jaunā konservatīvā	Coalition	Centre-right	Beitnere-LeGallaDagmāra	Beitnere-Le Galla, Dagmāra	F	-	
ParlaMint-LV-en_2020-03-05-PT13-2044	ParlaMint-LV_2020-03-05-PT13-2044-U156	Latvian parliamentary corpus ParlaMint-LV-en, 13th Term, 2020-03-05	2020-03-05	Unicameralism	13. sasaukums	-	Regulārā	2020-03-05	-	COVID	English	Regular	MP	notMinister	AP	Attīstībai/Par!	Coalition	Centre	PlešsArtūrsToms	Plešs, Artūrs Toms	M	-	
ParlaMint-LV-en_2020-03-05-PT13-2044	ParlaMint-LV_2020-03-05-PT13-2044-U157	Latvian parliamentary corpus ParlaMint-LV-en, 13th Term, 2020-03-05	2020-03-05	Unicameralism	13. sasaukums	-	Regulārā	2020-03-05	-	COVID	English	Chairperson	MP	notMinister	JK	Jaunā konservatīvā	Coalition	Centre-right	Beitnere-LeGallaDagmāra	Beitnere-Le Galla, Dagmāra	F	-	
ParlaMint-LV-en_2020-03-05-PT13-2044	ParlaMint-LV_2020-03-05-PT13-2044-U158	Latvian parliamentary corpus ParlaMint-LV-en, 13th Term, 2020-03-05	2020-03-05	Unicameralism	13. sasaukums	-	Regulārā	2020-03-05	-	COVID	English	Regular	MP	notMinister	AP	Attīstībai/Par!	Coalition	Centre	PlešsArtūrsToms	Plešs, Artūrs Toms	M	-	
ParlaMint-LV-en_2020-03-05-PT13-2044	ParlaMint-LV_2020-03-05-PT13-2044-U159	Latvian parliamentary corpus ParlaMint-LV-en, 13th Term, 2020-03-05	2020-03-05	Unicameralism	13. sasaukums	-	Regulārā	2020-03-05	-	COVID	English	Chairperson	MP	notMinister	JK	Jaunā konservatīvā	Coalition	Centre-right	Beitnere-LeGallaDagmāra	Beitnere-Le Galla, Dagmāra	F	-	
ParlaMint-LV-en_2020-03-05-PT13-2044	ParlaMint-LV_2020-03-05-PT13-2044-U160	Latvian parliamentary corpus ParlaMint-LV-en, 13th Term, 2020-03-05	2020-03-05	Unicameralism	13. sasaukums	-	Regulārā	2020-03-05	-	COVID	English	Regular	notMP	notMinister	-	-	-	-	LiepiņaLiene	Liepiņa, Liene	F	-	
ParlaMint-LV-en_2020-03-05-PT13-2044	ParlaMint-LV_2020-03-05-PT13-2044-U161	Latvian parliamentary corpus ParlaMint-LV-en, 13th Term, 2020-03-05	2020-03-05	Unicameralism	13. sasaukums	-	Regulārā	2020-03-05	-	COVID	English	Chairperson	MP	notMinister	JK	Jaunā konservatīvā	Coalition	Centre-right	Beitnere-LeGallaDagmāra	Beitnere-Le Galla, Dagmāra	F	-	
ParlaMint-LV-en_2020-03-05-PT13-2044	ParlaMint-LV_2020-03-05-PT13-2044-U162	Latvian parliamentary corpus ParlaMint-LV-en, 13th Term, 2020-03-05	2020-03-05	Unicameralism	13. sasaukums	-	Regulārā	2020-03-05	-	COVID	English	Regular	MP	notMinister	ZZS	Zaļo un Zemnieku savienība	Opposition	Centre to centre-right	ValainisViktors	Valainis, Viktors	M	-	
ParlaMint-LV-en_2020-03-05-PT13-2044	ParlaMint-LV_2020-03-05-PT13-2044-U163	Latvian parliamentary corpus ParlaMint-LV-en, 13th Term, 2020-03-05	2020-03-05	Unicameralism	13. sasaukums	-	Regulārā	2020-03-05	-	COVID	English	Chairperson	MP	notMinister	JK	Jaunā konservatīvā	Coalition	Centre-right	Beitnere-LeGallaDagmāra	Beitnere-Le Galla, Dagmāra	F	-	
ParlaMint-LV-en_2020-03-05-PT13-2044	ParlaMint-LV_2020-03-05-PT13-2044-U164	Latvian parliamentary corpus ParlaMint-LV-en, 13th Term, 2020-03-05	2020-03-05	Unicameralism	13. sasaukums	-	Regulārā	2020-03-05	-	COVID	English	Regular	MP	notMinister	SASKAŅA	SASKAŅA	Opposition	Centre-left	DolgopolovsSergejs	Dolgopolovs, Sergejs	M	-	
ParlaMint-LV-en_2020-03-05-PT13-2044	ParlaMint-LV_2020-03-05-PT13-2044-U165	Latvian parliamentary corpus ParlaMint-LV-en, 13th Term, 2020-03-05	2020-03-05	Unicameralism	13. sasaukums	-	Regulārā	2020-03-05	-	COVID	English	Chairperson	MP	notMinister	JK	Jaunā konservatīvā	Coalition	Centre-right	Beitnere-LeGallaDagmāra	Beitnere-Le Galla, Dagmāra	F	-	
ParlaMint-LV-en_2020-03-05-PT13-2044	ParlaMint-LV_2020-03-05-PT13-2044-U166	Latvian parliamentary corpus ParlaMint-LV-en, 13th Term, 2020-03-05	2020-03-05	Unicameralism	13. sasaukums	-	Regulārā	2020-03-05	-	COVID	English	Regular	MP	notMinister	ZZS	Zaļo un Zemnieku savienība	Opposition	Centre to centre-right	KrauzeArmands	Krauze, Armands	M	-	
ParlaMint-LV-en_2020-03-05-PT13-2044	ParlaMint-LV_2020-03-05-PT13-2044-U167	Latvian parliamentary corpus ParlaMint-LV-en, 13th Term, 2020-03-05	2020-03-05	Unicameralism	13. sasaukums	-	Regulārā	2020-03-05	-	COVID	English	Chairperson	MP	notMinister	JK	Jaunā konservatīvā	Coalition	Centre-right	Beitnere-LeGallaDagmāra	Beitnere-Le Galla, Dagmāra	F	-	
ParlaMint-LV-en_2020-03-05-PT13-2044	ParlaMint-LV_2020-03-05-PT13-2044-U168	Latvian parliamentary corpus ParlaMint-LV-en, 13th Term, 2020-03-05	2020-03-05	Unicameralism	13. sasaukums	-	Regulārā	2020-03-05	-	COVID	English	Regular	MP	notMinister	SASKAŅA	SASKAŅA	Opposition	Centre-left	Ločmele-LuņovaRegīna	Ločmele-Luņova, Regīna	F	-	
ParlaMint-LV-en_2020-03-05-PT13-2044	ParlaMint-LV_2020-03-05-PT13-2044-U169	Latvian parliamentary corpus ParlaMint-LV-en, 13th Term, 2020-03-05	2020-03-05	Unicameralism	13. sasaukums	-	Regulārā	2020-03-05	-	COVID	English	Chairperson	MP	notMinister	JK	Jaunā konservatīvā	Coalition	Centre-right	Beitnere-LeGallaDagmāra	Beitnere-Le Galla, Dagmāra	F	-	
ParlaMint-LV-en_2020-03-05-PT13-2044	ParlaMint-LV_2020-03-05-PT13-2044-U170	Latvian parliamentary corpus ParlaMint-LV-en, 13th Term, 2020-03-05	2020-03-05	Unicameralism	13. sasaukums	-	Regulārā	2020-03-05	-	COVID	English	Regular	MP	notMinister	ZZS	Zaļo un Zemnieku savienība	Opposition	Centre to centre-right	Reizniece-OzolaDana	Reizniece-Ozola, Dana	F	-	
ParlaMint-LV-en_2020-03-05-PT13-2044	ParlaMint-LV_2020-03-05-PT13-2044-U171	Latvian parliamentary corpus ParlaMint-LV-en, 13th Term, 2020-03-05	2020-03-05	Unicameralism	13. sasaukums	-	Regulārā	2020-03-05	-	COVID	English	Chairperson	MP	notMinister	JK	Jaunā konservatīvā	Coalition	Centre-right	Beitnere-LeGallaDagmāra	Beitnere-Le Galla, Dagmāra	F	-	
ParlaMint-LV-en_2020-03-05-PT13-2044	ParlaMint-LV_2020-03-05-PT13-2044-U172	Latvian parliamentary corpus ParlaMint-LV-en, 13th Term, 2020-03-05	2020-03-05	Unicameralism	13. sasaukums	-	Regulārā	2020-03-05	-	COVID	English	Regular	MP	notMinister	JK	Jaunā konservatīvā	Coalition	Centre-right	KazinovskisAndris	Kazinovskis, Andris	M	-	
ParlaMint-LV-en_2020-03-05-PT13-2044	ParlaMint-LV_2020-03-05-PT13-2044-U173	Latvian parliamentary corpus ParlaMint-LV-en, 13th Term, 2020-03-05	2020-03-05	Unicameralism	13. sasaukums	-	Regulārā	2020-03-05	-	COVID	English	Chairperson	MP	notMinister	JK	Jaunā konservatīvā	Coalition	Centre-right	Beitnere-LeGallaDagmāra	Beitnere-Le Galla, Dagmāra	F	-	
ParlaMint-LV-en_2020-03-05-PT13-2044	ParlaMint-LV_2020-03-05-PT13-2044-U174	Latvian parliamentary corpus ParlaMint-LV-en, 13th Term, 2020-03-05	2020-03-05	Unicameralism	13. sasaukums	-	Regulārā	2020-03-05	-	COVID	English	Regular	MP	notMinister	JK	Jaunā konservatīvā	Coalition	Centre-right	KazinovskisAndris	Kazinovskis, Andris	M	-	
ParlaMint-LV-en_2020-03-05-PT13-2044	ParlaMint-LV_2020-03-05-PT13-2044-U175	Latvian parliamentary corpus ParlaMint-LV-en, 13th Term, 2020-03-05	2020-03-05	Unicameralism	13. sasaukums	-	Regulārā	2020-03-05	-	COVID	English	Chairperson	MP	notMinister	JK	Jaunā konservatīvā	Coalition	Centre-right	Beitnere-LeGallaDagmāra	Beitnere-Le Galla, Dagmāra	F	-	
ParlaMint-LV-en_2020-03-05-PT13-2044	ParlaMint-LV_2020-03-05-PT13-2044-U176	Latvian parliamentary corpus ParlaMint-LV-en, 13th Term, 2020-03-05	2020-03-05	Unicameralism	13. sasaukums	-	Regulārā	2020-03-05	-	COVID	English	Regular	MP	notMinister	JK	Jaunā konservatīvā	Coalition	Centre-right	KazinovskisAndris	Kazinovskis, Andris	M	-	
ParlaMint-LV-en_2020-03-05-PT13-2044	ParlaMint-LV_2020-03-05-PT13-2044-U177	Latvian parliamentary corpus ParlaMint-LV-en, 13th Term, 2020-03-05	2020-03-05	Unicameralism	13. sasaukums	-	Regulārā	2020-03-05	-	COVID	English	Chairperson	MP	notMinister	JK	Jaunā konservatīvā	Coalition	Centre-right	Beitnere-LeGallaDagmāra	Beitnere-Le Galla, Dagmāra	F	-	
ParlaMint-LV-en_2020-03-05-PT13-2044	ParlaMint-LV_2020-03-05-PT13-2044-U178	Latvian parliamentary corpus ParlaMint-LV-en, 13th Term, 2020-03-05	2020-03-05	Unicameralism	13. sasaukums	-	Regulārā	2020-03-05	-	COVID	English	Regular	notMP	notMinister	-	-	-	-	StepaņenkoJūlija	Stepaņenko, Jūlija	F	-	
ParlaMint-LV-en_2020-03-05-PT13-2044	ParlaMint-LV_2020-03-05-PT13-2044-U179	Latvian parliamentary corpus ParlaMint-LV-en, 13th Term, 2020-03-05	2020-03-05	Unicameralism	13. sasaukums	-	Regulārā	2020-03-05	-	COVID	English	Chairperson	MP	notMinister	JK	Jaunā konservatīvā	Coalition	Centre-right	Beitnere-LeGallaDagmāra	Beitnere-Le Galla, Dagmāra	F	-	
ParlaMint-LV-en_2020-03-05-PT13-2044	ParlaMint-LV_2020-03-05-PT13-2044-U180	Latvian parliamentary corpus ParlaMint-LV-en, 13th Term, 2020-03-05	2020-03-05	Unicameralism	13. sasaukums	-	Regulārā	2020-03-05	-	COVID	English	Regular	MP	notMinister	KPV-LV	Kam pieder valsts?	Coalition	Centre-right to right	GobzemsAldis	Gobzems, Aldis	M	-	
ParlaMint-LV-en_2020-03-05-PT13-2044	ParlaMint-LV_2020-03-05-PT13-2044-U181	Latvian parliamentary corpus ParlaMint-LV-en, 13th Term, 2020-03-05	2020-03-05	Unicameralism	13. sasaukums	-	Regulārā	2020-03-05	-	COVID	English	Chairperson	MP	notMinister	JK	Jaunā konservatīvā	Coalition	Centre-right	Beitnere-LeGallaDagmāra	Beitnere-Le Galla, Dagmāra	F	-	
ParlaMint-LV-en_2020-03-05-PT13-2044	ParlaMint-LV_2020-03-05-PT13-2044-U182	Latvian parliamentary corpus ParlaMint-LV-en, 13th Term, 2020-03-05	2020-03-05	Unicameralism	13. sasaukums	-	Regulārā	2020-03-05	-	COVID	English	Regular	notMP	notMinister	-	-	-	-	ŠmitsDidzis	Šmits, Didzis	M	-	
ParlaMint-LV-en_2020-03-05-PT13-2044	ParlaMint-LV_2020-03-05-PT13-2044-U183	Latvian parliamentary corpus ParlaMint-LV-en, 13th Term, 2020-03-05	2020-03-05	Unicameralism	13. sasaukums	-	Regulārā	2020-03-05	-	COVID	English	Chairperson	MP	notMinister	JK	Jaunā konservatīvā	Coalition	Centre-right	Beitnere-LeGallaDagmāra	Beitnere-Le Galla, Dagmāra	F	-	
ParlaMint-LV-en_2020-03-05-PT13-2044	ParlaMint-LV_2020-03-05-PT13-2044-U184	Latvian parliamentary corpus ParlaMint-LV-en, 13th Term, 2020-03-05	2020-03-05	Unicameralism	13. sasaukums	-	Regulārā	2020-03-05	-	COVID	English	Regular	MP	notMinister	ZZS	Zaļo un Zemnieku savienība	Opposition	Centre to centre-right	ValainisViktors	Valainis, Viktors	M	-	
ParlaMint-LV-en_2020-03-05-PT13-2044	ParlaMint-LV_2020-03-05-PT13-2044-U185	Latvian parliamentary corpus ParlaMint-LV-en, 13th Term, 2020-03-05	2020-03-05	Unicameralism	13. sasaukums	-	Regulārā	2020-03-05	-	COVID	English	Chairperson	MP	notMinister	JK	Jaunā konservatīvā	Coalition	Centre-right	Beitnere-LeGallaDagmāra	Beitnere-Le Galla, Dagmāra	F	-	
ParlaMint-LV-en_2020-03-05-PT13-2044	ParlaMint-LV_2020-03-05-PT13-2044-U186	Latvian parliamentary corpus ParlaMint-LV-en, 13th Term, 2020-03-05	2020-03-05	Unicameralism	13. sasaukums	-	Regulārā	2020-03-05	-	COVID	English	Regular	MP	notMinister	KPV-LV	Kam pieder valsts?	Coalition	Centre-right to right	GobzemsAldis	Gobzems, Aldis	M	-	
ParlaMint-LV-en_2020-03-05-PT13-2044	ParlaMint-LV_2020-03-05-PT13-2044-U187	Latvian parliamentary corpus ParlaMint-LV-en, 13th Term, 2020-03-05	2020-03-05	Unicameralism	13. sasaukums	-	Regulārā	2020-03-05	-	COVID	English	Chairperson	MP	notMinister	JK	Jaunā konservatīvā	Coalition	Centre-right	Beitnere-LeGallaDagmāra	Beitnere-Le Galla, Dagmāra	F	-	
ParlaMint-LV-en_2020-03-05-PT13-2044	ParlaMint-LV_2020-03-05-PT13-2044-U188	Latvian parliamentary corpus ParlaMint-LV-en, 13th Term, 2020-03-05	2020-03-05	Unicameralism	13. sasaukums	-	Regulārā	2020-03-05	-	COVID	English	Regular	MP	notMinister	AP	Attīstībai/Par!	Coalition	Centre	PlešsArtūrsToms	Plešs, Artūrs Toms	M	-	
ParlaMint-LV-en_2020-03-05-PT13-2044	ParlaMint-LV_2020-03-05-PT13-2044-U189	Latvian parliamentary corpus ParlaMint-LV-en, 13th Term, 2020-03-05	2020-03-05	Unicameralism	13. sasaukums	-	Regulārā	2020-03-05	-	COVID	English	Chairperson	MP	notMinister	JK	Jaunā konservatīvā	Coalition	Centre-right	Beitnere-LeGallaDagmāra	Beitnere-Le Galla, Dagmāra	F	-	
ParlaMint-LV-en_2020-03-05-PT13-2044	ParlaMint-LV_2020-03-05-PT13-2044-U190	Latvian parliamentary corpus ParlaMint-LV-en, 13th Term, 2020-03-05	2020-03-05	Unicameralism	13. sasaukums	-	Regulārā	2020-03-05	-	COVID	English	Regular	MP	notMinister	AP	Attīstībai/Par!	Coalition	Centre	PlešsArtūrsToms	Plešs, Artūrs Toms	M	-	
ParlaMint-LV-en_2020-03-05-PT13-2044	ParlaMint-LV_2020-03-05-PT13-2044-U191	Latvian parliamentary corpus ParlaMint-LV-en, 13th Term, 2020-03-05	2020-03-05	Unicameralism	13. sasaukums	-	Regulārā	2020-03-05	-	COVID	English	Chairperson	MP	notMinister	JK	Jaunā konservatīvā	Coalition	Centre-right	Beitnere-LeGallaDagmāra	Beitnere-Le Galla, Dagmāra	F	-	
ParlaMint-LV-en_2020-03-05-PT13-2044	ParlaMint-LV_2020-03-05-PT13-2044-U192	Latvian parliamentary corpus ParlaMint-LV-en, 13th Term, 2020-03-05	2020-03-05	Unicameralism	13. sasaukums	-	Regulārā	2020-03-05	-	COVID	English	Regular	MP	notMinister	ZZS	Zaļo un Zemnieku savienība	Opposition	Centre to centre-right	ValainisViktors	Valainis, Viktors	M	-	
ParlaMint-LV-en_2020-03-05-PT13-2044	ParlaMint-LV_2020-03-05-PT13-2044-U193	Latvian parliamentary corpus ParlaMint-LV-en, 13th Term, 2020-03-05	2020-03-05	Unicameralism	13. sasaukums	-	Regulārā	2020-03-05	-	COVID	English	Chairperson	MP	notMinister	JK	Jaunā konservatīvā	Coalition	Centre-right	Beitnere-LeGallaDagmāra	Beitnere-Le Galla, Dagmāra	F	-	
ParlaMint-LV-en_2020-03-05-PT13-2044	ParlaMint-LV_2020-03-05-PT13-2044-U194	Latvian parliamentary corpus ParlaMint-LV-en, 13th Term, 2020-03-05	2020-03-05	Unicameralism	13. sasaukums	-	Regulārā	2020-03-05	-	COVID	English	Regular	MP	notMinister	SASKAŅA	SASKAŅA	Opposition	Centre-left	DolgopolovsSergejs	Dolgopolovs, Sergejs	M	-	
ParlaMint-LV-en_2020-03-05-PT13-2044	ParlaMint-LV_2020-03-05-PT13-2044-U195	Latvian parliamentary corpus ParlaMint-LV-en, 13th Term, 2020-03-05	2020-03-05	Unicameralism	13. sasaukums	-	Regulārā	2020-03-05	-	COVID	English	Chairperson	MP	notMinister	JK	Jaunā konservatīvā	Coalition	Centre-right	Beitnere-LeGallaDagmāra	Beitnere-Le Galla, Dagmāra	F	-	
ParlaMint-LV-en_2020-03-05-PT13-2044	ParlaMint-LV_2020-03-05-PT13-2044-U196	Latvian parliamentary corpus ParlaMint-LV-en, 13th Term, 2020-03-05	2020-03-05	Unicameralism	13. sasaukums	-	Regulārā	2020-03-05	-	COVID	English	Regular	MP	notMinister	ZZS	Zaļo un Zemnieku savienība	Opposition	Centre to centre-right	Reizniece-OzolaDana	Reizniece-Ozola, Dana	F	-	
ParlaMint-LV-en_2020-03-05-PT13-2044	ParlaMint-LV_2020-03-05-PT13-2044-U197	Latvian parliamentary corpus ParlaMint-LV-en, 13th Term, 2020-03-05	2020-03-05	Unicameralism	13. sasaukums	-	Regulārā	2020-03-05	-	COVID	English	Chairperson	MP	notMinister	JK	Jaunā konservatīvā	Coalition	Centre-right	Beitnere-LeGallaDagmāra	Beitnere-Le Galla, Dagmāra	F	-	
ParlaMint-LV-en_2020-03-05-PT13-2044	ParlaMint-LV_2020-03-05-PT13-2044-U198	Latvian parliamentary corpus ParlaMint-LV-en, 13th Term, 2020-03-05	2020-03-05	Unicameralism	13. sasaukums	-	Regulārā	2020-03-05	-	COVID	English	Regular	MP	notMinister	SASKAŅA	SASKAŅA	Opposition	Centre-left	Ločmele-LuņovaRegīna	Ločmele-Luņova, Regīna	F	-	
ParlaMint-LV-en_2020-03-05-PT13-2044	ParlaMint-LV_2020-03-05-PT13-2044-U199	Latvian parliamentary corpus ParlaMint-LV-en, 13th Term, 2020-03-05	2020-03-05	Unicameralism	13. sasaukums	-	Regulārā	2020-03-05	-	COVID	English	Chairperson	MP	notMinister	JK	Jaunā konservatīvā	Coalition	Centre-right	Beitnere-LeGallaDagmāra	Beitnere-Le Galla, Dagmāra	F	-	
ParlaMint-LV-en_2020-03-05-PT13-2044	ParlaMint-LV_2020-03-05-PT13-2044-U200	Latvian parliamentary corpus ParlaMint-LV-en, 13th Term, 2020-03-05	2020-03-05	Unicameralism	13. sasaukums	-	Regulārā	2020-03-05	-	COVID	English	Regular	notMP	notMinister	-	-	-	-	StepaņenkoJūlija	Stepaņenko, Jūlija	F	-	
ParlaMint-LV-en_2020-03-05-PT13-2044	ParlaMint-LV_2020-03-05-PT13-2044-U201	Latvian parliamentary corpus ParlaMint-LV-en, 13th Term, 2020-03-05	2020-03-05	Unicameralism	13. sasaukums	-	Regulārā	2020-03-05	-	COVID	English	Chairperson	MP	notMinister	JK	Jaunā konservatīvā	Coalition	Centre-right	Beitnere-LeGallaDagmāra	Beitnere-Le Galla, Dagmāra	F	-	
ParlaMint-LV-en_2020-03-05-PT13-2044	ParlaMint-LV_2020-03-05-PT13-2044-U202	Latvian parliamentary corpus ParlaMint-LV-en, 13th Term, 2020-03-05	2020-03-05	Unicameralism	13. sasaukums	-	Regulārā	2020-03-05	-	COVID	English	Regular	notMP	notMinister	-	-	-	-	ŠmitsDidzis	Šmits, Didzis	M	-	
ParlaMint-LV-en_2020-03-05-PT13-2044	ParlaMint-LV_2020-03-05-PT13-2044-U203	Latvian parliamentary corpus ParlaMint-LV-en, 13th Term, 2020-03-05	2020-03-05	Unicameralism	13. sasaukums	-	Regulārā	2020-03-05	-	COVID	English	Chairperson	MP	notMinister	JK	Jaunā konservatīvā	Coalition	Centre-right	Beitnere-LeGallaDagmāra	Beitnere-Le Galla, Dagmāra	F	-	
ParlaMint-LV-en_2020-03-05-PT13-2044	ParlaMint-LV_2020-03-05-PT13-2044-U204	Latvian parliamentary corpus ParlaMint-LV-en, 13th Term, 2020-03-05	2020-03-05	Unicameralism	13. sasaukums	-	Regulārā	2020-03-05	-	COVID	English	Regular	MP	notMinister	KPV-LV	Kam pieder valsts?	Coalition	Centre-right to right	GobzemsAldis	Gobzems, Aldis	M	-	
ParlaMint-LV-en_2020-03-05-PT13-2044	ParlaMint-LV_2020-03-05-PT13-2044-U205	Latvian parliamentary corpus ParlaMint-LV-en, 13th Term, 2020-03-05	2020-03-05	Unicameralism	13. sasaukums	-	Regulārā	2020-03-05	-	COVID	English	Chairperson	MP	notMinister	JK	Jaunā konservatīvā	Coalition	Centre-right	Beitnere-LeGallaDagmāra	Beitnere-Le Galla, Dagmāra	F	-	
ParlaMint-LV-en_2020-03-05-PT13-2044	ParlaMint-LV_2020-03-05-PT13-2044-U206	Latvian parliamentary corpus ParlaMint-LV-en, 13th Term, 2020-03-05	2020-03-05	Unicameralism	13. sasaukums	-	Regulārā	2020-03-05	-	COVID	English	Regular	MP	notMinister	ZZS	Zaļo un Zemnieku savienība	Opposition	Centre to centre-right	KrauzeArmands	Krauze, Armands	M	-	
ParlaMint-LV-en_2020-03-05-PT13-2044	ParlaMint-LV_2020-03-05-PT13-2044-U207	Latvian parliamentary corpus ParlaMint-LV-en, 13th Term, 2020-03-05	2020-03-05	Unicameralism	13. sasaukums	-	Regulārā	2020-03-05	-	COVID	English	Chairperson	MP	notMinister	JK	Jaunā konservatīvā	Coalition	Centre-right	Beitnere-LeGallaDagmāra	Beitnere-Le Galla, Dagmāra	F	-	
ParlaMint-LV-en_2020-03-05-PT13-2044	ParlaMint-LV_2020-03-05-PT13-2044-U208	Latvian parliamentary corpus ParlaMint-LV-en, 13th Term, 2020-03-05	2020-03-05	Unicameralism	13. sasaukums	-	Regulārā	2020-03-05	-	COVID	English	Regular	MP	notMinister	KPV-LV	Kam pieder valsts?	Coalition	Centre-right to right	GobzemsAldis	Gobzems, Aldis	M	-	
ParlaMint-LV-en_2020-03-05-PT13-2044	ParlaMint-LV_2020-03-05-PT13-2044-U209	Latvian parliamentary corpus ParlaMint-LV-en, 13th Term, 2020-03-05	2020-03-05	Unicameralism	13. sasaukums	-	Regulārā	2020-03-05	-	COVID	English	Chairperson	MP	notMinister	JK	Jaunā konservatīvā	Coalition	Centre-right	Beitnere-LeGallaDagmāra	Beitnere-Le Galla, Dagmāra	F	-	
ParlaMint-LV-en_2020-03-05-PT13-2044	ParlaMint-LV_2020-03-05-PT13-2044-U210	Latvian parliamentary corpus ParlaMint-LV-en, 13th Term, 2020-03-05	2020-03-05	Unicameralism	13. sasaukums	-	Regulārā	2020-03-05	-	COVID	English	Regular	notMP	notMinister	-	-	-	-	LiepiņaLiene	Liepiņa, Liene	F	-	
ParlaMint-LV-en_2020-03-05-PT13-2044	ParlaMint-LV_2020-03-05-PT13-2044-U211	Latvian parliamentary corpus ParlaMint-LV-en, 13th Term, 2020-03-05	2020-03-05	Unicameralism	13. sasaukums	-	Regulārā	2020-03-05	-	COVID	English	Chairperson	MP	notMinister	JK	Jaunā konservatīvā	Coalition	Centre-right	Beitnere-LeGallaDagmāra	Beitnere-Le Galla, Dagmāra	F	-	
ParlaMint-LV-en_2020-03-05-PT13-2044	ParlaMint-LV_2020-03-05-PT13-2044-U212	Latvian parliamentary corpus ParlaMint-LV-en, 13th Term, 2020-03-05	2020-03-05	Unicameralism	13. sasaukums	-	Regulārā	2020-03-05	-	COVID	English	Regular	MP	notMinister	SASKAŅA	SASKAŅA	Opposition	Centre-left	ZariņšIvars	Zariņš, Ivars	M	-	
ParlaMint-LV-en_2020-03-05-PT13-2044	ParlaMint-LV_2020-03-05-PT13-2044-U213	Latvian parliamentary corpus ParlaMint-LV-en, 13th Term, 2020-03-05	2020-03-05	Unicameralism	13. sasaukums	-	Regulārā	2020-03-05	-	COVID	English	Chairperson	MP	notMinister	JK	Jaunā konservatīvā	Coalition	Centre-right	Beitnere-LeGallaDagmāra	Beitnere-Le Galla, Dagmāra	F	-	
ParlaMint-LV-en_2020-03-05-PT13-2044	ParlaMint-LV_2020-03-05-PT13-2044-U214	Latvian parliamentary corpus ParlaMint-LV-en, 13th Term, 2020-03-05	2020-03-05	Unicameralism	13. sasaukums	-	Regulārā	2020-03-05	-	COVID	English	Regular	MP	notMinister	AP	Attīstībai/Par!	Coalition	Centre	PlešsArtūrsToms	Plešs, Artūrs Toms	M	-	
ParlaMint-LV-en_2020-03-05-PT13-2044	ParlaMint-LV_2020-03-05-PT13-2044-U215	Latvian parliamentary corpus ParlaMint-LV-en, 13th Term, 2020-03-05	2020-03-05	Unicameralism	13. sasaukums	-	Regulārā	2020-03-05	-	COVID	English	Chairperson	MP	notMinister	JK	Jaunā konservatīvā	Coalition	Centre-right	Beitnere-LeGallaDagmāra	Beitnere-Le Galla, Dagmāra	F	-	
ParlaMint-LV-en_2020-03-05-PT13-2044	ParlaMint-LV_2020-03-05-PT13-2044-U216	Latvian parliamentary corpus ParlaMint-LV-en, 13th Term, 2020-03-05	2020-03-05	Unicameralism	13. sasaukums	-	Regulārā	2020-03-05	-	COVID	English	Regular	MP	notMinister	AP	Attīstībai/Par!	Coalition	Centre	PlešsArtūrsToms	Plešs, Artūrs Toms	M	-	
ParlaMint-LV-en_2020-03-05-PT13-2044	ParlaMint-LV_2020-03-05-PT13-2044-U217	Latvian parliamentary corpus ParlaMint-LV-en, 13th Term, 2020-03-05	2020-03-05	Unicameralism	13. sasaukums	-	Regulārā	2020-03-05	-	COVID	English	Chairperson	MP	notMinister	JK	Jaunā konservatīvā	Coalition	Centre-right	Beitnere-LeGallaDagmāra	Beitnere-Le Galla, Dagmāra	F	-	
ParlaMint-LV-en_2020-03-05-PT13-2044	ParlaMint-LV_2020-03-05-PT13-2044-U218	Latvian parliamentary corpus ParlaMint-LV-en, 13th Term, 2020-03-05	2020-03-05	Unicameralism	13. sasaukums	-	Regulārā	2020-03-05	-	COVID	English	Regular	MP	notMinister	ZZS	Zaļo un Zemnieku savienība	Opposition	Centre to centre-right	ValainisViktors	Valainis, Viktors	M	-	
ParlaMint-LV-en_2020-03-05-PT13-2044	ParlaMint-LV_2020-03-05-PT13-2044-U219	Latvian parliamentary corpus ParlaMint-LV-en, 13th Term, 2020-03-05	2020-03-05	Unicameralism	13. sasaukums	-	Regulārā	2020-03-05	-	COVID	English	Chairperson	MP	notMinister	JK	Jaunā konservatīvā	Coalition	Centre-right	Beitnere-LeGallaDagmāra	Beitnere-Le Galla, Dagmāra	F	-	
ParlaMint-LV-en_2020-03-05-PT13-2044	ParlaMint-LV_2020-03-05-PT13-2044-U220	Latvian parliamentary corpus ParlaMint-LV-en, 13th Term, 2020-03-05	2020-03-05	Unicameralism	13. sasaukums	-	Regulārā	2020-03-05	-	COVID	English	Regular	MP	notMinister	ZZS	Zaļo un Zemnieku savienība	Opposition	Centre to centre-right	ValainisViktors	Valainis, Viktors	M	-	
ParlaMint-LV-en_2020-03-05-PT13-2044	ParlaMint-LV_2020-03-05-PT13-2044-U221	Latvian parliamentary corpus ParlaMint-LV-en, 13th Term, 2020-03-05	2020-03-05	Unicameralism	13. sasaukums	-	Regulārā	2020-03-05	-	COVID	English	Chairperson	MP	notMinister	JK	Jaunā konservatīvā	Coalition	Centre-right	Beitnere-LeGallaDagmāra	Beitnere-Le Galla, Dagmāra	F	-	
ParlaMint-LV-en_2020-03-05-PT13-2044	ParlaMint-LV_2020-03-05-PT13-2044-U222	Latvian parliamentary corpus ParlaMint-LV-en, 13th Term, 2020-03-05	2020-03-05	Unicameralism	13. sasaukums	-	Regulārā	2020-03-05	-	COVID	English	Regular	MP	notMinister	SASKAŅA	SASKAŅA	Opposition	Centre-left	DolgopolovsSergejs	Dolgopolovs, Sergejs	M	-	
ParlaMint-LV-en_2020-03-05-PT13-2044	ParlaMint-LV_2020-03-05-PT13-2044-U223	Latvian parliamentary corpus ParlaMint-LV-en, 13th Term, 2020-03-05	2020-03-05	Unicameralism	13. sasaukums	-	Regulārā	2020-03-05	-	COVID	English	Chairperson	MP	notMinister	JK	Jaunā konservatīvā	Coalition	Centre-right	Beitnere-LeGallaDagmāra	Beitnere-Le Galla, Dagmāra	F	-	
ParlaMint-LV-en_2020-03-05-PT13-2044	ParlaMint-LV_2020-03-05-PT13-2044-U224	Latvian parliamentary corpus ParlaMint-LV-en, 13th Term, 2020-03-05	2020-03-05	Unicameralism	13. sasaukums	-	Regulārā	2020-03-05	-	COVID	English	Regular	MP	notMinister	ZZS	Zaļo un Zemnieku savienība	Opposition	Centre to centre-right	KrauzeArmands	Krauze, Armands	M	-	
ParlaMint-LV-en_2020-03-05-PT13-2044	ParlaMint-LV_2020-03-05-PT13-2044-U225	Latvian parliamentary corpus ParlaMint-LV-en, 13th Term, 2020-03-05	2020-03-05	Unicameralism	13. sasaukums	-	Regulārā	2020-03-05	-	COVID	English	Chairperson	MP	notMinister	JK	Jaunā konservatīvā	Coalition	Centre-right	Beitnere-LeGallaDagmāra	Beitnere-Le Galla, Dagmāra	F	-	
ParlaMint-LV-en_2020-03-05-PT13-2044	ParlaMint-LV_2020-03-05-PT13-2044-U226	Latvian parliamentary corpus ParlaMint-LV-en, 13th Term, 2020-03-05	2020-03-05	Unicameralism	13. sasaukums	-	Regulārā	2020-03-05	-	COVID	English	Regular	MP	notMinister	ZZS	Zaļo un Zemnieku savienība	Opposition	Centre to centre-right	Reizniece-OzolaDana	Reizniece-Ozola, Dana	F	-	
ParlaMint-LV-en_2020-03-05-PT13-2044	ParlaMint-LV_2020-03-05-PT13-2044-U227	Latvian parliamentary corpus ParlaMint-LV-en, 13th Term, 2020-03-05	2020-03-05	Unicameralism	13. sasaukums	-	Regulārā	2020-03-05	-	COVID	English	Chairperson	MP	notMinister	JK	Jaunā konservatīvā	Coalition	Centre-right	Beitnere-LeGallaDagmāra	Beitnere-Le Galla, Dagmāra	F	-	
ParlaMint-LV-en_2020-03-05-PT13-2044	ParlaMint-LV_2020-03-05-PT13-2044-U228	Latvian parliamentary corpus ParlaMint-LV-en, 13th Term, 2020-03-05	2020-03-05	Unicameralism	13. sasaukums	-	Regulārā	2020-03-05	-	COVID	English	Regular	notMP	notMinister	-	-	-	-	ŠmitsDidzis	Šmits, Didzis	M	-	
ParlaMint-LV-en_2020-03-05-PT13-2044	ParlaMint-LV_2020-03-05-PT13-2044-U229	Latvian parliamentary corpus ParlaMint-LV-en, 13th Term, 2020-03-05	2020-03-05	Unicameralism	13. sasaukums	-	Regulārā	2020-03-05	-	COVID	English	Chairperson	MP	notMinister	JK	Jaunā konservatīvā	Coalition	Centre-right	Beitnere-LeGallaDagmāra	Beitnere-Le Galla, Dagmāra	F	-	
ParlaMint-LV-en_2020-03-05-PT13-2044	ParlaMint-LV_2020-03-05-PT13-2044-U230	Latvian parliamentary corpus ParlaMint-LV-en, 13th Term, 2020-03-05	2020-03-05	Unicameralism	13. sasaukums	-	Regulārā	2020-03-05	-	COVID	English	Guest	MP	notMinister	AP	Attīstībai/Par!	Coalition	Centre	GolubevaMarija	Golubeva, Marija	F	-	
ParlaMint-LV-en_2020-03-05-PT13-2044	ParlaMint-LV_2020-03-05-PT13-2044-U231	Latvian parliamentary corpus ParlaMint-LV-en, 13th Term, 2020-03-05	2020-03-05	Unicameralism	13. sasaukums	-	Regulārā	2020-03-05	-	COVID	English	Chairperson	MP	notMinister	JK	Jaunā konservatīvā	Coalition	Centre-right	Beitnere-LeGallaDagmāra	Beitnere-Le Galla, Dagmāra	F	-	
ParlaMint-LV-en_2020-03-05-PT13-2044	ParlaMint-LV_2020-03-05-PT13-2044-U232	Latvian parliamentary corpus ParlaMint-LV-en, 13th Term, 2020-03-05	2020-03-05	Unicameralism	13. sasaukums	-	Regulārā	2020-03-05	-	COVID	English	Regular	MP	notMinister	NA	Nacionālā apvienība "Visu Latvijai!"–"Tēvzemei un Brīvībai/LNNK"	Coalition	Right	DombravaJānis	Dombrava, Jānis	M	-	
ParlaMint-LV-en_2020-03-05-PT13-2044	ParlaMint-LV_2020-03-05-PT13-2044-U233	Latvian parliamentary corpus ParlaMint-LV-en, 13th Term, 2020-03-05	2020-03-05	Unicameralism	13. sasaukums	-	Regulārā	2020-03-05	-	COVID	English	Chairperson	MP	notMinister	JK	Jaunā konservatīvā	Coalition	Centre-right	Beitnere-LeGallaDagmāra	Beitnere-Le Galla, Dagmāra	F	-	
ParlaMint-LV-en_2020-03-05-PT13-2044	ParlaMint-LV_2020-03-05-PT13-2044-U234	Latvian parliamentary corpus ParlaMint-LV-en, 13th Term, 2020-03-05	2020-03-05	Unicameralism	13. sasaukums	-	Regulārā	2020-03-05	-	COVID	English	Regular	MP	notMinister	ZZS	Zaļo un Zemnieku savienība	Opposition	Centre to centre-right	ValainisViktors	Valainis, Viktors	M	-	
ParlaMint-LV-en_2020-03-05-PT13-2044	ParlaMint-LV_2020-03-05-PT13-2044-U235	Latvian parliamentary corpus ParlaMint-LV-en, 13th Term, 2020-03-05	2020-03-05	Unicameralism	13. sasaukums	-	Regulārā	2020-03-05	-	COVID	English	Chairperson	MP	notMinister	JK	Jaunā konservatīvā	Coalition	Centre-right	Beitnere-LeGallaDagmāra	Beitnere-Le Galla, Dagmāra	F	-	
ParlaMint-LV-en_2020-03-05-PT13-2044	ParlaMint-LV_2020-03-05-PT13-2044-U236	Latvian parliamentary corpus ParlaMint-LV-en, 13th Term, 2020-03-05	2020-03-05	Unicameralism	13. sasaukums	-	Regulārā	2020-03-05	-	COVID	English	Regular	notMP	notMinister	-	-	-	-	ŠmitsDidzis	Šmits, Didzis	M	-	
ParlaMint-LV-en_2020-03-05-PT13-2044	ParlaMint-LV_2020-03-05-PT13-2044-U237	Latvian parliamentary corpus ParlaMint-LV-en, 13th Term, 2020-03-05	2020-03-05	Unicameralism	13. sasaukums	-	Regulārā	2020-03-05	-	COVID	English	Chairperson	MP	notMinister	JK	Jaunā konservatīvā	Coalition	Centre-right	Beitnere-LeGallaDagmāra	Beitnere-Le Galla, Dagmāra	F	-	
ParlaMint-LV-en_2020-03-05-PT13-2044	ParlaMint-LV_2020-03-05-PT13-2044-U238	Latvian parliamentary corpus ParlaMint-LV-en, 13th Term, 2020-03-05	2020-03-05	Unicameralism	13. sasaukums	-	Regulārā	2020-03-05	-	COVID	English	Regular	MP	notMinister	AP	Attīstībai/Par!	Coalition	Centre	PlešsArtūrsToms	Plešs, Artūrs Toms	M	-	
ParlaMint-LV-en_2020-03-05-PT13-2044	ParlaMint-LV_2020-03-05-PT13-2044-U239	Latvian parliamentary corpus ParlaMint-LV-en, 13th Term, 2020-03-05	2020-03-05	Unicameralism	13. sasaukums	-	Regulārā	2020-03-05	-	COVID	English	Chairperson	MP	notMinister	JK	Jaunā konservatīvā	Coalition	Centre-right	Beitnere-LeGallaDagmāra	Beitnere-Le Galla, Dagmāra	F	-	
ParlaMint-LV-en_2020-03-05-PT13-2044	ParlaMint-LV_2020-03-05-PT13-2044-U240	Latvian parliamentary corpus ParlaMint-LV-en, 13th Term, 2020-03-05	2020-03-05	Unicameralism	13. sasaukums	-	Regulārā	2020-03-05	-	COVID	English	Regular	MP	notMinister	AP	Attīstībai/Par!	Coalition	Centre	PlešsArtūrsToms	Plešs, Artūrs Toms	M	-	
ParlaMint-LV-en_2020-03-05-PT13-2044	ParlaMint-LV_2020-03-05-PT13-2044-U241	Latvian parliamentary corpus ParlaMint-LV-en, 13th Term, 2020-03-05	2020-03-05	Unicameralism	13. sasaukums	-	Regulārā	2020-03-05	-	COVID	English	Chairperson	MP	notMinister	JK	Jaunā konservatīvā	Coalition	Centre-right	Beitnere-LeGallaDagmāra	Beitnere-Le Galla, Dagmāra	F	-	
ParlaMint-LV-en_2020-03-05-PT13-2044	ParlaMint-LV_2020-03-05-PT13-2044-U242	Latvian parliamentary corpus ParlaMint-LV-en, 13th Term, 2020-03-05	2020-03-05	Unicameralism	13. sasaukums	-	Regulārā	2020-03-05	-	COVID	English	Regular	MP	notMinister	ZZS	Zaļo un Zemnieku savienība	Opposition	Centre to centre-right	VucānsJānis	Vucāns, Jānis	M	-	
ParlaMint-LV-en_2020-03-05-PT13-2044	ParlaMint-LV_2020-03-05-PT13-2044-U243	Latvian parliamentary corpus ParlaMint-LV-en, 13th Term, 2020-03-05	2020-03-05	Unicameralism	13. sasaukums	-	Regulārā	2020-03-05	-	COVID	English	Chairperson	MP	notMinister	JK	Jaunā konservatīvā	Coalition	Centre-right	Beitnere-LeGallaDagmāra	Beitnere-Le Galla, Dagmāra	F	-	
ParlaMint-LV-en_2020-03-05-PT13-2044	ParlaMint-LV_2020-03-05-PT13-2044-U244	Latvian parliamentary corpus ParlaMint-LV-en, 13th Term, 2020-03-05	2020-03-05	Unicameralism	13. sasaukums	-	Regulārā	2020-03-05	-	COVID	English	Regular	MP	notMinister	ZZS	Zaļo un Zemnieku savienība	Opposition	Centre to centre-right	VucānsJānis	Vucāns, Jānis	M	-	
ParlaMint-LV-en_2020-03-05-PT13-2044	ParlaMint-LV_2020-03-05-PT13-2044-U245	Latvian parliamentary corpus ParlaMint-LV-en, 13th Term, 2020-03-05	2020-03-05	Unicameralism	13. sasaukums	-	Regulārā	2020-03-05	-	COVID	English	Chairperson	MP	notMinister	JK	Jaunā konservatīvā	Coalition	Centre-right	Beitnere-LeGallaDagmāra	Beitnere-Le Galla, Dagmāra	F	-	
ParlaMint-LV-en_2020-03-05-PT13-2044	ParlaMint-LV_2020-03-05-PT13-2044-U246	Latvian parliamentary corpus ParlaMint-LV-en, 13th Term, 2020-03-05	2020-03-05	Unicameralism	13. sasaukums	-	Regulārā	2020-03-05	-	COVID	English	Regular	MP	notMinister	JK	Jaunā konservatīvā	Coalition	Centre-right	KazinovskisAndris	Kazinovskis, Andris	M	-	
ParlaMint-LV-en_2020-03-05-PT13-2044	ParlaMint-LV_2020-03-05-PT13-2044-U247	Latvian parliamentary corpus ParlaMint-LV-en, 13th Term, 2020-03-05	2020-03-05	Unicameralism	13. sasaukums	-	Regulārā	2020-03-05	-	COVID	English	Chairperson	MP	notMinister	JK	Jaunā konservatīvā	Coalition	Centre-right	Beitnere-LeGallaDagmāra	Beitnere-Le Galla, Dagmāra	F	-	
ParlaMint-LV-en_2020-03-05-PT13-2044	ParlaMint-LV_2020-03-05-PT13-2044-U248	Latvian parliamentary corpus ParlaMint-LV-en, 13th Term, 2020-03-05	2020-03-05	Unicameralism	13. sasaukums	-	Regulārā	2020-03-05	-	COVID	English	Regular	MP	notMinister	SASKAŅA	SASKAŅA	Opposition	Centre-left	DolgopolovsSergejs	Dolgopolovs, Sergejs	M	-	
ParlaMint-LV-en_2020-03-05-PT13-2044	ParlaMint-LV_2020-03-05-PT13-2044-U249	Latvian parliamentary corpus ParlaMint-LV-en, 13th Term, 2020-03-05	2020-03-05	Unicameralism	13. sasaukums	-	Regulārā	2020-03-05	-	COVID	English	Chairperson	MP	notMinister	JK	Jaunā konservatīvā	Coalition	Centre-right	Beitnere-LeGallaDagmāra	Beitnere-Le Galla, Dagmāra	F	-	
ParlaMint-LV-en_2020-03-05-PT13-2044	ParlaMint-LV_2020-03-05-PT13-2044-U250	Latvian parliamentary corpus ParlaMint-LV-en, 13th Term, 2020-03-05	2020-03-05	Unicameralism	13. sasaukums	-	Regulārā	2020-03-05	-	COVID	English	Regular	MP	notMinister	ZZS	Zaļo un Zemnieku savienība	Opposition	Centre to centre-right	ValainisViktors	Valainis, Viktors	M	-	
ParlaMint-LV-en_2020-03-05-PT13-2044	ParlaMint-LV_2020-03-05-PT13-2044-U251	Latvian parliamentary corpus ParlaMint-LV-en, 13th Term, 2020-03-05	2020-03-05	Unicameralism	13. sasaukums	-	Regulārā	2020-03-05	-	COVID	English	Chairperson	MP	notMinister	JK	Jaunā konservatīvā	Coalition	Centre-right	Beitnere-LeGallaDagmāra	Beitnere-Le Galla, Dagmāra	F	-	
ParlaMint-LV-en_2020-03-05-PT13-2044	ParlaMint-LV_2020-03-05-PT13-2044-U252	Latvian parliamentary corpus ParlaMint-LV-en, 13th Term, 2020-03-05	2020-03-05	Unicameralism	13. sasaukums	-	Regulārā	2020-03-05	-	COVID	English	Regular	MP	notMinister	AP	Attīstībai/Par!	Coalition	Centre	PlešsArtūrsToms	Plešs, Artūrs Toms	M	-	
ParlaMint-LV-en_2020-03-05-PT13-2044	ParlaMint-LV_2020-03-05-PT13-2044-U253	Latvian parliamentary corpus ParlaMint-LV-en, 13th Term, 2020-03-05	2020-03-05	Unicameralism	13. sasaukums	-	Regulārā	2020-03-05	-	COVID	English	Chairperson	MP	notMinister	JK	Jaunā konservatīvā	Coalition	Centre-right	Beitnere-LeGallaDagmāra	Beitnere-Le Galla, Dagmāra	F	-	
ParlaMint-LV-en_2020-03-05-PT13-2044	ParlaMint-LV_2020-03-05-PT13-2044-U254	Latvian parliamentary corpus ParlaMint-LV-en, 13th Term, 2020-03-05	2020-03-05	Unicameralism	13. sasaukums	-	Regulārā	2020-03-05	-	COVID	English	Regular	MP	notMinister	AP	Attīstībai/Par!	Coalition	Centre	PlešsArtūrsToms	Plešs, Artūrs Toms	M	-	
ParlaMint-LV-en_2020-03-05-PT13-2044	ParlaMint-LV_2020-03-05-PT13-2044-U255	Latvian parliamentary corpus ParlaMint-LV-en, 13th Term, 2020-03-05	2020-03-05	Unicameralism	13. sasaukums	-	Regulārā	2020-03-05	-	COVID	English	Chairperson	MP	notMinister	JK	Jaunā konservatīvā	Coalition	Centre-right	Beitnere-LeGallaDagmāra	Beitnere-Le Galla, Dagmāra	F	-	
ParlaMint-LV-en_2020-03-05-PT13-2044	ParlaMint-LV_2020-03-05-PT13-2044-U256	Latvian parliamentary corpus ParlaMint-LV-en, 13th Term, 2020-03-05	2020-03-05	Unicameralism	13. sasaukums	-	Regulārā	2020-03-05	-	COVID	English	Regular	MP	notMinister	AP	Attīstībai/Par!	Coalition	Centre	PlešsArtūrsToms	Plešs, Artūrs Toms	M	-	
ParlaMint-LV-en_2020-03-05-PT13-2044	ParlaMint-LV_2020-03-05-PT13-2044-U257	Latvian parliamentary corpus ParlaMint-LV-en, 13th Term, 2020-03-05	2020-03-05	Unicameralism	13. sasaukums	-	Regulārā	2020-03-05	-	COVID	English	Chairperson	MP	notMinister	JK	Jaunā konservatīvā	Coalition	Centre-right	Beitnere-LeGallaDagmāra	Beitnere-Le Galla, Dagmāra	F	-	
ParlaMint-LV-en_2020-03-05-PT13-2044	ParlaMint-LV_2020-03-05-PT13-2044-U258	Latvian parliamentary corpus ParlaMint-LV-en, 13th Term, 2020-03-05	2020-03-05	Unicameralism	13. sasaukums	-	Regulārā	2020-03-05	-	COVID	English	Regular	MP	notMinister	AP	Attīstībai/Par!	Coalition	Centre	PlešsArtūrsToms	Plešs, Artūrs Toms	M	-	
ParlaMint-LV-en_2020-03-05-PT13-2044	ParlaMint-LV_2020-03-05-PT13-2044-U259	Latvian parliamentary corpus ParlaMint-LV-en, 13th Term, 2020-03-05	2020-03-05	Unicameralism	13. sasaukums	-	Regulārā	2020-03-05	-	COVID	English	Chairperson	MP	notMinister	JK	Jaunā konservatīvā	Coalition	Centre-right	Beitnere-LeGallaDagmāra	Beitnere-Le Galla, Dagmāra	F	-	
ParlaMint-LV-en_2020-03-05-PT13-2044	ParlaMint-LV_2020-03-05-PT13-2044-U260	Latvian parliamentary corpus ParlaMint-LV-en, 13th Term, 2020-03-05	2020-03-05	Unicameralism	13. sasaukums	-	Regulārā	2020-03-05	-	COVID	English	Regular	MP	notMinister	AP	Attīstībai/Par!	Coalition	Centre	PlešsArtūrsToms	Plešs, Artūrs Toms	M	-	
ParlaMint-LV-en_2020-03-05-PT13-2044	ParlaMint-LV_2020-03-05-PT13-2044-U261	Latvian parliamentary corpus ParlaMint-LV-en, 13th Term, 2020-03-05	2020-03-05	Unicameralism	13. sasaukums	-	Regulārā	2020-03-05	-	COVID	English	Chairperson	MP	notMinister	JK	Jaunā konservatīvā	Coalition	Centre-right	Beitnere-LeGallaDagmāra	Beitnere-Le Galla, Dagmāra	F	-	
ParlaMint-LV-en_2020-03-05-PT13-2044	ParlaMint-LV_2020-03-05-PT13-2044-U262	Latvian parliamentary corpus ParlaMint-LV-en, 13th Term, 2020-03-05	2020-03-05	Unicameralism	13. sasaukums	-	Regulārā	2020-03-05	-	COVID	English	Regular	MP	notMinister	NA	Nacionālā apvienība "Visu Latvijai!"–"Tēvzemei un Brīvībai/LNNK"	Coalition	Right	KiršteinsAleksandrs	Kiršteins, Aleksandrs	M	-	
ParlaMint-LV-en_2020-03-05-PT13-2044	ParlaMint-LV_2020-03-05-PT13-2044-U263	Latvian parliamentary corpus ParlaMint-LV-en, 13th Term, 2020-03-05	2020-03-05	Unicameralism	13. sasaukums	-	Regulārā	2020-03-05	-	COVID	English	Chairperson	MP	notMinister	JK	Jaunā konservatīvā	Coalition	Centre-right	Beitnere-LeGallaDagmāra	Beitnere-Le Galla, Dagmāra	F	-	
ParlaMint-LV-en_2020-03-05-PT13-2044	ParlaMint-LV_2020-03-05-PT13-2044-U264	Latvian parliamentary corpus ParlaMint-LV-en, 13th Term, 2020-03-05	2020-03-05	Unicameralism	13. sasaukums	-	Regulārā	2020-03-05	-	COVID	English	Regular	MP	notMinister	KPV-LV	Kam pieder valsts?	Coalition	Centre-right to right	GobzemsAldis	Gobzems, Aldis	M	-	
ParlaMint-LV-en_2020-03-05-PT13-2044	ParlaMint-LV_2020-03-05-PT13-2044-U265	Latvian parliamentary corpus ParlaMint-LV-en, 13th Term, 2020-03-05	2020-03-05	Unicameralism	13. sasaukums	-	Regulārā	2020-03-05	-	COVID	English	Chairperson	MP	notMinister	JK	Jaunā konservatīvā	Coalition	Centre-right	Beitnere-LeGallaDagmāra	Beitnere-Le Galla, Dagmāra	F	-	
ParlaMint-LV-en_2020-03-05-PT13-2044	ParlaMint-LV_2020-03-05-PT13-2044-U266	Latvian parliamentary corpus ParlaMint-LV-en, 13th Term, 2020-03-05	2020-03-05	Unicameralism	13. sasaukums	-	Regulārā	2020-03-05	-	COVID	English	Regular	MP	notMinister	SASKAŅA	SASKAŅA	Opposition	Centre-left	DolgopolovsSergejs	Dolgopolovs, Sergejs	M	-	
ParlaMint-LV-en_2020-03-05-PT13-2044	ParlaMint-LV_2020-03-05-PT13-2044-U267	Latvian parliamentary corpus ParlaMint-LV-en, 13th Term, 2020-03-05	2020-03-05	Unicameralism	13. sasaukums	-	Regulārā	2020-03-05	-	COVID	English	Chairperson	MP	notMinister	JK	Jaunā konservatīvā	Coalition	Centre-right	Beitnere-LeGallaDagmāra	Beitnere-Le Galla, Dagmāra	F	-	
ParlaMint-LV-en_2020-03-05-PT13-2044	ParlaMint-LV_2020-03-05-PT13-2044-U268	Latvian parliamentary corpus ParlaMint-LV-en, 13th Term, 2020-03-05	2020-03-05	Unicameralism	13. sasaukums	-	Regulārā	2020-03-05	-	COVID	English	Regular	MP	notMinister	ZZS	Zaļo un Zemnieku savienība	Opposition	Centre to centre-right	ValainisViktors	Valainis, Viktors	M	-	
ParlaMint-LV-en_2020-03-05-PT13-2044	ParlaMint-LV_2020-03-05-PT13-2044-U269	Latvian parliamentary corpus ParlaMint-LV-en, 13th Term, 2020-03-05	2020-03-05	Unicameralism	13. sasaukums	-	Regulārā	2020-03-05	-	COVID	English	Chairperson	MP	notMinister	JK	Jaunā konservatīvā	Coalition	Centre-right	Beitnere-LeGallaDagmāra	Beitnere-Le Galla, Dagmāra	F	-	
ParlaMint-LV-en_2020-03-05-PT13-2044	ParlaMint-LV_2020-03-05-PT13-2044-U270	Latvian parliamentary corpus ParlaMint-LV-en, 13th Term, 2020-03-05	2020-03-05	Unicameralism	13. sasaukums	-	Regulārā	2020-03-05	-	COVID	English	Regular	MP	notMinister	ZZS	Zaļo un Zemnieku savienība	Opposition	Centre to centre-right	KrauzeArmands	Krauze, Armands	M	-	
ParlaMint-LV-en_2020-03-05-PT13-2044	ParlaMint-LV_2020-03-05-PT13-2044-U271	Latvian parliamentary corpus ParlaMint-LV-en, 13th Term, 2020-03-05	2020-03-05	Unicameralism	13. sasaukums	-	Regulārā	2020-03-05	-	COVID	English	Chairperson	MP	notMinister	JK	Jaunā konservatīvā	Coalition	Centre-right	Beitnere-LeGallaDagmāra	Beitnere-Le Galla, Dagmāra	F	-	
ParlaMint-LV-en_2020-03-05-PT13-2044	ParlaMint-LV_2020-03-05-PT13-2044-U272	Latvian parliamentary corpus ParlaMint-LV-en, 13th Term, 2020-03-05	2020-03-05	Unicameralism	13. sasaukums	-	Regulārā	2020-03-05	-	COVID	English	Regular	MP	notMinister	ZZS	Zaļo un Zemnieku savienība	Opposition	Centre to centre-right	Reizniece-OzolaDana	Reizniece-Ozola, Dana	F	-	
ParlaMint-LV-en_2020-03-05-PT13-2044	ParlaMint-LV_2020-03-05-PT13-2044-U273	Latvian parliamentary corpus ParlaMint-LV-en, 13th Term, 2020-03-05	2020-03-05	Unicameralism	13. sasaukums	-	Regulārā	2020-03-05	-	COVID	English	Chairperson	MP	notMinister	JK	Jaunā konservatīvā	Coalition	Centre-right	Beitnere-LeGallaDagmāra	Beitnere-Le Galla, Dagmāra	F	-	
ParlaMint-LV-en_2020-03-05-PT13-2044	ParlaMint-LV_2020-03-05-PT13-2044-U274	Latvian parliamentary corpus ParlaMint-LV-en, 13th Term, 2020-03-05	2020-03-05	Unicameralism	13. sasaukums	-	Regulārā	2020-03-05	-	COVID	English	Regular	MP	notMinister	AP	Attīstībai/Par!	Coalition	Centre	BondarsMārtiņš	Bondars, Mārtiņš	M	-	
ParlaMint-LV-en_2020-03-05-PT13-2044	ParlaMint-LV_2020-03-05-PT13-2044-U275	Latvian parliamentary corpus ParlaMint-LV-en, 13th Term, 2020-03-05	2020-03-05	Unicameralism	13. sasaukums	-	Regulārā	2020-03-05	-	COVID	English	Chairperson	MP	notMinister	JK	Jaunā konservatīvā	Coalition	Centre-right	Beitnere-LeGallaDagmāra	Beitnere-Le Galla, Dagmāra	F	-	
ParlaMint-LV-en_2020-03-05-PT13-2044	ParlaMint-LV_2020-03-05-PT13-2044-U276	Latvian parliamentary corpus ParlaMint-LV-en, 13th Term, 2020-03-05	2020-03-05	Unicameralism	13. sasaukums	-	Regulārā	2020-03-05	-	COVID	English	Regular	MP	notMinister	JK	Jaunā konservatīvā	Coalition	Centre-right	KazinovskisAndris	Kazinovskis, Andris	M	-	
ParlaMint-LV-en_2020-03-05-PT13-2044	ParlaMint-LV_2020-03-05-PT13-2044-U277	Latvian parliamentary corpus ParlaMint-LV-en, 13th Term, 2020-03-05	2020-03-05	Unicameralism	13. sasaukums	-	Regulārā	2020-03-05	-	COVID	English	Chairperson	MP	notMinister	JK	Jaunā konservatīvā	Coalition	Centre-right	Beitnere-LeGallaDagmāra	Beitnere-Le Galla, Dagmāra	F	-	
ParlaMint-LV-en_2020-03-05-PT13-2044	ParlaMint-LV_2020-03-05-PT13-2044-U278	Latvian parliamentary corpus ParlaMint-LV-en, 13th Term, 2020-03-05	2020-03-05	Unicameralism	13. sasaukums	-	Regulārā	2020-03-05	-	COVID	English	Regular	MP	notMinister	AP	Attīstībai/Par!	Coalition	Centre	PlešsArtūrsToms	Plešs, Artūrs Toms	M	-	
ParlaMint-LV-en_2020-03-05-PT13-2044	ParlaMint-LV_2020-03-05-PT13-2044-U279	Latvian parliamentary corpus ParlaMint-LV-en, 13th Term, 2020-03-05	2020-03-05	Unicameralism	13. sasaukums	-	Regulārā	2020-03-05	-	COVID	English	Chairperson	MP	notMinister	JK	Jaunā konservatīvā	Coalition	Centre-right	Beitnere-LeGallaDagmāra	Beitnere-Le Galla, Dagmāra	F	-	
ParlaMint-LV-en_2020-03-05-PT13-2044	ParlaMint-LV_2020-03-05-PT13-2044-U280	Latvian parliamentary corpus ParlaMint-LV-en, 13th Term, 2020-03-05	2020-03-05	Unicameralism	13. sasaukums	-	Regulārā	2020-03-05	-	COVID	English	Regular	MP	notMinister	NA	Nacionālā apvienība "Visu Latvijai!"–"Tēvzemei un Brīvībai/LNNK"	Coalition	Right	KiršteinsAleksandrs	Kiršteins, Aleksandrs	M	-	
ParlaMint-LV-en_2020-03-05-PT13-2044	ParlaMint-LV_2020-03-05-PT13-2044-U281	Latvian parliamentary corpus ParlaMint-LV-en, 13th Term, 2020-03-05	2020-03-05	Unicameralism	13. sasaukums	-	Regulārā	2020-03-05	-	COVID	English	Chairperson	MP	notMinister	JK	Jaunā konservatīvā	Coalition	Centre-right	Beitnere-LeGallaDagmāra	Beitnere-Le Galla, Dagmāra	F	-	
ParlaMint-LV-en_2020-03-05-PT13-2044	ParlaMint-LV_2020-03-05-PT13-2044-U282	Latvian parliamentary corpus ParlaMint-LV-en, 13th Term, 2020-03-05	2020-03-05	Unicameralism	13. sasaukums	-	Regulārā	2020-03-05	-	COVID	English	Regular	MP	notMinister	NA	Nacionālā apvienība "Visu Latvijai!"–"Tēvzemei un Brīvībai/LNNK"	Coalition	Right	KiršteinsAleksandrs	Kiršteins, Aleksandrs	M	-	
ParlaMint-LV-en_2020-03-05-PT13-2044	ParlaMint-LV_2020-03-05-PT13-2044-U283	Latvian parliamentary corpus ParlaMint-LV-en, 13th Term, 2020-03-05	2020-03-05	Unicameralism	13. sasaukums	-	Regulārā	2020-03-05	-	COVID	English	Chairperson	MP	notMinister	JK	Jaunā konservatīvā	Coalition	Centre-right	Beitnere-LeGallaDagmāra	Beitnere-Le Galla, Dagmāra	F	-	
ParlaMint-LV-en_2020-03-05-PT13-2044	ParlaMint-LV_2020-03-05-PT13-2044-U284	Latvian parliamentary corpus ParlaMint-LV-en, 13th Term, 2020-03-05	2020-03-05	Unicameralism	13. sasaukums	-	Regulārā	2020-03-05	-	COVID	English	Regular	notMP	notMinister	-	-	-	-	ŠmitsDidzis	Šmits, Didzis	M	-	
ParlaMint-LV-en_2020-03-05-PT13-2044	ParlaMint-LV_2020-03-05-PT13-2044-U285	Latvian parliamentary corpus ParlaMint-LV-en, 13th Term, 2020-03-05	2020-03-05	Unicameralism	13. sasaukums	-	Regulārā	2020-03-05	-	COVID	English	Chairperson	MP	notMinister	JK	Jaunā konservatīvā	Coalition	Centre-right	Beitnere-LeGallaDagmāra	Beitnere-Le Galla, Dagmāra	F	-	
ParlaMint-LV-en_2020-03-05-PT13-2044	ParlaMint-LV_2020-03-05-PT13-2044-U286	Latvian parliamentary corpus ParlaMint-LV-en, 13th Term, 2020-03-05	2020-03-05	Unicameralism	13. sasaukums	-	Regulārā	2020-03-05	-	COVID	English	Regular	MP	notMinister	ZZS	Zaļo un Zemnieku savienība	Opposition	Centre to centre-right	KučinskisMāris	Kučinskis, Māris	M	-	
ParlaMint-LV-en_2020-03-05-PT13-2044	ParlaMint-LV_2020-03-05-PT13-2044-U287	Latvian parliamentary corpus ParlaMint-LV-en, 13th Term, 2020-03-05	2020-03-05	Unicameralism	13. sasaukums	-	Regulārā	2020-03-05	-	COVID	English	Chairperson	MP	notMinister	JK	Jaunā konservatīvā	Coalition	Centre-right	Beitnere-LeGallaDagmāra	Beitnere-Le Galla, Dagmāra	F	-	
ParlaMint-LV-en_2020-03-05-PT13-2044	ParlaMint-LV_2020-03-05-PT13-2044-U288	Latvian parliamentary corpus ParlaMint-LV-en, 13th Term, 2020-03-05	2020-03-05	Unicameralism	13. sasaukums	-	Regulārā	2020-03-05	-	COVID	English	Regular	MP	notMinister	SASKAŅA	SASKAŅA	Opposition	Centre-left	DombrovskisVjačeslavs	Dombrovskis, Vjačeslavs	M	-	
ParlaMint-LV-en_2020-03-05-PT13-2044	ParlaMint-LV_2020-03-05-PT13-2044-U289	Latvian parliamentary corpus ParlaMint-LV-en, 13th Term, 2020-03-05	2020-03-05	Unicameralism	13. sasaukums	-	Regulārā	2020-03-05	-	COVID	English	Chairperson	MP	notMinister	JK	Jaunā konservatīvā	Coalition	Centre-right	Beitnere-LeGallaDagmāra	Beitnere-Le Galla, Dagmāra	F	-	
ParlaMint-LV-en_2020-03-05-PT13-2044	ParlaMint-LV_2020-03-05-PT13-2044-U290	Latvian parliamentary corpus ParlaMint-LV-en, 13th Term, 2020-03-05	2020-03-05	Unicameralism	13. sasaukums	-	Regulārā	2020-03-05	-	COVID	English	Regular	MP	notMinister	KPV-LV	Kam pieder valsts?	Coalition	Centre-right to right	GobzemsAldis	Gobzems, Aldis	M	-	
ParlaMint-LV-en_2020-03-05-PT13-2044	ParlaMint-LV_2020-03-05-PT13-2044-U291	Latvian parliamentary corpus ParlaMint-LV-en, 13th Term, 2020-03-05	2020-03-05	Unicameralism	13. sasaukums	-	Regulārā	2020-03-05	-	COVID	English	Chairperson	MP	notMinister	JK	Jaunā konservatīvā	Coalition	Centre-right	Beitnere-LeGallaDagmāra	Beitnere-Le Galla, Dagmāra	F	-	
ParlaMint-LV-en_2020-03-05-PT13-2044	ParlaMint-LV_2020-03-05-PT13-2044-U292	Latvian parliamentary corpus ParlaMint-LV-en, 13th Term, 2020-03-05	2020-03-05	Unicameralism	13. sasaukums	-	Regulārā	2020-03-05	-	COVID	English	Regular	MP	notMinister	SASKAŅA	SASKAŅA	Opposition	Centre-left	DolgopolovsSergejs	Dolgopolovs, Sergejs	M	-	
ParlaMint-LV-en_2020-03-05-PT13-2044	ParlaMint-LV_2020-03-05-PT13-2044-U293	Latvian parliamentary corpus ParlaMint-LV-en, 13th Term, 2020-03-05	2020-03-05	Unicameralism	13. sasaukums	-	Regulārā	2020-03-05	-	COVID	English	Chairperson	MP	notMinister	JK	Jaunā konservatīvā	Coalition	Centre-right	Beitnere-LeGallaDagmāra	Beitnere-Le Galla, Dagmāra	F	-	
ParlaMint-LV-en_2020-03-05-PT13-2044	ParlaMint-LV_2020-03-05-PT13-2044-U294	Latvian parliamentary corpus ParlaMint-LV-en, 13th Term, 2020-03-05	2020-03-05	Unicameralism	13. sasaukums	-	Regulārā	2020-03-05	-	COVID	English	Regular	MP	notMinister	AP	Attīstībai/Par!	Coalition	Centre	BondarsMārtiņš	Bondars, Mārtiņš	M	-	
ParlaMint-LV-en_2020-03-05-PT13-2044	ParlaMint-LV_2020-03-05-PT13-2044-U295	Latvian parliamentary corpus ParlaMint-LV-en, 13th Term, 2020-03-05	2020-03-05	Unicameralism	13. sasaukums	-	Regulārā	2020-03-05	-	COVID	English	Chairperson	MP	notMinister	JK	Jaunā konservatīvā	Coalition	Centre-right	Beitnere-LeGallaDagmāra	Beitnere-Le Galla, Dagmāra	F	-	
ParlaMint-LV-en_2020-03-05-PT13-2044	ParlaMint-LV_2020-03-05-PT13-2044-U296	Latvian parliamentary corpus ParlaMint-LV-en, 13th Term, 2020-03-05	2020-03-05	Unicameralism	13. sasaukums	-	Regulārā	2020-03-05	-	COVID	English	Regular	MP	notMinister	SASKAŅA	SASKAŅA	Opposition	Centre-left	Ločmele-LuņovaRegīna	Ločmele-Luņova, Regīna	F	-	
ParlaMint-LV-en_2020-03-05-PT13-2044	ParlaMint-LV_2020-03-05-PT13-2044-U297	Latvian parliamentary corpus ParlaMint-LV-en, 13th Term, 2020-03-05	2020-03-05	Unicameralism	13. sasaukums	-	Regulārā	2020-03-05	-	COVID	English	Chairperson	MP	notMinister	JK	Jaunā konservatīvā	Coalition	Centre-right	Beitnere-LeGallaDagmāra	Beitnere-Le Galla, Dagmāra	F	-	
ParlaMint-LV-en_2020-03-05-PT13-2044	ParlaMint-LV_2020-03-05-PT13-2044-U298	Latvian parliamentary corpus ParlaMint-LV-en, 13th Term, 2020-03-05	2020-03-05	Unicameralism	13. sasaukums	-	Regulārā	2020-03-05	-	COVID	English	Regular	MP	notMinister	ZZS	Zaļo un Zemnieku savienība	Opposition	Centre to centre-right	ValainisViktors	Valainis, Viktors	M	-	
ParlaMint-LV-en_2020-03-05-PT13-2044	ParlaMint-LV_2020-03-05-PT13-2044-U299	Latvian parliamentary corpus ParlaMint-LV-en, 13th Term, 2020-03-05	2020-03-05	Unicameralism	13. sasaukums	-	Regulārā	2020-03-05	-	COVID	English	Chairperson	MP	notMinister	JK	Jaunā konservatīvā	Coalition	Centre-right	Beitnere-LeGallaDagmāra	Beitnere-Le Galla, Dagmāra	F	-	
ParlaMint-LV-en_2020-03-05-PT13-2044	ParlaMint-LV_2020-03-05-PT13-2044-U300	Latvian parliamentary corpus ParlaMint-LV-en, 13th Term, 2020-03-05	2020-03-05	Unicameralism	13. sasaukums	-	Regulārā	2020-03-05	-	COVID	English	Regular	notMP	notMinister	-	-	-	-	ŠmitsDidzis	Šmits, Didzis	M	-	
ParlaMint-LV-en_2020-03-05-PT13-2044	ParlaMint-LV_2020-03-05-PT13-2044-U301	Latvian parliamentary corpus ParlaMint-LV-en, 13th Term, 2020-03-05	2020-03-05	Unicameralism	13. sasaukums	-	Regulārā	2020-03-05	-	COVID	English	Chairperson	MP	notMinister	JK	Jaunā konservatīvā	Coalition	Centre-right	Beitnere-LeGallaDagmāra	Beitnere-Le Galla, Dagmāra	F	-	
ParlaMint-LV-en_2020-03-05-PT13-2044	ParlaMint-LV_2020-03-05-PT13-2044-U302	Latvian parliamentary corpus ParlaMint-LV-en, 13th Term, 2020-03-05	2020-03-05	Unicameralism	13. sasaukums	-	Regulārā	2020-03-05	-	COVID	English	Regular	MP	notMinister	AP	Attīstībai/Par!	Coalition	Centre	PlešsArtūrsToms	Plešs, Artūrs Toms	M	-	
ParlaMint-LV-en_2020-03-05-PT13-2044	ParlaMint-LV_2020-03-05-PT13-2044-U303	Latvian parliamentary corpus ParlaMint-LV-en, 13th Term, 2020-03-05	2020-03-05	Unicameralism	13. sasaukums	-	Regulārā	2020-03-05	-	COVID	English	Chairperson	MP	notMinister	JK	Jaunā konservatīvā	Coalition	Centre-right	Beitnere-LeGallaDagmāra	Beitnere-Le Galla, Dagmāra	F	-	
ParlaMint-LV-en_2020-03-05-PT13-2044	ParlaMint-LV_2020-03-05-PT13-2044-U304	Latvian parliamentary corpus ParlaMint-LV-en, 13th Term, 2020-03-05	2020-03-05	Unicameralism	13. sasaukums	-	Regulārā	2020-03-05	-	COVID	English	Regular	MP	notMinister	AP	Attīstībai/Par!	Coalition	Centre	PlešsArtūrsToms	Plešs, Artūrs Toms	M	-	
ParlaMint-LV-en_2020-03-05-PT13-2044	ParlaMint-LV_2020-03-05-PT13-2044-U305	Latvian parliamentary corpus ParlaMint-LV-en, 13th Term, 2020-03-05	2020-03-05	Unicameralism	13. sasaukums	-	Regulārā	2020-03-05	-	COVID	English	Chairperson	MP	notMinister	JK	Jaunā konservatīvā	Coalition	Centre-right	Beitnere-LeGallaDagmāra	Beitnere-Le Galla, Dagmāra	F	-	
ParlaMint-LV-en_2020-03-05-PT13-2044	ParlaMint-LV_2020-03-05-PT13-2044-U306	Latvian parliamentary corpus ParlaMint-LV-en, 13th Term, 2020-03-05	2020-03-05	Unicameralism	13. sasaukums	-	Regulārā	2020-03-05	-	COVID	English	Regular	MP	notMinister	ZZS	Zaļo un Zemnieku savienība	Opposition	Centre to centre-right	DaudzeGundars	Daudze, Gundars	M	-	
ParlaMint-LV-en_2020-03-05-PT13-2044	ParlaMint-LV_2020-03-05-PT13-2044-U307	Latvian parliamentary corpus ParlaMint-LV-en, 13th Term, 2020-03-05	2020-03-05	Unicameralism	13. sasaukums	-	Regulārā	2020-03-05	-	COVID	English	Chairperson	MP	notMinister	JK	Jaunā konservatīvā	Coalition	Centre-right	Beitnere-LeGallaDagmāra	Beitnere-Le Galla, Dagmāra	F	-	
ParlaMint-LV-en_2020-03-05-PT13-2044	ParlaMint-LV_2020-03-05-PT13-2044-U308	Latvian parliamentary corpus ParlaMint-LV-en, 13th Term, 2020-03-05	2020-03-05	Unicameralism	13. sasaukums	-	Regulārā	2020-03-05	-	COVID	English	Regular	MP	notMinister	ZZS	Zaļo un Zemnieku savienība	Opposition	Centre to centre-right	DaudzeGundars	Daudze, Gundars	M	-	
ParlaMint-LV-en_2020-03-05-PT13-2044	ParlaMint-LV_2020-03-05-PT13-2044-U309	Latvian parliamentary corpus ParlaMint-LV-en, 13th Term, 2020-03-05	2020-03-05	Unicameralism	13. sasaukums	-	Regulārā	2020-03-05	-	COVID	English	Chairperson	MP	notMinister	JK	Jaunā konservatīvā	Coalition	Centre-right	Beitnere-LeGallaDagmāra	Beitnere-Le Galla, Dagmāra	F	-	
ParlaMint-LV-en_2020-03-05-PT13-2044	ParlaMint-LV_2020-03-05-PT13-2044-U310	Latvian parliamentary corpus ParlaMint-LV-en, 13th Term, 2020-03-05	2020-03-05	Unicameralism	13. sasaukums	-	Regulārā	2020-03-05	-	COVID	English	Regular	MP	notMinister	KPV-LV	Kam pieder valsts?	Coalition	Centre-right to right	GobzemsAldis	Gobzems, Aldis	M	-	
ParlaMint-LV-en_2020-03-05-PT13-2044	ParlaMint-LV_2020-03-05-PT13-2044-U311	Latvian parliamentary corpus ParlaMint-LV-en, 13th Term, 2020-03-05	2020-03-05	Unicameralism	13. sasaukums	-	Regulārā	2020-03-05	-	COVID	English	Chairperson	MP	notMinister	JK	Jaunā konservatīvā	Coalition	Centre-right	Beitnere-LeGallaDagmāra	Beitnere-Le Galla, Dagmāra	F	-	
ParlaMint-LV-en_2020-03-05-PT13-2044	ParlaMint-LV_2020-03-05-PT13-2044-U312	Latvian parliamentary corpus ParlaMint-LV-en, 13th Term, 2020-03-05	2020-03-05	Unicameralism	13. sasaukums	-	Regulārā	2020-03-05	-	COVID	English	Regular	MP	notMinister	AP	Attīstībai/Par!	Coalition	Centre	GolubevaMarija	Golubeva, Marija	F	-	
ParlaMint-LV-en_2020-03-05-PT13-2044	ParlaMint-LV_2020-03-05-PT13-2044-U313	Latvian parliamentary corpus ParlaMint-LV-en, 13th Term, 2020-03-05	2020-03-05	Unicameralism	13. sasaukums	-	Regulārā	2020-03-05	-	COVID	English	Chairperson	MP	notMinister	JK	Jaunā konservatīvā	Coalition	Centre-right	Beitnere-LeGallaDagmāra	Beitnere-Le Galla, Dagmāra	F	-	
ParlaMint-LV-en_2020-03-05-PT13-2044	ParlaMint-LV_2020-03-05-PT13-2044-U314	Latvian parliamentary corpus ParlaMint-LV-en, 13th Term, 2020-03-05	2020-03-05	Unicameralism	13. sasaukums	-	Regulārā	2020-03-05	-	COVID	English	Regular	MP	notMinister	KPV-LV	Kam pieder valsts?	Coalition	Centre-right to right	GobzemsAldis	Gobzems, Aldis	M	-	
ParlaMint-LV-en_2020-03-05-PT13-2044	ParlaMint-LV_2020-03-05-PT13-2044-U315	Latvian parliamentary corpus ParlaMint-LV-en, 13th Term, 2020-03-05	2020-03-05	Unicameralism	13. sasaukums	-	Regulārā	2020-03-05	-	COVID	English	Chairperson	MP	notMinister	JK	Jaunā konservatīvā	Coalition	Centre-right	Beitnere-LeGallaDagmāra	Beitnere-Le Galla, Dagmāra	F	-	
ParlaMint-LV-en_2020-03-05-PT13-2044	ParlaMint-LV_2020-03-05-PT13-2044-U316	Latvian parliamentary corpus ParlaMint-LV-en, 13th Term, 2020-03-05	2020-03-05	Unicameralism	13. sasaukums	-	Regulārā	2020-03-05	-	COVID	English	Regular	notMP	notMinister	-	-	-	-	KaimiņšArtuss	Kaimiņš, Artuss	M	-	
ParlaMint-LV-en_2020-03-05-PT13-2044	ParlaMint-LV_2020-03-05-PT13-2044-U317	Latvian parliamentary corpus ParlaMint-LV-en, 13th Term, 2020-03-05	2020-03-05	Unicameralism	13. sasaukums	-	Regulārā	2020-03-05	-	COVID	English	Chairperson	MP	notMinister	JK	Jaunā konservatīvā	Coalition	Centre-right	Beitnere-LeGallaDagmāra	Beitnere-Le Galla, Dagmāra	F	-	
ParlaMint-LV-en_2020-03-05-PT13-2044	ParlaMint-LV_2020-03-05-PT13-2044-U318	Latvian parliamentary corpus ParlaMint-LV-en, 13th Term, 2020-03-05	2020-03-05	Unicameralism	13. sasaukums	-	Regulārā	2020-03-05	-	COVID	English	Regular	notMP	notMinister	-	-	-	-	KaimiņšArtuss	Kaimiņš, Artuss	M	-	
ParlaMint-LV-en_2020-03-05-PT13-2044	ParlaMint-LV_2020-03-05-PT13-2044-U319	Latvian parliamentary corpus ParlaMint-LV-en, 13th Term, 2020-03-05	2020-03-05	Unicameralism	13. sasaukums	-	Regulārā	2020-03-05	-	COVID	English	Chairperson	MP	notMinister	JK	Jaunā konservatīvā	Coalition	Centre-right	Beitnere-LeGallaDagmāra	Beitnere-Le Galla, Dagmāra	F	-	
ParlaMint-LV-en_2020-03-05-PT13-2044	ParlaMint-LV_2020-03-05-PT13-2044-U320	Latvian parliamentary corpus ParlaMint-LV-en, 13th Term, 2020-03-05	2020-03-05	Unicameralism	13. sasaukums	-	Regulārā	2020-03-05	-	COVID	English	Regular	MP	notMinister	ZZS	Zaļo un Zemnieku savienība	Opposition	Centre to centre-right	Reizniece-OzolaDana	Reizniece-Ozola, Dana	F	-	
ParlaMint-LV-en_2020-03-05-PT13-2044	ParlaMint-LV_2020-03-05-PT13-2044-U321	Latvian parliamentary corpus ParlaMint-LV-en, 13th Term, 2020-03-05	2020-03-05	Unicameralism	13. sasaukums	-	Regulārā	2020-03-05	-	COVID	English	Chairperson	MP	notMinister	JK	Jaunā konservatīvā	Coalition	Centre-right	Beitnere-LeGallaDagmāra	Beitnere-Le Galla, Dagmāra	F	-	
ParlaMint-LV-en_2020-03-05-PT13-2044	ParlaMint-LV_2020-03-05-PT13-2044-U322	Latvian parliamentary corpus ParlaMint-LV-en, 13th Term, 2020-03-05	2020-03-05	Unicameralism	13. sasaukums	-	Regulārā	2020-03-05	-	COVID	English	Regular	MP	notMinister	SASKAŅA	SASKAŅA	Opposition	Centre-left	DolgopolovsSergejs	Dolgopolovs, Sergejs	M	-	
ParlaMint-LV-en_2020-03-05-PT13-2044	ParlaMint-LV_2020-03-05-PT13-2044-U323	Latvian parliamentary corpus ParlaMint-LV-en, 13th Term, 2020-03-05	2020-03-05	Unicameralism	13. sasaukums	-	Regulārā	2020-03-05	-	COVID	English	Chairperson	MP	notMinister	JK	Jaunā konservatīvā	Coalition	Centre-right	Beitnere-LeGallaDagmāra	Beitnere-Le Galla, Dagmāra	F	-	
ParlaMint-LV-en_2020-03-05-PT13-2044	ParlaMint-LV_2020-03-05-PT13-2044-U324	Latvian parliamentary corpus ParlaMint-LV-en, 13th Term, 2020-03-05	2020-03-05	Unicameralism	13. sasaukums	-	Regulārā	2020-03-05	-	COVID	English	Regular	notMP	notMinister	-	-	-	-	ŠmitsDidzis	Šmits, Didzis	M	-	
ParlaMint-LV-en_2020-03-05-PT13-2044	ParlaMint-LV_2020-03-05-PT13-2044-U325	Latvian parliamentary corpus ParlaMint-LV-en, 13th Term, 2020-03-05	2020-03-05	Unicameralism	13. sasaukums	-	Regulārā	2020-03-05	-	COVID	English	Chairperson	MP	notMinister	JK	Jaunā konservatīvā	Coalition	Centre-right	Beitnere-LeGallaDagmāra	Beitnere-Le Galla, Dagmāra	F	-	
ParlaMint-LV-en_2020-03-05-PT13-2044	ParlaMint-LV_2020-03-05-PT13-2044-U326	Latvian parliamentary corpus ParlaMint-LV-en, 13th Term, 2020-03-05	2020-03-05	Unicameralism	13. sasaukums	-	Regulārā	2020-03-05	-	COVID	English	Regular	MP	notMinister	SASKAŅA	SASKAŅA	Opposition	Centre-left	Ločmele-LuņovaRegīna	Ločmele-Luņova, Regīna	F	-	
ParlaMint-LV-en_2020-03-05-PT13-2044	ParlaMint-LV_2020-03-05-PT13-2044-U327	Latvian parliamentary corpus ParlaMint-LV-en, 13th Term, 2020-03-05	2020-03-05	Unicameralism	13. sasaukums	-	Regulārā	2020-03-05	-	COVID	English	Chairperson	MP	notMinister	JK	Jaunā konservatīvā	Coalition	Centre-right	Beitnere-LeGallaDagmāra	Beitnere-Le Galla, Dagmāra	F	-	
ParlaMint-LV-en_2020-03-05-PT13-2044	ParlaMint-LV_2020-03-05-PT13-2044-U328	Latvian parliamentary corpus ParlaMint-LV-en, 13th Term, 2020-03-05	2020-03-05	Unicameralism	13. sasaukums	-	Regulārā	2020-03-05	-	COVID	English	Regular	MP	notMinister	NA	Nacionālā apvienība "Visu Latvijai!"–"Tēvzemei un Brīvībai/LNNK"	Coalition	Right	DombravaJānis	Dombrava, Jānis	M	-	
ParlaMint-LV-en_2020-03-05-PT13-2044	ParlaMint-LV_2020-03-05-PT13-2044-U329	Latvian parliamentary corpus ParlaMint-LV-en, 13th Term, 2020-03-05	2020-03-05	Unicameralism	13. sasaukums	-	Regulārā	2020-03-05	-	COVID	English	Chairperson	MP	notMinister	JK	Jaunā konservatīvā	Coalition	Centre-right	Beitnere-LeGallaDagmāra	Beitnere-Le Galla, Dagmāra	F	-	
ParlaMint-LV-en_2020-03-05-PT13-2044	ParlaMint-LV_2020-03-05-PT13-2044-U330	Latvian parliamentary corpus ParlaMint-LV-en, 13th Term, 2020-03-05	2020-03-05	Unicameralism	13. sasaukums	-	Regulārā	2020-03-05	-	COVID	English	Regular	MP	notMinister	JK	Jaunā konservatīvā	Coalition	Centre-right	MuižnieceAnita	Muižniece, Anita	F	-	
ParlaMint-LV-en_2020-03-05-PT13-2044	ParlaMint-LV_2020-03-05-PT13-2044-U331	Latvian parliamentary corpus ParlaMint-LV-en, 13th Term, 2020-03-05	2020-03-05	Unicameralism	13. sasaukums	-	Regulārā	2020-03-05	-	COVID	English	Chairperson	MP	notMinister	JK	Jaunā konservatīvā	Coalition	Centre-right	Beitnere-LeGallaDagmāra	Beitnere-Le Galla, Dagmāra	F	-	
ParlaMint-LV-en_2020-03-05-PT13-2044	ParlaMint-LV_2020-03-05-PT13-2044-U332	Latvian parliamentary corpus ParlaMint-LV-en, 13th Term, 2020-03-05	2020-03-05	Unicameralism	13. sasaukums	-	Regulārā	2020-03-05	-	COVID	English	Regular	MP	notMinister	ZZS	Zaļo un Zemnieku savienība	Opposition	Centre to centre-right	AugulisUldis	Augulis, Uldis	M	-	
ParlaMint-LV-en_2020-03-05-PT13-2044	ParlaMint-LV_2020-03-05-PT13-2044-U333	Latvian parliamentary corpus ParlaMint-LV-en, 13th Term, 2020-03-05	2020-03-05	Unicameralism	13. sasaukums	-	Regulārā	2020-03-05	-	COVID	English	Chairperson	MP	notMinister	JK	Jaunā konservatīvā	Coalition	Centre-right	Beitnere-LeGallaDagmāra	Beitnere-Le Galla, Dagmāra	F	-	
ParlaMint-LV-en_2020-03-05-PT13-2044	ParlaMint-LV_2020-03-05-PT13-2044-U334	Latvian parliamentary corpus ParlaMint-LV-en, 13th Term, 2020-03-05	2020-03-05	Unicameralism	13. sasaukums	-	Regulārā	2020-03-05	-	COVID	English	Regular	MP	notMinister	ZZS	Zaļo un Zemnieku savienība	Opposition	Centre to centre-right	AugulisUldis	Augulis, Uldis	M	-	
ParlaMint-LV-en_2020-03-05-PT13-2044	ParlaMint-LV_2020-03-05-PT13-2044-U335	Latvian parliamentary corpus ParlaMint-LV-en, 13th Term, 2020-03-05	2020-03-05	Unicameralism	13. sasaukums	-	Regulārā	2020-03-05	-	COVID	English	Chairperson	MP	notMinister	JK	Jaunā konservatīvā	Coalition	Centre-right	Beitnere-LeGallaDagmāra	Beitnere-Le Galla, Dagmāra	F	-	
ParlaMint-LV-en_2020-03-05-PT13-2044	ParlaMint-LV_2020-03-05-PT13-2044-U336	Latvian parliamentary corpus ParlaMint-LV-en, 13th Term, 2020-03-05	2020-03-05	Unicameralism	13. sasaukums	-	Regulārā	2020-03-05	-	COVID	English	Regular	MP	notMinister	ZZS	Zaļo un Zemnieku savienība	Opposition	Centre to centre-right	AugulisUldis	Augulis, Uldis	M	-	
ParlaMint-LV-en_2020-03-05-PT13-2044	ParlaMint-LV_2020-03-05-PT13-2044-U337	Latvian parliamentary corpus ParlaMint-LV-en, 13th Term, 2020-03-05	2020-03-05	Unicameralism	13. sasaukums	-	Regulārā	2020-03-05	-	COVID	English	Chairperson	MP	notMinister	JK	Jaunā konservatīvā	Coalition	Centre-right	Beitnere-LeGallaDagmāra	Beitnere-Le Galla, Dagmāra	F	-	
ParlaMint-LV-en_2020-03-05-PT13-2044	ParlaMint-LV_2020-03-05-PT13-2044-U338	Latvian parliamentary corpus ParlaMint-LV-en, 13th Term, 2020-03-05	2020-03-05	Unicameralism	13. sasaukums	-	Regulārā	2020-03-05	-	COVID	English	Regular	MP	notMinister	AP	Attīstībai/Par!	Coalition	Centre	PlešsArtūrsToms	Plešs, Artūrs Toms	M	-	
ParlaMint-LV-en_2020-03-05-PT13-2044	ParlaMint-LV_2020-03-05-PT13-2044-U339	Latvian parliamentary corpus ParlaMint-LV-en, 13th Term, 2020-03-05	2020-03-05	Unicameralism	13. sasaukums	-	Regulārā	2020-03-05	-	COVID	English	Chairperson	MP	notMinister	JK	Jaunā konservatīvā	Coalition	Centre-right	Beitnere-LeGallaDagmāra	Beitnere-Le Galla, Dagmāra	F	-	
ParlaMint-LV-en_2020-03-05-PT13-2044	ParlaMint-LV_2020-03-05-PT13-2044-U340	Latvian parliamentary corpus ParlaMint-LV-en, 13th Term, 2020-03-05	2020-03-05	Unicameralism	13. sasaukums	-	Regulārā	2020-03-05	-	COVID	English	Regular	MP	notMinister	AP	Attīstībai/Par!	Coalition	Centre	BluķeDace	Bluķe, Dace	F	-	
ParlaMint-LV-en_2020-03-05-PT13-2044	ParlaMint-LV_2020-03-05-PT13-2044-U341	Latvian parliamentary corpus ParlaMint-LV-en, 13th Term, 2020-03-05	2020-03-05	Unicameralism	13. sasaukums	-	Regulārā	2020-03-05	-	COVID	English	Chairperson	MP	notMinister	JK	Jaunā konservatīvā	Coalition	Centre-right	Beitnere-LeGallaDagmāra	Beitnere-Le Galla, Dagmāra	F	-	
ParlaMint-LV-en_2020-03-05-PT13-2044	ParlaMint-LV_2020-03-05-PT13-2044-U342	Latvian parliamentary corpus ParlaMint-LV-en, 13th Term, 2020-03-05	2020-03-05	Unicameralism	13. sasaukums	-	Regulārā	2020-03-05	-	COVID	English	Regular	MP	notMinister	SASKAŅA	SASKAŅA	Opposition	Centre-left	DombrovskisVjačeslavs	Dombrovskis, Vjačeslavs	M	-	
ParlaMint-LV-en_2020-03-05-PT13-2044	ParlaMint-LV_2020-03-05-PT13-2044-U343	Latvian parliamentary corpus ParlaMint-LV-en, 13th Term, 2020-03-05	2020-03-05	Unicameralism	13. sasaukums	-	Regulārā	2020-03-05	-	COVID	English	Chairperson	MP	notMinister	JK	Jaunā konservatīvā	Coalition	Centre-right	Beitnere-LeGallaDagmāra	Beitnere-Le Galla, Dagmāra	F	-	
ParlaMint-LV-en_2020-03-05-PT13-2044	ParlaMint-LV_2020-03-05-PT13-2044-U344	Latvian parliamentary corpus ParlaMint-LV-en, 13th Term, 2020-03-05	2020-03-05	Unicameralism	13. sasaukums	-	Regulārā	2020-03-05	-	COVID	English	Regular	MP	notMinister	SASKAŅA	SASKAŅA	Opposition	Centre-left	Ločmele-LuņovaRegīna	Ločmele-Luņova, Regīna	F	-	
ParlaMint-LV-en_2020-03-05-PT13-2044	ParlaMint-LV_2020-03-05-PT13-2044-U345	Latvian parliamentary corpus ParlaMint-LV-en, 13th Term, 2020-03-05	2020-03-05	Unicameralism	13. sasaukums	-	Regulārā	2020-03-05	-	COVID	English	Chairperson	MP	notMinister	JK	Jaunā konservatīvā	Coalition	Centre-right	Beitnere-LeGallaDagmāra	Beitnere-Le Galla, Dagmāra	F	-	
ParlaMint-LV-en_2020-03-05-PT13-2044	ParlaMint-LV_2020-03-05-PT13-2044-U346	Latvian parliamentary corpus ParlaMint-LV-en, 13th Term, 2020-03-05	2020-03-05	Unicameralism	13. sasaukums	-	Regulārā	2020-03-05	-	COVID	English	Regular	MP	notMinister	SASKAŅA	SASKAŅA	Opposition	Centre-left	Ločmele-LuņovaRegīna	Ločmele-Luņova, Regīna	F	-	
ParlaMint-LV-en_2020-03-05-PT13-2044	ParlaMint-LV_2020-03-05-PT13-2044-U347	Latvian parliamentary corpus ParlaMint-LV-en, 13th Term, 2020-03-05	2020-03-05	Unicameralism	13. sasaukums	-	Regulārā	2020-03-05	-	COVID	English	Chairperson	MP	notMinister	JK	Jaunā konservatīvā	Coalition	Centre-right	Beitnere-LeGallaDagmāra	Beitnere-Le Galla, Dagmāra	F	-	
ParlaMint-LV-en_2020-03-05-PT13-2044	ParlaMint-LV_2020-03-05-PT13-2044-U348	Latvian parliamentary corpus ParlaMint-LV-en, 13th Term, 2020-03-05	2020-03-05	Unicameralism	13. sasaukums	-	Regulārā	2020-03-05	-	COVID	English	Guest	MP	notMinister	AP	Attīstībai/Par!	Coalition	Centre	GolubevaMarija	Golubeva, Marija	F	-	
ParlaMint-LV-en_2020-03-05-PT13-2044	ParlaMint-LV_2020-03-05-PT13-2044-U349	Latvian parliamentary corpus ParlaMint-LV-en, 13th Term, 2020-03-05	2020-03-05	Unicameralism	13. sasaukums	-	Regulārā	2020-03-05	-	COVID	English	Chairperson	MP	notMinister	JK	Jaunā konservatīvā	Coalition	Centre-right	Beitnere-LeGallaDagmāra	Beitnere-Le Galla, Dagmāra	F	-	
ParlaMint-LV-en_2020-03-05-PT13-2044	ParlaMint-LV_2020-03-05-PT13-2044-U350	Latvian parliamentary corpus ParlaMint-LV-en, 13th Term, 2020-03-05	2020-03-05	Unicameralism	13. sasaukums	-	Regulārā	2020-03-05	-	COVID	English	Chairperson	MP	notMinister	JK	Jaunā konservatīvā	Coalition	Centre-right	Beitnere-LeGallaDagmāra	Beitnere-Le Galla, Dagmāra	F	-	
ParlaMint-LV-en_2020-03-05-PT13-2044	ParlaMint-LV_2020-03-05-PT13-2044-U351	Latvian parliamentary corpus ParlaMint-LV-en, 13th Term, 2020-03-05	2020-03-05	Unicameralism	13. sasaukums	-	Regulārā	2020-03-05	-	COVID	English	Regular	MP	notMinister	ZZS	Zaļo un Zemnieku savienība	Opposition	Centre to centre-right	Reizniece-OzolaDana	Reizniece-Ozola, Dana	F	-	
ParlaMint-LV-en_2020-03-05-PT13-2044	ParlaMint-LV_2020-03-05-PT13-2044-U352	Latvian parliamentary corpus ParlaMint-LV-en, 13th Term, 2020-03-05	2020-03-05	Unicameralism	13. sasaukums	-	Regulārā	2020-03-05	-	COVID	English	Chairperson	MP	notMinister	JK	Jaunā konservatīvā	Coalition	Centre-right	Beitnere-LeGallaDagmāra	Beitnere-Le Galla, Dagmāra	F	-	
ParlaMint-LV-en_2020-03-05-PT13-2044	ParlaMint-LV_2020-03-05-PT13-2044-U353	Latvian parliamentary corpus ParlaMint-LV-en, 13th Term, 2020-03-05	2020-03-05	Unicameralism	13. sasaukums	-	Regulārā	2020-03-05	-	COVID	English	Regular	MP	notMinister	ZZS	Zaļo un Zemnieku savienība	Opposition	Centre to centre-right	KrauzeArmands	Krauze, Armands	M	-	
ParlaMint-LV-en_2020-03-05-PT13-2044	ParlaMint-LV_2020-03-05-PT13-2044-U354	Latvian parliamentary corpus ParlaMint-LV-en, 13th Term, 2020-03-05	2020-03-05	Unicameralism	13. sasaukums	-	Regulārā	2020-03-05	-	COVID	English	Chairperson	MP	notMinister	JK	Jaunā konservatīvā	Coalition	Centre-right	Beitnere-LeGallaDagmāra	Beitnere-Le Galla, Dagmāra	F	-	
ParlaMint-LV-en_2020-03-05-PT13-2044	ParlaMint-LV_2020-03-05-PT13-2044-U355	Latvian parliamentary corpus ParlaMint-LV-en, 13th Term, 2020-03-05	2020-03-05	Unicameralism	13. sasaukums	-	Regulārā	2020-03-05	-	COVID	English	Regular	MP	notMinister	KPV-LV	Kam pieder valsts?	Coalition	Centre-right to right	GeidānsAivars	Geidāns, Aivars	M	-	
ParlaMint-LV-en_2020-03-05-PT13-2044	ParlaMint-LV_2020-03-05-PT13-2044-U356	Latvian parliamentary corpus ParlaMint-LV-en, 13th Term, 2020-03-05	2020-03-05	Unicameralism	13. sasaukums	-	Regulārā	2020-03-05	-	COVID	English	Chairperson	MP	notMinister	JK	Jaunā konservatīvā	Coalition	Centre-right	Beitnere-LeGallaDagmāra	Beitnere-Le Galla, Dagmāra	F	-	
ParlaMint-LV-en_2020-03-05-PT13-2044	ParlaMint-LV_2020-03-05-PT13-2044-U357	Latvian parliamentary corpus ParlaMint-LV-en, 13th Term, 2020-03-05	2020-03-05	Unicameralism	13. sasaukums	-	Regulārā	2020-03-05	-	COVID	English	Regular	notMP	notMinister	-	-	-	-	StepaņenkoJūlija	Stepaņenko, Jūlija	F	-	
ParlaMint-LV-en_2020-03-05-PT13-2044	ParlaMint-LV_2020-03-05-PT13-2044-U358	Latvian parliamentary corpus ParlaMint-LV-en, 13th Term, 2020-03-05	2020-03-05	Unicameralism	13. sasaukums	-	Regulārā	2020-03-05	-	COVID	English	Chairperson	MP	notMinister	JK	Jaunā konservatīvā	Coalition	Centre-right	Beitnere-LeGallaDagmāra	Beitnere-Le Galla, Dagmāra	F	-	
ParlaMint-LV-en_2020-03-05-PT13-2044	ParlaMint-LV_2020-03-05-PT13-2044-U359	Latvian parliamentary corpus ParlaMint-LV-en, 13th Term, 2020-03-05	2020-03-05	Unicameralism	13. sasaukums	-	Regulārā	2020-03-05	-	COVID	English	Regular	MP	notMinister	ZZS	Zaļo un Zemnieku savienība	Opposition	Centre to centre-right	KučinskisMāris	Kučinskis, Māris	M	-	
ParlaMint-LV-en_2020-03-05-PT13-2044	ParlaMint-LV_2020-03-05-PT13-2044-U360	Latvian parliamentary corpus ParlaMint-LV-en, 13th Term, 2020-03-05	2020-03-05	Unicameralism	13. sasaukums	-	Regulārā	2020-03-05	-	COVID	English	Chairperson	MP	notMinister	JK	Jaunā konservatīvā	Coalition	Centre-right	Beitnere-LeGallaDagmāra	Beitnere-Le Galla, Dagmāra	F	-	
ParlaMint-LV-en_2020-03-05-PT13-2044	ParlaMint-LV_2020-03-05-PT13-2044-U361	Latvian parliamentary corpus ParlaMint-LV-en, 13th Term, 2020-03-05	2020-03-05	Unicameralism	13. sasaukums	-	Regulārā	2020-03-05	-	COVID	English	Regular	MP	notMinister	AP	Attīstībai/Par!	Coalition	Centre	PavļutsDaniels	Pavļuts, Daniels	M	-	
ParlaMint-LV-en_2020-03-05-PT13-2044	ParlaMint-LV_2020-03-05-PT13-2044-U362	Latvian parliamentary corpus ParlaMint-LV-en, 13th Term, 2020-03-05	2020-03-05	Unicameralism	13. sasaukums	-	Regulārā	2020-03-05	-	COVID	English	Chairperson	MP	notMinister	JK	Jaunā konservatīvā	Coalition	Centre-right	Beitnere-LeGallaDagmāra	Beitnere-Le Galla, Dagmāra	F	-	
ParlaMint-LV-en_2020-03-05-PT13-2044	ParlaMint-LV_2020-03-05-PT13-2044-U363	Latvian parliamentary corpus ParlaMint-LV-en, 13th Term, 2020-03-05	2020-03-05	Unicameralism	13. sasaukums	-	Regulārā	2020-03-05	-	COVID	English	Regular	notMP	notMinister	-	-	-	-	LiepiņaLiene	Liepiņa, Liene	F	-	
ParlaMint-LV-en_2020-03-05-PT13-2044	ParlaMint-LV_2020-03-05-PT13-2044-U364	Latvian parliamentary corpus ParlaMint-LV-en, 13th Term, 2020-03-05	2020-03-05	Unicameralism	13. sasaukums	-	Regulārā	2020-03-05	-	COVID	English	Chairperson	MP	notMinister	JK	Jaunā konservatīvā	Coalition	Centre-right	Beitnere-LeGallaDagmāra	Beitnere-Le Galla, Dagmāra	F	-	
ParlaMint-LV-en_2020-03-05-PT13-2044	ParlaMint-LV_2020-03-05-PT13-2044-U365	Latvian parliamentary corpus ParlaMint-LV-en, 13th Term, 2020-03-05	2020-03-05	Unicameralism	13. sasaukums	-	Regulārā	2020-03-05	-	COVID	English	Regular	MP	notMinister	KPV-LV	Kam pieder valsts?	Coalition	Centre-right to right	GobzemsAldis	Gobzems, Aldis	M	-	
ParlaMint-LV-en_2020-03-05-PT13-2044	ParlaMint-LV_2020-03-05-PT13-2044-U366	Latvian parliamentary corpus ParlaMint-LV-en, 13th Term, 2020-03-05	2020-03-05	Unicameralism	13. sasaukums	-	Regulārā	2020-03-05	-	COVID	English	Chairperson	MP	notMinister	JK	Jaunā konservatīvā	Coalition	Centre-right	Beitnere-LeGallaDagmāra	Beitnere-Le Galla, Dagmāra	F	-	
ParlaMint-LV-en_2020-03-05-PT13-2044	ParlaMint-LV_2020-03-05-PT13-2044-U367	Latvian parliamentary corpus ParlaMint-LV-en, 13th Term, 2020-03-05	2020-03-05	Unicameralism	13. sasaukums	-	Regulārā	2020-03-05	-	COVID	English	Regular	MP	notMinister	KPV-LV	Kam pieder valsts?	Coalition	Centre-right to right	GobzemsAldis	Gobzems, Aldis	M	-	
ParlaMint-LV-en_2020-03-05-PT13-2044	ParlaMint-LV_2020-03-05-PT13-2044-U368	Latvian parliamentary corpus ParlaMint-LV-en, 13th Term, 2020-03-05	2020-03-05	Unicameralism	13. sasaukums	-	Regulārā	2020-03-05	-	COVID	English	Chairperson	MP	notMinister	JK	Jaunā konservatīvā	Coalition	Centre-right	Beitnere-LeGallaDagmāra	Beitnere-Le Galla, Dagmāra	F	-	
ParlaMint-LV-en_2020-03-05-PT13-2044	ParlaMint-LV_2020-03-05-PT13-2044-U369	Latvian parliamentary corpus ParlaMint-LV-en, 13th Term, 2020-03-05	2020-03-05	Unicameralism	13. sasaukums	-	Regulārā	2020-03-05	-	COVID	English	Regular	MP	notMinister	ZZS	Zaļo un Zemnieku savienība	Opposition	Centre to centre-right	KučinskisMāris	Kučinskis, Māris	M	-	
ParlaMint-LV-en_2020-03-05-PT13-2044	ParlaMint-LV_2020-03-05-PT13-2044-U370	Latvian parliamentary corpus ParlaMint-LV-en, 13th Term, 2020-03-05	2020-03-05	Unicameralism	13. sasaukums	-	Regulārā	2020-03-05	-	COVID	English	Chairperson	MP	notMinister	JK	Jaunā konservatīvā	Coalition	Centre-right	Beitnere-LeGallaDagmāra	Beitnere-Le Galla, Dagmāra	F	-	
ParlaMint-LV-en_2020-03-05-PT13-2044	ParlaMint-LV_2020-03-05-PT13-2044-U371	Latvian parliamentary corpus ParlaMint-LV-en, 13th Term, 2020-03-05	2020-03-05	Unicameralism	13. sasaukums	-	Regulārā	2020-03-05	-	COVID	English	Regular	MP	notMinister	ZZS	Zaļo un Zemnieku savienība	Opposition	Centre to centre-right	AugulisUldis	Augulis, Uldis	M	-	
ParlaMint-LV-en_2020-03-05-PT13-2044	ParlaMint-LV_2020-03-05-PT13-2044-U372	Latvian parliamentary corpus ParlaMint-LV-en, 13th Term, 2020-03-05	2020-03-05	Unicameralism	13. sasaukums	-	Regulārā	2020-03-05	-	COVID	English	Chairperson	MP	notMinister	JK	Jaunā konservatīvā	Coalition	Centre-right	Beitnere-LeGallaDagmāra	Beitnere-Le Galla, Dagmāra	F	-	
ParlaMint-LV-en_2020-03-05-PT13-2044	ParlaMint-LV_2020-03-05-PT13-2044-U373	Latvian parliamentary corpus ParlaMint-LV-en, 13th Term, 2020-03-05	2020-03-05	Unicameralism	13. sasaukums	-	Regulārā	2020-03-05	-	COVID	English	Regular	MP	notMinister	ZZS	Zaļo un Zemnieku savienība	Opposition	Centre to centre-right	AugulisUldis	Augulis, Uldis	M	-	
ParlaMint-LV-en_2020-03-05-PT13-2044	ParlaMint-LV_2020-03-05-PT13-2044-U374	Latvian parliamentary corpus ParlaMint-LV-en, 13th Term, 2020-03-05	2020-03-05	Unicameralism	13. sasaukums	-	Regulārā	2020-03-05	-	COVID	English	Chairperson	MP	notMinister	JK	Jaunā konservatīvā	Coalition	Centre-right	Beitnere-LeGallaDagmāra	Beitnere-Le Galla, Dagmāra	F	-	
ParlaMint-LV-en_2020-03-05-PT13-2044	ParlaMint-LV_2020-03-05-PT13-2044-U375	Latvian parliamentary corpus ParlaMint-LV-en, 13th Term, 2020-03-05	2020-03-05	Unicameralism	13. sasaukums	-	Regulārā	2020-03-05	-	COVID	English	Regular	MP	notMinister	ZZS	Zaļo un Zemnieku savienība	Opposition	Centre to centre-right	AugulisUldis	Augulis, Uldis	M	-	
ParlaMint-LV-en_2020-03-05-PT13-2044	ParlaMint-LV_2020-03-05-PT13-2044-U376	Latvian parliamentary corpus ParlaMint-LV-en, 13th Term, 2020-03-05	2020-03-05	Unicameralism	13. sasaukums	-	Regulārā	2020-03-05	-	COVID	English	Chairperson	MP	notMinister	JK	Jaunā konservatīvā	Coalition	Centre-right	Beitnere-LeGallaDagmāra	Beitnere-Le Galla, Dagmāra	F	-	
ParlaMint-LV-en_2020-03-05-PT13-2044	ParlaMint-LV_2020-03-05-PT13-2044-U377	Latvian parliamentary corpus ParlaMint-LV-en, 13th Term, 2020-03-05	2020-03-05	Unicameralism	13. sasaukums	-	Regulārā	2020-03-05	-	COVID	English	Regular	notMP	notMinister	-	-	-	-	ŠmitsDidzis	Šmits, Didzis	M	-	
ParlaMint-LV-en_2020-03-05-PT13-2044	ParlaMint-LV_2020-03-05-PT13-2044-U378	Latvian parliamentary corpus ParlaMint-LV-en, 13th Term, 2020-03-05	2020-03-05	Unicameralism	13. sasaukums	-	Regulārā	2020-03-05	-	COVID	English	Chairperson	MP	notMinister	JK	Jaunā konservatīvā	Coalition	Centre-right	Beitnere-LeGallaDagmāra	Beitnere-Le Galla, Dagmāra	F	-	
ParlaMint-LV-en_2020-03-05-PT13-2044	ParlaMint-LV_2020-03-05-PT13-2044-U379	Latvian parliamentary corpus ParlaMint-LV-en, 13th Term, 2020-03-05	2020-03-05	Unicameralism	13. sasaukums	-	Regulārā	2020-03-05	-	COVID	English	Regular	notMP	notMinister	-	-	-	-	ŠmitsDidzis	Šmits, Didzis	M	-	
ParlaMint-LV-en_2020-03-05-PT13-2044	ParlaMint-LV_2020-03-05-PT13-2044-U380	Latvian parliamentary corpus ParlaMint-LV-en, 13th Term, 2020-03-05	2020-03-05	Unicameralism	13. sasaukums	-	Regulārā	2020-03-05	-	COVID	English	Chairperson	MP	notMinister	JK	Jaunā konservatīvā	Coalition	Centre-right	Beitnere-LeGallaDagmāra	Beitnere-Le Galla, Dagmāra	F	-	
ParlaMint-LV-en_2020-03-05-PT13-2044	ParlaMint-LV_2020-03-05-PT13-2044-U381	Latvian parliamentary corpus ParlaMint-LV-en, 13th Term, 2020-03-05	2020-03-05	Unicameralism	13. sasaukums	-	Regulārā	2020-03-05	-	COVID	English	Regular	MP	notMinister	SASKAŅA	SASKAŅA	Opposition	Centre-left	DolgopolovsSergejs	Dolgopolovs, Sergejs	M	-	
ParlaMint-LV-en_2020-03-05-PT13-2044	ParlaMint-LV_2020-03-05-PT13-2044-U382	Latvian parliamentary corpus ParlaMint-LV-en, 13th Term, 2020-03-05	2020-03-05	Unicameralism	13. sasaukums	-	Regulārā	2020-03-05	-	COVID	English	Chairperson	MP	notMinister	JK	Jaunā konservatīvā	Coalition	Centre-right	Beitnere-LeGallaDagmāra	Beitnere-Le Galla, Dagmāra	F	-	
ParlaMint-LV-en_2020-03-05-PT13-2044	ParlaMint-LV_2020-03-05-PT13-2044-U383	Latvian parliamentary corpus ParlaMint-LV-en, 13th Term, 2020-03-05	2020-03-05	Unicameralism	13. sasaukums	-	Regulārā	2020-03-05	-	COVID	English	Regular	MP	notMinister	SASKAŅA	SASKAŅA	Opposition	Centre-left	DolgopolovsSergejs	Dolgopolovs, Sergejs	M	-	
ParlaMint-LV-en_2020-03-05-PT13-2044	ParlaMint-LV_2020-03-05-PT13-2044-U384	Latvian parliamentary corpus ParlaMint-LV-en, 13th Term, 2020-03-05	2020-03-05	Unicameralism	13. sasaukums	-	Regulārā	2020-03-05	-	COVID	English	Chairperson	MP	notMinister	JK	Jaunā konservatīvā	Coalition	Centre-right	Beitnere-LeGallaDagmāra	Beitnere-Le Galla, Dagmāra	F	-	
ParlaMint-LV-en_2020-03-05-PT13-2044	ParlaMint-LV_2020-03-05-PT13-2044-U385	Latvian parliamentary corpus ParlaMint-LV-en, 13th Term, 2020-03-05	2020-03-05	Unicameralism	13. sasaukums	-	Regulārā	2020-03-05	-	COVID	English	Regular	MP	notMinister	SASKAŅA	SASKAŅA	Opposition	Centre-left	DolgopolovsSergejs	Dolgopolovs, Sergejs	M	-	
ParlaMint-LV-en_2020-03-05-PT13-2044	ParlaMint-LV_2020-03-05-PT13-2044-U386	Latvian parliamentary corpus ParlaMint-LV-en, 13th Term, 2020-03-05	2020-03-05	Unicameralism	13. sasaukums	-	Regulārā	2020-03-05	-	COVID	English	Chairperson	MP	notMinister	JK	Jaunā konservatīvā	Coalition	Centre-right	Beitnere-LeGallaDagmāra	Beitnere-Le Galla, Dagmāra	F	-	
ParlaMint-LV-en_2020-03-05-PT13-2044	ParlaMint-LV_2020-03-05-PT13-2044-U387	Latvian parliamentary corpus ParlaMint-LV-en, 13th Term, 2020-03-05	2020-03-05	Unicameralism	13. sasaukums	-	Regulārā	2020-03-05	-	COVID	English	Regular	MP	notMinister	SASKAŅA	SASKAŅA	Opposition	Centre-left	DolgopolovsSergejs	Dolgopolovs, Sergejs	M	-	
ParlaMint-LV-en_2020-03-05-PT13-2044	ParlaMint-LV_2020-03-05-PT13-2044-U388	Latvian parliamentary corpus ParlaMint-LV-en, 13th Term, 2020-03-05	2020-03-05	Unicameralism	13. sasaukums	-	Regulārā	2020-03-05	-	COVID	English	Chairperson	MP	notMinister	JK	Jaunā konservatīvā	Coalition	Centre-right	Beitnere-LeGallaDagmāra	Beitnere-Le Galla, Dagmāra	F	-	
ParlaMint-LV-en_2020-03-05-PT13-2044	ParlaMint-LV_2020-03-05-PT13-2044-U389	Latvian parliamentary corpus ParlaMint-LV-en, 13th Term, 2020-03-05	2020-03-05	Unicameralism	13. sasaukums	-	Regulārā	2020-03-05	-	COVID	English	Regular	MP	notMinister	SASKAŅA	SASKAŅA	Opposition	Centre-left	DolgopolovsSergejs	Dolgopolovs, Sergejs	M	-	
ParlaMint-LV-en_2020-03-05-PT13-2044	ParlaMint-LV_2020-03-05-PT13-2044-U390	Latvian parliamentary corpus ParlaMint-LV-en, 13th Term, 2020-03-05	2020-03-05	Unicameralism	13. sasaukums	-	Regulārā	2020-03-05	-	COVID	English	Chairperson	MP	notMinister	JK	Jaunā konservatīvā	Coalition	Centre-right	Beitnere-LeGallaDagmāra	Beitnere-Le Galla, Dagmāra	F	-	
ParlaMint-LV-en_2020-03-05-PT13-2044	ParlaMint-LV_2020-03-05-PT13-2044-U391	Latvian parliamentary corpus ParlaMint-LV-en, 13th Term, 2020-03-05	2020-03-05	Unicameralism	13. sasaukums	-	Regulārā	2020-03-05	-	COVID	English	Regular	MP	notMinister	AP	Attīstībai/Par!	Coalition	Centre	PlešsArtūrsToms	Plešs, Artūrs Toms	M	-	
ParlaMint-LV-en_2020-03-05-PT13-2044	ParlaMint-LV_2020-03-05-PT13-2044-U392	Latvian parliamentary corpus ParlaMint-LV-en, 13th Term, 2020-03-05	2020-03-05	Unicameralism	13. sasaukums	-	Regulārā	2020-03-05	-	COVID	English	Chairperson	MP	notMinister	JK	Jaunā konservatīvā	Coalition	Centre-right	Beitnere-LeGallaDagmāra	Beitnere-Le Galla, Dagmāra	F	-	
ParlaMint-LV-en_2020-03-05-PT13-2044	ParlaMint-LV_2020-03-05-PT13-2044-U393	Latvian parliamentary corpus ParlaMint-LV-en, 13th Term, 2020-03-05	2020-03-05	Unicameralism	13. sasaukums	-	Regulārā	2020-03-05	-	COVID	English	Regular	MP	notMinister	AP	Attīstībai/Par!	Coalition	Centre	PlešsArtūrsToms	Plešs, Artūrs Toms	M	-	
ParlaMint-LV-en_2020-03-05-PT13-2044	ParlaMint-LV_2020-03-05-PT13-2044-U394	Latvian parliamentary corpus ParlaMint-LV-en, 13th Term, 2020-03-05	2020-03-05	Unicameralism	13. sasaukums	-	Regulārā	2020-03-05	-	COVID	English	Chairperson	MP	notMinister	JK	Jaunā konservatīvā	Coalition	Centre-right	Beitnere-LeGallaDagmāra	Beitnere-Le Galla, Dagmāra	F	-	
ParlaMint-LV-en_2020-03-05-PT13-2044	ParlaMint-LV_2020-03-05-PT13-2044-U395	Latvian parliamentary corpus ParlaMint-LV-en, 13th Term, 2020-03-05	2020-03-05	Unicameralism	13. sasaukums	-	Regulārā	2020-03-05	-	COVID	English	Regular	MP	notMinister	ZZS	Zaļo un Zemnieku savienība	Opposition	Centre to centre-right	DaudzeGundars	Daudze, Gundars	M	-	
ParlaMint-LV-en_2020-03-05-PT13-2044	ParlaMint-LV_2020-03-05-PT13-2044-U396	Latvian parliamentary corpus ParlaMint-LV-en, 13th Term, 2020-03-05	2020-03-05	Unicameralism	13. sasaukums	-	Regulārā	2020-03-05	-	COVID	English	Chairperson	MP	notMinister	JK	Jaunā konservatīvā	Coalition	Centre-right	Beitnere-LeGallaDagmāra	Beitnere-Le Galla, Dagmāra	F	-	
ParlaMint-LV-en_2020-03-05-PT13-2044	ParlaMint-LV_2020-03-05-PT13-2044-U397	Latvian parliamentary corpus ParlaMint-LV-en, 13th Term, 2020-03-05	2020-03-05	Unicameralism	13. sasaukums	-	Regulārā	2020-03-05	-	COVID	English	Regular	MP	notMinister	ZZS	Zaļo un Zemnieku savienība	Opposition	Centre to centre-right	DaudzeGundars	Daudze, Gundars	M	-	
ParlaMint-LV-en_2020-03-05-PT13-2044	ParlaMint-LV_2020-03-05-PT13-2044-U398	Latvian parliamentary corpus ParlaMint-LV-en, 13th Term, 2020-03-05	2020-03-05	Unicameralism	13. sasaukums	-	Regulārā	2020-03-05	-	COVID	English	Chairperson	MP	notMinister	JK	Jaunā konservatīvā	Coalition	Centre-right	Beitnere-LeGallaDagmāra	Beitnere-Le Galla, Dagmāra	F	-	
ParlaMint-LV-en_2020-03-05-PT13-2044	ParlaMint-LV_2020-03-05-PT13-2044-U399	Latvian parliamentary corpus ParlaMint-LV-en, 13th Term, 2020-03-05	2020-03-05	Unicameralism	13. sasaukums	-	Regulārā	2020-03-05	-	COVID	English	Regular	MP	notMinister	NA	Nacionālā apvienība "Visu Latvijai!"–"Tēvzemei un Brīvībai/LNNK"	Coalition	Right	KiršteinsAleksandrs	Kiršteins, Aleksandrs	M	-	
ParlaMint-LV-en_2020-03-05-PT13-2044	ParlaMint-LV_2020-03-05-PT13-2044-U400	Latvian parliamentary corpus ParlaMint-LV-en, 13th Term, 2020-03-05	2020-03-05	Unicameralism	13. sasaukums	-	Regulārā	2020-03-05	-	COVID	English	Chairperson	MP	notMinister	JK	Jaunā konservatīvā	Coalition	Centre-right	Beitnere-LeGallaDagmāra	Beitnere-Le Galla, Dagmāra	F	-	
ParlaMint-LV-en_2020-03-05-PT13-2044	ParlaMint-LV_2020-03-05-PT13-2044-U401	Latvian parliamentary corpus ParlaMint-LV-en, 13th Term, 2020-03-05	2020-03-05	Unicameralism	13. sasaukums	-	Regulārā	2020-03-05	-	COVID	English	Regular	MP	notMinister	ZZS	Zaļo un Zemnieku savienība	Opposition	Centre to centre-right	Reizniece-OzolaDana	Reizniece-Ozola, Dana	F	-	
ParlaMint-LV-en_2020-03-05-PT13-2044	ParlaMint-LV_2020-03-05-PT13-2044-U402	Latvian parliamentary corpus ParlaMint-LV-en, 13th Term, 2020-03-05	2020-03-05	Unicameralism	13. sasaukums	-	Regulārā	2020-03-05	-	COVID	English	Chairperson	MP	notMinister	JK	Jaunā konservatīvā	Coalition	Centre-right	Beitnere-LeGallaDagmāra	Beitnere-Le Galla, Dagmāra	F	-	
ParlaMint-LV-en_2020-03-05-PT13-2044	ParlaMint-LV_2020-03-05-PT13-2044-U403	Latvian parliamentary corpus ParlaMint-LV-en, 13th Term, 2020-03-05	2020-03-05	Unicameralism	13. sasaukums	-	Regulārā	2020-03-05	-	COVID	English	Regular	MP	notMinister	ZZS	Zaļo un Zemnieku savienība	Opposition	Centre to centre-right	KrauzeArmands	Krauze, Armands	M	-	
ParlaMint-LV-en_2020-03-05-PT13-2044	ParlaMint-LV_2020-03-05-PT13-2044-U404	Latvian parliamentary corpus ParlaMint-LV-en, 13th Term, 2020-03-05	2020-03-05	Unicameralism	13. sasaukums	-	Regulārā	2020-03-05	-	COVID	English	Chairperson	MP	notMinister	JK	Jaunā konservatīvā	Coalition	Centre-right	Beitnere-LeGallaDagmāra	Beitnere-Le Galla, Dagmāra	F	-	
ParlaMint-LV-en_2020-03-05-PT13-2044	ParlaMint-LV_2020-03-05-PT13-2044-U405	Latvian parliamentary corpus ParlaMint-LV-en, 13th Term, 2020-03-05	2020-03-05	Unicameralism	13. sasaukums	-	Regulārā	2020-03-05	-	COVID	English	Regular	MP	notMinister	AP	Attīstībai/Par!	Coalition	Centre	PlešsArtūrsToms	Plešs, Artūrs Toms	M	-	
ParlaMint-LV-en_2020-03-05-PT13-2044	ParlaMint-LV_2020-03-05-PT13-2044-U406	Latvian parliamentary corpus ParlaMint-LV-en, 13th Term, 2020-03-05	2020-03-05	Unicameralism	13. sasaukums	-	Regulārā	2020-03-05	-	COVID	English	Chairperson	MP	notMinister	JK	Jaunā konservatīvā	Coalition	Centre-right	Beitnere-LeGallaDagmāra	Beitnere-Le Galla, Dagmāra	F	-	
ParlaMint-LV-en_2020-03-05-PT13-2044	ParlaMint-LV_2020-03-05-PT13-2044-U407	Latvian parliamentary corpus ParlaMint-LV-en, 13th Term, 2020-03-05	2020-03-05	Unicameralism	13. sasaukums	-	Regulārā	2020-03-05	-	COVID	English	Regular	MP	notMinister	SASKAŅA	SASKAŅA	Opposition	Centre-left	DombrovskisVjačeslavs	Dombrovskis, Vjačeslavs	M	-	
ParlaMint-LV-en_2020-03-05-PT13-2044	ParlaMint-LV_2020-03-05-PT13-2044-U408	Latvian parliamentary corpus ParlaMint-LV-en, 13th Term, 2020-03-05	2020-03-05	Unicameralism	13. sasaukums	-	Regulārā	2020-03-05	-	COVID	English	Chairperson	MP	notMinister	JK	Jaunā konservatīvā	Coalition	Centre-right	Beitnere-LeGallaDagmāra	Beitnere-Le Galla, Dagmāra	F	-	
ParlaMint-LV-en_2020-03-05-PT13-2044	ParlaMint-LV_2020-03-05-PT13-2044-U409	Latvian parliamentary corpus ParlaMint-LV-en, 13th Term, 2020-03-05	2020-03-05	Unicameralism	13. sasaukums	-	Regulārā	2020-03-05	-	COVID	English	Regular	MP	notMinister	SASKAŅA	SASKAŅA	Opposition	Centre-left	DombrovskisVjačeslavs	Dombrovskis, Vjačeslavs	M	-	
ParlaMint-LV-en_2020-03-05-PT13-2044	ParlaMint-LV_2020-03-05-PT13-2044-U410	Latvian parliamentary corpus ParlaMint-LV-en, 13th Term, 2020-03-05	2020-03-05	Unicameralism	13. sasaukums	-	Regulārā	2020-03-05	-	COVID	English	Chairperson	MP	notMinister	JK	Jaunā konservatīvā	Coalition	Centre-right	Beitnere-LeGallaDagmāra	Beitnere-Le Galla, Dagmāra	F	-	
ParlaMint-LV-en_2020-03-05-PT13-2044	ParlaMint-LV_2020-03-05-PT13-2044-U411	Latvian parliamentary corpus ParlaMint-LV-en, 13th Term, 2020-03-05	2020-03-05	Unicameralism	13. sasaukums	-	Regulārā	2020-03-05	-	COVID	English	Regular	MP	notMinister	SASKAŅA	SASKAŅA	Opposition	Centre-left	DombrovskisVjačeslavs	Dombrovskis, Vjačeslavs	M	-	
ParlaMint-LV-en_2020-03-05-PT13-2044	ParlaMint-LV_2020-03-05-PT13-2044-U412	Latvian parliamentary corpus ParlaMint-LV-en, 13th Term, 2020-03-05	2020-03-05	Unicameralism	13. sasaukums	-	Regulārā	2020-03-05	-	COVID	English	Chairperson	MP	notMinister	JK	Jaunā konservatīvā	Coalition	Centre-right	Beitnere-LeGallaDagmāra	Beitnere-Le Galla, Dagmāra	F	-	
ParlaMint-LV-en_2020-03-05-PT13-2044	ParlaMint-LV_2020-03-05-PT13-2044-U413	Latvian parliamentary corpus ParlaMint-LV-en, 13th Term, 2020-03-05	2020-03-05	Unicameralism	13. sasaukums	-	Regulārā	2020-03-05	-	COVID	English	Regular	MP	notMinister	ZZS	Zaļo un Zemnieku savienība	Opposition	Centre to centre-right	AugulisUldis	Augulis, Uldis	M	-	
ParlaMint-LV-en_2020-03-05-PT13-2044	ParlaMint-LV_2020-03-05-PT13-2044-U414	Latvian parliamentary corpus ParlaMint-LV-en, 13th Term, 2020-03-05	2020-03-05	Unicameralism	13. sasaukums	-	Regulārā	2020-03-05	-	COVID	English	Chairperson	MP	notMinister	JK	Jaunā konservatīvā	Coalition	Centre-right	Beitnere-LeGallaDagmāra	Beitnere-Le Galla, Dagmāra	F	-	
ParlaMint-LV-en_2020-03-05-PT13-2044	ParlaMint-LV_2020-03-05-PT13-2044-U415	Latvian parliamentary corpus ParlaMint-LV-en, 13th Term, 2020-03-05	2020-03-05	Unicameralism	13. sasaukums	-	Regulārā	2020-03-05	-	COVID	English	Regular	MP	notMinister	JK	Jaunā konservatīvā	Coalition	Centre-right	KazinovskisAndris	Kazinovskis, Andris	M	-	
ParlaMint-LV-en_2020-03-05-PT13-2044	ParlaMint-LV_2020-03-05-PT13-2044-U416	Latvian parliamentary corpus ParlaMint-LV-en, 13th Term, 2020-03-05	2020-03-05	Unicameralism	13. sasaukums	-	Regulārā	2020-03-05	-	COVID	English	Chairperson	MP	notMinister	JK	Jaunā konservatīvā	Coalition	Centre-right	Beitnere-LeGallaDagmāra	Beitnere-Le Galla, Dagmāra	F	-	
ParlaMint-LV-en_2020-03-05-PT13-2044	ParlaMint-LV_2020-03-05-PT13-2044-U417	Latvian parliamentary corpus ParlaMint-LV-en, 13th Term, 2020-03-05	2020-03-05	Unicameralism	13. sasaukums	-	Regulārā	2020-03-05	-	COVID	English	Regular	notMP	notMinister	-	-	-	-	ŠmitsDidzis	Šmits, Didzis	M	-	
ParlaMint-LV-en_2020-03-05-PT13-2044	ParlaMint-LV_2020-03-05-PT13-2044-U418	Latvian parliamentary corpus ParlaMint-LV-en, 13th Term, 2020-03-05	2020-03-05	Unicameralism	13. sasaukums	-	Regulārā	2020-03-05	-	COVID	English	Chairperson	MP	notMinister	JK	Jaunā konservatīvā	Coalition	Centre-right	Beitnere-LeGallaDagmāra	Beitnere-Le Galla, Dagmāra	F	-	
ParlaMint-LV-en_2020-03-05-PT13-2044	ParlaMint-LV_2020-03-05-PT13-2044-U419	Latvian parliamentary corpus ParlaMint-LV-en, 13th Term, 2020-03-05	2020-03-05	Unicameralism	13. sasaukums	-	Regulārā	2020-03-05	-	COVID	English	Regular	MP	notMinister	SASKAŅA	SASKAŅA	Opposition	Centre-left	DolgopolovsSergejs	Dolgopolovs, Sergejs	M	-	
ParlaMint-LV-en_2020-03-05-PT13-2044	ParlaMint-LV_2020-03-05-PT13-2044-U420	Latvian parliamentary corpus ParlaMint-LV-en, 13th Term, 2020-03-05	2020-03-05	Unicameralism	13. sasaukums	-	Regulārā	2020-03-05	-	COVID	English	Chairperson	MP	notMinister	JK	Jaunā konservatīvā	Coalition	Centre-right	Beitnere-LeGallaDagmāra	Beitnere-Le Galla, Dagmāra	F	-	
ParlaMint-LV-en_2020-03-05-PT13-2044	ParlaMint-LV_2020-03-05-PT13-2044-U421	Latvian parliamentary corpus ParlaMint-LV-en, 13th Term, 2020-03-05	2020-03-05	Unicameralism	13. sasaukums	-	Regulārā	2020-03-05	-	COVID	English	Regular	MP	notMinister	ZZS	Zaļo un Zemnieku savienība	Opposition	Centre to centre-right	ValainisViktors	Valainis, Viktors	M	-	
ParlaMint-LV-en_2020-03-05-PT13-2044	ParlaMint-LV_2020-03-05-PT13-2044-U422	Latvian parliamentary corpus ParlaMint-LV-en, 13th Term, 2020-03-05	2020-03-05	Unicameralism	13. sasaukums	-	Regulārā	2020-03-05	-	COVID	English	Chairperson	MP	notMinister	JK	Jaunā konservatīvā	Coalition	Centre-right	Beitnere-LeGallaDagmāra	Beitnere-Le Galla, Dagmāra	F	-	
ParlaMint-LV-en_2020-03-05-PT13-2044	ParlaMint-LV_2020-03-05-PT13-2044-U423	Latvian parliamentary corpus ParlaMint-LV-en, 13th Term, 2020-03-05	2020-03-05	Unicameralism	13. sasaukums	-	Regulārā	2020-03-05	-	COVID	English	Regular	MP	notMinister	ZZS	Zaļo un Zemnieku savienība	Opposition	Centre to centre-right	ValainisViktors	Valainis, Viktors	M	-	
ParlaMint-LV-en_2020-03-05-PT13-2044	ParlaMint-LV_2020-03-05-PT13-2044-U424	Latvian parliamentary corpus ParlaMint-LV-en, 13th Term, 2020-03-05	2020-03-05	Unicameralism	13. sasaukums	-	Regulārā	2020-03-05	-	COVID	English	Chairperson	MP	notMinister	JK	Jaunā konservatīvā	Coalition	Centre-right	Beitnere-LeGallaDagmāra	Beitnere-Le Galla, Dagmāra	F	-	
ParlaMint-LV-en_2020-03-05-PT13-2044	ParlaMint-LV_2020-03-05-PT13-2044-U425	Latvian parliamentary corpus ParlaMint-LV-en, 13th Term, 2020-03-05	2020-03-05	Unicameralism	13. sasaukums	-	Regulārā	2020-03-05	-	COVID	English	Regular	MP	notMinister	KPV-LV	Kam pieder valsts?	Coalition	Centre-right to right	GobzemsAldis	Gobzems, Aldis	M	-	
ParlaMint-LV-en_2020-03-05-PT13-2044	ParlaMint-LV_2020-03-05-PT13-2044-U426	Latvian parliamentary corpus ParlaMint-LV-en, 13th Term, 2020-03-05	2020-03-05	Unicameralism	13. sasaukums	-	Regulārā	2020-03-05	-	COVID	English	Chairperson	MP	notMinister	JK	Jaunā konservatīvā	Coalition	Centre-right	Beitnere-LeGallaDagmāra	Beitnere-Le Galla, Dagmāra	F	-	
ParlaMint-LV-en_2020-03-05-PT13-2044	ParlaMint-LV_2020-03-05-PT13-2044-U427	Latvian parliamentary corpus ParlaMint-LV-en, 13th Term, 2020-03-05	2020-03-05	Unicameralism	13. sasaukums	-	Regulārā	2020-03-05	-	COVID	English	Regular	MP	notMinister	KPV-LV	Kam pieder valsts?	Coalition	Centre-right to right	GobzemsAldis	Gobzems, Aldis	M	-	
ParlaMint-LV-en_2020-03-05-PT13-2044	ParlaMint-LV_2020-03-05-PT13-2044-U428	Latvian parliamentary corpus ParlaMint-LV-en, 13th Term, 2020-03-05	2020-03-05	Unicameralism	13. sasaukums	-	Regulārā	2020-03-05	-	COVID	English	Chairperson	MP	notMinister	JK	Jaunā konservatīvā	Coalition	Centre-right	Beitnere-LeGallaDagmāra	Beitnere-Le Galla, Dagmāra	F	-	
ParlaMint-LV-en_2020-03-05-PT13-2044	ParlaMint-LV_2020-03-05-PT13-2044-U429	Latvian parliamentary corpus ParlaMint-LV-en, 13th Term, 2020-03-05	2020-03-05	Unicameralism	13. sasaukums	-	Regulārā	2020-03-05	-	COVID	English	Regular	MP	notMinister	KPV-LV	Kam pieder valsts?	Coalition	Centre-right to right	GobzemsAldis	Gobzems, Aldis	M	-	
ParlaMint-LV-en_2020-03-05-PT13-2044	ParlaMint-LV_2020-03-05-PT13-2044-U430	Latvian parliamentary corpus ParlaMint-LV-en, 13th Term, 2020-03-05	2020-03-05	Unicameralism	13. sasaukums	-	Regulārā	2020-03-05	-	COVID	English	Chairperson	MP	notMinister	JK	Jaunā konservatīvā	Coalition	Centre-right	Beitnere-LeGallaDagmāra	Beitnere-Le Galla, Dagmāra	F	-	
ParlaMint-LV-en_2020-03-05-PT13-2044	ParlaMint-LV_2020-03-05-PT13-2044-U431	Latvian parliamentary corpus ParlaMint-LV-en, 13th Term, 2020-03-05	2020-03-05	Unicameralism	13. sasaukums	-	Regulārā	2020-03-05	-	COVID	English	Regular	MP	notMinister	KPV-LV	Kam pieder valsts?	Coalition	Centre-right to right	GobzemsAldis	Gobzems, Aldis	M	-	
ParlaMint-LV-en_2020-03-05-PT13-2044	ParlaMint-LV_2020-03-05-PT13-2044-U432	Latvian parliamentary corpus ParlaMint-LV-en, 13th Term, 2020-03-05	2020-03-05	Unicameralism	13. sasaukums	-	Regulārā	2020-03-05	-	COVID	English	Chairperson	MP	notMinister	JK	Jaunā konservatīvā	Coalition	Centre-right	Beitnere-LeGallaDagmāra	Beitnere-Le Galla, Dagmāra	F	-	
ParlaMint-LV-en_2020-03-05-PT13-2044	ParlaMint-LV_2020-03-05-PT13-2044-U433	Latvian parliamentary corpus ParlaMint-LV-en, 13th Term, 2020-03-05	2020-03-05	Unicameralism	13. sasaukums	-	Regulārā	2020-03-05	-	COVID	English	Regular	MP	notMinister	SASKAŅA	SASKAŅA	Opposition	Centre-left	Ločmele-LuņovaRegīna	Ločmele-Luņova, Regīna	F	-	
ParlaMint-LV-en_2020-03-05-PT13-2044	ParlaMint-LV_2020-03-05-PT13-2044-U434	Latvian parliamentary corpus ParlaMint-LV-en, 13th Term, 2020-03-05	2020-03-05	Unicameralism	13. sasaukums	-	Regulārā	2020-03-05	-	COVID	English	Chairperson	MP	notMinister	JK	Jaunā konservatīvā	Coalition	Centre-right	Beitnere-LeGallaDagmāra	Beitnere-Le Galla, Dagmāra	F	-	
ParlaMint-LV-en_2020-03-05-PT13-2044	ParlaMint-LV_2020-03-05-PT13-2044-U435	Latvian parliamentary corpus ParlaMint-LV-en, 13th Term, 2020-03-05	2020-03-05	Unicameralism	13. sasaukums	-	Regulārā	2020-03-05	-	COVID	English	Regular	MP	notMinister	ZZS	Zaļo un Zemnieku savienība	Opposition	Centre to centre-right	Reizniece-OzolaDana	Reizniece-Ozola, Dana	F	-	
ParlaMint-LV-en_2020-03-05-PT13-2044	ParlaMint-LV_2020-03-05-PT13-2044-U436	Latvian parliamentary corpus ParlaMint-LV-en, 13th Term, 2020-03-05	2020-03-05	Unicameralism	13. sasaukums	-	Regulārā	2020-03-05	-	COVID	English	Chairperson	MP	notMinister	JK	Jaunā konservatīvā	Coalition	Centre-right	Beitnere-LeGallaDagmāra	Beitnere-Le Galla, Dagmāra	F	-	
ParlaMint-LV-en_2020-03-05-PT13-2044	ParlaMint-LV_2020-03-05-PT13-2044-U437	Latvian parliamentary corpus ParlaMint-LV-en, 13th Term, 2020-03-05	2020-03-05	Unicameralism	13. sasaukums	-	Regulārā	2020-03-05	-	COVID	English	Regular	MP	notMinister	ZZS	Zaļo un Zemnieku savienība	Opposition	Centre to centre-right	AugulisUldis	Augulis, Uldis	M	-	
ParlaMint-LV-en_2020-03-05-PT13-2044	ParlaMint-LV_2020-03-05-PT13-2044-U438	Latvian parliamentary corpus ParlaMint-LV-en, 13th Term, 2020-03-05	2020-03-05	Unicameralism	13. sasaukums	-	Regulārā	2020-03-05	-	COVID	English	Chairperson	MP	notMinister	JK	Jaunā konservatīvā	Coalition	Centre-right	Beitnere-LeGallaDagmāra	Beitnere-Le Galla, Dagmāra	F	-	
ParlaMint-LV-en_2020-03-05-PT13-2044	ParlaMint-LV_2020-03-05-PT13-2044-U439	Latvian parliamentary corpus ParlaMint-LV-en, 13th Term, 2020-03-05	2020-03-05	Unicameralism	13. sasaukums	-	Regulārā	2020-03-05	-	COVID	English	Regular	notMP	notMinister	-	-	-	-	ŠmitsDidzis	Šmits, Didzis	M	-	
ParlaMint-LV-en_2020-03-05-PT13-2044	ParlaMint-LV_2020-03-05-PT13-2044-U440	Latvian parliamentary corpus ParlaMint-LV-en, 13th Term, 2020-03-05	2020-03-05	Unicameralism	13. sasaukums	-	Regulārā	2020-03-05	-	COVID	English	Chairperson	MP	notMinister	JK	Jaunā konservatīvā	Coalition	Centre-right	Beitnere-LeGallaDagmāra	Beitnere-Le Galla, Dagmāra	F	-	
ParlaMint-LV-en_2020-03-05-PT13-2044	ParlaMint-LV_2020-03-05-PT13-2044-U441	Latvian parliamentary corpus ParlaMint-LV-en, 13th Term, 2020-03-05	2020-03-05	Unicameralism	13. sasaukums	-	Regulārā	2020-03-05	-	COVID	English	Regular	MP	notMinister	ZZS	Zaļo un Zemnieku savienība	Opposition	Centre to centre-right	ValainisViktors	Valainis, Viktors	M	-	
ParlaMint-LV-en_2020-03-05-PT13-2044	ParlaMint-LV_2020-03-05-PT13-2044-U442	Latvian parliamentary corpus ParlaMint-LV-en, 13th Term, 2020-03-05	2020-03-05	Unicameralism	13. sasaukums	-	Regulārā	2020-03-05	-	COVID	English	Chairperson	MP	notMinister	JK	Jaunā konservatīvā	Coalition	Centre-right	Beitnere-LeGallaDagmāra	Beitnere-Le Galla, Dagmāra	F	-	
ParlaMint-LV-en_2020-03-05-PT13-2044	ParlaMint-LV_2020-03-05-PT13-2044-U443	Latvian parliamentary corpus ParlaMint-LV-en, 13th Term, 2020-03-05	2020-03-05	Unicameralism	13. sasaukums	-	Regulārā	2020-03-05	-	COVID	English	Regular	MP	notMinister	KPV-LV	Kam pieder valsts?	Coalition	Centre-right to right	GobzemsAldis	Gobzems, Aldis	M	-	
ParlaMint-LV-en_2020-03-05-PT13-2044	ParlaMint-LV_2020-03-05-PT13-2044-U444	Latvian parliamentary corpus ParlaMint-LV-en, 13th Term, 2020-03-05	2020-03-05	Unicameralism	13. sasaukums	-	Regulārā	2020-03-05	-	COVID	English	Chairperson	MP	notMinister	JK	Jaunā konservatīvā	Coalition	Centre-right	Beitnere-LeGallaDagmāra	Beitnere-Le Galla, Dagmāra	F	-	
ParlaMint-LV-en_2020-03-05-PT13-2044	ParlaMint-LV_2020-03-05-PT13-2044-U445	Latvian parliamentary corpus ParlaMint-LV-en, 13th Term, 2020-03-05	2020-03-05	Unicameralism	13. sasaukums	-	Regulārā	2020-03-05	-	COVID	English	Regular	MP	notMinister	SASKAŅA	SASKAŅA	Opposition	Centre-left	Ločmele-LuņovaRegīna	Ločmele-Luņova, Regīna	F	-	
ParlaMint-LV-en_2020-03-05-PT13-2044	ParlaMint-LV_2020-03-05-PT13-2044-U446	Latvian parliamentary corpus ParlaMint-LV-en, 13th Term, 2020-03-05	2020-03-05	Unicameralism	13. sasaukums	-	Regulārā	2020-03-05	-	COVID	English	Chairperson	MP	notMinister	JK	Jaunā konservatīvā	Coalition	Centre-right	Beitnere-LeGallaDagmāra	Beitnere-Le Galla, Dagmāra	F	-	
ParlaMint-LV-en_2020-03-05-PT13-2044	ParlaMint-LV_2020-03-05-PT13-2044-U447	Latvian parliamentary corpus ParlaMint-LV-en, 13th Term, 2020-03-05	2020-03-05	Unicameralism	13. sasaukums	-	Regulārā	2020-03-05	-	COVID	English	Regular	MP	notMinister	SASKAŅA	SASKAŅA	Opposition	Centre-left	Ločmele-LuņovaRegīna	Ločmele-Luņova, Regīna	F	-	
ParlaMint-LV-en_2020-03-05-PT13-2044	ParlaMint-LV_2020-03-05-PT13-2044-U448	Latvian parliamentary corpus ParlaMint-LV-en, 13th Term, 2020-03-05	2020-03-05	Unicameralism	13. sasaukums	-	Regulārā	2020-03-05	-	COVID	English	Chairperson	MP	notMinister	JK	Jaunā konservatīvā	Coalition	Centre-right	Beitnere-LeGallaDagmāra	Beitnere-Le Galla, Dagmāra	F	-	
ParlaMint-LV-en_2020-03-05-PT13-2044	ParlaMint-LV_2020-03-05-PT13-2044-U449	Latvian parliamentary corpus ParlaMint-LV-en, 13th Term, 2020-03-05	2020-03-05	Unicameralism	13. sasaukums	-	Regulārā	2020-03-05	-	COVID	English	Regular	MP	notMinister	SASKAŅA	SASKAŅA	Opposition	Centre-left	Ločmele-LuņovaRegīna	Ločmele-Luņova, Regīna	F	-	
ParlaMint-LV-en_2020-03-05-PT13-2044	ParlaMint-LV_2020-03-05-PT13-2044-U450	Latvian parliamentary corpus ParlaMint-LV-en, 13th Term, 2020-03-05	2020-03-05	Unicameralism	13. sasaukums	-	Regulārā	2020-03-05	-	COVID	English	Chairperson	MP	notMinister	JK	Jaunā konservatīvā	Coalition	Centre-right	Beitnere-LeGallaDagmāra	Beitnere-Le Galla, Dagmāra	F	-	
ParlaMint-LV-en_2020-03-05-PT13-2044	ParlaMint-LV_2020-03-05-PT13-2044-U451	Latvian parliamentary corpus ParlaMint-LV-en, 13th Term, 2020-03-05	2020-03-05	Unicameralism	13. sasaukums	-	Regulārā	2020-03-05	-	COVID	English	Regular	MP	notMinister	SASKAŅA	SASKAŅA	Opposition	Centre-left	Ločmele-LuņovaRegīna	Ločmele-Luņova, Regīna	F	-	
ParlaMint-LV-en_2020-03-05-PT13-2044	ParlaMint-LV_2020-03-05-PT13-2044-U452	Latvian parliamentary corpus ParlaMint-LV-en, 13th Term, 2020-03-05	2020-03-05	Unicameralism	13. sasaukums	-	Regulārā	2020-03-05	-	COVID	English	Chairperson	MP	notMinister	JK	Jaunā konservatīvā	Coalition	Centre-right	Beitnere-LeGallaDagmāra	Beitnere-Le Galla, Dagmāra	F	-	
ParlaMint-LV-en_2020-03-05-PT13-2044	ParlaMint-LV_2020-03-05-PT13-2044-U453	Latvian parliamentary corpus ParlaMint-LV-en, 13th Term, 2020-03-05	2020-03-05	Unicameralism	13. sasaukums	-	Regulārā	2020-03-05	-	COVID	English	Regular	MP	notMinister	AP	Attīstībai/Par!	Coalition	Centre	BondarsMārtiņš	Bondars, Mārtiņš	M	-	
ParlaMint-LV-en_2020-03-05-PT13-2044	ParlaMint-LV_2020-03-05-PT13-2044-U454	Latvian parliamentary corpus ParlaMint-LV-en, 13th Term, 2020-03-05	2020-03-05	Unicameralism	13. sasaukums	-	Regulārā	2020-03-05	-	COVID	English	Chairperson	MP	notMinister	JK	Jaunā konservatīvā	Coalition	Centre-right	Beitnere-LeGallaDagmāra	Beitnere-Le Galla, Dagmāra	F	-	
ParlaMint-LV-en_2020-03-05-PT13-2044	ParlaMint-LV_2020-03-05-PT13-2044-U455	Latvian parliamentary corpus ParlaMint-LV-en, 13th Term, 2020-03-05	2020-03-05	Unicameralism	13. sasaukums	-	Regulārā	2020-03-05	-	COVID	English	Regular	MP	notMinister	AP	Attīstībai/Par!	Coalition	Centre	BondarsMārtiņš	Bondars, Mārtiņš	M	-	
ParlaMint-LV-en_2020-03-05-PT13-2044	ParlaMint-LV_2020-03-05-PT13-2044-U456	Latvian parliamentary corpus ParlaMint-LV-en, 13th Term, 2020-03-05	2020-03-05	Unicameralism	13. sasaukums	-	Regulārā	2020-03-05	-	COVID	English	Chairperson	MP	notMinister	JK	Jaunā konservatīvā	Coalition	Centre-right	Beitnere-LeGallaDagmāra	Beitnere-Le Galla, Dagmāra	F	-	
ParlaMint-LV-en_2020-03-05-PT13-2044	ParlaMint-LV_2020-03-05-PT13-2044-U457	Latvian parliamentary corpus ParlaMint-LV-en, 13th Term, 2020-03-05	2020-03-05	Unicameralism	13. sasaukums	-	Regulārā	2020-03-05	-	COVID	English	Regular	MP	notMinister	AP	Attīstībai/Par!	Coalition	Centre	BondarsMārtiņš	Bondars, Mārtiņš	M	-	
ParlaMint-LV-en_2020-03-05-PT13-2044	ParlaMint-LV_2020-03-05-PT13-2044-U458	Latvian parliamentary corpus ParlaMint-LV-en, 13th Term, 2020-03-05	2020-03-05	Unicameralism	13. sasaukums	-	Regulārā	2020-03-05	-	COVID	English	Chairperson	MP	notMinister	JK	Jaunā konservatīvā	Coalition	Centre-right	Beitnere-LeGallaDagmāra	Beitnere-Le Galla, Dagmāra	F	-	
ParlaMint-LV-en_2020-03-05-PT13-2044	ParlaMint-LV_2020-03-05-PT13-2044-U459	Latvian parliamentary corpus ParlaMint-LV-en, 13th Term, 2020-03-05	2020-03-05	Unicameralism	13. sasaukums	-	Regulārā	2020-03-05	-	COVID	English	Regular	MP	notMinister	NA	Nacionālā apvienība "Visu Latvijai!"–"Tēvzemei un Brīvībai/LNNK"	Coalition	Right	IndriksoneIlze	Indriksone, Ilze	F	-	
ParlaMint-LV-en_2020-03-05-PT13-2044	ParlaMint-LV_2020-03-05-PT13-2044-U460	Latvian parliamentary corpus ParlaMint-LV-en, 13th Term, 2020-03-05	2020-03-05	Unicameralism	13. sasaukums	-	Regulārā	2020-03-05	-	COVID	English	Chairperson	MP	notMinister	JK	Jaunā konservatīvā	Coalition	Centre-right	Beitnere-LeGallaDagmāra	Beitnere-Le Galla, Dagmāra	F	-	
ParlaMint-LV-en_2020-03-05-PT13-2044	ParlaMint-LV_2020-03-05-PT13-2044-U461	Latvian parliamentary corpus ParlaMint-LV-en, 13th Term, 2020-03-05	2020-03-05	Unicameralism	13. sasaukums	-	Regulārā	2020-03-05	-	COVID	English	Regular	notMP	notMinister	-	-	-	-	LiepiņaLiene	Liepiņa, Liene	F	-	
ParlaMint-LV-en_2020-03-05-PT13-2044	ParlaMint-LV_2020-03-05-PT13-2044-U462	Latvian parliamentary corpus ParlaMint-LV-en, 13th Term, 2020-03-05	2020-03-05	Unicameralism	13. sasaukums	-	Regulārā	2020-03-05	-	COVID	English	Chairperson	MP	notMinister	JK	Jaunā konservatīvā	Coalition	Centre-right	Beitnere-LeGallaDagmāra	Beitnere-Le Galla, Dagmāra	F	-	
ParlaMint-LV-en_2020-03-05-PT13-2044	ParlaMint-LV_2020-03-05-PT13-2044-U463	Latvian parliamentary corpus ParlaMint-LV-en, 13th Term, 2020-03-05	2020-03-05	Unicameralism	13. sasaukums	-	Regulārā	2020-03-05	-	COVID	English	Regular	MP	notMinister	AP	Attīstībai/Par!	Coalition	Centre	PlešsArtūrsToms	Plešs, Artūrs Toms	M	-	
ParlaMint-LV-en_2020-03-05-PT13-2044	ParlaMint-LV_2020-03-05-PT13-2044-U464	Latvian parliamentary corpus ParlaMint-LV-en, 13th Term, 2020-03-05	2020-03-05	Unicameralism	13. sasaukums	-	Regulārā	2020-03-05	-	COVID	English	Chairperson	MP	notMinister	JK	Jaunā konservatīvā	Coalition	Centre-right	Beitnere-LeGallaDagmāra	Beitnere-Le Galla, Dagmāra	F	-	
ParlaMint-LV-en_2020-03-05-PT13-2044	ParlaMint-LV_2020-03-05-PT13-2044-U465	Latvian parliamentary corpus ParlaMint-LV-en, 13th Term, 2020-03-05	2020-03-05	Unicameralism	13. sasaukums	-	Regulārā	2020-03-05	-	COVID	English	Regular	MP	notMinister	AP	Attīstībai/Par!	Coalition	Centre	PlešsArtūrsToms	Plešs, Artūrs Toms	M	-	
ParlaMint-LV-en_2020-03-05-PT13-2044	ParlaMint-LV_2020-03-05-PT13-2044-U466	Latvian parliamentary corpus ParlaMint-LV-en, 13th Term, 2020-03-05	2020-03-05	Unicameralism	13. sasaukums	-	Regulārā	2020-03-05	-	COVID	English	Chairperson	MP	notMinister	JK	Jaunā konservatīvā	Coalition	Centre-right	Beitnere-LeGallaDagmāra	Beitnere-Le Galla, Dagmāra	F	-	
ParlaMint-LV-en_2020-03-05-PT13-2044	ParlaMint-LV_2020-03-05-PT13-2044-U467	Latvian parliamentary corpus ParlaMint-LV-en, 13th Term, 2020-03-05	2020-03-05	Unicameralism	13. sasaukums	-	Regulārā	2020-03-05	-	COVID	English	Regular	MP	notMinister	ZZS	Zaļo un Zemnieku savienība	Opposition	Centre to centre-right	ValainisViktors	Valainis, Viktors	M	-	
ParlaMint-LV-en_2020-03-05-PT13-2044	ParlaMint-LV_2020-03-05-PT13-2044-U468	Latvian parliamentary corpus ParlaMint-LV-en, 13th Term, 2020-03-05	2020-03-05	Unicameralism	13. sasaukums	-	Regulārā	2020-03-05	-	COVID	English	Chairperson	MP	notMinister	JK	Jaunā konservatīvā	Coalition	Centre-right	Beitnere-LeGallaDagmāra	Beitnere-Le Galla, Dagmāra	F	-	
ParlaMint-LV-en_2020-03-05-PT13-2044	ParlaMint-LV_2020-03-05-PT13-2044-U469	Latvian parliamentary corpus ParlaMint-LV-en, 13th Term, 2020-03-05	2020-03-05	Unicameralism	13. sasaukums	-	Regulārā	2020-03-05	-	COVID	English	Regular	MP	notMinister	ZZS	Zaļo un Zemnieku savienība	Opposition	Centre to centre-right	ValainisViktors	Valainis, Viktors	M	-	
ParlaMint-LV-en_2020-03-05-PT13-2044	ParlaMint-LV_2020-03-05-PT13-2044-U470	Latvian parliamentary corpus ParlaMint-LV-en, 13th Term, 2020-03-05	2020-03-05	Unicameralism	13. sasaukums	-	Regulārā	2020-03-05	-	COVID	English	Chairperson	MP	notMinister	JK	Jaunā konservatīvā	Coalition	Centre-right	Beitnere-LeGallaDagmāra	Beitnere-Le Galla, Dagmāra	F	-	
ParlaMint-LV-en_2020-03-05-PT13-2044	ParlaMint-LV_2020-03-05-PT13-2044-U471	Latvian parliamentary corpus ParlaMint-LV-en, 13th Term, 2020-03-05	2020-03-05	Unicameralism	13. sasaukums	-	Regulārā	2020-03-05	-	COVID	English	Regular	MP	notMinister	SASKAŅA	SASKAŅA	Opposition	Centre-left	DombrovskisVjačeslavs	Dombrovskis, Vjačeslavs	M	-	
ParlaMint-LV-en_2020-03-05-PT13-2044	ParlaMint-LV_2020-03-05-PT13-2044-U472	Latvian parliamentary corpus ParlaMint-LV-en, 13th Term, 2020-03-05	2020-03-05	Unicameralism	13. sasaukums	-	Regulārā	2020-03-05	-	COVID	English	Chairperson	MP	notMinister	JK	Jaunā konservatīvā	Coalition	Centre-right	Beitnere-LeGallaDagmāra	Beitnere-Le Galla, Dagmāra	F	-	
ParlaMint-LV-en_2020-03-05-PT13-2044	ParlaMint-LV_2020-03-05-PT13-2044-U473	Latvian parliamentary corpus ParlaMint-LV-en, 13th Term, 2020-03-05	2020-03-05	Unicameralism	13. sasaukums	-	Regulārā	2020-03-05	-	COVID	English	Regular	MP	notMinister	ZZS	Zaļo un Zemnieku savienība	Opposition	Centre to centre-right	ValainisViktors	Valainis, Viktors	M	-	
ParlaMint-LV-en_2020-03-05-PT13-2044	ParlaMint-LV_2020-03-05-PT13-2044-U474	Latvian parliamentary corpus ParlaMint-LV-en, 13th Term, 2020-03-05	2020-03-05	Unicameralism	13. sasaukums	-	Regulārā	2020-03-05	-	COVID	English	Chairperson	MP	notMinister	JK	Jaunā konservatīvā	Coalition	Centre-right	Beitnere-LeGallaDagmāra	Beitnere-Le Galla, Dagmāra	F	-	
ParlaMint-LV-en_2020-03-05-PT13-2044	ParlaMint-LV_2020-03-05-PT13-2044-U475	Latvian parliamentary corpus ParlaMint-LV-en, 13th Term, 2020-03-05	2020-03-05	Unicameralism	13. sasaukums	-	Regulārā	2020-03-05	-	COVID	English	Regular	MP	notMinister	SASKAŅA	SASKAŅA	Opposition	Centre-left	DolgopolovsSergejs	Dolgopolovs, Sergejs	M	-	
ParlaMint-LV-en_2020-03-05-PT13-2044	ParlaMint-LV_2020-03-05-PT13-2044-U476	Latvian parliamentary corpus ParlaMint-LV-en, 13th Term, 2020-03-05	2020-03-05	Unicameralism	13. sasaukums	-	Regulārā	2020-03-05	-	COVID	English	Chairperson	MP	notMinister	JK	Jaunā konservatīvā	Coalition	Centre-right	Beitnere-LeGallaDagmāra	Beitnere-Le Galla, Dagmāra	F	-	
ParlaMint-LV-en_2020-03-05-PT13-2044	ParlaMint-LV_2020-03-05-PT13-2044-U477	Latvian parliamentary corpus ParlaMint-LV-en, 13th Term, 2020-03-05	2020-03-05	Unicameralism	13. sasaukums	-	Regulārā	2020-03-05	-	COVID	English	Regular	MP	notMinister	ZZS	Zaļo un Zemnieku savienība	Opposition	Centre to centre-right	KrauzeArmands	Krauze, Armands	M	-	
ParlaMint-LV-en_2020-03-05-PT13-2044	ParlaMint-LV_2020-03-05-PT13-2044-U478	Latvian parliamentary corpus ParlaMint-LV-en, 13th Term, 2020-03-05	2020-03-05	Unicameralism	13. sasaukums	-	Regulārā	2020-03-05	-	COVID	English	Chairperson	MP	notMinister	JK	Jaunā konservatīvā	Coalition	Centre-right	Beitnere-LeGallaDagmāra	Beitnere-Le Galla, Dagmāra	F	-	
ParlaMint-LV-en_2020-03-05-PT13-2044	ParlaMint-LV_2020-03-05-PT13-2044-U479	Latvian parliamentary corpus ParlaMint-LV-en, 13th Term, 2020-03-05	2020-03-05	Unicameralism	13. sasaukums	-	Regulārā	2020-03-05	-	COVID	English	Regular	MP	notMinister	ZZS	Zaļo un Zemnieku savienība	Opposition	Centre to centre-right	Reizniece-OzolaDana	Reizniece-Ozola, Dana	F	-	
ParlaMint-LV-en_2020-03-05-PT13-2044	ParlaMint-LV_2020-03-05-PT13-2044-U480	Latvian parliamentary corpus ParlaMint-LV-en, 13th Term, 2020-03-05	2020-03-05	Unicameralism	13. sasaukums	-	Regulārā	2020-03-05	-	COVID	English	Chairperson	MP	notMinister	JK	Jaunā konservatīvā	Coalition	Centre-right	Beitnere-LeGallaDagmāra	Beitnere-Le Galla, Dagmāra	F	-	
ParlaMint-LV-en_2020-03-05-PT13-2044	ParlaMint-LV_2020-03-05-PT13-2044-U481	Latvian parliamentary corpus ParlaMint-LV-en, 13th Term, 2020-03-05	2020-03-05	Unicameralism	13. sasaukums	-	Regulārā	2020-03-05	-	COVID	English	Guest	MP	notMinister	AP	Attīstībai/Par!	Coalition	Centre	GolubevaMarija	Golubeva, Marija	F	-	
ParlaMint-LV-en_2020-03-05-PT13-2044	ParlaMint-LV_2020-03-05-PT13-2044-U482	Latvian parliamentary corpus ParlaMint-LV-en, 13th Term, 2020-03-05	2020-03-05	Unicameralism	13. sasaukums	-	Regulārā	2020-03-05	-	COVID	English	Chairperson	MP	notMinister	JV	JAUNĀ VIENOTĪBA	Coalition	Centre-right	Lībiņa-EgnereInese	Lībiņa-Egnere, Inese	F	-	
ParlaMint-LV-en_2020-03-05-PT13-2044	ParlaMint-LV_2020-03-05-PT13-2044-U483	Latvian parliamentary corpus ParlaMint-LV-en, 13th Term, 2020-03-05	2020-03-05	Unicameralism	13. sasaukums	-	Regulārā	2020-03-05	-	COVID	English	Regular	MP	notMinister	KPV-LV	Kam pieder valsts?	Coalition	Centre-right to right	GobzemsAldis	Gobzems, Aldis	M	-	
ParlaMint-LV-en_2020-03-05-PT13-2044	ParlaMint-LV_2020-03-05-PT13-2044-U484	Latvian parliamentary corpus ParlaMint-LV-en, 13th Term, 2020-03-05	2020-03-05	Unicameralism	13. sasaukums	-	Regulārā	2020-03-05	-	COVID	English	Chairperson	MP	notMinister	JV	JAUNĀ VIENOTĪBA	Coalition	Centre-right	Lībiņa-EgnereInese	Lībiņa-Egnere, Inese	F	-	
ParlaMint-LV-en_2020-03-05-PT13-2044	ParlaMint-LV_2020-03-05-PT13-2044-U485	Latvian parliamentary corpus ParlaMint-LV-en, 13th Term, 2020-03-05	2020-03-05	Unicameralism	13. sasaukums	-	Regulārā	2020-03-05	-	COVID	English	Regular	MP	notMinister	KPV-LV	Kam pieder valsts?	Coalition	Centre-right to right	GobzemsAldis	Gobzems, Aldis	M	-	
ParlaMint-LV-en_2020-03-05-PT13-2044	ParlaMint-LV_2020-03-05-PT13-2044-U486	Latvian parliamentary corpus ParlaMint-LV-en, 13th Term, 2020-03-05	2020-03-05	Unicameralism	13. sasaukums	-	Regulārā	2020-03-05	-	COVID	English	Chairperson	MP	notMinister	JV	JAUNĀ VIENOTĪBA	Coalition	Centre-right	Lībiņa-EgnereInese	Lībiņa-Egnere, Inese	F	-	
ParlaMint-LV-en_2020-03-05-PT13-2044	ParlaMint-LV_2020-03-05-PT13-2044-U487	Latvian parliamentary corpus ParlaMint-LV-en, 13th Term, 2020-03-05	2020-03-05	Unicameralism	13. sasaukums	-	Regulārā	2020-03-05	-	COVID	English	Regular	MP	notMinister	AP	Attīstībai/Par!	Coalition	Centre	PlešsArtūrsToms	Plešs, Artūrs Toms	M	-	
ParlaMint-LV-en_2020-03-05-PT13-2044	ParlaMint-LV_2020-03-05-PT13-2044-U488	Latvian parliamentary corpus ParlaMint-LV-en, 13th Term, 2020-03-05	2020-03-05	Unicameralism	13. sasaukums	-	Regulārā	2020-03-05	-	COVID	English	Chairperson	MP	notMinister	JV	JAUNĀ VIENOTĪBA	Coalition	Centre-right	Lībiņa-EgnereInese	Lībiņa-Egnere, Inese	F	-	
ParlaMint-LV-en_2020-03-05-PT13-2044	ParlaMint-LV_2020-03-05-PT13-2044-U489	Latvian parliamentary corpus ParlaMint-LV-en, 13th Term, 2020-03-05	2020-03-05	Unicameralism	13. sasaukums	-	Regulārā	2020-03-05	-	COVID	English	Regular	MP	notMinister	ZZS	Zaļo un Zemnieku savienība	Opposition	Centre to centre-right	ValainisViktors	Valainis, Viktors	M	-	
ParlaMint-LV-en_2020-03-05-PT13-2044	ParlaMint-LV_2020-03-05-PT13-2044-U490	Latvian parliamentary corpus ParlaMint-LV-en, 13th Term, 2020-03-05	2020-03-05	Unicameralism	13. sasaukums	-	Regulārā	2020-03-05	-	COVID	English	Chairperson	MP	notMinister	JV	JAUNĀ VIENOTĪBA	Coalition	Centre-right	Lībiņa-EgnereInese	Lībiņa-Egnere, Inese	F	-	
ParlaMint-LV-en_2020-03-05-PT13-2044	ParlaMint-LV_2020-03-05-PT13-2044-U491	Latvian parliamentary corpus ParlaMint-LV-en, 13th Term, 2020-03-05	2020-03-05	Unicameralism	13. sasaukums	-	Regulārā	2020-03-05	-	COVID	English	Regular	MP	notMinister	ZZS	Zaļo un Zemnieku savienība	Opposition	Centre to centre-right	ValainisViktors	Valainis, Viktors	M	-	
ParlaMint-LV-en_2020-03-05-PT13-2044	ParlaMint-LV_2020-03-05-PT13-2044-U492	Latvian parliamentary corpus ParlaMint-LV-en, 13th Term, 2020-03-05	2020-03-05	Unicameralism	13. sasaukums	-	Regulārā	2020-03-05	-	COVID	English	Chairperson	MP	notMinister	JV	JAUNĀ VIENOTĪBA	Coalition	Centre-right	Lībiņa-EgnereInese	Lībiņa-Egnere, Inese	F	-	
ParlaMint-LV-en_2020-03-05-PT13-2044	ParlaMint-LV_2020-03-05-PT13-2044-U493	Latvian parliamentary corpus ParlaMint-LV-en, 13th Term, 2020-03-05	2020-03-05	Unicameralism	13. sasaukums	-	Regulārā	2020-03-05	-	COVID	English	Regular	MP	notMinister	ZZS	Zaļo un Zemnieku savienība	Opposition	Centre to centre-right	KučinskisMāris	Kučinskis, Māris	M	-	
ParlaMint-LV-en_2020-03-05-PT13-2044	ParlaMint-LV_2020-03-05-PT13-2044-U494	Latvian parliamentary corpus ParlaMint-LV-en, 13th Term, 2020-03-05	2020-03-05	Unicameralism	13. sasaukums	-	Regulārā	2020-03-05	-	COVID	English	Chairperson	MP	notMinister	JV	JAUNĀ VIENOTĪBA	Coalition	Centre-right	Lībiņa-EgnereInese	Lībiņa-Egnere, Inese	F	-	
ParlaMint-LV-en_2020-03-05-PT13-2044	ParlaMint-LV_2020-03-05-PT13-2044-U495	Latvian parliamentary corpus ParlaMint-LV-en, 13th Term, 2020-03-05	2020-03-05	Unicameralism	13. sasaukums	-	Regulārā	2020-03-05	-	COVID	English	Regular	MP	notMinister	ZZS	Zaļo un Zemnieku savienība	Opposition	Centre to centre-right	ValainisViktors	Valainis, Viktors	M	-	
ParlaMint-LV-en_2020-03-05-PT13-2044	ParlaMint-LV_2020-03-05-PT13-2044-U496	Latvian parliamentary corpus ParlaMint-LV-en, 13th Term, 2020-03-05	2020-03-05	Unicameralism	13. sasaukums	-	Regulārā	2020-03-05	-	COVID	English	Chairperson	MP	notMinister	JV	JAUNĀ VIENOTĪBA	Coalition	Centre-right	Lībiņa-EgnereInese	Lībiņa-Egnere, Inese	F	-	
ParlaMint-LV-en_2020-03-05-PT13-2044	ParlaMint-LV_2020-03-05-PT13-2044-U497	Latvian parliamentary corpus ParlaMint-LV-en, 13th Term, 2020-03-05	2020-03-05	Unicameralism	13. sasaukums	-	Regulārā	2020-03-05	-	COVID	English	Regular	MP	notMinister	SASKAŅA	SASKAŅA	Opposition	Centre-left	Ločmele-LuņovaRegīna	Ločmele-Luņova, Regīna	F	-	
ParlaMint-LV-en_2020-03-05-PT13-2044	ParlaMint-LV_2020-03-05-PT13-2044-U498	Latvian parliamentary corpus ParlaMint-LV-en, 13th Term, 2020-03-05	2020-03-05	Unicameralism	13. sasaukums	-	Regulārā	2020-03-05	-	COVID	English	Chairperson	MP	notMinister	JV	JAUNĀ VIENOTĪBA	Coalition	Centre-right	Lībiņa-EgnereInese	Lībiņa-Egnere, Inese	F	-	
ParlaMint-LV-en_2020-03-05-PT13-2044	ParlaMint-LV_2020-03-05-PT13-2044-U499	Latvian parliamentary corpus ParlaMint-LV-en, 13th Term, 2020-03-05	2020-03-05	Unicameralism	13. sasaukums	-	Regulārā	2020-03-05	-	COVID	English	Regular	MP	notMinister	ZZS	Zaļo un Zemnieku savienība	Opposition	Centre to centre-right	KrauzeArmands	Krauze, Armands	M	-	
ParlaMint-LV-en_2020-03-05-PT13-2044	ParlaMint-LV_2020-03-05-PT13-2044-U500	Latvian parliamentary corpus ParlaMint-LV-en, 13th Term, 2020-03-05	2020-03-05	Unicameralism	13. sasaukums	-	Regulārā	2020-03-05	-	COVID	English	Chairperson	MP	notMinister	JV	JAUNĀ VIENOTĪBA	Coalition	Centre-right	Lībiņa-EgnereInese	Lībiņa-Egnere, Inese	F	-	
ParlaMint-LV-en_2020-03-05-PT13-2044	ParlaMint-LV_2020-03-05-PT13-2044-U501	Latvian parliamentary corpus ParlaMint-LV-en, 13th Term, 2020-03-05	2020-03-05	Unicameralism	13. sasaukums	-	Regulārā	2020-03-05	-	COVID	English	Regular	MP	notMinister	KPV-LV	Kam pieder valsts?	Coalition	Centre-right to right	GobzemsAldis	Gobzems, Aldis	M	-	
ParlaMint-LV-en_2020-03-05-PT13-2044	ParlaMint-LV_2020-03-05-PT13-2044-U502	Latvian parliamentary corpus ParlaMint-LV-en, 13th Term, 2020-03-05	2020-03-05	Unicameralism	13. sasaukums	-	Regulārā	2020-03-05	-	COVID	English	Chairperson	MP	notMinister	JV	JAUNĀ VIENOTĪBA	Coalition	Centre-right	Lībiņa-EgnereInese	Lībiņa-Egnere, Inese	F	-	
ParlaMint-LV-en_2020-03-05-PT13-2044	ParlaMint-LV_2020-03-05-PT13-2044-U503	Latvian parliamentary corpus ParlaMint-LV-en, 13th Term, 2020-03-05	2020-03-05	Unicameralism	13. sasaukums	-	Regulārā	2020-03-05	-	COVID	English	Regular	MP	notMinister	KPV-LV	Kam pieder valsts?	Coalition	Centre-right to right	GobzemsAldis	Gobzems, Aldis	M	-	
ParlaMint-LV-en_2020-03-05-PT13-2044	ParlaMint-LV_2020-03-05-PT13-2044-U504	Latvian parliamentary corpus ParlaMint-LV-en, 13th Term, 2020-03-05	2020-03-05	Unicameralism	13. sasaukums	-	Regulārā	2020-03-05	-	COVID	English	Chairperson	MP	notMinister	JV	JAUNĀ VIENOTĪBA	Coalition	Centre-right	Lībiņa-EgnereInese	Lībiņa-Egnere, Inese	F	-	
ParlaMint-LV-en_2020-03-05-PT13-2044	ParlaMint-LV_2020-03-05-PT13-2044-U505	Latvian parliamentary corpus ParlaMint-LV-en, 13th Term, 2020-03-05	2020-03-05	Unicameralism	13. sasaukums	-	Regulārā	2020-03-05	-	COVID	English	Regular	MP	notMinister	KPV-LV	Kam pieder valsts?	Coalition	Centre-right to right	GobzemsAldis	Gobzems, Aldis	M	-	
ParlaMint-LV-en_2020-03-05-PT13-2044	ParlaMint-LV_2020-03-05-PT13-2044-U506	Latvian parliamentary corpus ParlaMint-LV-en, 13th Term, 2020-03-05	2020-03-05	Unicameralism	13. sasaukums	-	Regulārā	2020-03-05	-	COVID	English	Chairperson	MP	notMinister	JV	JAUNĀ VIENOTĪBA	Coalition	Centre-right	Lībiņa-EgnereInese	Lībiņa-Egnere, Inese	F	-	
ParlaMint-LV-en_2020-03-05-PT13-2044	ParlaMint-LV_2020-03-05-PT13-2044-U507	Latvian parliamentary corpus ParlaMint-LV-en, 13th Term, 2020-03-05	2020-03-05	Unicameralism	13. sasaukums	-	Regulārā	2020-03-05	-	COVID	English	Regular	notMP	notMinister	-	-	-	-	StepaņenkoJūlija	Stepaņenko, Jūlija	F	-	
ParlaMint-LV-en_2020-03-05-PT13-2044	ParlaMint-LV_2020-03-05-PT13-2044-U508	Latvian parliamentary corpus ParlaMint-LV-en, 13th Term, 2020-03-05	2020-03-05	Unicameralism	13. sasaukums	-	Regulārā	2020-03-05	-	COVID	English	Chairperson	MP	notMinister	JV	JAUNĀ VIENOTĪBA	Coalition	Centre-right	Lībiņa-EgnereInese	Lībiņa-Egnere, Inese	F	-	
ParlaMint-LV-en_2020-03-05-PT13-2044	ParlaMint-LV_2020-03-05-PT13-2044-U509	Latvian parliamentary corpus ParlaMint-LV-en, 13th Term, 2020-03-05	2020-03-05	Unicameralism	13. sasaukums	-	Regulārā	2020-03-05	-	COVID	English	Regular	MP	notMinister	SASKAŅA	SASKAŅA	Opposition	Centre-left	DolgopolovsSergejs	Dolgopolovs, Sergejs	M	-	
ParlaMint-LV-en_2020-03-05-PT13-2044	ParlaMint-LV_2020-03-05-PT13-2044-U510	Latvian parliamentary corpus ParlaMint-LV-en, 13th Term, 2020-03-05	2020-03-05	Unicameralism	13. sasaukums	-	Regulārā	2020-03-05	-	COVID	English	Chairperson	MP	notMinister	JV	JAUNĀ VIENOTĪBA	Coalition	Centre-right	Lībiņa-EgnereInese	Lībiņa-Egnere, Inese	F	-	
ParlaMint-LV-en_2020-03-05-PT13-2044	ParlaMint-LV_2020-03-05-PT13-2044-U511	Latvian parliamentary corpus ParlaMint-LV-en, 13th Term, 2020-03-05	2020-03-05	Unicameralism	13. sasaukums	-	Regulārā	2020-03-05	-	COVID	English	Regular	MP	notMinister	AP	Attīstībai/Par!	Coalition	Centre	PlešsArtūrsToms	Plešs, Artūrs Toms	M	-	
ParlaMint-LV-en_2020-03-05-PT13-2044	ParlaMint-LV_2020-03-05-PT13-2044-U512	Latvian parliamentary corpus ParlaMint-LV-en, 13th Term, 2020-03-05	2020-03-05	Unicameralism	13. sasaukums	-	Regulārā	2020-03-05	-	COVID	English	Chairperson	MP	notMinister	JV	JAUNĀ VIENOTĪBA	Coalition	Centre-right	Lībiņa-EgnereInese	Lībiņa-Egnere, Inese	F	-	
ParlaMint-LV-en_2020-03-05-PT13-2044	ParlaMint-LV_2020-03-05-PT13-2044-U513	Latvian parliamentary corpus ParlaMint-LV-en, 13th Term, 2020-03-05	2020-03-05	Unicameralism	13. sasaukums	-	Regulārā	2020-03-05	-	COVID	English	Regular	MP	notMinister	ZZS	Zaļo un Zemnieku savienība	Opposition	Centre to centre-right	ValainisViktors	Valainis, Viktors	M	-	
ParlaMint-LV-en_2020-03-05-PT13-2044	ParlaMint-LV_2020-03-05-PT13-2044-U514	Latvian parliamentary corpus ParlaMint-LV-en, 13th Term, 2020-03-05	2020-03-05	Unicameralism	13. sasaukums	-	Regulārā	2020-03-05	-	COVID	English	Chairperson	MP	notMinister	JV	JAUNĀ VIENOTĪBA	Coalition	Centre-right	Lībiņa-EgnereInese	Lībiņa-Egnere, Inese	F	-	
ParlaMint-LV-en_2020-03-05-PT13-2044	ParlaMint-LV_2020-03-05-PT13-2044-U515	Latvian parliamentary corpus ParlaMint-LV-en, 13th Term, 2020-03-05	2020-03-05	Unicameralism	13. sasaukums	-	Regulārā	2020-03-05	-	COVID	English	Regular	MP	notMinister	ZZS	Zaļo un Zemnieku savienība	Opposition	Centre to centre-right	ValainisViktors	Valainis, Viktors	M	-	
ParlaMint-LV-en_2020-03-05-PT13-2044	ParlaMint-LV_2020-03-05-PT13-2044-U516	Latvian parliamentary corpus ParlaMint-LV-en, 13th Term, 2020-03-05	2020-03-05	Unicameralism	13. sasaukums	-	Regulārā	2020-03-05	-	COVID	English	Chairperson	MP	notMinister	JV	JAUNĀ VIENOTĪBA	Coalition	Centre-right	Lībiņa-EgnereInese	Lībiņa-Egnere, Inese	F	-	
ParlaMint-LV-en_2020-03-05-PT13-2044	ParlaMint-LV_2020-03-05-PT13-2044-U517	Latvian parliamentary corpus ParlaMint-LV-en, 13th Term, 2020-03-05	2020-03-05	Unicameralism	13. sasaukums	-	Regulārā	2020-03-05	-	COVID	English	Regular	MP	notMinister	JK	Jaunā konservatīvā	Coalition	Centre-right	KazinovskisAndris	Kazinovskis, Andris	M	-	
ParlaMint-LV-en_2020-03-05-PT13-2044	ParlaMint-LV_2020-03-05-PT13-2044-U518	Latvian parliamentary corpus ParlaMint-LV-en, 13th Term, 2020-03-05	2020-03-05	Unicameralism	13. sasaukums	-	Regulārā	2020-03-05	-	COVID	English	Chairperson	MP	notMinister	JV	JAUNĀ VIENOTĪBA	Coalition	Centre-right	Lībiņa-EgnereInese	Lībiņa-Egnere, Inese	F	-	
ParlaMint-LV-en_2020-03-05-PT13-2044	ParlaMint-LV_2020-03-05-PT13-2044-U519	Latvian parliamentary corpus ParlaMint-LV-en, 13th Term, 2020-03-05	2020-03-05	Unicameralism	13. sasaukums	-	Regulārā	2020-03-05	-	COVID	English	Regular	MP	notMinister	JK	Jaunā konservatīvā	Coalition	Centre-right	KazinovskisAndris	Kazinovskis, Andris	M	-	
ParlaMint-LV-en_2020-03-05-PT13-2044	ParlaMint-LV_2020-03-05-PT13-2044-U520	Latvian parliamentary corpus ParlaMint-LV-en, 13th Term, 2020-03-05	2020-03-05	Unicameralism	13. sasaukums	-	Regulārā	2020-03-05	-	COVID	English	Chairperson	MP	notMinister	JV	JAUNĀ VIENOTĪBA	Coalition	Centre-right	Lībiņa-EgnereInese	Lībiņa-Egnere, Inese	F	-	
ParlaMint-LV-en_2020-03-05-PT13-2044	ParlaMint-LV_2020-03-05-PT13-2044-U521	Latvian parliamentary corpus ParlaMint-LV-en, 13th Term, 2020-03-05	2020-03-05	Unicameralism	13. sasaukums	-	Regulārā	2020-03-05	-	COVID	English	Regular	MP	notMinister	ZZS	Zaļo un Zemnieku savienība	Opposition	Centre to centre-right	KrauzeArmands	Krauze, Armands	M	-	
ParlaMint-LV-en_2020-03-05-PT13-2044	ParlaMint-LV_2020-03-05-PT13-2044-U522	Latvian parliamentary corpus ParlaMint-LV-en, 13th Term, 2020-03-05	2020-03-05	Unicameralism	13. sasaukums	-	Regulārā	2020-03-05	-	COVID	English	Chairperson	MP	notMinister	JV	JAUNĀ VIENOTĪBA	Coalition	Centre-right	Lībiņa-EgnereInese	Lībiņa-Egnere, Inese	F	-	
ParlaMint-LV-en_2020-03-05-PT13-2044	ParlaMint-LV_2020-03-05-PT13-2044-U523	Latvian parliamentary corpus ParlaMint-LV-en, 13th Term, 2020-03-05	2020-03-05	Unicameralism	13. sasaukums	-	Regulārā	2020-03-05	-	COVID	English	Regular	MP	notMinister	SASKAŅA	SASKAŅA	Opposition	Centre-left	DolgopolovsSergejs	Dolgopolovs, Sergejs	M	-	
ParlaMint-LV-en_2020-03-05-PT13-2044	ParlaMint-LV_2020-03-05-PT13-2044-U524	Latvian parliamentary corpus ParlaMint-LV-en, 13th Term, 2020-03-05	2020-03-05	Unicameralism	13. sasaukums	-	Regulārā	2020-03-05	-	COVID	English	Chairperson	MP	notMinister	JV	JAUNĀ VIENOTĪBA	Coalition	Centre-right	Lībiņa-EgnereInese	Lībiņa-Egnere, Inese	F	-	
ParlaMint-LV-en_2020-03-05-PT13-2044	ParlaMint-LV_2020-03-05-PT13-2044-U525	Latvian parliamentary corpus ParlaMint-LV-en, 13th Term, 2020-03-05	2020-03-05	Unicameralism	13. sasaukums	-	Regulārā	2020-03-05	-	COVID	English	Regular	MP	notMinister	SASKAŅA	SASKAŅA	Opposition	Centre-left	Ločmele-LuņovaRegīna	Ločmele-Luņova, Regīna	F	-	
ParlaMint-LV-en_2020-03-05-PT13-2044	ParlaMint-LV_2020-03-05-PT13-2044-U526	Latvian parliamentary corpus ParlaMint-LV-en, 13th Term, 2020-03-05	2020-03-05	Unicameralism	13. sasaukums	-	Regulārā	2020-03-05	-	COVID	English	Chairperson	MP	notMinister	JV	JAUNĀ VIENOTĪBA	Coalition	Centre-right	Lībiņa-EgnereInese	Lībiņa-Egnere, Inese	F	-	
ParlaMint-LV-en_2020-03-05-PT13-2044	ParlaMint-LV_2020-03-05-PT13-2044-U527	Latvian parliamentary corpus ParlaMint-LV-en, 13th Term, 2020-03-05	2020-03-05	Unicameralism	13. sasaukums	-	Regulārā	2020-03-05	-	COVID	English	Regular	notMP	notMinister	-	-	-	-	LiepiņaLiene	Liepiņa, Liene	F	-	
ParlaMint-LV-en_2020-03-05-PT13-2044	ParlaMint-LV_2020-03-05-PT13-2044-U528	Latvian parliamentary corpus ParlaMint-LV-en, 13th Term, 2020-03-05	2020-03-05	Unicameralism	13. sasaukums	-	Regulārā	2020-03-05	-	COVID	English	Chairperson	MP	notMinister	JV	JAUNĀ VIENOTĪBA	Coalition	Centre-right	Lībiņa-EgnereInese	Lībiņa-Egnere, Inese	F	-	
ParlaMint-LV-en_2020-03-05-PT13-2044	ParlaMint-LV_2020-03-05-PT13-2044-U529	Latvian parliamentary corpus ParlaMint-LV-en, 13th Term, 2020-03-05	2020-03-05	Unicameralism	13. sasaukums	-	Regulārā	2020-03-05	-	COVID	English	Regular	MP	notMinister	KPV-LV	Kam pieder valsts?	Coalition	Centre-right to right	GobzemsAldis	Gobzems, Aldis	M	-	
ParlaMint-LV-en_2020-03-05-PT13-2044	ParlaMint-LV_2020-03-05-PT13-2044-U530	Latvian parliamentary corpus ParlaMint-LV-en, 13th Term, 2020-03-05	2020-03-05	Unicameralism	13. sasaukums	-	Regulārā	2020-03-05	-	COVID	English	Chairperson	MP	notMinister	JV	JAUNĀ VIENOTĪBA	Coalition	Centre-right	Lībiņa-EgnereInese	Lībiņa-Egnere, Inese	F	-	
ParlaMint-LV-en_2020-03-05-PT13-2044	ParlaMint-LV_2020-03-05-PT13-2044-U531	Latvian parliamentary corpus ParlaMint-LV-en, 13th Term, 2020-03-05	2020-03-05	Unicameralism	13. sasaukums	-	Regulārā	2020-03-05	-	COVID	English	Regular	MP	notMinister	JK	Jaunā konservatīvā	Coalition	Centre-right	KazinovskisAndris	Kazinovskis, Andris	M	-	
ParlaMint-LV-en_2020-03-05-PT13-2044	ParlaMint-LV_2020-03-05-PT13-2044-U532	Latvian parliamentary corpus ParlaMint-LV-en, 13th Term, 2020-03-05	2020-03-05	Unicameralism	13. sasaukums	-	Regulārā	2020-03-05	-	COVID	English	Chairperson	MP	notMinister	JV	JAUNĀ VIENOTĪBA	Coalition	Centre-right	Lībiņa-EgnereInese	Lībiņa-Egnere, Inese	F	-	
ParlaMint-LV-en_2020-03-05-PT13-2044	ParlaMint-LV_2020-03-05-PT13-2044-U533	Latvian parliamentary corpus ParlaMint-LV-en, 13th Term, 2020-03-05	2020-03-05	Unicameralism	13. sasaukums	-	Regulārā	2020-03-05	-	COVID	English	Regular	MP	notMinister	ZZS	Zaļo un Zemnieku savienība	Opposition	Centre to centre-right	ValainisViktors	Valainis, Viktors	M	-	
ParlaMint-LV-en_2020-03-05-PT13-2044	ParlaMint-LV_2020-03-05-PT13-2044-U534	Latvian parliamentary corpus ParlaMint-LV-en, 13th Term, 2020-03-05	2020-03-05	Unicameralism	13. sasaukums	-	Regulārā	2020-03-05	-	COVID	English	Chairperson	MP	notMinister	JV	JAUNĀ VIENOTĪBA	Coalition	Centre-right	Lībiņa-EgnereInese	Lībiņa-Egnere, Inese	F	-	
ParlaMint-LV-en_2020-03-05-PT13-2044	ParlaMint-LV_2020-03-05-PT13-2044-U535	Latvian parliamentary corpus ParlaMint-LV-en, 13th Term, 2020-03-05	2020-03-05	Unicameralism	13. sasaukums	-	Regulārā	2020-03-05	-	COVID	English	Regular	MP	notMinister	SASKAŅA	SASKAŅA	Opposition	Centre-left	ZariņšIvars	Zariņš, Ivars	M	-	
ParlaMint-LV-en_2020-03-05-PT13-2044	ParlaMint-LV_2020-03-05-PT13-2044-U536	Latvian parliamentary corpus ParlaMint-LV-en, 13th Term, 2020-03-05	2020-03-05	Unicameralism	13. sasaukums	-	Regulārā	2020-03-05	-	COVID	English	Chairperson	MP	notMinister	JV	JAUNĀ VIENOTĪBA	Coalition	Centre-right	Lībiņa-EgnereInese	Lībiņa-Egnere, Inese	F	-	
ParlaMint-LV-en_2020-03-05-PT13-2044	ParlaMint-LV_2020-03-05-PT13-2044-U537	Latvian parliamentary corpus ParlaMint-LV-en, 13th Term, 2020-03-05	2020-03-05	Unicameralism	13. sasaukums	-	Regulārā	2020-03-05	-	COVID	English	Regular	MP	notMinister	KPV-LV	Kam pieder valsts?	Coalition	Centre-right to right	GobzemsAldis	Gobzems, Aldis	M	-	
ParlaMint-LV-en_2020-03-05-PT13-2044	ParlaMint-LV_2020-03-05-PT13-2044-U538	Latvian parliamentary corpus ParlaMint-LV-en, 13th Term, 2020-03-05	2020-03-05	Unicameralism	13. sasaukums	-	Regulārā	2020-03-05	-	COVID	English	Chairperson	MP	notMinister	JV	JAUNĀ VIENOTĪBA	Coalition	Centre-right	Lībiņa-EgnereInese	Lībiņa-Egnere, Inese	F	-	
ParlaMint-LV-en_2020-03-05-PT13-2044	ParlaMint-LV_2020-03-05-PT13-2044-U539	Latvian parliamentary corpus ParlaMint-LV-en, 13th Term, 2020-03-05	2020-03-05	Unicameralism	13. sasaukums	-	Regulārā	2020-03-05	-	COVID	English	Regular	notMP	notMinister	-	-	-	-	ŠmitsDidzis	Šmits, Didzis	M	-	
ParlaMint-LV-en_2020-03-05-PT13-2044	ParlaMint-LV_2020-03-05-PT13-2044-U540	Latvian parliamentary corpus ParlaMint-LV-en, 13th Term, 2020-03-05	2020-03-05	Unicameralism	13. sasaukums	-	Regulārā	2020-03-05	-	COVID	English	Chairperson	MP	notMinister	JV	JAUNĀ VIENOTĪBA	Coalition	Centre-right	Lībiņa-EgnereInese	Lībiņa-Egnere, Inese	F	-	
ParlaMint-LV-en_2020-03-05-PT13-2044	ParlaMint-LV_2020-03-05-PT13-2044-U541	Latvian parliamentary corpus ParlaMint-LV-en, 13th Term, 2020-03-05	2020-03-05	Unicameralism	13. sasaukums	-	Regulārā	2020-03-05	-	COVID	English	Regular	MP	notMinister	AP	Attīstībai/Par!	Coalition	Centre	PlešsArtūrsToms	Plešs, Artūrs Toms	M	-	
ParlaMint-LV-en_2020-03-05-PT13-2044	ParlaMint-LV_2020-03-05-PT13-2044-U542	Latvian parliamentary corpus ParlaMint-LV-en, 13th Term, 2020-03-05	2020-03-05	Unicameralism	13. sasaukums	-	Regulārā	2020-03-05	-	COVID	English	Chairperson	MP	notMinister	JV	JAUNĀ VIENOTĪBA	Coalition	Centre-right	Lībiņa-EgnereInese	Lībiņa-Egnere, Inese	F	-	
ParlaMint-LV-en_2020-03-05-PT13-2044	ParlaMint-LV_2020-03-05-PT13-2044-U543	Latvian parliamentary corpus ParlaMint-LV-en, 13th Term, 2020-03-05	2020-03-05	Unicameralism	13. sasaukums	-	Regulārā	2020-03-05	-	COVID	English	Regular	MP	notMinister	ZZS	Zaļo un Zemnieku savienība	Opposition	Centre to centre-right	ValainisViktors	Valainis, Viktors	M	-	
ParlaMint-LV-en_2020-03-05-PT13-2044	ParlaMint-LV_2020-03-05-PT13-2044-U544	Latvian parliamentary corpus ParlaMint-LV-en, 13th Term, 2020-03-05	2020-03-05	Unicameralism	13. sasaukums	-	Regulārā	2020-03-05	-	COVID	English	Chairperson	MP	notMinister	JV	JAUNĀ VIENOTĪBA	Coalition	Centre-right	Lībiņa-EgnereInese	Lībiņa-Egnere, Inese	F	-	
ParlaMint-LV-en_2020-03-05-PT13-2044	ParlaMint-LV_2020-03-05-PT13-2044-U545	Latvian parliamentary corpus ParlaMint-LV-en, 13th Term, 2020-03-05	2020-03-05	Unicameralism	13. sasaukums	-	Regulārā	2020-03-05	-	COVID	English	Regular	MP	notMinister	SASKAŅA	SASKAŅA	Opposition	Centre-left	ZariņšIvars	Zariņš, Ivars	M	-	
ParlaMint-LV-en_2020-03-05-PT13-2044	ParlaMint-LV_2020-03-05-PT13-2044-U546	Latvian parliamentary corpus ParlaMint-LV-en, 13th Term, 2020-03-05	2020-03-05	Unicameralism	13. sasaukums	-	Regulārā	2020-03-05	-	COVID	English	Chairperson	MP	notMinister	JV	JAUNĀ VIENOTĪBA	Coalition	Centre-right	Lībiņa-EgnereInese	Lībiņa-Egnere, Inese	F	-	
ParlaMint-LV-en_2020-03-05-PT13-2044	ParlaMint-LV_2020-03-05-PT13-2044-U547	Latvian parliamentary corpus ParlaMint-LV-en, 13th Term, 2020-03-05	2020-03-05	Unicameralism	13. sasaukums	-	Regulārā	2020-03-05	-	COVID	English	Regular	MP	notMinister	KPV-LV	Kam pieder valsts?	Coalition	Centre-right to right	GobzemsAldis	Gobzems, Aldis	M	-	
ParlaMint-LV-en_2020-03-05-PT13-2044	ParlaMint-LV_2020-03-05-PT13-2044-U548	Latvian parliamentary corpus ParlaMint-LV-en, 13th Term, 2020-03-05	2020-03-05	Unicameralism	13. sasaukums	-	Regulārā	2020-03-05	-	COVID	English	Chairperson	MP	notMinister	JV	JAUNĀ VIENOTĪBA	Coalition	Centre-right	Lībiņa-EgnereInese	Lībiņa-Egnere, Inese	F	-	
ParlaMint-LV-en_2020-03-05-PT13-2044	ParlaMint-LV_2020-03-05-PT13-2044-U549	Latvian parliamentary corpus ParlaMint-LV-en, 13th Term, 2020-03-05	2020-03-05	Unicameralism	13. sasaukums	-	Regulārā	2020-03-05	-	COVID	English	Regular	MP	notMinister	AP	Attīstībai/Par!	Coalition	Centre	PavļutsDaniels	Pavļuts, Daniels	M	-	
ParlaMint-LV-en_2020-03-05-PT13-2044	ParlaMint-LV_2020-03-05-PT13-2044-U550	Latvian parliamentary corpus ParlaMint-LV-en, 13th Term, 2020-03-05	2020-03-05	Unicameralism	13. sasaukums	-	Regulārā	2020-03-05	-	COVID	English	Chairperson	MP	notMinister	JV	JAUNĀ VIENOTĪBA	Coalition	Centre-right	Lībiņa-EgnereInese	Lībiņa-Egnere, Inese	F	-	
ParlaMint-LV-en_2020-03-05-PT13-2044	ParlaMint-LV_2020-03-05-PT13-2044-U551	Latvian parliamentary corpus ParlaMint-LV-en, 13th Term, 2020-03-05	2020-03-05	Unicameralism	13. sasaukums	-	Regulārā	2020-03-05	-	COVID	English	Regular	MP	notMinister	KPV-LV	Kam pieder valsts?	Coalition	Centre-right to right	GobzemsAldis	Gobzems, Aldis	M	-	
ParlaMint-LV-en_2020-03-05-PT13-2044	ParlaMint-LV_2020-03-05-PT13-2044-U552	Latvian parliamentary corpus ParlaMint-LV-en, 13th Term, 2020-03-05	2020-03-05	Unicameralism	13. sasaukums	-	Regulārā	2020-03-05	-	COVID	English	Chairperson	MP	notMinister	JV	JAUNĀ VIENOTĪBA	Coalition	Centre-right	Lībiņa-EgnereInese	Lībiņa-Egnere, Inese	F	-	
ParlaMint-LV-en_2020-03-05-PT13-2044	ParlaMint-LV_2020-03-05-PT13-2044-U553	Latvian parliamentary corpus ParlaMint-LV-en, 13th Term, 2020-03-05	2020-03-05	Unicameralism	13. sasaukums	-	Regulārā	2020-03-05	-	COVID	English	Regular	MP	notMinister	AP	Attīstībai/Par!	Coalition	Centre	PlešsArtūrsToms	Plešs, Artūrs Toms	M	-	
ParlaMint-LV-en_2020-03-05-PT13-2044	ParlaMint-LV_2020-03-05-PT13-2044-U554	Latvian parliamentary corpus ParlaMint-LV-en, 13th Term, 2020-03-05	2020-03-05	Unicameralism	13. sasaukums	-	Regulārā	2020-03-05	-	COVID	English	Chairperson	MP	notMinister	JV	JAUNĀ VIENOTĪBA	Coalition	Centre-right	Lībiņa-EgnereInese	Lībiņa-Egnere, Inese	F	-	
ParlaMint-LV-en_2020-03-05-PT13-2044	ParlaMint-LV_2020-03-05-PT13-2044-U555	Latvian parliamentary corpus ParlaMint-LV-en, 13th Term, 2020-03-05	2020-03-05	Unicameralism	13. sasaukums	-	Regulārā	2020-03-05	-	COVID	English	Regular	MP	notMinister	ZZS	Zaļo un Zemnieku savienība	Opposition	Centre to centre-right	ValainisViktors	Valainis, Viktors	M	-	
ParlaMint-LV-en_2020-03-05-PT13-2044	ParlaMint-LV_2020-03-05-PT13-2044-U556	Latvian parliamentary corpus ParlaMint-LV-en, 13th Term, 2020-03-05	2020-03-05	Unicameralism	13. sasaukums	-	Regulārā	2020-03-05	-	COVID	English	Chairperson	MP	notMinister	JV	JAUNĀ VIENOTĪBA	Coalition	Centre-right	Lībiņa-EgnereInese	Lībiņa-Egnere, Inese	F	-	
ParlaMint-LV-en_2020-03-05-PT13-2044	ParlaMint-LV_2020-03-05-PT13-2044-U557	Latvian parliamentary corpus ParlaMint-LV-en, 13th Term, 2020-03-05	2020-03-05	Unicameralism	13. sasaukums	-	Regulārā	2020-03-05	-	COVID	English	Regular	MP	notMinister	AP	Attīstībai/Par!	Coalition	Centre	PlešsArtūrsToms	Plešs, Artūrs Toms	M	-	
ParlaMint-LV-en_2020-03-05-PT13-2044	ParlaMint-LV_2020-03-05-PT13-2044-U558	Latvian parliamentary corpus ParlaMint-LV-en, 13th Term, 2020-03-05	2020-03-05	Unicameralism	13. sasaukums	-	Regulārā	2020-03-05	-	COVID	English	Chairperson	MP	notMinister	JV	JAUNĀ VIENOTĪBA	Coalition	Centre-right	Lībiņa-EgnereInese	Lībiņa-Egnere, Inese	F	-	
ParlaMint-LV-en_2020-03-05-PT13-2044	ParlaMint-LV_2020-03-05-PT13-2044-U559	Latvian parliamentary corpus ParlaMint-LV-en, 13th Term, 2020-03-05	2020-03-05	Unicameralism	13. sasaukums	-	Regulārā	2020-03-05	-	COVID	English	Regular	MP	notMinister	AP	Attīstībai/Par!	Coalition	Centre	PlešsArtūrsToms	Plešs, Artūrs Toms	M	-	
ParlaMint-LV-en_2020-03-05-PT13-2044	ParlaMint-LV_2020-03-05-PT13-2044-U560	Latvian parliamentary corpus ParlaMint-LV-en, 13th Term, 2020-03-05	2020-03-05	Unicameralism	13. sasaukums	-	Regulārā	2020-03-05	-	COVID	English	Chairperson	MP	notMinister	JV	JAUNĀ VIENOTĪBA	Coalition	Centre-right	Lībiņa-EgnereInese	Lībiņa-Egnere, Inese	F	-	
ParlaMint-LV-en_2020-03-05-PT13-2044	ParlaMint-LV_2020-03-05-PT13-2044-U561	Latvian parliamentary corpus ParlaMint-LV-en, 13th Term, 2020-03-05	2020-03-05	Unicameralism	13. sasaukums	-	Regulārā	2020-03-05	-	COVID	English	Regular	MP	notMinister	ZZS	Zaļo un Zemnieku savienība	Opposition	Centre to centre-right	ValainisViktors	Valainis, Viktors	M	-	
ParlaMint-LV-en_2020-03-05-PT13-2044	ParlaMint-LV_2020-03-05-PT13-2044-U562	Latvian parliamentary corpus ParlaMint-LV-en, 13th Term, 2020-03-05	2020-03-05	Unicameralism	13. sasaukums	-	Regulārā	2020-03-05	-	COVID	English	Chairperson	MP	notMinister	JV	JAUNĀ VIENOTĪBA	Coalition	Centre-right	Lībiņa-EgnereInese	Lībiņa-Egnere, Inese	F	-	
ParlaMint-LV-en_2020-03-05-PT13-2044	ParlaMint-LV_2020-03-05-PT13-2044-U563	Latvian parliamentary corpus ParlaMint-LV-en, 13th Term, 2020-03-05	2020-03-05	Unicameralism	13. sasaukums	-	Regulārā	2020-03-05	-	COVID	English	Chairperson	MP	notMinister	JV	JAUNĀ VIENOTĪBA	Coalition	Centre-right	Lībiņa-EgnereInese	Lībiņa-Egnere, Inese	F	-	
ParlaMint-LV-en_2020-03-05-PT13-2044	ParlaMint-LV_2020-03-05-PT13-2044-U564	Latvian parliamentary corpus ParlaMint-LV-en, 13th Term, 2020-03-05	2020-03-05	Unicameralism	13. sasaukums	-	Regulārā	2020-03-05	-	COVID	English	Regular	MP	notMinister	SASKAŅA	SASKAŅA	Opposition	Centre-left	DolgopolovsSergejs	Dolgopolovs, Sergejs	M	-	
ParlaMint-LV-en_2020-03-05-PT13-2044	ParlaMint-LV_2020-03-05-PT13-2044-U565	Latvian parliamentary corpus ParlaMint-LV-en, 13th Term, 2020-03-05	2020-03-05	Unicameralism	13. sasaukums	-	Regulārā	2020-03-05	-	COVID	English	Chairperson	MP	notMinister	JV	JAUNĀ VIENOTĪBA	Coalition	Centre-right	Lībiņa-EgnereInese	Lībiņa-Egnere, Inese	F	-	
ParlaMint-LV-en_2020-03-05-PT13-2044	ParlaMint-LV_2020-03-05-PT13-2044-U566	Latvian parliamentary corpus ParlaMint-LV-en, 13th Term, 2020-03-05	2020-03-05	Unicameralism	13. sasaukums	-	Regulārā	2020-03-05	-	COVID	English	Regular	MP	notMinister	SASKAŅA	SASKAŅA	Opposition	Centre-left	Ločmele-LuņovaRegīna	Ločmele-Luņova, Regīna	F	-	
ParlaMint-LV-en_2020-03-05-PT13-2044	ParlaMint-LV_2020-03-05-PT13-2044-U567	Latvian parliamentary corpus ParlaMint-LV-en, 13th Term, 2020-03-05	2020-03-05	Unicameralism	13. sasaukums	-	Regulārā	2020-03-05	-	COVID	English	Chairperson	MP	notMinister	JV	JAUNĀ VIENOTĪBA	Coalition	Centre-right	Lībiņa-EgnereInese	Lībiņa-Egnere, Inese	F	-	
ParlaMint-LV-en_2020-03-05-PT13-2044	ParlaMint-LV_2020-03-05-PT13-2044-U568	Latvian parliamentary corpus ParlaMint-LV-en, 13th Term, 2020-03-05	2020-03-05	Unicameralism	13. sasaukums	-	Regulārā	2020-03-05	-	COVID	English	Regular	MP	notMinister	NA	Nacionālā apvienība "Visu Latvijai!"–"Tēvzemei un Brīvībai/LNNK"	Coalition	Right	DombravaJānis	Dombrava, Jānis	M	-	
ParlaMint-LV-en_2020-03-05-PT13-2044	ParlaMint-LV_2020-03-05-PT13-2044-U569	Latvian parliamentary corpus ParlaMint-LV-en, 13th Term, 2020-03-05	2020-03-05	Unicameralism	13. sasaukums	-	Regulārā	2020-03-05	-	COVID	English	Chairperson	MP	notMinister	JV	JAUNĀ VIENOTĪBA	Coalition	Centre-right	Lībiņa-EgnereInese	Lībiņa-Egnere, Inese	F	-	
ParlaMint-LV-en_2020-03-05-PT13-2044	ParlaMint-LV_2020-03-05-PT13-2044-U570	Latvian parliamentary corpus ParlaMint-LV-en, 13th Term, 2020-03-05	2020-03-05	Unicameralism	13. sasaukums	-	Regulārā	2020-03-05	-	COVID	English	Regular	MP	notMinister	KPV-LV	Kam pieder valsts?	Coalition	Centre-right to right	GobzemsAldis	Gobzems, Aldis	M	-	
ParlaMint-LV-en_2020-03-05-PT13-2044	ParlaMint-LV_2020-03-05-PT13-2044-U571	Latvian parliamentary corpus ParlaMint-LV-en, 13th Term, 2020-03-05	2020-03-05	Unicameralism	13. sasaukums	-	Regulārā	2020-03-05	-	COVID	English	Chairperson	MP	notMinister	JV	JAUNĀ VIENOTĪBA	Coalition	Centre-right	Lībiņa-EgnereInese	Lībiņa-Egnere, Inese	F	-	
ParlaMint-LV-en_2020-03-05-PT13-2044	ParlaMint-LV_2020-03-05-PT13-2044-U572	Latvian parliamentary corpus ParlaMint-LV-en, 13th Term, 2020-03-05	2020-03-05	Unicameralism	13. sasaukums	-	Regulārā	2020-03-05	-	COVID	English	Regular	MP	notMinister	ZZS	Zaļo un Zemnieku savienība	Opposition	Centre to centre-right	KrauzeArmands	Krauze, Armands	M	-	
ParlaMint-LV-en_2020-03-05-PT13-2044	ParlaMint-LV_2020-03-05-PT13-2044-U573	Latvian parliamentary corpus ParlaMint-LV-en, 13th Term, 2020-03-05	2020-03-05	Unicameralism	13. sasaukums	-	Regulārā	2020-03-05	-	COVID	English	Chairperson	MP	notMinister	JV	JAUNĀ VIENOTĪBA	Coalition	Centre-right	Lībiņa-EgnereInese	Lībiņa-Egnere, Inese	F	-	
ParlaMint-LV-en_2020-03-05-PT13-2044	ParlaMint-LV_2020-03-05-PT13-2044-U574	Latvian parliamentary corpus ParlaMint-LV-en, 13th Term, 2020-03-05	2020-03-05	Unicameralism	13. sasaukums	-	Regulārā	2020-03-05	-	COVID	English	Regular	notMP	notMinister	-	-	-	-	ŠmitsDidzis	Šmits, Didzis	M	-	
ParlaMint-LV-en_2020-03-05-PT13-2044	ParlaMint-LV_2020-03-05-PT13-2044-U575	Latvian parliamentary corpus ParlaMint-LV-en, 13th Term, 2020-03-05	2020-03-05	Unicameralism	13. sasaukums	-	Regulārā	2020-03-05	-	COVID	English	Chairperson	MP	notMinister	JV	JAUNĀ VIENOTĪBA	Coalition	Centre-right	Lībiņa-EgnereInese	Lībiņa-Egnere, Inese	F	-	
ParlaMint-LV-en_2020-03-05-PT13-2044	ParlaMint-LV_2020-03-05-PT13-2044-U576	Latvian parliamentary corpus ParlaMint-LV-en, 13th Term, 2020-03-05	2020-03-05	Unicameralism	13. sasaukums	-	Regulārā	2020-03-05	-	COVID	English	Regular	MP	notMinister	SASKAŅA	SASKAŅA	Opposition	Centre-left	GoldbergaInga	Goldberga, Inga	F	-	
ParlaMint-LV-en_2020-03-05-PT13-2044	ParlaMint-LV_2020-03-05-PT13-2044-U577	Latvian parliamentary corpus ParlaMint-LV-en, 13th Term, 2020-03-05	2020-03-05	Unicameralism	13. sasaukums	-	Regulārā	2020-03-05	-	COVID	English	Chairperson	MP	notMinister	JV	JAUNĀ VIENOTĪBA	Coalition	Centre-right	Lībiņa-EgnereInese	Lībiņa-Egnere, Inese	F	-	
ParlaMint-LV-en_2020-03-05-PT13-2044	ParlaMint-LV_2020-03-05-PT13-2044-U578	Latvian parliamentary corpus ParlaMint-LV-en, 13th Term, 2020-03-05	2020-03-05	Unicameralism	13. sasaukums	-	Regulārā	2020-03-05	-	COVID	English	Regular	MP	notMinister	ZZS	Zaļo un Zemnieku savienība	Opposition	Centre to centre-right	ValainisViktors	Valainis, Viktors	M	-	
ParlaMint-LV-en_2020-03-05-PT13-2044	ParlaMint-LV_2020-03-05-PT13-2044-U579	Latvian parliamentary corpus ParlaMint-LV-en, 13th Term, 2020-03-05	2020-03-05	Unicameralism	13. sasaukums	-	Regulārā	2020-03-05	-	COVID	English	Chairperson	MP	notMinister	JV	JAUNĀ VIENOTĪBA	Coalition	Centre-right	Lībiņa-EgnereInese	Lībiņa-Egnere, Inese	F	-	
ParlaMint-LV-en_2020-03-05-PT13-2044	ParlaMint-LV_2020-03-05-PT13-2044-U580	Latvian parliamentary corpus ParlaMint-LV-en, 13th Term, 2020-03-05	2020-03-05	Unicameralism	13. sasaukums	-	Regulārā	2020-03-05	-	COVID	English	Regular	MP	notMinister	SASKAŅA	SASKAŅA	Opposition	Centre-left	Ločmele-LuņovaRegīna	Ločmele-Luņova, Regīna	F	-	
ParlaMint-LV-en_2020-03-05-PT13-2044	ParlaMint-LV_2020-03-05-PT13-2044-U581	Latvian parliamentary corpus ParlaMint-LV-en, 13th Term, 2020-03-05	2020-03-05	Unicameralism	13. sasaukums	-	Regulārā	2020-03-05	-	COVID	English	Chairperson	MP	notMinister	JV	JAUNĀ VIENOTĪBA	Coalition	Centre-right	Lībiņa-EgnereInese	Lībiņa-Egnere, Inese	F	-	
ParlaMint-LV-en_2020-03-05-PT13-2044	ParlaMint-LV_2020-03-05-PT13-2044-U582	Latvian parliamentary corpus ParlaMint-LV-en, 13th Term, 2020-03-05	2020-03-05	Unicameralism	13. sasaukums	-	Regulārā	2020-03-05	-	COVID	English	Regular	MP	notMinister	SASKAŅA	SASKAŅA	Opposition	Centre-left	Ločmele-LuņovaRegīna	Ločmele-Luņova, Regīna	F	-	
ParlaMint-LV-en_2020-03-05-PT13-2044	ParlaMint-LV_2020-03-05-PT13-2044-U583	Latvian parliamentary corpus ParlaMint-LV-en, 13th Term, 2020-03-05	2020-03-05	Unicameralism	13. sasaukums	-	Regulārā	2020-03-05	-	COVID	English	Chairperson	MP	notMinister	JV	JAUNĀ VIENOTĪBA	Coalition	Centre-right	Lībiņa-EgnereInese	Lībiņa-Egnere, Inese	F	-	
ParlaMint-LV-en_2020-03-05-PT13-2044	ParlaMint-LV_2020-03-05-PT13-2044-U584	Latvian parliamentary corpus ParlaMint-LV-en, 13th Term, 2020-03-05	2020-03-05	Unicameralism	13. sasaukums	-	Regulārā	2020-03-05	-	COVID	English	Regular	MP	notMinister	SASKAŅA	SASKAŅA	Opposition	Centre-left	Ločmele-LuņovaRegīna	Ločmele-Luņova, Regīna	F	-	
ParlaMint-LV-en_2020-03-05-PT13-2044	ParlaMint-LV_2020-03-05-PT13-2044-U585	Latvian parliamentary corpus ParlaMint-LV-en, 13th Term, 2020-03-05	2020-03-05	Unicameralism	13. sasaukums	-	Regulārā	2020-03-05	-	COVID	English	Chairperson	MP	notMinister	JV	JAUNĀ VIENOTĪBA	Coalition	Centre-right	Lībiņa-EgnereInese	Lībiņa-Egnere, Inese	F	-	
ParlaMint-LV-en_2020-03-05-PT13-2044	ParlaMint-LV_2020-03-05-PT13-2044-U586	Latvian parliamentary corpus ParlaMint-LV-en, 13th Term, 2020-03-05	2020-03-05	Unicameralism	13. sasaukums	-	Regulārā	2020-03-05	-	COVID	English	Regular	MP	notMinister	NA	Nacionālā apvienība "Visu Latvijai!"–"Tēvzemei un Brīvībai/LNNK"	Coalition	Right	KolsRihards	Kols, Rihards	M	-	
ParlaMint-LV-en_2020-03-05-PT13-2044	ParlaMint-LV_2020-03-05-PT13-2044-U587	Latvian parliamentary corpus ParlaMint-LV-en, 13th Term, 2020-03-05	2020-03-05	Unicameralism	13. sasaukums	-	Regulārā	2020-03-05	-	COVID	English	Chairperson	MP	notMinister	JV	JAUNĀ VIENOTĪBA	Coalition	Centre-right	Lībiņa-EgnereInese	Lībiņa-Egnere, Inese	F	-	
ParlaMint-LV-en_2020-03-05-PT13-2044	ParlaMint-LV_2020-03-05-PT13-2044-U588	Latvian parliamentary corpus ParlaMint-LV-en, 13th Term, 2020-03-05	2020-03-05	Unicameralism	13. sasaukums	-	Regulārā	2020-03-05	-	COVID	English	Regular	MP	notMinister	JK	Jaunā konservatīvā	Coalition	Centre-right	KazinovskisAndris	Kazinovskis, Andris	M	-	
ParlaMint-LV-en_2020-03-05-PT13-2044	ParlaMint-LV_2020-03-05-PT13-2044-U589	Latvian parliamentary corpus ParlaMint-LV-en, 13th Term, 2020-03-05	2020-03-05	Unicameralism	13. sasaukums	-	Regulārā	2020-03-05	-	COVID	English	Chairperson	MP	notMinister	JV	JAUNĀ VIENOTĪBA	Coalition	Centre-right	Lībiņa-EgnereInese	Lībiņa-Egnere, Inese	F	-	
ParlaMint-LV-en_2020-03-05-PT13-2044	ParlaMint-LV_2020-03-05-PT13-2044-U590	Latvian parliamentary corpus ParlaMint-LV-en, 13th Term, 2020-03-05	2020-03-05	Unicameralism	13. sasaukums	-	Regulārā	2020-03-05	-	COVID	English	Regular	MP	notMinister	SASKAŅA	SASKAŅA	Opposition	Centre-left	KrišānsJānis	Krišāns, Jānis	M	-	
ParlaMint-LV-en_2020-03-05-PT13-2044	ParlaMint-LV_2020-03-05-PT13-2044-U591	Latvian parliamentary corpus ParlaMint-LV-en, 13th Term, 2020-03-05	2020-03-05	Unicameralism	13. sasaukums	-	Regulārā	2020-03-05	-	COVID	English	Chairperson	MP	notMinister	JV	JAUNĀ VIENOTĪBA	Coalition	Centre-right	Lībiņa-EgnereInese	Lībiņa-Egnere, Inese	F	-	
ParlaMint-LV-en_2020-03-05-PT13-2044	ParlaMint-LV_2020-03-05-PT13-2044-U592	Latvian parliamentary corpus ParlaMint-LV-en, 13th Term, 2020-03-05	2020-03-05	Unicameralism	13. sasaukums	-	Regulārā	2020-03-05	-	COVID	English	Regular	MP	notMinister	KPV-LV	Kam pieder valsts?	Coalition	Centre-right to right	GobzemsAldis	Gobzems, Aldis	M	-	
ParlaMint-LV-en_2020-03-05-PT13-2044	ParlaMint-LV_2020-03-05-PT13-2044-U593	Latvian parliamentary corpus ParlaMint-LV-en, 13th Term, 2020-03-05	2020-03-05	Unicameralism	13. sasaukums	-	Regulārā	2020-03-05	-	COVID	English	Chairperson	MP	notMinister	JV	JAUNĀ VIENOTĪBA	Coalition	Centre-right	Lībiņa-EgnereInese	Lībiņa-Egnere, Inese	F	-	
ParlaMint-LV-en_2020-03-05-PT13-2044	ParlaMint-LV_2020-03-05-PT13-2044-U594	Latvian parliamentary corpus ParlaMint-LV-en, 13th Term, 2020-03-05	2020-03-05	Unicameralism	13. sasaukums	-	Regulārā	2020-03-05	-	COVID	English	Regular	notMP	notMinister	-	-	-	-	ŠmitsDidzis	Šmits, Didzis	M	-	
ParlaMint-LV-en_2020-03-05-PT13-2044	ParlaMint-LV_2020-03-05-PT13-2044-U595	Latvian parliamentary corpus ParlaMint-LV-en, 13th Term, 2020-03-05	2020-03-05	Unicameralism	13. sasaukums	-	Regulārā	2020-03-05	-	COVID	English	Chairperson	MP	notMinister	JV	JAUNĀ VIENOTĪBA	Coalition	Centre-right	Lībiņa-EgnereInese	Lībiņa-Egnere, Inese	F	-	
ParlaMint-LV-en_2020-03-05-PT13-2044	ParlaMint-LV_2020-03-05-PT13-2044-U596	Latvian parliamentary corpus ParlaMint-LV-en, 13th Term, 2020-03-05	2020-03-05	Unicameralism	13. sasaukums	-	Regulārā	2020-03-05	-	COVID	English	Regular	MP	notMinister	AP	Attīstībai/Par!	Coalition	Centre	PlešsArtūrsToms	Plešs, Artūrs Toms	M	-	
ParlaMint-LV-en_2020-03-05-PT13-2044	ParlaMint-LV_2020-03-05-PT13-2044-U597	Latvian parliamentary corpus ParlaMint-LV-en, 13th Term, 2020-03-05	2020-03-05	Unicameralism	13. sasaukums	-	Regulārā	2020-03-05	-	COVID	English	Chairperson	MP	notMinister	JV	JAUNĀ VIENOTĪBA	Coalition	Centre-right	Lībiņa-EgnereInese	Lībiņa-Egnere, Inese	F	-	
ParlaMint-LV-en_2020-03-05-PT13-2044	ParlaMint-LV_2020-03-05-PT13-2044-U598	Latvian parliamentary corpus ParlaMint-LV-en, 13th Term, 2020-03-05	2020-03-05	Unicameralism	13. sasaukums	-	Regulārā	2020-03-05	-	COVID	English	Regular	MP	notMinister	AP	Attīstībai/Par!	Coalition	Centre	PlešsArtūrsToms	Plešs, Artūrs Toms	M	-	
ParlaMint-LV-en_2020-03-05-PT13-2044	ParlaMint-LV_2020-03-05-PT13-2044-U599	Latvian parliamentary corpus ParlaMint-LV-en, 13th Term, 2020-03-05	2020-03-05	Unicameralism	13. sasaukums	-	Regulārā	2020-03-05	-	COVID	English	Chairperson	MP	notMinister	JV	JAUNĀ VIENOTĪBA	Coalition	Centre-right	Lībiņa-EgnereInese	Lībiņa-Egnere, Inese	F	-	
ParlaMint-LV-en_2020-03-05-PT13-2044	ParlaMint-LV_2020-03-05-PT13-2044-U600	Latvian parliamentary corpus ParlaMint-LV-en, 13th Term, 2020-03-05	2020-03-05	Unicameralism	13. sasaukums	-	Regulārā	2020-03-05	-	COVID	English	Regular	MP	notMinister	AP	Attīstībai/Par!	Coalition	Centre	PlešsArtūrsToms	Plešs, Artūrs Toms	M	-	
ParlaMint-LV-en_2020-03-05-PT13-2044	ParlaMint-LV_2020-03-05-PT13-2044-U601	Latvian parliamentary corpus ParlaMint-LV-en, 13th Term, 2020-03-05	2020-03-05	Unicameralism	13. sasaukums	-	Regulārā	2020-03-05	-	COVID	English	Chairperson	MP	notMinister	JV	JAUNĀ VIENOTĪBA	Coalition	Centre-right	Lībiņa-EgnereInese	Lībiņa-Egnere, Inese	F	-	
ParlaMint-LV-en_2020-03-05-PT13-2044	ParlaMint-LV_2020-03-05-PT13-2044-U602	Latvian parliamentary corpus ParlaMint-LV-en, 13th Term, 2020-03-05	2020-03-05	Unicameralism	13. sasaukums	-	Regulārā	2020-03-05	-	COVID	English	Regular	MP	notMinister	ZZS	Zaļo un Zemnieku savienība	Opposition	Centre to centre-right	ValainisViktors	Valainis, Viktors	M	-	
ParlaMint-LV-en_2020-03-05-PT13-2044	ParlaMint-LV_2020-03-05-PT13-2044-U603	Latvian parliamentary corpus ParlaMint-LV-en, 13th Term, 2020-03-05	2020-03-05	Unicameralism	13. sasaukums	-	Regulārā	2020-03-05	-	COVID	English	Chairperson	MP	notMinister	JV	JAUNĀ VIENOTĪBA	Coalition	Centre-right	Lībiņa-EgnereInese	Lībiņa-Egnere, Inese	F	-	
ParlaMint-LV-en_2020-03-05-PT13-2044	ParlaMint-LV_2020-03-05-PT13-2044-U604	Latvian parliamentary corpus ParlaMint-LV-en, 13th Term, 2020-03-05	2020-03-05	Unicameralism	13. sasaukums	-	Regulārā	2020-03-05	-	COVID	English	Regular	notMP	notMinister	-	-	-	-	LiepiņaLiene	Liepiņa, Liene	F	-	
ParlaMint-LV-en_2020-03-05-PT13-2044	ParlaMint-LV_2020-03-05-PT13-2044-U605	Latvian parliamentary corpus ParlaMint-LV-en, 13th Term, 2020-03-05	2020-03-05	Unicameralism	13. sasaukums	-	Regulārā	2020-03-05	-	COVID	English	Chairperson	MP	notMinister	JV	JAUNĀ VIENOTĪBA	Coalition	Centre-right	Lībiņa-EgnereInese	Lībiņa-Egnere, Inese	F	-	
ParlaMint-LV-en_2020-03-05-PT13-2044	ParlaMint-LV_2020-03-05-PT13-2044-U606	Latvian parliamentary corpus ParlaMint-LV-en, 13th Term, 2020-03-05	2020-03-05	Unicameralism	13. sasaukums	-	Regulārā	2020-03-05	-	COVID	English	Regular	MP	notMinister	SASKAŅA	SASKAŅA	Opposition	Centre-left	KabanovsNikolajs	Kabanovs, Nikolajs	M	-	
ParlaMint-LV-en_2020-03-05-PT13-2044	ParlaMint-LV_2020-03-05-PT13-2044-U607	Latvian parliamentary corpus ParlaMint-LV-en, 13th Term, 2020-03-05	2020-03-05	Unicameralism	13. sasaukums	-	Regulārā	2020-03-05	-	COVID	English	Chairperson	MP	notMinister	JV	JAUNĀ VIENOTĪBA	Coalition	Centre-right	Lībiņa-EgnereInese	Lībiņa-Egnere, Inese	F	-	
ParlaMint-LV-en_2020-03-05-PT13-2044	ParlaMint-LV_2020-03-05-PT13-2044-U608	Latvian parliamentary corpus ParlaMint-LV-en, 13th Term, 2020-03-05	2020-03-05	Unicameralism	13. sasaukums	-	Regulārā	2020-03-05	-	COVID	English	Regular	MP	notMinister	SASKAŅA	SASKAŅA	Opposition	Centre-left	DolgopolovsSergejs	Dolgopolovs, Sergejs	M	-	
ParlaMint-LV-en_2020-03-05-PT13-2044	ParlaMint-LV_2020-03-05-PT13-2044-U609	Latvian parliamentary corpus ParlaMint-LV-en, 13th Term, 2020-03-05	2020-03-05	Unicameralism	13. sasaukums	-	Regulārā	2020-03-05	-	COVID	English	Chairperson	MP	notMinister	JV	JAUNĀ VIENOTĪBA	Coalition	Centre-right	Lībiņa-EgnereInese	Lībiņa-Egnere, Inese	F	-	
ParlaMint-LV-en_2020-03-05-PT13-2044	ParlaMint-LV_2020-03-05-PT13-2044-U610	Latvian parliamentary corpus ParlaMint-LV-en, 13th Term, 2020-03-05	2020-03-05	Unicameralism	13. sasaukums	-	Regulārā	2020-03-05	-	COVID	English	Regular	MP	notMinister	SASKAŅA	SASKAŅA	Opposition	Centre-left	DolgopolovsSergejs	Dolgopolovs, Sergejs	M	-	
ParlaMint-LV-en_2020-03-05-PT13-2044	ParlaMint-LV_2020-03-05-PT13-2044-U611	Latvian parliamentary corpus ParlaMint-LV-en, 13th Term, 2020-03-05	2020-03-05	Unicameralism	13. sasaukums	-	Regulārā	2020-03-05	-	COVID	English	Chairperson	MP	notMinister	JV	JAUNĀ VIENOTĪBA	Coalition	Centre-right	Lībiņa-EgnereInese	Lībiņa-Egnere, Inese	F	-	
ParlaMint-LV-en_2020-03-05-PT13-2044	ParlaMint-LV_2020-03-05-PT13-2044-U612	Latvian parliamentary corpus ParlaMint-LV-en, 13th Term, 2020-03-05	2020-03-05	Unicameralism	13. sasaukums	-	Regulārā	2020-03-05	-	COVID	English	Regular	MP	notMinister	SASKAŅA	SASKAŅA	Opposition	Centre-left	GoldbergaInga	Goldberga, Inga	F	-	
ParlaMint-LV-en_2020-03-05-PT13-2044	ParlaMint-LV_2020-03-05-PT13-2044-U613	Latvian parliamentary corpus ParlaMint-LV-en, 13th Term, 2020-03-05	2020-03-05	Unicameralism	13. sasaukums	-	Regulārā	2020-03-05	-	COVID	English	Chairperson	MP	notMinister	JV	JAUNĀ VIENOTĪBA	Coalition	Centre-right	Lībiņa-EgnereInese	Lībiņa-Egnere, Inese	F	-	
ParlaMint-LV-en_2020-03-05-PT13-2044	ParlaMint-LV_2020-03-05-PT13-2044-U614	Latvian parliamentary corpus ParlaMint-LV-en, 13th Term, 2020-03-05	2020-03-05	Unicameralism	13. sasaukums	-	Regulārā	2020-03-05	-	COVID	English	Regular	MP	notMinister	NA	Nacionālā apvienība "Visu Latvijai!"–"Tēvzemei un Brīvībai/LNNK"	Coalition	Right	KiršteinsAleksandrs	Kiršteins, Aleksandrs	M	-	
ParlaMint-LV-en_2020-03-05-PT13-2044	ParlaMint-LV_2020-03-05-PT13-2044-U615	Latvian parliamentary corpus ParlaMint-LV-en, 13th Term, 2020-03-05	2020-03-05	Unicameralism	13. sasaukums	-	Regulārā	2020-03-05	-	COVID	English	Chairperson	MP	notMinister	JV	JAUNĀ VIENOTĪBA	Coalition	Centre-right	Lībiņa-EgnereInese	Lībiņa-Egnere, Inese	F	-	
ParlaMint-LV-en_2020-03-05-PT13-2044	ParlaMint-LV_2020-03-05-PT13-2044-U616	Latvian parliamentary corpus ParlaMint-LV-en, 13th Term, 2020-03-05	2020-03-05	Unicameralism	13. sasaukums	-	Regulārā	2020-03-05	-	COVID	English	Regular	MP	notMinister	SASKAŅA	SASKAŅA	Opposition	Centre-left	Ločmele-LuņovaRegīna	Ločmele-Luņova, Regīna	F	-	
ParlaMint-LV-en_2020-03-05-PT13-2044	ParlaMint-LV_2020-03-05-PT13-2044-U617	Latvian parliamentary corpus ParlaMint-LV-en, 13th Term, 2020-03-05	2020-03-05	Unicameralism	13. sasaukums	-	Regulārā	2020-03-05	-	COVID	English	Chairperson	MP	notMinister	JV	JAUNĀ VIENOTĪBA	Coalition	Centre-right	Lībiņa-EgnereInese	Lībiņa-Egnere, Inese	F	-	
ParlaMint-LV-en_2020-03-05-PT13-2044	ParlaMint-LV_2020-03-05-PT13-2044-U618	Latvian parliamentary corpus ParlaMint-LV-en, 13th Term, 2020-03-05	2020-03-05	Unicameralism	13. sasaukums	-	Regulārā	2020-03-05	-	COVID	English	Regular	notMP	notMinister	-	-	-	-	ŠmitsDidzis	Šmits, Didzis	M	-	
ParlaMint-LV-en_2020-03-05-PT13-2044	ParlaMint-LV_2020-03-05-PT13-2044-U619	Latvian parliamentary corpus ParlaMint-LV-en, 13th Term, 2020-03-05	2020-03-05	Unicameralism	13. sasaukums	-	Regulārā	2020-03-05	-	COVID	English	Chairperson	MP	notMinister	JV	JAUNĀ VIENOTĪBA	Coalition	Centre-right	Lībiņa-EgnereInese	Lībiņa-Egnere, Inese	F	-	
ParlaMint-LV-en_2020-03-05-PT13-2044	ParlaMint-LV_2020-03-05-PT13-2044-U620	Latvian parliamentary corpus ParlaMint-LV-en, 13th Term, 2020-03-05	2020-03-05	Unicameralism	13. sasaukums	-	Regulārā	2020-03-05	-	COVID	English	Regular	MP	notMinister	ZZS	Zaļo un Zemnieku savienība	Opposition	Centre to centre-right	ValainisViktors	Valainis, Viktors	M	-	
ParlaMint-LV-en_2020-03-05-PT13-2044	ParlaMint-LV_2020-03-05-PT13-2044-U621	Latvian parliamentary corpus ParlaMint-LV-en, 13th Term, 2020-03-05	2020-03-05	Unicameralism	13. sasaukums	-	Regulārā	2020-03-05	-	COVID	English	Chairperson	MP	notMinister	JV	JAUNĀ VIENOTĪBA	Coalition	Centre-right	Lībiņa-EgnereInese	Lībiņa-Egnere, Inese	F	-	
ParlaMint-LV-en_2020-03-05-PT13-2044	ParlaMint-LV_2020-03-05-PT13-2044-U622	Latvian parliamentary corpus ParlaMint-LV-en, 13th Term, 2020-03-05	2020-03-05	Unicameralism	13. sasaukums	-	Regulārā	2020-03-05	-	COVID	English	Regular	MP	notMinister	SASKAŅA	SASKAŅA	Opposition	Centre-left	DombrovskisVjačeslavs	Dombrovskis, Vjačeslavs	M	-	
ParlaMint-LV-en_2020-03-05-PT13-2044	ParlaMint-LV_2020-03-05-PT13-2044-U623	Latvian parliamentary corpus ParlaMint-LV-en, 13th Term, 2020-03-05	2020-03-05	Unicameralism	13. sasaukums	-	Regulārā	2020-03-05	-	COVID	English	Chairperson	MP	notMinister	JV	JAUNĀ VIENOTĪBA	Coalition	Centre-right	Lībiņa-EgnereInese	Lībiņa-Egnere, Inese	F	-	
ParlaMint-LV-en_2020-03-05-PT13-2044	ParlaMint-LV_2020-03-05-PT13-2044-U624	Latvian parliamentary corpus ParlaMint-LV-en, 13th Term, 2020-03-05	2020-03-05	Unicameralism	13. sasaukums	-	Regulārā	2020-03-05	-	COVID	English	Regular	MP	notMinister	KPV-LV	Kam pieder valsts?	Coalition	Centre-right to right	GobzemsAldis	Gobzems, Aldis	M	-	
ParlaMint-LV-en_2020-03-05-PT13-2044	ParlaMint-LV_2020-03-05-PT13-2044-U625	Latvian parliamentary corpus ParlaMint-LV-en, 13th Term, 2020-03-05	2020-03-05	Unicameralism	13. sasaukums	-	Regulārā	2020-03-05	-	COVID	English	Chairperson	MP	notMinister	JV	JAUNĀ VIENOTĪBA	Coalition	Centre-right	Lībiņa-EgnereInese	Lībiņa-Egnere, Inese	F	-	
ParlaMint-LV-en_2020-03-05-PT13-2044	ParlaMint-LV_2020-03-05-PT13-2044-U626	Latvian parliamentary corpus ParlaMint-LV-en, 13th Term, 2020-03-05	2020-03-05	Unicameralism	13. sasaukums	-	Regulārā	2020-03-05	-	COVID	English	Regular	MP	notMinister	KPV-LV	Kam pieder valsts?	Coalition	Centre-right to right	GobzemsAldis	Gobzems, Aldis	M	-	
ParlaMint-LV-en_2020-03-05-PT13-2044	ParlaMint-LV_2020-03-05-PT13-2044-U627	Latvian parliamentary corpus ParlaMint-LV-en, 13th Term, 2020-03-05	2020-03-05	Unicameralism	13. sasaukums	-	Regulārā	2020-03-05	-	COVID	English	Chairperson	MP	notMinister	JV	JAUNĀ VIENOTĪBA	Coalition	Centre-right	Lībiņa-EgnereInese	Lībiņa-Egnere, Inese	F	-	
ParlaMint-LV-en_2020-03-05-PT13-2044	ParlaMint-LV_2020-03-05-PT13-2044-U628	Latvian parliamentary corpus ParlaMint-LV-en, 13th Term, 2020-03-05	2020-03-05	Unicameralism	13. sasaukums	-	Regulārā	2020-03-05	-	COVID	English	Regular	MP	notMinister	ZZS	Zaļo un Zemnieku savienība	Opposition	Centre to centre-right	Reizniece-OzolaDana	Reizniece-Ozola, Dana	F	-	
ParlaMint-LV-en_2020-03-05-PT13-2044	ParlaMint-LV_2020-03-05-PT13-2044-U629	Latvian parliamentary corpus ParlaMint-LV-en, 13th Term, 2020-03-05	2020-03-05	Unicameralism	13. sasaukums	-	Regulārā	2020-03-05	-	COVID	English	Chairperson	MP	notMinister	JV	JAUNĀ VIENOTĪBA	Coalition	Centre-right	Lībiņa-EgnereInese	Lībiņa-Egnere, Inese	F	-	
ParlaMint-LV-en_2020-03-05-PT13-2044	ParlaMint-LV_2020-03-05-PT13-2044-U630	Latvian parliamentary corpus ParlaMint-LV-en, 13th Term, 2020-03-05	2020-03-05	Unicameralism	13. sasaukums	-	Regulārā	2020-03-05	-	COVID	English	Regular	MP	notMinister	JK	Jaunā konservatīvā	Coalition	Centre-right	KazinovskisAndris	Kazinovskis, Andris	M	-	
ParlaMint-LV-en_2020-03-05-PT13-2044	ParlaMint-LV_2020-03-05-PT13-2044-U631	Latvian parliamentary corpus ParlaMint-LV-en, 13th Term, 2020-03-05	2020-03-05	Unicameralism	13. sasaukums	-	Regulārā	2020-03-05	-	COVID	English	Chairperson	MP	notMinister	JV	JAUNĀ VIENOTĪBA	Coalition	Centre-right	Lībiņa-EgnereInese	Lībiņa-Egnere, Inese	F	-	
ParlaMint-LV-en_2020-03-05-PT13-2044	ParlaMint-LV_2020-03-05-PT13-2044-U632	Latvian parliamentary corpus ParlaMint-LV-en, 13th Term, 2020-03-05	2020-03-05	Unicameralism	13. sasaukums	-	Regulārā	2020-03-05	-	COVID	English	Regular	MP	notMinister	SASKAŅA	SASKAŅA	Opposition	Centre-left	DolgopolovsSergejs	Dolgopolovs, Sergejs	M	-	
ParlaMint-LV-en_2020-03-05-PT13-2044	ParlaMint-LV_2020-03-05-PT13-2044-U633	Latvian parliamentary corpus ParlaMint-LV-en, 13th Term, 2020-03-05	2020-03-05	Unicameralism	13. sasaukums	-	Regulārā	2020-03-05	-	COVID	English	Chairperson	MP	notMinister	JV	JAUNĀ VIENOTĪBA	Coalition	Centre-right	Lībiņa-EgnereInese	Lībiņa-Egnere, Inese	F	-	
ParlaMint-LV-en_2020-03-05-PT13-2044	ParlaMint-LV_2020-03-05-PT13-2044-U634	Latvian parliamentary corpus ParlaMint-LV-en, 13th Term, 2020-03-05	2020-03-05	Unicameralism	13. sasaukums	-	Regulārā	2020-03-05	-	COVID	English	Regular	MP	notMinister	AP	Attīstībai/Par!	Coalition	Centre	PlešsArtūrsToms	Plešs, Artūrs Toms	M	-	
ParlaMint-LV-en_2020-03-05-PT13-2044	ParlaMint-LV_2020-03-05-PT13-2044-U635	Latvian parliamentary corpus ParlaMint-LV-en, 13th Term, 2020-03-05	2020-03-05	Unicameralism	13. sasaukums	-	Regulārā	2020-03-05	-	COVID	English	Chairperson	MP	notMinister	JV	JAUNĀ VIENOTĪBA	Coalition	Centre-right	Lībiņa-EgnereInese	Lībiņa-Egnere, Inese	F	-	
ParlaMint-LV-en_2020-03-05-PT13-2044	ParlaMint-LV_2020-03-05-PT13-2044-U636	Latvian parliamentary corpus ParlaMint-LV-en, 13th Term, 2020-03-05	2020-03-05	Unicameralism	13. sasaukums	-	Regulārā	2020-03-05	-	COVID	English	Regular	MP	notMinister	AP	Attīstībai/Par!	Coalition	Centre	PlešsArtūrsToms	Plešs, Artūrs Toms	M	-	
ParlaMint-LV-en_2020-03-05-PT13-2044	ParlaMint-LV_2020-03-05-PT13-2044-U637	Latvian parliamentary corpus ParlaMint-LV-en, 13th Term, 2020-03-05	2020-03-05	Unicameralism	13. sasaukums	-	Regulārā	2020-03-05	-	COVID	English	Chairperson	MP	notMinister	JV	JAUNĀ VIENOTĪBA	Coalition	Centre-right	Lībiņa-EgnereInese	Lībiņa-Egnere, Inese	F	-	
ParlaMint-LV-en_2020-03-05-PT13-2044	ParlaMint-LV_2020-03-05-PT13-2044-U638	Latvian parliamentary corpus ParlaMint-LV-en, 13th Term, 2020-03-05	2020-03-05	Unicameralism	13. sasaukums	-	Regulārā	2020-03-05	-	COVID	English	Guest	MP	notMinister	AP	Attīstībai/Par!	Coalition	Centre	GolubevaMarija	Golubeva, Marija	F	-	
ParlaMint-LV-en_2020-03-05-PT13-2044	ParlaMint-LV_2020-03-05-PT13-2044-U639	Latvian parliamentary corpus ParlaMint-LV-en, 13th Term, 2020-03-05	2020-03-05	Unicameralism	13. sasaukums	-	Regulārā	2020-03-05	-	COVID	English	Chairperson	MP	notMinister	JV	JAUNĀ VIENOTĪBA	Coalition	Centre-right	Lībiņa-EgnereInese	Lībiņa-Egnere, Inese	F	-	
