Text_ID	ID	Title	Date	Body	Term	Session	Meeting	Sitting	Agenda	Subcorpus	Lang	Speaker_role	Speaker_MP	Speaker_minister	Speaker_party	Speaker_party_name	Party_status	Party_orientation	Speaker_ID	Speaker_name	Speaker_gender	Speaker_birth
ParlaMint-TR-en_2016-05-20-tbmm-T26	tbmm-2016-05-20sit01spe0001par0001	The Turkish parliamentary corpus ParlaMint-TR-en, Term 26, Year 1, Session 91	2016-05-20	Unicameralism	26	1	91	-	-	Reference	English	Chairperson	MP	notMinister	AKP	Justice and Development Party	Coalition	Right	İsmail.Kahraman	Kahraman, İsmail	M	1940	
ParlaMint-TR-en_2016-05-20-tbmm-T26	tbmm-2016-05-20sit01spe0002par0019	The Turkish parliamentary corpus ParlaMint-TR-en, Term 26, Year 1, Session 91	2016-05-20	Unicameralism	26	1	91	-	-	Reference	English	Regular	MP	notMinister	CHP	Republican People's Party	Opposition	Centre-left	Levent.Gök	Gök, Levent	M	1959	
ParlaMint-TR-en_2016-05-20-tbmm-T26	tbmm-2016-05-20sit01spe0003par0023	The Turkish parliamentary corpus ParlaMint-TR-en, Term 26, Year 1, Session 91	2016-05-20	Unicameralism	26	1	91	-	-	Reference	English	Regular	MP	notMinister	AKP	Justice and Development Party	Coalition	Right	Gökcen.Özdoğan	Özdoğan Enç, Gökcen	F	1976	
ParlaMint-TR-en_2016-05-20-tbmm-T26	tbmm-2016-05-20sit01spe0002par0024	The Turkish parliamentary corpus ParlaMint-TR-en, Term 26, Year 1, Session 91	2016-05-20	Unicameralism	26	1	91	-	-	Reference	English	Regular	MP	notMinister	CHP	Republican People's Party	Opposition	Centre-left	Levent.Gök	Gök, Levent	M	1959	
ParlaMint-TR-en_2016-05-20-tbmm-T26	tbmm-2016-05-20sit01spe0003par0026	The Turkish parliamentary corpus ParlaMint-TR-en, Term 26, Year 1, Session 91	2016-05-20	Unicameralism	26	1	91	-	-	Reference	English	Regular	MP	notMinister	AKP	Justice and Development Party	Coalition	Right	Gökcen.Özdoğan	Özdoğan Enç, Gökcen	F	1976	
ParlaMint-TR-en_2016-05-20-tbmm-T26	tbmm-2016-05-20sit01spe0004par0027	The Turkish parliamentary corpus ParlaMint-TR-en, Term 26, Year 1, Session 91	2016-05-20	Unicameralism	26	1	91	-	-	Reference	English	Regular	MP	notMinister	AKP	Justice and Development Party	Coalition	Right	İlknur.İnceöz	İnceöz, İlknur	F	1973	
ParlaMint-TR-en_2016-05-20-tbmm-T26	tbmm-2016-05-20sit01spe0002par0028	The Turkish parliamentary corpus ParlaMint-TR-en, Term 26, Year 1, Session 91	2016-05-20	Unicameralism	26	1	91	-	-	Reference	English	Regular	MP	notMinister	CHP	Republican People's Party	Opposition	Centre-left	Levent.Gök	Gök, Levent	M	1959	
ParlaMint-TR-en_2016-05-20-tbmm-T26	tbmm-2016-05-20sit01spe0005par0030	The Turkish parliamentary corpus ParlaMint-TR-en, Term 26, Year 1, Session 91	2016-05-20	Unicameralism	26	1	91	-	-	Reference	English	Chairperson	MP	notMinister	AKP	Justice and Development Party	Coalition	Right	İsmail.Kahraman	Kahraman, İsmail	M	1940	
ParlaMint-TR-en_2016-05-20-tbmm-T26	tbmm-2016-05-20sit01spe0002par0032	The Turkish parliamentary corpus ParlaMint-TR-en, Term 26, Year 1, Session 91	2016-05-20	Unicameralism	26	1	91	-	-	Reference	English	Regular	MP	notMinister	CHP	Republican People's Party	Opposition	Centre-left	Levent.Gök	Gök, Levent	M	1959	
ParlaMint-TR-en_2016-05-20-tbmm-T26	tbmm-2016-05-20sit01spe0005par0034	The Turkish parliamentary corpus ParlaMint-TR-en, Term 26, Year 1, Session 91	2016-05-20	Unicameralism	26	1	91	-	-	Reference	English	Chairperson	MP	notMinister	AKP	Justice and Development Party	Coalition	Right	İsmail.Kahraman	Kahraman, İsmail	M	1940	
ParlaMint-TR-en_2016-05-20-tbmm-T26	tbmm-2016-05-20sit01spe0006par0037	The Turkish parliamentary corpus ParlaMint-TR-en, Term 26, Year 1, Session 91	2016-05-20	Unicameralism	26	1	91	-	-	Reference	English	Regular	MP	notMinister	HDP	Peoples' Democratic Party	Opposition	Centre-left to left	İdris.Baluken	Baluken, İdris	M	1976	
ParlaMint-TR-en_2016-05-20-tbmm-T26	tbmm-2016-05-20sit01spe0007par0044	The Turkish parliamentary corpus ParlaMint-TR-en, Term 26, Year 1, Session 91	2016-05-20	Unicameralism	26	1	91	-	-	Reference	English	Chairperson	MP	notMinister	AKP	Justice and Development Party	Coalition	Right	İsmail.Kahraman	Kahraman, İsmail	M	1940	
ParlaMint-TR-en_2016-05-20-tbmm-T26	tbmm-2016-05-20sit01spe0006par0046	The Turkish parliamentary corpus ParlaMint-TR-en, Term 26, Year 1, Session 91	2016-05-20	Unicameralism	26	1	91	-	-	Reference	English	Regular	MP	notMinister	HDP	Peoples' Democratic Party	Opposition	Centre-left to left	İdris.Baluken	Baluken, İdris	M	1976	
ParlaMint-TR-en_2016-05-20-tbmm-T26	tbmm-2016-05-20sit01spe0008par0051	The Turkish parliamentary corpus ParlaMint-TR-en, Term 26, Year 1, Session 91	2016-05-20	Unicameralism	26	1	91	-	-	Reference	English	Chairperson	MP	notMinister	AKP	Justice and Development Party	Coalition	Right	İsmail.Kahraman	Kahraman, İsmail	M	1940	
ParlaMint-TR-en_2016-05-20-tbmm-T26	tbmm-2016-05-20sit01spe0009par0055	The Turkish parliamentary corpus ParlaMint-TR-en, Term 26, Year 1, Session 91	2016-05-20	Unicameralism	26	1	91	-	-	Reference	English	Regular	MP	notMinister	MHP	Nationalist Movement Party	Opposition	Right to far-right	Erkan.Akçay	Akçay, Erkan	M	1961	
ParlaMint-TR-en_2016-05-20-tbmm-T26	tbmm-2016-05-20sit01spe0010par0060	The Turkish parliamentary corpus ParlaMint-TR-en, Term 26, Year 1, Session 91	2016-05-20	Unicameralism	26	1	91	-	-	Reference	English	Chairperson	MP	notMinister	AKP	Justice and Development Party	Coalition	Right	İsmail.Kahraman	Kahraman, İsmail	M	1940	
ParlaMint-TR-en_2016-05-20-tbmm-T26	tbmm-2016-05-20sit01spe0011par0063	The Turkish parliamentary corpus ParlaMint-TR-en, Term 26, Year 1, Session 91	2016-05-20	Unicameralism	26	1	91	-	-	Reference	English	Regular	MP	notMinister	AKP	Justice and Development Party	Coalition	Right	Bülent.Turan	Turan, Bülent	M	1975	
ParlaMint-TR-en_2016-05-20-tbmm-T26	tbmm-2016-05-20sit01spe0012par0070	The Turkish parliamentary corpus ParlaMint-TR-en, Term 26, Year 1, Session 91	2016-05-20	Unicameralism	26	1	91	-	-	Reference	English	Chairperson	MP	notMinister	AKP	Justice and Development Party	Coalition	Right	İsmail.Kahraman	Kahraman, İsmail	M	1940	
ParlaMint-TR-en_2016-05-20-tbmm-T26	tbmm-2016-05-20sit01spe0013par0079	The Turkish parliamentary corpus ParlaMint-TR-en, Term 26, Year 1, Session 91	2016-05-20	Unicameralism	26	1	91	-	-	Reference	English	Regular	MP	notMinister	CHP	Republican People's Party	Opposition	Centre-left	Levent.Gök	Gök, Levent	M	1959	
ParlaMint-TR-en_2016-05-20-tbmm-T26	tbmm-2016-05-20sit01spe0012par0080	The Turkish parliamentary corpus ParlaMint-TR-en, Term 26, Year 1, Session 91	2016-05-20	Unicameralism	26	1	91	-	-	Reference	English	Chairperson	MP	notMinister	AKP	Justice and Development Party	Coalition	Right	İsmail.Kahraman	Kahraman, İsmail	M	1940	
ParlaMint-TR-en_2016-05-20-tbmm-T26	tbmm-2016-05-20sit01spe0013par0081	The Turkish parliamentary corpus ParlaMint-TR-en, Term 26, Year 1, Session 91	2016-05-20	Unicameralism	26	1	91	-	-	Reference	English	Regular	MP	notMinister	CHP	Republican People's Party	Opposition	Centre-left	Levent.Gök	Gök, Levent	M	1959	
ParlaMint-TR-en_2016-05-20-tbmm-T26	tbmm-2016-05-20sit01spe0012par0082	The Turkish parliamentary corpus ParlaMint-TR-en, Term 26, Year 1, Session 91	2016-05-20	Unicameralism	26	1	91	-	-	Reference	English	Chairperson	MP	notMinister	AKP	Justice and Development Party	Coalition	Right	İsmail.Kahraman	Kahraman, İsmail	M	1940	
ParlaMint-TR-en_2016-05-20-tbmm-T26	tbmm-2016-05-20sit01spe0013par0083	The Turkish parliamentary corpus ParlaMint-TR-en, Term 26, Year 1, Session 91	2016-05-20	Unicameralism	26	1	91	-	-	Reference	English	Regular	MP	notMinister	CHP	Republican People's Party	Opposition	Centre-left	Levent.Gök	Gök, Levent	M	1959	
ParlaMint-TR-en_2016-05-20-tbmm-T26	tbmm-2016-05-20sit01spe0012par0084	The Turkish parliamentary corpus ParlaMint-TR-en, Term 26, Year 1, Session 91	2016-05-20	Unicameralism	26	1	91	-	-	Reference	English	Chairperson	MP	notMinister	AKP	Justice and Development Party	Coalition	Right	İsmail.Kahraman	Kahraman, İsmail	M	1940	
ParlaMint-TR-en_2016-05-20-tbmm-T26	tbmm-2016-05-20sit01spe0013par0085	The Turkish parliamentary corpus ParlaMint-TR-en, Term 26, Year 1, Session 91	2016-05-20	Unicameralism	26	1	91	-	-	Reference	English	Regular	MP	notMinister	CHP	Republican People's Party	Opposition	Centre-left	Levent.Gök	Gök, Levent	M	1959	
ParlaMint-TR-en_2016-05-20-tbmm-T26	tbmm-2016-05-20sit01spe0012par0086	The Turkish parliamentary corpus ParlaMint-TR-en, Term 26, Year 1, Session 91	2016-05-20	Unicameralism	26	1	91	-	-	Reference	English	Chairperson	MP	notMinister	AKP	Justice and Development Party	Coalition	Right	İsmail.Kahraman	Kahraman, İsmail	M	1940	
ParlaMint-TR-en_2016-05-20-tbmm-T26	tbmm-2016-05-20sit01spe0014par0092	The Turkish parliamentary corpus ParlaMint-TR-en, Term 26, Year 1, Session 91	2016-05-20	Unicameralism	26	1	91	-	-	Reference	English	Regular	MP	notMinister	CHP	Republican People's Party	Opposition	Centre-left	Levent.Gök	Gök, Levent	M	1959	
ParlaMint-TR-en_2016-05-20-tbmm-T26	tbmm-2016-05-20sit01spe0012par0093	The Turkish parliamentary corpus ParlaMint-TR-en, Term 26, Year 1, Session 91	2016-05-20	Unicameralism	26	1	91	-	-	Reference	English	Chairperson	MP	notMinister	AKP	Justice and Development Party	Coalition	Right	İsmail.Kahraman	Kahraman, İsmail	M	1940	
ParlaMint-TR-en_2016-05-20-tbmm-T26	tbmm-2016-05-20sit01spe0014par0094	The Turkish parliamentary corpus ParlaMint-TR-en, Term 26, Year 1, Session 91	2016-05-20	Unicameralism	26	1	91	-	-	Reference	English	Regular	MP	notMinister	CHP	Republican People's Party	Opposition	Centre-left	Levent.Gök	Gök, Levent	M	1959	
ParlaMint-TR-en_2016-05-20-tbmm-T26	tbmm-2016-05-20sit01spe0012par0095	The Turkish parliamentary corpus ParlaMint-TR-en, Term 26, Year 1, Session 91	2016-05-20	Unicameralism	26	1	91	-	-	Reference	English	Chairperson	MP	notMinister	AKP	Justice and Development Party	Coalition	Right	İsmail.Kahraman	Kahraman, İsmail	M	1940	
ParlaMint-TR-en_2016-05-20-tbmm-T26	tbmm-2016-05-20sit01spe0014par0096	The Turkish parliamentary corpus ParlaMint-TR-en, Term 26, Year 1, Session 91	2016-05-20	Unicameralism	26	1	91	-	-	Reference	English	Regular	MP	notMinister	CHP	Republican People's Party	Opposition	Centre-left	Levent.Gök	Gök, Levent	M	1959	
ParlaMint-TR-en_2016-05-20-tbmm-T26	tbmm-2016-05-20sit01spe0012par0097	The Turkish parliamentary corpus ParlaMint-TR-en, Term 26, Year 1, Session 91	2016-05-20	Unicameralism	26	1	91	-	-	Reference	English	Chairperson	MP	notMinister	AKP	Justice and Development Party	Coalition	Right	İsmail.Kahraman	Kahraman, İsmail	M	1940	
ParlaMint-TR-en_2016-05-20-tbmm-T26	tbmm-2016-05-20sit01spe0014par0098	The Turkish parliamentary corpus ParlaMint-TR-en, Term 26, Year 1, Session 91	2016-05-20	Unicameralism	26	1	91	-	-	Reference	English	Regular	MP	notMinister	CHP	Republican People's Party	Opposition	Centre-left	Levent.Gök	Gök, Levent	M	1959	
ParlaMint-TR-en_2016-05-20-tbmm-T26	tbmm-2016-05-20sit01spe0012par0099	The Turkish parliamentary corpus ParlaMint-TR-en, Term 26, Year 1, Session 91	2016-05-20	Unicameralism	26	1	91	-	-	Reference	English	Chairperson	MP	notMinister	AKP	Justice and Development Party	Coalition	Right	İsmail.Kahraman	Kahraman, İsmail	M	1940	
ParlaMint-TR-en_2016-05-20-tbmm-T26	tbmm-2016-05-20sit01spe0014par0100	The Turkish parliamentary corpus ParlaMint-TR-en, Term 26, Year 1, Session 91	2016-05-20	Unicameralism	26	1	91	-	-	Reference	English	Regular	MP	notMinister	CHP	Republican People's Party	Opposition	Centre-left	Levent.Gök	Gök, Levent	M	1959	
ParlaMint-TR-en_2016-05-20-tbmm-T26	tbmm-2016-05-20sit01spe0012par0102	The Turkish parliamentary corpus ParlaMint-TR-en, Term 26, Year 1, Session 91	2016-05-20	Unicameralism	26	1	91	-	-	Reference	English	Chairperson	MP	notMinister	AKP	Justice and Development Party	Coalition	Right	İsmail.Kahraman	Kahraman, İsmail	M	1940	
ParlaMint-TR-en_2016-05-20-tbmm-T26	tbmm-2016-05-20sit01spe0014par0104	The Turkish parliamentary corpus ParlaMint-TR-en, Term 26, Year 1, Session 91	2016-05-20	Unicameralism	26	1	91	-	-	Reference	English	Regular	MP	notMinister	CHP	Republican People's Party	Opposition	Centre-left	Levent.Gök	Gök, Levent	M	1959	
ParlaMint-TR-en_2016-05-20-tbmm-T26	tbmm-2016-05-20sit01spe0012par0106	The Turkish parliamentary corpus ParlaMint-TR-en, Term 26, Year 1, Session 91	2016-05-20	Unicameralism	26	1	91	-	-	Reference	English	Chairperson	MP	notMinister	AKP	Justice and Development Party	Coalition	Right	İsmail.Kahraman	Kahraman, İsmail	M	1940	
ParlaMint-TR-en_2016-05-20-tbmm-T26	tbmm-2016-05-20sit01spe0014par0108	The Turkish parliamentary corpus ParlaMint-TR-en, Term 26, Year 1, Session 91	2016-05-20	Unicameralism	26	1	91	-	-	Reference	English	Regular	MP	notMinister	CHP	Republican People's Party	Opposition	Centre-left	Levent.Gök	Gök, Levent	M	1959	
ParlaMint-TR-en_2016-05-20-tbmm-T26	tbmm-2016-05-20sit01spe0012par0109	The Turkish parliamentary corpus ParlaMint-TR-en, Term 26, Year 1, Session 91	2016-05-20	Unicameralism	26	1	91	-	-	Reference	English	Chairperson	MP	notMinister	AKP	Justice and Development Party	Coalition	Right	İsmail.Kahraman	Kahraman, İsmail	M	1940	
ParlaMint-TR-en_2016-05-20-tbmm-T26	tbmm-2016-05-20sit01spe0014par0110	The Turkish parliamentary corpus ParlaMint-TR-en, Term 26, Year 1, Session 91	2016-05-20	Unicameralism	26	1	91	-	-	Reference	English	Regular	MP	notMinister	CHP	Republican People's Party	Opposition	Centre-left	Levent.Gök	Gök, Levent	M	1959	
ParlaMint-TR-en_2016-05-20-tbmm-T26	tbmm-2016-05-20sit01spe0012par0112	The Turkish parliamentary corpus ParlaMint-TR-en, Term 26, Year 1, Session 91	2016-05-20	Unicameralism	26	1	91	-	-	Reference	English	Chairperson	MP	notMinister	AKP	Justice and Development Party	Coalition	Right	İsmail.Kahraman	Kahraman, İsmail	M	1940	
ParlaMint-TR-en_2016-05-20-tbmm-T26	tbmm-2016-05-20sit01spe0014par0113	The Turkish parliamentary corpus ParlaMint-TR-en, Term 26, Year 1, Session 91	2016-05-20	Unicameralism	26	1	91	-	-	Reference	English	Regular	MP	notMinister	CHP	Republican People's Party	Opposition	Centre-left	Levent.Gök	Gök, Levent	M	1959	
ParlaMint-TR-en_2016-05-20-tbmm-T26	tbmm-2016-05-20sit01spe0015par0114	The Turkish parliamentary corpus ParlaMint-TR-en, Term 26, Year 1, Session 91	2016-05-20	Unicameralism	26	1	91	-	-	Reference	English	Regular	MP	notMinister	AKP	Justice and Development Party	Coalition	Right	Mehmet.Metiner	Metiner, Mehmet	M	1960	
ParlaMint-TR-en_2016-05-20-tbmm-T26	tbmm-2016-05-20sit01spe0012par0115	The Turkish parliamentary corpus ParlaMint-TR-en, Term 26, Year 1, Session 91	2016-05-20	Unicameralism	26	1	91	-	-	Reference	English	Chairperson	MP	notMinister	AKP	Justice and Development Party	Coalition	Right	İsmail.Kahraman	Kahraman, İsmail	M	1940	
ParlaMint-TR-en_2016-05-20-tbmm-T26	tbmm-2016-05-20sit01spe0014par0116	The Turkish parliamentary corpus ParlaMint-TR-en, Term 26, Year 1, Session 91	2016-05-20	Unicameralism	26	1	91	-	-	Reference	English	Regular	MP	notMinister	CHP	Republican People's Party	Opposition	Centre-left	Levent.Gök	Gök, Levent	M	1959	
ParlaMint-TR-en_2016-05-20-tbmm-T26	tbmm-2016-05-20sit01spe0012par0117	The Turkish parliamentary corpus ParlaMint-TR-en, Term 26, Year 1, Session 91	2016-05-20	Unicameralism	26	1	91	-	-	Reference	English	Chairperson	MP	notMinister	AKP	Justice and Development Party	Coalition	Right	İsmail.Kahraman	Kahraman, İsmail	M	1940	
ParlaMint-TR-en_2016-05-20-tbmm-T26	tbmm-2016-05-20sit01spe0014par0118	The Turkish parliamentary corpus ParlaMint-TR-en, Term 26, Year 1, Session 91	2016-05-20	Unicameralism	26	1	91	-	-	Reference	English	Regular	MP	notMinister	CHP	Republican People's Party	Opposition	Centre-left	Levent.Gök	Gök, Levent	M	1959	
ParlaMint-TR-en_2016-05-20-tbmm-T26	tbmm-2016-05-20sit01spe0012par0119	The Turkish parliamentary corpus ParlaMint-TR-en, Term 26, Year 1, Session 91	2016-05-20	Unicameralism	26	1	91	-	-	Reference	English	Chairperson	MP	notMinister	AKP	Justice and Development Party	Coalition	Right	İsmail.Kahraman	Kahraman, İsmail	M	1940	
ParlaMint-TR-en_2016-05-20-tbmm-T26	tbmm-2016-05-20sit01spe0014par0120	The Turkish parliamentary corpus ParlaMint-TR-en, Term 26, Year 1, Session 91	2016-05-20	Unicameralism	26	1	91	-	-	Reference	English	Regular	MP	notMinister	CHP	Republican People's Party	Opposition	Centre-left	Levent.Gök	Gök, Levent	M	1959	
ParlaMint-TR-en_2016-05-20-tbmm-T26	tbmm-2016-05-20sit01spe0016par0121	The Turkish parliamentary corpus ParlaMint-TR-en, Term 26, Year 1, Session 91	2016-05-20	Unicameralism	26	1	91	-	-	Reference	English	Regular	MP	notMinister	AKP	Justice and Development Party	Coalition	Right	Mehmet.Metiner	Metiner, Mehmet	M	1960	
ParlaMint-TR-en_2016-05-20-tbmm-T26	tbmm-2016-05-20sit01spe0014par0122	The Turkish parliamentary corpus ParlaMint-TR-en, Term 26, Year 1, Session 91	2016-05-20	Unicameralism	26	1	91	-	-	Reference	English	Regular	MP	notMinister	CHP	Republican People's Party	Opposition	Centre-left	Levent.Gök	Gök, Levent	M	1959	
ParlaMint-TR-en_2016-05-20-tbmm-T26	tbmm-2016-05-20sit01spe0017par0123	The Turkish parliamentary corpus ParlaMint-TR-en, Term 26, Year 1, Session 91	2016-05-20	Unicameralism	26	1	91	-	-	Reference	English	Regular	MP	notMinister	AKP	Justice and Development Party	Coalition	Right	Bülent.Turan	Turan, Bülent	M	1975	
ParlaMint-TR-en_2016-05-20-tbmm-T26	tbmm-2016-05-20sit01spe0018par0124	The Turkish parliamentary corpus ParlaMint-TR-en, Term 26, Year 1, Session 91	2016-05-20	Unicameralism	26	1	91	-	-	Reference	English	Chairperson	MP	notMinister	AKP	Justice and Development Party	Coalition	Right	İsmail.Kahraman	Kahraman, İsmail	M	1940	
ParlaMint-TR-en_2016-05-20-tbmm-T26	tbmm-2016-05-20sit01spe0014par0125	The Turkish parliamentary corpus ParlaMint-TR-en, Term 26, Year 1, Session 91	2016-05-20	Unicameralism	26	1	91	-	-	Reference	English	Regular	MP	notMinister	CHP	Republican People's Party	Opposition	Centre-left	Levent.Gök	Gök, Levent	M	1959	
ParlaMint-TR-en_2016-05-20-tbmm-T26	tbmm-2016-05-20sit01spe0019par0126	The Turkish parliamentary corpus ParlaMint-TR-en, Term 26, Year 1, Session 91	2016-05-20	Unicameralism	26	1	91	-	-	Reference	English	Regular	MP	notMinister	AKP	Justice and Development Party	Coalition	Right	Mehmet.Metiner	Metiner, Mehmet	M	1960	
ParlaMint-TR-en_2016-05-20-tbmm-T26	tbmm-2016-05-20sit01spe0014par0127	The Turkish parliamentary corpus ParlaMint-TR-en, Term 26, Year 1, Session 91	2016-05-20	Unicameralism	26	1	91	-	-	Reference	English	Regular	MP	notMinister	CHP	Republican People's Party	Opposition	Centre-left	Levent.Gök	Gök, Levent	M	1959	
ParlaMint-TR-en_2016-05-20-tbmm-T26	tbmm-2016-05-20sit01spe0020par0128	The Turkish parliamentary corpus ParlaMint-TR-en, Term 26, Year 1, Session 91	2016-05-20	Unicameralism	26	1	91	-	-	Reference	English	Chairperson	MP	notMinister	AKP	Justice and Development Party	Coalition	Right	İsmail.Kahraman	Kahraman, İsmail	M	1940	
ParlaMint-TR-en_2016-05-20-tbmm-T26	tbmm-2016-05-20sit01spe0021par0129	The Turkish parliamentary corpus ParlaMint-TR-en, Term 26, Year 1, Session 91	2016-05-20	Unicameralism	26	1	91	-	-	Reference	English	Regular	MP	notMinister	AKP	Justice and Development Party	Coalition	Right	Bülent.Turan	Turan, Bülent	M	1975	
ParlaMint-TR-en_2016-05-20-tbmm-T26	tbmm-2016-05-20sit01spe0014par0130	The Turkish parliamentary corpus ParlaMint-TR-en, Term 26, Year 1, Session 91	2016-05-20	Unicameralism	26	1	91	-	-	Reference	English	Regular	MP	notMinister	CHP	Republican People's Party	Opposition	Centre-left	Levent.Gök	Gök, Levent	M	1959	
ParlaMint-TR-en_2016-05-20-tbmm-T26	tbmm-2016-05-20sit01spe0020par0131	The Turkish parliamentary corpus ParlaMint-TR-en, Term 26, Year 1, Session 91	2016-05-20	Unicameralism	26	1	91	-	-	Reference	English	Chairperson	MP	notMinister	AKP	Justice and Development Party	Coalition	Right	İsmail.Kahraman	Kahraman, İsmail	M	1940	
ParlaMint-TR-en_2016-05-20-tbmm-T26	tbmm-2016-05-20sit01spe0014par0133	The Turkish parliamentary corpus ParlaMint-TR-en, Term 26, Year 1, Session 91	2016-05-20	Unicameralism	26	1	91	-	-	Reference	English	Regular	MP	notMinister	CHP	Republican People's Party	Opposition	Centre-left	Levent.Gök	Gök, Levent	M	1959	
ParlaMint-TR-en_2016-05-20-tbmm-T26	tbmm-2016-05-20sit01spe0020par0134	The Turkish parliamentary corpus ParlaMint-TR-en, Term 26, Year 1, Session 91	2016-05-20	Unicameralism	26	1	91	-	-	Reference	English	Chairperson	MP	notMinister	AKP	Justice and Development Party	Coalition	Right	İsmail.Kahraman	Kahraman, İsmail	M	1940	
ParlaMint-TR-en_2016-05-20-tbmm-T26	tbmm-2016-05-20sit01spe0014par0135	The Turkish parliamentary corpus ParlaMint-TR-en, Term 26, Year 1, Session 91	2016-05-20	Unicameralism	26	1	91	-	-	Reference	English	Regular	MP	notMinister	CHP	Republican People's Party	Opposition	Centre-left	Levent.Gök	Gök, Levent	M	1959	
ParlaMint-TR-en_2016-05-20-tbmm-T26	tbmm-2016-05-20sit01spe0020par0136	The Turkish parliamentary corpus ParlaMint-TR-en, Term 26, Year 1, Session 91	2016-05-20	Unicameralism	26	1	91	-	-	Reference	English	Chairperson	MP	notMinister	AKP	Justice and Development Party	Coalition	Right	İsmail.Kahraman	Kahraman, İsmail	M	1940	
ParlaMint-TR-en_2016-05-20-tbmm-T26	tbmm-2016-05-20sit01spe0022par0137	The Turkish parliamentary corpus ParlaMint-TR-en, Term 26, Year 1, Session 91	2016-05-20	Unicameralism	26	1	91	-	-	Reference	English	Regular	MP	notMinister	AKP	Justice and Development Party	Coalition	Right	Fuat.Köktaş	Köktaş, Fuat	M	1964	
ParlaMint-TR-en_2016-05-20-tbmm-T26	tbmm-2016-05-20sit01spe0023par0138	The Turkish parliamentary corpus ParlaMint-TR-en, Term 26, Year 1, Session 91	2016-05-20	Unicameralism	26	1	91	-	-	Reference	English	Regular	MP	notMinister	AKP	Justice and Development Party	Coalition	Right	Gökcen.Özdoğan	Özdoğan Enç, Gökcen	F	1976	
ParlaMint-TR-en_2016-05-20-tbmm-T26	tbmm-2016-05-20sit01spe0022par0139	The Turkish parliamentary corpus ParlaMint-TR-en, Term 26, Year 1, Session 91	2016-05-20	Unicameralism	26	1	91	-	-	Reference	English	Regular	MP	notMinister	AKP	Justice and Development Party	Coalition	Right	Fuat.Köktaş	Köktaş, Fuat	M	1964	
ParlaMint-TR-en_2016-05-20-tbmm-T26	tbmm-2016-05-20sit01spe0024par0140	The Turkish parliamentary corpus ParlaMint-TR-en, Term 26, Year 1, Session 91	2016-05-20	Unicameralism	26	1	91	-	-	Reference	English	Regular	MP	notMinister	AKP	Justice and Development Party	Coalition	Right	Mehmet.Metiner	Metiner, Mehmet	M	1960	
ParlaMint-TR-en_2016-05-20-tbmm-T26	tbmm-2016-05-20sit01spe0025par0141	The Turkish parliamentary corpus ParlaMint-TR-en, Term 26, Year 1, Session 91	2016-05-20	Unicameralism	26	1	91	-	-	Reference	English	Regular	MP	notMinister	CHP	Republican People's Party	Opposition	Centre-left	Levent.Gök	Gök, Levent	M	1959	
ParlaMint-TR-en_2016-05-20-tbmm-T26	tbmm-2016-05-20sit01spe0026par0142	The Turkish parliamentary corpus ParlaMint-TR-en, Term 26, Year 1, Session 91	2016-05-20	Unicameralism	26	1	91	-	-	Reference	English	Regular	MP	notMinister	AKP	Justice and Development Party	Coalition	Right	Nurettin.Canikli	Canikli, Nurettin	M	1960	
ParlaMint-TR-en_2016-05-20-tbmm-T26	tbmm-2016-05-20sit01spe0027par0143	The Turkish parliamentary corpus ParlaMint-TR-en, Term 26, Year 1, Session 91	2016-05-20	Unicameralism	26	1	91	-	-	Reference	English	Chairperson	MP	notMinister	AKP	Justice and Development Party	Coalition	Right	İsmail.Kahraman	Kahraman, İsmail	M	1940	
ParlaMint-TR-en_2016-05-20-tbmm-T26	tbmm-2016-05-20sit01spe0025par0144	The Turkish parliamentary corpus ParlaMint-TR-en, Term 26, Year 1, Session 91	2016-05-20	Unicameralism	26	1	91	-	-	Reference	English	Regular	MP	notMinister	CHP	Republican People's Party	Opposition	Centre-left	Levent.Gök	Gök, Levent	M	1959	
ParlaMint-TR-en_2016-05-20-tbmm-T26	tbmm-2016-05-20sit01spe0027par0145	The Turkish parliamentary corpus ParlaMint-TR-en, Term 26, Year 1, Session 91	2016-05-20	Unicameralism	26	1	91	-	-	Reference	English	Chairperson	MP	notMinister	AKP	Justice and Development Party	Coalition	Right	İsmail.Kahraman	Kahraman, İsmail	M	1940	
ParlaMint-TR-en_2016-05-20-tbmm-T26	tbmm-2016-05-20sit01spe0025par0146	The Turkish parliamentary corpus ParlaMint-TR-en, Term 26, Year 1, Session 91	2016-05-20	Unicameralism	26	1	91	-	-	Reference	English	Regular	MP	notMinister	CHP	Republican People's Party	Opposition	Centre-left	Levent.Gök	Gök, Levent	M	1959	
ParlaMint-TR-en_2016-05-20-tbmm-T26	tbmm-2016-05-20sit01spe0027par0147	The Turkish parliamentary corpus ParlaMint-TR-en, Term 26, Year 1, Session 91	2016-05-20	Unicameralism	26	1	91	-	-	Reference	English	Chairperson	MP	notMinister	AKP	Justice and Development Party	Coalition	Right	İsmail.Kahraman	Kahraman, İsmail	M	1940	
ParlaMint-TR-en_2016-05-20-tbmm-T26	tbmm-2016-05-20sit01spe0028par0148	The Turkish parliamentary corpus ParlaMint-TR-en, Term 26, Year 1, Session 91	2016-05-20	Unicameralism	26	1	91	-	-	Reference	English	Regular	MP	notMinister	AKP	Justice and Development Party	Coalition	Right	Nurettin.Canikli	Canikli, Nurettin	M	1960	
ParlaMint-TR-en_2016-05-20-tbmm-T26	tbmm-2016-05-20sit01spe0025par0149	The Turkish parliamentary corpus ParlaMint-TR-en, Term 26, Year 1, Session 91	2016-05-20	Unicameralism	26	1	91	-	-	Reference	English	Regular	MP	notMinister	CHP	Republican People's Party	Opposition	Centre-left	Levent.Gök	Gök, Levent	M	1959	
ParlaMint-TR-en_2016-05-20-tbmm-T26	tbmm-2016-05-20sit01spe0027par0150	The Turkish parliamentary corpus ParlaMint-TR-en, Term 26, Year 1, Session 91	2016-05-20	Unicameralism	26	1	91	-	-	Reference	English	Chairperson	MP	notMinister	AKP	Justice and Development Party	Coalition	Right	İsmail.Kahraman	Kahraman, İsmail	M	1940	
ParlaMint-TR-en_2016-05-20-tbmm-T26	tbmm-2016-05-20sit01spe0025par0151	The Turkish parliamentary corpus ParlaMint-TR-en, Term 26, Year 1, Session 91	2016-05-20	Unicameralism	26	1	91	-	-	Reference	English	Regular	MP	notMinister	CHP	Republican People's Party	Opposition	Centre-left	Levent.Gök	Gök, Levent	M	1959	
ParlaMint-TR-en_2016-05-20-tbmm-T26	tbmm-2016-05-20sit01spe0027par0152	The Turkish parliamentary corpus ParlaMint-TR-en, Term 26, Year 1, Session 91	2016-05-20	Unicameralism	26	1	91	-	-	Reference	English	Chairperson	MP	notMinister	AKP	Justice and Development Party	Coalition	Right	İsmail.Kahraman	Kahraman, İsmail	M	1940	
ParlaMint-TR-en_2016-05-20-tbmm-T26	tbmm-2016-05-20sit01spe0025par0153	The Turkish parliamentary corpus ParlaMint-TR-en, Term 26, Year 1, Session 91	2016-05-20	Unicameralism	26	1	91	-	-	Reference	English	Regular	MP	notMinister	CHP	Republican People's Party	Opposition	Centre-left	Levent.Gök	Gök, Levent	M	1959	
ParlaMint-TR-en_2016-05-20-tbmm-T26	tbmm-2016-05-20sit01spe0029par0154	The Turkish parliamentary corpus ParlaMint-TR-en, Term 26, Year 1, Session 91	2016-05-20	Unicameralism	26	1	91	-	-	Reference	English	Regular	MP	notMinister	AKP	Justice and Development Party	Coalition	Right	Gökcen.Özdoğan	Özdoğan Enç, Gökcen	F	1976	
ParlaMint-TR-en_2016-05-20-tbmm-T26	tbmm-2016-05-20sit01spe0027par0155	The Turkish parliamentary corpus ParlaMint-TR-en, Term 26, Year 1, Session 91	2016-05-20	Unicameralism	26	1	91	-	-	Reference	English	Chairperson	MP	notMinister	AKP	Justice and Development Party	Coalition	Right	İsmail.Kahraman	Kahraman, İsmail	M	1940	
ParlaMint-TR-en_2016-05-20-tbmm-T26	tbmm-2016-05-20sit01spe0025par0156	The Turkish parliamentary corpus ParlaMint-TR-en, Term 26, Year 1, Session 91	2016-05-20	Unicameralism	26	1	91	-	-	Reference	English	Regular	MP	notMinister	CHP	Republican People's Party	Opposition	Centre-left	Levent.Gök	Gök, Levent	M	1959	
ParlaMint-TR-en_2016-05-20-tbmm-T26	tbmm-2016-05-20sit01spe0030par0157	The Turkish parliamentary corpus ParlaMint-TR-en, Term 26, Year 1, Session 91	2016-05-20	Unicameralism	26	1	91	-	-	Reference	English	Regular	MP	notMinister	AKP	Justice and Development Party	Coalition	Right	Nurettin.Canikli	Canikli, Nurettin	M	1960	
ParlaMint-TR-en_2016-05-20-tbmm-T26	tbmm-2016-05-20sit01spe0027par0158	The Turkish parliamentary corpus ParlaMint-TR-en, Term 26, Year 1, Session 91	2016-05-20	Unicameralism	26	1	91	-	-	Reference	English	Chairperson	MP	notMinister	AKP	Justice and Development Party	Coalition	Right	İsmail.Kahraman	Kahraman, İsmail	M	1940	
ParlaMint-TR-en_2016-05-20-tbmm-T26	tbmm-2016-05-20sit01spe0031par0161	The Turkish parliamentary corpus ParlaMint-TR-en, Term 26, Year 1, Session 91	2016-05-20	Unicameralism	26	1	91	-	-	Reference	English	Regular	MP	notMinister	AKP	Justice and Development Party	Coalition	Right	İlknur.İnceöz	İnceöz, İlknur	F	1973	
ParlaMint-TR-en_2016-05-20-tbmm-T26	tbmm-2016-05-20sit01spe0032par0162	The Turkish parliamentary corpus ParlaMint-TR-en, Term 26, Year 1, Session 91	2016-05-20	Unicameralism	26	1	91	-	-	Reference	English	Regular	MP	notMinister	CHP	Republican People's Party	Opposition	Centre-left	Levent.Gök	Gök, Levent	M	1959	
ParlaMint-TR-en_2016-05-20-tbmm-T26	tbmm-2016-05-20sit01spe0027par0163	The Turkish parliamentary corpus ParlaMint-TR-en, Term 26, Year 1, Session 91	2016-05-20	Unicameralism	26	1	91	-	-	Reference	English	Chairperson	MP	notMinister	AKP	Justice and Development Party	Coalition	Right	İsmail.Kahraman	Kahraman, İsmail	M	1940	
ParlaMint-TR-en_2016-05-20-tbmm-T26	tbmm-2016-05-20sit01spe0033par0164	The Turkish parliamentary corpus ParlaMint-TR-en, Term 26, Year 1, Session 91	2016-05-20	Unicameralism	26	1	91	-	-	Reference	English	Regular	MP	notMinister	AKP	Justice and Development Party	Coalition	Right	Nurettin.Canikli	Canikli, Nurettin	M	1960	
ParlaMint-TR-en_2016-05-20-tbmm-T26	tbmm-2016-05-20sit01spe0032par0165	The Turkish parliamentary corpus ParlaMint-TR-en, Term 26, Year 1, Session 91	2016-05-20	Unicameralism	26	1	91	-	-	Reference	English	Regular	MP	notMinister	CHP	Republican People's Party	Opposition	Centre-left	Levent.Gök	Gök, Levent	M	1959	
ParlaMint-TR-en_2016-05-20-tbmm-T26	tbmm-2016-05-20sit01spe0027par0166	The Turkish parliamentary corpus ParlaMint-TR-en, Term 26, Year 1, Session 91	2016-05-20	Unicameralism	26	1	91	-	-	Reference	English	Chairperson	MP	notMinister	AKP	Justice and Development Party	Coalition	Right	İsmail.Kahraman	Kahraman, İsmail	M	1940	
ParlaMint-TR-en_2016-05-20-tbmm-T26	tbmm-2016-05-20sit01spe0032par0167	The Turkish parliamentary corpus ParlaMint-TR-en, Term 26, Year 1, Session 91	2016-05-20	Unicameralism	26	1	91	-	-	Reference	English	Regular	MP	notMinister	CHP	Republican People's Party	Opposition	Centre-left	Levent.Gök	Gök, Levent	M	1959	
ParlaMint-TR-en_2016-05-20-tbmm-T26	tbmm-2016-05-20sit01spe0034par0168	The Turkish parliamentary corpus ParlaMint-TR-en, Term 26, Year 1, Session 91	2016-05-20	Unicameralism	26	1	91	-	-	Reference	English	Regular	MP	notMinister	-	-	-	-	Zekeriya.Birkan	Birkan, Zekeriya	M	1967	
ParlaMint-TR-en_2016-05-20-tbmm-T26	tbmm-2016-05-20sit01spe0027par0169	The Turkish parliamentary corpus ParlaMint-TR-en, Term 26, Year 1, Session 91	2016-05-20	Unicameralism	26	1	91	-	-	Reference	English	Chairperson	MP	notMinister	AKP	Justice and Development Party	Coalition	Right	İsmail.Kahraman	Kahraman, İsmail	M	1940	
ParlaMint-TR-en_2016-05-20-tbmm-T26	tbmm-2016-05-20sit01spe0032par0170	The Turkish parliamentary corpus ParlaMint-TR-en, Term 26, Year 1, Session 91	2016-05-20	Unicameralism	26	1	91	-	-	Reference	English	Regular	MP	notMinister	CHP	Republican People's Party	Opposition	Centre-left	Levent.Gök	Gök, Levent	M	1959	
ParlaMint-TR-en_2016-05-20-tbmm-T26	tbmm-2016-05-20sit01spe0027par0171	The Turkish parliamentary corpus ParlaMint-TR-en, Term 26, Year 1, Session 91	2016-05-20	Unicameralism	26	1	91	-	-	Reference	English	Chairperson	MP	notMinister	AKP	Justice and Development Party	Coalition	Right	İsmail.Kahraman	Kahraman, İsmail	M	1940	
ParlaMint-TR-en_2016-05-20-tbmm-T26	tbmm-2016-05-20sit01spe0032par0172	The Turkish parliamentary corpus ParlaMint-TR-en, Term 26, Year 1, Session 91	2016-05-20	Unicameralism	26	1	91	-	-	Reference	English	Regular	MP	notMinister	CHP	Republican People's Party	Opposition	Centre-left	Levent.Gök	Gök, Levent	M	1959	
ParlaMint-TR-en_2016-05-20-tbmm-T26	tbmm-2016-05-20sit01spe0027par0173	The Turkish parliamentary corpus ParlaMint-TR-en, Term 26, Year 1, Session 91	2016-05-20	Unicameralism	26	1	91	-	-	Reference	English	Chairperson	MP	notMinister	AKP	Justice and Development Party	Coalition	Right	İsmail.Kahraman	Kahraman, İsmail	M	1940	
ParlaMint-TR-en_2016-05-20-tbmm-T26	tbmm-2016-05-20sit01spe0032par0174	The Turkish parliamentary corpus ParlaMint-TR-en, Term 26, Year 1, Session 91	2016-05-20	Unicameralism	26	1	91	-	-	Reference	English	Regular	MP	notMinister	CHP	Republican People's Party	Opposition	Centre-left	Levent.Gök	Gök, Levent	M	1959	
ParlaMint-TR-en_2016-05-20-tbmm-T26	tbmm-2016-05-20sit01spe0027par0175	The Turkish parliamentary corpus ParlaMint-TR-en, Term 26, Year 1, Session 91	2016-05-20	Unicameralism	26	1	91	-	-	Reference	English	Chairperson	MP	notMinister	AKP	Justice and Development Party	Coalition	Right	İsmail.Kahraman	Kahraman, İsmail	M	1940	
ParlaMint-TR-en_2016-05-20-tbmm-T26	tbmm-2016-05-20sit01spe0032par0176	The Turkish parliamentary corpus ParlaMint-TR-en, Term 26, Year 1, Session 91	2016-05-20	Unicameralism	26	1	91	-	-	Reference	English	Regular	MP	notMinister	CHP	Republican People's Party	Opposition	Centre-left	Levent.Gök	Gök, Levent	M	1959	
ParlaMint-TR-en_2016-05-20-tbmm-T26	tbmm-2016-05-20sit01spe0027par0177	The Turkish parliamentary corpus ParlaMint-TR-en, Term 26, Year 1, Session 91	2016-05-20	Unicameralism	26	1	91	-	-	Reference	English	Chairperson	MP	notMinister	AKP	Justice and Development Party	Coalition	Right	İsmail.Kahraman	Kahraman, İsmail	M	1940	
ParlaMint-TR-en_2016-05-20-tbmm-T26	tbmm-2016-05-20sit01spe0032par0179	The Turkish parliamentary corpus ParlaMint-TR-en, Term 26, Year 1, Session 91	2016-05-20	Unicameralism	26	1	91	-	-	Reference	English	Regular	MP	notMinister	CHP	Republican People's Party	Opposition	Centre-left	Levent.Gök	Gök, Levent	M	1959	
ParlaMint-TR-en_2016-05-20-tbmm-T26	tbmm-2016-05-20sit01spe0027par0180	The Turkish parliamentary corpus ParlaMint-TR-en, Term 26, Year 1, Session 91	2016-05-20	Unicameralism	26	1	91	-	-	Reference	English	Chairperson	MP	notMinister	AKP	Justice and Development Party	Coalition	Right	İsmail.Kahraman	Kahraman, İsmail	M	1940	
ParlaMint-TR-en_2016-05-20-tbmm-T26	tbmm-2016-05-20sit01spe0032par0181	The Turkish parliamentary corpus ParlaMint-TR-en, Term 26, Year 1, Session 91	2016-05-20	Unicameralism	26	1	91	-	-	Reference	English	Regular	MP	notMinister	CHP	Republican People's Party	Opposition	Centre-left	Levent.Gök	Gök, Levent	M	1959	
ParlaMint-TR-en_2016-05-20-tbmm-T26	tbmm-2016-05-20sit01spe0035par0182	The Turkish parliamentary corpus ParlaMint-TR-en, Term 26, Year 1, Session 91	2016-05-20	Unicameralism	26	1	91	-	-	Reference	English	Regular	MP	notMinister	-	-	-	-	Zekeriya.Birkan	Birkan, Zekeriya	M	1967	
ParlaMint-TR-en_2016-05-20-tbmm-T26	tbmm-2016-05-20sit01spe0036par0183	The Turkish parliamentary corpus ParlaMint-TR-en, Term 26, Year 1, Session 91	2016-05-20	Unicameralism	26	1	91	-	-	Reference	English	Regular	MP	notMinister	AKP	Justice and Development Party	Coalition	Right	Mehmet.Metiner	Metiner, Mehmet	M	1960	
ParlaMint-TR-en_2016-05-20-tbmm-T26	tbmm-2016-05-20sit01spe0037par0184	The Turkish parliamentary corpus ParlaMint-TR-en, Term 26, Year 1, Session 91	2016-05-20	Unicameralism	26	1	91	-	-	Reference	English	Regular	MP	notMinister	AKP	Justice and Development Party	Coalition	Right	Metin.Külünk	Külünk, Metin	M	1960	
ParlaMint-TR-en_2016-05-20-tbmm-T26	tbmm-2016-05-20sit01spe0038par0185	The Turkish parliamentary corpus ParlaMint-TR-en, Term 26, Year 1, Session 91	2016-05-20	Unicameralism	26	1	91	-	-	Reference	English	Chairperson	MP	notMinister	AKP	Justice and Development Party	Coalition	Right	İsmail.Kahraman	Kahraman, İsmail	M	1940	
ParlaMint-TR-en_2016-05-20-tbmm-T26	tbmm-2016-05-20sit01spe0039par0186	The Turkish parliamentary corpus ParlaMint-TR-en, Term 26, Year 1, Session 91	2016-05-20	Unicameralism	26	1	91	-	-	Reference	English	Regular	MP	notMinister	AKP	Justice and Development Party	Coalition	Right	Fuat.Köktaş	Köktaş, Fuat	M	1964	
ParlaMint-TR-en_2016-05-20-tbmm-T26	tbmm-2016-05-20sit01spe0037par0187	The Turkish parliamentary corpus ParlaMint-TR-en, Term 26, Year 1, Session 91	2016-05-20	Unicameralism	26	1	91	-	-	Reference	English	Regular	MP	notMinister	AKP	Justice and Development Party	Coalition	Right	Metin.Külünk	Külünk, Metin	M	1960	
ParlaMint-TR-en_2016-05-20-tbmm-T26	tbmm-2016-05-20sit01spe0040par0188	The Turkish parliamentary corpus ParlaMint-TR-en, Term 26, Year 1, Session 91	2016-05-20	Unicameralism	26	1	91	-	-	Reference	English	Regular	MP	notMinister	CHP	Republican People's Party	Opposition	Centre-left	Levent.Gök	Gök, Levent	M	1959	
ParlaMint-TR-en_2016-05-20-tbmm-T26	tbmm-2016-05-20sit01spe0037par0189	The Turkish parliamentary corpus ParlaMint-TR-en, Term 26, Year 1, Session 91	2016-05-20	Unicameralism	26	1	91	-	-	Reference	English	Regular	MP	notMinister	AKP	Justice and Development Party	Coalition	Right	Metin.Külünk	Külünk, Metin	M	1960	
ParlaMint-TR-en_2016-05-20-tbmm-T26	tbmm-2016-05-20sit01spe0041par0190	The Turkish parliamentary corpus ParlaMint-TR-en, Term 26, Year 1, Session 91	2016-05-20	Unicameralism	26	1	91	-	-	Reference	English	Chairperson	MP	notMinister	AKP	Justice and Development Party	Coalition	Right	İsmail.Kahraman	Kahraman, İsmail	M	1940	
ParlaMint-TR-en_2016-05-20-tbmm-T26	tbmm-2016-05-20sit01spe0042par0196	The Turkish parliamentary corpus ParlaMint-TR-en, Term 26, Year 1, Session 91	2016-05-20	Unicameralism	26	1	91	-	-	Reference	English	Regular	MP	notMinister	CHP	Republican People's Party	Opposition	Centre-left	Levent.Gök	Gök, Levent	M	1959	
ParlaMint-TR-en_2016-05-20-tbmm-T26	tbmm-2016-05-20sit01spe0043par0198	The Turkish parliamentary corpus ParlaMint-TR-en, Term 26, Year 1, Session 91	2016-05-20	Unicameralism	26	1	91	-	-	Reference	English	Regular	MP	notMinister	AKP	Justice and Development Party	Coalition	Right	Abdulkadir.Akgül	Akgül, Abdulkadir	M	1959	
ParlaMint-TR-en_2016-05-20-tbmm-T26	tbmm-2016-05-20sit01spe0042par0199	The Turkish parliamentary corpus ParlaMint-TR-en, Term 26, Year 1, Session 91	2016-05-20	Unicameralism	26	1	91	-	-	Reference	English	Regular	MP	notMinister	CHP	Republican People's Party	Opposition	Centre-left	Levent.Gök	Gök, Levent	M	1959	
ParlaMint-TR-en_2016-05-20-tbmm-T26	tbmm-2016-05-20sit01spe0044par0200	The Turkish parliamentary corpus ParlaMint-TR-en, Term 26, Year 1, Session 91	2016-05-20	Unicameralism	26	1	91	-	-	Reference	English	Regular	MP	notMinister	AKP	Justice and Development Party	Coalition	Right	Mehmet.Metiner	Metiner, Mehmet	M	1960	
ParlaMint-TR-en_2016-05-20-tbmm-T26	tbmm-2016-05-20sit01spe0045par0201	The Turkish parliamentary corpus ParlaMint-TR-en, Term 26, Year 1, Session 91	2016-05-20	Unicameralism	26	1	91	-	-	Reference	English	Chairperson	MP	notMinister	AKP	Justice and Development Party	Coalition	Right	İsmail.Kahraman	Kahraman, İsmail	M	1940	
ParlaMint-TR-en_2016-05-20-tbmm-T26	tbmm-2016-05-20sit01spe0046par0284	The Turkish parliamentary corpus ParlaMint-TR-en, Term 26, Year 1, Session 91	2016-05-20	Unicameralism	26	1	91	-	-	Reference	English	Regular	MP	notMinister	AKP	Justice and Development Party	Coalition	Right	Mustafa.Şentop	Şentop, Mustafa	M	1968	
ParlaMint-TR-en_2016-05-20-tbmm-T26	tbmm-2016-05-20sit01spe0045par0285	The Turkish parliamentary corpus ParlaMint-TR-en, Term 26, Year 1, Session 91	2016-05-20	Unicameralism	26	1	91	-	-	Reference	English	Chairperson	MP	notMinister	AKP	Justice and Development Party	Coalition	Right	İsmail.Kahraman	Kahraman, İsmail	M	1940	
ParlaMint-TR-en_2016-05-20-tbmm-T26	tbmm-2016-05-20sit01spe0047par0286	The Turkish parliamentary corpus ParlaMint-TR-en, Term 26, Year 1, Session 91	2016-05-20	Unicameralism	26	1	91	-	-	Reference	English	Regular	MP	Minister	AKP	Justice and Development Party	Coalition	Right	Bekir.Bozdağ	Bozdağ, Bekir	M	1965	
ParlaMint-TR-en_2016-05-20-tbmm-T26	tbmm-2016-05-20sit01spe0045par0287	The Turkish parliamentary corpus ParlaMint-TR-en, Term 26, Year 1, Session 91	2016-05-20	Unicameralism	26	1	91	-	-	Reference	English	Chairperson	MP	notMinister	AKP	Justice and Development Party	Coalition	Right	İsmail.Kahraman	Kahraman, İsmail	M	1940	
ParlaMint-TR-en_2016-05-20-tbmm-T26	tbmm-2016-05-20sit01spe0048par0290	The Turkish parliamentary corpus ParlaMint-TR-en, Term 26, Year 1, Session 91	2016-05-20	Unicameralism	26	1	91	-	-	Reference	English	Regular	MP	notMinister	HDP	Peoples' Democratic Party	Opposition	Centre-left to left	Ayhan.Bilgen	Bilgen, Ayhan	M	1971	
ParlaMint-TR-en_2016-05-20-tbmm-T26	tbmm-2016-05-20sit01spe0049par0293	The Turkish parliamentary corpus ParlaMint-TR-en, Term 26, Year 1, Session 91	2016-05-20	Unicameralism	26	1	91	-	-	Reference	English	Regular	MP	notMinister	AKP	Justice and Development Party	Coalition	Right	Gökcen.Özdoğan	Özdoğan Enç, Gökcen	F	1976	
ParlaMint-TR-en_2016-05-20-tbmm-T26	tbmm-2016-05-20sit01spe0048par0294	The Turkish parliamentary corpus ParlaMint-TR-en, Term 26, Year 1, Session 91	2016-05-20	Unicameralism	26	1	91	-	-	Reference	English	Regular	MP	notMinister	HDP	Peoples' Democratic Party	Opposition	Centre-left to left	Ayhan.Bilgen	Bilgen, Ayhan	M	1971	
ParlaMint-TR-en_2016-05-20-tbmm-T26	tbmm-2016-05-20sit01spe0049par0296	The Turkish parliamentary corpus ParlaMint-TR-en, Term 26, Year 1, Session 91	2016-05-20	Unicameralism	26	1	91	-	-	Reference	English	Regular	MP	notMinister	AKP	Justice and Development Party	Coalition	Right	Gökcen.Özdoğan	Özdoğan Enç, Gökcen	F	1976	
ParlaMint-TR-en_2016-05-20-tbmm-T26	tbmm-2016-05-20sit01spe0048par0297	The Turkish parliamentary corpus ParlaMint-TR-en, Term 26, Year 1, Session 91	2016-05-20	Unicameralism	26	1	91	-	-	Reference	English	Regular	MP	notMinister	HDP	Peoples' Democratic Party	Opposition	Centre-left to left	Ayhan.Bilgen	Bilgen, Ayhan	M	1971	
ParlaMint-TR-en_2016-05-20-tbmm-T26	tbmm-2016-05-20sit01spe0050par0301	The Turkish parliamentary corpus ParlaMint-TR-en, Term 26, Year 1, Session 91	2016-05-20	Unicameralism	26	1	91	-	-	Reference	English	Chairperson	MP	notMinister	AKP	Justice and Development Party	Coalition	Right	İsmail.Kahraman	Kahraman, İsmail	M	1940	
ParlaMint-TR-en_2016-05-20-tbmm-T26	tbmm-2016-05-20sit01spe0051par0315	The Turkish parliamentary corpus ParlaMint-TR-en, Term 26, Year 1, Session 91	2016-05-20	Unicameralism	26	1	91	-	-	Reference	English	Regular	MP	notMinister	AKP	Justice and Development Party	Coalition	Right	Mustafa.Şentop	Şentop, Mustafa	M	1968	
ParlaMint-TR-en_2016-05-20-tbmm-T26	tbmm-2016-05-20sit01spe0050par0316	The Turkish parliamentary corpus ParlaMint-TR-en, Term 26, Year 1, Session 91	2016-05-20	Unicameralism	26	1	91	-	-	Reference	English	Chairperson	MP	notMinister	AKP	Justice and Development Party	Coalition	Right	İsmail.Kahraman	Kahraman, İsmail	M	1940	
ParlaMint-TR-en_2016-05-20-tbmm-T26	tbmm-2016-05-20sit01spe0052par0317	The Turkish parliamentary corpus ParlaMint-TR-en, Term 26, Year 1, Session 91	2016-05-20	Unicameralism	26	1	91	-	-	Reference	English	Regular	MP	Minister	AKP	Justice and Development Party	Coalition	Right	Bekir.Bozdağ	Bozdağ, Bekir	M	1965	
ParlaMint-TR-en_2016-05-20-tbmm-T26	tbmm-2016-05-20sit01spe0050par0318	The Turkish parliamentary corpus ParlaMint-TR-en, Term 26, Year 1, Session 91	2016-05-20	Unicameralism	26	1	91	-	-	Reference	English	Chairperson	MP	notMinister	AKP	Justice and Development Party	Coalition	Right	İsmail.Kahraman	Kahraman, İsmail	M	1940	
ParlaMint-TR-en_2016-05-20-tbmm-T26	tbmm-2016-05-20sit01spe0053par0319	The Turkish parliamentary corpus ParlaMint-TR-en, Term 26, Year 1, Session 91	2016-05-20	Unicameralism	26	1	91	-	-	Reference	English	Regular	MP	notMinister	HDP	Peoples' Democratic Party	Opposition	Centre-left to left	SırrıSüreyya.Önder	Önder, Sırrı Süreyya	M	1962	
ParlaMint-TR-en_2016-05-20-tbmm-T26	tbmm-2016-05-20sit01spe0050par0320	The Turkish parliamentary corpus ParlaMint-TR-en, Term 26, Year 1, Session 91	2016-05-20	Unicameralism	26	1	91	-	-	Reference	English	Chairperson	MP	notMinister	AKP	Justice and Development Party	Coalition	Right	İsmail.Kahraman	Kahraman, İsmail	M	1940	
ParlaMint-TR-en_2016-05-20-tbmm-T26	tbmm-2016-05-20sit01spe0053par0322	The Turkish parliamentary corpus ParlaMint-TR-en, Term 26, Year 1, Session 91	2016-05-20	Unicameralism	26	1	91	-	-	Reference	English	Regular	MP	notMinister	HDP	Peoples' Democratic Party	Opposition	Centre-left to left	SırrıSüreyya.Önder	Önder, Sırrı Süreyya	M	1962	
ParlaMint-TR-en_2016-05-20-tbmm-T26	tbmm-2016-05-20sit01spe0054par0324	The Turkish parliamentary corpus ParlaMint-TR-en, Term 26, Year 1, Session 91	2016-05-20	Unicameralism	26	1	91	-	-	Reference	English	Regular	MP	notMinister	AKP	Justice and Development Party	Coalition	Right	Ravza.Kavakcı	Kavakcı Kan, Ravza	F	1972	
ParlaMint-TR-en_2016-05-20-tbmm-T26	tbmm-2016-05-20sit01spe0053par0325	The Turkish parliamentary corpus ParlaMint-TR-en, Term 26, Year 1, Session 91	2016-05-20	Unicameralism	26	1	91	-	-	Reference	English	Regular	MP	notMinister	HDP	Peoples' Democratic Party	Opposition	Centre-left to left	SırrıSüreyya.Önder	Önder, Sırrı Süreyya	M	1962	
ParlaMint-TR-en_2016-05-20-tbmm-T26	tbmm-2016-05-20sit01spe0055par0330	The Turkish parliamentary corpus ParlaMint-TR-en, Term 26, Year 1, Session 91	2016-05-20	Unicameralism	26	1	91	-	-	Reference	English	Regular	MP	notMinister	AKP	Justice and Development Party	Coalition	Right	Orhan.Deligöz	Deligöz, Orhan	M	1965	
ParlaMint-TR-en_2016-05-20-tbmm-T26	tbmm-2016-05-20sit01spe0053par0331	The Turkish parliamentary corpus ParlaMint-TR-en, Term 26, Year 1, Session 91	2016-05-20	Unicameralism	26	1	91	-	-	Reference	English	Regular	MP	notMinister	HDP	Peoples' Democratic Party	Opposition	Centre-left to left	SırrıSüreyya.Önder	Önder, Sırrı Süreyya	M	1962	
ParlaMint-TR-en_2016-05-20-tbmm-T26	tbmm-2016-05-20sit01spe0056par0334	The Turkish parliamentary corpus ParlaMint-TR-en, Term 26, Year 1, Session 91	2016-05-20	Unicameralism	26	1	91	-	-	Reference	English	Chairperson	MP	notMinister	AKP	Justice and Development Party	Coalition	Right	İsmail.Kahraman	Kahraman, İsmail	M	1940	
ParlaMint-TR-en_2016-05-20-tbmm-T26	tbmm-2016-05-20sit01spe0057par0335	The Turkish parliamentary corpus ParlaMint-TR-en, Term 26, Year 1, Session 91	2016-05-20	Unicameralism	26	1	91	-	-	Reference	English	Regular	MP	notMinister	AKP	Justice and Development Party	Coalition	Right	Gökcen.Özdoğan	Özdoğan Enç, Gökcen	F	1976	
ParlaMint-TR-en_2016-05-20-tbmm-T26	tbmm-2016-05-20sit01spe0058par0336	The Turkish parliamentary corpus ParlaMint-TR-en, Term 26, Year 1, Session 91	2016-05-20	Unicameralism	26	1	91	-	-	Reference	English	Regular	MP	notMinister	AKP	Justice and Development Party	Coalition	Right	Ravza.Kavakcı	Kavakcı Kan, Ravza	F	1972	
ParlaMint-TR-en_2016-05-20-tbmm-T26	tbmm-2016-05-20sit01spe0056par0337	The Turkish parliamentary corpus ParlaMint-TR-en, Term 26, Year 1, Session 91	2016-05-20	Unicameralism	26	1	91	-	-	Reference	English	Chairperson	MP	notMinister	AKP	Justice and Development Party	Coalition	Right	İsmail.Kahraman	Kahraman, İsmail	M	1940	
ParlaMint-TR-en_2016-05-20-tbmm-T26	tbmm-2016-05-20sit01spe0057par0338	The Turkish parliamentary corpus ParlaMint-TR-en, Term 26, Year 1, Session 91	2016-05-20	Unicameralism	26	1	91	-	-	Reference	English	Regular	MP	notMinister	AKP	Justice and Development Party	Coalition	Right	Gökcen.Özdoğan	Özdoğan Enç, Gökcen	F	1976	
ParlaMint-TR-en_2016-05-20-tbmm-T26	tbmm-2016-05-20sit01spe0059par0339	The Turkish parliamentary corpus ParlaMint-TR-en, Term 26, Year 1, Session 91	2016-05-20	Unicameralism	26	1	91	-	-	Reference	English	Regular	MP	notMinister	HDP	Peoples' Democratic Party	Opposition	Centre-left to left	SırrıSüreyya.Önder	Önder, Sırrı Süreyya	M	1962	
ParlaMint-TR-en_2016-05-20-tbmm-T26	tbmm-2016-05-20sit01spe0056par0340	The Turkish parliamentary corpus ParlaMint-TR-en, Term 26, Year 1, Session 91	2016-05-20	Unicameralism	26	1	91	-	-	Reference	English	Chairperson	MP	notMinister	AKP	Justice and Development Party	Coalition	Right	İsmail.Kahraman	Kahraman, İsmail	M	1940	
ParlaMint-TR-en_2016-05-20-tbmm-T26	tbmm-2016-05-20sit01spe0059par0341	The Turkish parliamentary corpus ParlaMint-TR-en, Term 26, Year 1, Session 91	2016-05-20	Unicameralism	26	1	91	-	-	Reference	English	Regular	MP	notMinister	HDP	Peoples' Democratic Party	Opposition	Centre-left to left	SırrıSüreyya.Önder	Önder, Sırrı Süreyya	M	1962	
ParlaMint-TR-en_2016-05-20-tbmm-T26	tbmm-2016-05-20sit01spe0060par0342	The Turkish parliamentary corpus ParlaMint-TR-en, Term 26, Year 1, Session 91	2016-05-20	Unicameralism	26	1	91	-	-	Reference	English	Regular	MP	notMinister	AKP	Justice and Development Party	Coalition	Right	Gökcen.Özdoğan	Özdoğan Enç, Gökcen	F	1976	
ParlaMint-TR-en_2016-05-20-tbmm-T26	tbmm-2016-05-20sit01spe0056par0343	The Turkish parliamentary corpus ParlaMint-TR-en, Term 26, Year 1, Session 91	2016-05-20	Unicameralism	26	1	91	-	-	Reference	English	Chairperson	MP	notMinister	AKP	Justice and Development Party	Coalition	Right	İsmail.Kahraman	Kahraman, İsmail	M	1940	
ParlaMint-TR-en_2016-05-20-tbmm-T26	tbmm-2016-05-20sit01spe0061par0345	The Turkish parliamentary corpus ParlaMint-TR-en, Term 26, Year 1, Session 91	2016-05-20	Unicameralism	26	1	91	-	-	Reference	English	Regular	MP	notMinister	HDP	Peoples' Democratic Party	Opposition	Centre-left to left	SırrıSüreyya.Önder	Önder, Sırrı Süreyya	M	1962	
ParlaMint-TR-en_2016-05-20-tbmm-T26	tbmm-2016-05-20sit01spe0062par0347	The Turkish parliamentary corpus ParlaMint-TR-en, Term 26, Year 1, Session 91	2016-05-20	Unicameralism	26	1	91	-	-	Reference	English	Regular	MP	notMinister	AKP	Justice and Development Party	Coalition	Right	Bülent.Turan	Turan, Bülent	M	1975	
ParlaMint-TR-en_2016-05-20-tbmm-T26	tbmm-2016-05-20sit01spe0061par0348	The Turkish parliamentary corpus ParlaMint-TR-en, Term 26, Year 1, Session 91	2016-05-20	Unicameralism	26	1	91	-	-	Reference	English	Regular	MP	notMinister	HDP	Peoples' Democratic Party	Opposition	Centre-left to left	SırrıSüreyya.Önder	Önder, Sırrı Süreyya	M	1962	
ParlaMint-TR-en_2016-05-20-tbmm-T26	tbmm-2016-05-20sit01spe0063par0349	The Turkish parliamentary corpus ParlaMint-TR-en, Term 26, Year 1, Session 91	2016-05-20	Unicameralism	26	1	91	-	-	Reference	English	Regular	MP	notMinister	AKP	Justice and Development Party	Coalition	Right	Orhan.Deligöz	Deligöz, Orhan	M	1965	
ParlaMint-TR-en_2016-05-20-tbmm-T26	tbmm-2016-05-20sit01spe0061par0350	The Turkish parliamentary corpus ParlaMint-TR-en, Term 26, Year 1, Session 91	2016-05-20	Unicameralism	26	1	91	-	-	Reference	English	Regular	MP	notMinister	HDP	Peoples' Democratic Party	Opposition	Centre-left to left	SırrıSüreyya.Önder	Önder, Sırrı Süreyya	M	1962	
ParlaMint-TR-en_2016-05-20-tbmm-T26	tbmm-2016-05-20sit01spe0064par0352	The Turkish parliamentary corpus ParlaMint-TR-en, Term 26, Year 1, Session 91	2016-05-20	Unicameralism	26	1	91	-	-	Reference	English	Regular	MP	notMinister	AKP	Justice and Development Party	Coalition	Right	Gökcen.Özdoğan	Özdoğan Enç, Gökcen	F	1976	
ParlaMint-TR-en_2016-05-20-tbmm-T26	tbmm-2016-05-20sit01spe0061par0353	The Turkish parliamentary corpus ParlaMint-TR-en, Term 26, Year 1, Session 91	2016-05-20	Unicameralism	26	1	91	-	-	Reference	English	Regular	MP	notMinister	HDP	Peoples' Democratic Party	Opposition	Centre-left to left	SırrıSüreyya.Önder	Önder, Sırrı Süreyya	M	1962	
ParlaMint-TR-en_2016-05-20-tbmm-T26	tbmm-2016-05-20sit01spe0065par0354	The Turkish parliamentary corpus ParlaMint-TR-en, Term 26, Year 1, Session 91	2016-05-20	Unicameralism	26	1	91	-	-	Reference	English	Regular	MP	notMinister	AKP	Justice and Development Party	Coalition	Right	Bennur.Karaburun	Karaburun, Bennur	F	1973	
ParlaMint-TR-en_2016-05-20-tbmm-T26	tbmm-2016-05-20sit01spe0061par0355	The Turkish parliamentary corpus ParlaMint-TR-en, Term 26, Year 1, Session 91	2016-05-20	Unicameralism	26	1	91	-	-	Reference	English	Regular	MP	notMinister	HDP	Peoples' Democratic Party	Opposition	Centre-left to left	SırrıSüreyya.Önder	Önder, Sırrı Süreyya	M	1962	
ParlaMint-TR-en_2016-05-20-tbmm-T26	tbmm-2016-05-20sit01spe0066par0356	The Turkish parliamentary corpus ParlaMint-TR-en, Term 26, Year 1, Session 91	2016-05-20	Unicameralism	26	1	91	-	-	Reference	English	Regular	MP	notMinister	AKP	Justice and Development Party	Coalition	Right	Gökcen.Özdoğan	Özdoğan Enç, Gökcen	F	1976	
ParlaMint-TR-en_2016-05-20-tbmm-T26	tbmm-2016-05-20sit01spe0061par0357	The Turkish parliamentary corpus ParlaMint-TR-en, Term 26, Year 1, Session 91	2016-05-20	Unicameralism	26	1	91	-	-	Reference	English	Regular	MP	notMinister	HDP	Peoples' Democratic Party	Opposition	Centre-left to left	SırrıSüreyya.Önder	Önder, Sırrı Süreyya	M	1962	
ParlaMint-TR-en_2016-05-20-tbmm-T26	tbmm-2016-05-20sit01spe0066par0358	The Turkish parliamentary corpus ParlaMint-TR-en, Term 26, Year 1, Session 91	2016-05-20	Unicameralism	26	1	91	-	-	Reference	English	Regular	MP	notMinister	AKP	Justice and Development Party	Coalition	Right	Gökcen.Özdoğan	Özdoğan Enç, Gökcen	F	1976	
ParlaMint-TR-en_2016-05-20-tbmm-T26	tbmm-2016-05-20sit01spe0061par0359	The Turkish parliamentary corpus ParlaMint-TR-en, Term 26, Year 1, Session 91	2016-05-20	Unicameralism	26	1	91	-	-	Reference	English	Regular	MP	notMinister	HDP	Peoples' Democratic Party	Opposition	Centre-left to left	SırrıSüreyya.Önder	Önder, Sırrı Süreyya	M	1962	
ParlaMint-TR-en_2016-05-20-tbmm-T26	tbmm-2016-05-20sit01spe0067par0360	The Turkish parliamentary corpus ParlaMint-TR-en, Term 26, Year 1, Session 91	2016-05-20	Unicameralism	26	1	91	-	-	Reference	English	Chairperson	MP	notMinister	AKP	Justice and Development Party	Coalition	Right	İsmail.Kahraman	Kahraman, İsmail	M	1940	
ParlaMint-TR-en_2016-05-20-tbmm-T26	tbmm-2016-05-20sit01spe0061par0361	The Turkish parliamentary corpus ParlaMint-TR-en, Term 26, Year 1, Session 91	2016-05-20	Unicameralism	26	1	91	-	-	Reference	English	Regular	MP	notMinister	HDP	Peoples' Democratic Party	Opposition	Centre-left to left	SırrıSüreyya.Önder	Önder, Sırrı Süreyya	M	1962	
ParlaMint-TR-en_2016-05-20-tbmm-T26	tbmm-2016-05-20sit01spe0068par0366	The Turkish parliamentary corpus ParlaMint-TR-en, Term 26, Year 1, Session 91	2016-05-20	Unicameralism	26	1	91	-	-	Reference	English	Regular	MP	notMinister	AKP	Justice and Development Party	Coalition	Right	Bülent.Turan	Turan, Bülent	M	1975	
ParlaMint-TR-en_2016-05-20-tbmm-T26	tbmm-2016-05-20sit01spe0069par0367	The Turkish parliamentary corpus ParlaMint-TR-en, Term 26, Year 1, Session 91	2016-05-20	Unicameralism	26	1	91	-	-	Reference	English	Chairperson	MP	notMinister	AKP	Justice and Development Party	Coalition	Right	İsmail.Kahraman	Kahraman, İsmail	M	1940	
ParlaMint-TR-en_2016-05-20-tbmm-T26	tbmm-2016-05-20sit01spe0068par0368	The Turkish parliamentary corpus ParlaMint-TR-en, Term 26, Year 1, Session 91	2016-05-20	Unicameralism	26	1	91	-	-	Reference	English	Regular	MP	notMinister	AKP	Justice and Development Party	Coalition	Right	Bülent.Turan	Turan, Bülent	M	1975	
ParlaMint-TR-en_2016-05-20-tbmm-T26	tbmm-2016-05-20sit01spe0070par0369	The Turkish parliamentary corpus ParlaMint-TR-en, Term 26, Year 1, Session 91	2016-05-20	Unicameralism	26	1	91	-	-	Reference	English	Regular	MP	notMinister	HDP	Peoples' Democratic Party	Opposition	Centre-left to left	Mahmut.Toğrul	Toğrul, Mahmut	M	1967	
ParlaMint-TR-en_2016-05-20-tbmm-T26	tbmm-2016-05-20sit01spe0071par0370	The Turkish parliamentary corpus ParlaMint-TR-en, Term 26, Year 1, Session 91	2016-05-20	Unicameralism	26	1	91	-	-	Reference	English	Regular	MP	notMinister	HDP	Peoples' Democratic Party	Opposition	Centre-left to left	Ertuğrul.Kürkcü	Kürkcü, Ertuğrul	M	1948	
ParlaMint-TR-en_2016-05-20-tbmm-T26	tbmm-2016-05-20sit01spe0072par0371	The Turkish parliamentary corpus ParlaMint-TR-en, Term 26, Year 1, Session 91	2016-05-20	Unicameralism	26	1	91	-	-	Reference	English	Regular	MP	notMinister	AKP	Justice and Development Party	Coalition	Right	Gökcen.Özdoğan	Özdoğan Enç, Gökcen	F	1976	
ParlaMint-TR-en_2016-05-20-tbmm-T26	tbmm-2016-05-20sit01spe0073par0372	The Turkish parliamentary corpus ParlaMint-TR-en, Term 26, Year 1, Session 91	2016-05-20	Unicameralism	26	1	91	-	-	Reference	English	Regular	MP	notMinister	AKP	Justice and Development Party	Coalition	Right	Bülent.Turan	Turan, Bülent	M	1975	
ParlaMint-TR-en_2016-05-20-tbmm-T26	tbmm-2016-05-20sit01spe0074par0373	The Turkish parliamentary corpus ParlaMint-TR-en, Term 26, Year 1, Session 91	2016-05-20	Unicameralism	26	1	91	-	-	Reference	English	Chairperson	MP	notMinister	AKP	Justice and Development Party	Coalition	Right	İsmail.Kahraman	Kahraman, İsmail	M	1940	
ParlaMint-TR-en_2016-05-20-tbmm-T26	tbmm-2016-05-20sit01spe0073par0377	The Turkish parliamentary corpus ParlaMint-TR-en, Term 26, Year 1, Session 91	2016-05-20	Unicameralism	26	1	91	-	-	Reference	English	Regular	MP	notMinister	AKP	Justice and Development Party	Coalition	Right	Bülent.Turan	Turan, Bülent	M	1975	
ParlaMint-TR-en_2016-05-20-tbmm-T26	tbmm-2016-05-20sit01spe0075par0379	The Turkish parliamentary corpus ParlaMint-TR-en, Term 26, Year 1, Session 91	2016-05-20	Unicameralism	26	1	91	-	-	Reference	English	Regular	MP	notMinister	HDP	Peoples' Democratic Party	Opposition	Centre-left to left	Ahmet.Yıldırım	Yıldırım, Ahmet	M	1972	
ParlaMint-TR-en_2016-05-20-tbmm-T26	tbmm-2016-05-20sit01spe0073par0380	The Turkish parliamentary corpus ParlaMint-TR-en, Term 26, Year 1, Session 91	2016-05-20	Unicameralism	26	1	91	-	-	Reference	English	Regular	MP	notMinister	AKP	Justice and Development Party	Coalition	Right	Bülent.Turan	Turan, Bülent	M	1975	
ParlaMint-TR-en_2016-05-20-tbmm-T26	tbmm-2016-05-20sit01spe0076par0381	The Turkish parliamentary corpus ParlaMint-TR-en, Term 26, Year 1, Session 91	2016-05-20	Unicameralism	26	1	91	-	-	Reference	English	Regular	MP	notMinister	HDP	Peoples' Democratic Party	Opposition	Centre-left to left	Mahmut.Toğrul	Toğrul, Mahmut	M	1967	
ParlaMint-TR-en_2016-05-20-tbmm-T26	tbmm-2016-05-20sit01spe0075par0382	The Turkish parliamentary corpus ParlaMint-TR-en, Term 26, Year 1, Session 91	2016-05-20	Unicameralism	26	1	91	-	-	Reference	English	Regular	MP	notMinister	HDP	Peoples' Democratic Party	Opposition	Centre-left to left	Ahmet.Yıldırım	Yıldırım, Ahmet	M	1972	
ParlaMint-TR-en_2016-05-20-tbmm-T26	tbmm-2016-05-20sit01spe0073par0383	The Turkish parliamentary corpus ParlaMint-TR-en, Term 26, Year 1, Session 91	2016-05-20	Unicameralism	26	1	91	-	-	Reference	English	Regular	MP	notMinister	AKP	Justice and Development Party	Coalition	Right	Bülent.Turan	Turan, Bülent	M	1975	
ParlaMint-TR-en_2016-05-20-tbmm-T26	tbmm-2016-05-20sit01spe0076par0385	The Turkish parliamentary corpus ParlaMint-TR-en, Term 26, Year 1, Session 91	2016-05-20	Unicameralism	26	1	91	-	-	Reference	English	Regular	MP	notMinister	HDP	Peoples' Democratic Party	Opposition	Centre-left to left	Mahmut.Toğrul	Toğrul, Mahmut	M	1967	
ParlaMint-TR-en_2016-05-20-tbmm-T26	tbmm-2016-05-20sit01spe0073par0386	The Turkish parliamentary corpus ParlaMint-TR-en, Term 26, Year 1, Session 91	2016-05-20	Unicameralism	26	1	91	-	-	Reference	English	Regular	MP	notMinister	AKP	Justice and Development Party	Coalition	Right	Bülent.Turan	Turan, Bülent	M	1975	
ParlaMint-TR-en_2016-05-20-tbmm-T26	tbmm-2016-05-20sit01spe0077par0389	The Turkish parliamentary corpus ParlaMint-TR-en, Term 26, Year 1, Session 91	2016-05-20	Unicameralism	26	1	91	-	-	Reference	English	Regular	MP	notMinister	HDP	Peoples' Democratic Party	Opposition	Centre-left to left	Ertuğrul.Kürkcü	Kürkcü, Ertuğrul	M	1948	
ParlaMint-TR-en_2016-05-20-tbmm-T26	tbmm-2016-05-20sit01spe0078par0390	The Turkish parliamentary corpus ParlaMint-TR-en, Term 26, Year 1, Session 91	2016-05-20	Unicameralism	26	1	91	-	-	Reference	English	Regular	MP	notMinister	HDP	Peoples' Democratic Party	Opposition	Centre-left to left	Mahmut.Toğrul	Toğrul, Mahmut	M	1967	
ParlaMint-TR-en_2016-05-20-tbmm-T26	tbmm-2016-05-20sit01spe0079par0391	The Turkish parliamentary corpus ParlaMint-TR-en, Term 26, Year 1, Session 91	2016-05-20	Unicameralism	26	1	91	-	-	Reference	English	Regular	MP	notMinister	HDP	Peoples' Democratic Party	Opposition	Centre-left to left	İdris.Baluken	Baluken, İdris	M	1976	
ParlaMint-TR-en_2016-05-20-tbmm-T26	tbmm-2016-05-20sit01spe0080par0392	The Turkish parliamentary corpus ParlaMint-TR-en, Term 26, Year 1, Session 91	2016-05-20	Unicameralism	26	1	91	-	-	Reference	English	Regular	MP	notMinister	HDP	Peoples' Democratic Party	Opposition	Centre-left to left	SırrıSüreyya.Önder	Önder, Sırrı Süreyya	M	1962	
ParlaMint-TR-en_2016-05-20-tbmm-T26	tbmm-2016-05-20sit01spe0081par0393	The Turkish parliamentary corpus ParlaMint-TR-en, Term 26, Year 1, Session 91	2016-05-20	Unicameralism	26	1	91	-	-	Reference	English	Chairperson	MP	notMinister	AKP	Justice and Development Party	Coalition	Right	İsmail.Kahraman	Kahraman, İsmail	M	1940	
ParlaMint-TR-en_2016-05-20-tbmm-T26	tbmm-2016-05-20sit01spe0080par0394	The Turkish parliamentary corpus ParlaMint-TR-en, Term 26, Year 1, Session 91	2016-05-20	Unicameralism	26	1	91	-	-	Reference	English	Regular	MP	notMinister	HDP	Peoples' Democratic Party	Opposition	Centre-left to left	SırrıSüreyya.Önder	Önder, Sırrı Süreyya	M	1962	
ParlaMint-TR-en_2016-05-20-tbmm-T26	tbmm-2016-05-20sit01spe0082par0395	The Turkish parliamentary corpus ParlaMint-TR-en, Term 26, Year 1, Session 91	2016-05-20	Unicameralism	26	1	91	-	-	Reference	English	Regular	MP	notMinister	HDP	Peoples' Democratic Party	Opposition	Centre-left to left	İdris.Baluken	Baluken, İdris	M	1976	
ParlaMint-TR-en_2016-05-20-tbmm-T26	tbmm-2016-05-20sit01spe0081par0396	The Turkish parliamentary corpus ParlaMint-TR-en, Term 26, Year 1, Session 91	2016-05-20	Unicameralism	26	1	91	-	-	Reference	English	Chairperson	MP	notMinister	AKP	Justice and Development Party	Coalition	Right	İsmail.Kahraman	Kahraman, İsmail	M	1940	
ParlaMint-TR-en_2016-05-20-tbmm-T26	tbmm-2016-05-20sit01spe0083par0400	The Turkish parliamentary corpus ParlaMint-TR-en, Term 26, Year 1, Session 91	2016-05-20	Unicameralism	26	1	91	-	-	Reference	English	Regular	MP	notMinister	HDP	Peoples' Democratic Party	Opposition	Centre-left to left	SırrıSüreyya.Önder	Önder, Sırrı Süreyya	M	1962	
ParlaMint-TR-en_2016-05-20-tbmm-T26	tbmm-2016-05-20sit01spe0084par0402	The Turkish parliamentary corpus ParlaMint-TR-en, Term 26, Year 1, Session 91	2016-05-20	Unicameralism	26	1	91	-	-	Reference	English	Regular	MP	notMinister	AKP	Justice and Development Party	Coalition	Right	Ejder.Açıkkapı	Açıkkapı, Ejder	M	1968	
ParlaMint-TR-en_2016-05-20-tbmm-T26	tbmm-2016-05-20sit01spe0085par0403	The Turkish parliamentary corpus ParlaMint-TR-en, Term 26, Year 1, Session 91	2016-05-20	Unicameralism	26	1	91	-	-	Reference	English	Regular	MP	notMinister	AKP	Justice and Development Party	Coalition	Right	Metin.Külünk	Külünk, Metin	M	1960	
ParlaMint-TR-en_2016-05-20-tbmm-T26	tbmm-2016-05-20sit01spe0086par0404	The Turkish parliamentary corpus ParlaMint-TR-en, Term 26, Year 1, Session 91	2016-05-20	Unicameralism	26	1	91	-	-	Reference	English	Chairperson	MP	notMinister	AKP	Justice and Development Party	Coalition	Right	İsmail.Kahraman	Kahraman, İsmail	M	1940	
ParlaMint-TR-en_2016-05-20-tbmm-T26	tbmm-2016-05-20sit01spe0087par0405	The Turkish parliamentary corpus ParlaMint-TR-en, Term 26, Year 1, Session 91	2016-05-20	Unicameralism	26	1	91	-	-	Reference	English	Regular	MP	notMinister	AKP	Justice and Development Party	Coalition	Right	Bülent.Turan	Turan, Bülent	M	1975	
ParlaMint-TR-en_2016-05-20-tbmm-T26	tbmm-2016-05-20sit01spe0086par0406	The Turkish parliamentary corpus ParlaMint-TR-en, Term 26, Year 1, Session 91	2016-05-20	Unicameralism	26	1	91	-	-	Reference	English	Chairperson	MP	notMinister	AKP	Justice and Development Party	Coalition	Right	İsmail.Kahraman	Kahraman, İsmail	M	1940	
ParlaMint-TR-en_2016-05-20-tbmm-T26	tbmm-2016-05-20sit01spe0087par0407	The Turkish parliamentary corpus ParlaMint-TR-en, Term 26, Year 1, Session 91	2016-05-20	Unicameralism	26	1	91	-	-	Reference	English	Regular	MP	notMinister	AKP	Justice and Development Party	Coalition	Right	Bülent.Turan	Turan, Bülent	M	1975	
ParlaMint-TR-en_2016-05-20-tbmm-T26	tbmm-2016-05-20sit01spe0088par0408	The Turkish parliamentary corpus ParlaMint-TR-en, Term 26, Year 1, Session 91	2016-05-20	Unicameralism	26	1	91	-	-	Reference	English	Regular	MP	notMinister	HDP	Peoples' Democratic Party	Opposition	Centre-left to left	Mahmut.Toğrul	Toğrul, Mahmut	M	1967	
ParlaMint-TR-en_2016-05-20-tbmm-T26	tbmm-2016-05-20sit01spe0089par0409	The Turkish parliamentary corpus ParlaMint-TR-en, Term 26, Year 1, Session 91	2016-05-20	Unicameralism	26	1	91	-	-	Reference	English	Regular	MP	notMinister	AKP	Justice and Development Party	Coalition	Right	Gökcen.Özdoğan	Özdoğan Enç, Gökcen	F	1976	
ParlaMint-TR-en_2016-05-20-tbmm-T26	tbmm-2016-05-20sit01spe0087par0410	The Turkish parliamentary corpus ParlaMint-TR-en, Term 26, Year 1, Session 91	2016-05-20	Unicameralism	26	1	91	-	-	Reference	English	Regular	MP	notMinister	AKP	Justice and Development Party	Coalition	Right	Bülent.Turan	Turan, Bülent	M	1975	
ParlaMint-TR-en_2016-05-20-tbmm-T26	tbmm-2016-05-20sit01spe0089par0412	The Turkish parliamentary corpus ParlaMint-TR-en, Term 26, Year 1, Session 91	2016-05-20	Unicameralism	26	1	91	-	-	Reference	English	Regular	MP	notMinister	AKP	Justice and Development Party	Coalition	Right	Gökcen.Özdoğan	Özdoğan Enç, Gökcen	F	1976	
ParlaMint-TR-en_2016-05-20-tbmm-T26	tbmm-2016-05-20sit01spe0090par0413	The Turkish parliamentary corpus ParlaMint-TR-en, Term 26, Year 1, Session 91	2016-05-20	Unicameralism	26	1	91	-	-	Reference	English	Chairperson	MP	notMinister	AKP	Justice and Development Party	Coalition	Right	İsmail.Kahraman	Kahraman, İsmail	M	1940	
ParlaMint-TR-en_2016-05-20-tbmm-T26	tbmm-2016-05-20sit01spe0091par0415	The Turkish parliamentary corpus ParlaMint-TR-en, Term 26, Year 1, Session 91	2016-05-20	Unicameralism	26	1	91	-	-	Reference	English	Regular	MP	notMinister	AKP	Justice and Development Party	Coalition	Right	Bülent.Turan	Turan, Bülent	M	1975	
ParlaMint-TR-en_2016-05-20-tbmm-T26	tbmm-2016-05-20sit01spe0092par0416	The Turkish parliamentary corpus ParlaMint-TR-en, Term 26, Year 1, Session 91	2016-05-20	Unicameralism	26	1	91	-	-	Reference	English	Regular	MP	notMinister	HDP	Peoples' Democratic Party	Opposition	Centre-left to left	İdris.Baluken	Baluken, İdris	M	1976	
ParlaMint-TR-en_2016-05-20-tbmm-T26	tbmm-2016-05-20sit01spe0093par0417	The Turkish parliamentary corpus ParlaMint-TR-en, Term 26, Year 1, Session 91	2016-05-20	Unicameralism	26	1	91	-	-	Reference	English	Regular	MP	notMinister	CHP	Republican People's Party	Opposition	Centre-left	Özgür.Özel	Özel, Özgür	M	1974	
ParlaMint-TR-en_2016-05-20-tbmm-T26	tbmm-2016-05-20sit01spe0092par0418	The Turkish parliamentary corpus ParlaMint-TR-en, Term 26, Year 1, Session 91	2016-05-20	Unicameralism	26	1	91	-	-	Reference	English	Regular	MP	notMinister	HDP	Peoples' Democratic Party	Opposition	Centre-left to left	İdris.Baluken	Baluken, İdris	M	1976	
ParlaMint-TR-en_2016-05-20-tbmm-T26	tbmm-2016-05-20sit01spe0094par0419	The Turkish parliamentary corpus ParlaMint-TR-en, Term 26, Year 1, Session 91	2016-05-20	Unicameralism	26	1	91	-	-	Reference	English	Regular	MP	notMinister	AKP	Justice and Development Party	Coalition	Right	OsmanAşkın.Bak	Bak, Osman Aşkın	M	1966	
ParlaMint-TR-en_2016-05-20-tbmm-T26	tbmm-2016-05-20sit01spe0092par0420	The Turkish parliamentary corpus ParlaMint-TR-en, Term 26, Year 1, Session 91	2016-05-20	Unicameralism	26	1	91	-	-	Reference	English	Regular	MP	notMinister	HDP	Peoples' Democratic Party	Opposition	Centre-left to left	İdris.Baluken	Baluken, İdris	M	1976	
ParlaMint-TR-en_2016-05-20-tbmm-T26	tbmm-2016-05-20sit01spe0095par0421	The Turkish parliamentary corpus ParlaMint-TR-en, Term 26, Year 1, Session 91	2016-05-20	Unicameralism	26	1	91	-	-	Reference	English	Chairperson	MP	notMinister	AKP	Justice and Development Party	Coalition	Right	İsmail.Kahraman	Kahraman, İsmail	M	1940	
ParlaMint-TR-en_2016-05-20-tbmm-T26	tbmm-2016-05-20sit01spe0096par0422	The Turkish parliamentary corpus ParlaMint-TR-en, Term 26, Year 1, Session 91	2016-05-20	Unicameralism	26	1	91	-	-	Reference	English	Regular	MP	notMinister	CHP	Republican People's Party	Opposition	Centre-left	Özgür.Özel	Özel, Özgür	M	1974	
ParlaMint-TR-en_2016-05-20-tbmm-T26	tbmm-2016-05-20sit01spe0097par0423	The Turkish parliamentary corpus ParlaMint-TR-en, Term 26, Year 1, Session 91	2016-05-20	Unicameralism	26	1	91	-	-	Reference	English	Regular	MP	notMinister	HDP	Peoples' Democratic Party	Opposition	Centre-left to left	SırrıSüreyya.Önder	Önder, Sırrı Süreyya	M	1962	
ParlaMint-TR-en_2016-05-20-tbmm-T26	tbmm-2016-05-20sit01spe0098par0424	The Turkish parliamentary corpus ParlaMint-TR-en, Term 26, Year 1, Session 91	2016-05-20	Unicameralism	26	1	91	-	-	Reference	English	Regular	MP	notMinister	CHP	Republican People's Party	Opposition	Centre-left	Levent.Gök	Gök, Levent	M	1959	
ParlaMint-TR-en_2016-05-20-tbmm-T26	tbmm-2016-05-20sit01spe0099par0425	The Turkish parliamentary corpus ParlaMint-TR-en, Term 26, Year 1, Session 91	2016-05-20	Unicameralism	26	1	91	-	-	Reference	English	Chairperson	MP	notMinister	AKP	Justice and Development Party	Coalition	Right	İsmail.Kahraman	Kahraman, İsmail	M	1940	
ParlaMint-TR-en_2016-05-20-tbmm-T26	tbmm-2016-05-20sit01spe0098par0427	The Turkish parliamentary corpus ParlaMint-TR-en, Term 26, Year 1, Session 91	2016-05-20	Unicameralism	26	1	91	-	-	Reference	English	Regular	MP	notMinister	CHP	Republican People's Party	Opposition	Centre-left	Levent.Gök	Gök, Levent	M	1959	
ParlaMint-TR-en_2016-05-20-tbmm-T26	tbmm-2016-05-20sit01spe0100par0428	The Turkish parliamentary corpus ParlaMint-TR-en, Term 26, Year 1, Session 91	2016-05-20	Unicameralism	26	1	91	-	-	Reference	English	Regular	MP	notMinister	HDP	Peoples' Democratic Party	Opposition	Centre-left to left	SırrıSüreyya.Önder	Önder, Sırrı Süreyya	M	1962	
ParlaMint-TR-en_2016-05-20-tbmm-T26	tbmm-2016-05-20sit01spe0099par0429	The Turkish parliamentary corpus ParlaMint-TR-en, Term 26, Year 1, Session 91	2016-05-20	Unicameralism	26	1	91	-	-	Reference	English	Chairperson	MP	notMinister	AKP	Justice and Development Party	Coalition	Right	İsmail.Kahraman	Kahraman, İsmail	M	1940	
ParlaMint-TR-en_2016-05-20-tbmm-T26	tbmm-2016-05-20sit01spe0100par0430	The Turkish parliamentary corpus ParlaMint-TR-en, Term 26, Year 1, Session 91	2016-05-20	Unicameralism	26	1	91	-	-	Reference	English	Regular	MP	notMinister	HDP	Peoples' Democratic Party	Opposition	Centre-left to left	SırrıSüreyya.Önder	Önder, Sırrı Süreyya	M	1962	
ParlaMint-TR-en_2016-05-20-tbmm-T26	tbmm-2016-05-20sit01spe0099par0431	The Turkish parliamentary corpus ParlaMint-TR-en, Term 26, Year 1, Session 91	2016-05-20	Unicameralism	26	1	91	-	-	Reference	English	Chairperson	MP	notMinister	AKP	Justice and Development Party	Coalition	Right	İsmail.Kahraman	Kahraman, İsmail	M	1940	
ParlaMint-TR-en_2016-05-20-tbmm-T26	tbmm-2016-05-20sit01spe0100par0432	The Turkish parliamentary corpus ParlaMint-TR-en, Term 26, Year 1, Session 91	2016-05-20	Unicameralism	26	1	91	-	-	Reference	English	Regular	MP	notMinister	HDP	Peoples' Democratic Party	Opposition	Centre-left to left	SırrıSüreyya.Önder	Önder, Sırrı Süreyya	M	1962	
ParlaMint-TR-en_2016-05-20-tbmm-T26	tbmm-2016-05-20sit01spe0099par0433	The Turkish parliamentary corpus ParlaMint-TR-en, Term 26, Year 1, Session 91	2016-05-20	Unicameralism	26	1	91	-	-	Reference	English	Chairperson	MP	notMinister	AKP	Justice and Development Party	Coalition	Right	İsmail.Kahraman	Kahraman, İsmail	M	1940	
ParlaMint-TR-en_2016-05-20-tbmm-T26	tbmm-2016-05-20sit01spe0100par0434	The Turkish parliamentary corpus ParlaMint-TR-en, Term 26, Year 1, Session 91	2016-05-20	Unicameralism	26	1	91	-	-	Reference	English	Regular	MP	notMinister	HDP	Peoples' Democratic Party	Opposition	Centre-left to left	SırrıSüreyya.Önder	Önder, Sırrı Süreyya	M	1962	
ParlaMint-TR-en_2016-05-20-tbmm-T26	tbmm-2016-05-20sit01spe0101par0435	The Turkish parliamentary corpus ParlaMint-TR-en, Term 26, Year 1, Session 91	2016-05-20	Unicameralism	26	1	91	-	-	Reference	English	Regular	MP	notMinister	AKP	Justice and Development Party	Coalition	Right	Gökcen.Özdoğan	Özdoğan Enç, Gökcen	F	1976	
ParlaMint-TR-en_2016-05-20-tbmm-T26	tbmm-2016-05-20sit01spe0102par0436	The Turkish parliamentary corpus ParlaMint-TR-en, Term 26, Year 1, Session 91	2016-05-20	Unicameralism	26	1	91	-	-	Reference	English	Regular	MP	notMinister	AKP	Justice and Development Party	Coalition	Right	Orhan.Deligöz	Deligöz, Orhan	M	1965	
ParlaMint-TR-en_2016-05-20-tbmm-T26	tbmm-2016-05-20sit01spe0100par0437	The Turkish parliamentary corpus ParlaMint-TR-en, Term 26, Year 1, Session 91	2016-05-20	Unicameralism	26	1	91	-	-	Reference	English	Regular	MP	notMinister	HDP	Peoples' Democratic Party	Opposition	Centre-left to left	SırrıSüreyya.Önder	Önder, Sırrı Süreyya	M	1962	
ParlaMint-TR-en_2016-05-20-tbmm-T26	tbmm-2016-05-20sit01spe0103par0438	The Turkish parliamentary corpus ParlaMint-TR-en, Term 26, Year 1, Session 91	2016-05-20	Unicameralism	26	1	91	-	-	Reference	English	Chairperson	MP	notMinister	AKP	Justice and Development Party	Coalition	Right	İsmail.Kahraman	Kahraman, İsmail	M	1940	
ParlaMint-TR-en_2016-05-20-tbmm-T26	tbmm-2016-05-20sit01spe0100par0439	The Turkish parliamentary corpus ParlaMint-TR-en, Term 26, Year 1, Session 91	2016-05-20	Unicameralism	26	1	91	-	-	Reference	English	Regular	MP	notMinister	HDP	Peoples' Democratic Party	Opposition	Centre-left to left	SırrıSüreyya.Önder	Önder, Sırrı Süreyya	M	1962	
ParlaMint-TR-en_2016-05-20-tbmm-T26	tbmm-2016-05-20sit01spe0104par0440	The Turkish parliamentary corpus ParlaMint-TR-en, Term 26, Year 1, Session 91	2016-05-20	Unicameralism	26	1	91	-	-	Reference	English	Regular	MP	notMinister	AKP	Justice and Development Party	Coalition	Right	Gökcen.Özdoğan	Özdoğan Enç, Gökcen	F	1976	
ParlaMint-TR-en_2016-05-20-tbmm-T26	tbmm-2016-05-20sit01spe0103par0441	The Turkish parliamentary corpus ParlaMint-TR-en, Term 26, Year 1, Session 91	2016-05-20	Unicameralism	26	1	91	-	-	Reference	English	Chairperson	MP	notMinister	AKP	Justice and Development Party	Coalition	Right	İsmail.Kahraman	Kahraman, İsmail	M	1940	
ParlaMint-TR-en_2016-05-20-tbmm-T26	tbmm-2016-05-20sit01spe0105par0454	The Turkish parliamentary corpus ParlaMint-TR-en, Term 26, Year 1, Session 91	2016-05-20	Unicameralism	26	1	91	-	-	Reference	English	Regular	MP	notMinister	AKP	Justice and Development Party	Coalition	Right	Mustafa.Şentop	Şentop, Mustafa	M	1968	
ParlaMint-TR-en_2016-05-20-tbmm-T26	tbmm-2016-05-20sit01spe0103par0455	The Turkish parliamentary corpus ParlaMint-TR-en, Term 26, Year 1, Session 91	2016-05-20	Unicameralism	26	1	91	-	-	Reference	English	Chairperson	MP	notMinister	AKP	Justice and Development Party	Coalition	Right	İsmail.Kahraman	Kahraman, İsmail	M	1940	
ParlaMint-TR-en_2016-05-20-tbmm-T26	tbmm-2016-05-20sit01spe0106par0456	The Turkish parliamentary corpus ParlaMint-TR-en, Term 26, Year 1, Session 91	2016-05-20	Unicameralism	26	1	91	-	-	Reference	English	Regular	MP	Minister	AKP	Justice and Development Party	Coalition	Right	Bekir.Bozdağ	Bozdağ, Bekir	M	1965	
ParlaMint-TR-en_2016-05-20-tbmm-T26	tbmm-2016-05-20sit01spe0103par0457	The Turkish parliamentary corpus ParlaMint-TR-en, Term 26, Year 1, Session 91	2016-05-20	Unicameralism	26	1	91	-	-	Reference	English	Chairperson	MP	notMinister	AKP	Justice and Development Party	Coalition	Right	İsmail.Kahraman	Kahraman, İsmail	M	1940	
ParlaMint-TR-en_2016-05-20-tbmm-T26	tbmm-2016-05-20sit01spe0107par0458	The Turkish parliamentary corpus ParlaMint-TR-en, Term 26, Year 1, Session 91	2016-05-20	Unicameralism	26	1	91	-	-	Reference	English	Regular	MP	notMinister	CHP	Republican People's Party	Opposition	Centre-left	Tufan.Köse	Köse, Tufan	M	1967	
ParlaMint-TR-en_2016-05-20-tbmm-T26	tbmm-2016-05-20sit01spe0103par0459	The Turkish parliamentary corpus ParlaMint-TR-en, Term 26, Year 1, Session 91	2016-05-20	Unicameralism	26	1	91	-	-	Reference	English	Chairperson	MP	notMinister	AKP	Justice and Development Party	Coalition	Right	İsmail.Kahraman	Kahraman, İsmail	M	1940	
ParlaMint-TR-en_2016-05-20-tbmm-T26	tbmm-2016-05-20sit01spe0107par0462	The Turkish parliamentary corpus ParlaMint-TR-en, Term 26, Year 1, Session 91	2016-05-20	Unicameralism	26	1	91	-	-	Reference	English	Regular	MP	notMinister	CHP	Republican People's Party	Opposition	Centre-left	Tufan.Köse	Köse, Tufan	M	1967	
ParlaMint-TR-en_2016-05-20-tbmm-T26	tbmm-2016-05-20sit01spe0108par0471	The Turkish parliamentary corpus ParlaMint-TR-en, Term 26, Year 1, Session 91	2016-05-20	Unicameralism	26	1	91	-	-	Reference	English	Regular	MP	notMinister	AKP	Justice and Development Party	Coalition	Right	Bülent.Turan	Turan, Bülent	M	1975	
ParlaMint-TR-en_2016-05-20-tbmm-T26	tbmm-2016-05-20sit01spe0107par0472	The Turkish parliamentary corpus ParlaMint-TR-en, Term 26, Year 1, Session 91	2016-05-20	Unicameralism	26	1	91	-	-	Reference	English	Regular	MP	notMinister	CHP	Republican People's Party	Opposition	Centre-left	Tufan.Köse	Köse, Tufan	M	1967	
ParlaMint-TR-en_2016-05-20-tbmm-T26	tbmm-2016-05-20sit01spe0109par0473	The Turkish parliamentary corpus ParlaMint-TR-en, Term 26, Year 1, Session 91	2016-05-20	Unicameralism	26	1	91	-	-	Reference	English	Regular	MP	Minister	AKP	Justice and Development Party	Coalition	Right	Bekir.Bozdağ	Bozdağ, Bekir	M	1965	
ParlaMint-TR-en_2016-05-20-tbmm-T26	tbmm-2016-05-20sit01spe0107par0474	The Turkish parliamentary corpus ParlaMint-TR-en, Term 26, Year 1, Session 91	2016-05-20	Unicameralism	26	1	91	-	-	Reference	English	Regular	MP	notMinister	CHP	Republican People's Party	Opposition	Centre-left	Tufan.Köse	Köse, Tufan	M	1967	
ParlaMint-TR-en_2016-05-20-tbmm-T26	tbmm-2016-05-20sit01spe0110par0477	The Turkish parliamentary corpus ParlaMint-TR-en, Term 26, Year 1, Session 91	2016-05-20	Unicameralism	26	1	91	-	-	Reference	English	Regular	MP	notMinister	AKP	Justice and Development Party	Coalition	Right	HasanBasri.Kurt	Kurt, Hasan Basri	M	1978	
ParlaMint-TR-en_2016-05-20-tbmm-T26	tbmm-2016-05-20sit01spe0111par0478	The Turkish parliamentary corpus ParlaMint-TR-en, Term 26, Year 1, Session 91	2016-05-20	Unicameralism	26	1	91	-	-	Reference	English	Regular	MP	notMinister	AKP	Justice and Development Party	Coalition	Right	Cahit.Özkan	Özkan, Cahit	M	1976	
ParlaMint-TR-en_2016-05-20-tbmm-T26	tbmm-2016-05-20sit01spe0107par0479	The Turkish parliamentary corpus ParlaMint-TR-en, Term 26, Year 1, Session 91	2016-05-20	Unicameralism	26	1	91	-	-	Reference	English	Regular	MP	notMinister	CHP	Republican People's Party	Opposition	Centre-left	Tufan.Köse	Köse, Tufan	M	1967	
ParlaMint-TR-en_2016-05-20-tbmm-T26	tbmm-2016-05-20sit01spe0112par0480	The Turkish parliamentary corpus ParlaMint-TR-en, Term 26, Year 1, Session 91	2016-05-20	Unicameralism	26	1	91	-	-	Reference	English	Regular	MP	notMinister	AKP	Justice and Development Party	Coalition	Right	Bennur.Karaburun	Karaburun, Bennur	F	1973	
ParlaMint-TR-en_2016-05-20-tbmm-T26	tbmm-2016-05-20sit01spe0107par0481	The Turkish parliamentary corpus ParlaMint-TR-en, Term 26, Year 1, Session 91	2016-05-20	Unicameralism	26	1	91	-	-	Reference	English	Regular	MP	notMinister	CHP	Republican People's Party	Opposition	Centre-left	Tufan.Köse	Köse, Tufan	M	1967	
ParlaMint-TR-en_2016-05-20-tbmm-T26	tbmm-2016-05-20sit01spe0113par0482	The Turkish parliamentary corpus ParlaMint-TR-en, Term 26, Year 1, Session 91	2016-05-20	Unicameralism	26	1	91	-	-	Reference	English	Regular	MP	notMinister	AKP	Justice and Development Party	Coalition	Right	Ravza.Kavakcı	Kavakcı Kan, Ravza	F	1972	
ParlaMint-TR-en_2016-05-20-tbmm-T26	tbmm-2016-05-20sit01spe0107par0483	The Turkish parliamentary corpus ParlaMint-TR-en, Term 26, Year 1, Session 91	2016-05-20	Unicameralism	26	1	91	-	-	Reference	English	Regular	MP	notMinister	CHP	Republican People's Party	Opposition	Centre-left	Tufan.Köse	Köse, Tufan	M	1967	
ParlaMint-TR-en_2016-05-20-tbmm-T26	tbmm-2016-05-20sit01spe0113par0484	The Turkish parliamentary corpus ParlaMint-TR-en, Term 26, Year 1, Session 91	2016-05-20	Unicameralism	26	1	91	-	-	Reference	English	Regular	MP	notMinister	AKP	Justice and Development Party	Coalition	Right	Ravza.Kavakcı	Kavakcı Kan, Ravza	F	1972	
ParlaMint-TR-en_2016-05-20-tbmm-T26	tbmm-2016-05-20sit01spe0107par0485	The Turkish parliamentary corpus ParlaMint-TR-en, Term 26, Year 1, Session 91	2016-05-20	Unicameralism	26	1	91	-	-	Reference	English	Regular	MP	notMinister	CHP	Republican People's Party	Opposition	Centre-left	Tufan.Köse	Köse, Tufan	M	1967	
ParlaMint-TR-en_2016-05-20-tbmm-T26	tbmm-2016-05-20sit01spe0114par0487	The Turkish parliamentary corpus ParlaMint-TR-en, Term 26, Year 1, Session 91	2016-05-20	Unicameralism	26	1	91	-	-	Reference	English	Regular	MP	notMinister	AKP	Justice and Development Party	Coalition	Right	Bülent.Turan	Turan, Bülent	M	1975	
ParlaMint-TR-en_2016-05-20-tbmm-T26	tbmm-2016-05-20sit01spe0115par0488	The Turkish parliamentary corpus ParlaMint-TR-en, Term 26, Year 1, Session 91	2016-05-20	Unicameralism	26	1	91	-	-	Reference	English	Chairperson	MP	notMinister	AKP	Justice and Development Party	Coalition	Right	İsmail.Kahraman	Kahraman, İsmail	M	1940	
ParlaMint-TR-en_2016-05-20-tbmm-T26	tbmm-2016-05-20sit01spe0114par0489	The Turkish parliamentary corpus ParlaMint-TR-en, Term 26, Year 1, Session 91	2016-05-20	Unicameralism	26	1	91	-	-	Reference	English	Regular	MP	notMinister	AKP	Justice and Development Party	Coalition	Right	Bülent.Turan	Turan, Bülent	M	1975	
ParlaMint-TR-en_2016-05-20-tbmm-T26	tbmm-2016-05-20sit01spe0115par0490	The Turkish parliamentary corpus ParlaMint-TR-en, Term 26, Year 1, Session 91	2016-05-20	Unicameralism	26	1	91	-	-	Reference	English	Chairperson	MP	notMinister	AKP	Justice and Development Party	Coalition	Right	İsmail.Kahraman	Kahraman, İsmail	M	1940	
ParlaMint-TR-en_2016-05-20-tbmm-T26	tbmm-2016-05-20sit01spe0116par0492	The Turkish parliamentary corpus ParlaMint-TR-en, Term 26, Year 1, Session 91	2016-05-20	Unicameralism	26	1	91	-	-	Reference	English	Regular	MP	notMinister	CHP	Republican People's Party	Opposition	Centre-left	Levent.Gök	Gök, Levent	M	1959	
ParlaMint-TR-en_2016-05-20-tbmm-T26	tbmm-2016-05-20sit01spe0115par0493	The Turkish parliamentary corpus ParlaMint-TR-en, Term 26, Year 1, Session 91	2016-05-20	Unicameralism	26	1	91	-	-	Reference	English	Chairperson	MP	notMinister	AKP	Justice and Development Party	Coalition	Right	İsmail.Kahraman	Kahraman, İsmail	M	1940	
ParlaMint-TR-en_2016-05-20-tbmm-T26	tbmm-2016-05-20sit01spe0116par0494	The Turkish parliamentary corpus ParlaMint-TR-en, Term 26, Year 1, Session 91	2016-05-20	Unicameralism	26	1	91	-	-	Reference	English	Regular	MP	notMinister	CHP	Republican People's Party	Opposition	Centre-left	Levent.Gök	Gök, Levent	M	1959	
ParlaMint-TR-en_2016-05-20-tbmm-T26	tbmm-2016-05-20sit01spe0115par0495	The Turkish parliamentary corpus ParlaMint-TR-en, Term 26, Year 1, Session 91	2016-05-20	Unicameralism	26	1	91	-	-	Reference	English	Chairperson	MP	notMinister	AKP	Justice and Development Party	Coalition	Right	İsmail.Kahraman	Kahraman, İsmail	M	1940	
ParlaMint-TR-en_2016-05-20-tbmm-T26	tbmm-2016-05-20sit01spe0116par0497	The Turkish parliamentary corpus ParlaMint-TR-en, Term 26, Year 1, Session 91	2016-05-20	Unicameralism	26	1	91	-	-	Reference	English	Regular	MP	notMinister	CHP	Republican People's Party	Opposition	Centre-left	Levent.Gök	Gök, Levent	M	1959	
ParlaMint-TR-en_2016-05-20-tbmm-T26	tbmm-2016-05-20sit01spe0115par0498	The Turkish parliamentary corpus ParlaMint-TR-en, Term 26, Year 1, Session 91	2016-05-20	Unicameralism	26	1	91	-	-	Reference	English	Chairperson	MP	notMinister	AKP	Justice and Development Party	Coalition	Right	İsmail.Kahraman	Kahraman, İsmail	M	1940	
ParlaMint-TR-en_2016-05-20-tbmm-T26	tbmm-2016-05-20sit01spe0117par0501	The Turkish parliamentary corpus ParlaMint-TR-en, Term 26, Year 1, Session 91	2016-05-20	Unicameralism	26	1	91	-	-	Reference	English	Regular	MP	notMinister	AKP	Justice and Development Party	Coalition	Right	Bülent.Turan	Turan, Bülent	M	1975	
ParlaMint-TR-en_2016-05-20-tbmm-T26	tbmm-2016-05-20sit01spe0118par0507	The Turkish parliamentary corpus ParlaMint-TR-en, Term 26, Year 1, Session 91	2016-05-20	Unicameralism	26	1	91	-	-	Reference	English	Regular	MP	notMinister	CHP	Republican People's Party	Opposition	Centre-left	Tufan.Köse	Köse, Tufan	M	1967	
ParlaMint-TR-en_2016-05-20-tbmm-T26	tbmm-2016-05-20sit01spe0117par0508	The Turkish parliamentary corpus ParlaMint-TR-en, Term 26, Year 1, Session 91	2016-05-20	Unicameralism	26	1	91	-	-	Reference	English	Regular	MP	notMinister	AKP	Justice and Development Party	Coalition	Right	Bülent.Turan	Turan, Bülent	M	1975	
ParlaMint-TR-en_2016-05-20-tbmm-T26	tbmm-2016-05-20sit01spe0118par0509	The Turkish parliamentary corpus ParlaMint-TR-en, Term 26, Year 1, Session 91	2016-05-20	Unicameralism	26	1	91	-	-	Reference	English	Regular	MP	notMinister	CHP	Republican People's Party	Opposition	Centre-left	Tufan.Köse	Köse, Tufan	M	1967	
ParlaMint-TR-en_2016-05-20-tbmm-T26	tbmm-2016-05-20sit01spe0117par0510	The Turkish parliamentary corpus ParlaMint-TR-en, Term 26, Year 1, Session 91	2016-05-20	Unicameralism	26	1	91	-	-	Reference	English	Regular	MP	notMinister	AKP	Justice and Development Party	Coalition	Right	Bülent.Turan	Turan, Bülent	M	1975	
ParlaMint-TR-en_2016-05-20-tbmm-T26	tbmm-2016-05-20sit01spe0119par0511	The Turkish parliamentary corpus ParlaMint-TR-en, Term 26, Year 1, Session 91	2016-05-20	Unicameralism	26	1	91	-	-	Reference	English	Regular	MP	notMinister	AKP	Justice and Development Party	Coalition	Right	OsmanAşkın.Bak	Bak, Osman Aşkın	M	1966	
ParlaMint-TR-en_2016-05-20-tbmm-T26	tbmm-2016-05-20sit01spe0120par0512	The Turkish parliamentary corpus ParlaMint-TR-en, Term 26, Year 1, Session 91	2016-05-20	Unicameralism	26	1	91	-	-	Reference	English	Regular	MP	notMinister	AKP	Justice and Development Party	Coalition	Right	HasanBasri.Kurt	Kurt, Hasan Basri	M	1978	
ParlaMint-TR-en_2016-05-20-tbmm-T26	tbmm-2016-05-20sit01spe0117par0513	The Turkish parliamentary corpus ParlaMint-TR-en, Term 26, Year 1, Session 91	2016-05-20	Unicameralism	26	1	91	-	-	Reference	English	Regular	MP	notMinister	AKP	Justice and Development Party	Coalition	Right	Bülent.Turan	Turan, Bülent	M	1975	
ParlaMint-TR-en_2016-05-20-tbmm-T26	tbmm-2016-05-20sit01spe0121par0516	The Turkish parliamentary corpus ParlaMint-TR-en, Term 26, Year 1, Session 91	2016-05-20	Unicameralism	26	1	91	-	-	Reference	English	Chairperson	MP	notMinister	AKP	Justice and Development Party	Coalition	Right	İsmail.Kahraman	Kahraman, İsmail	M	1940	
ParlaMint-TR-en_2016-05-20-tbmm-T26	tbmm-2016-05-20sit01spe0122par0517	The Turkish parliamentary corpus ParlaMint-TR-en, Term 26, Year 1, Session 91	2016-05-20	Unicameralism	26	1	91	-	-	Reference	English	Regular	MP	notMinister	CHP	Republican People's Party	Opposition	Centre-left	Tufan.Köse	Köse, Tufan	M	1967	
ParlaMint-TR-en_2016-05-20-tbmm-T26	tbmm-2016-05-20sit01spe0121par0518	The Turkish parliamentary corpus ParlaMint-TR-en, Term 26, Year 1, Session 91	2016-05-20	Unicameralism	26	1	91	-	-	Reference	English	Chairperson	MP	notMinister	AKP	Justice and Development Party	Coalition	Right	İsmail.Kahraman	Kahraman, İsmail	M	1940	
ParlaMint-TR-en_2016-05-20-tbmm-T26	tbmm-2016-05-20sit01spe0122par0519	The Turkish parliamentary corpus ParlaMint-TR-en, Term 26, Year 1, Session 91	2016-05-20	Unicameralism	26	1	91	-	-	Reference	English	Regular	MP	notMinister	CHP	Republican People's Party	Opposition	Centre-left	Tufan.Köse	Köse, Tufan	M	1967	
ParlaMint-TR-en_2016-05-20-tbmm-T26	tbmm-2016-05-20sit01spe0121par0520	The Turkish parliamentary corpus ParlaMint-TR-en, Term 26, Year 1, Session 91	2016-05-20	Unicameralism	26	1	91	-	-	Reference	English	Chairperson	MP	notMinister	AKP	Justice and Development Party	Coalition	Right	İsmail.Kahraman	Kahraman, İsmail	M	1940	
ParlaMint-TR-en_2016-05-20-tbmm-T26	tbmm-2016-05-20sit01spe0122par0521	The Turkish parliamentary corpus ParlaMint-TR-en, Term 26, Year 1, Session 91	2016-05-20	Unicameralism	26	1	91	-	-	Reference	English	Regular	MP	notMinister	CHP	Republican People's Party	Opposition	Centre-left	Tufan.Köse	Köse, Tufan	M	1967	
ParlaMint-TR-en_2016-05-20-tbmm-T26	tbmm-2016-05-20sit01spe0121par0522	The Turkish parliamentary corpus ParlaMint-TR-en, Term 26, Year 1, Session 91	2016-05-20	Unicameralism	26	1	91	-	-	Reference	English	Chairperson	MP	notMinister	AKP	Justice and Development Party	Coalition	Right	İsmail.Kahraman	Kahraman, İsmail	M	1940	
ParlaMint-TR-en_2016-05-20-tbmm-T26	tbmm-2016-05-20sit01spe0123par0525	The Turkish parliamentary corpus ParlaMint-TR-en, Term 26, Year 1, Session 91	2016-05-20	Unicameralism	26	1	91	-	-	Reference	English	Regular	MP	notMinister	AKP	Justice and Development Party	Coalition	Right	Bülent.Turan	Turan, Bülent	M	1975	
ParlaMint-TR-en_2016-05-20-tbmm-T26	tbmm-2016-05-20sit01spe0124par0527	The Turkish parliamentary corpus ParlaMint-TR-en, Term 26, Year 1, Session 91	2016-05-20	Unicameralism	26	1	91	-	-	Reference	English	Regular	MP	notMinister	CHP	Republican People's Party	Opposition	Centre-left	Tufan.Köse	Köse, Tufan	M	1967	
ParlaMint-TR-en_2016-05-20-tbmm-T26	tbmm-2016-05-20sit01spe0123par0529	The Turkish parliamentary corpus ParlaMint-TR-en, Term 26, Year 1, Session 91	2016-05-20	Unicameralism	26	1	91	-	-	Reference	English	Regular	MP	notMinister	AKP	Justice and Development Party	Coalition	Right	Bülent.Turan	Turan, Bülent	M	1975	
ParlaMint-TR-en_2016-05-20-tbmm-T26	tbmm-2016-05-20sit01spe0124par0530	The Turkish parliamentary corpus ParlaMint-TR-en, Term 26, Year 1, Session 91	2016-05-20	Unicameralism	26	1	91	-	-	Reference	English	Regular	MP	notMinister	CHP	Republican People's Party	Opposition	Centre-left	Tufan.Köse	Köse, Tufan	M	1967	
ParlaMint-TR-en_2016-05-20-tbmm-T26	tbmm-2016-05-20sit01spe0125par0531	The Turkish parliamentary corpus ParlaMint-TR-en, Term 26, Year 1, Session 91	2016-05-20	Unicameralism	26	1	91	-	-	Reference	English	Regular	MP	notMinister	AKP	Justice and Development Party	Coalition	Right	HasanBasri.Kurt	Kurt, Hasan Basri	M	1978	
ParlaMint-TR-en_2016-05-20-tbmm-T26	tbmm-2016-05-20sit01spe0126par0532	The Turkish parliamentary corpus ParlaMint-TR-en, Term 26, Year 1, Session 91	2016-05-20	Unicameralism	26	1	91	-	-	Reference	English	Regular	MP	notMinister	AKP	Justice and Development Party	Coalition	Right	Yılmaz.Tunç	Tunç, Yılmaz	M	1971	
ParlaMint-TR-en_2016-05-20-tbmm-T26	tbmm-2016-05-20sit01spe0124par0533	The Turkish parliamentary corpus ParlaMint-TR-en, Term 26, Year 1, Session 91	2016-05-20	Unicameralism	26	1	91	-	-	Reference	English	Regular	MP	notMinister	CHP	Republican People's Party	Opposition	Centre-left	Tufan.Köse	Köse, Tufan	M	1967	
ParlaMint-TR-en_2016-05-20-tbmm-T26	tbmm-2016-05-20sit01spe0126par0535	The Turkish parliamentary corpus ParlaMint-TR-en, Term 26, Year 1, Session 91	2016-05-20	Unicameralism	26	1	91	-	-	Reference	English	Regular	MP	notMinister	AKP	Justice and Development Party	Coalition	Right	Yılmaz.Tunç	Tunç, Yılmaz	M	1971	
ParlaMint-TR-en_2016-05-20-tbmm-T26	tbmm-2016-05-20sit01spe0127par0536	The Turkish parliamentary corpus ParlaMint-TR-en, Term 26, Year 1, Session 91	2016-05-20	Unicameralism	26	1	91	-	-	Reference	English	Regular	MP	notMinister	AKP	Justice and Development Party	Coalition	Right	İlknur.İnceöz	İnceöz, İlknur	F	1973	
ParlaMint-TR-en_2016-05-20-tbmm-T26	tbmm-2016-05-20sit01spe0128par0537	The Turkish parliamentary corpus ParlaMint-TR-en, Term 26, Year 1, Session 91	2016-05-20	Unicameralism	26	1	91	-	-	Reference	English	Regular	MP	notMinister	AKP	Justice and Development Party	Coalition	Right	Ejder.Açıkkapı	Açıkkapı, Ejder	M	1968	
ParlaMint-TR-en_2016-05-20-tbmm-T26	tbmm-2016-05-20sit01spe0129par0538	The Turkish parliamentary corpus ParlaMint-TR-en, Term 26, Year 1, Session 91	2016-05-20	Unicameralism	26	1	91	-	-	Reference	English	Regular	MP	notMinister	CHP	Republican People's Party	Opposition	Centre-left	Tufan.Köse	Köse, Tufan	M	1967	
ParlaMint-TR-en_2016-05-20-tbmm-T26	tbmm-2016-05-20sit01spe0130par0539	The Turkish parliamentary corpus ParlaMint-TR-en, Term 26, Year 1, Session 91	2016-05-20	Unicameralism	26	1	91	-	-	Reference	English	Regular	MP	notMinister	AKP	Justice and Development Party	Coalition	Right	Metin.Külünk	Külünk, Metin	M	1960	
ParlaMint-TR-en_2016-05-20-tbmm-T26	tbmm-2016-05-20sit01spe0129par0540	The Turkish parliamentary corpus ParlaMint-TR-en, Term 26, Year 1, Session 91	2016-05-20	Unicameralism	26	1	91	-	-	Reference	English	Regular	MP	notMinister	CHP	Republican People's Party	Opposition	Centre-left	Tufan.Köse	Köse, Tufan	M	1967	
ParlaMint-TR-en_2016-05-20-tbmm-T26	tbmm-2016-05-20sit01spe0131par0541	The Turkish parliamentary corpus ParlaMint-TR-en, Term 26, Year 1, Session 91	2016-05-20	Unicameralism	26	1	91	-	-	Reference	English	Regular	MP	notMinister	AKP	Justice and Development Party	Coalition	Right	HasanBasri.Kurt	Kurt, Hasan Basri	M	1978	
ParlaMint-TR-en_2016-05-20-tbmm-T26	tbmm-2016-05-20sit01spe0130par0542	The Turkish parliamentary corpus ParlaMint-TR-en, Term 26, Year 1, Session 91	2016-05-20	Unicameralism	26	1	91	-	-	Reference	English	Regular	MP	notMinister	AKP	Justice and Development Party	Coalition	Right	Metin.Külünk	Külünk, Metin	M	1960	
ParlaMint-TR-en_2016-05-20-tbmm-T26	tbmm-2016-05-20sit01spe0129par0543	The Turkish parliamentary corpus ParlaMint-TR-en, Term 26, Year 1, Session 91	2016-05-20	Unicameralism	26	1	91	-	-	Reference	English	Regular	MP	notMinister	CHP	Republican People's Party	Opposition	Centre-left	Tufan.Köse	Köse, Tufan	M	1967	
ParlaMint-TR-en_2016-05-20-tbmm-T26	tbmm-2016-05-20sit01spe0132par0544	The Turkish parliamentary corpus ParlaMint-TR-en, Term 26, Year 1, Session 91	2016-05-20	Unicameralism	26	1	91	-	-	Reference	English	Regular	MP	notMinister	AKP	Justice and Development Party	Coalition	Right	Yılmaz.Tunç	Tunç, Yılmaz	M	1971	
ParlaMint-TR-en_2016-05-20-tbmm-T26	tbmm-2016-05-20sit01spe0129par0545	The Turkish parliamentary corpus ParlaMint-TR-en, Term 26, Year 1, Session 91	2016-05-20	Unicameralism	26	1	91	-	-	Reference	English	Regular	MP	notMinister	CHP	Republican People's Party	Opposition	Centre-left	Tufan.Köse	Köse, Tufan	M	1967	
ParlaMint-TR-en_2016-05-20-tbmm-T26	tbmm-2016-05-20sit01spe0133par0546	The Turkish parliamentary corpus ParlaMint-TR-en, Term 26, Year 1, Session 91	2016-05-20	Unicameralism	26	1	91	-	-	Reference	English	Regular	MP	notMinister	AKP	Justice and Development Party	Coalition	Right	Ali.Ercoşkun	Ercoşkun, Ali	M	1971	
ParlaMint-TR-en_2016-05-20-tbmm-T26	tbmm-2016-05-20sit01spe0129par0547	The Turkish parliamentary corpus ParlaMint-TR-en, Term 26, Year 1, Session 91	2016-05-20	Unicameralism	26	1	91	-	-	Reference	English	Regular	MP	notMinister	CHP	Republican People's Party	Opposition	Centre-left	Tufan.Köse	Köse, Tufan	M	1967	
ParlaMint-TR-en_2016-05-20-tbmm-T26	tbmm-2016-05-20sit01spe0134par0548	The Turkish parliamentary corpus ParlaMint-TR-en, Term 26, Year 1, Session 91	2016-05-20	Unicameralism	26	1	91	-	-	Reference	English	Regular	MP	notMinister	AKP	Justice and Development Party	Coalition	Right	Yılmaz.Tunç	Tunç, Yılmaz	M	1971	
ParlaMint-TR-en_2016-05-20-tbmm-T26	tbmm-2016-05-20sit01spe0129par0549	The Turkish parliamentary corpus ParlaMint-TR-en, Term 26, Year 1, Session 91	2016-05-20	Unicameralism	26	1	91	-	-	Reference	English	Regular	MP	notMinister	CHP	Republican People's Party	Opposition	Centre-left	Tufan.Köse	Köse, Tufan	M	1967	
ParlaMint-TR-en_2016-05-20-tbmm-T26	tbmm-2016-05-20sit01spe0135par0550	The Turkish parliamentary corpus ParlaMint-TR-en, Term 26, Year 1, Session 91	2016-05-20	Unicameralism	26	1	91	-	-	Reference	English	Regular	MP	notMinister	AKP	Justice and Development Party	Coalition	Right	OsmanAşkın.Bak	Bak, Osman Aşkın	M	1966	
ParlaMint-TR-en_2016-05-20-tbmm-T26	tbmm-2016-05-20sit01spe0129par0551	The Turkish parliamentary corpus ParlaMint-TR-en, Term 26, Year 1, Session 91	2016-05-20	Unicameralism	26	1	91	-	-	Reference	English	Regular	MP	notMinister	CHP	Republican People's Party	Opposition	Centre-left	Tufan.Köse	Köse, Tufan	M	1967	
ParlaMint-TR-en_2016-05-20-tbmm-T26	tbmm-2016-05-20sit01spe0136par0552	The Turkish parliamentary corpus ParlaMint-TR-en, Term 26, Year 1, Session 91	2016-05-20	Unicameralism	26	1	91	-	-	Reference	English	Regular	MP	notMinister	AKP	Justice and Development Party	Coalition	Right	Hüsnüye.Erdoğan	Erdoğan, Hüsnüye	F	1965	
ParlaMint-TR-en_2016-05-20-tbmm-T26	tbmm-2016-05-20sit01spe0137par0553	The Turkish parliamentary corpus ParlaMint-TR-en, Term 26, Year 1, Session 91	2016-05-20	Unicameralism	26	1	91	-	-	Reference	English	Regular	MP	notMinister	AKP	Justice and Development Party	Coalition	Right	Hüseyin.Bürge	Bürge, Hüseyin	M	1955	
ParlaMint-TR-en_2016-05-20-tbmm-T26	tbmm-2016-05-20sit01spe0138par0554	The Turkish parliamentary corpus ParlaMint-TR-en, Term 26, Year 1, Session 91	2016-05-20	Unicameralism	26	1	91	-	-	Reference	English	Regular	MP	notMinister	AKP	Justice and Development Party	Coalition	Right	HasanBasri.Kurt	Kurt, Hasan Basri	M	1978	
ParlaMint-TR-en_2016-05-20-tbmm-T26	tbmm-2016-05-20sit01spe0139par0555	The Turkish parliamentary corpus ParlaMint-TR-en, Term 26, Year 1, Session 91	2016-05-20	Unicameralism	26	1	91	-	-	Reference	English	Regular	MP	notMinister	AKP	Justice and Development Party	Coalition	Right	OsmanAşkın.Bak	Bak, Osman Aşkın	M	1966	
ParlaMint-TR-en_2016-05-20-tbmm-T26	tbmm-2016-05-20sit01spe0140par0556	The Turkish parliamentary corpus ParlaMint-TR-en, Term 26, Year 1, Session 91	2016-05-20	Unicameralism	26	1	91	-	-	Reference	English	Regular	MP	notMinister	CHP	Republican People's Party	Opposition	Centre-left	Tufan.Köse	Köse, Tufan	M	1967	
ParlaMint-TR-en_2016-05-20-tbmm-T26	tbmm-2016-05-20sit01spe0141par0557	The Turkish parliamentary corpus ParlaMint-TR-en, Term 26, Year 1, Session 91	2016-05-20	Unicameralism	26	1	91	-	-	Reference	English	Regular	MP	notMinister	AKP	Justice and Development Party	Coalition	Right	Ravza.Kavakcı	Kavakcı Kan, Ravza	F	1972	
ParlaMint-TR-en_2016-05-20-tbmm-T26	tbmm-2016-05-20sit01spe0140par0558	The Turkish parliamentary corpus ParlaMint-TR-en, Term 26, Year 1, Session 91	2016-05-20	Unicameralism	26	1	91	-	-	Reference	English	Regular	MP	notMinister	CHP	Republican People's Party	Opposition	Centre-left	Tufan.Köse	Köse, Tufan	M	1967	
ParlaMint-TR-en_2016-05-20-tbmm-T26	tbmm-2016-05-20sit01spe0142par0559	The Turkish parliamentary corpus ParlaMint-TR-en, Term 26, Year 1, Session 91	2016-05-20	Unicameralism	26	1	91	-	-	Reference	English	Regular	MP	notMinister	AKP	Justice and Development Party	Coalition	Right	HasanBasri.Kurt	Kurt, Hasan Basri	M	1978	
ParlaMint-TR-en_2016-05-20-tbmm-T26	tbmm-2016-05-20sit01spe0141par0560	The Turkish parliamentary corpus ParlaMint-TR-en, Term 26, Year 1, Session 91	2016-05-20	Unicameralism	26	1	91	-	-	Reference	English	Regular	MP	notMinister	AKP	Justice and Development Party	Coalition	Right	Ravza.Kavakcı	Kavakcı Kan, Ravza	F	1972	
ParlaMint-TR-en_2016-05-20-tbmm-T26	tbmm-2016-05-20sit01spe0140par0561	The Turkish parliamentary corpus ParlaMint-TR-en, Term 26, Year 1, Session 91	2016-05-20	Unicameralism	26	1	91	-	-	Reference	English	Regular	MP	notMinister	CHP	Republican People's Party	Opposition	Centre-left	Tufan.Köse	Köse, Tufan	M	1967	
ParlaMint-TR-en_2016-05-20-tbmm-T26	tbmm-2016-05-20sit01spe0143par0562	The Turkish parliamentary corpus ParlaMint-TR-en, Term 26, Year 1, Session 91	2016-05-20	Unicameralism	26	1	91	-	-	Reference	English	Chairperson	MP	notMinister	AKP	Justice and Development Party	Coalition	Right	İsmail.Kahraman	Kahraman, İsmail	M	1940	
ParlaMint-TR-en_2016-05-20-tbmm-T26	tbmm-2016-05-20sit01spe0141par0563	The Turkish parliamentary corpus ParlaMint-TR-en, Term 26, Year 1, Session 91	2016-05-20	Unicameralism	26	1	91	-	-	Reference	English	Regular	MP	notMinister	AKP	Justice and Development Party	Coalition	Right	Ravza.Kavakcı	Kavakcı Kan, Ravza	F	1972	
ParlaMint-TR-en_2016-05-20-tbmm-T26	tbmm-2016-05-20sit01spe0144par0564	The Turkish parliamentary corpus ParlaMint-TR-en, Term 26, Year 1, Session 91	2016-05-20	Unicameralism	26	1	91	-	-	Reference	English	Regular	MP	notMinister	AKP	Justice and Development Party	Coalition	Right	Hüseyin.Bürge	Bürge, Hüseyin	M	1955	
ParlaMint-TR-en_2016-05-20-tbmm-T26	tbmm-2016-05-20sit01spe0145par0565	The Turkish parliamentary corpus ParlaMint-TR-en, Term 26, Year 1, Session 91	2016-05-20	Unicameralism	26	1	91	-	-	Reference	English	Regular	MP	notMinister	CHP	Republican People's Party	Opposition	Centre-left	Tufan.Köse	Köse, Tufan	M	1967	
ParlaMint-TR-en_2016-05-20-tbmm-T26	tbmm-2016-05-20sit01spe0146par0569	The Turkish parliamentary corpus ParlaMint-TR-en, Term 26, Year 1, Session 91	2016-05-20	Unicameralism	26	1	91	-	-	Reference	English	Regular	MP	notMinister	AKP	Justice and Development Party	Coalition	Right	Bennur.Karaburun	Karaburun, Bennur	F	1973	
ParlaMint-TR-en_2016-05-20-tbmm-T26	tbmm-2016-05-20sit01spe0147par0570	The Turkish parliamentary corpus ParlaMint-TR-en, Term 26, Year 1, Session 91	2016-05-20	Unicameralism	26	1	91	-	-	Reference	English	Regular	MP	notMinister	AKP	Justice and Development Party	Coalition	Right	Hüseyin.Bürge	Bürge, Hüseyin	M	1955	
ParlaMint-TR-en_2016-05-20-tbmm-T26	tbmm-2016-05-20sit01spe0148par0571	The Turkish parliamentary corpus ParlaMint-TR-en, Term 26, Year 1, Session 91	2016-05-20	Unicameralism	26	1	91	-	-	Reference	English	Regular	MP	notMinister	AKP	Justice and Development Party	Coalition	Right	OsmanAşkın.Bak	Bak, Osman Aşkın	M	1966	
ParlaMint-TR-en_2016-05-20-tbmm-T26	tbmm-2016-05-20sit01spe0149par0575	The Turkish parliamentary corpus ParlaMint-TR-en, Term 26, Year 1, Session 91	2016-05-20	Unicameralism	26	1	91	-	-	Reference	English	Chairperson	MP	notMinister	AKP	Justice and Development Party	Coalition	Right	İsmail.Kahraman	Kahraman, İsmail	M	1940	
ParlaMint-TR-en_2016-05-20-tbmm-T26	tbmm-2016-05-20sit01spe0150par0583	The Turkish parliamentary corpus ParlaMint-TR-en, Term 26, Year 1, Session 91	2016-05-20	Unicameralism	26	1	91	-	-	Reference	English	Regular	MP	notMinister	AKP	Justice and Development Party	Coalition	Right	Mustafa.Şentop	Şentop, Mustafa	M	1968	
ParlaMint-TR-en_2016-05-20-tbmm-T26	tbmm-2016-05-20sit01spe0149par0584	The Turkish parliamentary corpus ParlaMint-TR-en, Term 26, Year 1, Session 91	2016-05-20	Unicameralism	26	1	91	-	-	Reference	English	Chairperson	MP	notMinister	AKP	Justice and Development Party	Coalition	Right	İsmail.Kahraman	Kahraman, İsmail	M	1940	
ParlaMint-TR-en_2016-05-20-tbmm-T26	tbmm-2016-05-20sit01spe0151par0585	The Turkish parliamentary corpus ParlaMint-TR-en, Term 26, Year 1, Session 91	2016-05-20	Unicameralism	26	1	91	-	-	Reference	English	Regular	MP	Minister	AKP	Justice and Development Party	Coalition	Right	Bekir.Bozdağ	Bozdağ, Bekir	M	1965	
ParlaMint-TR-en_2016-05-20-tbmm-T26	tbmm-2016-05-20sit01spe0149par0586	The Turkish parliamentary corpus ParlaMint-TR-en, Term 26, Year 1, Session 91	2016-05-20	Unicameralism	26	1	91	-	-	Reference	English	Chairperson	MP	notMinister	AKP	Justice and Development Party	Coalition	Right	İsmail.Kahraman	Kahraman, İsmail	M	1940	
ParlaMint-TR-en_2016-05-20-tbmm-T26	tbmm-2016-05-20sit01spe0152par0589	The Turkish parliamentary corpus ParlaMint-TR-en, Term 26, Year 1, Session 91	2016-05-20	Unicameralism	26	1	91	-	-	Reference	English	Regular	MP	notMinister	MHP	Nationalist Movement Party	Opposition	Right to far-right	Mehmet.Parsak	Parsak, Mehmet	M	1979	
ParlaMint-TR-en_2016-05-20-tbmm-T26	tbmm-2016-05-20sit01spe0153par0598	The Turkish parliamentary corpus ParlaMint-TR-en, Term 26, Year 1, Session 91	2016-05-20	Unicameralism	26	1	91	-	-	Reference	English	Chairperson	MP	notMinister	AKP	Justice and Development Party	Coalition	Right	İsmail.Kahraman	Kahraman, İsmail	M	1940	
ParlaMint-TR-en_2016-05-20-tbmm-T26	tbmm-2016-05-20sit01spe0154par0600	The Turkish parliamentary corpus ParlaMint-TR-en, Term 26, Year 1, Session 91	2016-05-20	Unicameralism	26	1	91	-	-	Reference	English	Regular	MP	notMinister	MHP	Nationalist Movement Party	Opposition	Right to far-right	Muharrem.Varlı	Varlı, Muharrem	M	1969	
ParlaMint-TR-en_2016-05-20-tbmm-T26	tbmm-2016-05-20sit01spe0153par0601	The Turkish parliamentary corpus ParlaMint-TR-en, Term 26, Year 1, Session 91	2016-05-20	Unicameralism	26	1	91	-	-	Reference	English	Chairperson	MP	notMinister	AKP	Justice and Development Party	Coalition	Right	İsmail.Kahraman	Kahraman, İsmail	M	1940	
ParlaMint-TR-en_2016-05-20-tbmm-T26	tbmm-2016-05-20sit01spe0155par0603	The Turkish parliamentary corpus ParlaMint-TR-en, Term 26, Year 1, Session 91	2016-05-20	Unicameralism	26	1	91	-	-	Reference	English	Regular	MP	notMinister	MHP	Nationalist Movement Party	Opposition	Right to far-right	Baki.Şimşek	Şimşek, Baki	M	1969	
ParlaMint-TR-en_2016-05-20-tbmm-T26	tbmm-2016-05-20sit01spe0153par0604	The Turkish parliamentary corpus ParlaMint-TR-en, Term 26, Year 1, Session 91	2016-05-20	Unicameralism	26	1	91	-	-	Reference	English	Chairperson	MP	notMinister	AKP	Justice and Development Party	Coalition	Right	İsmail.Kahraman	Kahraman, İsmail	M	1940	
ParlaMint-TR-en_2016-05-20-tbmm-T26	tbmm-2016-05-20sit01spe0156par0609	The Turkish parliamentary corpus ParlaMint-TR-en, Term 26, Year 1, Session 91	2016-05-20	Unicameralism	26	1	91	-	-	Reference	English	Regular	MP	notMinister	AKP	Justice and Development Party	Coalition	Right	Ramazan.Can	Can, Ramazan	M	1970	
ParlaMint-TR-en_2016-05-20-tbmm-T26	tbmm-2016-05-20sit01spe0153par0610	The Turkish parliamentary corpus ParlaMint-TR-en, Term 26, Year 1, Session 91	2016-05-20	Unicameralism	26	1	91	-	-	Reference	English	Chairperson	MP	notMinister	AKP	Justice and Development Party	Coalition	Right	İsmail.Kahraman	Kahraman, İsmail	M	1940	
ParlaMint-TR-en_2016-05-20-tbmm-T26	tbmm-2016-05-20sit01spe0157par0616	The Turkish parliamentary corpus ParlaMint-TR-en, Term 26, Year 1, Session 91	2016-05-20	Unicameralism	26	1	91	-	-	Reference	English	Regular	MP	notMinister	AKP	Justice and Development Party	Coalition	Right	Ramazan.Can	Can, Ramazan	M	1970	
ParlaMint-TR-en_2016-05-20-tbmm-T26	tbmm-2016-05-20sit01spe0153par0617	The Turkish parliamentary corpus ParlaMint-TR-en, Term 26, Year 1, Session 91	2016-05-20	Unicameralism	26	1	91	-	-	Reference	English	Chairperson	MP	notMinister	AKP	Justice and Development Party	Coalition	Right	İsmail.Kahraman	Kahraman, İsmail	M	1940	
ParlaMint-TR-en_2016-05-20-tbmm-T26	tbmm-2016-05-20sit01spe0158par0623	The Turkish parliamentary corpus ParlaMint-TR-en, Term 26, Year 1, Session 91	2016-05-20	Unicameralism	26	1	91	-	-	Reference	English	Regular	MP	notMinister	AKP	Justice and Development Party	Coalition	Right	Ramazan.Can	Can, Ramazan	M	1970	
ParlaMint-TR-en_2016-05-20-tbmm-T26	tbmm-2016-05-20sit01spe0153par0624	The Turkish parliamentary corpus ParlaMint-TR-en, Term 26, Year 1, Session 91	2016-05-20	Unicameralism	26	1	91	-	-	Reference	English	Chairperson	MP	notMinister	AKP	Justice and Development Party	Coalition	Right	İsmail.Kahraman	Kahraman, İsmail	M	1940	
ParlaMint-TR-en_2016-05-20-tbmm-T26	tbmm-2016-05-20sit01spe0159par0627	The Turkish parliamentary corpus ParlaMint-TR-en, Term 26, Year 1, Session 91	2016-05-20	Unicameralism	26	1	91	-	-	Reference	English	Regular	MP	notMinister	HDP	Peoples' Democratic Party	Opposition	Centre-left to left	İdris.Baluken	Baluken, İdris	M	1976	
ParlaMint-TR-en_2016-05-20-tbmm-T26	tbmm-2016-05-20sit01spe0153par0628	The Turkish parliamentary corpus ParlaMint-TR-en, Term 26, Year 1, Session 91	2016-05-20	Unicameralism	26	1	91	-	-	Reference	English	Chairperson	MP	notMinister	AKP	Justice and Development Party	Coalition	Right	İsmail.Kahraman	Kahraman, İsmail	M	1940	
ParlaMint-TR-en_2016-05-20-tbmm-T26	tbmm-2016-05-20sit01spe0159par0629	The Turkish parliamentary corpus ParlaMint-TR-en, Term 26, Year 1, Session 91	2016-05-20	Unicameralism	26	1	91	-	-	Reference	English	Regular	MP	notMinister	HDP	Peoples' Democratic Party	Opposition	Centre-left to left	İdris.Baluken	Baluken, İdris	M	1976	
ParlaMint-TR-en_2016-05-20-tbmm-T26	tbmm-2016-05-20sit01spe0153par0630	The Turkish parliamentary corpus ParlaMint-TR-en, Term 26, Year 1, Session 91	2016-05-20	Unicameralism	26	1	91	-	-	Reference	English	Chairperson	MP	notMinister	AKP	Justice and Development Party	Coalition	Right	İsmail.Kahraman	Kahraman, İsmail	M	1940	
ParlaMint-TR-en_2016-05-20-tbmm-T26	tbmm-2016-05-20sit01spe0159par0633	The Turkish parliamentary corpus ParlaMint-TR-en, Term 26, Year 1, Session 91	2016-05-20	Unicameralism	26	1	91	-	-	Reference	English	Regular	MP	notMinister	HDP	Peoples' Democratic Party	Opposition	Centre-left to left	İdris.Baluken	Baluken, İdris	M	1976	
ParlaMint-TR-en_2016-05-20-tbmm-T26	tbmm-2016-05-20sit01spe0160par0638	The Turkish parliamentary corpus ParlaMint-TR-en, Term 26, Year 1, Session 91	2016-05-20	Unicameralism	26	1	91	-	-	Reference	English	Chairperson	MP	notMinister	AKP	Justice and Development Party	Coalition	Right	İsmail.Kahraman	Kahraman, İsmail	M	1940	
ParlaMint-TR-en_2016-05-20-tbmm-T26	tbmm-2016-05-20sit01spe0161par0639	The Turkish parliamentary corpus ParlaMint-TR-en, Term 26, Year 1, Session 91	2016-05-20	Unicameralism	26	1	91	-	-	Reference	English	Regular	MP	notMinister	HDP	Peoples' Democratic Party	Opposition	Centre-left to left	Ahmet.Yıldırım	Yıldırım, Ahmet	M	1972	
ParlaMint-TR-en_2016-05-20-tbmm-T26	tbmm-2016-05-20sit01spe0160par0640	The Turkish parliamentary corpus ParlaMint-TR-en, Term 26, Year 1, Session 91	2016-05-20	Unicameralism	26	1	91	-	-	Reference	English	Chairperson	MP	notMinister	AKP	Justice and Development Party	Coalition	Right	İsmail.Kahraman	Kahraman, İsmail	M	1940	
ParlaMint-TR-en_2016-05-20-tbmm-T26	tbmm-2016-05-20sit01spe0162par0646	The Turkish parliamentary corpus ParlaMint-TR-en, Term 26, Year 1, Session 91	2016-05-20	Unicameralism	26	1	91	-	-	Reference	English	Regular	MP	notMinister	HDP	Peoples' Democratic Party	Opposition	Centre-left to left	İdris.Baluken	Baluken, İdris	M	1976	
ParlaMint-TR-en_2016-05-20-tbmm-T26	tbmm-2016-05-20sit01spe0160par0647	The Turkish parliamentary corpus ParlaMint-TR-en, Term 26, Year 1, Session 91	2016-05-20	Unicameralism	26	1	91	-	-	Reference	English	Chairperson	MP	notMinister	AKP	Justice and Development Party	Coalition	Right	İsmail.Kahraman	Kahraman, İsmail	M	1940	
ParlaMint-TR-en_2016-05-20-tbmm-T26	tbmm-2016-05-20sit01spe0162par0648	The Turkish parliamentary corpus ParlaMint-TR-en, Term 26, Year 1, Session 91	2016-05-20	Unicameralism	26	1	91	-	-	Reference	English	Regular	MP	notMinister	HDP	Peoples' Democratic Party	Opposition	Centre-left to left	İdris.Baluken	Baluken, İdris	M	1976	
ParlaMint-TR-en_2016-05-20-tbmm-T26	tbmm-2016-05-20sit01spe0163par0649	The Turkish parliamentary corpus ParlaMint-TR-en, Term 26, Year 1, Session 91	2016-05-20	Unicameralism	26	1	91	-	-	Reference	English	Regular	MP	notMinister	HDP	Peoples' Democratic Party	Opposition	Centre-left to left	Mahmut.Toğrul	Toğrul, Mahmut	M	1967	
ParlaMint-TR-en_2016-05-20-tbmm-T26	tbmm-2016-05-20sit01spe0160par0650	The Turkish parliamentary corpus ParlaMint-TR-en, Term 26, Year 1, Session 91	2016-05-20	Unicameralism	26	1	91	-	-	Reference	English	Chairperson	MP	notMinister	AKP	Justice and Development Party	Coalition	Right	İsmail.Kahraman	Kahraman, İsmail	M	1940	
ParlaMint-TR-en_2016-05-20-tbmm-T26	tbmm-2016-05-20sit01spe0162par0652	The Turkish parliamentary corpus ParlaMint-TR-en, Term 26, Year 1, Session 91	2016-05-20	Unicameralism	26	1	91	-	-	Reference	English	Regular	MP	notMinister	HDP	Peoples' Democratic Party	Opposition	Centre-left to left	İdris.Baluken	Baluken, İdris	M	1976	
ParlaMint-TR-en_2016-05-20-tbmm-T26	tbmm-2016-05-20sit01spe0160par0653	The Turkish parliamentary corpus ParlaMint-TR-en, Term 26, Year 1, Session 91	2016-05-20	Unicameralism	26	1	91	-	-	Reference	English	Chairperson	MP	notMinister	AKP	Justice and Development Party	Coalition	Right	İsmail.Kahraman	Kahraman, İsmail	M	1940	
ParlaMint-TR-en_2016-05-20-tbmm-T26	tbmm-2016-05-20sit01spe0162par0655	The Turkish parliamentary corpus ParlaMint-TR-en, Term 26, Year 1, Session 91	2016-05-20	Unicameralism	26	1	91	-	-	Reference	English	Regular	MP	notMinister	HDP	Peoples' Democratic Party	Opposition	Centre-left to left	İdris.Baluken	Baluken, İdris	M	1976	
ParlaMint-TR-en_2016-05-20-tbmm-T26	tbmm-2016-05-20sit01spe0160par0657	The Turkish parliamentary corpus ParlaMint-TR-en, Term 26, Year 1, Session 91	2016-05-20	Unicameralism	26	1	91	-	-	Reference	English	Chairperson	MP	notMinister	AKP	Justice and Development Party	Coalition	Right	İsmail.Kahraman	Kahraman, İsmail	M	1940	
ParlaMint-TR-en_2016-05-20-tbmm-T26	tbmm-2016-05-20sit01spe0162par0659	The Turkish parliamentary corpus ParlaMint-TR-en, Term 26, Year 1, Session 91	2016-05-20	Unicameralism	26	1	91	-	-	Reference	English	Regular	MP	notMinister	HDP	Peoples' Democratic Party	Opposition	Centre-left to left	İdris.Baluken	Baluken, İdris	M	1976	
ParlaMint-TR-en_2016-05-20-tbmm-T26	tbmm-2016-05-20sit01spe0160par0660	The Turkish parliamentary corpus ParlaMint-TR-en, Term 26, Year 1, Session 91	2016-05-20	Unicameralism	26	1	91	-	-	Reference	English	Chairperson	MP	notMinister	AKP	Justice and Development Party	Coalition	Right	İsmail.Kahraman	Kahraman, İsmail	M	1940	
ParlaMint-TR-en_2016-05-20-tbmm-T26	tbmm-2016-05-20sit01spe0162par0662	The Turkish parliamentary corpus ParlaMint-TR-en, Term 26, Year 1, Session 91	2016-05-20	Unicameralism	26	1	91	-	-	Reference	English	Regular	MP	notMinister	HDP	Peoples' Democratic Party	Opposition	Centre-left to left	İdris.Baluken	Baluken, İdris	M	1976	
ParlaMint-TR-en_2016-05-20-tbmm-T26	tbmm-2016-05-20sit01spe0160par0663	The Turkish parliamentary corpus ParlaMint-TR-en, Term 26, Year 1, Session 91	2016-05-20	Unicameralism	26	1	91	-	-	Reference	English	Chairperson	MP	notMinister	AKP	Justice and Development Party	Coalition	Right	İsmail.Kahraman	Kahraman, İsmail	M	1940	
ParlaMint-TR-en_2016-05-20-tbmm-T26	tbmm-2016-05-20sit01spe0162par0664	The Turkish parliamentary corpus ParlaMint-TR-en, Term 26, Year 1, Session 91	2016-05-20	Unicameralism	26	1	91	-	-	Reference	English	Regular	MP	notMinister	HDP	Peoples' Democratic Party	Opposition	Centre-left to left	İdris.Baluken	Baluken, İdris	M	1976	
ParlaMint-TR-en_2016-05-20-tbmm-T26	tbmm-2016-05-20sit01spe0160par0665	The Turkish parliamentary corpus ParlaMint-TR-en, Term 26, Year 1, Session 91	2016-05-20	Unicameralism	26	1	91	-	-	Reference	English	Chairperson	MP	notMinister	AKP	Justice and Development Party	Coalition	Right	İsmail.Kahraman	Kahraman, İsmail	M	1940	
ParlaMint-TR-en_2016-05-20-tbmm-T26	tbmm-2016-05-20sit01spe0162par0666	The Turkish parliamentary corpus ParlaMint-TR-en, Term 26, Year 1, Session 91	2016-05-20	Unicameralism	26	1	91	-	-	Reference	English	Regular	MP	notMinister	HDP	Peoples' Democratic Party	Opposition	Centre-left to left	İdris.Baluken	Baluken, İdris	M	1976	
ParlaMint-TR-en_2016-05-20-tbmm-T26	tbmm-2016-05-20sit01spe0160par0667	The Turkish parliamentary corpus ParlaMint-TR-en, Term 26, Year 1, Session 91	2016-05-20	Unicameralism	26	1	91	-	-	Reference	English	Chairperson	MP	notMinister	AKP	Justice and Development Party	Coalition	Right	İsmail.Kahraman	Kahraman, İsmail	M	1940	
ParlaMint-TR-en_2016-05-20-tbmm-T26	tbmm-2016-05-20sit01spe0164par0668	The Turkish parliamentary corpus ParlaMint-TR-en, Term 26, Year 1, Session 91	2016-05-20	Unicameralism	26	1	91	-	-	Reference	English	Regular	MP	notMinister	HDP	Peoples' Democratic Party	Opposition	Centre-left to left	Mahmut.Toğrul	Toğrul, Mahmut	M	1967	
ParlaMint-TR-en_2016-05-20-tbmm-T26	tbmm-2016-05-20sit01spe0160par0669	The Turkish parliamentary corpus ParlaMint-TR-en, Term 26, Year 1, Session 91	2016-05-20	Unicameralism	26	1	91	-	-	Reference	English	Chairperson	MP	notMinister	AKP	Justice and Development Party	Coalition	Right	İsmail.Kahraman	Kahraman, İsmail	M	1940	
ParlaMint-TR-en_2016-05-20-tbmm-T26	tbmm-2016-05-20sit01spe0164par0675	The Turkish parliamentary corpus ParlaMint-TR-en, Term 26, Year 1, Session 91	2016-05-20	Unicameralism	26	1	91	-	-	Reference	English	Regular	MP	notMinister	HDP	Peoples' Democratic Party	Opposition	Centre-left to left	Mahmut.Toğrul	Toğrul, Mahmut	M	1967	
ParlaMint-TR-en_2016-05-20-tbmm-T26	tbmm-2016-05-20sit01spe0165par0676	The Turkish parliamentary corpus ParlaMint-TR-en, Term 26, Year 1, Session 91	2016-05-20	Unicameralism	26	1	91	-	-	Reference	English	Regular	MP	notMinister	HDP	Peoples' Democratic Party	Opposition	Centre-left to left	İdris.Baluken	Baluken, İdris	M	1976	
ParlaMint-TR-en_2016-05-20-tbmm-T26	tbmm-2016-05-20sit01spe0164par0677	The Turkish parliamentary corpus ParlaMint-TR-en, Term 26, Year 1, Session 91	2016-05-20	Unicameralism	26	1	91	-	-	Reference	English	Regular	MP	notMinister	HDP	Peoples' Democratic Party	Opposition	Centre-left to left	Mahmut.Toğrul	Toğrul, Mahmut	M	1967	
ParlaMint-TR-en_2016-05-20-tbmm-T26	tbmm-2016-05-20sit01spe0166par0678	The Turkish parliamentary corpus ParlaMint-TR-en, Term 26, Year 1, Session 91	2016-05-20	Unicameralism	26	1	91	-	-	Reference	English	Regular	MP	notMinister	HDP	Peoples' Democratic Party	Opposition	Centre-left to left	Garo.Paylan	Paylan, Garo	M	1972	
ParlaMint-TR-en_2016-05-20-tbmm-T26	tbmm-2016-05-20sit01spe0164par0679	The Turkish parliamentary corpus ParlaMint-TR-en, Term 26, Year 1, Session 91	2016-05-20	Unicameralism	26	1	91	-	-	Reference	English	Regular	MP	notMinister	HDP	Peoples' Democratic Party	Opposition	Centre-left to left	Mahmut.Toğrul	Toğrul, Mahmut	M	1967	
ParlaMint-TR-en_2016-05-20-tbmm-T26	tbmm-2016-05-20sit01spe0167par0680	The Turkish parliamentary corpus ParlaMint-TR-en, Term 26, Year 1, Session 91	2016-05-20	Unicameralism	26	1	91	-	-	Reference	English	Regular	MP	notMinister	AKP	Justice and Development Party	Coalition	Right	İlknur.İnceöz	İnceöz, İlknur	F	1973	
ParlaMint-TR-en_2016-05-20-tbmm-T26	tbmm-2016-05-20sit01spe0168par0681	The Turkish parliamentary corpus ParlaMint-TR-en, Term 26, Year 1, Session 91	2016-05-20	Unicameralism	26	1	91	-	-	Reference	English	Regular	MP	notMinister	HDP	Peoples' Democratic Party	Opposition	Centre-left to left	İdris.Baluken	Baluken, İdris	M	1976	
ParlaMint-TR-en_2016-05-20-tbmm-T26	tbmm-2016-05-20sit01spe0169par0682	The Turkish parliamentary corpus ParlaMint-TR-en, Term 26, Year 1, Session 91	2016-05-20	Unicameralism	26	1	91	-	-	Reference	English	Regular	MP	notMinister	AKP	Justice and Development Party	Coalition	Right	Said.Yüce	Yüce, Said	M	1963	
ParlaMint-TR-en_2016-05-20-tbmm-T26	tbmm-2016-05-20sit01spe0168par0683	The Turkish parliamentary corpus ParlaMint-TR-en, Term 26, Year 1, Session 91	2016-05-20	Unicameralism	26	1	91	-	-	Reference	English	Regular	MP	notMinister	HDP	Peoples' Democratic Party	Opposition	Centre-left to left	İdris.Baluken	Baluken, İdris	M	1976	
ParlaMint-TR-en_2016-05-20-tbmm-T26	tbmm-2016-05-20sit01spe0170par0684	The Turkish parliamentary corpus ParlaMint-TR-en, Term 26, Year 1, Session 91	2016-05-20	Unicameralism	26	1	91	-	-	Reference	English	Regular	MP	notMinister	AKP	Justice and Development Party	Coalition	Right	İlknur.İnceöz	İnceöz, İlknur	F	1973	
ParlaMint-TR-en_2016-05-20-tbmm-T26	tbmm-2016-05-20sit01spe0171par0685	The Turkish parliamentary corpus ParlaMint-TR-en, Term 26, Year 1, Session 91	2016-05-20	Unicameralism	26	1	91	-	-	Reference	English	Regular	MP	notMinister	HDP	Peoples' Democratic Party	Opposition	Centre-left to left	Mahmut.Toğrul	Toğrul, Mahmut	M	1967	
ParlaMint-TR-en_2016-05-20-tbmm-T26	tbmm-2016-05-20sit01spe0170par0686	The Turkish parliamentary corpus ParlaMint-TR-en, Term 26, Year 1, Session 91	2016-05-20	Unicameralism	26	1	91	-	-	Reference	English	Regular	MP	notMinister	AKP	Justice and Development Party	Coalition	Right	İlknur.İnceöz	İnceöz, İlknur	F	1973	
ParlaMint-TR-en_2016-05-20-tbmm-T26	tbmm-2016-05-20sit01spe0172par0687	The Turkish parliamentary corpus ParlaMint-TR-en, Term 26, Year 1, Session 91	2016-05-20	Unicameralism	26	1	91	-	-	Reference	English	Regular	MP	notMinister	HDP	Peoples' Democratic Party	Opposition	Centre-left to left	Ahmet.Yıldırım	Yıldırım, Ahmet	M	1972	
ParlaMint-TR-en_2016-05-20-tbmm-T26	tbmm-2016-05-20sit01spe0173par0689	The Turkish parliamentary corpus ParlaMint-TR-en, Term 26, Year 1, Session 91	2016-05-20	Unicameralism	26	1	91	-	-	Reference	English	Regular	MP	notMinister	AKP	Justice and Development Party	Coalition	Right	OsmanAşkın.Bak	Bak, Osman Aşkın	M	1966	
ParlaMint-TR-en_2016-05-20-tbmm-T26	tbmm-2016-05-20sit01spe0174par0690	The Turkish parliamentary corpus ParlaMint-TR-en, Term 26, Year 1, Session 91	2016-05-20	Unicameralism	26	1	91	-	-	Reference	English	Regular	MP	notMinister	HDP	Peoples' Democratic Party	Opposition	Centre-left to left	İdris.Baluken	Baluken, İdris	M	1976	
ParlaMint-TR-en_2016-05-20-tbmm-T26	tbmm-2016-05-20sit01spe0175par0691	The Turkish parliamentary corpus ParlaMint-TR-en, Term 26, Year 1, Session 91	2016-05-20	Unicameralism	26	1	91	-	-	Reference	English	Chairperson	MP	notMinister	AKP	Justice and Development Party	Coalition	Right	İsmail.Kahraman	Kahraman, İsmail	M	1940	
ParlaMint-TR-en_2016-05-20-tbmm-T26	tbmm-2016-05-20sit01spe0174par0692	The Turkish parliamentary corpus ParlaMint-TR-en, Term 26, Year 1, Session 91	2016-05-20	Unicameralism	26	1	91	-	-	Reference	English	Regular	MP	notMinister	HDP	Peoples' Democratic Party	Opposition	Centre-left to left	İdris.Baluken	Baluken, İdris	M	1976	
ParlaMint-TR-en_2016-05-20-tbmm-T26	tbmm-2016-05-20sit01spe0175par0693	The Turkish parliamentary corpus ParlaMint-TR-en, Term 26, Year 1, Session 91	2016-05-20	Unicameralism	26	1	91	-	-	Reference	English	Chairperson	MP	notMinister	AKP	Justice and Development Party	Coalition	Right	İsmail.Kahraman	Kahraman, İsmail	M	1940	
ParlaMint-TR-en_2016-05-20-tbmm-T26	tbmm-2016-05-20sit01spe0176par0694	The Turkish parliamentary corpus ParlaMint-TR-en, Term 26, Year 1, Session 91	2016-05-20	Unicameralism	26	1	91	-	-	Reference	English	Regular	MP	notMinister	AKP	Justice and Development Party	Coalition	Right	Metin.Külünk	Külünk, Metin	M	1960	
ParlaMint-TR-en_2016-05-20-tbmm-T26	tbmm-2016-05-20sit01spe0174par0695	The Turkish parliamentary corpus ParlaMint-TR-en, Term 26, Year 1, Session 91	2016-05-20	Unicameralism	26	1	91	-	-	Reference	English	Regular	MP	notMinister	HDP	Peoples' Democratic Party	Opposition	Centre-left to left	İdris.Baluken	Baluken, İdris	M	1976	
ParlaMint-TR-en_2016-05-20-tbmm-T26	tbmm-2016-05-20sit01spe0175par0696	The Turkish parliamentary corpus ParlaMint-TR-en, Term 26, Year 1, Session 91	2016-05-20	Unicameralism	26	1	91	-	-	Reference	English	Chairperson	MP	notMinister	AKP	Justice and Development Party	Coalition	Right	İsmail.Kahraman	Kahraman, İsmail	M	1940	
ParlaMint-TR-en_2016-05-20-tbmm-T26	tbmm-2016-05-20sit01spe0174par0697	The Turkish parliamentary corpus ParlaMint-TR-en, Term 26, Year 1, Session 91	2016-05-20	Unicameralism	26	1	91	-	-	Reference	English	Regular	MP	notMinister	HDP	Peoples' Democratic Party	Opposition	Centre-left to left	İdris.Baluken	Baluken, İdris	M	1976	
ParlaMint-TR-en_2016-05-20-tbmm-T26	tbmm-2016-05-20sit01spe0175par0698	The Turkish parliamentary corpus ParlaMint-TR-en, Term 26, Year 1, Session 91	2016-05-20	Unicameralism	26	1	91	-	-	Reference	English	Chairperson	MP	notMinister	AKP	Justice and Development Party	Coalition	Right	İsmail.Kahraman	Kahraman, İsmail	M	1940	
ParlaMint-TR-en_2016-05-20-tbmm-T26	tbmm-2016-05-20sit01spe0174par0699	The Turkish parliamentary corpus ParlaMint-TR-en, Term 26, Year 1, Session 91	2016-05-20	Unicameralism	26	1	91	-	-	Reference	English	Regular	MP	notMinister	HDP	Peoples' Democratic Party	Opposition	Centre-left to left	İdris.Baluken	Baluken, İdris	M	1976	
ParlaMint-TR-en_2016-05-20-tbmm-T26	tbmm-2016-05-20sit01spe0175par0700	The Turkish parliamentary corpus ParlaMint-TR-en, Term 26, Year 1, Session 91	2016-05-20	Unicameralism	26	1	91	-	-	Reference	English	Chairperson	MP	notMinister	AKP	Justice and Development Party	Coalition	Right	İsmail.Kahraman	Kahraman, İsmail	M	1940	
ParlaMint-TR-en_2016-05-20-tbmm-T26	tbmm-2016-05-20sit01spe0174par0703	The Turkish parliamentary corpus ParlaMint-TR-en, Term 26, Year 1, Session 91	2016-05-20	Unicameralism	26	1	91	-	-	Reference	English	Regular	MP	notMinister	HDP	Peoples' Democratic Party	Opposition	Centre-left to left	İdris.Baluken	Baluken, İdris	M	1976	
ParlaMint-TR-en_2016-05-20-tbmm-T26	tbmm-2016-05-20sit01spe0175par0704	The Turkish parliamentary corpus ParlaMint-TR-en, Term 26, Year 1, Session 91	2016-05-20	Unicameralism	26	1	91	-	-	Reference	English	Chairperson	MP	notMinister	AKP	Justice and Development Party	Coalition	Right	İsmail.Kahraman	Kahraman, İsmail	M	1940	
ParlaMint-TR-en_2016-05-20-tbmm-T26	tbmm-2016-05-20sit01spe0174par0705	The Turkish parliamentary corpus ParlaMint-TR-en, Term 26, Year 1, Session 91	2016-05-20	Unicameralism	26	1	91	-	-	Reference	English	Regular	MP	notMinister	HDP	Peoples' Democratic Party	Opposition	Centre-left to left	İdris.Baluken	Baluken, İdris	M	1976	
ParlaMint-TR-en_2016-05-20-tbmm-T26	tbmm-2016-05-20sit01spe0175par0706	The Turkish parliamentary corpus ParlaMint-TR-en, Term 26, Year 1, Session 91	2016-05-20	Unicameralism	26	1	91	-	-	Reference	English	Chairperson	MP	notMinister	AKP	Justice and Development Party	Coalition	Right	İsmail.Kahraman	Kahraman, İsmail	M	1940	
ParlaMint-TR-en_2016-05-20-tbmm-T26	tbmm-2016-05-20sit01spe0174par0707	The Turkish parliamentary corpus ParlaMint-TR-en, Term 26, Year 1, Session 91	2016-05-20	Unicameralism	26	1	91	-	-	Reference	English	Regular	MP	notMinister	HDP	Peoples' Democratic Party	Opposition	Centre-left to left	İdris.Baluken	Baluken, İdris	M	1976	
ParlaMint-TR-en_2016-05-20-tbmm-T26	tbmm-2016-05-20sit01spe0175par0708	The Turkish parliamentary corpus ParlaMint-TR-en, Term 26, Year 1, Session 91	2016-05-20	Unicameralism	26	1	91	-	-	Reference	English	Chairperson	MP	notMinister	AKP	Justice and Development Party	Coalition	Right	İsmail.Kahraman	Kahraman, İsmail	M	1940	
ParlaMint-TR-en_2016-05-20-tbmm-T26	tbmm-2016-05-20sit01spe0174par0709	The Turkish parliamentary corpus ParlaMint-TR-en, Term 26, Year 1, Session 91	2016-05-20	Unicameralism	26	1	91	-	-	Reference	English	Regular	MP	notMinister	HDP	Peoples' Democratic Party	Opposition	Centre-left to left	İdris.Baluken	Baluken, İdris	M	1976	
ParlaMint-TR-en_2016-05-20-tbmm-T26	tbmm-2016-05-20sit01spe0177par0710	The Turkish parliamentary corpus ParlaMint-TR-en, Term 26, Year 1, Session 91	2016-05-20	Unicameralism	26	1	91	-	-	Reference	English	Regular	MP	notMinister	HDP	Peoples' Democratic Party	Opposition	Centre-left to left	Mahmut.Toğrul	Toğrul, Mahmut	M	1967	
ParlaMint-TR-en_2016-05-20-tbmm-T26	tbmm-2016-05-20sit01spe0174par0711	The Turkish parliamentary corpus ParlaMint-TR-en, Term 26, Year 1, Session 91	2016-05-20	Unicameralism	26	1	91	-	-	Reference	English	Regular	MP	notMinister	HDP	Peoples' Democratic Party	Opposition	Centre-left to left	İdris.Baluken	Baluken, İdris	M	1976	
ParlaMint-TR-en_2016-05-20-tbmm-T26	tbmm-2016-05-20sit01spe0178par0713	The Turkish parliamentary corpus ParlaMint-TR-en, Term 26, Year 1, Session 91	2016-05-20	Unicameralism	26	1	91	-	-	Reference	English	Regular	MP	notMinister	HDP	Peoples' Democratic Party	Opposition	Centre-left to left	Sibel.Yiğitalp	Yiğitalp, Sibel	F	1971	
ParlaMint-TR-en_2016-05-20-tbmm-T26	tbmm-2016-05-20sit01spe0179par0714	The Turkish parliamentary corpus ParlaMint-TR-en, Term 26, Year 1, Session 91	2016-05-20	Unicameralism	26	1	91	-	-	Reference	English	Chairperson	MP	notMinister	AKP	Justice and Development Party	Coalition	Right	İsmail.Kahraman	Kahraman, İsmail	M	1940	
ParlaMint-TR-en_2016-05-20-tbmm-T26	tbmm-2016-05-20sit01spe0174par0715	The Turkish parliamentary corpus ParlaMint-TR-en, Term 26, Year 1, Session 91	2016-05-20	Unicameralism	26	1	91	-	-	Reference	English	Regular	MP	notMinister	HDP	Peoples' Democratic Party	Opposition	Centre-left to left	İdris.Baluken	Baluken, İdris	M	1976	
ParlaMint-TR-en_2016-05-20-tbmm-T26	tbmm-2016-05-20sit01spe0179par0717	The Turkish parliamentary corpus ParlaMint-TR-en, Term 26, Year 1, Session 91	2016-05-20	Unicameralism	26	1	91	-	-	Reference	English	Chairperson	MP	notMinister	AKP	Justice and Development Party	Coalition	Right	İsmail.Kahraman	Kahraman, İsmail	M	1940	
ParlaMint-TR-en_2016-05-20-tbmm-T26	tbmm-2016-05-20sit01spe0180par0719	The Turkish parliamentary corpus ParlaMint-TR-en, Term 26, Year 1, Session 91	2016-05-20	Unicameralism	26	1	91	-	-	Reference	English	Regular	MP	notMinister	HDP	Peoples' Democratic Party	Opposition	Centre-left to left	Mahmut.Toğrul	Toğrul, Mahmut	M	1967	
ParlaMint-TR-en_2016-05-20-tbmm-T26	tbmm-2016-05-20sit01spe0179par0720	The Turkish parliamentary corpus ParlaMint-TR-en, Term 26, Year 1, Session 91	2016-05-20	Unicameralism	26	1	91	-	-	Reference	English	Chairperson	MP	notMinister	AKP	Justice and Development Party	Coalition	Right	İsmail.Kahraman	Kahraman, İsmail	M	1940	
ParlaMint-TR-en_2016-05-20-tbmm-T26	tbmm-2016-05-20sit01spe0181par0722	The Turkish parliamentary corpus ParlaMint-TR-en, Term 26, Year 1, Session 91	2016-05-20	Unicameralism	26	1	91	-	-	Reference	English	Regular	MP	notMinister	HDP	Peoples' Democratic Party	Opposition	Centre-left to left	İdris.Baluken	Baluken, İdris	M	1976	
ParlaMint-TR-en_2016-05-20-tbmm-T26	tbmm-2016-05-20sit01spe0182par0723	The Turkish parliamentary corpus ParlaMint-TR-en, Term 26, Year 1, Session 91	2016-05-20	Unicameralism	26	1	91	-	-	Reference	English	Regular	MP	notMinister	HDP	Peoples' Democratic Party	Opposition	Centre-left to left	Mahmut.Toğrul	Toğrul, Mahmut	M	1967	
ParlaMint-TR-en_2016-05-20-tbmm-T26	tbmm-2016-05-20sit01spe0179par0724	The Turkish parliamentary corpus ParlaMint-TR-en, Term 26, Year 1, Session 91	2016-05-20	Unicameralism	26	1	91	-	-	Reference	English	Chairperson	MP	notMinister	AKP	Justice and Development Party	Coalition	Right	İsmail.Kahraman	Kahraman, İsmail	M	1940	
ParlaMint-TR-en_2016-05-20-tbmm-T26	tbmm-2016-05-20sit01spe0183par0726	The Turkish parliamentary corpus ParlaMint-TR-en, Term 26, Year 1, Session 91	2016-05-20	Unicameralism	26	1	91	-	-	Reference	English	Regular	MP	notMinister	HDP	Peoples' Democratic Party	Opposition	Centre-left to left	Çağlar.Demirel	Demirel, Çağlar	F	1969	
ParlaMint-TR-en_2016-05-20-tbmm-T26	tbmm-2016-05-20sit01spe0184par0727	The Turkish parliamentary corpus ParlaMint-TR-en, Term 26, Year 1, Session 91	2016-05-20	Unicameralism	26	1	91	-	-	Reference	English	Regular	MP	notMinister	HDP	Peoples' Democratic Party	Opposition	Centre-left to left	Mahmut.Toğrul	Toğrul, Mahmut	M	1967	
ParlaMint-TR-en_2016-05-20-tbmm-T26	tbmm-2016-05-20sit01spe0185par0728	The Turkish parliamentary corpus ParlaMint-TR-en, Term 26, Year 1, Session 91	2016-05-20	Unicameralism	26	1	91	-	-	Reference	English	Regular	MP	notMinister	HDP	Peoples' Democratic Party	Opposition	Centre-left to left	Sibel.Yiğitalp	Yiğitalp, Sibel	F	1971	
ParlaMint-TR-en_2016-05-20-tbmm-T26	tbmm-2016-05-20sit01spe0183par0729	The Turkish parliamentary corpus ParlaMint-TR-en, Term 26, Year 1, Session 91	2016-05-20	Unicameralism	26	1	91	-	-	Reference	English	Regular	MP	notMinister	HDP	Peoples' Democratic Party	Opposition	Centre-left to left	Çağlar.Demirel	Demirel, Çağlar	F	1969	
ParlaMint-TR-en_2016-05-20-tbmm-T26	tbmm-2016-05-20sit01spe0184par0730	The Turkish parliamentary corpus ParlaMint-TR-en, Term 26, Year 1, Session 91	2016-05-20	Unicameralism	26	1	91	-	-	Reference	English	Regular	MP	notMinister	HDP	Peoples' Democratic Party	Opposition	Centre-left to left	Mahmut.Toğrul	Toğrul, Mahmut	M	1967	
ParlaMint-TR-en_2016-05-20-tbmm-T26	tbmm-2016-05-20sit01spe0185par0731	The Turkish parliamentary corpus ParlaMint-TR-en, Term 26, Year 1, Session 91	2016-05-20	Unicameralism	26	1	91	-	-	Reference	English	Regular	MP	notMinister	HDP	Peoples' Democratic Party	Opposition	Centre-left to left	Sibel.Yiğitalp	Yiğitalp, Sibel	F	1971	
ParlaMint-TR-en_2016-05-20-tbmm-T26	tbmm-2016-05-20sit01spe0186par0732	The Turkish parliamentary corpus ParlaMint-TR-en, Term 26, Year 1, Session 91	2016-05-20	Unicameralism	26	1	91	-	-	Reference	English	Regular	MP	notMinister	HDP	Peoples' Democratic Party	Opposition	Centre-left to left	İdris.Baluken	Baluken, İdris	M	1976	
ParlaMint-TR-en_2016-05-20-tbmm-T26	tbmm-2016-05-20sit01spe0184par0733	The Turkish parliamentary corpus ParlaMint-TR-en, Term 26, Year 1, Session 91	2016-05-20	Unicameralism	26	1	91	-	-	Reference	English	Regular	MP	notMinister	HDP	Peoples' Democratic Party	Opposition	Centre-left to left	Mahmut.Toğrul	Toğrul, Mahmut	M	1967	
ParlaMint-TR-en_2016-05-20-tbmm-T26	tbmm-2016-05-20sit01spe0187par0734	The Turkish parliamentary corpus ParlaMint-TR-en, Term 26, Year 1, Session 91	2016-05-20	Unicameralism	26	1	91	-	-	Reference	English	Regular	MP	notMinister	HDP	Peoples' Democratic Party	Opposition	Centre-left to left	Çağlar.Demirel	Demirel, Çağlar	F	1969	
ParlaMint-TR-en_2016-05-20-tbmm-T26	tbmm-2016-05-20sit01spe0188par0736	The Turkish parliamentary corpus ParlaMint-TR-en, Term 26, Year 1, Session 91	2016-05-20	Unicameralism	26	1	91	-	-	Reference	English	Chairperson	MP	notMinister	AKP	Justice and Development Party	Coalition	Right	İsmail.Kahraman	Kahraman, İsmail	M	1940	
ParlaMint-TR-en_2016-05-20-tbmm-T26	tbmm-2016-05-20sit01spe0189par0740	The Turkish parliamentary corpus ParlaMint-TR-en, Term 26, Year 1, Session 91	2016-05-20	Unicameralism	26	1	91	-	-	Reference	English	Regular	MP	notMinister	HDP	Peoples' Democratic Party	Opposition	Centre-left to left	İdris.Baluken	Baluken, İdris	M	1976	
ParlaMint-TR-en_2016-05-20-tbmm-T26	tbmm-2016-05-20sit01spe0190par0741	The Turkish parliamentary corpus ParlaMint-TR-en, Term 26, Year 1, Session 91	2016-05-20	Unicameralism	26	1	91	-	-	Reference	English	Regular	MP	notMinister	HDP	Peoples' Democratic Party	Opposition	Centre-left to left	Ahmet.Yıldırım	Yıldırım, Ahmet	M	1972	
ParlaMint-TR-en_2016-05-20-tbmm-T26	tbmm-2016-05-20sit01spe0188par0742	The Turkish parliamentary corpus ParlaMint-TR-en, Term 26, Year 1, Session 91	2016-05-20	Unicameralism	26	1	91	-	-	Reference	English	Chairperson	MP	notMinister	AKP	Justice and Development Party	Coalition	Right	İsmail.Kahraman	Kahraman, İsmail	M	1940	
ParlaMint-TR-en_2016-05-20-tbmm-T26	tbmm-2016-05-20sit01spe0191par0744	The Turkish parliamentary corpus ParlaMint-TR-en, Term 26, Year 1, Session 91	2016-05-20	Unicameralism	26	1	91	-	-	Reference	English	Regular	MP	notMinister	HDP	Peoples' Democratic Party	Opposition	Centre-left to left	Mahmut.Toğrul	Toğrul, Mahmut	M	1967	
ParlaMint-TR-en_2016-05-20-tbmm-T26	tbmm-2016-05-20sit01spe0188par0745	The Turkish parliamentary corpus ParlaMint-TR-en, Term 26, Year 1, Session 91	2016-05-20	Unicameralism	26	1	91	-	-	Reference	English	Chairperson	MP	notMinister	AKP	Justice and Development Party	Coalition	Right	İsmail.Kahraman	Kahraman, İsmail	M	1940	
ParlaMint-TR-en_2016-05-20-tbmm-T26	tbmm-2016-05-20sit01spe0192par0746	The Turkish parliamentary corpus ParlaMint-TR-en, Term 26, Year 1, Session 91	2016-05-20	Unicameralism	26	1	91	-	-	Reference	English	Regular	MP	notMinister	HDP	Peoples' Democratic Party	Opposition	Centre-left to left	Çağlar.Demirel	Demirel, Çağlar	F	1969	
ParlaMint-TR-en_2016-05-20-tbmm-T26	tbmm-2016-05-20sit01spe0191par0747	The Turkish parliamentary corpus ParlaMint-TR-en, Term 26, Year 1, Session 91	2016-05-20	Unicameralism	26	1	91	-	-	Reference	English	Regular	MP	notMinister	HDP	Peoples' Democratic Party	Opposition	Centre-left to left	Mahmut.Toğrul	Toğrul, Mahmut	M	1967	
ParlaMint-TR-en_2016-05-20-tbmm-T26	tbmm-2016-05-20sit01spe0188par0748	The Turkish parliamentary corpus ParlaMint-TR-en, Term 26, Year 1, Session 91	2016-05-20	Unicameralism	26	1	91	-	-	Reference	English	Chairperson	MP	notMinister	AKP	Justice and Development Party	Coalition	Right	İsmail.Kahraman	Kahraman, İsmail	M	1940	
ParlaMint-TR-en_2016-05-20-tbmm-T26	tbmm-2016-05-20sit01spe0193par0749	The Turkish parliamentary corpus ParlaMint-TR-en, Term 26, Year 1, Session 91	2016-05-20	Unicameralism	26	1	91	-	-	Reference	English	Regular	MP	notMinister	CHP	Republican People's Party	Opposition	Centre-left	Barış.Yarkadaş	Yarkadaş, Barış	M	1974	
ParlaMint-TR-en_2016-05-20-tbmm-T26	tbmm-2016-05-20sit01spe0194par0750	The Turkish parliamentary corpus ParlaMint-TR-en, Term 26, Year 1, Session 91	2016-05-20	Unicameralism	26	1	91	-	-	Reference	English	Regular	MP	notMinister	HDP	Peoples' Democratic Party	Opposition	Centre-left to left	Sibel.Yiğitalp	Yiğitalp, Sibel	F	1971	
ParlaMint-TR-en_2016-05-20-tbmm-T26	tbmm-2016-05-20sit01spe0195par0751	The Turkish parliamentary corpus ParlaMint-TR-en, Term 26, Year 1, Session 91	2016-05-20	Unicameralism	26	1	91	-	-	Reference	English	Regular	MP	notMinister	HDP	Peoples' Democratic Party	Opposition	Centre-left to left	Ayhan.Bilgen	Bilgen, Ayhan	M	1971	
ParlaMint-TR-en_2016-05-20-tbmm-T26	tbmm-2016-05-20sit01spe0196par0753	The Turkish parliamentary corpus ParlaMint-TR-en, Term 26, Year 1, Session 91	2016-05-20	Unicameralism	26	1	91	-	-	Reference	English	Regular	MP	notMinister	HDP	Peoples' Democratic Party	Opposition	Centre-left to left	İdris.Baluken	Baluken, İdris	M	1976	
ParlaMint-TR-en_2016-05-20-tbmm-T26	tbmm-2016-05-20sit01spe0197par0754	The Turkish parliamentary corpus ParlaMint-TR-en, Term 26, Year 1, Session 91	2016-05-20	Unicameralism	26	1	91	-	-	Reference	English	Regular	MP	notMinister	HDP	Peoples' Democratic Party	Opposition	Centre-left to left	Mahmut.Toğrul	Toğrul, Mahmut	M	1967	
ParlaMint-TR-en_2016-05-20-tbmm-T26	tbmm-2016-05-20sit01spe0198par0757	The Turkish parliamentary corpus ParlaMint-TR-en, Term 26, Year 1, Session 91	2016-05-20	Unicameralism	26	1	91	-	-	Reference	English	Regular	MP	notMinister	HDP	Peoples' Democratic Party	Opposition	Centre-left to left	Sibel.Yiğitalp	Yiğitalp, Sibel	F	1971	
ParlaMint-TR-en_2016-05-20-tbmm-T26	tbmm-2016-05-20sit01spe0199par0758	The Turkish parliamentary corpus ParlaMint-TR-en, Term 26, Year 1, Session 91	2016-05-20	Unicameralism	26	1	91	-	-	Reference	English	Chairperson	MP	notMinister	AKP	Justice and Development Party	Coalition	Right	İsmail.Kahraman	Kahraman, İsmail	M	1940	
ParlaMint-TR-en_2016-05-20-tbmm-T26	tbmm-2016-05-20sit01spe0200par0769	The Turkish parliamentary corpus ParlaMint-TR-en, Term 26, Year 1, Session 91	2016-05-20	Unicameralism	26	1	91	-	-	Reference	English	Regular	MP	notMinister	HDP	Peoples' Democratic Party	Opposition	Centre-left to left	SırrıSüreyya.Önder	Önder, Sırrı Süreyya	M	1962	
ParlaMint-TR-en_2016-05-20-tbmm-T26	tbmm-2016-05-20sit01spe0199par0770	The Turkish parliamentary corpus ParlaMint-TR-en, Term 26, Year 1, Session 91	2016-05-20	Unicameralism	26	1	91	-	-	Reference	English	Chairperson	MP	notMinister	AKP	Justice and Development Party	Coalition	Right	İsmail.Kahraman	Kahraman, İsmail	M	1940	
ParlaMint-TR-en_2016-05-20-tbmm-T26	tbmm-2016-05-20sit01spe0201par0773	The Turkish parliamentary corpus ParlaMint-TR-en, Term 26, Year 1, Session 91	2016-05-20	Unicameralism	26	1	91	-	-	Reference	English	Regular	MP	notMinister	CHP	Republican People's Party	Opposition	Centre-left	Haydar.Akar	Akar, Haydar	M	1963	
ParlaMint-TR-en_2016-05-20-tbmm-T26	tbmm-2016-05-20sit01spe0199par0774	The Turkish parliamentary corpus ParlaMint-TR-en, Term 26, Year 1, Session 91	2016-05-20	Unicameralism	26	1	91	-	-	Reference	English	Chairperson	MP	notMinister	AKP	Justice and Development Party	Coalition	Right	İsmail.Kahraman	Kahraman, İsmail	M	1940	
ParlaMint-TR-en_2016-05-20-tbmm-T26	tbmm-2016-05-20sit01spe0201par0776	The Turkish parliamentary corpus ParlaMint-TR-en, Term 26, Year 1, Session 91	2016-05-20	Unicameralism	26	1	91	-	-	Reference	English	Regular	MP	notMinister	CHP	Republican People's Party	Opposition	Centre-left	Haydar.Akar	Akar, Haydar	M	1963	
ParlaMint-TR-en_2016-05-20-tbmm-T26	tbmm-2016-05-20sit01spe0202par0777	The Turkish parliamentary corpus ParlaMint-TR-en, Term 26, Year 1, Session 91	2016-05-20	Unicameralism	26	1	91	-	-	Reference	English	Regular	MP	notMinister	AKP	Justice and Development Party	Coalition	Right	OsmanAşkın.Bak	Bak, Osman Aşkın	M	1966	
ParlaMint-TR-en_2016-05-20-tbmm-T26	tbmm-2016-05-20sit01spe0201par0778	The Turkish parliamentary corpus ParlaMint-TR-en, Term 26, Year 1, Session 91	2016-05-20	Unicameralism	26	1	91	-	-	Reference	English	Regular	MP	notMinister	CHP	Republican People's Party	Opposition	Centre-left	Haydar.Akar	Akar, Haydar	M	1963	
ParlaMint-TR-en_2016-05-20-tbmm-T26	tbmm-2016-05-20sit01spe0202par0779	The Turkish parliamentary corpus ParlaMint-TR-en, Term 26, Year 1, Session 91	2016-05-20	Unicameralism	26	1	91	-	-	Reference	English	Regular	MP	notMinister	AKP	Justice and Development Party	Coalition	Right	OsmanAşkın.Bak	Bak, Osman Aşkın	M	1966	
ParlaMint-TR-en_2016-05-20-tbmm-T26	tbmm-2016-05-20sit01spe0201par0780	The Turkish parliamentary corpus ParlaMint-TR-en, Term 26, Year 1, Session 91	2016-05-20	Unicameralism	26	1	91	-	-	Reference	English	Regular	MP	notMinister	CHP	Republican People's Party	Opposition	Centre-left	Haydar.Akar	Akar, Haydar	M	1963	
ParlaMint-TR-en_2016-05-20-tbmm-T26	tbmm-2016-05-20sit01spe0203par0781	The Turkish parliamentary corpus ParlaMint-TR-en, Term 26, Year 1, Session 91	2016-05-20	Unicameralism	26	1	91	-	-	Reference	English	Regular	MP	notMinister	HDP	Peoples' Democratic Party	Opposition	Centre-left to left	Hişyar.Özsoy	Özsoy, Hişyar	M	1977	
ParlaMint-TR-en_2016-05-20-tbmm-T26	tbmm-2016-05-20sit01spe0201par0782	The Turkish parliamentary corpus ParlaMint-TR-en, Term 26, Year 1, Session 91	2016-05-20	Unicameralism	26	1	91	-	-	Reference	English	Regular	MP	notMinister	CHP	Republican People's Party	Opposition	Centre-left	Haydar.Akar	Akar, Haydar	M	1963	
ParlaMint-TR-en_2016-05-20-tbmm-T26	tbmm-2016-05-20sit01spe0203par0783	The Turkish parliamentary corpus ParlaMint-TR-en, Term 26, Year 1, Session 91	2016-05-20	Unicameralism	26	1	91	-	-	Reference	English	Regular	MP	notMinister	HDP	Peoples' Democratic Party	Opposition	Centre-left to left	Hişyar.Özsoy	Özsoy, Hişyar	M	1977	
ParlaMint-TR-en_2016-05-20-tbmm-T26	tbmm-2016-05-20sit01spe0204par0784	The Turkish parliamentary corpus ParlaMint-TR-en, Term 26, Year 1, Session 91	2016-05-20	Unicameralism	26	1	91	-	-	Reference	English	Chairperson	MP	notMinister	AKP	Justice and Development Party	Coalition	Right	İsmail.Kahraman	Kahraman, İsmail	M	1940	
ParlaMint-TR-en_2016-05-20-tbmm-T26	tbmm-2016-05-20sit01spe0205par0794	The Turkish parliamentary corpus ParlaMint-TR-en, Term 26, Year 1, Session 91	2016-05-20	Unicameralism	26	1	91	-	-	Reference	English	Regular	MP	notMinister	CHP	Republican People's Party	Opposition	Centre-left	ElifDoğan.Türkmen	Türkmen, Elif Doğan	F	1962	
ParlaMint-TR-en_2016-05-20-tbmm-T26	tbmm-2016-05-20sit01spe0204par0795	The Turkish parliamentary corpus ParlaMint-TR-en, Term 26, Year 1, Session 91	2016-05-20	Unicameralism	26	1	91	-	-	Reference	English	Chairperson	MP	notMinister	AKP	Justice and Development Party	Coalition	Right	İsmail.Kahraman	Kahraman, İsmail	M	1940	
ParlaMint-TR-en_2016-05-20-tbmm-T26	tbmm-2016-05-20sit01spe0205par0800	The Turkish parliamentary corpus ParlaMint-TR-en, Term 26, Year 1, Session 91	2016-05-20	Unicameralism	26	1	91	-	-	Reference	English	Regular	MP	notMinister	CHP	Republican People's Party	Opposition	Centre-left	ElifDoğan.Türkmen	Türkmen, Elif Doğan	F	1962	
ParlaMint-TR-en_2016-05-20-tbmm-T26	tbmm-2016-05-20sit01spe0204par0801	The Turkish parliamentary corpus ParlaMint-TR-en, Term 26, Year 1, Session 91	2016-05-20	Unicameralism	26	1	91	-	-	Reference	English	Chairperson	MP	notMinister	AKP	Justice and Development Party	Coalition	Right	İsmail.Kahraman	Kahraman, İsmail	M	1940	
ParlaMint-TR-en_2016-05-20-tbmm-T26	tbmm-2016-05-20sit01spe0205par0802	The Turkish parliamentary corpus ParlaMint-TR-en, Term 26, Year 1, Session 91	2016-05-20	Unicameralism	26	1	91	-	-	Reference	English	Regular	MP	notMinister	CHP	Republican People's Party	Opposition	Centre-left	ElifDoğan.Türkmen	Türkmen, Elif Doğan	F	1962	
ParlaMint-TR-en_2016-05-20-tbmm-T26	tbmm-2016-05-20sit01spe0204par0803	The Turkish parliamentary corpus ParlaMint-TR-en, Term 26, Year 1, Session 91	2016-05-20	Unicameralism	26	1	91	-	-	Reference	English	Chairperson	MP	notMinister	AKP	Justice and Development Party	Coalition	Right	İsmail.Kahraman	Kahraman, İsmail	M	1940	
ParlaMint-TR-en_2016-05-20-tbmm-T26	tbmm-2016-05-20sit01spe0205par0804	The Turkish parliamentary corpus ParlaMint-TR-en, Term 26, Year 1, Session 91	2016-05-20	Unicameralism	26	1	91	-	-	Reference	English	Regular	MP	notMinister	CHP	Republican People's Party	Opposition	Centre-left	ElifDoğan.Türkmen	Türkmen, Elif Doğan	F	1962	
ParlaMint-TR-en_2016-05-20-tbmm-T26	tbmm-2016-05-20sit01spe0204par0805	The Turkish parliamentary corpus ParlaMint-TR-en, Term 26, Year 1, Session 91	2016-05-20	Unicameralism	26	1	91	-	-	Reference	English	Chairperson	MP	notMinister	AKP	Justice and Development Party	Coalition	Right	İsmail.Kahraman	Kahraman, İsmail	M	1940	
ParlaMint-TR-en_2016-05-20-tbmm-T26	tbmm-2016-05-20sit01spe0206par0806	The Turkish parliamentary corpus ParlaMint-TR-en, Term 26, Year 1, Session 91	2016-05-20	Unicameralism	26	1	91	-	-	Reference	English	Regular	MP	notMinister	CHP	Republican People's Party	Opposition	Centre-left	AliHaydar.Hakverdi	Hakverdi, Ali Haydar	M	1979	
ParlaMint-TR-en_2016-05-20-tbmm-T26	tbmm-2016-05-20sit01spe0205par0807	The Turkish parliamentary corpus ParlaMint-TR-en, Term 26, Year 1, Session 91	2016-05-20	Unicameralism	26	1	91	-	-	Reference	English	Regular	MP	notMinister	CHP	Republican People's Party	Opposition	Centre-left	ElifDoğan.Türkmen	Türkmen, Elif Doğan	F	1962	
ParlaMint-TR-en_2016-05-20-tbmm-T26	tbmm-2016-05-20sit01spe0204par0808	The Turkish parliamentary corpus ParlaMint-TR-en, Term 26, Year 1, Session 91	2016-05-20	Unicameralism	26	1	91	-	-	Reference	English	Chairperson	MP	notMinister	AKP	Justice and Development Party	Coalition	Right	İsmail.Kahraman	Kahraman, İsmail	M	1940	
ParlaMint-TR-en_2016-05-20-tbmm-T26	tbmm-2016-05-20sit01spe0207par0809	The Turkish parliamentary corpus ParlaMint-TR-en, Term 26, Year 1, Session 91	2016-05-20	Unicameralism	26	1	91	-	-	Reference	English	Regular	MP	notMinister	HDP	Peoples' Democratic Party	Opposition	Centre-left to left	İdris.Baluken	Baluken, İdris	M	1976	
ParlaMint-TR-en_2016-05-20-tbmm-T26	tbmm-2016-05-20sit01spe0204par0810	The Turkish parliamentary corpus ParlaMint-TR-en, Term 26, Year 1, Session 91	2016-05-20	Unicameralism	26	1	91	-	-	Reference	English	Chairperson	MP	notMinister	AKP	Justice and Development Party	Coalition	Right	İsmail.Kahraman	Kahraman, İsmail	M	1940	
ParlaMint-TR-en_2016-05-20-tbmm-T26	tbmm-2016-05-20sit01spe0208par0811	The Turkish parliamentary corpus ParlaMint-TR-en, Term 26, Year 1, Session 91	2016-05-20	Unicameralism	26	1	91	-	-	Reference	English	Regular	MP	notMinister	CHP	Republican People's Party	Opposition	Centre-left	AliHaydar.Hakverdi	Hakverdi, Ali Haydar	M	1979	
ParlaMint-TR-en_2016-05-20-tbmm-T26	tbmm-2016-05-20sit01spe0209par0812	The Turkish parliamentary corpus ParlaMint-TR-en, Term 26, Year 1, Session 91	2016-05-20	Unicameralism	26	1	91	-	-	Reference	English	Regular	MP	notMinister	CHP	Republican People's Party	Opposition	Centre-left	ElifDoğan.Türkmen	Türkmen, Elif Doğan	F	1962	
ParlaMint-TR-en_2016-05-20-tbmm-T26	tbmm-2016-05-20sit01spe0210par0813	The Turkish parliamentary corpus ParlaMint-TR-en, Term 26, Year 1, Session 91	2016-05-20	Unicameralism	26	1	91	-	-	Reference	English	Regular	MP	notMinister	CHP	Republican People's Party	Opposition	Centre-left	Levent.Gök	Gök, Levent	M	1959	
ParlaMint-TR-en_2016-05-20-tbmm-T26	tbmm-2016-05-20sit01spe0211par0814	The Turkish parliamentary corpus ParlaMint-TR-en, Term 26, Year 1, Session 91	2016-05-20	Unicameralism	26	1	91	-	-	Reference	English	Regular	MP	notMinister	HDP	Peoples' Democratic Party	Opposition	Centre-left to left	İdris.Baluken	Baluken, İdris	M	1976	
ParlaMint-TR-en_2016-05-20-tbmm-T26	tbmm-2016-05-20sit01spe0212par0816	The Turkish parliamentary corpus ParlaMint-TR-en, Term 26, Year 1, Session 91	2016-05-20	Unicameralism	26	1	91	-	-	Reference	English	Regular	MP	notMinister	CHP	Republican People's Party	Opposition	Centre-left	AliHaydar.Hakverdi	Hakverdi, Ali Haydar	M	1979	
ParlaMint-TR-en_2016-05-20-tbmm-T26	tbmm-2016-05-20sit01spe0213par0817	The Turkish parliamentary corpus ParlaMint-TR-en, Term 26, Year 1, Session 91	2016-05-20	Unicameralism	26	1	91	-	-	Reference	English	Regular	MP	notMinister	CHP	Republican People's Party	Opposition	Centre-left	Levent.Gök	Gök, Levent	M	1959	
ParlaMint-TR-en_2016-05-20-tbmm-T26	tbmm-2016-05-20sit01spe0211par0818	The Turkish parliamentary corpus ParlaMint-TR-en, Term 26, Year 1, Session 91	2016-05-20	Unicameralism	26	1	91	-	-	Reference	English	Regular	MP	notMinister	HDP	Peoples' Democratic Party	Opposition	Centre-left to left	İdris.Baluken	Baluken, İdris	M	1976	
ParlaMint-TR-en_2016-05-20-tbmm-T26	tbmm-2016-05-20sit01spe0214par0819	The Turkish parliamentary corpus ParlaMint-TR-en, Term 26, Year 1, Session 91	2016-05-20	Unicameralism	26	1	91	-	-	Reference	English	Chairperson	MP	notMinister	AKP	Justice and Development Party	Coalition	Right	İsmail.Kahraman	Kahraman, İsmail	M	1940	
ParlaMint-TR-en_2016-05-20-tbmm-T26	tbmm-2016-05-20sit01spe0211par0820	The Turkish parliamentary corpus ParlaMint-TR-en, Term 26, Year 1, Session 91	2016-05-20	Unicameralism	26	1	91	-	-	Reference	English	Regular	MP	notMinister	HDP	Peoples' Democratic Party	Opposition	Centre-left to left	İdris.Baluken	Baluken, İdris	M	1976	
ParlaMint-TR-en_2016-05-20-tbmm-T26	tbmm-2016-05-20sit01spe0215par0822	The Turkish parliamentary corpus ParlaMint-TR-en, Term 26, Year 1, Session 91	2016-05-20	Unicameralism	26	1	91	-	-	Reference	English	Regular	MP	notMinister	AKP	Justice and Development Party	Coalition	Right	Bülent.Turan	Turan, Bülent	M	1975	
ParlaMint-TR-en_2016-05-20-tbmm-T26	tbmm-2016-05-20sit01spe0216par0823	The Turkish parliamentary corpus ParlaMint-TR-en, Term 26, Year 1, Session 91	2016-05-20	Unicameralism	26	1	91	-	-	Reference	English	Regular	MP	notMinister	CHP	Republican People's Party	Opposition	Centre-left	Levent.Gök	Gök, Levent	M	1959	
ParlaMint-TR-en_2016-05-20-tbmm-T26	tbmm-2016-05-20sit01spe0217par0824	The Turkish parliamentary corpus ParlaMint-TR-en, Term 26, Year 1, Session 91	2016-05-20	Unicameralism	26	1	91	-	-	Reference	English	Chairperson	MP	notMinister	AKP	Justice and Development Party	Coalition	Right	İsmail.Kahraman	Kahraman, İsmail	M	1940	
ParlaMint-TR-en_2016-05-20-tbmm-T26	tbmm-2016-05-20sit01spe0218par0825	The Turkish parliamentary corpus ParlaMint-TR-en, Term 26, Year 1, Session 91	2016-05-20	Unicameralism	26	1	91	-	-	Reference	English	Regular	MP	notMinister	HDP	Peoples' Democratic Party	Opposition	Centre-left to left	İdris.Baluken	Baluken, İdris	M	1976	
ParlaMint-TR-en_2016-05-20-tbmm-T26	tbmm-2016-05-20sit01spe0217par0826	The Turkish parliamentary corpus ParlaMint-TR-en, Term 26, Year 1, Session 91	2016-05-20	Unicameralism	26	1	91	-	-	Reference	English	Chairperson	MP	notMinister	AKP	Justice and Development Party	Coalition	Right	İsmail.Kahraman	Kahraman, İsmail	M	1940	
ParlaMint-TR-en_2016-05-20-tbmm-T26	tbmm-2016-05-20sit01spe0218par0827	The Turkish parliamentary corpus ParlaMint-TR-en, Term 26, Year 1, Session 91	2016-05-20	Unicameralism	26	1	91	-	-	Reference	English	Regular	MP	notMinister	HDP	Peoples' Democratic Party	Opposition	Centre-left to left	İdris.Baluken	Baluken, İdris	M	1976	
ParlaMint-TR-en_2016-05-20-tbmm-T26	tbmm-2016-05-20sit01spe0217par0828	The Turkish parliamentary corpus ParlaMint-TR-en, Term 26, Year 1, Session 91	2016-05-20	Unicameralism	26	1	91	-	-	Reference	English	Chairperson	MP	notMinister	AKP	Justice and Development Party	Coalition	Right	İsmail.Kahraman	Kahraman, İsmail	M	1940	
ParlaMint-TR-en_2016-05-20-tbmm-T26	tbmm-2016-05-20sit01spe0218par0829	The Turkish parliamentary corpus ParlaMint-TR-en, Term 26, Year 1, Session 91	2016-05-20	Unicameralism	26	1	91	-	-	Reference	English	Regular	MP	notMinister	HDP	Peoples' Democratic Party	Opposition	Centre-left to left	İdris.Baluken	Baluken, İdris	M	1976	
ParlaMint-TR-en_2016-05-20-tbmm-T26	tbmm-2016-05-20sit01spe0217par0830	The Turkish parliamentary corpus ParlaMint-TR-en, Term 26, Year 1, Session 91	2016-05-20	Unicameralism	26	1	91	-	-	Reference	English	Chairperson	MP	notMinister	AKP	Justice and Development Party	Coalition	Right	İsmail.Kahraman	Kahraman, İsmail	M	1940	
ParlaMint-TR-en_2016-05-20-tbmm-T26	tbmm-2016-05-20sit01spe0218par0832	The Turkish parliamentary corpus ParlaMint-TR-en, Term 26, Year 1, Session 91	2016-05-20	Unicameralism	26	1	91	-	-	Reference	English	Regular	MP	notMinister	HDP	Peoples' Democratic Party	Opposition	Centre-left to left	İdris.Baluken	Baluken, İdris	M	1976	
ParlaMint-TR-en_2016-05-20-tbmm-T26	tbmm-2016-05-20sit01spe0217par0833	The Turkish parliamentary corpus ParlaMint-TR-en, Term 26, Year 1, Session 91	2016-05-20	Unicameralism	26	1	91	-	-	Reference	English	Chairperson	MP	notMinister	AKP	Justice and Development Party	Coalition	Right	İsmail.Kahraman	Kahraman, İsmail	M	1940	
ParlaMint-TR-en_2016-05-20-tbmm-T26	tbmm-2016-05-20sit01spe0218par0834	The Turkish parliamentary corpus ParlaMint-TR-en, Term 26, Year 1, Session 91	2016-05-20	Unicameralism	26	1	91	-	-	Reference	English	Regular	MP	notMinister	HDP	Peoples' Democratic Party	Opposition	Centre-left to left	İdris.Baluken	Baluken, İdris	M	1976	
ParlaMint-TR-en_2016-05-20-tbmm-T26	tbmm-2016-05-20sit01spe0217par0835	The Turkish parliamentary corpus ParlaMint-TR-en, Term 26, Year 1, Session 91	2016-05-20	Unicameralism	26	1	91	-	-	Reference	English	Chairperson	MP	notMinister	AKP	Justice and Development Party	Coalition	Right	İsmail.Kahraman	Kahraman, İsmail	M	1940	
ParlaMint-TR-en_2016-05-20-tbmm-T26	tbmm-2016-05-20sit01spe0218par0836	The Turkish parliamentary corpus ParlaMint-TR-en, Term 26, Year 1, Session 91	2016-05-20	Unicameralism	26	1	91	-	-	Reference	English	Regular	MP	notMinister	HDP	Peoples' Democratic Party	Opposition	Centre-left to left	İdris.Baluken	Baluken, İdris	M	1976	
ParlaMint-TR-en_2016-05-20-tbmm-T26	tbmm-2016-05-20sit01spe0217par0837	The Turkish parliamentary corpus ParlaMint-TR-en, Term 26, Year 1, Session 91	2016-05-20	Unicameralism	26	1	91	-	-	Reference	English	Chairperson	MP	notMinister	AKP	Justice and Development Party	Coalition	Right	İsmail.Kahraman	Kahraman, İsmail	M	1940	
ParlaMint-TR-en_2016-05-20-tbmm-T26	tbmm-2016-05-20sit01spe0218par0840	The Turkish parliamentary corpus ParlaMint-TR-en, Term 26, Year 1, Session 91	2016-05-20	Unicameralism	26	1	91	-	-	Reference	English	Regular	MP	notMinister	HDP	Peoples' Democratic Party	Opposition	Centre-left to left	İdris.Baluken	Baluken, İdris	M	1976	
ParlaMint-TR-en_2016-05-20-tbmm-T26	tbmm-2016-05-20sit01spe0219par0847	The Turkish parliamentary corpus ParlaMint-TR-en, Term 26, Year 1, Session 91	2016-05-20	Unicameralism	26	1	91	-	-	Reference	English	Chairperson	MP	notMinister	AKP	Justice and Development Party	Coalition	Right	İsmail.Kahraman	Kahraman, İsmail	M	1940	
ParlaMint-TR-en_2016-05-20-tbmm-T26	tbmm-2016-05-20sit01spe0220par0851	The Turkish parliamentary corpus ParlaMint-TR-en, Term 26, Year 1, Session 91	2016-05-20	Unicameralism	26	1	91	-	-	Reference	English	Regular	MP	notMinister	AKP	Justice and Development Party	Coalition	Right	Hakan.Çavuşoğlu	Çavuşoğlu, Hakan	M	1972	
ParlaMint-TR-en_2016-05-20-tbmm-T26	tbmm-2016-05-20sit01spe0219par0852	The Turkish parliamentary corpus ParlaMint-TR-en, Term 26, Year 1, Session 91	2016-05-20	Unicameralism	26	1	91	-	-	Reference	English	Chairperson	MP	notMinister	AKP	Justice and Development Party	Coalition	Right	İsmail.Kahraman	Kahraman, İsmail	M	1940	
ParlaMint-TR-en_2016-05-20-tbmm-T26	tbmm-2016-05-20sit01spe0220par0853	The Turkish parliamentary corpus ParlaMint-TR-en, Term 26, Year 1, Session 91	2016-05-20	Unicameralism	26	1	91	-	-	Reference	English	Regular	MP	notMinister	AKP	Justice and Development Party	Coalition	Right	Hakan.Çavuşoğlu	Çavuşoğlu, Hakan	M	1972	
ParlaMint-TR-en_2016-05-20-tbmm-T26	tbmm-2016-05-20sit01spe0221par0855	The Turkish parliamentary corpus ParlaMint-TR-en, Term 26, Year 1, Session 91	2016-05-20	Unicameralism	26	1	91	-	-	Reference	English	Regular	MP	notMinister	CHP	Republican People's Party	Opposition	Centre-left	Barış.Yarkadaş	Yarkadaş, Barış	M	1974	
ParlaMint-TR-en_2016-05-20-tbmm-T26	tbmm-2016-05-20sit01spe0220par0856	The Turkish parliamentary corpus ParlaMint-TR-en, Term 26, Year 1, Session 91	2016-05-20	Unicameralism	26	1	91	-	-	Reference	English	Regular	MP	notMinister	AKP	Justice and Development Party	Coalition	Right	Hakan.Çavuşoğlu	Çavuşoğlu, Hakan	M	1972	
ParlaMint-TR-en_2016-05-20-tbmm-T26	tbmm-2016-05-20sit01spe0222par0858	The Turkish parliamentary corpus ParlaMint-TR-en, Term 26, Year 1, Session 91	2016-05-20	Unicameralism	26	1	91	-	-	Reference	English	Chairperson	MP	notMinister	AKP	Justice and Development Party	Coalition	Right	İsmail.Kahraman	Kahraman, İsmail	M	1940	
ParlaMint-TR-en_2016-05-20-tbmm-T26	tbmm-2016-05-20sit01spe0223par0863	The Turkish parliamentary corpus ParlaMint-TR-en, Term 26, Year 1, Session 91	2016-05-20	Unicameralism	26	1	91	-	-	Reference	English	Regular	MP	notMinister	CHP	Republican People's Party	Opposition	Centre-left	Murat.Emir	Emir, Murat	M	1969	
ParlaMint-TR-en_2016-05-20-tbmm-T26	tbmm-2016-05-20sit01spe0222par0866	The Turkish parliamentary corpus ParlaMint-TR-en, Term 26, Year 1, Session 91	2016-05-20	Unicameralism	26	1	91	-	-	Reference	English	Chairperson	MP	notMinister	AKP	Justice and Development Party	Coalition	Right	İsmail.Kahraman	Kahraman, İsmail	M	1940	
ParlaMint-TR-en_2016-05-20-tbmm-T26	tbmm-2016-05-20sit01spe0224par0870	The Turkish parliamentary corpus ParlaMint-TR-en, Term 26, Year 1, Session 91	2016-05-20	Unicameralism	26	1	91	-	-	Reference	English	Regular	MP	notMinister	AKP	Justice and Development Party	Coalition	Right	Yılmaz.Tunç	Tunç, Yılmaz	M	1971	
ParlaMint-TR-en_2016-05-20-tbmm-T26	tbmm-2016-05-20sit01spe0225par0874	The Turkish parliamentary corpus ParlaMint-TR-en, Term 26, Year 1, Session 91	2016-05-20	Unicameralism	26	1	91	-	-	Reference	English	Chairperson	MP	notMinister	AKP	Justice and Development Party	Coalition	Right	İsmail.Kahraman	Kahraman, İsmail	M	1940	
ParlaMint-TR-en_2016-05-20-tbmm-T26	tbmm-2016-05-20sit01spe0226par0914	The Turkish parliamentary corpus ParlaMint-TR-en, Term 26, Year 1, Session 91	2016-05-20	Unicameralism	26	1	91	-	-	Reference	English	Regular	MP	notMinister	-	-	-	-	Zekeriya.Birkan	Birkan, Zekeriya	M	1967	
ParlaMint-TR-en_2016-05-20-tbmm-T26	tbmm-2016-05-20sit01spe0225par0915	The Turkish parliamentary corpus ParlaMint-TR-en, Term 26, Year 1, Session 91	2016-05-20	Unicameralism	26	1	91	-	-	Reference	English	Chairperson	MP	notMinister	AKP	Justice and Development Party	Coalition	Right	İsmail.Kahraman	Kahraman, İsmail	M	1940	
ParlaMint-TR-en_2016-05-20-tbmm-T26	tbmm-2016-05-20sit01spe0227par0916	The Turkish parliamentary corpus ParlaMint-TR-en, Term 26, Year 1, Session 91	2016-05-20	Unicameralism	26	1	91	-	-	Reference	English	Regular	MP	Minister	AKP	Justice and Development Party	Coalition	Right	İsmet.Yılmaz	Yılmaz, İsmet	M	1961	
ParlaMint-TR-en_2016-05-20-tbmm-T26	tbmm-2016-05-20sit01spe0225par0917	The Turkish parliamentary corpus ParlaMint-TR-en, Term 26, Year 1, Session 91	2016-05-20	Unicameralism	26	1	91	-	-	Reference	English	Chairperson	MP	notMinister	AKP	Justice and Development Party	Coalition	Right	İsmail.Kahraman	Kahraman, İsmail	M	1940	
ParlaMint-TR-en_2016-05-20-tbmm-T26	tbmm-2016-05-20sit01spe0228par0918	The Turkish parliamentary corpus ParlaMint-TR-en, Term 26, Year 1, Session 91	2016-05-20	Unicameralism	26	1	91	-	-	Reference	English	Regular	MP	notMinister	HDP	Peoples' Democratic Party	Opposition	Centre-left to left	Çağlar.Demirel	Demirel, Çağlar	F	1969	
ParlaMint-TR-en_2016-05-20-tbmm-T26	tbmm-2016-05-20sit01spe0225par0919	The Turkish parliamentary corpus ParlaMint-TR-en, Term 26, Year 1, Session 91	2016-05-20	Unicameralism	26	1	91	-	-	Reference	English	Chairperson	MP	notMinister	AKP	Justice and Development Party	Coalition	Right	İsmail.Kahraman	Kahraman, İsmail	M	1940	
ParlaMint-TR-en_2016-05-20-tbmm-T26	tbmm-2016-05-20sit01spe0228par0922	The Turkish parliamentary corpus ParlaMint-TR-en, Term 26, Year 1, Session 91	2016-05-20	Unicameralism	26	1	91	-	-	Reference	English	Regular	MP	notMinister	HDP	Peoples' Democratic Party	Opposition	Centre-left to left	Çağlar.Demirel	Demirel, Çağlar	F	1969	
ParlaMint-TR-en_2016-05-20-tbmm-T26	tbmm-2016-05-20sit01spe0225par0923	The Turkish parliamentary corpus ParlaMint-TR-en, Term 26, Year 1, Session 91	2016-05-20	Unicameralism	26	1	91	-	-	Reference	English	Chairperson	MP	notMinister	AKP	Justice and Development Party	Coalition	Right	İsmail.Kahraman	Kahraman, İsmail	M	1940	
ParlaMint-TR-en_2016-05-20-tbmm-T26	tbmm-2016-05-20sit01spe0228par0924	The Turkish parliamentary corpus ParlaMint-TR-en, Term 26, Year 1, Session 91	2016-05-20	Unicameralism	26	1	91	-	-	Reference	English	Regular	MP	notMinister	HDP	Peoples' Democratic Party	Opposition	Centre-left to left	Çağlar.Demirel	Demirel, Çağlar	F	1969	
ParlaMint-TR-en_2016-05-20-tbmm-T26	tbmm-2016-05-20sit01spe0229par0934	The Turkish parliamentary corpus ParlaMint-TR-en, Term 26, Year 1, Session 91	2016-05-20	Unicameralism	26	1	91	-	-	Reference	English	Chairperson	MP	notMinister	AKP	Justice and Development Party	Coalition	Right	İsmail.Kahraman	Kahraman, İsmail	M	1940	
ParlaMint-TR-en_2016-05-20-tbmm-T26	tbmm-2016-05-20sit01spe0230par0941	The Turkish parliamentary corpus ParlaMint-TR-en, Term 26, Year 1, Session 91	2016-05-20	Unicameralism	26	1	91	-	-	Reference	English	Regular	MP	notMinister	-	-	-	-	Zekeriya.Birkan	Birkan, Zekeriya	M	1967	
ParlaMint-TR-en_2016-05-20-tbmm-T26	tbmm-2016-05-20sit01spe0229par0942	The Turkish parliamentary corpus ParlaMint-TR-en, Term 26, Year 1, Session 91	2016-05-20	Unicameralism	26	1	91	-	-	Reference	English	Chairperson	MP	notMinister	AKP	Justice and Development Party	Coalition	Right	İsmail.Kahraman	Kahraman, İsmail	M	1940	
ParlaMint-TR-en_2016-05-20-tbmm-T26	tbmm-2016-05-20sit01spe0231par0943	The Turkish parliamentary corpus ParlaMint-TR-en, Term 26, Year 1, Session 91	2016-05-20	Unicameralism	26	1	91	-	-	Reference	English	Regular	MP	Minister	AKP	Justice and Development Party	Coalition	Right	İsmet.Yılmaz	Yılmaz, İsmet	M	1961	
ParlaMint-TR-en_2016-05-20-tbmm-T26	tbmm-2016-05-20sit01spe0229par0944	The Turkish parliamentary corpus ParlaMint-TR-en, Term 26, Year 1, Session 91	2016-05-20	Unicameralism	26	1	91	-	-	Reference	English	Chairperson	MP	notMinister	AKP	Justice and Development Party	Coalition	Right	İsmail.Kahraman	Kahraman, İsmail	M	1940	
ParlaMint-TR-en_2016-05-20-tbmm-T26	tbmm-2016-05-20sit01spe0232par0947	The Turkish parliamentary corpus ParlaMint-TR-en, Term 26, Year 1, Session 91	2016-05-20	Unicameralism	26	1	91	-	-	Reference	English	Regular	MP	notMinister	HDP	Peoples' Democratic Party	Opposition	Centre-left to left	Celal.Doğan	Doğan, Celal	M	1943	
ParlaMint-TR-en_2016-05-20-tbmm-T26	tbmm-2016-05-20sit01spe0233par0956	The Turkish parliamentary corpus ParlaMint-TR-en, Term 26, Year 1, Session 91	2016-05-20	Unicameralism	26	1	91	-	-	Reference	English	Regular	MP	notMinister	AKP	Justice and Development Party	Coalition	Right	İlknur.İnceöz	İnceöz, İlknur	F	1973	
ParlaMint-TR-en_2016-05-20-tbmm-T26	tbmm-2016-05-20sit01spe0234par0957	The Turkish parliamentary corpus ParlaMint-TR-en, Term 26, Year 1, Session 91	2016-05-20	Unicameralism	26	1	91	-	-	Reference	English	Chairperson	MP	notMinister	AKP	Justice and Development Party	Coalition	Right	İsmail.Kahraman	Kahraman, İsmail	M	1940	
ParlaMint-TR-en_2016-05-20-tbmm-T26	tbmm-2016-05-20sit01spe0232par0958	The Turkish parliamentary corpus ParlaMint-TR-en, Term 26, Year 1, Session 91	2016-05-20	Unicameralism	26	1	91	-	-	Reference	English	Regular	MP	notMinister	HDP	Peoples' Democratic Party	Opposition	Centre-left to left	Celal.Doğan	Doğan, Celal	M	1943	
ParlaMint-TR-en_2016-05-20-tbmm-T26	tbmm-2016-05-20sit01spe0234par0959	The Turkish parliamentary corpus ParlaMint-TR-en, Term 26, Year 1, Session 91	2016-05-20	Unicameralism	26	1	91	-	-	Reference	English	Chairperson	MP	notMinister	AKP	Justice and Development Party	Coalition	Right	İsmail.Kahraman	Kahraman, İsmail	M	1940	
ParlaMint-TR-en_2016-05-20-tbmm-T26	tbmm-2016-05-20sit01spe0232par0960	The Turkish parliamentary corpus ParlaMint-TR-en, Term 26, Year 1, Session 91	2016-05-20	Unicameralism	26	1	91	-	-	Reference	English	Regular	MP	notMinister	HDP	Peoples' Democratic Party	Opposition	Centre-left to left	Celal.Doğan	Doğan, Celal	M	1943	
ParlaMint-TR-en_2016-05-20-tbmm-T26	tbmm-2016-05-20sit01spe0235par0964	The Turkish parliamentary corpus ParlaMint-TR-en, Term 26, Year 1, Session 91	2016-05-20	Unicameralism	26	1	91	-	-	Reference	English	Chairperson	MP	notMinister	AKP	Justice and Development Party	Coalition	Right	İsmail.Kahraman	Kahraman, İsmail	M	1940	
ParlaMint-TR-en_2016-05-20-tbmm-T26	tbmm-2016-05-20sit01spe0236par0971	The Turkish parliamentary corpus ParlaMint-TR-en, Term 26, Year 1, Session 91	2016-05-20	Unicameralism	26	1	91	-	-	Reference	English	Regular	MP	notMinister	-	-	-	-	Zekeriya.Birkan	Birkan, Zekeriya	M	1967	
ParlaMint-TR-en_2016-05-20-tbmm-T26	tbmm-2016-05-20sit01spe0235par0972	The Turkish parliamentary corpus ParlaMint-TR-en, Term 26, Year 1, Session 91	2016-05-20	Unicameralism	26	1	91	-	-	Reference	English	Chairperson	MP	notMinister	AKP	Justice and Development Party	Coalition	Right	İsmail.Kahraman	Kahraman, İsmail	M	1940	
ParlaMint-TR-en_2016-05-20-tbmm-T26	tbmm-2016-05-20sit01spe0237par0973	The Turkish parliamentary corpus ParlaMint-TR-en, Term 26, Year 1, Session 91	2016-05-20	Unicameralism	26	1	91	-	-	Reference	English	Regular	MP	notMinister	AKP	Justice and Development Party	Coalition	Right	Volkan.Bozkır	Bozkır, Volkan	M	1950	
ParlaMint-TR-en_2016-05-20-tbmm-T26	tbmm-2016-05-20sit01spe0235par0974	The Turkish parliamentary corpus ParlaMint-TR-en, Term 26, Year 1, Session 91	2016-05-20	Unicameralism	26	1	91	-	-	Reference	English	Chairperson	MP	notMinister	AKP	Justice and Development Party	Coalition	Right	İsmail.Kahraman	Kahraman, İsmail	M	1940	
ParlaMint-TR-en_2016-05-20-tbmm-T26	tbmm-2016-05-20sit01spe0238par0978	The Turkish parliamentary corpus ParlaMint-TR-en, Term 26, Year 1, Session 91	2016-05-20	Unicameralism	26	1	91	-	-	Reference	English	Regular	MP	notMinister	HDP	Peoples' Democratic Party	Opposition	Centre-left to left	Filiz.Kerestecioğlu	Kerestecioğlu Demir, Filiz	F	1961	
ParlaMint-TR-en_2016-05-20-tbmm-T26	tbmm-2016-05-20sit01spe0239par0983	The Turkish parliamentary corpus ParlaMint-TR-en, Term 26, Year 1, Session 91	2016-05-20	Unicameralism	26	1	91	-	-	Reference	English	Regular	MP	notMinister	AKP	Justice and Development Party	Coalition	Right	AyşeSula.Köseoğlu	Köseoğlu, Ayşe Sula	F	1969	
ParlaMint-TR-en_2016-05-20-tbmm-T26	tbmm-2016-05-20sit01spe0238par0984	The Turkish parliamentary corpus ParlaMint-TR-en, Term 26, Year 1, Session 91	2016-05-20	Unicameralism	26	1	91	-	-	Reference	English	Regular	MP	notMinister	HDP	Peoples' Democratic Party	Opposition	Centre-left to left	Filiz.Kerestecioğlu	Kerestecioğlu Demir, Filiz	F	1961	
ParlaMint-TR-en_2016-05-20-tbmm-T26	tbmm-2016-05-20sit01spe0240par0985	The Turkish parliamentary corpus ParlaMint-TR-en, Term 26, Year 1, Session 91	2016-05-20	Unicameralism	26	1	91	-	-	Reference	English	Regular	MP	notMinister	AKP	Justice and Development Party	Coalition	Right	İlknur.İnceöz	İnceöz, İlknur	F	1973	
ParlaMint-TR-en_2016-05-20-tbmm-T26	tbmm-2016-05-20sit01spe0238par0986	The Turkish parliamentary corpus ParlaMint-TR-en, Term 26, Year 1, Session 91	2016-05-20	Unicameralism	26	1	91	-	-	Reference	English	Regular	MP	notMinister	HDP	Peoples' Democratic Party	Opposition	Centre-left to left	Filiz.Kerestecioğlu	Kerestecioğlu Demir, Filiz	F	1961	
ParlaMint-TR-en_2016-05-20-tbmm-T26	tbmm-2016-05-20sit01spe0241par0987	The Turkish parliamentary corpus ParlaMint-TR-en, Term 26, Year 1, Session 91	2016-05-20	Unicameralism	26	1	91	-	-	Reference	English	Regular	MP	notMinister	AKP	Justice and Development Party	Coalition	Right	Hüsnüye.Erdoğan	Erdoğan, Hüsnüye	F	1965	
ParlaMint-TR-en_2016-05-20-tbmm-T26	tbmm-2016-05-20sit01spe0238par0988	The Turkish parliamentary corpus ParlaMint-TR-en, Term 26, Year 1, Session 91	2016-05-20	Unicameralism	26	1	91	-	-	Reference	English	Regular	MP	notMinister	HDP	Peoples' Democratic Party	Opposition	Centre-left to left	Filiz.Kerestecioğlu	Kerestecioğlu Demir, Filiz	F	1961	
ParlaMint-TR-en_2016-05-20-tbmm-T26	tbmm-2016-05-20sit01spe0242par0991	The Turkish parliamentary corpus ParlaMint-TR-en, Term 26, Year 1, Session 91	2016-05-20	Unicameralism	26	1	91	-	-	Reference	English	Chairperson	MP	notMinister	AKP	Justice and Development Party	Coalition	Right	İsmail.Kahraman	Kahraman, İsmail	M	1940	
ParlaMint-TR-en_2016-05-20-tbmm-T26	tbmm-2016-05-20sit01spe0243par0993	The Turkish parliamentary corpus ParlaMint-TR-en, Term 26, Year 1, Session 91	2016-05-20	Unicameralism	26	1	91	-	-	Reference	English	Regular	MP	notMinister	AKP	Justice and Development Party	Coalition	Right	MehmetNaci.Bostancı	Bostancı, Mehmet Naci	M	1957	
ParlaMint-TR-en_2016-05-20-tbmm-T26	tbmm-2016-05-20sit01spe0242par0994	The Turkish parliamentary corpus ParlaMint-TR-en, Term 26, Year 1, Session 91	2016-05-20	Unicameralism	26	1	91	-	-	Reference	English	Chairperson	MP	notMinister	AKP	Justice and Development Party	Coalition	Right	İsmail.Kahraman	Kahraman, İsmail	M	1940	
ParlaMint-TR-en_2016-05-20-tbmm-T26	tbmm-2016-05-20sit01spe0243par0995	The Turkish parliamentary corpus ParlaMint-TR-en, Term 26, Year 1, Session 91	2016-05-20	Unicameralism	26	1	91	-	-	Reference	English	Regular	MP	notMinister	AKP	Justice and Development Party	Coalition	Right	MehmetNaci.Bostancı	Bostancı, Mehmet Naci	M	1957	
ParlaMint-TR-en_2016-05-20-tbmm-T26	tbmm-2016-05-20sit01spe0242par0996	The Turkish parliamentary corpus ParlaMint-TR-en, Term 26, Year 1, Session 91	2016-05-20	Unicameralism	26	1	91	-	-	Reference	English	Chairperson	MP	notMinister	AKP	Justice and Development Party	Coalition	Right	İsmail.Kahraman	Kahraman, İsmail	M	1940	
ParlaMint-TR-en_2016-05-20-tbmm-T26	tbmm-2016-05-20sit01spe0243par1001	The Turkish parliamentary corpus ParlaMint-TR-en, Term 26, Year 1, Session 91	2016-05-20	Unicameralism	26	1	91	-	-	Reference	English	Regular	MP	notMinister	AKP	Justice and Development Party	Coalition	Right	MehmetNaci.Bostancı	Bostancı, Mehmet Naci	M	1957	
ParlaMint-TR-en_2016-05-20-tbmm-T26	tbmm-2016-05-20sit01spe0244par1003	The Turkish parliamentary corpus ParlaMint-TR-en, Term 26, Year 1, Session 91	2016-05-20	Unicameralism	26	1	91	-	-	Reference	English	Regular	MP	notMinister	HDP	Peoples' Democratic Party	Opposition	Centre-left to left	Filiz.Kerestecioğlu	Kerestecioğlu Demir, Filiz	F	1961	
ParlaMint-TR-en_2016-05-20-tbmm-T26	tbmm-2016-05-20sit01spe0243par1004	The Turkish parliamentary corpus ParlaMint-TR-en, Term 26, Year 1, Session 91	2016-05-20	Unicameralism	26	1	91	-	-	Reference	English	Regular	MP	notMinister	AKP	Justice and Development Party	Coalition	Right	MehmetNaci.Bostancı	Bostancı, Mehmet Naci	M	1957	
ParlaMint-TR-en_2016-05-20-tbmm-T26	tbmm-2016-05-20sit01spe0245par1005	The Turkish parliamentary corpus ParlaMint-TR-en, Term 26, Year 1, Session 91	2016-05-20	Unicameralism	26	1	91	-	-	Reference	English	Regular	MP	notMinister	AKP	Justice and Development Party	Coalition	Right	Zehra.Taşkesenlioğlu	Taşkesenlioğlu, Zehra	F	1972	
ParlaMint-TR-en_2016-05-20-tbmm-T26	tbmm-2016-05-20sit01spe0246par1006	The Turkish parliamentary corpus ParlaMint-TR-en, Term 26, Year 1, Session 91	2016-05-20	Unicameralism	26	1	91	-	-	Reference	English	Regular	MP	notMinister	AKP	Justice and Development Party	Coalition	Right	İlknur.İnceöz	İnceöz, İlknur	F	1973	
ParlaMint-TR-en_2016-05-20-tbmm-T26	tbmm-2016-05-20sit01spe0247par1007	The Turkish parliamentary corpus ParlaMint-TR-en, Term 26, Year 1, Session 91	2016-05-20	Unicameralism	26	1	91	-	-	Reference	English	Regular	MP	notMinister	AKP	Justice and Development Party	Coalition	Right	Gökcen.Özdoğan	Özdoğan Enç, Gökcen	F	1976	
ParlaMint-TR-en_2016-05-20-tbmm-T26	tbmm-2016-05-20sit01spe0248par1008	The Turkish parliamentary corpus ParlaMint-TR-en, Term 26, Year 1, Session 91	2016-05-20	Unicameralism	26	1	91	-	-	Reference	English	Regular	MP	notMinister	AKP	Justice and Development Party	Coalition	Right	MehmetNaci.Bostancı	Bostancı, Mehmet Naci	M	1957	
ParlaMint-TR-en_2016-05-20-tbmm-T26	tbmm-2016-05-20sit01spe0249par1011	The Turkish parliamentary corpus ParlaMint-TR-en, Term 26, Year 1, Session 91	2016-05-20	Unicameralism	26	1	91	-	-	Reference	English	Chairperson	MP	notMinister	AKP	Justice and Development Party	Coalition	Right	İsmail.Kahraman	Kahraman, İsmail	M	1940	
ParlaMint-TR-en_2016-05-20-tbmm-T26	tbmm-2016-05-20sit01spe0250par1012	The Turkish parliamentary corpus ParlaMint-TR-en, Term 26, Year 1, Session 91	2016-05-20	Unicameralism	26	1	91	-	-	Reference	English	Regular	MP	notMinister	HDP	Peoples' Democratic Party	Opposition	Centre-left to left	Filiz.Kerestecioğlu	Kerestecioğlu Demir, Filiz	F	1961	
ParlaMint-TR-en_2016-05-20-tbmm-T26	tbmm-2016-05-20sit01spe0249par1013	The Turkish parliamentary corpus ParlaMint-TR-en, Term 26, Year 1, Session 91	2016-05-20	Unicameralism	26	1	91	-	-	Reference	English	Chairperson	MP	notMinister	AKP	Justice and Development Party	Coalition	Right	İsmail.Kahraman	Kahraman, İsmail	M	1940	
ParlaMint-TR-en_2016-05-20-tbmm-T26	tbmm-2016-05-20sit01spe0251par1014	The Turkish parliamentary corpus ParlaMint-TR-en, Term 26, Year 1, Session 91	2016-05-20	Unicameralism	26	1	91	-	-	Reference	English	Regular	MP	notMinister	AKP	Justice and Development Party	Coalition	Right	Bülent.Turan	Turan, Bülent	M	1975	
ParlaMint-TR-en_2016-05-20-tbmm-T26	tbmm-2016-05-20sit01spe0252par1015	The Turkish parliamentary corpus ParlaMint-TR-en, Term 26, Year 1, Session 91	2016-05-20	Unicameralism	26	1	91	-	-	Reference	English	Regular	MP	notMinister	AKP	Justice and Development Party	Coalition	Right	Gökcen.Özdoğan	Özdoğan Enç, Gökcen	F	1976	
ParlaMint-TR-en_2016-05-20-tbmm-T26	tbmm-2016-05-20sit01spe0253par1016	The Turkish parliamentary corpus ParlaMint-TR-en, Term 26, Year 1, Session 91	2016-05-20	Unicameralism	26	1	91	-	-	Reference	English	Regular	MP	notMinister	AKP	Justice and Development Party	Coalition	Right	İlknur.İnceöz	İnceöz, İlknur	F	1973	
ParlaMint-TR-en_2016-05-20-tbmm-T26	tbmm-2016-05-20sit01spe0254par1017	The Turkish parliamentary corpus ParlaMint-TR-en, Term 26, Year 1, Session 91	2016-05-20	Unicameralism	26	1	91	-	-	Reference	English	Regular	MP	notMinister	HDP	Peoples' Democratic Party	Opposition	Centre-left to left	Filiz.Kerestecioğlu	Kerestecioğlu Demir, Filiz	F	1961	
ParlaMint-TR-en_2016-05-20-tbmm-T26	tbmm-2016-05-20sit01spe0255par1018	The Turkish parliamentary corpus ParlaMint-TR-en, Term 26, Year 1, Session 91	2016-05-20	Unicameralism	26	1	91	-	-	Reference	English	Chairperson	MP	notMinister	AKP	Justice and Development Party	Coalition	Right	İsmail.Kahraman	Kahraman, İsmail	M	1940	
ParlaMint-TR-en_2016-05-20-tbmm-T26	tbmm-2016-05-20sit01spe0254par1021	The Turkish parliamentary corpus ParlaMint-TR-en, Term 26, Year 1, Session 91	2016-05-20	Unicameralism	26	1	91	-	-	Reference	English	Regular	MP	notMinister	HDP	Peoples' Democratic Party	Opposition	Centre-left to left	Filiz.Kerestecioğlu	Kerestecioğlu Demir, Filiz	F	1961	
ParlaMint-TR-en_2016-05-20-tbmm-T26	tbmm-2016-05-20sit01spe0256par1024	The Turkish parliamentary corpus ParlaMint-TR-en, Term 26, Year 1, Session 91	2016-05-20	Unicameralism	26	1	91	-	-	Reference	English	Regular	MP	notMinister	AKP	Justice and Development Party	Coalition	Right	Gökcen.Özdoğan	Özdoğan Enç, Gökcen	F	1976	
ParlaMint-TR-en_2016-05-20-tbmm-T26	tbmm-2016-05-20sit01spe0254par1025	The Turkish parliamentary corpus ParlaMint-TR-en, Term 26, Year 1, Session 91	2016-05-20	Unicameralism	26	1	91	-	-	Reference	English	Regular	MP	notMinister	HDP	Peoples' Democratic Party	Opposition	Centre-left to left	Filiz.Kerestecioğlu	Kerestecioğlu Demir, Filiz	F	1961	
ParlaMint-TR-en_2016-05-20-tbmm-T26	tbmm-2016-05-20sit01spe0257par1026	The Turkish parliamentary corpus ParlaMint-TR-en, Term 26, Year 1, Session 91	2016-05-20	Unicameralism	26	1	91	-	-	Reference	English	Regular	MP	notMinister	AKP	Justice and Development Party	Coalition	Right	İlknur.İnceöz	İnceöz, İlknur	F	1973	
ParlaMint-TR-en_2016-05-20-tbmm-T26	tbmm-2016-05-20sit01spe0254par1027	The Turkish parliamentary corpus ParlaMint-TR-en, Term 26, Year 1, Session 91	2016-05-20	Unicameralism	26	1	91	-	-	Reference	English	Regular	MP	notMinister	HDP	Peoples' Democratic Party	Opposition	Centre-left to left	Filiz.Kerestecioğlu	Kerestecioğlu Demir, Filiz	F	1961	
ParlaMint-TR-en_2016-05-20-tbmm-T26	tbmm-2016-05-20sit01spe0258par1030	The Turkish parliamentary corpus ParlaMint-TR-en, Term 26, Year 1, Session 91	2016-05-20	Unicameralism	26	1	91	-	-	Reference	English	Chairperson	MP	notMinister	AKP	Justice and Development Party	Coalition	Right	İsmail.Kahraman	Kahraman, İsmail	M	1940	
ParlaMint-TR-en_2016-05-20-tbmm-T26	tbmm-2016-05-20sit02spe0258par0001	The Turkish parliamentary corpus ParlaMint-TR-en, Term 26, Year 1, Session 91	2016-05-20	Unicameralism	26	1	91	-	-	Reference	English	Chairperson	MP	notMinister	AKP	Justice and Development Party	Coalition	Right	İsmail.Kahraman	Kahraman, İsmail	M	1940	
ParlaMint-TR-en_2016-05-20-tbmm-T26	tbmm-2016-05-20sit02spe0259par0009	The Turkish parliamentary corpus ParlaMint-TR-en, Term 26, Year 1, Session 91	2016-05-20	Unicameralism	26	1	91	-	-	Reference	English	Regular	MP	notMinister	AKP	Justice and Development Party	Coalition	Right	Ramazan.Can	Can, Ramazan	M	1970	
ParlaMint-TR-en_2016-05-20-tbmm-T26	tbmm-2016-05-20sit02spe0258par0010	The Turkish parliamentary corpus ParlaMint-TR-en, Term 26, Year 1, Session 91	2016-05-20	Unicameralism	26	1	91	-	-	Reference	English	Chairperson	MP	notMinister	AKP	Justice and Development Party	Coalition	Right	İsmail.Kahraman	Kahraman, İsmail	M	1940	
ParlaMint-TR-en_2016-05-20-tbmm-T26	tbmm-2016-05-20sit02spe0260par0016	The Turkish parliamentary corpus ParlaMint-TR-en, Term 26, Year 1, Session 91	2016-05-20	Unicameralism	26	1	91	-	-	Reference	English	Regular	MP	notMinister	AKP	Justice and Development Party	Coalition	Right	Bülent.Turan	Turan, Bülent	M	1975	
ParlaMint-TR-en_2016-05-20-tbmm-T26	tbmm-2016-05-20sit02spe0258par0017	The Turkish parliamentary corpus ParlaMint-TR-en, Term 26, Year 1, Session 91	2016-05-20	Unicameralism	26	1	91	-	-	Reference	English	Chairperson	MP	notMinister	AKP	Justice and Development Party	Coalition	Right	İsmail.Kahraman	Kahraman, İsmail	M	1940	
ParlaMint-TR-en_2016-05-20-tbmm-T26	tbmm-2016-05-20sit02spe0261par0023	The Turkish parliamentary corpus ParlaMint-TR-en, Term 26, Year 1, Session 91	2016-05-20	Unicameralism	26	1	91	-	-	Reference	English	Regular	MP	notMinister	AKP	Justice and Development Party	Coalition	Right	Bülent.Turan	Turan, Bülent	M	1975	
ParlaMint-TR-en_2016-05-20-tbmm-T26	tbmm-2016-05-20sit02spe0258par0024	The Turkish parliamentary corpus ParlaMint-TR-en, Term 26, Year 1, Session 91	2016-05-20	Unicameralism	26	1	91	-	-	Reference	English	Chairperson	MP	notMinister	AKP	Justice and Development Party	Coalition	Right	İsmail.Kahraman	Kahraman, İsmail	M	1940	
ParlaMint-TR-en_2016-05-20-tbmm-T26	tbmm-2016-05-20sit02spe0262par0030	The Turkish parliamentary corpus ParlaMint-TR-en, Term 26, Year 1, Session 91	2016-05-20	Unicameralism	26	1	91	-	-	Reference	English	Regular	MP	notMinister	AKP	Justice and Development Party	Coalition	Right	Ramazan.Can	Can, Ramazan	M	1970	
ParlaMint-TR-en_2016-05-20-tbmm-T26	tbmm-2016-05-20sit02spe0258par0031	The Turkish parliamentary corpus ParlaMint-TR-en, Term 26, Year 1, Session 91	2016-05-20	Unicameralism	26	1	91	-	-	Reference	English	Chairperson	MP	notMinister	AKP	Justice and Development Party	Coalition	Right	İsmail.Kahraman	Kahraman, İsmail	M	1940	
ParlaMint-TR-en_2016-05-20-tbmm-T26	tbmm-2016-05-20sit02spe0263par0036	The Turkish parliamentary corpus ParlaMint-TR-en, Term 26, Year 1, Session 91	2016-05-20	Unicameralism	26	1	91	-	-	Reference	English	Regular	MP	notMinister	HDP	Peoples' Democratic Party	Opposition	Centre-left to left	İdris.Baluken	Baluken, İdris	M	1976	
ParlaMint-TR-en_2016-05-20-tbmm-T26	tbmm-2016-05-20sit02spe0258par0038	The Turkish parliamentary corpus ParlaMint-TR-en, Term 26, Year 1, Session 91	2016-05-20	Unicameralism	26	1	91	-	-	Reference	English	Chairperson	MP	notMinister	AKP	Justice and Development Party	Coalition	Right	İsmail.Kahraman	Kahraman, İsmail	M	1940	
ParlaMint-TR-en_2016-05-20-tbmm-T26	tbmm-2016-05-20sit02spe0264par0041	The Turkish parliamentary corpus ParlaMint-TR-en, Term 26, Year 1, Session 91	2016-05-20	Unicameralism	26	1	91	-	-	Reference	English	Regular	MP	notMinister	HDP	Peoples' Democratic Party	Opposition	Centre-left to left	İdris.Baluken	Baluken, İdris	M	1976	
ParlaMint-TR-en_2016-05-20-tbmm-T26	tbmm-2016-05-20sit02spe0258par0043	The Turkish parliamentary corpus ParlaMint-TR-en, Term 26, Year 1, Session 91	2016-05-20	Unicameralism	26	1	91	-	-	Reference	English	Chairperson	MP	notMinister	AKP	Justice and Development Party	Coalition	Right	İsmail.Kahraman	Kahraman, İsmail	M	1940	
ParlaMint-TR-en_2016-05-20-tbmm-T26	tbmm-2016-05-20sit02spe0264par0044	The Turkish parliamentary corpus ParlaMint-TR-en, Term 26, Year 1, Session 91	2016-05-20	Unicameralism	26	1	91	-	-	Reference	English	Regular	MP	notMinister	HDP	Peoples' Democratic Party	Opposition	Centre-left to left	İdris.Baluken	Baluken, İdris	M	1976	
ParlaMint-TR-en_2016-05-20-tbmm-T26	tbmm-2016-05-20sit02spe0258par0045	The Turkish parliamentary corpus ParlaMint-TR-en, Term 26, Year 1, Session 91	2016-05-20	Unicameralism	26	1	91	-	-	Reference	English	Chairperson	MP	notMinister	AKP	Justice and Development Party	Coalition	Right	İsmail.Kahraman	Kahraman, İsmail	M	1940	
ParlaMint-TR-en_2016-05-20-tbmm-T26	tbmm-2016-05-20sit02spe0264par0046	The Turkish parliamentary corpus ParlaMint-TR-en, Term 26, Year 1, Session 91	2016-05-20	Unicameralism	26	1	91	-	-	Reference	English	Regular	MP	notMinister	HDP	Peoples' Democratic Party	Opposition	Centre-left to left	İdris.Baluken	Baluken, İdris	M	1976	
ParlaMint-TR-en_2016-05-20-tbmm-T26	tbmm-2016-05-20sit02spe0258par0047	The Turkish parliamentary corpus ParlaMint-TR-en, Term 26, Year 1, Session 91	2016-05-20	Unicameralism	26	1	91	-	-	Reference	English	Chairperson	MP	notMinister	AKP	Justice and Development Party	Coalition	Right	İsmail.Kahraman	Kahraman, İsmail	M	1940	
ParlaMint-TR-en_2016-05-20-tbmm-T26	tbmm-2016-05-20sit02spe0264par0049	The Turkish parliamentary corpus ParlaMint-TR-en, Term 26, Year 1, Session 91	2016-05-20	Unicameralism	26	1	91	-	-	Reference	English	Regular	MP	notMinister	HDP	Peoples' Democratic Party	Opposition	Centre-left to left	İdris.Baluken	Baluken, İdris	M	1976	
ParlaMint-TR-en_2016-05-20-tbmm-T26	tbmm-2016-05-20sit02spe0258par0050	The Turkish parliamentary corpus ParlaMint-TR-en, Term 26, Year 1, Session 91	2016-05-20	Unicameralism	26	1	91	-	-	Reference	English	Chairperson	MP	notMinister	AKP	Justice and Development Party	Coalition	Right	İsmail.Kahraman	Kahraman, İsmail	M	1940	
ParlaMint-TR-en_2016-05-20-tbmm-T26	tbmm-2016-05-20sit02spe0265par0055	The Turkish parliamentary corpus ParlaMint-TR-en, Term 26, Year 1, Session 91	2016-05-20	Unicameralism	26	1	91	-	-	Reference	English	Regular	MP	notMinister	HDP	Peoples' Democratic Party	Opposition	Centre-left to left	İdris.Baluken	Baluken, İdris	M	1976	
ParlaMint-TR-en_2016-05-20-tbmm-T26	tbmm-2016-05-20sit02spe0266par0057	The Turkish parliamentary corpus ParlaMint-TR-en, Term 26, Year 1, Session 91	2016-05-20	Unicameralism	26	1	91	-	-	Reference	English	Regular	MP	notMinister	HDP	Peoples' Democratic Party	Opposition	Centre-left to left	Mahmut.Toğrul	Toğrul, Mahmut	M	1967	
ParlaMint-TR-en_2016-05-20-tbmm-T26	tbmm-2016-05-20sit02spe0267par0059	The Turkish parliamentary corpus ParlaMint-TR-en, Term 26, Year 1, Session 91	2016-05-20	Unicameralism	26	1	91	-	-	Reference	English	Chairperson	MP	notMinister	AKP	Justice and Development Party	Coalition	Right	İsmail.Kahraman	Kahraman, İsmail	M	1940	
ParlaMint-TR-en_2016-05-20-tbmm-T26	tbmm-2016-05-20sit02spe0268par0068	The Turkish parliamentary corpus ParlaMint-TR-en, Term 26, Year 1, Session 91	2016-05-20	Unicameralism	26	1	91	-	-	Reference	English	Regular	MP	notMinister	HDP	Peoples' Democratic Party	Opposition	Centre-left to left	İdris.Baluken	Baluken, İdris	M	1976	
ParlaMint-TR-en_2016-05-20-tbmm-T26	tbmm-2016-05-20sit02spe0267par0069	The Turkish parliamentary corpus ParlaMint-TR-en, Term 26, Year 1, Session 91	2016-05-20	Unicameralism	26	1	91	-	-	Reference	English	Chairperson	MP	notMinister	AKP	Justice and Development Party	Coalition	Right	İsmail.Kahraman	Kahraman, İsmail	M	1940	
ParlaMint-TR-en_2016-05-20-tbmm-T26	tbmm-2016-05-20sit02spe0268par0070	The Turkish parliamentary corpus ParlaMint-TR-en, Term 26, Year 1, Session 91	2016-05-20	Unicameralism	26	1	91	-	-	Reference	English	Regular	MP	notMinister	HDP	Peoples' Democratic Party	Opposition	Centre-left to left	İdris.Baluken	Baluken, İdris	M	1976	
ParlaMint-TR-en_2016-05-20-tbmm-T26	tbmm-2016-05-20sit02spe0269par0074	The Turkish parliamentary corpus ParlaMint-TR-en, Term 26, Year 1, Session 91	2016-05-20	Unicameralism	26	1	91	-	-	Reference	English	Chairperson	MP	notMinister	AKP	Justice and Development Party	Coalition	Right	İsmail.Kahraman	Kahraman, İsmail	M	1940	
ParlaMint-TR-en_2016-05-20-tbmm-T26	tbmm-2016-05-20sit02spe0270par0075	The Turkish parliamentary corpus ParlaMint-TR-en, Term 26, Year 1, Session 91	2016-05-20	Unicameralism	26	1	91	-	-	Reference	English	Regular	MP	notMinister	AKP	Justice and Development Party	Coalition	Right	MehmetNaci.Bostancı	Bostancı, Mehmet Naci	M	1957	
ParlaMint-TR-en_2016-05-20-tbmm-T26	tbmm-2016-05-20sit02spe0269par0076	The Turkish parliamentary corpus ParlaMint-TR-en, Term 26, Year 1, Session 91	2016-05-20	Unicameralism	26	1	91	-	-	Reference	English	Chairperson	MP	notMinister	AKP	Justice and Development Party	Coalition	Right	İsmail.Kahraman	Kahraman, İsmail	M	1940	
ParlaMint-TR-en_2016-05-20-tbmm-T26	tbmm-2016-05-20sit02spe0270par0077	The Turkish parliamentary corpus ParlaMint-TR-en, Term 26, Year 1, Session 91	2016-05-20	Unicameralism	26	1	91	-	-	Reference	English	Regular	MP	notMinister	AKP	Justice and Development Party	Coalition	Right	MehmetNaci.Bostancı	Bostancı, Mehmet Naci	M	1957	
ParlaMint-TR-en_2016-05-20-tbmm-T26	tbmm-2016-05-20sit02spe0269par0078	The Turkish parliamentary corpus ParlaMint-TR-en, Term 26, Year 1, Session 91	2016-05-20	Unicameralism	26	1	91	-	-	Reference	English	Chairperson	MP	notMinister	AKP	Justice and Development Party	Coalition	Right	İsmail.Kahraman	Kahraman, İsmail	M	1940	
ParlaMint-TR-en_2016-05-20-tbmm-T26	tbmm-2016-05-20sit02spe0270par0079	The Turkish parliamentary corpus ParlaMint-TR-en, Term 26, Year 1, Session 91	2016-05-20	Unicameralism	26	1	91	-	-	Reference	English	Regular	MP	notMinister	AKP	Justice and Development Party	Coalition	Right	MehmetNaci.Bostancı	Bostancı, Mehmet Naci	M	1957	
ParlaMint-TR-en_2016-05-20-tbmm-T26	tbmm-2016-05-20sit02spe0269par0080	The Turkish parliamentary corpus ParlaMint-TR-en, Term 26, Year 1, Session 91	2016-05-20	Unicameralism	26	1	91	-	-	Reference	English	Chairperson	MP	notMinister	AKP	Justice and Development Party	Coalition	Right	İsmail.Kahraman	Kahraman, İsmail	M	1940	
ParlaMint-TR-en_2016-05-20-tbmm-T26	tbmm-2016-05-20sit02spe0271par0082	The Turkish parliamentary corpus ParlaMint-TR-en, Term 26, Year 1, Session 91	2016-05-20	Unicameralism	26	1	91	-	-	Reference	English	Regular	MP	notMinister	HDP	Peoples' Democratic Party	Opposition	Centre-left to left	Sibel.Yiğitalp	Yiğitalp, Sibel	F	1971	
ParlaMint-TR-en_2016-05-20-tbmm-T26	tbmm-2016-05-20sit02spe0269par0083	The Turkish parliamentary corpus ParlaMint-TR-en, Term 26, Year 1, Session 91	2016-05-20	Unicameralism	26	1	91	-	-	Reference	English	Chairperson	MP	notMinister	AKP	Justice and Development Party	Coalition	Right	İsmail.Kahraman	Kahraman, İsmail	M	1940	
ParlaMint-TR-en_2016-05-20-tbmm-T26	tbmm-2016-05-20sit02spe0272par0084	The Turkish parliamentary corpus ParlaMint-TR-en, Term 26, Year 1, Session 91	2016-05-20	Unicameralism	26	1	91	-	-	Reference	English	Regular	MP	notMinister	HDP	Peoples' Democratic Party	Opposition	Centre-left to left	Ertuğrul.Kürkcü	Kürkcü, Ertuğrul	M	1948	
ParlaMint-TR-en_2016-05-20-tbmm-T26	tbmm-2016-05-20sit02spe0269par0085	The Turkish parliamentary corpus ParlaMint-TR-en, Term 26, Year 1, Session 91	2016-05-20	Unicameralism	26	1	91	-	-	Reference	English	Chairperson	MP	notMinister	AKP	Justice and Development Party	Coalition	Right	İsmail.Kahraman	Kahraman, İsmail	M	1940	
ParlaMint-TR-en_2016-05-20-tbmm-T26	tbmm-2016-05-20sit02spe0273par0086	The Turkish parliamentary corpus ParlaMint-TR-en, Term 26, Year 1, Session 91	2016-05-20	Unicameralism	26	1	91	-	-	Reference	English	Regular	MP	notMinister	HDP	Peoples' Democratic Party	Opposition	Centre-left to left	İdris.Baluken	Baluken, İdris	M	1976	
ParlaMint-TR-en_2016-05-20-tbmm-T26	tbmm-2016-05-20sit02spe0269par0087	The Turkish parliamentary corpus ParlaMint-TR-en, Term 26, Year 1, Session 91	2016-05-20	Unicameralism	26	1	91	-	-	Reference	English	Chairperson	MP	notMinister	AKP	Justice and Development Party	Coalition	Right	İsmail.Kahraman	Kahraman, İsmail	M	1940	
ParlaMint-TR-en_2016-05-20-tbmm-T26	tbmm-2016-05-20sit02spe0273par0088	The Turkish parliamentary corpus ParlaMint-TR-en, Term 26, Year 1, Session 91	2016-05-20	Unicameralism	26	1	91	-	-	Reference	English	Regular	MP	notMinister	HDP	Peoples' Democratic Party	Opposition	Centre-left to left	İdris.Baluken	Baluken, İdris	M	1976	
ParlaMint-TR-en_2016-05-20-tbmm-T26	tbmm-2016-05-20sit02spe0269par0089	The Turkish parliamentary corpus ParlaMint-TR-en, Term 26, Year 1, Session 91	2016-05-20	Unicameralism	26	1	91	-	-	Reference	English	Chairperson	MP	notMinister	AKP	Justice and Development Party	Coalition	Right	İsmail.Kahraman	Kahraman, İsmail	M	1940	
ParlaMint-TR-en_2016-05-20-tbmm-T26	tbmm-2016-05-20sit02spe0273par0090	The Turkish parliamentary corpus ParlaMint-TR-en, Term 26, Year 1, Session 91	2016-05-20	Unicameralism	26	1	91	-	-	Reference	English	Regular	MP	notMinister	HDP	Peoples' Democratic Party	Opposition	Centre-left to left	İdris.Baluken	Baluken, İdris	M	1976	
ParlaMint-TR-en_2016-05-20-tbmm-T26	tbmm-2016-05-20sit02spe0274par0091	The Turkish parliamentary corpus ParlaMint-TR-en, Term 26, Year 1, Session 91	2016-05-20	Unicameralism	26	1	91	-	-	Reference	English	Regular	MP	notMinister	AKP	Justice and Development Party	Coalition	Right	İlknur.İnceöz	İnceöz, İlknur	F	1973	
ParlaMint-TR-en_2016-05-20-tbmm-T26	tbmm-2016-05-20sit02spe0273par0092	The Turkish parliamentary corpus ParlaMint-TR-en, Term 26, Year 1, Session 91	2016-05-20	Unicameralism	26	1	91	-	-	Reference	English	Regular	MP	notMinister	HDP	Peoples' Democratic Party	Opposition	Centre-left to left	İdris.Baluken	Baluken, İdris	M	1976	
ParlaMint-TR-en_2016-05-20-tbmm-T26	tbmm-2016-05-20sit02spe0275par0093	The Turkish parliamentary corpus ParlaMint-TR-en, Term 26, Year 1, Session 91	2016-05-20	Unicameralism	26	1	91	-	-	Reference	English	Chairperson	MP	notMinister	AKP	Justice and Development Party	Coalition	Right	İsmail.Kahraman	Kahraman, İsmail	M	1940	
ParlaMint-TR-en_2016-05-20-tbmm-T26	tbmm-2016-05-20sit02spe0276par0094	The Turkish parliamentary corpus ParlaMint-TR-en, Term 26, Year 1, Session 91	2016-05-20	Unicameralism	26	1	91	-	-	Reference	English	Regular	MP	notMinister	AKP	Justice and Development Party	Coalition	Right	OsmanAşkın.Bak	Bak, Osman Aşkın	M	1966	
ParlaMint-TR-en_2016-05-20-tbmm-T26	tbmm-2016-05-20sit02spe0275par0095	The Turkish parliamentary corpus ParlaMint-TR-en, Term 26, Year 1, Session 91	2016-05-20	Unicameralism	26	1	91	-	-	Reference	English	Chairperson	MP	notMinister	AKP	Justice and Development Party	Coalition	Right	İsmail.Kahraman	Kahraman, İsmail	M	1940	
