Text_ID	ID	Title	Date	Body	Term	Session	Meeting	Sitting	Agenda	Subcorpus	Lang	Speaker_role	Speaker_MP	Speaker_minister	Speaker_party	Speaker_party_name	Party_status	Party_orientation	Speaker_ID	Speaker_name	Speaker_gender	Speaker_birth
ParlaMint-TR-en_2020-07-01-tbmm-T27	tbmm-2020-07-01sit01spe0001par0001	The Turkish parliamentary corpus ParlaMint-TR-en, Term 27, Year 3, Session 106	2020-07-01	Unicameralism	27	3	106	-	-	COVID	English	Chairperson	MP	notMinister	HDP	Peoples' Democratic Party	Opposition	Centre-left to left	Nimetullah.Erdoğmuş	Erdoğmuş, Nimetullah	M	1960	
ParlaMint-TR-en_2020-07-01-tbmm-T27	tbmm-2020-07-01sit01spe0002par0010	The Turkish parliamentary corpus ParlaMint-TR-en, Term 27, Year 3, Session 106	2020-07-01	Unicameralism	27	3	106	-	-	COVID	English	Regular	MP	notMinister	CHP	Republican People's Party	Opposition	Centre-left	Müzeyyen.Şevkin	Şevkin, Müzeyyen	F	1961	
ParlaMint-TR-en_2020-07-01-tbmm-T27	tbmm-2020-07-01sit01spe0003par0021	The Turkish parliamentary corpus ParlaMint-TR-en, Term 27, Year 3, Session 106	2020-07-01	Unicameralism	27	3	106	-	-	COVID	English	Chairperson	MP	notMinister	HDP	Peoples' Democratic Party	Opposition	Centre-left to left	Nimetullah.Erdoğmuş	Erdoğmuş, Nimetullah	M	1960	
ParlaMint-TR-en_2020-07-01-tbmm-T27	tbmm-2020-07-01sit01spe0002par0022	The Turkish parliamentary corpus ParlaMint-TR-en, Term 27, Year 3, Session 106	2020-07-01	Unicameralism	27	3	106	-	-	COVID	English	Regular	MP	notMinister	CHP	Republican People's Party	Opposition	Centre-left	Müzeyyen.Şevkin	Şevkin, Müzeyyen	F	1961	
ParlaMint-TR-en_2020-07-01-tbmm-T27	tbmm-2020-07-01sit01spe0004par0027	The Turkish parliamentary corpus ParlaMint-TR-en, Term 27, Year 3, Session 106	2020-07-01	Unicameralism	27	3	106	-	-	COVID	English	Regular	MP	notMinister	CHP	Republican People's Party	Opposition	Centre-left	Nurhayat.Altaca	Altaca Kayışoğlu, Nurhayat	F	1978	
ParlaMint-TR-en_2020-07-01-tbmm-T27	tbmm-2020-07-01sit01spe0005par0029	The Turkish parliamentary corpus ParlaMint-TR-en, Term 27, Year 3, Session 106	2020-07-01	Unicameralism	27	3	106	-	-	COVID	English	Chairperson	MP	notMinister	HDP	Peoples' Democratic Party	Opposition	Centre-left to left	Nimetullah.Erdoğmuş	Erdoğmuş, Nimetullah	M	1960	
ParlaMint-TR-en_2020-07-01-tbmm-T27	tbmm-2020-07-01sit01spe0002par0030	The Turkish parliamentary corpus ParlaMint-TR-en, Term 27, Year 3, Session 106	2020-07-01	Unicameralism	27	3	106	-	-	COVID	English	Regular	MP	notMinister	CHP	Republican People's Party	Opposition	Centre-left	Müzeyyen.Şevkin	Şevkin, Müzeyyen	F	1961	
ParlaMint-TR-en_2020-07-01-tbmm-T27	tbmm-2020-07-01sit01spe0004par0031	The Turkish parliamentary corpus ParlaMint-TR-en, Term 27, Year 3, Session 106	2020-07-01	Unicameralism	27	3	106	-	-	COVID	English	Regular	MP	notMinister	CHP	Republican People's Party	Opposition	Centre-left	Nurhayat.Altaca	Altaca Kayışoğlu, Nurhayat	F	1978	
ParlaMint-TR-en_2020-07-01-tbmm-T27	tbmm-2020-07-01sit01spe0002par0032	The Turkish parliamentary corpus ParlaMint-TR-en, Term 27, Year 3, Session 106	2020-07-01	Unicameralism	27	3	106	-	-	COVID	English	Regular	MP	notMinister	CHP	Republican People's Party	Opposition	Centre-left	Müzeyyen.Şevkin	Şevkin, Müzeyyen	F	1961	
ParlaMint-TR-en_2020-07-01-tbmm-T27	tbmm-2020-07-01sit01spe0006par0035	The Turkish parliamentary corpus ParlaMint-TR-en, Term 27, Year 3, Session 106	2020-07-01	Unicameralism	27	3	106	-	-	COVID	English	Chairperson	MP	notMinister	HDP	Peoples' Democratic Party	Opposition	Centre-left to left	Nimetullah.Erdoğmuş	Erdoğmuş, Nimetullah	M	1960	
ParlaMint-TR-en_2020-07-01-tbmm-T27	tbmm-2020-07-01sit01spe0007par0039	The Turkish parliamentary corpus ParlaMint-TR-en, Term 27, Year 3, Session 106	2020-07-01	Unicameralism	27	3	106	-	-	COVID	English	Regular	MP	notMinister	HDP	Peoples' Democratic Party	Opposition	Centre-left to left	Hasan.Özgüneş	Özgüneş, Hasan	M	1957	
ParlaMint-TR-en_2020-07-01-tbmm-T27	tbmm-2020-07-01sit01spe0008par0042	The Turkish parliamentary corpus ParlaMint-TR-en, Term 27, Year 3, Session 106	2020-07-01	Unicameralism	27	3	106	-	-	COVID	English	Regular	MP	notMinister	AKP	Justice and Development Party	Coalition	Right	Cahit.Özkan	Özkan, Cahit	M	1976	
ParlaMint-TR-en_2020-07-01-tbmm-T27	tbmm-2020-07-01sit01spe0007par0043	The Turkish parliamentary corpus ParlaMint-TR-en, Term 27, Year 3, Session 106	2020-07-01	Unicameralism	27	3	106	-	-	COVID	English	Regular	MP	notMinister	HDP	Peoples' Democratic Party	Opposition	Centre-left to left	Hasan.Özgüneş	Özgüneş, Hasan	M	1957	
ParlaMint-TR-en_2020-07-01-tbmm-T27	tbmm-2020-07-01sit01spe0008par0044	The Turkish parliamentary corpus ParlaMint-TR-en, Term 27, Year 3, Session 106	2020-07-01	Unicameralism	27	3	106	-	-	COVID	English	Regular	MP	notMinister	AKP	Justice and Development Party	Coalition	Right	Cahit.Özkan	Özkan, Cahit	M	1976	
ParlaMint-TR-en_2020-07-01-tbmm-T27	tbmm-2020-07-01sit01spe0007par0045	The Turkish parliamentary corpus ParlaMint-TR-en, Term 27, Year 3, Session 106	2020-07-01	Unicameralism	27	3	106	-	-	COVID	English	Regular	MP	notMinister	HDP	Peoples' Democratic Party	Opposition	Centre-left to left	Hasan.Özgüneş	Özgüneş, Hasan	M	1957	
ParlaMint-TR-en_2020-07-01-tbmm-T27	tbmm-2020-07-01sit01spe0008par0046	The Turkish parliamentary corpus ParlaMint-TR-en, Term 27, Year 3, Session 106	2020-07-01	Unicameralism	27	3	106	-	-	COVID	English	Regular	MP	notMinister	AKP	Justice and Development Party	Coalition	Right	Cahit.Özkan	Özkan, Cahit	M	1976	
ParlaMint-TR-en_2020-07-01-tbmm-T27	tbmm-2020-07-01sit01spe0007par0047	The Turkish parliamentary corpus ParlaMint-TR-en, Term 27, Year 3, Session 106	2020-07-01	Unicameralism	27	3	106	-	-	COVID	English	Regular	MP	notMinister	HDP	Peoples' Democratic Party	Opposition	Centre-left to left	Hasan.Özgüneş	Özgüneş, Hasan	M	1957	
ParlaMint-TR-en_2020-07-01-tbmm-T27	tbmm-2020-07-01sit01spe0009par0051	The Turkish parliamentary corpus ParlaMint-TR-en, Term 27, Year 3, Session 106	2020-07-01	Unicameralism	27	3	106	-	-	COVID	English	Chairperson	MP	notMinister	HDP	Peoples' Democratic Party	Opposition	Centre-left to left	Nimetullah.Erdoğmuş	Erdoğmuş, Nimetullah	M	1960	
ParlaMint-TR-en_2020-07-01-tbmm-T27	tbmm-2020-07-01sit01spe0007par0052	The Turkish parliamentary corpus ParlaMint-TR-en, Term 27, Year 3, Session 106	2020-07-01	Unicameralism	27	3	106	-	-	COVID	English	Regular	MP	notMinister	HDP	Peoples' Democratic Party	Opposition	Centre-left to left	Hasan.Özgüneş	Özgüneş, Hasan	M	1957	
ParlaMint-TR-en_2020-07-01-tbmm-T27	tbmm-2020-07-01sit01spe0009par0055	The Turkish parliamentary corpus ParlaMint-TR-en, Term 27, Year 3, Session 106	2020-07-01	Unicameralism	27	3	106	-	-	COVID	English	Chairperson	MP	notMinister	HDP	Peoples' Democratic Party	Opposition	Centre-left to left	Nimetullah.Erdoğmuş	Erdoğmuş, Nimetullah	M	1960	
ParlaMint-TR-en_2020-07-01-tbmm-T27	tbmm-2020-07-01sit01spe0007par0056	The Turkish parliamentary corpus ParlaMint-TR-en, Term 27, Year 3, Session 106	2020-07-01	Unicameralism	27	3	106	-	-	COVID	English	Regular	MP	notMinister	HDP	Peoples' Democratic Party	Opposition	Centre-left to left	Hasan.Özgüneş	Özgüneş, Hasan	M	1957	
ParlaMint-TR-en_2020-07-01-tbmm-T27	tbmm-2020-07-01sit01spe0010par0060	The Turkish parliamentary corpus ParlaMint-TR-en, Term 27, Year 3, Session 106	2020-07-01	Unicameralism	27	3	106	-	-	COVID	English	Chairperson	MP	notMinister	HDP	Peoples' Democratic Party	Opposition	Centre-left to left	Nimetullah.Erdoğmuş	Erdoğmuş, Nimetullah	M	1960	
ParlaMint-TR-en_2020-07-01-tbmm-T27	tbmm-2020-07-01sit01spe0011par0063	The Turkish parliamentary corpus ParlaMint-TR-en, Term 27, Year 3, Session 106	2020-07-01	Unicameralism	27	3	106	-	-	COVID	English	Regular	MP	notMinister	AKP	Justice and Development Party	Coalition	Right	Cahit.Özkan	Özkan, Cahit	M	1976	
ParlaMint-TR-en_2020-07-01-tbmm-T27	tbmm-2020-07-01sit01spe0012par0067	The Turkish parliamentary corpus ParlaMint-TR-en, Term 27, Year 3, Session 106	2020-07-01	Unicameralism	27	3	106	-	-	COVID	English	Regular	MP	notMinister	HDP	Peoples' Democratic Party	Opposition	Centre-left to left	Gülüstan.Kılıç	Kılıç Koçyiğit, Gülüstan	F	1979	
ParlaMint-TR-en_2020-07-01-tbmm-T27	tbmm-2020-07-01sit01spe0013par0068	The Turkish parliamentary corpus ParlaMint-TR-en, Term 27, Year 3, Session 106	2020-07-01	Unicameralism	27	3	106	-	-	COVID	English	Chairperson	MP	notMinister	HDP	Peoples' Democratic Party	Opposition	Centre-left to left	Nimetullah.Erdoğmuş	Erdoğmuş, Nimetullah	M	1960	
ParlaMint-TR-en_2020-07-01-tbmm-T27	tbmm-2020-07-01sit01spe0011par0069	The Turkish parliamentary corpus ParlaMint-TR-en, Term 27, Year 3, Session 106	2020-07-01	Unicameralism	27	3	106	-	-	COVID	English	Regular	MP	notMinister	AKP	Justice and Development Party	Coalition	Right	Cahit.Özkan	Özkan, Cahit	M	1976	
ParlaMint-TR-en_2020-07-01-tbmm-T27	tbmm-2020-07-01sit01spe0013par0074	The Turkish parliamentary corpus ParlaMint-TR-en, Term 27, Year 3, Session 106	2020-07-01	Unicameralism	27	3	106	-	-	COVID	English	Chairperson	MP	notMinister	HDP	Peoples' Democratic Party	Opposition	Centre-left to left	Nimetullah.Erdoğmuş	Erdoğmuş, Nimetullah	M	1960	
ParlaMint-TR-en_2020-07-01-tbmm-T27	tbmm-2020-07-01sit01spe0014par0077	The Turkish parliamentary corpus ParlaMint-TR-en, Term 27, Year 3, Session 106	2020-07-01	Unicameralism	27	3	106	-	-	COVID	English	Regular	MP	notMinister	AKP	Justice and Development Party	Coalition	Right	Selman.Özboyacı	Özboyacı, Selman	M	1989	
ParlaMint-TR-en_2020-07-01-tbmm-T27	tbmm-2020-07-01sit01spe0015par0090	The Turkish parliamentary corpus ParlaMint-TR-en, Term 27, Year 3, Session 106	2020-07-01	Unicameralism	27	3	106	-	-	COVID	English	Regular	MP	notMinister	CHP	Republican People's Party	Opposition	Centre-left	Mahmut.Tanal	Tanal, Mahmut	M	1961	
ParlaMint-TR-en_2020-07-01-tbmm-T27	tbmm-2020-07-01sit01spe0014par0091	The Turkish parliamentary corpus ParlaMint-TR-en, Term 27, Year 3, Session 106	2020-07-01	Unicameralism	27	3	106	-	-	COVID	English	Regular	MP	notMinister	AKP	Justice and Development Party	Coalition	Right	Selman.Özboyacı	Özboyacı, Selman	M	1989	
ParlaMint-TR-en_2020-07-01-tbmm-T27	tbmm-2020-07-01sit01spe0015par0092	The Turkish parliamentary corpus ParlaMint-TR-en, Term 27, Year 3, Session 106	2020-07-01	Unicameralism	27	3	106	-	-	COVID	English	Regular	MP	notMinister	CHP	Republican People's Party	Opposition	Centre-left	Mahmut.Tanal	Tanal, Mahmut	M	1961	
ParlaMint-TR-en_2020-07-01-tbmm-T27	tbmm-2020-07-01sit01spe0016par0094	The Turkish parliamentary corpus ParlaMint-TR-en, Term 27, Year 3, Session 106	2020-07-01	Unicameralism	27	3	106	-	-	COVID	English	Chairperson	MP	notMinister	HDP	Peoples' Democratic Party	Opposition	Centre-left to left	Nimetullah.Erdoğmuş	Erdoğmuş, Nimetullah	M	1960	
ParlaMint-TR-en_2020-07-01-tbmm-T27	tbmm-2020-07-01sit01spe0017par0099	The Turkish parliamentary corpus ParlaMint-TR-en, Term 27, Year 3, Session 106	2020-07-01	Unicameralism	27	3	106	-	-	COVID	English	Regular	MP	notMinister	MHP	Nationalist Movement Party	-	Right to far-right	Ümit.Yılmaz	Yılmaz, Ümit	M	1971	
ParlaMint-TR-en_2020-07-01-tbmm-T27	tbmm-2020-07-01sit01spe0018par0102	The Turkish parliamentary corpus ParlaMint-TR-en, Term 27, Year 3, Session 106	2020-07-01	Unicameralism	27	3	106	-	-	COVID	English	Chairperson	MP	notMinister	HDP	Peoples' Democratic Party	Opposition	Centre-left to left	Nimetullah.Erdoğmuş	Erdoğmuş, Nimetullah	M	1960	
ParlaMint-TR-en_2020-07-01-tbmm-T27	tbmm-2020-07-01sit01spe0019par0104	The Turkish parliamentary corpus ParlaMint-TR-en, Term 27, Year 3, Session 106	2020-07-01	Unicameralism	27	3	106	-	-	COVID	English	Regular	MP	notMinister	CHP	Republican People's Party	Opposition	Centre-left	ÖmerFethi.Gürer	Gürer, Ömer Fethi	M	1957	
ParlaMint-TR-en_2020-07-01-tbmm-T27	tbmm-2020-07-01sit01spe0018par0106	The Turkish parliamentary corpus ParlaMint-TR-en, Term 27, Year 3, Session 106	2020-07-01	Unicameralism	27	3	106	-	-	COVID	English	Chairperson	MP	notMinister	HDP	Peoples' Democratic Party	Opposition	Centre-left to left	Nimetullah.Erdoğmuş	Erdoğmuş, Nimetullah	M	1960	
ParlaMint-TR-en_2020-07-01-tbmm-T27	tbmm-2020-07-01sit01spe0020par0108	The Turkish parliamentary corpus ParlaMint-TR-en, Term 27, Year 3, Session 106	2020-07-01	Unicameralism	27	3	106	-	-	COVID	English	Regular	MP	notMinister	CHP	Republican People's Party	Opposition	Centre-left	Aysu.Bankoğlu	Bankoğlu, Aysu	F	1989	
ParlaMint-TR-en_2020-07-01-tbmm-T27	tbmm-2020-07-01sit01spe0018par0110	The Turkish parliamentary corpus ParlaMint-TR-en, Term 27, Year 3, Session 106	2020-07-01	Unicameralism	27	3	106	-	-	COVID	English	Chairperson	MP	notMinister	HDP	Peoples' Democratic Party	Opposition	Centre-left to left	Nimetullah.Erdoğmuş	Erdoğmuş, Nimetullah	M	1960	
ParlaMint-TR-en_2020-07-01-tbmm-T27	tbmm-2020-07-01sit01spe0021par0112	The Turkish parliamentary corpus ParlaMint-TR-en, Term 27, Year 3, Session 106	2020-07-01	Unicameralism	27	3	106	-	-	COVID	English	Regular	MP	notMinister	AKP	Justice and Development Party	Coalition	Right	AliCumhur.Taşkın	Taşkın, Ali Cumhur	M	1967	
ParlaMint-TR-en_2020-07-01-tbmm-T27	tbmm-2020-07-01sit01spe0018par0114	The Turkish parliamentary corpus ParlaMint-TR-en, Term 27, Year 3, Session 106	2020-07-01	Unicameralism	27	3	106	-	-	COVID	English	Chairperson	MP	notMinister	HDP	Peoples' Democratic Party	Opposition	Centre-left to left	Nimetullah.Erdoğmuş	Erdoğmuş, Nimetullah	M	1960	
ParlaMint-TR-en_2020-07-01-tbmm-T27	tbmm-2020-07-01sit01spe0022par0116	The Turkish parliamentary corpus ParlaMint-TR-en, Term 27, Year 3, Session 106	2020-07-01	Unicameralism	27	3	106	-	-	COVID	English	Regular	MP	notMinister	AKP	Justice and Development Party	Coalition	Right	İlyas.Şeker	Şeker, İlyas	M	1960	
ParlaMint-TR-en_2020-07-01-tbmm-T27	tbmm-2020-07-01sit01spe0023par0120	The Turkish parliamentary corpus ParlaMint-TR-en, Term 27, Year 3, Session 106	2020-07-01	Unicameralism	27	3	106	-	-	COVID	English	Chairperson	MP	notMinister	HDP	Peoples' Democratic Party	Opposition	Centre-left to left	Nimetullah.Erdoğmuş	Erdoğmuş, Nimetullah	M	1960	
ParlaMint-TR-en_2020-07-01-tbmm-T27	tbmm-2020-07-01sit01spe0024par0122	The Turkish parliamentary corpus ParlaMint-TR-en, Term 27, Year 3, Session 106	2020-07-01	Unicameralism	27	3	106	-	-	COVID	English	Regular	MP	notMinister	AKP	Justice and Development Party	Coalition	Right	Hacı.Özkan	Özkan, Hacı	M	1963	
ParlaMint-TR-en_2020-07-01-tbmm-T27	tbmm-2020-07-01sit01spe0023par0124	The Turkish parliamentary corpus ParlaMint-TR-en, Term 27, Year 3, Session 106	2020-07-01	Unicameralism	27	3	106	-	-	COVID	English	Chairperson	MP	notMinister	HDP	Peoples' Democratic Party	Opposition	Centre-left to left	Nimetullah.Erdoğmuş	Erdoğmuş, Nimetullah	M	1960	
ParlaMint-TR-en_2020-07-01-tbmm-T27	tbmm-2020-07-01sit01spe0025par0126	The Turkish parliamentary corpus ParlaMint-TR-en, Term 27, Year 3, Session 106	2020-07-01	Unicameralism	27	3	106	-	-	COVID	English	Regular	MP	notMinister	AKP	Justice and Development Party	Coalition	Right	Metin.Gündoğdu	Gündoğdu, Metin	M	1973	
ParlaMint-TR-en_2020-07-01-tbmm-T27	tbmm-2020-07-01sit01spe0026par0130	The Turkish parliamentary corpus ParlaMint-TR-en, Term 27, Year 3, Session 106	2020-07-01	Unicameralism	27	3	106	-	-	COVID	English	Chairperson	MP	notMinister	HDP	Peoples' Democratic Party	Opposition	Centre-left to left	Nimetullah.Erdoğmuş	Erdoğmuş, Nimetullah	M	1960	
ParlaMint-TR-en_2020-07-01-tbmm-T27	tbmm-2020-07-01sit01spe0027par0132	The Turkish parliamentary corpus ParlaMint-TR-en, Term 27, Year 3, Session 106	2020-07-01	Unicameralism	27	3	106	-	-	COVID	English	Regular	MP	notMinister	CHP	Republican People's Party	Opposition	Centre-left	MehmetAli.Çelebi	Çelebi, Mehmet Ali	M	1984	
ParlaMint-TR-en_2020-07-01-tbmm-T27	tbmm-2020-07-01sit01spe0026par0135	The Turkish parliamentary corpus ParlaMint-TR-en, Term 27, Year 3, Session 106	2020-07-01	Unicameralism	27	3	106	-	-	COVID	English	Chairperson	MP	notMinister	HDP	Peoples' Democratic Party	Opposition	Centre-left to left	Nimetullah.Erdoğmuş	Erdoğmuş, Nimetullah	M	1960	
ParlaMint-TR-en_2020-07-01-tbmm-T27	tbmm-2020-07-01sit01spe0028par0137	The Turkish parliamentary corpus ParlaMint-TR-en, Term 27, Year 3, Session 106	2020-07-01	Unicameralism	27	3	106	-	-	COVID	English	Regular	MP	notMinister	CHP	Republican People's Party	Opposition	Centre-left	Özgür.Ceylan	Ceylan, Özgür	M	1973	
ParlaMint-TR-en_2020-07-01-tbmm-T27	tbmm-2020-07-01sit01spe0026par0138	The Turkish parliamentary corpus ParlaMint-TR-en, Term 27, Year 3, Session 106	2020-07-01	Unicameralism	27	3	106	-	-	COVID	English	Chairperson	MP	notMinister	HDP	Peoples' Democratic Party	Opposition	Centre-left to left	Nimetullah.Erdoğmuş	Erdoğmuş, Nimetullah	M	1960	
ParlaMint-TR-en_2020-07-01-tbmm-T27	tbmm-2020-07-01sit01spe0029par0140	The Turkish parliamentary corpus ParlaMint-TR-en, Term 27, Year 3, Session 106	2020-07-01	Unicameralism	27	3	106	-	-	COVID	English	Regular	MP	notMinister	CHP	Republican People's Party	Opposition	Centre-left	Sibel.Özdemir	Özdemir, Sibel	F	1979	
ParlaMint-TR-en_2020-07-01-tbmm-T27	tbmm-2020-07-01sit01spe0026par0142	The Turkish parliamentary corpus ParlaMint-TR-en, Term 27, Year 3, Session 106	2020-07-01	Unicameralism	27	3	106	-	-	COVID	English	Chairperson	MP	notMinister	HDP	Peoples' Democratic Party	Opposition	Centre-left to left	Nimetullah.Erdoğmuş	Erdoğmuş, Nimetullah	M	1960	
ParlaMint-TR-en_2020-07-01-tbmm-T27	tbmm-2020-07-01sit01spe0030par0144	The Turkish parliamentary corpus ParlaMint-TR-en, Term 27, Year 3, Session 106	2020-07-01	Unicameralism	27	3	106	-	-	COVID	English	Regular	MP	notMinister	HDP	Peoples' Democratic Party	Opposition	Centre-left to left	Murat.Çepni	Çepni, Murat	M	1974	
ParlaMint-TR-en_2020-07-01-tbmm-T27	tbmm-2020-07-01sit01spe0026par0146	The Turkish parliamentary corpus ParlaMint-TR-en, Term 27, Year 3, Session 106	2020-07-01	Unicameralism	27	3	106	-	-	COVID	English	Chairperson	MP	notMinister	HDP	Peoples' Democratic Party	Opposition	Centre-left to left	Nimetullah.Erdoğmuş	Erdoğmuş, Nimetullah	M	1960	
ParlaMint-TR-en_2020-07-01-tbmm-T27	tbmm-2020-07-01sit01spe0031par0148	The Turkish parliamentary corpus ParlaMint-TR-en, Term 27, Year 3, Session 106	2020-07-01	Unicameralism	27	3	106	-	-	COVID	English	Regular	MP	notMinister	IYI	İYİ Party	Opposition	Centre-right	İmamHüseyin.Filiz	Filiz, İmam Hüseyin	M	1950	
ParlaMint-TR-en_2020-07-01-tbmm-T27	tbmm-2020-07-01sit01spe0032par0151	The Turkish parliamentary corpus ParlaMint-TR-en, Term 27, Year 3, Session 106	2020-07-01	Unicameralism	27	3	106	-	-	COVID	English	Chairperson	MP	notMinister	HDP	Peoples' Democratic Party	Opposition	Centre-left to left	Nimetullah.Erdoğmuş	Erdoğmuş, Nimetullah	M	1960	
ParlaMint-TR-en_2020-07-01-tbmm-T27	tbmm-2020-07-01sit01spe0033par0153	The Turkish parliamentary corpus ParlaMint-TR-en, Term 27, Year 3, Session 106	2020-07-01	Unicameralism	27	3	106	-	-	COVID	English	Regular	MP	notMinister	HDP	Peoples' Democratic Party	Opposition	Centre-left to left	Ali.Kenanoğlu	Kenanoğlu, Ali	M	1971	
ParlaMint-TR-en_2020-07-01-tbmm-T27	tbmm-2020-07-01sit01spe0034par0156	The Turkish parliamentary corpus ParlaMint-TR-en, Term 27, Year 3, Session 106	2020-07-01	Unicameralism	27	3	106	-	-	COVID	English	Chairperson	MP	notMinister	HDP	Peoples' Democratic Party	Opposition	Centre-left to left	Nimetullah.Erdoğmuş	Erdoğmuş, Nimetullah	M	1960	
ParlaMint-TR-en_2020-07-01-tbmm-T27	tbmm-2020-07-01sit01spe0035par0158	The Turkish parliamentary corpus ParlaMint-TR-en, Term 27, Year 3, Session 106	2020-07-01	Unicameralism	27	3	106	-	-	COVID	English	Regular	MP	notMinister	AKP	Justice and Development Party	Coalition	Right	İmran.Kılıç	Kılıç, İmran	M	1957	
ParlaMint-TR-en_2020-07-01-tbmm-T27	tbmm-2020-07-01sit01spe0036par0162	The Turkish parliamentary corpus ParlaMint-TR-en, Term 27, Year 3, Session 106	2020-07-01	Unicameralism	27	3	106	-	-	COVID	English	Chairperson	MP	notMinister	HDP	Peoples' Democratic Party	Opposition	Centre-left to left	Nimetullah.Erdoğmuş	Erdoğmuş, Nimetullah	M	1960	
ParlaMint-TR-en_2020-07-01-tbmm-T27	tbmm-2020-07-01sit01spe0037par0164	The Turkish parliamentary corpus ParlaMint-TR-en, Term 27, Year 3, Session 106	2020-07-01	Unicameralism	27	3	106	-	-	COVID	English	Regular	MP	notMinister	CHP	Republican People's Party	Opposition	Centre-left	AliFazıl.Kasap	Kasap, Ali Fazıl	M	1965	
ParlaMint-TR-en_2020-07-01-tbmm-T27	tbmm-2020-07-01sit01spe0036par0166	The Turkish parliamentary corpus ParlaMint-TR-en, Term 27, Year 3, Session 106	2020-07-01	Unicameralism	27	3	106	-	-	COVID	English	Chairperson	MP	notMinister	HDP	Peoples' Democratic Party	Opposition	Centre-left to left	Nimetullah.Erdoğmuş	Erdoğmuş, Nimetullah	M	1960	
ParlaMint-TR-en_2020-07-01-tbmm-T27	tbmm-2020-07-01sit01spe0038par0168	The Turkish parliamentary corpus ParlaMint-TR-en, Term 27, Year 3, Session 106	2020-07-01	Unicameralism	27	3	106	-	-	COVID	English	Regular	MP	notMinister	AKP	Justice and Development Party	Coalition	Right	İbrahim.Aydemir	Aydemir, İbrahim	M	1962	
ParlaMint-TR-en_2020-07-01-tbmm-T27	tbmm-2020-07-01sit01spe0036par0170	The Turkish parliamentary corpus ParlaMint-TR-en, Term 27, Year 3, Session 106	2020-07-01	Unicameralism	27	3	106	-	-	COVID	English	Chairperson	MP	notMinister	HDP	Peoples' Democratic Party	Opposition	Centre-left to left	Nimetullah.Erdoğmuş	Erdoğmuş, Nimetullah	M	1960	
ParlaMint-TR-en_2020-07-01-tbmm-T27	tbmm-2020-07-01sit01spe0039par0172	The Turkish parliamentary corpus ParlaMint-TR-en, Term 27, Year 3, Session 106	2020-07-01	Unicameralism	27	3	106	-	-	COVID	English	Regular	MP	notMinister	CHP	Republican People's Party	Opposition	Centre-left	Erkan.Aydın	Aydın, Erkan	M	1974	
ParlaMint-TR-en_2020-07-01-tbmm-T27	tbmm-2020-07-01sit01spe0040par0175	The Turkish parliamentary corpus ParlaMint-TR-en, Term 27, Year 3, Session 106	2020-07-01	Unicameralism	27	3	106	-	-	COVID	English	Chairperson	MP	notMinister	HDP	Peoples' Democratic Party	Opposition	Centre-left to left	Nimetullah.Erdoğmuş	Erdoğmuş, Nimetullah	M	1960	
ParlaMint-TR-en_2020-07-01-tbmm-T27	tbmm-2020-07-01sit01spe0041par0177	The Turkish parliamentary corpus ParlaMint-TR-en, Term 27, Year 3, Session 106	2020-07-01	Unicameralism	27	3	106	-	-	COVID	English	Regular	MP	notMinister	CHP	Republican People's Party	Opposition	Centre-left	Abdurrahman.Tutdere	Tutdere, Abdurrahman	M	1976	
ParlaMint-TR-en_2020-07-01-tbmm-T27	tbmm-2020-07-01sit01spe0042par0180	The Turkish parliamentary corpus ParlaMint-TR-en, Term 27, Year 3, Session 106	2020-07-01	Unicameralism	27	3	106	-	-	COVID	English	Chairperson	MP	notMinister	HDP	Peoples' Democratic Party	Opposition	Centre-left to left	Nimetullah.Erdoğmuş	Erdoğmuş, Nimetullah	M	1960	
ParlaMint-TR-en_2020-07-01-tbmm-T27	tbmm-2020-07-01sit01spe0043par0182	The Turkish parliamentary corpus ParlaMint-TR-en, Term 27, Year 3, Session 106	2020-07-01	Unicameralism	27	3	106	-	-	COVID	English	Regular	MP	notMinister	AKP	Justice and Development Party	Coalition	Right	Yaşar.Kırkpınar	Kırkpınar, Yaşar	M	1973	
ParlaMint-TR-en_2020-07-01-tbmm-T27	tbmm-2020-07-01sit01spe0042par0184	The Turkish parliamentary corpus ParlaMint-TR-en, Term 27, Year 3, Session 106	2020-07-01	Unicameralism	27	3	106	-	-	COVID	English	Chairperson	MP	notMinister	HDP	Peoples' Democratic Party	Opposition	Centre-left to left	Nimetullah.Erdoğmuş	Erdoğmuş, Nimetullah	M	1960	
ParlaMint-TR-en_2020-07-01-tbmm-T27	tbmm-2020-07-01sit01spe0044par0186	The Turkish parliamentary corpus ParlaMint-TR-en, Term 27, Year 3, Session 106	2020-07-01	Unicameralism	27	3	106	-	-	COVID	English	Regular	MP	notMinister	AKP	Justice and Development Party	Coalition	Right	Sami.Çakır	Çakır, Sami	M	1958	
ParlaMint-TR-en_2020-07-01-tbmm-T27	tbmm-2020-07-01sit01spe0045par0199	The Turkish parliamentary corpus ParlaMint-TR-en, Term 27, Year 3, Session 106	2020-07-01	Unicameralism	27	3	106	-	-	COVID	English	Chairperson	MP	notMinister	HDP	Peoples' Democratic Party	Opposition	Centre-left to left	Nimetullah.Erdoğmuş	Erdoğmuş, Nimetullah	M	1960	
ParlaMint-TR-en_2020-07-01-tbmm-T27	tbmm-2020-07-01sit01spe0046par0201	The Turkish parliamentary corpus ParlaMint-TR-en, Term 27, Year 3, Session 106	2020-07-01	Unicameralism	27	3	106	-	-	COVID	English	Regular	MP	notMinister	CHP	Republican People's Party	Opposition	Centre-left	Aziz.Aydınlık	Aydınlık, Aziz	M	1960	
ParlaMint-TR-en_2020-07-01-tbmm-T27	tbmm-2020-07-01sit01spe0047par0206	The Turkish parliamentary corpus ParlaMint-TR-en, Term 27, Year 3, Session 106	2020-07-01	Unicameralism	27	3	106	-	-	COVID	English	Chairperson	MP	notMinister	HDP	Peoples' Democratic Party	Opposition	Centre-left to left	Nimetullah.Erdoğmuş	Erdoğmuş, Nimetullah	M	1960	
ParlaMint-TR-en_2020-07-01-tbmm-T27	tbmm-2020-07-01sit01spe0048par0212	The Turkish parliamentary corpus ParlaMint-TR-en, Term 27, Year 3, Session 106	2020-07-01	Unicameralism	27	3	106	-	-	COVID	English	Regular	MP	notMinister	IYI	İYİ Party	Opposition	Centre-right	Lütfü.Türkkan	Türkkan, Lütfü	M	1959	
ParlaMint-TR-en_2020-07-01-tbmm-T27	tbmm-2020-07-01sit01spe0049par0220	The Turkish parliamentary corpus ParlaMint-TR-en, Term 27, Year 3, Session 106	2020-07-01	Unicameralism	27	3	106	-	-	COVID	English	Chairperson	MP	notMinister	HDP	Peoples' Democratic Party	Opposition	Centre-left to left	Nimetullah.Erdoğmuş	Erdoğmuş, Nimetullah	M	1960	
ParlaMint-TR-en_2020-07-01-tbmm-T27	tbmm-2020-07-01sit01spe0048par0221	The Turkish parliamentary corpus ParlaMint-TR-en, Term 27, Year 3, Session 106	2020-07-01	Unicameralism	27	3	106	-	-	COVID	English	Regular	MP	notMinister	IYI	İYİ Party	Opposition	Centre-right	Lütfü.Türkkan	Türkkan, Lütfü	M	1959	
ParlaMint-TR-en_2020-07-01-tbmm-T27	tbmm-2020-07-01sit01spe0049par0224	The Turkish parliamentary corpus ParlaMint-TR-en, Term 27, Year 3, Session 106	2020-07-01	Unicameralism	27	3	106	-	-	COVID	English	Chairperson	MP	notMinister	HDP	Peoples' Democratic Party	Opposition	Centre-left to left	Nimetullah.Erdoğmuş	Erdoğmuş, Nimetullah	M	1960	
ParlaMint-TR-en_2020-07-01-tbmm-T27	tbmm-2020-07-01sit01spe0048par0225	The Turkish parliamentary corpus ParlaMint-TR-en, Term 27, Year 3, Session 106	2020-07-01	Unicameralism	27	3	106	-	-	COVID	English	Regular	MP	notMinister	IYI	İYİ Party	Opposition	Centre-right	Lütfü.Türkkan	Türkkan, Lütfü	M	1959	
ParlaMint-TR-en_2020-07-01-tbmm-T27	tbmm-2020-07-01sit01spe0049par0227	The Turkish parliamentary corpus ParlaMint-TR-en, Term 27, Year 3, Session 106	2020-07-01	Unicameralism	27	3	106	-	-	COVID	English	Chairperson	MP	notMinister	HDP	Peoples' Democratic Party	Opposition	Centre-left to left	Nimetullah.Erdoğmuş	Erdoğmuş, Nimetullah	M	1960	
ParlaMint-TR-en_2020-07-01-tbmm-T27	tbmm-2020-07-01sit01spe0050par0230	The Turkish parliamentary corpus ParlaMint-TR-en, Term 27, Year 3, Session 106	2020-07-01	Unicameralism	27	3	106	-	-	COVID	English	Regular	MP	notMinister	MHP	Nationalist Movement Party	-	Right to far-right	MuhammedLevent.Bülbül	Bülbül, Muhammed Levent	M	1980	
ParlaMint-TR-en_2020-07-01-tbmm-T27	tbmm-2020-07-01sit01spe0051par0233	The Turkish parliamentary corpus ParlaMint-TR-en, Term 27, Year 3, Session 106	2020-07-01	Unicameralism	27	3	106	-	-	COVID	English	Chairperson	MP	notMinister	HDP	Peoples' Democratic Party	Opposition	Centre-left to left	Nimetullah.Erdoğmuş	Erdoğmuş, Nimetullah	M	1960	
ParlaMint-TR-en_2020-07-01-tbmm-T27	tbmm-2020-07-01sit01spe0052par0236	The Turkish parliamentary corpus ParlaMint-TR-en, Term 27, Year 3, Session 106	2020-07-01	Unicameralism	27	3	106	-	-	COVID	English	Regular	MP	notMinister	HDP	Peoples' Democratic Party	Opposition	Centre-left to left	HakkıSaruhan.Oluç	Oluç, Hakkı Saruhan	M	1958	
ParlaMint-TR-en_2020-07-01-tbmm-T27	tbmm-2020-07-01sit01spe0053par0242	The Turkish parliamentary corpus ParlaMint-TR-en, Term 27, Year 3, Session 106	2020-07-01	Unicameralism	27	3	106	-	-	COVID	English	Chairperson	MP	notMinister	HDP	Peoples' Democratic Party	Opposition	Centre-left to left	Nimetullah.Erdoğmuş	Erdoğmuş, Nimetullah	M	1960	
ParlaMint-TR-en_2020-07-01-tbmm-T27	tbmm-2020-07-01sit01spe0052par0243	The Turkish parliamentary corpus ParlaMint-TR-en, Term 27, Year 3, Session 106	2020-07-01	Unicameralism	27	3	106	-	-	COVID	English	Regular	MP	notMinister	HDP	Peoples' Democratic Party	Opposition	Centre-left to left	HakkıSaruhan.Oluç	Oluç, Hakkı Saruhan	M	1958	
ParlaMint-TR-en_2020-07-01-tbmm-T27	tbmm-2020-07-01sit01spe0054par0248	The Turkish parliamentary corpus ParlaMint-TR-en, Term 27, Year 3, Session 106	2020-07-01	Unicameralism	27	3	106	-	-	COVID	English	Chairperson	MP	notMinister	HDP	Peoples' Democratic Party	Opposition	Centre-left to left	Nimetullah.Erdoğmuş	Erdoğmuş, Nimetullah	M	1960	
ParlaMint-TR-en_2020-07-01-tbmm-T27	tbmm-2020-07-01sit01spe0052par0249	The Turkish parliamentary corpus ParlaMint-TR-en, Term 27, Year 3, Session 106	2020-07-01	Unicameralism	27	3	106	-	-	COVID	English	Regular	MP	notMinister	HDP	Peoples' Democratic Party	Opposition	Centre-left to left	HakkıSaruhan.Oluç	Oluç, Hakkı Saruhan	M	1958	
ParlaMint-TR-en_2020-07-01-tbmm-T27	tbmm-2020-07-01sit01spe0055par0253	The Turkish parliamentary corpus ParlaMint-TR-en, Term 27, Year 3, Session 106	2020-07-01	Unicameralism	27	3	106	-	-	COVID	English	Chairperson	MP	notMinister	HDP	Peoples' Democratic Party	Opposition	Centre-left to left	Nimetullah.Erdoğmuş	Erdoğmuş, Nimetullah	M	1960	
ParlaMint-TR-en_2020-07-01-tbmm-T27	tbmm-2020-07-01sit01spe0052par0254	The Turkish parliamentary corpus ParlaMint-TR-en, Term 27, Year 3, Session 106	2020-07-01	Unicameralism	27	3	106	-	-	COVID	English	Regular	MP	notMinister	HDP	Peoples' Democratic Party	Opposition	Centre-left to left	HakkıSaruhan.Oluç	Oluç, Hakkı Saruhan	M	1958	
ParlaMint-TR-en_2020-07-01-tbmm-T27	tbmm-2020-07-01sit01spe0056par0259	The Turkish parliamentary corpus ParlaMint-TR-en, Term 27, Year 3, Session 106	2020-07-01	Unicameralism	27	3	106	-	-	COVID	English	Chairperson	MP	notMinister	HDP	Peoples' Democratic Party	Opposition	Centre-left to left	Nimetullah.Erdoğmuş	Erdoğmuş, Nimetullah	M	1960	
ParlaMint-TR-en_2020-07-01-tbmm-T27	tbmm-2020-07-01sit01spe0052par0260	The Turkish parliamentary corpus ParlaMint-TR-en, Term 27, Year 3, Session 106	2020-07-01	Unicameralism	27	3	106	-	-	COVID	English	Regular	MP	notMinister	HDP	Peoples' Democratic Party	Opposition	Centre-left to left	HakkıSaruhan.Oluç	Oluç, Hakkı Saruhan	M	1958	
ParlaMint-TR-en_2020-07-01-tbmm-T27	tbmm-2020-07-01sit01spe0056par0262	The Turkish parliamentary corpus ParlaMint-TR-en, Term 27, Year 3, Session 106	2020-07-01	Unicameralism	27	3	106	-	-	COVID	English	Chairperson	MP	notMinister	HDP	Peoples' Democratic Party	Opposition	Centre-left to left	Nimetullah.Erdoğmuş	Erdoğmuş, Nimetullah	M	1960	
ParlaMint-TR-en_2020-07-01-tbmm-T27	tbmm-2020-07-01sit01spe0057par0265	The Turkish parliamentary corpus ParlaMint-TR-en, Term 27, Year 3, Session 106	2020-07-01	Unicameralism	27	3	106	-	-	COVID	English	Regular	MP	notMinister	CHP	Republican People's Party	Opposition	Centre-left	Özgür.Özel	Özel, Özgür	M	1974	
ParlaMint-TR-en_2020-07-01-tbmm-T27	tbmm-2020-07-01sit01spe0058par0269	The Turkish parliamentary corpus ParlaMint-TR-en, Term 27, Year 3, Session 106	2020-07-01	Unicameralism	27	3	106	-	-	COVID	English	Chairperson	MP	notMinister	HDP	Peoples' Democratic Party	Opposition	Centre-left to left	Nimetullah.Erdoğmuş	Erdoğmuş, Nimetullah	M	1960	
ParlaMint-TR-en_2020-07-01-tbmm-T27	tbmm-2020-07-01sit01spe0057par0270	The Turkish parliamentary corpus ParlaMint-TR-en, Term 27, Year 3, Session 106	2020-07-01	Unicameralism	27	3	106	-	-	COVID	English	Regular	MP	notMinister	CHP	Republican People's Party	Opposition	Centre-left	Özgür.Özel	Özel, Özgür	M	1974	
ParlaMint-TR-en_2020-07-01-tbmm-T27	tbmm-2020-07-01sit01spe0058par0273	The Turkish parliamentary corpus ParlaMint-TR-en, Term 27, Year 3, Session 106	2020-07-01	Unicameralism	27	3	106	-	-	COVID	English	Chairperson	MP	notMinister	HDP	Peoples' Democratic Party	Opposition	Centre-left to left	Nimetullah.Erdoğmuş	Erdoğmuş, Nimetullah	M	1960	
ParlaMint-TR-en_2020-07-01-tbmm-T27	tbmm-2020-07-01sit01spe0057par0274	The Turkish parliamentary corpus ParlaMint-TR-en, Term 27, Year 3, Session 106	2020-07-01	Unicameralism	27	3	106	-	-	COVID	English	Regular	MP	notMinister	CHP	Republican People's Party	Opposition	Centre-left	Özgür.Özel	Özel, Özgür	M	1974	
ParlaMint-TR-en_2020-07-01-tbmm-T27	tbmm-2020-07-01sit01spe0058par0277	The Turkish parliamentary corpus ParlaMint-TR-en, Term 27, Year 3, Session 106	2020-07-01	Unicameralism	27	3	106	-	-	COVID	English	Chairperson	MP	notMinister	HDP	Peoples' Democratic Party	Opposition	Centre-left to left	Nimetullah.Erdoğmuş	Erdoğmuş, Nimetullah	M	1960	
ParlaMint-TR-en_2020-07-01-tbmm-T27	tbmm-2020-07-01sit01spe0057par0278	The Turkish parliamentary corpus ParlaMint-TR-en, Term 27, Year 3, Session 106	2020-07-01	Unicameralism	27	3	106	-	-	COVID	English	Regular	MP	notMinister	CHP	Republican People's Party	Opposition	Centre-left	Özgür.Özel	Özel, Özgür	M	1974	
ParlaMint-TR-en_2020-07-01-tbmm-T27	tbmm-2020-07-01sit01spe0058par0280	The Turkish parliamentary corpus ParlaMint-TR-en, Term 27, Year 3, Session 106	2020-07-01	Unicameralism	27	3	106	-	-	COVID	English	Chairperson	MP	notMinister	HDP	Peoples' Democratic Party	Opposition	Centre-left to left	Nimetullah.Erdoğmuş	Erdoğmuş, Nimetullah	M	1960	
ParlaMint-TR-en_2020-07-01-tbmm-T27	tbmm-2020-07-01sit01spe0057par0281	The Turkish parliamentary corpus ParlaMint-TR-en, Term 27, Year 3, Session 106	2020-07-01	Unicameralism	27	3	106	-	-	COVID	English	Regular	MP	notMinister	CHP	Republican People's Party	Opposition	Centre-left	Özgür.Özel	Özel, Özgür	M	1974	
ParlaMint-TR-en_2020-07-01-tbmm-T27	tbmm-2020-07-01sit01spe0058par0284	The Turkish parliamentary corpus ParlaMint-TR-en, Term 27, Year 3, Session 106	2020-07-01	Unicameralism	27	3	106	-	-	COVID	English	Chairperson	MP	notMinister	HDP	Peoples' Democratic Party	Opposition	Centre-left to left	Nimetullah.Erdoğmuş	Erdoğmuş, Nimetullah	M	1960	
ParlaMint-TR-en_2020-07-01-tbmm-T27	tbmm-2020-07-01sit01spe0057par0285	The Turkish parliamentary corpus ParlaMint-TR-en, Term 27, Year 3, Session 106	2020-07-01	Unicameralism	27	3	106	-	-	COVID	English	Regular	MP	notMinister	CHP	Republican People's Party	Opposition	Centre-left	Özgür.Özel	Özel, Özgür	M	1974	
ParlaMint-TR-en_2020-07-01-tbmm-T27	tbmm-2020-07-01sit01spe0058par0288	The Turkish parliamentary corpus ParlaMint-TR-en, Term 27, Year 3, Session 106	2020-07-01	Unicameralism	27	3	106	-	-	COVID	English	Chairperson	MP	notMinister	HDP	Peoples' Democratic Party	Opposition	Centre-left to left	Nimetullah.Erdoğmuş	Erdoğmuş, Nimetullah	M	1960	
ParlaMint-TR-en_2020-07-01-tbmm-T27	tbmm-2020-07-01sit01spe0057par0289	The Turkish parliamentary corpus ParlaMint-TR-en, Term 27, Year 3, Session 106	2020-07-01	Unicameralism	27	3	106	-	-	COVID	English	Regular	MP	notMinister	CHP	Republican People's Party	Opposition	Centre-left	Özgür.Özel	Özel, Özgür	M	1974	
ParlaMint-TR-en_2020-07-01-tbmm-T27	tbmm-2020-07-01sit01spe0058par0292	The Turkish parliamentary corpus ParlaMint-TR-en, Term 27, Year 3, Session 106	2020-07-01	Unicameralism	27	3	106	-	-	COVID	English	Chairperson	MP	notMinister	HDP	Peoples' Democratic Party	Opposition	Centre-left to left	Nimetullah.Erdoğmuş	Erdoğmuş, Nimetullah	M	1960	
ParlaMint-TR-en_2020-07-01-tbmm-T27	tbmm-2020-07-01sit01spe0057par0293	The Turkish parliamentary corpus ParlaMint-TR-en, Term 27, Year 3, Session 106	2020-07-01	Unicameralism	27	3	106	-	-	COVID	English	Regular	MP	notMinister	CHP	Republican People's Party	Opposition	Centre-left	Özgür.Özel	Özel, Özgür	M	1974	
ParlaMint-TR-en_2020-07-01-tbmm-T27	tbmm-2020-07-01sit01spe0058par0296	The Turkish parliamentary corpus ParlaMint-TR-en, Term 27, Year 3, Session 106	2020-07-01	Unicameralism	27	3	106	-	-	COVID	English	Chairperson	MP	notMinister	HDP	Peoples' Democratic Party	Opposition	Centre-left to left	Nimetullah.Erdoğmuş	Erdoğmuş, Nimetullah	M	1960	
ParlaMint-TR-en_2020-07-01-tbmm-T27	tbmm-2020-07-01sit01spe0059par0299	The Turkish parliamentary corpus ParlaMint-TR-en, Term 27, Year 3, Session 106	2020-07-01	Unicameralism	27	3	106	-	-	COVID	English	Regular	MP	notMinister	AKP	Justice and Development Party	Coalition	Right	Cahit.Özkan	Özkan, Cahit	M	1976	
ParlaMint-TR-en_2020-07-01-tbmm-T27	tbmm-2020-07-01sit01spe0060par0305	The Turkish parliamentary corpus ParlaMint-TR-en, Term 27, Year 3, Session 106	2020-07-01	Unicameralism	27	3	106	-	-	COVID	English	Chairperson	MP	notMinister	HDP	Peoples' Democratic Party	Opposition	Centre-left to left	Nimetullah.Erdoğmuş	Erdoğmuş, Nimetullah	M	1960	
ParlaMint-TR-en_2020-07-01-tbmm-T27	tbmm-2020-07-01sit01spe0059par0306	The Turkish parliamentary corpus ParlaMint-TR-en, Term 27, Year 3, Session 106	2020-07-01	Unicameralism	27	3	106	-	-	COVID	English	Regular	MP	notMinister	AKP	Justice and Development Party	Coalition	Right	Cahit.Özkan	Özkan, Cahit	M	1976	
ParlaMint-TR-en_2020-07-01-tbmm-T27	tbmm-2020-07-01sit01spe0060par0309	The Turkish parliamentary corpus ParlaMint-TR-en, Term 27, Year 3, Session 106	2020-07-01	Unicameralism	27	3	106	-	-	COVID	English	Chairperson	MP	notMinister	HDP	Peoples' Democratic Party	Opposition	Centre-left to left	Nimetullah.Erdoğmuş	Erdoğmuş, Nimetullah	M	1960	
ParlaMint-TR-en_2020-07-01-tbmm-T27	tbmm-2020-07-01sit01spe0059par0310	The Turkish parliamentary corpus ParlaMint-TR-en, Term 27, Year 3, Session 106	2020-07-01	Unicameralism	27	3	106	-	-	COVID	English	Regular	MP	notMinister	AKP	Justice and Development Party	Coalition	Right	Cahit.Özkan	Özkan, Cahit	M	1976	
ParlaMint-TR-en_2020-07-01-tbmm-T27	tbmm-2020-07-01sit01spe0060par0313	The Turkish parliamentary corpus ParlaMint-TR-en, Term 27, Year 3, Session 106	2020-07-01	Unicameralism	27	3	106	-	-	COVID	English	Chairperson	MP	notMinister	HDP	Peoples' Democratic Party	Opposition	Centre-left to left	Nimetullah.Erdoğmuş	Erdoğmuş, Nimetullah	M	1960	
ParlaMint-TR-en_2020-07-01-tbmm-T27	tbmm-2020-07-01sit01spe0059par0314	The Turkish parliamentary corpus ParlaMint-TR-en, Term 27, Year 3, Session 106	2020-07-01	Unicameralism	27	3	106	-	-	COVID	English	Regular	MP	notMinister	AKP	Justice and Development Party	Coalition	Right	Cahit.Özkan	Özkan, Cahit	M	1976	
ParlaMint-TR-en_2020-07-01-tbmm-T27	tbmm-2020-07-01sit01spe0060par0316	The Turkish parliamentary corpus ParlaMint-TR-en, Term 27, Year 3, Session 106	2020-07-01	Unicameralism	27	3	106	-	-	COVID	English	Chairperson	MP	notMinister	HDP	Peoples' Democratic Party	Opposition	Centre-left to left	Nimetullah.Erdoğmuş	Erdoğmuş, Nimetullah	M	1960	
ParlaMint-TR-en_2020-07-01-tbmm-T27	tbmm-2020-07-01sit01spe0059par0317	The Turkish parliamentary corpus ParlaMint-TR-en, Term 27, Year 3, Session 106	2020-07-01	Unicameralism	27	3	106	-	-	COVID	English	Regular	MP	notMinister	AKP	Justice and Development Party	Coalition	Right	Cahit.Özkan	Özkan, Cahit	M	1976	
ParlaMint-TR-en_2020-07-01-tbmm-T27	tbmm-2020-07-01sit01spe0061par0319	The Turkish parliamentary corpus ParlaMint-TR-en, Term 27, Year 3, Session 106	2020-07-01	Unicameralism	27	3	106	-	-	COVID	English	Regular	MP	notMinister	CHP	Republican People's Party	Opposition	Centre-left	Tekin.Bingöl	Bingöl, Tekin	M	1955	
ParlaMint-TR-en_2020-07-01-tbmm-T27	tbmm-2020-07-01sit01spe0059par0320	The Turkish parliamentary corpus ParlaMint-TR-en, Term 27, Year 3, Session 106	2020-07-01	Unicameralism	27	3	106	-	-	COVID	English	Regular	MP	notMinister	AKP	Justice and Development Party	Coalition	Right	Cahit.Özkan	Özkan, Cahit	M	1976	
ParlaMint-TR-en_2020-07-01-tbmm-T27	tbmm-2020-07-01sit01spe0062par0323	The Turkish parliamentary corpus ParlaMint-TR-en, Term 27, Year 3, Session 106	2020-07-01	Unicameralism	27	3	106	-	-	COVID	English	Regular	MP	notMinister	CHP	Republican People's Party	Opposition	Centre-left	Orhan.Sümer	Sümer, Orhan	M	1963	
ParlaMint-TR-en_2020-07-01-tbmm-T27	tbmm-2020-07-01sit01spe0063par0324	The Turkish parliamentary corpus ParlaMint-TR-en, Term 27, Year 3, Session 106	2020-07-01	Unicameralism	27	3	106	-	-	COVID	English	Regular	MP	notMinister	CHP	Republican People's Party	Opposition	Centre-left	Mahmut.Tanal	Tanal, Mahmut	M	1961	
ParlaMint-TR-en_2020-07-01-tbmm-T27	tbmm-2020-07-01sit01spe0064par0325	The Turkish parliamentary corpus ParlaMint-TR-en, Term 27, Year 3, Session 106	2020-07-01	Unicameralism	27	3	106	-	-	COVID	English	Chairperson	MP	notMinister	HDP	Peoples' Democratic Party	Opposition	Centre-left to left	Nimetullah.Erdoğmuş	Erdoğmuş, Nimetullah	M	1960	
ParlaMint-TR-en_2020-07-01-tbmm-T27	tbmm-2020-07-01sit01spe0065par0327	The Turkish parliamentary corpus ParlaMint-TR-en, Term 27, Year 3, Session 106	2020-07-01	Unicameralism	27	3	106	-	-	COVID	English	Regular	MP	notMinister	AKP	Justice and Development Party	Coalition	Right	Cahit.Özkan	Özkan, Cahit	M	1976	
ParlaMint-TR-en_2020-07-01-tbmm-T27	tbmm-2020-07-01sit01spe0066par0331	The Turkish parliamentary corpus ParlaMint-TR-en, Term 27, Year 3, Session 106	2020-07-01	Unicameralism	27	3	106	-	-	COVID	English	Regular	MP	notMinister	AKP	Justice and Development Party	Coalition	Right	Zülfü.Demirbağ	Demirbağ, Zülfü	M	1956	
ParlaMint-TR-en_2020-07-01-tbmm-T27	tbmm-2020-07-01sit01spe0067par0332	The Turkish parliamentary corpus ParlaMint-TR-en, Term 27, Year 3, Session 106	2020-07-01	Unicameralism	27	3	106	-	-	COVID	English	Chairperson	MP	notMinister	HDP	Peoples' Democratic Party	Opposition	Centre-left to left	Nimetullah.Erdoğmuş	Erdoğmuş, Nimetullah	M	1960	
ParlaMint-TR-en_2020-07-01-tbmm-T27	tbmm-2020-07-01sit01spe0065par0333	The Turkish parliamentary corpus ParlaMint-TR-en, Term 27, Year 3, Session 106	2020-07-01	Unicameralism	27	3	106	-	-	COVID	English	Regular	MP	notMinister	AKP	Justice and Development Party	Coalition	Right	Cahit.Özkan	Özkan, Cahit	M	1976	
ParlaMint-TR-en_2020-07-01-tbmm-T27	tbmm-2020-07-01sit01spe0068par0334	The Turkish parliamentary corpus ParlaMint-TR-en, Term 27, Year 3, Session 106	2020-07-01	Unicameralism	27	3	106	-	-	COVID	English	Regular	MP	notMinister	HDP	Peoples' Democratic Party	Opposition	Centre-left to left	Murat.Çepni	Çepni, Murat	M	1974	
ParlaMint-TR-en_2020-07-01-tbmm-T27	tbmm-2020-07-01sit01spe0065par0335	The Turkish parliamentary corpus ParlaMint-TR-en, Term 27, Year 3, Session 106	2020-07-01	Unicameralism	27	3	106	-	-	COVID	English	Regular	MP	notMinister	AKP	Justice and Development Party	Coalition	Right	Cahit.Özkan	Özkan, Cahit	M	1976	
ParlaMint-TR-en_2020-07-01-tbmm-T27	tbmm-2020-07-01sit01spe0069par0337	The Turkish parliamentary corpus ParlaMint-TR-en, Term 27, Year 3, Session 106	2020-07-01	Unicameralism	27	3	106	-	-	COVID	English	Chairperson	MP	notMinister	HDP	Peoples' Democratic Party	Opposition	Centre-left to left	Nimetullah.Erdoğmuş	Erdoğmuş, Nimetullah	M	1960	
ParlaMint-TR-en_2020-07-01-tbmm-T27	tbmm-2020-07-01sit01spe0070par0339	The Turkish parliamentary corpus ParlaMint-TR-en, Term 27, Year 3, Session 106	2020-07-01	Unicameralism	27	3	106	-	-	COVID	English	Regular	MP	notMinister	CHP	Republican People's Party	Opposition	Centre-left	Orhan.Sümer	Sümer, Orhan	M	1963	
ParlaMint-TR-en_2020-07-01-tbmm-T27	tbmm-2020-07-01sit01spe0071par0340	The Turkish parliamentary corpus ParlaMint-TR-en, Term 27, Year 3, Session 106	2020-07-01	Unicameralism	27	3	106	-	-	COVID	English	Regular	MP	notMinister	AKP	Justice and Development Party	Coalition	Right	Cahit.Özkan	Özkan, Cahit	M	1976	
ParlaMint-TR-en_2020-07-01-tbmm-T27	tbmm-2020-07-01sit01spe0072par0341	The Turkish parliamentary corpus ParlaMint-TR-en, Term 27, Year 3, Session 106	2020-07-01	Unicameralism	27	3	106	-	-	COVID	English	Regular	MP	notMinister	HDP	Peoples' Democratic Party	Opposition	Centre-left to left	Ali.Kenanoğlu	Kenanoğlu, Ali	M	1971	
ParlaMint-TR-en_2020-07-01-tbmm-T27	tbmm-2020-07-01sit01spe0071par0342	The Turkish parliamentary corpus ParlaMint-TR-en, Term 27, Year 3, Session 106	2020-07-01	Unicameralism	27	3	106	-	-	COVID	English	Regular	MP	notMinister	AKP	Justice and Development Party	Coalition	Right	Cahit.Özkan	Özkan, Cahit	M	1976	
ParlaMint-TR-en_2020-07-01-tbmm-T27	tbmm-2020-07-01sit01spe0073par0343	The Turkish parliamentary corpus ParlaMint-TR-en, Term 27, Year 3, Session 106	2020-07-01	Unicameralism	27	3	106	-	-	COVID	English	Regular	MP	notMinister	IYI	İYİ Party	Opposition	Centre-right	Lütfü.Türkkan	Türkkan, Lütfü	M	1959	
ParlaMint-TR-en_2020-07-01-tbmm-T27	tbmm-2020-07-01sit01spe0071par0344	The Turkish parliamentary corpus ParlaMint-TR-en, Term 27, Year 3, Session 106	2020-07-01	Unicameralism	27	3	106	-	-	COVID	English	Regular	MP	notMinister	AKP	Justice and Development Party	Coalition	Right	Cahit.Özkan	Özkan, Cahit	M	1976	
ParlaMint-TR-en_2020-07-01-tbmm-T27	tbmm-2020-07-01sit01spe0074par0346	The Turkish parliamentary corpus ParlaMint-TR-en, Term 27, Year 3, Session 106	2020-07-01	Unicameralism	27	3	106	-	-	COVID	English	Regular	MP	notMinister	HDP	Peoples' Democratic Party	Opposition	Centre-left to left	Ali.Kenanoğlu	Kenanoğlu, Ali	M	1971	
ParlaMint-TR-en_2020-07-01-tbmm-T27	tbmm-2020-07-01sit01spe0075par0347	The Turkish parliamentary corpus ParlaMint-TR-en, Term 27, Year 3, Session 106	2020-07-01	Unicameralism	27	3	106	-	-	COVID	English	Chairperson	MP	notMinister	HDP	Peoples' Democratic Party	Opposition	Centre-left to left	Nimetullah.Erdoğmuş	Erdoğmuş, Nimetullah	M	1960	
ParlaMint-TR-en_2020-07-01-tbmm-T27	tbmm-2020-07-01sit01spe0076par0349	The Turkish parliamentary corpus ParlaMint-TR-en, Term 27, Year 3, Session 106	2020-07-01	Unicameralism	27	3	106	-	-	COVID	English	Regular	MP	notMinister	AKP	Justice and Development Party	Coalition	Right	Cahit.Özkan	Özkan, Cahit	M	1976	
ParlaMint-TR-en_2020-07-01-tbmm-T27	tbmm-2020-07-01sit01spe0077par0350	The Turkish parliamentary corpus ParlaMint-TR-en, Term 27, Year 3, Session 106	2020-07-01	Unicameralism	27	3	106	-	-	COVID	English	Regular	MP	notMinister	HDP	Peoples' Democratic Party	Opposition	Centre-left to left	Hüda.Kaya	Kaya, Hüda	F	1960	
ParlaMint-TR-en_2020-07-01-tbmm-T27	tbmm-2020-07-01sit01spe0076par0351	The Turkish parliamentary corpus ParlaMint-TR-en, Term 27, Year 3, Session 106	2020-07-01	Unicameralism	27	3	106	-	-	COVID	English	Regular	MP	notMinister	AKP	Justice and Development Party	Coalition	Right	Cahit.Özkan	Özkan, Cahit	M	1976	
ParlaMint-TR-en_2020-07-01-tbmm-T27	tbmm-2020-07-01sit01spe0078par0353	The Turkish parliamentary corpus ParlaMint-TR-en, Term 27, Year 3, Session 106	2020-07-01	Unicameralism	27	3	106	-	-	COVID	English	Chairperson	MP	notMinister	HDP	Peoples' Democratic Party	Opposition	Centre-left to left	Nimetullah.Erdoğmuş	Erdoğmuş, Nimetullah	M	1960	
ParlaMint-TR-en_2020-07-01-tbmm-T27	tbmm-2020-07-01sit01spe0076par0354	The Turkish parliamentary corpus ParlaMint-TR-en, Term 27, Year 3, Session 106	2020-07-01	Unicameralism	27	3	106	-	-	COVID	English	Regular	MP	notMinister	AKP	Justice and Development Party	Coalition	Right	Cahit.Özkan	Özkan, Cahit	M	1976	
ParlaMint-TR-en_2020-07-01-tbmm-T27	tbmm-2020-07-01sit01spe0079par0358	The Turkish parliamentary corpus ParlaMint-TR-en, Term 27, Year 3, Session 106	2020-07-01	Unicameralism	27	3	106	-	-	COVID	English	Chairperson	MP	notMinister	HDP	Peoples' Democratic Party	Opposition	Centre-left to left	Nimetullah.Erdoğmuş	Erdoğmuş, Nimetullah	M	1960	
ParlaMint-TR-en_2020-07-01-tbmm-T27	tbmm-2020-07-01sit01spe0080par0360	The Turkish parliamentary corpus ParlaMint-TR-en, Term 27, Year 3, Session 106	2020-07-01	Unicameralism	27	3	106	-	-	COVID	English	Regular	MP	notMinister	MHP	Nationalist Movement Party	-	Right to far-right	MuhammedLevent.Bülbül	Bülbül, Muhammed Levent	M	1980	
ParlaMint-TR-en_2020-07-01-tbmm-T27	tbmm-2020-07-01sit01spe0081par0362	The Turkish parliamentary corpus ParlaMint-TR-en, Term 27, Year 3, Session 106	2020-07-01	Unicameralism	27	3	106	-	-	COVID	English	Regular	MP	notMinister	IYI	İYİ Party	Opposition	Centre-right	Lütfü.Türkkan	Türkkan, Lütfü	M	1959	
ParlaMint-TR-en_2020-07-01-tbmm-T27	tbmm-2020-07-01sit01spe0079par0363	The Turkish parliamentary corpus ParlaMint-TR-en, Term 27, Year 3, Session 106	2020-07-01	Unicameralism	27	3	106	-	-	COVID	English	Chairperson	MP	notMinister	HDP	Peoples' Democratic Party	Opposition	Centre-left to left	Nimetullah.Erdoğmuş	Erdoğmuş, Nimetullah	M	1960	
ParlaMint-TR-en_2020-07-01-tbmm-T27	tbmm-2020-07-01sit01spe0082par0365	The Turkish parliamentary corpus ParlaMint-TR-en, Term 27, Year 3, Session 106	2020-07-01	Unicameralism	27	3	106	-	-	COVID	English	Regular	MP	notMinister	MHP	Nationalist Movement Party	-	Right to far-right	MuhammedLevent.Bülbül	Bülbül, Muhammed Levent	M	1980	
ParlaMint-TR-en_2020-07-01-tbmm-T27	tbmm-2020-07-01sit01spe0079par0367	The Turkish parliamentary corpus ParlaMint-TR-en, Term 27, Year 3, Session 106	2020-07-01	Unicameralism	27	3	106	-	-	COVID	English	Chairperson	MP	notMinister	HDP	Peoples' Democratic Party	Opposition	Centre-left to left	Nimetullah.Erdoğmuş	Erdoğmuş, Nimetullah	M	1960	
ParlaMint-TR-en_2020-07-01-tbmm-T27	tbmm-2020-07-01sit01spe0082par0368	The Turkish parliamentary corpus ParlaMint-TR-en, Term 27, Year 3, Session 106	2020-07-01	Unicameralism	27	3	106	-	-	COVID	English	Regular	MP	notMinister	MHP	Nationalist Movement Party	-	Right to far-right	MuhammedLevent.Bülbül	Bülbül, Muhammed Levent	M	1980	
ParlaMint-TR-en_2020-07-01-tbmm-T27	tbmm-2020-07-01sit01spe0079par0369	The Turkish parliamentary corpus ParlaMint-TR-en, Term 27, Year 3, Session 106	2020-07-01	Unicameralism	27	3	106	-	-	COVID	English	Chairperson	MP	notMinister	HDP	Peoples' Democratic Party	Opposition	Centre-left to left	Nimetullah.Erdoğmuş	Erdoğmuş, Nimetullah	M	1960	
ParlaMint-TR-en_2020-07-01-tbmm-T27	tbmm-2020-07-01sit01spe0083par0371	The Turkish parliamentary corpus ParlaMint-TR-en, Term 27, Year 3, Session 106	2020-07-01	Unicameralism	27	3	106	-	-	COVID	English	Regular	MP	notMinister	HDP	Peoples' Democratic Party	Opposition	Centre-left to left	HakkıSaruhan.Oluç	Oluç, Hakkı Saruhan	M	1958	
ParlaMint-TR-en_2020-07-01-tbmm-T27	tbmm-2020-07-01sit01spe0084par0375	The Turkish parliamentary corpus ParlaMint-TR-en, Term 27, Year 3, Session 106	2020-07-01	Unicameralism	27	3	106	-	-	COVID	English	Chairperson	MP	notMinister	HDP	Peoples' Democratic Party	Opposition	Centre-left to left	Nimetullah.Erdoğmuş	Erdoğmuş, Nimetullah	M	1960	
ParlaMint-TR-en_2020-07-01-tbmm-T27	tbmm-2020-07-01sit01spe0083par0376	The Turkish parliamentary corpus ParlaMint-TR-en, Term 27, Year 3, Session 106	2020-07-01	Unicameralism	27	3	106	-	-	COVID	English	Regular	MP	notMinister	HDP	Peoples' Democratic Party	Opposition	Centre-left to left	HakkıSaruhan.Oluç	Oluç, Hakkı Saruhan	M	1958	
ParlaMint-TR-en_2020-07-01-tbmm-T27	tbmm-2020-07-01sit01spe0084par0379	The Turkish parliamentary corpus ParlaMint-TR-en, Term 27, Year 3, Session 106	2020-07-01	Unicameralism	27	3	106	-	-	COVID	English	Chairperson	MP	notMinister	HDP	Peoples' Democratic Party	Opposition	Centre-left to left	Nimetullah.Erdoğmuş	Erdoğmuş, Nimetullah	M	1960	
ParlaMint-TR-en_2020-07-01-tbmm-T27	tbmm-2020-07-01sit01spe0083par0380	The Turkish parliamentary corpus ParlaMint-TR-en, Term 27, Year 3, Session 106	2020-07-01	Unicameralism	27	3	106	-	-	COVID	English	Regular	MP	notMinister	HDP	Peoples' Democratic Party	Opposition	Centre-left to left	HakkıSaruhan.Oluç	Oluç, Hakkı Saruhan	M	1958	
ParlaMint-TR-en_2020-07-01-tbmm-T27	tbmm-2020-07-01sit01spe0084par0382	The Turkish parliamentary corpus ParlaMint-TR-en, Term 27, Year 3, Session 106	2020-07-01	Unicameralism	27	3	106	-	-	COVID	English	Chairperson	MP	notMinister	HDP	Peoples' Democratic Party	Opposition	Centre-left to left	Nimetullah.Erdoğmuş	Erdoğmuş, Nimetullah	M	1960	
ParlaMint-TR-en_2020-07-01-tbmm-T27	tbmm-2020-07-01sit02spe0084par0001	The Turkish parliamentary corpus ParlaMint-TR-en, Term 27, Year 3, Session 106	2020-07-01	Unicameralism	27	3	106	-	-	COVID	English	Chairperson	MP	notMinister	HDP	Peoples' Democratic Party	Opposition	Centre-left to left	Nimetullah.Erdoğmuş	Erdoğmuş, Nimetullah	M	1960	
ParlaMint-TR-en_2020-07-01-tbmm-T27	tbmm-2020-07-01sit02spe0085par0018	The Turkish parliamentary corpus ParlaMint-TR-en, Term 27, Year 3, Session 106	2020-07-01	Unicameralism	27	3	106	-	-	COVID	English	Regular	MP	notMinister	IYI	İYİ Party	Opposition	Centre-right	Lütfü.Türkkan	Türkkan, Lütfü	M	1959	
ParlaMint-TR-en_2020-07-01-tbmm-T27	tbmm-2020-07-01sit02spe0086par0023	The Turkish parliamentary corpus ParlaMint-TR-en, Term 27, Year 3, Session 106	2020-07-01	Unicameralism	27	3	106	-	-	COVID	English	Regular	MP	notMinister	CHP	Republican People's Party	Opposition	Centre-left	Özgür.Özel	Özel, Özgür	M	1974	
ParlaMint-TR-en_2020-07-01-tbmm-T27	tbmm-2020-07-01sit02spe0085par0024	The Turkish parliamentary corpus ParlaMint-TR-en, Term 27, Year 3, Session 106	2020-07-01	Unicameralism	27	3	106	-	-	COVID	English	Regular	MP	notMinister	IYI	İYİ Party	Opposition	Centre-right	Lütfü.Türkkan	Türkkan, Lütfü	M	1959	
ParlaMint-TR-en_2020-07-01-tbmm-T27	tbmm-2020-07-01sit02spe0087par0027	The Turkish parliamentary corpus ParlaMint-TR-en, Term 27, Year 3, Session 106	2020-07-01	Unicameralism	27	3	106	-	-	COVID	English	Chairperson	MP	notMinister	HDP	Peoples' Democratic Party	Opposition	Centre-left to left	Nimetullah.Erdoğmuş	Erdoğmuş, Nimetullah	M	1960	
ParlaMint-TR-en_2020-07-01-tbmm-T27	tbmm-2020-07-01sit02spe0085par0028	The Turkish parliamentary corpus ParlaMint-TR-en, Term 27, Year 3, Session 106	2020-07-01	Unicameralism	27	3	106	-	-	COVID	English	Regular	MP	notMinister	IYI	İYİ Party	Opposition	Centre-right	Lütfü.Türkkan	Türkkan, Lütfü	M	1959	
ParlaMint-TR-en_2020-07-01-tbmm-T27	tbmm-2020-07-01sit02spe0088par0033	The Turkish parliamentary corpus ParlaMint-TR-en, Term 27, Year 3, Session 106	2020-07-01	Unicameralism	27	3	106	-	-	COVID	English	Chairperson	MP	notMinister	HDP	Peoples' Democratic Party	Opposition	Centre-left to left	Nimetullah.Erdoğmuş	Erdoğmuş, Nimetullah	M	1960	
ParlaMint-TR-en_2020-07-01-tbmm-T27	tbmm-2020-07-01sit02spe0085par0034	The Turkish parliamentary corpus ParlaMint-TR-en, Term 27, Year 3, Session 106	2020-07-01	Unicameralism	27	3	106	-	-	COVID	English	Regular	MP	notMinister	IYI	İYİ Party	Opposition	Centre-right	Lütfü.Türkkan	Türkkan, Lütfü	M	1959	
ParlaMint-TR-en_2020-07-01-tbmm-T27	tbmm-2020-07-01sit02spe0089par0039	The Turkish parliamentary corpus ParlaMint-TR-en, Term 27, Year 3, Session 106	2020-07-01	Unicameralism	27	3	106	-	-	COVID	English	Chairperson	MP	notMinister	HDP	Peoples' Democratic Party	Opposition	Centre-left to left	Nimetullah.Erdoğmuş	Erdoğmuş, Nimetullah	M	1960	
ParlaMint-TR-en_2020-07-01-tbmm-T27	tbmm-2020-07-01sit02spe0085par0040	The Turkish parliamentary corpus ParlaMint-TR-en, Term 27, Year 3, Session 106	2020-07-01	Unicameralism	27	3	106	-	-	COVID	English	Regular	MP	notMinister	IYI	İYİ Party	Opposition	Centre-right	Lütfü.Türkkan	Türkkan, Lütfü	M	1959	
ParlaMint-TR-en_2020-07-01-tbmm-T27	tbmm-2020-07-01sit02spe0090par0045	The Turkish parliamentary corpus ParlaMint-TR-en, Term 27, Year 3, Session 106	2020-07-01	Unicameralism	27	3	106	-	-	COVID	English	Chairperson	MP	notMinister	HDP	Peoples' Democratic Party	Opposition	Centre-left to left	Nimetullah.Erdoğmuş	Erdoğmuş, Nimetullah	M	1960	
ParlaMint-TR-en_2020-07-01-tbmm-T27	tbmm-2020-07-01sit02spe0091par0048	The Turkish parliamentary corpus ParlaMint-TR-en, Term 27, Year 3, Session 106	2020-07-01	Unicameralism	27	3	106	-	-	COVID	English	Regular	MP	notMinister	HDP	Peoples' Democratic Party	Opposition	Centre-left to left	Oya.Ersoy	Ersoy, Oya	F	1970	
ParlaMint-TR-en_2020-07-01-tbmm-T27	tbmm-2020-07-01sit02spe0092par0055	The Turkish parliamentary corpus ParlaMint-TR-en, Term 27, Year 3, Session 106	2020-07-01	Unicameralism	27	3	106	-	-	COVID	English	Chairperson	MP	notMinister	HDP	Peoples' Democratic Party	Opposition	Centre-left to left	Nimetullah.Erdoğmuş	Erdoğmuş, Nimetullah	M	1960	
ParlaMint-TR-en_2020-07-01-tbmm-T27	tbmm-2020-07-01sit02spe0091par0056	The Turkish parliamentary corpus ParlaMint-TR-en, Term 27, Year 3, Session 106	2020-07-01	Unicameralism	27	3	106	-	-	COVID	English	Regular	MP	notMinister	HDP	Peoples' Democratic Party	Opposition	Centre-left to left	Oya.Ersoy	Ersoy, Oya	F	1970	
ParlaMint-TR-en_2020-07-01-tbmm-T27	tbmm-2020-07-01sit02spe0093par0060	The Turkish parliamentary corpus ParlaMint-TR-en, Term 27, Year 3, Session 106	2020-07-01	Unicameralism	27	3	106	-	-	COVID	English	Chairperson	MP	notMinister	HDP	Peoples' Democratic Party	Opposition	Centre-left to left	Nimetullah.Erdoğmuş	Erdoğmuş, Nimetullah	M	1960	
ParlaMint-TR-en_2020-07-01-tbmm-T27	tbmm-2020-07-01sit02spe0091par0061	The Turkish parliamentary corpus ParlaMint-TR-en, Term 27, Year 3, Session 106	2020-07-01	Unicameralism	27	3	106	-	-	COVID	English	Regular	MP	notMinister	HDP	Peoples' Democratic Party	Opposition	Centre-left to left	Oya.Ersoy	Ersoy, Oya	F	1970	
ParlaMint-TR-en_2020-07-01-tbmm-T27	tbmm-2020-07-01sit02spe0093par0064	The Turkish parliamentary corpus ParlaMint-TR-en, Term 27, Year 3, Session 106	2020-07-01	Unicameralism	27	3	106	-	-	COVID	English	Chairperson	MP	notMinister	HDP	Peoples' Democratic Party	Opposition	Centre-left to left	Nimetullah.Erdoğmuş	Erdoğmuş, Nimetullah	M	1960	
ParlaMint-TR-en_2020-07-01-tbmm-T27	tbmm-2020-07-01sit02spe0094par0067	The Turkish parliamentary corpus ParlaMint-TR-en, Term 27, Year 3, Session 106	2020-07-01	Unicameralism	27	3	106	-	-	COVID	English	Regular	MP	notMinister	CHP	Republican People's Party	Opposition	Centre-left	Mahmut.Tanal	Tanal, Mahmut	M	1961	
ParlaMint-TR-en_2020-07-01-tbmm-T27	tbmm-2020-07-01sit02spe0095par0074	The Turkish parliamentary corpus ParlaMint-TR-en, Term 27, Year 3, Session 106	2020-07-01	Unicameralism	27	3	106	-	-	COVID	English	Chairperson	MP	notMinister	HDP	Peoples' Democratic Party	Opposition	Centre-left to left	Nimetullah.Erdoğmuş	Erdoğmuş, Nimetullah	M	1960	
ParlaMint-TR-en_2020-07-01-tbmm-T27	tbmm-2020-07-01sit02spe0094par0076	The Turkish parliamentary corpus ParlaMint-TR-en, Term 27, Year 3, Session 106	2020-07-01	Unicameralism	27	3	106	-	-	COVID	English	Regular	MP	notMinister	CHP	Republican People's Party	Opposition	Centre-left	Mahmut.Tanal	Tanal, Mahmut	M	1961	
ParlaMint-TR-en_2020-07-01-tbmm-T27	tbmm-2020-07-01sit02spe0095par0079	The Turkish parliamentary corpus ParlaMint-TR-en, Term 27, Year 3, Session 106	2020-07-01	Unicameralism	27	3	106	-	-	COVID	English	Chairperson	MP	notMinister	HDP	Peoples' Democratic Party	Opposition	Centre-left to left	Nimetullah.Erdoğmuş	Erdoğmuş, Nimetullah	M	1960	
ParlaMint-TR-en_2020-07-01-tbmm-T27	tbmm-2020-07-01sit02spe0094par0080	The Turkish parliamentary corpus ParlaMint-TR-en, Term 27, Year 3, Session 106	2020-07-01	Unicameralism	27	3	106	-	-	COVID	English	Regular	MP	notMinister	CHP	Republican People's Party	Opposition	Centre-left	Mahmut.Tanal	Tanal, Mahmut	M	1961	
ParlaMint-TR-en_2020-07-01-tbmm-T27	tbmm-2020-07-01sit02spe0096par0084	The Turkish parliamentary corpus ParlaMint-TR-en, Term 27, Year 3, Session 106	2020-07-01	Unicameralism	27	3	106	-	-	COVID	English	Chairperson	MP	notMinister	HDP	Peoples' Democratic Party	Opposition	Centre-left to left	Nimetullah.Erdoğmuş	Erdoğmuş, Nimetullah	M	1960	
ParlaMint-TR-en_2020-07-01-tbmm-T27	tbmm-2020-07-01sit02spe0094par0085	The Turkish parliamentary corpus ParlaMint-TR-en, Term 27, Year 3, Session 106	2020-07-01	Unicameralism	27	3	106	-	-	COVID	English	Regular	MP	notMinister	CHP	Republican People's Party	Opposition	Centre-left	Mahmut.Tanal	Tanal, Mahmut	M	1961	
ParlaMint-TR-en_2020-07-01-tbmm-T27	tbmm-2020-07-01sit02spe0097par0090	The Turkish parliamentary corpus ParlaMint-TR-en, Term 27, Year 3, Session 106	2020-07-01	Unicameralism	27	3	106	-	-	COVID	English	Regular	MP	notMinister	IYI	İYİ Party	Opposition	Centre-right	Fahrettin.Yokuş	Yokuş, Fahrettin	M	1958	
ParlaMint-TR-en_2020-07-01-tbmm-T27	tbmm-2020-07-01sit02spe0098par0091	The Turkish parliamentary corpus ParlaMint-TR-en, Term 27, Year 3, Session 106	2020-07-01	Unicameralism	27	3	106	-	-	COVID	English	Chairperson	MP	notMinister	HDP	Peoples' Democratic Party	Opposition	Centre-left to left	Nimetullah.Erdoğmuş	Erdoğmuş, Nimetullah	M	1960	
ParlaMint-TR-en_2020-07-01-tbmm-T27	tbmm-2020-07-01sit02spe0099par0094	The Turkish parliamentary corpus ParlaMint-TR-en, Term 27, Year 3, Session 106	2020-07-01	Unicameralism	27	3	106	-	-	COVID	English	Regular	MP	notMinister	AKP	Justice and Development Party	Coalition	Right	Halil.Etyemez	Etyemez, Halil	M	1965	
ParlaMint-TR-en_2020-07-01-tbmm-T27	tbmm-2020-07-01sit02spe0100par0102	The Turkish parliamentary corpus ParlaMint-TR-en, Term 27, Year 3, Session 106	2020-07-01	Unicameralism	27	3	106	-	-	COVID	English	Chairperson	MP	notMinister	HDP	Peoples' Democratic Party	Opposition	Centre-left to left	Nimetullah.Erdoğmuş	Erdoğmuş, Nimetullah	M	1960	
ParlaMint-TR-en_2020-07-01-tbmm-T27	tbmm-2020-07-01sit02spe0099par0103	The Turkish parliamentary corpus ParlaMint-TR-en, Term 27, Year 3, Session 106	2020-07-01	Unicameralism	27	3	106	-	-	COVID	English	Regular	MP	notMinister	AKP	Justice and Development Party	Coalition	Right	Halil.Etyemez	Etyemez, Halil	M	1965	
ParlaMint-TR-en_2020-07-01-tbmm-T27	tbmm-2020-07-01sit02spe0101par0106	The Turkish parliamentary corpus ParlaMint-TR-en, Term 27, Year 3, Session 106	2020-07-01	Unicameralism	27	3	106	-	-	COVID	English	Regular	MP	notMinister	IYI	İYİ Party	Opposition	Centre-right	Lütfü.Türkkan	Türkkan, Lütfü	M	1959	
ParlaMint-TR-en_2020-07-01-tbmm-T27	tbmm-2020-07-01sit02spe0102par0109	The Turkish parliamentary corpus ParlaMint-TR-en, Term 27, Year 3, Session 106	2020-07-01	Unicameralism	27	3	106	-	-	COVID	English	Regular	MP	notMinister	CHP	Republican People's Party	Opposition	Centre-left	Özgür.Özel	Özel, Özgür	M	1974	
ParlaMint-TR-en_2020-07-01-tbmm-T27	tbmm-2020-07-01sit02spe0103par0111	The Turkish parliamentary corpus ParlaMint-TR-en, Term 27, Year 3, Session 106	2020-07-01	Unicameralism	27	3	106	-	-	COVID	English	Regular	MP	notMinister	AKP	Justice and Development Party	Coalition	Right	Abdullah.Güler	Güler, Abdullah	M	1969	
ParlaMint-TR-en_2020-07-01-tbmm-T27	tbmm-2020-07-01sit02spe0102par0112	The Turkish parliamentary corpus ParlaMint-TR-en, Term 27, Year 3, Session 106	2020-07-01	Unicameralism	27	3	106	-	-	COVID	English	Regular	MP	notMinister	CHP	Republican People's Party	Opposition	Centre-left	Özgür.Özel	Özel, Özgür	M	1974	
ParlaMint-TR-en_2020-07-01-tbmm-T27	tbmm-2020-07-01sit02spe0104par0113	The Turkish parliamentary corpus ParlaMint-TR-en, Term 27, Year 3, Session 106	2020-07-01	Unicameralism	27	3	106	-	-	COVID	English	Chairperson	MP	notMinister	HDP	Peoples' Democratic Party	Opposition	Centre-left to left	Nimetullah.Erdoğmuş	Erdoğmuş, Nimetullah	M	1960	
ParlaMint-TR-en_2020-07-01-tbmm-T27	tbmm-2020-07-01sit02spe0105par0116	The Turkish parliamentary corpus ParlaMint-TR-en, Term 27, Year 3, Session 106	2020-07-01	Unicameralism	27	3	106	-	-	COVID	English	Regular	MP	notMinister	CHP	Republican People's Party	Opposition	Centre-left	Özgür.Özel	Özel, Özgür	M	1974	
ParlaMint-TR-en_2020-07-01-tbmm-T27	tbmm-2020-07-01sit02spe0104par0117	The Turkish parliamentary corpus ParlaMint-TR-en, Term 27, Year 3, Session 106	2020-07-01	Unicameralism	27	3	106	-	-	COVID	English	Chairperson	MP	notMinister	HDP	Peoples' Democratic Party	Opposition	Centre-left to left	Nimetullah.Erdoğmuş	Erdoğmuş, Nimetullah	M	1960	
ParlaMint-TR-en_2020-07-01-tbmm-T27	tbmm-2020-07-01sit03spe0104par0001	The Turkish parliamentary corpus ParlaMint-TR-en, Term 27, Year 3, Session 106	2020-07-01	Unicameralism	27	3	106	-	-	COVID	English	Chairperson	MP	notMinister	HDP	Peoples' Democratic Party	Opposition	Centre-left to left	Nimetullah.Erdoğmuş	Erdoğmuş, Nimetullah	M	1960	
ParlaMint-TR-en_2020-07-01-tbmm-T27	tbmm-2020-07-01sit03spe0106par0026	The Turkish parliamentary corpus ParlaMint-TR-en, Term 27, Year 3, Session 106	2020-07-01	Unicameralism	27	3	106	-	-	COVID	English	Regular	MP	notMinister	HDP	Peoples' Democratic Party	Opposition	Centre-left to left	Kemal.Bülbül	Bülbül, Kemal	M	1963	
ParlaMint-TR-en_2020-07-01-tbmm-T27	tbmm-2020-07-01sit03spe0107par0032	The Turkish parliamentary corpus ParlaMint-TR-en, Term 27, Year 3, Session 106	2020-07-01	Unicameralism	27	3	106	-	-	COVID	English	Chairperson	MP	notMinister	HDP	Peoples' Democratic Party	Opposition	Centre-left to left	Nimetullah.Erdoğmuş	Erdoğmuş, Nimetullah	M	1960	
ParlaMint-TR-en_2020-07-01-tbmm-T27	tbmm-2020-07-01sit03spe0106par0033	The Turkish parliamentary corpus ParlaMint-TR-en, Term 27, Year 3, Session 106	2020-07-01	Unicameralism	27	3	106	-	-	COVID	English	Regular	MP	notMinister	HDP	Peoples' Democratic Party	Opposition	Centre-left to left	Kemal.Bülbül	Bülbül, Kemal	M	1963	
ParlaMint-TR-en_2020-07-01-tbmm-T27	tbmm-2020-07-01sit03spe0108par0037	The Turkish parliamentary corpus ParlaMint-TR-en, Term 27, Year 3, Session 106	2020-07-01	Unicameralism	27	3	106	-	-	COVID	English	Chairperson	MP	notMinister	HDP	Peoples' Democratic Party	Opposition	Centre-left to left	Nimetullah.Erdoğmuş	Erdoğmuş, Nimetullah	M	1960	
ParlaMint-TR-en_2020-07-01-tbmm-T27	tbmm-2020-07-01sit03spe0106par0038	The Turkish parliamentary corpus ParlaMint-TR-en, Term 27, Year 3, Session 106	2020-07-01	Unicameralism	27	3	106	-	-	COVID	English	Regular	MP	notMinister	HDP	Peoples' Democratic Party	Opposition	Centre-left to left	Kemal.Bülbül	Bülbül, Kemal	M	1963	
ParlaMint-TR-en_2020-07-01-tbmm-T27	tbmm-2020-07-01sit03spe0108par0041	The Turkish parliamentary corpus ParlaMint-TR-en, Term 27, Year 3, Session 106	2020-07-01	Unicameralism	27	3	106	-	-	COVID	English	Chairperson	MP	notMinister	HDP	Peoples' Democratic Party	Opposition	Centre-left to left	Nimetullah.Erdoğmuş	Erdoğmuş, Nimetullah	M	1960	
ParlaMint-TR-en_2020-07-01-tbmm-T27	tbmm-2020-07-01sit03spe0106par0042	The Turkish parliamentary corpus ParlaMint-TR-en, Term 27, Year 3, Session 106	2020-07-01	Unicameralism	27	3	106	-	-	COVID	English	Regular	MP	notMinister	HDP	Peoples' Democratic Party	Opposition	Centre-left to left	Kemal.Bülbül	Bülbül, Kemal	M	1963	
ParlaMint-TR-en_2020-07-01-tbmm-T27	tbmm-2020-07-01sit03spe0109par0045	The Turkish parliamentary corpus ParlaMint-TR-en, Term 27, Year 3, Session 106	2020-07-01	Unicameralism	27	3	106	-	-	COVID	English	Regular	MP	notMinister	AKP	Justice and Development Party	Coalition	Right	Cahit.Özkan	Özkan, Cahit	M	1976	
ParlaMint-TR-en_2020-07-01-tbmm-T27	tbmm-2020-07-01sit03spe0110par0046	The Turkish parliamentary corpus ParlaMint-TR-en, Term 27, Year 3, Session 106	2020-07-01	Unicameralism	27	3	106	-	-	COVID	English	Chairperson	MP	notMinister	HDP	Peoples' Democratic Party	Opposition	Centre-left to left	Nimetullah.Erdoğmuş	Erdoğmuş, Nimetullah	M	1960	
ParlaMint-TR-en_2020-07-01-tbmm-T27	tbmm-2020-07-01sit03spe0109par0049	The Turkish parliamentary corpus ParlaMint-TR-en, Term 27, Year 3, Session 106	2020-07-01	Unicameralism	27	3	106	-	-	COVID	English	Regular	MP	notMinister	AKP	Justice and Development Party	Coalition	Right	Cahit.Özkan	Özkan, Cahit	M	1976	
ParlaMint-TR-en_2020-07-01-tbmm-T27	tbmm-2020-07-01sit03spe0111par0053	The Turkish parliamentary corpus ParlaMint-TR-en, Term 27, Year 3, Session 106	2020-07-01	Unicameralism	27	3	106	-	-	COVID	English	Chairperson	MP	notMinister	HDP	Peoples' Democratic Party	Opposition	Centre-left to left	Nimetullah.Erdoğmuş	Erdoğmuş, Nimetullah	M	1960	
ParlaMint-TR-en_2020-07-01-tbmm-T27	tbmm-2020-07-01sit03spe0112par0054	The Turkish parliamentary corpus ParlaMint-TR-en, Term 27, Year 3, Session 106	2020-07-01	Unicameralism	27	3	106	-	-	COVID	English	Regular	MP	notMinister	HDP	Peoples' Democratic Party	Opposition	Centre-left to left	Hasan.Özgüneş	Özgüneş, Hasan	M	1957	
ParlaMint-TR-en_2020-07-01-tbmm-T27	tbmm-2020-07-01sit03spe0109par0055	The Turkish parliamentary corpus ParlaMint-TR-en, Term 27, Year 3, Session 106	2020-07-01	Unicameralism	27	3	106	-	-	COVID	English	Regular	MP	notMinister	AKP	Justice and Development Party	Coalition	Right	Cahit.Özkan	Özkan, Cahit	M	1976	
ParlaMint-TR-en_2020-07-01-tbmm-T27	tbmm-2020-07-01sit03spe0113par0058	The Turkish parliamentary corpus ParlaMint-TR-en, Term 27, Year 3, Session 106	2020-07-01	Unicameralism	27	3	106	-	-	COVID	English	Chairperson	MP	notMinister	HDP	Peoples' Democratic Party	Opposition	Centre-left to left	Nimetullah.Erdoğmuş	Erdoğmuş, Nimetullah	M	1960	
ParlaMint-TR-en_2020-07-01-tbmm-T27	tbmm-2020-07-01sit03spe0109par0059	The Turkish parliamentary corpus ParlaMint-TR-en, Term 27, Year 3, Session 106	2020-07-01	Unicameralism	27	3	106	-	-	COVID	English	Regular	MP	notMinister	AKP	Justice and Development Party	Coalition	Right	Cahit.Özkan	Özkan, Cahit	M	1976	
ParlaMint-TR-en_2020-07-01-tbmm-T27	tbmm-2020-07-01sit03spe0114par0061	The Turkish parliamentary corpus ParlaMint-TR-en, Term 27, Year 3, Session 106	2020-07-01	Unicameralism	27	3	106	-	-	COVID	English	Regular	MP	notMinister	CHP	Republican People's Party	Opposition	Centre-left	Özgür.Özel	Özel, Özgür	M	1974	
ParlaMint-TR-en_2020-07-01-tbmm-T27	tbmm-2020-07-01sit03spe0115par0062	The Turkish parliamentary corpus ParlaMint-TR-en, Term 27, Year 3, Session 106	2020-07-01	Unicameralism	27	3	106	-	-	COVID	English	Chairperson	MP	notMinister	HDP	Peoples' Democratic Party	Opposition	Centre-left to left	Nimetullah.Erdoğmuş	Erdoğmuş, Nimetullah	M	1960	
ParlaMint-TR-en_2020-07-01-tbmm-T27	tbmm-2020-07-01sit03spe0114par0064	The Turkish parliamentary corpus ParlaMint-TR-en, Term 27, Year 3, Session 106	2020-07-01	Unicameralism	27	3	106	-	-	COVID	English	Regular	MP	notMinister	CHP	Republican People's Party	Opposition	Centre-left	Özgür.Özel	Özel, Özgür	M	1974	
ParlaMint-TR-en_2020-07-01-tbmm-T27	tbmm-2020-07-01sit03spe0115par0067	The Turkish parliamentary corpus ParlaMint-TR-en, Term 27, Year 3, Session 106	2020-07-01	Unicameralism	27	3	106	-	-	COVID	English	Chairperson	MP	notMinister	HDP	Peoples' Democratic Party	Opposition	Centre-left to left	Nimetullah.Erdoğmuş	Erdoğmuş, Nimetullah	M	1960	
ParlaMint-TR-en_2020-07-01-tbmm-T27	tbmm-2020-07-01sit03spe0114par0068	The Turkish parliamentary corpus ParlaMint-TR-en, Term 27, Year 3, Session 106	2020-07-01	Unicameralism	27	3	106	-	-	COVID	English	Regular	MP	notMinister	CHP	Republican People's Party	Opposition	Centre-left	Özgür.Özel	Özel, Özgür	M	1974	
ParlaMint-TR-en_2020-07-01-tbmm-T27	tbmm-2020-07-01sit03spe0115par0070	The Turkish parliamentary corpus ParlaMint-TR-en, Term 27, Year 3, Session 106	2020-07-01	Unicameralism	27	3	106	-	-	COVID	English	Chairperson	MP	notMinister	HDP	Peoples' Democratic Party	Opposition	Centre-left to left	Nimetullah.Erdoğmuş	Erdoğmuş, Nimetullah	M	1960	
ParlaMint-TR-en_2020-07-01-tbmm-T27	tbmm-2020-07-01sit03spe0114par0071	The Turkish parliamentary corpus ParlaMint-TR-en, Term 27, Year 3, Session 106	2020-07-01	Unicameralism	27	3	106	-	-	COVID	English	Regular	MP	notMinister	CHP	Republican People's Party	Opposition	Centre-left	Özgür.Özel	Özel, Özgür	M	1974	
ParlaMint-TR-en_2020-07-01-tbmm-T27	tbmm-2020-07-01sit03spe0115par0074	The Turkish parliamentary corpus ParlaMint-TR-en, Term 27, Year 3, Session 106	2020-07-01	Unicameralism	27	3	106	-	-	COVID	English	Chairperson	MP	notMinister	HDP	Peoples' Democratic Party	Opposition	Centre-left to left	Nimetullah.Erdoğmuş	Erdoğmuş, Nimetullah	M	1960	
ParlaMint-TR-en_2020-07-01-tbmm-T27	tbmm-2020-07-01sit03spe0114par0075	The Turkish parliamentary corpus ParlaMint-TR-en, Term 27, Year 3, Session 106	2020-07-01	Unicameralism	27	3	106	-	-	COVID	English	Regular	MP	notMinister	CHP	Republican People's Party	Opposition	Centre-left	Özgür.Özel	Özel, Özgür	M	1974	
ParlaMint-TR-en_2020-07-01-tbmm-T27	tbmm-2020-07-01sit03spe0115par0077	The Turkish parliamentary corpus ParlaMint-TR-en, Term 27, Year 3, Session 106	2020-07-01	Unicameralism	27	3	106	-	-	COVID	English	Chairperson	MP	notMinister	HDP	Peoples' Democratic Party	Opposition	Centre-left to left	Nimetullah.Erdoğmuş	Erdoğmuş, Nimetullah	M	1960	
ParlaMint-TR-en_2020-07-01-tbmm-T27	tbmm-2020-07-01sit03spe0114par0078	The Turkish parliamentary corpus ParlaMint-TR-en, Term 27, Year 3, Session 106	2020-07-01	Unicameralism	27	3	106	-	-	COVID	English	Regular	MP	notMinister	CHP	Republican People's Party	Opposition	Centre-left	Özgür.Özel	Özel, Özgür	M	1974	
ParlaMint-TR-en_2020-07-01-tbmm-T27	tbmm-2020-07-01sit03spe0115par0080	The Turkish parliamentary corpus ParlaMint-TR-en, Term 27, Year 3, Session 106	2020-07-01	Unicameralism	27	3	106	-	-	COVID	English	Chairperson	MP	notMinister	HDP	Peoples' Democratic Party	Opposition	Centre-left to left	Nimetullah.Erdoğmuş	Erdoğmuş, Nimetullah	M	1960	
ParlaMint-TR-en_2020-07-01-tbmm-T27	tbmm-2020-07-01sit03spe0116par0083	The Turkish parliamentary corpus ParlaMint-TR-en, Term 27, Year 3, Session 106	2020-07-01	Unicameralism	27	3	106	-	-	COVID	English	Regular	MP	notMinister	AKP	Justice and Development Party	Coalition	Right	Cahit.Özkan	Özkan, Cahit	M	1976	
ParlaMint-TR-en_2020-07-01-tbmm-T27	tbmm-2020-07-01sit03spe0117par0085	The Turkish parliamentary corpus ParlaMint-TR-en, Term 27, Year 3, Session 106	2020-07-01	Unicameralism	27	3	106	-	-	COVID	English	Regular	MP	notMinister	IYI	İYİ Party	Opposition	Centre-right	Lütfü.Türkkan	Türkkan, Lütfü	M	1959	
ParlaMint-TR-en_2020-07-01-tbmm-T27	tbmm-2020-07-01sit03spe0118par0086	The Turkish parliamentary corpus ParlaMint-TR-en, Term 27, Year 3, Session 106	2020-07-01	Unicameralism	27	3	106	-	-	COVID	English	Chairperson	MP	notMinister	HDP	Peoples' Democratic Party	Opposition	Centre-left to left	Nimetullah.Erdoğmuş	Erdoğmuş, Nimetullah	M	1960	
ParlaMint-TR-en_2020-07-01-tbmm-T27	tbmm-2020-07-01sit03spe0117par0088	The Turkish parliamentary corpus ParlaMint-TR-en, Term 27, Year 3, Session 106	2020-07-01	Unicameralism	27	3	106	-	-	COVID	English	Regular	MP	notMinister	IYI	İYİ Party	Opposition	Centre-right	Lütfü.Türkkan	Türkkan, Lütfü	M	1959	
ParlaMint-TR-en_2020-07-01-tbmm-T27	tbmm-2020-07-01sit03spe0119par0092	The Turkish parliamentary corpus ParlaMint-TR-en, Term 27, Year 3, Session 106	2020-07-01	Unicameralism	27	3	106	-	-	COVID	English	Chairperson	MP	notMinister	HDP	Peoples' Democratic Party	Opposition	Centre-left to left	Nimetullah.Erdoğmuş	Erdoğmuş, Nimetullah	M	1960	
ParlaMint-TR-en_2020-07-01-tbmm-T27	tbmm-2020-07-01sit03spe0117par0093	The Turkish parliamentary corpus ParlaMint-TR-en, Term 27, Year 3, Session 106	2020-07-01	Unicameralism	27	3	106	-	-	COVID	English	Regular	MP	notMinister	IYI	İYİ Party	Opposition	Centre-right	Lütfü.Türkkan	Türkkan, Lütfü	M	1959	
ParlaMint-TR-en_2020-07-01-tbmm-T27	tbmm-2020-07-01sit03spe0120par0095	The Turkish parliamentary corpus ParlaMint-TR-en, Term 27, Year 3, Session 106	2020-07-01	Unicameralism	27	3	106	-	-	COVID	English	Regular	MP	notMinister	CHP	Republican People's Party	Opposition	Centre-left	Özgür.Özel	Özel, Özgür	M	1974	
ParlaMint-TR-en_2020-07-01-tbmm-T27	tbmm-2020-07-01sit03spe0121par0096	The Turkish parliamentary corpus ParlaMint-TR-en, Term 27, Year 3, Session 106	2020-07-01	Unicameralism	27	3	106	-	-	COVID	English	Chairperson	MP	notMinister	HDP	Peoples' Democratic Party	Opposition	Centre-left to left	Nimetullah.Erdoğmuş	Erdoğmuş, Nimetullah	M	1960	
ParlaMint-TR-en_2020-07-01-tbmm-T27	tbmm-2020-07-01sit03spe0120par0098	The Turkish parliamentary corpus ParlaMint-TR-en, Term 27, Year 3, Session 106	2020-07-01	Unicameralism	27	3	106	-	-	COVID	English	Regular	MP	notMinister	CHP	Republican People's Party	Opposition	Centre-left	Özgür.Özel	Özel, Özgür	M	1974	
ParlaMint-TR-en_2020-07-01-tbmm-T27	tbmm-2020-07-01sit03spe0121par0100	The Turkish parliamentary corpus ParlaMint-TR-en, Term 27, Year 3, Session 106	2020-07-01	Unicameralism	27	3	106	-	-	COVID	English	Chairperson	MP	notMinister	HDP	Peoples' Democratic Party	Opposition	Centre-left to left	Nimetullah.Erdoğmuş	Erdoğmuş, Nimetullah	M	1960	
ParlaMint-TR-en_2020-07-01-tbmm-T27	tbmm-2020-07-01sit03spe0120par0101	The Turkish parliamentary corpus ParlaMint-TR-en, Term 27, Year 3, Session 106	2020-07-01	Unicameralism	27	3	106	-	-	COVID	English	Regular	MP	notMinister	CHP	Republican People's Party	Opposition	Centre-left	Özgür.Özel	Özel, Özgür	M	1974	
ParlaMint-TR-en_2020-07-01-tbmm-T27	tbmm-2020-07-01sit03spe0121par0105	The Turkish parliamentary corpus ParlaMint-TR-en, Term 27, Year 3, Session 106	2020-07-01	Unicameralism	27	3	106	-	-	COVID	English	Chairperson	MP	notMinister	HDP	Peoples' Democratic Party	Opposition	Centre-left to left	Nimetullah.Erdoğmuş	Erdoğmuş, Nimetullah	M	1960	
ParlaMint-TR-en_2020-07-01-tbmm-T27	tbmm-2020-07-01sit03spe0122par0109	The Turkish parliamentary corpus ParlaMint-TR-en, Term 27, Year 3, Session 106	2020-07-01	Unicameralism	27	3	106	-	-	COVID	English	Regular	MP	notMinister	IYI	İYİ Party	Opposition	Centre-right	İbrahimHalil.Oral	Oral, İbrahim Halil	M	1958	
ParlaMint-TR-en_2020-07-01-tbmm-T27	tbmm-2020-07-01sit03spe0123par0114	The Turkish parliamentary corpus ParlaMint-TR-en, Term 27, Year 3, Session 106	2020-07-01	Unicameralism	27	3	106	-	-	COVID	English	Regular	MP	notMinister	HDP	Peoples' Democratic Party	Opposition	Centre-left to left	Ali.Kenanoğlu	Kenanoğlu, Ali	M	1971	
ParlaMint-TR-en_2020-07-01-tbmm-T27	tbmm-2020-07-01sit03spe0122par0115	The Turkish parliamentary corpus ParlaMint-TR-en, Term 27, Year 3, Session 106	2020-07-01	Unicameralism	27	3	106	-	-	COVID	English	Regular	MP	notMinister	IYI	İYİ Party	Opposition	Centre-right	İbrahimHalil.Oral	Oral, İbrahim Halil	M	1958	
ParlaMint-TR-en_2020-07-01-tbmm-T27	tbmm-2020-07-01sit03spe0124par0117	The Turkish parliamentary corpus ParlaMint-TR-en, Term 27, Year 3, Session 106	2020-07-01	Unicameralism	27	3	106	-	-	COVID	English	Chairperson	MP	notMinister	HDP	Peoples' Democratic Party	Opposition	Centre-left to left	Nimetullah.Erdoğmuş	Erdoğmuş, Nimetullah	M	1960	
ParlaMint-TR-en_2020-07-01-tbmm-T27	tbmm-2020-07-01sit03spe0122par0118	The Turkish parliamentary corpus ParlaMint-TR-en, Term 27, Year 3, Session 106	2020-07-01	Unicameralism	27	3	106	-	-	COVID	English	Regular	MP	notMinister	IYI	İYİ Party	Opposition	Centre-right	İbrahimHalil.Oral	Oral, İbrahim Halil	M	1958	
ParlaMint-TR-en_2020-07-01-tbmm-T27	tbmm-2020-07-01sit03spe0125par0121	The Turkish parliamentary corpus ParlaMint-TR-en, Term 27, Year 3, Session 106	2020-07-01	Unicameralism	27	3	106	-	-	COVID	English	Regular	MP	notMinister	HDP	Peoples' Democratic Party	Opposition	Centre-left to left	HakkıSaruhan.Oluç	Oluç, Hakkı Saruhan	M	1958	
ParlaMint-TR-en_2020-07-01-tbmm-T27	tbmm-2020-07-01sit03spe0126par0122	The Turkish parliamentary corpus ParlaMint-TR-en, Term 27, Year 3, Session 106	2020-07-01	Unicameralism	27	3	106	-	-	COVID	English	Chairperson	MP	notMinister	HDP	Peoples' Democratic Party	Opposition	Centre-left to left	Nimetullah.Erdoğmuş	Erdoğmuş, Nimetullah	M	1960	
ParlaMint-TR-en_2020-07-01-tbmm-T27	tbmm-2020-07-01sit03spe0125par0125	The Turkish parliamentary corpus ParlaMint-TR-en, Term 27, Year 3, Session 106	2020-07-01	Unicameralism	27	3	106	-	-	COVID	English	Regular	MP	notMinister	HDP	Peoples' Democratic Party	Opposition	Centre-left to left	HakkıSaruhan.Oluç	Oluç, Hakkı Saruhan	M	1958	
ParlaMint-TR-en_2020-07-01-tbmm-T27	tbmm-2020-07-01sit03spe0126par0128	The Turkish parliamentary corpus ParlaMint-TR-en, Term 27, Year 3, Session 106	2020-07-01	Unicameralism	27	3	106	-	-	COVID	English	Chairperson	MP	notMinister	HDP	Peoples' Democratic Party	Opposition	Centre-left to left	Nimetullah.Erdoğmuş	Erdoğmuş, Nimetullah	M	1960	
ParlaMint-TR-en_2020-07-01-tbmm-T27	tbmm-2020-07-01sit03spe0125par0129	The Turkish parliamentary corpus ParlaMint-TR-en, Term 27, Year 3, Session 106	2020-07-01	Unicameralism	27	3	106	-	-	COVID	English	Regular	MP	notMinister	HDP	Peoples' Democratic Party	Opposition	Centre-left to left	HakkıSaruhan.Oluç	Oluç, Hakkı Saruhan	M	1958	
ParlaMint-TR-en_2020-07-01-tbmm-T27	tbmm-2020-07-01sit03spe0126par0134	The Turkish parliamentary corpus ParlaMint-TR-en, Term 27, Year 3, Session 106	2020-07-01	Unicameralism	27	3	106	-	-	COVID	English	Chairperson	MP	notMinister	HDP	Peoples' Democratic Party	Opposition	Centre-left to left	Nimetullah.Erdoğmuş	Erdoğmuş, Nimetullah	M	1960	
ParlaMint-TR-en_2020-07-01-tbmm-T27	tbmm-2020-07-01sit03spe0127par0137	The Turkish parliamentary corpus ParlaMint-TR-en, Term 27, Year 3, Session 106	2020-07-01	Unicameralism	27	3	106	-	-	COVID	English	Regular	MP	notMinister	CHP	Republican People's Party	Opposition	Centre-left	Ulaş.Karasu	Karasu, Ulaş	M	1980	
ParlaMint-TR-en_2020-07-01-tbmm-T27	tbmm-2020-07-01sit03spe0128par0146	The Turkish parliamentary corpus ParlaMint-TR-en, Term 27, Year 3, Session 106	2020-07-01	Unicameralism	27	3	106	-	-	COVID	English	Chairperson	MP	notMinister	HDP	Peoples' Democratic Party	Opposition	Centre-left to left	Nimetullah.Erdoğmuş	Erdoğmuş, Nimetullah	M	1960	
ParlaMint-TR-en_2020-07-01-tbmm-T27	tbmm-2020-07-01sit03spe0127par0147	The Turkish parliamentary corpus ParlaMint-TR-en, Term 27, Year 3, Session 106	2020-07-01	Unicameralism	27	3	106	-	-	COVID	English	Regular	MP	notMinister	CHP	Republican People's Party	Opposition	Centre-left	Ulaş.Karasu	Karasu, Ulaş	M	1980	
ParlaMint-TR-en_2020-07-01-tbmm-T27	tbmm-2020-07-01sit03spe0129par0159	The Turkish parliamentary corpus ParlaMint-TR-en, Term 27, Year 3, Session 106	2020-07-01	Unicameralism	27	3	106	-	-	COVID	English	Chairperson	MP	notMinister	HDP	Peoples' Democratic Party	Opposition	Centre-left to left	Nimetullah.Erdoğmuş	Erdoğmuş, Nimetullah	M	1960	
ParlaMint-TR-en_2020-07-01-tbmm-T27	tbmm-2020-07-01sit03spe0130par0162	The Turkish parliamentary corpus ParlaMint-TR-en, Term 27, Year 3, Session 106	2020-07-01	Unicameralism	27	3	106	-	-	COVID	English	Regular	MP	notMinister	AKP	Justice and Development Party	Coalition	Right	İsmet.Yılmaz	Yılmaz, İsmet	M	1961	
ParlaMint-TR-en_2020-07-01-tbmm-T27	tbmm-2020-07-01sit03spe0131par0166	The Turkish parliamentary corpus ParlaMint-TR-en, Term 27, Year 3, Session 106	2020-07-01	Unicameralism	27	3	106	-	-	COVID	English	Regular	MP	notMinister	HDP	Peoples' Democratic Party	Opposition	Centre-left to left	Kemal.Bülbül	Bülbül, Kemal	M	1963	
ParlaMint-TR-en_2020-07-01-tbmm-T27	tbmm-2020-07-01sit03spe0130par0167	The Turkish parliamentary corpus ParlaMint-TR-en, Term 27, Year 3, Session 106	2020-07-01	Unicameralism	27	3	106	-	-	COVID	English	Regular	MP	notMinister	AKP	Justice and Development Party	Coalition	Right	İsmet.Yılmaz	Yılmaz, İsmet	M	1961	
ParlaMint-TR-en_2020-07-01-tbmm-T27	tbmm-2020-07-01sit03spe0132par0193	The Turkish parliamentary corpus ParlaMint-TR-en, Term 27, Year 3, Session 106	2020-07-01	Unicameralism	27	3	106	-	-	COVID	English	Chairperson	MP	notMinister	HDP	Peoples' Democratic Party	Opposition	Centre-left to left	Nimetullah.Erdoğmuş	Erdoğmuş, Nimetullah	M	1960	
ParlaMint-TR-en_2020-07-01-tbmm-T27	tbmm-2020-07-01sit03spe0130par0194	The Turkish parliamentary corpus ParlaMint-TR-en, Term 27, Year 3, Session 106	2020-07-01	Unicameralism	27	3	106	-	-	COVID	English	Regular	MP	notMinister	AKP	Justice and Development Party	Coalition	Right	İsmet.Yılmaz	Yılmaz, İsmet	M	1961	
ParlaMint-TR-en_2020-07-01-tbmm-T27	tbmm-2020-07-01sit03spe0133par0206	The Turkish parliamentary corpus ParlaMint-TR-en, Term 27, Year 3, Session 106	2020-07-01	Unicameralism	27	3	106	-	-	COVID	English	Regular	MP	notMinister	CHP	Republican People's Party	Opposition	Centre-left	Özgür.Özel	Özel, Özgür	M	1974	
ParlaMint-TR-en_2020-07-01-tbmm-T27	tbmm-2020-07-01sit03spe0134par0207	The Turkish parliamentary corpus ParlaMint-TR-en, Term 27, Year 3, Session 106	2020-07-01	Unicameralism	27	3	106	-	-	COVID	English	Chairperson	MP	notMinister	HDP	Peoples' Democratic Party	Opposition	Centre-left to left	Nimetullah.Erdoğmuş	Erdoğmuş, Nimetullah	M	1960	
ParlaMint-TR-en_2020-07-01-tbmm-T27	tbmm-2020-07-01sit04spe0134par0001	The Turkish parliamentary corpus ParlaMint-TR-en, Term 27, Year 3, Session 106	2020-07-01	Unicameralism	27	3	106	-	-	COVID	English	Chairperson	MP	notMinister	HDP	Peoples' Democratic Party	Opposition	Centre-left to left	Nimetullah.Erdoğmuş	Erdoğmuş, Nimetullah	M	1960	
ParlaMint-TR-en_2020-07-01-tbmm-T27	tbmm-2020-07-01sit04spe0135par0025	The Turkish parliamentary corpus ParlaMint-TR-en, Term 27, Year 3, Session 106	2020-07-01	Unicameralism	27	3	106	-	-	COVID	English	Regular	MP	notMinister	CHP	Republican People's Party	Opposition	Centre-left	MehmetAkif.Hamzaçebi	Hamzaçebi, Mehmet Akif	M	1953	
ParlaMint-TR-en_2020-07-01-tbmm-T27	tbmm-2020-07-01sit04spe0136par0030	The Turkish parliamentary corpus ParlaMint-TR-en, Term 27, Year 3, Session 106	2020-07-01	Unicameralism	27	3	106	-	-	COVID	English	Chairperson	MP	notMinister	HDP	Peoples' Democratic Party	Opposition	Centre-left to left	Nimetullah.Erdoğmuş	Erdoğmuş, Nimetullah	M	1960	
ParlaMint-TR-en_2020-07-01-tbmm-T27	tbmm-2020-07-01sit04spe0135par0031	The Turkish parliamentary corpus ParlaMint-TR-en, Term 27, Year 3, Session 106	2020-07-01	Unicameralism	27	3	106	-	-	COVID	English	Regular	MP	notMinister	CHP	Republican People's Party	Opposition	Centre-left	MehmetAkif.Hamzaçebi	Hamzaçebi, Mehmet Akif	M	1953	
ParlaMint-TR-en_2020-07-01-tbmm-T27	tbmm-2020-07-01sit04spe0136par0034	The Turkish parliamentary corpus ParlaMint-TR-en, Term 27, Year 3, Session 106	2020-07-01	Unicameralism	27	3	106	-	-	COVID	English	Chairperson	MP	notMinister	HDP	Peoples' Democratic Party	Opposition	Centre-left to left	Nimetullah.Erdoğmuş	Erdoğmuş, Nimetullah	M	1960	
ParlaMint-TR-en_2020-07-01-tbmm-T27	tbmm-2020-07-01sit04spe0135par0035	The Turkish parliamentary corpus ParlaMint-TR-en, Term 27, Year 3, Session 106	2020-07-01	Unicameralism	27	3	106	-	-	COVID	English	Regular	MP	notMinister	CHP	Republican People's Party	Opposition	Centre-left	MehmetAkif.Hamzaçebi	Hamzaçebi, Mehmet Akif	M	1953	
ParlaMint-TR-en_2020-07-01-tbmm-T27	tbmm-2020-07-01sit04spe0137par0042	The Turkish parliamentary corpus ParlaMint-TR-en, Term 27, Year 3, Session 106	2020-07-01	Unicameralism	27	3	106	-	-	COVID	English	Chairperson	MP	notMinister	HDP	Peoples' Democratic Party	Opposition	Centre-left to left	Nimetullah.Erdoğmuş	Erdoğmuş, Nimetullah	M	1960	
ParlaMint-TR-en_2020-07-01-tbmm-T27	tbmm-2020-07-01sit04spe0138par0045	The Turkish parliamentary corpus ParlaMint-TR-en, Term 27, Year 3, Session 106	2020-07-01	Unicameralism	27	3	106	-	-	COVID	English	Regular	MP	notMinister	IYI	İYİ Party	Opposition	Centre-right	Bedri.Yaşar	Yaşar, Bedri	M	1963	
ParlaMint-TR-en_2020-07-01-tbmm-T27	tbmm-2020-07-01sit04spe0139par0052	The Turkish parliamentary corpus ParlaMint-TR-en, Term 27, Year 3, Session 106	2020-07-01	Unicameralism	27	3	106	-	-	COVID	English	Chairperson	MP	notMinister	HDP	Peoples' Democratic Party	Opposition	Centre-left to left	Nimetullah.Erdoğmuş	Erdoğmuş, Nimetullah	M	1960	
ParlaMint-TR-en_2020-07-01-tbmm-T27	tbmm-2020-07-01sit04spe0138par0053	The Turkish parliamentary corpus ParlaMint-TR-en, Term 27, Year 3, Session 106	2020-07-01	Unicameralism	27	3	106	-	-	COVID	English	Regular	MP	notMinister	IYI	İYİ Party	Opposition	Centre-right	Bedri.Yaşar	Yaşar, Bedri	M	1963	
ParlaMint-TR-en_2020-07-01-tbmm-T27	tbmm-2020-07-01sit04spe0140par0058	The Turkish parliamentary corpus ParlaMint-TR-en, Term 27, Year 3, Session 106	2020-07-01	Unicameralism	27	3	106	-	-	COVID	English	Chairperson	MP	notMinister	HDP	Peoples' Democratic Party	Opposition	Centre-left to left	Nimetullah.Erdoğmuş	Erdoğmuş, Nimetullah	M	1960	
ParlaMint-TR-en_2020-07-01-tbmm-T27	tbmm-2020-07-01sit04spe0141par0061	The Turkish parliamentary corpus ParlaMint-TR-en, Term 27, Year 3, Session 106	2020-07-01	Unicameralism	27	3	106	-	-	COVID	English	Regular	MP	notMinister	HDP	Peoples' Democratic Party	Opposition	Centre-left to left	Ali.Kenanoğlu	Kenanoğlu, Ali	M	1971	
ParlaMint-TR-en_2020-07-01-tbmm-T27	tbmm-2020-07-01sit04spe0142par0065	The Turkish parliamentary corpus ParlaMint-TR-en, Term 27, Year 3, Session 106	2020-07-01	Unicameralism	27	3	106	-	-	COVID	English	Chairperson	MP	notMinister	HDP	Peoples' Democratic Party	Opposition	Centre-left to left	Nimetullah.Erdoğmuş	Erdoğmuş, Nimetullah	M	1960	
ParlaMint-TR-en_2020-07-01-tbmm-T27	tbmm-2020-07-01sit04spe0141par0066	The Turkish parliamentary corpus ParlaMint-TR-en, Term 27, Year 3, Session 106	2020-07-01	Unicameralism	27	3	106	-	-	COVID	English	Regular	MP	notMinister	HDP	Peoples' Democratic Party	Opposition	Centre-left to left	Ali.Kenanoğlu	Kenanoğlu, Ali	M	1971	
ParlaMint-TR-en_2020-07-01-tbmm-T27	tbmm-2020-07-01sit04spe0142par0069	The Turkish parliamentary corpus ParlaMint-TR-en, Term 27, Year 3, Session 106	2020-07-01	Unicameralism	27	3	106	-	-	COVID	English	Chairperson	MP	notMinister	HDP	Peoples' Democratic Party	Opposition	Centre-left to left	Nimetullah.Erdoğmuş	Erdoğmuş, Nimetullah	M	1960	
ParlaMint-TR-en_2020-07-01-tbmm-T27	tbmm-2020-07-01sit04spe0143par0072	The Turkish parliamentary corpus ParlaMint-TR-en, Term 27, Year 3, Session 106	2020-07-01	Unicameralism	27	3	106	-	-	COVID	English	Regular	MP	notMinister	AKP	Justice and Development Party	Coalition	Right	Mustafa.Demir1959	Demir, Mustafa	M	1959	
ParlaMint-TR-en_2020-07-01-tbmm-T27	tbmm-2020-07-01sit04spe0144par0078	The Turkish parliamentary corpus ParlaMint-TR-en, Term 27, Year 3, Session 106	2020-07-01	Unicameralism	27	3	106	-	-	COVID	English	Chairperson	MP	notMinister	HDP	Peoples' Democratic Party	Opposition	Centre-left to left	Nimetullah.Erdoğmuş	Erdoğmuş, Nimetullah	M	1960	
ParlaMint-TR-en_2020-07-01-tbmm-T27	tbmm-2020-07-01sit04spe0143par0079	The Turkish parliamentary corpus ParlaMint-TR-en, Term 27, Year 3, Session 106	2020-07-01	Unicameralism	27	3	106	-	-	COVID	English	Regular	MP	notMinister	AKP	Justice and Development Party	Coalition	Right	Mustafa.Demir1959	Demir, Mustafa	M	1959	
ParlaMint-TR-en_2020-07-01-tbmm-T27	tbmm-2020-07-01sit04spe0145par0083	The Turkish parliamentary corpus ParlaMint-TR-en, Term 27, Year 3, Session 106	2020-07-01	Unicameralism	27	3	106	-	-	COVID	English	Chairperson	MP	notMinister	HDP	Peoples' Democratic Party	Opposition	Centre-left to left	Nimetullah.Erdoğmuş	Erdoğmuş, Nimetullah	M	1960	
ParlaMint-TR-en_2020-07-01-tbmm-T27	tbmm-2020-07-01sit04spe0143par0084	The Turkish parliamentary corpus ParlaMint-TR-en, Term 27, Year 3, Session 106	2020-07-01	Unicameralism	27	3	106	-	-	COVID	English	Regular	MP	notMinister	AKP	Justice and Development Party	Coalition	Right	Mustafa.Demir1959	Demir, Mustafa	M	1959	
ParlaMint-TR-en_2020-07-01-tbmm-T27	tbmm-2020-07-01sit04spe0146par0087	The Turkish parliamentary corpus ParlaMint-TR-en, Term 27, Year 3, Session 106	2020-07-01	Unicameralism	27	3	106	-	-	COVID	English	Regular	MP	notMinister	CHP	Republican People's Party	Opposition	Centre-left	MehmetAkif.Hamzaçebi	Hamzaçebi, Mehmet Akif	M	1953	
ParlaMint-TR-en_2020-07-01-tbmm-T27	tbmm-2020-07-01sit04spe0147par0088	The Turkish parliamentary corpus ParlaMint-TR-en, Term 27, Year 3, Session 106	2020-07-01	Unicameralism	27	3	106	-	-	COVID	English	Chairperson	MP	notMinister	HDP	Peoples' Democratic Party	Opposition	Centre-left to left	Nimetullah.Erdoğmuş	Erdoğmuş, Nimetullah	M	1960	
ParlaMint-TR-en_2020-07-01-tbmm-T27	tbmm-2020-07-01sit04spe0146par0091	The Turkish parliamentary corpus ParlaMint-TR-en, Term 27, Year 3, Session 106	2020-07-01	Unicameralism	27	3	106	-	-	COVID	English	Regular	MP	notMinister	CHP	Republican People's Party	Opposition	Centre-left	MehmetAkif.Hamzaçebi	Hamzaçebi, Mehmet Akif	M	1953	
ParlaMint-TR-en_2020-07-01-tbmm-T27	tbmm-2020-07-01sit04spe0148par0096	The Turkish parliamentary corpus ParlaMint-TR-en, Term 27, Year 3, Session 106	2020-07-01	Unicameralism	27	3	106	-	-	COVID	English	Regular	MP	notMinister	AKP	Justice and Development Party	Coalition	Right	Mustafa.Demir1959	Demir, Mustafa	M	1959	
ParlaMint-TR-en_2020-07-01-tbmm-T27	tbmm-2020-07-01sit04spe0149par0097	The Turkish parliamentary corpus ParlaMint-TR-en, Term 27, Year 3, Session 106	2020-07-01	Unicameralism	27	3	106	-	-	COVID	English	Chairperson	MP	notMinister	HDP	Peoples' Democratic Party	Opposition	Centre-left to left	Nimetullah.Erdoğmuş	Erdoğmuş, Nimetullah	M	1960	
ParlaMint-TR-en_2020-07-01-tbmm-T27	tbmm-2020-07-01sit04spe0148par0099	The Turkish parliamentary corpus ParlaMint-TR-en, Term 27, Year 3, Session 106	2020-07-01	Unicameralism	27	3	106	-	-	COVID	English	Regular	MP	notMinister	AKP	Justice and Development Party	Coalition	Right	Mustafa.Demir1959	Demir, Mustafa	M	1959	
ParlaMint-TR-en_2020-07-01-tbmm-T27	tbmm-2020-07-01sit04spe0149par0102	The Turkish parliamentary corpus ParlaMint-TR-en, Term 27, Year 3, Session 106	2020-07-01	Unicameralism	27	3	106	-	-	COVID	English	Chairperson	MP	notMinister	HDP	Peoples' Democratic Party	Opposition	Centre-left to left	Nimetullah.Erdoğmuş	Erdoğmuş, Nimetullah	M	1960	
ParlaMint-TR-en_2020-07-01-tbmm-T27	tbmm-2020-07-01sit04spe0148par0103	The Turkish parliamentary corpus ParlaMint-TR-en, Term 27, Year 3, Session 106	2020-07-01	Unicameralism	27	3	106	-	-	COVID	English	Regular	MP	notMinister	AKP	Justice and Development Party	Coalition	Right	Mustafa.Demir1959	Demir, Mustafa	M	1959	
ParlaMint-TR-en_2020-07-01-tbmm-T27	tbmm-2020-07-01sit04spe0149par0108	The Turkish parliamentary corpus ParlaMint-TR-en, Term 27, Year 3, Session 106	2020-07-01	Unicameralism	27	3	106	-	-	COVID	English	Chairperson	MP	notMinister	HDP	Peoples' Democratic Party	Opposition	Centre-left to left	Nimetullah.Erdoğmuş	Erdoğmuş, Nimetullah	M	1960	
ParlaMint-TR-en_2020-07-01-tbmm-T27	tbmm-2020-07-01sit04spe0150par0113	The Turkish parliamentary corpus ParlaMint-TR-en, Term 27, Year 3, Session 106	2020-07-01	Unicameralism	27	3	106	-	-	COVID	English	Regular	MP	notMinister	CHP	Republican People's Party	Opposition	Centre-left	ÖmerFethi.Gürer	Gürer, Ömer Fethi	M	1957	
ParlaMint-TR-en_2020-07-01-tbmm-T27	tbmm-2020-07-01sit04spe0149par0115	The Turkish parliamentary corpus ParlaMint-TR-en, Term 27, Year 3, Session 106	2020-07-01	Unicameralism	27	3	106	-	-	COVID	English	Chairperson	MP	notMinister	HDP	Peoples' Democratic Party	Opposition	Centre-left to left	Nimetullah.Erdoğmuş	Erdoğmuş, Nimetullah	M	1960	
ParlaMint-TR-en_2020-07-01-tbmm-T27	tbmm-2020-07-01sit04spe0151par0117	The Turkish parliamentary corpus ParlaMint-TR-en, Term 27, Year 3, Session 106	2020-07-01	Unicameralism	27	3	106	-	-	COVID	English	Regular	MP	notMinister	CHP	Republican People's Party	Opposition	Centre-left	Kani.Beko	Beko, Kani	M	1953	
ParlaMint-TR-en_2020-07-01-tbmm-T27	tbmm-2020-07-01sit04spe0149par0118	The Turkish parliamentary corpus ParlaMint-TR-en, Term 27, Year 3, Session 106	2020-07-01	Unicameralism	27	3	106	-	-	COVID	English	Chairperson	MP	notMinister	HDP	Peoples' Democratic Party	Opposition	Centre-left to left	Nimetullah.Erdoğmuş	Erdoğmuş, Nimetullah	M	1960	
ParlaMint-TR-en_2020-07-01-tbmm-T27	tbmm-2020-07-01sit04spe0152par0120	The Turkish parliamentary corpus ParlaMint-TR-en, Term 27, Year 3, Session 106	2020-07-01	Unicameralism	27	3	106	-	-	COVID	English	Regular	MP	notMinister	CHP	Republican People's Party	Opposition	Centre-left	İrfan.Kaplan	Kaplan, İrfan	M	1954	
ParlaMint-TR-en_2020-07-01-tbmm-T27	tbmm-2020-07-01sit04spe0153par0123	The Turkish parliamentary corpus ParlaMint-TR-en, Term 27, Year 3, Session 106	2020-07-01	Unicameralism	27	3	106	-	-	COVID	English	Chairperson	MP	notMinister	HDP	Peoples' Democratic Party	Opposition	Centre-left to left	Nimetullah.Erdoğmuş	Erdoğmuş, Nimetullah	M	1960	
ParlaMint-TR-en_2020-07-01-tbmm-T27	tbmm-2020-07-01sit04spe0154par0125	The Turkish parliamentary corpus ParlaMint-TR-en, Term 27, Year 3, Session 106	2020-07-01	Unicameralism	27	3	106	-	-	COVID	English	Regular	MP	notMinister	CHP	Republican People's Party	Opposition	Centre-left	Okan.Gaytancıoğlu	Gaytancıoğlu, Okan	M	1967	
ParlaMint-TR-en_2020-07-01-tbmm-T27	tbmm-2020-07-01sit04spe0153par0127	The Turkish parliamentary corpus ParlaMint-TR-en, Term 27, Year 3, Session 106	2020-07-01	Unicameralism	27	3	106	-	-	COVID	English	Chairperson	MP	notMinister	HDP	Peoples' Democratic Party	Opposition	Centre-left to left	Nimetullah.Erdoğmuş	Erdoğmuş, Nimetullah	M	1960	
ParlaMint-TR-en_2020-07-01-tbmm-T27	tbmm-2020-07-01sit04spe0155par0129	The Turkish parliamentary corpus ParlaMint-TR-en, Term 27, Year 3, Session 106	2020-07-01	Unicameralism	27	3	106	-	-	COVID	English	Regular	MP	notMinister	CHP	Republican People's Party	Opposition	Centre-left	Suzan.Şahin	Şahin, Suzan	F	1968	
ParlaMint-TR-en_2020-07-01-tbmm-T27	tbmm-2020-07-01sit04spe0153par0131	The Turkish parliamentary corpus ParlaMint-TR-en, Term 27, Year 3, Session 106	2020-07-01	Unicameralism	27	3	106	-	-	COVID	English	Chairperson	MP	notMinister	HDP	Peoples' Democratic Party	Opposition	Centre-left to left	Nimetullah.Erdoğmuş	Erdoğmuş, Nimetullah	M	1960	
ParlaMint-TR-en_2020-07-01-tbmm-T27	tbmm-2020-07-01sit04spe0156par0133	The Turkish parliamentary corpus ParlaMint-TR-en, Term 27, Year 3, Session 106	2020-07-01	Unicameralism	27	3	106	-	-	COVID	English	Regular	MP	notMinister	CHP	Republican People's Party	Opposition	Centre-left	Süleyman.Bülbül	Bülbül, Süleyman	M	1964	
ParlaMint-TR-en_2020-07-01-tbmm-T27	tbmm-2020-07-01sit04spe0157par0136	The Turkish parliamentary corpus ParlaMint-TR-en, Term 27, Year 3, Session 106	2020-07-01	Unicameralism	27	3	106	-	-	COVID	English	Chairperson	MP	notMinister	HDP	Peoples' Democratic Party	Opposition	Centre-left to left	Nimetullah.Erdoğmuş	Erdoğmuş, Nimetullah	M	1960	
ParlaMint-TR-en_2020-07-01-tbmm-T27	tbmm-2020-07-01sit04spe0158par0138	The Turkish parliamentary corpus ParlaMint-TR-en, Term 27, Year 3, Session 106	2020-07-01	Unicameralism	27	3	106	-	-	COVID	English	Regular	MP	notMinister	CHP	Republican People's Party	Opposition	Centre-left	Yüksel.Özkan	Özkan, Yüksel	M	1960	
ParlaMint-TR-en_2020-07-01-tbmm-T27	tbmm-2020-07-01sit04spe0157par0140	The Turkish parliamentary corpus ParlaMint-TR-en, Term 27, Year 3, Session 106	2020-07-01	Unicameralism	27	3	106	-	-	COVID	English	Chairperson	MP	notMinister	HDP	Peoples' Democratic Party	Opposition	Centre-left to left	Nimetullah.Erdoğmuş	Erdoğmuş, Nimetullah	M	1960	
ParlaMint-TR-en_2020-07-01-tbmm-T27	tbmm-2020-07-01sit04spe0159par0142	The Turkish parliamentary corpus ParlaMint-TR-en, Term 27, Year 3, Session 106	2020-07-01	Unicameralism	27	3	106	-	-	COVID	English	Regular	MP	notMinister	MHP	Nationalist Movement Party	-	Right to far-right	Sefer.Aycan	Aycan, Sefer	M	1963	
ParlaMint-TR-en_2020-07-01-tbmm-T27	tbmm-2020-07-01sit04spe0157par0144	The Turkish parliamentary corpus ParlaMint-TR-en, Term 27, Year 3, Session 106	2020-07-01	Unicameralism	27	3	106	-	-	COVID	English	Chairperson	MP	notMinister	HDP	Peoples' Democratic Party	Opposition	Centre-left to left	Nimetullah.Erdoğmuş	Erdoğmuş, Nimetullah	M	1960	
ParlaMint-TR-en_2020-07-01-tbmm-T27	tbmm-2020-07-01sit04spe0160par0146	The Turkish parliamentary corpus ParlaMint-TR-en, Term 27, Year 3, Session 106	2020-07-01	Unicameralism	27	3	106	-	-	COVID	English	Regular	MP	notMinister	CHP	Republican People's Party	Opposition	Centre-left	Özgür.Özel	Özel, Özgür	M	1974	
ParlaMint-TR-en_2020-07-01-tbmm-T27	tbmm-2020-07-01sit04spe0157par0147	The Turkish parliamentary corpus ParlaMint-TR-en, Term 27, Year 3, Session 106	2020-07-01	Unicameralism	27	3	106	-	-	COVID	English	Chairperson	MP	notMinister	HDP	Peoples' Democratic Party	Opposition	Centre-left to left	Nimetullah.Erdoğmuş	Erdoğmuş, Nimetullah	M	1960	
ParlaMint-TR-en_2020-07-01-tbmm-T27	tbmm-2020-07-01sit04spe0161par0149	The Turkish parliamentary corpus ParlaMint-TR-en, Term 27, Year 3, Session 106	2020-07-01	Unicameralism	27	3	106	-	-	COVID	English	Regular	MP	notMinister	CHP	Republican People's Party	Opposition	Centre-left	Çetin.Arık	Arık, Çetin	M	1971	
ParlaMint-TR-en_2020-07-01-tbmm-T27	tbmm-2020-07-01sit04spe0157par0152	The Turkish parliamentary corpus ParlaMint-TR-en, Term 27, Year 3, Session 106	2020-07-01	Unicameralism	27	3	106	-	-	COVID	English	Chairperson	MP	notMinister	HDP	Peoples' Democratic Party	Opposition	Centre-left to left	Nimetullah.Erdoğmuş	Erdoğmuş, Nimetullah	M	1960	
ParlaMint-TR-en_2020-07-01-tbmm-T27	tbmm-2020-07-01sit04spe0162par0154	The Turkish parliamentary corpus ParlaMint-TR-en, Term 27, Year 3, Session 106	2020-07-01	Unicameralism	27	3	106	-	-	COVID	English	Regular	MP	notMinister	CHP	Republican People's Party	Opposition	Centre-left	Özgür.Ceylan	Ceylan, Özgür	M	1973	
ParlaMint-TR-en_2020-07-01-tbmm-T27	tbmm-2020-07-01sit04spe0157par0155	The Turkish parliamentary corpus ParlaMint-TR-en, Term 27, Year 3, Session 106	2020-07-01	Unicameralism	27	3	106	-	-	COVID	English	Chairperson	MP	notMinister	HDP	Peoples' Democratic Party	Opposition	Centre-left to left	Nimetullah.Erdoğmuş	Erdoğmuş, Nimetullah	M	1960	
ParlaMint-TR-en_2020-07-01-tbmm-T27	tbmm-2020-07-01sit04spe0163par0157	The Turkish parliamentary corpus ParlaMint-TR-en, Term 27, Year 3, Session 106	2020-07-01	Unicameralism	27	3	106	-	-	COVID	English	Regular	MP	notMinister	HDP	Peoples' Democratic Party	Opposition	Centre-left to left	Şevin.Coşkun	Coşkun, Şevin	F	1980	
ParlaMint-TR-en_2020-07-01-tbmm-T27	tbmm-2020-07-01sit04spe0157par0159	The Turkish parliamentary corpus ParlaMint-TR-en, Term 27, Year 3, Session 106	2020-07-01	Unicameralism	27	3	106	-	-	COVID	English	Chairperson	MP	notMinister	HDP	Peoples' Democratic Party	Opposition	Centre-left to left	Nimetullah.Erdoğmuş	Erdoğmuş, Nimetullah	M	1960	
ParlaMint-TR-en_2020-07-01-tbmm-T27	tbmm-2020-07-01sit05spe0157par0001	The Turkish parliamentary corpus ParlaMint-TR-en, Term 27, Year 3, Session 106	2020-07-01	Unicameralism	27	3	106	-	-	COVID	English	Chairperson	MP	notMinister	HDP	Peoples' Democratic Party	Opposition	Centre-left to left	Nimetullah.Erdoğmuş	Erdoğmuş, Nimetullah	M	1960	
ParlaMint-TR-en_2020-07-01-tbmm-T27	tbmm-2020-07-01sit05spe0164par0022	The Turkish parliamentary corpus ParlaMint-TR-en, Term 27, Year 3, Session 106	2020-07-01	Unicameralism	27	3	106	-	-	COVID	English	Regular	MP	notMinister	AKP	Justice and Development Party	Coalition	Right	Abdullah.Güler	Güler, Abdullah	M	1969	
ParlaMint-TR-en_2020-07-01-tbmm-T27	tbmm-2020-07-01sit05spe0157par0023	The Turkish parliamentary corpus ParlaMint-TR-en, Term 27, Year 3, Session 106	2020-07-01	Unicameralism	27	3	106	-	-	COVID	English	Chairperson	MP	notMinister	HDP	Peoples' Democratic Party	Opposition	Centre-left to left	Nimetullah.Erdoğmuş	Erdoğmuş, Nimetullah	M	1960	
ParlaMint-TR-en_2020-07-01-tbmm-T27	tbmm-2020-07-01sit05spe0165par0026	The Turkish parliamentary corpus ParlaMint-TR-en, Term 27, Year 3, Session 106	2020-07-01	Unicameralism	27	3	106	-	-	COVID	English	Regular	MP	notMinister	CHP	Republican People's Party	Opposition	Centre-left	Ünal.Demirtaş	Demirtaş, Ünal	M	1971	
ParlaMint-TR-en_2020-07-01-tbmm-T27	tbmm-2020-07-01sit05spe0166par0032	The Turkish parliamentary corpus ParlaMint-TR-en, Term 27, Year 3, Session 106	2020-07-01	Unicameralism	27	3	106	-	-	COVID	English	Regular	MP	notMinister	AKP	Justice and Development Party	Coalition	Right	Cahit.Özkan	Özkan, Cahit	M	1976	
ParlaMint-TR-en_2020-07-01-tbmm-T27	tbmm-2020-07-01sit05spe0165par0033	The Turkish parliamentary corpus ParlaMint-TR-en, Term 27, Year 3, Session 106	2020-07-01	Unicameralism	27	3	106	-	-	COVID	English	Regular	MP	notMinister	CHP	Republican People's Party	Opposition	Centre-left	Ünal.Demirtaş	Demirtaş, Ünal	M	1971	
ParlaMint-TR-en_2020-07-01-tbmm-T27	tbmm-2020-07-01sit05spe0166par0036	The Turkish parliamentary corpus ParlaMint-TR-en, Term 27, Year 3, Session 106	2020-07-01	Unicameralism	27	3	106	-	-	COVID	English	Regular	MP	notMinister	AKP	Justice and Development Party	Coalition	Right	Cahit.Özkan	Özkan, Cahit	M	1976	
ParlaMint-TR-en_2020-07-01-tbmm-T27	tbmm-2020-07-01sit05spe0167par0037	The Turkish parliamentary corpus ParlaMint-TR-en, Term 27, Year 3, Session 106	2020-07-01	Unicameralism	27	3	106	-	-	COVID	English	Chairperson	MP	notMinister	HDP	Peoples' Democratic Party	Opposition	Centre-left to left	Nimetullah.Erdoğmuş	Erdoğmuş, Nimetullah	M	1960	
ParlaMint-TR-en_2020-07-01-tbmm-T27	tbmm-2020-07-01sit05spe0165par0038	The Turkish parliamentary corpus ParlaMint-TR-en, Term 27, Year 3, Session 106	2020-07-01	Unicameralism	27	3	106	-	-	COVID	English	Regular	MP	notMinister	CHP	Republican People's Party	Opposition	Centre-left	Ünal.Demirtaş	Demirtaş, Ünal	M	1971	
ParlaMint-TR-en_2020-07-01-tbmm-T27	tbmm-2020-07-01sit05spe0167par0041	The Turkish parliamentary corpus ParlaMint-TR-en, Term 27, Year 3, Session 106	2020-07-01	Unicameralism	27	3	106	-	-	COVID	English	Chairperson	MP	notMinister	HDP	Peoples' Democratic Party	Opposition	Centre-left to left	Nimetullah.Erdoğmuş	Erdoğmuş, Nimetullah	M	1960	
ParlaMint-TR-en_2020-07-01-tbmm-T27	tbmm-2020-07-01sit05spe0165par0042	The Turkish parliamentary corpus ParlaMint-TR-en, Term 27, Year 3, Session 106	2020-07-01	Unicameralism	27	3	106	-	-	COVID	English	Regular	MP	notMinister	CHP	Republican People's Party	Opposition	Centre-left	Ünal.Demirtaş	Demirtaş, Ünal	M	1971	
ParlaMint-TR-en_2020-07-01-tbmm-T27	tbmm-2020-07-01sit05spe0168par0047	The Turkish parliamentary corpus ParlaMint-TR-en, Term 27, Year 3, Session 106	2020-07-01	Unicameralism	27	3	106	-	-	COVID	English	Chairperson	MP	notMinister	HDP	Peoples' Democratic Party	Opposition	Centre-left to left	Nimetullah.Erdoğmuş	Erdoğmuş, Nimetullah	M	1960	
ParlaMint-TR-en_2020-07-01-tbmm-T27	tbmm-2020-07-01sit05spe0169par0050	The Turkish parliamentary corpus ParlaMint-TR-en, Term 27, Year 3, Session 106	2020-07-01	Unicameralism	27	3	106	-	-	COVID	English	Regular	MP	notMinister	HDP	Peoples' Democratic Party	Opposition	Centre-left to left	Ali.Kenanoğlu	Kenanoğlu, Ali	M	1971	
ParlaMint-TR-en_2020-07-01-tbmm-T27	tbmm-2020-07-01sit05spe0170par0057	The Turkish parliamentary corpus ParlaMint-TR-en, Term 27, Year 3, Session 106	2020-07-01	Unicameralism	27	3	106	-	-	COVID	English	Regular	MP	notMinister	MHP	Nationalist Movement Party	-	Right to far-right	MuhammedLevent.Bülbül	Bülbül, Muhammed Levent	M	1980	
ParlaMint-TR-en_2020-07-01-tbmm-T27	tbmm-2020-07-01sit05spe0171par0058	The Turkish parliamentary corpus ParlaMint-TR-en, Term 27, Year 3, Session 106	2020-07-01	Unicameralism	27	3	106	-	-	COVID	English	Chairperson	MP	notMinister	HDP	Peoples' Democratic Party	Opposition	Centre-left to left	Nimetullah.Erdoğmuş	Erdoğmuş, Nimetullah	M	1960	
ParlaMint-TR-en_2020-07-01-tbmm-T27	tbmm-2020-07-01sit05spe0170par0061	The Turkish parliamentary corpus ParlaMint-TR-en, Term 27, Year 3, Session 106	2020-07-01	Unicameralism	27	3	106	-	-	COVID	English	Regular	MP	notMinister	MHP	Nationalist Movement Party	-	Right to far-right	MuhammedLevent.Bülbül	Bülbül, Muhammed Levent	M	1980	
ParlaMint-TR-en_2020-07-01-tbmm-T27	tbmm-2020-07-01sit05spe0171par0066	The Turkish parliamentary corpus ParlaMint-TR-en, Term 27, Year 3, Session 106	2020-07-01	Unicameralism	27	3	106	-	-	COVID	English	Chairperson	MP	notMinister	HDP	Peoples' Democratic Party	Opposition	Centre-left to left	Nimetullah.Erdoğmuş	Erdoğmuş, Nimetullah	M	1960	
ParlaMint-TR-en_2020-07-01-tbmm-T27	tbmm-2020-07-01sit05spe0172par0069	The Turkish parliamentary corpus ParlaMint-TR-en, Term 27, Year 3, Session 106	2020-07-01	Unicameralism	27	3	106	-	-	COVID	English	Regular	MP	notMinister	CHP	Republican People's Party	Opposition	Centre-left	Özgür.Özel	Özel, Özgür	M	1974	
ParlaMint-TR-en_2020-07-01-tbmm-T27	tbmm-2020-07-01sit05spe0171par0070	The Turkish parliamentary corpus ParlaMint-TR-en, Term 27, Year 3, Session 106	2020-07-01	Unicameralism	27	3	106	-	-	COVID	English	Chairperson	MP	notMinister	HDP	Peoples' Democratic Party	Opposition	Centre-left to left	Nimetullah.Erdoğmuş	Erdoğmuş, Nimetullah	M	1960	
ParlaMint-TR-en_2020-07-01-tbmm-T27	tbmm-2020-07-01sit06spe0171par0001	The Turkish parliamentary corpus ParlaMint-TR-en, Term 27, Year 3, Session 106	2020-07-01	Unicameralism	27	3	106	-	-	COVID	English	Chairperson	MP	notMinister	HDP	Peoples' Democratic Party	Opposition	Centre-left to left	Nimetullah.Erdoğmuş	Erdoğmuş, Nimetullah	M	1960	
ParlaMint-TR-en_2020-07-01-tbmm-T27	tbmm-2020-07-01sit06spe0173par0026	The Turkish parliamentary corpus ParlaMint-TR-en, Term 27, Year 3, Session 106	2020-07-01	Unicameralism	27	3	106	-	-	COVID	English	Regular	MP	notMinister	AKP	Justice and Development Party	Coalition	Right	Yılmaz.Tunç	Tunç, Yılmaz	M	1971	
ParlaMint-TR-en_2020-07-01-tbmm-T27	tbmm-2020-07-01sit06spe0171par0027	The Turkish parliamentary corpus ParlaMint-TR-en, Term 27, Year 3, Session 106	2020-07-01	Unicameralism	27	3	106	-	-	COVID	English	Chairperson	MP	notMinister	HDP	Peoples' Democratic Party	Opposition	Centre-left to left	Nimetullah.Erdoğmuş	Erdoğmuş, Nimetullah	M	1960	
ParlaMint-TR-en_2020-07-01-tbmm-T27	tbmm-2020-07-01sit06spe0174par0030	The Turkish parliamentary corpus ParlaMint-TR-en, Term 27, Year 3, Session 106	2020-07-01	Unicameralism	27	3	106	-	-	COVID	English	Regular	MP	notMinister	IYI	İYİ Party	Opposition	Centre-right	Hüseyin.Örs	Örs, Hüseyin	M	1964	
ParlaMint-TR-en_2020-07-01-tbmm-T27	tbmm-2020-07-01sit06spe0175par0041	The Turkish parliamentary corpus ParlaMint-TR-en, Term 27, Year 3, Session 106	2020-07-01	Unicameralism	27	3	106	-	-	COVID	English	Chairperson	MP	notMinister	HDP	Peoples' Democratic Party	Opposition	Centre-left to left	Nimetullah.Erdoğmuş	Erdoğmuş, Nimetullah	M	1960	
ParlaMint-TR-en_2020-07-01-tbmm-T27	tbmm-2020-07-01sit06spe0174par0042	The Turkish parliamentary corpus ParlaMint-TR-en, Term 27, Year 3, Session 106	2020-07-01	Unicameralism	27	3	106	-	-	COVID	English	Regular	MP	notMinister	IYI	İYİ Party	Opposition	Centre-right	Hüseyin.Örs	Örs, Hüseyin	M	1964	
ParlaMint-TR-en_2020-07-01-tbmm-T27	tbmm-2020-07-01sit06spe0176par0046	The Turkish parliamentary corpus ParlaMint-TR-en, Term 27, Year 3, Session 106	2020-07-01	Unicameralism	27	3	106	-	-	COVID	English	Chairperson	MP	notMinister	HDP	Peoples' Democratic Party	Opposition	Centre-left to left	Nimetullah.Erdoğmuş	Erdoğmuş, Nimetullah	M	1960	
ParlaMint-TR-en_2020-07-01-tbmm-T27	tbmm-2020-07-01sit06spe0177par0056	The Turkish parliamentary corpus ParlaMint-TR-en, Term 27, Year 3, Session 106	2020-07-01	Unicameralism	27	3	106	-	-	COVID	English	Regular	MP	notMinister	AKP	Justice and Development Party	Coalition	Right	Belgin.Uygur	Uygur, Belgin	F	1977	
ParlaMint-TR-en_2020-07-01-tbmm-T27	tbmm-2020-07-01sit06spe0176par0057	The Turkish parliamentary corpus ParlaMint-TR-en, Term 27, Year 3, Session 106	2020-07-01	Unicameralism	27	3	106	-	-	COVID	English	Chairperson	MP	notMinister	HDP	Peoples' Democratic Party	Opposition	Centre-left to left	Nimetullah.Erdoğmuş	Erdoğmuş, Nimetullah	M	1960	
ParlaMint-TR-en_2020-07-01-tbmm-T27	tbmm-2020-07-01sit06spe0178par0060	The Turkish parliamentary corpus ParlaMint-TR-en, Term 27, Year 3, Session 106	2020-07-01	Unicameralism	27	3	106	-	-	COVID	English	Regular	MP	notMinister	HDP	Peoples' Democratic Party	Opposition	Centre-left to left	Gülüstan.Kılıç	Kılıç Koçyiğit, Gülüstan	F	1979	
ParlaMint-TR-en_2020-07-01-tbmm-T27	tbmm-2020-07-01sit06spe0179par0066	The Turkish parliamentary corpus ParlaMint-TR-en, Term 27, Year 3, Session 106	2020-07-01	Unicameralism	27	3	106	-	-	COVID	English	Regular	MP	notMinister	AKP	Justice and Development Party	Coalition	Right	İbrahim.Aydemir	Aydemir, İbrahim	M	1962	
ParlaMint-TR-en_2020-07-01-tbmm-T27	tbmm-2020-07-01sit06spe0178par0067	The Turkish parliamentary corpus ParlaMint-TR-en, Term 27, Year 3, Session 106	2020-07-01	Unicameralism	27	3	106	-	-	COVID	English	Regular	MP	notMinister	HDP	Peoples' Democratic Party	Opposition	Centre-left to left	Gülüstan.Kılıç	Kılıç Koçyiğit, Gülüstan	F	1979	
ParlaMint-TR-en_2020-07-01-tbmm-T27	tbmm-2020-07-01sit06spe0180par0070	The Turkish parliamentary corpus ParlaMint-TR-en, Term 27, Year 3, Session 106	2020-07-01	Unicameralism	27	3	106	-	-	COVID	English	Chairperson	MP	notMinister	HDP	Peoples' Democratic Party	Opposition	Centre-left to left	Nimetullah.Erdoğmuş	Erdoğmuş, Nimetullah	M	1960	
ParlaMint-TR-en_2020-07-01-tbmm-T27	tbmm-2020-07-01sit06spe0178par0071	The Turkish parliamentary corpus ParlaMint-TR-en, Term 27, Year 3, Session 106	2020-07-01	Unicameralism	27	3	106	-	-	COVID	English	Regular	MP	notMinister	HDP	Peoples' Democratic Party	Opposition	Centre-left to left	Gülüstan.Kılıç	Kılıç Koçyiğit, Gülüstan	F	1979	
ParlaMint-TR-en_2020-07-01-tbmm-T27	tbmm-2020-07-01sit06spe0181par0072	The Turkish parliamentary corpus ParlaMint-TR-en, Term 27, Year 3, Session 106	2020-07-01	Unicameralism	27	3	106	-	-	COVID	English	Regular	MP	notMinister	AKP	Justice and Development Party	Coalition	Right	Semiha.Ekinci	Ekinci, Semiha	F	1972	
ParlaMint-TR-en_2020-07-01-tbmm-T27	tbmm-2020-07-01sit06spe0178par0073	The Turkish parliamentary corpus ParlaMint-TR-en, Term 27, Year 3, Session 106	2020-07-01	Unicameralism	27	3	106	-	-	COVID	English	Regular	MP	notMinister	HDP	Peoples' Democratic Party	Opposition	Centre-left to left	Gülüstan.Kılıç	Kılıç Koçyiğit, Gülüstan	F	1979	
ParlaMint-TR-en_2020-07-01-tbmm-T27	tbmm-2020-07-01sit06spe0182par0074	The Turkish parliamentary corpus ParlaMint-TR-en, Term 27, Year 3, Session 106	2020-07-01	Unicameralism	27	3	106	-	-	COVID	English	Regular	MP	notMinister	AKP	Justice and Development Party	Coalition	Right	İbrahim.Aydemir	Aydemir, İbrahim	M	1962	
ParlaMint-TR-en_2020-07-01-tbmm-T27	tbmm-2020-07-01sit06spe0178par0075	The Turkish parliamentary corpus ParlaMint-TR-en, Term 27, Year 3, Session 106	2020-07-01	Unicameralism	27	3	106	-	-	COVID	English	Regular	MP	notMinister	HDP	Peoples' Democratic Party	Opposition	Centre-left to left	Gülüstan.Kılıç	Kılıç Koçyiğit, Gülüstan	F	1979	
ParlaMint-TR-en_2020-07-01-tbmm-T27	tbmm-2020-07-01sit06spe0183par0078	The Turkish parliamentary corpus ParlaMint-TR-en, Term 27, Year 3, Session 106	2020-07-01	Unicameralism	27	3	106	-	-	COVID	English	Chairperson	MP	notMinister	HDP	Peoples' Democratic Party	Opposition	Centre-left to left	Nimetullah.Erdoğmuş	Erdoğmuş, Nimetullah	M	1960	
ParlaMint-TR-en_2020-07-01-tbmm-T27	tbmm-2020-07-01sit06spe0178par0079	The Turkish parliamentary corpus ParlaMint-TR-en, Term 27, Year 3, Session 106	2020-07-01	Unicameralism	27	3	106	-	-	COVID	English	Regular	MP	notMinister	HDP	Peoples' Democratic Party	Opposition	Centre-left to left	Gülüstan.Kılıç	Kılıç Koçyiğit, Gülüstan	F	1979	
ParlaMint-TR-en_2020-07-01-tbmm-T27	tbmm-2020-07-01sit06spe0184par0083	The Turkish parliamentary corpus ParlaMint-TR-en, Term 27, Year 3, Session 106	2020-07-01	Unicameralism	27	3	106	-	-	COVID	English	Regular	MP	notMinister	AKP	Justice and Development Party	Coalition	Right	İbrahim.Aydemir	Aydemir, İbrahim	M	1962	
ParlaMint-TR-en_2020-07-01-tbmm-T27	tbmm-2020-07-01sit06spe0185par0084	The Turkish parliamentary corpus ParlaMint-TR-en, Term 27, Year 3, Session 106	2020-07-01	Unicameralism	27	3	106	-	-	COVID	English	Chairperson	MP	notMinister	HDP	Peoples' Democratic Party	Opposition	Centre-left to left	Nimetullah.Erdoğmuş	Erdoğmuş, Nimetullah	M	1960	
ParlaMint-TR-en_2020-07-01-tbmm-T27	tbmm-2020-07-01sit06spe0186par0087	The Turkish parliamentary corpus ParlaMint-TR-en, Term 27, Year 3, Session 106	2020-07-01	Unicameralism	27	3	106	-	-	COVID	English	Regular	MP	notMinister	AKP	Justice and Development Party	Coalition	Right	Cahit.Özkan	Özkan, Cahit	M	1976	
ParlaMint-TR-en_2020-07-01-tbmm-T27	tbmm-2020-07-01sit06spe0187par0090	The Turkish parliamentary corpus ParlaMint-TR-en, Term 27, Year 3, Session 106	2020-07-01	Unicameralism	27	3	106	-	-	COVID	English	Regular	MP	notMinister	HDP	Peoples' Democratic Party	Opposition	Centre-left to left	Gülüstan.Kılıç	Kılıç Koçyiğit, Gülüstan	F	1979	
ParlaMint-TR-en_2020-07-01-tbmm-T27	tbmm-2020-07-01sit06spe0186par0091	The Turkish parliamentary corpus ParlaMint-TR-en, Term 27, Year 3, Session 106	2020-07-01	Unicameralism	27	3	106	-	-	COVID	English	Regular	MP	notMinister	AKP	Justice and Development Party	Coalition	Right	Cahit.Özkan	Özkan, Cahit	M	1976	
ParlaMint-TR-en_2020-07-01-tbmm-T27	tbmm-2020-07-01sit06spe0187par0092	The Turkish parliamentary corpus ParlaMint-TR-en, Term 27, Year 3, Session 106	2020-07-01	Unicameralism	27	3	106	-	-	COVID	English	Regular	MP	notMinister	HDP	Peoples' Democratic Party	Opposition	Centre-left to left	Gülüstan.Kılıç	Kılıç Koçyiğit, Gülüstan	F	1979	
ParlaMint-TR-en_2020-07-01-tbmm-T27	tbmm-2020-07-01sit06spe0188par0093	The Turkish parliamentary corpus ParlaMint-TR-en, Term 27, Year 3, Session 106	2020-07-01	Unicameralism	27	3	106	-	-	COVID	English	Regular	MP	notMinister	AKP	Justice and Development Party	Coalition	Right	MustafaLevent.Karahocagil	Karahocagil, Mustafa Levent	M	1959	
ParlaMint-TR-en_2020-07-01-tbmm-T27	tbmm-2020-07-01sit06spe0186par0094	The Turkish parliamentary corpus ParlaMint-TR-en, Term 27, Year 3, Session 106	2020-07-01	Unicameralism	27	3	106	-	-	COVID	English	Regular	MP	notMinister	AKP	Justice and Development Party	Coalition	Right	Cahit.Özkan	Özkan, Cahit	M	1976	
ParlaMint-TR-en_2020-07-01-tbmm-T27	tbmm-2020-07-01sit06spe0187par0096	The Turkish parliamentary corpus ParlaMint-TR-en, Term 27, Year 3, Session 106	2020-07-01	Unicameralism	27	3	106	-	-	COVID	English	Regular	MP	notMinister	HDP	Peoples' Democratic Party	Opposition	Centre-left to left	Gülüstan.Kılıç	Kılıç Koçyiğit, Gülüstan	F	1979	
ParlaMint-TR-en_2020-07-01-tbmm-T27	tbmm-2020-07-01sit06spe0189par0097	The Turkish parliamentary corpus ParlaMint-TR-en, Term 27, Year 3, Session 106	2020-07-01	Unicameralism	27	3	106	-	-	COVID	English	Regular	MP	notMinister	HDP	Peoples' Democratic Party	Opposition	Centre-left to left	DirayetDilan.Taşdemir	Taşdemir, Dirayet Dilan	F	1982	
ParlaMint-TR-en_2020-07-01-tbmm-T27	tbmm-2020-07-01sit06spe0190par0098	The Turkish parliamentary corpus ParlaMint-TR-en, Term 27, Year 3, Session 106	2020-07-01	Unicameralism	27	3	106	-	-	COVID	English	Chairperson	MP	notMinister	HDP	Peoples' Democratic Party	Opposition	Centre-left to left	Nimetullah.Erdoğmuş	Erdoğmuş, Nimetullah	M	1960	
ParlaMint-TR-en_2020-07-01-tbmm-T27	tbmm-2020-07-01sit06spe0191par0099	The Turkish parliamentary corpus ParlaMint-TR-en, Term 27, Year 3, Session 106	2020-07-01	Unicameralism	27	3	106	-	-	COVID	English	Regular	MP	notMinister	AKP	Justice and Development Party	Coalition	Right	Cahit.Özkan	Özkan, Cahit	M	1976	
ParlaMint-TR-en_2020-07-01-tbmm-T27	tbmm-2020-07-01sit06spe0192par0100	The Turkish parliamentary corpus ParlaMint-TR-en, Term 27, Year 3, Session 106	2020-07-01	Unicameralism	27	3	106	-	-	COVID	English	Regular	MP	notMinister	HDP	Peoples' Democratic Party	Opposition	Centre-left to left	Gülüstan.Kılıç	Kılıç Koçyiğit, Gülüstan	F	1979	
ParlaMint-TR-en_2020-07-01-tbmm-T27	tbmm-2020-07-01sit06spe0191par0102	The Turkish parliamentary corpus ParlaMint-TR-en, Term 27, Year 3, Session 106	2020-07-01	Unicameralism	27	3	106	-	-	COVID	English	Regular	MP	notMinister	AKP	Justice and Development Party	Coalition	Right	Cahit.Özkan	Özkan, Cahit	M	1976	
ParlaMint-TR-en_2020-07-01-tbmm-T27	tbmm-2020-07-01sit06spe0192par0103	The Turkish parliamentary corpus ParlaMint-TR-en, Term 27, Year 3, Session 106	2020-07-01	Unicameralism	27	3	106	-	-	COVID	English	Regular	MP	notMinister	HDP	Peoples' Democratic Party	Opposition	Centre-left to left	Gülüstan.Kılıç	Kılıç Koçyiğit, Gülüstan	F	1979	
ParlaMint-TR-en_2020-07-01-tbmm-T27	tbmm-2020-07-01sit06spe0191par0105	The Turkish parliamentary corpus ParlaMint-TR-en, Term 27, Year 3, Session 106	2020-07-01	Unicameralism	27	3	106	-	-	COVID	English	Regular	MP	notMinister	AKP	Justice and Development Party	Coalition	Right	Cahit.Özkan	Özkan, Cahit	M	1976	
ParlaMint-TR-en_2020-07-01-tbmm-T27	tbmm-2020-07-01sit06spe0192par0106	The Turkish parliamentary corpus ParlaMint-TR-en, Term 27, Year 3, Session 106	2020-07-01	Unicameralism	27	3	106	-	-	COVID	English	Regular	MP	notMinister	HDP	Peoples' Democratic Party	Opposition	Centre-left to left	Gülüstan.Kılıç	Kılıç Koçyiğit, Gülüstan	F	1979	
ParlaMint-TR-en_2020-07-01-tbmm-T27	tbmm-2020-07-01sit06spe0193par0107	The Turkish parliamentary corpus ParlaMint-TR-en, Term 27, Year 3, Session 106	2020-07-01	Unicameralism	27	3	106	-	-	COVID	English	Regular	MP	notMinister	AKP	Justice and Development Party	Coalition	Right	MustafaLevent.Karahocagil	Karahocagil, Mustafa Levent	M	1959	
ParlaMint-TR-en_2020-07-01-tbmm-T27	tbmm-2020-07-01sit06spe0192par0108	The Turkish parliamentary corpus ParlaMint-TR-en, Term 27, Year 3, Session 106	2020-07-01	Unicameralism	27	3	106	-	-	COVID	English	Regular	MP	notMinister	HDP	Peoples' Democratic Party	Opposition	Centre-left to left	Gülüstan.Kılıç	Kılıç Koçyiğit, Gülüstan	F	1979	
ParlaMint-TR-en_2020-07-01-tbmm-T27	tbmm-2020-07-01sit06spe0194par0109	The Turkish parliamentary corpus ParlaMint-TR-en, Term 27, Year 3, Session 106	2020-07-01	Unicameralism	27	3	106	-	-	COVID	English	Regular	MP	notMinister	AKP	Justice and Development Party	Coalition	Right	Cahit.Özkan	Özkan, Cahit	M	1976	
ParlaMint-TR-en_2020-07-01-tbmm-T27	tbmm-2020-07-01sit06spe0192par0110	The Turkish parliamentary corpus ParlaMint-TR-en, Term 27, Year 3, Session 106	2020-07-01	Unicameralism	27	3	106	-	-	COVID	English	Regular	MP	notMinister	HDP	Peoples' Democratic Party	Opposition	Centre-left to left	Gülüstan.Kılıç	Kılıç Koçyiğit, Gülüstan	F	1979	
ParlaMint-TR-en_2020-07-01-tbmm-T27	tbmm-2020-07-01sit06spe0194par0111	The Turkish parliamentary corpus ParlaMint-TR-en, Term 27, Year 3, Session 106	2020-07-01	Unicameralism	27	3	106	-	-	COVID	English	Regular	MP	notMinister	AKP	Justice and Development Party	Coalition	Right	Cahit.Özkan	Özkan, Cahit	M	1976	
ParlaMint-TR-en_2020-07-01-tbmm-T27	tbmm-2020-07-01sit06spe0192par0112	The Turkish parliamentary corpus ParlaMint-TR-en, Term 27, Year 3, Session 106	2020-07-01	Unicameralism	27	3	106	-	-	COVID	English	Regular	MP	notMinister	HDP	Peoples' Democratic Party	Opposition	Centre-left to left	Gülüstan.Kılıç	Kılıç Koçyiğit, Gülüstan	F	1979	
ParlaMint-TR-en_2020-07-01-tbmm-T27	tbmm-2020-07-01sit06spe0194par0113	The Turkish parliamentary corpus ParlaMint-TR-en, Term 27, Year 3, Session 106	2020-07-01	Unicameralism	27	3	106	-	-	COVID	English	Regular	MP	notMinister	AKP	Justice and Development Party	Coalition	Right	Cahit.Özkan	Özkan, Cahit	M	1976	
ParlaMint-TR-en_2020-07-01-tbmm-T27	tbmm-2020-07-01sit06spe0192par0114	The Turkish parliamentary corpus ParlaMint-TR-en, Term 27, Year 3, Session 106	2020-07-01	Unicameralism	27	3	106	-	-	COVID	English	Regular	MP	notMinister	HDP	Peoples' Democratic Party	Opposition	Centre-left to left	Gülüstan.Kılıç	Kılıç Koçyiğit, Gülüstan	F	1979	
ParlaMint-TR-en_2020-07-01-tbmm-T27	tbmm-2020-07-01sit06spe0195par0115	The Turkish parliamentary corpus ParlaMint-TR-en, Term 27, Year 3, Session 106	2020-07-01	Unicameralism	27	3	106	-	-	COVID	English	Regular	MP	notMinister	AKP	Justice and Development Party	Coalition	Right	MustafaLevent.Karahocagil	Karahocagil, Mustafa Levent	M	1959	
ParlaMint-TR-en_2020-07-01-tbmm-T27	tbmm-2020-07-01sit06spe0196par0116	The Turkish parliamentary corpus ParlaMint-TR-en, Term 27, Year 3, Session 106	2020-07-01	Unicameralism	27	3	106	-	-	COVID	English	Regular	MP	notMinister	AKP	Justice and Development Party	Coalition	Right	İbrahim.Aydemir	Aydemir, İbrahim	M	1962	
ParlaMint-TR-en_2020-07-01-tbmm-T27	tbmm-2020-07-01sit06spe0197par0117	The Turkish parliamentary corpus ParlaMint-TR-en, Term 27, Year 3, Session 106	2020-07-01	Unicameralism	27	3	106	-	-	COVID	English	Regular	MP	notMinister	HDP	Peoples' Democratic Party	Opposition	Centre-left to left	Murat.Çepni	Çepni, Murat	M	1974	
ParlaMint-TR-en_2020-07-01-tbmm-T27	tbmm-2020-07-01sit06spe0198par0118	The Turkish parliamentary corpus ParlaMint-TR-en, Term 27, Year 3, Session 106	2020-07-01	Unicameralism	27	3	106	-	-	COVID	English	Regular	MP	notMinister	HDP	Peoples' Democratic Party	Opposition	Centre-left to left	Gülüstan.Kılıç	Kılıç Koçyiğit, Gülüstan	F	1979	
ParlaMint-TR-en_2020-07-01-tbmm-T27	tbmm-2020-07-01sit06spe0199par0120	The Turkish parliamentary corpus ParlaMint-TR-en, Term 27, Year 3, Session 106	2020-07-01	Unicameralism	27	3	106	-	-	COVID	English	Regular	MP	notMinister	AKP	Justice and Development Party	Coalition	Right	Cahit.Özkan	Özkan, Cahit	M	1976	
ParlaMint-TR-en_2020-07-01-tbmm-T27	tbmm-2020-07-01sit06spe0200par0122	The Turkish parliamentary corpus ParlaMint-TR-en, Term 27, Year 3, Session 106	2020-07-01	Unicameralism	27	3	106	-	-	COVID	English	Chairperson	MP	notMinister	HDP	Peoples' Democratic Party	Opposition	Centre-left to left	Nimetullah.Erdoğmuş	Erdoğmuş, Nimetullah	M	1960	
ParlaMint-TR-en_2020-07-01-tbmm-T27	tbmm-2020-07-01sit07spe0200par0001	The Turkish parliamentary corpus ParlaMint-TR-en, Term 27, Year 3, Session 106	2020-07-01	Unicameralism	27	3	106	-	-	COVID	English	Chairperson	MP	notMinister	HDP	Peoples' Democratic Party	Opposition	Centre-left to left	Nimetullah.Erdoğmuş	Erdoğmuş, Nimetullah	M	1960	
ParlaMint-TR-en_2020-07-01-tbmm-T27	tbmm-2020-07-01sit07spe0201par0012	The Turkish parliamentary corpus ParlaMint-TR-en, Term 27, Year 3, Session 106	2020-07-01	Unicameralism	27	3	106	-	-	COVID	English	Regular	MP	notMinister	HDP	Peoples' Democratic Party	Opposition	Centre-left to left	HakkıSaruhan.Oluç	Oluç, Hakkı Saruhan	M	1958	
ParlaMint-TR-en_2020-07-01-tbmm-T27	tbmm-2020-07-01sit07spe0202par0014	The Turkish parliamentary corpus ParlaMint-TR-en, Term 27, Year 3, Session 106	2020-07-01	Unicameralism	27	3	106	-	-	COVID	English	Regular	MP	notMinister	AKP	Justice and Development Party	Coalition	Right	Mustafa.Canbey	Canbey, Mustafa	M	1975	
ParlaMint-TR-en_2020-07-01-tbmm-T27	tbmm-2020-07-01sit07spe0201par0015	The Turkish parliamentary corpus ParlaMint-TR-en, Term 27, Year 3, Session 106	2020-07-01	Unicameralism	27	3	106	-	-	COVID	English	Regular	MP	notMinister	HDP	Peoples' Democratic Party	Opposition	Centre-left to left	HakkıSaruhan.Oluç	Oluç, Hakkı Saruhan	M	1958	
ParlaMint-TR-en_2020-07-01-tbmm-T27	tbmm-2020-07-01sit07spe0203par0017	The Turkish parliamentary corpus ParlaMint-TR-en, Term 27, Year 3, Session 106	2020-07-01	Unicameralism	27	3	106	-	-	COVID	English	Regular	MP	notMinister	AKP	Justice and Development Party	Coalition	Right	Cahit.Özkan	Özkan, Cahit	M	1976	
ParlaMint-TR-en_2020-07-01-tbmm-T27	tbmm-2020-07-01sit07spe0201par0018	The Turkish parliamentary corpus ParlaMint-TR-en, Term 27, Year 3, Session 106	2020-07-01	Unicameralism	27	3	106	-	-	COVID	English	Regular	MP	notMinister	HDP	Peoples' Democratic Party	Opposition	Centre-left to left	HakkıSaruhan.Oluç	Oluç, Hakkı Saruhan	M	1958	
ParlaMint-TR-en_2020-07-01-tbmm-T27	tbmm-2020-07-01sit07spe0203par0019	The Turkish parliamentary corpus ParlaMint-TR-en, Term 27, Year 3, Session 106	2020-07-01	Unicameralism	27	3	106	-	-	COVID	English	Regular	MP	notMinister	AKP	Justice and Development Party	Coalition	Right	Cahit.Özkan	Özkan, Cahit	M	1976	
ParlaMint-TR-en_2020-07-01-tbmm-T27	tbmm-2020-07-01sit07spe0201par0020	The Turkish parliamentary corpus ParlaMint-TR-en, Term 27, Year 3, Session 106	2020-07-01	Unicameralism	27	3	106	-	-	COVID	English	Regular	MP	notMinister	HDP	Peoples' Democratic Party	Opposition	Centre-left to left	HakkıSaruhan.Oluç	Oluç, Hakkı Saruhan	M	1958	
ParlaMint-TR-en_2020-07-01-tbmm-T27	tbmm-2020-07-01sit07spe0204par0022	The Turkish parliamentary corpus ParlaMint-TR-en, Term 27, Year 3, Session 106	2020-07-01	Unicameralism	27	3	106	-	-	COVID	English	Chairperson	MP	notMinister	HDP	Peoples' Democratic Party	Opposition	Centre-left to left	Nimetullah.Erdoğmuş	Erdoğmuş, Nimetullah	M	1960	
ParlaMint-TR-en_2020-07-01-tbmm-T27	tbmm-2020-07-01sit07spe0201par0023	The Turkish parliamentary corpus ParlaMint-TR-en, Term 27, Year 3, Session 106	2020-07-01	Unicameralism	27	3	106	-	-	COVID	English	Regular	MP	notMinister	HDP	Peoples' Democratic Party	Opposition	Centre-left to left	HakkıSaruhan.Oluç	Oluç, Hakkı Saruhan	M	1958	
ParlaMint-TR-en_2020-07-01-tbmm-T27	tbmm-2020-07-01sit07spe0205par0024	The Turkish parliamentary corpus ParlaMint-TR-en, Term 27, Year 3, Session 106	2020-07-01	Unicameralism	27	3	106	-	-	COVID	English	Regular	MP	notMinister	AKP	Justice and Development Party	Coalition	Right	Cihan.Pektaş	Pektaş, Cihan	M	1970	
ParlaMint-TR-en_2020-07-01-tbmm-T27	tbmm-2020-07-01sit07spe0201par0025	The Turkish parliamentary corpus ParlaMint-TR-en, Term 27, Year 3, Session 106	2020-07-01	Unicameralism	27	3	106	-	-	COVID	English	Regular	MP	notMinister	HDP	Peoples' Democratic Party	Opposition	Centre-left to left	HakkıSaruhan.Oluç	Oluç, Hakkı Saruhan	M	1958	
ParlaMint-TR-en_2020-07-01-tbmm-T27	tbmm-2020-07-01sit07spe0206par0027	The Turkish parliamentary corpus ParlaMint-TR-en, Term 27, Year 3, Session 106	2020-07-01	Unicameralism	27	3	106	-	-	COVID	English	Regular	MP	notMinister	AKP	Justice and Development Party	Coalition	Right	Mustafa.Canbey	Canbey, Mustafa	M	1975	
ParlaMint-TR-en_2020-07-01-tbmm-T27	tbmm-2020-07-01sit07spe0207par0028	The Turkish parliamentary corpus ParlaMint-TR-en, Term 27, Year 3, Session 106	2020-07-01	Unicameralism	27	3	106	-	-	COVID	English	Chairperson	MP	notMinister	HDP	Peoples' Democratic Party	Opposition	Centre-left to left	Nimetullah.Erdoğmuş	Erdoğmuş, Nimetullah	M	1960	
ParlaMint-TR-en_2020-07-01-tbmm-T27	tbmm-2020-07-01sit07spe0201par0029	The Turkish parliamentary corpus ParlaMint-TR-en, Term 27, Year 3, Session 106	2020-07-01	Unicameralism	27	3	106	-	-	COVID	English	Regular	MP	notMinister	HDP	Peoples' Democratic Party	Opposition	Centre-left to left	HakkıSaruhan.Oluç	Oluç, Hakkı Saruhan	M	1958	
ParlaMint-TR-en_2020-07-01-tbmm-T27	tbmm-2020-07-01sit07spe0206par0030	The Turkish parliamentary corpus ParlaMint-TR-en, Term 27, Year 3, Session 106	2020-07-01	Unicameralism	27	3	106	-	-	COVID	English	Regular	MP	notMinister	AKP	Justice and Development Party	Coalition	Right	Mustafa.Canbey	Canbey, Mustafa	M	1975	
ParlaMint-TR-en_2020-07-01-tbmm-T27	tbmm-2020-07-01sit07spe0201par0031	The Turkish parliamentary corpus ParlaMint-TR-en, Term 27, Year 3, Session 106	2020-07-01	Unicameralism	27	3	106	-	-	COVID	English	Regular	MP	notMinister	HDP	Peoples' Democratic Party	Opposition	Centre-left to left	HakkıSaruhan.Oluç	Oluç, Hakkı Saruhan	M	1958	
ParlaMint-TR-en_2020-07-01-tbmm-T27	tbmm-2020-07-01sit07spe0206par0033	The Turkish parliamentary corpus ParlaMint-TR-en, Term 27, Year 3, Session 106	2020-07-01	Unicameralism	27	3	106	-	-	COVID	English	Regular	MP	notMinister	AKP	Justice and Development Party	Coalition	Right	Mustafa.Canbey	Canbey, Mustafa	M	1975	
ParlaMint-TR-en_2020-07-01-tbmm-T27	tbmm-2020-07-01sit07spe0201par0034	The Turkish parliamentary corpus ParlaMint-TR-en, Term 27, Year 3, Session 106	2020-07-01	Unicameralism	27	3	106	-	-	COVID	English	Regular	MP	notMinister	HDP	Peoples' Democratic Party	Opposition	Centre-left to left	HakkıSaruhan.Oluç	Oluç, Hakkı Saruhan	M	1958	
ParlaMint-TR-en_2020-07-01-tbmm-T27	tbmm-2020-07-01sit07spe0208par0035	The Turkish parliamentary corpus ParlaMint-TR-en, Term 27, Year 3, Session 106	2020-07-01	Unicameralism	27	3	106	-	-	COVID	English	Regular	MP	notMinister	AKP	Justice and Development Party	Coalition	Right	Zülfü.Demirbağ	Demirbağ, Zülfü	M	1956	
ParlaMint-TR-en_2020-07-01-tbmm-T27	tbmm-2020-07-01sit07spe0201par0036	The Turkish parliamentary corpus ParlaMint-TR-en, Term 27, Year 3, Session 106	2020-07-01	Unicameralism	27	3	106	-	-	COVID	English	Regular	MP	notMinister	HDP	Peoples' Democratic Party	Opposition	Centre-left to left	HakkıSaruhan.Oluç	Oluç, Hakkı Saruhan	M	1958	
ParlaMint-TR-en_2020-07-01-tbmm-T27	tbmm-2020-07-01sit07spe0208par0037	The Turkish parliamentary corpus ParlaMint-TR-en, Term 27, Year 3, Session 106	2020-07-01	Unicameralism	27	3	106	-	-	COVID	English	Regular	MP	notMinister	AKP	Justice and Development Party	Coalition	Right	Zülfü.Demirbağ	Demirbağ, Zülfü	M	1956	
ParlaMint-TR-en_2020-07-01-tbmm-T27	tbmm-2020-07-01sit07spe0209par0038	The Turkish parliamentary corpus ParlaMint-TR-en, Term 27, Year 3, Session 106	2020-07-01	Unicameralism	27	3	106	-	-	COVID	English	Chairperson	MP	notMinister	HDP	Peoples' Democratic Party	Opposition	Centre-left to left	Nimetullah.Erdoğmuş	Erdoğmuş, Nimetullah	M	1960	
ParlaMint-TR-en_2020-07-01-tbmm-T27	tbmm-2020-07-01sit07spe0210par0039	The Turkish parliamentary corpus ParlaMint-TR-en, Term 27, Year 3, Session 106	2020-07-01	Unicameralism	27	3	106	-	-	COVID	English	Regular	MP	notMinister	AKP	Justice and Development Party	Coalition	Right	Cahit.Özkan	Özkan, Cahit	M	1976	
ParlaMint-TR-en_2020-07-01-tbmm-T27	tbmm-2020-07-01sit07spe0209par0040	The Turkish parliamentary corpus ParlaMint-TR-en, Term 27, Year 3, Session 106	2020-07-01	Unicameralism	27	3	106	-	-	COVID	English	Chairperson	MP	notMinister	HDP	Peoples' Democratic Party	Opposition	Centre-left to left	Nimetullah.Erdoğmuş	Erdoğmuş, Nimetullah	M	1960	
ParlaMint-TR-en_2020-07-01-tbmm-T27	tbmm-2020-07-01sit07spe0210par0043	The Turkish parliamentary corpus ParlaMint-TR-en, Term 27, Year 3, Session 106	2020-07-01	Unicameralism	27	3	106	-	-	COVID	English	Regular	MP	notMinister	AKP	Justice and Development Party	Coalition	Right	Cahit.Özkan	Özkan, Cahit	M	1976	
ParlaMint-TR-en_2020-07-01-tbmm-T27	tbmm-2020-07-01sit07spe0211par0044	The Turkish parliamentary corpus ParlaMint-TR-en, Term 27, Year 3, Session 106	2020-07-01	Unicameralism	27	3	106	-	-	COVID	English	Regular	MP	notMinister	HDP	Peoples' Democratic Party	Opposition	Centre-left to left	Hüda.Kaya	Kaya, Hüda	F	1960	
ParlaMint-TR-en_2020-07-01-tbmm-T27	tbmm-2020-07-01sit07spe0210par0045	The Turkish parliamentary corpus ParlaMint-TR-en, Term 27, Year 3, Session 106	2020-07-01	Unicameralism	27	3	106	-	-	COVID	English	Regular	MP	notMinister	AKP	Justice and Development Party	Coalition	Right	Cahit.Özkan	Özkan, Cahit	M	1976	
ParlaMint-TR-en_2020-07-01-tbmm-T27	tbmm-2020-07-01sit07spe0211par0046	The Turkish parliamentary corpus ParlaMint-TR-en, Term 27, Year 3, Session 106	2020-07-01	Unicameralism	27	3	106	-	-	COVID	English	Regular	MP	notMinister	HDP	Peoples' Democratic Party	Opposition	Centre-left to left	Hüda.Kaya	Kaya, Hüda	F	1960	
ParlaMint-TR-en_2020-07-01-tbmm-T27	tbmm-2020-07-01sit07spe0210par0047	The Turkish parliamentary corpus ParlaMint-TR-en, Term 27, Year 3, Session 106	2020-07-01	Unicameralism	27	3	106	-	-	COVID	English	Regular	MP	notMinister	AKP	Justice and Development Party	Coalition	Right	Cahit.Özkan	Özkan, Cahit	M	1976	
ParlaMint-TR-en_2020-07-01-tbmm-T27	tbmm-2020-07-01sit07spe0211par0048	The Turkish parliamentary corpus ParlaMint-TR-en, Term 27, Year 3, Session 106	2020-07-01	Unicameralism	27	3	106	-	-	COVID	English	Regular	MP	notMinister	HDP	Peoples' Democratic Party	Opposition	Centre-left to left	Hüda.Kaya	Kaya, Hüda	F	1960	
ParlaMint-TR-en_2020-07-01-tbmm-T27	tbmm-2020-07-01sit07spe0210par0049	The Turkish parliamentary corpus ParlaMint-TR-en, Term 27, Year 3, Session 106	2020-07-01	Unicameralism	27	3	106	-	-	COVID	English	Regular	MP	notMinister	AKP	Justice and Development Party	Coalition	Right	Cahit.Özkan	Özkan, Cahit	M	1976	
ParlaMint-TR-en_2020-07-01-tbmm-T27	tbmm-2020-07-01sit07spe0212par0052	The Turkish parliamentary corpus ParlaMint-TR-en, Term 27, Year 3, Session 106	2020-07-01	Unicameralism	27	3	106	-	-	COVID	English	Chairperson	MP	notMinister	HDP	Peoples' Democratic Party	Opposition	Centre-left to left	Nimetullah.Erdoğmuş	Erdoğmuş, Nimetullah	M	1960	
ParlaMint-TR-en_2020-07-01-tbmm-T27	tbmm-2020-07-01sit07spe0213par0053	The Turkish parliamentary corpus ParlaMint-TR-en, Term 27, Year 3, Session 106	2020-07-01	Unicameralism	27	3	106	-	-	COVID	English	Regular	MP	notMinister	HDP	Peoples' Democratic Party	Opposition	Centre-left to left	MehmetRuştu.Tiryaki	Tiryaki, Mehmet Ruştu	M	1971	
ParlaMint-TR-en_2020-07-01-tbmm-T27	tbmm-2020-07-01sit07spe0214par0054	The Turkish parliamentary corpus ParlaMint-TR-en, Term 27, Year 3, Session 106	2020-07-01	Unicameralism	27	3	106	-	-	COVID	English	Regular	MP	notMinister	HDP	Peoples' Democratic Party	Opposition	Centre-left to left	Ebrü.Günay	Günay, Ebrü	F	1982	
ParlaMint-TR-en_2020-07-01-tbmm-T27	tbmm-2020-07-01sit07spe0215par0055	The Turkish parliamentary corpus ParlaMint-TR-en, Term 27, Year 3, Session 106	2020-07-01	Unicameralism	27	3	106	-	-	COVID	English	Regular	MP	notMinister	HDP	Peoples' Democratic Party	Opposition	Centre-left to left	DirayetDilan.Taşdemir	Taşdemir, Dirayet Dilan	F	1982	
ParlaMint-TR-en_2020-07-01-tbmm-T27	tbmm-2020-07-01sit07spe0216par0056	The Turkish parliamentary corpus ParlaMint-TR-en, Term 27, Year 3, Session 106	2020-07-01	Unicameralism	27	3	106	-	-	COVID	English	Regular	MP	notMinister	AKP	Justice and Development Party	Coalition	Right	Cahit.Özkan	Özkan, Cahit	M	1976	
ParlaMint-TR-en_2020-07-01-tbmm-T27	tbmm-2020-07-01sit07spe0215par0058	The Turkish parliamentary corpus ParlaMint-TR-en, Term 27, Year 3, Session 106	2020-07-01	Unicameralism	27	3	106	-	-	COVID	English	Regular	MP	notMinister	HDP	Peoples' Democratic Party	Opposition	Centre-left to left	DirayetDilan.Taşdemir	Taşdemir, Dirayet Dilan	F	1982	
ParlaMint-TR-en_2020-07-01-tbmm-T27	tbmm-2020-07-01sit07spe0216par0059	The Turkish parliamentary corpus ParlaMint-TR-en, Term 27, Year 3, Session 106	2020-07-01	Unicameralism	27	3	106	-	-	COVID	English	Regular	MP	notMinister	AKP	Justice and Development Party	Coalition	Right	Cahit.Özkan	Özkan, Cahit	M	1976	
ParlaMint-TR-en_2020-07-01-tbmm-T27	tbmm-2020-07-01sit07spe0217par0061	The Turkish parliamentary corpus ParlaMint-TR-en, Term 27, Year 3, Session 106	2020-07-01	Unicameralism	27	3	106	-	-	COVID	English	Regular	MP	notMinister	HDP	Peoples' Democratic Party	Opposition	Centre-left to left	Ebrü.Günay	Günay, Ebrü	F	1982	
ParlaMint-TR-en_2020-07-01-tbmm-T27	tbmm-2020-07-01sit07spe0216par0062	The Turkish parliamentary corpus ParlaMint-TR-en, Term 27, Year 3, Session 106	2020-07-01	Unicameralism	27	3	106	-	-	COVID	English	Regular	MP	notMinister	AKP	Justice and Development Party	Coalition	Right	Cahit.Özkan	Özkan, Cahit	M	1976	
ParlaMint-TR-en_2020-07-01-tbmm-T27	tbmm-2020-07-01sit07spe0217par0064	The Turkish parliamentary corpus ParlaMint-TR-en, Term 27, Year 3, Session 106	2020-07-01	Unicameralism	27	3	106	-	-	COVID	English	Regular	MP	notMinister	HDP	Peoples' Democratic Party	Opposition	Centre-left to left	Ebrü.Günay	Günay, Ebrü	F	1982	
ParlaMint-TR-en_2020-07-01-tbmm-T27	tbmm-2020-07-01sit07spe0216par0065	The Turkish parliamentary corpus ParlaMint-TR-en, Term 27, Year 3, Session 106	2020-07-01	Unicameralism	27	3	106	-	-	COVID	English	Regular	MP	notMinister	AKP	Justice and Development Party	Coalition	Right	Cahit.Özkan	Özkan, Cahit	M	1976	
ParlaMint-TR-en_2020-07-01-tbmm-T27	tbmm-2020-07-01sit07spe0218par0067	The Turkish parliamentary corpus ParlaMint-TR-en, Term 27, Year 3, Session 106	2020-07-01	Unicameralism	27	3	106	-	-	COVID	English	Regular	MP	notMinister	HDP	Peoples' Democratic Party	Opposition	Centre-left to left	Murat.Çepni	Çepni, Murat	M	1974	
ParlaMint-TR-en_2020-07-01-tbmm-T27	tbmm-2020-07-01sit07spe0219par0068	The Turkish parliamentary corpus ParlaMint-TR-en, Term 27, Year 3, Session 106	2020-07-01	Unicameralism	27	3	106	-	-	COVID	English	Regular	MP	notMinister	HDP	Peoples' Democratic Party	Opposition	Centre-left to left	Hüda.Kaya	Kaya, Hüda	F	1960	
ParlaMint-TR-en_2020-07-01-tbmm-T27	tbmm-2020-07-01sit07spe0216par0069	The Turkish parliamentary corpus ParlaMint-TR-en, Term 27, Year 3, Session 106	2020-07-01	Unicameralism	27	3	106	-	-	COVID	English	Regular	MP	notMinister	AKP	Justice and Development Party	Coalition	Right	Cahit.Özkan	Özkan, Cahit	M	1976	
ParlaMint-TR-en_2020-07-01-tbmm-T27	tbmm-2020-07-01sit07spe0220par0073	The Turkish parliamentary corpus ParlaMint-TR-en, Term 27, Year 3, Session 106	2020-07-01	Unicameralism	27	3	106	-	-	COVID	English	Regular	MP	notMinister	HDP	Peoples' Democratic Party	Opposition	Centre-left to left	Murat.Çepni	Çepni, Murat	M	1974	
ParlaMint-TR-en_2020-07-01-tbmm-T27	tbmm-2020-07-01sit07spe0221par0074	The Turkish parliamentary corpus ParlaMint-TR-en, Term 27, Year 3, Session 106	2020-07-01	Unicameralism	27	3	106	-	-	COVID	English	Regular	MP	notMinister	HDP	Peoples' Democratic Party	Opposition	Centre-left to left	Ebrü.Günay	Günay, Ebrü	F	1982	
ParlaMint-TR-en_2020-07-01-tbmm-T27	tbmm-2020-07-01sit07spe0216par0075	The Turkish parliamentary corpus ParlaMint-TR-en, Term 27, Year 3, Session 106	2020-07-01	Unicameralism	27	3	106	-	-	COVID	English	Regular	MP	notMinister	AKP	Justice and Development Party	Coalition	Right	Cahit.Özkan	Özkan, Cahit	M	1976	
ParlaMint-TR-en_2020-07-01-tbmm-T27	tbmm-2020-07-01sit07spe0222par0076	The Turkish parliamentary corpus ParlaMint-TR-en, Term 27, Year 3, Session 106	2020-07-01	Unicameralism	27	3	106	-	-	COVID	English	Regular	MP	notMinister	HDP	Peoples' Democratic Party	Opposition	Centre-left to left	HakkıSaruhan.Oluç	Oluç, Hakkı Saruhan	M	1958	
ParlaMint-TR-en_2020-07-01-tbmm-T27	tbmm-2020-07-01sit07spe0216par0077	The Turkish parliamentary corpus ParlaMint-TR-en, Term 27, Year 3, Session 106	2020-07-01	Unicameralism	27	3	106	-	-	COVID	English	Regular	MP	notMinister	AKP	Justice and Development Party	Coalition	Right	Cahit.Özkan	Özkan, Cahit	M	1976	
ParlaMint-TR-en_2020-07-01-tbmm-T27	tbmm-2020-07-01sit07spe0223par0078	The Turkish parliamentary corpus ParlaMint-TR-en, Term 27, Year 3, Session 106	2020-07-01	Unicameralism	27	3	106	-	-	COVID	English	Chairperson	MP	notMinister	HDP	Peoples' Democratic Party	Opposition	Centre-left to left	Nimetullah.Erdoğmuş	Erdoğmuş, Nimetullah	M	1960	
ParlaMint-TR-en_2020-07-01-tbmm-T27	tbmm-2020-07-01sit07spe0224par0082	The Turkish parliamentary corpus ParlaMint-TR-en, Term 27, Year 3, Session 106	2020-07-01	Unicameralism	27	3	106	-	-	COVID	English	Regular	MP	notMinister	HDP	Peoples' Democratic Party	Opposition	Centre-left to left	HakkıSaruhan.Oluç	Oluç, Hakkı Saruhan	M	1958	
ParlaMint-TR-en_2020-07-01-tbmm-T27	tbmm-2020-07-01sit07spe0225par0083	The Turkish parliamentary corpus ParlaMint-TR-en, Term 27, Year 3, Session 106	2020-07-01	Unicameralism	27	3	106	-	-	COVID	English	Regular	MP	notMinister	AKP	Justice and Development Party	Coalition	Right	Cahit.Özkan	Özkan, Cahit	M	1976	
ParlaMint-TR-en_2020-07-01-tbmm-T27	tbmm-2020-07-01sit07spe0224par0084	The Turkish parliamentary corpus ParlaMint-TR-en, Term 27, Year 3, Session 106	2020-07-01	Unicameralism	27	3	106	-	-	COVID	English	Regular	MP	notMinister	HDP	Peoples' Democratic Party	Opposition	Centre-left to left	HakkıSaruhan.Oluç	Oluç, Hakkı Saruhan	M	1958	
ParlaMint-TR-en_2020-07-01-tbmm-T27	tbmm-2020-07-01sit07spe0225par0085	The Turkish parliamentary corpus ParlaMint-TR-en, Term 27, Year 3, Session 106	2020-07-01	Unicameralism	27	3	106	-	-	COVID	English	Regular	MP	notMinister	AKP	Justice and Development Party	Coalition	Right	Cahit.Özkan	Özkan, Cahit	M	1976	
ParlaMint-TR-en_2020-07-01-tbmm-T27	tbmm-2020-07-01sit07spe0224par0086	The Turkish parliamentary corpus ParlaMint-TR-en, Term 27, Year 3, Session 106	2020-07-01	Unicameralism	27	3	106	-	-	COVID	English	Regular	MP	notMinister	HDP	Peoples' Democratic Party	Opposition	Centre-left to left	HakkıSaruhan.Oluç	Oluç, Hakkı Saruhan	M	1958	
ParlaMint-TR-en_2020-07-01-tbmm-T27	tbmm-2020-07-01sit07spe0225par0087	The Turkish parliamentary corpus ParlaMint-TR-en, Term 27, Year 3, Session 106	2020-07-01	Unicameralism	27	3	106	-	-	COVID	English	Regular	MP	notMinister	AKP	Justice and Development Party	Coalition	Right	Cahit.Özkan	Özkan, Cahit	M	1976	
ParlaMint-TR-en_2020-07-01-tbmm-T27	tbmm-2020-07-01sit07spe0224par0088	The Turkish parliamentary corpus ParlaMint-TR-en, Term 27, Year 3, Session 106	2020-07-01	Unicameralism	27	3	106	-	-	COVID	English	Regular	MP	notMinister	HDP	Peoples' Democratic Party	Opposition	Centre-left to left	HakkıSaruhan.Oluç	Oluç, Hakkı Saruhan	M	1958	
ParlaMint-TR-en_2020-07-01-tbmm-T27	tbmm-2020-07-01sit07spe0225par0089	The Turkish parliamentary corpus ParlaMint-TR-en, Term 27, Year 3, Session 106	2020-07-01	Unicameralism	27	3	106	-	-	COVID	English	Regular	MP	notMinister	AKP	Justice and Development Party	Coalition	Right	Cahit.Özkan	Özkan, Cahit	M	1976	
ParlaMint-TR-en_2020-07-01-tbmm-T27	tbmm-2020-07-01sit07spe0224par0090	The Turkish parliamentary corpus ParlaMint-TR-en, Term 27, Year 3, Session 106	2020-07-01	Unicameralism	27	3	106	-	-	COVID	English	Regular	MP	notMinister	HDP	Peoples' Democratic Party	Opposition	Centre-left to left	HakkıSaruhan.Oluç	Oluç, Hakkı Saruhan	M	1958	
ParlaMint-TR-en_2020-07-01-tbmm-T27	tbmm-2020-07-01sit07spe0225par0091	The Turkish parliamentary corpus ParlaMint-TR-en, Term 27, Year 3, Session 106	2020-07-01	Unicameralism	27	3	106	-	-	COVID	English	Regular	MP	notMinister	AKP	Justice and Development Party	Coalition	Right	Cahit.Özkan	Özkan, Cahit	M	1976	
ParlaMint-TR-en_2020-07-01-tbmm-T27	tbmm-2020-07-01sit07spe0224par0092	The Turkish parliamentary corpus ParlaMint-TR-en, Term 27, Year 3, Session 106	2020-07-01	Unicameralism	27	3	106	-	-	COVID	English	Regular	MP	notMinister	HDP	Peoples' Democratic Party	Opposition	Centre-left to left	HakkıSaruhan.Oluç	Oluç, Hakkı Saruhan	M	1958	
ParlaMint-TR-en_2020-07-01-tbmm-T27	tbmm-2020-07-01sit07spe0225par0093	The Turkish parliamentary corpus ParlaMint-TR-en, Term 27, Year 3, Session 106	2020-07-01	Unicameralism	27	3	106	-	-	COVID	English	Regular	MP	notMinister	AKP	Justice and Development Party	Coalition	Right	Cahit.Özkan	Özkan, Cahit	M	1976	
ParlaMint-TR-en_2020-07-01-tbmm-T27	tbmm-2020-07-01sit07spe0224par0094	The Turkish parliamentary corpus ParlaMint-TR-en, Term 27, Year 3, Session 106	2020-07-01	Unicameralism	27	3	106	-	-	COVID	English	Regular	MP	notMinister	HDP	Peoples' Democratic Party	Opposition	Centre-left to left	HakkıSaruhan.Oluç	Oluç, Hakkı Saruhan	M	1958	
ParlaMint-TR-en_2020-07-01-tbmm-T27	tbmm-2020-07-01sit07spe0225par0095	The Turkish parliamentary corpus ParlaMint-TR-en, Term 27, Year 3, Session 106	2020-07-01	Unicameralism	27	3	106	-	-	COVID	English	Regular	MP	notMinister	AKP	Justice and Development Party	Coalition	Right	Cahit.Özkan	Özkan, Cahit	M	1976	
ParlaMint-TR-en_2020-07-01-tbmm-T27	tbmm-2020-07-01sit07spe0224par0096	The Turkish parliamentary corpus ParlaMint-TR-en, Term 27, Year 3, Session 106	2020-07-01	Unicameralism	27	3	106	-	-	COVID	English	Regular	MP	notMinister	HDP	Peoples' Democratic Party	Opposition	Centre-left to left	HakkıSaruhan.Oluç	Oluç, Hakkı Saruhan	M	1958	
ParlaMint-TR-en_2020-07-01-tbmm-T27	tbmm-2020-07-01sit07spe0225par0097	The Turkish parliamentary corpus ParlaMint-TR-en, Term 27, Year 3, Session 106	2020-07-01	Unicameralism	27	3	106	-	-	COVID	English	Regular	MP	notMinister	AKP	Justice and Development Party	Coalition	Right	Cahit.Özkan	Özkan, Cahit	M	1976	
ParlaMint-TR-en_2020-07-01-tbmm-T27	tbmm-2020-07-01sit07spe0224par0098	The Turkish parliamentary corpus ParlaMint-TR-en, Term 27, Year 3, Session 106	2020-07-01	Unicameralism	27	3	106	-	-	COVID	English	Regular	MP	notMinister	HDP	Peoples' Democratic Party	Opposition	Centre-left to left	HakkıSaruhan.Oluç	Oluç, Hakkı Saruhan	M	1958	
ParlaMint-TR-en_2020-07-01-tbmm-T27	tbmm-2020-07-01sit07spe0225par0099	The Turkish parliamentary corpus ParlaMint-TR-en, Term 27, Year 3, Session 106	2020-07-01	Unicameralism	27	3	106	-	-	COVID	English	Regular	MP	notMinister	AKP	Justice and Development Party	Coalition	Right	Cahit.Özkan	Özkan, Cahit	M	1976	
ParlaMint-TR-en_2020-07-01-tbmm-T27	tbmm-2020-07-01sit07spe0224par0100	The Turkish parliamentary corpus ParlaMint-TR-en, Term 27, Year 3, Session 106	2020-07-01	Unicameralism	27	3	106	-	-	COVID	English	Regular	MP	notMinister	HDP	Peoples' Democratic Party	Opposition	Centre-left to left	HakkıSaruhan.Oluç	Oluç, Hakkı Saruhan	M	1958	
ParlaMint-TR-en_2020-07-01-tbmm-T27	tbmm-2020-07-01sit07spe0225par0101	The Turkish parliamentary corpus ParlaMint-TR-en, Term 27, Year 3, Session 106	2020-07-01	Unicameralism	27	3	106	-	-	COVID	English	Regular	MP	notMinister	AKP	Justice and Development Party	Coalition	Right	Cahit.Özkan	Özkan, Cahit	M	1976	
ParlaMint-TR-en_2020-07-01-tbmm-T27	tbmm-2020-07-01sit07spe0224par0102	The Turkish parliamentary corpus ParlaMint-TR-en, Term 27, Year 3, Session 106	2020-07-01	Unicameralism	27	3	106	-	-	COVID	English	Regular	MP	notMinister	HDP	Peoples' Democratic Party	Opposition	Centre-left to left	HakkıSaruhan.Oluç	Oluç, Hakkı Saruhan	M	1958	
ParlaMint-TR-en_2020-07-01-tbmm-T27	tbmm-2020-07-01sit07spe0225par0105	The Turkish parliamentary corpus ParlaMint-TR-en, Term 27, Year 3, Session 106	2020-07-01	Unicameralism	27	3	106	-	-	COVID	English	Regular	MP	notMinister	AKP	Justice and Development Party	Coalition	Right	Cahit.Özkan	Özkan, Cahit	M	1976	
ParlaMint-TR-en_2020-07-01-tbmm-T27	tbmm-2020-07-01sit07spe0224par0106	The Turkish parliamentary corpus ParlaMint-TR-en, Term 27, Year 3, Session 106	2020-07-01	Unicameralism	27	3	106	-	-	COVID	English	Regular	MP	notMinister	HDP	Peoples' Democratic Party	Opposition	Centre-left to left	HakkıSaruhan.Oluç	Oluç, Hakkı Saruhan	M	1958	
ParlaMint-TR-en_2020-07-01-tbmm-T27	tbmm-2020-07-01sit07spe0225par0107	The Turkish parliamentary corpus ParlaMint-TR-en, Term 27, Year 3, Session 106	2020-07-01	Unicameralism	27	3	106	-	-	COVID	English	Regular	MP	notMinister	AKP	Justice and Development Party	Coalition	Right	Cahit.Özkan	Özkan, Cahit	M	1976	
ParlaMint-TR-en_2020-07-01-tbmm-T27	tbmm-2020-07-01sit07spe0224par0108	The Turkish parliamentary corpus ParlaMint-TR-en, Term 27, Year 3, Session 106	2020-07-01	Unicameralism	27	3	106	-	-	COVID	English	Regular	MP	notMinister	HDP	Peoples' Democratic Party	Opposition	Centre-left to left	HakkıSaruhan.Oluç	Oluç, Hakkı Saruhan	M	1958	
ParlaMint-TR-en_2020-07-01-tbmm-T27	tbmm-2020-07-01sit07spe0226par0109	The Turkish parliamentary corpus ParlaMint-TR-en, Term 27, Year 3, Session 106	2020-07-01	Unicameralism	27	3	106	-	-	COVID	English	Regular	MP	notMinister	AKP	Justice and Development Party	Coalition	Right	Hasan.Çilez	Çilez, Hasan	M	1974	
ParlaMint-TR-en_2020-07-01-tbmm-T27	tbmm-2020-07-01sit07spe0227par0110	The Turkish parliamentary corpus ParlaMint-TR-en, Term 27, Year 3, Session 106	2020-07-01	Unicameralism	27	3	106	-	-	COVID	English	Chairperson	MP	notMinister	HDP	Peoples' Democratic Party	Opposition	Centre-left to left	Nimetullah.Erdoğmuş	Erdoğmuş, Nimetullah	M	1960	
ParlaMint-TR-en_2020-07-01-tbmm-T27	tbmm-2020-07-01sit07spe0224par0111	The Turkish parliamentary corpus ParlaMint-TR-en, Term 27, Year 3, Session 106	2020-07-01	Unicameralism	27	3	106	-	-	COVID	English	Regular	MP	notMinister	HDP	Peoples' Democratic Party	Opposition	Centre-left to left	HakkıSaruhan.Oluç	Oluç, Hakkı Saruhan	M	1958	
ParlaMint-TR-en_2020-07-01-tbmm-T27	tbmm-2020-07-01sit07spe0226par0112	The Turkish parliamentary corpus ParlaMint-TR-en, Term 27, Year 3, Session 106	2020-07-01	Unicameralism	27	3	106	-	-	COVID	English	Regular	MP	notMinister	AKP	Justice and Development Party	Coalition	Right	Hasan.Çilez	Çilez, Hasan	M	1974	
ParlaMint-TR-en_2020-07-01-tbmm-T27	tbmm-2020-07-01sit07spe0224par0113	The Turkish parliamentary corpus ParlaMint-TR-en, Term 27, Year 3, Session 106	2020-07-01	Unicameralism	27	3	106	-	-	COVID	English	Regular	MP	notMinister	HDP	Peoples' Democratic Party	Opposition	Centre-left to left	HakkıSaruhan.Oluç	Oluç, Hakkı Saruhan	M	1958	
ParlaMint-TR-en_2020-07-01-tbmm-T27	tbmm-2020-07-01sit07spe0228par0115	The Turkish parliamentary corpus ParlaMint-TR-en, Term 27, Year 3, Session 106	2020-07-01	Unicameralism	27	3	106	-	-	COVID	English	Regular	MP	notMinister	HDP	Peoples' Democratic Party	Opposition	Centre-left to left	Hüda.Kaya	Kaya, Hüda	F	1960	
ParlaMint-TR-en_2020-07-01-tbmm-T27	tbmm-2020-07-01sit07spe0226par0116	The Turkish parliamentary corpus ParlaMint-TR-en, Term 27, Year 3, Session 106	2020-07-01	Unicameralism	27	3	106	-	-	COVID	English	Regular	MP	notMinister	AKP	Justice and Development Party	Coalition	Right	Hasan.Çilez	Çilez, Hasan	M	1974	
ParlaMint-TR-en_2020-07-01-tbmm-T27	tbmm-2020-07-01sit07spe0224par0118	The Turkish parliamentary corpus ParlaMint-TR-en, Term 27, Year 3, Session 106	2020-07-01	Unicameralism	27	3	106	-	-	COVID	English	Regular	MP	notMinister	HDP	Peoples' Democratic Party	Opposition	Centre-left to left	HakkıSaruhan.Oluç	Oluç, Hakkı Saruhan	M	1958	
ParlaMint-TR-en_2020-07-01-tbmm-T27	tbmm-2020-07-01sit07spe0228par0119	The Turkish parliamentary corpus ParlaMint-TR-en, Term 27, Year 3, Session 106	2020-07-01	Unicameralism	27	3	106	-	-	COVID	English	Regular	MP	notMinister	HDP	Peoples' Democratic Party	Opposition	Centre-left to left	Hüda.Kaya	Kaya, Hüda	F	1960	
ParlaMint-TR-en_2020-07-01-tbmm-T27	tbmm-2020-07-01sit07spe0226par0120	The Turkish parliamentary corpus ParlaMint-TR-en, Term 27, Year 3, Session 106	2020-07-01	Unicameralism	27	3	106	-	-	COVID	English	Regular	MP	notMinister	AKP	Justice and Development Party	Coalition	Right	Hasan.Çilez	Çilez, Hasan	M	1974	
ParlaMint-TR-en_2020-07-01-tbmm-T27	tbmm-2020-07-01sit07spe0224par0121	The Turkish parliamentary corpus ParlaMint-TR-en, Term 27, Year 3, Session 106	2020-07-01	Unicameralism	27	3	106	-	-	COVID	English	Regular	MP	notMinister	HDP	Peoples' Democratic Party	Opposition	Centre-left to left	HakkıSaruhan.Oluç	Oluç, Hakkı Saruhan	M	1958	
ParlaMint-TR-en_2020-07-01-tbmm-T27	tbmm-2020-07-01sit07spe0229par0123	The Turkish parliamentary corpus ParlaMint-TR-en, Term 27, Year 3, Session 106	2020-07-01	Unicameralism	27	3	106	-	-	COVID	English	Chairperson	MP	notMinister	HDP	Peoples' Democratic Party	Opposition	Centre-left to left	Nimetullah.Erdoğmuş	Erdoğmuş, Nimetullah	M	1960	
ParlaMint-TR-en_2020-07-01-tbmm-T27	tbmm-2020-07-01sit07spe0226par0124	The Turkish parliamentary corpus ParlaMint-TR-en, Term 27, Year 3, Session 106	2020-07-01	Unicameralism	27	3	106	-	-	COVID	English	Regular	MP	notMinister	AKP	Justice and Development Party	Coalition	Right	Hasan.Çilez	Çilez, Hasan	M	1974	
ParlaMint-TR-en_2020-07-01-tbmm-T27	tbmm-2020-07-01sit07spe0224par0125	The Turkish parliamentary corpus ParlaMint-TR-en, Term 27, Year 3, Session 106	2020-07-01	Unicameralism	27	3	106	-	-	COVID	English	Regular	MP	notMinister	HDP	Peoples' Democratic Party	Opposition	Centre-left to left	HakkıSaruhan.Oluç	Oluç, Hakkı Saruhan	M	1958	
ParlaMint-TR-en_2020-07-01-tbmm-T27	tbmm-2020-07-01sit07spe0229par0126	The Turkish parliamentary corpus ParlaMint-TR-en, Term 27, Year 3, Session 106	2020-07-01	Unicameralism	27	3	106	-	-	COVID	English	Chairperson	MP	notMinister	HDP	Peoples' Democratic Party	Opposition	Centre-left to left	Nimetullah.Erdoğmuş	Erdoğmuş, Nimetullah	M	1960	
ParlaMint-TR-en_2020-07-01-tbmm-T27	tbmm-2020-07-01sit07spe0226par0127	The Turkish parliamentary corpus ParlaMint-TR-en, Term 27, Year 3, Session 106	2020-07-01	Unicameralism	27	3	106	-	-	COVID	English	Regular	MP	notMinister	AKP	Justice and Development Party	Coalition	Right	Hasan.Çilez	Çilez, Hasan	M	1974	
ParlaMint-TR-en_2020-07-01-tbmm-T27	tbmm-2020-07-01sit07spe0230par0129	The Turkish parliamentary corpus ParlaMint-TR-en, Term 27, Year 3, Session 106	2020-07-01	Unicameralism	27	3	106	-	-	COVID	English	Regular	MP	notMinister	HDP	Peoples' Democratic Party	Opposition	Centre-left to left	HakkıSaruhan.Oluç	Oluç, Hakkı Saruhan	M	1958	
ParlaMint-TR-en_2020-07-01-tbmm-T27	tbmm-2020-07-01sit07spe0226par0131	The Turkish parliamentary corpus ParlaMint-TR-en, Term 27, Year 3, Session 106	2020-07-01	Unicameralism	27	3	106	-	-	COVID	English	Regular	MP	notMinister	AKP	Justice and Development Party	Coalition	Right	Hasan.Çilez	Çilez, Hasan	M	1974	
ParlaMint-TR-en_2020-07-01-tbmm-T27	tbmm-2020-07-01sit07spe0230par0132	The Turkish parliamentary corpus ParlaMint-TR-en, Term 27, Year 3, Session 106	2020-07-01	Unicameralism	27	3	106	-	-	COVID	English	Regular	MP	notMinister	HDP	Peoples' Democratic Party	Opposition	Centre-left to left	HakkıSaruhan.Oluç	Oluç, Hakkı Saruhan	M	1958	
ParlaMint-TR-en_2020-07-01-tbmm-T27	tbmm-2020-07-01sit07spe0226par0133	The Turkish parliamentary corpus ParlaMint-TR-en, Term 27, Year 3, Session 106	2020-07-01	Unicameralism	27	3	106	-	-	COVID	English	Regular	MP	notMinister	AKP	Justice and Development Party	Coalition	Right	Hasan.Çilez	Çilez, Hasan	M	1974	
ParlaMint-TR-en_2020-07-01-tbmm-T27	tbmm-2020-07-01sit07spe0230par0134	The Turkish parliamentary corpus ParlaMint-TR-en, Term 27, Year 3, Session 106	2020-07-01	Unicameralism	27	3	106	-	-	COVID	English	Regular	MP	notMinister	HDP	Peoples' Democratic Party	Opposition	Centre-left to left	HakkıSaruhan.Oluç	Oluç, Hakkı Saruhan	M	1958	
ParlaMint-TR-en_2020-07-01-tbmm-T27	tbmm-2020-07-01sit07spe0226par0135	The Turkish parliamentary corpus ParlaMint-TR-en, Term 27, Year 3, Session 106	2020-07-01	Unicameralism	27	3	106	-	-	COVID	English	Regular	MP	notMinister	AKP	Justice and Development Party	Coalition	Right	Hasan.Çilez	Çilez, Hasan	M	1974	
ParlaMint-TR-en_2020-07-01-tbmm-T27	tbmm-2020-07-01sit07spe0231par0137	The Turkish parliamentary corpus ParlaMint-TR-en, Term 27, Year 3, Session 106	2020-07-01	Unicameralism	27	3	106	-	-	COVID	English	Chairperson	MP	notMinister	HDP	Peoples' Democratic Party	Opposition	Centre-left to left	Nimetullah.Erdoğmuş	Erdoğmuş, Nimetullah	M	1960	
ParlaMint-TR-en_2020-07-01-tbmm-T27	tbmm-2020-07-01sit08spe0231par0001	The Turkish parliamentary corpus ParlaMint-TR-en, Term 27, Year 3, Session 106	2020-07-01	Unicameralism	27	3	106	-	-	COVID	English	Chairperson	MP	notMinister	HDP	Peoples' Democratic Party	Opposition	Centre-left to left	Nimetullah.Erdoğmuş	Erdoğmuş, Nimetullah	M	1960	
ParlaMint-TR-en_2020-07-01-tbmm-T27	tbmm-2020-07-01sit08spe0232par0007	The Turkish parliamentary corpus ParlaMint-TR-en, Term 27, Year 3, Session 106	2020-07-01	Unicameralism	27	3	106	-	-	COVID	English	Regular	MP	notMinister	MHP	Nationalist Movement Party	-	Right to far-right	MuhammedLevent.Bülbül	Bülbül, Muhammed Levent	M	1980	
ParlaMint-TR-en_2020-07-01-tbmm-T27	tbmm-2020-07-01sit08spe0233par0011	The Turkish parliamentary corpus ParlaMint-TR-en, Term 27, Year 3, Session 106	2020-07-01	Unicameralism	27	3	106	-	-	COVID	English	Chairperson	MP	notMinister	HDP	Peoples' Democratic Party	Opposition	Centre-left to left	Nimetullah.Erdoğmuş	Erdoğmuş, Nimetullah	M	1960	
ParlaMint-TR-en_2020-07-01-tbmm-T27	tbmm-2020-07-01sit08spe0232par0012	The Turkish parliamentary corpus ParlaMint-TR-en, Term 27, Year 3, Session 106	2020-07-01	Unicameralism	27	3	106	-	-	COVID	English	Regular	MP	notMinister	MHP	Nationalist Movement Party	-	Right to far-right	MuhammedLevent.Bülbül	Bülbül, Muhammed Levent	M	1980	
ParlaMint-TR-en_2020-07-01-tbmm-T27	tbmm-2020-07-01sit08spe0233par0015	The Turkish parliamentary corpus ParlaMint-TR-en, Term 27, Year 3, Session 106	2020-07-01	Unicameralism	27	3	106	-	-	COVID	English	Chairperson	MP	notMinister	HDP	Peoples' Democratic Party	Opposition	Centre-left to left	Nimetullah.Erdoğmuş	Erdoğmuş, Nimetullah	M	1960	
ParlaMint-TR-en_2020-07-01-tbmm-T27	tbmm-2020-07-01sit08spe0232par0016	The Turkish parliamentary corpus ParlaMint-TR-en, Term 27, Year 3, Session 106	2020-07-01	Unicameralism	27	3	106	-	-	COVID	English	Regular	MP	notMinister	MHP	Nationalist Movement Party	-	Right to far-right	MuhammedLevent.Bülbül	Bülbül, Muhammed Levent	M	1980	
ParlaMint-TR-en_2020-07-01-tbmm-T27	tbmm-2020-07-01sit08spe0233par0021	The Turkish parliamentary corpus ParlaMint-TR-en, Term 27, Year 3, Session 106	2020-07-01	Unicameralism	27	3	106	-	-	COVID	English	Chairperson	MP	notMinister	HDP	Peoples' Democratic Party	Opposition	Centre-left to left	Nimetullah.Erdoğmuş	Erdoğmuş, Nimetullah	M	1960	
ParlaMint-TR-en_2020-07-01-tbmm-T27	tbmm-2020-07-01sit08spe0234par0029	The Turkish parliamentary corpus ParlaMint-TR-en, Term 27, Year 3, Session 106	2020-07-01	Unicameralism	27	3	106	-	-	COVID	English	Regular	MP	notMinister	AKP	Justice and Development Party	Coalition	Right	Belgin.Uygur	Uygur, Belgin	F	1977	
ParlaMint-TR-en_2020-07-01-tbmm-T27	tbmm-2020-07-01sit08spe0233par0030	The Turkish parliamentary corpus ParlaMint-TR-en, Term 27, Year 3, Session 106	2020-07-01	Unicameralism	27	3	106	-	-	COVID	English	Chairperson	MP	notMinister	HDP	Peoples' Democratic Party	Opposition	Centre-left to left	Nimetullah.Erdoğmuş	Erdoğmuş, Nimetullah	M	1960	
ParlaMint-TR-en_2020-07-01-tbmm-T27	tbmm-2020-07-01sit08spe0235par0033	The Turkish parliamentary corpus ParlaMint-TR-en, Term 27, Year 3, Session 106	2020-07-01	Unicameralism	27	3	106	-	-	COVID	English	Regular	MP	notMinister	CHP	Republican People's Party	Opposition	Centre-left	Cavit.Arı	Arı, Cavit	M	1968	
ParlaMint-TR-en_2020-07-01-tbmm-T27	tbmm-2020-07-01sit08spe0236par0040	The Turkish parliamentary corpus ParlaMint-TR-en, Term 27, Year 3, Session 106	2020-07-01	Unicameralism	27	3	106	-	-	COVID	English	Chairperson	MP	notMinister	HDP	Peoples' Democratic Party	Opposition	Centre-left to left	Nimetullah.Erdoğmuş	Erdoğmuş, Nimetullah	M	1960	
ParlaMint-TR-en_2020-07-01-tbmm-T27	tbmm-2020-07-01sit08spe0235par0041	The Turkish parliamentary corpus ParlaMint-TR-en, Term 27, Year 3, Session 106	2020-07-01	Unicameralism	27	3	106	-	-	COVID	English	Regular	MP	notMinister	CHP	Republican People's Party	Opposition	Centre-left	Cavit.Arı	Arı, Cavit	M	1968	
ParlaMint-TR-en_2020-07-01-tbmm-T27	tbmm-2020-07-01sit08spe0236par0044	The Turkish parliamentary corpus ParlaMint-TR-en, Term 27, Year 3, Session 106	2020-07-01	Unicameralism	27	3	106	-	-	COVID	English	Chairperson	MP	notMinister	HDP	Peoples' Democratic Party	Opposition	Centre-left to left	Nimetullah.Erdoğmuş	Erdoğmuş, Nimetullah	M	1960	
ParlaMint-TR-en_2020-07-01-tbmm-T27	tbmm-2020-07-01sit08spe0235par0045	The Turkish parliamentary corpus ParlaMint-TR-en, Term 27, Year 3, Session 106	2020-07-01	Unicameralism	27	3	106	-	-	COVID	English	Regular	MP	notMinister	CHP	Republican People's Party	Opposition	Centre-left	Cavit.Arı	Arı, Cavit	M	1968	
ParlaMint-TR-en_2020-07-01-tbmm-T27	tbmm-2020-07-01sit08spe0237par0050	The Turkish parliamentary corpus ParlaMint-TR-en, Term 27, Year 3, Session 106	2020-07-01	Unicameralism	27	3	106	-	-	COVID	English	Chairperson	MP	notMinister	HDP	Peoples' Democratic Party	Opposition	Centre-left to left	Nimetullah.Erdoğmuş	Erdoğmuş, Nimetullah	M	1960	
ParlaMint-TR-en_2020-07-01-tbmm-T27	tbmm-2020-07-01sit08spe0238par0059	The Turkish parliamentary corpus ParlaMint-TR-en, Term 27, Year 3, Session 106	2020-07-01	Unicameralism	27	3	106	-	-	COVID	English	Regular	MP	notMinister	AKP	Justice and Development Party	Coalition	Right	Belgin.Uygur	Uygur, Belgin	F	1977	
ParlaMint-TR-en_2020-07-01-tbmm-T27	tbmm-2020-07-01sit08spe0237par0060	The Turkish parliamentary corpus ParlaMint-TR-en, Term 27, Year 3, Session 106	2020-07-01	Unicameralism	27	3	106	-	-	COVID	English	Chairperson	MP	notMinister	HDP	Peoples' Democratic Party	Opposition	Centre-left to left	Nimetullah.Erdoğmuş	Erdoğmuş, Nimetullah	M	1960	
ParlaMint-TR-en_2020-07-01-tbmm-T27	tbmm-2020-07-01sit08spe0239par0063	The Turkish parliamentary corpus ParlaMint-TR-en, Term 27, Year 3, Session 106	2020-07-01	Unicameralism	27	3	106	-	-	COVID	English	Regular	MP	notMinister	IYI	İYİ Party	Opposition	Centre-right	Hayrettin.Nuhoğlu	Nuhoğlu, Hayrettin	M	1953	
ParlaMint-TR-en_2020-07-01-tbmm-T27	tbmm-2020-07-01sit08spe0240par0074	The Turkish parliamentary corpus ParlaMint-TR-en, Term 27, Year 3, Session 106	2020-07-01	Unicameralism	27	3	106	-	-	COVID	English	Chairperson	MP	notMinister	HDP	Peoples' Democratic Party	Opposition	Centre-left to left	Nimetullah.Erdoğmuş	Erdoğmuş, Nimetullah	M	1960	
ParlaMint-TR-en_2020-07-01-tbmm-T27	tbmm-2020-07-01sit08spe0239par0075	The Turkish parliamentary corpus ParlaMint-TR-en, Term 27, Year 3, Session 106	2020-07-01	Unicameralism	27	3	106	-	-	COVID	English	Regular	MP	notMinister	IYI	İYİ Party	Opposition	Centre-right	Hayrettin.Nuhoğlu	Nuhoğlu, Hayrettin	M	1953	
ParlaMint-TR-en_2020-07-01-tbmm-T27	tbmm-2020-07-01sit08spe0240par0079	The Turkish parliamentary corpus ParlaMint-TR-en, Term 27, Year 3, Session 106	2020-07-01	Unicameralism	27	3	106	-	-	COVID	English	Chairperson	MP	notMinister	HDP	Peoples' Democratic Party	Opposition	Centre-left to left	Nimetullah.Erdoğmuş	Erdoğmuş, Nimetullah	M	1960	
ParlaMint-TR-en_2020-07-01-tbmm-T27	tbmm-2020-07-01sit08spe0239par0080	The Turkish parliamentary corpus ParlaMint-TR-en, Term 27, Year 3, Session 106	2020-07-01	Unicameralism	27	3	106	-	-	COVID	English	Regular	MP	notMinister	IYI	İYİ Party	Opposition	Centre-right	Hayrettin.Nuhoğlu	Nuhoğlu, Hayrettin	M	1953	
ParlaMint-TR-en_2020-07-01-tbmm-T27	tbmm-2020-07-01sit08spe0240par0083	The Turkish parliamentary corpus ParlaMint-TR-en, Term 27, Year 3, Session 106	2020-07-01	Unicameralism	27	3	106	-	-	COVID	English	Chairperson	MP	notMinister	HDP	Peoples' Democratic Party	Opposition	Centre-left to left	Nimetullah.Erdoğmuş	Erdoğmuş, Nimetullah	M	1960	
ParlaMint-TR-en_2020-07-01-tbmm-T27	tbmm-2020-07-01sit08spe0241par0084	The Turkish parliamentary corpus ParlaMint-TR-en, Term 27, Year 3, Session 106	2020-07-01	Unicameralism	27	3	106	-	-	COVID	English	Regular	MP	notMinister	CHP	Republican People's Party	Opposition	Centre-left	Özgür.Özel	Özel, Özgür	M	1974	
ParlaMint-TR-en_2020-07-01-tbmm-T27	tbmm-2020-07-01sit08spe0242par0085	The Turkish parliamentary corpus ParlaMint-TR-en, Term 27, Year 3, Session 106	2020-07-01	Unicameralism	27	3	106	-	-	COVID	English	Regular	MP	notMinister	AKP	Justice and Development Party	Coalition	Right	Recep.Özel1969	Özel, Recep	M	1969	
ParlaMint-TR-en_2020-07-01-tbmm-T27	tbmm-2020-07-01sit08spe0243par0086	The Turkish parliamentary corpus ParlaMint-TR-en, Term 27, Year 3, Session 106	2020-07-01	Unicameralism	27	3	106	-	-	COVID	English	Regular	MP	notMinister	CHP	Republican People's Party	Opposition	Centre-left	Özkan.Yalım	Yalım, Özkan	M	1969	
ParlaMint-TR-en_2020-07-01-tbmm-T27	tbmm-2020-07-01sit08spe0244par0087	The Turkish parliamentary corpus ParlaMint-TR-en, Term 27, Year 3, Session 106	2020-07-01	Unicameralism	27	3	106	-	-	COVID	English	Chairperson	MP	notMinister	HDP	Peoples' Democratic Party	Opposition	Centre-left to left	Nimetullah.Erdoğmuş	Erdoğmuş, Nimetullah	M	1960	
ParlaMint-TR-en_2020-07-01-tbmm-T27	tbmm-2020-07-01sit08spe0245par0101	The Turkish parliamentary corpus ParlaMint-TR-en, Term 27, Year 3, Session 106	2020-07-01	Unicameralism	27	3	106	-	-	COVID	English	Regular	MP	notMinister	AKP	Justice and Development Party	Coalition	Right	Belgin.Uygur	Uygur, Belgin	F	1977	
ParlaMint-TR-en_2020-07-01-tbmm-T27	tbmm-2020-07-01sit08spe0244par0102	The Turkish parliamentary corpus ParlaMint-TR-en, Term 27, Year 3, Session 106	2020-07-01	Unicameralism	27	3	106	-	-	COVID	English	Chairperson	MP	notMinister	HDP	Peoples' Democratic Party	Opposition	Centre-left to left	Nimetullah.Erdoğmuş	Erdoğmuş, Nimetullah	M	1960	
ParlaMint-TR-en_2020-07-01-tbmm-T27	tbmm-2020-07-01sit08spe0246par0105	The Turkish parliamentary corpus ParlaMint-TR-en, Term 27, Year 3, Session 106	2020-07-01	Unicameralism	27	3	106	-	-	COVID	English	Regular	MP	notMinister	HDP	Peoples' Democratic Party	Opposition	Centre-left to left	Hasan.Özgüneş	Özgüneş, Hasan	M	1957	
ParlaMint-TR-en_2020-07-01-tbmm-T27	tbmm-2020-07-01sit08spe0247par0116	The Turkish parliamentary corpus ParlaMint-TR-en, Term 27, Year 3, Session 106	2020-07-01	Unicameralism	27	3	106	-	-	COVID	English	Regular	MP	notMinister	AKP	Justice and Development Party	Coalition	Right	Halil.Etyemez	Etyemez, Halil	M	1965	
ParlaMint-TR-en_2020-07-01-tbmm-T27	tbmm-2020-07-01sit08spe0248par0117	The Turkish parliamentary corpus ParlaMint-TR-en, Term 27, Year 3, Session 106	2020-07-01	Unicameralism	27	3	106	-	-	COVID	English	Chairperson	MP	notMinister	HDP	Peoples' Democratic Party	Opposition	Centre-left to left	Nimetullah.Erdoğmuş	Erdoğmuş, Nimetullah	M	1960	
ParlaMint-TR-en_2020-07-01-tbmm-T27	tbmm-2020-07-01sit08spe0246par0118	The Turkish parliamentary corpus ParlaMint-TR-en, Term 27, Year 3, Session 106	2020-07-01	Unicameralism	27	3	106	-	-	COVID	English	Regular	MP	notMinister	HDP	Peoples' Democratic Party	Opposition	Centre-left to left	Hasan.Özgüneş	Özgüneş, Hasan	M	1957	
ParlaMint-TR-en_2020-07-01-tbmm-T27	tbmm-2020-07-01sit08spe0248par0121	The Turkish parliamentary corpus ParlaMint-TR-en, Term 27, Year 3, Session 106	2020-07-01	Unicameralism	27	3	106	-	-	COVID	English	Chairperson	MP	notMinister	HDP	Peoples' Democratic Party	Opposition	Centre-left to left	Nimetullah.Erdoğmuş	Erdoğmuş, Nimetullah	M	1960	
ParlaMint-TR-en_2020-07-01-tbmm-T27	tbmm-2020-07-01sit08spe0249par0130	The Turkish parliamentary corpus ParlaMint-TR-en, Term 27, Year 3, Session 106	2020-07-01	Unicameralism	27	3	106	-	-	COVID	English	Regular	MP	notMinister	AKP	Justice and Development Party	Coalition	Right	Belgin.Uygur	Uygur, Belgin	F	1977	
ParlaMint-TR-en_2020-07-01-tbmm-T27	tbmm-2020-07-01sit08spe0248par0131	The Turkish parliamentary corpus ParlaMint-TR-en, Term 27, Year 3, Session 106	2020-07-01	Unicameralism	27	3	106	-	-	COVID	English	Chairperson	MP	notMinister	HDP	Peoples' Democratic Party	Opposition	Centre-left to left	Nimetullah.Erdoğmuş	Erdoğmuş, Nimetullah	M	1960	
ParlaMint-TR-en_2020-07-01-tbmm-T27	tbmm-2020-07-01sit08spe0250par0134	The Turkish parliamentary corpus ParlaMint-TR-en, Term 27, Year 3, Session 106	2020-07-01	Unicameralism	27	3	106	-	-	COVID	English	Regular	MP	notMinister	CHP	Republican People's Party	Opposition	Centre-left	Ahmet.Önal	Önal, Ahmet	M	1983	
ParlaMint-TR-en_2020-07-01-tbmm-T27	tbmm-2020-07-01sit08spe0251par0143	The Turkish parliamentary corpus ParlaMint-TR-en, Term 27, Year 3, Session 106	2020-07-01	Unicameralism	27	3	106	-	-	COVID	English	Chairperson	MP	notMinister	HDP	Peoples' Democratic Party	Opposition	Centre-left to left	Nimetullah.Erdoğmuş	Erdoğmuş, Nimetullah	M	1960	
ParlaMint-TR-en_2020-07-01-tbmm-T27	tbmm-2020-07-01sit08spe0250par0144	The Turkish parliamentary corpus ParlaMint-TR-en, Term 27, Year 3, Session 106	2020-07-01	Unicameralism	27	3	106	-	-	COVID	English	Regular	MP	notMinister	CHP	Republican People's Party	Opposition	Centre-left	Ahmet.Önal	Önal, Ahmet	M	1983	
ParlaMint-TR-en_2020-07-01-tbmm-T27	tbmm-2020-07-01sit08spe0251par0147	The Turkish parliamentary corpus ParlaMint-TR-en, Term 27, Year 3, Session 106	2020-07-01	Unicameralism	27	3	106	-	-	COVID	English	Chairperson	MP	notMinister	HDP	Peoples' Democratic Party	Opposition	Centre-left to left	Nimetullah.Erdoğmuş	Erdoğmuş, Nimetullah	M	1960	
ParlaMint-TR-en_2020-07-01-tbmm-T27	tbmm-2020-07-01sit08spe0252par0156	The Turkish parliamentary corpus ParlaMint-TR-en, Term 27, Year 3, Session 106	2020-07-01	Unicameralism	27	3	106	-	-	COVID	English	Regular	MP	notMinister	AKP	Justice and Development Party	Coalition	Right	Belgin.Uygur	Uygur, Belgin	F	1977	
ParlaMint-TR-en_2020-07-01-tbmm-T27	tbmm-2020-07-01sit08spe0251par0157	The Turkish parliamentary corpus ParlaMint-TR-en, Term 27, Year 3, Session 106	2020-07-01	Unicameralism	27	3	106	-	-	COVID	English	Chairperson	MP	notMinister	HDP	Peoples' Democratic Party	Opposition	Centre-left to left	Nimetullah.Erdoğmuş	Erdoğmuş, Nimetullah	M	1960	
ParlaMint-TR-en_2020-07-01-tbmm-T27	tbmm-2020-07-01sit08spe0253par0160	The Turkish parliamentary corpus ParlaMint-TR-en, Term 27, Year 3, Session 106	2020-07-01	Unicameralism	27	3	106	-	-	COVID	English	Regular	MP	notMinister	IYI	İYİ Party	Opposition	Centre-right	Ayhan.Altıntaş	Altıntaş, Ayhan	M	1958	
ParlaMint-TR-en_2020-07-01-tbmm-T27	tbmm-2020-07-01sit08spe0254par0169	The Turkish parliamentary corpus ParlaMint-TR-en, Term 27, Year 3, Session 106	2020-07-01	Unicameralism	27	3	106	-	-	COVID	English	Chairperson	MP	notMinister	HDP	Peoples' Democratic Party	Opposition	Centre-left to left	Nimetullah.Erdoğmuş	Erdoğmuş, Nimetullah	M	1960	
ParlaMint-TR-en_2020-07-01-tbmm-T27	tbmm-2020-07-01sit08spe0253par0170	The Turkish parliamentary corpus ParlaMint-TR-en, Term 27, Year 3, Session 106	2020-07-01	Unicameralism	27	3	106	-	-	COVID	English	Regular	MP	notMinister	IYI	İYİ Party	Opposition	Centre-right	Ayhan.Altıntaş	Altıntaş, Ayhan	M	1958	
ParlaMint-TR-en_2020-07-01-tbmm-T27	tbmm-2020-07-01sit08spe0255par0175	The Turkish parliamentary corpus ParlaMint-TR-en, Term 27, Year 3, Session 106	2020-07-01	Unicameralism	27	3	106	-	-	COVID	English	Chairperson	MP	notMinister	HDP	Peoples' Democratic Party	Opposition	Centre-left to left	Nimetullah.Erdoğmuş	Erdoğmuş, Nimetullah	M	1960	
ParlaMint-TR-en_2020-07-01-tbmm-T27	tbmm-2020-07-01sit08spe0256par0181	The Turkish parliamentary corpus ParlaMint-TR-en, Term 27, Year 3, Session 106	2020-07-01	Unicameralism	27	3	106	-	-	COVID	English	Regular	MP	notMinister	CHP	Republican People's Party	Opposition	Centre-left	Ahmet.Kaya	Kaya, Ahmet	M	1971	
ParlaMint-TR-en_2020-07-01-tbmm-T27	tbmm-2020-07-01sit08spe0255par0183	The Turkish parliamentary corpus ParlaMint-TR-en, Term 27, Year 3, Session 106	2020-07-01	Unicameralism	27	3	106	-	-	COVID	English	Chairperson	MP	notMinister	HDP	Peoples' Democratic Party	Opposition	Centre-left to left	Nimetullah.Erdoğmuş	Erdoğmuş, Nimetullah	M	1960	
ParlaMint-TR-en_2020-07-01-tbmm-T27	tbmm-2020-07-01sit08spe0257par0185	The Turkish parliamentary corpus ParlaMint-TR-en, Term 27, Year 3, Session 106	2020-07-01	Unicameralism	27	3	106	-	-	COVID	English	Regular	MP	notMinister	CHP	Republican People's Party	Opposition	Centre-left	Hasan.Baltacı	Baltacı, Hasan	M	1978	
ParlaMint-TR-en_2020-07-01-tbmm-T27	tbmm-2020-07-01sit08spe0255par0187	The Turkish parliamentary corpus ParlaMint-TR-en, Term 27, Year 3, Session 106	2020-07-01	Unicameralism	27	3	106	-	-	COVID	English	Chairperson	MP	notMinister	HDP	Peoples' Democratic Party	Opposition	Centre-left to left	Nimetullah.Erdoğmuş	Erdoğmuş, Nimetullah	M	1960	
ParlaMint-TR-en_2020-07-01-tbmm-T27	tbmm-2020-07-01sit08spe0258par0189	The Turkish parliamentary corpus ParlaMint-TR-en, Term 27, Year 3, Session 106	2020-07-01	Unicameralism	27	3	106	-	-	COVID	English	Regular	MP	notMinister	CHP	Republican People's Party	Opposition	Centre-left	Süleyman.Girgin	Girgin, Süleyman	M	1962	
ParlaMint-TR-en_2020-07-01-tbmm-T27	tbmm-2020-07-01sit08spe0259par0192	The Turkish parliamentary corpus ParlaMint-TR-en, Term 27, Year 3, Session 106	2020-07-01	Unicameralism	27	3	106	-	-	COVID	English	Chairperson	MP	notMinister	HDP	Peoples' Democratic Party	Opposition	Centre-left to left	Nimetullah.Erdoğmuş	Erdoğmuş, Nimetullah	M	1960	
ParlaMint-TR-en_2020-07-01-tbmm-T27	tbmm-2020-07-01sit08spe0260par0194	The Turkish parliamentary corpus ParlaMint-TR-en, Term 27, Year 3, Session 106	2020-07-01	Unicameralism	27	3	106	-	-	COVID	English	Regular	MP	notMinister	CHP	Republican People's Party	Opposition	Centre-left	Necati.Tığlı	Tığlı, Necati	M	1983	
ParlaMint-TR-en_2020-07-01-tbmm-T27	tbmm-2020-07-01sit08spe0261par0200	The Turkish parliamentary corpus ParlaMint-TR-en, Term 27, Year 3, Session 106	2020-07-01	Unicameralism	27	3	106	-	-	COVID	English	Chairperson	MP	notMinister	HDP	Peoples' Democratic Party	Opposition	Centre-left to left	Nimetullah.Erdoğmuş	Erdoğmuş, Nimetullah	M	1960	
ParlaMint-TR-en_2020-07-01-tbmm-T27	tbmm-2020-07-01sit08spe0262par0208	The Turkish parliamentary corpus ParlaMint-TR-en, Term 27, Year 3, Session 106	2020-07-01	Unicameralism	27	3	106	-	-	COVID	English	Regular	MP	notMinister	AKP	Justice and Development Party	Coalition	Right	Belgin.Uygur	Uygur, Belgin	F	1977	
ParlaMint-TR-en_2020-07-01-tbmm-T27	tbmm-2020-07-01sit08spe0261par0209	The Turkish parliamentary corpus ParlaMint-TR-en, Term 27, Year 3, Session 106	2020-07-01	Unicameralism	27	3	106	-	-	COVID	English	Chairperson	MP	notMinister	HDP	Peoples' Democratic Party	Opposition	Centre-left to left	Nimetullah.Erdoğmuş	Erdoğmuş, Nimetullah	M	1960	
ParlaMint-TR-en_2020-07-01-tbmm-T27	tbmm-2020-07-01sit08spe0263par0212	The Turkish parliamentary corpus ParlaMint-TR-en, Term 27, Year 3, Session 106	2020-07-01	Unicameralism	27	3	106	-	-	COVID	English	Regular	MP	notMinister	CHP	Republican People's Party	Opposition	Centre-left	Özgür.Özel	Özel, Özgür	M	1974	
ParlaMint-TR-en_2020-07-01-tbmm-T27	tbmm-2020-07-01sit08spe0264par0213	The Turkish parliamentary corpus ParlaMint-TR-en, Term 27, Year 3, Session 106	2020-07-01	Unicameralism	27	3	106	-	-	COVID	English	Regular	MP	notMinister	AKP	Justice and Development Party	Coalition	Right	Recep.Özel1969	Özel, Recep	M	1969	
ParlaMint-TR-en_2020-07-01-tbmm-T27	tbmm-2020-07-01sit08spe0265par0214	The Turkish parliamentary corpus ParlaMint-TR-en, Term 27, Year 3, Session 106	2020-07-01	Unicameralism	27	3	106	-	-	COVID	English	Regular	MP	notMinister	CHP	Republican People's Party	Opposition	Centre-left	Burhanettin.Bulut	Bulut, Burhanettin	M	1970	
ParlaMint-TR-en_2020-07-01-tbmm-T27	tbmm-2020-07-01sit08spe0266par0220	The Turkish parliamentary corpus ParlaMint-TR-en, Term 27, Year 3, Session 106	2020-07-01	Unicameralism	27	3	106	-	-	COVID	English	Chairperson	MP	notMinister	HDP	Peoples' Democratic Party	Opposition	Centre-left to left	Nimetullah.Erdoğmuş	Erdoğmuş, Nimetullah	M	1960	
ParlaMint-TR-en_2020-07-01-tbmm-T27	tbmm-2020-07-01sit08spe0265par0221	The Turkish parliamentary corpus ParlaMint-TR-en, Term 27, Year 3, Session 106	2020-07-01	Unicameralism	27	3	106	-	-	COVID	English	Regular	MP	notMinister	CHP	Republican People's Party	Opposition	Centre-left	Burhanettin.Bulut	Bulut, Burhanettin	M	1970	
ParlaMint-TR-en_2020-07-01-tbmm-T27	tbmm-2020-07-01sit08spe0267par0225	The Turkish parliamentary corpus ParlaMint-TR-en, Term 27, Year 3, Session 106	2020-07-01	Unicameralism	27	3	106	-	-	COVID	English	Chairperson	MP	notMinister	HDP	Peoples' Democratic Party	Opposition	Centre-left to left	Nimetullah.Erdoğmuş	Erdoğmuş, Nimetullah	M	1960	
ParlaMint-TR-en_2020-07-01-tbmm-T27	tbmm-2020-07-01sit08spe0265par0226	The Turkish parliamentary corpus ParlaMint-TR-en, Term 27, Year 3, Session 106	2020-07-01	Unicameralism	27	3	106	-	-	COVID	English	Regular	MP	notMinister	CHP	Republican People's Party	Opposition	Centre-left	Burhanettin.Bulut	Bulut, Burhanettin	M	1970	
ParlaMint-TR-en_2020-07-01-tbmm-T27	tbmm-2020-07-01sit08spe0267par0229	The Turkish parliamentary corpus ParlaMint-TR-en, Term 27, Year 3, Session 106	2020-07-01	Unicameralism	27	3	106	-	-	COVID	English	Chairperson	MP	notMinister	HDP	Peoples' Democratic Party	Opposition	Centre-left to left	Nimetullah.Erdoğmuş	Erdoğmuş, Nimetullah	M	1960	
ParlaMint-TR-en_2020-07-01-tbmm-T27	tbmm-2020-07-01sit08spe0268par0238	The Turkish parliamentary corpus ParlaMint-TR-en, Term 27, Year 3, Session 106	2020-07-01	Unicameralism	27	3	106	-	-	COVID	English	Regular	MP	notMinister	AKP	Justice and Development Party	Coalition	Right	Belgin.Uygur	Uygur, Belgin	F	1977	
ParlaMint-TR-en_2020-07-01-tbmm-T27	tbmm-2020-07-01sit08spe0267par0239	The Turkish parliamentary corpus ParlaMint-TR-en, Term 27, Year 3, Session 106	2020-07-01	Unicameralism	27	3	106	-	-	COVID	English	Chairperson	MP	notMinister	HDP	Peoples' Democratic Party	Opposition	Centre-left to left	Nimetullah.Erdoğmuş	Erdoğmuş, Nimetullah	M	1960	
ParlaMint-TR-en_2020-07-01-tbmm-T27	tbmm-2020-07-01sit08spe0269par0242	The Turkish parliamentary corpus ParlaMint-TR-en, Term 27, Year 3, Session 106	2020-07-01	Unicameralism	27	3	106	-	-	COVID	English	Regular	MP	notMinister	HDP	Peoples' Democratic Party	Opposition	Centre-left to left	Dersim.Dağ	Dağ, Dersim	F	1996	
ParlaMint-TR-en_2020-07-01-tbmm-T27	tbmm-2020-07-01sit08spe0270par0252	The Turkish parliamentary corpus ParlaMint-TR-en, Term 27, Year 3, Session 106	2020-07-01	Unicameralism	27	3	106	-	-	COVID	English	Regular	MP	notMinister	AKP	Justice and Development Party	Coalition	Right	Cahit.Özkan	Özkan, Cahit	M	1976	
ParlaMint-TR-en_2020-07-01-tbmm-T27	tbmm-2020-07-01sit08spe0271par0253	The Turkish parliamentary corpus ParlaMint-TR-en, Term 27, Year 3, Session 106	2020-07-01	Unicameralism	27	3	106	-	-	COVID	English	Chairperson	MP	notMinister	HDP	Peoples' Democratic Party	Opposition	Centre-left to left	Nimetullah.Erdoğmuş	Erdoğmuş, Nimetullah	M	1960	
ParlaMint-TR-en_2020-07-01-tbmm-T27	tbmm-2020-07-01sit08spe0270par0256	The Turkish parliamentary corpus ParlaMint-TR-en, Term 27, Year 3, Session 106	2020-07-01	Unicameralism	27	3	106	-	-	COVID	English	Regular	MP	notMinister	AKP	Justice and Development Party	Coalition	Right	Cahit.Özkan	Özkan, Cahit	M	1976	
ParlaMint-TR-en_2020-07-01-tbmm-T27	tbmm-2020-07-01sit08spe0272par0261	The Turkish parliamentary corpus ParlaMint-TR-en, Term 27, Year 3, Session 106	2020-07-01	Unicameralism	27	3	106	-	-	COVID	English	Chairperson	MP	notMinister	HDP	Peoples' Democratic Party	Opposition	Centre-left to left	Nimetullah.Erdoğmuş	Erdoğmuş, Nimetullah	M	1960	
ParlaMint-TR-en_2020-07-01-tbmm-T27	tbmm-2020-07-01sit08spe0270par0262	The Turkish parliamentary corpus ParlaMint-TR-en, Term 27, Year 3, Session 106	2020-07-01	Unicameralism	27	3	106	-	-	COVID	English	Regular	MP	notMinister	AKP	Justice and Development Party	Coalition	Right	Cahit.Özkan	Özkan, Cahit	M	1976	
ParlaMint-TR-en_2020-07-01-tbmm-T27	tbmm-2020-07-01sit08spe0273par0264	The Turkish parliamentary corpus ParlaMint-TR-en, Term 27, Year 3, Session 106	2020-07-01	Unicameralism	27	3	106	-	-	COVID	English	Regular	MP	notMinister	HDP	Peoples' Democratic Party	Opposition	Centre-left to left	Meral.DanışBeştaş	Danış Beştaş, Meral	F	1967	
ParlaMint-TR-en_2020-07-01-tbmm-T27	tbmm-2020-07-01sit08spe0274par0265	The Turkish parliamentary corpus ParlaMint-TR-en, Term 27, Year 3, Session 106	2020-07-01	Unicameralism	27	3	106	-	-	COVID	English	Chairperson	MP	notMinister	HDP	Peoples' Democratic Party	Opposition	Centre-left to left	Nimetullah.Erdoğmuş	Erdoğmuş, Nimetullah	M	1960	
ParlaMint-TR-en_2020-07-01-tbmm-T27	tbmm-2020-07-01sit08spe0273par0267	The Turkish parliamentary corpus ParlaMint-TR-en, Term 27, Year 3, Session 106	2020-07-01	Unicameralism	27	3	106	-	-	COVID	English	Regular	MP	notMinister	HDP	Peoples' Democratic Party	Opposition	Centre-left to left	Meral.DanışBeştaş	Danış Beştaş, Meral	F	1967	
ParlaMint-TR-en_2020-07-01-tbmm-T27	tbmm-2020-07-01sit08spe0274par0270	The Turkish parliamentary corpus ParlaMint-TR-en, Term 27, Year 3, Session 106	2020-07-01	Unicameralism	27	3	106	-	-	COVID	English	Chairperson	MP	notMinister	HDP	Peoples' Democratic Party	Opposition	Centre-left to left	Nimetullah.Erdoğmuş	Erdoğmuş, Nimetullah	M	1960	
ParlaMint-TR-en_2020-07-01-tbmm-T27	tbmm-2020-07-01sit08spe0273par0271	The Turkish parliamentary corpus ParlaMint-TR-en, Term 27, Year 3, Session 106	2020-07-01	Unicameralism	27	3	106	-	-	COVID	English	Regular	MP	notMinister	HDP	Peoples' Democratic Party	Opposition	Centre-left to left	Meral.DanışBeştaş	Danış Beştaş, Meral	F	1967	
ParlaMint-TR-en_2020-07-01-tbmm-T27	tbmm-2020-07-01sit08spe0274par0273	The Turkish parliamentary corpus ParlaMint-TR-en, Term 27, Year 3, Session 106	2020-07-01	Unicameralism	27	3	106	-	-	COVID	English	Chairperson	MP	notMinister	HDP	Peoples' Democratic Party	Opposition	Centre-left to left	Nimetullah.Erdoğmuş	Erdoğmuş, Nimetullah	M	1960	
ParlaMint-TR-en_2020-07-01-tbmm-T27	tbmm-2020-07-01sit08spe0273par0274	The Turkish parliamentary corpus ParlaMint-TR-en, Term 27, Year 3, Session 106	2020-07-01	Unicameralism	27	3	106	-	-	COVID	English	Regular	MP	notMinister	HDP	Peoples' Democratic Party	Opposition	Centre-left to left	Meral.DanışBeştaş	Danış Beştaş, Meral	F	1967	
ParlaMint-TR-en_2020-07-01-tbmm-T27	tbmm-2020-07-01sit08spe0274par0277	The Turkish parliamentary corpus ParlaMint-TR-en, Term 27, Year 3, Session 106	2020-07-01	Unicameralism	27	3	106	-	-	COVID	English	Chairperson	MP	notMinister	HDP	Peoples' Democratic Party	Opposition	Centre-left to left	Nimetullah.Erdoğmuş	Erdoğmuş, Nimetullah	M	1960	
ParlaMint-TR-en_2020-07-01-tbmm-T27	tbmm-2020-07-01sit08spe0275par0279	The Turkish parliamentary corpus ParlaMint-TR-en, Term 27, Year 3, Session 106	2020-07-01	Unicameralism	27	3	106	-	-	COVID	English	Regular	MP	notMinister	AKP	Justice and Development Party	Coalition	Right	Cahit.Özkan	Özkan, Cahit	M	1976	
ParlaMint-TR-en_2020-07-01-tbmm-T27	tbmm-2020-07-01sit08spe0276par0280	The Turkish parliamentary corpus ParlaMint-TR-en, Term 27, Year 3, Session 106	2020-07-01	Unicameralism	27	3	106	-	-	COVID	English	Regular	MP	notMinister	HDP	Peoples' Democratic Party	Opposition	Centre-left to left	Hüda.Kaya	Kaya, Hüda	F	1960	
ParlaMint-TR-en_2020-07-01-tbmm-T27	tbmm-2020-07-01sit08spe0275par0281	The Turkish parliamentary corpus ParlaMint-TR-en, Term 27, Year 3, Session 106	2020-07-01	Unicameralism	27	3	106	-	-	COVID	English	Regular	MP	notMinister	AKP	Justice and Development Party	Coalition	Right	Cahit.Özkan	Özkan, Cahit	M	1976	
ParlaMint-TR-en_2020-07-01-tbmm-T27	tbmm-2020-07-01sit08spe0277par0282	The Turkish parliamentary corpus ParlaMint-TR-en, Term 27, Year 3, Session 106	2020-07-01	Unicameralism	27	3	106	-	-	COVID	English	Regular	MP	notMinister	HDP	Peoples' Democratic Party	Opposition	Centre-left to left	Mahmut.Toğrul	Toğrul, Mahmut	M	1967	
ParlaMint-TR-en_2020-07-01-tbmm-T27	tbmm-2020-07-01sit08spe0275par0283	The Turkish parliamentary corpus ParlaMint-TR-en, Term 27, Year 3, Session 106	2020-07-01	Unicameralism	27	3	106	-	-	COVID	English	Regular	MP	notMinister	AKP	Justice and Development Party	Coalition	Right	Cahit.Özkan	Özkan, Cahit	M	1976	
ParlaMint-TR-en_2020-07-01-tbmm-T27	tbmm-2020-07-01sit08spe0278par0286	The Turkish parliamentary corpus ParlaMint-TR-en, Term 27, Year 3, Session 106	2020-07-01	Unicameralism	27	3	106	-	-	COVID	English	Chairperson	MP	notMinister	HDP	Peoples' Democratic Party	Opposition	Centre-left to left	Nimetullah.Erdoğmuş	Erdoğmuş, Nimetullah	M	1960	
ParlaMint-TR-en_2020-07-01-tbmm-T27	tbmm-2020-07-01sit08spe0275par0287	The Turkish parliamentary corpus ParlaMint-TR-en, Term 27, Year 3, Session 106	2020-07-01	Unicameralism	27	3	106	-	-	COVID	English	Regular	MP	notMinister	AKP	Justice and Development Party	Coalition	Right	Cahit.Özkan	Özkan, Cahit	M	1976	
ParlaMint-TR-en_2020-07-01-tbmm-T27	tbmm-2020-07-01sit08spe0279par0288	The Turkish parliamentary corpus ParlaMint-TR-en, Term 27, Year 3, Session 106	2020-07-01	Unicameralism	27	3	106	-	-	COVID	English	Regular	MP	notMinister	HDP	Peoples' Democratic Party	Opposition	Centre-left to left	Mahmut.Toğrul	Toğrul, Mahmut	M	1967	
ParlaMint-TR-en_2020-07-01-tbmm-T27	tbmm-2020-07-01sit08spe0280par0289	The Turkish parliamentary corpus ParlaMint-TR-en, Term 27, Year 3, Session 106	2020-07-01	Unicameralism	27	3	106	-	-	COVID	English	Regular	MP	notMinister	HDP	Peoples' Democratic Party	Opposition	Centre-left to left	DirayetDilan.Taşdemir	Taşdemir, Dirayet Dilan	F	1982	
ParlaMint-TR-en_2020-07-01-tbmm-T27	tbmm-2020-07-01sit08spe0275par0290	The Turkish parliamentary corpus ParlaMint-TR-en, Term 27, Year 3, Session 106	2020-07-01	Unicameralism	27	3	106	-	-	COVID	English	Regular	MP	notMinister	AKP	Justice and Development Party	Coalition	Right	Cahit.Özkan	Özkan, Cahit	M	1976	
ParlaMint-TR-en_2020-07-01-tbmm-T27	tbmm-2020-07-01sit08spe0280par0291	The Turkish parliamentary corpus ParlaMint-TR-en, Term 27, Year 3, Session 106	2020-07-01	Unicameralism	27	3	106	-	-	COVID	English	Regular	MP	notMinister	HDP	Peoples' Democratic Party	Opposition	Centre-left to left	DirayetDilan.Taşdemir	Taşdemir, Dirayet Dilan	F	1982	
ParlaMint-TR-en_2020-07-01-tbmm-T27	tbmm-2020-07-01sit08spe0275par0292	The Turkish parliamentary corpus ParlaMint-TR-en, Term 27, Year 3, Session 106	2020-07-01	Unicameralism	27	3	106	-	-	COVID	English	Regular	MP	notMinister	AKP	Justice and Development Party	Coalition	Right	Cahit.Özkan	Özkan, Cahit	M	1976	
ParlaMint-TR-en_2020-07-01-tbmm-T27	tbmm-2020-07-01sit08spe0281par0293	The Turkish parliamentary corpus ParlaMint-TR-en, Term 27, Year 3, Session 106	2020-07-01	Unicameralism	27	3	106	-	-	COVID	English	Regular	MP	notMinister	HDP	Peoples' Democratic Party	Opposition	Centre-left to left	Mahmut.Toğrul	Toğrul, Mahmut	M	1967	
ParlaMint-TR-en_2020-07-01-tbmm-T27	tbmm-2020-07-01sit08spe0275par0294	The Turkish parliamentary corpus ParlaMint-TR-en, Term 27, Year 3, Session 106	2020-07-01	Unicameralism	27	3	106	-	-	COVID	English	Regular	MP	notMinister	AKP	Justice and Development Party	Coalition	Right	Cahit.Özkan	Özkan, Cahit	M	1976	
ParlaMint-TR-en_2020-07-01-tbmm-T27	tbmm-2020-07-01sit08spe0282par0296	The Turkish parliamentary corpus ParlaMint-TR-en, Term 27, Year 3, Session 106	2020-07-01	Unicameralism	27	3	106	-	-	COVID	English	Regular	MP	notMinister	HDP	Peoples' Democratic Party	Opposition	Centre-left to left	DirayetDilan.Taşdemir	Taşdemir, Dirayet Dilan	F	1982	
ParlaMint-TR-en_2020-07-01-tbmm-T27	tbmm-2020-07-01sit08spe0283par0297	The Turkish parliamentary corpus ParlaMint-TR-en, Term 27, Year 3, Session 106	2020-07-01	Unicameralism	27	3	106	-	-	COVID	English	Chairperson	MP	notMinister	HDP	Peoples' Democratic Party	Opposition	Centre-left to left	Nimetullah.Erdoğmuş	Erdoğmuş, Nimetullah	M	1960	
ParlaMint-TR-en_2020-07-01-tbmm-T27	tbmm-2020-07-01sit08spe0275par0298	The Turkish parliamentary corpus ParlaMint-TR-en, Term 27, Year 3, Session 106	2020-07-01	Unicameralism	27	3	106	-	-	COVID	English	Regular	MP	notMinister	AKP	Justice and Development Party	Coalition	Right	Cahit.Özkan	Özkan, Cahit	M	1976	
ParlaMint-TR-en_2020-07-01-tbmm-T27	tbmm-2020-07-01sit08spe0283par0300	The Turkish parliamentary corpus ParlaMint-TR-en, Term 27, Year 3, Session 106	2020-07-01	Unicameralism	27	3	106	-	-	COVID	English	Chairperson	MP	notMinister	HDP	Peoples' Democratic Party	Opposition	Centre-left to left	Nimetullah.Erdoğmuş	Erdoğmuş, Nimetullah	M	1960	
ParlaMint-TR-en_2020-07-01-tbmm-T27	tbmm-2020-07-01sit08spe0275par0301	The Turkish parliamentary corpus ParlaMint-TR-en, Term 27, Year 3, Session 106	2020-07-01	Unicameralism	27	3	106	-	-	COVID	English	Regular	MP	notMinister	AKP	Justice and Development Party	Coalition	Right	Cahit.Özkan	Özkan, Cahit	M	1976	
ParlaMint-TR-en_2020-07-01-tbmm-T27	tbmm-2020-07-01sit08spe0284par0302	The Turkish parliamentary corpus ParlaMint-TR-en, Term 27, Year 3, Session 106	2020-07-01	Unicameralism	27	3	106	-	-	COVID	English	Regular	MP	notMinister	HDP	Peoples' Democratic Party	Opposition	Centre-left to left	Ebrü.Günay	Günay, Ebrü	F	1982	
ParlaMint-TR-en_2020-07-01-tbmm-T27	tbmm-2020-07-01sit08spe0275par0303	The Turkish parliamentary corpus ParlaMint-TR-en, Term 27, Year 3, Session 106	2020-07-01	Unicameralism	27	3	106	-	-	COVID	English	Regular	MP	notMinister	AKP	Justice and Development Party	Coalition	Right	Cahit.Özkan	Özkan, Cahit	M	1976	
ParlaMint-TR-en_2020-07-01-tbmm-T27	tbmm-2020-07-01sit08spe0285par0305	The Turkish parliamentary corpus ParlaMint-TR-en, Term 27, Year 3, Session 106	2020-07-01	Unicameralism	27	3	106	-	-	COVID	English	Regular	MP	notMinister	HDP	Peoples' Democratic Party	Opposition	Centre-left to left	Meral.DanışBeştaş	Danış Beştaş, Meral	F	1967	
ParlaMint-TR-en_2020-07-01-tbmm-T27	tbmm-2020-07-01sit08spe0286par0306	The Turkish parliamentary corpus ParlaMint-TR-en, Term 27, Year 3, Session 106	2020-07-01	Unicameralism	27	3	106	-	-	COVID	English	Chairperson	MP	notMinister	HDP	Peoples' Democratic Party	Opposition	Centre-left to left	Nimetullah.Erdoğmuş	Erdoğmuş, Nimetullah	M	1960	
ParlaMint-TR-en_2020-07-01-tbmm-T27	tbmm-2020-07-01sit08spe0285par0308	The Turkish parliamentary corpus ParlaMint-TR-en, Term 27, Year 3, Session 106	2020-07-01	Unicameralism	27	3	106	-	-	COVID	English	Regular	MP	notMinister	HDP	Peoples' Democratic Party	Opposition	Centre-left to left	Meral.DanışBeştaş	Danış Beştaş, Meral	F	1967	
ParlaMint-TR-en_2020-07-01-tbmm-T27	tbmm-2020-07-01sit08spe0287par0310	The Turkish parliamentary corpus ParlaMint-TR-en, Term 27, Year 3, Session 106	2020-07-01	Unicameralism	27	3	106	-	-	COVID	English	Regular	MP	notMinister	AKP	Justice and Development Party	Coalition	Right	Cahit.Özkan	Özkan, Cahit	M	1976	
ParlaMint-TR-en_2020-07-01-tbmm-T27	tbmm-2020-07-01sit08spe0285par0311	The Turkish parliamentary corpus ParlaMint-TR-en, Term 27, Year 3, Session 106	2020-07-01	Unicameralism	27	3	106	-	-	COVID	English	Regular	MP	notMinister	HDP	Peoples' Democratic Party	Opposition	Centre-left to left	Meral.DanışBeştaş	Danış Beştaş, Meral	F	1967	
ParlaMint-TR-en_2020-07-01-tbmm-T27	tbmm-2020-07-01sit08spe0287par0312	The Turkish parliamentary corpus ParlaMint-TR-en, Term 27, Year 3, Session 106	2020-07-01	Unicameralism	27	3	106	-	-	COVID	English	Regular	MP	notMinister	AKP	Justice and Development Party	Coalition	Right	Cahit.Özkan	Özkan, Cahit	M	1976	
ParlaMint-TR-en_2020-07-01-tbmm-T27	tbmm-2020-07-01sit08spe0285par0313	The Turkish parliamentary corpus ParlaMint-TR-en, Term 27, Year 3, Session 106	2020-07-01	Unicameralism	27	3	106	-	-	COVID	English	Regular	MP	notMinister	HDP	Peoples' Democratic Party	Opposition	Centre-left to left	Meral.DanışBeştaş	Danış Beştaş, Meral	F	1967	
ParlaMint-TR-en_2020-07-01-tbmm-T27	tbmm-2020-07-01sit08spe0288par0317	The Turkish parliamentary corpus ParlaMint-TR-en, Term 27, Year 3, Session 106	2020-07-01	Unicameralism	27	3	106	-	-	COVID	English	Regular	MP	notMinister	AKP	Justice and Development Party	Coalition	Right	Recep.Özel1969	Özel, Recep	M	1969	
ParlaMint-TR-en_2020-07-01-tbmm-T27	tbmm-2020-07-01sit08spe0289par0318	The Turkish parliamentary corpus ParlaMint-TR-en, Term 27, Year 3, Session 106	2020-07-01	Unicameralism	27	3	106	-	-	COVID	English	Regular	MP	notMinister	HDP	Peoples' Democratic Party	Opposition	Centre-left to left	Mahmut.Toğrul	Toğrul, Mahmut	M	1967	
ParlaMint-TR-en_2020-07-01-tbmm-T27	tbmm-2020-07-01sit08spe0290par0319	The Turkish parliamentary corpus ParlaMint-TR-en, Term 27, Year 3, Session 106	2020-07-01	Unicameralism	27	3	106	-	-	COVID	English	Chairperson	MP	notMinister	HDP	Peoples' Democratic Party	Opposition	Centre-left to left	Nimetullah.Erdoğmuş	Erdoğmuş, Nimetullah	M	1960	
ParlaMint-TR-en_2020-07-01-tbmm-T27	tbmm-2020-07-01sit08spe0291par0320	The Turkish parliamentary corpus ParlaMint-TR-en, Term 27, Year 3, Session 106	2020-07-01	Unicameralism	27	3	106	-	-	COVID	English	Regular	MP	notMinister	HDP	Peoples' Democratic Party	Opposition	Centre-left to left	Meral.DanışBeştaş	Danış Beştaş, Meral	F	1967	
ParlaMint-TR-en_2020-07-01-tbmm-T27	tbmm-2020-07-01sit08spe0290par0323	The Turkish parliamentary corpus ParlaMint-TR-en, Term 27, Year 3, Session 106	2020-07-01	Unicameralism	27	3	106	-	-	COVID	English	Chairperson	MP	notMinister	HDP	Peoples' Democratic Party	Opposition	Centre-left to left	Nimetullah.Erdoğmuş	Erdoğmuş, Nimetullah	M	1960	
ParlaMint-TR-en_2020-07-01-tbmm-T27	tbmm-2020-07-01sit08spe0291par0324	The Turkish parliamentary corpus ParlaMint-TR-en, Term 27, Year 3, Session 106	2020-07-01	Unicameralism	27	3	106	-	-	COVID	English	Regular	MP	notMinister	HDP	Peoples' Democratic Party	Opposition	Centre-left to left	Meral.DanışBeştaş	Danış Beştaş, Meral	F	1967	
ParlaMint-TR-en_2020-07-01-tbmm-T27	tbmm-2020-07-01sit08spe0292par0325	The Turkish parliamentary corpus ParlaMint-TR-en, Term 27, Year 3, Session 106	2020-07-01	Unicameralism	27	3	106	-	-	COVID	English	Regular	MP	notMinister	AKP	Justice and Development Party	Coalition	Right	Recep.Özel1969	Özel, Recep	M	1969	
ParlaMint-TR-en_2020-07-01-tbmm-T27	tbmm-2020-07-01sit08spe0291par0326	The Turkish parliamentary corpus ParlaMint-TR-en, Term 27, Year 3, Session 106	2020-07-01	Unicameralism	27	3	106	-	-	COVID	English	Regular	MP	notMinister	HDP	Peoples' Democratic Party	Opposition	Centre-left to left	Meral.DanışBeştaş	Danış Beştaş, Meral	F	1967	
ParlaMint-TR-en_2020-07-01-tbmm-T27	tbmm-2020-07-01sit08spe0293par0328	The Turkish parliamentary corpus ParlaMint-TR-en, Term 27, Year 3, Session 106	2020-07-01	Unicameralism	27	3	106	-	-	COVID	English	Chairperson	MP	notMinister	HDP	Peoples' Democratic Party	Opposition	Centre-left to left	Nimetullah.Erdoğmuş	Erdoğmuş, Nimetullah	M	1960	
ParlaMint-TR-en_2020-07-01-tbmm-T27	tbmm-2020-07-01sit08spe0294par0330	The Turkish parliamentary corpus ParlaMint-TR-en, Term 27, Year 3, Session 106	2020-07-01	Unicameralism	27	3	106	-	-	COVID	English	Regular	MP	notMinister	AKP	Justice and Development Party	Coalition	Right	Cahit.Özkan	Özkan, Cahit	M	1976	
ParlaMint-TR-en_2020-07-01-tbmm-T27	tbmm-2020-07-01sit08spe0291par0331	The Turkish parliamentary corpus ParlaMint-TR-en, Term 27, Year 3, Session 106	2020-07-01	Unicameralism	27	3	106	-	-	COVID	English	Regular	MP	notMinister	HDP	Peoples' Democratic Party	Opposition	Centre-left to left	Meral.DanışBeştaş	Danış Beştaş, Meral	F	1967	
ParlaMint-TR-en_2020-07-01-tbmm-T27	tbmm-2020-07-01sit08spe0294par0332	The Turkish parliamentary corpus ParlaMint-TR-en, Term 27, Year 3, Session 106	2020-07-01	Unicameralism	27	3	106	-	-	COVID	English	Regular	MP	notMinister	AKP	Justice and Development Party	Coalition	Right	Cahit.Özkan	Özkan, Cahit	M	1976	
ParlaMint-TR-en_2020-07-01-tbmm-T27	tbmm-2020-07-01sit08spe0295par0335	The Turkish parliamentary corpus ParlaMint-TR-en, Term 27, Year 3, Session 106	2020-07-01	Unicameralism	27	3	106	-	-	COVID	English	Chairperson	MP	notMinister	HDP	Peoples' Democratic Party	Opposition	Centre-left to left	Nimetullah.Erdoğmuş	Erdoğmuş, Nimetullah	M	1960	
ParlaMint-TR-en_2020-07-01-tbmm-T27	tbmm-2020-07-01sit08spe0294par0336	The Turkish parliamentary corpus ParlaMint-TR-en, Term 27, Year 3, Session 106	2020-07-01	Unicameralism	27	3	106	-	-	COVID	English	Regular	MP	notMinister	AKP	Justice and Development Party	Coalition	Right	Cahit.Özkan	Özkan, Cahit	M	1976	
ParlaMint-TR-en_2020-07-01-tbmm-T27	tbmm-2020-07-01sit08spe0296par0338	The Turkish parliamentary corpus ParlaMint-TR-en, Term 27, Year 3, Session 106	2020-07-01	Unicameralism	27	3	106	-	-	COVID	English	Regular	MP	notMinister	HDP	Peoples' Democratic Party	Opposition	Centre-left to left	Ebrü.Günay	Günay, Ebrü	F	1982	
ParlaMint-TR-en_2020-07-01-tbmm-T27	tbmm-2020-07-01sit08spe0297par0339	The Turkish parliamentary corpus ParlaMint-TR-en, Term 27, Year 3, Session 106	2020-07-01	Unicameralism	27	3	106	-	-	COVID	English	Regular	MP	notMinister	HDP	Peoples' Democratic Party	Opposition	Centre-left to left	DirayetDilan.Taşdemir	Taşdemir, Dirayet Dilan	F	1982	
ParlaMint-TR-en_2020-07-01-tbmm-T27	tbmm-2020-07-01sit08spe0298par0340	The Turkish parliamentary corpus ParlaMint-TR-en, Term 27, Year 3, Session 106	2020-07-01	Unicameralism	27	3	106	-	-	COVID	English	Chairperson	MP	notMinister	HDP	Peoples' Democratic Party	Opposition	Centre-left to left	Nimetullah.Erdoğmuş	Erdoğmuş, Nimetullah	M	1960	
ParlaMint-TR-en_2020-07-01-tbmm-T27	tbmm-2020-07-01sit08spe0299par0341	The Turkish parliamentary corpus ParlaMint-TR-en, Term 27, Year 3, Session 106	2020-07-01	Unicameralism	27	3	106	-	-	COVID	English	Regular	MP	notMinister	AKP	Justice and Development Party	Coalition	Right	Cahit.Özkan	Özkan, Cahit	M	1976	
ParlaMint-TR-en_2020-07-01-tbmm-T27	tbmm-2020-07-01sit08spe0297par0342	The Turkish parliamentary corpus ParlaMint-TR-en, Term 27, Year 3, Session 106	2020-07-01	Unicameralism	27	3	106	-	-	COVID	English	Regular	MP	notMinister	HDP	Peoples' Democratic Party	Opposition	Centre-left to left	DirayetDilan.Taşdemir	Taşdemir, Dirayet Dilan	F	1982	
ParlaMint-TR-en_2020-07-01-tbmm-T27	tbmm-2020-07-01sit08spe0299par0343	The Turkish parliamentary corpus ParlaMint-TR-en, Term 27, Year 3, Session 106	2020-07-01	Unicameralism	27	3	106	-	-	COVID	English	Regular	MP	notMinister	AKP	Justice and Development Party	Coalition	Right	Cahit.Özkan	Özkan, Cahit	M	1976	
ParlaMint-TR-en_2020-07-01-tbmm-T27	tbmm-2020-07-01sit08spe0300par0345	The Turkish parliamentary corpus ParlaMint-TR-en, Term 27, Year 3, Session 106	2020-07-01	Unicameralism	27	3	106	-	-	COVID	English	Chairperson	MP	notMinister	HDP	Peoples' Democratic Party	Opposition	Centre-left to left	Nimetullah.Erdoğmuş	Erdoğmuş, Nimetullah	M	1960	
ParlaMint-TR-en_2020-07-01-tbmm-T27	tbmm-2020-07-01sit08spe0299par0346	The Turkish parliamentary corpus ParlaMint-TR-en, Term 27, Year 3, Session 106	2020-07-01	Unicameralism	27	3	106	-	-	COVID	English	Regular	MP	notMinister	AKP	Justice and Development Party	Coalition	Right	Cahit.Özkan	Özkan, Cahit	M	1976	
ParlaMint-TR-en_2020-07-01-tbmm-T27	tbmm-2020-07-01sit08spe0300par0348	The Turkish parliamentary corpus ParlaMint-TR-en, Term 27, Year 3, Session 106	2020-07-01	Unicameralism	27	3	106	-	-	COVID	English	Chairperson	MP	notMinister	HDP	Peoples' Democratic Party	Opposition	Centre-left to left	Nimetullah.Erdoğmuş	Erdoğmuş, Nimetullah	M	1960	
ParlaMint-TR-en_2020-07-01-tbmm-T27	tbmm-2020-07-01sit08spe0299par0349	The Turkish parliamentary corpus ParlaMint-TR-en, Term 27, Year 3, Session 106	2020-07-01	Unicameralism	27	3	106	-	-	COVID	English	Regular	MP	notMinister	AKP	Justice and Development Party	Coalition	Right	Cahit.Özkan	Özkan, Cahit	M	1976	
ParlaMint-TR-en_2020-07-01-tbmm-T27	tbmm-2020-07-01sit08spe0301par0351	The Turkish parliamentary corpus ParlaMint-TR-en, Term 27, Year 3, Session 106	2020-07-01	Unicameralism	27	3	106	-	-	COVID	English	Regular	MP	notMinister	HDP	Peoples' Democratic Party	Opposition	Centre-left to left	Mahmut.Toğrul	Toğrul, Mahmut	M	1967	
ParlaMint-TR-en_2020-07-01-tbmm-T27	tbmm-2020-07-01sit08spe0299par0352	The Turkish parliamentary corpus ParlaMint-TR-en, Term 27, Year 3, Session 106	2020-07-01	Unicameralism	27	3	106	-	-	COVID	English	Regular	MP	notMinister	AKP	Justice and Development Party	Coalition	Right	Cahit.Özkan	Özkan, Cahit	M	1976	
ParlaMint-TR-en_2020-07-01-tbmm-T27	tbmm-2020-07-01sit08spe0301par0353	The Turkish parliamentary corpus ParlaMint-TR-en, Term 27, Year 3, Session 106	2020-07-01	Unicameralism	27	3	106	-	-	COVID	English	Regular	MP	notMinister	HDP	Peoples' Democratic Party	Opposition	Centre-left to left	Mahmut.Toğrul	Toğrul, Mahmut	M	1967	
ParlaMint-TR-en_2020-07-01-tbmm-T27	tbmm-2020-07-01sit08spe0302par0354	The Turkish parliamentary corpus ParlaMint-TR-en, Term 27, Year 3, Session 106	2020-07-01	Unicameralism	27	3	106	-	-	COVID	English	Chairperson	MP	notMinister	HDP	Peoples' Democratic Party	Opposition	Centre-left to left	Nimetullah.Erdoğmuş	Erdoğmuş, Nimetullah	M	1960	
ParlaMint-TR-en_2020-07-01-tbmm-T27	tbmm-2020-07-01sit08spe0303par0356	The Turkish parliamentary corpus ParlaMint-TR-en, Term 27, Year 3, Session 106	2020-07-01	Unicameralism	27	3	106	-	-	COVID	English	Regular	MP	notMinister	HDP	Peoples' Democratic Party	Opposition	Centre-left to left	Meral.DanışBeştaş	Danış Beştaş, Meral	F	1967	
ParlaMint-TR-en_2020-07-01-tbmm-T27	tbmm-2020-07-01sit08spe0304par0357	The Turkish parliamentary corpus ParlaMint-TR-en, Term 27, Year 3, Session 106	2020-07-01	Unicameralism	27	3	106	-	-	COVID	English	Regular	MP	notMinister	AKP	Justice and Development Party	Coalition	Right	Cahit.Özkan	Özkan, Cahit	M	1976	
ParlaMint-TR-en_2020-07-01-tbmm-T27	tbmm-2020-07-01sit08spe0305par0358	The Turkish parliamentary corpus ParlaMint-TR-en, Term 27, Year 3, Session 106	2020-07-01	Unicameralism	27	3	106	-	-	COVID	English	Regular	MP	notMinister	IYI	İYİ Party	Opposition	Centre-right	Fahrettin.Yokuş	Yokuş, Fahrettin	M	1958	
ParlaMint-TR-en_2020-07-01-tbmm-T27	tbmm-2020-07-01sit08spe0303par0359	The Turkish parliamentary corpus ParlaMint-TR-en, Term 27, Year 3, Session 106	2020-07-01	Unicameralism	27	3	106	-	-	COVID	English	Regular	MP	notMinister	HDP	Peoples' Democratic Party	Opposition	Centre-left to left	Meral.DanışBeştaş	Danış Beştaş, Meral	F	1967	
ParlaMint-TR-en_2020-07-01-tbmm-T27	tbmm-2020-07-01sit08spe0305par0360	The Turkish parliamentary corpus ParlaMint-TR-en, Term 27, Year 3, Session 106	2020-07-01	Unicameralism	27	3	106	-	-	COVID	English	Regular	MP	notMinister	IYI	İYİ Party	Opposition	Centre-right	Fahrettin.Yokuş	Yokuş, Fahrettin	M	1958	
ParlaMint-TR-en_2020-07-01-tbmm-T27	tbmm-2020-07-01sit08spe0303par0361	The Turkish parliamentary corpus ParlaMint-TR-en, Term 27, Year 3, Session 106	2020-07-01	Unicameralism	27	3	106	-	-	COVID	English	Regular	MP	notMinister	HDP	Peoples' Democratic Party	Opposition	Centre-left to left	Meral.DanışBeştaş	Danış Beştaş, Meral	F	1967	
ParlaMint-TR-en_2020-07-01-tbmm-T27	tbmm-2020-07-01sit08spe0306par0364	The Turkish parliamentary corpus ParlaMint-TR-en, Term 27, Year 3, Session 106	2020-07-01	Unicameralism	27	3	106	-	-	COVID	English	Chairperson	MP	notMinister	HDP	Peoples' Democratic Party	Opposition	Centre-left to left	Nimetullah.Erdoğmuş	Erdoğmuş, Nimetullah	M	1960	
ParlaMint-TR-en_2020-07-01-tbmm-T27	tbmm-2020-07-01sit08spe0303par0365	The Turkish parliamentary corpus ParlaMint-TR-en, Term 27, Year 3, Session 106	2020-07-01	Unicameralism	27	3	106	-	-	COVID	English	Regular	MP	notMinister	HDP	Peoples' Democratic Party	Opposition	Centre-left to left	Meral.DanışBeştaş	Danış Beştaş, Meral	F	1967	
ParlaMint-TR-en_2020-07-01-tbmm-T27	tbmm-2020-07-01sit08spe0307par0367	The Turkish parliamentary corpus ParlaMint-TR-en, Term 27, Year 3, Session 106	2020-07-01	Unicameralism	27	3	106	-	-	COVID	English	Regular	MP	notMinister	AKP	Justice and Development Party	Coalition	Right	Oya.Eronat	Eronat, Oya	F	1962	
ParlaMint-TR-en_2020-07-01-tbmm-T27	tbmm-2020-07-01sit08spe0303par0368	The Turkish parliamentary corpus ParlaMint-TR-en, Term 27, Year 3, Session 106	2020-07-01	Unicameralism	27	3	106	-	-	COVID	English	Regular	MP	notMinister	HDP	Peoples' Democratic Party	Opposition	Centre-left to left	Meral.DanışBeştaş	Danış Beştaş, Meral	F	1967	
ParlaMint-TR-en_2020-07-01-tbmm-T27	tbmm-2020-07-01sit08spe0307par0370	The Turkish parliamentary corpus ParlaMint-TR-en, Term 27, Year 3, Session 106	2020-07-01	Unicameralism	27	3	106	-	-	COVID	English	Regular	MP	notMinister	AKP	Justice and Development Party	Coalition	Right	Oya.Eronat	Eronat, Oya	F	1962	
ParlaMint-TR-en_2020-07-01-tbmm-T27	tbmm-2020-07-01sit08spe0303par0371	The Turkish parliamentary corpus ParlaMint-TR-en, Term 27, Year 3, Session 106	2020-07-01	Unicameralism	27	3	106	-	-	COVID	English	Regular	MP	notMinister	HDP	Peoples' Democratic Party	Opposition	Centre-left to left	Meral.DanışBeştaş	Danış Beştaş, Meral	F	1967	
ParlaMint-TR-en_2020-07-01-tbmm-T27	tbmm-2020-07-01sit08spe0307par0372	The Turkish parliamentary corpus ParlaMint-TR-en, Term 27, Year 3, Session 106	2020-07-01	Unicameralism	27	3	106	-	-	COVID	English	Regular	MP	notMinister	AKP	Justice and Development Party	Coalition	Right	Oya.Eronat	Eronat, Oya	F	1962	
ParlaMint-TR-en_2020-07-01-tbmm-T27	tbmm-2020-07-01sit08spe0303par0373	The Turkish parliamentary corpus ParlaMint-TR-en, Term 27, Year 3, Session 106	2020-07-01	Unicameralism	27	3	106	-	-	COVID	English	Regular	MP	notMinister	HDP	Peoples' Democratic Party	Opposition	Centre-left to left	Meral.DanışBeştaş	Danış Beştaş, Meral	F	1967	
ParlaMint-TR-en_2020-07-01-tbmm-T27	tbmm-2020-07-01sit08spe0307par0374	The Turkish parliamentary corpus ParlaMint-TR-en, Term 27, Year 3, Session 106	2020-07-01	Unicameralism	27	3	106	-	-	COVID	English	Regular	MP	notMinister	AKP	Justice and Development Party	Coalition	Right	Oya.Eronat	Eronat, Oya	F	1962	
ParlaMint-TR-en_2020-07-01-tbmm-T27	tbmm-2020-07-01sit08spe0303par0375	The Turkish parliamentary corpus ParlaMint-TR-en, Term 27, Year 3, Session 106	2020-07-01	Unicameralism	27	3	106	-	-	COVID	English	Regular	MP	notMinister	HDP	Peoples' Democratic Party	Opposition	Centre-left to left	Meral.DanışBeştaş	Danış Beştaş, Meral	F	1967	
ParlaMint-TR-en_2020-07-01-tbmm-T27	tbmm-2020-07-01sit08spe0307par0376	The Turkish parliamentary corpus ParlaMint-TR-en, Term 27, Year 3, Session 106	2020-07-01	Unicameralism	27	3	106	-	-	COVID	English	Regular	MP	notMinister	AKP	Justice and Development Party	Coalition	Right	Oya.Eronat	Eronat, Oya	F	1962	
ParlaMint-TR-en_2020-07-01-tbmm-T27	tbmm-2020-07-01sit08spe0303par0377	The Turkish parliamentary corpus ParlaMint-TR-en, Term 27, Year 3, Session 106	2020-07-01	Unicameralism	27	3	106	-	-	COVID	English	Regular	MP	notMinister	HDP	Peoples' Democratic Party	Opposition	Centre-left to left	Meral.DanışBeştaş	Danış Beştaş, Meral	F	1967	
ParlaMint-TR-en_2020-07-01-tbmm-T27	tbmm-2020-07-01sit08spe0307par0378	The Turkish parliamentary corpus ParlaMint-TR-en, Term 27, Year 3, Session 106	2020-07-01	Unicameralism	27	3	106	-	-	COVID	English	Regular	MP	notMinister	AKP	Justice and Development Party	Coalition	Right	Oya.Eronat	Eronat, Oya	F	1962	
ParlaMint-TR-en_2020-07-01-tbmm-T27	tbmm-2020-07-01sit08spe0303par0379	The Turkish parliamentary corpus ParlaMint-TR-en, Term 27, Year 3, Session 106	2020-07-01	Unicameralism	27	3	106	-	-	COVID	English	Regular	MP	notMinister	HDP	Peoples' Democratic Party	Opposition	Centre-left to left	Meral.DanışBeştaş	Danış Beştaş, Meral	F	1967	
ParlaMint-TR-en_2020-07-01-tbmm-T27	tbmm-2020-07-01sit08spe0307par0380	The Turkish parliamentary corpus ParlaMint-TR-en, Term 27, Year 3, Session 106	2020-07-01	Unicameralism	27	3	106	-	-	COVID	English	Regular	MP	notMinister	AKP	Justice and Development Party	Coalition	Right	Oya.Eronat	Eronat, Oya	F	1962	
ParlaMint-TR-en_2020-07-01-tbmm-T27	tbmm-2020-07-01sit08spe0303par0381	The Turkish parliamentary corpus ParlaMint-TR-en, Term 27, Year 3, Session 106	2020-07-01	Unicameralism	27	3	106	-	-	COVID	English	Regular	MP	notMinister	HDP	Peoples' Democratic Party	Opposition	Centre-left to left	Meral.DanışBeştaş	Danış Beştaş, Meral	F	1967	
ParlaMint-TR-en_2020-07-01-tbmm-T27	tbmm-2020-07-01sit08spe0308par0383	The Turkish parliamentary corpus ParlaMint-TR-en, Term 27, Year 3, Session 106	2020-07-01	Unicameralism	27	3	106	-	-	COVID	English	Chairperson	MP	notMinister	HDP	Peoples' Democratic Party	Opposition	Centre-left to left	Nimetullah.Erdoğmuş	Erdoğmuş, Nimetullah	M	1960	
ParlaMint-TR-en_2020-07-01-tbmm-T27	tbmm-2020-07-01sit08spe0303par0385	The Turkish parliamentary corpus ParlaMint-TR-en, Term 27, Year 3, Session 106	2020-07-01	Unicameralism	27	3	106	-	-	COVID	English	Regular	MP	notMinister	HDP	Peoples' Democratic Party	Opposition	Centre-left to left	Meral.DanışBeştaş	Danış Beştaş, Meral	F	1967	
ParlaMint-TR-en_2020-07-01-tbmm-T27	tbmm-2020-07-01sit08spe0309par0386	The Turkish parliamentary corpus ParlaMint-TR-en, Term 27, Year 3, Session 106	2020-07-01	Unicameralism	27	3	106	-	-	COVID	English	Regular	MP	notMinister	AKP	Justice and Development Party	Coalition	Right	Oya.Eronat	Eronat, Oya	F	1962	
ParlaMint-TR-en_2020-07-01-tbmm-T27	tbmm-2020-07-01sit08spe0303par0387	The Turkish parliamentary corpus ParlaMint-TR-en, Term 27, Year 3, Session 106	2020-07-01	Unicameralism	27	3	106	-	-	COVID	English	Regular	MP	notMinister	HDP	Peoples' Democratic Party	Opposition	Centre-left to left	Meral.DanışBeştaş	Danış Beştaş, Meral	F	1967	
ParlaMint-TR-en_2020-07-01-tbmm-T27	tbmm-2020-07-01sit08spe0310par0390	The Turkish parliamentary corpus ParlaMint-TR-en, Term 27, Year 3, Session 106	2020-07-01	Unicameralism	27	3	106	-	-	COVID	English	Chairperson	MP	notMinister	HDP	Peoples' Democratic Party	Opposition	Centre-left to left	Nimetullah.Erdoğmuş	Erdoğmuş, Nimetullah	M	1960	
ParlaMint-TR-en_2020-07-01-tbmm-T27	tbmm-2020-07-01sit09spe0310par0001	The Turkish parliamentary corpus ParlaMint-TR-en, Term 27, Year 3, Session 106	2020-07-01	Unicameralism	27	3	106	-	-	COVID	English	Chairperson	MP	notMinister	HDP	Peoples' Democratic Party	Opposition	Centre-left to left	Nimetullah.Erdoğmuş	Erdoğmuş, Nimetullah	M	1960	
ParlaMint-TR-en_2020-07-01-tbmm-T27	tbmm-2020-07-01sit09spe0311par0011	The Turkish parliamentary corpus ParlaMint-TR-en, Term 27, Year 3, Session 106	2020-07-01	Unicameralism	27	3	106	-	-	COVID	English	Regular	MP	notMinister	CHP	Republican People's Party	Opposition	Centre-left	Özgür.Özel	Özel, Özgür	M	1974	
ParlaMint-TR-en_2020-07-01-tbmm-T27	tbmm-2020-07-01sit09spe0310par0012	The Turkish parliamentary corpus ParlaMint-TR-en, Term 27, Year 3, Session 106	2020-07-01	Unicameralism	27	3	106	-	-	COVID	English	Chairperson	MP	notMinister	HDP	Peoples' Democratic Party	Opposition	Centre-left to left	Nimetullah.Erdoğmuş	Erdoğmuş, Nimetullah	M	1960	
ParlaMint-TR-en_2020-07-01-tbmm-T27	tbmm-2020-07-01sit09spe0312par0029	The Turkish parliamentary corpus ParlaMint-TR-en, Term 27, Year 3, Session 106	2020-07-01	Unicameralism	27	3	106	-	-	COVID	English	Regular	MP	notMinister	AKP	Justice and Development Party	Coalition	Right	Yılmaz.Tunç	Tunç, Yılmaz	M	1971	
ParlaMint-TR-en_2020-07-01-tbmm-T27	tbmm-2020-07-01sit09spe0310par0030	The Turkish parliamentary corpus ParlaMint-TR-en, Term 27, Year 3, Session 106	2020-07-01	Unicameralism	27	3	106	-	-	COVID	English	Chairperson	MP	notMinister	HDP	Peoples' Democratic Party	Opposition	Centre-left to left	Nimetullah.Erdoğmuş	Erdoğmuş, Nimetullah	M	1960	
ParlaMint-TR-en_2020-07-01-tbmm-T27	tbmm-2020-07-01sit09spe0313par0033	The Turkish parliamentary corpus ParlaMint-TR-en, Term 27, Year 3, Session 106	2020-07-01	Unicameralism	27	3	106	-	-	COVID	English	Regular	MP	notMinister	IYI	İYİ Party	Opposition	Centre-right	Fahrettin.Yokuş	Yokuş, Fahrettin	M	1958	
ParlaMint-TR-en_2020-07-01-tbmm-T27	tbmm-2020-07-01sit09spe0314par0038	The Turkish parliamentary corpus ParlaMint-TR-en, Term 27, Year 3, Session 106	2020-07-01	Unicameralism	27	3	106	-	-	COVID	English	Chairperson	MP	notMinister	HDP	Peoples' Democratic Party	Opposition	Centre-left to left	Nimetullah.Erdoğmuş	Erdoğmuş, Nimetullah	M	1960	
ParlaMint-TR-en_2020-07-01-tbmm-T27	tbmm-2020-07-01sit09spe0315par0039	The Turkish parliamentary corpus ParlaMint-TR-en, Term 27, Year 3, Session 106	2020-07-01	Unicameralism	27	3	106	-	-	COVID	English	Regular	MP	notMinister	AKP	Justice and Development Party	Coalition	Right	Salih.Cora	Cora, Salih	M	1981	
ParlaMint-TR-en_2020-07-01-tbmm-T27	tbmm-2020-07-01sit09spe0313par0040	The Turkish parliamentary corpus ParlaMint-TR-en, Term 27, Year 3, Session 106	2020-07-01	Unicameralism	27	3	106	-	-	COVID	English	Regular	MP	notMinister	IYI	İYİ Party	Opposition	Centre-right	Fahrettin.Yokuş	Yokuş, Fahrettin	M	1958	
ParlaMint-TR-en_2020-07-01-tbmm-T27	tbmm-2020-07-01sit09spe0314par0042	The Turkish parliamentary corpus ParlaMint-TR-en, Term 27, Year 3, Session 106	2020-07-01	Unicameralism	27	3	106	-	-	COVID	English	Chairperson	MP	notMinister	HDP	Peoples' Democratic Party	Opposition	Centre-left to left	Nimetullah.Erdoğmuş	Erdoğmuş, Nimetullah	M	1960	
ParlaMint-TR-en_2020-07-01-tbmm-T27	tbmm-2020-07-01sit09spe0313par0043	The Turkish parliamentary corpus ParlaMint-TR-en, Term 27, Year 3, Session 106	2020-07-01	Unicameralism	27	3	106	-	-	COVID	English	Regular	MP	notMinister	IYI	İYİ Party	Opposition	Centre-right	Fahrettin.Yokuş	Yokuş, Fahrettin	M	1958	
ParlaMint-TR-en_2020-07-01-tbmm-T27	tbmm-2020-07-01sit09spe0316par0046	The Turkish parliamentary corpus ParlaMint-TR-en, Term 27, Year 3, Session 106	2020-07-01	Unicameralism	27	3	106	-	-	COVID	English	Regular	MP	notMinister	AKP	Justice and Development Party	Coalition	Right	HacıAhmet.Özdemir	Özdemir, Hacı Ahmet	M	1961	
ParlaMint-TR-en_2020-07-01-tbmm-T27	tbmm-2020-07-01sit09spe0317par0047	The Turkish parliamentary corpus ParlaMint-TR-en, Term 27, Year 3, Session 106	2020-07-01	Unicameralism	27	3	106	-	-	COVID	English	Chairperson	MP	notMinister	HDP	Peoples' Democratic Party	Opposition	Centre-left to left	Nimetullah.Erdoğmuş	Erdoğmuş, Nimetullah	M	1960	
ParlaMint-TR-en_2020-07-01-tbmm-T27	tbmm-2020-07-01sit09spe0316par0048	The Turkish parliamentary corpus ParlaMint-TR-en, Term 27, Year 3, Session 106	2020-07-01	Unicameralism	27	3	106	-	-	COVID	English	Regular	MP	notMinister	AKP	Justice and Development Party	Coalition	Right	HacıAhmet.Özdemir	Özdemir, Hacı Ahmet	M	1961	
ParlaMint-TR-en_2020-07-01-tbmm-T27	tbmm-2020-07-01sit09spe0317par0049	The Turkish parliamentary corpus ParlaMint-TR-en, Term 27, Year 3, Session 106	2020-07-01	Unicameralism	27	3	106	-	-	COVID	English	Chairperson	MP	notMinister	HDP	Peoples' Democratic Party	Opposition	Centre-left to left	Nimetullah.Erdoğmuş	Erdoğmuş, Nimetullah	M	1960	
ParlaMint-TR-en_2020-07-01-tbmm-T27	tbmm-2020-07-01sit09spe0316par0052	The Turkish parliamentary corpus ParlaMint-TR-en, Term 27, Year 3, Session 106	2020-07-01	Unicameralism	27	3	106	-	-	COVID	English	Regular	MP	notMinister	AKP	Justice and Development Party	Coalition	Right	HacıAhmet.Özdemir	Özdemir, Hacı Ahmet	M	1961	
ParlaMint-TR-en_2020-07-01-tbmm-T27	tbmm-2020-07-01sit09spe0318par0054	The Turkish parliamentary corpus ParlaMint-TR-en, Term 27, Year 3, Session 106	2020-07-01	Unicameralism	27	3	106	-	-	COVID	English	Regular	MP	notMinister	IYI	İYİ Party	Opposition	Centre-right	Fahrettin.Yokuş	Yokuş, Fahrettin	M	1958	
ParlaMint-TR-en_2020-07-01-tbmm-T27	tbmm-2020-07-01sit09spe0316par0055	The Turkish parliamentary corpus ParlaMint-TR-en, Term 27, Year 3, Session 106	2020-07-01	Unicameralism	27	3	106	-	-	COVID	English	Regular	MP	notMinister	AKP	Justice and Development Party	Coalition	Right	HacıAhmet.Özdemir	Özdemir, Hacı Ahmet	M	1961	
ParlaMint-TR-en_2020-07-01-tbmm-T27	tbmm-2020-07-01sit09spe0318par0056	The Turkish parliamentary corpus ParlaMint-TR-en, Term 27, Year 3, Session 106	2020-07-01	Unicameralism	27	3	106	-	-	COVID	English	Regular	MP	notMinister	IYI	İYİ Party	Opposition	Centre-right	Fahrettin.Yokuş	Yokuş, Fahrettin	M	1958	
ParlaMint-TR-en_2020-07-01-tbmm-T27	tbmm-2020-07-01sit09spe0316par0057	The Turkish parliamentary corpus ParlaMint-TR-en, Term 27, Year 3, Session 106	2020-07-01	Unicameralism	27	3	106	-	-	COVID	English	Regular	MP	notMinister	AKP	Justice and Development Party	Coalition	Right	HacıAhmet.Özdemir	Özdemir, Hacı Ahmet	M	1961	
ParlaMint-TR-en_2020-07-01-tbmm-T27	tbmm-2020-07-01sit09spe0319par0059	The Turkish parliamentary corpus ParlaMint-TR-en, Term 27, Year 3, Session 106	2020-07-01	Unicameralism	27	3	106	-	-	COVID	English	Regular	MP	notMinister	AKP	Justice and Development Party	Coalition	Right	AhmetHamdi.Çamlı	Çamlı, Ahmet Hamdi	M	1965	
ParlaMint-TR-en_2020-07-01-tbmm-T27	tbmm-2020-07-01sit09spe0320par0061	The Turkish parliamentary corpus ParlaMint-TR-en, Term 27, Year 3, Session 106	2020-07-01	Unicameralism	27	3	106	-	-	COVID	English	Chairperson	MP	notMinister	HDP	Peoples' Democratic Party	Opposition	Centre-left to left	Nimetullah.Erdoğmuş	Erdoğmuş, Nimetullah	M	1960	
ParlaMint-TR-en_2020-07-01-tbmm-T27	tbmm-2020-07-01sit09spe0316par0062	The Turkish parliamentary corpus ParlaMint-TR-en, Term 27, Year 3, Session 106	2020-07-01	Unicameralism	27	3	106	-	-	COVID	English	Regular	MP	notMinister	AKP	Justice and Development Party	Coalition	Right	HacıAhmet.Özdemir	Özdemir, Hacı Ahmet	M	1961	
ParlaMint-TR-en_2020-07-01-tbmm-T27	tbmm-2020-07-01sit09spe0320par0065	The Turkish parliamentary corpus ParlaMint-TR-en, Term 27, Year 3, Session 106	2020-07-01	Unicameralism	27	3	106	-	-	COVID	English	Chairperson	MP	notMinister	HDP	Peoples' Democratic Party	Opposition	Centre-left to left	Nimetullah.Erdoğmuş	Erdoğmuş, Nimetullah	M	1960	
ParlaMint-TR-en_2020-07-01-tbmm-T27	tbmm-2020-07-01sit09spe0316par0066	The Turkish parliamentary corpus ParlaMint-TR-en, Term 27, Year 3, Session 106	2020-07-01	Unicameralism	27	3	106	-	-	COVID	English	Regular	MP	notMinister	AKP	Justice and Development Party	Coalition	Right	HacıAhmet.Özdemir	Özdemir, Hacı Ahmet	M	1961	
ParlaMint-TR-en_2020-07-01-tbmm-T27	tbmm-2020-07-01sit09spe0321par0069	The Turkish parliamentary corpus ParlaMint-TR-en, Term 27, Year 3, Session 106	2020-07-01	Unicameralism	27	3	106	-	-	COVID	English	Regular	MP	notMinister	IYI	İYİ Party	Opposition	Centre-right	Fahrettin.Yokuş	Yokuş, Fahrettin	M	1958	
ParlaMint-TR-en_2020-07-01-tbmm-T27	tbmm-2020-07-01sit09spe0322par0070	The Turkish parliamentary corpus ParlaMint-TR-en, Term 27, Year 3, Session 106	2020-07-01	Unicameralism	27	3	106	-	-	COVID	English	Chairperson	MP	notMinister	HDP	Peoples' Democratic Party	Opposition	Centre-left to left	Nimetullah.Erdoğmuş	Erdoğmuş, Nimetullah	M	1960	
ParlaMint-TR-en_2020-07-01-tbmm-T27	tbmm-2020-07-01sit09spe0321par0073	The Turkish parliamentary corpus ParlaMint-TR-en, Term 27, Year 3, Session 106	2020-07-01	Unicameralism	27	3	106	-	-	COVID	English	Regular	MP	notMinister	IYI	İYİ Party	Opposition	Centre-right	Fahrettin.Yokuş	Yokuş, Fahrettin	M	1958	
ParlaMint-TR-en_2020-07-01-tbmm-T27	tbmm-2020-07-01sit09spe0323par0075	The Turkish parliamentary corpus ParlaMint-TR-en, Term 27, Year 3, Session 106	2020-07-01	Unicameralism	27	3	106	-	-	COVID	English	Regular	MP	notMinister	AKP	Justice and Development Party	Coalition	Right	Erol.Kavuncu	Kavuncu, Erol	M	1963	
ParlaMint-TR-en_2020-07-01-tbmm-T27	tbmm-2020-07-01sit09spe0324par0076	The Turkish parliamentary corpus ParlaMint-TR-en, Term 27, Year 3, Session 106	2020-07-01	Unicameralism	27	3	106	-	-	COVID	English	Regular	MP	notMinister	AKP	Justice and Development Party	Coalition	Right	Niyazi.Güneş	Güneş, Niyazi	M	1953	
ParlaMint-TR-en_2020-07-01-tbmm-T27	tbmm-2020-07-01sit09spe0321par0077	The Turkish parliamentary corpus ParlaMint-TR-en, Term 27, Year 3, Session 106	2020-07-01	Unicameralism	27	3	106	-	-	COVID	English	Regular	MP	notMinister	IYI	İYİ Party	Opposition	Centre-right	Fahrettin.Yokuş	Yokuş, Fahrettin	M	1958	
ParlaMint-TR-en_2020-07-01-tbmm-T27	tbmm-2020-07-01sit09spe0324par0079	The Turkish parliamentary corpus ParlaMint-TR-en, Term 27, Year 3, Session 106	2020-07-01	Unicameralism	27	3	106	-	-	COVID	English	Regular	MP	notMinister	AKP	Justice and Development Party	Coalition	Right	Niyazi.Güneş	Güneş, Niyazi	M	1953	
ParlaMint-TR-en_2020-07-01-tbmm-T27	tbmm-2020-07-01sit09spe0325par0080	The Turkish parliamentary corpus ParlaMint-TR-en, Term 27, Year 3, Session 106	2020-07-01	Unicameralism	27	3	106	-	-	COVID	English	Regular	MP	notMinister	AKP	Justice and Development Party	Coalition	Right	Erol.Kavuncu	Kavuncu, Erol	M	1963	
ParlaMint-TR-en_2020-07-01-tbmm-T27	tbmm-2020-07-01sit09spe0321par0081	The Turkish parliamentary corpus ParlaMint-TR-en, Term 27, Year 3, Session 106	2020-07-01	Unicameralism	27	3	106	-	-	COVID	English	Regular	MP	notMinister	IYI	İYİ Party	Opposition	Centre-right	Fahrettin.Yokuş	Yokuş, Fahrettin	M	1958	
ParlaMint-TR-en_2020-07-01-tbmm-T27	tbmm-2020-07-01sit09spe0325par0082	The Turkish parliamentary corpus ParlaMint-TR-en, Term 27, Year 3, Session 106	2020-07-01	Unicameralism	27	3	106	-	-	COVID	English	Regular	MP	notMinister	AKP	Justice and Development Party	Coalition	Right	Erol.Kavuncu	Kavuncu, Erol	M	1963	
ParlaMint-TR-en_2020-07-01-tbmm-T27	tbmm-2020-07-01sit09spe0326par0083	The Turkish parliamentary corpus ParlaMint-TR-en, Term 27, Year 3, Session 106	2020-07-01	Unicameralism	27	3	106	-	-	COVID	English	Chairperson	MP	notMinister	HDP	Peoples' Democratic Party	Opposition	Centre-left to left	Nimetullah.Erdoğmuş	Erdoğmuş, Nimetullah	M	1960	
ParlaMint-TR-en_2020-07-01-tbmm-T27	tbmm-2020-07-01sit09spe0327par0086	The Turkish parliamentary corpus ParlaMint-TR-en, Term 27, Year 3, Session 106	2020-07-01	Unicameralism	27	3	106	-	-	COVID	English	Regular	MP	notMinister	AKP	Justice and Development Party	Coalition	Right	HacıAhmet.Özdemir	Özdemir, Hacı Ahmet	M	1961	
ParlaMint-TR-en_2020-07-01-tbmm-T27	tbmm-2020-07-01sit09spe0328par0088	The Turkish parliamentary corpus ParlaMint-TR-en, Term 27, Year 3, Session 106	2020-07-01	Unicameralism	27	3	106	-	-	COVID	English	Regular	MP	notMinister	AKP	Justice and Development Party	Coalition	Right	Öznur.Çalık	Çalık, Öznur	F	1965	
ParlaMint-TR-en_2020-07-01-tbmm-T27	tbmm-2020-07-01sit09spe0329par0089	The Turkish parliamentary corpus ParlaMint-TR-en, Term 27, Year 3, Session 106	2020-07-01	Unicameralism	27	3	106	-	-	COVID	English	Regular	MP	notMinister	AKP	Justice and Development Party	Coalition	Right	Erol.Kavuncu	Kavuncu, Erol	M	1963	
ParlaMint-TR-en_2020-07-01-tbmm-T27	tbmm-2020-07-01sit09spe0330par0093	The Turkish parliamentary corpus ParlaMint-TR-en, Term 27, Year 3, Session 106	2020-07-01	Unicameralism	27	3	106	-	-	COVID	English	Chairperson	MP	notMinister	HDP	Peoples' Democratic Party	Opposition	Centre-left to left	Nimetullah.Erdoğmuş	Erdoğmuş, Nimetullah	M	1960	
ParlaMint-TR-en_2020-07-01-tbmm-T27	tbmm-2020-07-01sit09spe0331par0103	The Turkish parliamentary corpus ParlaMint-TR-en, Term 27, Year 3, Session 106	2020-07-01	Unicameralism	27	3	106	-	-	COVID	English	Regular	MP	notMinister	AKP	Justice and Development Party	Coalition	Right	Yılmaz.Tunç	Tunç, Yılmaz	M	1971	
ParlaMint-TR-en_2020-07-01-tbmm-T27	tbmm-2020-07-01sit09spe0330par0104	The Turkish parliamentary corpus ParlaMint-TR-en, Term 27, Year 3, Session 106	2020-07-01	Unicameralism	27	3	106	-	-	COVID	English	Chairperson	MP	notMinister	HDP	Peoples' Democratic Party	Opposition	Centre-left to left	Nimetullah.Erdoğmuş	Erdoğmuş, Nimetullah	M	1960	
ParlaMint-TR-en_2020-07-01-tbmm-T27	tbmm-2020-07-01sit09spe0332par0107	The Turkish parliamentary corpus ParlaMint-TR-en, Term 27, Year 3, Session 106	2020-07-01	Unicameralism	27	3	106	-	-	COVID	English	Regular	MP	notMinister	CHP	Republican People's Party	Opposition	Centre-left	Necati.Tığlı	Tığlı, Necati	M	1983	
ParlaMint-TR-en_2020-07-01-tbmm-T27	tbmm-2020-07-01sit09spe0333par0118	The Turkish parliamentary corpus ParlaMint-TR-en, Term 27, Year 3, Session 106	2020-07-01	Unicameralism	27	3	106	-	-	COVID	English	Chairperson	MP	notMinister	HDP	Peoples' Democratic Party	Opposition	Centre-left to left	Nimetullah.Erdoğmuş	Erdoğmuş, Nimetullah	M	1960	
ParlaMint-TR-en_2020-07-01-tbmm-T27	tbmm-2020-07-01sit09spe0334par0127	The Turkish parliamentary corpus ParlaMint-TR-en, Term 27, Year 3, Session 106	2020-07-01	Unicameralism	27	3	106	-	-	COVID	English	Regular	MP	notMinister	AKP	Justice and Development Party	Coalition	Right	Yılmaz.Tunç	Tunç, Yılmaz	M	1971	
ParlaMint-TR-en_2020-07-01-tbmm-T27	tbmm-2020-07-01sit09spe0333par0128	The Turkish parliamentary corpus ParlaMint-TR-en, Term 27, Year 3, Session 106	2020-07-01	Unicameralism	27	3	106	-	-	COVID	English	Chairperson	MP	notMinister	HDP	Peoples' Democratic Party	Opposition	Centre-left to left	Nimetullah.Erdoğmuş	Erdoğmuş, Nimetullah	M	1960	
ParlaMint-TR-en_2020-07-01-tbmm-T27	tbmm-2020-07-01sit09spe0335par0131	The Turkish parliamentary corpus ParlaMint-TR-en, Term 27, Year 3, Session 106	2020-07-01	Unicameralism	27	3	106	-	-	COVID	English	Regular	MP	notMinister	HDP	Peoples' Democratic Party	Opposition	Centre-left to left	Murat.Çepni	Çepni, Murat	M	1974	
ParlaMint-TR-en_2020-07-01-tbmm-T27	tbmm-2020-07-01sit09spe0336par0137	The Turkish parliamentary corpus ParlaMint-TR-en, Term 27, Year 3, Session 106	2020-07-01	Unicameralism	27	3	106	-	-	COVID	English	Regular	MP	notMinister	AKP	Justice and Development Party	Coalition	Right	MuhammedFatih.Toprak	Toprak, Muhammed Fatih	M	1985	
ParlaMint-TR-en_2020-07-01-tbmm-T27	tbmm-2020-07-01sit09spe0335par0138	The Turkish parliamentary corpus ParlaMint-TR-en, Term 27, Year 3, Session 106	2020-07-01	Unicameralism	27	3	106	-	-	COVID	English	Regular	MP	notMinister	HDP	Peoples' Democratic Party	Opposition	Centre-left to left	Murat.Çepni	Çepni, Murat	M	1974	
ParlaMint-TR-en_2020-07-01-tbmm-T27	tbmm-2020-07-01sit09spe0336par0139	The Turkish parliamentary corpus ParlaMint-TR-en, Term 27, Year 3, Session 106	2020-07-01	Unicameralism	27	3	106	-	-	COVID	English	Regular	MP	notMinister	AKP	Justice and Development Party	Coalition	Right	MuhammedFatih.Toprak	Toprak, Muhammed Fatih	M	1985	
ParlaMint-TR-en_2020-07-01-tbmm-T27	tbmm-2020-07-01sit09spe0335par0140	The Turkish parliamentary corpus ParlaMint-TR-en, Term 27, Year 3, Session 106	2020-07-01	Unicameralism	27	3	106	-	-	COVID	English	Regular	MP	notMinister	HDP	Peoples' Democratic Party	Opposition	Centre-left to left	Murat.Çepni	Çepni, Murat	M	1974	
ParlaMint-TR-en_2020-07-01-tbmm-T27	tbmm-2020-07-01sit09spe0337par0142	The Turkish parliamentary corpus ParlaMint-TR-en, Term 27, Year 3, Session 106	2020-07-01	Unicameralism	27	3	106	-	-	COVID	English	Chairperson	MP	notMinister	HDP	Peoples' Democratic Party	Opposition	Centre-left to left	Nimetullah.Erdoğmuş	Erdoğmuş, Nimetullah	M	1960	
ParlaMint-TR-en_2020-07-01-tbmm-T27	tbmm-2020-07-01sit09spe0335par0143	The Turkish parliamentary corpus ParlaMint-TR-en, Term 27, Year 3, Session 106	2020-07-01	Unicameralism	27	3	106	-	-	COVID	English	Regular	MP	notMinister	HDP	Peoples' Democratic Party	Opposition	Centre-left to left	Murat.Çepni	Çepni, Murat	M	1974	
ParlaMint-TR-en_2020-07-01-tbmm-T27	tbmm-2020-07-01sit09spe0338par0144	The Turkish parliamentary corpus ParlaMint-TR-en, Term 27, Year 3, Session 106	2020-07-01	Unicameralism	27	3	106	-	-	COVID	English	Regular	MP	notMinister	AKP	Justice and Development Party	Coalition	Right	MuhammedFatih.Toprak	Toprak, Muhammed Fatih	M	1985	
ParlaMint-TR-en_2020-07-01-tbmm-T27	tbmm-2020-07-01sit09spe0335par0145	The Turkish parliamentary corpus ParlaMint-TR-en, Term 27, Year 3, Session 106	2020-07-01	Unicameralism	27	3	106	-	-	COVID	English	Regular	MP	notMinister	HDP	Peoples' Democratic Party	Opposition	Centre-left to left	Murat.Çepni	Çepni, Murat	M	1974	
ParlaMint-TR-en_2020-07-01-tbmm-T27	tbmm-2020-07-01sit09spe0339par0148	The Turkish parliamentary corpus ParlaMint-TR-en, Term 27, Year 3, Session 106	2020-07-01	Unicameralism	27	3	106	-	-	COVID	English	Chairperson	MP	notMinister	HDP	Peoples' Democratic Party	Opposition	Centre-left to left	Nimetullah.Erdoğmuş	Erdoğmuş, Nimetullah	M	1960	
ParlaMint-TR-en_2020-07-01-tbmm-T27	tbmm-2020-07-01sit09spe0335par0149	The Turkish parliamentary corpus ParlaMint-TR-en, Term 27, Year 3, Session 106	2020-07-01	Unicameralism	27	3	106	-	-	COVID	English	Regular	MP	notMinister	HDP	Peoples' Democratic Party	Opposition	Centre-left to left	Murat.Çepni	Çepni, Murat	M	1974	
ParlaMint-TR-en_2020-07-01-tbmm-T27	tbmm-2020-07-01sit09spe0340par0153	The Turkish parliamentary corpus ParlaMint-TR-en, Term 27, Year 3, Session 106	2020-07-01	Unicameralism	27	3	106	-	-	COVID	English	Chairperson	MP	notMinister	HDP	Peoples' Democratic Party	Opposition	Centre-left to left	Nimetullah.Erdoğmuş	Erdoğmuş, Nimetullah	M	1960	
ParlaMint-TR-en_2020-07-01-tbmm-T27	tbmm-2020-07-01sit09spe0341par0162	The Turkish parliamentary corpus ParlaMint-TR-en, Term 27, Year 3, Session 106	2020-07-01	Unicameralism	27	3	106	-	-	COVID	English	Regular	MP	notMinister	AKP	Justice and Development Party	Coalition	Right	Yılmaz.Tunç	Tunç, Yılmaz	M	1971	
ParlaMint-TR-en_2020-07-01-tbmm-T27	tbmm-2020-07-01sit09spe0340par0163	The Turkish parliamentary corpus ParlaMint-TR-en, Term 27, Year 3, Session 106	2020-07-01	Unicameralism	27	3	106	-	-	COVID	English	Chairperson	MP	notMinister	HDP	Peoples' Democratic Party	Opposition	Centre-left to left	Nimetullah.Erdoğmuş	Erdoğmuş, Nimetullah	M	1960	
ParlaMint-TR-en_2020-07-01-tbmm-T27	tbmm-2020-07-01sit09spe0342par0166	The Turkish parliamentary corpus ParlaMint-TR-en, Term 27, Year 3, Session 106	2020-07-01	Unicameralism	27	3	106	-	-	COVID	English	Regular	MP	notMinister	IYI	İYİ Party	Opposition	Centre-right	Dursun.Ataş	Ataş, Dursun	M	1966	
ParlaMint-TR-en_2020-07-01-tbmm-T27	tbmm-2020-07-01sit09spe0343par0175	The Turkish parliamentary corpus ParlaMint-TR-en, Term 27, Year 3, Session 106	2020-07-01	Unicameralism	27	3	106	-	-	COVID	English	Chairperson	MP	notMinister	HDP	Peoples' Democratic Party	Opposition	Centre-left to left	Nimetullah.Erdoğmuş	Erdoğmuş, Nimetullah	M	1960	
ParlaMint-TR-en_2020-07-01-tbmm-T27	tbmm-2020-07-01sit09spe0342par0176	The Turkish parliamentary corpus ParlaMint-TR-en, Term 27, Year 3, Session 106	2020-07-01	Unicameralism	27	3	106	-	-	COVID	English	Regular	MP	notMinister	IYI	İYİ Party	Opposition	Centre-right	Dursun.Ataş	Ataş, Dursun	M	1966	
ParlaMint-TR-en_2020-07-01-tbmm-T27	tbmm-2020-07-01sit09spe0343par0179	The Turkish parliamentary corpus ParlaMint-TR-en, Term 27, Year 3, Session 106	2020-07-01	Unicameralism	27	3	106	-	-	COVID	English	Chairperson	MP	notMinister	HDP	Peoples' Democratic Party	Opposition	Centre-left to left	Nimetullah.Erdoğmuş	Erdoğmuş, Nimetullah	M	1960	
ParlaMint-TR-en_2020-07-01-tbmm-T27	tbmm-2020-07-01sit09spe0344par0189	The Turkish parliamentary corpus ParlaMint-TR-en, Term 27, Year 3, Session 106	2020-07-01	Unicameralism	27	3	106	-	-	COVID	English	Regular	MP	notMinister	AKP	Justice and Development Party	Coalition	Right	Yılmaz.Tunç	Tunç, Yılmaz	M	1971	
ParlaMint-TR-en_2020-07-01-tbmm-T27	tbmm-2020-07-01sit09spe0343par0190	The Turkish parliamentary corpus ParlaMint-TR-en, Term 27, Year 3, Session 106	2020-07-01	Unicameralism	27	3	106	-	-	COVID	English	Chairperson	MP	notMinister	HDP	Peoples' Democratic Party	Opposition	Centre-left to left	Nimetullah.Erdoğmuş	Erdoğmuş, Nimetullah	M	1960	
ParlaMint-TR-en_2020-07-01-tbmm-T27	tbmm-2020-07-01sit09spe0345par0193	The Turkish parliamentary corpus ParlaMint-TR-en, Term 27, Year 3, Session 106	2020-07-01	Unicameralism	27	3	106	-	-	COVID	English	Regular	MP	notMinister	CHP	Republican People's Party	Opposition	Centre-left	EmineGülizar.Emecan	Emecan, Emine Gülizar	F	1968	
ParlaMint-TR-en_2020-07-01-tbmm-T27	tbmm-2020-07-01sit09spe0346par0197	The Turkish parliamentary corpus ParlaMint-TR-en, Term 27, Year 3, Session 106	2020-07-01	Unicameralism	27	3	106	-	-	COVID	English	Regular	MP	notMinister	CHP	Republican People's Party	Opposition	Centre-left	SalihaSera.Kadıgil	Kadıgil Sütlü, Saliha Sera	F	1984	
ParlaMint-TR-en_2020-07-01-tbmm-T27	tbmm-2020-07-01sit09spe0347par0198	The Turkish parliamentary corpus ParlaMint-TR-en, Term 27, Year 3, Session 106	2020-07-01	Unicameralism	27	3	106	-	-	COVID	English	Chairperson	MP	notMinister	HDP	Peoples' Democratic Party	Opposition	Centre-left to left	Nimetullah.Erdoğmuş	Erdoğmuş, Nimetullah	M	1960	
ParlaMint-TR-en_2020-07-01-tbmm-T27	tbmm-2020-07-01sit09spe0348par0201	The Turkish parliamentary corpus ParlaMint-TR-en, Term 27, Year 3, Session 106	2020-07-01	Unicameralism	27	3	106	-	-	COVID	English	Regular	MP	notMinister	CHP	Republican People's Party	Opposition	Centre-left	EmineGülizar.Emecan	Emecan, Emine Gülizar	F	1968	
ParlaMint-TR-en_2020-07-01-tbmm-T27	tbmm-2020-07-01sit09spe0349par0206	The Turkish parliamentary corpus ParlaMint-TR-en, Term 27, Year 3, Session 106	2020-07-01	Unicameralism	27	3	106	-	-	COVID	English	Chairperson	MP	notMinister	HDP	Peoples' Democratic Party	Opposition	Centre-left to left	Nimetullah.Erdoğmuş	Erdoğmuş, Nimetullah	M	1960	
ParlaMint-TR-en_2020-07-01-tbmm-T27	tbmm-2020-07-01sit09spe0348par0207	The Turkish parliamentary corpus ParlaMint-TR-en, Term 27, Year 3, Session 106	2020-07-01	Unicameralism	27	3	106	-	-	COVID	English	Regular	MP	notMinister	CHP	Republican People's Party	Opposition	Centre-left	EmineGülizar.Emecan	Emecan, Emine Gülizar	F	1968	
ParlaMint-TR-en_2020-07-01-tbmm-T27	tbmm-2020-07-01sit09spe0350par0212	The Turkish parliamentary corpus ParlaMint-TR-en, Term 27, Year 3, Session 106	2020-07-01	Unicameralism	27	3	106	-	-	COVID	English	Chairperson	MP	notMinister	HDP	Peoples' Democratic Party	Opposition	Centre-left to left	Nimetullah.Erdoğmuş	Erdoğmuş, Nimetullah	M	1960	
ParlaMint-TR-en_2020-07-01-tbmm-T27	tbmm-2020-07-01sit09spe0351par0221	The Turkish parliamentary corpus ParlaMint-TR-en, Term 27, Year 3, Session 106	2020-07-01	Unicameralism	27	3	106	-	-	COVID	English	Regular	MP	notMinister	AKP	Justice and Development Party	Coalition	Right	Yılmaz.Tunç	Tunç, Yılmaz	M	1971	
ParlaMint-TR-en_2020-07-01-tbmm-T27	tbmm-2020-07-01sit09spe0350par0222	The Turkish parliamentary corpus ParlaMint-TR-en, Term 27, Year 3, Session 106	2020-07-01	Unicameralism	27	3	106	-	-	COVID	English	Chairperson	MP	notMinister	HDP	Peoples' Democratic Party	Opposition	Centre-left to left	Nimetullah.Erdoğmuş	Erdoğmuş, Nimetullah	M	1960	
ParlaMint-TR-en_2020-07-01-tbmm-T27	tbmm-2020-07-01sit09spe0352par0225	The Turkish parliamentary corpus ParlaMint-TR-en, Term 27, Year 3, Session 106	2020-07-01	Unicameralism	27	3	106	-	-	COVID	English	Regular	MP	notMinister	IYI	İYİ Party	Opposition	Centre-right	Hüseyin.Örs	Örs, Hüseyin	M	1964	
ParlaMint-TR-en_2020-07-01-tbmm-T27	tbmm-2020-07-01sit09spe0353par0235	The Turkish parliamentary corpus ParlaMint-TR-en, Term 27, Year 3, Session 106	2020-07-01	Unicameralism	27	3	106	-	-	COVID	English	Chairperson	MP	notMinister	HDP	Peoples' Democratic Party	Opposition	Centre-left to left	Nimetullah.Erdoğmuş	Erdoğmuş, Nimetullah	M	1960	
ParlaMint-TR-en_2020-07-01-tbmm-T27	tbmm-2020-07-01sit09spe0352par0236	The Turkish parliamentary corpus ParlaMint-TR-en, Term 27, Year 3, Session 106	2020-07-01	Unicameralism	27	3	106	-	-	COVID	English	Regular	MP	notMinister	IYI	İYİ Party	Opposition	Centre-right	Hüseyin.Örs	Örs, Hüseyin	M	1964	
ParlaMint-TR-en_2020-07-01-tbmm-T27	tbmm-2020-07-01sit09spe0354par0240	The Turkish parliamentary corpus ParlaMint-TR-en, Term 27, Year 3, Session 106	2020-07-01	Unicameralism	27	3	106	-	-	COVID	English	Chairperson	MP	notMinister	HDP	Peoples' Democratic Party	Opposition	Centre-left to left	Nimetullah.Erdoğmuş	Erdoğmuş, Nimetullah	M	1960	
ParlaMint-TR-en_2020-07-01-tbmm-T27	tbmm-2020-07-01sit09spe0355par0249	The Turkish parliamentary corpus ParlaMint-TR-en, Term 27, Year 3, Session 106	2020-07-01	Unicameralism	27	3	106	-	-	COVID	English	Regular	MP	notMinister	AKP	Justice and Development Party	Coalition	Right	Yılmaz.Tunç	Tunç, Yılmaz	M	1971	
ParlaMint-TR-en_2020-07-01-tbmm-T27	tbmm-2020-07-01sit09spe0354par0250	The Turkish parliamentary corpus ParlaMint-TR-en, Term 27, Year 3, Session 106	2020-07-01	Unicameralism	27	3	106	-	-	COVID	English	Chairperson	MP	notMinister	HDP	Peoples' Democratic Party	Opposition	Centre-left to left	Nimetullah.Erdoğmuş	Erdoğmuş, Nimetullah	M	1960	
ParlaMint-TR-en_2020-07-01-tbmm-T27	tbmm-2020-07-01sit09spe0356par0252	The Turkish parliamentary corpus ParlaMint-TR-en, Term 27, Year 3, Session 106	2020-07-01	Unicameralism	27	3	106	-	-	COVID	English	Regular	MP	notMinister	HDP	Peoples' Democratic Party	Opposition	Centre-left to left	Sait.Dede	Dede, Sait	M	1985	
ParlaMint-TR-en_2020-07-01-tbmm-T27	tbmm-2020-07-01sit09spe0357par0258	The Turkish parliamentary corpus ParlaMint-TR-en, Term 27, Year 3, Session 106	2020-07-01	Unicameralism	27	3	106	-	-	COVID	English	Chairperson	MP	notMinister	HDP	Peoples' Democratic Party	Opposition	Centre-left to left	Nimetullah.Erdoğmuş	Erdoğmuş, Nimetullah	M	1960	
ParlaMint-TR-en_2020-07-01-tbmm-T27	tbmm-2020-07-01sit09spe0356par0259	The Turkish parliamentary corpus ParlaMint-TR-en, Term 27, Year 3, Session 106	2020-07-01	Unicameralism	27	3	106	-	-	COVID	English	Regular	MP	notMinister	HDP	Peoples' Democratic Party	Opposition	Centre-left to left	Sait.Dede	Dede, Sait	M	1985	
ParlaMint-TR-en_2020-07-01-tbmm-T27	tbmm-2020-07-01sit09spe0358par0263	The Turkish parliamentary corpus ParlaMint-TR-en, Term 27, Year 3, Session 106	2020-07-01	Unicameralism	27	3	106	-	-	COVID	English	Chairperson	MP	notMinister	HDP	Peoples' Democratic Party	Opposition	Centre-left to left	Nimetullah.Erdoğmuş	Erdoğmuş, Nimetullah	M	1960	
ParlaMint-TR-en_2020-07-01-tbmm-T27	tbmm-2020-07-01sit09spe0359par0273	The Turkish parliamentary corpus ParlaMint-TR-en, Term 27, Year 3, Session 106	2020-07-01	Unicameralism	27	3	106	-	-	COVID	English	Regular	MP	notMinister	AKP	Justice and Development Party	Coalition	Right	Yılmaz.Tunç	Tunç, Yılmaz	M	1971	
ParlaMint-TR-en_2020-07-01-tbmm-T27	tbmm-2020-07-01sit09spe0358par0274	The Turkish parliamentary corpus ParlaMint-TR-en, Term 27, Year 3, Session 106	2020-07-01	Unicameralism	27	3	106	-	-	COVID	English	Chairperson	MP	notMinister	HDP	Peoples' Democratic Party	Opposition	Centre-left to left	Nimetullah.Erdoğmuş	Erdoğmuş, Nimetullah	M	1960	
ParlaMint-TR-en_2020-07-01-tbmm-T27	tbmm-2020-07-01sit09spe0360par0277	The Turkish parliamentary corpus ParlaMint-TR-en, Term 27, Year 3, Session 106	2020-07-01	Unicameralism	27	3	106	-	-	COVID	English	Regular	MP	notMinister	CHP	Republican People's Party	Opposition	Centre-left	Rafet.Zeybek	Zeybek, Rafet	M	1962	
ParlaMint-TR-en_2020-07-01-tbmm-T27	tbmm-2020-07-01sit09spe0361par0281	The Turkish parliamentary corpus ParlaMint-TR-en, Term 27, Year 3, Session 106	2020-07-01	Unicameralism	27	3	106	-	-	COVID	English	Chairperson	MP	notMinister	HDP	Peoples' Democratic Party	Opposition	Centre-left to left	Nimetullah.Erdoğmuş	Erdoğmuş, Nimetullah	M	1960	
ParlaMint-TR-en_2020-07-01-tbmm-T27	tbmm-2020-07-01sit09spe0360par0282	The Turkish parliamentary corpus ParlaMint-TR-en, Term 27, Year 3, Session 106	2020-07-01	Unicameralism	27	3	106	-	-	COVID	English	Regular	MP	notMinister	CHP	Republican People's Party	Opposition	Centre-left	Rafet.Zeybek	Zeybek, Rafet	M	1962	
ParlaMint-TR-en_2020-07-01-tbmm-T27	tbmm-2020-07-01sit09spe0362par0284	The Turkish parliamentary corpus ParlaMint-TR-en, Term 27, Year 3, Session 106	2020-07-01	Unicameralism	27	3	106	-	-	COVID	English	Regular	MP	notMinister	AKP	Justice and Development Party	Coalition	Right	Ali.Özkaya	Özkaya, Ali	M	1970	
ParlaMint-TR-en_2020-07-01-tbmm-T27	tbmm-2020-07-01sit09spe0360par0285	The Turkish parliamentary corpus ParlaMint-TR-en, Term 27, Year 3, Session 106	2020-07-01	Unicameralism	27	3	106	-	-	COVID	English	Regular	MP	notMinister	CHP	Republican People's Party	Opposition	Centre-left	Rafet.Zeybek	Zeybek, Rafet	M	1962	
ParlaMint-TR-en_2020-07-01-tbmm-T27	tbmm-2020-07-01sit09spe0362par0286	The Turkish parliamentary corpus ParlaMint-TR-en, Term 27, Year 3, Session 106	2020-07-01	Unicameralism	27	3	106	-	-	COVID	English	Regular	MP	notMinister	AKP	Justice and Development Party	Coalition	Right	Ali.Özkaya	Özkaya, Ali	M	1970	
ParlaMint-TR-en_2020-07-01-tbmm-T27	tbmm-2020-07-01sit09spe0363par0288	The Turkish parliamentary corpus ParlaMint-TR-en, Term 27, Year 3, Session 106	2020-07-01	Unicameralism	27	3	106	-	-	COVID	English	Regular	MP	notMinister	CHP	Republican People's Party	Opposition	Centre-left	Cavit.Arı	Arı, Cavit	M	1968	
ParlaMint-TR-en_2020-07-01-tbmm-T27	tbmm-2020-07-01sit09spe0360par0289	The Turkish parliamentary corpus ParlaMint-TR-en, Term 27, Year 3, Session 106	2020-07-01	Unicameralism	27	3	106	-	-	COVID	English	Regular	MP	notMinister	CHP	Republican People's Party	Opposition	Centre-left	Rafet.Zeybek	Zeybek, Rafet	M	1962	
ParlaMint-TR-en_2020-07-01-tbmm-T27	tbmm-2020-07-01sit09spe0364par0291	The Turkish parliamentary corpus ParlaMint-TR-en, Term 27, Year 3, Session 106	2020-07-01	Unicameralism	27	3	106	-	-	COVID	English	Regular	MP	notMinister	AKP	Justice and Development Party	Coalition	Right	Ali.Özkaya	Özkaya, Ali	M	1970	
ParlaMint-TR-en_2020-07-01-tbmm-T27	tbmm-2020-07-01sit09spe0360par0292	The Turkish parliamentary corpus ParlaMint-TR-en, Term 27, Year 3, Session 106	2020-07-01	Unicameralism	27	3	106	-	-	COVID	English	Regular	MP	notMinister	CHP	Republican People's Party	Opposition	Centre-left	Rafet.Zeybek	Zeybek, Rafet	M	1962	
ParlaMint-TR-en_2020-07-01-tbmm-T27	tbmm-2020-07-01sit09spe0365par0293	The Turkish parliamentary corpus ParlaMint-TR-en, Term 27, Year 3, Session 106	2020-07-01	Unicameralism	27	3	106	-	-	COVID	English	Regular	MP	notMinister	AKP	Justice and Development Party	Coalition	Right	OsmanAşkın.Bak	Bak, Osman Aşkın	M	1966	
ParlaMint-TR-en_2020-07-01-tbmm-T27	tbmm-2020-07-01sit09spe0360par0294	The Turkish parliamentary corpus ParlaMint-TR-en, Term 27, Year 3, Session 106	2020-07-01	Unicameralism	27	3	106	-	-	COVID	English	Regular	MP	notMinister	CHP	Republican People's Party	Opposition	Centre-left	Rafet.Zeybek	Zeybek, Rafet	M	1962	
ParlaMint-TR-en_2020-07-01-tbmm-T27	tbmm-2020-07-01sit09spe0366par0297	The Turkish parliamentary corpus ParlaMint-TR-en, Term 27, Year 3, Session 106	2020-07-01	Unicameralism	27	3	106	-	-	COVID	English	Chairperson	MP	notMinister	HDP	Peoples' Democratic Party	Opposition	Centre-left to left	Nimetullah.Erdoğmuş	Erdoğmuş, Nimetullah	M	1960	
ParlaMint-TR-en_2020-07-01-tbmm-T27	tbmm-2020-07-01sit09spe0360par0298	The Turkish parliamentary corpus ParlaMint-TR-en, Term 27, Year 3, Session 106	2020-07-01	Unicameralism	27	3	106	-	-	COVID	English	Regular	MP	notMinister	CHP	Republican People's Party	Opposition	Centre-left	Rafet.Zeybek	Zeybek, Rafet	M	1962	
ParlaMint-TR-en_2020-07-01-tbmm-T27	tbmm-2020-07-01sit09spe0367par0300	The Turkish parliamentary corpus ParlaMint-TR-en, Term 27, Year 3, Session 106	2020-07-01	Unicameralism	27	3	106	-	-	COVID	English	Regular	MP	notMinister	AKP	Justice and Development Party	Coalition	Right	OsmanAşkın.Bak	Bak, Osman Aşkın	M	1966	
ParlaMint-TR-en_2020-07-01-tbmm-T27	tbmm-2020-07-01sit09spe0368par0301	The Turkish parliamentary corpus ParlaMint-TR-en, Term 27, Year 3, Session 106	2020-07-01	Unicameralism	27	3	106	-	-	COVID	English	Regular	MP	notMinister	CHP	Republican People's Party	Opposition	Centre-left	SalihaSera.Kadıgil	Kadıgil Sütlü, Saliha Sera	F	1984	
ParlaMint-TR-en_2020-07-01-tbmm-T27	tbmm-2020-07-01sit09spe0367par0302	The Turkish parliamentary corpus ParlaMint-TR-en, Term 27, Year 3, Session 106	2020-07-01	Unicameralism	27	3	106	-	-	COVID	English	Regular	MP	notMinister	AKP	Justice and Development Party	Coalition	Right	OsmanAşkın.Bak	Bak, Osman Aşkın	M	1966	
ParlaMint-TR-en_2020-07-01-tbmm-T27	tbmm-2020-07-01sit09spe0369par0303	The Turkish parliamentary corpus ParlaMint-TR-en, Term 27, Year 3, Session 106	2020-07-01	Unicameralism	27	3	106	-	-	COVID	English	Chairperson	MP	notMinister	HDP	Peoples' Democratic Party	Opposition	Centre-left to left	Nimetullah.Erdoğmuş	Erdoğmuş, Nimetullah	M	1960	
ParlaMint-TR-en_2020-07-01-tbmm-T27	tbmm-2020-07-01sit09spe0370par0308	The Turkish parliamentary corpus ParlaMint-TR-en, Term 27, Year 3, Session 106	2020-07-01	Unicameralism	27	3	106	-	-	COVID	English	Regular	MP	notMinister	MHP	Nationalist Movement Party	-	Right to far-right	MuhammedLevent.Bülbül	Bülbül, Muhammed Levent	M	1980	
ParlaMint-TR-en_2020-07-01-tbmm-T27	tbmm-2020-07-01sit09spe0371par0314	The Turkish parliamentary corpus ParlaMint-TR-en, Term 27, Year 3, Session 106	2020-07-01	Unicameralism	27	3	106	-	-	COVID	English	Chairperson	MP	notMinister	HDP	Peoples' Democratic Party	Opposition	Centre-left to left	Nimetullah.Erdoğmuş	Erdoğmuş, Nimetullah	M	1960	
ParlaMint-TR-en_2020-07-01-tbmm-T27	tbmm-2020-07-01sit09spe0372par0329	The Turkish parliamentary corpus ParlaMint-TR-en, Term 27, Year 3, Session 106	2020-07-01	Unicameralism	27	3	106	-	-	COVID	English	Regular	MP	notMinister	AKP	Justice and Development Party	Coalition	Right	Yılmaz.Tunç	Tunç, Yılmaz	M	1971	
ParlaMint-TR-en_2020-07-01-tbmm-T27	tbmm-2020-07-01sit09spe0371par0330	The Turkish parliamentary corpus ParlaMint-TR-en, Term 27, Year 3, Session 106	2020-07-01	Unicameralism	27	3	106	-	-	COVID	English	Chairperson	MP	notMinister	HDP	Peoples' Democratic Party	Opposition	Centre-left to left	Nimetullah.Erdoğmuş	Erdoğmuş, Nimetullah	M	1960	
ParlaMint-TR-en_2020-07-01-tbmm-T27	tbmm-2020-07-01sit09spe0373par0345	The Turkish parliamentary corpus ParlaMint-TR-en, Term 27, Year 3, Session 106	2020-07-01	Unicameralism	27	3	106	-	-	COVID	English	Regular	MP	notMinister	AKP	Justice and Development Party	Coalition	Right	Yılmaz.Tunç	Tunç, Yılmaz	M	1971	
ParlaMint-TR-en_2020-07-01-tbmm-T27	tbmm-2020-07-01sit09spe0371par0346	The Turkish parliamentary corpus ParlaMint-TR-en, Term 27, Year 3, Session 106	2020-07-01	Unicameralism	27	3	106	-	-	COVID	English	Chairperson	MP	notMinister	HDP	Peoples' Democratic Party	Opposition	Centre-left to left	Nimetullah.Erdoğmuş	Erdoğmuş, Nimetullah	M	1960	
ParlaMint-TR-en_2020-07-01-tbmm-T27	tbmm-2020-07-01sit10spe0371par0001	The Turkish parliamentary corpus ParlaMint-TR-en, Term 27, Year 3, Session 106	2020-07-01	Unicameralism	27	3	106	-	-	COVID	English	Chairperson	MP	notMinister	HDP	Peoples' Democratic Party	Opposition	Centre-left to left	Nimetullah.Erdoğmuş	Erdoğmuş, Nimetullah	M	1960	
