Text_ID	ID	Title	Date	Body	Term	Session	Meeting	Sitting	Agenda	Subcorpus	Lang	Speaker_role	Speaker_MP	Speaker_minister	Speaker_party	Speaker_party_name	Party_status	Party_orientation	Speaker_ID	Speaker_name	Speaker_gender	Speaker_birth
ParlaMint-DK-en_2017-03-30-20161-M76	ParlaMint-DK_20170330100020	Hansard of the session of the Danish Parliament (Folketinget), 20161, M76 (2017-03-30), final version	2017-03-30	Unicameralism	Regeringen Lars Løkke Rasmussen III	20161	M76	-	-	Reference	English	Chairperson	MP	notMinister	DF	Dansk Folkeparti	-	Right	KjærsgaardPia	Kjærsgaard, Pia	F	1947	
ParlaMint-DK-en_2017-03-30-20161-M76	ParlaMint-DK_20170330100215	Hansard of the session of the Danish Parliament (Folketinget), 20161, M76 (2017-03-30), final version	2017-03-30	Unicameralism	Regeringen Lars Løkke Rasmussen III	20161	M76	-	-	Reference	English	Chairperson	MP	notMinister	DF	Dansk Folkeparti	-	Right	KjærsgaardPia	Kjærsgaard, Pia	F	1947	
ParlaMint-DK-en_2017-03-30-20161-M76	ParlaMint-DK_20170330100239	Hansard of the session of the Danish Parliament (Folketinget), 20161, M76 (2017-03-30), final version	2017-03-30	Unicameralism	Regeringen Lars Løkke Rasmussen III	20161	M76	-	-	Reference	English	Chairperson	MP	notMinister	DF	Dansk Folkeparti	-	Right	KjærsgaardPia	Kjærsgaard, Pia	F	1947	
ParlaMint-DK-en_2017-03-30-20161-M76	ParlaMint-DK_20170330100353	Hansard of the session of the Danish Parliament (Folketinget), 20161, M76 (2017-03-30), final version	2017-03-30	Unicameralism	Regeringen Lars Løkke Rasmussen III	20161	M76	-	-	Reference	English	Chairperson	MP	notMinister	DF	Dansk Folkeparti	-	Right	KjærsgaardPia	Kjærsgaard, Pia	F	1947	
ParlaMint-DK-en_2017-03-30-20161-M76	ParlaMint-DK_20170330100417	Hansard of the session of the Danish Parliament (Folketinget), 20161, M76 (2017-03-30), final version	2017-03-30	Unicameralism	Regeringen Lars Løkke Rasmussen III	20161	M76	-	-	Reference	English	Chairperson	MP	notMinister	DF	Dansk Folkeparti	-	Right	KjærsgaardPia	Kjærsgaard, Pia	F	1947	
ParlaMint-DK-en_2017-03-30-20161-M76	ParlaMint-DK_20170330100559	Hansard of the session of the Danish Parliament (Folketinget), 20161, M76 (2017-03-30), final version	2017-03-30	Unicameralism	Regeringen Lars Løkke Rasmussen III	20161	M76	-	-	Reference	English	Chairperson	MP	notMinister	DF	Dansk Folkeparti	-	Right	KjærsgaardPia	Kjærsgaard, Pia	F	1947	
ParlaMint-DK-en_2017-03-30-20161-M76	ParlaMint-DK_20170330100614	Hansard of the session of the Danish Parliament (Folketinget), 20161, M76 (2017-03-30), final version	2017-03-30	Unicameralism	Regeringen Lars Løkke Rasmussen III	20161	M76	-	-	Reference	English	Chairperson	MP	notMinister	DF	Dansk Folkeparti	-	Right	KjærsgaardPia	Kjærsgaard, Pia	F	1947	
ParlaMint-DK-en_2017-03-30-20161-M76	ParlaMint-DK_20170330100632	Hansard of the session of the Danish Parliament (Folketinget), 20161, M76 (2017-03-30), final version	2017-03-30	Unicameralism	Regeringen Lars Løkke Rasmussen III	20161	M76	-	-	Reference	English	Chairperson	MP	notMinister	DF	Dansk Folkeparti	-	Right	KjærsgaardPia	Kjærsgaard, Pia	F	1947	
ParlaMint-DK-en_2017-03-30-20161-M76	ParlaMint-DK_20170330100650	Hansard of the session of the Danish Parliament (Folketinget), 20161, M76 (2017-03-30), final version	2017-03-30	Unicameralism	Regeringen Lars Løkke Rasmussen III	20161	M76	-	-	Reference	English	Regular	MP	notMinister	EL	Enhedslisten	Opposition	Left to far-left	HyllestedHenning	Hyllested, Henning	M	1954	
ParlaMint-DK-en_2017-03-30-20161-M76	ParlaMint-DK_20170330101007	Hansard of the session of the Danish Parliament (Folketinget), 20161, M76 (2017-03-30), final version	2017-03-30	Unicameralism	Regeringen Lars Løkke Rasmussen III	20161	M76	-	-	Reference	English	Chairperson	MP	notMinister	DF	Dansk Folkeparti	-	Right	KjærsgaardPia	Kjærsgaard, Pia	F	1947	
ParlaMint-DK-en_2017-03-30-20161-M76	ParlaMint-DK_20170330101015	Hansard of the session of the Danish Parliament (Folketinget), 20161, M76 (2017-03-30), final version	2017-03-30	Unicameralism	Regeringen Lars Løkke Rasmussen III	20161	M76	-	-	Reference	English	Chairperson	MP	notMinister	DF	Dansk Folkeparti	-	Right	KjærsgaardPia	Kjærsgaard, Pia	F	1947	
ParlaMint-DK-en_2017-03-30-20161-M76	ParlaMint-DK_20170330101111	Hansard of the session of the Danish Parliament (Folketinget), 20161, M76 (2017-03-30), final version	2017-03-30	Unicameralism	Regeringen Lars Løkke Rasmussen III	20161	M76	-	-	Reference	English	Chairperson	MP	notMinister	DF	Dansk Folkeparti	-	Right	KjærsgaardPia	Kjærsgaard, Pia	F	1947	
ParlaMint-DK-en_2017-03-30-20161-M76	ParlaMint-DK_20170330101135	Hansard of the session of the Danish Parliament (Folketinget), 20161, M76 (2017-03-30), final version	2017-03-30	Unicameralism	Regeringen Lars Løkke Rasmussen III	20161	M76	-	-	Reference	English	Regular	MP	notMinister	SF	Socialistisk Folkeparti	Opposition	Centre-left to left	AndersenKirstenNormann	Andersen, Kirsten Normann	F	1962	
ParlaMint-DK-en_2017-03-30-20161-M76	ParlaMint-DK_20170330101157	Hansard of the session of the Danish Parliament (Folketinget), 20161, M76 (2017-03-30), final version	2017-03-30	Unicameralism	Regeringen Lars Løkke Rasmussen III	20161	M76	-	-	Reference	English	Chairperson	MP	notMinister	DF	Dansk Folkeparti	-	Right	KjærsgaardPia	Kjærsgaard, Pia	F	1947	
ParlaMint-DK-en_2017-03-30-20161-M76	ParlaMint-DK_20170330101217	Hansard of the session of the Danish Parliament (Folketinget), 20161, M76 (2017-03-30), final version	2017-03-30	Unicameralism	Regeringen Lars Løkke Rasmussen III	20161	M76	-	-	Reference	English	Chairperson	MP	notMinister	DF	Dansk Folkeparti	-	Right	KjærsgaardPia	Kjærsgaard, Pia	F	1947	
ParlaMint-DK-en_2017-03-30-20161-M76	ParlaMint-DK_20170330101245	Hansard of the session of the Danish Parliament (Folketinget), 20161, M76 (2017-03-30), final version	2017-03-30	Unicameralism	Regeringen Lars Løkke Rasmussen III	20161	M76	-	-	Reference	English	Regular	MP	notMinister	S	Socialdemokratiet	Opposition	Centre-left	HeunickeMagnus	Heunicke, Magnus	M	1975	
ParlaMint-DK-en_2017-03-30-20161-M76	ParlaMint-DK_20170330101438	Hansard of the session of the Danish Parliament (Folketinget), 20161, M76 (2017-03-30), final version	2017-03-30	Unicameralism	Regeringen Lars Løkke Rasmussen III	20161	M76	-	-	Reference	English	Chairperson	MP	notMinister	DF	Dansk Folkeparti	-	Right	KjærsgaardPia	Kjærsgaard, Pia	F	1947	
ParlaMint-DK-en_2017-03-30-20161-M76	ParlaMint-DK_20170330101444	Hansard of the session of the Danish Parliament (Folketinget), 20161, M76 (2017-03-30), final version	2017-03-30	Unicameralism	Regeringen Lars Løkke Rasmussen III	20161	M76	-	-	Reference	English	Regular	MP	notMinister	DF	Dansk Folkeparti	-	Right	EilersenSusanne	Eilersen, Susanne	F	1964	
ParlaMint-DK-en_2017-03-30-20161-M76	ParlaMint-DK_20170330101735	Hansard of the session of the Danish Parliament (Folketinget), 20161, M76 (2017-03-30), final version	2017-03-30	Unicameralism	Regeringen Lars Løkke Rasmussen III	20161	M76	-	-	Reference	English	Chairperson	MP	notMinister	DF	Dansk Folkeparti	-	Right	KjærsgaardPia	Kjærsgaard, Pia	F	1947	
ParlaMint-DK-en_2017-03-30-20161-M76	ParlaMint-DK_20170330101743	Hansard of the session of the Danish Parliament (Folketinget), 20161, M76 (2017-03-30), final version	2017-03-30	Unicameralism	Regeringen Lars Løkke Rasmussen III	20161	M76	-	-	Reference	English	Regular	MP	notMinister	V	Venstre	Coalition	Centre-right	HolstCarl	Holst, Carl	M	1970	
ParlaMint-DK-en_2017-03-30-20161-M76	ParlaMint-DK_20170330101953	Hansard of the session of the Danish Parliament (Folketinget), 20161, M76 (2017-03-30), final version	2017-03-30	Unicameralism	Regeringen Lars Løkke Rasmussen III	20161	M76	-	-	Reference	English	Chairperson	MP	notMinister	DF	Dansk Folkeparti	-	Right	KjærsgaardPia	Kjærsgaard, Pia	F	1947	
ParlaMint-DK-en_2017-03-30-20161-M76	ParlaMint-DK_20170330102005	Hansard of the session of the Danish Parliament (Folketinget), 20161, M76 (2017-03-30), final version	2017-03-30	Unicameralism	Regeringen Lars Løkke Rasmussen III	20161	M76	-	-	Reference	English	Regular	MP	notMinister	EL	Enhedslisten	Opposition	Left to far-left	SørensenFinn	Sørensen, Finn	M	1946	
ParlaMint-DK-en_2017-03-30-20161-M76	ParlaMint-DK_20170330102101	Hansard of the session of the Danish Parliament (Folketinget), 20161, M76 (2017-03-30), final version	2017-03-30	Unicameralism	Regeringen Lars Løkke Rasmussen III	20161	M76	-	-	Reference	English	Chairperson	MP	notMinister	DF	Dansk Folkeparti	-	Right	KjærsgaardPia	Kjærsgaard, Pia	F	1947	
ParlaMint-DK-en_2017-03-30-20161-M76	ParlaMint-DK_20170330102108	Hansard of the session of the Danish Parliament (Folketinget), 20161, M76 (2017-03-30), final version	2017-03-30	Unicameralism	Regeringen Lars Løkke Rasmussen III	20161	M76	-	-	Reference	English	Regular	MP	notMinister	LA	Liberal Alliance	Coalition	Centre-right to right	ChristensenVillum	Christensen, Villum	M	1954	
ParlaMint-DK-en_2017-03-30-20161-M76	ParlaMint-DK_20170330102220	Hansard of the session of the Danish Parliament (Folketinget), 20161, M76 (2017-03-30), final version	2017-03-30	Unicameralism	Regeringen Lars Løkke Rasmussen III	20161	M76	-	-	Reference	English	Chairperson	MP	notMinister	DF	Dansk Folkeparti	-	Right	KjærsgaardPia	Kjærsgaard, Pia	F	1947	
ParlaMint-DK-en_2017-03-30-20161-M76	ParlaMint-DK_20170330102226	Hansard of the session of the Danish Parliament (Folketinget), 20161, M76 (2017-03-30), final version	2017-03-30	Unicameralism	Regeringen Lars Løkke Rasmussen III	20161	M76	-	-	Reference	English	Regular	MP	notMinister	ALT	Alternativet	Opposition	Centre to centre-left	GejlTorsten	Gejl, Torsten	M	1964	
ParlaMint-DK-en_2017-03-30-20161-M76	ParlaMint-DK_20170330102333	Hansard of the session of the Danish Parliament (Folketinget), 20161, M76 (2017-03-30), final version	2017-03-30	Unicameralism	Regeringen Lars Løkke Rasmussen III	20161	M76	-	-	Reference	English	Chairperson	MP	notMinister	DF	Dansk Folkeparti	-	Right	KjærsgaardPia	Kjærsgaard, Pia	F	1947	
ParlaMint-DK-en_2017-03-30-20161-M76	ParlaMint-DK_20170330102337	Hansard of the session of the Danish Parliament (Folketinget), 20161, M76 (2017-03-30), final version	2017-03-30	Unicameralism	Regeringen Lars Løkke Rasmussen III	20161	M76	-	-	Reference	English	Regular	MP	notMinister	RV	Radikale Venstre	Opposition	Centre to centre-left	BjørnSanne	Bjørn, Sanne	F	1974	
ParlaMint-DK-en_2017-03-30-20161-M76	ParlaMint-DK_20170330102514	Hansard of the session of the Danish Parliament (Folketinget), 20161, M76 (2017-03-30), final version	2017-03-30	Unicameralism	Regeringen Lars Løkke Rasmussen III	20161	M76	-	-	Reference	English	Chairperson	MP	notMinister	DF	Dansk Folkeparti	-	Right	KjærsgaardPia	Kjærsgaard, Pia	F	1947	
ParlaMint-DK-en_2017-03-30-20161-M76	ParlaMint-DK_20170330102520	Hansard of the session of the Danish Parliament (Folketinget), 20161, M76 (2017-03-30), final version	2017-03-30	Unicameralism	Regeringen Lars Løkke Rasmussen III	20161	M76	-	-	Reference	English	Regular	MP	notMinister	SF	Socialistisk Folkeparti	Opposition	Centre-left to left	AndersenKirstenNormann	Andersen, Kirsten Normann	F	1962	
ParlaMint-DK-en_2017-03-30-20161-M76	ParlaMint-DK_20170330102635	Hansard of the session of the Danish Parliament (Folketinget), 20161, M76 (2017-03-30), final version	2017-03-30	Unicameralism	Regeringen Lars Løkke Rasmussen III	20161	M76	-	-	Reference	English	Chairperson	MP	notMinister	DF	Dansk Folkeparti	-	Right	KjærsgaardPia	Kjærsgaard, Pia	F	1947	
ParlaMint-DK-en_2017-03-30-20161-M76	ParlaMint-DK_20170330102642	Hansard of the session of the Danish Parliament (Folketinget), 20161, M76 (2017-03-30), final version	2017-03-30	Unicameralism	Regeringen Lars Løkke Rasmussen III	20161	M76	-	-	Reference	English	Regular	MP	notMinister	KF	Det Konservative Folkeparti	Coalition	Centre-right	JohanssonAnders	Johansson, Anders	M	1981	
ParlaMint-DK-en_2017-03-30-20161-M76	ParlaMint-DK_20170330102729	Hansard of the session of the Danish Parliament (Folketinget), 20161, M76 (2017-03-30), final version	2017-03-30	Unicameralism	Regeringen Lars Løkke Rasmussen III	20161	M76	-	-	Reference	English	Chairperson	MP	notMinister	DF	Dansk Folkeparti	-	Right	KjærsgaardPia	Kjærsgaard, Pia	F	1947	
ParlaMint-DK-en_2017-03-30-20161-M76	ParlaMint-DK_20170330102737	Hansard of the session of the Danish Parliament (Folketinget), 20161, M76 (2017-03-30), final version	2017-03-30	Unicameralism	Regeringen Lars Løkke Rasmussen III	20161	M76	-	-	Reference	English	Regular	MP	Minister	LA	Liberal Alliance	Coalition	Centre-right to right	AmmitzbøllSimonEmil	Ammitzbøll, Simon Emil	M	1977	
ParlaMint-DK-en_2017-03-30-20161-M76	ParlaMint-DK_20170330103138	Hansard of the session of the Danish Parliament (Folketinget), 20161, M76 (2017-03-30), final version	2017-03-30	Unicameralism	Regeringen Lars Løkke Rasmussen III	20161	M76	-	-	Reference	English	Chairperson	MP	notMinister	DF	Dansk Folkeparti	-	Right	KjærsgaardPia	Kjærsgaard, Pia	F	1947	
ParlaMint-DK-en_2017-03-30-20161-M76	ParlaMint-DK_20170330103153	Hansard of the session of the Danish Parliament (Folketinget), 20161, M76 (2017-03-30), final version	2017-03-30	Unicameralism	Regeringen Lars Løkke Rasmussen III	20161	M76	-	-	Reference	English	Chairperson	MP	notMinister	DF	Dansk Folkeparti	-	Right	KjærsgaardPia	Kjærsgaard, Pia	F	1947	
ParlaMint-DK-en_2017-03-30-20161-M76	ParlaMint-DK_20170330103224	Hansard of the session of the Danish Parliament (Folketinget), 20161, M76 (2017-03-30), final version	2017-03-30	Unicameralism	Regeringen Lars Løkke Rasmussen III	20161	M76	-	-	Reference	English	Regular	MP	Minister	LA	Liberal Alliance	Coalition	Centre-right to right	AmmitzbøllSimonEmil	Ammitzbøll, Simon Emil	M	1977	
ParlaMint-DK-en_2017-03-30-20161-M76	ParlaMint-DK_20170330103621	Hansard of the session of the Danish Parliament (Folketinget), 20161, M76 (2017-03-30), final version	2017-03-30	Unicameralism	Regeringen Lars Løkke Rasmussen III	20161	M76	-	-	Reference	English	Chairperson	MP	notMinister	DF	Dansk Folkeparti	-	Right	KjærsgaardPia	Kjærsgaard, Pia	F	1947	
ParlaMint-DK-en_2017-03-30-20161-M76	ParlaMint-DK_20170330103636	Hansard of the session of the Danish Parliament (Folketinget), 20161, M76 (2017-03-30), final version	2017-03-30	Unicameralism	Regeringen Lars Løkke Rasmussen III	20161	M76	-	-	Reference	English	Regular	MP	notMinister	S	Socialdemokratiet	Opposition	Centre-left	HeunickeMagnus	Heunicke, Magnus	M	1975	
ParlaMint-DK-en_2017-03-30-20161-M76	ParlaMint-DK_20170330104222	Hansard of the session of the Danish Parliament (Folketinget), 20161, M76 (2017-03-30), final version	2017-03-30	Unicameralism	Regeringen Lars Løkke Rasmussen III	20161	M76	-	-	Reference	English	Chairperson	MP	notMinister	DF	Dansk Folkeparti	-	Right	KjærsgaardPia	Kjærsgaard, Pia	F	1947	
ParlaMint-DK-en_2017-03-30-20161-M76	ParlaMint-DK_20170330104232	Hansard of the session of the Danish Parliament (Folketinget), 20161, M76 (2017-03-30), final version	2017-03-30	Unicameralism	Regeringen Lars Løkke Rasmussen III	20161	M76	-	-	Reference	English	Regular	MP	notMinister	DF	Dansk Folkeparti	-	Right	EilersenSusanne	Eilersen, Susanne	F	1964	
ParlaMint-DK-en_2017-03-30-20161-M76	ParlaMint-DK_20170330104328	Hansard of the session of the Danish Parliament (Folketinget), 20161, M76 (2017-03-30), final version	2017-03-30	Unicameralism	Regeringen Lars Løkke Rasmussen III	20161	M76	-	-	Reference	English	Chairperson	MP	notMinister	DF	Dansk Folkeparti	-	Right	KjærsgaardPia	Kjærsgaard, Pia	F	1947	
ParlaMint-DK-en_2017-03-30-20161-M76	ParlaMint-DK_20170330104331	Hansard of the session of the Danish Parliament (Folketinget), 20161, M76 (2017-03-30), final version	2017-03-30	Unicameralism	Regeringen Lars Løkke Rasmussen III	20161	M76	-	-	Reference	English	Regular	MP	notMinister	S	Socialdemokratiet	Opposition	Centre-left	HeunickeMagnus	Heunicke, Magnus	M	1975	
ParlaMint-DK-en_2017-03-30-20161-M76	ParlaMint-DK_20170330104415	Hansard of the session of the Danish Parliament (Folketinget), 20161, M76 (2017-03-30), final version	2017-03-30	Unicameralism	Regeringen Lars Løkke Rasmussen III	20161	M76	-	-	Reference	English	Chairperson	MP	notMinister	DF	Dansk Folkeparti	-	Right	KjærsgaardPia	Kjærsgaard, Pia	F	1947	
ParlaMint-DK-en_2017-03-30-20161-M76	ParlaMint-DK_20170330104416	Hansard of the session of the Danish Parliament (Folketinget), 20161, M76 (2017-03-30), final version	2017-03-30	Unicameralism	Regeringen Lars Løkke Rasmussen III	20161	M76	-	-	Reference	English	Regular	MP	notMinister	DF	Dansk Folkeparti	-	Right	EilersenSusanne	Eilersen, Susanne	F	1964	
ParlaMint-DK-en_2017-03-30-20161-M76	ParlaMint-DK_20170330104458	Hansard of the session of the Danish Parliament (Folketinget), 20161, M76 (2017-03-30), final version	2017-03-30	Unicameralism	Regeringen Lars Løkke Rasmussen III	20161	M76	-	-	Reference	English	Chairperson	MP	notMinister	DF	Dansk Folkeparti	-	Right	KjærsgaardPia	Kjærsgaard, Pia	F	1947	
ParlaMint-DK-en_2017-03-30-20161-M76	ParlaMint-DK_20170330104459	Hansard of the session of the Danish Parliament (Folketinget), 20161, M76 (2017-03-30), final version	2017-03-30	Unicameralism	Regeringen Lars Løkke Rasmussen III	20161	M76	-	-	Reference	English	Regular	MP	notMinister	S	Socialdemokratiet	Opposition	Centre-left	HeunickeMagnus	Heunicke, Magnus	M	1975	
ParlaMint-DK-en_2017-03-30-20161-M76	ParlaMint-DK_20170330104547	Hansard of the session of the Danish Parliament (Folketinget), 20161, M76 (2017-03-30), final version	2017-03-30	Unicameralism	Regeringen Lars Løkke Rasmussen III	20161	M76	-	-	Reference	English	Chairperson	MP	notMinister	DF	Dansk Folkeparti	-	Right	KjærsgaardPia	Kjærsgaard, Pia	F	1947	
ParlaMint-DK-en_2017-03-30-20161-M76	ParlaMint-DK_20170330104550	Hansard of the session of the Danish Parliament (Folketinget), 20161, M76 (2017-03-30), final version	2017-03-30	Unicameralism	Regeringen Lars Løkke Rasmussen III	20161	M76	-	-	Reference	English	Regular	MP	notMinister	DF	Dansk Folkeparti	-	Right	MarinusMorten	Marinus, Morten	M	1977	
ParlaMint-DK-en_2017-03-30-20161-M76	ParlaMint-DK_20170330104628	Hansard of the session of the Danish Parliament (Folketinget), 20161, M76 (2017-03-30), final version	2017-03-30	Unicameralism	Regeringen Lars Løkke Rasmussen III	20161	M76	-	-	Reference	English	Chairperson	MP	notMinister	DF	Dansk Folkeparti	-	Right	KjærsgaardPia	Kjærsgaard, Pia	F	1947	
ParlaMint-DK-en_2017-03-30-20161-M76	ParlaMint-DK_20170330104630	Hansard of the session of the Danish Parliament (Folketinget), 20161, M76 (2017-03-30), final version	2017-03-30	Unicameralism	Regeringen Lars Løkke Rasmussen III	20161	M76	-	-	Reference	English	Regular	MP	notMinister	S	Socialdemokratiet	Opposition	Centre-left	HeunickeMagnus	Heunicke, Magnus	M	1975	
ParlaMint-DK-en_2017-03-30-20161-M76	ParlaMint-DK_20170330104727	Hansard of the session of the Danish Parliament (Folketinget), 20161, M76 (2017-03-30), final version	2017-03-30	Unicameralism	Regeringen Lars Løkke Rasmussen III	20161	M76	-	-	Reference	English	Chairperson	MP	notMinister	DF	Dansk Folkeparti	-	Right	KjærsgaardPia	Kjærsgaard, Pia	F	1947	
ParlaMint-DK-en_2017-03-30-20161-M76	ParlaMint-DK_20170330104741	Hansard of the session of the Danish Parliament (Folketinget), 20161, M76 (2017-03-30), final version	2017-03-30	Unicameralism	Regeringen Lars Løkke Rasmussen III	20161	M76	-	-	Reference	English	Regular	MP	notMinister	V	Venstre	Coalition	Centre-right	HolstCarl	Holst, Carl	M	1970	
ParlaMint-DK-en_2017-03-30-20161-M76	ParlaMint-DK_20170330105053	Hansard of the session of the Danish Parliament (Folketinget), 20161, M76 (2017-03-30), final version	2017-03-30	Unicameralism	Regeringen Lars Løkke Rasmussen III	20161	M76	-	-	Reference	English	Chairperson	MP	notMinister	DF	Dansk Folkeparti	-	Right	KjærsgaardPia	Kjærsgaard, Pia	F	1947	
ParlaMint-DK-en_2017-03-30-20161-M76	ParlaMint-DK_20170330105108	Hansard of the session of the Danish Parliament (Folketinget), 20161, M76 (2017-03-30), final version	2017-03-30	Unicameralism	Regeringen Lars Løkke Rasmussen III	20161	M76	-	-	Reference	English	Regular	MP	notMinister	EL	Enhedslisten	Opposition	Left to far-left	SørensenFinn	Sørensen, Finn	M	1946	
ParlaMint-DK-en_2017-03-30-20161-M76	ParlaMint-DK_20170330105539	Hansard of the session of the Danish Parliament (Folketinget), 20161, M76 (2017-03-30), final version	2017-03-30	Unicameralism	Regeringen Lars Løkke Rasmussen III	20161	M76	-	-	Reference	English	Chairperson	MP	notMinister	DF	Dansk Folkeparti	-	Right	KjærsgaardPia	Kjærsgaard, Pia	F	1947	
ParlaMint-DK-en_2017-03-30-20161-M76	ParlaMint-DK_20170330105543	Hansard of the session of the Danish Parliament (Folketinget), 20161, M76 (2017-03-30), final version	2017-03-30	Unicameralism	Regeringen Lars Løkke Rasmussen III	20161	M76	-	-	Reference	English	Regular	MP	notMinister	LA	Liberal Alliance	Coalition	Centre-right to right	ChristensenVillum	Christensen, Villum	M	1954	
ParlaMint-DK-en_2017-03-30-20161-M76	ParlaMint-DK_20170330105852	Hansard of the session of the Danish Parliament (Folketinget), 20161, M76 (2017-03-30), final version	2017-03-30	Unicameralism	Regeringen Lars Løkke Rasmussen III	20161	M76	-	-	Reference	English	Chairperson	MP	notMinister	DF	Dansk Folkeparti	-	Right	KjærsgaardPia	Kjærsgaard, Pia	F	1947	
ParlaMint-DK-en_2017-03-30-20161-M76	ParlaMint-DK_20170330105856	Hansard of the session of the Danish Parliament (Folketinget), 20161, M76 (2017-03-30), final version	2017-03-30	Unicameralism	Regeringen Lars Løkke Rasmussen III	20161	M76	-	-	Reference	English	Regular	MP	notMinister	ALT	Alternativet	Opposition	Centre to centre-left	GejlTorsten	Gejl, Torsten	M	1964	
ParlaMint-DK-en_2017-03-30-20161-M76	ParlaMint-DK_20170330110034	Hansard of the session of the Danish Parliament (Folketinget), 20161, M76 (2017-03-30), final version	2017-03-30	Unicameralism	Regeringen Lars Løkke Rasmussen III	20161	M76	-	-	Reference	English	Chairperson	MP	notMinister	DF	Dansk Folkeparti	-	Right	KjærsgaardPia	Kjærsgaard, Pia	F	1947	
ParlaMint-DK-en_2017-03-30-20161-M76	ParlaMint-DK_20170330110038	Hansard of the session of the Danish Parliament (Folketinget), 20161, M76 (2017-03-30), final version	2017-03-30	Unicameralism	Regeringen Lars Løkke Rasmussen III	20161	M76	-	-	Reference	English	Regular	MP	notMinister	RV	Radikale Venstre	Opposition	Centre to centre-left	BjørnSanne	Bjørn, Sanne	F	1974	
ParlaMint-DK-en_2017-03-30-20161-M76	ParlaMint-DK_20170330110247	Hansard of the session of the Danish Parliament (Folketinget), 20161, M76 (2017-03-30), final version	2017-03-30	Unicameralism	Regeringen Lars Løkke Rasmussen III	20161	M76	-	-	Reference	English	Chairperson	MP	notMinister	DF	Dansk Folkeparti	-	Right	KjærsgaardPia	Kjærsgaard, Pia	F	1947	
ParlaMint-DK-en_2017-03-30-20161-M76	ParlaMint-DK_20170330110253	Hansard of the session of the Danish Parliament (Folketinget), 20161, M76 (2017-03-30), final version	2017-03-30	Unicameralism	Regeringen Lars Løkke Rasmussen III	20161	M76	-	-	Reference	English	Regular	MP	notMinister	SF	Socialistisk Folkeparti	Opposition	Centre-left to left	AndersenKirstenNormann	Andersen, Kirsten Normann	F	1962	
ParlaMint-DK-en_2017-03-30-20161-M76	ParlaMint-DK_20170330110414	Hansard of the session of the Danish Parliament (Folketinget), 20161, M76 (2017-03-30), final version	2017-03-30	Unicameralism	Regeringen Lars Løkke Rasmussen III	20161	M76	-	-	Reference	English	Chairperson	MP	notMinister	DF	Dansk Folkeparti	-	Right	KjærsgaardPia	Kjærsgaard, Pia	F	1947	
ParlaMint-DK-en_2017-03-30-20161-M76	ParlaMint-DK_20170330110417	Hansard of the session of the Danish Parliament (Folketinget), 20161, M76 (2017-03-30), final version	2017-03-30	Unicameralism	Regeringen Lars Løkke Rasmussen III	20161	M76	-	-	Reference	English	Regular	MP	notMinister	DF	Dansk Folkeparti	-	Right	EilersenSusanne	Eilersen, Susanne	F	1964	
ParlaMint-DK-en_2017-03-30-20161-M76	ParlaMint-DK_20170330110720	Hansard of the session of the Danish Parliament (Folketinget), 20161, M76 (2017-03-30), final version	2017-03-30	Unicameralism	Regeringen Lars Løkke Rasmussen III	20161	M76	-	-	Reference	English	Chairperson	MP	notMinister	DF	Dansk Folkeparti	-	Right	KjærsgaardPia	Kjærsgaard, Pia	F	1947	
ParlaMint-DK-en_2017-03-30-20161-M76	ParlaMint-DK_20170330110725	Hansard of the session of the Danish Parliament (Folketinget), 20161, M76 (2017-03-30), final version	2017-03-30	Unicameralism	Regeringen Lars Løkke Rasmussen III	20161	M76	-	-	Reference	English	Regular	MP	notMinister	S	Socialdemokratiet	Opposition	Centre-left	HeunickeMagnus	Heunicke, Magnus	M	1975	
ParlaMint-DK-en_2017-03-30-20161-M76	ParlaMint-DK_20170330110819	Hansard of the session of the Danish Parliament (Folketinget), 20161, M76 (2017-03-30), final version	2017-03-30	Unicameralism	Regeringen Lars Løkke Rasmussen III	20161	M76	-	-	Reference	English	Chairperson	MP	notMinister	DF	Dansk Folkeparti	-	Right	KjærsgaardPia	Kjærsgaard, Pia	F	1947	
ParlaMint-DK-en_2017-03-30-20161-M76	ParlaMint-DK_20170330110821	Hansard of the session of the Danish Parliament (Folketinget), 20161, M76 (2017-03-30), final version	2017-03-30	Unicameralism	Regeringen Lars Løkke Rasmussen III	20161	M76	-	-	Reference	English	Regular	MP	notMinister	DF	Dansk Folkeparti	-	Right	EilersenSusanne	Eilersen, Susanne	F	1964	
ParlaMint-DK-en_2017-03-30-20161-M76	ParlaMint-DK_20170330110900	Hansard of the session of the Danish Parliament (Folketinget), 20161, M76 (2017-03-30), final version	2017-03-30	Unicameralism	Regeringen Lars Løkke Rasmussen III	20161	M76	-	-	Reference	English	Chairperson	MP	notMinister	DF	Dansk Folkeparti	-	Right	KjærsgaardPia	Kjærsgaard, Pia	F	1947	
ParlaMint-DK-en_2017-03-30-20161-M76	ParlaMint-DK_20170330110909	Hansard of the session of the Danish Parliament (Folketinget), 20161, M76 (2017-03-30), final version	2017-03-30	Unicameralism	Regeringen Lars Løkke Rasmussen III	20161	M76	-	-	Reference	English	Regular	MP	Minister	LA	Liberal Alliance	Coalition	Centre-right to right	AmmitzbøllSimonEmil	Ammitzbøll, Simon Emil	M	1977	
ParlaMint-DK-en_2017-03-30-20161-M76	ParlaMint-DK_20170330110948	Hansard of the session of the Danish Parliament (Folketinget), 20161, M76 (2017-03-30), final version	2017-03-30	Unicameralism	Regeringen Lars Løkke Rasmussen III	20161	M76	-	-	Reference	English	Chairperson	MP	notMinister	DF	Dansk Folkeparti	-	Right	KjærsgaardPia	Kjærsgaard, Pia	F	1947	
ParlaMint-DK-en_2017-03-30-20161-M76	ParlaMint-DK_20170330111009	Hansard of the session of the Danish Parliament (Folketinget), 20161, M76 (2017-03-30), final version	2017-03-30	Unicameralism	Regeringen Lars Løkke Rasmussen III	20161	M76	-	-	Reference	English	Chairperson	MP	notMinister	DF	Dansk Folkeparti	-	Right	KjærsgaardPia	Kjærsgaard, Pia	F	1947	
ParlaMint-DK-en_2017-03-30-20161-M76	ParlaMint-DK_20170330111028	Hansard of the session of the Danish Parliament (Folketinget), 20161, M76 (2017-03-30), final version	2017-03-30	Unicameralism	Regeringen Lars Løkke Rasmussen III	20161	M76	-	-	Reference	English	Regular	MP	Minister	LA	Liberal Alliance	Coalition	Centre-right to right	AmmitzbøllSimonEmil	Ammitzbøll, Simon Emil	M	1977	
ParlaMint-DK-en_2017-03-30-20161-M76	ParlaMint-DK_20170330111326	Hansard of the session of the Danish Parliament (Folketinget), 20161, M76 (2017-03-30), final version	2017-03-30	Unicameralism	Regeringen Lars Løkke Rasmussen III	20161	M76	-	-	Reference	English	Chairperson	MP	notMinister	DF	Dansk Folkeparti	-	Right	KjærsgaardPia	Kjærsgaard, Pia	F	1947	
ParlaMint-DK-en_2017-03-30-20161-M76	ParlaMint-DK_20170330111335	Hansard of the session of the Danish Parliament (Folketinget), 20161, M76 (2017-03-30), final version	2017-03-30	Unicameralism	Regeringen Lars Løkke Rasmussen III	20161	M76	-	-	Reference	English	Regular	MP	notMinister	EL	Enhedslisten	Opposition	Left to far-left	SørensenFinn	Sørensen, Finn	M	1946	
ParlaMint-DK-en_2017-03-30-20161-M76	ParlaMint-DK_20170330111509	Hansard of the session of the Danish Parliament (Folketinget), 20161, M76 (2017-03-30), final version	2017-03-30	Unicameralism	Regeringen Lars Løkke Rasmussen III	20161	M76	-	-	Reference	English	Chairperson	MP	notMinister	DF	Dansk Folkeparti	-	Right	KjærsgaardPia	Kjærsgaard, Pia	F	1947	
ParlaMint-DK-en_2017-03-30-20161-M76	ParlaMint-DK_20170330111511	Hansard of the session of the Danish Parliament (Folketinget), 20161, M76 (2017-03-30), final version	2017-03-30	Unicameralism	Regeringen Lars Løkke Rasmussen III	20161	M76	-	-	Reference	English	Regular	MP	Minister	LA	Liberal Alliance	Coalition	Centre-right to right	AmmitzbøllSimonEmil	Ammitzbøll, Simon Emil	M	1977	
ParlaMint-DK-en_2017-03-30-20161-M76	ParlaMint-DK_20170330111613	Hansard of the session of the Danish Parliament (Folketinget), 20161, M76 (2017-03-30), final version	2017-03-30	Unicameralism	Regeringen Lars Løkke Rasmussen III	20161	M76	-	-	Reference	English	Chairperson	MP	notMinister	DF	Dansk Folkeparti	-	Right	KjærsgaardPia	Kjærsgaard, Pia	F	1947	
ParlaMint-DK-en_2017-03-30-20161-M76	ParlaMint-DK_20170330111614	Hansard of the session of the Danish Parliament (Folketinget), 20161, M76 (2017-03-30), final version	2017-03-30	Unicameralism	Regeringen Lars Løkke Rasmussen III	20161	M76	-	-	Reference	English	Regular	MP	notMinister	EL	Enhedslisten	Opposition	Left to far-left	SørensenFinn	Sørensen, Finn	M	1946	
ParlaMint-DK-en_2017-03-30-20161-M76	ParlaMint-DK_20170330111713	Hansard of the session of the Danish Parliament (Folketinget), 20161, M76 (2017-03-30), final version	2017-03-30	Unicameralism	Regeringen Lars Løkke Rasmussen III	20161	M76	-	-	Reference	English	Chairperson	MP	notMinister	DF	Dansk Folkeparti	-	Right	KjærsgaardPia	Kjærsgaard, Pia	F	1947	
ParlaMint-DK-en_2017-03-30-20161-M76	ParlaMint-DK_20170330111713-2	Hansard of the session of the Danish Parliament (Folketinget), 20161, M76 (2017-03-30), final version	2017-03-30	Unicameralism	Regeringen Lars Løkke Rasmussen III	20161	M76	-	-	Reference	English	Regular	MP	Minister	LA	Liberal Alliance	Coalition	Centre-right to right	AmmitzbøllSimonEmil	Ammitzbøll, Simon Emil	M	1977	
ParlaMint-DK-en_2017-03-30-20161-M76	ParlaMint-DK_20170330111802	Hansard of the session of the Danish Parliament (Folketinget), 20161, M76 (2017-03-30), final version	2017-03-30	Unicameralism	Regeringen Lars Løkke Rasmussen III	20161	M76	-	-	Reference	English	Chairperson	MP	notMinister	DF	Dansk Folkeparti	-	Right	KjærsgaardPia	Kjærsgaard, Pia	F	1947	
ParlaMint-DK-en_2017-03-30-20161-M76	ParlaMint-DK_20170330111804	Hansard of the session of the Danish Parliament (Folketinget), 20161, M76 (2017-03-30), final version	2017-03-30	Unicameralism	Regeringen Lars Løkke Rasmussen III	20161	M76	-	-	Reference	English	Regular	MP	notMinister	DF	Dansk Folkeparti	-	Right	EilersenSusanne	Eilersen, Susanne	F	1964	
ParlaMint-DK-en_2017-03-30-20161-M76	ParlaMint-DK_20170330111913	Hansard of the session of the Danish Parliament (Folketinget), 20161, M76 (2017-03-30), final version	2017-03-30	Unicameralism	Regeringen Lars Løkke Rasmussen III	20161	M76	-	-	Reference	English	Chairperson	MP	notMinister	DF	Dansk Folkeparti	-	Right	KjærsgaardPia	Kjærsgaard, Pia	F	1947	
ParlaMint-DK-en_2017-03-30-20161-M76	ParlaMint-DK_20170330111914	Hansard of the session of the Danish Parliament (Folketinget), 20161, M76 (2017-03-30), final version	2017-03-30	Unicameralism	Regeringen Lars Løkke Rasmussen III	20161	M76	-	-	Reference	English	Regular	MP	Minister	LA	Liberal Alliance	Coalition	Centre-right to right	AmmitzbøllSimonEmil	Ammitzbøll, Simon Emil	M	1977	
ParlaMint-DK-en_2017-03-30-20161-M76	ParlaMint-DK_20170330111941	Hansard of the session of the Danish Parliament (Folketinget), 20161, M76 (2017-03-30), final version	2017-03-30	Unicameralism	Regeringen Lars Løkke Rasmussen III	20161	M76	-	-	Reference	English	Chairperson	MP	notMinister	DF	Dansk Folkeparti	-	Right	KjærsgaardPia	Kjærsgaard, Pia	F	1947	
ParlaMint-DK-en_2017-03-30-20161-M76	ParlaMint-DK_20170330111942	Hansard of the session of the Danish Parliament (Folketinget), 20161, M76 (2017-03-30), final version	2017-03-30	Unicameralism	Regeringen Lars Løkke Rasmussen III	20161	M76	-	-	Reference	English	Regular	MP	notMinister	DF	Dansk Folkeparti	-	Right	EilersenSusanne	Eilersen, Susanne	F	1964	
ParlaMint-DK-en_2017-03-30-20161-M76	ParlaMint-DK_20170330112017	Hansard of the session of the Danish Parliament (Folketinget), 20161, M76 (2017-03-30), final version	2017-03-30	Unicameralism	Regeringen Lars Løkke Rasmussen III	20161	M76	-	-	Reference	English	Chairperson	MP	notMinister	DF	Dansk Folkeparti	-	Right	KjærsgaardPia	Kjærsgaard, Pia	F	1947	
ParlaMint-DK-en_2017-03-30-20161-M76	ParlaMint-DK_20170330112019	Hansard of the session of the Danish Parliament (Folketinget), 20161, M76 (2017-03-30), final version	2017-03-30	Unicameralism	Regeringen Lars Løkke Rasmussen III	20161	M76	-	-	Reference	English	Regular	MP	Minister	LA	Liberal Alliance	Coalition	Centre-right to right	AmmitzbøllSimonEmil	Ammitzbøll, Simon Emil	M	1977	
ParlaMint-DK-en_2017-03-30-20161-M76	ParlaMint-DK_20170330112106	Hansard of the session of the Danish Parliament (Folketinget), 20161, M76 (2017-03-30), final version	2017-03-30	Unicameralism	Regeringen Lars Løkke Rasmussen III	20161	M76	-	-	Reference	English	Chairperson	MP	notMinister	DF	Dansk Folkeparti	-	Right	KjærsgaardPia	Kjærsgaard, Pia	F	1947	
ParlaMint-DK-en_2017-03-30-20161-M76	ParlaMint-DK_20170330112109	Hansard of the session of the Danish Parliament (Folketinget), 20161, M76 (2017-03-30), final version	2017-03-30	Unicameralism	Regeringen Lars Løkke Rasmussen III	20161	M76	-	-	Reference	English	Regular	MP	notMinister	DF	Dansk Folkeparti	-	Right	MarinusMorten	Marinus, Morten	M	1977	
ParlaMint-DK-en_2017-03-30-20161-M76	ParlaMint-DK_20170330112143	Hansard of the session of the Danish Parliament (Folketinget), 20161, M76 (2017-03-30), final version	2017-03-30	Unicameralism	Regeringen Lars Løkke Rasmussen III	20161	M76	-	-	Reference	English	Chairperson	MP	notMinister	DF	Dansk Folkeparti	-	Right	KjærsgaardPia	Kjærsgaard, Pia	F	1947	
ParlaMint-DK-en_2017-03-30-20161-M76	ParlaMint-DK_20170330112143-2	Hansard of the session of the Danish Parliament (Folketinget), 20161, M76 (2017-03-30), final version	2017-03-30	Unicameralism	Regeringen Lars Løkke Rasmussen III	20161	M76	-	-	Reference	English	Regular	MP	Minister	LA	Liberal Alliance	Coalition	Centre-right to right	AmmitzbøllSimonEmil	Ammitzbøll, Simon Emil	M	1977	
ParlaMint-DK-en_2017-03-30-20161-M76	ParlaMint-DK_20170330112258	Hansard of the session of the Danish Parliament (Folketinget), 20161, M76 (2017-03-30), final version	2017-03-30	Unicameralism	Regeringen Lars Løkke Rasmussen III	20161	M76	-	-	Reference	English	Chairperson	MP	notMinister	DF	Dansk Folkeparti	-	Right	KjærsgaardPia	Kjærsgaard, Pia	F	1947	
ParlaMint-DK-en_2017-03-30-20161-M76	ParlaMint-DK_20170330112312	Hansard of the session of the Danish Parliament (Folketinget), 20161, M76 (2017-03-30), final version	2017-03-30	Unicameralism	Regeringen Lars Løkke Rasmussen III	20161	M76	-	-	Reference	English	Regular	MP	notMinister	S	Socialdemokratiet	Opposition	Centre-left	HeunickeMagnus	Heunicke, Magnus	M	1975	
ParlaMint-DK-en_2017-03-30-20161-M76	ParlaMint-DK_20170330112756	Hansard of the session of the Danish Parliament (Folketinget), 20161, M76 (2017-03-30), final version	2017-03-30	Unicameralism	Regeringen Lars Løkke Rasmussen III	20161	M76	-	-	Reference	English	Chairperson	MP	notMinister	DF	Dansk Folkeparti	-	Right	KjærsgaardPia	Kjærsgaard, Pia	F	1947	
ParlaMint-DK-en_2017-03-30-20161-M76	ParlaMint-DK_20170330112800	Hansard of the session of the Danish Parliament (Folketinget), 20161, M76 (2017-03-30), final version	2017-03-30	Unicameralism	Regeringen Lars Løkke Rasmussen III	20161	M76	-	-	Reference	English	Regular	MP	notMinister	DF	Dansk Folkeparti	-	Right	EilersenSusanne	Eilersen, Susanne	F	1964	
ParlaMint-DK-en_2017-03-30-20161-M76	ParlaMint-DK_20170330112902	Hansard of the session of the Danish Parliament (Folketinget), 20161, M76 (2017-03-30), final version	2017-03-30	Unicameralism	Regeringen Lars Løkke Rasmussen III	20161	M76	-	-	Reference	English	Chairperson	MP	notMinister	DF	Dansk Folkeparti	-	Right	KjærsgaardPia	Kjærsgaard, Pia	F	1947	
ParlaMint-DK-en_2017-03-30-20161-M76	ParlaMint-DK_20170330112903	Hansard of the session of the Danish Parliament (Folketinget), 20161, M76 (2017-03-30), final version	2017-03-30	Unicameralism	Regeringen Lars Løkke Rasmussen III	20161	M76	-	-	Reference	English	Regular	MP	notMinister	S	Socialdemokratiet	Opposition	Centre-left	HeunickeMagnus	Heunicke, Magnus	M	1975	
ParlaMint-DK-en_2017-03-30-20161-M76	ParlaMint-DK_20170330112941	Hansard of the session of the Danish Parliament (Folketinget), 20161, M76 (2017-03-30), final version	2017-03-30	Unicameralism	Regeringen Lars Løkke Rasmussen III	20161	M76	-	-	Reference	English	Chairperson	MP	notMinister	DF	Dansk Folkeparti	-	Right	KjærsgaardPia	Kjærsgaard, Pia	F	1947	
ParlaMint-DK-en_2017-03-30-20161-M76	ParlaMint-DK_20170330112942	Hansard of the session of the Danish Parliament (Folketinget), 20161, M76 (2017-03-30), final version	2017-03-30	Unicameralism	Regeringen Lars Løkke Rasmussen III	20161	M76	-	-	Reference	English	Regular	MP	notMinister	DF	Dansk Folkeparti	-	Right	EilersenSusanne	Eilersen, Susanne	F	1964	
ParlaMint-DK-en_2017-03-30-20161-M76	ParlaMint-DK_20170330113043	Hansard of the session of the Danish Parliament (Folketinget), 20161, M76 (2017-03-30), final version	2017-03-30	Unicameralism	Regeringen Lars Løkke Rasmussen III	20161	M76	-	-	Reference	English	Chairperson	MP	notMinister	DF	Dansk Folkeparti	-	Right	KjærsgaardPia	Kjærsgaard, Pia	F	1947	
ParlaMint-DK-en_2017-03-30-20161-M76	ParlaMint-DK_20170330113044	Hansard of the session of the Danish Parliament (Folketinget), 20161, M76 (2017-03-30), final version	2017-03-30	Unicameralism	Regeringen Lars Løkke Rasmussen III	20161	M76	-	-	Reference	English	Regular	MP	notMinister	S	Socialdemokratiet	Opposition	Centre-left	HeunickeMagnus	Heunicke, Magnus	M	1975	
ParlaMint-DK-en_2017-03-30-20161-M76	ParlaMint-DK_20170330113127	Hansard of the session of the Danish Parliament (Folketinget), 20161, M76 (2017-03-30), final version	2017-03-30	Unicameralism	Regeringen Lars Løkke Rasmussen III	20161	M76	-	-	Reference	English	Chairperson	MP	notMinister	DF	Dansk Folkeparti	-	Right	KjærsgaardPia	Kjærsgaard, Pia	F	1947	
ParlaMint-DK-en_2017-03-30-20161-M76	ParlaMint-DK_20170330113130	Hansard of the session of the Danish Parliament (Folketinget), 20161, M76 (2017-03-30), final version	2017-03-30	Unicameralism	Regeringen Lars Løkke Rasmussen III	20161	M76	-	-	Reference	English	Regular	MP	notMinister	RV	Radikale Venstre	Opposition	Centre to centre-left	BjørnSanne	Bjørn, Sanne	F	1974	
ParlaMint-DK-en_2017-03-30-20161-M76	ParlaMint-DK_20170330113201	Hansard of the session of the Danish Parliament (Folketinget), 20161, M76 (2017-03-30), final version	2017-03-30	Unicameralism	Regeringen Lars Løkke Rasmussen III	20161	M76	-	-	Reference	English	Chairperson	MP	notMinister	DF	Dansk Folkeparti	-	Right	KjærsgaardPia	Kjærsgaard, Pia	F	1947	
ParlaMint-DK-en_2017-03-30-20161-M76	ParlaMint-DK_20170330113202	Hansard of the session of the Danish Parliament (Folketinget), 20161, M76 (2017-03-30), final version	2017-03-30	Unicameralism	Regeringen Lars Løkke Rasmussen III	20161	M76	-	-	Reference	English	Regular	MP	notMinister	S	Socialdemokratiet	Opposition	Centre-left	HeunickeMagnus	Heunicke, Magnus	M	1975	
ParlaMint-DK-en_2017-03-30-20161-M76	ParlaMint-DK_20170330113328	Hansard of the session of the Danish Parliament (Folketinget), 20161, M76 (2017-03-30), final version	2017-03-30	Unicameralism	Regeringen Lars Løkke Rasmussen III	20161	M76	-	-	Reference	English	Chairperson	MP	notMinister	DF	Dansk Folkeparti	-	Right	KjærsgaardPia	Kjærsgaard, Pia	F	1947	
ParlaMint-DK-en_2017-03-30-20161-M76	ParlaMint-DK_20170330113329	Hansard of the session of the Danish Parliament (Folketinget), 20161, M76 (2017-03-30), final version	2017-03-30	Unicameralism	Regeringen Lars Løkke Rasmussen III	20161	M76	-	-	Reference	English	Regular	MP	notMinister	RV	Radikale Venstre	Opposition	Centre to centre-left	BjørnSanne	Bjørn, Sanne	F	1974	
ParlaMint-DK-en_2017-03-30-20161-M76	ParlaMint-DK_20170330113357	Hansard of the session of the Danish Parliament (Folketinget), 20161, M76 (2017-03-30), final version	2017-03-30	Unicameralism	Regeringen Lars Løkke Rasmussen III	20161	M76	-	-	Reference	English	Chairperson	MP	notMinister	DF	Dansk Folkeparti	-	Right	KjærsgaardPia	Kjærsgaard, Pia	F	1947	
ParlaMint-DK-en_2017-03-30-20161-M76	ParlaMint-DK_20170330113358	Hansard of the session of the Danish Parliament (Folketinget), 20161, M76 (2017-03-30), final version	2017-03-30	Unicameralism	Regeringen Lars Løkke Rasmussen III	20161	M76	-	-	Reference	English	Regular	MP	notMinister	S	Socialdemokratiet	Opposition	Centre-left	HeunickeMagnus	Heunicke, Magnus	M	1975	
ParlaMint-DK-en_2017-03-30-20161-M76	ParlaMint-DK_20170330113459	Hansard of the session of the Danish Parliament (Folketinget), 20161, M76 (2017-03-30), final version	2017-03-30	Unicameralism	Regeringen Lars Løkke Rasmussen III	20161	M76	-	-	Reference	English	Chairperson	MP	notMinister	DF	Dansk Folkeparti	-	Right	KjærsgaardPia	Kjærsgaard, Pia	F	1947	
ParlaMint-DK-en_2017-03-30-20161-M76	ParlaMint-DK_20170330113502	Hansard of the session of the Danish Parliament (Folketinget), 20161, M76 (2017-03-30), final version	2017-03-30	Unicameralism	Regeringen Lars Løkke Rasmussen III	20161	M76	-	-	Reference	English	Regular	MP	notMinister	DF	Dansk Folkeparti	-	Right	MarinusMorten	Marinus, Morten	M	1977	
ParlaMint-DK-en_2017-03-30-20161-M76	ParlaMint-DK_20170330113616	Hansard of the session of the Danish Parliament (Folketinget), 20161, M76 (2017-03-30), final version	2017-03-30	Unicameralism	Regeringen Lars Løkke Rasmussen III	20161	M76	-	-	Reference	English	Chairperson	MP	notMinister	DF	Dansk Folkeparti	-	Right	KjærsgaardPia	Kjærsgaard, Pia	F	1947	
ParlaMint-DK-en_2017-03-30-20161-M76	ParlaMint-DK_20170330113617	Hansard of the session of the Danish Parliament (Folketinget), 20161, M76 (2017-03-30), final version	2017-03-30	Unicameralism	Regeringen Lars Løkke Rasmussen III	20161	M76	-	-	Reference	English	Regular	MP	notMinister	S	Socialdemokratiet	Opposition	Centre-left	HeunickeMagnus	Heunicke, Magnus	M	1975	
ParlaMint-DK-en_2017-03-30-20161-M76	ParlaMint-DK_20170330113718	Hansard of the session of the Danish Parliament (Folketinget), 20161, M76 (2017-03-30), final version	2017-03-30	Unicameralism	Regeringen Lars Løkke Rasmussen III	20161	M76	-	-	Reference	English	Chairperson	MP	notMinister	DF	Dansk Folkeparti	-	Right	KjærsgaardPia	Kjærsgaard, Pia	F	1947	
ParlaMint-DK-en_2017-03-30-20161-M76	ParlaMint-DK_20170330113719	Hansard of the session of the Danish Parliament (Folketinget), 20161, M76 (2017-03-30), final version	2017-03-30	Unicameralism	Regeringen Lars Løkke Rasmussen III	20161	M76	-	-	Reference	English	Regular	MP	notMinister	DF	Dansk Folkeparti	-	Right	MarinusMorten	Marinus, Morten	M	1977	
ParlaMint-DK-en_2017-03-30-20161-M76	ParlaMint-DK_20170330113754	Hansard of the session of the Danish Parliament (Folketinget), 20161, M76 (2017-03-30), final version	2017-03-30	Unicameralism	Regeringen Lars Løkke Rasmussen III	20161	M76	-	-	Reference	English	Chairperson	MP	notMinister	DF	Dansk Folkeparti	-	Right	KjærsgaardPia	Kjærsgaard, Pia	F	1947	
ParlaMint-DK-en_2017-03-30-20161-M76	ParlaMint-DK_20170330113755	Hansard of the session of the Danish Parliament (Folketinget), 20161, M76 (2017-03-30), final version	2017-03-30	Unicameralism	Regeringen Lars Løkke Rasmussen III	20161	M76	-	-	Reference	English	Regular	MP	notMinister	S	Socialdemokratiet	Opposition	Centre-left	HeunickeMagnus	Heunicke, Magnus	M	1975	
ParlaMint-DK-en_2017-03-30-20161-M76	ParlaMint-DK_20170330113830	Hansard of the session of the Danish Parliament (Folketinget), 20161, M76 (2017-03-30), final version	2017-03-30	Unicameralism	Regeringen Lars Løkke Rasmussen III	20161	M76	-	-	Reference	English	Chairperson	MP	notMinister	DF	Dansk Folkeparti	-	Right	KjærsgaardPia	Kjærsgaard, Pia	F	1947	
ParlaMint-DK-en_2017-03-30-20161-M76	ParlaMint-DK_20170330113839	Hansard of the session of the Danish Parliament (Folketinget), 20161, M76 (2017-03-30), final version	2017-03-30	Unicameralism	Regeringen Lars Løkke Rasmussen III	20161	M76	-	-	Reference	English	Regular	MP	notMinister	V	Venstre	Coalition	Centre-right	HolstCarl	Holst, Carl	M	1970	
ParlaMint-DK-en_2017-03-30-20161-M76	ParlaMint-DK_20170330114333	Hansard of the session of the Danish Parliament (Folketinget), 20161, M76 (2017-03-30), final version	2017-03-30	Unicameralism	Regeringen Lars Løkke Rasmussen III	20161	M76	-	-	Reference	English	Chairperson	MP	notMinister	DF	Dansk Folkeparti	-	Right	KjærsgaardPia	Kjærsgaard, Pia	F	1947	
ParlaMint-DK-en_2017-03-30-20161-M76	ParlaMint-DK_20170330114337	Hansard of the session of the Danish Parliament (Folketinget), 20161, M76 (2017-03-30), final version	2017-03-30	Unicameralism	Regeringen Lars Løkke Rasmussen III	20161	M76	-	-	Reference	English	Regular	MP	notMinister	DF	Dansk Folkeparti	-	Right	EilersenSusanne	Eilersen, Susanne	F	1964	
ParlaMint-DK-en_2017-03-30-20161-M76	ParlaMint-DK_20170330114443	Hansard of the session of the Danish Parliament (Folketinget), 20161, M76 (2017-03-30), final version	2017-03-30	Unicameralism	Regeringen Lars Løkke Rasmussen III	20161	M76	-	-	Reference	English	Chairperson	MP	notMinister	DF	Dansk Folkeparti	-	Right	KjærsgaardPia	Kjærsgaard, Pia	F	1947	
ParlaMint-DK-en_2017-03-30-20161-M76	ParlaMint-DK_20170330114444	Hansard of the session of the Danish Parliament (Folketinget), 20161, M76 (2017-03-30), final version	2017-03-30	Unicameralism	Regeringen Lars Løkke Rasmussen III	20161	M76	-	-	Reference	English	Regular	MP	notMinister	V	Venstre	Coalition	Centre-right	HolstCarl	Holst, Carl	M	1970	
ParlaMint-DK-en_2017-03-30-20161-M76	ParlaMint-DK_20170330114530	Hansard of the session of the Danish Parliament (Folketinget), 20161, M76 (2017-03-30), final version	2017-03-30	Unicameralism	Regeringen Lars Løkke Rasmussen III	20161	M76	-	-	Reference	English	Chairperson	MP	notMinister	DF	Dansk Folkeparti	-	Right	KjærsgaardPia	Kjærsgaard, Pia	F	1947	
ParlaMint-DK-en_2017-03-30-20161-M76	ParlaMint-DK_20170330114532	Hansard of the session of the Danish Parliament (Folketinget), 20161, M76 (2017-03-30), final version	2017-03-30	Unicameralism	Regeringen Lars Løkke Rasmussen III	20161	M76	-	-	Reference	English	Regular	MP	notMinister	DF	Dansk Folkeparti	-	Right	EilersenSusanne	Eilersen, Susanne	F	1964	
ParlaMint-DK-en_2017-03-30-20161-M76	ParlaMint-DK_20170330114619	Hansard of the session of the Danish Parliament (Folketinget), 20161, M76 (2017-03-30), final version	2017-03-30	Unicameralism	Regeringen Lars Løkke Rasmussen III	20161	M76	-	-	Reference	English	Chairperson	MP	notMinister	DF	Dansk Folkeparti	-	Right	KjærsgaardPia	Kjærsgaard, Pia	F	1947	
ParlaMint-DK-en_2017-03-30-20161-M76	ParlaMint-DK_20170330114619-2	Hansard of the session of the Danish Parliament (Folketinget), 20161, M76 (2017-03-30), final version	2017-03-30	Unicameralism	Regeringen Lars Løkke Rasmussen III	20161	M76	-	-	Reference	English	Regular	MP	notMinister	V	Venstre	Coalition	Centre-right	HolstCarl	Holst, Carl	M	1970	
ParlaMint-DK-en_2017-03-30-20161-M76	ParlaMint-DK_20170330114718	Hansard of the session of the Danish Parliament (Folketinget), 20161, M76 (2017-03-30), final version	2017-03-30	Unicameralism	Regeringen Lars Løkke Rasmussen III	20161	M76	-	-	Reference	English	Chairperson	MP	notMinister	DF	Dansk Folkeparti	-	Right	KjærsgaardPia	Kjærsgaard, Pia	F	1947	
ParlaMint-DK-en_2017-03-30-20161-M76	ParlaMint-DK_20170330114721	Hansard of the session of the Danish Parliament (Folketinget), 20161, M76 (2017-03-30), final version	2017-03-30	Unicameralism	Regeringen Lars Løkke Rasmussen III	20161	M76	-	-	Reference	English	Regular	MP	notMinister	DF	Dansk Folkeparti	-	Right	MarinusMorten	Marinus, Morten	M	1977	
ParlaMint-DK-en_2017-03-30-20161-M76	ParlaMint-DK_20170330114747	Hansard of the session of the Danish Parliament (Folketinget), 20161, M76 (2017-03-30), final version	2017-03-30	Unicameralism	Regeringen Lars Løkke Rasmussen III	20161	M76	-	-	Reference	English	Chairperson	MP	notMinister	DF	Dansk Folkeparti	-	Right	KjærsgaardPia	Kjærsgaard, Pia	F	1947	
ParlaMint-DK-en_2017-03-30-20161-M76	ParlaMint-DK_20170330114748	Hansard of the session of the Danish Parliament (Folketinget), 20161, M76 (2017-03-30), final version	2017-03-30	Unicameralism	Regeringen Lars Løkke Rasmussen III	20161	M76	-	-	Reference	English	Regular	MP	notMinister	V	Venstre	Coalition	Centre-right	HolstCarl	Holst, Carl	M	1970	
ParlaMint-DK-en_2017-03-30-20161-M76	ParlaMint-DK_20170330114828	Hansard of the session of the Danish Parliament (Folketinget), 20161, M76 (2017-03-30), final version	2017-03-30	Unicameralism	Regeringen Lars Løkke Rasmussen III	20161	M76	-	-	Reference	English	Chairperson	MP	notMinister	DF	Dansk Folkeparti	-	Right	KjærsgaardPia	Kjærsgaard, Pia	F	1947	
ParlaMint-DK-en_2017-03-30-20161-M76	ParlaMint-DK_20170330114830	Hansard of the session of the Danish Parliament (Folketinget), 20161, M76 (2017-03-30), final version	2017-03-30	Unicameralism	Regeringen Lars Løkke Rasmussen III	20161	M76	-	-	Reference	English	Regular	MP	notMinister	DF	Dansk Folkeparti	-	Right	MarinusMorten	Marinus, Morten	M	1977	
ParlaMint-DK-en_2017-03-30-20161-M76	ParlaMint-DK_20170330114918	Hansard of the session of the Danish Parliament (Folketinget), 20161, M76 (2017-03-30), final version	2017-03-30	Unicameralism	Regeringen Lars Løkke Rasmussen III	20161	M76	-	-	Reference	English	Chairperson	MP	notMinister	DF	Dansk Folkeparti	-	Right	KjærsgaardPia	Kjærsgaard, Pia	F	1947	
ParlaMint-DK-en_2017-03-30-20161-M76	ParlaMint-DK_20170330114920	Hansard of the session of the Danish Parliament (Folketinget), 20161, M76 (2017-03-30), final version	2017-03-30	Unicameralism	Regeringen Lars Løkke Rasmussen III	20161	M76	-	-	Reference	English	Regular	MP	notMinister	V	Venstre	Coalition	Centre-right	HolstCarl	Holst, Carl	M	1970	
ParlaMint-DK-en_2017-03-30-20161-M76	ParlaMint-DK_20170330114949	Hansard of the session of the Danish Parliament (Folketinget), 20161, M76 (2017-03-30), final version	2017-03-30	Unicameralism	Regeringen Lars Løkke Rasmussen III	20161	M76	-	-	Reference	English	Chairperson	MP	notMinister	DF	Dansk Folkeparti	-	Right	KjærsgaardPia	Kjærsgaard, Pia	F	1947	
ParlaMint-DK-en_2017-03-30-20161-M76	ParlaMint-DK_20170330115000	Hansard of the session of the Danish Parliament (Folketinget), 20161, M76 (2017-03-30), final version	2017-03-30	Unicameralism	Regeringen Lars Løkke Rasmussen III	20161	M76	-	-	Reference	English	Regular	MP	notMinister	EL	Enhedslisten	Opposition	Left to far-left	SørensenFinn	Sørensen, Finn	M	1946	
ParlaMint-DK-en_2017-03-30-20161-M76	ParlaMint-DK_20170330115444	Hansard of the session of the Danish Parliament (Folketinget), 20161, M76 (2017-03-30), final version	2017-03-30	Unicameralism	Regeringen Lars Løkke Rasmussen III	20161	M76	-	-	Reference	English	Chairperson	MP	notMinister	DF	Dansk Folkeparti	-	Right	KjærsgaardPia	Kjærsgaard, Pia	F	1947	
ParlaMint-DK-en_2017-03-30-20161-M76	ParlaMint-DK_20170330115452	Hansard of the session of the Danish Parliament (Folketinget), 20161, M76 (2017-03-30), final version	2017-03-30	Unicameralism	Regeringen Lars Løkke Rasmussen III	20161	M76	-	-	Reference	English	Regular	MP	notMinister	LA	Liberal Alliance	Coalition	Centre-right to right	ChristensenVillum	Christensen, Villum	M	1954	
ParlaMint-DK-en_2017-03-30-20161-M76	ParlaMint-DK_20170330115604	Hansard of the session of the Danish Parliament (Folketinget), 20161, M76 (2017-03-30), final version	2017-03-30	Unicameralism	Regeringen Lars Løkke Rasmussen III	20161	M76	-	-	Reference	English	Chairperson	MP	notMinister	DF	Dansk Folkeparti	-	Right	KjærsgaardPia	Kjærsgaard, Pia	F	1947	
ParlaMint-DK-en_2017-03-30-20161-M76	ParlaMint-DK_20170330130006	Hansard of the session of the Danish Parliament (Folketinget), 20161, M76 (2017-03-30), final version	2017-03-30	Unicameralism	Regeringen Lars Løkke Rasmussen III	20161	M76	-	-	Reference	English	Chairperson	MP	notMinister	V	Venstre	Coalition	Centre-right	BonnesenErling	Bonnesen, Erling	M	1955	
ParlaMint-DK-en_2017-03-30-20161-M76	ParlaMint-DK_20170330130024	Hansard of the session of the Danish Parliament (Folketinget), 20161, M76 (2017-03-30), final version	2017-03-30	Unicameralism	Regeringen Lars Løkke Rasmussen III	20161	M76	-	-	Reference	English	Regular	MP	notMinister	ALT	Alternativet	Opposition	Centre to centre-left	GejlTorsten	Gejl, Torsten	M	1964	
ParlaMint-DK-en_2017-03-30-20161-M76	ParlaMint-DK_20170330130128	Hansard of the session of the Danish Parliament (Folketinget), 20161, M76 (2017-03-30), final version	2017-03-30	Unicameralism	Regeringen Lars Løkke Rasmussen III	20161	M76	-	-	Reference	English	Chairperson	MP	notMinister	V	Venstre	Coalition	Centre-right	BonnesenErling	Bonnesen, Erling	M	1955	
ParlaMint-DK-en_2017-03-30-20161-M76	ParlaMint-DK_20170330130143	Hansard of the session of the Danish Parliament (Folketinget), 20161, M76 (2017-03-30), final version	2017-03-30	Unicameralism	Regeringen Lars Løkke Rasmussen III	20161	M76	-	-	Reference	English	Regular	MP	notMinister	RV	Radikale Venstre	Opposition	Centre to centre-left	BjørnSanne	Bjørn, Sanne	F	1974	
ParlaMint-DK-en_2017-03-30-20161-M76	ParlaMint-DK_20170330130323	Hansard of the session of the Danish Parliament (Folketinget), 20161, M76 (2017-03-30), final version	2017-03-30	Unicameralism	Regeringen Lars Løkke Rasmussen III	20161	M76	-	-	Reference	English	Chairperson	MP	notMinister	V	Venstre	Coalition	Centre-right	BonnesenErling	Bonnesen, Erling	M	1955	
ParlaMint-DK-en_2017-03-30-20161-M76	ParlaMint-DK_20170330130332	Hansard of the session of the Danish Parliament (Folketinget), 20161, M76 (2017-03-30), final version	2017-03-30	Unicameralism	Regeringen Lars Løkke Rasmussen III	20161	M76	-	-	Reference	English	Regular	MP	notMinister	SF	Socialistisk Folkeparti	Opposition	Centre-left to left	AndersenKirstenNormann	Andersen, Kirsten Normann	F	1962	
ParlaMint-DK-en_2017-03-30-20161-M76	ParlaMint-DK_20170330130436	Hansard of the session of the Danish Parliament (Folketinget), 20161, M76 (2017-03-30), final version	2017-03-30	Unicameralism	Regeringen Lars Løkke Rasmussen III	20161	M76	-	-	Reference	English	Chairperson	MP	notMinister	V	Venstre	Coalition	Centre-right	BonnesenErling	Bonnesen, Erling	M	1955	
ParlaMint-DK-en_2017-03-30-20161-M76	ParlaMint-DK_20170330130449	Hansard of the session of the Danish Parliament (Folketinget), 20161, M76 (2017-03-30), final version	2017-03-30	Unicameralism	Regeringen Lars Løkke Rasmussen III	20161	M76	-	-	Reference	English	Regular	MP	notMinister	DF	Dansk Folkeparti	-	Right	EilersenSusanne	Eilersen, Susanne	F	1964	
ParlaMint-DK-en_2017-03-30-20161-M76	ParlaMint-DK_20170330130744	Hansard of the session of the Danish Parliament (Folketinget), 20161, M76 (2017-03-30), final version	2017-03-30	Unicameralism	Regeringen Lars Løkke Rasmussen III	20161	M76	-	-	Reference	English	Chairperson	MP	notMinister	V	Venstre	Coalition	Centre-right	BonnesenErling	Bonnesen, Erling	M	1955	
ParlaMint-DK-en_2017-03-30-20161-M76	ParlaMint-DK_20170330130807	Hansard of the session of the Danish Parliament (Folketinget), 20161, M76 (2017-03-30), final version	2017-03-30	Unicameralism	Regeringen Lars Løkke Rasmussen III	20161	M76	-	-	Reference	English	Chairperson	MP	notMinister	V	Venstre	Coalition	Centre-right	BonnesenErling	Bonnesen, Erling	M	1955	
ParlaMint-DK-en_2017-03-30-20161-M76	ParlaMint-DK_20170330131205	Hansard of the session of the Danish Parliament (Folketinget), 20161, M76 (2017-03-30), final version	2017-03-30	Unicameralism	Regeringen Lars Løkke Rasmussen III	20161	M76	-	-	Reference	English	Chairperson	MP	notMinister	V	Venstre	Coalition	Centre-right	BonnesenErling	Bonnesen, Erling	M	1955	
ParlaMint-DK-en_2017-03-30-20161-M76	ParlaMint-DK_20170330131232	Hansard of the session of the Danish Parliament (Folketinget), 20161, M76 (2017-03-30), final version	2017-03-30	Unicameralism	Regeringen Lars Løkke Rasmussen III	20161	M76	-	-	Reference	English	Regular	MP	notMinister	S	Socialdemokratiet	Opposition	Centre-left	PrehnRasmus	Prehn, Rasmus	M	1973	
ParlaMint-DK-en_2017-03-30-20161-M76	ParlaMint-DK_20170330131751	Hansard of the session of the Danish Parliament (Folketinget), 20161, M76 (2017-03-30), final version	2017-03-30	Unicameralism	Regeringen Lars Løkke Rasmussen III	20161	M76	-	-	Reference	English	Chairperson	MP	notMinister	V	Venstre	Coalition	Centre-right	BonnesenErling	Bonnesen, Erling	M	1955	
ParlaMint-DK-en_2017-03-30-20161-M76	ParlaMint-DK_20170330131758	Hansard of the session of the Danish Parliament (Folketinget), 20161, M76 (2017-03-30), final version	2017-03-30	Unicameralism	Regeringen Lars Løkke Rasmussen III	20161	M76	-	-	Reference	English	Regular	MP	notMinister	EL	Enhedslisten	Opposition	Left to far-left	HyllestedHenning	Hyllested, Henning	M	1954	
ParlaMint-DK-en_2017-03-30-20161-M76	ParlaMint-DK_20170330131850	Hansard of the session of the Danish Parliament (Folketinget), 20161, M76 (2017-03-30), final version	2017-03-30	Unicameralism	Regeringen Lars Løkke Rasmussen III	20161	M76	-	-	Reference	English	Chairperson	MP	notMinister	V	Venstre	Coalition	Centre-right	BonnesenErling	Bonnesen, Erling	M	1955	
ParlaMint-DK-en_2017-03-30-20161-M76	ParlaMint-DK_20170330131852	Hansard of the session of the Danish Parliament (Folketinget), 20161, M76 (2017-03-30), final version	2017-03-30	Unicameralism	Regeringen Lars Løkke Rasmussen III	20161	M76	-	-	Reference	English	Regular	MP	notMinister	S	Socialdemokratiet	Opposition	Centre-left	PrehnRasmus	Prehn, Rasmus	M	1973	
ParlaMint-DK-en_2017-03-30-20161-M76	ParlaMint-DK_20170330132005	Hansard of the session of the Danish Parliament (Folketinget), 20161, M76 (2017-03-30), final version	2017-03-30	Unicameralism	Regeringen Lars Løkke Rasmussen III	20161	M76	-	-	Reference	English	Chairperson	MP	notMinister	V	Venstre	Coalition	Centre-right	BonnesenErling	Bonnesen, Erling	M	1955	
ParlaMint-DK-en_2017-03-30-20161-M76	ParlaMint-DK_20170330132007	Hansard of the session of the Danish Parliament (Folketinget), 20161, M76 (2017-03-30), final version	2017-03-30	Unicameralism	Regeringen Lars Løkke Rasmussen III	20161	M76	-	-	Reference	English	Regular	MP	notMinister	EL	Enhedslisten	Opposition	Left to far-left	HyllestedHenning	Hyllested, Henning	M	1954	
ParlaMint-DK-en_2017-03-30-20161-M76	ParlaMint-DK_20170330132054	Hansard of the session of the Danish Parliament (Folketinget), 20161, M76 (2017-03-30), final version	2017-03-30	Unicameralism	Regeringen Lars Løkke Rasmussen III	20161	M76	-	-	Reference	English	Chairperson	MP	notMinister	V	Venstre	Coalition	Centre-right	BonnesenErling	Bonnesen, Erling	M	1955	
ParlaMint-DK-en_2017-03-30-20161-M76	ParlaMint-DK_20170330132056	Hansard of the session of the Danish Parliament (Folketinget), 20161, M76 (2017-03-30), final version	2017-03-30	Unicameralism	Regeringen Lars Løkke Rasmussen III	20161	M76	-	-	Reference	English	Regular	MP	notMinister	S	Socialdemokratiet	Opposition	Centre-left	PrehnRasmus	Prehn, Rasmus	M	1973	
ParlaMint-DK-en_2017-03-30-20161-M76	ParlaMint-DK_20170330132131	Hansard of the session of the Danish Parliament (Folketinget), 20161, M76 (2017-03-30), final version	2017-03-30	Unicameralism	Regeringen Lars Løkke Rasmussen III	20161	M76	-	-	Reference	English	Chairperson	MP	notMinister	V	Venstre	Coalition	Centre-right	BonnesenErling	Bonnesen, Erling	M	1955	
ParlaMint-DK-en_2017-03-30-20161-M76	ParlaMint-DK_20170330132140	Hansard of the session of the Danish Parliament (Folketinget), 20161, M76 (2017-03-30), final version	2017-03-30	Unicameralism	Regeringen Lars Løkke Rasmussen III	20161	M76	-	-	Reference	English	Regular	MP	notMinister	DF	Dansk Folkeparti	-	Right	ChristiansenKim	Christiansen, Kim	M	1956	
ParlaMint-DK-en_2017-03-30-20161-M76	ParlaMint-DK_20170330132344	Hansard of the session of the Danish Parliament (Folketinget), 20161, M76 (2017-03-30), final version	2017-03-30	Unicameralism	Regeringen Lars Løkke Rasmussen III	20161	M76	-	-	Reference	English	Chairperson	MP	notMinister	V	Venstre	Coalition	Centre-right	BonnesenErling	Bonnesen, Erling	M	1955	
ParlaMint-DK-en_2017-03-30-20161-M76	ParlaMint-DK_20170330132357	Hansard of the session of the Danish Parliament (Folketinget), 20161, M76 (2017-03-30), final version	2017-03-30	Unicameralism	Regeringen Lars Løkke Rasmussen III	20161	M76	-	-	Reference	English	Regular	MP	notMinister	V	Venstre	Coalition	Centre-right	LorentzenKristianPihl	Lorentzen, Kristian Pihl	M	1961	
ParlaMint-DK-en_2017-03-30-20161-M76	ParlaMint-DK_20170330132731	Hansard of the session of the Danish Parliament (Folketinget), 20161, M76 (2017-03-30), final version	2017-03-30	Unicameralism	Regeringen Lars Løkke Rasmussen III	20161	M76	-	-	Reference	English	Chairperson	MP	notMinister	V	Venstre	Coalition	Centre-right	BonnesenErling	Bonnesen, Erling	M	1955	
ParlaMint-DK-en_2017-03-30-20161-M76	ParlaMint-DK_20170330132735	Hansard of the session of the Danish Parliament (Folketinget), 20161, M76 (2017-03-30), final version	2017-03-30	Unicameralism	Regeringen Lars Løkke Rasmussen III	20161	M76	-	-	Reference	English	Regular	MP	notMinister	S	Socialdemokratiet	Opposition	Centre-left	PrehnRasmus	Prehn, Rasmus	M	1973	
ParlaMint-DK-en_2017-03-30-20161-M76	ParlaMint-DK_20170330132836	Hansard of the session of the Danish Parliament (Folketinget), 20161, M76 (2017-03-30), final version	2017-03-30	Unicameralism	Regeringen Lars Løkke Rasmussen III	20161	M76	-	-	Reference	English	Chairperson	MP	notMinister	V	Venstre	Coalition	Centre-right	BonnesenErling	Bonnesen, Erling	M	1955	
ParlaMint-DK-en_2017-03-30-20161-M76	ParlaMint-DK_20170330132837	Hansard of the session of the Danish Parliament (Folketinget), 20161, M76 (2017-03-30), final version	2017-03-30	Unicameralism	Regeringen Lars Løkke Rasmussen III	20161	M76	-	-	Reference	English	Regular	MP	notMinister	V	Venstre	Coalition	Centre-right	LorentzenKristianPihl	Lorentzen, Kristian Pihl	M	1961	
ParlaMint-DK-en_2017-03-30-20161-M76	ParlaMint-DK_20170330132847	Hansard of the session of the Danish Parliament (Folketinget), 20161, M76 (2017-03-30), final version	2017-03-30	Unicameralism	Regeringen Lars Løkke Rasmussen III	20161	M76	-	-	Reference	English	Chairperson	MP	notMinister	V	Venstre	Coalition	Centre-right	BonnesenErling	Bonnesen, Erling	M	1955	
ParlaMint-DK-en_2017-03-30-20161-M76	ParlaMint-DK_20170330132848	Hansard of the session of the Danish Parliament (Folketinget), 20161, M76 (2017-03-30), final version	2017-03-30	Unicameralism	Regeringen Lars Løkke Rasmussen III	20161	M76	-	-	Reference	English	Regular	MP	notMinister	S	Socialdemokratiet	Opposition	Centre-left	PrehnRasmus	Prehn, Rasmus	M	1973	
ParlaMint-DK-en_2017-03-30-20161-M76	ParlaMint-DK_20170330132853	Hansard of the session of the Danish Parliament (Folketinget), 20161, M76 (2017-03-30), final version	2017-03-30	Unicameralism	Regeringen Lars Løkke Rasmussen III	20161	M76	-	-	Reference	English	Chairperson	MP	notMinister	V	Venstre	Coalition	Centre-right	BonnesenErling	Bonnesen, Erling	M	1955	
ParlaMint-DK-en_2017-03-30-20161-M76	ParlaMint-DK_20170330132854	Hansard of the session of the Danish Parliament (Folketinget), 20161, M76 (2017-03-30), final version	2017-03-30	Unicameralism	Regeringen Lars Løkke Rasmussen III	20161	M76	-	-	Reference	English	Regular	MP	notMinister	V	Venstre	Coalition	Centre-right	LorentzenKristianPihl	Lorentzen, Kristian Pihl	M	1961	
ParlaMint-DK-en_2017-03-30-20161-M76	ParlaMint-DK_20170330132858	Hansard of the session of the Danish Parliament (Folketinget), 20161, M76 (2017-03-30), final version	2017-03-30	Unicameralism	Regeringen Lars Løkke Rasmussen III	20161	M76	-	-	Reference	English	Chairperson	MP	notMinister	V	Venstre	Coalition	Centre-right	BonnesenErling	Bonnesen, Erling	M	1955	
ParlaMint-DK-en_2017-03-30-20161-M76	ParlaMint-DK_20170330132902	Hansard of the session of the Danish Parliament (Folketinget), 20161, M76 (2017-03-30), final version	2017-03-30	Unicameralism	Regeringen Lars Løkke Rasmussen III	20161	M76	-	-	Reference	English	Regular	MP	notMinister	EL	Enhedslisten	Opposition	Left to far-left	HyllestedHenning	Hyllested, Henning	M	1954	
ParlaMint-DK-en_2017-03-30-20161-M76	ParlaMint-DK_20170330132918	Hansard of the session of the Danish Parliament (Folketinget), 20161, M76 (2017-03-30), final version	2017-03-30	Unicameralism	Regeringen Lars Løkke Rasmussen III	20161	M76	-	-	Reference	English	Chairperson	MP	notMinister	V	Venstre	Coalition	Centre-right	BonnesenErling	Bonnesen, Erling	M	1955	
ParlaMint-DK-en_2017-03-30-20161-M76	ParlaMint-DK_20170330132918-2	Hansard of the session of the Danish Parliament (Folketinget), 20161, M76 (2017-03-30), final version	2017-03-30	Unicameralism	Regeringen Lars Løkke Rasmussen III	20161	M76	-	-	Reference	English	Regular	MP	notMinister	V	Venstre	Coalition	Centre-right	LorentzenKristianPihl	Lorentzen, Kristian Pihl	M	1961	
ParlaMint-DK-en_2017-03-30-20161-M76	ParlaMint-DK_20170330132951	Hansard of the session of the Danish Parliament (Folketinget), 20161, M76 (2017-03-30), final version	2017-03-30	Unicameralism	Regeringen Lars Løkke Rasmussen III	20161	M76	-	-	Reference	English	Chairperson	MP	notMinister	V	Venstre	Coalition	Centre-right	BonnesenErling	Bonnesen, Erling	M	1955	
ParlaMint-DK-en_2017-03-30-20161-M76	ParlaMint-DK_20170330132952	Hansard of the session of the Danish Parliament (Folketinget), 20161, M76 (2017-03-30), final version	2017-03-30	Unicameralism	Regeringen Lars Løkke Rasmussen III	20161	M76	-	-	Reference	English	Regular	MP	notMinister	EL	Enhedslisten	Opposition	Left to far-left	HyllestedHenning	Hyllested, Henning	M	1954	
ParlaMint-DK-en_2017-03-30-20161-M76	ParlaMint-DK_20170330133007	Hansard of the session of the Danish Parliament (Folketinget), 20161, M76 (2017-03-30), final version	2017-03-30	Unicameralism	Regeringen Lars Løkke Rasmussen III	20161	M76	-	-	Reference	English	Chairperson	MP	notMinister	V	Venstre	Coalition	Centre-right	BonnesenErling	Bonnesen, Erling	M	1955	
ParlaMint-DK-en_2017-03-30-20161-M76	ParlaMint-DK_20170330133008	Hansard of the session of the Danish Parliament (Folketinget), 20161, M76 (2017-03-30), final version	2017-03-30	Unicameralism	Regeringen Lars Løkke Rasmussen III	20161	M76	-	-	Reference	English	Regular	MP	notMinister	V	Venstre	Coalition	Centre-right	LorentzenKristianPihl	Lorentzen, Kristian Pihl	M	1961	
ParlaMint-DK-en_2017-03-30-20161-M76	ParlaMint-DK_20170330133029	Hansard of the session of the Danish Parliament (Folketinget), 20161, M76 (2017-03-30), final version	2017-03-30	Unicameralism	Regeringen Lars Løkke Rasmussen III	20161	M76	-	-	Reference	English	Chairperson	MP	notMinister	V	Venstre	Coalition	Centre-right	BonnesenErling	Bonnesen, Erling	M	1955	
ParlaMint-DK-en_2017-03-30-20161-M76	ParlaMint-DK_20170330133045	Hansard of the session of the Danish Parliament (Folketinget), 20161, M76 (2017-03-30), final version	2017-03-30	Unicameralism	Regeringen Lars Løkke Rasmussen III	20161	M76	-	-	Reference	English	Regular	MP	notMinister	EL	Enhedslisten	Opposition	Left to far-left	HyllestedHenning	Hyllested, Henning	M	1954	
ParlaMint-DK-en_2017-03-30-20161-M76	ParlaMint-DK_20170330133608	Hansard of the session of the Danish Parliament (Folketinget), 20161, M76 (2017-03-30), final version	2017-03-30	Unicameralism	Regeringen Lars Løkke Rasmussen III	20161	M76	-	-	Reference	English	Chairperson	MP	notMinister	V	Venstre	Coalition	Centre-right	BonnesenErling	Bonnesen, Erling	M	1955	
ParlaMint-DK-en_2017-03-30-20161-M76	ParlaMint-DK_20170330133616	Hansard of the session of the Danish Parliament (Folketinget), 20161, M76 (2017-03-30), final version	2017-03-30	Unicameralism	Regeringen Lars Løkke Rasmussen III	20161	M76	-	-	Reference	English	Regular	MP	notMinister	LA	Liberal Alliance	Coalition	Centre-right to right	ChristensenVillum	Christensen, Villum	M	1954	
ParlaMint-DK-en_2017-03-30-20161-M76	ParlaMint-DK_20170330133814	Hansard of the session of the Danish Parliament (Folketinget), 20161, M76 (2017-03-30), final version	2017-03-30	Unicameralism	Regeringen Lars Løkke Rasmussen III	20161	M76	-	-	Reference	English	Chairperson	MP	notMinister	V	Venstre	Coalition	Centre-right	BonnesenErling	Bonnesen, Erling	M	1955	
ParlaMint-DK-en_2017-03-30-20161-M76	ParlaMint-DK_20170330133821	Hansard of the session of the Danish Parliament (Folketinget), 20161, M76 (2017-03-30), final version	2017-03-30	Unicameralism	Regeringen Lars Løkke Rasmussen III	20161	M76	-	-	Reference	English	Regular	notMP	notMinister	ALT	Alternativet	Opposition	Centre to centre-left	MatthisenRogerCourage	Matthisen, Roger Courage	M	1976	
ParlaMint-DK-en_2017-03-30-20161-M76	ParlaMint-DK_20170330133915	Hansard of the session of the Danish Parliament (Folketinget), 20161, M76 (2017-03-30), final version	2017-03-30	Unicameralism	Regeringen Lars Løkke Rasmussen III	20161	M76	-	-	Reference	English	Chairperson	MP	notMinister	V	Venstre	Coalition	Centre-right	BonnesenErling	Bonnesen, Erling	M	1955	
ParlaMint-DK-en_2017-03-30-20161-M76	ParlaMint-DK_20170330133929	Hansard of the session of the Danish Parliament (Folketinget), 20161, M76 (2017-03-30), final version	2017-03-30	Unicameralism	Regeringen Lars Løkke Rasmussen III	20161	M76	-	-	Reference	English	Regular	MP	notMinister	RV	Radikale Venstre	Opposition	Centre to centre-left	BjørnSanne	Bjørn, Sanne	F	1974	
ParlaMint-DK-en_2017-03-30-20161-M76	ParlaMint-DK_20170330134118	Hansard of the session of the Danish Parliament (Folketinget), 20161, M76 (2017-03-30), final version	2017-03-30	Unicameralism	Regeringen Lars Løkke Rasmussen III	20161	M76	-	-	Reference	English	Chairperson	MP	notMinister	V	Venstre	Coalition	Centre-right	BonnesenErling	Bonnesen, Erling	M	1955	
ParlaMint-DK-en_2017-03-30-20161-M76	ParlaMint-DK_20170330134126	Hansard of the session of the Danish Parliament (Folketinget), 20161, M76 (2017-03-30), final version	2017-03-30	Unicameralism	Regeringen Lars Løkke Rasmussen III	20161	M76	-	-	Reference	English	Regular	MP	notMinister	SF	Socialistisk Folkeparti	Opposition	Centre-left to left	HøngeKarsten	Hønge, Karsten	M	1958	
ParlaMint-DK-en_2017-03-30-20161-M76	ParlaMint-DK_20170330134305	Hansard of the session of the Danish Parliament (Folketinget), 20161, M76 (2017-03-30), final version	2017-03-30	Unicameralism	Regeringen Lars Løkke Rasmussen III	20161	M76	-	-	Reference	English	Chairperson	MP	notMinister	V	Venstre	Coalition	Centre-right	BonnesenErling	Bonnesen, Erling	M	1955	
ParlaMint-DK-en_2017-03-30-20161-M76	ParlaMint-DK_20170330134318	Hansard of the session of the Danish Parliament (Folketinget), 20161, M76 (2017-03-30), final version	2017-03-30	Unicameralism	Regeringen Lars Løkke Rasmussen III	20161	M76	-	-	Reference	English	Regular	MP	Minister	LA	Liberal Alliance	Coalition	Centre-right to right	OlesenOleBirk	Olesen, Ole Birk	M	1972	
ParlaMint-DK-en_2017-03-30-20161-M76	ParlaMint-DK_20170330134915	Hansard of the session of the Danish Parliament (Folketinget), 20161, M76 (2017-03-30), final version	2017-03-30	Unicameralism	Regeringen Lars Løkke Rasmussen III	20161	M76	-	-	Reference	English	Chairperson	MP	notMinister	V	Venstre	Coalition	Centre-right	BonnesenErling	Bonnesen, Erling	M	1955	
ParlaMint-DK-en_2017-03-30-20161-M76	ParlaMint-DK_20170330134919	Hansard of the session of the Danish Parliament (Folketinget), 20161, M76 (2017-03-30), final version	2017-03-30	Unicameralism	Regeringen Lars Løkke Rasmussen III	20161	M76	-	-	Reference	English	Regular	MP	notMinister	S	Socialdemokratiet	Opposition	Centre-left	PrehnRasmus	Prehn, Rasmus	M	1973	
ParlaMint-DK-en_2017-03-30-20161-M76	ParlaMint-DK_20170330135020	Hansard of the session of the Danish Parliament (Folketinget), 20161, M76 (2017-03-30), final version	2017-03-30	Unicameralism	Regeringen Lars Løkke Rasmussen III	20161	M76	-	-	Reference	English	Chairperson	MP	notMinister	V	Venstre	Coalition	Centre-right	BonnesenErling	Bonnesen, Erling	M	1955	
ParlaMint-DK-en_2017-03-30-20161-M76	ParlaMint-DK_20170330135021	Hansard of the session of the Danish Parliament (Folketinget), 20161, M76 (2017-03-30), final version	2017-03-30	Unicameralism	Regeringen Lars Løkke Rasmussen III	20161	M76	-	-	Reference	English	Regular	MP	Minister	LA	Liberal Alliance	Coalition	Centre-right to right	OlesenOleBirk	Olesen, Ole Birk	M	1972	
ParlaMint-DK-en_2017-03-30-20161-M76	ParlaMint-DK_20170330135120	Hansard of the session of the Danish Parliament (Folketinget), 20161, M76 (2017-03-30), final version	2017-03-30	Unicameralism	Regeringen Lars Løkke Rasmussen III	20161	M76	-	-	Reference	English	Chairperson	MP	notMinister	V	Venstre	Coalition	Centre-right	BonnesenErling	Bonnesen, Erling	M	1955	
ParlaMint-DK-en_2017-03-30-20161-M76	ParlaMint-DK_20170330135122	Hansard of the session of the Danish Parliament (Folketinget), 20161, M76 (2017-03-30), final version	2017-03-30	Unicameralism	Regeringen Lars Løkke Rasmussen III	20161	M76	-	-	Reference	English	Regular	MP	notMinister	S	Socialdemokratiet	Opposition	Centre-left	PrehnRasmus	Prehn, Rasmus	M	1973	
ParlaMint-DK-en_2017-03-30-20161-M76	ParlaMint-DK_20170330135154	Hansard of the session of the Danish Parliament (Folketinget), 20161, M76 (2017-03-30), final version	2017-03-30	Unicameralism	Regeringen Lars Løkke Rasmussen III	20161	M76	-	-	Reference	English	Chairperson	MP	notMinister	V	Venstre	Coalition	Centre-right	BonnesenErling	Bonnesen, Erling	M	1955	
ParlaMint-DK-en_2017-03-30-20161-M76	ParlaMint-DK_20170330135155	Hansard of the session of the Danish Parliament (Folketinget), 20161, M76 (2017-03-30), final version	2017-03-30	Unicameralism	Regeringen Lars Løkke Rasmussen III	20161	M76	-	-	Reference	English	Regular	MP	Minister	LA	Liberal Alliance	Coalition	Centre-right to right	OlesenOleBirk	Olesen, Ole Birk	M	1972	
ParlaMint-DK-en_2017-03-30-20161-M76	ParlaMint-DK_20170330135217	Hansard of the session of the Danish Parliament (Folketinget), 20161, M76 (2017-03-30), final version	2017-03-30	Unicameralism	Regeringen Lars Løkke Rasmussen III	20161	M76	-	-	Reference	English	Chairperson	MP	notMinister	V	Venstre	Coalition	Centre-right	BonnesenErling	Bonnesen, Erling	M	1955	
ParlaMint-DK-en_2017-03-30-20161-M76	ParlaMint-DK_20170330135220	Hansard of the session of the Danish Parliament (Folketinget), 20161, M76 (2017-03-30), final version	2017-03-30	Unicameralism	Regeringen Lars Løkke Rasmussen III	20161	M76	-	-	Reference	English	Regular	MP	notMinister	EL	Enhedslisten	Opposition	Left to far-left	HyllestedHenning	Hyllested, Henning	M	1954	
ParlaMint-DK-en_2017-03-30-20161-M76	ParlaMint-DK_20170330135310	Hansard of the session of the Danish Parliament (Folketinget), 20161, M76 (2017-03-30), final version	2017-03-30	Unicameralism	Regeringen Lars Løkke Rasmussen III	20161	M76	-	-	Reference	English	Chairperson	MP	notMinister	V	Venstre	Coalition	Centre-right	BonnesenErling	Bonnesen, Erling	M	1955	
ParlaMint-DK-en_2017-03-30-20161-M76	ParlaMint-DK_20170330135311	Hansard of the session of the Danish Parliament (Folketinget), 20161, M76 (2017-03-30), final version	2017-03-30	Unicameralism	Regeringen Lars Løkke Rasmussen III	20161	M76	-	-	Reference	English	Regular	MP	Minister	LA	Liberal Alliance	Coalition	Centre-right to right	OlesenOleBirk	Olesen, Ole Birk	M	1972	
ParlaMint-DK-en_2017-03-30-20161-M76	ParlaMint-DK_20170330135352	Hansard of the session of the Danish Parliament (Folketinget), 20161, M76 (2017-03-30), final version	2017-03-30	Unicameralism	Regeringen Lars Løkke Rasmussen III	20161	M76	-	-	Reference	English	Chairperson	MP	notMinister	V	Venstre	Coalition	Centre-right	BonnesenErling	Bonnesen, Erling	M	1955	
ParlaMint-DK-en_2017-03-30-20161-M76	ParlaMint-DK_20170330135354	Hansard of the session of the Danish Parliament (Folketinget), 20161, M76 (2017-03-30), final version	2017-03-30	Unicameralism	Regeringen Lars Løkke Rasmussen III	20161	M76	-	-	Reference	English	Regular	MP	notMinister	EL	Enhedslisten	Opposition	Left to far-left	HyllestedHenning	Hyllested, Henning	M	1954	
ParlaMint-DK-en_2017-03-30-20161-M76	ParlaMint-DK_20170330135435	Hansard of the session of the Danish Parliament (Folketinget), 20161, M76 (2017-03-30), final version	2017-03-30	Unicameralism	Regeringen Lars Løkke Rasmussen III	20161	M76	-	-	Reference	English	Chairperson	MP	notMinister	V	Venstre	Coalition	Centre-right	BonnesenErling	Bonnesen, Erling	M	1955	
ParlaMint-DK-en_2017-03-30-20161-M76	ParlaMint-DK_20170330135436	Hansard of the session of the Danish Parliament (Folketinget), 20161, M76 (2017-03-30), final version	2017-03-30	Unicameralism	Regeringen Lars Løkke Rasmussen III	20161	M76	-	-	Reference	English	Regular	MP	Minister	LA	Liberal Alliance	Coalition	Centre-right to right	OlesenOleBirk	Olesen, Ole Birk	M	1972	
ParlaMint-DK-en_2017-03-30-20161-M76	ParlaMint-DK_20170330135448	Hansard of the session of the Danish Parliament (Folketinget), 20161, M76 (2017-03-30), final version	2017-03-30	Unicameralism	Regeringen Lars Løkke Rasmussen III	20161	M76	-	-	Reference	English	Chairperson	MP	notMinister	V	Venstre	Coalition	Centre-right	BonnesenErling	Bonnesen, Erling	M	1955	
ParlaMint-DK-en_2017-03-30-20161-M76	ParlaMint-DK_20170330135520	Hansard of the session of the Danish Parliament (Folketinget), 20161, M76 (2017-03-30), final version	2017-03-30	Unicameralism	Regeringen Lars Løkke Rasmussen III	20161	M76	-	-	Reference	English	Chairperson	MP	notMinister	V	Venstre	Coalition	Centre-right	BonnesenErling	Bonnesen, Erling	M	1955	
ParlaMint-DK-en_2017-03-30-20161-M76	ParlaMint-DK_20170330135540	Hansard of the session of the Danish Parliament (Folketinget), 20161, M76 (2017-03-30), final version	2017-03-30	Unicameralism	Regeringen Lars Løkke Rasmussen III	20161	M76	-	-	Reference	English	Regular	MP	Minister	V	Venstre	Coalition	Centre-right	LauritzenKarsten	Lauritzen, Karsten	M	1983	
ParlaMint-DK-en_2017-03-30-20161-M76	ParlaMint-DK_20170330140226	Hansard of the session of the Danish Parliament (Folketinget), 20161, M76 (2017-03-30), final version	2017-03-30	Unicameralism	Regeringen Lars Løkke Rasmussen III	20161	M76	-	-	Reference	English	Chairperson	MP	notMinister	V	Venstre	Coalition	Centre-right	BonnesenErling	Bonnesen, Erling	M	1955	
ParlaMint-DK-en_2017-03-30-20161-M76	ParlaMint-DK_20170330140231	Hansard of the session of the Danish Parliament (Folketinget), 20161, M76 (2017-03-30), final version	2017-03-30	Unicameralism	Regeringen Lars Løkke Rasmussen III	20161	M76	-	-	Reference	English	Regular	MP	notMinister	S	Socialdemokratiet	Opposition	Centre-left	WermelinLea	Wermelin, Lea	F	1985	
ParlaMint-DK-en_2017-03-30-20161-M76	ParlaMint-DK_20170330140326	Hansard of the session of the Danish Parliament (Folketinget), 20161, M76 (2017-03-30), final version	2017-03-30	Unicameralism	Regeringen Lars Løkke Rasmussen III	20161	M76	-	-	Reference	English	Chairperson	MP	notMinister	V	Venstre	Coalition	Centre-right	BonnesenErling	Bonnesen, Erling	M	1955	
ParlaMint-DK-en_2017-03-30-20161-M76	ParlaMint-DK_20170330140328	Hansard of the session of the Danish Parliament (Folketinget), 20161, M76 (2017-03-30), final version	2017-03-30	Unicameralism	Regeringen Lars Løkke Rasmussen III	20161	M76	-	-	Reference	English	Regular	MP	Minister	V	Venstre	Coalition	Centre-right	LauritzenKarsten	Lauritzen, Karsten	M	1983	
ParlaMint-DK-en_2017-03-30-20161-M76	ParlaMint-DK_20170330140426	Hansard of the session of the Danish Parliament (Folketinget), 20161, M76 (2017-03-30), final version	2017-03-30	Unicameralism	Regeringen Lars Løkke Rasmussen III	20161	M76	-	-	Reference	English	Chairperson	MP	notMinister	V	Venstre	Coalition	Centre-right	BonnesenErling	Bonnesen, Erling	M	1955	
ParlaMint-DK-en_2017-03-30-20161-M76	ParlaMint-DK_20170330140428	Hansard of the session of the Danish Parliament (Folketinget), 20161, M76 (2017-03-30), final version	2017-03-30	Unicameralism	Regeringen Lars Løkke Rasmussen III	20161	M76	-	-	Reference	English	Regular	MP	notMinister	S	Socialdemokratiet	Opposition	Centre-left	WermelinLea	Wermelin, Lea	F	1985	
ParlaMint-DK-en_2017-03-30-20161-M76	ParlaMint-DK_20170330140513	Hansard of the session of the Danish Parliament (Folketinget), 20161, M76 (2017-03-30), final version	2017-03-30	Unicameralism	Regeringen Lars Løkke Rasmussen III	20161	M76	-	-	Reference	English	Chairperson	MP	notMinister	V	Venstre	Coalition	Centre-right	BonnesenErling	Bonnesen, Erling	M	1955	
ParlaMint-DK-en_2017-03-30-20161-M76	ParlaMint-DK_20170330140515	Hansard of the session of the Danish Parliament (Folketinget), 20161, M76 (2017-03-30), final version	2017-03-30	Unicameralism	Regeringen Lars Løkke Rasmussen III	20161	M76	-	-	Reference	English	Regular	MP	Minister	V	Venstre	Coalition	Centre-right	LauritzenKarsten	Lauritzen, Karsten	M	1983	
ParlaMint-DK-en_2017-03-30-20161-M76	ParlaMint-DK_20170330140607	Hansard of the session of the Danish Parliament (Folketinget), 20161, M76 (2017-03-30), final version	2017-03-30	Unicameralism	Regeringen Lars Løkke Rasmussen III	20161	M76	-	-	Reference	English	Chairperson	MP	notMinister	V	Venstre	Coalition	Centre-right	BonnesenErling	Bonnesen, Erling	M	1955	
ParlaMint-DK-en_2017-03-30-20161-M76	ParlaMint-DK_20170330140610	Hansard of the session of the Danish Parliament (Folketinget), 20161, M76 (2017-03-30), final version	2017-03-30	Unicameralism	Regeringen Lars Løkke Rasmussen III	20161	M76	-	-	Reference	English	Regular	MP	notMinister	ALT	Alternativet	Opposition	Centre to centre-left	GadeRené	Gade, René	M	1982	
ParlaMint-DK-en_2017-03-30-20161-M76	ParlaMint-DK_20170330140720	Hansard of the session of the Danish Parliament (Folketinget), 20161, M76 (2017-03-30), final version	2017-03-30	Unicameralism	Regeringen Lars Løkke Rasmussen III	20161	M76	-	-	Reference	English	Chairperson	MP	notMinister	V	Venstre	Coalition	Centre-right	BonnesenErling	Bonnesen, Erling	M	1955	
ParlaMint-DK-en_2017-03-30-20161-M76	ParlaMint-DK_20170330140723	Hansard of the session of the Danish Parliament (Folketinget), 20161, M76 (2017-03-30), final version	2017-03-30	Unicameralism	Regeringen Lars Løkke Rasmussen III	20161	M76	-	-	Reference	English	Regular	MP	Minister	V	Venstre	Coalition	Centre-right	LauritzenKarsten	Lauritzen, Karsten	M	1983	
ParlaMint-DK-en_2017-03-30-20161-M76	ParlaMint-DK_20170330140832	Hansard of the session of the Danish Parliament (Folketinget), 20161, M76 (2017-03-30), final version	2017-03-30	Unicameralism	Regeringen Lars Løkke Rasmussen III	20161	M76	-	-	Reference	English	Chairperson	MP	notMinister	V	Venstre	Coalition	Centre-right	BonnesenErling	Bonnesen, Erling	M	1955	
ParlaMint-DK-en_2017-03-30-20161-M76	ParlaMint-DK_20170330140834	Hansard of the session of the Danish Parliament (Folketinget), 20161, M76 (2017-03-30), final version	2017-03-30	Unicameralism	Regeringen Lars Løkke Rasmussen III	20161	M76	-	-	Reference	English	Regular	MP	notMinister	ALT	Alternativet	Opposition	Centre to centre-left	GadeRené	Gade, René	M	1982	
ParlaMint-DK-en_2017-03-30-20161-M76	ParlaMint-DK_20170330140917	Hansard of the session of the Danish Parliament (Folketinget), 20161, M76 (2017-03-30), final version	2017-03-30	Unicameralism	Regeringen Lars Løkke Rasmussen III	20161	M76	-	-	Reference	English	Chairperson	MP	notMinister	V	Venstre	Coalition	Centre-right	BonnesenErling	Bonnesen, Erling	M	1955	
ParlaMint-DK-en_2017-03-30-20161-M76	ParlaMint-DK_20170330140919	Hansard of the session of the Danish Parliament (Folketinget), 20161, M76 (2017-03-30), final version	2017-03-30	Unicameralism	Regeringen Lars Løkke Rasmussen III	20161	M76	-	-	Reference	English	Regular	MP	Minister	V	Venstre	Coalition	Centre-right	LauritzenKarsten	Lauritzen, Karsten	M	1983	
ParlaMint-DK-en_2017-03-30-20161-M76	ParlaMint-DK_20170330141001	Hansard of the session of the Danish Parliament (Folketinget), 20161, M76 (2017-03-30), final version	2017-03-30	Unicameralism	Regeringen Lars Løkke Rasmussen III	20161	M76	-	-	Reference	English	Chairperson	MP	notMinister	V	Venstre	Coalition	Centre-right	BonnesenErling	Bonnesen, Erling	M	1955	
ParlaMint-DK-en_2017-03-30-20161-M76	ParlaMint-DK_20170330141026	Hansard of the session of the Danish Parliament (Folketinget), 20161, M76 (2017-03-30), final version	2017-03-30	Unicameralism	Regeringen Lars Løkke Rasmussen III	20161	M76	-	-	Reference	English	Regular	MP	notMinister	S	Socialdemokratiet	Opposition	Centre-left	WermelinLea	Wermelin, Lea	F	1985	
ParlaMint-DK-en_2017-03-30-20161-M76	ParlaMint-DK_20170330141322	Hansard of the session of the Danish Parliament (Folketinget), 20161, M76 (2017-03-30), final version	2017-03-30	Unicameralism	Regeringen Lars Løkke Rasmussen III	20161	M76	-	-	Reference	English	Chairperson	MP	notMinister	V	Venstre	Coalition	Centre-right	BonnesenErling	Bonnesen, Erling	M	1955	
ParlaMint-DK-en_2017-03-30-20161-M76	ParlaMint-DK_20170330141326	Hansard of the session of the Danish Parliament (Folketinget), 20161, M76 (2017-03-30), final version	2017-03-30	Unicameralism	Regeringen Lars Løkke Rasmussen III	20161	M76	-	-	Reference	English	Regular	MP	notMinister	ALT	Alternativet	Opposition	Centre to centre-left	GadeRené	Gade, René	M	1982	
ParlaMint-DK-en_2017-03-30-20161-M76	ParlaMint-DK_20170330141406	Hansard of the session of the Danish Parliament (Folketinget), 20161, M76 (2017-03-30), final version	2017-03-30	Unicameralism	Regeringen Lars Løkke Rasmussen III	20161	M76	-	-	Reference	English	Chairperson	MP	notMinister	V	Venstre	Coalition	Centre-right	BonnesenErling	Bonnesen, Erling	M	1955	
ParlaMint-DK-en_2017-03-30-20161-M76	ParlaMint-DK_20170330141408	Hansard of the session of the Danish Parliament (Folketinget), 20161, M76 (2017-03-30), final version	2017-03-30	Unicameralism	Regeringen Lars Løkke Rasmussen III	20161	M76	-	-	Reference	English	Regular	MP	notMinister	S	Socialdemokratiet	Opposition	Centre-left	WermelinLea	Wermelin, Lea	F	1985	
ParlaMint-DK-en_2017-03-30-20161-M76	ParlaMint-DK_20170330141454	Hansard of the session of the Danish Parliament (Folketinget), 20161, M76 (2017-03-30), final version	2017-03-30	Unicameralism	Regeringen Lars Løkke Rasmussen III	20161	M76	-	-	Reference	English	Chairperson	MP	notMinister	V	Venstre	Coalition	Centre-right	BonnesenErling	Bonnesen, Erling	M	1955	
ParlaMint-DK-en_2017-03-30-20161-M76	ParlaMint-DK_20170330141503	Hansard of the session of the Danish Parliament (Folketinget), 20161, M76 (2017-03-30), final version	2017-03-30	Unicameralism	Regeringen Lars Løkke Rasmussen III	20161	M76	-	-	Reference	English	Regular	MP	notMinister	DF	Dansk Folkeparti	-	Right	FlydtkjærDennis	Flydtkjær, Dennis	M	1978	
ParlaMint-DK-en_2017-03-30-20161-M76	ParlaMint-DK_20170330141743	Hansard of the session of the Danish Parliament (Folketinget), 20161, M76 (2017-03-30), final version	2017-03-30	Unicameralism	Regeringen Lars Løkke Rasmussen III	20161	M76	-	-	Reference	English	Chairperson	MP	notMinister	V	Venstre	Coalition	Centre-right	BonnesenErling	Bonnesen, Erling	M	1955	
ParlaMint-DK-en_2017-03-30-20161-M76	ParlaMint-DK_20170330141748	Hansard of the session of the Danish Parliament (Folketinget), 20161, M76 (2017-03-30), final version	2017-03-30	Unicameralism	Regeringen Lars Løkke Rasmussen III	20161	M76	-	-	Reference	English	Regular	MP	notMinister	S	Socialdemokratiet	Opposition	Centre-left	WermelinLea	Wermelin, Lea	F	1985	
ParlaMint-DK-en_2017-03-30-20161-M76	ParlaMint-DK_20170330141844	Hansard of the session of the Danish Parliament (Folketinget), 20161, M76 (2017-03-30), final version	2017-03-30	Unicameralism	Regeringen Lars Løkke Rasmussen III	20161	M76	-	-	Reference	English	Chairperson	MP	notMinister	V	Venstre	Coalition	Centre-right	BonnesenErling	Bonnesen, Erling	M	1955	
ParlaMint-DK-en_2017-03-30-20161-M76	ParlaMint-DK_20170330141846	Hansard of the session of the Danish Parliament (Folketinget), 20161, M76 (2017-03-30), final version	2017-03-30	Unicameralism	Regeringen Lars Løkke Rasmussen III	20161	M76	-	-	Reference	English	Regular	MP	notMinister	DF	Dansk Folkeparti	-	Right	FlydtkjærDennis	Flydtkjær, Dennis	M	1978	
ParlaMint-DK-en_2017-03-30-20161-M76	ParlaMint-DK_20170330141957	Hansard of the session of the Danish Parliament (Folketinget), 20161, M76 (2017-03-30), final version	2017-03-30	Unicameralism	Regeringen Lars Løkke Rasmussen III	20161	M76	-	-	Reference	English	Chairperson	MP	notMinister	LA	Liberal Alliance	Coalition	Centre-right to right	MikkelsenLeif	Mikkelsen, Leif	M	1945	
ParlaMint-DK-en_2017-03-30-20161-M76	ParlaMint-DK_20170330141959	Hansard of the session of the Danish Parliament (Folketinget), 20161, M76 (2017-03-30), final version	2017-03-30	Unicameralism	Regeringen Lars Løkke Rasmussen III	20161	M76	-	-	Reference	English	Regular	MP	notMinister	S	Socialdemokratiet	Opposition	Centre-left	WermelinLea	Wermelin, Lea	F	1985	
ParlaMint-DK-en_2017-03-30-20161-M76	ParlaMint-DK_20170330142033	Hansard of the session of the Danish Parliament (Folketinget), 20161, M76 (2017-03-30), final version	2017-03-30	Unicameralism	Regeringen Lars Løkke Rasmussen III	20161	M76	-	-	Reference	English	Chairperson	MP	notMinister	V	Venstre	Coalition	Centre-right	BonnesenErling	Bonnesen, Erling	M	1955	
ParlaMint-DK-en_2017-03-30-20161-M76	ParlaMint-DK_20170330142035	Hansard of the session of the Danish Parliament (Folketinget), 20161, M76 (2017-03-30), final version	2017-03-30	Unicameralism	Regeringen Lars Løkke Rasmussen III	20161	M76	-	-	Reference	English	Regular	MP	notMinister	DF	Dansk Folkeparti	-	Right	FlydtkjærDennis	Flydtkjær, Dennis	M	1978	
ParlaMint-DK-en_2017-03-30-20161-M76	ParlaMint-DK_20170330142114	Hansard of the session of the Danish Parliament (Folketinget), 20161, M76 (2017-03-30), final version	2017-03-30	Unicameralism	Regeringen Lars Løkke Rasmussen III	20161	M76	-	-	Reference	English	Chairperson	MP	notMinister	V	Venstre	Coalition	Centre-right	BonnesenErling	Bonnesen, Erling	M	1955	
ParlaMint-DK-en_2017-03-30-20161-M76	ParlaMint-DK_20170330142123	Hansard of the session of the Danish Parliament (Folketinget), 20161, M76 (2017-03-30), final version	2017-03-30	Unicameralism	Regeringen Lars Løkke Rasmussen III	20161	M76	-	-	Reference	English	Regular	MP	notMinister	V	Venstre	Coalition	Centre-right	ElholmLouiseSchack	Elholm, Louise Schack	F	1977	
ParlaMint-DK-en_2017-03-30-20161-M76	ParlaMint-DK_20170330142321	Hansard of the session of the Danish Parliament (Folketinget), 20161, M76 (2017-03-30), final version	2017-03-30	Unicameralism	Regeringen Lars Løkke Rasmussen III	20161	M76	-	-	Reference	English	Chairperson	MP	notMinister	V	Venstre	Coalition	Centre-right	BonnesenErling	Bonnesen, Erling	M	1955	
ParlaMint-DK-en_2017-03-30-20161-M76	ParlaMint-DK_20170330142326	Hansard of the session of the Danish Parliament (Folketinget), 20161, M76 (2017-03-30), final version	2017-03-30	Unicameralism	Regeringen Lars Løkke Rasmussen III	20161	M76	-	-	Reference	English	Regular	MP	notMinister	ALT	Alternativet	Opposition	Centre to centre-left	GadeRené	Gade, René	M	1982	
ParlaMint-DK-en_2017-03-30-20161-M76	ParlaMint-DK_20170330142351	Hansard of the session of the Danish Parliament (Folketinget), 20161, M76 (2017-03-30), final version	2017-03-30	Unicameralism	Regeringen Lars Løkke Rasmussen III	20161	M76	-	-	Reference	English	Chairperson	MP	notMinister	V	Venstre	Coalition	Centre-right	BonnesenErling	Bonnesen, Erling	M	1955	
ParlaMint-DK-en_2017-03-30-20161-M76	ParlaMint-DK_20170330142354	Hansard of the session of the Danish Parliament (Folketinget), 20161, M76 (2017-03-30), final version	2017-03-30	Unicameralism	Regeringen Lars Løkke Rasmussen III	20161	M76	-	-	Reference	English	Regular	MP	notMinister	V	Venstre	Coalition	Centre-right	ElholmLouiseSchack	Elholm, Louise Schack	F	1977	
ParlaMint-DK-en_2017-03-30-20161-M76	ParlaMint-DK_20170330142358	Hansard of the session of the Danish Parliament (Folketinget), 20161, M76 (2017-03-30), final version	2017-03-30	Unicameralism	Regeringen Lars Løkke Rasmussen III	20161	M76	-	-	Reference	English	Chairperson	MP	notMinister	V	Venstre	Coalition	Centre-right	BonnesenErling	Bonnesen, Erling	M	1955	
ParlaMint-DK-en_2017-03-30-20161-M76	ParlaMint-DK_20170330142403	Hansard of the session of the Danish Parliament (Folketinget), 20161, M76 (2017-03-30), final version	2017-03-30	Unicameralism	Regeringen Lars Løkke Rasmussen III	20161	M76	-	-	Reference	English	Regular	MP	notMinister	ALT	Alternativet	Opposition	Centre to centre-left	GadeRené	Gade, René	M	1982	
ParlaMint-DK-en_2017-03-30-20161-M76	ParlaMint-DK_20170330142413	Hansard of the session of the Danish Parliament (Folketinget), 20161, M76 (2017-03-30), final version	2017-03-30	Unicameralism	Regeringen Lars Løkke Rasmussen III	20161	M76	-	-	Reference	English	Chairperson	MP	notMinister	V	Venstre	Coalition	Centre-right	BonnesenErling	Bonnesen, Erling	M	1955	
ParlaMint-DK-en_2017-03-30-20161-M76	ParlaMint-DK_20170330142415	Hansard of the session of the Danish Parliament (Folketinget), 20161, M76 (2017-03-30), final version	2017-03-30	Unicameralism	Regeringen Lars Løkke Rasmussen III	20161	M76	-	-	Reference	English	Regular	MP	notMinister	V	Venstre	Coalition	Centre-right	ElholmLouiseSchack	Elholm, Louise Schack	F	1977	
ParlaMint-DK-en_2017-03-30-20161-M76	ParlaMint-DK_20170330142420	Hansard of the session of the Danish Parliament (Folketinget), 20161, M76 (2017-03-30), final version	2017-03-30	Unicameralism	Regeringen Lars Løkke Rasmussen III	20161	M76	-	-	Reference	English	Chairperson	MP	notMinister	V	Venstre	Coalition	Centre-right	BonnesenErling	Bonnesen, Erling	M	1955	
ParlaMint-DK-en_2017-03-30-20161-M76	ParlaMint-DK_20170330142431	Hansard of the session of the Danish Parliament (Folketinget), 20161, M76 (2017-03-30), final version	2017-03-30	Unicameralism	Regeringen Lars Løkke Rasmussen III	20161	M76	-	-	Reference	English	Regular	MP	notMinister	EL	Enhedslisten	Opposition	Left to far-left	DragstedPelle	Dragsted, Pelle	M	1975	
ParlaMint-DK-en_2017-03-30-20161-M76	ParlaMint-DK_20170330142925	Hansard of the session of the Danish Parliament (Folketinget), 20161, M76 (2017-03-30), final version	2017-03-30	Unicameralism	Regeringen Lars Løkke Rasmussen III	20161	M76	-	-	Reference	English	Chairperson	MP	notMinister	LA	Liberal Alliance	Coalition	Centre-right to right	MikkelsenLeif	Mikkelsen, Leif	M	1945	
ParlaMint-DK-en_2017-03-30-20161-M76	ParlaMint-DK_20170330142930	Hansard of the session of the Danish Parliament (Folketinget), 20161, M76 (2017-03-30), final version	2017-03-30	Unicameralism	Regeringen Lars Løkke Rasmussen III	20161	M76	-	-	Reference	English	Regular	MP	notMinister	ALT	Alternativet	Opposition	Centre to centre-left	GadeRené	Gade, René	M	1982	
ParlaMint-DK-en_2017-03-30-20161-M76	ParlaMint-DK_20170330143030	Hansard of the session of the Danish Parliament (Folketinget), 20161, M76 (2017-03-30), final version	2017-03-30	Unicameralism	Regeringen Lars Løkke Rasmussen III	20161	M76	-	-	Reference	English	Chairperson	MP	notMinister	LA	Liberal Alliance	Coalition	Centre-right to right	MikkelsenLeif	Mikkelsen, Leif	M	1945	
ParlaMint-DK-en_2017-03-30-20161-M76	ParlaMint-DK_20170330143031	Hansard of the session of the Danish Parliament (Folketinget), 20161, M76 (2017-03-30), final version	2017-03-30	Unicameralism	Regeringen Lars Løkke Rasmussen III	20161	M76	-	-	Reference	English	Regular	MP	notMinister	EL	Enhedslisten	Opposition	Left to far-left	DragstedPelle	Dragsted, Pelle	M	1975	
ParlaMint-DK-en_2017-03-30-20161-M76	ParlaMint-DK_20170330143122	Hansard of the session of the Danish Parliament (Folketinget), 20161, M76 (2017-03-30), final version	2017-03-30	Unicameralism	Regeringen Lars Løkke Rasmussen III	20161	M76	-	-	Reference	English	Chairperson	MP	notMinister	LA	Liberal Alliance	Coalition	Centre-right to right	MikkelsenLeif	Mikkelsen, Leif	M	1945	
ParlaMint-DK-en_2017-03-30-20161-M76	ParlaMint-DK_20170330143124	Hansard of the session of the Danish Parliament (Folketinget), 20161, M76 (2017-03-30), final version	2017-03-30	Unicameralism	Regeringen Lars Løkke Rasmussen III	20161	M76	-	-	Reference	English	Regular	MP	notMinister	ALT	Alternativet	Opposition	Centre to centre-left	GadeRené	Gade, René	M	1982	
ParlaMint-DK-en_2017-03-30-20161-M76	ParlaMint-DK_20170330143205	Hansard of the session of the Danish Parliament (Folketinget), 20161, M76 (2017-03-30), final version	2017-03-30	Unicameralism	Regeringen Lars Løkke Rasmussen III	20161	M76	-	-	Reference	English	Chairperson	MP	notMinister	LA	Liberal Alliance	Coalition	Centre-right to right	MikkelsenLeif	Mikkelsen, Leif	M	1945	
ParlaMint-DK-en_2017-03-30-20161-M76	ParlaMint-DK_20170330143207	Hansard of the session of the Danish Parliament (Folketinget), 20161, M76 (2017-03-30), final version	2017-03-30	Unicameralism	Regeringen Lars Løkke Rasmussen III	20161	M76	-	-	Reference	English	Regular	MP	notMinister	EL	Enhedslisten	Opposition	Left to far-left	DragstedPelle	Dragsted, Pelle	M	1975	
ParlaMint-DK-en_2017-03-30-20161-M76	ParlaMint-DK_20170330143248	Hansard of the session of the Danish Parliament (Folketinget), 20161, M76 (2017-03-30), final version	2017-03-30	Unicameralism	Regeringen Lars Løkke Rasmussen III	20161	M76	-	-	Reference	English	Chairperson	MP	notMinister	LA	Liberal Alliance	Coalition	Centre-right to right	MikkelsenLeif	Mikkelsen, Leif	M	1945	
ParlaMint-DK-en_2017-03-30-20161-M76	ParlaMint-DK_20170330143257	Hansard of the session of the Danish Parliament (Folketinget), 20161, M76 (2017-03-30), final version	2017-03-30	Unicameralism	Regeringen Lars Løkke Rasmussen III	20161	M76	-	-	Reference	English	Regular	MP	notMinister	LA	Liberal Alliance	Coalition	Centre-right to right	OlsenJoachimB	Olsen, Joachim B.	M	1977	
ParlaMint-DK-en_2017-03-30-20161-M76	ParlaMint-DK_20170330143717	Hansard of the session of the Danish Parliament (Folketinget), 20161, M76 (2017-03-30), final version	2017-03-30	Unicameralism	Regeringen Lars Løkke Rasmussen III	20161	M76	-	-	Reference	English	Chairperson	MP	notMinister	LA	Liberal Alliance	Coalition	Centre-right to right	MikkelsenLeif	Mikkelsen, Leif	M	1945	
ParlaMint-DK-en_2017-03-30-20161-M76	ParlaMint-DK_20170330143722	Hansard of the session of the Danish Parliament (Folketinget), 20161, M76 (2017-03-30), final version	2017-03-30	Unicameralism	Regeringen Lars Løkke Rasmussen III	20161	M76	-	-	Reference	English	Regular	MP	notMinister	ALT	Alternativet	Opposition	Centre to centre-left	GadeRené	Gade, René	M	1982	
ParlaMint-DK-en_2017-03-30-20161-M76	ParlaMint-DK_20170330143832	Hansard of the session of the Danish Parliament (Folketinget), 20161, M76 (2017-03-30), final version	2017-03-30	Unicameralism	Regeringen Lars Løkke Rasmussen III	20161	M76	-	-	Reference	English	Chairperson	MP	notMinister	LA	Liberal Alliance	Coalition	Centre-right to right	MikkelsenLeif	Mikkelsen, Leif	M	1945	
ParlaMint-DK-en_2017-03-30-20161-M76	ParlaMint-DK_20170330143835	Hansard of the session of the Danish Parliament (Folketinget), 20161, M76 (2017-03-30), final version	2017-03-30	Unicameralism	Regeringen Lars Løkke Rasmussen III	20161	M76	-	-	Reference	English	Regular	MP	notMinister	LA	Liberal Alliance	Coalition	Centre-right to right	OlsenJoachimB	Olsen, Joachim B.	M	1977	
ParlaMint-DK-en_2017-03-30-20161-M76	ParlaMint-DK_20170330143908	Hansard of the session of the Danish Parliament (Folketinget), 20161, M76 (2017-03-30), final version	2017-03-30	Unicameralism	Regeringen Lars Løkke Rasmussen III	20161	M76	-	-	Reference	English	Chairperson	MP	notMinister	LA	Liberal Alliance	Coalition	Centre-right to right	MikkelsenLeif	Mikkelsen, Leif	M	1945	
ParlaMint-DK-en_2017-03-30-20161-M76	ParlaMint-DK_20170330143912	Hansard of the session of the Danish Parliament (Folketinget), 20161, M76 (2017-03-30), final version	2017-03-30	Unicameralism	Regeringen Lars Løkke Rasmussen III	20161	M76	-	-	Reference	English	Regular	MP	notMinister	ALT	Alternativet	Opposition	Centre to centre-left	GadeRené	Gade, René	M	1982	
ParlaMint-DK-en_2017-03-30-20161-M76	ParlaMint-DK_20170330143956	Hansard of the session of the Danish Parliament (Folketinget), 20161, M76 (2017-03-30), final version	2017-03-30	Unicameralism	Regeringen Lars Løkke Rasmussen III	20161	M76	-	-	Reference	English	Chairperson	MP	notMinister	LA	Liberal Alliance	Coalition	Centre-right to right	MikkelsenLeif	Mikkelsen, Leif	M	1945	
ParlaMint-DK-en_2017-03-30-20161-M76	ParlaMint-DK_20170330143959	Hansard of the session of the Danish Parliament (Folketinget), 20161, M76 (2017-03-30), final version	2017-03-30	Unicameralism	Regeringen Lars Løkke Rasmussen III	20161	M76	-	-	Reference	English	Regular	MP	notMinister	LA	Liberal Alliance	Coalition	Centre-right to right	OlsenJoachimB	Olsen, Joachim B.	M	1977	
ParlaMint-DK-en_2017-03-30-20161-M76	ParlaMint-DK_20170330144039	Hansard of the session of the Danish Parliament (Folketinget), 20161, M76 (2017-03-30), final version	2017-03-30	Unicameralism	Regeringen Lars Løkke Rasmussen III	20161	M76	-	-	Reference	English	Chairperson	MP	notMinister	LA	Liberal Alliance	Coalition	Centre-right to right	MikkelsenLeif	Mikkelsen, Leif	M	1945	
ParlaMint-DK-en_2017-03-30-20161-M76	ParlaMint-DK_20170330144051	Hansard of the session of the Danish Parliament (Folketinget), 20161, M76 (2017-03-30), final version	2017-03-30	Unicameralism	Regeringen Lars Løkke Rasmussen III	20161	M76	-	-	Reference	English	Regular	MP	notMinister	RV	Radikale Venstre	Opposition	Centre to centre-left	LidegaardMartin	Lidegaard, Martin	M	1966	
ParlaMint-DK-en_2017-03-30-20161-M76	ParlaMint-DK_20170330144358	Hansard of the session of the Danish Parliament (Folketinget), 20161, M76 (2017-03-30), final version	2017-03-30	Unicameralism	Regeringen Lars Løkke Rasmussen III	20161	M76	-	-	Reference	English	Chairperson	MP	notMinister	LA	Liberal Alliance	Coalition	Centre-right to right	MikkelsenLeif	Mikkelsen, Leif	M	1945	
ParlaMint-DK-en_2017-03-30-20161-M76	ParlaMint-DK_20170330144406	Hansard of the session of the Danish Parliament (Folketinget), 20161, M76 (2017-03-30), final version	2017-03-30	Unicameralism	Regeringen Lars Løkke Rasmussen III	20161	M76	-	-	Reference	English	Regular	MP	notMinister	KF	Det Konservative Folkeparti	Coalition	Centre-right	JohanssonAnders	Johansson, Anders	M	1981	
ParlaMint-DK-en_2017-03-30-20161-M76	ParlaMint-DK_20170330144618	Hansard of the session of the Danish Parliament (Folketinget), 20161, M76 (2017-03-30), final version	2017-03-30	Unicameralism	Regeringen Lars Løkke Rasmussen III	20161	M76	-	-	Reference	English	Chairperson	MP	notMinister	LA	Liberal Alliance	Coalition	Centre-right to right	MikkelsenLeif	Mikkelsen, Leif	M	1945	
ParlaMint-DK-en_2017-03-30-20161-M76	ParlaMint-DK_20170330144627	Hansard of the session of the Danish Parliament (Folketinget), 20161, M76 (2017-03-30), final version	2017-03-30	Unicameralism	Regeringen Lars Løkke Rasmussen III	20161	M76	-	-	Reference	English	Regular	MP	notMinister	ALT	Alternativet	Opposition	Centre to centre-left	GadeRené	Gade, René	M	1982	
ParlaMint-DK-en_2017-03-30-20161-M76	ParlaMint-DK_20170330145158	Hansard of the session of the Danish Parliament (Folketinget), 20161, M76 (2017-03-30), final version	2017-03-30	Unicameralism	Regeringen Lars Løkke Rasmussen III	20161	M76	-	-	Reference	English	Chairperson	MP	notMinister	LA	Liberal Alliance	Coalition	Centre-right to right	MikkelsenLeif	Mikkelsen, Leif	M	1945	
ParlaMint-DK-en_2017-03-30-20161-M76	ParlaMint-DK_20170330145206	Hansard of the session of the Danish Parliament (Folketinget), 20161, M76 (2017-03-30), final version	2017-03-30	Unicameralism	Regeringen Lars Løkke Rasmussen III	20161	M76	-	-	Reference	English	Regular	MP	notMinister	DF	Dansk Folkeparti	-	Right	FlydtkjærDennis	Flydtkjær, Dennis	M	1978	
ParlaMint-DK-en_2017-03-30-20161-M76	ParlaMint-DK_20170330145251	Hansard of the session of the Danish Parliament (Folketinget), 20161, M76 (2017-03-30), final version	2017-03-30	Unicameralism	Regeringen Lars Løkke Rasmussen III	20161	M76	-	-	Reference	English	Chairperson	MP	notMinister	LA	Liberal Alliance	Coalition	Centre-right to right	MikkelsenLeif	Mikkelsen, Leif	M	1945	
ParlaMint-DK-en_2017-03-30-20161-M76	ParlaMint-DK_20170330145253	Hansard of the session of the Danish Parliament (Folketinget), 20161, M76 (2017-03-30), final version	2017-03-30	Unicameralism	Regeringen Lars Løkke Rasmussen III	20161	M76	-	-	Reference	English	Regular	MP	notMinister	ALT	Alternativet	Opposition	Centre to centre-left	GadeRené	Gade, René	M	1982	
ParlaMint-DK-en_2017-03-30-20161-M76	ParlaMint-DK_20170330145323	Hansard of the session of the Danish Parliament (Folketinget), 20161, M76 (2017-03-30), final version	2017-03-30	Unicameralism	Regeringen Lars Løkke Rasmussen III	20161	M76	-	-	Reference	English	Chairperson	MP	notMinister	LA	Liberal Alliance	Coalition	Centre-right to right	MikkelsenLeif	Mikkelsen, Leif	M	1945	
ParlaMint-DK-en_2017-03-30-20161-M76	ParlaMint-DK_20170330145340	Hansard of the session of the Danish Parliament (Folketinget), 20161, M76 (2017-03-30), final version	2017-03-30	Unicameralism	Regeringen Lars Løkke Rasmussen III	20161	M76	-	-	Reference	English	Chairperson	MP	notMinister	LA	Liberal Alliance	Coalition	Centre-right to right	MikkelsenLeif	Mikkelsen, Leif	M	1945	
ParlaMint-DK-en_2017-03-30-20161-M76	ParlaMint-DK_20170330145434	Hansard of the session of the Danish Parliament (Folketinget), 20161, M76 (2017-03-30), final version	2017-03-30	Unicameralism	Regeringen Lars Løkke Rasmussen III	20161	M76	-	-	Reference	English	Regular	MP	Minister	V	Venstre	Coalition	Centre-right	LauritzenKarsten	Lauritzen, Karsten	M	1983	
ParlaMint-DK-en_2017-03-30-20161-M76	ParlaMint-DK_20170330150355	Hansard of the session of the Danish Parliament (Folketinget), 20161, M76 (2017-03-30), final version	2017-03-30	Unicameralism	Regeringen Lars Løkke Rasmussen III	20161	M76	-	-	Reference	English	Chairperson	MP	notMinister	LA	Liberal Alliance	Coalition	Centre-right to right	MikkelsenLeif	Mikkelsen, Leif	M	1945	
ParlaMint-DK-en_2017-03-30-20161-M76	ParlaMint-DK_20170330150400	Hansard of the session of the Danish Parliament (Folketinget), 20161, M76 (2017-03-30), final version	2017-03-30	Unicameralism	Regeringen Lars Løkke Rasmussen III	20161	M76	-	-	Reference	English	Regular	MP	notMinister	EL	Enhedslisten	Opposition	Left to far-left	DragstedPelle	Dragsted, Pelle	M	1975	
ParlaMint-DK-en_2017-03-30-20161-M76	ParlaMint-DK_20170330150439	Hansard of the session of the Danish Parliament (Folketinget), 20161, M76 (2017-03-30), final version	2017-03-30	Unicameralism	Regeringen Lars Løkke Rasmussen III	20161	M76	-	-	Reference	English	Chairperson	MP	notMinister	LA	Liberal Alliance	Coalition	Centre-right to right	MikkelsenLeif	Mikkelsen, Leif	M	1945	
ParlaMint-DK-en_2017-03-30-20161-M76	ParlaMint-DK_20170330150440	Hansard of the session of the Danish Parliament (Folketinget), 20161, M76 (2017-03-30), final version	2017-03-30	Unicameralism	Regeringen Lars Løkke Rasmussen III	20161	M76	-	-	Reference	English	Regular	MP	Minister	V	Venstre	Coalition	Centre-right	LauritzenKarsten	Lauritzen, Karsten	M	1983	
ParlaMint-DK-en_2017-03-30-20161-M76	ParlaMint-DK_20170330150550	Hansard of the session of the Danish Parliament (Folketinget), 20161, M76 (2017-03-30), final version	2017-03-30	Unicameralism	Regeringen Lars Løkke Rasmussen III	20161	M76	-	-	Reference	English	Chairperson	MP	notMinister	LA	Liberal Alliance	Coalition	Centre-right to right	MikkelsenLeif	Mikkelsen, Leif	M	1945	
ParlaMint-DK-en_2017-03-30-20161-M76	ParlaMint-DK_20170330150554	Hansard of the session of the Danish Parliament (Folketinget), 20161, M76 (2017-03-30), final version	2017-03-30	Unicameralism	Regeringen Lars Løkke Rasmussen III	20161	M76	-	-	Reference	English	Regular	MP	notMinister	ALT	Alternativet	Opposition	Centre to centre-left	GadeRené	Gade, René	M	1982	
ParlaMint-DK-en_2017-03-30-20161-M76	ParlaMint-DK_20170330150644	Hansard of the session of the Danish Parliament (Folketinget), 20161, M76 (2017-03-30), final version	2017-03-30	Unicameralism	Regeringen Lars Løkke Rasmussen III	20161	M76	-	-	Reference	English	Chairperson	MP	notMinister	LA	Liberal Alliance	Coalition	Centre-right to right	MikkelsenLeif	Mikkelsen, Leif	M	1945	
ParlaMint-DK-en_2017-03-30-20161-M76	ParlaMint-DK_20170330150645	Hansard of the session of the Danish Parliament (Folketinget), 20161, M76 (2017-03-30), final version	2017-03-30	Unicameralism	Regeringen Lars Løkke Rasmussen III	20161	M76	-	-	Reference	English	Regular	MP	Minister	V	Venstre	Coalition	Centre-right	LauritzenKarsten	Lauritzen, Karsten	M	1983	
ParlaMint-DK-en_2017-03-30-20161-M76	ParlaMint-DK_20170330150806	Hansard of the session of the Danish Parliament (Folketinget), 20161, M76 (2017-03-30), final version	2017-03-30	Unicameralism	Regeringen Lars Løkke Rasmussen III	20161	M76	-	-	Reference	English	Chairperson	MP	notMinister	LA	Liberal Alliance	Coalition	Centre-right to right	MikkelsenLeif	Mikkelsen, Leif	M	1945	
ParlaMint-DK-en_2017-03-30-20161-M76	ParlaMint-DK_20170330150833	Hansard of the session of the Danish Parliament (Folketinget), 20161, M76 (2017-03-30), final version	2017-03-30	Unicameralism	Regeringen Lars Løkke Rasmussen III	20161	M76	-	-	Reference	English	Regular	MP	notMinister	S	Socialdemokratiet	Opposition	Centre-left	WermelinLea	Wermelin, Lea	F	1985	
ParlaMint-DK-en_2017-03-30-20161-M76	ParlaMint-DK_20170330151123	Hansard of the session of the Danish Parliament (Folketinget), 20161, M76 (2017-03-30), final version	2017-03-30	Unicameralism	Regeringen Lars Løkke Rasmussen III	20161	M76	-	-	Reference	English	Chairperson	MP	notMinister	LA	Liberal Alliance	Coalition	Centre-right to right	MikkelsenLeif	Mikkelsen, Leif	M	1945	
ParlaMint-DK-en_2017-03-30-20161-M76	ParlaMint-DK_20170330151137	Hansard of the session of the Danish Parliament (Folketinget), 20161, M76 (2017-03-30), final version	2017-03-30	Unicameralism	Regeringen Lars Løkke Rasmussen III	20161	M76	-	-	Reference	English	Regular	MP	notMinister	DF	Dansk Folkeparti	-	Right	FlydtkjærDennis	Flydtkjær, Dennis	M	1978	
ParlaMint-DK-en_2017-03-30-20161-M76	ParlaMint-DK_20170330151635	Hansard of the session of the Danish Parliament (Folketinget), 20161, M76 (2017-03-30), final version	2017-03-30	Unicameralism	Regeringen Lars Løkke Rasmussen III	20161	M76	-	-	Reference	English	Chairperson	MP	notMinister	LA	Liberal Alliance	Coalition	Centre-right to right	MikkelsenLeif	Mikkelsen, Leif	M	1945	
ParlaMint-DK-en_2017-03-30-20161-M76	ParlaMint-DK_20170330151645	Hansard of the session of the Danish Parliament (Folketinget), 20161, M76 (2017-03-30), final version	2017-03-30	Unicameralism	Regeringen Lars Løkke Rasmussen III	20161	M76	-	-	Reference	English	Regular	MP	notMinister	V	Venstre	Coalition	Centre-right	ElholmLouiseSchack	Elholm, Louise Schack	F	1977	
ParlaMint-DK-en_2017-03-30-20161-M76	ParlaMint-DK_20170330152023	Hansard of the session of the Danish Parliament (Folketinget), 20161, M76 (2017-03-30), final version	2017-03-30	Unicameralism	Regeringen Lars Løkke Rasmussen III	20161	M76	-	-	Reference	English	Chairperson	MP	notMinister	LA	Liberal Alliance	Coalition	Centre-right to right	MikkelsenLeif	Mikkelsen, Leif	M	1945	
ParlaMint-DK-en_2017-03-30-20161-M76	ParlaMint-DK_20170330152028	Hansard of the session of the Danish Parliament (Folketinget), 20161, M76 (2017-03-30), final version	2017-03-30	Unicameralism	Regeringen Lars Løkke Rasmussen III	20161	M76	-	-	Reference	English	Regular	MP	notMinister	ALT	Alternativet	Opposition	Centre to centre-left	GadeRené	Gade, René	M	1982	
ParlaMint-DK-en_2017-03-30-20161-M76	ParlaMint-DK_20170330152134	Hansard of the session of the Danish Parliament (Folketinget), 20161, M76 (2017-03-30), final version	2017-03-30	Unicameralism	Regeringen Lars Løkke Rasmussen III	20161	M76	-	-	Reference	English	Chairperson	MP	notMinister	LA	Liberal Alliance	Coalition	Centre-right to right	MikkelsenLeif	Mikkelsen, Leif	M	1945	
ParlaMint-DK-en_2017-03-30-20161-M76	ParlaMint-DK_20170330152135	Hansard of the session of the Danish Parliament (Folketinget), 20161, M76 (2017-03-30), final version	2017-03-30	Unicameralism	Regeringen Lars Løkke Rasmussen III	20161	M76	-	-	Reference	English	Regular	MP	notMinister	V	Venstre	Coalition	Centre-right	ElholmLouiseSchack	Elholm, Louise Schack	F	1977	
ParlaMint-DK-en_2017-03-30-20161-M76	ParlaMint-DK_20170330152151	Hansard of the session of the Danish Parliament (Folketinget), 20161, M76 (2017-03-30), final version	2017-03-30	Unicameralism	Regeringen Lars Løkke Rasmussen III	20161	M76	-	-	Reference	English	Chairperson	MP	notMinister	LA	Liberal Alliance	Coalition	Centre-right to right	MikkelsenLeif	Mikkelsen, Leif	M	1945	
ParlaMint-DK-en_2017-03-30-20161-M76	ParlaMint-DK_20170330152208	Hansard of the session of the Danish Parliament (Folketinget), 20161, M76 (2017-03-30), final version	2017-03-30	Unicameralism	Regeringen Lars Løkke Rasmussen III	20161	M76	-	-	Reference	English	Regular	MP	notMinister	EL	Enhedslisten	Opposition	Left to far-left	DragstedPelle	Dragsted, Pelle	M	1975	
ParlaMint-DK-en_2017-03-30-20161-M76	ParlaMint-DK_20170330153152	Hansard of the session of the Danish Parliament (Folketinget), 20161, M76 (2017-03-30), final version	2017-03-30	Unicameralism	Regeringen Lars Løkke Rasmussen III	20161	M76	-	-	Reference	English	Chairperson	MP	notMinister	LA	Liberal Alliance	Coalition	Centre-right to right	MikkelsenLeif	Mikkelsen, Leif	M	1945	
ParlaMint-DK-en_2017-03-30-20161-M76	ParlaMint-DK_20170330153158	Hansard of the session of the Danish Parliament (Folketinget), 20161, M76 (2017-03-30), final version	2017-03-30	Unicameralism	Regeringen Lars Løkke Rasmussen III	20161	M76	-	-	Reference	English	Regular	MP	notMinister	LA	Liberal Alliance	Coalition	Centre-right to right	OlsenJoachimB	Olsen, Joachim B.	M	1977	
ParlaMint-DK-en_2017-03-30-20161-M76	ParlaMint-DK_20170330153253	Hansard of the session of the Danish Parliament (Folketinget), 20161, M76 (2017-03-30), final version	2017-03-30	Unicameralism	Regeringen Lars Løkke Rasmussen III	20161	M76	-	-	Reference	English	Chairperson	MP	notMinister	LA	Liberal Alliance	Coalition	Centre-right to right	MikkelsenLeif	Mikkelsen, Leif	M	1945	
ParlaMint-DK-en_2017-03-30-20161-M76	ParlaMint-DK_20170330153254	Hansard of the session of the Danish Parliament (Folketinget), 20161, M76 (2017-03-30), final version	2017-03-30	Unicameralism	Regeringen Lars Løkke Rasmussen III	20161	M76	-	-	Reference	English	Regular	MP	notMinister	EL	Enhedslisten	Opposition	Left to far-left	DragstedPelle	Dragsted, Pelle	M	1975	
ParlaMint-DK-en_2017-03-30-20161-M76	ParlaMint-DK_20170330153407	Hansard of the session of the Danish Parliament (Folketinget), 20161, M76 (2017-03-30), final version	2017-03-30	Unicameralism	Regeringen Lars Løkke Rasmussen III	20161	M76	-	-	Reference	English	Chairperson	MP	notMinister	LA	Liberal Alliance	Coalition	Centre-right to right	MikkelsenLeif	Mikkelsen, Leif	M	1945	
ParlaMint-DK-en_2017-03-30-20161-M76	ParlaMint-DK_20170330153408	Hansard of the session of the Danish Parliament (Folketinget), 20161, M76 (2017-03-30), final version	2017-03-30	Unicameralism	Regeringen Lars Løkke Rasmussen III	20161	M76	-	-	Reference	English	Regular	MP	notMinister	LA	Liberal Alliance	Coalition	Centre-right to right	OlsenJoachimB	Olsen, Joachim B.	M	1977	
ParlaMint-DK-en_2017-03-30-20161-M76	ParlaMint-DK_20170330153459	Hansard of the session of the Danish Parliament (Folketinget), 20161, M76 (2017-03-30), final version	2017-03-30	Unicameralism	Regeringen Lars Løkke Rasmussen III	20161	M76	-	-	Reference	English	Chairperson	MP	notMinister	LA	Liberal Alliance	Coalition	Centre-right to right	MikkelsenLeif	Mikkelsen, Leif	M	1945	
ParlaMint-DK-en_2017-03-30-20161-M76	ParlaMint-DK_20170330153500	Hansard of the session of the Danish Parliament (Folketinget), 20161, M76 (2017-03-30), final version	2017-03-30	Unicameralism	Regeringen Lars Løkke Rasmussen III	20161	M76	-	-	Reference	English	Regular	MP	notMinister	EL	Enhedslisten	Opposition	Left to far-left	DragstedPelle	Dragsted, Pelle	M	1975	
ParlaMint-DK-en_2017-03-30-20161-M76	ParlaMint-DK_20170330153605	Hansard of the session of the Danish Parliament (Folketinget), 20161, M76 (2017-03-30), final version	2017-03-30	Unicameralism	Regeringen Lars Løkke Rasmussen III	20161	M76	-	-	Reference	English	Chairperson	MP	notMinister	LA	Liberal Alliance	Coalition	Centre-right to right	MikkelsenLeif	Mikkelsen, Leif	M	1945	
ParlaMint-DK-en_2017-03-30-20161-M76	ParlaMint-DK_20170330153607	Hansard of the session of the Danish Parliament (Folketinget), 20161, M76 (2017-03-30), final version	2017-03-30	Unicameralism	Regeringen Lars Løkke Rasmussen III	20161	M76	-	-	Reference	English	Regular	MP	notMinister	ALT	Alternativet	Opposition	Centre to centre-left	GadeRené	Gade, René	M	1982	
ParlaMint-DK-en_2017-03-30-20161-M76	ParlaMint-DK_20170330153714	Hansard of the session of the Danish Parliament (Folketinget), 20161, M76 (2017-03-30), final version	2017-03-30	Unicameralism	Regeringen Lars Løkke Rasmussen III	20161	M76	-	-	Reference	English	Chairperson	MP	notMinister	LA	Liberal Alliance	Coalition	Centre-right to right	MikkelsenLeif	Mikkelsen, Leif	M	1945	
ParlaMint-DK-en_2017-03-30-20161-M76	ParlaMint-DK_20170330153715	Hansard of the session of the Danish Parliament (Folketinget), 20161, M76 (2017-03-30), final version	2017-03-30	Unicameralism	Regeringen Lars Løkke Rasmussen III	20161	M76	-	-	Reference	English	Regular	MP	notMinister	EL	Enhedslisten	Opposition	Left to far-left	DragstedPelle	Dragsted, Pelle	M	1975	
ParlaMint-DK-en_2017-03-30-20161-M76	ParlaMint-DK_20170330153800	Hansard of the session of the Danish Parliament (Folketinget), 20161, M76 (2017-03-30), final version	2017-03-30	Unicameralism	Regeringen Lars Løkke Rasmussen III	20161	M76	-	-	Reference	English	Chairperson	MP	notMinister	LA	Liberal Alliance	Coalition	Centre-right to right	MikkelsenLeif	Mikkelsen, Leif	M	1945	
ParlaMint-DK-en_2017-03-30-20161-M76	ParlaMint-DK_20170330153802	Hansard of the session of the Danish Parliament (Folketinget), 20161, M76 (2017-03-30), final version	2017-03-30	Unicameralism	Regeringen Lars Løkke Rasmussen III	20161	M76	-	-	Reference	English	Regular	MP	notMinister	ALT	Alternativet	Opposition	Centre to centre-left	GadeRené	Gade, René	M	1982	
ParlaMint-DK-en_2017-03-30-20161-M76	ParlaMint-DK_20170330153858	Hansard of the session of the Danish Parliament (Folketinget), 20161, M76 (2017-03-30), final version	2017-03-30	Unicameralism	Regeringen Lars Løkke Rasmussen III	20161	M76	-	-	Reference	English	Chairperson	MP	notMinister	LA	Liberal Alliance	Coalition	Centre-right to right	MikkelsenLeif	Mikkelsen, Leif	M	1945	
ParlaMint-DK-en_2017-03-30-20161-M76	ParlaMint-DK_20170330153900	Hansard of the session of the Danish Parliament (Folketinget), 20161, M76 (2017-03-30), final version	2017-03-30	Unicameralism	Regeringen Lars Løkke Rasmussen III	20161	M76	-	-	Reference	English	Regular	MP	notMinister	EL	Enhedslisten	Opposition	Left to far-left	DragstedPelle	Dragsted, Pelle	M	1975	
ParlaMint-DK-en_2017-03-30-20161-M76	ParlaMint-DK_20170330154004	Hansard of the session of the Danish Parliament (Folketinget), 20161, M76 (2017-03-30), final version	2017-03-30	Unicameralism	Regeringen Lars Løkke Rasmussen III	20161	M76	-	-	Reference	English	Chairperson	MP	notMinister	LA	Liberal Alliance	Coalition	Centre-right to right	MikkelsenLeif	Mikkelsen, Leif	M	1945	
ParlaMint-DK-en_2017-03-30-20161-M76	ParlaMint-DK_20170330154012	Hansard of the session of the Danish Parliament (Folketinget), 20161, M76 (2017-03-30), final version	2017-03-30	Unicameralism	Regeringen Lars Løkke Rasmussen III	20161	M76	-	-	Reference	English	Regular	MP	notMinister	LA	Liberal Alliance	Coalition	Centre-right to right	OlsenJoachimB	Olsen, Joachim B.	M	1977	
ParlaMint-DK-en_2017-03-30-20161-M76	ParlaMint-DK_20170330154506	Hansard of the session of the Danish Parliament (Folketinget), 20161, M76 (2017-03-30), final version	2017-03-30	Unicameralism	Regeringen Lars Løkke Rasmussen III	20161	M76	-	-	Reference	English	Chairperson	MP	notMinister	LA	Liberal Alliance	Coalition	Centre-right to right	MikkelsenLeif	Mikkelsen, Leif	M	1945	
ParlaMint-DK-en_2017-03-30-20161-M76	ParlaMint-DK_20170330154511	Hansard of the session of the Danish Parliament (Folketinget), 20161, M76 (2017-03-30), final version	2017-03-30	Unicameralism	Regeringen Lars Løkke Rasmussen III	20161	M76	-	-	Reference	English	Regular	MP	notMinister	ALT	Alternativet	Opposition	Centre to centre-left	GadeRené	Gade, René	M	1982	
ParlaMint-DK-en_2017-03-30-20161-M76	ParlaMint-DK_20170330154601	Hansard of the session of the Danish Parliament (Folketinget), 20161, M76 (2017-03-30), final version	2017-03-30	Unicameralism	Regeringen Lars Løkke Rasmussen III	20161	M76	-	-	Reference	English	Chairperson	MP	notMinister	LA	Liberal Alliance	Coalition	Centre-right to right	MikkelsenLeif	Mikkelsen, Leif	M	1945	
ParlaMint-DK-en_2017-03-30-20161-M76	ParlaMint-DK_20170330154602	Hansard of the session of the Danish Parliament (Folketinget), 20161, M76 (2017-03-30), final version	2017-03-30	Unicameralism	Regeringen Lars Løkke Rasmussen III	20161	M76	-	-	Reference	English	Regular	MP	notMinister	LA	Liberal Alliance	Coalition	Centre-right to right	OlsenJoachimB	Olsen, Joachim B.	M	1977	
ParlaMint-DK-en_2017-03-30-20161-M76	ParlaMint-DK_20170330154607	Hansard of the session of the Danish Parliament (Folketinget), 20161, M76 (2017-03-30), final version	2017-03-30	Unicameralism	Regeringen Lars Løkke Rasmussen III	20161	M76	-	-	Reference	English	Chairperson	MP	notMinister	LA	Liberal Alliance	Coalition	Centre-right to right	MikkelsenLeif	Mikkelsen, Leif	M	1945	
ParlaMint-DK-en_2017-03-30-20161-M76	ParlaMint-DK_20170330154621	Hansard of the session of the Danish Parliament (Folketinget), 20161, M76 (2017-03-30), final version	2017-03-30	Unicameralism	Regeringen Lars Løkke Rasmussen III	20161	M76	-	-	Reference	English	Regular	MP	notMinister	RV	Radikale Venstre	Opposition	Centre to centre-left	LidegaardMartin	Lidegaard, Martin	M	1966	
ParlaMint-DK-en_2017-03-30-20161-M76	ParlaMint-DK_20170330154806	Hansard of the session of the Danish Parliament (Folketinget), 20161, M76 (2017-03-30), final version	2017-03-30	Unicameralism	Regeringen Lars Løkke Rasmussen III	20161	M76	-	-	Reference	English	Chairperson	MP	notMinister	LA	Liberal Alliance	Coalition	Centre-right to right	MikkelsenLeif	Mikkelsen, Leif	M	1945	
ParlaMint-DK-en_2017-03-30-20161-M76	ParlaMint-DK_20170330154813	Hansard of the session of the Danish Parliament (Folketinget), 20161, M76 (2017-03-30), final version	2017-03-30	Unicameralism	Regeringen Lars Løkke Rasmussen III	20161	M76	-	-	Reference	English	Regular	MP	notMinister	KF	Det Konservative Folkeparti	Coalition	Centre-right	JohanssonAnders	Johansson, Anders	M	1981	
ParlaMint-DK-en_2017-03-30-20161-M76	ParlaMint-DK_20170330155135	Hansard of the session of the Danish Parliament (Folketinget), 20161, M76 (2017-03-30), final version	2017-03-30	Unicameralism	Regeringen Lars Løkke Rasmussen III	20161	M76	-	-	Reference	English	Chairperson	MP	notMinister	LA	Liberal Alliance	Coalition	Centre-right to right	MikkelsenLeif	Mikkelsen, Leif	M	1945	
ParlaMint-DK-en_2017-03-30-20161-M76	ParlaMint-DK_20170330155143	Hansard of the session of the Danish Parliament (Folketinget), 20161, M76 (2017-03-30), final version	2017-03-30	Unicameralism	Regeringen Lars Løkke Rasmussen III	20161	M76	-	-	Reference	English	Regular	MP	notMinister	ALT	Alternativet	Opposition	Centre to centre-left	GadeRené	Gade, René	M	1982	
ParlaMint-DK-en_2017-03-30-20161-M76	ParlaMint-DK_20170330155654	Hansard of the session of the Danish Parliament (Folketinget), 20161, M76 (2017-03-30), final version	2017-03-30	Unicameralism	Regeringen Lars Løkke Rasmussen III	20161	M76	-	-	Reference	English	Chairperson	MP	notMinister	LA	Liberal Alliance	Coalition	Centre-right to right	MikkelsenLeif	Mikkelsen, Leif	M	1945	
ParlaMint-DK-en_2017-03-30-20161-M76	ParlaMint-DK_20170330155658	Hansard of the session of the Danish Parliament (Folketinget), 20161, M76 (2017-03-30), final version	2017-03-30	Unicameralism	Regeringen Lars Løkke Rasmussen III	20161	M76	-	-	Reference	English	Regular	MP	notMinister	EL	Enhedslisten	Opposition	Left to far-left	DragstedPelle	Dragsted, Pelle	M	1975	
ParlaMint-DK-en_2017-03-30-20161-M76	ParlaMint-DK_20170330155800	Hansard of the session of the Danish Parliament (Folketinget), 20161, M76 (2017-03-30), final version	2017-03-30	Unicameralism	Regeringen Lars Løkke Rasmussen III	20161	M76	-	-	Reference	English	Chairperson	MP	notMinister	LA	Liberal Alliance	Coalition	Centre-right to right	MikkelsenLeif	Mikkelsen, Leif	M	1945	
ParlaMint-DK-en_2017-03-30-20161-M76	ParlaMint-DK_20170330155801	Hansard of the session of the Danish Parliament (Folketinget), 20161, M76 (2017-03-30), final version	2017-03-30	Unicameralism	Regeringen Lars Løkke Rasmussen III	20161	M76	-	-	Reference	English	Regular	MP	notMinister	ALT	Alternativet	Opposition	Centre to centre-left	GadeRené	Gade, René	M	1982	
ParlaMint-DK-en_2017-03-30-20161-M76	ParlaMint-DK_20170330155910	Hansard of the session of the Danish Parliament (Folketinget), 20161, M76 (2017-03-30), final version	2017-03-30	Unicameralism	Regeringen Lars Løkke Rasmussen III	20161	M76	-	-	Reference	English	Chairperson	MP	notMinister	S	Socialdemokratiet	Opposition	Centre-left	KristensenHenrikDam	Kristensen, Henrik Dam	M	1957	
ParlaMint-DK-en_2017-03-30-20161-M76	ParlaMint-DK_20170330155912	Hansard of the session of the Danish Parliament (Folketinget), 20161, M76 (2017-03-30), final version	2017-03-30	Unicameralism	Regeringen Lars Løkke Rasmussen III	20161	M76	-	-	Reference	English	Regular	MP	notMinister	EL	Enhedslisten	Opposition	Left to far-left	DragstedPelle	Dragsted, Pelle	M	1975	
ParlaMint-DK-en_2017-03-30-20161-M76	ParlaMint-DK_20170330160005	Hansard of the session of the Danish Parliament (Folketinget), 20161, M76 (2017-03-30), final version	2017-03-30	Unicameralism	Regeringen Lars Løkke Rasmussen III	20161	M76	-	-	Reference	English	Chairperson	MP	notMinister	S	Socialdemokratiet	Opposition	Centre-left	KristensenHenrikDam	Kristensen, Henrik Dam	M	1957	
ParlaMint-DK-en_2017-03-30-20161-M76	ParlaMint-DK_20170330160007	Hansard of the session of the Danish Parliament (Folketinget), 20161, M76 (2017-03-30), final version	2017-03-30	Unicameralism	Regeringen Lars Løkke Rasmussen III	20161	M76	-	-	Reference	English	Regular	MP	notMinister	ALT	Alternativet	Opposition	Centre to centre-left	GadeRené	Gade, René	M	1982	
ParlaMint-DK-en_2017-03-30-20161-M76	ParlaMint-DK_20170330160053	Hansard of the session of the Danish Parliament (Folketinget), 20161, M76 (2017-03-30), final version	2017-03-30	Unicameralism	Regeringen Lars Løkke Rasmussen III	20161	M76	-	-	Reference	English	Chairperson	MP	notMinister	S	Socialdemokratiet	Opposition	Centre-left	KristensenHenrikDam	Kristensen, Henrik Dam	M	1957	
ParlaMint-DK-en_2017-03-30-20161-M76	ParlaMint-DK_20170330160109	Hansard of the session of the Danish Parliament (Folketinget), 20161, M76 (2017-03-30), final version	2017-03-30	Unicameralism	Regeringen Lars Løkke Rasmussen III	20161	M76	-	-	Reference	English	Chairperson	MP	notMinister	S	Socialdemokratiet	Opposition	Centre-left	KristensenHenrikDam	Kristensen, Henrik Dam	M	1957	
