Text_ID	ID	Title	Date	Body	Term	Session	Meeting	Sitting	Agenda	Subcorpus	Lang	Speaker_role	Speaker_MP	Speaker_minister	Speaker_party	Speaker_party_name	Party_status	Party_orientation	Speaker_ID	Speaker_name	Speaker_gender	Speaker_birth
ParlaMint-FR-en_2020-02-24-O1163	ParlaMint-FR_2020-02-24-O1163.u1	Proceedings of the debates in plenary sitting of the Assemblée Nationale, sitting: 163, 24/02/2020	2020-02-24	Lower house	15e législature	session ordinaire 2019-2020 (CRSANR5L15S2020O1N163)	-	163. séance	-	COVID	English	Chairperson	notMP	notMinister	LR	Les Républicains	Opposition	Centre-right	PA605991	Genevard, Annie	F	1956	
ParlaMint-FR-en_2020-02-24-O1163	ParlaMint-FR_2020-02-24-O1163.u2	Proceedings of the debates in plenary sitting of the Assemblée Nationale, sitting: 163, 24/02/2020	2020-02-24	Lower house	15e législature	session ordinaire 2019-2020 (CRSANR5L15S2020O1N163)	-	163. séance	-	COVID	English	Chairperson	notMP	notMinister	LR	Les Républicains	Opposition	Centre-right	PA605991	Genevard, Annie	F	1956	
ParlaMint-FR-en_2020-02-24-O1163	ParlaMint-FR_2020-02-24-O1163.u3	Proceedings of the debates in plenary sitting of the Assemblée Nationale, sitting: 163, 24/02/2020	2020-02-24	Lower house	15e législature	session ordinaire 2019-2020 (CRSANR5L15S2020O1N163)	-	163. séance	-	COVID	English	Chairperson	notMP	notMinister	LR	Les Républicains	Opposition	Centre-right	PA605991	Genevard, Annie	F	1956	
ParlaMint-FR-en_2020-02-24-O1163	ParlaMint-FR_2020-02-24-O1163.u4	Proceedings of the debates in plenary sitting of the Assemblée Nationale, sitting: 163, 24/02/2020	2020-02-24	Lower house	15e législature	session ordinaire 2019-2020 (CRSANR5L15S2020O1N163)	-	163. séance	-	COVID	English	Regular	notMP	notMinister	FI	La France insoumise	Opposition	Left to far-left	PA720892	Panot, Mathilde	F	1989	
ParlaMint-FR-en_2020-02-24-O1163	ParlaMint-FR_2020-02-24-O1163.u5	Proceedings of the debates in plenary sitting of the Assemblée Nationale, sitting: 163, 24/02/2020	2020-02-24	Lower house	15e législature	session ordinaire 2019-2020 (CRSANR5L15S2020O1N163)	-	163. séance	-	COVID	English	Chairperson	notMP	notMinister	LR	Les Républicains	Opposition	Centre-right	PA605991	Genevard, Annie	F	1956	
ParlaMint-FR-en_2020-02-24-O1163	ParlaMint-FR_2020-02-24-O1163.u6	Proceedings of the debates in plenary sitting of the Assemblée Nationale, sitting: 163, 24/02/2020	2020-02-24	Lower house	15e législature	session ordinaire 2019-2020 (CRSANR5L15S2020O1N163)	-	163. séance	-	COVID	English	Regular	notMP	notMinister	LAREM	La République en Marche	Coalition	Centre	PA721296	Gouffier Valente, Guillaume	M	1986	
ParlaMint-FR-en_2020-02-24-O1163	ParlaMint-FR_2020-02-24-O1163.u7	Proceedings of the debates in plenary sitting of the Assemblée Nationale, sitting: 163, 24/02/2020	2020-02-24	Lower house	15e législature	session ordinaire 2019-2020 (CRSANR5L15S2020O1N163)	-	163. séance	-	COVID	English	Regular	notMP	notMinister	LR	Les Républicains	Opposition	Centre-right	PA605991	Genevard, Annie	F	1956	
ParlaMint-FR-en_2020-02-24-O1163	ParlaMint-FR_2020-02-24-O1163.u8	Proceedings of the debates in plenary sitting of the Assemblée Nationale, sitting: 163, 24/02/2020	2020-02-24	Lower house	15e législature	session ordinaire 2019-2020 (CRSANR5L15S2020O1N163)	-	163. séance	-	COVID	English	Regular	notMP	notMinister	-	-	-	-	PA720512	Pietraszewski, Laurent	M	1966	
ParlaMint-FR-en_2020-02-24-O1163	ParlaMint-FR_2020-02-24-O1163.u9	Proceedings of the debates in plenary sitting of the Assemblée Nationale, sitting: 163, 24/02/2020	2020-02-24	Lower house	15e législature	session ordinaire 2019-2020 (CRSANR5L15S2020O1N163)	-	163. séance	-	COVID	English	Regular	notMP	notMinister	LR	Les Républicains	Opposition	Centre-right	PA605991	Genevard, Annie	F	1956	
ParlaMint-FR-en_2020-02-24-O1163	ParlaMint-FR_2020-02-24-O1163.u10	Proceedings of the debates in plenary sitting of the Assemblée Nationale, sitting: 163, 24/02/2020	2020-02-24	Lower house	15e législature	session ordinaire 2019-2020 (CRSANR5L15S2020O1N163)	-	163. séance	-	COVID	English	Regular	notMP	notMinister	FI	La France insoumise	Opposition	Left to far-left	PA720892	Panot, Mathilde	F	1989	
ParlaMint-FR-en_2020-02-24-O1163	ParlaMint-FR_2020-02-24-O1163.u11	Proceedings of the debates in plenary sitting of the Assemblée Nationale, sitting: 163, 24/02/2020	2020-02-24	Lower house	15e législature	session ordinaire 2019-2020 (CRSANR5L15S2020O1N163)	-	163. séance	-	COVID	English	Regular	MP	notMinister	LAREM	La République en Marche	Coalition	Centre	PA721946	Marilossian, Jacques	M	1958	
ParlaMint-FR-en_2020-02-24-O1163	ParlaMint-FR_2020-02-24-O1163.u12	Proceedings of the debates in plenary sitting of the Assemblée Nationale, sitting: 163, 24/02/2020	2020-02-24	Lower house	15e législature	session ordinaire 2019-2020 (CRSANR5L15S2020O1N163)	-	163. séance	-	COVID	English	Regular	notMP	notMinister	LR	Les Républicains	Opposition	Centre-right	PA267429	Cinieri, Dino	M	1955	
ParlaMint-FR-en_2020-02-24-O1163	ParlaMint-FR_2020-02-24-O1163.u13	Proceedings of the debates in plenary sitting of the Assemblée Nationale, sitting: 163, 24/02/2020	2020-02-24	Lower house	15e législature	session ordinaire 2019-2020 (CRSANR5L15S2020O1N163)	-	163. séance	-	COVID	English	Regular	notMP	notMinister	LR	Les Républicains	Opposition	Centre-right	PA605991	Genevard, Annie	F	1956	
ParlaMint-FR-en_2020-02-24-O1163	ParlaMint-FR_2020-02-24-O1163.u14	Proceedings of the debates in plenary sitting of the Assemblée Nationale, sitting: 163, 24/02/2020	2020-02-24	Lower house	15e législature	session ordinaire 2019-2020 (CRSANR5L15S2020O1N163)	-	163. séance	-	COVID	English	Regular	notMP	notMinister	FI	La France insoumise	Opposition	Left to far-left	PA720892	Panot, Mathilde	F	1989	
ParlaMint-FR-en_2020-02-24-O1163	ParlaMint-FR_2020-02-24-O1163.u15	Proceedings of the debates in plenary sitting of the Assemblée Nationale, sitting: 163, 24/02/2020	2020-02-24	Lower house	15e législature	session ordinaire 2019-2020 (CRSANR5L15S2020O1N163)	-	163. séance	-	COVID	English	Regular	notMP	notMinister	LR	Les Républicains	Opposition	Centre-right	PA605991	Genevard, Annie	F	1956	
ParlaMint-FR-en_2020-02-24-O1163	ParlaMint-FR_2020-02-24-O1163.u16	Proceedings of the debates in plenary sitting of the Assemblée Nationale, sitting: 163, 24/02/2020	2020-02-24	Lower house	15e législature	session ordinaire 2019-2020 (CRSANR5L15S2020O1N163)	-	163. séance	-	COVID	English	Regular	notMP	notMinister	MODEM	Mouvement Démocrate et apparentés	Coalition	Centre to centre-right	PA721182	Petit, Frédéric	M	1961	
ParlaMint-FR-en_2020-02-24-O1163	ParlaMint-FR_2020-02-24-O1163.u17	Proceedings of the debates in plenary sitting of the Assemblée Nationale, sitting: 163, 24/02/2020	2020-02-24	Lower house	15e législature	session ordinaire 2019-2020 (CRSANR5L15S2020O1N163)	-	163. séance	-	COVID	English	Chairperson	notMP	notMinister	LR	Les Républicains	Opposition	Centre-right	PA605991	Genevard, Annie	F	1956	
ParlaMint-FR-en_2020-02-24-O1163	ParlaMint-FR_2020-02-24-O1163.u18	Proceedings of the debates in plenary sitting of the Assemblée Nationale, sitting: 163, 24/02/2020	2020-02-24	Lower house	15e législature	session ordinaire 2019-2020 (CRSANR5L15S2020O1N163)	-	163. séance	-	COVID	English	Regular	MP	notMinister	FI	La France insoumise	Opposition	Left to far-left	PA720430	Bernalicis, Ugo	M	1989	
ParlaMint-FR-en_2020-02-24-O1163	ParlaMint-FR_2020-02-24-O1163.u19	Proceedings of the debates in plenary sitting of the Assemblée Nationale, sitting: 163, 24/02/2020	2020-02-24	Lower house	15e législature	session ordinaire 2019-2020 (CRSANR5L15S2020O1N163)	-	163. séance	-	COVID	English	Chairperson	notMP	notMinister	LR	Les Républicains	Opposition	Centre-right	PA605991	Genevard, Annie	F	1956	
ParlaMint-FR-en_2020-02-24-O1163	ParlaMint-FR_2020-02-24-O1163.u20	Proceedings of the debates in plenary sitting of the Assemblée Nationale, sitting: 163, 24/02/2020	2020-02-24	Lower house	15e législature	session ordinaire 2019-2020 (CRSANR5L15S2020O1N163)	-	163. séance	-	COVID	English	Regular	MP	notMinister	LAREM	La République en Marche	Coalition	Centre	PA719570	Fabre, Catherine	F	1978	
ParlaMint-FR-en_2020-02-24-O1163	ParlaMint-FR_2020-02-24-O1163.u21	Proceedings of the debates in plenary sitting of the Assemblée Nationale, sitting: 163, 24/02/2020	2020-02-24	Lower house	15e législature	session ordinaire 2019-2020 (CRSANR5L15S2020O1N163)	-	163. séance	-	COVID	English	Chairperson	notMP	notMinister	LR	Les Républicains	Opposition	Centre-right	PA605991	Genevard, Annie	F	1956	
ParlaMint-FR-en_2020-02-24-O1163	ParlaMint-FR_2020-02-24-O1163.u22	Proceedings of the debates in plenary sitting of the Assemblée Nationale, sitting: 163, 24/02/2020	2020-02-24	Lower house	15e législature	session ordinaire 2019-2020 (CRSANR5L15S2020O1N163)	-	163. séance	-	COVID	English	Regular	notMP	notMinister	LAREM	La République en Marche	Coalition	Centre	PA721296	Gouffier Valente, Guillaume	M	1986	
ParlaMint-FR-en_2020-02-24-O1163	ParlaMint-FR_2020-02-24-O1163.u23	Proceedings of the debates in plenary sitting of the Assemblée Nationale, sitting: 163, 24/02/2020	2020-02-24	Lower house	15e législature	session ordinaire 2019-2020 (CRSANR5L15S2020O1N163)	-	163. séance	-	COVID	English	Regular	notMP	notMinister	LR	Les Républicains	Opposition	Centre-right	PA605991	Genevard, Annie	F	1956	
ParlaMint-FR-en_2020-02-24-O1163	ParlaMint-FR_2020-02-24-O1163.u24	Proceedings of the debates in plenary sitting of the Assemblée Nationale, sitting: 163, 24/02/2020	2020-02-24	Lower house	15e législature	session ordinaire 2019-2020 (CRSANR5L15S2020O1N163)	-	163. séance	-	COVID	English	Regular	notMP	notMinister	-	-	-	-	PA720512	Pietraszewski, Laurent	M	1966	
ParlaMint-FR-en_2020-02-24-O1163	ParlaMint-FR_2020-02-24-O1163.u25	Proceedings of the debates in plenary sitting of the Assemblée Nationale, sitting: 163, 24/02/2020	2020-02-24	Lower house	15e législature	session ordinaire 2019-2020 (CRSANR5L15S2020O1N163)	-	163. séance	-	COVID	English	Regular	notMP	notMinister	LR	Les Républicains	Opposition	Centre-right	PA605991	Genevard, Annie	F	1956	
ParlaMint-FR-en_2020-02-24-O1163	ParlaMint-FR_2020-02-24-O1163.u26	Proceedings of the debates in plenary sitting of the Assemblée Nationale, sitting: 163, 24/02/2020	2020-02-24	Lower house	15e législature	session ordinaire 2019-2020 (CRSANR5L15S2020O1N163)	-	163. séance	-	COVID	English	Regular	MP	notMinister	LT	Libertés et Territoires	-	Big tent	PA608292	Dubié, Jeanine	F	1958	
ParlaMint-FR-en_2020-02-24-O1163	ParlaMint-FR_2020-02-24-O1163.u27	Proceedings of the debates in plenary sitting of the Assemblée Nationale, sitting: 163, 24/02/2020	2020-02-24	Lower house	15e législature	session ordinaire 2019-2020 (CRSANR5L15S2020O1N163)	-	163. séance	-	COVID	English	Chairperson	notMP	notMinister	LR	Les Républicains	Opposition	Centre-right	PA605991	Genevard, Annie	F	1956	
ParlaMint-FR-en_2020-02-24-O1163	ParlaMint-FR_2020-02-24-O1163.u28	Proceedings of the debates in plenary sitting of the Assemblée Nationale, sitting: 163, 24/02/2020	2020-02-24	Lower house	15e législature	session ordinaire 2019-2020 (CRSANR5L15S2020O1N163)	-	163. séance	-	COVID	English	Regular	notMP	notMinister	LAREM	La République en Marche	Coalition	Centre	PA721296	Gouffier Valente, Guillaume	M	1986	
ParlaMint-FR-en_2020-02-24-O1163	ParlaMint-FR_2020-02-24-O1163.u29	Proceedings of the debates in plenary sitting of the Assemblée Nationale, sitting: 163, 24/02/2020	2020-02-24	Lower house	15e législature	session ordinaire 2019-2020 (CRSANR5L15S2020O1N163)	-	163. séance	-	COVID	English	Chairperson	notMP	notMinister	LR	Les Républicains	Opposition	Centre-right	PA605991	Genevard, Annie	F	1956	
ParlaMint-FR-en_2020-02-24-O1163	ParlaMint-FR_2020-02-24-O1163.u30	Proceedings of the debates in plenary sitting of the Assemblée Nationale, sitting: 163, 24/02/2020	2020-02-24	Lower house	15e législature	session ordinaire 2019-2020 (CRSANR5L15S2020O1N163)	-	163. séance	-	COVID	English	Regular	MP	notMinister	-	-	-	-	PA332614	Juanico, Régis	M	1972	
ParlaMint-FR-en_2020-02-24-O1163	ParlaMint-FR_2020-02-24-O1163.u31	Proceedings of the debates in plenary sitting of the Assemblée Nationale, sitting: 163, 24/02/2020	2020-02-24	Lower house	15e législature	session ordinaire 2019-2020 (CRSANR5L15S2020O1N163)	-	163. séance	-	COVID	English	Chairperson	notMP	notMinister	LR	Les Républicains	Opposition	Centre-right	PA605991	Genevard, Annie	F	1956	
ParlaMint-FR-en_2020-02-24-O1163	ParlaMint-FR_2020-02-24-O1163.u32	Proceedings of the debates in plenary sitting of the Assemblée Nationale, sitting: 163, 24/02/2020	2020-02-24	Lower house	15e législature	session ordinaire 2019-2020 (CRSANR5L15S2020O1N163)	-	163. séance	-	COVID	English	Regular	notMP	notMinister	GDR	Gauche démocrate et républicaine	Opposition	Left	PA722202	Jumel, Sébastien	M	1971	
ParlaMint-FR-en_2020-02-24-O1163	ParlaMint-FR_2020-02-24-O1163.u33	Proceedings of the debates in plenary sitting of the Assemblée Nationale, sitting: 163, 24/02/2020	2020-02-24	Lower house	15e législature	session ordinaire 2019-2020 (CRSANR5L15S2020O1N163)	-	163. séance	-	COVID	English	Regular	notMP	notMinister	LR	Les Républicains	Opposition	Centre-right	PA605991	Genevard, Annie	F	1956	
ParlaMint-FR-en_2020-02-24-O1163	ParlaMint-FR_2020-02-24-O1163.u34	Proceedings of the debates in plenary sitting of the Assemblée Nationale, sitting: 163, 24/02/2020	2020-02-24	Lower house	15e législature	session ordinaire 2019-2020 (CRSANR5L15S2020O1N163)	-	163. séance	-	COVID	English	Regular	notMP	notMinister	LAREM	La République en Marche	Coalition	Centre	PA721296	Gouffier Valente, Guillaume	M	1986	
ParlaMint-FR-en_2020-02-24-O1163	ParlaMint-FR_2020-02-24-O1163.u35	Proceedings of the debates in plenary sitting of the Assemblée Nationale, sitting: 163, 24/02/2020	2020-02-24	Lower house	15e législature	session ordinaire 2019-2020 (CRSANR5L15S2020O1N163)	-	163. séance	-	COVID	English	Regular	MP	notMinister	GDR	Gauche démocrate et républicaine	Opposition	Left	PA718720	Dufrègne, Jean-Paul	M	1958	
ParlaMint-FR-en_2020-02-24-O1163	ParlaMint-FR_2020-02-24-O1163.u36	Proceedings of the debates in plenary sitting of the Assemblée Nationale, sitting: 163, 24/02/2020	2020-02-24	Lower house	15e législature	session ordinaire 2019-2020 (CRSANR5L15S2020O1N163)	-	163. séance	-	COVID	English	Regular	notMP	notMinister	LAREM	La République en Marche	Coalition	Centre	PA721296	Gouffier Valente, Guillaume	M	1986	
ParlaMint-FR-en_2020-02-24-O1163	ParlaMint-FR_2020-02-24-O1163.u37	Proceedings of the debates in plenary sitting of the Assemblée Nationale, sitting: 163, 24/02/2020	2020-02-24	Lower house	15e législature	session ordinaire 2019-2020 (CRSANR5L15S2020O1N163)	-	163. séance	-	COVID	English	Regular	notMP	notMinister	LR	Les Républicains	Opposition	Centre-right	PA605991	Genevard, Annie	F	1956	
ParlaMint-FR-en_2020-02-24-O1163	ParlaMint-FR_2020-02-24-O1163.u38	Proceedings of the debates in plenary sitting of the Assemblée Nationale, sitting: 163, 24/02/2020	2020-02-24	Lower house	15e législature	session ordinaire 2019-2020 (CRSANR5L15S2020O1N163)	-	163. séance	-	COVID	English	Regular	notMP	notMinister	-	-	-	-	PA720512	Pietraszewski, Laurent	M	1966	
ParlaMint-FR-en_2020-02-24-O1163	ParlaMint-FR_2020-02-24-O1163.u39	Proceedings of the debates in plenary sitting of the Assemblée Nationale, sitting: 163, 24/02/2020	2020-02-24	Lower house	15e législature	session ordinaire 2019-2020 (CRSANR5L15S2020O1N163)	-	163. séance	-	COVID	English	Regular	notMP	notMinister	LR	Les Républicains	Opposition	Centre-right	PA332523	Dalloz, Marie-Christine	F	1958	
ParlaMint-FR-en_2020-02-24-O1163	ParlaMint-FR_2020-02-24-O1163.u40	Proceedings of the debates in plenary sitting of the Assemblée Nationale, sitting: 163, 24/02/2020	2020-02-24	Lower house	15e législature	session ordinaire 2019-2020 (CRSANR5L15S2020O1N163)	-	163. séance	-	COVID	English	Regular	notMP	notMinister	-	-	-	-	PA720512	Pietraszewski, Laurent	M	1966	
ParlaMint-FR-en_2020-02-24-O1163	ParlaMint-FR_2020-02-24-O1163.u41	Proceedings of the debates in plenary sitting of the Assemblée Nationale, sitting: 163, 24/02/2020	2020-02-24	Lower house	15e législature	session ordinaire 2019-2020 (CRSANR5L15S2020O1N163)	-	163. séance	-	COVID	English	Chairperson	notMP	notMinister	LR	Les Républicains	Opposition	Centre-right	PA605991	Genevard, Annie	F	1956	
ParlaMint-FR-en_2020-02-24-O1163	ParlaMint-FR_2020-02-24-O1163.u42	Proceedings of the debates in plenary sitting of the Assemblée Nationale, sitting: 163, 24/02/2020	2020-02-24	Lower house	15e législature	session ordinaire 2019-2020 (CRSANR5L15S2020O1N163)	-	163. séance	-	COVID	English	Regular	notMP	notMinister	LR	Les Républicains	Opposition	Centre-right	PA642847	Bazin, Thibault	M	1984	
ParlaMint-FR-en_2020-02-24-O1163	ParlaMint-FR_2020-02-24-O1163.u43	Proceedings of the debates in plenary sitting of the Assemblée Nationale, sitting: 163, 24/02/2020	2020-02-24	Lower house	15e législature	session ordinaire 2019-2020 (CRSANR5L15S2020O1N163)	-	163. séance	-	COVID	English	Regular	MP	notMinister	LAREM	La République en Marche	Coalition	Centre	PA608083	Bourguignon, Brigitte	F	1959	
ParlaMint-FR-en_2020-02-24-O1163	ParlaMint-FR_2020-02-24-O1163.u44	Proceedings of the debates in plenary sitting of the Assemblée Nationale, sitting: 163, 24/02/2020	2020-02-24	Lower house	15e législature	session ordinaire 2019-2020 (CRSANR5L15S2020O1N163)	-	163. séance	-	COVID	English	Regular	notMP	notMinister	LR	Les Républicains	Opposition	Centre-right	PA642847	Bazin, Thibault	M	1984	
ParlaMint-FR-en_2020-02-24-O1163	ParlaMint-FR_2020-02-24-O1163.u45	Proceedings of the debates in plenary sitting of the Assemblée Nationale, sitting: 163, 24/02/2020	2020-02-24	Lower house	15e législature	session ordinaire 2019-2020 (CRSANR5L15S2020O1N163)	-	163. séance	-	COVID	English	Regular	MP	notMinister	LAREM	La République en Marche	Coalition	Centre	PA608083	Bourguignon, Brigitte	F	1959	
ParlaMint-FR-en_2020-02-24-O1163	ParlaMint-FR_2020-02-24-O1163.u46	Proceedings of the debates in plenary sitting of the Assemblée Nationale, sitting: 163, 24/02/2020	2020-02-24	Lower house	15e législature	session ordinaire 2019-2020 (CRSANR5L15S2020O1N163)	-	163. séance	-	COVID	English	Regular	notMP	notMinister	LR	Les Républicains	Opposition	Centre-right	PA605991	Genevard, Annie	F	1956	
ParlaMint-FR-en_2020-02-24-O1163	ParlaMint-FR_2020-02-24-O1163.u47	Proceedings of the debates in plenary sitting of the Assemblée Nationale, sitting: 163, 24/02/2020	2020-02-24	Lower house	15e législature	session ordinaire 2019-2020 (CRSANR5L15S2020O1N163)	-	163. séance	-	COVID	English	Regular	notMP	notMinister	LR	Les Républicains	Opposition	Centre-right	PA605991	Genevard, Annie	F	1956	
ParlaMint-FR-en_2020-02-24-O1163	ParlaMint-FR_2020-02-24-O1163.u48	Proceedings of the debates in plenary sitting of the Assemblée Nationale, sitting: 163, 24/02/2020	2020-02-24	Lower house	15e législature	session ordinaire 2019-2020 (CRSANR5L15S2020O1N163)	-	163. séance	-	COVID	English	Regular	notMP	notMinister	LR	Les Républicains	Opposition	Centre-right	PA2960	Woerth, Éric	M	1956	
ParlaMint-FR-en_2020-02-24-O1163	ParlaMint-FR_2020-02-24-O1163.u49	Proceedings of the debates in plenary sitting of the Assemblée Nationale, sitting: 163, 24/02/2020	2020-02-24	Lower house	15e législature	session ordinaire 2019-2020 (CRSANR5L15S2020O1N163)	-	163. séance	-	COVID	English	Regular	MP	notMinister	FI	La France insoumise	Opposition	Left to far-left	PA720430	Bernalicis, Ugo	M	1989	
ParlaMint-FR-en_2020-02-24-O1163	ParlaMint-FR_2020-02-24-O1163.u50	Proceedings of the debates in plenary sitting of the Assemblée Nationale, sitting: 163, 24/02/2020	2020-02-24	Lower house	15e législature	session ordinaire 2019-2020 (CRSANR5L15S2020O1N163)	-	163. séance	-	COVID	English	Regular	notMP	notMinister	LR	Les Républicains	Opposition	Centre-right	PA2960	Woerth, Éric	M	1956	
ParlaMint-FR-en_2020-02-24-O1163	ParlaMint-FR_2020-02-24-O1163.u51	Proceedings of the debates in plenary sitting of the Assemblée Nationale, sitting: 163, 24/02/2020	2020-02-24	Lower house	15e législature	session ordinaire 2019-2020 (CRSANR5L15S2020O1N163)	-	163. séance	-	COVID	English	Regular	notMP	notMinister	SOC	Socialistes et apparentés	-	Centre-left to left	PA719930	Vallaud, Boris	M	1975	
ParlaMint-FR-en_2020-02-24-O1163	ParlaMint-FR_2020-02-24-O1163.u52	Proceedings of the debates in plenary sitting of the Assemblée Nationale, sitting: 163, 24/02/2020	2020-02-24	Lower house	15e législature	session ordinaire 2019-2020 (CRSANR5L15S2020O1N163)	-	163. séance	-	COVID	English	Regular	notMP	notMinister	LR	Les Républicains	Opposition	Centre-right	PA2960	Woerth, Éric	M	1956	
ParlaMint-FR-en_2020-02-24-O1163	ParlaMint-FR_2020-02-24-O1163.u53	Proceedings of the debates in plenary sitting of the Assemblée Nationale, sitting: 163, 24/02/2020	2020-02-24	Lower house	15e législature	session ordinaire 2019-2020 (CRSANR5L15S2020O1N163)	-	163. séance	-	COVID	English	Regular	notMP	notMinister	SOC	Socialistes et apparentés	-	Centre-left to left	PA340343	Saulignac, Hervé	M	1970	
ParlaMint-FR-en_2020-02-24-O1163	ParlaMint-FR_2020-02-24-O1163.u54	Proceedings of the debates in plenary sitting of the Assemblée Nationale, sitting: 163, 24/02/2020	2020-02-24	Lower house	15e législature	session ordinaire 2019-2020 (CRSANR5L15S2020O1N163)	-	163. séance	-	COVID	English	Regular	notMP	notMinister	LR	Les Républicains	Opposition	Centre-right	PA2960	Woerth, Éric	M	1956	
ParlaMint-FR-en_2020-02-24-O1163	ParlaMint-FR_2020-02-24-O1163.u55	Proceedings of the debates in plenary sitting of the Assemblée Nationale, sitting: 163, 24/02/2020	2020-02-24	Lower house	15e législature	session ordinaire 2019-2020 (CRSANR5L15S2020O1N163)	-	163. séance	-	COVID	English	Regular	notMP	notMinister	LR	Les Républicains	Opposition	Centre-right	PA605991	Genevard, Annie	F	1956	
ParlaMint-FR-en_2020-02-24-O1163	ParlaMint-FR_2020-02-24-O1163.u56	Proceedings of the debates in plenary sitting of the Assemblée Nationale, sitting: 163, 24/02/2020	2020-02-24	Lower house	15e législature	session ordinaire 2019-2020 (CRSANR5L15S2020O1N163)	-	163. séance	-	COVID	English	Regular	notMP	notMinister	SOC	Socialistes et apparentés	-	Centre-left to left	PA719930	Vallaud, Boris	M	1975	
ParlaMint-FR-en_2020-02-24-O1163	ParlaMint-FR_2020-02-24-O1163.u57	Proceedings of the debates in plenary sitting of the Assemblée Nationale, sitting: 163, 24/02/2020	2020-02-24	Lower house	15e législature	session ordinaire 2019-2020 (CRSANR5L15S2020O1N163)	-	163. séance	-	COVID	English	Regular	MP	notMinister	FI	La France insoumise	Opposition	Left to far-left	PA720430	Bernalicis, Ugo	M	1989	
ParlaMint-FR-en_2020-02-24-O1163	ParlaMint-FR_2020-02-24-O1163.u58	Proceedings of the debates in plenary sitting of the Assemblée Nationale, sitting: 163, 24/02/2020	2020-02-24	Lower house	15e législature	session ordinaire 2019-2020 (CRSANR5L15S2020O1N163)	-	163. séance	-	COVID	English	Regular	notMP	notMinister	SOC	Socialistes et apparentés	-	Centre-left to left	PA719930	Vallaud, Boris	M	1975	
ParlaMint-FR-en_2020-02-24-O1163	ParlaMint-FR_2020-02-24-O1163.u59	Proceedings of the debates in plenary sitting of the Assemblée Nationale, sitting: 163, 24/02/2020	2020-02-24	Lower house	15e législature	session ordinaire 2019-2020 (CRSANR5L15S2020O1N163)	-	163. séance	-	COVID	English	Regular	notMP	notMinister	LR	Les Républicains	Opposition	Centre-right	PA605991	Genevard, Annie	F	1956	
ParlaMint-FR-en_2020-02-24-O1163	ParlaMint-FR_2020-02-24-O1163.u60	Proceedings of the debates in plenary sitting of the Assemblée Nationale, sitting: 163, 24/02/2020	2020-02-24	Lower house	15e législature	session ordinaire 2019-2020 (CRSANR5L15S2020O1N163)	-	163. séance	-	COVID	English	Regular	notMP	notMinister	LAREM	La République en Marche	Coalition	Centre	PA720900	Rilhac, Cécile	F	1974	
ParlaMint-FR-en_2020-02-24-O1163	ParlaMint-FR_2020-02-24-O1163.u61	Proceedings of the debates in plenary sitting of the Assemblée Nationale, sitting: 163, 24/02/2020	2020-02-24	Lower house	15e législature	session ordinaire 2019-2020 (CRSANR5L15S2020O1N163)	-	163. séance	-	COVID	English	Regular	MP	notMinister	-	-	-	-	PA332614	Juanico, Régis	M	1972	
ParlaMint-FR-en_2020-02-24-O1163	ParlaMint-FR_2020-02-24-O1163.u62	Proceedings of the debates in plenary sitting of the Assemblée Nationale, sitting: 163, 24/02/2020	2020-02-24	Lower house	15e législature	session ordinaire 2019-2020 (CRSANR5L15S2020O1N163)	-	163. séance	-	COVID	English	Regular	notMP	notMinister	LAREM	La République en Marche	Coalition	Centre	PA720900	Rilhac, Cécile	F	1974	
ParlaMint-FR-en_2020-02-24-O1163	ParlaMint-FR_2020-02-24-O1163.u63	Proceedings of the debates in plenary sitting of the Assemblée Nationale, sitting: 163, 24/02/2020	2020-02-24	Lower house	15e législature	session ordinaire 2019-2020 (CRSANR5L15S2020O1N163)	-	163. séance	-	COVID	English	Regular	notMP	notMinister	SOC	Socialistes et apparentés	-	Centre-left to left	PA719930	Vallaud, Boris	M	1975	
ParlaMint-FR-en_2020-02-24-O1163	ParlaMint-FR_2020-02-24-O1163.u64	Proceedings of the debates in plenary sitting of the Assemblée Nationale, sitting: 163, 24/02/2020	2020-02-24	Lower house	15e législature	session ordinaire 2019-2020 (CRSANR5L15S2020O1N163)	-	163. séance	-	COVID	English	Regular	notMP	notMinister	LAREM	La République en Marche	Coalition	Centre	PA720900	Rilhac, Cécile	F	1974	
ParlaMint-FR-en_2020-02-24-O1163	ParlaMint-FR_2020-02-24-O1163.u65	Proceedings of the debates in plenary sitting of the Assemblée Nationale, sitting: 163, 24/02/2020	2020-02-24	Lower house	15e législature	session ordinaire 2019-2020 (CRSANR5L15S2020O1N163)	-	163. séance	-	COVID	English	Regular	notMP	notMinister	SOC	Socialistes et apparentés	-	Centre-left to left	PA719930	Vallaud, Boris	M	1975	
ParlaMint-FR-en_2020-02-24-O1163	ParlaMint-FR_2020-02-24-O1163.u66	Proceedings of the debates in plenary sitting of the Assemblée Nationale, sitting: 163, 24/02/2020	2020-02-24	Lower house	15e législature	session ordinaire 2019-2020 (CRSANR5L15S2020O1N163)	-	163. séance	-	COVID	English	Regular	notMP	notMinister	LAREM	La République en Marche	Coalition	Centre	PA720900	Rilhac, Cécile	F	1974	
ParlaMint-FR-en_2020-02-24-O1163	ParlaMint-FR_2020-02-24-O1163.u67	Proceedings of the debates in plenary sitting of the Assemblée Nationale, sitting: 163, 24/02/2020	2020-02-24	Lower house	15e législature	session ordinaire 2019-2020 (CRSANR5L15S2020O1N163)	-	163. séance	-	COVID	English	Regular	notMP	notMinister	LR	Les Républicains	Opposition	Centre-right	PA605991	Genevard, Annie	F	1956	
ParlaMint-FR-en_2020-02-24-O1163	ParlaMint-FR_2020-02-24-O1163.u68	Proceedings of the debates in plenary sitting of the Assemblée Nationale, sitting: 163, 24/02/2020	2020-02-24	Lower house	15e législature	session ordinaire 2019-2020 (CRSANR5L15S2020O1N163)	-	163. séance	-	COVID	English	Regular	MP	notMinister	FI	La France insoumise	Opposition	Left to far-left	PA720430	Bernalicis, Ugo	M	1989	
ParlaMint-FR-en_2020-02-24-O1163	ParlaMint-FR_2020-02-24-O1163.u69	Proceedings of the debates in plenary sitting of the Assemblée Nationale, sitting: 163, 24/02/2020	2020-02-24	Lower house	15e législature	session ordinaire 2019-2020 (CRSANR5L15S2020O1N163)	-	163. séance	-	COVID	English	Regular	notMP	notMinister	LR	Les Républicains	Opposition	Centre-right	PA605991	Genevard, Annie	F	1956	
ParlaMint-FR-en_2020-02-24-O1163	ParlaMint-FR_2020-02-24-O1163.u70	Proceedings of the debates in plenary sitting of the Assemblée Nationale, sitting: 163, 24/02/2020	2020-02-24	Lower house	15e législature	session ordinaire 2019-2020 (CRSANR5L15S2020O1N163)	-	163. séance	-	COVID	English	Regular	notMP	notMinister	GDR	Gauche démocrate et républicaine	Opposition	Left	PA722202	Jumel, Sébastien	M	1971	
ParlaMint-FR-en_2020-02-24-O1163	ParlaMint-FR_2020-02-24-O1163.u71	Proceedings of the debates in plenary sitting of the Assemblée Nationale, sitting: 163, 24/02/2020	2020-02-24	Lower house	15e législature	session ordinaire 2019-2020 (CRSANR5L15S2020O1N163)	-	163. séance	-	COVID	English	Regular	MP	notMinister	LAREM	La République en Marche	Coalition	Centre	PA608083	Bourguignon, Brigitte	F	1959	
ParlaMint-FR-en_2020-02-24-O1163	ParlaMint-FR_2020-02-24-O1163.u72	Proceedings of the debates in plenary sitting of the Assemblée Nationale, sitting: 163, 24/02/2020	2020-02-24	Lower house	15e législature	session ordinaire 2019-2020 (CRSANR5L15S2020O1N163)	-	163. séance	-	COVID	English	Regular	notMP	notMinister	GDR	Gauche démocrate et républicaine	Opposition	Left	PA722202	Jumel, Sébastien	M	1971	
ParlaMint-FR-en_2020-02-24-O1163	ParlaMint-FR_2020-02-24-O1163.u73	Proceedings of the debates in plenary sitting of the Assemblée Nationale, sitting: 163, 24/02/2020	2020-02-24	Lower house	15e législature	session ordinaire 2019-2020 (CRSANR5L15S2020O1N163)	-	163. séance	-	COVID	English	Regular	notMP	notMinister	LR	Les Républicains	Opposition	Centre-right	PA606098	Marleix, Olivier	M	1971	
ParlaMint-FR-en_2020-02-24-O1163	ParlaMint-FR_2020-02-24-O1163.u74	Proceedings of the debates in plenary sitting of the Assemblée Nationale, sitting: 163, 24/02/2020	2020-02-24	Lower house	15e législature	session ordinaire 2019-2020 (CRSANR5L15S2020O1N163)	-	163. séance	-	COVID	English	Regular	notMP	notMinister	GDR	Gauche démocrate et républicaine	Opposition	Left	PA722202	Jumel, Sébastien	M	1971	
ParlaMint-FR-en_2020-02-24-O1163	ParlaMint-FR_2020-02-24-O1163.u75	Proceedings of the debates in plenary sitting of the Assemblée Nationale, sitting: 163, 24/02/2020	2020-02-24	Lower house	15e législature	session ordinaire 2019-2020 (CRSANR5L15S2020O1N163)	-	163. séance	-	COVID	English	Regular	notMP	notMinister	LR	Les Républicains	Opposition	Centre-right	PA605991	Genevard, Annie	F	1956	
ParlaMint-FR-en_2020-02-24-O1163	ParlaMint-FR_2020-02-24-O1163.u76	Proceedings of the debates in plenary sitting of the Assemblée Nationale, sitting: 163, 24/02/2020	2020-02-24	Lower house	15e législature	session ordinaire 2019-2020 (CRSANR5L15S2020O1N163)	-	163. séance	-	COVID	English	Regular	MP	notMinister	LT	Libertés et Territoires	-	Big tent	PA336175	Pinel, Sylvia	F	1977	
ParlaMint-FR-en_2020-02-24-O1163	ParlaMint-FR_2020-02-24-O1163.u77	Proceedings of the debates in plenary sitting of the Assemblée Nationale, sitting: 163, 24/02/2020	2020-02-24	Lower house	15e législature	session ordinaire 2019-2020 (CRSANR5L15S2020O1N163)	-	163. séance	-	COVID	English	Chairperson	notMP	notMinister	LR	Les Républicains	Opposition	Centre-right	PA605991	Genevard, Annie	F	1956	
ParlaMint-FR-en_2020-02-24-O1163	ParlaMint-FR_2020-02-24-O1163.u78	Proceedings of the debates in plenary sitting of the Assemblée Nationale, sitting: 163, 24/02/2020	2020-02-24	Lower house	15e législature	session ordinaire 2019-2020 (CRSANR5L15S2020O1N163)	-	163. séance	-	COVID	English	Chairperson	notMP	notMinister	LR	Les Républicains	Opposition	Centre-right	PA605991	Genevard, Annie	F	1956	
ParlaMint-FR-en_2020-02-24-O1163	ParlaMint-FR_2020-02-24-O1163.u79	Proceedings of the debates in plenary sitting of the Assemblée Nationale, sitting: 163, 24/02/2020	2020-02-24	Lower house	15e législature	session ordinaire 2019-2020 (CRSANR5L15S2020O1N163)	-	163. séance	-	COVID	English	Chairperson	notMP	notMinister	LR	Les Républicains	Opposition	Centre-right	PA605991	Genevard, Annie	F	1956	
ParlaMint-FR-en_2020-02-24-O1163	ParlaMint-FR_2020-02-24-O1163.u80	Proceedings of the debates in plenary sitting of the Assemblée Nationale, sitting: 163, 24/02/2020	2020-02-24	Lower house	15e législature	session ordinaire 2019-2020 (CRSANR5L15S2020O1N163)	-	163. séance	-	COVID	English	Regular	MP	notMinister	LR	Les Républicains	Opposition	Centre-right	PA267289	Door, Jean-Pierre	M	1942	
ParlaMint-FR-en_2020-02-24-O1163	ParlaMint-FR_2020-02-24-O1163.u81	Proceedings of the debates in plenary sitting of the Assemblée Nationale, sitting: 163, 24/02/2020	2020-02-24	Lower house	15e législature	session ordinaire 2019-2020 (CRSANR5L15S2020O1N163)	-	163. séance	-	COVID	English	Chairperson	notMP	notMinister	LR	Les Républicains	Opposition	Centre-right	PA605991	Genevard, Annie	F	1956	
ParlaMint-FR-en_2020-02-24-O1163	ParlaMint-FR_2020-02-24-O1163.u82	Proceedings of the debates in plenary sitting of the Assemblée Nationale, sitting: 163, 24/02/2020	2020-02-24	Lower house	15e législature	session ordinaire 2019-2020 (CRSANR5L15S2020O1N163)	-	163. séance	-	COVID	English	Regular	notMP	notMinister	LR	Les Républicains	Opposition	Centre-right	PA332523	Dalloz, Marie-Christine	F	1958	
ParlaMint-FR-en_2020-02-24-O1163	ParlaMint-FR_2020-02-24-O1163.u83	Proceedings of the debates in plenary sitting of the Assemblée Nationale, sitting: 163, 24/02/2020	2020-02-24	Lower house	15e législature	session ordinaire 2019-2020 (CRSANR5L15S2020O1N163)	-	163. séance	-	COVID	English	Regular	notMP	notMinister	LAREM	La République en Marche	Coalition	Centre	PA719472	Cazeneuve, Jean-René	M	1958	
ParlaMint-FR-en_2020-02-24-O1163	ParlaMint-FR_2020-02-24-O1163.u84	Proceedings of the debates in plenary sitting of the Assemblée Nationale, sitting: 163, 24/02/2020	2020-02-24	Lower house	15e législature	session ordinaire 2019-2020 (CRSANR5L15S2020O1N163)	-	163. séance	-	COVID	English	Regular	notMP	notMinister	LR	Les Républicains	Opposition	Centre-right	PA332523	Dalloz, Marie-Christine	F	1958	
ParlaMint-FR-en_2020-02-24-O1163	ParlaMint-FR_2020-02-24-O1163.u85	Proceedings of the debates in plenary sitting of the Assemblée Nationale, sitting: 163, 24/02/2020	2020-02-24	Lower house	15e législature	session ordinaire 2019-2020 (CRSANR5L15S2020O1N163)	-	163. séance	-	COVID	English	Chairperson	notMP	notMinister	LR	Les Républicains	Opposition	Centre-right	PA605991	Genevard, Annie	F	1956	
ParlaMint-FR-en_2020-02-24-O1163	ParlaMint-FR_2020-02-24-O1163.u86	Proceedings of the debates in plenary sitting of the Assemblée Nationale, sitting: 163, 24/02/2020	2020-02-24	Lower house	15e législature	session ordinaire 2019-2020 (CRSANR5L15S2020O1N163)	-	163. séance	-	COVID	English	Regular	notMP	notMinister	LT	Libertés et Territoires	-	Big tent	PA331582	Vigier, Philippe	M	1958	
ParlaMint-FR-en_2020-02-24-O1163	ParlaMint-FR_2020-02-24-O1163.u87	Proceedings of the debates in plenary sitting of the Assemblée Nationale, sitting: 163, 24/02/2020	2020-02-24	Lower house	15e législature	session ordinaire 2019-2020 (CRSANR5L15S2020O1N163)	-	163. séance	-	COVID	English	Chairperson	notMP	notMinister	LR	Les Républicains	Opposition	Centre-right	PA605991	Genevard, Annie	F	1956	
ParlaMint-FR-en_2020-02-24-O1163	ParlaMint-FR_2020-02-24-O1163.u88	Proceedings of the debates in plenary sitting of the Assemblée Nationale, sitting: 163, 24/02/2020	2020-02-24	Lower house	15e législature	session ordinaire 2019-2020 (CRSANR5L15S2020O1N163)	-	163. séance	-	COVID	English	Regular	notMP	notMinister	UDI-A-I	UDI, Agir et Indépendants	-	Right	PA332228	Benoit, Thierry	M	1966	
ParlaMint-FR-en_2020-02-24-O1163	ParlaMint-FR_2020-02-24-O1163.u89	Proceedings of the debates in plenary sitting of the Assemblée Nationale, sitting: 163, 24/02/2020	2020-02-24	Lower house	15e législature	session ordinaire 2019-2020 (CRSANR5L15S2020O1N163)	-	163. séance	-	COVID	English	Chairperson	notMP	notMinister	LR	Les Républicains	Opposition	Centre-right	PA605991	Genevard, Annie	F	1956	
ParlaMint-FR-en_2020-02-24-O1163	ParlaMint-FR_2020-02-24-O1163.u90	Proceedings of the debates in plenary sitting of the Assemblée Nationale, sitting: 163, 24/02/2020	2020-02-24	Lower house	15e législature	session ordinaire 2019-2020 (CRSANR5L15S2020O1N163)	-	163. séance	-	COVID	English	Regular	MP	notMinister	GDR	Gauche démocrate et républicaine	Opposition	Left	PA718720	Dufrègne, Jean-Paul	M	1958	
ParlaMint-FR-en_2020-02-24-O1163	ParlaMint-FR_2020-02-24-O1163.u91	Proceedings of the debates in plenary sitting of the Assemblée Nationale, sitting: 163, 24/02/2020	2020-02-24	Lower house	15e législature	session ordinaire 2019-2020 (CRSANR5L15S2020O1N163)	-	163. séance	-	COVID	English	Regular	MP	notMinister	LR	Les Républicains	Opposition	Centre-right	PA605036	Abad, Damien	M	1980	
ParlaMint-FR-en_2020-02-24-O1163	ParlaMint-FR_2020-02-24-O1163.u92	Proceedings of the debates in plenary sitting of the Assemblée Nationale, sitting: 163, 24/02/2020	2020-02-24	Lower house	15e législature	session ordinaire 2019-2020 (CRSANR5L15S2020O1N163)	-	163. séance	-	COVID	English	Regular	MP	notMinister	GDR	Gauche démocrate et républicaine	Opposition	Left	PA718720	Dufrègne, Jean-Paul	M	1958	
ParlaMint-FR-en_2020-02-24-O1163	ParlaMint-FR_2020-02-24-O1163.u93	Proceedings of the debates in plenary sitting of the Assemblée Nationale, sitting: 163, 24/02/2020	2020-02-24	Lower house	15e législature	session ordinaire 2019-2020 (CRSANR5L15S2020O1N163)	-	163. séance	-	COVID	English	Regular	notMP	notMinister	LR	Les Républicains	Opposition	Centre-right	PA605991	Genevard, Annie	F	1956	
ParlaMint-FR-en_2020-02-24-O1163	ParlaMint-FR_2020-02-24-O1163.u94	Proceedings of the debates in plenary sitting of the Assemblée Nationale, sitting: 163, 24/02/2020	2020-02-24	Lower house	15e législature	session ordinaire 2019-2020 (CRSANR5L15S2020O1N163)	-	163. séance	-	COVID	English	Regular	notMP	notMinister	LAREM	La République en Marche	Coalition	Centre	PA721296	Gouffier Valente, Guillaume	M	1986	
ParlaMint-FR-en_2020-02-24-O1163	ParlaMint-FR_2020-02-24-O1163.u95	Proceedings of the debates in plenary sitting of the Assemblée Nationale, sitting: 163, 24/02/2020	2020-02-24	Lower house	15e législature	session ordinaire 2019-2020 (CRSANR5L15S2020O1N163)	-	163. séance	-	COVID	English	Regular	notMP	notMinister	LR	Les Républicains	Opposition	Centre-right	PA642847	Bazin, Thibault	M	1984	
ParlaMint-FR-en_2020-02-24-O1163	ParlaMint-FR_2020-02-24-O1163.u96	Proceedings of the debates in plenary sitting of the Assemblée Nationale, sitting: 163, 24/02/2020	2020-02-24	Lower house	15e législature	session ordinaire 2019-2020 (CRSANR5L15S2020O1N163)	-	163. séance	-	COVID	English	Regular	MP	notMinister	LAREM	La République en Marche	Coalition	Centre	PA608083	Bourguignon, Brigitte	F	1959	
ParlaMint-FR-en_2020-02-24-O1163	ParlaMint-FR_2020-02-24-O1163.u97	Proceedings of the debates in plenary sitting of the Assemblée Nationale, sitting: 163, 24/02/2020	2020-02-24	Lower house	15e législature	session ordinaire 2019-2020 (CRSANR5L15S2020O1N163)	-	163. séance	-	COVID	English	Regular	notMP	notMinister	LAREM	La République en Marche	Coalition	Centre	PA721296	Gouffier Valente, Guillaume	M	1986	
ParlaMint-FR-en_2020-02-24-O1163	ParlaMint-FR_2020-02-24-O1163.u98	Proceedings of the debates in plenary sitting of the Assemblée Nationale, sitting: 163, 24/02/2020	2020-02-24	Lower house	15e législature	session ordinaire 2019-2020 (CRSANR5L15S2020O1N163)	-	163. séance	-	COVID	English	Regular	notMP	notMinister	LR	Les Républicains	Opposition	Centre-right	PA605991	Genevard, Annie	F	1956	
ParlaMint-FR-en_2020-02-24-O1163	ParlaMint-FR_2020-02-24-O1163.u99	Proceedings of the debates in plenary sitting of the Assemblée Nationale, sitting: 163, 24/02/2020	2020-02-24	Lower house	15e législature	session ordinaire 2019-2020 (CRSANR5L15S2020O1N163)	-	163. séance	-	COVID	English	Regular	notMP	notMinister	-	-	-	-	PA720512	Pietraszewski, Laurent	M	1966	
ParlaMint-FR-en_2020-02-24-O1163	ParlaMint-FR_2020-02-24-O1163.u100	Proceedings of the debates in plenary sitting of the Assemblée Nationale, sitting: 163, 24/02/2020	2020-02-24	Lower house	15e législature	session ordinaire 2019-2020 (CRSANR5L15S2020O1N163)	-	163. séance	-	COVID	English	Regular	MP	notMinister	GDR	Gauche démocrate et républicaine	Opposition	Left	PA720546	Bruneel, Alain	M	1952	
ParlaMint-FR-en_2020-02-24-O1163	ParlaMint-FR_2020-02-24-O1163.u101	Proceedings of the debates in plenary sitting of the Assemblée Nationale, sitting: 163, 24/02/2020	2020-02-24	Lower house	15e législature	session ordinaire 2019-2020 (CRSANR5L15S2020O1N163)	-	163. séance	-	COVID	English	Regular	notMP	notMinister	-	-	-	-	PA720512	Pietraszewski, Laurent	M	1966	
ParlaMint-FR-en_2020-02-24-O1163	ParlaMint-FR_2020-02-24-O1163.u102	Proceedings of the debates in plenary sitting of the Assemblée Nationale, sitting: 163, 24/02/2020	2020-02-24	Lower house	15e législature	session ordinaire 2019-2020 (CRSANR5L15S2020O1N163)	-	163. séance	-	COVID	English	Regular	notMP	notMinister	LR	Les Républicains	Opposition	Centre-right	PA605991	Genevard, Annie	F	1956	
ParlaMint-FR-en_2020-02-24-O1163	ParlaMint-FR_2020-02-24-O1163.u103	Proceedings of the debates in plenary sitting of the Assemblée Nationale, sitting: 163, 24/02/2020	2020-02-24	Lower house	15e législature	session ordinaire 2019-2020 (CRSANR5L15S2020O1N163)	-	163. séance	-	COVID	English	Regular	notMP	notMinister	SOC	Socialistes et apparentés	-	Centre-left to left	PA719930	Vallaud, Boris	M	1975	
ParlaMint-FR-en_2020-02-24-O1163	ParlaMint-FR_2020-02-24-O1163.u104	Proceedings of the debates in plenary sitting of the Assemblée Nationale, sitting: 163, 24/02/2020	2020-02-24	Lower house	15e législature	session ordinaire 2019-2020 (CRSANR5L15S2020O1N163)	-	163. séance	-	COVID	English	Regular	notMP	notMinister	LR	Les Républicains	Opposition	Centre-right	PA605991	Genevard, Annie	F	1956	
ParlaMint-FR-en_2020-02-24-O1163	ParlaMint-FR_2020-02-24-O1163.u105	Proceedings of the debates in plenary sitting of the Assemblée Nationale, sitting: 163, 24/02/2020	2020-02-24	Lower house	15e législature	session ordinaire 2019-2020 (CRSANR5L15S2020O1N163)	-	163. séance	-	COVID	English	Regular	notMP	notMinister	GDR	Gauche démocrate et républicaine	Opposition	Left	PA721270	Peu, Stéphane	M	1962	
ParlaMint-FR-en_2020-02-24-O1163	ParlaMint-FR_2020-02-24-O1163.u106	Proceedings of the debates in plenary sitting of the Assemblée Nationale, sitting: 163, 24/02/2020	2020-02-24	Lower house	15e législature	session ordinaire 2019-2020 (CRSANR5L15S2020O1N163)	-	163. séance	-	COVID	English	Regular	notMP	notMinister	LR	Les Républicains	Opposition	Centre-right	PA605991	Genevard, Annie	F	1956	
ParlaMint-FR-en_2020-02-24-O1163	ParlaMint-FR_2020-02-24-O1163.u107	Proceedings of the debates in plenary sitting of the Assemblée Nationale, sitting: 163, 24/02/2020	2020-02-24	Lower house	15e législature	session ordinaire 2019-2020 (CRSANR5L15S2020O1N163)	-	163. séance	-	COVID	English	Regular	MP	notMinister	LR	Les Républicains	Opposition	Centre-right	PA746	Carrez, Gilles	M	1948	
ParlaMint-FR-en_2020-02-24-O1163	ParlaMint-FR_2020-02-24-O1163.u108	Proceedings of the debates in plenary sitting of the Assemblée Nationale, sitting: 163, 24/02/2020	2020-02-24	Lower house	15e législature	session ordinaire 2019-2020 (CRSANR5L15S2020O1N163)	-	163. séance	-	COVID	English	Regular	MP	notMinister	LR	Les Républicains	Opposition	Centre-right	PA605036	Abad, Damien	M	1980	
ParlaMint-FR-en_2020-02-24-O1163	ParlaMint-FR_2020-02-24-O1163.u109	Proceedings of the debates in plenary sitting of the Assemblée Nationale, sitting: 163, 24/02/2020	2020-02-24	Lower house	15e législature	session ordinaire 2019-2020 (CRSANR5L15S2020O1N163)	-	163. séance	-	COVID	English	Regular	notMP	notMinister	LR	Les Républicains	Opposition	Centre-right	PA605991	Genevard, Annie	F	1956	
ParlaMint-FR-en_2020-02-24-O1163	ParlaMint-FR_2020-02-24-O1163.u110	Proceedings of the debates in plenary sitting of the Assemblée Nationale, sitting: 163, 24/02/2020	2020-02-24	Lower house	15e législature	session ordinaire 2019-2020 (CRSANR5L15S2020O1N163)	-	163. séance	-	COVID	English	Regular	MP	notMinister	LAREM	La République en Marche	Coalition	Centre	PA720170	Grandjean, Carole	F	1983	
ParlaMint-FR-en_2020-02-24-O1163	ParlaMint-FR_2020-02-24-O1163.u111	Proceedings of the debates in plenary sitting of the Assemblée Nationale, sitting: 163, 24/02/2020	2020-02-24	Lower house	15e législature	session ordinaire 2019-2020 (CRSANR5L15S2020O1N163)	-	163. séance	-	COVID	English	Regular	notMP	notMinister	LR	Les Républicains	Opposition	Centre-right	PA332523	Dalloz, Marie-Christine	F	1958	
ParlaMint-FR-en_2020-02-24-O1163	ParlaMint-FR_2020-02-24-O1163.u112	Proceedings of the debates in plenary sitting of the Assemblée Nationale, sitting: 163, 24/02/2020	2020-02-24	Lower house	15e législature	session ordinaire 2019-2020 (CRSANR5L15S2020O1N163)	-	163. séance	-	COVID	English	Regular	MP	notMinister	LAREM	La République en Marche	Coalition	Centre	PA720170	Grandjean, Carole	F	1983	
ParlaMint-FR-en_2020-02-24-O1163	ParlaMint-FR_2020-02-24-O1163.u113	Proceedings of the debates in plenary sitting of the Assemblée Nationale, sitting: 163, 24/02/2020	2020-02-24	Lower house	15e législature	session ordinaire 2019-2020 (CRSANR5L15S2020O1N163)	-	163. séance	-	COVID	English	Regular	MP	notMinister	LR	Les Républicains	Opposition	Centre-right	PA267204	Sermier, Jean-Marie	M	1961	
ParlaMint-FR-en_2020-02-24-O1163	ParlaMint-FR_2020-02-24-O1163.u114	Proceedings of the debates in plenary sitting of the Assemblée Nationale, sitting: 163, 24/02/2020	2020-02-24	Lower house	15e législature	session ordinaire 2019-2020 (CRSANR5L15S2020O1N163)	-	163. séance	-	COVID	English	Regular	MP	notMinister	LAREM	La République en Marche	Coalition	Centre	PA720170	Grandjean, Carole	F	1983	
ParlaMint-FR-en_2020-02-24-O1163	ParlaMint-FR_2020-02-24-O1163.u115	Proceedings of the debates in plenary sitting of the Assemblée Nationale, sitting: 163, 24/02/2020	2020-02-24	Lower house	15e législature	session ordinaire 2019-2020 (CRSANR5L15S2020O1N163)	-	163. séance	-	COVID	English	Regular	notMP	notMinister	GDR	Gauche démocrate et républicaine	Opposition	Left	PA721270	Peu, Stéphane	M	1962	
ParlaMint-FR-en_2020-02-24-O1163	ParlaMint-FR_2020-02-24-O1163.u116	Proceedings of the debates in plenary sitting of the Assemblée Nationale, sitting: 163, 24/02/2020	2020-02-24	Lower house	15e législature	session ordinaire 2019-2020 (CRSANR5L15S2020O1N163)	-	163. séance	-	COVID	English	Regular	MP	notMinister	LAREM	La République en Marche	Coalition	Centre	PA720170	Grandjean, Carole	F	1983	
ParlaMint-FR-en_2020-02-24-O1163	ParlaMint-FR_2020-02-24-O1163.u117	Proceedings of the debates in plenary sitting of the Assemblée Nationale, sitting: 163, 24/02/2020	2020-02-24	Lower house	15e législature	session ordinaire 2019-2020 (CRSANR5L15S2020O1N163)	-	163. séance	-	COVID	English	Regular	notMP	notMinister	LR	Les Républicains	Opposition	Centre-right	PA642847	Bazin, Thibault	M	1984	
ParlaMint-FR-en_2020-02-24-O1163	ParlaMint-FR_2020-02-24-O1163.u118	Proceedings of the debates in plenary sitting of the Assemblée Nationale, sitting: 163, 24/02/2020	2020-02-24	Lower house	15e législature	session ordinaire 2019-2020 (CRSANR5L15S2020O1N163)	-	163. séance	-	COVID	English	Regular	MP	notMinister	LAREM	La République en Marche	Coalition	Centre	PA720170	Grandjean, Carole	F	1983	
ParlaMint-FR-en_2020-02-24-O1163	ParlaMint-FR_2020-02-24-O1163.u119	Proceedings of the debates in plenary sitting of the Assemblée Nationale, sitting: 163, 24/02/2020	2020-02-24	Lower house	15e législature	session ordinaire 2019-2020 (CRSANR5L15S2020O1N163)	-	163. séance	-	COVID	English	Regular	MP	notMinister	LR	Les Républicains	Opposition	Centre-right	PA267204	Sermier, Jean-Marie	M	1961	
ParlaMint-FR-en_2020-02-24-O1163	ParlaMint-FR_2020-02-24-O1163.u120	Proceedings of the debates in plenary sitting of the Assemblée Nationale, sitting: 163, 24/02/2020	2020-02-24	Lower house	15e législature	session ordinaire 2019-2020 (CRSANR5L15S2020O1N163)	-	163. séance	-	COVID	English	Chairperson	notMP	notMinister	LR	Les Républicains	Opposition	Centre-right	PA605991	Genevard, Annie	F	1956	
ParlaMint-FR-en_2020-02-24-O1163	ParlaMint-FR_2020-02-24-O1163.u121	Proceedings of the debates in plenary sitting of the Assemblée Nationale, sitting: 163, 24/02/2020	2020-02-24	Lower house	15e législature	session ordinaire 2019-2020 (CRSANR5L15S2020O1N163)	-	163. séance	-	COVID	English	Chairperson	notMP	notMinister	LR	Les Républicains	Opposition	Centre-right	PA605991	Genevard, Annie	F	1956	
ParlaMint-FR-en_2020-02-24-O1163	ParlaMint-FR_2020-02-24-O1163.u122	Proceedings of the debates in plenary sitting of the Assemblée Nationale, sitting: 163, 24/02/2020	2020-02-24	Lower house	15e législature	session ordinaire 2019-2020 (CRSANR5L15S2020O1N163)	-	163. séance	-	COVID	English	Chairperson	notMP	notMinister	LR	Les Républicains	Opposition	Centre-right	PA605991	Genevard, Annie	F	1956	
ParlaMint-FR-en_2020-02-24-O1163	ParlaMint-FR_2020-02-24-O1163.u123	Proceedings of the debates in plenary sitting of the Assemblée Nationale, sitting: 163, 24/02/2020	2020-02-24	Lower house	15e législature	session ordinaire 2019-2020 (CRSANR5L15S2020O1N163)	-	163. séance	-	COVID	English	Regular	MP	notMinister	LR	Les Républicains	Opposition	Centre-right	PA721506	Kuster, Brigitte	F	1959	
ParlaMint-FR-en_2020-02-24-O1163	ParlaMint-FR_2020-02-24-O1163.u124	Proceedings of the debates in plenary sitting of the Assemblée Nationale, sitting: 163, 24/02/2020	2020-02-24	Lower house	15e législature	session ordinaire 2019-2020 (CRSANR5L15S2020O1N163)	-	163. séance	-	COVID	English	Chairperson	notMP	notMinister	LR	Les Républicains	Opposition	Centre-right	PA605991	Genevard, Annie	F	1956	
ParlaMint-FR-en_2020-02-24-O1163	ParlaMint-FR_2020-02-24-O1163.u125	Proceedings of the debates in plenary sitting of the Assemblée Nationale, sitting: 163, 24/02/2020	2020-02-24	Lower house	15e législature	session ordinaire 2019-2020 (CRSANR5L15S2020O1N163)	-	163. séance	-	COVID	English	Regular	notMP	notMinister	LR	Les Républicains	Opposition	Centre-right	PA642847	Bazin, Thibault	M	1984	
ParlaMint-FR-en_2020-02-24-O1163	ParlaMint-FR_2020-02-24-O1163.u126	Proceedings of the debates in plenary sitting of the Assemblée Nationale, sitting: 163, 24/02/2020	2020-02-24	Lower house	15e législature	session ordinaire 2019-2020 (CRSANR5L15S2020O1N163)	-	163. séance	-	COVID	English	Regular	notMP	notMinister	LR	Les Républicains	Opposition	Centre-right	PA332523	Dalloz, Marie-Christine	F	1958	
ParlaMint-FR-en_2020-02-24-O1163	ParlaMint-FR_2020-02-24-O1163.u127	Proceedings of the debates in plenary sitting of the Assemblée Nationale, sitting: 163, 24/02/2020	2020-02-24	Lower house	15e législature	session ordinaire 2019-2020 (CRSANR5L15S2020O1N163)	-	163. séance	-	COVID	English	Chairperson	notMP	notMinister	LR	Les Républicains	Opposition	Centre-right	PA605991	Genevard, Annie	F	1956	
ParlaMint-FR-en_2020-02-24-O1163	ParlaMint-FR_2020-02-24-O1163.u128	Proceedings of the debates in plenary sitting of the Assemblée Nationale, sitting: 163, 24/02/2020	2020-02-24	Lower house	15e législature	session ordinaire 2019-2020 (CRSANR5L15S2020O1N163)	-	163. séance	-	COVID	English	Regular	MP	notMinister	LT	Libertés et Territoires	-	Big tent	PA608292	Dubié, Jeanine	F	1958	
ParlaMint-FR-en_2020-02-24-O1163	ParlaMint-FR_2020-02-24-O1163.u129	Proceedings of the debates in plenary sitting of the Assemblée Nationale, sitting: 163, 24/02/2020	2020-02-24	Lower house	15e législature	session ordinaire 2019-2020 (CRSANR5L15S2020O1N163)	-	163. séance	-	COVID	English	Chairperson	notMP	notMinister	LR	Les Républicains	Opposition	Centre-right	PA605991	Genevard, Annie	F	1956	
ParlaMint-FR-en_2020-02-24-O1163	ParlaMint-FR_2020-02-24-O1163.u130	Proceedings of the debates in plenary sitting of the Assemblée Nationale, sitting: 163, 24/02/2020	2020-02-24	Lower house	15e législature	session ordinaire 2019-2020 (CRSANR5L15S2020O1N163)	-	163. séance	-	COVID	English	Regular	MP	notMinister	-	-	-	-	PA720568	Thill, Agnès	F	1964	
ParlaMint-FR-en_2020-02-24-O1163	ParlaMint-FR_2020-02-24-O1163.u131	Proceedings of the debates in plenary sitting of the Assemblée Nationale, sitting: 163, 24/02/2020	2020-02-24	Lower house	15e législature	session ordinaire 2019-2020 (CRSANR5L15S2020O1N163)	-	163. séance	-	COVID	English	Chairperson	notMP	notMinister	LR	Les Républicains	Opposition	Centre-right	PA605991	Genevard, Annie	F	1956	
ParlaMint-FR-en_2020-02-24-O1163	ParlaMint-FR_2020-02-24-O1163.u132	Proceedings of the debates in plenary sitting of the Assemblée Nationale, sitting: 163, 24/02/2020	2020-02-24	Lower house	15e législature	session ordinaire 2019-2020 (CRSANR5L15S2020O1N163)	-	163. séance	-	COVID	English	Regular	notMP	notMinister	SOC	Socialistes et apparentés	-	Centre-left to left	PA340343	Saulignac, Hervé	M	1970	
ParlaMint-FR-en_2020-02-24-O1163	ParlaMint-FR_2020-02-24-O1163.u133	Proceedings of the debates in plenary sitting of the Assemblée Nationale, sitting: 163, 24/02/2020	2020-02-24	Lower house	15e législature	session ordinaire 2019-2020 (CRSANR5L15S2020O1N163)	-	163. séance	-	COVID	English	Regular	MP	notMinister	LR	Les Républicains	Opposition	Centre-right	PA267204	Sermier, Jean-Marie	M	1961	
ParlaMint-FR-en_2020-02-24-O1163	ParlaMint-FR_2020-02-24-O1163.u134	Proceedings of the debates in plenary sitting of the Assemblée Nationale, sitting: 163, 24/02/2020	2020-02-24	Lower house	15e législature	session ordinaire 2019-2020 (CRSANR5L15S2020O1N163)	-	163. séance	-	COVID	English	Regular	notMP	notMinister	SOC	Socialistes et apparentés	-	Centre-left to left	PA340343	Saulignac, Hervé	M	1970	
ParlaMint-FR-en_2020-02-24-O1163	ParlaMint-FR_2020-02-24-O1163.u135	Proceedings of the debates in plenary sitting of the Assemblée Nationale, sitting: 163, 24/02/2020	2020-02-24	Lower house	15e législature	session ordinaire 2019-2020 (CRSANR5L15S2020O1N163)	-	163. séance	-	COVID	English	Chairperson	notMP	notMinister	LR	Les Républicains	Opposition	Centre-right	PA605991	Genevard, Annie	F	1956	
ParlaMint-FR-en_2020-02-24-O1163	ParlaMint-FR_2020-02-24-O1163.u136	Proceedings of the debates in plenary sitting of the Assemblée Nationale, sitting: 163, 24/02/2020	2020-02-24	Lower house	15e législature	session ordinaire 2019-2020 (CRSANR5L15S2020O1N163)	-	163. séance	-	COVID	English	Regular	MP	notMinister	GDR	Gauche démocrate et républicaine	Opposition	Left	PA718926	Dharréville, Pierre	M	1975	
ParlaMint-FR-en_2020-02-24-O1163	ParlaMint-FR_2020-02-24-O1163.u137	Proceedings of the debates in plenary sitting of the Assemblée Nationale, sitting: 163, 24/02/2020	2020-02-24	Lower house	15e législature	session ordinaire 2019-2020 (CRSANR5L15S2020O1N163)	-	163. séance	-	COVID	English	Regular	notMP	notMinister	GDR	Gauche démocrate et républicaine	Opposition	Left	PA722202	Jumel, Sébastien	M	1971	
ParlaMint-FR-en_2020-02-24-O1163	ParlaMint-FR_2020-02-24-O1163.u138	Proceedings of the debates in plenary sitting of the Assemblée Nationale, sitting: 163, 24/02/2020	2020-02-24	Lower house	15e législature	session ordinaire 2019-2020 (CRSANR5L15S2020O1N163)	-	163. séance	-	COVID	English	Chairperson	notMP	notMinister	LR	Les Républicains	Opposition	Centre-right	PA605991	Genevard, Annie	F	1956	
ParlaMint-FR-en_2020-02-24-O1163	ParlaMint-FR_2020-02-24-O1163.u139	Proceedings of the debates in plenary sitting of the Assemblée Nationale, sitting: 163, 24/02/2020	2020-02-24	Lower house	15e législature	session ordinaire 2019-2020 (CRSANR5L15S2020O1N163)	-	163. séance	-	COVID	English	Regular	notMP	notMinister	GDR	Gauche démocrate et républicaine	Opposition	Left	PA722202	Jumel, Sébastien	M	1971	
ParlaMint-FR-en_2020-02-24-O1163	ParlaMint-FR_2020-02-24-O1163.u140	Proceedings of the debates in plenary sitting of the Assemblée Nationale, sitting: 163, 24/02/2020	2020-02-24	Lower house	15e législature	session ordinaire 2019-2020 (CRSANR5L15S2020O1N163)	-	163. séance	-	COVID	English	Chairperson	notMP	notMinister	LR	Les Républicains	Opposition	Centre-right	PA605991	Genevard, Annie	F	1956	
ParlaMint-FR-en_2020-02-24-O1163	ParlaMint-FR_2020-02-24-O1163.u141	Proceedings of the debates in plenary sitting of the Assemblée Nationale, sitting: 163, 24/02/2020	2020-02-24	Lower house	15e législature	session ordinaire 2019-2020 (CRSANR5L15S2020O1N163)	-	163. séance	-	COVID	English	Regular	MP	notMinister	GDR	Gauche démocrate et républicaine	Opposition	Left	PA720546	Bruneel, Alain	M	1952	
ParlaMint-FR-en_2020-02-24-O1163	ParlaMint-FR_2020-02-24-O1163.u142	Proceedings of the debates in plenary sitting of the Assemblée Nationale, sitting: 163, 24/02/2020	2020-02-24	Lower house	15e législature	session ordinaire 2019-2020 (CRSANR5L15S2020O1N163)	-	163. séance	-	COVID	English	Chairperson	notMP	notMinister	LR	Les Républicains	Opposition	Centre-right	PA605991	Genevard, Annie	F	1956	
ParlaMint-FR-en_2020-02-24-O1163	ParlaMint-FR_2020-02-24-O1163.u143	Proceedings of the debates in plenary sitting of the Assemblée Nationale, sitting: 163, 24/02/2020	2020-02-24	Lower house	15e législature	session ordinaire 2019-2020 (CRSANR5L15S2020O1N163)	-	163. séance	-	COVID	English	Regular	MP	notMinister	GDR	Gauche démocrate et républicaine	Opposition	Left	PA718720	Dufrègne, Jean-Paul	M	1958	
ParlaMint-FR-en_2020-02-24-O1163	ParlaMint-FR_2020-02-24-O1163.u144	Proceedings of the debates in plenary sitting of the Assemblée Nationale, sitting: 163, 24/02/2020	2020-02-24	Lower house	15e législature	session ordinaire 2019-2020 (CRSANR5L15S2020O1N163)	-	163. séance	-	COVID	English	Chairperson	notMP	notMinister	LR	Les Républicains	Opposition	Centre-right	PA605991	Genevard, Annie	F	1956	
ParlaMint-FR-en_2020-02-24-O1163	ParlaMint-FR_2020-02-24-O1163.u145	Proceedings of the debates in plenary sitting of the Assemblée Nationale, sitting: 163, 24/02/2020	2020-02-24	Lower house	15e législature	session ordinaire 2019-2020 (CRSANR5L15S2020O1N163)	-	163. séance	-	COVID	English	Regular	MP	notMinister	GDR	Gauche démocrate et républicaine	Opposition	Left	PA718926	Dharréville, Pierre	M	1975	
ParlaMint-FR-en_2020-02-24-O1163	ParlaMint-FR_2020-02-24-O1163.u146	Proceedings of the debates in plenary sitting of the Assemblée Nationale, sitting: 163, 24/02/2020	2020-02-24	Lower house	15e législature	session ordinaire 2019-2020 (CRSANR5L15S2020O1N163)	-	163. séance	-	COVID	English	Chairperson	notMP	notMinister	LR	Les Républicains	Opposition	Centre-right	PA605991	Genevard, Annie	F	1956	
ParlaMint-FR-en_2020-02-24-O1163	ParlaMint-FR_2020-02-24-O1163.u147	Proceedings of the debates in plenary sitting of the Assemblée Nationale, sitting: 163, 24/02/2020	2020-02-24	Lower house	15e législature	session ordinaire 2019-2020 (CRSANR5L15S2020O1N163)	-	163. séance	-	COVID	English	Regular	notMP	notMinister	GDR	Gauche démocrate et républicaine	Opposition	Left	PA722202	Jumel, Sébastien	M	1971	
ParlaMint-FR-en_2020-02-24-O1163	ParlaMint-FR_2020-02-24-O1163.u148	Proceedings of the debates in plenary sitting of the Assemblée Nationale, sitting: 163, 24/02/2020	2020-02-24	Lower house	15e législature	session ordinaire 2019-2020 (CRSANR5L15S2020O1N163)	-	163. séance	-	COVID	English	Chairperson	notMP	notMinister	LR	Les Républicains	Opposition	Centre-right	PA605991	Genevard, Annie	F	1956	
ParlaMint-FR-en_2020-02-24-O1163	ParlaMint-FR_2020-02-24-O1163.u149	Proceedings of the debates in plenary sitting of the Assemblée Nationale, sitting: 163, 24/02/2020	2020-02-24	Lower house	15e législature	session ordinaire 2019-2020 (CRSANR5L15S2020O1N163)	-	163. séance	-	COVID	English	Regular	notMP	notMinister	LR	Les Républicains	Opposition	Centre-right	PA642847	Bazin, Thibault	M	1984	
ParlaMint-FR-en_2020-02-24-O1163	ParlaMint-FR_2020-02-24-O1163.u150	Proceedings of the debates in plenary sitting of the Assemblée Nationale, sitting: 163, 24/02/2020	2020-02-24	Lower house	15e législature	session ordinaire 2019-2020 (CRSANR5L15S2020O1N163)	-	163. séance	-	COVID	English	Regular	MP	notMinister	LR	Les Républicains	Opposition	Centre-right	PA605036	Abad, Damien	M	1980	
ParlaMint-FR-en_2020-02-24-O1163	ParlaMint-FR_2020-02-24-O1163.u151	Proceedings of the debates in plenary sitting of the Assemblée Nationale, sitting: 163, 24/02/2020	2020-02-24	Lower house	15e législature	session ordinaire 2019-2020 (CRSANR5L15S2020O1N163)	-	163. séance	-	COVID	English	Regular	notMP	notMinister	LR	Les Républicains	Opposition	Centre-right	PA642847	Bazin, Thibault	M	1984	
ParlaMint-FR-en_2020-02-24-O1163	ParlaMint-FR_2020-02-24-O1163.u152	Proceedings of the debates in plenary sitting of the Assemblée Nationale, sitting: 163, 24/02/2020	2020-02-24	Lower house	15e législature	session ordinaire 2019-2020 (CRSANR5L15S2020O1N163)	-	163. séance	-	COVID	English	Regular	MP	notMinister	LR	Les Républicains	Opposition	Centre-right	PA605036	Abad, Damien	M	1980	
ParlaMint-FR-en_2020-02-24-O1163	ParlaMint-FR_2020-02-24-O1163.u153	Proceedings of the debates in plenary sitting of the Assemblée Nationale, sitting: 163, 24/02/2020	2020-02-24	Lower house	15e législature	session ordinaire 2019-2020 (CRSANR5L15S2020O1N163)	-	163. séance	-	COVID	English	Regular	notMP	notMinister	LR	Les Républicains	Opposition	Centre-right	PA642847	Bazin, Thibault	M	1984	
ParlaMint-FR-en_2020-02-24-O1163	ParlaMint-FR_2020-02-24-O1163.u154	Proceedings of the debates in plenary sitting of the Assemblée Nationale, sitting: 163, 24/02/2020	2020-02-24	Lower house	15e législature	session ordinaire 2019-2020 (CRSANR5L15S2020O1N163)	-	163. séance	-	COVID	English	Regular	notMP	notMinister	LR	Les Républicains	Opposition	Centre-right	PA605991	Genevard, Annie	F	1956	
ParlaMint-FR-en_2020-02-24-O1163	ParlaMint-FR_2020-02-24-O1163.u155	Proceedings of the debates in plenary sitting of the Assemblée Nationale, sitting: 163, 24/02/2020	2020-02-24	Lower house	15e législature	session ordinaire 2019-2020 (CRSANR5L15S2020O1N163)	-	163. séance	-	COVID	English	Regular	notMP	notMinister	LR	Les Républicains	Opposition	Centre-right	PA642847	Bazin, Thibault	M	1984	
ParlaMint-FR-en_2020-02-24-O1163	ParlaMint-FR_2020-02-24-O1163.u156	Proceedings of the debates in plenary sitting of the Assemblée Nationale, sitting: 163, 24/02/2020	2020-02-24	Lower house	15e législature	session ordinaire 2019-2020 (CRSANR5L15S2020O1N163)	-	163. séance	-	COVID	English	Regular	notMP	notMinister	LR	Les Républicains	Opposition	Centre-right	PA605991	Genevard, Annie	F	1956	
ParlaMint-FR-en_2020-02-24-O1163	ParlaMint-FR_2020-02-24-O1163.u157	Proceedings of the debates in plenary sitting of the Assemblée Nationale, sitting: 163, 24/02/2020	2020-02-24	Lower house	15e législature	session ordinaire 2019-2020 (CRSANR5L15S2020O1N163)	-	163. séance	-	COVID	English	Chairperson	notMP	notMinister	LR	Les Républicains	Opposition	Centre-right	PA605991	Genevard, Annie	F	1956	
ParlaMint-FR-en_2020-02-24-O1163	ParlaMint-FR_2020-02-24-O1163.u158	Proceedings of the debates in plenary sitting of the Assemblée Nationale, sitting: 163, 24/02/2020	2020-02-24	Lower house	15e législature	session ordinaire 2019-2020 (CRSANR5L15S2020O1N163)	-	163. séance	-	COVID	English	Regular	notMP	notMinister	LR	Les Républicains	Opposition	Centre-right	PA606098	Marleix, Olivier	M	1971	
ParlaMint-FR-en_2020-02-24-O1163	ParlaMint-FR_2020-02-24-O1163.u159	Proceedings of the debates in plenary sitting of the Assemblée Nationale, sitting: 163, 24/02/2020	2020-02-24	Lower house	15e législature	session ordinaire 2019-2020 (CRSANR5L15S2020O1N163)	-	163. séance	-	COVID	English	Chairperson	notMP	notMinister	LR	Les Républicains	Opposition	Centre-right	PA605991	Genevard, Annie	F	1956	
ParlaMint-FR-en_2020-02-24-O1163	ParlaMint-FR_2020-02-24-O1163.u160	Proceedings of the debates in plenary sitting of the Assemblée Nationale, sitting: 163, 24/02/2020	2020-02-24	Lower house	15e législature	session ordinaire 2019-2020 (CRSANR5L15S2020O1N163)	-	163. séance	-	COVID	English	Regular	notMP	notMinister	LR	Les Républicains	Opposition	Centre-right	PA607090	Vigier, Jean-Pierre	M	1969	
ParlaMint-FR-en_2020-02-24-O1163	ParlaMint-FR_2020-02-24-O1163.u161	Proceedings of the debates in plenary sitting of the Assemblée Nationale, sitting: 163, 24/02/2020	2020-02-24	Lower house	15e législature	session ordinaire 2019-2020 (CRSANR5L15S2020O1N163)	-	163. séance	-	COVID	English	Chairperson	notMP	notMinister	LR	Les Républicains	Opposition	Centre-right	PA605991	Genevard, Annie	F	1956	
ParlaMint-FR-en_2020-02-24-O1163	ParlaMint-FR_2020-02-24-O1163.u162	Proceedings of the debates in plenary sitting of the Assemblée Nationale, sitting: 163, 24/02/2020	2020-02-24	Lower house	15e législature	session ordinaire 2019-2020 (CRSANR5L15S2020O1N163)	-	163. séance	-	COVID	English	Regular	MP	notMinister	GDR	Gauche démocrate et républicaine	Opposition	Left	PA718720	Dufrègne, Jean-Paul	M	1958	
ParlaMint-FR-en_2020-02-24-O1163	ParlaMint-FR_2020-02-24-O1163.u163	Proceedings of the debates in plenary sitting of the Assemblée Nationale, sitting: 163, 24/02/2020	2020-02-24	Lower house	15e législature	session ordinaire 2019-2020 (CRSANR5L15S2020O1N163)	-	163. séance	-	COVID	English	Chairperson	notMP	notMinister	LR	Les Républicains	Opposition	Centre-right	PA605991	Genevard, Annie	F	1956	
ParlaMint-FR-en_2020-02-24-O1163	ParlaMint-FR_2020-02-24-O1163.u164	Proceedings of the debates in plenary sitting of the Assemblée Nationale, sitting: 163, 24/02/2020	2020-02-24	Lower house	15e législature	session ordinaire 2019-2020 (CRSANR5L15S2020O1N163)	-	163. séance	-	COVID	English	Regular	notMP	notMinister	LAREM	La République en Marche	Coalition	Centre	PA721296	Gouffier Valente, Guillaume	M	1986	
ParlaMint-FR-en_2020-02-24-O1163	ParlaMint-FR_2020-02-24-O1163.u165	Proceedings of the debates in plenary sitting of the Assemblée Nationale, sitting: 163, 24/02/2020	2020-02-24	Lower house	15e législature	session ordinaire 2019-2020 (CRSANR5L15S2020O1N163)	-	163. séance	-	COVID	English	Regular	notMP	notMinister	LR	Les Républicains	Opposition	Centre-right	PA642847	Bazin, Thibault	M	1984	
ParlaMint-FR-en_2020-02-24-O1163	ParlaMint-FR_2020-02-24-O1163.u166	Proceedings of the debates in plenary sitting of the Assemblée Nationale, sitting: 163, 24/02/2020	2020-02-24	Lower house	15e législature	session ordinaire 2019-2020 (CRSANR5L15S2020O1N163)	-	163. séance	-	COVID	English	Regular	notMP	notMinister	LAREM	La République en Marche	Coalition	Centre	PA721296	Gouffier Valente, Guillaume	M	1986	
ParlaMint-FR-en_2020-02-24-O1163	ParlaMint-FR_2020-02-24-O1163.u167	Proceedings of the debates in plenary sitting of the Assemblée Nationale, sitting: 163, 24/02/2020	2020-02-24	Lower house	15e législature	session ordinaire 2019-2020 (CRSANR5L15S2020O1N163)	-	163. séance	-	COVID	English	Regular	notMP	notMinister	SOC	Socialistes et apparentés	-	Centre-left to left	PA340343	Saulignac, Hervé	M	1970	
ParlaMint-FR-en_2020-02-24-O1163	ParlaMint-FR_2020-02-24-O1163.u168	Proceedings of the debates in plenary sitting of the Assemblée Nationale, sitting: 163, 24/02/2020	2020-02-24	Lower house	15e législature	session ordinaire 2019-2020 (CRSANR5L15S2020O1N163)	-	163. séance	-	COVID	English	Regular	notMP	notMinister	LR	Les Républicains	Opposition	Centre-right	PA605991	Genevard, Annie	F	1956	
ParlaMint-FR-en_2020-02-24-O1163	ParlaMint-FR_2020-02-24-O1163.u169	Proceedings of the debates in plenary sitting of the Assemblée Nationale, sitting: 163, 24/02/2020	2020-02-24	Lower house	15e législature	session ordinaire 2019-2020 (CRSANR5L15S2020O1N163)	-	163. séance	-	COVID	English	Regular	notMP	notMinister	-	-	-	-	PA720512	Pietraszewski, Laurent	M	1966	
ParlaMint-FR-en_2020-02-24-O1163	ParlaMint-FR_2020-02-24-O1163.u170	Proceedings of the debates in plenary sitting of the Assemblée Nationale, sitting: 163, 24/02/2020	2020-02-24	Lower house	15e législature	session ordinaire 2019-2020 (CRSANR5L15S2020O1N163)	-	163. séance	-	COVID	English	Regular	MP	notMinister	GDR	Gauche démocrate et républicaine	Opposition	Left	PA718720	Dufrègne, Jean-Paul	M	1958	
ParlaMint-FR-en_2020-02-24-O1163	ParlaMint-FR_2020-02-24-O1163.u171	Proceedings of the debates in plenary sitting of the Assemblée Nationale, sitting: 163, 24/02/2020	2020-02-24	Lower house	15e législature	session ordinaire 2019-2020 (CRSANR5L15S2020O1N163)	-	163. séance	-	COVID	English	Regular	notMP	notMinister	-	-	-	-	PA720512	Pietraszewski, Laurent	M	1966	
ParlaMint-FR-en_2020-02-24-O1163	ParlaMint-FR_2020-02-24-O1163.u172	Proceedings of the debates in plenary sitting of the Assemblée Nationale, sitting: 163, 24/02/2020	2020-02-24	Lower house	15e législature	session ordinaire 2019-2020 (CRSANR5L15S2020O1N163)	-	163. séance	-	COVID	English	Regular	MP	notMinister	GDR	Gauche démocrate et républicaine	Opposition	Left	PA718720	Dufrègne, Jean-Paul	M	1958	
ParlaMint-FR-en_2020-02-24-O1163	ParlaMint-FR_2020-02-24-O1163.u173	Proceedings of the debates in plenary sitting of the Assemblée Nationale, sitting: 163, 24/02/2020	2020-02-24	Lower house	15e législature	session ordinaire 2019-2020 (CRSANR5L15S2020O1N163)	-	163. séance	-	COVID	English	Regular	notMP	notMinister	-	-	-	-	PA720512	Pietraszewski, Laurent	M	1966	
ParlaMint-FR-en_2020-02-24-O1163	ParlaMint-FR_2020-02-24-O1163.u174	Proceedings of the debates in plenary sitting of the Assemblée Nationale, sitting: 163, 24/02/2020	2020-02-24	Lower house	15e législature	session ordinaire 2019-2020 (CRSANR5L15S2020O1N163)	-	163. séance	-	COVID	English	Regular	MP	notMinister	GDR	Gauche démocrate et républicaine	Opposition	Left	PA720546	Bruneel, Alain	M	1952	
ParlaMint-FR-en_2020-02-24-O1163	ParlaMint-FR_2020-02-24-O1163.u175	Proceedings of the debates in plenary sitting of the Assemblée Nationale, sitting: 163, 24/02/2020	2020-02-24	Lower house	15e législature	session ordinaire 2019-2020 (CRSANR5L15S2020O1N163)	-	163. séance	-	COVID	English	Regular	notMP	notMinister	-	-	-	-	PA720512	Pietraszewski, Laurent	M	1966	
ParlaMint-FR-en_2020-02-24-O1163	ParlaMint-FR_2020-02-24-O1163.u176	Proceedings of the debates in plenary sitting of the Assemblée Nationale, sitting: 163, 24/02/2020	2020-02-24	Lower house	15e législature	session ordinaire 2019-2020 (CRSANR5L15S2020O1N163)	-	163. séance	-	COVID	English	Regular	MP	notMinister	GDR	Gauche démocrate et républicaine	Opposition	Left	PA718720	Dufrègne, Jean-Paul	M	1958	
ParlaMint-FR-en_2020-02-24-O1163	ParlaMint-FR_2020-02-24-O1163.u177	Proceedings of the debates in plenary sitting of the Assemblée Nationale, sitting: 163, 24/02/2020	2020-02-24	Lower house	15e législature	session ordinaire 2019-2020 (CRSANR5L15S2020O1N163)	-	163. séance	-	COVID	English	Regular	notMP	notMinister	-	-	-	-	PA720512	Pietraszewski, Laurent	M	1966	
ParlaMint-FR-en_2020-02-24-O1163	ParlaMint-FR_2020-02-24-O1163.u178	Proceedings of the debates in plenary sitting of the Assemblée Nationale, sitting: 163, 24/02/2020	2020-02-24	Lower house	15e législature	session ordinaire 2019-2020 (CRSANR5L15S2020O1N163)	-	163. séance	-	COVID	English	Regular	notMP	notMinister	LR	Les Républicains	Opposition	Centre-right	PA605991	Genevard, Annie	F	1956	
ParlaMint-FR-en_2020-02-24-O1163	ParlaMint-FR_2020-02-24-O1163.u179	Proceedings of the debates in plenary sitting of the Assemblée Nationale, sitting: 163, 24/02/2020	2020-02-24	Lower house	15e législature	session ordinaire 2019-2020 (CRSANR5L15S2020O1N163)	-	163. séance	-	COVID	English	Regular	MP	notMinister	LAREM	La République en Marche	Coalition	Centre	PA719858	Limon, Monique	F	1953	
ParlaMint-FR-en_2020-02-24-O1163	ParlaMint-FR_2020-02-24-O1163.u180	Proceedings of the debates in plenary sitting of the Assemblée Nationale, sitting: 163, 24/02/2020	2020-02-24	Lower house	15e législature	session ordinaire 2019-2020 (CRSANR5L15S2020O1N163)	-	163. séance	-	COVID	English	Regular	notMP	notMinister	SOC	Socialistes et apparentés	-	Centre-left to left	PA340343	Saulignac, Hervé	M	1970	
ParlaMint-FR-en_2020-02-24-O1163	ParlaMint-FR_2020-02-24-O1163.u181	Proceedings of the debates in plenary sitting of the Assemblée Nationale, sitting: 163, 24/02/2020	2020-02-24	Lower house	15e législature	session ordinaire 2019-2020 (CRSANR5L15S2020O1N163)	-	163. séance	-	COVID	English	Regular	MP	notMinister	LAREM	La République en Marche	Coalition	Centre	PA719858	Limon, Monique	F	1953	
ParlaMint-FR-en_2020-02-24-O1163	ParlaMint-FR_2020-02-24-O1163.u182	Proceedings of the debates in plenary sitting of the Assemblée Nationale, sitting: 163, 24/02/2020	2020-02-24	Lower house	15e législature	session ordinaire 2019-2020 (CRSANR5L15S2020O1N163)	-	163. séance	-	COVID	English	Regular	notMP	notMinister	LR	Les Républicains	Opposition	Centre-right	PA606098	Marleix, Olivier	M	1971	
ParlaMint-FR-en_2020-02-24-O1163	ParlaMint-FR_2020-02-24-O1163.u183	Proceedings of the debates in plenary sitting of the Assemblée Nationale, sitting: 163, 24/02/2020	2020-02-24	Lower house	15e législature	session ordinaire 2019-2020 (CRSANR5L15S2020O1N163)	-	163. séance	-	COVID	English	Regular	MP	notMinister	LAREM	La République en Marche	Coalition	Centre	PA719858	Limon, Monique	F	1953	
ParlaMint-FR-en_2020-02-24-O1163	ParlaMint-FR_2020-02-24-O1163.u184	Proceedings of the debates in plenary sitting of the Assemblée Nationale, sitting: 163, 24/02/2020	2020-02-24	Lower house	15e législature	session ordinaire 2019-2020 (CRSANR5L15S2020O1N163)	-	163. séance	-	COVID	English	Regular	notMP	notMinister	LR	Les Républicains	Opposition	Centre-right	PA605991	Genevard, Annie	F	1956	
ParlaMint-FR-en_2020-02-24-O1163	ParlaMint-FR_2020-02-24-O1163.u185	Proceedings of the debates in plenary sitting of the Assemblée Nationale, sitting: 163, 24/02/2020	2020-02-24	Lower house	15e législature	session ordinaire 2019-2020 (CRSANR5L15S2020O1N163)	-	163. séance	-	COVID	English	Regular	MP	notMinister	FI	La France insoumise	Opposition	Left to far-left	PA2150	Mélenchon, Jean-Luc	M	1951	
ParlaMint-FR-en_2020-02-24-O1163	ParlaMint-FR_2020-02-24-O1163.u186	Proceedings of the debates in plenary sitting of the Assemblée Nationale, sitting: 163, 24/02/2020	2020-02-24	Lower house	15e législature	session ordinaire 2019-2020 (CRSANR5L15S2020O1N163)	-	163. séance	-	COVID	English	Regular	notMP	notMinister	UDI-A-I	UDI, Agir et Indépendants	-	Right	PA332228	Benoit, Thierry	M	1966	
ParlaMint-FR-en_2020-02-24-O1163	ParlaMint-FR_2020-02-24-O1163.u187	Proceedings of the debates in plenary sitting of the Assemblée Nationale, sitting: 163, 24/02/2020	2020-02-24	Lower house	15e législature	session ordinaire 2019-2020 (CRSANR5L15S2020O1N163)	-	163. séance	-	COVID	English	Regular	MP	notMinister	FI	La France insoumise	Opposition	Left to far-left	PA2150	Mélenchon, Jean-Luc	M	1951	
ParlaMint-FR-en_2020-02-24-O1163	ParlaMint-FR_2020-02-24-O1163.u188	Proceedings of the debates in plenary sitting of the Assemblée Nationale, sitting: 163, 24/02/2020	2020-02-24	Lower house	15e législature	session ordinaire 2019-2020 (CRSANR5L15S2020O1N163)	-	163. séance	-	COVID	English	Regular	MP	notMinister	LR	Les Républicains	Opposition	Centre-right	PA720630	Minot, Maxime	M	1987	
ParlaMint-FR-en_2020-02-24-O1163	ParlaMint-FR_2020-02-24-O1163.u189	Proceedings of the debates in plenary sitting of the Assemblée Nationale, sitting: 163, 24/02/2020	2020-02-24	Lower house	15e législature	session ordinaire 2019-2020 (CRSANR5L15S2020O1N163)	-	163. séance	-	COVID	English	Regular	MP	notMinister	FI	La France insoumise	Opposition	Left to far-left	PA2150	Mélenchon, Jean-Luc	M	1951	
ParlaMint-FR-en_2020-02-24-O1163	ParlaMint-FR_2020-02-24-O1163.u190	Proceedings of the debates in plenary sitting of the Assemblée Nationale, sitting: 163, 24/02/2020	2020-02-24	Lower house	15e législature	session ordinaire 2019-2020 (CRSANR5L15S2020O1N163)	-	163. séance	-	COVID	English	Regular	notMP	notMinister	LR	Les Républicains	Opposition	Centre-right	PA605991	Genevard, Annie	F	1956	
ParlaMint-FR-en_2020-02-24-O1163	ParlaMint-FR_2020-02-24-O1163.u191	Proceedings of the debates in plenary sitting of the Assemblée Nationale, sitting: 163, 24/02/2020	2020-02-24	Lower house	15e législature	session ordinaire 2019-2020 (CRSANR5L15S2020O1N163)	-	163. séance	-	COVID	English	Regular	notMP	notMinister	SOC	Socialistes et apparentés	-	Centre-left to left	PA1008	David, Alain	M	1949	
ParlaMint-FR-en_2020-02-24-O1163	ParlaMint-FR_2020-02-24-O1163.u192	Proceedings of the debates in plenary sitting of the Assemblée Nationale, sitting: 163, 24/02/2020	2020-02-24	Lower house	15e législature	session ordinaire 2019-2020 (CRSANR5L15S2020O1N163)	-	163. séance	-	COVID	English	Regular	notMP	notMinister	GDR	Gauche démocrate et républicaine	Opposition	Left	PA721270	Peu, Stéphane	M	1962	
ParlaMint-FR-en_2020-02-24-O1163	ParlaMint-FR_2020-02-24-O1163.u193	Proceedings of the debates in plenary sitting of the Assemblée Nationale, sitting: 163, 24/02/2020	2020-02-24	Lower house	15e législature	session ordinaire 2019-2020 (CRSANR5L15S2020O1N163)	-	163. séance	-	COVID	English	Regular	notMP	notMinister	SOC	Socialistes et apparentés	-	Centre-left to left	PA1008	David, Alain	M	1949	
ParlaMint-FR-en_2020-02-24-O1163	ParlaMint-FR_2020-02-24-O1163.u194	Proceedings of the debates in plenary sitting of the Assemblée Nationale, sitting: 163, 24/02/2020	2020-02-24	Lower house	15e législature	session ordinaire 2019-2020 (CRSANR5L15S2020O1N163)	-	163. séance	-	COVID	English	Regular	notMP	notMinister	LR	Les Républicains	Opposition	Centre-right	PA607090	Vigier, Jean-Pierre	M	1969	
ParlaMint-FR-en_2020-02-24-O1163	ParlaMint-FR_2020-02-24-O1163.u195	Proceedings of the debates in plenary sitting of the Assemblée Nationale, sitting: 163, 24/02/2020	2020-02-24	Lower house	15e législature	session ordinaire 2019-2020 (CRSANR5L15S2020O1N163)	-	163. séance	-	COVID	English	Regular	notMP	notMinister	SOC	Socialistes et apparentés	-	Centre-left to left	PA1008	David, Alain	M	1949	
ParlaMint-FR-en_2020-02-24-O1163	ParlaMint-FR_2020-02-24-O1163.u196	Proceedings of the debates in plenary sitting of the Assemblée Nationale, sitting: 163, 24/02/2020	2020-02-24	Lower house	15e législature	session ordinaire 2019-2020 (CRSANR5L15S2020O1N163)	-	163. séance	-	COVID	English	Regular	MP	notMinister	LR	Les Républicains	Opposition	Centre-right	PA720630	Minot, Maxime	M	1987	
ParlaMint-FR-en_2020-02-24-O1163	ParlaMint-FR_2020-02-24-O1163.u197	Proceedings of the debates in plenary sitting of the Assemblée Nationale, sitting: 163, 24/02/2020	2020-02-24	Lower house	15e législature	session ordinaire 2019-2020 (CRSANR5L15S2020O1N163)	-	163. séance	-	COVID	English	Regular	MP	notMinister	LR	Les Républicains	Opposition	Centre-right	PA267204	Sermier, Jean-Marie	M	1961	
ParlaMint-FR-en_2020-02-24-O1163	ParlaMint-FR_2020-02-24-O1163.u198	Proceedings of the debates in plenary sitting of the Assemblée Nationale, sitting: 163, 24/02/2020	2020-02-24	Lower house	15e législature	session ordinaire 2019-2020 (CRSANR5L15S2020O1N163)	-	163. séance	-	COVID	English	Regular	notMP	notMinister	SOC	Socialistes et apparentés	-	Centre-left to left	PA1008	David, Alain	M	1949	
ParlaMint-FR-en_2020-02-24-O1163	ParlaMint-FR_2020-02-24-O1163.u199	Proceedings of the debates in plenary sitting of the Assemblée Nationale, sitting: 163, 24/02/2020	2020-02-24	Lower house	15e législature	session ordinaire 2019-2020 (CRSANR5L15S2020O1N163)	-	163. séance	-	COVID	English	Regular	notMP	notMinister	LR	Les Républicains	Opposition	Centre-right	PA605991	Genevard, Annie	F	1956	
ParlaMint-FR-en_2020-02-24-O1163	ParlaMint-FR_2020-02-24-O1163.u200	Proceedings of the debates in plenary sitting of the Assemblée Nationale, sitting: 163, 24/02/2020	2020-02-24	Lower house	15e législature	session ordinaire 2019-2020 (CRSANR5L15S2020O1N163)	-	163. séance	-	COVID	English	Regular	MP	notMinister	GDR	Gauche démocrate et républicaine	Opposition	Left	PA718926	Dharréville, Pierre	M	1975	
ParlaMint-FR-en_2020-02-24-O1163	ParlaMint-FR_2020-02-24-O1163.u201	Proceedings of the debates in plenary sitting of the Assemblée Nationale, sitting: 163, 24/02/2020	2020-02-24	Lower house	15e législature	session ordinaire 2019-2020 (CRSANR5L15S2020O1N163)	-	163. séance	-	COVID	English	Regular	notMP	notMinister	-	-	-	-	PA720512	Pietraszewski, Laurent	M	1966	
ParlaMint-FR-en_2020-02-24-O1163	ParlaMint-FR_2020-02-24-O1163.u202	Proceedings of the debates in plenary sitting of the Assemblée Nationale, sitting: 163, 24/02/2020	2020-02-24	Lower house	15e législature	session ordinaire 2019-2020 (CRSANR5L15S2020O1N163)	-	163. séance	-	COVID	English	Regular	MP	notMinister	GDR	Gauche démocrate et républicaine	Opposition	Left	PA718926	Dharréville, Pierre	M	1975	
ParlaMint-FR-en_2020-02-24-O1163	ParlaMint-FR_2020-02-24-O1163.u203	Proceedings of the debates in plenary sitting of the Assemblée Nationale, sitting: 163, 24/02/2020	2020-02-24	Lower house	15e législature	session ordinaire 2019-2020 (CRSANR5L15S2020O1N163)	-	163. séance	-	COVID	English	Regular	notMP	notMinister	LR	Les Républicains	Opposition	Centre-right	PA605991	Genevard, Annie	F	1956	
ParlaMint-FR-en_2020-02-24-O1163	ParlaMint-FR_2020-02-24-O1163.u204	Proceedings of the debates in plenary sitting of the Assemblée Nationale, sitting: 163, 24/02/2020	2020-02-24	Lower house	15e législature	session ordinaire 2019-2020 (CRSANR5L15S2020O1N163)	-	163. séance	-	COVID	English	Regular	notMP	notMinister	LR	Les Républicains	Opposition	Centre-right	PA2960	Woerth, Éric	M	1956	
ParlaMint-FR-en_2020-02-24-O1163	ParlaMint-FR_2020-02-24-O1163.u205	Proceedings of the debates in plenary sitting of the Assemblée Nationale, sitting: 163, 24/02/2020	2020-02-24	Lower house	15e législature	session ordinaire 2019-2020 (CRSANR5L15S2020O1N163)	-	163. séance	-	COVID	English	Regular	MP	notMinister	LAREM	La République en Marche	Coalition	Centre	PA719330	Gouttefarde, Fabien	M	1978	
ParlaMint-FR-en_2020-02-24-O1163	ParlaMint-FR_2020-02-24-O1163.u206	Proceedings of the debates in plenary sitting of the Assemblée Nationale, sitting: 163, 24/02/2020	2020-02-24	Lower house	15e législature	session ordinaire 2019-2020 (CRSANR5L15S2020O1N163)	-	163. séance	-	COVID	English	Regular	notMP	notMinister	LR	Les Républicains	Opposition	Centre-right	PA2960	Woerth, Éric	M	1956	
ParlaMint-FR-en_2020-02-24-O1163	ParlaMint-FR_2020-02-24-O1163.u207	Proceedings of the debates in plenary sitting of the Assemblée Nationale, sitting: 163, 24/02/2020	2020-02-24	Lower house	15e législature	session ordinaire 2019-2020 (CRSANR5L15S2020O1N163)	-	163. séance	-	COVID	English	Chairperson	notMP	notMinister	LR	Les Républicains	Opposition	Centre-right	PA605991	Genevard, Annie	F	1956	
ParlaMint-FR-en_2020-02-24-O1163	ParlaMint-FR_2020-02-24-O1163.u208	Proceedings of the debates in plenary sitting of the Assemblée Nationale, sitting: 163, 24/02/2020	2020-02-24	Lower house	15e législature	session ordinaire 2019-2020 (CRSANR5L15S2020O1N163)	-	163. séance	-	COVID	English	Chairperson	notMP	notMinister	LR	Les Républicains	Opposition	Centre-right	PA605991	Genevard, Annie	F	1956	
ParlaMint-FR-en_2020-02-24-O1163	ParlaMint-FR_2020-02-24-O1163.u209	Proceedings of the debates in plenary sitting of the Assemblée Nationale, sitting: 163, 24/02/2020	2020-02-24	Lower house	15e législature	session ordinaire 2019-2020 (CRSANR5L15S2020O1N163)	-	163. séance	-	COVID	English	Chairperson	notMP	notMinister	LR	Les Républicains	Opposition	Centre-right	PA605991	Genevard, Annie	F	1956	
ParlaMint-FR-en_2020-02-24-O1163	ParlaMint-FR_2020-02-24-O1163.u210	Proceedings of the debates in plenary sitting of the Assemblée Nationale, sitting: 163, 24/02/2020	2020-02-24	Lower house	15e législature	session ordinaire 2019-2020 (CRSANR5L15S2020O1N163)	-	163. séance	-	COVID	English	Chairperson	notMP	notMinister	LR	Les Républicains	Opposition	Centre-right	PA605991	Genevard, Annie	F	1956	
ParlaMint-FR-en_2020-02-24-O1163	ParlaMint-FR_2020-02-24-O1163.u211	Proceedings of the debates in plenary sitting of the Assemblée Nationale, sitting: 163, 24/02/2020	2020-02-24	Lower house	15e législature	session ordinaire 2019-2020 (CRSANR5L15S2020O1N163)	-	163. séance	-	COVID	English	Regular	MP	notMinister	GDR	Gauche démocrate et républicaine	Opposition	Left	PA720546	Bruneel, Alain	M	1952	
ParlaMint-FR-en_2020-02-24-O1163	ParlaMint-FR_2020-02-24-O1163.u212	Proceedings of the debates in plenary sitting of the Assemblée Nationale, sitting: 163, 24/02/2020	2020-02-24	Lower house	15e législature	session ordinaire 2019-2020 (CRSANR5L15S2020O1N163)	-	163. séance	-	COVID	English	Regular	MP	notMinister	LR	Les Républicains	Opposition	Centre-right	PA605036	Abad, Damien	M	1980	
ParlaMint-FR-en_2020-02-24-O1163	ParlaMint-FR_2020-02-24-O1163.u213	Proceedings of the debates in plenary sitting of the Assemblée Nationale, sitting: 163, 24/02/2020	2020-02-24	Lower house	15e législature	session ordinaire 2019-2020 (CRSANR5L15S2020O1N163)	-	163. séance	-	COVID	English	Regular	notMP	notMinister	LR	Les Républicains	Opposition	Centre-right	PA605991	Genevard, Annie	F	1956	
ParlaMint-FR-en_2020-02-24-O1163	ParlaMint-FR_2020-02-24-O1163.u214	Proceedings of the debates in plenary sitting of the Assemblée Nationale, sitting: 163, 24/02/2020	2020-02-24	Lower house	15e législature	session ordinaire 2019-2020 (CRSANR5L15S2020O1N163)	-	163. séance	-	COVID	English	Regular	notMP	notMinister	GDR	Gauche démocrate et républicaine	Opposition	Left	PA722202	Jumel, Sébastien	M	1971	
ParlaMint-FR-en_2020-02-24-O1163	ParlaMint-FR_2020-02-24-O1163.u215	Proceedings of the debates in plenary sitting of the Assemblée Nationale, sitting: 163, 24/02/2020	2020-02-24	Lower house	15e législature	session ordinaire 2019-2020 (CRSANR5L15S2020O1N163)	-	163. séance	-	COVID	English	Chairperson	notMP	notMinister	LR	Les Républicains	Opposition	Centre-right	PA605991	Genevard, Annie	F	1956	
ParlaMint-FR-en_2020-02-24-O1163	ParlaMint-FR_2020-02-24-O1163.u216	Proceedings of the debates in plenary sitting of the Assemblée Nationale, sitting: 163, 24/02/2020	2020-02-24	Lower house	15e législature	session ordinaire 2019-2020 (CRSANR5L15S2020O1N163)	-	163. séance	-	COVID	English	Chairperson	notMP	notMinister	LR	Les Républicains	Opposition	Centre-right	PA605991	Genevard, Annie	F	1956	
ParlaMint-FR-en_2020-02-24-O1163	ParlaMint-FR_2020-02-24-O1163.u217	Proceedings of the debates in plenary sitting of the Assemblée Nationale, sitting: 163, 24/02/2020	2020-02-24	Lower house	15e législature	session ordinaire 2019-2020 (CRSANR5L15S2020O1N163)	-	163. séance	-	COVID	English	Chairperson	notMP	notMinister	LR	Les Républicains	Opposition	Centre-right	PA605991	Genevard, Annie	F	1956	
ParlaMint-FR-en_2020-02-24-O1163	ParlaMint-FR_2020-02-24-O1163.u218	Proceedings of the debates in plenary sitting of the Assemblée Nationale, sitting: 163, 24/02/2020	2020-02-24	Lower house	15e législature	session ordinaire 2019-2020 (CRSANR5L15S2020O1N163)	-	163. séance	-	COVID	English	Chairperson	notMP	notMinister	LR	Les Républicains	Opposition	Centre-right	PA605991	Genevard, Annie	F	1956	
ParlaMint-FR-en_2020-02-24-O1163	ParlaMint-FR_2020-02-24-O1163.u219	Proceedings of the debates in plenary sitting of the Assemblée Nationale, sitting: 163, 24/02/2020	2020-02-24	Lower house	15e législature	session ordinaire 2019-2020 (CRSANR5L15S2020O1N163)	-	163. séance	-	COVID	English	Chairperson	notMP	notMinister	LR	Les Républicains	Opposition	Centre-right	PA605991	Genevard, Annie	F	1956	
ParlaMint-FR-en_2020-02-24-O1163	ParlaMint-FR_2020-02-24-O1163.u220	Proceedings of the debates in plenary sitting of the Assemblée Nationale, sitting: 163, 24/02/2020	2020-02-24	Lower house	15e législature	session ordinaire 2019-2020 (CRSANR5L15S2020O1N163)	-	163. séance	-	COVID	English	Regular	notMP	notMinister	UDI-A-I	UDI, Agir et Indépendants	-	Right	PA721486	Naegelen, Christophe	M	1983	
ParlaMint-FR-en_2020-02-24-O1163	ParlaMint-FR_2020-02-24-O1163.u221	Proceedings of the debates in plenary sitting of the Assemblée Nationale, sitting: 163, 24/02/2020	2020-02-24	Lower house	15e législature	session ordinaire 2019-2020 (CRSANR5L15S2020O1N163)	-	163. séance	-	COVID	English	Regular	notMP	notMinister	LR	Les Républicains	Opposition	Centre-right	PA605991	Genevard, Annie	F	1956	
ParlaMint-FR-en_2020-02-24-O1163	ParlaMint-FR_2020-02-24-O1163.u222	Proceedings of the debates in plenary sitting of the Assemblée Nationale, sitting: 163, 24/02/2020	2020-02-24	Lower house	15e législature	session ordinaire 2019-2020 (CRSANR5L15S2020O1N163)	-	163. séance	-	COVID	English	Regular	notMP	notMinister	LAREM	La République en Marche	Coalition	Centre	PA721296	Gouffier Valente, Guillaume	M	1986	
ParlaMint-FR-en_2020-02-24-O1163	ParlaMint-FR_2020-02-24-O1163.u223	Proceedings of the debates in plenary sitting of the Assemblée Nationale, sitting: 163, 24/02/2020	2020-02-24	Lower house	15e législature	session ordinaire 2019-2020 (CRSANR5L15S2020O1N163)	-	163. séance	-	COVID	English	Regular	notMP	notMinister	LR	Les Républicains	Opposition	Centre-right	PA605991	Genevard, Annie	F	1956	
ParlaMint-FR-en_2020-02-24-O1163	ParlaMint-FR_2020-02-24-O1163.u224	Proceedings of the debates in plenary sitting of the Assemblée Nationale, sitting: 163, 24/02/2020	2020-02-24	Lower house	15e législature	session ordinaire 2019-2020 (CRSANR5L15S2020O1N163)	-	163. séance	-	COVID	English	Regular	notMP	notMinister	-	-	-	-	PA720512	Pietraszewski, Laurent	M	1966	
ParlaMint-FR-en_2020-02-24-O1163	ParlaMint-FR_2020-02-24-O1163.u225	Proceedings of the debates in plenary sitting of the Assemblée Nationale, sitting: 163, 24/02/2020	2020-02-24	Lower house	15e législature	session ordinaire 2019-2020 (CRSANR5L15S2020O1N163)	-	163. séance	-	COVID	English	Regular	notMP	notMinister	LR	Les Républicains	Opposition	Centre-right	PA605991	Genevard, Annie	F	1956	
ParlaMint-FR-en_2020-02-24-O1163	ParlaMint-FR_2020-02-24-O1163.u226	Proceedings of the debates in plenary sitting of the Assemblée Nationale, sitting: 163, 24/02/2020	2020-02-24	Lower house	15e législature	session ordinaire 2019-2020 (CRSANR5L15S2020O1N163)	-	163. séance	-	COVID	English	Regular	notMP	notMinister	GDR	Gauche démocrate et républicaine	Opposition	Left	PA722202	Jumel, Sébastien	M	1971	
ParlaMint-FR-en_2020-02-24-O1163	ParlaMint-FR_2020-02-24-O1163.u227	Proceedings of the debates in plenary sitting of the Assemblée Nationale, sitting: 163, 24/02/2020	2020-02-24	Lower house	15e législature	session ordinaire 2019-2020 (CRSANR5L15S2020O1N163)	-	163. séance	-	COVID	English	Regular	notMP	notMinister	LR	Les Républicains	Opposition	Centre-right	PA606098	Marleix, Olivier	M	1971	
ParlaMint-FR-en_2020-02-24-O1163	ParlaMint-FR_2020-02-24-O1163.u228	Proceedings of the debates in plenary sitting of the Assemblée Nationale, sitting: 163, 24/02/2020	2020-02-24	Lower house	15e législature	session ordinaire 2019-2020 (CRSANR5L15S2020O1N163)	-	163. séance	-	COVID	English	Regular	notMP	notMinister	GDR	Gauche démocrate et républicaine	Opposition	Left	PA722202	Jumel, Sébastien	M	1971	
ParlaMint-FR-en_2020-02-24-O1163	ParlaMint-FR_2020-02-24-O1163.u229	Proceedings of the debates in plenary sitting of the Assemblée Nationale, sitting: 163, 24/02/2020	2020-02-24	Lower house	15e législature	session ordinaire 2019-2020 (CRSANR5L15S2020O1N163)	-	163. séance	-	COVID	English	Regular	notMP	notMinister	LR	Les Républicains	Opposition	Centre-right	PA605991	Genevard, Annie	F	1956	
ParlaMint-FR-en_2020-02-24-O1163	ParlaMint-FR_2020-02-24-O1163.u230	Proceedings of the debates in plenary sitting of the Assemblée Nationale, sitting: 163, 24/02/2020	2020-02-24	Lower house	15e législature	session ordinaire 2019-2020 (CRSANR5L15S2020O1N163)	-	163. séance	-	COVID	English	Regular	MP	notMinister	FI	La France insoumise	Opposition	Left to far-left	PA2150	Mélenchon, Jean-Luc	M	1951	
ParlaMint-FR-en_2020-02-24-O1163	ParlaMint-FR_2020-02-24-O1163.u231	Proceedings of the debates in plenary sitting of the Assemblée Nationale, sitting: 163, 24/02/2020	2020-02-24	Lower house	15e législature	session ordinaire 2019-2020 (CRSANR5L15S2020O1N163)	-	163. séance	-	COVID	English	Regular	notMP	notMinister	LR	Les Républicains	Opposition	Centre-right	PA605991	Genevard, Annie	F	1956	
ParlaMint-FR-en_2020-02-24-O1163	ParlaMint-FR_2020-02-24-O1163.u232	Proceedings of the debates in plenary sitting of the Assemblée Nationale, sitting: 163, 24/02/2020	2020-02-24	Lower house	15e législature	session ordinaire 2019-2020 (CRSANR5L15S2020O1N163)	-	163. séance	-	COVID	English	Regular	notMP	notMinister	UDI-A-I	UDI, Agir et Indépendants	-	Right	PA721486	Naegelen, Christophe	M	1983	
ParlaMint-FR-en_2020-02-24-O1163	ParlaMint-FR_2020-02-24-O1163.u233	Proceedings of the debates in plenary sitting of the Assemblée Nationale, sitting: 163, 24/02/2020	2020-02-24	Lower house	15e législature	session ordinaire 2019-2020 (CRSANR5L15S2020O1N163)	-	163. séance	-	COVID	English	Regular	MP	notMinister	FI	La France insoumise	Opposition	Left to far-left	PA2150	Mélenchon, Jean-Luc	M	1951	
ParlaMint-FR-en_2020-02-24-O1163	ParlaMint-FR_2020-02-24-O1163.u234	Proceedings of the debates in plenary sitting of the Assemblée Nationale, sitting: 163, 24/02/2020	2020-02-24	Lower house	15e législature	session ordinaire 2019-2020 (CRSANR5L15S2020O1N163)	-	163. séance	-	COVID	English	Regular	notMP	notMinister	UDI-A-I	UDI, Agir et Indépendants	-	Right	PA721486	Naegelen, Christophe	M	1983	
ParlaMint-FR-en_2020-02-24-O1163	ParlaMint-FR_2020-02-24-O1163.u235	Proceedings of the debates in plenary sitting of the Assemblée Nationale, sitting: 163, 24/02/2020	2020-02-24	Lower house	15e législature	session ordinaire 2019-2020 (CRSANR5L15S2020O1N163)	-	163. séance	-	COVID	English	Regular	notMP	notMinister	LR	Les Républicains	Opposition	Centre-right	PA605991	Genevard, Annie	F	1956	
ParlaMint-FR-en_2020-02-24-O1163	ParlaMint-FR_2020-02-24-O1163.u236	Proceedings of the debates in plenary sitting of the Assemblée Nationale, sitting: 163, 24/02/2020	2020-02-24	Lower house	15e législature	session ordinaire 2019-2020 (CRSANR5L15S2020O1N163)	-	163. séance	-	COVID	English	Regular	MP	notMinister	LAREM	La République en Marche	Coalition	Centre	PA722062	Granjus, Florence	F	1962	
ParlaMint-FR-en_2020-02-24-O1163	ParlaMint-FR_2020-02-24-O1163.u237	Proceedings of the debates in plenary sitting of the Assemblée Nationale, sitting: 163, 24/02/2020	2020-02-24	Lower house	15e législature	session ordinaire 2019-2020 (CRSANR5L15S2020O1N163)	-	163. séance	-	COVID	English	Regular	notMP	notMinister	GDR	Gauche démocrate et républicaine	Opposition	Left	PA722202	Jumel, Sébastien	M	1971	
ParlaMint-FR-en_2020-02-24-O1163	ParlaMint-FR_2020-02-24-O1163.u238	Proceedings of the debates in plenary sitting of the Assemblée Nationale, sitting: 163, 24/02/2020	2020-02-24	Lower house	15e législature	session ordinaire 2019-2020 (CRSANR5L15S2020O1N163)	-	163. séance	-	COVID	English	Regular	notMP	notMinister	GDR	Gauche démocrate et républicaine	Opposition	Left	PA721270	Peu, Stéphane	M	1962	
ParlaMint-FR-en_2020-02-24-O1163	ParlaMint-FR_2020-02-24-O1163.u239	Proceedings of the debates in plenary sitting of the Assemblée Nationale, sitting: 163, 24/02/2020	2020-02-24	Lower house	15e législature	session ordinaire 2019-2020 (CRSANR5L15S2020O1N163)	-	163. séance	-	COVID	English	Regular	MP	notMinister	LAREM	La République en Marche	Coalition	Centre	PA722062	Granjus, Florence	F	1962	
ParlaMint-FR-en_2020-02-24-O1163	ParlaMint-FR_2020-02-24-O1163.u240	Proceedings of the debates in plenary sitting of the Assemblée Nationale, sitting: 163, 24/02/2020	2020-02-24	Lower house	15e législature	session ordinaire 2019-2020 (CRSANR5L15S2020O1N163)	-	163. séance	-	COVID	English	Regular	notMP	notMinister	LR	Les Républicains	Opposition	Centre-right	PA605991	Genevard, Annie	F	1956	
ParlaMint-FR-en_2020-02-24-O1163	ParlaMint-FR_2020-02-24-O1163.u241	Proceedings of the debates in plenary sitting of the Assemblée Nationale, sitting: 163, 24/02/2020	2020-02-24	Lower house	15e législature	session ordinaire 2019-2020 (CRSANR5L15S2020O1N163)	-	163. séance	-	COVID	English	Regular	notMP	notMinister	LR	Les Républicains	Opposition	Centre-right	PA606098	Marleix, Olivier	M	1971	
ParlaMint-FR-en_2020-02-24-O1163	ParlaMint-FR_2020-02-24-O1163.u242	Proceedings of the debates in plenary sitting of the Assemblée Nationale, sitting: 163, 24/02/2020	2020-02-24	Lower house	15e législature	session ordinaire 2019-2020 (CRSANR5L15S2020O1N163)	-	163. séance	-	COVID	English	Regular	notMP	notMinister	GDR	Gauche démocrate et républicaine	Opposition	Left	PA722202	Jumel, Sébastien	M	1971	
ParlaMint-FR-en_2020-02-24-O1163	ParlaMint-FR_2020-02-24-O1163.u243	Proceedings of the debates in plenary sitting of the Assemblée Nationale, sitting: 163, 24/02/2020	2020-02-24	Lower house	15e législature	session ordinaire 2019-2020 (CRSANR5L15S2020O1N163)	-	163. séance	-	COVID	English	Regular	notMP	notMinister	LR	Les Républicains	Opposition	Centre-right	PA606098	Marleix, Olivier	M	1971	
ParlaMint-FR-en_2020-02-24-O1163	ParlaMint-FR_2020-02-24-O1163.u244	Proceedings of the debates in plenary sitting of the Assemblée Nationale, sitting: 163, 24/02/2020	2020-02-24	Lower house	15e législature	session ordinaire 2019-2020 (CRSANR5L15S2020O1N163)	-	163. séance	-	COVID	English	Regular	notMP	notMinister	GDR	Gauche démocrate et républicaine	Opposition	Left	PA722202	Jumel, Sébastien	M	1971	
ParlaMint-FR-en_2020-02-24-O1163	ParlaMint-FR_2020-02-24-O1163.u245	Proceedings of the debates in plenary sitting of the Assemblée Nationale, sitting: 163, 24/02/2020	2020-02-24	Lower house	15e législature	session ordinaire 2019-2020 (CRSANR5L15S2020O1N163)	-	163. séance	-	COVID	English	Regular	MP	notMinister	LR	Les Républicains	Opposition	Centre-right	PA1874	Le Fur, Marc	M	1956	
ParlaMint-FR-en_2020-02-24-O1163	ParlaMint-FR_2020-02-24-O1163.u246	Proceedings of the debates in plenary sitting of the Assemblée Nationale, sitting: 163, 24/02/2020	2020-02-24	Lower house	15e législature	session ordinaire 2019-2020 (CRSANR5L15S2020O1N163)	-	163. séance	-	COVID	English	Regular	notMP	notMinister	GDR	Gauche démocrate et républicaine	Opposition	Left	PA722202	Jumel, Sébastien	M	1971	
ParlaMint-FR-en_2020-02-24-O1163	ParlaMint-FR_2020-02-24-O1163.u247	Proceedings of the debates in plenary sitting of the Assemblée Nationale, sitting: 163, 24/02/2020	2020-02-24	Lower house	15e législature	session ordinaire 2019-2020 (CRSANR5L15S2020O1N163)	-	163. séance	-	COVID	English	Regular	notMP	notMinister	LR	Les Républicains	Opposition	Centre-right	PA606098	Marleix, Olivier	M	1971	
ParlaMint-FR-en_2020-02-24-O1163	ParlaMint-FR_2020-02-24-O1163.u248	Proceedings of the debates in plenary sitting of the Assemblée Nationale, sitting: 163, 24/02/2020	2020-02-24	Lower house	15e législature	session ordinaire 2019-2020 (CRSANR5L15S2020O1N163)	-	163. séance	-	COVID	English	Regular	MP	notMinister	LR	Les Républicains	Opposition	Centre-right	PA1874	Le Fur, Marc	M	1956	
ParlaMint-FR-en_2020-02-24-O1163	ParlaMint-FR_2020-02-24-O1163.u249	Proceedings of the debates in plenary sitting of the Assemblée Nationale, sitting: 163, 24/02/2020	2020-02-24	Lower house	15e législature	session ordinaire 2019-2020 (CRSANR5L15S2020O1N163)	-	163. séance	-	COVID	English	Regular	notMP	notMinister	LR	Les Républicains	Opposition	Centre-right	PA606098	Marleix, Olivier	M	1971	
ParlaMint-FR-en_2020-02-24-O1163	ParlaMint-FR_2020-02-24-O1163.u250	Proceedings of the debates in plenary sitting of the Assemblée Nationale, sitting: 163, 24/02/2020	2020-02-24	Lower house	15e législature	session ordinaire 2019-2020 (CRSANR5L15S2020O1N163)	-	163. séance	-	COVID	English	Regular	notMP	notMinister	LR	Les Républicains	Opposition	Centre-right	PA605991	Genevard, Annie	F	1956	
ParlaMint-FR-en_2020-02-24-O1163	ParlaMint-FR_2020-02-24-O1163.u251	Proceedings of the debates in plenary sitting of the Assemblée Nationale, sitting: 163, 24/02/2020	2020-02-24	Lower house	15e législature	session ordinaire 2019-2020 (CRSANR5L15S2020O1N163)	-	163. séance	-	COVID	English	Regular	notMP	notMinister	MODEM	Mouvement Démocrate et apparentés	Coalition	Centre to centre-right	PA721182	Petit, Frédéric	M	1961	
ParlaMint-FR-en_2020-02-24-O1163	ParlaMint-FR_2020-02-24-O1163.u252	Proceedings of the debates in plenary sitting of the Assemblée Nationale, sitting: 163, 24/02/2020	2020-02-24	Lower house	15e législature	session ordinaire 2019-2020 (CRSANR5L15S2020O1N163)	-	163. séance	-	COVID	English	Regular	notMP	notMinister	LR	Les Républicains	Opposition	Centre-right	PA332523	Dalloz, Marie-Christine	F	1958	
ParlaMint-FR-en_2020-02-24-O1163	ParlaMint-FR_2020-02-24-O1163.u253	Proceedings of the debates in plenary sitting of the Assemblée Nationale, sitting: 163, 24/02/2020	2020-02-24	Lower house	15e législature	session ordinaire 2019-2020 (CRSANR5L15S2020O1N163)	-	163. séance	-	COVID	English	Regular	notMP	notMinister	MODEM	Mouvement Démocrate et apparentés	Coalition	Centre to centre-right	PA721182	Petit, Frédéric	M	1961	
ParlaMint-FR-en_2020-02-24-O1163	ParlaMint-FR_2020-02-24-O1163.u254	Proceedings of the debates in plenary sitting of the Assemblée Nationale, sitting: 163, 24/02/2020	2020-02-24	Lower house	15e législature	session ordinaire 2019-2020 (CRSANR5L15S2020O1N163)	-	163. séance	-	COVID	English	Regular	notMP	notMinister	LR	Les Républicains	Opposition	Centre-right	PA606098	Marleix, Olivier	M	1971	
ParlaMint-FR-en_2020-02-24-O1163	ParlaMint-FR_2020-02-24-O1163.u255	Proceedings of the debates in plenary sitting of the Assemblée Nationale, sitting: 163, 24/02/2020	2020-02-24	Lower house	15e législature	session ordinaire 2019-2020 (CRSANR5L15S2020O1N163)	-	163. séance	-	COVID	English	Regular	notMP	notMinister	MODEM	Mouvement Démocrate et apparentés	Coalition	Centre to centre-right	PA721182	Petit, Frédéric	M	1961	
ParlaMint-FR-en_2020-02-24-O1163	ParlaMint-FR_2020-02-24-O1163.u256	Proceedings of the debates in plenary sitting of the Assemblée Nationale, sitting: 163, 24/02/2020	2020-02-24	Lower house	15e législature	session ordinaire 2019-2020 (CRSANR5L15S2020O1N163)	-	163. séance	-	COVID	English	Regular	notMP	notMinister	FI	La France insoumise	Opposition	Left to far-left	PA720846	Lachaud, Bastien	M	1980	
ParlaMint-FR-en_2020-02-24-O1163	ParlaMint-FR_2020-02-24-O1163.u257	Proceedings of the debates in plenary sitting of the Assemblée Nationale, sitting: 163, 24/02/2020	2020-02-24	Lower house	15e législature	session ordinaire 2019-2020 (CRSANR5L15S2020O1N163)	-	163. séance	-	COVID	English	Regular	notMP	notMinister	MODEM	Mouvement Démocrate et apparentés	Coalition	Centre to centre-right	PA721182	Petit, Frédéric	M	1961	
ParlaMint-FR-en_2020-02-24-O1163	ParlaMint-FR_2020-02-24-O1163.u258	Proceedings of the debates in plenary sitting of the Assemblée Nationale, sitting: 163, 24/02/2020	2020-02-24	Lower house	15e législature	session ordinaire 2019-2020 (CRSANR5L15S2020O1N163)	-	163. séance	-	COVID	English	Regular	notMP	notMinister	GDR	Gauche démocrate et républicaine	Opposition	Left	PA722202	Jumel, Sébastien	M	1971	
ParlaMint-FR-en_2020-02-24-O1163	ParlaMint-FR_2020-02-24-O1163.u259	Proceedings of the debates in plenary sitting of the Assemblée Nationale, sitting: 163, 24/02/2020	2020-02-24	Lower house	15e législature	session ordinaire 2019-2020 (CRSANR5L15S2020O1N163)	-	163. séance	-	COVID	English	Regular	notMP	notMinister	MODEM	Mouvement Démocrate et apparentés	Coalition	Centre to centre-right	PA721182	Petit, Frédéric	M	1961	
ParlaMint-FR-en_2020-02-24-O1163	ParlaMint-FR_2020-02-24-O1163.u260	Proceedings of the debates in plenary sitting of the Assemblée Nationale, sitting: 163, 24/02/2020	2020-02-24	Lower house	15e législature	session ordinaire 2019-2020 (CRSANR5L15S2020O1N163)	-	163. séance	-	COVID	English	Regular	notMP	notMinister	SOC	Socialistes et apparentés	-	Centre-left to left	PA719930	Vallaud, Boris	M	1975	
ParlaMint-FR-en_2020-02-24-O1163	ParlaMint-FR_2020-02-24-O1163.u261	Proceedings of the debates in plenary sitting of the Assemblée Nationale, sitting: 163, 24/02/2020	2020-02-24	Lower house	15e législature	session ordinaire 2019-2020 (CRSANR5L15S2020O1N163)	-	163. séance	-	COVID	English	Regular	notMP	notMinister	MODEM	Mouvement Démocrate et apparentés	Coalition	Centre to centre-right	PA721182	Petit, Frédéric	M	1961	
ParlaMint-FR-en_2020-02-24-O1163	ParlaMint-FR_2020-02-24-O1163.u262	Proceedings of the debates in plenary sitting of the Assemblée Nationale, sitting: 163, 24/02/2020	2020-02-24	Lower house	15e législature	session ordinaire 2019-2020 (CRSANR5L15S2020O1N163)	-	163. séance	-	COVID	English	Regular	notMP	notMinister	GDR	Gauche démocrate et républicaine	Opposition	Left	PA721270	Peu, Stéphane	M	1962	
ParlaMint-FR-en_2020-02-24-O1163	ParlaMint-FR_2020-02-24-O1163.u263	Proceedings of the debates in plenary sitting of the Assemblée Nationale, sitting: 163, 24/02/2020	2020-02-24	Lower house	15e législature	session ordinaire 2019-2020 (CRSANR5L15S2020O1N163)	-	163. séance	-	COVID	English	Regular	notMP	notMinister	MODEM	Mouvement Démocrate et apparentés	Coalition	Centre to centre-right	PA721182	Petit, Frédéric	M	1961	
ParlaMint-FR-en_2020-02-24-O1163	ParlaMint-FR_2020-02-24-O1163.u264	Proceedings of the debates in plenary sitting of the Assemblée Nationale, sitting: 163, 24/02/2020	2020-02-24	Lower house	15e législature	session ordinaire 2019-2020 (CRSANR5L15S2020O1N163)	-	163. séance	-	COVID	English	Regular	notMP	notMinister	LR	Les Républicains	Opposition	Centre-right	PA605991	Genevard, Annie	F	1956	
ParlaMint-FR-en_2020-02-24-O1163	ParlaMint-FR_2020-02-24-O1163.u265	Proceedings of the debates in plenary sitting of the Assemblée Nationale, sitting: 163, 24/02/2020	2020-02-24	Lower house	15e législature	session ordinaire 2019-2020 (CRSANR5L15S2020O1N163)	-	163. séance	-	COVID	English	Regular	notMP	notMinister	LAREM	La République en Marche	Coalition	Centre	PA721296	Gouffier Valente, Guillaume	M	1986	
ParlaMint-FR-en_2020-02-24-O1163	ParlaMint-FR_2020-02-24-O1163.u266	Proceedings of the debates in plenary sitting of the Assemblée Nationale, sitting: 163, 24/02/2020	2020-02-24	Lower house	15e législature	session ordinaire 2019-2020 (CRSANR5L15S2020O1N163)	-	163. séance	-	COVID	English	Regular	notMP	notMinister	GDR	Gauche démocrate et républicaine	Opposition	Left	PA720692	Roussel, Fabien	M	1969	
ParlaMint-FR-en_2020-02-24-O1163	ParlaMint-FR_2020-02-24-O1163.u267	Proceedings of the debates in plenary sitting of the Assemblée Nationale, sitting: 163, 24/02/2020	2020-02-24	Lower house	15e législature	session ordinaire 2019-2020 (CRSANR5L15S2020O1N163)	-	163. séance	-	COVID	English	Regular	notMP	notMinister	LAREM	La République en Marche	Coalition	Centre	PA721296	Gouffier Valente, Guillaume	M	1986	
ParlaMint-FR-en_2020-02-24-O1163	ParlaMint-FR_2020-02-24-O1163.u268	Proceedings of the debates in plenary sitting of the Assemblée Nationale, sitting: 163, 24/02/2020	2020-02-24	Lower house	15e législature	session ordinaire 2019-2020 (CRSANR5L15S2020O1N163)	-	163. séance	-	COVID	English	Regular	notMP	notMinister	GDR	Gauche démocrate et républicaine	Opposition	Left	PA722202	Jumel, Sébastien	M	1971	
ParlaMint-FR-en_2020-02-24-O1163	ParlaMint-FR_2020-02-24-O1163.u269	Proceedings of the debates in plenary sitting of the Assemblée Nationale, sitting: 163, 24/02/2020	2020-02-24	Lower house	15e législature	session ordinaire 2019-2020 (CRSANR5L15S2020O1N163)	-	163. séance	-	COVID	English	Regular	notMP	notMinister	LAREM	La République en Marche	Coalition	Centre	PA721296	Gouffier Valente, Guillaume	M	1986	
ParlaMint-FR-en_2020-02-24-O1163	ParlaMint-FR_2020-02-24-O1163.u270	Proceedings of the debates in plenary sitting of the Assemblée Nationale, sitting: 163, 24/02/2020	2020-02-24	Lower house	15e législature	session ordinaire 2019-2020 (CRSANR5L15S2020O1N163)	-	163. séance	-	COVID	English	Regular	notMP	notMinister	GDR	Gauche démocrate et républicaine	Opposition	Left	PA722202	Jumel, Sébastien	M	1971	
ParlaMint-FR-en_2020-02-24-O1163	ParlaMint-FR_2020-02-24-O1163.u271	Proceedings of the debates in plenary sitting of the Assemblée Nationale, sitting: 163, 24/02/2020	2020-02-24	Lower house	15e législature	session ordinaire 2019-2020 (CRSANR5L15S2020O1N163)	-	163. séance	-	COVID	English	Regular	notMP	notMinister	LAREM	La République en Marche	Coalition	Centre	PA721296	Gouffier Valente, Guillaume	M	1986	
ParlaMint-FR-en_2020-02-24-O1163	ParlaMint-FR_2020-02-24-O1163.u272	Proceedings of the debates in plenary sitting of the Assemblée Nationale, sitting: 163, 24/02/2020	2020-02-24	Lower house	15e législature	session ordinaire 2019-2020 (CRSANR5L15S2020O1N163)	-	163. séance	-	COVID	English	Regular	notMP	notMinister	SOC	Socialistes et apparentés	-	Centre-left to left	PA609332	Faure, Olivier	M	1968	
ParlaMint-FR-en_2020-02-24-O1163	ParlaMint-FR_2020-02-24-O1163.u273	Proceedings of the debates in plenary sitting of the Assemblée Nationale, sitting: 163, 24/02/2020	2020-02-24	Lower house	15e législature	session ordinaire 2019-2020 (CRSANR5L15S2020O1N163)	-	163. séance	-	COVID	English	Chairperson	notMP	notMinister	LR	Les Républicains	Opposition	Centre-right	PA605991	Genevard, Annie	F	1956	
ParlaMint-FR-en_2020-02-24-O1163	ParlaMint-FR_2020-02-24-O1163.u274	Proceedings of the debates in plenary sitting of the Assemblée Nationale, sitting: 163, 24/02/2020	2020-02-24	Lower house	15e législature	session ordinaire 2019-2020 (CRSANR5L15S2020O1N163)	-	163. séance	-	COVID	English	Regular	MP	notMinister	LT	Libertés et Territoires	-	Big tent	PA608292	Dubié, Jeanine	F	1958	
ParlaMint-FR-en_2020-02-24-O1163	ParlaMint-FR_2020-02-24-O1163.u275	Proceedings of the debates in plenary sitting of the Assemblée Nationale, sitting: 163, 24/02/2020	2020-02-24	Lower house	15e législature	session ordinaire 2019-2020 (CRSANR5L15S2020O1N163)	-	163. séance	-	COVID	English	Chairperson	notMP	notMinister	LR	Les Républicains	Opposition	Centre-right	PA605991	Genevard, Annie	F	1956	
ParlaMint-FR-en_2020-02-24-O1163	ParlaMint-FR_2020-02-24-O1163.u276	Proceedings of the debates in plenary sitting of the Assemblée Nationale, sitting: 163, 24/02/2020	2020-02-24	Lower house	15e législature	session ordinaire 2019-2020 (CRSANR5L15S2020O1N163)	-	163. séance	-	COVID	English	Regular	MP	notMinister	-	-	-	-	PA720568	Thill, Agnès	F	1964	
ParlaMint-FR-en_2020-02-24-O1163	ParlaMint-FR_2020-02-24-O1163.u277	Proceedings of the debates in plenary sitting of the Assemblée Nationale, sitting: 163, 24/02/2020	2020-02-24	Lower house	15e législature	session ordinaire 2019-2020 (CRSANR5L15S2020O1N163)	-	163. séance	-	COVID	English	Chairperson	notMP	notMinister	LR	Les Républicains	Opposition	Centre-right	PA605991	Genevard, Annie	F	1956	
ParlaMint-FR-en_2020-02-24-O1163	ParlaMint-FR_2020-02-24-O1163.u278	Proceedings of the debates in plenary sitting of the Assemblée Nationale, sitting: 163, 24/02/2020	2020-02-24	Lower house	15e législature	session ordinaire 2019-2020 (CRSANR5L15S2020O1N163)	-	163. séance	-	COVID	English	Regular	notMP	notMinister	LR	Les Républicains	Opposition	Centre-right	PA267429	Cinieri, Dino	M	1955	
ParlaMint-FR-en_2020-02-24-O1163	ParlaMint-FR_2020-02-24-O1163.u279	Proceedings of the debates in plenary sitting of the Assemblée Nationale, sitting: 163, 24/02/2020	2020-02-24	Lower house	15e législature	session ordinaire 2019-2020 (CRSANR5L15S2020O1N163)	-	163. séance	-	COVID	English	Regular	notMP	notMinister	LR	Les Républicains	Opposition	Centre-right	PA605991	Genevard, Annie	F	1956	
ParlaMint-FR-en_2020-02-24-O1163	ParlaMint-FR_2020-02-24-O1163.u280	Proceedings of the debates in plenary sitting of the Assemblée Nationale, sitting: 163, 24/02/2020	2020-02-24	Lower house	15e législature	session ordinaire 2019-2020 (CRSANR5L15S2020O1N163)	-	163. séance	-	COVID	English	Regular	notMP	notMinister	LAREM	La République en Marche	Coalition	Centre	PA721296	Gouffier Valente, Guillaume	M	1986	
ParlaMint-FR-en_2020-02-24-O1163	ParlaMint-FR_2020-02-24-O1163.u281	Proceedings of the debates in plenary sitting of the Assemblée Nationale, sitting: 163, 24/02/2020	2020-02-24	Lower house	15e législature	session ordinaire 2019-2020 (CRSANR5L15S2020O1N163)	-	163. séance	-	COVID	English	Regular	notMP	notMinister	LR	Les Républicains	Opposition	Centre-right	PA605991	Genevard, Annie	F	1956	
ParlaMint-FR-en_2020-02-24-O1163	ParlaMint-FR_2020-02-24-O1163.u282	Proceedings of the debates in plenary sitting of the Assemblée Nationale, sitting: 163, 24/02/2020	2020-02-24	Lower house	15e législature	session ordinaire 2019-2020 (CRSANR5L15S2020O1N163)	-	163. séance	-	COVID	English	Regular	notMP	notMinister	-	-	-	-	PA720512	Pietraszewski, Laurent	M	1966	
ParlaMint-FR-en_2020-02-24-O1163	ParlaMint-FR_2020-02-24-O1163.u283	Proceedings of the debates in plenary sitting of the Assemblée Nationale, sitting: 163, 24/02/2020	2020-02-24	Lower house	15e législature	session ordinaire 2019-2020 (CRSANR5L15S2020O1N163)	-	163. séance	-	COVID	English	Regular	notMP	notMinister	LR	Les Républicains	Opposition	Centre-right	PA605991	Genevard, Annie	F	1956	
ParlaMint-FR-en_2020-02-24-O1163	ParlaMint-FR_2020-02-24-O1163.u284	Proceedings of the debates in plenary sitting of the Assemblée Nationale, sitting: 163, 24/02/2020	2020-02-24	Lower house	15e législature	session ordinaire 2019-2020 (CRSANR5L15S2020O1N163)	-	163. séance	-	COVID	English	Regular	notMP	notMinister	GDR	Gauche démocrate et républicaine	Opposition	Left	PA722202	Jumel, Sébastien	M	1971	
ParlaMint-FR-en_2020-02-24-O1163	ParlaMint-FR_2020-02-24-O1163.u285	Proceedings of the debates in plenary sitting of the Assemblée Nationale, sitting: 163, 24/02/2020	2020-02-24	Lower house	15e législature	session ordinaire 2019-2020 (CRSANR5L15S2020O1N163)	-	163. séance	-	COVID	English	Regular	notMP	notMinister	MODEM	Mouvement Démocrate et apparentés	Coalition	Centre to centre-right	PA721182	Petit, Frédéric	M	1961	
ParlaMint-FR-en_2020-02-24-O1163	ParlaMint-FR_2020-02-24-O1163.u286	Proceedings of the debates in plenary sitting of the Assemblée Nationale, sitting: 163, 24/02/2020	2020-02-24	Lower house	15e législature	session ordinaire 2019-2020 (CRSANR5L15S2020O1N163)	-	163. séance	-	COVID	English	Regular	notMP	notMinister	GDR	Gauche démocrate et républicaine	Opposition	Left	PA722202	Jumel, Sébastien	M	1971	
ParlaMint-FR-en_2020-02-24-O1163	ParlaMint-FR_2020-02-24-O1163.u287	Proceedings of the debates in plenary sitting of the Assemblée Nationale, sitting: 163, 24/02/2020	2020-02-24	Lower house	15e législature	session ordinaire 2019-2020 (CRSANR5L15S2020O1N163)	-	163. séance	-	COVID	English	Regular	notMP	notMinister	LR	Les Républicains	Opposition	Centre-right	PA605991	Genevard, Annie	F	1956	
ParlaMint-FR-en_2020-02-24-O1163	ParlaMint-FR_2020-02-24-O1163.u288	Proceedings of the debates in plenary sitting of the Assemblée Nationale, sitting: 163, 24/02/2020	2020-02-24	Lower house	15e législature	session ordinaire 2019-2020 (CRSANR5L15S2020O1N163)	-	163. séance	-	COVID	English	Regular	MP	notMinister	FI	La France insoumise	Opposition	Left to far-left	PA2150	Mélenchon, Jean-Luc	M	1951	
ParlaMint-FR-en_2020-02-24-O1163	ParlaMint-FR_2020-02-24-O1163.u289	Proceedings of the debates in plenary sitting of the Assemblée Nationale, sitting: 163, 24/02/2020	2020-02-24	Lower house	15e législature	session ordinaire 2019-2020 (CRSANR5L15S2020O1N163)	-	163. séance	-	COVID	English	Regular	MP	notMinister	LAREM	La République en Marche	Coalition	Centre	PA721134	Lescure, Roland	M	1966	
ParlaMint-FR-en_2020-02-24-O1163	ParlaMint-FR_2020-02-24-O1163.u290	Proceedings of the debates in plenary sitting of the Assemblée Nationale, sitting: 163, 24/02/2020	2020-02-24	Lower house	15e législature	session ordinaire 2019-2020 (CRSANR5L15S2020O1N163)	-	163. séance	-	COVID	English	Regular	MP	notMinister	FI	La France insoumise	Opposition	Left to far-left	PA2150	Mélenchon, Jean-Luc	M	1951	
ParlaMint-FR-en_2020-02-24-O1163	ParlaMint-FR_2020-02-24-O1163.u291	Proceedings of the debates in plenary sitting of the Assemblée Nationale, sitting: 163, 24/02/2020	2020-02-24	Lower house	15e législature	session ordinaire 2019-2020 (CRSANR5L15S2020O1N163)	-	163. séance	-	COVID	English	Regular	notMP	notMinister	LR	Les Républicains	Opposition	Centre-right	PA605991	Genevard, Annie	F	1956	
ParlaMint-FR-en_2020-02-24-O1163	ParlaMint-FR_2020-02-24-O1163.u292	Proceedings of the debates in plenary sitting of the Assemblée Nationale, sitting: 163, 24/02/2020	2020-02-24	Lower house	15e législature	session ordinaire 2019-2020 (CRSANR5L15S2020O1N163)	-	163. séance	-	COVID	English	Regular	notMP	notMinister	SOC	Socialistes et apparentés	-	Centre-left to left	PA719930	Vallaud, Boris	M	1975	
ParlaMint-FR-en_2020-02-24-O1163	ParlaMint-FR_2020-02-24-O1163.u293	Proceedings of the debates in plenary sitting of the Assemblée Nationale, sitting: 163, 24/02/2020	2020-02-24	Lower house	15e législature	session ordinaire 2019-2020 (CRSANR5L15S2020O1N163)	-	163. séance	-	COVID	English	Regular	notMP	notMinister	LR	Les Républicains	Opposition	Centre-right	PA605991	Genevard, Annie	F	1956	
ParlaMint-FR-en_2020-02-24-O1163	ParlaMint-FR_2020-02-24-O1163.u294	Proceedings of the debates in plenary sitting of the Assemblée Nationale, sitting: 163, 24/02/2020	2020-02-24	Lower house	15e législature	session ordinaire 2019-2020 (CRSANR5L15S2020O1N163)	-	163. séance	-	COVID	English	Regular	notMP	notMinister	MODEM	Mouvement Démocrate et apparentés	Coalition	Centre to centre-right	PA721182	Petit, Frédéric	M	1961	
ParlaMint-FR-en_2020-02-24-O1163	ParlaMint-FR_2020-02-24-O1163.u295	Proceedings of the debates in plenary sitting of the Assemblée Nationale, sitting: 163, 24/02/2020	2020-02-24	Lower house	15e législature	session ordinaire 2019-2020 (CRSANR5L15S2020O1N163)	-	163. séance	-	COVID	English	Guest	-	-	-	-	-	-	-	-	-	-
ParlaMint-FR-en_2020-02-24-O1163	ParlaMint-FR_2020-02-24-O1163.u296	Proceedings of the debates in plenary sitting of the Assemblée Nationale, sitting: 163, 24/02/2020	2020-02-24	Lower house	15e législature	session ordinaire 2019-2020 (CRSANR5L15S2020O1N163)	-	163. séance	-	COVID	English	Chairperson	notMP	notMinister	LR	Les Républicains	Opposition	Centre-right	PA605991	Genevard, Annie	F	1956	
ParlaMint-FR-en_2020-02-24-O1163	ParlaMint-FR_2020-02-24-O1163.u297	Proceedings of the debates in plenary sitting of the Assemblée Nationale, sitting: 163, 24/02/2020	2020-02-24	Lower house	15e législature	session ordinaire 2019-2020 (CRSANR5L15S2020O1N163)	-	163. séance	-	COVID	English	Regular	notMP	notMinister	LAREM	La République en Marche	Coalition	Centre	PA720900	Rilhac, Cécile	F	1974	
ParlaMint-FR-en_2020-02-24-O1163	ParlaMint-FR_2020-02-24-O1163.u298	Proceedings of the debates in plenary sitting of the Assemblée Nationale, sitting: 163, 24/02/2020	2020-02-24	Lower house	15e législature	session ordinaire 2019-2020 (CRSANR5L15S2020O1N163)	-	163. séance	-	COVID	English	Chairperson	notMP	notMinister	LR	Les Républicains	Opposition	Centre-right	PA605991	Genevard, Annie	F	1956	
ParlaMint-FR-en_2020-02-24-O1163	ParlaMint-FR_2020-02-24-O1163.u299	Proceedings of the debates in plenary sitting of the Assemblée Nationale, sitting: 163, 24/02/2020	2020-02-24	Lower house	15e législature	session ordinaire 2019-2020 (CRSANR5L15S2020O1N163)	-	163. séance	-	COVID	English	Regular	MP	notMinister	LR	Les Républicains	Opposition	Centre-right	PA1874	Le Fur, Marc	M	1956	
ParlaMint-FR-en_2020-02-24-O1163	ParlaMint-FR_2020-02-24-O1163.u300	Proceedings of the debates in plenary sitting of the Assemblée Nationale, sitting: 163, 24/02/2020	2020-02-24	Lower house	15e législature	session ordinaire 2019-2020 (CRSANR5L15S2020O1N163)	-	163. séance	-	COVID	English	Regular	notMP	notMinister	SOC	Socialistes et apparentés	-	Centre-left to left	PA609332	Faure, Olivier	M	1968	
ParlaMint-FR-en_2020-02-24-O1163	ParlaMint-FR_2020-02-24-O1163.u301	Proceedings of the debates in plenary sitting of the Assemblée Nationale, sitting: 163, 24/02/2020	2020-02-24	Lower house	15e législature	session ordinaire 2019-2020 (CRSANR5L15S2020O1N163)	-	163. séance	-	COVID	English	Regular	MP	notMinister	LR	Les Républicains	Opposition	Centre-right	PA1874	Le Fur, Marc	M	1956	
ParlaMint-FR-en_2020-02-24-O1163	ParlaMint-FR_2020-02-24-O1163.u302	Proceedings of the debates in plenary sitting of the Assemblée Nationale, sitting: 163, 24/02/2020	2020-02-24	Lower house	15e législature	session ordinaire 2019-2020 (CRSANR5L15S2020O1N163)	-	163. séance	-	COVID	English	Regular	notMP	notMinister	SOC	Socialistes et apparentés	-	Centre-left to left	PA609332	Faure, Olivier	M	1968	
ParlaMint-FR-en_2020-02-24-O1163	ParlaMint-FR_2020-02-24-O1163.u303	Proceedings of the debates in plenary sitting of the Assemblée Nationale, sitting: 163, 24/02/2020	2020-02-24	Lower house	15e législature	session ordinaire 2019-2020 (CRSANR5L15S2020O1N163)	-	163. séance	-	COVID	English	Regular	MP	notMinister	LR	Les Républicains	Opposition	Centre-right	PA1874	Le Fur, Marc	M	1956	
ParlaMint-FR-en_2020-02-24-O1163	ParlaMint-FR_2020-02-24-O1163.u304	Proceedings of the debates in plenary sitting of the Assemblée Nationale, sitting: 163, 24/02/2020	2020-02-24	Lower house	15e législature	session ordinaire 2019-2020 (CRSANR5L15S2020O1N163)	-	163. séance	-	COVID	English	Regular	MP	notMinister	GDR	Gauche démocrate et républicaine	Opposition	Left	PA720546	Bruneel, Alain	M	1952	
ParlaMint-FR-en_2020-02-24-O1163	ParlaMint-FR_2020-02-24-O1163.u305	Proceedings of the debates in plenary sitting of the Assemblée Nationale, sitting: 163, 24/02/2020	2020-02-24	Lower house	15e législature	session ordinaire 2019-2020 (CRSANR5L15S2020O1N163)	-	163. séance	-	COVID	English	Regular	MP	notMinister	LR	Les Républicains	Opposition	Centre-right	PA1874	Le Fur, Marc	M	1956	
ParlaMint-FR-en_2020-02-24-O1163	ParlaMint-FR_2020-02-24-O1163.u306	Proceedings of the debates in plenary sitting of the Assemblée Nationale, sitting: 163, 24/02/2020	2020-02-24	Lower house	15e législature	session ordinaire 2019-2020 (CRSANR5L15S2020O1N163)	-	163. séance	-	COVID	English	Regular	MP	notMinister	GDR	Gauche démocrate et républicaine	Opposition	Left	PA720546	Bruneel, Alain	M	1952	
ParlaMint-FR-en_2020-02-24-O1163	ParlaMint-FR_2020-02-24-O1163.u307	Proceedings of the debates in plenary sitting of the Assemblée Nationale, sitting: 163, 24/02/2020	2020-02-24	Lower house	15e législature	session ordinaire 2019-2020 (CRSANR5L15S2020O1N163)	-	163. séance	-	COVID	English	Regular	MP	notMinister	LR	Les Républicains	Opposition	Centre-right	PA1874	Le Fur, Marc	M	1956	
ParlaMint-FR-en_2020-02-24-O1163	ParlaMint-FR_2020-02-24-O1163.u308	Proceedings of the debates in plenary sitting of the Assemblée Nationale, sitting: 163, 24/02/2020	2020-02-24	Lower house	15e législature	session ordinaire 2019-2020 (CRSANR5L15S2020O1N163)	-	163. séance	-	COVID	English	Regular	notMP	notMinister	SOC	Socialistes et apparentés	-	Centre-left to left	PA340343	Saulignac, Hervé	M	1970	
ParlaMint-FR-en_2020-02-24-O1163	ParlaMint-FR_2020-02-24-O1163.u309	Proceedings of the debates in plenary sitting of the Assemblée Nationale, sitting: 163, 24/02/2020	2020-02-24	Lower house	15e législature	session ordinaire 2019-2020 (CRSANR5L15S2020O1N163)	-	163. séance	-	COVID	English	Regular	notMP	notMinister	GDR	Gauche démocrate et républicaine	Opposition	Left	PA722202	Jumel, Sébastien	M	1971	
ParlaMint-FR-en_2020-02-24-O1163	ParlaMint-FR_2020-02-24-O1163.u310	Proceedings of the debates in plenary sitting of the Assemblée Nationale, sitting: 163, 24/02/2020	2020-02-24	Lower house	15e législature	session ordinaire 2019-2020 (CRSANR5L15S2020O1N163)	-	163. séance	-	COVID	English	Chairperson	notMP	notMinister	LR	Les Républicains	Opposition	Centre-right	PA605991	Genevard, Annie	F	1956	
ParlaMint-FR-en_2020-02-24-O1163	ParlaMint-FR_2020-02-24-O1163.u311	Proceedings of the debates in plenary sitting of the Assemblée Nationale, sitting: 163, 24/02/2020	2020-02-24	Lower house	15e législature	session ordinaire 2019-2020 (CRSANR5L15S2020O1N163)	-	163. séance	-	COVID	English	Regular	notMP	notMinister	FI	La France insoumise	Opposition	Left to far-left	PA720422	Quatennens, Adrien	M	1990	
ParlaMint-FR-en_2020-02-24-O1163	ParlaMint-FR_2020-02-24-O1163.u312	Proceedings of the debates in plenary sitting of the Assemblée Nationale, sitting: 163, 24/02/2020	2020-02-24	Lower house	15e législature	session ordinaire 2019-2020 (CRSANR5L15S2020O1N163)	-	163. séance	-	COVID	English	Regular	MP	notMinister	LAREM	La République en Marche	Coalition	Centre	PA721764	Grégoire, Olivia	F	1978	
ParlaMint-FR-en_2020-02-24-O1163	ParlaMint-FR_2020-02-24-O1163.u313	Proceedings of the debates in plenary sitting of the Assemblée Nationale, sitting: 163, 24/02/2020	2020-02-24	Lower house	15e législature	session ordinaire 2019-2020 (CRSANR5L15S2020O1N163)	-	163. séance	-	COVID	English	Regular	notMP	notMinister	FI	La France insoumise	Opposition	Left to far-left	PA720422	Quatennens, Adrien	M	1990	
ParlaMint-FR-en_2020-02-24-O1163	ParlaMint-FR_2020-02-24-O1163.u314	Proceedings of the debates in plenary sitting of the Assemblée Nationale, sitting: 163, 24/02/2020	2020-02-24	Lower house	15e législature	session ordinaire 2019-2020 (CRSANR5L15S2020O1N163)	-	163. séance	-	COVID	English	Regular	MP	notMinister	FI	La France insoumise	Opposition	Left to far-left	PA2150	Mélenchon, Jean-Luc	M	1951	
ParlaMint-FR-en_2020-02-24-O1163	ParlaMint-FR_2020-02-24-O1163.u315	Proceedings of the debates in plenary sitting of the Assemblée Nationale, sitting: 163, 24/02/2020	2020-02-24	Lower house	15e législature	session ordinaire 2019-2020 (CRSANR5L15S2020O1N163)	-	163. séance	-	COVID	English	Chairperson	notMP	notMinister	LR	Les Républicains	Opposition	Centre-right	PA605991	Genevard, Annie	F	1956	
ParlaMint-FR-en_2020-02-24-O1163	ParlaMint-FR_2020-02-24-O1163.u316	Proceedings of the debates in plenary sitting of the Assemblée Nationale, sitting: 163, 24/02/2020	2020-02-24	Lower house	15e législature	session ordinaire 2019-2020 (CRSANR5L15S2020O1N163)	-	163. séance	-	COVID	English	Regular	notMP	notMinister	LAREM	La République en Marche	Coalition	Centre	PA721296	Gouffier Valente, Guillaume	M	1986	
ParlaMint-FR-en_2020-02-24-O1163	ParlaMint-FR_2020-02-24-O1163.u317	Proceedings of the debates in plenary sitting of the Assemblée Nationale, sitting: 163, 24/02/2020	2020-02-24	Lower house	15e législature	session ordinaire 2019-2020 (CRSANR5L15S2020O1N163)	-	163. séance	-	COVID	English	Chairperson	notMP	notMinister	LR	Les Républicains	Opposition	Centre-right	PA605991	Genevard, Annie	F	1956	
ParlaMint-FR-en_2020-02-24-O1163	ParlaMint-FR_2020-02-24-O1163.u318	Proceedings of the debates in plenary sitting of the Assemblée Nationale, sitting: 163, 24/02/2020	2020-02-24	Lower house	15e législature	session ordinaire 2019-2020 (CRSANR5L15S2020O1N163)	-	163. séance	-	COVID	English	Regular	MP	notMinister	-	-	-	-	PA332614	Juanico, Régis	M	1972	
ParlaMint-FR-en_2020-02-24-O1163	ParlaMint-FR_2020-02-24-O1163.u319	Proceedings of the debates in plenary sitting of the Assemblée Nationale, sitting: 163, 24/02/2020	2020-02-24	Lower house	15e législature	session ordinaire 2019-2020 (CRSANR5L15S2020O1N163)	-	163. séance	-	COVID	English	Regular	MP	notMinister	LAREM	La République en Marche	Coalition	Centre	PA721764	Grégoire, Olivia	F	1978	
ParlaMint-FR-en_2020-02-24-O1163	ParlaMint-FR_2020-02-24-O1163.u320	Proceedings of the debates in plenary sitting of the Assemblée Nationale, sitting: 163, 24/02/2020	2020-02-24	Lower house	15e législature	session ordinaire 2019-2020 (CRSANR5L15S2020O1N163)	-	163. séance	-	COVID	English	Regular	MP	notMinister	-	-	-	-	PA332614	Juanico, Régis	M	1972	
ParlaMint-FR-en_2020-02-24-O1163	ParlaMint-FR_2020-02-24-O1163.u321	Proceedings of the debates in plenary sitting of the Assemblée Nationale, sitting: 163, 24/02/2020	2020-02-24	Lower house	15e législature	session ordinaire 2019-2020 (CRSANR5L15S2020O1N163)	-	163. séance	-	COVID	English	Regular	MP	notMinister	LAREM	La République en Marche	Coalition	Centre	PA608083	Bourguignon, Brigitte	F	1959	
ParlaMint-FR-en_2020-02-24-O1163	ParlaMint-FR_2020-02-24-O1163.u322	Proceedings of the debates in plenary sitting of the Assemblée Nationale, sitting: 163, 24/02/2020	2020-02-24	Lower house	15e législature	session ordinaire 2019-2020 (CRSANR5L15S2020O1N163)	-	163. séance	-	COVID	English	Chairperson	notMP	notMinister	LR	Les Républicains	Opposition	Centre-right	PA605991	Genevard, Annie	F	1956	
ParlaMint-FR-en_2020-02-24-O1163	ParlaMint-FR_2020-02-24-O1163.u323	Proceedings of the debates in plenary sitting of the Assemblée Nationale, sitting: 163, 24/02/2020	2020-02-24	Lower house	15e législature	session ordinaire 2019-2020 (CRSANR5L15S2020O1N163)	-	163. séance	-	COVID	English	Regular	notMP	notMinister	GDR	Gauche démocrate et républicaine	Opposition	Left	PA722202	Jumel, Sébastien	M	1971	
ParlaMint-FR-en_2020-02-24-O1163	ParlaMint-FR_2020-02-24-O1163.u324	Proceedings of the debates in plenary sitting of the Assemblée Nationale, sitting: 163, 24/02/2020	2020-02-24	Lower house	15e législature	session ordinaire 2019-2020 (CRSANR5L15S2020O1N163)	-	163. séance	-	COVID	English	Regular	MP	notMinister	LR	Les Républicains	Opposition	Centre-right	PA267289	Door, Jean-Pierre	M	1942	
ParlaMint-FR-en_2020-02-24-O1163	ParlaMint-FR_2020-02-24-O1163.u325	Proceedings of the debates in plenary sitting of the Assemblée Nationale, sitting: 163, 24/02/2020	2020-02-24	Lower house	15e législature	session ordinaire 2019-2020 (CRSANR5L15S2020O1N163)	-	163. séance	-	COVID	English	Regular	notMP	notMinister	GDR	Gauche démocrate et républicaine	Opposition	Left	PA722202	Jumel, Sébastien	M	1971	
ParlaMint-FR-en_2020-02-24-O1163	ParlaMint-FR_2020-02-24-O1163.u326	Proceedings of the debates in plenary sitting of the Assemblée Nationale, sitting: 163, 24/02/2020	2020-02-24	Lower house	15e législature	session ordinaire 2019-2020 (CRSANR5L15S2020O1N163)	-	163. séance	-	COVID	English	Regular	MP	notMinister	FI	La France insoumise	Opposition	Left to far-left	PA2150	Mélenchon, Jean-Luc	M	1951	
ParlaMint-FR-en_2020-02-24-O1163	ParlaMint-FR_2020-02-24-O1163.u327	Proceedings of the debates in plenary sitting of the Assemblée Nationale, sitting: 163, 24/02/2020	2020-02-24	Lower house	15e législature	session ordinaire 2019-2020 (CRSANR5L15S2020O1N163)	-	163. séance	-	COVID	English	Regular	notMP	notMinister	GDR	Gauche démocrate et républicaine	Opposition	Left	PA722202	Jumel, Sébastien	M	1971	
ParlaMint-FR-en_2020-02-24-O1163	ParlaMint-FR_2020-02-24-O1163.u328	Proceedings of the debates in plenary sitting of the Assemblée Nationale, sitting: 163, 24/02/2020	2020-02-24	Lower house	15e législature	session ordinaire 2019-2020 (CRSANR5L15S2020O1N163)	-	163. séance	-	COVID	English	Chairperson	notMP	notMinister	LR	Les Républicains	Opposition	Centre-right	PA605991	Genevard, Annie	F	1956	
ParlaMint-FR-en_2020-02-24-O1163	ParlaMint-FR_2020-02-24-O1163.u329	Proceedings of the debates in plenary sitting of the Assemblée Nationale, sitting: 163, 24/02/2020	2020-02-24	Lower house	15e législature	session ordinaire 2019-2020 (CRSANR5L15S2020O1N163)	-	163. séance	-	COVID	English	Regular	MP	notMinister	LR	Les Républicains	Opposition	Centre-right	PA1874	Le Fur, Marc	M	1956	
ParlaMint-FR-en_2020-02-24-O1163	ParlaMint-FR_2020-02-24-O1163.u330	Proceedings of the debates in plenary sitting of the Assemblée Nationale, sitting: 163, 24/02/2020	2020-02-24	Lower house	15e législature	session ordinaire 2019-2020 (CRSANR5L15S2020O1N163)	-	163. séance	-	COVID	English	Regular	notMP	notMinister	GDR	Gauche démocrate et républicaine	Opposition	Left	PA720692	Roussel, Fabien	M	1969	
ParlaMint-FR-en_2020-02-24-O1163	ParlaMint-FR_2020-02-24-O1163.u331	Proceedings of the debates in plenary sitting of the Assemblée Nationale, sitting: 163, 24/02/2020	2020-02-24	Lower house	15e législature	session ordinaire 2019-2020 (CRSANR5L15S2020O1N163)	-	163. séance	-	COVID	English	Regular	MP	notMinister	LR	Les Républicains	Opposition	Centre-right	PA1874	Le Fur, Marc	M	1956	
ParlaMint-FR-en_2020-02-24-O1163	ParlaMint-FR_2020-02-24-O1163.u332	Proceedings of the debates in plenary sitting of the Assemblée Nationale, sitting: 163, 24/02/2020	2020-02-24	Lower house	15e législature	session ordinaire 2019-2020 (CRSANR5L15S2020O1N163)	-	163. séance	-	COVID	English	Regular	notMP	notMinister	GDR	Gauche démocrate et républicaine	Opposition	Left	PA720692	Roussel, Fabien	M	1969	
ParlaMint-FR-en_2020-02-24-O1163	ParlaMint-FR_2020-02-24-O1163.u333	Proceedings of the debates in plenary sitting of the Assemblée Nationale, sitting: 163, 24/02/2020	2020-02-24	Lower house	15e législature	session ordinaire 2019-2020 (CRSANR5L15S2020O1N163)	-	163. séance	-	COVID	English	Regular	MP	notMinister	LR	Les Républicains	Opposition	Centre-right	PA1874	Le Fur, Marc	M	1956	
ParlaMint-FR-en_2020-02-24-O1163	ParlaMint-FR_2020-02-24-O1163.u334	Proceedings of the debates in plenary sitting of the Assemblée Nationale, sitting: 163, 24/02/2020	2020-02-24	Lower house	15e législature	session ordinaire 2019-2020 (CRSANR5L15S2020O1N163)	-	163. séance	-	COVID	English	Regular	notMP	notMinister	FI	La France insoumise	Opposition	Left to far-left	PA720846	Lachaud, Bastien	M	1980	
ParlaMint-FR-en_2020-02-24-O1163	ParlaMint-FR_2020-02-24-O1163.u335	Proceedings of the debates in plenary sitting of the Assemblée Nationale, sitting: 163, 24/02/2020	2020-02-24	Lower house	15e législature	session ordinaire 2019-2020 (CRSANR5L15S2020O1N163)	-	163. séance	-	COVID	English	Chairperson	notMP	notMinister	LR	Les Républicains	Opposition	Centre-right	PA605991	Genevard, Annie	F	1956	
ParlaMint-FR-en_2020-02-24-O1163	ParlaMint-FR_2020-02-24-O1163.u336	Proceedings of the debates in plenary sitting of the Assemblée Nationale, sitting: 163, 24/02/2020	2020-02-24	Lower house	15e législature	session ordinaire 2019-2020 (CRSANR5L15S2020O1N163)	-	163. séance	-	COVID	English	Regular	notMP	notMinister	LR	Les Républicains	Opposition	Centre-right	PA606098	Marleix, Olivier	M	1971	
ParlaMint-FR-en_2020-02-24-O1163	ParlaMint-FR_2020-02-24-O1163.u337	Proceedings of the debates in plenary sitting of the Assemblée Nationale, sitting: 163, 24/02/2020	2020-02-24	Lower house	15e législature	session ordinaire 2019-2020 (CRSANR5L15S2020O1N163)	-	163. séance	-	COVID	English	Regular	MP	notMinister	LR	Les Républicains	Opposition	Centre-right	PA1874	Le Fur, Marc	M	1956	
ParlaMint-FR-en_2020-02-24-O1163	ParlaMint-FR_2020-02-24-O1163.u338	Proceedings of the debates in plenary sitting of the Assemblée Nationale, sitting: 163, 24/02/2020	2020-02-24	Lower house	15e législature	session ordinaire 2019-2020 (CRSANR5L15S2020O1N163)	-	163. séance	-	COVID	English	Regular	notMP	notMinister	LR	Les Républicains	Opposition	Centre-right	PA606098	Marleix, Olivier	M	1971	
ParlaMint-FR-en_2020-02-24-O1163	ParlaMint-FR_2020-02-24-O1163.u339	Proceedings of the debates in plenary sitting of the Assemblée Nationale, sitting: 163, 24/02/2020	2020-02-24	Lower house	15e législature	session ordinaire 2019-2020 (CRSANR5L15S2020O1N163)	-	163. séance	-	COVID	English	Regular	notMP	notMinister	GDR	Gauche démocrate et républicaine	Opposition	Left	PA720692	Roussel, Fabien	M	1969	
ParlaMint-FR-en_2020-02-24-O1163	ParlaMint-FR_2020-02-24-O1163.u340	Proceedings of the debates in plenary sitting of the Assemblée Nationale, sitting: 163, 24/02/2020	2020-02-24	Lower house	15e législature	session ordinaire 2019-2020 (CRSANR5L15S2020O1N163)	-	163. séance	-	COVID	English	Regular	notMP	notMinister	LR	Les Républicains	Opposition	Centre-right	PA605991	Genevard, Annie	F	1956	
ParlaMint-FR-en_2020-02-24-O1163	ParlaMint-FR_2020-02-24-O1163.u341	Proceedings of the debates in plenary sitting of the Assemblée Nationale, sitting: 163, 24/02/2020	2020-02-24	Lower house	15e législature	session ordinaire 2019-2020 (CRSANR5L15S2020O1N163)	-	163. séance	-	COVID	English	Regular	notMP	notMinister	LAREM	La République en Marche	Coalition	Centre	PA721296	Gouffier Valente, Guillaume	M	1986	
ParlaMint-FR-en_2020-02-24-O1163	ParlaMint-FR_2020-02-24-O1163.u342	Proceedings of the debates in plenary sitting of the Assemblée Nationale, sitting: 163, 24/02/2020	2020-02-24	Lower house	15e législature	session ordinaire 2019-2020 (CRSANR5L15S2020O1N163)	-	163. séance	-	COVID	English	Regular	MP	notMinister	GDR	Gauche démocrate et républicaine	Opposition	Left	PA718720	Dufrègne, Jean-Paul	M	1958	
ParlaMint-FR-en_2020-02-24-O1163	ParlaMint-FR_2020-02-24-O1163.u343	Proceedings of the debates in plenary sitting of the Assemblée Nationale, sitting: 163, 24/02/2020	2020-02-24	Lower house	15e législature	session ordinaire 2019-2020 (CRSANR5L15S2020O1N163)	-	163. séance	-	COVID	English	Regular	notMP	notMinister	LAREM	La République en Marche	Coalition	Centre	PA721296	Gouffier Valente, Guillaume	M	1986	
ParlaMint-FR-en_2020-02-24-O1163	ParlaMint-FR_2020-02-24-O1163.u344	Proceedings of the debates in plenary sitting of the Assemblée Nationale, sitting: 163, 24/02/2020	2020-02-24	Lower house	15e législature	session ordinaire 2019-2020 (CRSANR5L15S2020O1N163)	-	163. séance	-	COVID	English	Regular	notMP	notMinister	GDR	Gauche démocrate et républicaine	Opposition	Left	PA720692	Roussel, Fabien	M	1969	
ParlaMint-FR-en_2020-02-24-O1163	ParlaMint-FR_2020-02-24-O1163.u345	Proceedings of the debates in plenary sitting of the Assemblée Nationale, sitting: 163, 24/02/2020	2020-02-24	Lower house	15e législature	session ordinaire 2019-2020 (CRSANR5L15S2020O1N163)	-	163. séance	-	COVID	English	Regular	notMP	notMinister	LAREM	La République en Marche	Coalition	Centre	PA721296	Gouffier Valente, Guillaume	M	1986	
ParlaMint-FR-en_2020-02-24-O1163	ParlaMint-FR_2020-02-24-O1163.u346	Proceedings of the debates in plenary sitting of the Assemblée Nationale, sitting: 163, 24/02/2020	2020-02-24	Lower house	15e législature	session ordinaire 2019-2020 (CRSANR5L15S2020O1N163)	-	163. séance	-	COVID	English	Regular	notMP	notMinister	GDR	Gauche démocrate et républicaine	Opposition	Left	PA720692	Roussel, Fabien	M	1969	
ParlaMint-FR-en_2020-02-24-O1163	ParlaMint-FR_2020-02-24-O1163.u347	Proceedings of the debates in plenary sitting of the Assemblée Nationale, sitting: 163, 24/02/2020	2020-02-24	Lower house	15e législature	session ordinaire 2019-2020 (CRSANR5L15S2020O1N163)	-	163. séance	-	COVID	English	Regular	notMP	notMinister	LAREM	La République en Marche	Coalition	Centre	PA721296	Gouffier Valente, Guillaume	M	1986	
ParlaMint-FR-en_2020-02-24-O1163	ParlaMint-FR_2020-02-24-O1163.u348	Proceedings of the debates in plenary sitting of the Assemblée Nationale, sitting: 163, 24/02/2020	2020-02-24	Lower house	15e législature	session ordinaire 2019-2020 (CRSANR5L15S2020O1N163)	-	163. séance	-	COVID	English	Regular	notMP	notMinister	LR	Les Républicains	Opposition	Centre-right	PA606098	Marleix, Olivier	M	1971	
ParlaMint-FR-en_2020-02-24-O1163	ParlaMint-FR_2020-02-24-O1163.u349	Proceedings of the debates in plenary sitting of the Assemblée Nationale, sitting: 163, 24/02/2020	2020-02-24	Lower house	15e législature	session ordinaire 2019-2020 (CRSANR5L15S2020O1N163)	-	163. séance	-	COVID	English	Regular	notMP	notMinister	LAREM	La République en Marche	Coalition	Centre	PA721296	Gouffier Valente, Guillaume	M	1986	
ParlaMint-FR-en_2020-02-24-O1163	ParlaMint-FR_2020-02-24-O1163.u350	Proceedings of the debates in plenary sitting of the Assemblée Nationale, sitting: 163, 24/02/2020	2020-02-24	Lower house	15e législature	session ordinaire 2019-2020 (CRSANR5L15S2020O1N163)	-	163. séance	-	COVID	English	Regular	notMP	notMinister	FI	La France insoumise	Opposition	Left to far-left	PA720846	Lachaud, Bastien	M	1980	
ParlaMint-FR-en_2020-02-24-O1163	ParlaMint-FR_2020-02-24-O1163.u351	Proceedings of the debates in plenary sitting of the Assemblée Nationale, sitting: 163, 24/02/2020	2020-02-24	Lower house	15e législature	session ordinaire 2019-2020 (CRSANR5L15S2020O1N163)	-	163. séance	-	COVID	English	Regular	notMP	notMinister	GDR	Gauche démocrate et républicaine	Opposition	Left	PA720692	Roussel, Fabien	M	1969	
ParlaMint-FR-en_2020-02-24-O1163	ParlaMint-FR_2020-02-24-O1163.u352	Proceedings of the debates in plenary sitting of the Assemblée Nationale, sitting: 163, 24/02/2020	2020-02-24	Lower house	15e législature	session ordinaire 2019-2020 (CRSANR5L15S2020O1N163)	-	163. séance	-	COVID	English	Regular	notMP	notMinister	LR	Les Républicains	Opposition	Centre-right	PA605991	Genevard, Annie	F	1956	
ParlaMint-FR-en_2020-02-24-O1163	ParlaMint-FR_2020-02-24-O1163.u353	Proceedings of the debates in plenary sitting of the Assemblée Nationale, sitting: 163, 24/02/2020	2020-02-24	Lower house	15e législature	session ordinaire 2019-2020 (CRSANR5L15S2020O1N163)	-	163. séance	-	COVID	English	Regular	notMP	notMinister	LAREM	La République en Marche	Coalition	Centre	PA721296	Gouffier Valente, Guillaume	M	1986	
ParlaMint-FR-en_2020-02-24-O1163	ParlaMint-FR_2020-02-24-O1163.u354	Proceedings of the debates in plenary sitting of the Assemblée Nationale, sitting: 163, 24/02/2020	2020-02-24	Lower house	15e législature	session ordinaire 2019-2020 (CRSANR5L15S2020O1N163)	-	163. séance	-	COVID	English	Regular	notMP	notMinister	GDR	Gauche démocrate et républicaine	Opposition	Left	PA722202	Jumel, Sébastien	M	1971	
ParlaMint-FR-en_2020-02-24-O1163	ParlaMint-FR_2020-02-24-O1163.u355	Proceedings of the debates in plenary sitting of the Assemblée Nationale, sitting: 163, 24/02/2020	2020-02-24	Lower house	15e législature	session ordinaire 2019-2020 (CRSANR5L15S2020O1N163)	-	163. séance	-	COVID	English	Regular	notMP	notMinister	GDR	Gauche démocrate et républicaine	Opposition	Left	PA720692	Roussel, Fabien	M	1969	
ParlaMint-FR-en_2020-02-24-O1163	ParlaMint-FR_2020-02-24-O1163.u356	Proceedings of the debates in plenary sitting of the Assemblée Nationale, sitting: 163, 24/02/2020	2020-02-24	Lower house	15e législature	session ordinaire 2019-2020 (CRSANR5L15S2020O1N163)	-	163. séance	-	COVID	English	Regular	notMP	notMinister	LAREM	La République en Marche	Coalition	Centre	PA721296	Gouffier Valente, Guillaume	M	1986	
ParlaMint-FR-en_2020-02-24-O1163	ParlaMint-FR_2020-02-24-O1163.u357	Proceedings of the debates in plenary sitting of the Assemblée Nationale, sitting: 163, 24/02/2020	2020-02-24	Lower house	15e législature	session ordinaire 2019-2020 (CRSANR5L15S2020O1N163)	-	163. séance	-	COVID	English	Regular	notMP	notMinister	GDR	Gauche démocrate et républicaine	Opposition	Left	PA720692	Roussel, Fabien	M	1969	
ParlaMint-FR-en_2020-02-24-O1163	ParlaMint-FR_2020-02-24-O1163.u358	Proceedings of the debates in plenary sitting of the Assemblée Nationale, sitting: 163, 24/02/2020	2020-02-24	Lower house	15e législature	session ordinaire 2019-2020 (CRSANR5L15S2020O1N163)	-	163. séance	-	COVID	English	Regular	notMP	notMinister	LAREM	La République en Marche	Coalition	Centre	PA721296	Gouffier Valente, Guillaume	M	1986	
ParlaMint-FR-en_2020-02-24-O1163	ParlaMint-FR_2020-02-24-O1163.u359	Proceedings of the debates in plenary sitting of the Assemblée Nationale, sitting: 163, 24/02/2020	2020-02-24	Lower house	15e législature	session ordinaire 2019-2020 (CRSANR5L15S2020O1N163)	-	163. séance	-	COVID	English	Regular	notMP	notMinister	GDR	Gauche démocrate et républicaine	Opposition	Left	PA720692	Roussel, Fabien	M	1969	
ParlaMint-FR-en_2020-02-24-O1163	ParlaMint-FR_2020-02-24-O1163.u360	Proceedings of the debates in plenary sitting of the Assemblée Nationale, sitting: 163, 24/02/2020	2020-02-24	Lower house	15e législature	session ordinaire 2019-2020 (CRSANR5L15S2020O1N163)	-	163. séance	-	COVID	English	Regular	notMP	notMinister	LR	Les Républicains	Opposition	Centre-right	PA605991	Genevard, Annie	F	1956	
ParlaMint-FR-en_2020-02-24-O1163	ParlaMint-FR_2020-02-24-O1163.u361	Proceedings of the debates in plenary sitting of the Assemblée Nationale, sitting: 163, 24/02/2020	2020-02-24	Lower house	15e législature	session ordinaire 2019-2020 (CRSANR5L15S2020O1N163)	-	163. séance	-	COVID	English	Regular	notMP	notMinister	LAREM	La République en Marche	Coalition	Centre	PA721296	Gouffier Valente, Guillaume	M	1986	
ParlaMint-FR-en_2020-02-24-O1163	ParlaMint-FR_2020-02-24-O1163.u362	Proceedings of the debates in plenary sitting of the Assemblée Nationale, sitting: 163, 24/02/2020	2020-02-24	Lower house	15e législature	session ordinaire 2019-2020 (CRSANR5L15S2020O1N163)	-	163. séance	-	COVID	English	Regular	notMP	notMinister	GDR	Gauche démocrate et républicaine	Opposition	Left	PA722202	Jumel, Sébastien	M	1971	
ParlaMint-FR-en_2020-02-24-O1163	ParlaMint-FR_2020-02-24-O1163.u363	Proceedings of the debates in plenary sitting of the Assemblée Nationale, sitting: 163, 24/02/2020	2020-02-24	Lower house	15e législature	session ordinaire 2019-2020 (CRSANR5L15S2020O1N163)	-	163. séance	-	COVID	English	Regular	notMP	notMinister	LAREM	La République en Marche	Coalition	Centre	PA721296	Gouffier Valente, Guillaume	M	1986	
ParlaMint-FR-en_2020-02-24-O1163	ParlaMint-FR_2020-02-24-O1163.u364	Proceedings of the debates in plenary sitting of the Assemblée Nationale, sitting: 163, 24/02/2020	2020-02-24	Lower house	15e législature	session ordinaire 2019-2020 (CRSANR5L15S2020O1N163)	-	163. séance	-	COVID	English	Regular	notMP	notMinister	GDR	Gauche démocrate et républicaine	Opposition	Left	PA722202	Jumel, Sébastien	M	1971	
ParlaMint-FR-en_2020-02-24-O1163	ParlaMint-FR_2020-02-24-O1163.u365	Proceedings of the debates in plenary sitting of the Assemblée Nationale, sitting: 163, 24/02/2020	2020-02-24	Lower house	15e législature	session ordinaire 2019-2020 (CRSANR5L15S2020O1N163)	-	163. séance	-	COVID	English	Regular	notMP	notMinister	GDR	Gauche démocrate et républicaine	Opposition	Left	PA720692	Roussel, Fabien	M	1969	
ParlaMint-FR-en_2020-02-24-O1163	ParlaMint-FR_2020-02-24-O1163.u366	Proceedings of the debates in plenary sitting of the Assemblée Nationale, sitting: 163, 24/02/2020	2020-02-24	Lower house	15e législature	session ordinaire 2019-2020 (CRSANR5L15S2020O1N163)	-	163. séance	-	COVID	English	Regular	MP	notMinister	LR	Les Républicains	Opposition	Centre-right	PA1874	Le Fur, Marc	M	1956	
ParlaMint-FR-en_2020-02-24-O1163	ParlaMint-FR_2020-02-24-O1163.u367	Proceedings of the debates in plenary sitting of the Assemblée Nationale, sitting: 163, 24/02/2020	2020-02-24	Lower house	15e législature	session ordinaire 2019-2020 (CRSANR5L15S2020O1N163)	-	163. séance	-	COVID	English	Regular	notMP	notMinister	-	-	-	-	PA718850	Cordier, Pierre	M	1972	
ParlaMint-FR-en_2020-02-24-O1163	ParlaMint-FR_2020-02-24-O1163.u368	Proceedings of the debates in plenary sitting of the Assemblée Nationale, sitting: 163, 24/02/2020	2020-02-24	Lower house	15e législature	session ordinaire 2019-2020 (CRSANR5L15S2020O1N163)	-	163. séance	-	COVID	English	Regular	notMP	notMinister	LR	Les Républicains	Opposition	Centre-right	PA605991	Genevard, Annie	F	1956	
ParlaMint-FR-en_2020-02-24-O1163	ParlaMint-FR_2020-02-24-O1163.u369	Proceedings of the debates in plenary sitting of the Assemblée Nationale, sitting: 163, 24/02/2020	2020-02-24	Lower house	15e législature	session ordinaire 2019-2020 (CRSANR5L15S2020O1N163)	-	163. séance	-	COVID	English	Regular	notMP	notMinister	-	-	-	-	PA720512	Pietraszewski, Laurent	M	1966	
ParlaMint-FR-en_2020-02-24-O1163	ParlaMint-FR_2020-02-24-O1163.u370	Proceedings of the debates in plenary sitting of the Assemblée Nationale, sitting: 163, 24/02/2020	2020-02-24	Lower house	15e législature	session ordinaire 2019-2020 (CRSANR5L15S2020O1N163)	-	163. séance	-	COVID	English	Regular	notMP	notMinister	SOC	Socialistes et apparentés	-	Centre-left to left	PA609332	Faure, Olivier	M	1968	
ParlaMint-FR-en_2020-02-24-O1163	ParlaMint-FR_2020-02-24-O1163.u371	Proceedings of the debates in plenary sitting of the Assemblée Nationale, sitting: 163, 24/02/2020	2020-02-24	Lower house	15e législature	session ordinaire 2019-2020 (CRSANR5L15S2020O1N163)	-	163. séance	-	COVID	English	Regular	notMP	notMinister	-	-	-	-	PA720512	Pietraszewski, Laurent	M	1966	
ParlaMint-FR-en_2020-02-24-O1163	ParlaMint-FR_2020-02-24-O1163.u372	Proceedings of the debates in plenary sitting of the Assemblée Nationale, sitting: 163, 24/02/2020	2020-02-24	Lower house	15e législature	session ordinaire 2019-2020 (CRSANR5L15S2020O1N163)	-	163. séance	-	COVID	English	Regular	notMP	notMinister	GDR	Gauche démocrate et républicaine	Opposition	Left	PA722202	Jumel, Sébastien	M	1971	
ParlaMint-FR-en_2020-02-24-O1163	ParlaMint-FR_2020-02-24-O1163.u373	Proceedings of the debates in plenary sitting of the Assemblée Nationale, sitting: 163, 24/02/2020	2020-02-24	Lower house	15e législature	session ordinaire 2019-2020 (CRSANR5L15S2020O1N163)	-	163. séance	-	COVID	English	Regular	MP	notMinister	LR	Les Républicains	Opposition	Centre-right	PA1874	Le Fur, Marc	M	1956	
ParlaMint-FR-en_2020-02-24-O1163	ParlaMint-FR_2020-02-24-O1163.u374	Proceedings of the debates in plenary sitting of the Assemblée Nationale, sitting: 163, 24/02/2020	2020-02-24	Lower house	15e législature	session ordinaire 2019-2020 (CRSANR5L15S2020O1N163)	-	163. séance	-	COVID	English	Regular	notMP	notMinister	-	-	-	-	PA720512	Pietraszewski, Laurent	M	1966	
ParlaMint-FR-en_2020-02-24-O1163	ParlaMint-FR_2020-02-24-O1163.u375	Proceedings of the debates in plenary sitting of the Assemblée Nationale, sitting: 163, 24/02/2020	2020-02-24	Lower house	15e législature	session ordinaire 2019-2020 (CRSANR5L15S2020O1N163)	-	163. séance	-	COVID	English	Regular	notMP	notMinister	SOC	Socialistes et apparentés	-	Centre-left to left	PA719930	Vallaud, Boris	M	1975	
ParlaMint-FR-en_2020-02-24-O1163	ParlaMint-FR_2020-02-24-O1163.u376	Proceedings of the debates in plenary sitting of the Assemblée Nationale, sitting: 163, 24/02/2020	2020-02-24	Lower house	15e législature	session ordinaire 2019-2020 (CRSANR5L15S2020O1N163)	-	163. séance	-	COVID	English	Regular	notMP	notMinister	SOC	Socialistes et apparentés	-	Centre-left to left	PA609332	Faure, Olivier	M	1968	
ParlaMint-FR-en_2020-02-24-O1163	ParlaMint-FR_2020-02-24-O1163.u377	Proceedings of the debates in plenary sitting of the Assemblée Nationale, sitting: 163, 24/02/2020	2020-02-24	Lower house	15e législature	session ordinaire 2019-2020 (CRSANR5L15S2020O1N163)	-	163. séance	-	COVID	English	Regular	notMP	notMinister	-	-	-	-	PA720512	Pietraszewski, Laurent	M	1966	
ParlaMint-FR-en_2020-02-24-O1163	ParlaMint-FR_2020-02-24-O1163.u378	Proceedings of the debates in plenary sitting of the Assemblée Nationale, sitting: 163, 24/02/2020	2020-02-24	Lower house	15e législature	session ordinaire 2019-2020 (CRSANR5L15S2020O1N163)	-	163. séance	-	COVID	English	Regular	notMP	notMinister	FI	La France insoumise	Opposition	Left to far-left	PA720846	Lachaud, Bastien	M	1980	
ParlaMint-FR-en_2020-02-24-O1163	ParlaMint-FR_2020-02-24-O1163.u379	Proceedings of the debates in plenary sitting of the Assemblée Nationale, sitting: 163, 24/02/2020	2020-02-24	Lower house	15e législature	session ordinaire 2019-2020 (CRSANR5L15S2020O1N163)	-	163. séance	-	COVID	English	Regular	notMP	notMinister	-	-	-	-	PA720512	Pietraszewski, Laurent	M	1966	
ParlaMint-FR-en_2020-02-24-O1163	ParlaMint-FR_2020-02-24-O1163.u380	Proceedings of the debates in plenary sitting of the Assemblée Nationale, sitting: 163, 24/02/2020	2020-02-24	Lower house	15e législature	session ordinaire 2019-2020 (CRSANR5L15S2020O1N163)	-	163. séance	-	COVID	English	Regular	notMP	notMinister	GDR	Gauche démocrate et républicaine	Opposition	Left	PA720692	Roussel, Fabien	M	1969	
ParlaMint-FR-en_2020-02-24-O1163	ParlaMint-FR_2020-02-24-O1163.u381	Proceedings of the debates in plenary sitting of the Assemblée Nationale, sitting: 163, 24/02/2020	2020-02-24	Lower house	15e législature	session ordinaire 2019-2020 (CRSANR5L15S2020O1N163)	-	163. séance	-	COVID	English	Regular	notMP	notMinister	-	-	-	-	PA720512	Pietraszewski, Laurent	M	1966	
ParlaMint-FR-en_2020-02-24-O1163	ParlaMint-FR_2020-02-24-O1163.u382	Proceedings of the debates in plenary sitting of the Assemblée Nationale, sitting: 163, 24/02/2020	2020-02-24	Lower house	15e législature	session ordinaire 2019-2020 (CRSANR5L15S2020O1N163)	-	163. séance	-	COVID	English	Regular	MP	notMinister	LR	Les Républicains	Opposition	Centre-right	PA1874	Le Fur, Marc	M	1956	
ParlaMint-FR-en_2020-02-24-O1163	ParlaMint-FR_2020-02-24-O1163.u383	Proceedings of the debates in plenary sitting of the Assemblée Nationale, sitting: 163, 24/02/2020	2020-02-24	Lower house	15e législature	session ordinaire 2019-2020 (CRSANR5L15S2020O1N163)	-	163. séance	-	COVID	English	Regular	notMP	notMinister	-	-	-	-	PA720512	Pietraszewski, Laurent	M	1966	
ParlaMint-FR-en_2020-02-24-O1163	ParlaMint-FR_2020-02-24-O1163.u384	Proceedings of the debates in plenary sitting of the Assemblée Nationale, sitting: 163, 24/02/2020	2020-02-24	Lower house	15e législature	session ordinaire 2019-2020 (CRSANR5L15S2020O1N163)	-	163. séance	-	COVID	English	Regular	MP	notMinister	LR	Les Républicains	Opposition	Centre-right	PA1874	Le Fur, Marc	M	1956	
ParlaMint-FR-en_2020-02-24-O1163	ParlaMint-FR_2020-02-24-O1163.u385	Proceedings of the debates in plenary sitting of the Assemblée Nationale, sitting: 163, 24/02/2020	2020-02-24	Lower house	15e législature	session ordinaire 2019-2020 (CRSANR5L15S2020O1N163)	-	163. séance	-	COVID	English	Regular	notMP	notMinister	-	-	-	-	PA720512	Pietraszewski, Laurent	M	1966	
ParlaMint-FR-en_2020-02-24-O1163	ParlaMint-FR_2020-02-24-O1163.u386	Proceedings of the debates in plenary sitting of the Assemblée Nationale, sitting: 163, 24/02/2020	2020-02-24	Lower house	15e législature	session ordinaire 2019-2020 (CRSANR5L15S2020O1N163)	-	163. séance	-	COVID	English	Regular	notMP	notMinister	GDR	Gauche démocrate et républicaine	Opposition	Left	PA722202	Jumel, Sébastien	M	1971	
ParlaMint-FR-en_2020-02-24-O1163	ParlaMint-FR_2020-02-24-O1163.u387	Proceedings of the debates in plenary sitting of the Assemblée Nationale, sitting: 163, 24/02/2020	2020-02-24	Lower house	15e législature	session ordinaire 2019-2020 (CRSANR5L15S2020O1N163)	-	163. séance	-	COVID	English	Regular	MP	notMinister	LR	Les Républicains	Opposition	Centre-right	PA1874	Le Fur, Marc	M	1956	
ParlaMint-FR-en_2020-02-24-O1163	ParlaMint-FR_2020-02-24-O1163.u388	Proceedings of the debates in plenary sitting of the Assemblée Nationale, sitting: 163, 24/02/2020	2020-02-24	Lower house	15e législature	session ordinaire 2019-2020 (CRSANR5L15S2020O1N163)	-	163. séance	-	COVID	English	Regular	notMP	notMinister	LR	Les Républicains	Opposition	Centre-right	PA605991	Genevard, Annie	F	1956	
ParlaMint-FR-en_2020-02-24-O1163	ParlaMint-FR_2020-02-24-O1163.u389	Proceedings of the debates in plenary sitting of the Assemblée Nationale, sitting: 163, 24/02/2020	2020-02-24	Lower house	15e législature	session ordinaire 2019-2020 (CRSANR5L15S2020O1N163)	-	163. séance	-	COVID	English	Regular	notMP	notMinister	LAREM	La République en Marche	Coalition	Centre	PA720900	Rilhac, Cécile	F	1974	
ParlaMint-FR-en_2020-02-24-O1163	ParlaMint-FR_2020-02-24-O1163.u390	Proceedings of the debates in plenary sitting of the Assemblée Nationale, sitting: 163, 24/02/2020	2020-02-24	Lower house	15e législature	session ordinaire 2019-2020 (CRSANR5L15S2020O1N163)	-	163. séance	-	COVID	English	Regular	notMP	notMinister	LR	Les Républicains	Opposition	Centre-right	PA605991	Genevard, Annie	F	1956	
ParlaMint-FR-en_2020-02-24-O1163	ParlaMint-FR_2020-02-24-O1163.u391	Proceedings of the debates in plenary sitting of the Assemblée Nationale, sitting: 163, 24/02/2020	2020-02-24	Lower house	15e législature	session ordinaire 2019-2020 (CRSANR5L15S2020O1N163)	-	163. séance	-	COVID	English	Regular	notMP	notMinister	LR	Les Républicains	Opposition	Centre-right	PA332523	Dalloz, Marie-Christine	F	1958	
ParlaMint-FR-en_2020-02-24-O1163	ParlaMint-FR_2020-02-24-O1163.u392	Proceedings of the debates in plenary sitting of the Assemblée Nationale, sitting: 163, 24/02/2020	2020-02-24	Lower house	15e législature	session ordinaire 2019-2020 (CRSANR5L15S2020O1N163)	-	163. séance	-	COVID	English	Regular	notMP	notMinister	LR	Les Républicains	Opposition	Centre-right	PA606098	Marleix, Olivier	M	1971	
ParlaMint-FR-en_2020-02-24-O1163	ParlaMint-FR_2020-02-24-O1163.u393	Proceedings of the debates in plenary sitting of the Assemblée Nationale, sitting: 163, 24/02/2020	2020-02-24	Lower house	15e législature	session ordinaire 2019-2020 (CRSANR5L15S2020O1N163)	-	163. séance	-	COVID	English	Regular	notMP	notMinister	LR	Les Républicains	Opposition	Centre-right	PA332523	Dalloz, Marie-Christine	F	1958	
ParlaMint-FR-en_2020-02-24-O1163	ParlaMint-FR_2020-02-24-O1163.u394	Proceedings of the debates in plenary sitting of the Assemblée Nationale, sitting: 163, 24/02/2020	2020-02-24	Lower house	15e législature	session ordinaire 2019-2020 (CRSANR5L15S2020O1N163)	-	163. séance	-	COVID	English	Regular	notMP	notMinister	SOC	Socialistes et apparentés	-	Centre-left to left	PA719930	Vallaud, Boris	M	1975	
ParlaMint-FR-en_2020-02-24-O1163	ParlaMint-FR_2020-02-24-O1163.u395	Proceedings of the debates in plenary sitting of the Assemblée Nationale, sitting: 163, 24/02/2020	2020-02-24	Lower house	15e législature	session ordinaire 2019-2020 (CRSANR5L15S2020O1N163)	-	163. séance	-	COVID	English	Regular	notMP	notMinister	LR	Les Républicains	Opposition	Centre-right	PA332523	Dalloz, Marie-Christine	F	1958	
ParlaMint-FR-en_2020-02-24-O1163	ParlaMint-FR_2020-02-24-O1163.u396	Proceedings of the debates in plenary sitting of the Assemblée Nationale, sitting: 163, 24/02/2020	2020-02-24	Lower house	15e législature	session ordinaire 2019-2020 (CRSANR5L15S2020O1N163)	-	163. séance	-	COVID	English	Regular	notMP	notMinister	LR	Les Républicains	Opposition	Centre-right	PA605991	Genevard, Annie	F	1956	
ParlaMint-FR-en_2020-02-24-O1163	ParlaMint-FR_2020-02-24-O1163.u397	Proceedings of the debates in plenary sitting of the Assemblée Nationale, sitting: 163, 24/02/2020	2020-02-24	Lower house	15e législature	session ordinaire 2019-2020 (CRSANR5L15S2020O1N163)	-	163. séance	-	COVID	English	Regular	notMP	notMinister	GDR	Gauche démocrate et républicaine	Opposition	Left	PA720692	Roussel, Fabien	M	1969	
ParlaMint-FR-en_2020-02-24-O1163	ParlaMint-FR_2020-02-24-O1163.u398	Proceedings of the debates in plenary sitting of the Assemblée Nationale, sitting: 163, 24/02/2020	2020-02-24	Lower house	15e législature	session ordinaire 2019-2020 (CRSANR5L15S2020O1N163)	-	163. séance	-	COVID	English	Regular	notMP	notMinister	LR	Les Républicains	Opposition	Centre-right	PA605991	Genevard, Annie	F	1956	
ParlaMint-FR-en_2020-02-24-O1163	ParlaMint-FR_2020-02-24-O1163.u399	Proceedings of the debates in plenary sitting of the Assemblée Nationale, sitting: 163, 24/02/2020	2020-02-24	Lower house	15e législature	session ordinaire 2019-2020 (CRSANR5L15S2020O1N163)	-	163. séance	-	COVID	English	Regular	MP	notMinister	LAREM	La République en Marche	Coalition	Centre	PA721218	Charrière, Sylvie	F	1961	
ParlaMint-FR-en_2020-02-24-O1163	ParlaMint-FR_2020-02-24-O1163.u400	Proceedings of the debates in plenary sitting of the Assemblée Nationale, sitting: 163, 24/02/2020	2020-02-24	Lower house	15e législature	session ordinaire 2019-2020 (CRSANR5L15S2020O1N163)	-	163. séance	-	COVID	English	Regular	notMP	notMinister	GDR	Gauche démocrate et républicaine	Opposition	Left	PA720692	Roussel, Fabien	M	1969	
ParlaMint-FR-en_2020-02-24-O1163	ParlaMint-FR_2020-02-24-O1163.u401	Proceedings of the debates in plenary sitting of the Assemblée Nationale, sitting: 163, 24/02/2020	2020-02-24	Lower house	15e législature	session ordinaire 2019-2020 (CRSANR5L15S2020O1N163)	-	163. séance	-	COVID	English	Regular	MP	notMinister	LAREM	La République en Marche	Coalition	Centre	PA721218	Charrière, Sylvie	F	1961	
ParlaMint-FR-en_2020-02-24-O1163	ParlaMint-FR_2020-02-24-O1163.u402	Proceedings of the debates in plenary sitting of the Assemblée Nationale, sitting: 163, 24/02/2020	2020-02-24	Lower house	15e législature	session ordinaire 2019-2020 (CRSANR5L15S2020O1N163)	-	163. séance	-	COVID	English	Regular	notMP	notMinister	LR	Les Républicains	Opposition	Centre-right	PA642847	Bazin, Thibault	M	1984	
ParlaMint-FR-en_2020-02-24-O1163	ParlaMint-FR_2020-02-24-O1163.u403	Proceedings of the debates in plenary sitting of the Assemblée Nationale, sitting: 163, 24/02/2020	2020-02-24	Lower house	15e législature	session ordinaire 2019-2020 (CRSANR5L15S2020O1N163)	-	163. séance	-	COVID	English	Regular	MP	notMinister	LAREM	La République en Marche	Coalition	Centre	PA721218	Charrière, Sylvie	F	1961	
ParlaMint-FR-en_2020-02-24-O1163	ParlaMint-FR_2020-02-24-O1163.u404	Proceedings of the debates in plenary sitting of the Assemblée Nationale, sitting: 163, 24/02/2020	2020-02-24	Lower house	15e législature	session ordinaire 2019-2020 (CRSANR5L15S2020O1N163)	-	163. séance	-	COVID	English	Regular	notMP	notMinister	SOC	Socialistes et apparentés	-	Centre-left to left	PA609332	Faure, Olivier	M	1968	
ParlaMint-FR-en_2020-02-24-O1163	ParlaMint-FR_2020-02-24-O1163.u405	Proceedings of the debates in plenary sitting of the Assemblée Nationale, sitting: 163, 24/02/2020	2020-02-24	Lower house	15e législature	session ordinaire 2019-2020 (CRSANR5L15S2020O1N163)	-	163. séance	-	COVID	English	Regular	MP	notMinister	LR	Les Républicains	Opposition	Centre-right	PA267289	Door, Jean-Pierre	M	1942	
ParlaMint-FR-en_2020-02-24-O1163	ParlaMint-FR_2020-02-24-O1163.u406	Proceedings of the debates in plenary sitting of the Assemblée Nationale, sitting: 163, 24/02/2020	2020-02-24	Lower house	15e législature	session ordinaire 2019-2020 (CRSANR5L15S2020O1N163)	-	163. séance	-	COVID	English	Regular	notMP	notMinister	LR	Les Républicains	Opposition	Centre-right	PA606098	Marleix, Olivier	M	1971	
ParlaMint-FR-en_2020-02-24-O1163	ParlaMint-FR_2020-02-24-O1163.u407	Proceedings of the debates in plenary sitting of the Assemblée Nationale, sitting: 163, 24/02/2020	2020-02-24	Lower house	15e législature	session ordinaire 2019-2020 (CRSANR5L15S2020O1N163)	-	163. séance	-	COVID	English	Regular	notMP	notMinister	LR	Les Républicains	Opposition	Centre-right	PA605991	Genevard, Annie	F	1956	
ParlaMint-FR-en_2020-02-24-O1163	ParlaMint-FR_2020-02-24-O1163.u408	Proceedings of the debates in plenary sitting of the Assemblée Nationale, sitting: 163, 24/02/2020	2020-02-24	Lower house	15e législature	session ordinaire 2019-2020 (CRSANR5L15S2020O1N163)	-	163. séance	-	COVID	English	Regular	MP	notMinister	FI	La France insoumise	Opposition	Left to far-left	PA2150	Mélenchon, Jean-Luc	M	1951	
ParlaMint-FR-en_2020-02-24-O1163	ParlaMint-FR_2020-02-24-O1163.u409	Proceedings of the debates in plenary sitting of the Assemblée Nationale, sitting: 163, 24/02/2020	2020-02-24	Lower house	15e législature	session ordinaire 2019-2020 (CRSANR5L15S2020O1N163)	-	163. séance	-	COVID	English	Regular	MP	notMinister	LAREM	La République en Marche	Coalition	Centre	PA721134	Lescure, Roland	M	1966	
ParlaMint-FR-en_2020-02-24-O1163	ParlaMint-FR_2020-02-24-O1163.u410	Proceedings of the debates in plenary sitting of the Assemblée Nationale, sitting: 163, 24/02/2020	2020-02-24	Lower house	15e législature	session ordinaire 2019-2020 (CRSANR5L15S2020O1N163)	-	163. séance	-	COVID	English	Regular	MP	notMinister	LAREM	La République en Marche	Coalition	Centre	PA719170	Charvier, Fannette	F	1984	
ParlaMint-FR-en_2020-02-24-O1163	ParlaMint-FR_2020-02-24-O1163.u411	Proceedings of the debates in plenary sitting of the Assemblée Nationale, sitting: 163, 24/02/2020	2020-02-24	Lower house	15e législature	session ordinaire 2019-2020 (CRSANR5L15S2020O1N163)	-	163. séance	-	COVID	English	Guest	-	-	-	-	-	-	-	-	-	-
ParlaMint-FR-en_2020-02-24-O1163	ParlaMint-FR_2020-02-24-O1163.u412	Proceedings of the debates in plenary sitting of the Assemblée Nationale, sitting: 163, 24/02/2020	2020-02-24	Lower house	15e législature	session ordinaire 2019-2020 (CRSANR5L15S2020O1N163)	-	163. séance	-	COVID	English	Regular	MP	notMinister	FI	La France insoumise	Opposition	Left to far-left	PA2150	Mélenchon, Jean-Luc	M	1951	
ParlaMint-FR-en_2020-02-24-O1163	ParlaMint-FR_2020-02-24-O1163.u413	Proceedings of the debates in plenary sitting of the Assemblée Nationale, sitting: 163, 24/02/2020	2020-02-24	Lower house	15e législature	session ordinaire 2019-2020 (CRSANR5L15S2020O1N163)	-	163. séance	-	COVID	English	Regular	MP	notMinister	LAREM	La République en Marche	Coalition	Centre	PA721134	Lescure, Roland	M	1966	
ParlaMint-FR-en_2020-02-24-O1163	ParlaMint-FR_2020-02-24-O1163.u414	Proceedings of the debates in plenary sitting of the Assemblée Nationale, sitting: 163, 24/02/2020	2020-02-24	Lower house	15e législature	session ordinaire 2019-2020 (CRSANR5L15S2020O1N163)	-	163. séance	-	COVID	English	Regular	notMP	notMinister	LR	Les Républicains	Opposition	Centre-right	PA606098	Marleix, Olivier	M	1971	
ParlaMint-FR-en_2020-02-24-O1163	ParlaMint-FR_2020-02-24-O1163.u415	Proceedings of the debates in plenary sitting of the Assemblée Nationale, sitting: 163, 24/02/2020	2020-02-24	Lower house	15e législature	session ordinaire 2019-2020 (CRSANR5L15S2020O1N163)	-	163. séance	-	COVID	English	Regular	MP	notMinister	FI	La France insoumise	Opposition	Left to far-left	PA2150	Mélenchon, Jean-Luc	M	1951	
ParlaMint-FR-en_2020-02-24-O1163	ParlaMint-FR_2020-02-24-O1163.u416	Proceedings of the debates in plenary sitting of the Assemblée Nationale, sitting: 163, 24/02/2020	2020-02-24	Lower house	15e législature	session ordinaire 2019-2020 (CRSANR5L15S2020O1N163)	-	163. séance	-	COVID	English	Regular	notMP	notMinister	LR	Les Républicains	Opposition	Centre-right	PA605991	Genevard, Annie	F	1956	
ParlaMint-FR-en_2020-02-24-O1163	ParlaMint-FR_2020-02-24-O1163.u417	Proceedings of the debates in plenary sitting of the Assemblée Nationale, sitting: 163, 24/02/2020	2020-02-24	Lower house	15e législature	session ordinaire 2019-2020 (CRSANR5L15S2020O1N163)	-	163. séance	-	COVID	English	Regular	notMP	notMinister	SOC	Socialistes et apparentés	-	Centre-left to left	PA719930	Vallaud, Boris	M	1975	
ParlaMint-FR-en_2020-02-24-O1163	ParlaMint-FR_2020-02-24-O1163.u418	Proceedings of the debates in plenary sitting of the Assemblée Nationale, sitting: 163, 24/02/2020	2020-02-24	Lower house	15e législature	session ordinaire 2019-2020 (CRSANR5L15S2020O1N163)	-	163. séance	-	COVID	English	Regular	notMP	notMinister	GDR	Gauche démocrate et républicaine	Opposition	Left	PA720692	Roussel, Fabien	M	1969	
ParlaMint-FR-en_2020-02-24-O1163	ParlaMint-FR_2020-02-24-O1163.u419	Proceedings of the debates in plenary sitting of the Assemblée Nationale, sitting: 163, 24/02/2020	2020-02-24	Lower house	15e législature	session ordinaire 2019-2020 (CRSANR5L15S2020O1N163)	-	163. séance	-	COVID	English	Regular	MP	notMinister	LAREM	La République en Marche	Coalition	Centre	PA721764	Grégoire, Olivia	F	1978	
ParlaMint-FR-en_2020-02-24-O1163	ParlaMint-FR_2020-02-24-O1163.u420	Proceedings of the debates in plenary sitting of the Assemblée Nationale, sitting: 163, 24/02/2020	2020-02-24	Lower house	15e législature	session ordinaire 2019-2020 (CRSANR5L15S2020O1N163)	-	163. séance	-	COVID	English	Regular	notMP	notMinister	SOC	Socialistes et apparentés	-	Centre-left to left	PA719930	Vallaud, Boris	M	1975	
ParlaMint-FR-en_2020-02-24-O1163	ParlaMint-FR_2020-02-24-O1163.u421	Proceedings of the debates in plenary sitting of the Assemblée Nationale, sitting: 163, 24/02/2020	2020-02-24	Lower house	15e législature	session ordinaire 2019-2020 (CRSANR5L15S2020O1N163)	-	163. séance	-	COVID	English	Regular	MP	notMinister	LAREM	La République en Marche	Coalition	Centre	PA721764	Grégoire, Olivia	F	1978	
ParlaMint-FR-en_2020-02-24-O1163	ParlaMint-FR_2020-02-24-O1163.u422	Proceedings of the debates in plenary sitting of the Assemblée Nationale, sitting: 163, 24/02/2020	2020-02-24	Lower house	15e législature	session ordinaire 2019-2020 (CRSANR5L15S2020O1N163)	-	163. séance	-	COVID	English	Regular	notMP	notMinister	SOC	Socialistes et apparentés	-	Centre-left to left	PA719930	Vallaud, Boris	M	1975	
ParlaMint-FR-en_2020-02-24-O1163	ParlaMint-FR_2020-02-24-O1163.u423	Proceedings of the debates in plenary sitting of the Assemblée Nationale, sitting: 163, 24/02/2020	2020-02-24	Lower house	15e législature	session ordinaire 2019-2020 (CRSANR5L15S2020O1N163)	-	163. séance	-	COVID	English	Regular	MP	notMinister	LAREM	La République en Marche	Coalition	Centre	PA721134	Lescure, Roland	M	1966	
ParlaMint-FR-en_2020-02-24-O1163	ParlaMint-FR_2020-02-24-O1163.u424	Proceedings of the debates in plenary sitting of the Assemblée Nationale, sitting: 163, 24/02/2020	2020-02-24	Lower house	15e législature	session ordinaire 2019-2020 (CRSANR5L15S2020O1N163)	-	163. séance	-	COVID	English	Regular	notMP	notMinister	SOC	Socialistes et apparentés	-	Centre-left to left	PA719930	Vallaud, Boris	M	1975	
ParlaMint-FR-en_2020-02-24-O1163	ParlaMint-FR_2020-02-24-O1163.u425	Proceedings of the debates in plenary sitting of the Assemblée Nationale, sitting: 163, 24/02/2020	2020-02-24	Lower house	15e législature	session ordinaire 2019-2020 (CRSANR5L15S2020O1N163)	-	163. séance	-	COVID	English	Regular	MP	notMinister	LR	Les Républicains	Opposition	Centre-right	PA1874	Le Fur, Marc	M	1956	
ParlaMint-FR-en_2020-02-24-O1163	ParlaMint-FR_2020-02-24-O1163.u426	Proceedings of the debates in plenary sitting of the Assemblée Nationale, sitting: 163, 24/02/2020	2020-02-24	Lower house	15e législature	session ordinaire 2019-2020 (CRSANR5L15S2020O1N163)	-	163. séance	-	COVID	English	Regular	notMP	notMinister	SOC	Socialistes et apparentés	-	Centre-left to left	PA719930	Vallaud, Boris	M	1975	
ParlaMint-FR-en_2020-02-24-O1163	ParlaMint-FR_2020-02-24-O1163.u427	Proceedings of the debates in plenary sitting of the Assemblée Nationale, sitting: 163, 24/02/2020	2020-02-24	Lower house	15e législature	session ordinaire 2019-2020 (CRSANR5L15S2020O1N163)	-	163. séance	-	COVID	English	Regular	MP	notMinister	LAREM	La République en Marche	Coalition	Centre	PA721134	Lescure, Roland	M	1966	
ParlaMint-FR-en_2020-02-24-O1163	ParlaMint-FR_2020-02-24-O1163.u428	Proceedings of the debates in plenary sitting of the Assemblée Nationale, sitting: 163, 24/02/2020	2020-02-24	Lower house	15e législature	session ordinaire 2019-2020 (CRSANR5L15S2020O1N163)	-	163. séance	-	COVID	English	Regular	notMP	notMinister	LR	Les Républicains	Opposition	Centre-right	PA605991	Genevard, Annie	F	1956	
ParlaMint-FR-en_2020-02-24-O1163	ParlaMint-FR_2020-02-24-O1163.u429	Proceedings of the debates in plenary sitting of the Assemblée Nationale, sitting: 163, 24/02/2020	2020-02-24	Lower house	15e législature	session ordinaire 2019-2020 (CRSANR5L15S2020O1N163)	-	163. séance	-	COVID	English	Regular	MP	notMinister	MODEM	Mouvement Démocrate et apparentés	Coalition	Centre to centre-right	PA721418	Mignola, Patrick	M	1971	
ParlaMint-FR-en_2020-02-24-O1163	ParlaMint-FR_2020-02-24-O1163.u430	Proceedings of the debates in plenary sitting of the Assemblée Nationale, sitting: 163, 24/02/2020	2020-02-24	Lower house	15e législature	session ordinaire 2019-2020 (CRSANR5L15S2020O1N163)	-	163. séance	-	COVID	English	Regular	MP	notMinister	LR	Les Républicains	Opposition	Centre-right	PA1874	Le Fur, Marc	M	1956	
ParlaMint-FR-en_2020-02-24-O1163	ParlaMint-FR_2020-02-24-O1163.u431	Proceedings of the debates in plenary sitting of the Assemblée Nationale, sitting: 163, 24/02/2020	2020-02-24	Lower house	15e législature	session ordinaire 2019-2020 (CRSANR5L15S2020O1N163)	-	163. séance	-	COVID	English	Regular	MP	notMinister	MODEM	Mouvement Démocrate et apparentés	Coalition	Centre to centre-right	PA721418	Mignola, Patrick	M	1971	
ParlaMint-FR-en_2020-02-24-O1163	ParlaMint-FR_2020-02-24-O1163.u432	Proceedings of the debates in plenary sitting of the Assemblée Nationale, sitting: 163, 24/02/2020	2020-02-24	Lower house	15e législature	session ordinaire 2019-2020 (CRSANR5L15S2020O1N163)	-	163. séance	-	COVID	English	Guest	-	-	-	-	-	-	-	-	-	-
ParlaMint-FR-en_2020-02-24-O1163	ParlaMint-FR_2020-02-24-O1163.u433	Proceedings of the debates in plenary sitting of the Assemblée Nationale, sitting: 163, 24/02/2020	2020-02-24	Lower house	15e législature	session ordinaire 2019-2020 (CRSANR5L15S2020O1N163)	-	163. séance	-	COVID	English	Regular	MP	notMinister	MODEM	Mouvement Démocrate et apparentés	Coalition	Centre to centre-right	PA721418	Mignola, Patrick	M	1971	
ParlaMint-FR-en_2020-02-24-O1163	ParlaMint-FR_2020-02-24-O1163.u434	Proceedings of the debates in plenary sitting of the Assemblée Nationale, sitting: 163, 24/02/2020	2020-02-24	Lower house	15e législature	session ordinaire 2019-2020 (CRSANR5L15S2020O1N163)	-	163. séance	-	COVID	English	Regular	MP	notMinister	LR	Les Républicains	Opposition	Centre-right	PA1874	Le Fur, Marc	M	1956	
ParlaMint-FR-en_2020-02-24-O1163	ParlaMint-FR_2020-02-24-O1163.u435	Proceedings of the debates in plenary sitting of the Assemblée Nationale, sitting: 163, 24/02/2020	2020-02-24	Lower house	15e législature	session ordinaire 2019-2020 (CRSANR5L15S2020O1N163)	-	163. séance	-	COVID	English	Regular	MP	notMinister	LR	Les Républicains	Opposition	Centre-right	PA267785	Larrivé, Guillaume	M	1977	
ParlaMint-FR-en_2020-02-24-O1163	ParlaMint-FR_2020-02-24-O1163.u436	Proceedings of the debates in plenary sitting of the Assemblée Nationale, sitting: 163, 24/02/2020	2020-02-24	Lower house	15e législature	session ordinaire 2019-2020 (CRSANR5L15S2020O1N163)	-	163. séance	-	COVID	English	Chairperson	notMP	notMinister	LR	Les Républicains	Opposition	Centre-right	PA605991	Genevard, Annie	F	1956	
ParlaMint-FR-en_2020-02-24-O1163	ParlaMint-FR_2020-02-24-O1163.u437	Proceedings of the debates in plenary sitting of the Assemblée Nationale, sitting: 163, 24/02/2020	2020-02-24	Lower house	15e législature	session ordinaire 2019-2020 (CRSANR5L15S2020O1N163)	-	163. séance	-	COVID	English	Regular	MP	notMinister	LR	Les Républicains	Opposition	Centre-right	PA267785	Larrivé, Guillaume	M	1977	
ParlaMint-FR-en_2020-02-24-O1163	ParlaMint-FR_2020-02-24-O1163.u438	Proceedings of the debates in plenary sitting of the Assemblée Nationale, sitting: 163, 24/02/2020	2020-02-24	Lower house	15e législature	session ordinaire 2019-2020 (CRSANR5L15S2020O1N163)	-	163. séance	-	COVID	English	Regular	MP	notMinister	LAREM	La République en Marche	Coalition	Centre	PA608083	Bourguignon, Brigitte	F	1959	
ParlaMint-FR-en_2020-02-24-O1163	ParlaMint-FR_2020-02-24-O1163.u439	Proceedings of the debates in plenary sitting of the Assemblée Nationale, sitting: 163, 24/02/2020	2020-02-24	Lower house	15e législature	session ordinaire 2019-2020 (CRSANR5L15S2020O1N163)	-	163. séance	-	COVID	English	Regular	MP	notMinister	LR	Les Républicains	Opposition	Centre-right	PA267785	Larrivé, Guillaume	M	1977	
ParlaMint-FR-en_2020-02-24-O1163	ParlaMint-FR_2020-02-24-O1163.u440	Proceedings of the debates in plenary sitting of the Assemblée Nationale, sitting: 163, 24/02/2020	2020-02-24	Lower house	15e législature	session ordinaire 2019-2020 (CRSANR5L15S2020O1N163)	-	163. séance	-	COVID	English	Regular	notMP	notMinister	LAREM	La République en Marche	Coalition	Centre	PA721466	Le Gendre, Gilles	M	1958	
ParlaMint-FR-en_2020-02-24-O1163	ParlaMint-FR_2020-02-24-O1163.u441	Proceedings of the debates in plenary sitting of the Assemblée Nationale, sitting: 163, 24/02/2020	2020-02-24	Lower house	15e législature	session ordinaire 2019-2020 (CRSANR5L15S2020O1N163)	-	163. séance	-	COVID	English	Regular	MP	notMinister	LR	Les Républicains	Opposition	Centre-right	PA267785	Larrivé, Guillaume	M	1977	
ParlaMint-FR-en_2020-02-24-O1163	ParlaMint-FR_2020-02-24-O1163.u442	Proceedings of the debates in plenary sitting of the Assemblée Nationale, sitting: 163, 24/02/2020	2020-02-24	Lower house	15e législature	session ordinaire 2019-2020 (CRSANR5L15S2020O1N163)	-	163. séance	-	COVID	English	Regular	notMP	notMinister	GDR	Gauche démocrate et républicaine	Opposition	Left	PA720692	Roussel, Fabien	M	1969	
ParlaMint-FR-en_2020-02-24-O1163	ParlaMint-FR_2020-02-24-O1163.u443	Proceedings of the debates in plenary sitting of the Assemblée Nationale, sitting: 163, 24/02/2020	2020-02-24	Lower house	15e législature	session ordinaire 2019-2020 (CRSANR5L15S2020O1N163)	-	163. séance	-	COVID	English	Regular	MP	notMinister	LR	Les Républicains	Opposition	Centre-right	PA267785	Larrivé, Guillaume	M	1977	
ParlaMint-FR-en_2020-02-24-O1163	ParlaMint-FR_2020-02-24-O1163.u444	Proceedings of the debates in plenary sitting of the Assemblée Nationale, sitting: 163, 24/02/2020	2020-02-24	Lower house	15e législature	session ordinaire 2019-2020 (CRSANR5L15S2020O1N163)	-	163. séance	-	COVID	English	Regular	notMP	notMinister	GDR	Gauche démocrate et républicaine	Opposition	Left	PA720692	Roussel, Fabien	M	1969	
ParlaMint-FR-en_2020-02-24-O1163	ParlaMint-FR_2020-02-24-O1163.u445	Proceedings of the debates in plenary sitting of the Assemblée Nationale, sitting: 163, 24/02/2020	2020-02-24	Lower house	15e législature	session ordinaire 2019-2020 (CRSANR5L15S2020O1N163)	-	163. séance	-	COVID	English	Regular	notMP	notMinister	LAREM	La République en Marche	Coalition	Centre	PA721466	Le Gendre, Gilles	M	1958	
ParlaMint-FR-en_2020-02-24-O1163	ParlaMint-FR_2020-02-24-O1163.u446	Proceedings of the debates in plenary sitting of the Assemblée Nationale, sitting: 163, 24/02/2020	2020-02-24	Lower house	15e législature	session ordinaire 2019-2020 (CRSANR5L15S2020O1N163)	-	163. séance	-	COVID	English	Regular	notMP	notMinister	LR	Les Républicains	Opposition	Centre-right	PA605991	Genevard, Annie	F	1956	
ParlaMint-FR-en_2020-02-24-O1163	ParlaMint-FR_2020-02-24-O1163.u447	Proceedings of the debates in plenary sitting of the Assemblée Nationale, sitting: 163, 24/02/2020	2020-02-24	Lower house	15e législature	session ordinaire 2019-2020 (CRSANR5L15S2020O1N163)	-	163. séance	-	COVID	English	Guest	-	-	-	-	-	-	-	-	-	-
ParlaMint-FR-en_2020-02-24-O1163	ParlaMint-FR_2020-02-24-O1163.u448	Proceedings of the debates in plenary sitting of the Assemblée Nationale, sitting: 163, 24/02/2020	2020-02-24	Lower house	15e législature	session ordinaire 2019-2020 (CRSANR5L15S2020O1N163)	-	163. séance	-	COVID	English	Regular	notMP	notMinister	LAREM	La République en Marche	Coalition	Centre	PA721466	Le Gendre, Gilles	M	1958	
ParlaMint-FR-en_2020-02-24-O1163	ParlaMint-FR_2020-02-24-O1163.u449	Proceedings of the debates in plenary sitting of the Assemblée Nationale, sitting: 163, 24/02/2020	2020-02-24	Lower house	15e législature	session ordinaire 2019-2020 (CRSANR5L15S2020O1N163)	-	163. séance	-	COVID	English	Regular	notMP	notMinister	LR	Les Républicains	Opposition	Centre-right	PA605991	Genevard, Annie	F	1956	
ParlaMint-FR-en_2020-02-24-O1163	ParlaMint-FR_2020-02-24-O1163.u450	Proceedings of the debates in plenary sitting of the Assemblée Nationale, sitting: 163, 24/02/2020	2020-02-24	Lower house	15e législature	session ordinaire 2019-2020 (CRSANR5L15S2020O1N163)	-	163. séance	-	COVID	English	Regular	notMP	notMinister	LAREM	La République en Marche	Coalition	Centre	PA721466	Le Gendre, Gilles	M	1958	
ParlaMint-FR-en_2020-02-24-O1163	ParlaMint-FR_2020-02-24-O1163.u451	Proceedings of the debates in plenary sitting of the Assemblée Nationale, sitting: 163, 24/02/2020	2020-02-24	Lower house	15e législature	session ordinaire 2019-2020 (CRSANR5L15S2020O1N163)	-	163. séance	-	COVID	English	Chairperson	notMP	notMinister	LR	Les Républicains	Opposition	Centre-right	PA605991	Genevard, Annie	F	1956	
ParlaMint-FR-en_2020-02-24-O1163	ParlaMint-FR_2020-02-24-O1163.u452	Proceedings of the debates in plenary sitting of the Assemblée Nationale, sitting: 163, 24/02/2020	2020-02-24	Lower house	15e législature	session ordinaire 2019-2020 (CRSANR5L15S2020O1N163)	-	163. séance	-	COVID	English	Regular	notMP	notMinister	LAREM	La République en Marche	Coalition	Centre	PA721466	Le Gendre, Gilles	M	1958	
ParlaMint-FR-en_2020-02-24-O1163	ParlaMint-FR_2020-02-24-O1163.u453	Proceedings of the debates in plenary sitting of the Assemblée Nationale, sitting: 163, 24/02/2020	2020-02-24	Lower house	15e législature	session ordinaire 2019-2020 (CRSANR5L15S2020O1N163)	-	163. séance	-	COVID	English	Regular	notMP	notMinister	LR	Les Républicains	Opposition	Centre-right	PA605991	Genevard, Annie	F	1956	
ParlaMint-FR-en_2020-02-24-O1163	ParlaMint-FR_2020-02-24-O1163.u454	Proceedings of the debates in plenary sitting of the Assemblée Nationale, sitting: 163, 24/02/2020	2020-02-24	Lower house	15e législature	session ordinaire 2019-2020 (CRSANR5L15S2020O1N163)	-	163. séance	-	COVID	English	Regular	MP	notMinister	LAREM	La République en Marche	Coalition	Centre	PA608083	Bourguignon, Brigitte	F	1959	
ParlaMint-FR-en_2020-02-24-O1163	ParlaMint-FR_2020-02-24-O1163.u455	Proceedings of the debates in plenary sitting of the Assemblée Nationale, sitting: 163, 24/02/2020	2020-02-24	Lower house	15e législature	session ordinaire 2019-2020 (CRSANR5L15S2020O1N163)	-	163. séance	-	COVID	English	Regular	notMP	notMinister	GDR	Gauche démocrate et républicaine	Opposition	Left	PA720692	Roussel, Fabien	M	1969	
ParlaMint-FR-en_2020-02-24-O1163	ParlaMint-FR_2020-02-24-O1163.u456	Proceedings of the debates in plenary sitting of the Assemblée Nationale, sitting: 163, 24/02/2020	2020-02-24	Lower house	15e législature	session ordinaire 2019-2020 (CRSANR5L15S2020O1N163)	-	163. séance	-	COVID	English	Regular	notMP	notMinister	LR	Les Républicains	Opposition	Centre-right	PA605991	Genevard, Annie	F	1956	
ParlaMint-FR-en_2020-02-24-O1163	ParlaMint-FR_2020-02-24-O1163.u457	Proceedings of the debates in plenary sitting of the Assemblée Nationale, sitting: 163, 24/02/2020	2020-02-24	Lower house	15e législature	session ordinaire 2019-2020 (CRSANR5L15S2020O1N163)	-	163. séance	-	COVID	English	Regular	MP	notMinister	LAREM	La République en Marche	Coalition	Centre	PA608083	Bourguignon, Brigitte	F	1959	
ParlaMint-FR-en_2020-02-24-O1163	ParlaMint-FR_2020-02-24-O1163.u458	Proceedings of the debates in plenary sitting of the Assemblée Nationale, sitting: 163, 24/02/2020	2020-02-24	Lower house	15e législature	session ordinaire 2019-2020 (CRSANR5L15S2020O1N163)	-	163. séance	-	COVID	English	Regular	notMP	notMinister	LR	Les Républicains	Opposition	Centre-right	PA605991	Genevard, Annie	F	1956	
ParlaMint-FR-en_2020-02-24-O1163	ParlaMint-FR_2020-02-24-O1163.u459	Proceedings of the debates in plenary sitting of the Assemblée Nationale, sitting: 163, 24/02/2020	2020-02-24	Lower house	15e législature	session ordinaire 2019-2020 (CRSANR5L15S2020O1N163)	-	163. séance	-	COVID	English	Regular	notMP	notMinister	LAREM	La République en Marche	Coalition	Centre	PA721466	Le Gendre, Gilles	M	1958	
ParlaMint-FR-en_2020-02-24-O1163	ParlaMint-FR_2020-02-24-O1163.u460	Proceedings of the debates in plenary sitting of the Assemblée Nationale, sitting: 163, 24/02/2020	2020-02-24	Lower house	15e législature	session ordinaire 2019-2020 (CRSANR5L15S2020O1N163)	-	163. séance	-	COVID	English	Regular	MP	notMinister	GDR	Gauche démocrate et républicaine	Opposition	Left	PA718720	Dufrègne, Jean-Paul	M	1958	
ParlaMint-FR-en_2020-02-24-O1163	ParlaMint-FR_2020-02-24-O1163.u461	Proceedings of the debates in plenary sitting of the Assemblée Nationale, sitting: 163, 24/02/2020	2020-02-24	Lower house	15e législature	session ordinaire 2019-2020 (CRSANR5L15S2020O1N163)	-	163. séance	-	COVID	English	Regular	notMP	notMinister	LR	Les Républicains	Opposition	Centre-right	PA605991	Genevard, Annie	F	1956	
ParlaMint-FR-en_2020-02-24-O1163	ParlaMint-FR_2020-02-24-O1163.u462	Proceedings of the debates in plenary sitting of the Assemblée Nationale, sitting: 163, 24/02/2020	2020-02-24	Lower house	15e législature	session ordinaire 2019-2020 (CRSANR5L15S2020O1N163)	-	163. séance	-	COVID	English	Regular	notMP	notMinister	LR	Les Républicains	Opposition	Centre-right	PA642847	Bazin, Thibault	M	1984	
ParlaMint-FR-en_2020-02-24-O1163	ParlaMint-FR_2020-02-24-O1163.u463	Proceedings of the debates in plenary sitting of the Assemblée Nationale, sitting: 163, 24/02/2020	2020-02-24	Lower house	15e législature	session ordinaire 2019-2020 (CRSANR5L15S2020O1N163)	-	163. séance	-	COVID	English	Regular	MP	notMinister	GDR	Gauche démocrate et républicaine	Opposition	Left	PA718720	Dufrègne, Jean-Paul	M	1958	
ParlaMint-FR-en_2020-02-24-O1163	ParlaMint-FR_2020-02-24-O1163.u464	Proceedings of the debates in plenary sitting of the Assemblée Nationale, sitting: 163, 24/02/2020	2020-02-24	Lower house	15e législature	session ordinaire 2019-2020 (CRSANR5L15S2020O1N163)	-	163. séance	-	COVID	English	Regular	notMP	notMinister	LR	Les Républicains	Opposition	Centre-right	PA605991	Genevard, Annie	F	1956	
ParlaMint-FR-en_2020-02-24-O1163	ParlaMint-FR_2020-02-24-O1163.u465	Proceedings of the debates in plenary sitting of the Assemblée Nationale, sitting: 163, 24/02/2020	2020-02-24	Lower house	15e législature	session ordinaire 2019-2020 (CRSANR5L15S2020O1N163)	-	163. séance	-	COVID	English	Chairperson	notMP	notMinister	LR	Les Républicains	Opposition	Centre-right	PA605991	Genevard, Annie	F	1956	
ParlaMint-FR-en_2020-02-24-O1163	ParlaMint-FR_2020-02-24-O1163.u466	Proceedings of the debates in plenary sitting of the Assemblée Nationale, sitting: 163, 24/02/2020	2020-02-24	Lower house	15e législature	session ordinaire 2019-2020 (CRSANR5L15S2020O1N163)	-	163. séance	-	COVID	English	Chairperson	notMP	notMinister	LR	Les Républicains	Opposition	Centre-right	PA605991	Genevard, Annie	F	1956	
ParlaMint-FR-en_2020-02-24-O1163	ParlaMint-FR_2020-02-24-O1163.u467	Proceedings of the debates in plenary sitting of the Assemblée Nationale, sitting: 163, 24/02/2020	2020-02-24	Lower house	15e législature	session ordinaire 2019-2020 (CRSANR5L15S2020O1N163)	-	163. séance	-	COVID	English	Regular	notMP	notMinister	LR	Les Républicains	Opposition	Centre-right	PA605991	Genevard, Annie	F	1956	
ParlaMint-FR-en_2020-02-24-O1163	ParlaMint-FR_2020-02-24-O1163.u468	Proceedings of the debates in plenary sitting of the Assemblée Nationale, sitting: 163, 24/02/2020	2020-02-24	Lower house	15e législature	session ordinaire 2019-2020 (CRSANR5L15S2020O1N163)	-	163. séance	-	COVID	English	Regular	MP	notMinister	-	-	-	-	PA332614	Juanico, Régis	M	1972	
ParlaMint-FR-en_2020-02-24-O1163	ParlaMint-FR_2020-02-24-O1163.u469	Proceedings of the debates in plenary sitting of the Assemblée Nationale, sitting: 163, 24/02/2020	2020-02-24	Lower house	15e législature	session ordinaire 2019-2020 (CRSANR5L15S2020O1N163)	-	163. séance	-	COVID	English	Chairperson	notMP	notMinister	LR	Les Républicains	Opposition	Centre-right	PA605991	Genevard, Annie	F	1956	
ParlaMint-FR-en_2020-02-24-O1163	ParlaMint-FR_2020-02-24-O1163.u470	Proceedings of the debates in plenary sitting of the Assemblée Nationale, sitting: 163, 24/02/2020	2020-02-24	Lower house	15e législature	session ordinaire 2019-2020 (CRSANR5L15S2020O1N163)	-	163. séance	-	COVID	English	Chairperson	notMP	notMinister	LR	Les Républicains	Opposition	Centre-right	PA605991	Genevard, Annie	F	1956	
ParlaMint-FR-en_2020-02-24-O1163	ParlaMint-FR_2020-02-24-O1163.u471	Proceedings of the debates in plenary sitting of the Assemblée Nationale, sitting: 163, 24/02/2020	2020-02-24	Lower house	15e législature	session ordinaire 2019-2020 (CRSANR5L15S2020O1N163)	-	163. séance	-	COVID	English	Chairperson	notMP	notMinister	LR	Les Républicains	Opposition	Centre-right	PA605991	Genevard, Annie	F	1956	
ParlaMint-FR-en_2020-02-24-O1163	ParlaMint-FR_2020-02-24-O1163.u472	Proceedings of the debates in plenary sitting of the Assemblée Nationale, sitting: 163, 24/02/2020	2020-02-24	Lower house	15e législature	session ordinaire 2019-2020 (CRSANR5L15S2020O1N163)	-	163. séance	-	COVID	English	Regular	notMP	notMinister	FI	La France insoumise	Opposition	Left to far-left	PA720892	Panot, Mathilde	F	1989	
ParlaMint-FR-en_2020-02-24-O1163	ParlaMint-FR_2020-02-24-O1163.u473	Proceedings of the debates in plenary sitting of the Assemblée Nationale, sitting: 163, 24/02/2020	2020-02-24	Lower house	15e législature	session ordinaire 2019-2020 (CRSANR5L15S2020O1N163)	-	163. séance	-	COVID	English	Chairperson	notMP	notMinister	LR	Les Républicains	Opposition	Centre-right	PA605991	Genevard, Annie	F	1956	
ParlaMint-FR-en_2020-02-24-O1163	ParlaMint-FR_2020-02-24-O1163.u474	Proceedings of the debates in plenary sitting of the Assemblée Nationale, sitting: 163, 24/02/2020	2020-02-24	Lower house	15e législature	session ordinaire 2019-2020 (CRSANR5L15S2020O1N163)	-	163. séance	-	COVID	English	Regular	notMP	notMinister	LAREM	La République en Marche	Coalition	Centre	PA721296	Gouffier Valente, Guillaume	M	1986	
ParlaMint-FR-en_2020-02-24-O1163	ParlaMint-FR_2020-02-24-O1163.u475	Proceedings of the debates in plenary sitting of the Assemblée Nationale, sitting: 163, 24/02/2020	2020-02-24	Lower house	15e législature	session ordinaire 2019-2020 (CRSANR5L15S2020O1N163)	-	163. séance	-	COVID	English	Regular	notMP	notMinister	FI	La France insoumise	Opposition	Left to far-left	PA720892	Panot, Mathilde	F	1989	
ParlaMint-FR-en_2020-02-24-O1163	ParlaMint-FR_2020-02-24-O1163.u476	Proceedings of the debates in plenary sitting of the Assemblée Nationale, sitting: 163, 24/02/2020	2020-02-24	Lower house	15e législature	session ordinaire 2019-2020 (CRSANR5L15S2020O1N163)	-	163. séance	-	COVID	English	Regular	notMP	notMinister	LAREM	La République en Marche	Coalition	Centre	PA721296	Gouffier Valente, Guillaume	M	1986	
ParlaMint-FR-en_2020-02-24-O1163	ParlaMint-FR_2020-02-24-O1163.u477	Proceedings of the debates in plenary sitting of the Assemblée Nationale, sitting: 163, 24/02/2020	2020-02-24	Lower house	15e législature	session ordinaire 2019-2020 (CRSANR5L15S2020O1N163)	-	163. séance	-	COVID	English	Regular	notMP	notMinister	FI	La France insoumise	Opposition	Left to far-left	PA720892	Panot, Mathilde	F	1989	
ParlaMint-FR-en_2020-02-24-O1163	ParlaMint-FR_2020-02-24-O1163.u478	Proceedings of the debates in plenary sitting of the Assemblée Nationale, sitting: 163, 24/02/2020	2020-02-24	Lower house	15e législature	session ordinaire 2019-2020 (CRSANR5L15S2020O1N163)	-	163. séance	-	COVID	English	Regular	notMP	notMinister	LR	Les Républicains	Opposition	Centre-right	PA605991	Genevard, Annie	F	1956	
ParlaMint-FR-en_2020-02-24-O1163	ParlaMint-FR_2020-02-24-O1163.u479	Proceedings of the debates in plenary sitting of the Assemblée Nationale, sitting: 163, 24/02/2020	2020-02-24	Lower house	15e législature	session ordinaire 2019-2020 (CRSANR5L15S2020O1N163)	-	163. séance	-	COVID	English	Regular	notMP	notMinister	-	-	-	-	PA720512	Pietraszewski, Laurent	M	1966	
ParlaMint-FR-en_2020-02-24-O1163	ParlaMint-FR_2020-02-24-O1163.u480	Proceedings of the debates in plenary sitting of the Assemblée Nationale, sitting: 163, 24/02/2020	2020-02-24	Lower house	15e législature	session ordinaire 2019-2020 (CRSANR5L15S2020O1N163)	-	163. séance	-	COVID	English	Regular	notMP	notMinister	LR	Les Républicains	Opposition	Centre-right	PA605991	Genevard, Annie	F	1956	
ParlaMint-FR-en_2020-02-24-O1163	ParlaMint-FR_2020-02-24-O1163.u481	Proceedings of the debates in plenary sitting of the Assemblée Nationale, sitting: 163, 24/02/2020	2020-02-24	Lower house	15e législature	session ordinaire 2019-2020 (CRSANR5L15S2020O1N163)	-	163. séance	-	COVID	English	Regular	MP	notMinister	GDR	Gauche démocrate et républicaine	Opposition	Left	PA718720	Dufrègne, Jean-Paul	M	1958	
ParlaMint-FR-en_2020-02-24-O1163	ParlaMint-FR_2020-02-24-O1163.u482	Proceedings of the debates in plenary sitting of the Assemblée Nationale, sitting: 163, 24/02/2020	2020-02-24	Lower house	15e législature	session ordinaire 2019-2020 (CRSANR5L15S2020O1N163)	-	163. séance	-	COVID	English	Regular	notMP	notMinister	LR	Les Républicains	Opposition	Centre-right	PA605991	Genevard, Annie	F	1956	
ParlaMint-FR-en_2020-02-24-O1163	ParlaMint-FR_2020-02-24-O1163.u483	Proceedings of the debates in plenary sitting of the Assemblée Nationale, sitting: 163, 24/02/2020	2020-02-24	Lower house	15e législature	session ordinaire 2019-2020 (CRSANR5L15S2020O1N163)	-	163. séance	-	COVID	English	Regular	notMP	notMinister	SOC	Socialistes et apparentés	-	Centre-left to left	PA1008	David, Alain	M	1949	
ParlaMint-FR-en_2020-02-24-O1163	ParlaMint-FR_2020-02-24-O1163.u484	Proceedings of the debates in plenary sitting of the Assemblée Nationale, sitting: 163, 24/02/2020	2020-02-24	Lower house	15e législature	session ordinaire 2019-2020 (CRSANR5L15S2020O1N163)	-	163. séance	-	COVID	English	Regular	notMP	notMinister	LR	Les Républicains	Opposition	Centre-right	PA605991	Genevard, Annie	F	1956	
ParlaMint-FR-en_2020-02-24-O1163	ParlaMint-FR_2020-02-24-O1163.u485	Proceedings of the debates in plenary sitting of the Assemblée Nationale, sitting: 163, 24/02/2020	2020-02-24	Lower house	15e législature	session ordinaire 2019-2020 (CRSANR5L15S2020O1N163)	-	163. séance	-	COVID	English	Regular	MP	notMinister	LR	Les Républicains	Opposition	Centre-right	PA267204	Sermier, Jean-Marie	M	1961	
ParlaMint-FR-en_2020-02-24-O1163	ParlaMint-FR_2020-02-24-O1163.u486	Proceedings of the debates in plenary sitting of the Assemblée Nationale, sitting: 163, 24/02/2020	2020-02-24	Lower house	15e législature	session ordinaire 2019-2020 (CRSANR5L15S2020O1N163)	-	163. séance	-	COVID	English	Regular	notMP	notMinister	LR	Les Républicains	Opposition	Centre-right	PA605991	Genevard, Annie	F	1956	
ParlaMint-FR-en_2020-02-24-O1163	ParlaMint-FR_2020-02-24-O1163.u487	Proceedings of the debates in plenary sitting of the Assemblée Nationale, sitting: 163, 24/02/2020	2020-02-24	Lower house	15e législature	session ordinaire 2019-2020 (CRSANR5L15S2020O1N163)	-	163. séance	-	COVID	English	Regular	notMP	notMinister	FI	La France insoumise	Opposition	Left to far-left	PA720892	Panot, Mathilde	F	1989	
ParlaMint-FR-en_2020-02-24-O1163	ParlaMint-FR_2020-02-24-O1163.u488	Proceedings of the debates in plenary sitting of the Assemblée Nationale, sitting: 163, 24/02/2020	2020-02-24	Lower house	15e législature	session ordinaire 2019-2020 (CRSANR5L15S2020O1N163)	-	163. séance	-	COVID	English	Regular	notMP	notMinister	LR	Les Républicains	Opposition	Centre-right	PA605991	Genevard, Annie	F	1956	
ParlaMint-FR-en_2020-02-24-O1163	ParlaMint-FR_2020-02-24-O1163.u489	Proceedings of the debates in plenary sitting of the Assemblée Nationale, sitting: 163, 24/02/2020	2020-02-24	Lower house	15e législature	session ordinaire 2019-2020 (CRSANR5L15S2020O1N163)	-	163. séance	-	COVID	English	Regular	notMP	notMinister	SOC	Socialistes et apparentés	-	Centre-left to left	PA340343	Saulignac, Hervé	M	1970	
ParlaMint-FR-en_2020-02-24-O1163	ParlaMint-FR_2020-02-24-O1163.u490	Proceedings of the debates in plenary sitting of the Assemblée Nationale, sitting: 163, 24/02/2020	2020-02-24	Lower house	15e législature	session ordinaire 2019-2020 (CRSANR5L15S2020O1N163)	-	163. séance	-	COVID	English	Regular	notMP	notMinister	LR	Les Républicains	Opposition	Centre-right	PA605991	Genevard, Annie	F	1956	
ParlaMint-FR-en_2020-02-24-O1163	ParlaMint-FR_2020-02-24-O1163.u491	Proceedings of the debates in plenary sitting of the Assemblée Nationale, sitting: 163, 24/02/2020	2020-02-24	Lower house	15e législature	session ordinaire 2019-2020 (CRSANR5L15S2020O1N163)	-	163. séance	-	COVID	English	Regular	notMP	notMinister	SOC	Socialistes et apparentés	-	Centre-left to left	PA340343	Saulignac, Hervé	M	1970	
ParlaMint-FR-en_2020-02-24-O1163	ParlaMint-FR_2020-02-24-O1163.u492	Proceedings of the debates in plenary sitting of the Assemblée Nationale, sitting: 163, 24/02/2020	2020-02-24	Lower house	15e législature	session ordinaire 2019-2020 (CRSANR5L15S2020O1N163)	-	163. séance	-	COVID	English	Regular	notMP	notMinister	LR	Les Républicains	Opposition	Centre-right	PA605991	Genevard, Annie	F	1956	
ParlaMint-FR-en_2020-02-24-O1163	ParlaMint-FR_2020-02-24-O1163.u493	Proceedings of the debates in plenary sitting of the Assemblée Nationale, sitting: 163, 24/02/2020	2020-02-24	Lower house	15e législature	session ordinaire 2019-2020 (CRSANR5L15S2020O1N163)	-	163. séance	-	COVID	English	Regular	notMP	notMinister	SOC	Socialistes et apparentés	-	Centre-left to left	PA340343	Saulignac, Hervé	M	1970	
ParlaMint-FR-en_2020-02-24-O1163	ParlaMint-FR_2020-02-24-O1163.u494	Proceedings of the debates in plenary sitting of the Assemblée Nationale, sitting: 163, 24/02/2020	2020-02-24	Lower house	15e législature	session ordinaire 2019-2020 (CRSANR5L15S2020O1N163)	-	163. séance	-	COVID	English	Regular	notMP	notMinister	LR	Les Républicains	Opposition	Centre-right	PA605991	Genevard, Annie	F	1956	
ParlaMint-FR-en_2020-02-24-O1163	ParlaMint-FR_2020-02-24-O1163.u495	Proceedings of the debates in plenary sitting of the Assemblée Nationale, sitting: 163, 24/02/2020	2020-02-24	Lower house	15e législature	session ordinaire 2019-2020 (CRSANR5L15S2020O1N163)	-	163. séance	-	COVID	English	Regular	MP	notMinister	LT	Libertés et Territoires	-	Big tent	PA336175	Pinel, Sylvia	F	1977	
ParlaMint-FR-en_2020-02-24-O1163	ParlaMint-FR_2020-02-24-O1163.u496	Proceedings of the debates in plenary sitting of the Assemblée Nationale, sitting: 163, 24/02/2020	2020-02-24	Lower house	15e législature	session ordinaire 2019-2020 (CRSANR5L15S2020O1N163)	-	163. séance	-	COVID	English	Guest	-	-	-	-	-	-	-	-	-	-
ParlaMint-FR-en_2020-02-24-O1163	ParlaMint-FR_2020-02-24-O1163.u497	Proceedings of the debates in plenary sitting of the Assemblée Nationale, sitting: 163, 24/02/2020	2020-02-24	Lower house	15e législature	session ordinaire 2019-2020 (CRSANR5L15S2020O1N163)	-	163. séance	-	COVID	English	Regular	MP	notMinister	LT	Libertés et Territoires	-	Big tent	PA336175	Pinel, Sylvia	F	1977	
ParlaMint-FR-en_2020-02-24-O1163	ParlaMint-FR_2020-02-24-O1163.u498	Proceedings of the debates in plenary sitting of the Assemblée Nationale, sitting: 163, 24/02/2020	2020-02-24	Lower house	15e législature	session ordinaire 2019-2020 (CRSANR5L15S2020O1N163)	-	163. séance	-	COVID	English	Regular	MP	notMinister	LR	Les Républicains	Opposition	Centre-right	PA1874	Le Fur, Marc	M	1956	
ParlaMint-FR-en_2020-02-24-O1163	ParlaMint-FR_2020-02-24-O1163.u499	Proceedings of the debates in plenary sitting of the Assemblée Nationale, sitting: 163, 24/02/2020	2020-02-24	Lower house	15e législature	session ordinaire 2019-2020 (CRSANR5L15S2020O1N163)	-	163. séance	-	COVID	English	Regular	MP	notMinister	LT	Libertés et Territoires	-	Big tent	PA336175	Pinel, Sylvia	F	1977	
ParlaMint-FR-en_2020-02-24-O1163	ParlaMint-FR_2020-02-24-O1163.u500	Proceedings of the debates in plenary sitting of the Assemblée Nationale, sitting: 163, 24/02/2020	2020-02-24	Lower house	15e législature	session ordinaire 2019-2020 (CRSANR5L15S2020O1N163)	-	163. séance	-	COVID	English	Regular	notMP	notMinister	LR	Les Républicains	Opposition	Centre-right	PA605991	Genevard, Annie	F	1956	
ParlaMint-FR-en_2020-02-24-O1163	ParlaMint-FR_2020-02-24-O1163.u501	Proceedings of the debates in plenary sitting of the Assemblée Nationale, sitting: 163, 24/02/2020	2020-02-24	Lower house	15e législature	session ordinaire 2019-2020 (CRSANR5L15S2020O1N163)	-	163. séance	-	COVID	English	Regular	notMP	notMinister	GDR	Gauche démocrate et républicaine	Opposition	Left	PA720692	Roussel, Fabien	M	1969	
ParlaMint-FR-en_2020-02-24-O1163	ParlaMint-FR_2020-02-24-O1163.u502	Proceedings of the debates in plenary sitting of the Assemblée Nationale, sitting: 163, 24/02/2020	2020-02-24	Lower house	15e législature	session ordinaire 2019-2020 (CRSANR5L15S2020O1N163)	-	163. séance	-	COVID	English	Regular	notMP	notMinister	LR	Les Républicains	Opposition	Centre-right	PA605991	Genevard, Annie	F	1956	
ParlaMint-FR-en_2020-02-24-O1163	ParlaMint-FR_2020-02-24-O1163.u503	Proceedings of the debates in plenary sitting of the Assemblée Nationale, sitting: 163, 24/02/2020	2020-02-24	Lower house	15e législature	session ordinaire 2019-2020 (CRSANR5L15S2020O1N163)	-	163. séance	-	COVID	English	Regular	notMP	notMinister	LAREM	La République en Marche	Coalition	Centre	PA719186	Khattabi, Fadila	F	1962	
ParlaMint-FR-en_2020-02-24-O1163	ParlaMint-FR_2020-02-24-O1163.u504	Proceedings of the debates in plenary sitting of the Assemblée Nationale, sitting: 163, 24/02/2020	2020-02-24	Lower house	15e législature	session ordinaire 2019-2020 (CRSANR5L15S2020O1N163)	-	163. séance	-	COVID	English	Regular	notMP	notMinister	LR	Les Républicains	Opposition	Centre-right	PA608416	Hetzel, Patrick	M	1964	
ParlaMint-FR-en_2020-02-24-O1163	ParlaMint-FR_2020-02-24-O1163.u505	Proceedings of the debates in plenary sitting of the Assemblée Nationale, sitting: 163, 24/02/2020	2020-02-24	Lower house	15e législature	session ordinaire 2019-2020 (CRSANR5L15S2020O1N163)	-	163. séance	-	COVID	English	Regular	MP	notMinister	GDR	Gauche démocrate et républicaine	Opposition	Left	PA718720	Dufrègne, Jean-Paul	M	1958	
ParlaMint-FR-en_2020-02-24-O1163	ParlaMint-FR_2020-02-24-O1163.u506	Proceedings of the debates in plenary sitting of the Assemblée Nationale, sitting: 163, 24/02/2020	2020-02-24	Lower house	15e législature	session ordinaire 2019-2020 (CRSANR5L15S2020O1N163)	-	163. séance	-	COVID	English	Regular	notMP	notMinister	GDR	Gauche démocrate et républicaine	Opposition	Left	PA722202	Jumel, Sébastien	M	1971	
ParlaMint-FR-en_2020-02-24-O1163	ParlaMint-FR_2020-02-24-O1163.u507	Proceedings of the debates in plenary sitting of the Assemblée Nationale, sitting: 163, 24/02/2020	2020-02-24	Lower house	15e législature	session ordinaire 2019-2020 (CRSANR5L15S2020O1N163)	-	163. séance	-	COVID	English	Regular	notMP	notMinister	LAREM	La République en Marche	Coalition	Centre	PA719186	Khattabi, Fadila	F	1962	
ParlaMint-FR-en_2020-02-24-O1163	ParlaMint-FR_2020-02-24-O1163.u508	Proceedings of the debates in plenary sitting of the Assemblée Nationale, sitting: 163, 24/02/2020	2020-02-24	Lower house	15e législature	session ordinaire 2019-2020 (CRSANR5L15S2020O1N163)	-	163. séance	-	COVID	English	Regular	notMP	notMinister	LR	Les Républicains	Opposition	Centre-right	PA332523	Dalloz, Marie-Christine	F	1958	
ParlaMint-FR-en_2020-02-24-O1163	ParlaMint-FR_2020-02-24-O1163.u509	Proceedings of the debates in plenary sitting of the Assemblée Nationale, sitting: 163, 24/02/2020	2020-02-24	Lower house	15e législature	session ordinaire 2019-2020 (CRSANR5L15S2020O1N163)	-	163. séance	-	COVID	English	Regular	notMP	notMinister	LAREM	La République en Marche	Coalition	Centre	PA719186	Khattabi, Fadila	F	1962	
ParlaMint-FR-en_2020-02-24-O1163	ParlaMint-FR_2020-02-24-O1163.u510	Proceedings of the debates in plenary sitting of the Assemblée Nationale, sitting: 163, 24/02/2020	2020-02-24	Lower house	15e législature	session ordinaire 2019-2020 (CRSANR5L15S2020O1N163)	-	163. séance	-	COVID	English	Regular	notMP	notMinister	GDR	Gauche démocrate et républicaine	Opposition	Left	PA720692	Roussel, Fabien	M	1969	
ParlaMint-FR-en_2020-02-24-O1163	ParlaMint-FR_2020-02-24-O1163.u511	Proceedings of the debates in plenary sitting of the Assemblée Nationale, sitting: 163, 24/02/2020	2020-02-24	Lower house	15e législature	session ordinaire 2019-2020 (CRSANR5L15S2020O1N163)	-	163. séance	-	COVID	English	Regular	notMP	notMinister	LAREM	La République en Marche	Coalition	Centre	PA719186	Khattabi, Fadila	F	1962	
ParlaMint-FR-en_2020-02-24-O1163	ParlaMint-FR_2020-02-24-O1163.u512	Proceedings of the debates in plenary sitting of the Assemblée Nationale, sitting: 163, 24/02/2020	2020-02-24	Lower house	15e législature	session ordinaire 2019-2020 (CRSANR5L15S2020O1N163)	-	163. séance	-	COVID	English	Guest	-	-	-	-	-	-	-	-	-	-
ParlaMint-FR-en_2020-02-24-O1163	ParlaMint-FR_2020-02-24-O1163.u513	Proceedings of the debates in plenary sitting of the Assemblée Nationale, sitting: 163, 24/02/2020	2020-02-24	Lower house	15e législature	session ordinaire 2019-2020 (CRSANR5L15S2020O1N163)	-	163. séance	-	COVID	English	Regular	notMP	notMinister	LAREM	La République en Marche	Coalition	Centre	PA719186	Khattabi, Fadila	F	1962	
ParlaMint-FR-en_2020-02-24-O1163	ParlaMint-FR_2020-02-24-O1163.u514	Proceedings of the debates in plenary sitting of the Assemblée Nationale, sitting: 163, 24/02/2020	2020-02-24	Lower house	15e législature	session ordinaire 2019-2020 (CRSANR5L15S2020O1N163)	-	163. séance	-	COVID	English	Regular	notMP	notMinister	SOC	Socialistes et apparentés	-	Centre-left to left	PA340343	Saulignac, Hervé	M	1970	
ParlaMint-FR-en_2020-02-24-O1163	ParlaMint-FR_2020-02-24-O1163.u515	Proceedings of the debates in plenary sitting of the Assemblée Nationale, sitting: 163, 24/02/2020	2020-02-24	Lower house	15e législature	session ordinaire 2019-2020 (CRSANR5L15S2020O1N163)	-	163. séance	-	COVID	English	Regular	notMP	notMinister	GDR	Gauche démocrate et républicaine	Opposition	Left	PA720692	Roussel, Fabien	M	1969	
ParlaMint-FR-en_2020-02-24-O1163	ParlaMint-FR_2020-02-24-O1163.u516	Proceedings of the debates in plenary sitting of the Assemblée Nationale, sitting: 163, 24/02/2020	2020-02-24	Lower house	15e législature	session ordinaire 2019-2020 (CRSANR5L15S2020O1N163)	-	163. séance	-	COVID	English	Regular	notMP	notMinister	GDR	Gauche démocrate et républicaine	Opposition	Left	PA722202	Jumel, Sébastien	M	1971	
ParlaMint-FR-en_2020-02-24-O1163	ParlaMint-FR_2020-02-24-O1163.u517	Proceedings of the debates in plenary sitting of the Assemblée Nationale, sitting: 163, 24/02/2020	2020-02-24	Lower house	15e législature	session ordinaire 2019-2020 (CRSANR5L15S2020O1N163)	-	163. séance	-	COVID	English	Regular	notMP	notMinister	LR	Les Républicains	Opposition	Centre-right	PA605991	Genevard, Annie	F	1956	
ParlaMint-FR-en_2020-02-24-O1163	ParlaMint-FR_2020-02-24-O1163.u518	Proceedings of the debates in plenary sitting of the Assemblée Nationale, sitting: 163, 24/02/2020	2020-02-24	Lower house	15e législature	session ordinaire 2019-2020 (CRSANR5L15S2020O1N163)	-	163. séance	-	COVID	English	Regular	notMP	notMinister	LR	Les Républicains	Opposition	Centre-right	PA642847	Bazin, Thibault	M	1984	
ParlaMint-FR-en_2020-02-24-O1163	ParlaMint-FR_2020-02-24-O1163.u519	Proceedings of the debates in plenary sitting of the Assemblée Nationale, sitting: 163, 24/02/2020	2020-02-24	Lower house	15e législature	session ordinaire 2019-2020 (CRSANR5L15S2020O1N163)	-	163. séance	-	COVID	English	Regular	notMP	notMinister	LR	Les Républicains	Opposition	Centre-right	PA608416	Hetzel, Patrick	M	1964	
ParlaMint-FR-en_2020-02-24-O1163	ParlaMint-FR_2020-02-24-O1163.u520	Proceedings of the debates in plenary sitting of the Assemblée Nationale, sitting: 163, 24/02/2020	2020-02-24	Lower house	15e législature	session ordinaire 2019-2020 (CRSANR5L15S2020O1N163)	-	163. séance	-	COVID	English	Regular	notMP	notMinister	LR	Les Républicains	Opposition	Centre-right	PA642847	Bazin, Thibault	M	1984	
ParlaMint-FR-en_2020-02-24-O1163	ParlaMint-FR_2020-02-24-O1163.u521	Proceedings of the debates in plenary sitting of the Assemblée Nationale, sitting: 163, 24/02/2020	2020-02-24	Lower house	15e législature	session ordinaire 2019-2020 (CRSANR5L15S2020O1N163)	-	163. séance	-	COVID	English	Regular	notMP	notMinister	LR	Les Républicains	Opposition	Centre-right	PA608416	Hetzel, Patrick	M	1964	
ParlaMint-FR-en_2020-02-24-O1163	ParlaMint-FR_2020-02-24-O1163.u522	Proceedings of the debates in plenary sitting of the Assemblée Nationale, sitting: 163, 24/02/2020	2020-02-24	Lower house	15e législature	session ordinaire 2019-2020 (CRSANR5L15S2020O1N163)	-	163. séance	-	COVID	English	Regular	notMP	notMinister	LR	Les Républicains	Opposition	Centre-right	PA642847	Bazin, Thibault	M	1984	
ParlaMint-FR-en_2020-02-24-O1163	ParlaMint-FR_2020-02-24-O1163.u523	Proceedings of the debates in plenary sitting of the Assemblée Nationale, sitting: 163, 24/02/2020	2020-02-24	Lower house	15e législature	session ordinaire 2019-2020 (CRSANR5L15S2020O1N163)	-	163. séance	-	COVID	English	Regular	MP	notMinister	GDR	Gauche démocrate et républicaine	Opposition	Left	PA720546	Bruneel, Alain	M	1952	
ParlaMint-FR-en_2020-02-24-O1163	ParlaMint-FR_2020-02-24-O1163.u524	Proceedings of the debates in plenary sitting of the Assemblée Nationale, sitting: 163, 24/02/2020	2020-02-24	Lower house	15e législature	session ordinaire 2019-2020 (CRSANR5L15S2020O1N163)	-	163. séance	-	COVID	English	Regular	notMP	notMinister	LR	Les Républicains	Opposition	Centre-right	PA642847	Bazin, Thibault	M	1984	
ParlaMint-FR-en_2020-02-24-O1163	ParlaMint-FR_2020-02-24-O1163.u525	Proceedings of the debates in plenary sitting of the Assemblée Nationale, sitting: 163, 24/02/2020	2020-02-24	Lower house	15e législature	session ordinaire 2019-2020 (CRSANR5L15S2020O1N163)	-	163. séance	-	COVID	English	Regular	notMP	notMinister	LR	Les Républicains	Opposition	Centre-right	PA605991	Genevard, Annie	F	1956	
ParlaMint-FR-en_2020-02-24-O1163	ParlaMint-FR_2020-02-24-O1163.u526	Proceedings of the debates in plenary sitting of the Assemblée Nationale, sitting: 163, 24/02/2020	2020-02-24	Lower house	15e législature	session ordinaire 2019-2020 (CRSANR5L15S2020O1N163)	-	163. séance	-	COVID	English	Regular	MP	notMinister	MODEM	Mouvement Démocrate et apparentés	Coalition	Centre to centre-right	PA720326	Hammouche, Brahim	M	1971	
ParlaMint-FR-en_2020-02-24-O1163	ParlaMint-FR_2020-02-24-O1163.u527	Proceedings of the debates in plenary sitting of the Assemblée Nationale, sitting: 163, 24/02/2020	2020-02-24	Lower house	15e législature	session ordinaire 2019-2020 (CRSANR5L15S2020O1N163)	-	163. séance	-	COVID	English	Regular	notMP	notMinister	LR	Les Républicains	Opposition	Centre-right	PA608416	Hetzel, Patrick	M	1964	
ParlaMint-FR-en_2020-02-24-O1163	ParlaMint-FR_2020-02-24-O1163.u528	Proceedings of the debates in plenary sitting of the Assemblée Nationale, sitting: 163, 24/02/2020	2020-02-24	Lower house	15e législature	session ordinaire 2019-2020 (CRSANR5L15S2020O1N163)	-	163. séance	-	COVID	English	Regular	MP	notMinister	MODEM	Mouvement Démocrate et apparentés	Coalition	Centre to centre-right	PA720326	Hammouche, Brahim	M	1971	
ParlaMint-FR-en_2020-02-24-O1163	ParlaMint-FR_2020-02-24-O1163.u529	Proceedings of the debates in plenary sitting of the Assemblée Nationale, sitting: 163, 24/02/2020	2020-02-24	Lower house	15e législature	session ordinaire 2019-2020 (CRSANR5L15S2020O1N163)	-	163. séance	-	COVID	English	Regular	notMP	notMinister	LR	Les Républicains	Opposition	Centre-right	PA605991	Genevard, Annie	F	1956	
ParlaMint-FR-en_2020-02-24-O1163	ParlaMint-FR_2020-02-24-O1163.u530	Proceedings of the debates in plenary sitting of the Assemblée Nationale, sitting: 163, 24/02/2020	2020-02-24	Lower house	15e législature	session ordinaire 2019-2020 (CRSANR5L15S2020O1N163)	-	163. séance	-	COVID	English	Regular	notMP	notMinister	UDI-A-I	UDI, Agir et Indépendants	-	Right	PA332228	Benoit, Thierry	M	1966	
ParlaMint-FR-en_2020-02-24-O1163	ParlaMint-FR_2020-02-24-O1163.u531	Proceedings of the debates in plenary sitting of the Assemblée Nationale, sitting: 163, 24/02/2020	2020-02-24	Lower house	15e législature	session ordinaire 2019-2020 (CRSANR5L15S2020O1N163)	-	163. séance	-	COVID	English	Regular	notMP	notMinister	SOC	Socialistes et apparentés	-	Centre-left to left	PA340343	Saulignac, Hervé	M	1970	
ParlaMint-FR-en_2020-02-24-O1163	ParlaMint-FR_2020-02-24-O1163.u532	Proceedings of the debates in plenary sitting of the Assemblée Nationale, sitting: 163, 24/02/2020	2020-02-24	Lower house	15e législature	session ordinaire 2019-2020 (CRSANR5L15S2020O1N163)	-	163. séance	-	COVID	English	Regular	MP	notMinister	SOC	Socialistes et apparentés	-	Centre-left to left	PA642764	Aviragnet, Joël	M	1956	
ParlaMint-FR-en_2020-02-24-O1163	ParlaMint-FR_2020-02-24-O1163.u533	Proceedings of the debates in plenary sitting of the Assemblée Nationale, sitting: 163, 24/02/2020	2020-02-24	Lower house	15e législature	session ordinaire 2019-2020 (CRSANR5L15S2020O1N163)	-	163. séance	-	COVID	English	Regular	notMP	notMinister	UDI-A-I	UDI, Agir et Indépendants	-	Right	PA332228	Benoit, Thierry	M	1966	
ParlaMint-FR-en_2020-02-24-O1163	ParlaMint-FR_2020-02-24-O1163.u534	Proceedings of the debates in plenary sitting of the Assemblée Nationale, sitting: 163, 24/02/2020	2020-02-24	Lower house	15e législature	session ordinaire 2019-2020 (CRSANR5L15S2020O1N163)	-	163. séance	-	COVID	English	Regular	notMP	notMinister	LR	Les Républicains	Opposition	Centre-right	PA605991	Genevard, Annie	F	1956	
ParlaMint-FR-en_2020-02-24-O1163	ParlaMint-FR_2020-02-24-O1163.u535	Proceedings of the debates in plenary sitting of the Assemblée Nationale, sitting: 163, 24/02/2020	2020-02-24	Lower house	15e législature	session ordinaire 2019-2020 (CRSANR5L15S2020O1N163)	-	163. séance	-	COVID	English	Regular	notMP	notMinister	FI	La France insoumise	Opposition	Left to far-left	PA720892	Panot, Mathilde	F	1989	
ParlaMint-FR-en_2020-02-24-O1163	ParlaMint-FR_2020-02-24-O1163.u536	Proceedings of the debates in plenary sitting of the Assemblée Nationale, sitting: 163, 24/02/2020	2020-02-24	Lower house	15e législature	session ordinaire 2019-2020 (CRSANR5L15S2020O1N163)	-	163. séance	-	COVID	English	Regular	MP	notMinister	LAREM	La République en Marche	Coalition	Centre	PA721946	Marilossian, Jacques	M	1958	
ParlaMint-FR-en_2020-02-24-O1163	ParlaMint-FR_2020-02-24-O1163.u537	Proceedings of the debates in plenary sitting of the Assemblée Nationale, sitting: 163, 24/02/2020	2020-02-24	Lower house	15e législature	session ordinaire 2019-2020 (CRSANR5L15S2020O1N163)	-	163. séance	-	COVID	English	Regular	notMP	notMinister	FI	La France insoumise	Opposition	Left to far-left	PA720892	Panot, Mathilde	F	1989	
ParlaMint-FR-en_2020-02-24-O1163	ParlaMint-FR_2020-02-24-O1163.u538	Proceedings of the debates in plenary sitting of the Assemblée Nationale, sitting: 163, 24/02/2020	2020-02-24	Lower house	15e législature	session ordinaire 2019-2020 (CRSANR5L15S2020O1N163)	-	163. séance	-	COVID	English	Regular	notMP	notMinister	GDR	Gauche démocrate et républicaine	Opposition	Left	PA722202	Jumel, Sébastien	M	1971	
ParlaMint-FR-en_2020-02-24-O1163	ParlaMint-FR_2020-02-24-O1163.u539	Proceedings of the debates in plenary sitting of the Assemblée Nationale, sitting: 163, 24/02/2020	2020-02-24	Lower house	15e législature	session ordinaire 2019-2020 (CRSANR5L15S2020O1N163)	-	163. séance	-	COVID	English	Regular	notMP	notMinister	FI	La France insoumise	Opposition	Left to far-left	PA720892	Panot, Mathilde	F	1989	
ParlaMint-FR-en_2020-02-24-O1163	ParlaMint-FR_2020-02-24-O1163.u540	Proceedings of the debates in plenary sitting of the Assemblée Nationale, sitting: 163, 24/02/2020	2020-02-24	Lower house	15e législature	session ordinaire 2019-2020 (CRSANR5L15S2020O1N163)	-	163. séance	-	COVID	English	Regular	notMP	notMinister	LR	Les Républicains	Opposition	Centre-right	PA605991	Genevard, Annie	F	1956	
ParlaMint-FR-en_2020-02-24-O1163	ParlaMint-FR_2020-02-24-O1163.u541	Proceedings of the debates in plenary sitting of the Assemblée Nationale, sitting: 163, 24/02/2020	2020-02-24	Lower house	15e législature	session ordinaire 2019-2020 (CRSANR5L15S2020O1N163)	-	163. séance	-	COVID	English	Regular	MP	notMinister	-	-	-	-	PA332614	Juanico, Régis	M	1972	
ParlaMint-FR-en_2020-02-24-O1163	ParlaMint-FR_2020-02-24-O1163.u542	Proceedings of the debates in plenary sitting of the Assemblée Nationale, sitting: 163, 24/02/2020	2020-02-24	Lower house	15e législature	session ordinaire 2019-2020 (CRSANR5L15S2020O1N163)	-	163. séance	-	COVID	English	Regular	notMP	notMinister	LR	Les Républicains	Opposition	Centre-right	PA608416	Hetzel, Patrick	M	1964	
ParlaMint-FR-en_2020-02-24-O1163	ParlaMint-FR_2020-02-24-O1163.u543	Proceedings of the debates in plenary sitting of the Assemblée Nationale, sitting: 163, 24/02/2020	2020-02-24	Lower house	15e législature	session ordinaire 2019-2020 (CRSANR5L15S2020O1N163)	-	163. séance	-	COVID	English	Regular	MP	notMinister	-	-	-	-	PA332614	Juanico, Régis	M	1972	
ParlaMint-FR-en_2020-02-24-O1163	ParlaMint-FR_2020-02-24-O1163.u544	Proceedings of the debates in plenary sitting of the Assemblée Nationale, sitting: 163, 24/02/2020	2020-02-24	Lower house	15e législature	session ordinaire 2019-2020 (CRSANR5L15S2020O1N163)	-	163. séance	-	COVID	English	Regular	notMP	notMinister	LR	Les Républicains	Opposition	Centre-right	PA605991	Genevard, Annie	F	1956	
ParlaMint-FR-en_2020-02-24-O1163	ParlaMint-FR_2020-02-24-O1163.u545	Proceedings of the debates in plenary sitting of the Assemblée Nationale, sitting: 163, 24/02/2020	2020-02-24	Lower house	15e législature	session ordinaire 2019-2020 (CRSANR5L15S2020O1N163)	-	163. séance	-	COVID	English	Regular	MP	notMinister	FI	La France insoumise	Opposition	Left to far-left	PA2150	Mélenchon, Jean-Luc	M	1951	
ParlaMint-FR-en_2020-02-24-O1163	ParlaMint-FR_2020-02-24-O1163.u546	Proceedings of the debates in plenary sitting of the Assemblée Nationale, sitting: 163, 24/02/2020	2020-02-24	Lower house	15e législature	session ordinaire 2019-2020 (CRSANR5L15S2020O1N163)	-	163. séance	-	COVID	English	Guest	-	-	-	-	-	-	-	-	-	-
ParlaMint-FR-en_2020-02-24-O1163	ParlaMint-FR_2020-02-24-O1163.u547	Proceedings of the debates in plenary sitting of the Assemblée Nationale, sitting: 163, 24/02/2020	2020-02-24	Lower house	15e législature	session ordinaire 2019-2020 (CRSANR5L15S2020O1N163)	-	163. séance	-	COVID	English	Regular	MP	notMinister	FI	La France insoumise	Opposition	Left to far-left	PA2150	Mélenchon, Jean-Luc	M	1951	
ParlaMint-FR-en_2020-02-24-O1163	ParlaMint-FR_2020-02-24-O1163.u548	Proceedings of the debates in plenary sitting of the Assemblée Nationale, sitting: 163, 24/02/2020	2020-02-24	Lower house	15e législature	session ordinaire 2019-2020 (CRSANR5L15S2020O1N163)	-	163. séance	-	COVID	English	Regular	notMP	notMinister	LR	Les Républicains	Opposition	Centre-right	PA605991	Genevard, Annie	F	1956	
ParlaMint-FR-en_2020-02-24-O1163	ParlaMint-FR_2020-02-24-O1163.u549	Proceedings of the debates in plenary sitting of the Assemblée Nationale, sitting: 163, 24/02/2020	2020-02-24	Lower house	15e législature	session ordinaire 2019-2020 (CRSANR5L15S2020O1N163)	-	163. séance	-	COVID	English	Regular	notMP	notMinister	GDR	Gauche démocrate et républicaine	Opposition	Left	PA722202	Jumel, Sébastien	M	1971	
ParlaMint-FR-en_2020-02-24-O1163	ParlaMint-FR_2020-02-24-O1163.u550	Proceedings of the debates in plenary sitting of the Assemblée Nationale, sitting: 163, 24/02/2020	2020-02-24	Lower house	15e législature	session ordinaire 2019-2020 (CRSANR5L15S2020O1N163)	-	163. séance	-	COVID	English	Regular	notMP	notMinister	MODEM	Mouvement Démocrate et apparentés	Coalition	Centre to centre-right	PA719558	Balanant, Erwan	M	1971	
ParlaMint-FR-en_2020-02-24-O1163	ParlaMint-FR_2020-02-24-O1163.u551	Proceedings of the debates in plenary sitting of the Assemblée Nationale, sitting: 163, 24/02/2020	2020-02-24	Lower house	15e législature	session ordinaire 2019-2020 (CRSANR5L15S2020O1N163)	-	163. séance	-	COVID	English	Regular	notMP	notMinister	GDR	Gauche démocrate et républicaine	Opposition	Left	PA722202	Jumel, Sébastien	M	1971	
ParlaMint-FR-en_2020-02-24-O1163	ParlaMint-FR_2020-02-24-O1163.u552	Proceedings of the debates in plenary sitting of the Assemblée Nationale, sitting: 163, 24/02/2020	2020-02-24	Lower house	15e législature	session ordinaire 2019-2020 (CRSANR5L15S2020O1N163)	-	163. séance	-	COVID	English	Regular	notMP	notMinister	LR	Les Républicains	Opposition	Centre-right	PA605991	Genevard, Annie	F	1956	
ParlaMint-FR-en_2020-02-24-O1163	ParlaMint-FR_2020-02-24-O1163.u553	Proceedings of the debates in plenary sitting of the Assemblée Nationale, sitting: 163, 24/02/2020	2020-02-24	Lower house	15e législature	session ordinaire 2019-2020 (CRSANR5L15S2020O1N163)	-	163. séance	-	COVID	English	Regular	notMP	notMinister	GDR	Gauche démocrate et républicaine	Opposition	Left	PA722202	Jumel, Sébastien	M	1971	
ParlaMint-FR-en_2020-02-24-O1163	ParlaMint-FR_2020-02-24-O1163.u554	Proceedings of the debates in plenary sitting of the Assemblée Nationale, sitting: 163, 24/02/2020	2020-02-24	Lower house	15e législature	session ordinaire 2019-2020 (CRSANR5L15S2020O1N163)	-	163. séance	-	COVID	English	Guest	-	-	-	-	-	-	-	-	-	-
ParlaMint-FR-en_2020-02-24-O1163	ParlaMint-FR_2020-02-24-O1163.u555	Proceedings of the debates in plenary sitting of the Assemblée Nationale, sitting: 163, 24/02/2020	2020-02-24	Lower house	15e législature	session ordinaire 2019-2020 (CRSANR5L15S2020O1N163)	-	163. séance	-	COVID	English	Regular	notMP	notMinister	GDR	Gauche démocrate et républicaine	Opposition	Left	PA722202	Jumel, Sébastien	M	1971	
ParlaMint-FR-en_2020-02-24-O1163	ParlaMint-FR_2020-02-24-O1163.u556	Proceedings of the debates in plenary sitting of the Assemblée Nationale, sitting: 163, 24/02/2020	2020-02-24	Lower house	15e législature	session ordinaire 2019-2020 (CRSANR5L15S2020O1N163)	-	163. séance	-	COVID	English	Regular	notMP	notMinister	LR	Les Républicains	Opposition	Centre-right	PA605991	Genevard, Annie	F	1956	
ParlaMint-FR-en_2020-02-24-O1163	ParlaMint-FR_2020-02-24-O1163.u557	Proceedings of the debates in plenary sitting of the Assemblée Nationale, sitting: 163, 24/02/2020	2020-02-24	Lower house	15e législature	session ordinaire 2019-2020 (CRSANR5L15S2020O1N163)	-	163. séance	-	COVID	English	Regular	notMP	notMinister	GDR	Gauche démocrate et républicaine	Opposition	Left	PA722202	Jumel, Sébastien	M	1971	
ParlaMint-FR-en_2020-02-24-O1163	ParlaMint-FR_2020-02-24-O1163.u558	Proceedings of the debates in plenary sitting of the Assemblée Nationale, sitting: 163, 24/02/2020	2020-02-24	Lower house	15e législature	session ordinaire 2019-2020 (CRSANR5L15S2020O1N163)	-	163. séance	-	COVID	English	Regular	notMP	notMinister	LR	Les Républicains	Opposition	Centre-right	PA605991	Genevard, Annie	F	1956	
ParlaMint-FR-en_2020-02-24-O1163	ParlaMint-FR_2020-02-24-O1163.u559	Proceedings of the debates in plenary sitting of the Assemblée Nationale, sitting: 163, 24/02/2020	2020-02-24	Lower house	15e législature	session ordinaire 2019-2020 (CRSANR5L15S2020O1N163)	-	163. séance	-	COVID	English	Regular	notMP	notMinister	LAREM	La République en Marche	Coalition	Centre	PA721458	Roseren, Xavier	M	1970	
ParlaMint-FR-en_2020-02-24-O1163	ParlaMint-FR_2020-02-24-O1163.u560	Proceedings of the debates in plenary sitting of the Assemblée Nationale, sitting: 163, 24/02/2020	2020-02-24	Lower house	15e législature	session ordinaire 2019-2020 (CRSANR5L15S2020O1N163)	-	163. séance	-	COVID	English	Regular	notMP	notMinister	LR	Les Républicains	Opposition	Centre-right	PA332523	Dalloz, Marie-Christine	F	1958	
ParlaMint-FR-en_2020-02-24-O1163	ParlaMint-FR_2020-02-24-O1163.u561	Proceedings of the debates in plenary sitting of the Assemblée Nationale, sitting: 163, 24/02/2020	2020-02-24	Lower house	15e législature	session ordinaire 2019-2020 (CRSANR5L15S2020O1N163)	-	163. séance	-	COVID	English	Regular	notMP	notMinister	LAREM	La République en Marche	Coalition	Centre	PA721458	Roseren, Xavier	M	1970	
ParlaMint-FR-en_2020-02-24-O1163	ParlaMint-FR_2020-02-24-O1163.u562	Proceedings of the debates in plenary sitting of the Assemblée Nationale, sitting: 163, 24/02/2020	2020-02-24	Lower house	15e législature	session ordinaire 2019-2020 (CRSANR5L15S2020O1N163)	-	163. séance	-	COVID	English	Regular	notMP	notMinister	LR	Les Républicains	Opposition	Centre-right	PA605991	Genevard, Annie	F	1956	
ParlaMint-FR-en_2020-02-24-O1163	ParlaMint-FR_2020-02-24-O1163.u563	Proceedings of the debates in plenary sitting of the Assemblée Nationale, sitting: 163, 24/02/2020	2020-02-24	Lower house	15e législature	session ordinaire 2019-2020 (CRSANR5L15S2020O1N163)	-	163. séance	-	COVID	English	Regular	notMP	notMinister	LR	Les Républicains	Opposition	Centre-right	PA332523	Dalloz, Marie-Christine	F	1958	
ParlaMint-FR-en_2020-02-24-O1163	ParlaMint-FR_2020-02-24-O1163.u564	Proceedings of the debates in plenary sitting of the Assemblée Nationale, sitting: 163, 24/02/2020	2020-02-24	Lower house	15e législature	session ordinaire 2019-2020 (CRSANR5L15S2020O1N163)	-	163. séance	-	COVID	English	Regular	notMP	notMinister	LR	Les Républicains	Opposition	Centre-right	PA642847	Bazin, Thibault	M	1984	
ParlaMint-FR-en_2020-02-24-O1163	ParlaMint-FR_2020-02-24-O1163.u565	Proceedings of the debates in plenary sitting of the Assemblée Nationale, sitting: 163, 24/02/2020	2020-02-24	Lower house	15e législature	session ordinaire 2019-2020 (CRSANR5L15S2020O1N163)	-	163. séance	-	COVID	English	Regular	notMP	notMinister	LR	Les Républicains	Opposition	Centre-right	PA332523	Dalloz, Marie-Christine	F	1958	
ParlaMint-FR-en_2020-02-24-O1163	ParlaMint-FR_2020-02-24-O1163.u566	Proceedings of the debates in plenary sitting of the Assemblée Nationale, sitting: 163, 24/02/2020	2020-02-24	Lower house	15e législature	session ordinaire 2019-2020 (CRSANR5L15S2020O1N163)	-	163. séance	-	COVID	English	Chairperson	notMP	notMinister	LR	Les Républicains	Opposition	Centre-right	PA605991	Genevard, Annie	F	1956	
ParlaMint-FR-en_2020-02-24-O1163	ParlaMint-FR_2020-02-24-O1163.u567	Proceedings of the debates in plenary sitting of the Assemblée Nationale, sitting: 163, 24/02/2020	2020-02-24	Lower house	15e législature	session ordinaire 2019-2020 (CRSANR5L15S2020O1N163)	-	163. séance	-	COVID	English	Regular	notMP	notMinister	SOC	Socialistes et apparentés	-	Centre-left to left	PA1008	David, Alain	M	1949	
ParlaMint-FR-en_2020-02-24-O1163	ParlaMint-FR_2020-02-24-O1163.u568	Proceedings of the debates in plenary sitting of the Assemblée Nationale, sitting: 163, 24/02/2020	2020-02-24	Lower house	15e législature	session ordinaire 2019-2020 (CRSANR5L15S2020O1N163)	-	163. séance	-	COVID	English	Chairperson	notMP	notMinister	LR	Les Républicains	Opposition	Centre-right	PA605991	Genevard, Annie	F	1956	
ParlaMint-FR-en_2020-02-24-O1163	ParlaMint-FR_2020-02-24-O1163.u569	Proceedings of the debates in plenary sitting of the Assemblée Nationale, sitting: 163, 24/02/2020	2020-02-24	Lower house	15e législature	session ordinaire 2019-2020 (CRSANR5L15S2020O1N163)	-	163. séance	-	COVID	English	Regular	MP	notMinister	-	-	-	-	PA720822	Bilde, Bruno	M	1976	
ParlaMint-FR-en_2020-02-24-O1163	ParlaMint-FR_2020-02-24-O1163.u570	Proceedings of the debates in plenary sitting of the Assemblée Nationale, sitting: 163, 24/02/2020	2020-02-24	Lower house	15e législature	session ordinaire 2019-2020 (CRSANR5L15S2020O1N163)	-	163. séance	-	COVID	English	Chairperson	notMP	notMinister	LR	Les Républicains	Opposition	Centre-right	PA605991	Genevard, Annie	F	1956	
ParlaMint-FR-en_2020-02-24-O1163	ParlaMint-FR_2020-02-24-O1163.u571	Proceedings of the debates in plenary sitting of the Assemblée Nationale, sitting: 163, 24/02/2020	2020-02-24	Lower house	15e législature	session ordinaire 2019-2020 (CRSANR5L15S2020O1N163)	-	163. séance	-	COVID	English	Regular	notMP	notMinister	FI	La France insoumise	Opposition	Left to far-left	PA720892	Panot, Mathilde	F	1989	
ParlaMint-FR-en_2020-02-24-O1163	ParlaMint-FR_2020-02-24-O1163.u572	Proceedings of the debates in plenary sitting of the Assemblée Nationale, sitting: 163, 24/02/2020	2020-02-24	Lower house	15e législature	session ordinaire 2019-2020 (CRSANR5L15S2020O1N163)	-	163. séance	-	COVID	English	Chairperson	notMP	notMinister	LR	Les Républicains	Opposition	Centre-right	PA605991	Genevard, Annie	F	1956	
ParlaMint-FR-en_2020-02-24-O1163	ParlaMint-FR_2020-02-24-O1163.u573	Proceedings of the debates in plenary sitting of the Assemblée Nationale, sitting: 163, 24/02/2020	2020-02-24	Lower house	15e législature	session ordinaire 2019-2020 (CRSANR5L15S2020O1N163)	-	163. séance	-	COVID	English	Regular	MP	notMinister	LR	Les Républicains	Opposition	Centre-right	PA267289	Door, Jean-Pierre	M	1942	
ParlaMint-FR-en_2020-02-24-O1163	ParlaMint-FR_2020-02-24-O1163.u574	Proceedings of the debates in plenary sitting of the Assemblée Nationale, sitting: 163, 24/02/2020	2020-02-24	Lower house	15e législature	session ordinaire 2019-2020 (CRSANR5L15S2020O1N163)	-	163. séance	-	COVID	English	Regular	MP	notMinister	LAREM	La République en Marche	Coalition	Centre	PA643127	Questel, Bruno	M	1966	
ParlaMint-FR-en_2020-02-24-O1163	ParlaMint-FR_2020-02-24-O1163.u575	Proceedings of the debates in plenary sitting of the Assemblée Nationale, sitting: 163, 24/02/2020	2020-02-24	Lower house	15e législature	session ordinaire 2019-2020 (CRSANR5L15S2020O1N163)	-	163. séance	-	COVID	English	Regular	MP	notMinister	LR	Les Républicains	Opposition	Centre-right	PA267289	Door, Jean-Pierre	M	1942	
ParlaMint-FR-en_2020-02-24-O1163	ParlaMint-FR_2020-02-24-O1163.u576	Proceedings of the debates in plenary sitting of the Assemblée Nationale, sitting: 163, 24/02/2020	2020-02-24	Lower house	15e législature	session ordinaire 2019-2020 (CRSANR5L15S2020O1N163)	-	163. séance	-	COVID	English	Chairperson	notMP	notMinister	LR	Les Républicains	Opposition	Centre-right	PA605991	Genevard, Annie	F	1956	
ParlaMint-FR-en_2020-02-24-O1163	ParlaMint-FR_2020-02-24-O1163.u577	Proceedings of the debates in plenary sitting of the Assemblée Nationale, sitting: 163, 24/02/2020	2020-02-24	Lower house	15e législature	session ordinaire 2019-2020 (CRSANR5L15S2020O1N163)	-	163. séance	-	COVID	English	Regular	MP	notMinister	GDR	Gauche démocrate et républicaine	Opposition	Left	PA718926	Dharréville, Pierre	M	1975	
ParlaMint-FR-en_2020-02-24-O1163	ParlaMint-FR_2020-02-24-O1163.u578	Proceedings of the debates in plenary sitting of the Assemblée Nationale, sitting: 163, 24/02/2020	2020-02-24	Lower house	15e législature	session ordinaire 2019-2020 (CRSANR5L15S2020O1N163)	-	163. séance	-	COVID	English	Chairperson	notMP	notMinister	LR	Les Républicains	Opposition	Centre-right	PA605991	Genevard, Annie	F	1956	
ParlaMint-FR-en_2020-02-24-O1163	ParlaMint-FR_2020-02-24-O1163.u579	Proceedings of the debates in plenary sitting of the Assemblée Nationale, sitting: 163, 24/02/2020	2020-02-24	Lower house	15e législature	session ordinaire 2019-2020 (CRSANR5L15S2020O1N163)	-	163. séance	-	COVID	English	Regular	notMP	notMinister	LR	Les Républicains	Opposition	Centre-right	PA606098	Marleix, Olivier	M	1971	
ParlaMint-FR-en_2020-02-24-O1163	ParlaMint-FR_2020-02-24-O1163.u580	Proceedings of the debates in plenary sitting of the Assemblée Nationale, sitting: 163, 24/02/2020	2020-02-24	Lower house	15e législature	session ordinaire 2019-2020 (CRSANR5L15S2020O1N163)	-	163. séance	-	COVID	English	Regular	MP	notMinister	GDR	Gauche démocrate et républicaine	Opposition	Left	PA718720	Dufrègne, Jean-Paul	M	1958	
ParlaMint-FR-en_2020-02-24-O1163	ParlaMint-FR_2020-02-24-O1163.u581	Proceedings of the debates in plenary sitting of the Assemblée Nationale, sitting: 163, 24/02/2020	2020-02-24	Lower house	15e législature	session ordinaire 2019-2020 (CRSANR5L15S2020O1N163)	-	163. séance	-	COVID	English	Regular	notMP	notMinister	LR	Les Républicains	Opposition	Centre-right	PA606098	Marleix, Olivier	M	1971	
ParlaMint-FR-en_2020-02-24-O1163	ParlaMint-FR_2020-02-24-O1163.u582	Proceedings of the debates in plenary sitting of the Assemblée Nationale, sitting: 163, 24/02/2020	2020-02-24	Lower house	15e législature	session ordinaire 2019-2020 (CRSANR5L15S2020O1N163)	-	163. séance	-	COVID	English	Regular	MP	notMinister	LAREM	La République en Marche	Coalition	Centre	PA721134	Lescure, Roland	M	1966	
ParlaMint-FR-en_2020-02-24-O1163	ParlaMint-FR_2020-02-24-O1163.u583	Proceedings of the debates in plenary sitting of the Assemblée Nationale, sitting: 163, 24/02/2020	2020-02-24	Lower house	15e législature	session ordinaire 2019-2020 (CRSANR5L15S2020O1N163)	-	163. séance	-	COVID	English	Regular	notMP	notMinister	LR	Les Républicains	Opposition	Centre-right	PA606098	Marleix, Olivier	M	1971	
ParlaMint-FR-en_2020-02-24-O1163	ParlaMint-FR_2020-02-24-O1163.u584	Proceedings of the debates in plenary sitting of the Assemblée Nationale, sitting: 163, 24/02/2020	2020-02-24	Lower house	15e législature	session ordinaire 2019-2020 (CRSANR5L15S2020O1N163)	-	163. séance	-	COVID	English	Guest	-	-	-	-	-	-	-	-	-	-
ParlaMint-FR-en_2020-02-24-O1163	ParlaMint-FR_2020-02-24-O1163.u585	Proceedings of the debates in plenary sitting of the Assemblée Nationale, sitting: 163, 24/02/2020	2020-02-24	Lower house	15e législature	session ordinaire 2019-2020 (CRSANR5L15S2020O1N163)	-	163. séance	-	COVID	English	Regular	notMP	notMinister	LR	Les Républicains	Opposition	Centre-right	PA606098	Marleix, Olivier	M	1971	
ParlaMint-FR-en_2020-02-24-O1163	ParlaMint-FR_2020-02-24-O1163.u586	Proceedings of the debates in plenary sitting of the Assemblée Nationale, sitting: 163, 24/02/2020	2020-02-24	Lower house	15e législature	session ordinaire 2019-2020 (CRSANR5L15S2020O1N163)	-	163. séance	-	COVID	English	Regular	notMP	notMinister	LR	Les Républicains	Opposition	Centre-right	PA605991	Genevard, Annie	F	1956	
ParlaMint-FR-en_2020-02-24-O1163	ParlaMint-FR_2020-02-24-O1163.u587	Proceedings of the debates in plenary sitting of the Assemblée Nationale, sitting: 163, 24/02/2020	2020-02-24	Lower house	15e législature	session ordinaire 2019-2020 (CRSANR5L15S2020O1N163)	-	163. séance	-	COVID	English	Regular	notMP	notMinister	LAREM	La République en Marche	Coalition	Centre	PA721296	Gouffier Valente, Guillaume	M	1986	
ParlaMint-FR-en_2020-02-24-O1163	ParlaMint-FR_2020-02-24-O1163.u588	Proceedings of the debates in plenary sitting of the Assemblée Nationale, sitting: 163, 24/02/2020	2020-02-24	Lower house	15e législature	session ordinaire 2019-2020 (CRSANR5L15S2020O1N163)	-	163. séance	-	COVID	English	Regular	notMP	notMinister	LR	Les Républicains	Opposition	Centre-right	PA608416	Hetzel, Patrick	M	1964	
ParlaMint-FR-en_2020-02-24-O1163	ParlaMint-FR_2020-02-24-O1163.u589	Proceedings of the debates in plenary sitting of the Assemblée Nationale, sitting: 163, 24/02/2020	2020-02-24	Lower house	15e législature	session ordinaire 2019-2020 (CRSANR5L15S2020O1N163)	-	163. séance	-	COVID	English	Regular	notMP	notMinister	LAREM	La République en Marche	Coalition	Centre	PA721296	Gouffier Valente, Guillaume	M	1986	
ParlaMint-FR-en_2020-02-24-O1163	ParlaMint-FR_2020-02-24-O1163.u590	Proceedings of the debates in plenary sitting of the Assemblée Nationale, sitting: 163, 24/02/2020	2020-02-24	Lower house	15e législature	session ordinaire 2019-2020 (CRSANR5L15S2020O1N163)	-	163. séance	-	COVID	English	Regular	notMP	notMinister	LR	Les Républicains	Opposition	Centre-right	PA605991	Genevard, Annie	F	1956	
ParlaMint-FR-en_2020-02-24-O1163	ParlaMint-FR_2020-02-24-O1163.u591	Proceedings of the debates in plenary sitting of the Assemblée Nationale, sitting: 163, 24/02/2020	2020-02-24	Lower house	15e législature	session ordinaire 2019-2020 (CRSANR5L15S2020O1N163)	-	163. séance	-	COVID	English	Regular	notMP	notMinister	-	-	-	-	PA720512	Pietraszewski, Laurent	M	1966	
ParlaMint-FR-en_2020-02-24-O1163	ParlaMint-FR_2020-02-24-O1163.u592	Proceedings of the debates in plenary sitting of the Assemblée Nationale, sitting: 163, 24/02/2020	2020-02-24	Lower house	15e législature	session ordinaire 2019-2020 (CRSANR5L15S2020O1N163)	-	163. séance	-	COVID	English	Guest	-	-	-	-	-	-	-	-	-	-
ParlaMint-FR-en_2020-02-24-O1163	ParlaMint-FR_2020-02-24-O1163.u593	Proceedings of the debates in plenary sitting of the Assemblée Nationale, sitting: 163, 24/02/2020	2020-02-24	Lower house	15e législature	session ordinaire 2019-2020 (CRSANR5L15S2020O1N163)	-	163. séance	-	COVID	English	Regular	notMP	notMinister	LR	Les Républicains	Opposition	Centre-right	PA606098	Marleix, Olivier	M	1971	
ParlaMint-FR-en_2020-02-24-O1163	ParlaMint-FR_2020-02-24-O1163.u594	Proceedings of the debates in plenary sitting of the Assemblée Nationale, sitting: 163, 24/02/2020	2020-02-24	Lower house	15e législature	session ordinaire 2019-2020 (CRSANR5L15S2020O1N163)	-	163. séance	-	COVID	English	Regular	notMP	notMinister	-	-	-	-	PA720512	Pietraszewski, Laurent	M	1966	
ParlaMint-FR-en_2020-02-24-O1163	ParlaMint-FR_2020-02-24-O1163.u595	Proceedings of the debates in plenary sitting of the Assemblée Nationale, sitting: 163, 24/02/2020	2020-02-24	Lower house	15e législature	session ordinaire 2019-2020 (CRSANR5L15S2020O1N163)	-	163. séance	-	COVID	English	Regular	notMP	notMinister	LR	Les Républicains	Opposition	Centre-right	PA608416	Hetzel, Patrick	M	1964	
ParlaMint-FR-en_2020-02-24-O1163	ParlaMint-FR_2020-02-24-O1163.u596	Proceedings of the debates in plenary sitting of the Assemblée Nationale, sitting: 163, 24/02/2020	2020-02-24	Lower house	15e législature	session ordinaire 2019-2020 (CRSANR5L15S2020O1N163)	-	163. séance	-	COVID	English	Regular	notMP	notMinister	LR	Les Républicains	Opposition	Centre-right	PA605991	Genevard, Annie	F	1956	
ParlaMint-FR-en_2020-02-24-O1163	ParlaMint-FR_2020-02-24-O1163.u597	Proceedings of the debates in plenary sitting of the Assemblée Nationale, sitting: 163, 24/02/2020	2020-02-24	Lower house	15e législature	session ordinaire 2019-2020 (CRSANR5L15S2020O1N163)	-	163. séance	-	COVID	English	Regular	notMP	notMinister	LR	Les Républicains	Opposition	Centre-right	PA642847	Bazin, Thibault	M	1984	
ParlaMint-FR-en_2020-02-24-O1163	ParlaMint-FR_2020-02-24-O1163.u598	Proceedings of the debates in plenary sitting of the Assemblée Nationale, sitting: 163, 24/02/2020	2020-02-24	Lower house	15e législature	session ordinaire 2019-2020 (CRSANR5L15S2020O1N163)	-	163. séance	-	COVID	English	Regular	notMP	notMinister	GDR	Gauche démocrate et républicaine	Opposition	Left	PA722202	Jumel, Sébastien	M	1971	
ParlaMint-FR-en_2020-02-24-O1163	ParlaMint-FR_2020-02-24-O1163.u599	Proceedings of the debates in plenary sitting of the Assemblée Nationale, sitting: 163, 24/02/2020	2020-02-24	Lower house	15e législature	session ordinaire 2019-2020 (CRSANR5L15S2020O1N163)	-	163. séance	-	COVID	English	Regular	notMP	notMinister	LR	Les Républicains	Opposition	Centre-right	PA642847	Bazin, Thibault	M	1984	
ParlaMint-FR-en_2020-02-24-O1163	ParlaMint-FR_2020-02-24-O1163.u600	Proceedings of the debates in plenary sitting of the Assemblée Nationale, sitting: 163, 24/02/2020	2020-02-24	Lower house	15e législature	session ordinaire 2019-2020 (CRSANR5L15S2020O1N163)	-	163. séance	-	COVID	English	Regular	notMP	notMinister	LR	Les Républicains	Opposition	Centre-right	PA332523	Dalloz, Marie-Christine	F	1958	
ParlaMint-FR-en_2020-02-24-O1163	ParlaMint-FR_2020-02-24-O1163.u601	Proceedings of the debates in plenary sitting of the Assemblée Nationale, sitting: 163, 24/02/2020	2020-02-24	Lower house	15e législature	session ordinaire 2019-2020 (CRSANR5L15S2020O1N163)	-	163. séance	-	COVID	English	Regular	notMP	notMinister	LR	Les Républicains	Opposition	Centre-right	PA642847	Bazin, Thibault	M	1984	
ParlaMint-FR-en_2020-02-24-O1163	ParlaMint-FR_2020-02-24-O1163.u602	Proceedings of the debates in plenary sitting of the Assemblée Nationale, sitting: 163, 24/02/2020	2020-02-24	Lower house	15e législature	session ordinaire 2019-2020 (CRSANR5L15S2020O1N163)	-	163. séance	-	COVID	English	Regular	notMP	notMinister	LR	Les Républicains	Opposition	Centre-right	PA606098	Marleix, Olivier	M	1971	
ParlaMint-FR-en_2020-02-24-O1163	ParlaMint-FR_2020-02-24-O1163.u603	Proceedings of the debates in plenary sitting of the Assemblée Nationale, sitting: 163, 24/02/2020	2020-02-24	Lower house	15e législature	session ordinaire 2019-2020 (CRSANR5L15S2020O1N163)	-	163. séance	-	COVID	English	Regular	notMP	notMinister	LR	Les Républicains	Opposition	Centre-right	PA608416	Hetzel, Patrick	M	1964	
ParlaMint-FR-en_2020-02-24-O1163	ParlaMint-FR_2020-02-24-O1163.u604	Proceedings of the debates in plenary sitting of the Assemblée Nationale, sitting: 163, 24/02/2020	2020-02-24	Lower house	15e législature	session ordinaire 2019-2020 (CRSANR5L15S2020O1N163)	-	163. séance	-	COVID	English	Regular	notMP	notMinister	LR	Les Républicains	Opposition	Centre-right	PA642847	Bazin, Thibault	M	1984	
ParlaMint-FR-en_2020-02-24-O1163	ParlaMint-FR_2020-02-24-O1163.u605	Proceedings of the debates in plenary sitting of the Assemblée Nationale, sitting: 163, 24/02/2020	2020-02-24	Lower house	15e législature	session ordinaire 2019-2020 (CRSANR5L15S2020O1N163)	-	163. séance	-	COVID	English	Regular	notMP	notMinister	LR	Les Républicains	Opposition	Centre-right	PA605991	Genevard, Annie	F	1956	
ParlaMint-FR-en_2020-02-24-O1163	ParlaMint-FR_2020-02-24-O1163.u606	Proceedings of the debates in plenary sitting of the Assemblée Nationale, sitting: 163, 24/02/2020	2020-02-24	Lower house	15e législature	session ordinaire 2019-2020 (CRSANR5L15S2020O1N163)	-	163. séance	-	COVID	English	Regular	MP	notMinister	FI	La France insoumise	Opposition	Left to far-left	PA2150	Mélenchon, Jean-Luc	M	1951	
ParlaMint-FR-en_2020-02-24-O1163	ParlaMint-FR_2020-02-24-O1163.u607	Proceedings of the debates in plenary sitting of the Assemblée Nationale, sitting: 163, 24/02/2020	2020-02-24	Lower house	15e législature	session ordinaire 2019-2020 (CRSANR5L15S2020O1N163)	-	163. séance	-	COVID	English	Regular	MP	notMinister	LAREM	La République en Marche	Coalition	Centre	PA643127	Questel, Bruno	M	1966	
ParlaMint-FR-en_2020-02-24-O1163	ParlaMint-FR_2020-02-24-O1163.u608	Proceedings of the debates in plenary sitting of the Assemblée Nationale, sitting: 163, 24/02/2020	2020-02-24	Lower house	15e législature	session ordinaire 2019-2020 (CRSANR5L15S2020O1N163)	-	163. séance	-	COVID	English	Regular	MP	notMinister	FI	La France insoumise	Opposition	Left to far-left	PA2150	Mélenchon, Jean-Luc	M	1951	
ParlaMint-FR-en_2020-02-24-O1163	ParlaMint-FR_2020-02-24-O1163.u609	Proceedings of the debates in plenary sitting of the Assemblée Nationale, sitting: 163, 24/02/2020	2020-02-24	Lower house	15e législature	session ordinaire 2019-2020 (CRSANR5L15S2020O1N163)	-	163. séance	-	COVID	English	Regular	notMP	notMinister	UDI-A-I	UDI, Agir et Indépendants	-	Right	PA332228	Benoit, Thierry	M	1966	
ParlaMint-FR-en_2020-02-24-O1163	ParlaMint-FR_2020-02-24-O1163.u610	Proceedings of the debates in plenary sitting of the Assemblée Nationale, sitting: 163, 24/02/2020	2020-02-24	Lower house	15e législature	session ordinaire 2019-2020 (CRSANR5L15S2020O1N163)	-	163. séance	-	COVID	English	Regular	MP	notMinister	FI	La France insoumise	Opposition	Left to far-left	PA2150	Mélenchon, Jean-Luc	M	1951	
ParlaMint-FR-en_2020-02-24-O1163	ParlaMint-FR_2020-02-24-O1163.u611	Proceedings of the debates in plenary sitting of the Assemblée Nationale, sitting: 163, 24/02/2020	2020-02-24	Lower house	15e législature	session ordinaire 2019-2020 (CRSANR5L15S2020O1N163)	-	163. séance	-	COVID	English	Regular	notMP	notMinister	LR	Les Républicains	Opposition	Centre-right	PA605991	Genevard, Annie	F	1956	
ParlaMint-FR-en_2020-02-24-O1163	ParlaMint-FR_2020-02-24-O1163.u612	Proceedings of the debates in plenary sitting of the Assemblée Nationale, sitting: 163, 24/02/2020	2020-02-24	Lower house	15e législature	session ordinaire 2019-2020 (CRSANR5L15S2020O1N163)	-	163. séance	-	COVID	English	Regular	MP	notMinister	LAREM	La République en Marche	Coalition	Centre	PA719850	Motin, Cendra	F	1975	
ParlaMint-FR-en_2020-02-24-O1163	ParlaMint-FR_2020-02-24-O1163.u613	Proceedings of the debates in plenary sitting of the Assemblée Nationale, sitting: 163, 24/02/2020	2020-02-24	Lower house	15e législature	session ordinaire 2019-2020 (CRSANR5L15S2020O1N163)	-	163. séance	-	COVID	English	Regular	notMP	notMinister	LR	Les Républicains	Opposition	Centre-right	PA606098	Marleix, Olivier	M	1971	
ParlaMint-FR-en_2020-02-24-O1163	ParlaMint-FR_2020-02-24-O1163.u614	Proceedings of the debates in plenary sitting of the Assemblée Nationale, sitting: 163, 24/02/2020	2020-02-24	Lower house	15e législature	session ordinaire 2019-2020 (CRSANR5L15S2020O1N163)	-	163. séance	-	COVID	English	Regular	MP	notMinister	LAREM	La République en Marche	Coalition	Centre	PA719850	Motin, Cendra	F	1975	
ParlaMint-FR-en_2020-02-24-O1163	ParlaMint-FR_2020-02-24-O1163.u615	Proceedings of the debates in plenary sitting of the Assemblée Nationale, sitting: 163, 24/02/2020	2020-02-24	Lower house	15e législature	session ordinaire 2019-2020 (CRSANR5L15S2020O1N163)	-	163. séance	-	COVID	English	Regular	notMP	notMinister	GDR	Gauche démocrate et républicaine	Opposition	Left	PA720692	Roussel, Fabien	M	1969	
ParlaMint-FR-en_2020-02-24-O1163	ParlaMint-FR_2020-02-24-O1163.u616	Proceedings of the debates in plenary sitting of the Assemblée Nationale, sitting: 163, 24/02/2020	2020-02-24	Lower house	15e législature	session ordinaire 2019-2020 (CRSANR5L15S2020O1N163)	-	163. séance	-	COVID	English	Regular	MP	notMinister	LAREM	La République en Marche	Coalition	Centre	PA643127	Questel, Bruno	M	1966	
ParlaMint-FR-en_2020-02-24-O1163	ParlaMint-FR_2020-02-24-O1163.u617	Proceedings of the debates in plenary sitting of the Assemblée Nationale, sitting: 163, 24/02/2020	2020-02-24	Lower house	15e législature	session ordinaire 2019-2020 (CRSANR5L15S2020O1N163)	-	163. séance	-	COVID	English	Regular	MP	notMinister	LAREM	La République en Marche	Coalition	Centre	PA719850	Motin, Cendra	F	1975	
ParlaMint-FR-en_2020-02-24-O1163	ParlaMint-FR_2020-02-24-O1163.u618	Proceedings of the debates in plenary sitting of the Assemblée Nationale, sitting: 163, 24/02/2020	2020-02-24	Lower house	15e législature	session ordinaire 2019-2020 (CRSANR5L15S2020O1N163)	-	163. séance	-	COVID	English	Regular	MP	notMinister	FI	La France insoumise	Opposition	Left to far-left	PA2150	Mélenchon, Jean-Luc	M	1951	
ParlaMint-FR-en_2020-02-24-O1163	ParlaMint-FR_2020-02-24-O1163.u619	Proceedings of the debates in plenary sitting of the Assemblée Nationale, sitting: 163, 24/02/2020	2020-02-24	Lower house	15e législature	session ordinaire 2019-2020 (CRSANR5L15S2020O1N163)	-	163. séance	-	COVID	English	Regular	MP	notMinister	LAREM	La République en Marche	Coalition	Centre	PA719850	Motin, Cendra	F	1975	
ParlaMint-FR-en_2020-02-24-O1163	ParlaMint-FR_2020-02-24-O1163.u620	Proceedings of the debates in plenary sitting of the Assemblée Nationale, sitting: 163, 24/02/2020	2020-02-24	Lower house	15e législature	session ordinaire 2019-2020 (CRSANR5L15S2020O1N163)	-	163. séance	-	COVID	English	Regular	MP	notMinister	SOC	Socialistes et apparentés	-	Centre-left to left	PA642764	Aviragnet, Joël	M	1956	
ParlaMint-FR-en_2020-02-24-O1163	ParlaMint-FR_2020-02-24-O1163.u621	Proceedings of the debates in plenary sitting of the Assemblée Nationale, sitting: 163, 24/02/2020	2020-02-24	Lower house	15e législature	session ordinaire 2019-2020 (CRSANR5L15S2020O1N163)	-	163. séance	-	COVID	English	Regular	notMP	notMinister	LR	Les Républicains	Opposition	Centre-right	PA605991	Genevard, Annie	F	1956	
ParlaMint-FR-en_2020-02-24-O1163	ParlaMint-FR_2020-02-24-O1163.u622	Proceedings of the debates in plenary sitting of the Assemblée Nationale, sitting: 163, 24/02/2020	2020-02-24	Lower house	15e législature	session ordinaire 2019-2020 (CRSANR5L15S2020O1N163)	-	163. séance	-	COVID	English	Regular	MP	notMinister	GDR	Gauche démocrate et républicaine	Opposition	Left	PA718926	Dharréville, Pierre	M	1975	
ParlaMint-FR-en_2020-02-24-O1163	ParlaMint-FR_2020-02-24-O1163.u623	Proceedings of the debates in plenary sitting of the Assemblée Nationale, sitting: 163, 24/02/2020	2020-02-24	Lower house	15e législature	session ordinaire 2019-2020 (CRSANR5L15S2020O1N163)	-	163. séance	-	COVID	English	Regular	notMP	notMinister	LR	Les Républicains	Opposition	Centre-right	PA608416	Hetzel, Patrick	M	1964	
ParlaMint-FR-en_2020-02-24-O1163	ParlaMint-FR_2020-02-24-O1163.u624	Proceedings of the debates in plenary sitting of the Assemblée Nationale, sitting: 163, 24/02/2020	2020-02-24	Lower house	15e législature	session ordinaire 2019-2020 (CRSANR5L15S2020O1N163)	-	163. séance	-	COVID	English	Regular	MP	notMinister	GDR	Gauche démocrate et républicaine	Opposition	Left	PA718926	Dharréville, Pierre	M	1975	
ParlaMint-FR-en_2020-02-24-O1163	ParlaMint-FR_2020-02-24-O1163.u625	Proceedings of the debates in plenary sitting of the Assemblée Nationale, sitting: 163, 24/02/2020	2020-02-24	Lower house	15e législature	session ordinaire 2019-2020 (CRSANR5L15S2020O1N163)	-	163. séance	-	COVID	English	Regular	MP	notMinister	FI	La France insoumise	Opposition	Left to far-left	PA2150	Mélenchon, Jean-Luc	M	1951	
ParlaMint-FR-en_2020-02-24-O1163	ParlaMint-FR_2020-02-24-O1163.u626	Proceedings of the debates in plenary sitting of the Assemblée Nationale, sitting: 163, 24/02/2020	2020-02-24	Lower house	15e législature	session ordinaire 2019-2020 (CRSANR5L15S2020O1N163)	-	163. séance	-	COVID	English	Regular	notMP	notMinister	LR	Les Républicains	Opposition	Centre-right	PA605991	Genevard, Annie	F	1956	
ParlaMint-FR-en_2020-02-24-O1163	ParlaMint-FR_2020-02-24-O1163.u627	Proceedings of the debates in plenary sitting of the Assemblée Nationale, sitting: 163, 24/02/2020	2020-02-24	Lower house	15e législature	session ordinaire 2019-2020 (CRSANR5L15S2020O1N163)	-	163. séance	-	COVID	English	Regular	notMP	notMinister	MODEM	Mouvement Démocrate et apparentés	Coalition	Centre to centre-right	PA721182	Petit, Frédéric	M	1961	
ParlaMint-FR-en_2020-02-24-O1163	ParlaMint-FR_2020-02-24-O1163.u628	Proceedings of the debates in plenary sitting of the Assemblée Nationale, sitting: 163, 24/02/2020	2020-02-24	Lower house	15e législature	session ordinaire 2019-2020 (CRSANR5L15S2020O1N163)	-	163. séance	-	COVID	English	Regular	notMP	notMinister	LR	Les Républicains	Opposition	Centre-right	PA608416	Hetzel, Patrick	M	1964	
ParlaMint-FR-en_2020-02-24-O1163	ParlaMint-FR_2020-02-24-O1163.u629	Proceedings of the debates in plenary sitting of the Assemblée Nationale, sitting: 163, 24/02/2020	2020-02-24	Lower house	15e législature	session ordinaire 2019-2020 (CRSANR5L15S2020O1N163)	-	163. séance	-	COVID	English	Regular	notMP	notMinister	MODEM	Mouvement Démocrate et apparentés	Coalition	Centre to centre-right	PA721182	Petit, Frédéric	M	1961	
ParlaMint-FR-en_2020-02-24-O1163	ParlaMint-FR_2020-02-24-O1163.u630	Proceedings of the debates in plenary sitting of the Assemblée Nationale, sitting: 163, 24/02/2020	2020-02-24	Lower house	15e législature	session ordinaire 2019-2020 (CRSANR5L15S2020O1N163)	-	163. séance	-	COVID	English	Regular	MP	notMinister	LAREM	La République en Marche	Coalition	Centre	PA643127	Questel, Bruno	M	1966	
ParlaMint-FR-en_2020-02-24-O1163	ParlaMint-FR_2020-02-24-O1163.u631	Proceedings of the debates in plenary sitting of the Assemblée Nationale, sitting: 163, 24/02/2020	2020-02-24	Lower house	15e législature	session ordinaire 2019-2020 (CRSANR5L15S2020O1N163)	-	163. séance	-	COVID	English	Regular	notMP	notMinister	MODEM	Mouvement Démocrate et apparentés	Coalition	Centre to centre-right	PA721182	Petit, Frédéric	M	1961	
ParlaMint-FR-en_2020-02-24-O1163	ParlaMint-FR_2020-02-24-O1163.u632	Proceedings of the debates in plenary sitting of the Assemblée Nationale, sitting: 163, 24/02/2020	2020-02-24	Lower house	15e législature	session ordinaire 2019-2020 (CRSANR5L15S2020O1N163)	-	163. séance	-	COVID	English	Regular	MP	notMinister	LR	Les Républicains	Opposition	Centre-right	PA267289	Door, Jean-Pierre	M	1942	
ParlaMint-FR-en_2020-02-24-O1163	ParlaMint-FR_2020-02-24-O1163.u633	Proceedings of the debates in plenary sitting of the Assemblée Nationale, sitting: 163, 24/02/2020	2020-02-24	Lower house	15e législature	session ordinaire 2019-2020 (CRSANR5L15S2020O1N163)	-	163. séance	-	COVID	English	Regular	notMP	notMinister	MODEM	Mouvement Démocrate et apparentés	Coalition	Centre to centre-right	PA721182	Petit, Frédéric	M	1961	
ParlaMint-FR-en_2020-02-24-O1163	ParlaMint-FR_2020-02-24-O1163.u634	Proceedings of the debates in plenary sitting of the Assemblée Nationale, sitting: 163, 24/02/2020	2020-02-24	Lower house	15e législature	session ordinaire 2019-2020 (CRSANR5L15S2020O1N163)	-	163. séance	-	COVID	English	Regular	notMP	notMinister	GDR	Gauche démocrate et républicaine	Opposition	Left	PA722202	Jumel, Sébastien	M	1971	
ParlaMint-FR-en_2020-02-24-O1163	ParlaMint-FR_2020-02-24-O1163.u635	Proceedings of the debates in plenary sitting of the Assemblée Nationale, sitting: 163, 24/02/2020	2020-02-24	Lower house	15e législature	session ordinaire 2019-2020 (CRSANR5L15S2020O1N163)	-	163. séance	-	COVID	English	Regular	notMP	notMinister	MODEM	Mouvement Démocrate et apparentés	Coalition	Centre to centre-right	PA721182	Petit, Frédéric	M	1961	
ParlaMint-FR-en_2020-02-24-O1163	ParlaMint-FR_2020-02-24-O1163.u636	Proceedings of the debates in plenary sitting of the Assemblée Nationale, sitting: 163, 24/02/2020	2020-02-24	Lower house	15e législature	session ordinaire 2019-2020 (CRSANR5L15S2020O1N163)	-	163. séance	-	COVID	English	Regular	notMP	notMinister	LR	Les Républicains	Opposition	Centre-right	PA605991	Genevard, Annie	F	1956	
ParlaMint-FR-en_2020-02-24-O1163	ParlaMint-FR_2020-02-24-O1163.u637	Proceedings of the debates in plenary sitting of the Assemblée Nationale, sitting: 163, 24/02/2020	2020-02-24	Lower house	15e législature	session ordinaire 2019-2020 (CRSANR5L15S2020O1N163)	-	163. séance	-	COVID	English	Regular	notMP	notMinister	MODEM	Mouvement Démocrate et apparentés	Coalition	Centre to centre-right	PA721182	Petit, Frédéric	M	1961	
ParlaMint-FR-en_2020-02-24-O1163	ParlaMint-FR_2020-02-24-O1163.u638	Proceedings of the debates in plenary sitting of the Assemblée Nationale, sitting: 163, 24/02/2020	2020-02-24	Lower house	15e législature	session ordinaire 2019-2020 (CRSANR5L15S2020O1N163)	-	163. séance	-	COVID	English	Regular	notMP	notMinister	LR	Les Républicains	Opposition	Centre-right	PA606098	Marleix, Olivier	M	1971	
ParlaMint-FR-en_2020-02-24-O1163	ParlaMint-FR_2020-02-24-O1163.u639	Proceedings of the debates in plenary sitting of the Assemblée Nationale, sitting: 163, 24/02/2020	2020-02-24	Lower house	15e législature	session ordinaire 2019-2020 (CRSANR5L15S2020O1N163)	-	163. séance	-	COVID	English	Chairperson	notMP	notMinister	LR	Les Républicains	Opposition	Centre-right	PA605991	Genevard, Annie	F	1956	
ParlaMint-FR-en_2020-02-24-O1163	ParlaMint-FR_2020-02-24-O1163.u640	Proceedings of the debates in plenary sitting of the Assemblée Nationale, sitting: 163, 24/02/2020	2020-02-24	Lower house	15e législature	session ordinaire 2019-2020 (CRSANR5L15S2020O1N163)	-	163. séance	-	COVID	English	Regular	notMP	notMinister	FI	La France insoumise	Opposition	Left to far-left	PA720892	Panot, Mathilde	F	1989	
ParlaMint-FR-en_2020-02-24-O1163	ParlaMint-FR_2020-02-24-O1163.u641	Proceedings of the debates in plenary sitting of the Assemblée Nationale, sitting: 163, 24/02/2020	2020-02-24	Lower house	15e législature	session ordinaire 2019-2020 (CRSANR5L15S2020O1N163)	-	163. séance	-	COVID	English	Regular	MP	notMinister	MODEM	Mouvement Démocrate et apparentés	Coalition	Centre to centre-right	PA720326	Hammouche, Brahim	M	1971	
ParlaMint-FR-en_2020-02-24-O1163	ParlaMint-FR_2020-02-24-O1163.u642	Proceedings of the debates in plenary sitting of the Assemblée Nationale, sitting: 163, 24/02/2020	2020-02-24	Lower house	15e législature	session ordinaire 2019-2020 (CRSANR5L15S2020O1N163)	-	163. séance	-	COVID	English	Regular	notMP	notMinister	FI	La France insoumise	Opposition	Left to far-left	PA720892	Panot, Mathilde	F	1989	
ParlaMint-FR-en_2020-02-24-O1163	ParlaMint-FR_2020-02-24-O1163.u643	Proceedings of the debates in plenary sitting of the Assemblée Nationale, sitting: 163, 24/02/2020	2020-02-24	Lower house	15e législature	session ordinaire 2019-2020 (CRSANR5L15S2020O1N163)	-	163. séance	-	COVID	English	Regular	notMP	notMinister	LR	Les Républicains	Opposition	Centre-right	PA605991	Genevard, Annie	F	1956	
ParlaMint-FR-en_2020-02-24-O1163	ParlaMint-FR_2020-02-24-O1163.u644	Proceedings of the debates in plenary sitting of the Assemblée Nationale, sitting: 163, 24/02/2020	2020-02-24	Lower house	15e législature	session ordinaire 2019-2020 (CRSANR5L15S2020O1N163)	-	163. séance	-	COVID	English	Regular	notMP	notMinister	LAREM	La République en Marche	Coalition	Centre	PA721296	Gouffier Valente, Guillaume	M	1986	
ParlaMint-FR-en_2020-02-24-O1163	ParlaMint-FR_2020-02-24-O1163.u645	Proceedings of the debates in plenary sitting of the Assemblée Nationale, sitting: 163, 24/02/2020	2020-02-24	Lower house	15e législature	session ordinaire 2019-2020 (CRSANR5L15S2020O1N163)	-	163. séance	-	COVID	English	Regular	notMP	notMinister	LR	Les Républicains	Opposition	Centre-right	PA605991	Genevard, Annie	F	1956	
ParlaMint-FR-en_2020-02-24-O1163	ParlaMint-FR_2020-02-24-O1163.u646	Proceedings of the debates in plenary sitting of the Assemblée Nationale, sitting: 163, 24/02/2020	2020-02-24	Lower house	15e législature	session ordinaire 2019-2020 (CRSANR5L15S2020O1N163)	-	163. séance	-	COVID	English	Regular	notMP	notMinister	-	-	-	-	PA720512	Pietraszewski, Laurent	M	1966	
ParlaMint-FR-en_2020-02-24-O1163	ParlaMint-FR_2020-02-24-O1163.u647	Proceedings of the debates in plenary sitting of the Assemblée Nationale, sitting: 163, 24/02/2020	2020-02-24	Lower house	15e législature	session ordinaire 2019-2020 (CRSANR5L15S2020O1N163)	-	163. séance	-	COVID	English	Regular	notMP	notMinister	LR	Les Républicains	Opposition	Centre-right	PA605991	Genevard, Annie	F	1956	
ParlaMint-FR-en_2020-02-24-O1163	ParlaMint-FR_2020-02-24-O1163.u648	Proceedings of the debates in plenary sitting of the Assemblée Nationale, sitting: 163, 24/02/2020	2020-02-24	Lower house	15e législature	session ordinaire 2019-2020 (CRSANR5L15S2020O1N163)	-	163. séance	-	COVID	English	Regular	notMP	notMinister	MODEM	Mouvement Démocrate et apparentés	Coalition	Centre to centre-right	PA719558	Balanant, Erwan	M	1971	
ParlaMint-FR-en_2020-02-24-O1163	ParlaMint-FR_2020-02-24-O1163.u649	Proceedings of the debates in plenary sitting of the Assemblée Nationale, sitting: 163, 24/02/2020	2020-02-24	Lower house	15e législature	session ordinaire 2019-2020 (CRSANR5L15S2020O1N163)	-	163. séance	-	COVID	English	Regular	notMP	notMinister	LR	Les Républicains	Opposition	Centre-right	PA605991	Genevard, Annie	F	1956	
ParlaMint-FR-en_2020-02-24-O1163	ParlaMint-FR_2020-02-24-O1163.u650	Proceedings of the debates in plenary sitting of the Assemblée Nationale, sitting: 163, 24/02/2020	2020-02-24	Lower house	15e législature	session ordinaire 2019-2020 (CRSANR5L15S2020O1N163)	-	163. séance	-	COVID	English	Regular	notMP	notMinister	MODEM	Mouvement Démocrate et apparentés	Coalition	Centre to centre-right	PA719558	Balanant, Erwan	M	1971	
ParlaMint-FR-en_2020-02-24-O1163	ParlaMint-FR_2020-02-24-O1163.u651	Proceedings of the debates in plenary sitting of the Assemblée Nationale, sitting: 163, 24/02/2020	2020-02-24	Lower house	15e législature	session ordinaire 2019-2020 (CRSANR5L15S2020O1N163)	-	163. séance	-	COVID	English	Regular	notMP	notMinister	GDR	Gauche démocrate et républicaine	Opposition	Left	PA722202	Jumel, Sébastien	M	1971	
ParlaMint-FR-en_2020-02-24-O1163	ParlaMint-FR_2020-02-24-O1163.u652	Proceedings of the debates in plenary sitting of the Assemblée Nationale, sitting: 163, 24/02/2020	2020-02-24	Lower house	15e législature	session ordinaire 2019-2020 (CRSANR5L15S2020O1N163)	-	163. séance	-	COVID	English	Regular	notMP	notMinister	MODEM	Mouvement Démocrate et apparentés	Coalition	Centre to centre-right	PA719558	Balanant, Erwan	M	1971	
ParlaMint-FR-en_2020-02-24-O1163	ParlaMint-FR_2020-02-24-O1163.u653	Proceedings of the debates in plenary sitting of the Assemblée Nationale, sitting: 163, 24/02/2020	2020-02-24	Lower house	15e législature	session ordinaire 2019-2020 (CRSANR5L15S2020O1N163)	-	163. séance	-	COVID	English	Regular	notMP	notMinister	LR	Les Républicains	Opposition	Centre-right	PA605991	Genevard, Annie	F	1956	
ParlaMint-FR-en_2020-02-24-O1163	ParlaMint-FR_2020-02-24-O1163.u654	Proceedings of the debates in plenary sitting of the Assemblée Nationale, sitting: 163, 24/02/2020	2020-02-24	Lower house	15e législature	session ordinaire 2019-2020 (CRSANR5L15S2020O1N163)	-	163. séance	-	COVID	English	Regular	MP	notMinister	FI	La France insoumise	Opposition	Left to far-left	PA2150	Mélenchon, Jean-Luc	M	1951	
ParlaMint-FR-en_2020-02-24-O1163	ParlaMint-FR_2020-02-24-O1163.u655	Proceedings of the debates in plenary sitting of the Assemblée Nationale, sitting: 163, 24/02/2020	2020-02-24	Lower house	15e législature	session ordinaire 2019-2020 (CRSANR5L15S2020O1N163)	-	163. séance	-	COVID	English	Regular	notMP	notMinister	MODEM	Mouvement Démocrate et apparentés	Coalition	Centre to centre-right	PA719558	Balanant, Erwan	M	1971	
ParlaMint-FR-en_2020-02-24-O1163	ParlaMint-FR_2020-02-24-O1163.u656	Proceedings of the debates in plenary sitting of the Assemblée Nationale, sitting: 163, 24/02/2020	2020-02-24	Lower house	15e législature	session ordinaire 2019-2020 (CRSANR5L15S2020O1N163)	-	163. séance	-	COVID	English	Regular	MP	notMinister	FI	La France insoumise	Opposition	Left to far-left	PA2150	Mélenchon, Jean-Luc	M	1951	
ParlaMint-FR-en_2020-02-24-O1163	ParlaMint-FR_2020-02-24-O1163.u657	Proceedings of the debates in plenary sitting of the Assemblée Nationale, sitting: 163, 24/02/2020	2020-02-24	Lower house	15e législature	session ordinaire 2019-2020 (CRSANR5L15S2020O1N163)	-	163. séance	-	COVID	English	Regular	notMP	notMinister	LAREM	La République en Marche	Coalition	Centre	PA719664	Lavergne, Pascal	M	1967	
ParlaMint-FR-en_2020-02-24-O1163	ParlaMint-FR_2020-02-24-O1163.u658	Proceedings of the debates in plenary sitting of the Assemblée Nationale, sitting: 163, 24/02/2020	2020-02-24	Lower house	15e législature	session ordinaire 2019-2020 (CRSANR5L15S2020O1N163)	-	163. séance	-	COVID	English	Regular	MP	notMinister	FI	La France insoumise	Opposition	Left to far-left	PA2150	Mélenchon, Jean-Luc	M	1951	
ParlaMint-FR-en_2020-02-24-O1163	ParlaMint-FR_2020-02-24-O1163.u659	Proceedings of the debates in plenary sitting of the Assemblée Nationale, sitting: 163, 24/02/2020	2020-02-24	Lower house	15e législature	session ordinaire 2019-2020 (CRSANR5L15S2020O1N163)	-	163. séance	-	COVID	English	Regular	notMP	notMinister	LT	Libertés et Territoires	-	Big tent	PA331582	Vigier, Philippe	M	1958	
ParlaMint-FR-en_2020-02-24-O1163	ParlaMint-FR_2020-02-24-O1163.u660	Proceedings of the debates in plenary sitting of the Assemblée Nationale, sitting: 163, 24/02/2020	2020-02-24	Lower house	15e législature	session ordinaire 2019-2020 (CRSANR5L15S2020O1N163)	-	163. séance	-	COVID	English	Regular	MP	notMinister	FI	La France insoumise	Opposition	Left to far-left	PA2150	Mélenchon, Jean-Luc	M	1951	
ParlaMint-FR-en_2020-02-24-O1163	ParlaMint-FR_2020-02-24-O1163.u661	Proceedings of the debates in plenary sitting of the Assemblée Nationale, sitting: 163, 24/02/2020	2020-02-24	Lower house	15e législature	session ordinaire 2019-2020 (CRSANR5L15S2020O1N163)	-	163. séance	-	COVID	English	Regular	notMP	notMinister	MODEM	Mouvement Démocrate et apparentés	Coalition	Centre to centre-right	PA719558	Balanant, Erwan	M	1971	
ParlaMint-FR-en_2020-02-24-O1163	ParlaMint-FR_2020-02-24-O1163.u662	Proceedings of the debates in plenary sitting of the Assemblée Nationale, sitting: 163, 24/02/2020	2020-02-24	Lower house	15e législature	session ordinaire 2019-2020 (CRSANR5L15S2020O1N163)	-	163. séance	-	COVID	English	Regular	MP	notMinister	FI	La France insoumise	Opposition	Left to far-left	PA2150	Mélenchon, Jean-Luc	M	1951	
ParlaMint-FR-en_2020-02-24-O1163	ParlaMint-FR_2020-02-24-O1163.u663	Proceedings of the debates in plenary sitting of the Assemblée Nationale, sitting: 163, 24/02/2020	2020-02-24	Lower house	15e législature	session ordinaire 2019-2020 (CRSANR5L15S2020O1N163)	-	163. séance	-	COVID	English	Regular	notMP	notMinister	MODEM	Mouvement Démocrate et apparentés	Coalition	Centre to centre-right	PA721182	Petit, Frédéric	M	1961	
ParlaMint-FR-en_2020-02-24-O1163	ParlaMint-FR_2020-02-24-O1163.u664	Proceedings of the debates in plenary sitting of the Assemblée Nationale, sitting: 163, 24/02/2020	2020-02-24	Lower house	15e législature	session ordinaire 2019-2020 (CRSANR5L15S2020O1N163)	-	163. séance	-	COVID	English	Regular	MP	notMinister	FI	La France insoumise	Opposition	Left to far-left	PA2150	Mélenchon, Jean-Luc	M	1951	
ParlaMint-FR-en_2020-02-24-O1163	ParlaMint-FR_2020-02-24-O1163.u665	Proceedings of the debates in plenary sitting of the Assemblée Nationale, sitting: 163, 24/02/2020	2020-02-24	Lower house	15e législature	session ordinaire 2019-2020 (CRSANR5L15S2020O1N163)	-	163. séance	-	COVID	English	Regular	MP	notMinister	LAREM	La République en Marche	Coalition	Centre	PA721946	Marilossian, Jacques	M	1958	
ParlaMint-FR-en_2020-02-24-O1163	ParlaMint-FR_2020-02-24-O1163.u666	Proceedings of the debates in plenary sitting of the Assemblée Nationale, sitting: 163, 24/02/2020	2020-02-24	Lower house	15e législature	session ordinaire 2019-2020 (CRSANR5L15S2020O1N163)	-	163. séance	-	COVID	English	Regular	MP	notMinister	FI	La France insoumise	Opposition	Left to far-left	PA2150	Mélenchon, Jean-Luc	M	1951	
ParlaMint-FR-en_2020-02-24-O1163	ParlaMint-FR_2020-02-24-O1163.u667	Proceedings of the debates in plenary sitting of the Assemblée Nationale, sitting: 163, 24/02/2020	2020-02-24	Lower house	15e législature	session ordinaire 2019-2020 (CRSANR5L15S2020O1N163)	-	163. séance	-	COVID	English	Regular	notMP	notMinister	MODEM	Mouvement Démocrate et apparentés	Coalition	Centre to centre-right	PA721182	Petit, Frédéric	M	1961	
ParlaMint-FR-en_2020-02-24-O1163	ParlaMint-FR_2020-02-24-O1163.u668	Proceedings of the debates in plenary sitting of the Assemblée Nationale, sitting: 163, 24/02/2020	2020-02-24	Lower house	15e législature	session ordinaire 2019-2020 (CRSANR5L15S2020O1N163)	-	163. séance	-	COVID	English	Regular	notMP	notMinister	LR	Les Républicains	Opposition	Centre-right	PA605991	Genevard, Annie	F	1956	
ParlaMint-FR-en_2020-02-24-O1163	ParlaMint-FR_2020-02-24-O1163.u669	Proceedings of the debates in plenary sitting of the Assemblée Nationale, sitting: 163, 24/02/2020	2020-02-24	Lower house	15e législature	session ordinaire 2019-2020 (CRSANR5L15S2020O1N163)	-	163. séance	-	COVID	English	Regular	MP	notMinister	GDR	Gauche démocrate et républicaine	Opposition	Left	PA720546	Bruneel, Alain	M	1952	
ParlaMint-FR-en_2020-02-24-O1163	ParlaMint-FR_2020-02-24-O1163.u670	Proceedings of the debates in plenary sitting of the Assemblée Nationale, sitting: 163, 24/02/2020	2020-02-24	Lower house	15e législature	session ordinaire 2019-2020 (CRSANR5L15S2020O1N163)	-	163. séance	-	COVID	English	Regular	notMP	notMinister	GDR	Gauche démocrate et républicaine	Opposition	Left	PA722202	Jumel, Sébastien	M	1971	
ParlaMint-FR-en_2020-02-24-O1163	ParlaMint-FR_2020-02-24-O1163.u671	Proceedings of the debates in plenary sitting of the Assemblée Nationale, sitting: 163, 24/02/2020	2020-02-24	Lower house	15e législature	session ordinaire 2019-2020 (CRSANR5L15S2020O1N163)	-	163. séance	-	COVID	English	Regular	MP	notMinister	GDR	Gauche démocrate et républicaine	Opposition	Left	PA720546	Bruneel, Alain	M	1952	
ParlaMint-FR-en_2020-02-24-O1163	ParlaMint-FR_2020-02-24-O1163.u672	Proceedings of the debates in plenary sitting of the Assemblée Nationale, sitting: 163, 24/02/2020	2020-02-24	Lower house	15e législature	session ordinaire 2019-2020 (CRSANR5L15S2020O1N163)	-	163. séance	-	COVID	English	Regular	notMP	notMinister	LR	Les Républicains	Opposition	Centre-right	PA605991	Genevard, Annie	F	1956	
ParlaMint-FR-en_2020-02-24-O1163	ParlaMint-FR_2020-02-24-O1163.u673	Proceedings of the debates in plenary sitting of the Assemblée Nationale, sitting: 163, 24/02/2020	2020-02-24	Lower house	15e législature	session ordinaire 2019-2020 (CRSANR5L15S2020O1N163)	-	163. séance	-	COVID	English	Regular	MP	notMinister	LR	Les Républicains	Opposition	Centre-right	PA856	Cherpion, Gérard	M	1948	
ParlaMint-FR-en_2020-02-24-O1163	ParlaMint-FR_2020-02-24-O1163.u674	Proceedings of the debates in plenary sitting of the Assemblée Nationale, sitting: 163, 24/02/2020	2020-02-24	Lower house	15e législature	session ordinaire 2019-2020 (CRSANR5L15S2020O1N163)	-	163. séance	-	COVID	English	Chairperson	notMP	notMinister	LR	Les Républicains	Opposition	Centre-right	PA605991	Genevard, Annie	F	1956	
ParlaMint-FR-en_2020-02-24-O1163	ParlaMint-FR_2020-02-24-O1163.u675	Proceedings of the debates in plenary sitting of the Assemblée Nationale, sitting: 163, 24/02/2020	2020-02-24	Lower house	15e législature	session ordinaire 2019-2020 (CRSANR5L15S2020O1N163)	-	163. séance	-	COVID	English	Regular	notMP	notMinister	MODEM	Mouvement Démocrate et apparentés	Coalition	Centre to centre-right	PA722162	Turquois, Nicolas	M	1972	
ParlaMint-FR-en_2020-02-24-O1163	ParlaMint-FR_2020-02-24-O1163.u676	Proceedings of the debates in plenary sitting of the Assemblée Nationale, sitting: 163, 24/02/2020	2020-02-24	Lower house	15e législature	session ordinaire 2019-2020 (CRSANR5L15S2020O1N163)	-	163. séance	-	COVID	English	Regular	notMP	notMinister	LR	Les Républicains	Opposition	Centre-right	PA605991	Genevard, Annie	F	1956	
ParlaMint-FR-en_2020-02-24-O1163	ParlaMint-FR_2020-02-24-O1163.u677	Proceedings of the debates in plenary sitting of the Assemblée Nationale, sitting: 163, 24/02/2020	2020-02-24	Lower house	15e législature	session ordinaire 2019-2020 (CRSANR5L15S2020O1N163)	-	163. séance	-	COVID	English	Regular	notMP	notMinister	MODEM	Mouvement Démocrate et apparentés	Coalition	Centre to centre-right	PA722162	Turquois, Nicolas	M	1972	
ParlaMint-FR-en_2020-02-24-O1163	ParlaMint-FR_2020-02-24-O1163.u678	Proceedings of the debates in plenary sitting of the Assemblée Nationale, sitting: 163, 24/02/2020	2020-02-24	Lower house	15e législature	session ordinaire 2019-2020 (CRSANR5L15S2020O1N163)	-	163. séance	-	COVID	English	Regular	notMP	notMinister	MODEM	Mouvement Démocrate et apparentés	Coalition	Centre to centre-right	PA719558	Balanant, Erwan	M	1971	
ParlaMint-FR-en_2020-02-24-O1163	ParlaMint-FR_2020-02-24-O1163.u679	Proceedings of the debates in plenary sitting of the Assemblée Nationale, sitting: 163, 24/02/2020	2020-02-24	Lower house	15e législature	session ordinaire 2019-2020 (CRSANR5L15S2020O1N163)	-	163. séance	-	COVID	English	Regular	notMP	notMinister	LR	Les Républicains	Opposition	Centre-right	PA605991	Genevard, Annie	F	1956	
ParlaMint-FR-en_2020-02-24-O1163	ParlaMint-FR_2020-02-24-O1163.u680	Proceedings of the debates in plenary sitting of the Assemblée Nationale, sitting: 163, 24/02/2020	2020-02-24	Lower house	15e législature	session ordinaire 2019-2020 (CRSANR5L15S2020O1N163)	-	163. séance	-	COVID	English	Regular	notMP	notMinister	-	-	-	-	PA720512	Pietraszewski, Laurent	M	1966	
ParlaMint-FR-en_2020-02-24-O1163	ParlaMint-FR_2020-02-24-O1163.u681	Proceedings of the debates in plenary sitting of the Assemblée Nationale, sitting: 163, 24/02/2020	2020-02-24	Lower house	15e législature	session ordinaire 2019-2020 (CRSANR5L15S2020O1N163)	-	163. séance	-	COVID	English	Regular	notMP	notMinister	GDR	Gauche démocrate et républicaine	Opposition	Left	PA722202	Jumel, Sébastien	M	1971	
ParlaMint-FR-en_2020-02-24-O1163	ParlaMint-FR_2020-02-24-O1163.u682	Proceedings of the debates in plenary sitting of the Assemblée Nationale, sitting: 163, 24/02/2020	2020-02-24	Lower house	15e législature	session ordinaire 2019-2020 (CRSANR5L15S2020O1N163)	-	163. séance	-	COVID	English	Regular	notMP	notMinister	-	-	-	-	PA720512	Pietraszewski, Laurent	M	1966	
ParlaMint-FR-en_2020-02-24-O1163	ParlaMint-FR_2020-02-24-O1163.u683	Proceedings of the debates in plenary sitting of the Assemblée Nationale, sitting: 163, 24/02/2020	2020-02-24	Lower house	15e législature	session ordinaire 2019-2020 (CRSANR5L15S2020O1N163)	-	163. séance	-	COVID	English	Regular	notMP	notMinister	LR	Les Républicains	Opposition	Centre-right	PA605991	Genevard, Annie	F	1956	
ParlaMint-FR-en_2020-02-24-O1163	ParlaMint-FR_2020-02-24-O1163.u684	Proceedings of the debates in plenary sitting of the Assemblée Nationale, sitting: 163, 24/02/2020	2020-02-24	Lower house	15e législature	session ordinaire 2019-2020 (CRSANR5L15S2020O1N163)	-	163. séance	-	COVID	English	Regular	notMP	notMinister	LR	Les Républicains	Opposition	Centre-right	PA608416	Hetzel, Patrick	M	1964	
ParlaMint-FR-en_2020-02-24-O1163	ParlaMint-FR_2020-02-24-O1163.u685	Proceedings of the debates in plenary sitting of the Assemblée Nationale, sitting: 163, 24/02/2020	2020-02-24	Lower house	15e législature	session ordinaire 2019-2020 (CRSANR5L15S2020O1N163)	-	163. séance	-	COVID	English	Regular	MP	notMinister	LAREM	La République en Marche	Coalition	Centre	PA721134	Lescure, Roland	M	1966	
ParlaMint-FR-en_2020-02-24-O1163	ParlaMint-FR_2020-02-24-O1163.u686	Proceedings of the debates in plenary sitting of the Assemblée Nationale, sitting: 163, 24/02/2020	2020-02-24	Lower house	15e législature	session ordinaire 2019-2020 (CRSANR5L15S2020O1N163)	-	163. séance	-	COVID	English	Regular	notMP	notMinister	LR	Les Républicains	Opposition	Centre-right	PA608416	Hetzel, Patrick	M	1964	
ParlaMint-FR-en_2020-02-24-O1163	ParlaMint-FR_2020-02-24-O1163.u687	Proceedings of the debates in plenary sitting of the Assemblée Nationale, sitting: 163, 24/02/2020	2020-02-24	Lower house	15e législature	session ordinaire 2019-2020 (CRSANR5L15S2020O1N163)	-	163. séance	-	COVID	English	Regular	notMP	notMinister	LR	Les Républicains	Opposition	Centre-right	PA607090	Vigier, Jean-Pierre	M	1969	
ParlaMint-FR-en_2020-02-24-O1163	ParlaMint-FR_2020-02-24-O1163.u688	Proceedings of the debates in plenary sitting of the Assemblée Nationale, sitting: 163, 24/02/2020	2020-02-24	Lower house	15e législature	session ordinaire 2019-2020 (CRSANR5L15S2020O1N163)	-	163. séance	-	COVID	English	Regular	notMP	notMinister	LR	Les Républicains	Opposition	Centre-right	PA608416	Hetzel, Patrick	M	1964	
ParlaMint-FR-en_2020-02-24-O1163	ParlaMint-FR_2020-02-24-O1163.u689	Proceedings of the debates in plenary sitting of the Assemblée Nationale, sitting: 163, 24/02/2020	2020-02-24	Lower house	15e législature	session ordinaire 2019-2020 (CRSANR5L15S2020O1N163)	-	163. séance	-	COVID	English	Regular	notMP	notMinister	LR	Les Républicains	Opposition	Centre-right	PA605991	Genevard, Annie	F	1956	
ParlaMint-FR-en_2020-02-24-O1163	ParlaMint-FR_2020-02-24-O1163.u690	Proceedings of the debates in plenary sitting of the Assemblée Nationale, sitting: 163, 24/02/2020	2020-02-24	Lower house	15e législature	session ordinaire 2019-2020 (CRSANR5L15S2020O1N163)	-	163. séance	-	COVID	English	Regular	MP	notMinister	FI	La France insoumise	Opposition	Left to far-left	PA2150	Mélenchon, Jean-Luc	M	1951	
ParlaMint-FR-en_2020-02-24-O1163	ParlaMint-FR_2020-02-24-O1163.u691	Proceedings of the debates in plenary sitting of the Assemblée Nationale, sitting: 163, 24/02/2020	2020-02-24	Lower house	15e législature	session ordinaire 2019-2020 (CRSANR5L15S2020O1N163)	-	163. séance	-	COVID	English	Regular	notMP	notMinister	LR	Les Républicains	Opposition	Centre-right	PA605991	Genevard, Annie	F	1956	
ParlaMint-FR-en_2020-02-24-O1163	ParlaMint-FR_2020-02-24-O1163.u692	Proceedings of the debates in plenary sitting of the Assemblée Nationale, sitting: 163, 24/02/2020	2020-02-24	Lower house	15e législature	session ordinaire 2019-2020 (CRSANR5L15S2020O1N163)	-	163. séance	-	COVID	English	Chairperson	notMP	notMinister	LR	Les Républicains	Opposition	Centre-right	PA605991	Genevard, Annie	F	1956	
ParlaMint-FR-en_2020-02-24-O1163	ParlaMint-FR_2020-02-24-O1163.u693	Proceedings of the debates in plenary sitting of the Assemblée Nationale, sitting: 163, 24/02/2020	2020-02-24	Lower house	15e législature	session ordinaire 2019-2020 (CRSANR5L15S2020O1N163)	-	163. séance	-	COVID	English	Chairperson	notMP	notMinister	LR	Les Républicains	Opposition	Centre-right	PA605991	Genevard, Annie	F	1956	
ParlaMint-FR-en_2020-02-24-O1163	ParlaMint-FR_2020-02-24-O1163.u694	Proceedings of the debates in plenary sitting of the Assemblée Nationale, sitting: 163, 24/02/2020	2020-02-24	Lower house	15e législature	session ordinaire 2019-2020 (CRSANR5L15S2020O1N163)	-	163. séance	-	COVID	English	Regular	notMP	notMinister	SOC	Socialistes et apparentés	-	Centre-left to left	PA340343	Saulignac, Hervé	M	1970	
ParlaMint-FR-en_2020-02-24-O1163	ParlaMint-FR_2020-02-24-O1163.u695	Proceedings of the debates in plenary sitting of the Assemblée Nationale, sitting: 163, 24/02/2020	2020-02-24	Lower house	15e législature	session ordinaire 2019-2020 (CRSANR5L15S2020O1N163)	-	163. séance	-	COVID	English	Chairperson	notMP	notMinister	LR	Les Républicains	Opposition	Centre-right	PA605991	Genevard, Annie	F	1956	
ParlaMint-FR-en_2020-02-24-O1163	ParlaMint-FR_2020-02-24-O1163.u696	Proceedings of the debates in plenary sitting of the Assemblée Nationale, sitting: 163, 24/02/2020	2020-02-24	Lower house	15e législature	session ordinaire 2019-2020 (CRSANR5L15S2020O1N163)	-	163. séance	-	COVID	English	Regular	MP	notMinister	GDR	Gauche démocrate et républicaine	Opposition	Left	PA718926	Dharréville, Pierre	M	1975	
ParlaMint-FR-en_2020-02-24-O1163	ParlaMint-FR_2020-02-24-O1163.u697	Proceedings of the debates in plenary sitting of the Assemblée Nationale, sitting: 163, 24/02/2020	2020-02-24	Lower house	15e législature	session ordinaire 2019-2020 (CRSANR5L15S2020O1N163)	-	163. séance	-	COVID	English	Chairperson	notMP	notMinister	LR	Les Républicains	Opposition	Centre-right	PA605991	Genevard, Annie	F	1956	
ParlaMint-FR-en_2020-02-24-O1163	ParlaMint-FR_2020-02-24-O1163.u698	Proceedings of the debates in plenary sitting of the Assemblée Nationale, sitting: 163, 24/02/2020	2020-02-24	Lower house	15e législature	session ordinaire 2019-2020 (CRSANR5L15S2020O1N163)	-	163. séance	-	COVID	English	Regular	MP	notMinister	GDR	Gauche démocrate et républicaine	Opposition	Left	PA720546	Bruneel, Alain	M	1952	
ParlaMint-FR-en_2020-02-24-O1163	ParlaMint-FR_2020-02-24-O1163.u699	Proceedings of the debates in plenary sitting of the Assemblée Nationale, sitting: 163, 24/02/2020	2020-02-24	Lower house	15e législature	session ordinaire 2019-2020 (CRSANR5L15S2020O1N163)	-	163. séance	-	COVID	English	Chairperson	notMP	notMinister	LR	Les Républicains	Opposition	Centre-right	PA605991	Genevard, Annie	F	1956	
ParlaMint-FR-en_2020-02-24-O1163	ParlaMint-FR_2020-02-24-O1163.u700	Proceedings of the debates in plenary sitting of the Assemblée Nationale, sitting: 163, 24/02/2020	2020-02-24	Lower house	15e législature	session ordinaire 2019-2020 (CRSANR5L15S2020O1N163)	-	163. séance	-	COVID	English	Regular	notMP	notMinister	MODEM	Mouvement Démocrate et apparentés	Coalition	Centre to centre-right	PA722162	Turquois, Nicolas	M	1972	
ParlaMint-FR-en_2020-02-24-O1163	ParlaMint-FR_2020-02-24-O1163.u701	Proceedings of the debates in plenary sitting of the Assemblée Nationale, sitting: 163, 24/02/2020	2020-02-24	Lower house	15e législature	session ordinaire 2019-2020 (CRSANR5L15S2020O1N163)	-	163. séance	-	COVID	English	Regular	notMP	notMinister	LR	Les Républicains	Opposition	Centre-right	PA605991	Genevard, Annie	F	1956	
ParlaMint-FR-en_2020-02-24-O1163	ParlaMint-FR_2020-02-24-O1163.u702	Proceedings of the debates in plenary sitting of the Assemblée Nationale, sitting: 163, 24/02/2020	2020-02-24	Lower house	15e législature	session ordinaire 2019-2020 (CRSANR5L15S2020O1N163)	-	163. séance	-	COVID	English	Regular	notMP	notMinister	-	-	-	-	PA720512	Pietraszewski, Laurent	M	1966	
ParlaMint-FR-en_2020-02-24-O1163	ParlaMint-FR_2020-02-24-O1163.u703	Proceedings of the debates in plenary sitting of the Assemblée Nationale, sitting: 163, 24/02/2020	2020-02-24	Lower house	15e législature	session ordinaire 2019-2020 (CRSANR5L15S2020O1N163)	-	163. séance	-	COVID	English	Regular	notMP	notMinister	LR	Les Républicains	Opposition	Centre-right	PA605991	Genevard, Annie	F	1956	
ParlaMint-FR-en_2020-02-24-O1163	ParlaMint-FR_2020-02-24-O1163.u704	Proceedings of the debates in plenary sitting of the Assemblée Nationale, sitting: 163, 24/02/2020	2020-02-24	Lower house	15e législature	session ordinaire 2019-2020 (CRSANR5L15S2020O1N163)	-	163. séance	-	COVID	English	Regular	notMP	notMinister	LAREM	La République en Marche	Coalition	Centre	PA719664	Lavergne, Pascal	M	1967	
ParlaMint-FR-en_2020-02-24-O1163	ParlaMint-FR_2020-02-24-O1163.u705	Proceedings of the debates in plenary sitting of the Assemblée Nationale, sitting: 163, 24/02/2020	2020-02-24	Lower house	15e législature	session ordinaire 2019-2020 (CRSANR5L15S2020O1N163)	-	163. séance	-	COVID	English	Regular	MP	notMinister	LR	Les Républicains	Opposition	Centre-right	PA720630	Minot, Maxime	M	1987	
ParlaMint-FR-en_2020-02-24-O1163	ParlaMint-FR_2020-02-24-O1163.u706	Proceedings of the debates in plenary sitting of the Assemblée Nationale, sitting: 163, 24/02/2020	2020-02-24	Lower house	15e législature	session ordinaire 2019-2020 (CRSANR5L15S2020O1N163)	-	163. séance	-	COVID	English	Regular	notMP	notMinister	LAREM	La République en Marche	Coalition	Centre	PA719664	Lavergne, Pascal	M	1967	
ParlaMint-FR-en_2020-02-24-O1163	ParlaMint-FR_2020-02-24-O1163.u707	Proceedings of the debates in plenary sitting of the Assemblée Nationale, sitting: 163, 24/02/2020	2020-02-24	Lower house	15e législature	session ordinaire 2019-2020 (CRSANR5L15S2020O1N163)	-	163. séance	-	COVID	English	Regular	notMP	notMinister	LR	Les Républicains	Opposition	Centre-right	PA642847	Bazin, Thibault	M	1984	
ParlaMint-FR-en_2020-02-24-O1163	ParlaMint-FR_2020-02-24-O1163.u708	Proceedings of the debates in plenary sitting of the Assemblée Nationale, sitting: 163, 24/02/2020	2020-02-24	Lower house	15e législature	session ordinaire 2019-2020 (CRSANR5L15S2020O1N163)	-	163. séance	-	COVID	English	Regular	notMP	notMinister	LAREM	La République en Marche	Coalition	Centre	PA719664	Lavergne, Pascal	M	1967	
ParlaMint-FR-en_2020-02-24-O1163	ParlaMint-FR_2020-02-24-O1163.u709	Proceedings of the debates in plenary sitting of the Assemblée Nationale, sitting: 163, 24/02/2020	2020-02-24	Lower house	15e législature	session ordinaire 2019-2020 (CRSANR5L15S2020O1N163)	-	163. séance	-	COVID	English	Regular	notMP	notMinister	GDR	Gauche démocrate et républicaine	Opposition	Left	PA722202	Jumel, Sébastien	M	1971	
ParlaMint-FR-en_2020-02-24-O1163	ParlaMint-FR_2020-02-24-O1163.u710	Proceedings of the debates in plenary sitting of the Assemblée Nationale, sitting: 163, 24/02/2020	2020-02-24	Lower house	15e législature	session ordinaire 2019-2020 (CRSANR5L15S2020O1N163)	-	163. séance	-	COVID	English	Regular	notMP	notMinister	LR	Les Républicains	Opposition	Centre-right	PA605991	Genevard, Annie	F	1956	
ParlaMint-FR-en_2020-02-24-O1163	ParlaMint-FR_2020-02-24-O1163.u711	Proceedings of the debates in plenary sitting of the Assemblée Nationale, sitting: 163, 24/02/2020	2020-02-24	Lower house	15e législature	session ordinaire 2019-2020 (CRSANR5L15S2020O1N163)	-	163. séance	-	COVID	English	Regular	MP	notMinister	GDR	Gauche démocrate et républicaine	Opposition	Left	PA718926	Dharréville, Pierre	M	1975	
ParlaMint-FR-en_2020-02-24-O1163	ParlaMint-FR_2020-02-24-O1163.u712	Proceedings of the debates in plenary sitting of the Assemblée Nationale, sitting: 163, 24/02/2020	2020-02-24	Lower house	15e législature	session ordinaire 2019-2020 (CRSANR5L15S2020O1N163)	-	163. séance	-	COVID	English	Regular	MP	notMinister	LAREM	La République en Marche	Coalition	Centre	PA721134	Lescure, Roland	M	1966	
ParlaMint-FR-en_2020-02-24-O1163	ParlaMint-FR_2020-02-24-O1163.u713	Proceedings of the debates in plenary sitting of the Assemblée Nationale, sitting: 163, 24/02/2020	2020-02-24	Lower house	15e législature	session ordinaire 2019-2020 (CRSANR5L15S2020O1N163)	-	163. séance	-	COVID	English	Regular	MP	notMinister	GDR	Gauche démocrate et républicaine	Opposition	Left	PA718926	Dharréville, Pierre	M	1975	
ParlaMint-FR-en_2020-02-24-O1163	ParlaMint-FR_2020-02-24-O1163.u714	Proceedings of the debates in plenary sitting of the Assemblée Nationale, sitting: 163, 24/02/2020	2020-02-24	Lower house	15e législature	session ordinaire 2019-2020 (CRSANR5L15S2020O1N163)	-	163. séance	-	COVID	English	Regular	MP	notMinister	LR	Les Républicains	Opposition	Centre-right	PA1874	Le Fur, Marc	M	1956	
ParlaMint-FR-en_2020-02-24-O1163	ParlaMint-FR_2020-02-24-O1163.u715	Proceedings of the debates in plenary sitting of the Assemblée Nationale, sitting: 163, 24/02/2020	2020-02-24	Lower house	15e législature	session ordinaire 2019-2020 (CRSANR5L15S2020O1N163)	-	163. séance	-	COVID	English	Regular	MP	notMinister	GDR	Gauche démocrate et républicaine	Opposition	Left	PA718926	Dharréville, Pierre	M	1975	
ParlaMint-FR-en_2020-02-24-O1163	ParlaMint-FR_2020-02-24-O1163.u716	Proceedings of the debates in plenary sitting of the Assemblée Nationale, sitting: 163, 24/02/2020	2020-02-24	Lower house	15e législature	session ordinaire 2019-2020 (CRSANR5L15S2020O1N163)	-	163. séance	-	COVID	English	Regular	notMP	notMinister	LR	Les Républicains	Opposition	Centre-right	PA605991	Genevard, Annie	F	1956	
ParlaMint-FR-en_2020-02-24-O1163	ParlaMint-FR_2020-02-24-O1163.u717	Proceedings of the debates in plenary sitting of the Assemblée Nationale, sitting: 163, 24/02/2020	2020-02-24	Lower house	15e législature	session ordinaire 2019-2020 (CRSANR5L15S2020O1N163)	-	163. séance	-	COVID	English	Regular	MP	notMinister	LR	Les Républicains	Opposition	Centre-right	PA721054	Lorion, David	M	1964	
ParlaMint-FR-en_2020-02-24-O1163	ParlaMint-FR_2020-02-24-O1163.u718	Proceedings of the debates in plenary sitting of the Assemblée Nationale, sitting: 163, 24/02/2020	2020-02-24	Lower house	15e législature	session ordinaire 2019-2020 (CRSANR5L15S2020O1N163)	-	163. séance	-	COVID	English	Regular	notMP	notMinister	LR	Les Républicains	Opposition	Centre-right	PA605991	Genevard, Annie	F	1956	
ParlaMint-FR-en_2020-02-24-O1163	ParlaMint-FR_2020-02-24-O1163.u719	Proceedings of the debates in plenary sitting of the Assemblée Nationale, sitting: 163, 24/02/2020	2020-02-24	Lower house	15e législature	session ordinaire 2019-2020 (CRSANR5L15S2020O1N163)	-	163. séance	-	COVID	English	Regular	MP	notMinister	LR	Les Républicains	Opposition	Centre-right	PA1874	Le Fur, Marc	M	1956	
ParlaMint-FR-en_2020-02-24-O1163	ParlaMint-FR_2020-02-24-O1163.u720	Proceedings of the debates in plenary sitting of the Assemblée Nationale, sitting: 163, 24/02/2020	2020-02-24	Lower house	15e législature	session ordinaire 2019-2020 (CRSANR5L15S2020O1N163)	-	163. séance	-	COVID	English	Chairperson	notMP	notMinister	LR	Les Républicains	Opposition	Centre-right	PA605991	Genevard, Annie	F	1956	
ParlaMint-FR-en_2020-02-24-O1163	ParlaMint-FR_2020-02-24-O1163.u721	Proceedings of the debates in plenary sitting of the Assemblée Nationale, sitting: 163, 24/02/2020	2020-02-24	Lower house	15e législature	session ordinaire 2019-2020 (CRSANR5L15S2020O1N163)	-	163. séance	-	COVID	English	Regular	MP	notMinister	GDR	Gauche démocrate et républicaine	Opposition	Left	PA718720	Dufrègne, Jean-Paul	M	1958	
ParlaMint-FR-en_2020-02-24-O1163	ParlaMint-FR_2020-02-24-O1163.u722	Proceedings of the debates in plenary sitting of the Assemblée Nationale, sitting: 163, 24/02/2020	2020-02-24	Lower house	15e législature	session ordinaire 2019-2020 (CRSANR5L15S2020O1N163)	-	163. séance	-	COVID	English	Regular	notMP	notMinister	LR	Les Républicains	Opposition	Centre-right	PA608416	Hetzel, Patrick	M	1964	
ParlaMint-FR-en_2020-02-24-O1163	ParlaMint-FR_2020-02-24-O1163.u723	Proceedings of the debates in plenary sitting of the Assemblée Nationale, sitting: 163, 24/02/2020	2020-02-24	Lower house	15e législature	session ordinaire 2019-2020 (CRSANR5L15S2020O1N163)	-	163. séance	-	COVID	English	Regular	MP	notMinister	GDR	Gauche démocrate et républicaine	Opposition	Left	PA718720	Dufrègne, Jean-Paul	M	1958	
ParlaMint-FR-en_2020-02-24-O1163	ParlaMint-FR_2020-02-24-O1163.u724	Proceedings of the debates in plenary sitting of the Assemblée Nationale, sitting: 163, 24/02/2020	2020-02-24	Lower house	15e législature	session ordinaire 2019-2020 (CRSANR5L15S2020O1N163)	-	163. séance	-	COVID	English	Chairperson	notMP	notMinister	LR	Les Républicains	Opposition	Centre-right	PA605991	Genevard, Annie	F	1956	
ParlaMint-FR-en_2020-02-24-O1163	ParlaMint-FR_2020-02-24-O1163.u725	Proceedings of the debates in plenary sitting of the Assemblée Nationale, sitting: 163, 24/02/2020	2020-02-24	Lower house	15e législature	session ordinaire 2019-2020 (CRSANR5L15S2020O1N163)	-	163. séance	-	COVID	English	Regular	MP	notMinister	FI	La France insoumise	Opposition	Left to far-left	PA2150	Mélenchon, Jean-Luc	M	1951	
ParlaMint-FR-en_2020-02-24-O1163	ParlaMint-FR_2020-02-24-O1163.u726	Proceedings of the debates in plenary sitting of the Assemblée Nationale, sitting: 163, 24/02/2020	2020-02-24	Lower house	15e législature	session ordinaire 2019-2020 (CRSANR5L15S2020O1N163)	-	163. séance	-	COVID	English	Regular	MP	notMinister	LAREM	La République en Marche	Coalition	Centre	PA719710	David, Dominique	F	1963	
ParlaMint-FR-en_2020-02-24-O1163	ParlaMint-FR_2020-02-24-O1163.u727	Proceedings of the debates in plenary sitting of the Assemblée Nationale, sitting: 163, 24/02/2020	2020-02-24	Lower house	15e législature	session ordinaire 2019-2020 (CRSANR5L15S2020O1N163)	-	163. séance	-	COVID	English	Regular	MP	notMinister	FI	La France insoumise	Opposition	Left to far-left	PA2150	Mélenchon, Jean-Luc	M	1951	
ParlaMint-FR-en_2020-02-24-O1163	ParlaMint-FR_2020-02-24-O1163.u728	Proceedings of the debates in plenary sitting of the Assemblée Nationale, sitting: 163, 24/02/2020	2020-02-24	Lower house	15e législature	session ordinaire 2019-2020 (CRSANR5L15S2020O1N163)	-	163. séance	-	COVID	English	Regular	MP	notMinister	LAREM	La République en Marche	Coalition	Centre	PA720046	Dufeu, Audrey	F	1980	
ParlaMint-FR-en_2020-02-24-O1163	ParlaMint-FR_2020-02-24-O1163.u729	Proceedings of the debates in plenary sitting of the Assemblée Nationale, sitting: 163, 24/02/2020	2020-02-24	Lower house	15e législature	session ordinaire 2019-2020 (CRSANR5L15S2020O1N163)	-	163. séance	-	COVID	English	Regular	MP	notMinister	FI	La France insoumise	Opposition	Left to far-left	PA2150	Mélenchon, Jean-Luc	M	1951	
ParlaMint-FR-en_2020-02-24-O1163	ParlaMint-FR_2020-02-24-O1163.u730	Proceedings of the debates in plenary sitting of the Assemblée Nationale, sitting: 163, 24/02/2020	2020-02-24	Lower house	15e législature	session ordinaire 2019-2020 (CRSANR5L15S2020O1N163)	-	163. séance	-	COVID	English	Regular	MP	notMinister	LAREM	La République en Marche	Coalition	Centre	PA721134	Lescure, Roland	M	1966	
ParlaMint-FR-en_2020-02-24-O1163	ParlaMint-FR_2020-02-24-O1163.u731	Proceedings of the debates in plenary sitting of the Assemblée Nationale, sitting: 163, 24/02/2020	2020-02-24	Lower house	15e législature	session ordinaire 2019-2020 (CRSANR5L15S2020O1N163)	-	163. séance	-	COVID	English	Regular	MP	notMinister	FI	La France insoumise	Opposition	Left to far-left	PA2150	Mélenchon, Jean-Luc	M	1951	
ParlaMint-FR-en_2020-02-24-O1163	ParlaMint-FR_2020-02-24-O1163.u732	Proceedings of the debates in plenary sitting of the Assemblée Nationale, sitting: 163, 24/02/2020	2020-02-24	Lower house	15e législature	session ordinaire 2019-2020 (CRSANR5L15S2020O1N163)	-	163. séance	-	COVID	English	Regular	notMP	notMinister	LR	Les Républicains	Opposition	Centre-right	PA605991	Genevard, Annie	F	1956	
ParlaMint-FR-en_2020-02-24-O1163	ParlaMint-FR_2020-02-24-O1163.u733	Proceedings of the debates in plenary sitting of the Assemblée Nationale, sitting: 163, 24/02/2020	2020-02-24	Lower house	15e législature	session ordinaire 2019-2020 (CRSANR5L15S2020O1N163)	-	163. séance	-	COVID	English	Regular	notMP	notMinister	MODEM	Mouvement Démocrate et apparentés	Coalition	Centre to centre-right	PA722162	Turquois, Nicolas	M	1972	
ParlaMint-FR-en_2020-02-24-O1163	ParlaMint-FR_2020-02-24-O1163.u734	Proceedings of the debates in plenary sitting of the Assemblée Nationale, sitting: 163, 24/02/2020	2020-02-24	Lower house	15e législature	session ordinaire 2019-2020 (CRSANR5L15S2020O1N163)	-	163. séance	-	COVID	English	Regular	MP	notMinister	LAREM	La République en Marche	Coalition	Centre	PA721134	Lescure, Roland	M	1966	
ParlaMint-FR-en_2020-02-24-O1163	ParlaMint-FR_2020-02-24-O1163.u735	Proceedings of the debates in plenary sitting of the Assemblée Nationale, sitting: 163, 24/02/2020	2020-02-24	Lower house	15e législature	session ordinaire 2019-2020 (CRSANR5L15S2020O1N163)	-	163. séance	-	COVID	English	Regular	notMP	notMinister	MODEM	Mouvement Démocrate et apparentés	Coalition	Centre to centre-right	PA722162	Turquois, Nicolas	M	1972	
ParlaMint-FR-en_2020-02-24-O1163	ParlaMint-FR_2020-02-24-O1163.u736	Proceedings of the debates in plenary sitting of the Assemblée Nationale, sitting: 163, 24/02/2020	2020-02-24	Lower house	15e législature	session ordinaire 2019-2020 (CRSANR5L15S2020O1N163)	-	163. séance	-	COVID	English	Regular	MP	notMinister	GDR	Gauche démocrate et républicaine	Opposition	Left	PA718720	Dufrègne, Jean-Paul	M	1958	
ParlaMint-FR-en_2020-02-24-O1163	ParlaMint-FR_2020-02-24-O1163.u737	Proceedings of the debates in plenary sitting of the Assemblée Nationale, sitting: 163, 24/02/2020	2020-02-24	Lower house	15e législature	session ordinaire 2019-2020 (CRSANR5L15S2020O1N163)	-	163. séance	-	COVID	English	Regular	notMP	notMinister	MODEM	Mouvement Démocrate et apparentés	Coalition	Centre to centre-right	PA722162	Turquois, Nicolas	M	1972	
ParlaMint-FR-en_2020-02-24-O1163	ParlaMint-FR_2020-02-24-O1163.u738	Proceedings of the debates in plenary sitting of the Assemblée Nationale, sitting: 163, 24/02/2020	2020-02-24	Lower house	15e législature	session ordinaire 2019-2020 (CRSANR5L15S2020O1N163)	-	163. séance	-	COVID	English	Regular	notMP	notMinister	LR	Les Républicains	Opposition	Centre-right	PA605991	Genevard, Annie	F	1956	
ParlaMint-FR-en_2020-02-24-O1163	ParlaMint-FR_2020-02-24-O1163.u739	Proceedings of the debates in plenary sitting of the Assemblée Nationale, sitting: 163, 24/02/2020	2020-02-24	Lower house	15e législature	session ordinaire 2019-2020 (CRSANR5L15S2020O1N163)	-	163. séance	-	COVID	English	Regular	notMP	notMinister	-	-	-	-	PA720512	Pietraszewski, Laurent	M	1966	
ParlaMint-FR-en_2020-02-24-O1163	ParlaMint-FR_2020-02-24-O1163.u740	Proceedings of the debates in plenary sitting of the Assemblée Nationale, sitting: 163, 24/02/2020	2020-02-24	Lower house	15e législature	session ordinaire 2019-2020 (CRSANR5L15S2020O1N163)	-	163. séance	-	COVID	English	Regular	notMP	notMinister	GDR	Gauche démocrate et républicaine	Opposition	Left	PA722202	Jumel, Sébastien	M	1971	
ParlaMint-FR-en_2020-02-24-O1163	ParlaMint-FR_2020-02-24-O1163.u741	Proceedings of the debates in plenary sitting of the Assemblée Nationale, sitting: 163, 24/02/2020	2020-02-24	Lower house	15e législature	session ordinaire 2019-2020 (CRSANR5L15S2020O1N163)	-	163. séance	-	COVID	English	Regular	notMP	notMinister	-	-	-	-	PA720512	Pietraszewski, Laurent	M	1966	
ParlaMint-FR-en_2020-02-24-O1163	ParlaMint-FR_2020-02-24-O1163.u742	Proceedings of the debates in plenary sitting of the Assemblée Nationale, sitting: 163, 24/02/2020	2020-02-24	Lower house	15e législature	session ordinaire 2019-2020 (CRSANR5L15S2020O1N163)	-	163. séance	-	COVID	English	Regular	MP	notMinister	LR	Les Républicains	Opposition	Centre-right	PA1874	Le Fur, Marc	M	1956	
ParlaMint-FR-en_2020-02-24-O1163	ParlaMint-FR_2020-02-24-O1163.u743	Proceedings of the debates in plenary sitting of the Assemblée Nationale, sitting: 163, 24/02/2020	2020-02-24	Lower house	15e législature	session ordinaire 2019-2020 (CRSANR5L15S2020O1N163)	-	163. séance	-	COVID	English	Regular	notMP	notMinister	-	-	-	-	PA720512	Pietraszewski, Laurent	M	1966	
ParlaMint-FR-en_2020-02-24-O1163	ParlaMint-FR_2020-02-24-O1163.u744	Proceedings of the debates in plenary sitting of the Assemblée Nationale, sitting: 163, 24/02/2020	2020-02-24	Lower house	15e législature	session ordinaire 2019-2020 (CRSANR5L15S2020O1N163)	-	163. séance	-	COVID	English	Regular	notMP	notMinister	GDR	Gauche démocrate et républicaine	Opposition	Left	PA722202	Jumel, Sébastien	M	1971	
ParlaMint-FR-en_2020-02-24-O1163	ParlaMint-FR_2020-02-24-O1163.u745	Proceedings of the debates in plenary sitting of the Assemblée Nationale, sitting: 163, 24/02/2020	2020-02-24	Lower house	15e législature	session ordinaire 2019-2020 (CRSANR5L15S2020O1N163)	-	163. séance	-	COVID	English	Regular	MP	notMinister	LR	Les Républicains	Opposition	Centre-right	PA720630	Minot, Maxime	M	1987	
ParlaMint-FR-en_2020-02-24-O1163	ParlaMint-FR_2020-02-24-O1163.u746	Proceedings of the debates in plenary sitting of the Assemblée Nationale, sitting: 163, 24/02/2020	2020-02-24	Lower house	15e législature	session ordinaire 2019-2020 (CRSANR5L15S2020O1N163)	-	163. séance	-	COVID	English	Regular	notMP	notMinister	-	-	-	-	PA720512	Pietraszewski, Laurent	M	1966	
ParlaMint-FR-en_2020-02-24-O1163	ParlaMint-FR_2020-02-24-O1163.u747	Proceedings of the debates in plenary sitting of the Assemblée Nationale, sitting: 163, 24/02/2020	2020-02-24	Lower house	15e législature	session ordinaire 2019-2020 (CRSANR5L15S2020O1N163)	-	163. séance	-	COVID	English	Regular	notMP	notMinister	LR	Les Républicains	Opposition	Centre-right	PA605991	Genevard, Annie	F	1956	
ParlaMint-FR-en_2020-02-24-O1163	ParlaMint-FR_2020-02-24-O1163.u748	Proceedings of the debates in plenary sitting of the Assemblée Nationale, sitting: 163, 24/02/2020	2020-02-24	Lower house	15e législature	session ordinaire 2019-2020 (CRSANR5L15S2020O1N163)	-	163. séance	-	COVID	English	Regular	notMP	notMinister	GDR	Gauche démocrate et républicaine	Opposition	Left	PA720692	Roussel, Fabien	M	1969	
ParlaMint-FR-en_2020-02-24-O1163	ParlaMint-FR_2020-02-24-O1163.u749	Proceedings of the debates in plenary sitting of the Assemblée Nationale, sitting: 163, 24/02/2020	2020-02-24	Lower house	15e législature	session ordinaire 2019-2020 (CRSANR5L15S2020O1N163)	-	163. séance	-	COVID	English	Guest	-	-	-	-	-	-	-	-	-	-
ParlaMint-FR-en_2020-02-24-O1163	ParlaMint-FR_2020-02-24-O1163.u750	Proceedings of the debates in plenary sitting of the Assemblée Nationale, sitting: 163, 24/02/2020	2020-02-24	Lower house	15e législature	session ordinaire 2019-2020 (CRSANR5L15S2020O1N163)	-	163. séance	-	COVID	English	Regular	notMP	notMinister	LR	Les Républicains	Opposition	Centre-right	PA605991	Genevard, Annie	F	1956	
ParlaMint-FR-en_2020-02-24-O1163	ParlaMint-FR_2020-02-24-O1163.u751	Proceedings of the debates in plenary sitting of the Assemblée Nationale, sitting: 163, 24/02/2020	2020-02-24	Lower house	15e législature	session ordinaire 2019-2020 (CRSANR5L15S2020O1N163)	-	163. séance	-	COVID	English	Regular	notMP	notMinister	GDR	Gauche démocrate et républicaine	Opposition	Left	PA720692	Roussel, Fabien	M	1969	
ParlaMint-FR-en_2020-02-24-O1163	ParlaMint-FR_2020-02-24-O1163.u752	Proceedings of the debates in plenary sitting of the Assemblée Nationale, sitting: 163, 24/02/2020	2020-02-24	Lower house	15e législature	session ordinaire 2019-2020 (CRSANR5L15S2020O1N163)	-	163. séance	-	COVID	English	Regular	notMP	notMinister	LR	Les Républicains	Opposition	Centre-right	PA605991	Genevard, Annie	F	1956	
ParlaMint-FR-en_2020-02-24-O1163	ParlaMint-FR_2020-02-24-O1163.u753	Proceedings of the debates in plenary sitting of the Assemblée Nationale, sitting: 163, 24/02/2020	2020-02-24	Lower house	15e législature	session ordinaire 2019-2020 (CRSANR5L15S2020O1N163)	-	163. séance	-	COVID	English	Guest	-	-	-	-	-	-	-	-	-	-
ParlaMint-FR-en_2020-02-24-O1163	ParlaMint-FR_2020-02-24-O1163.u754	Proceedings of the debates in plenary sitting of the Assemblée Nationale, sitting: 163, 24/02/2020	2020-02-24	Lower house	15e législature	session ordinaire 2019-2020 (CRSANR5L15S2020O1N163)	-	163. séance	-	COVID	English	Regular	MP	notMinister	LAREM	La République en Marche	Coalition	Centre	PA721134	Lescure, Roland	M	1966	
ParlaMint-FR-en_2020-02-24-O1163	ParlaMint-FR_2020-02-24-O1163.u755	Proceedings of the debates in plenary sitting of the Assemblée Nationale, sitting: 163, 24/02/2020	2020-02-24	Lower house	15e législature	session ordinaire 2019-2020 (CRSANR5L15S2020O1N163)	-	163. séance	-	COVID	English	Regular	MP	notMinister	GDR	Gauche démocrate et républicaine	Opposition	Left	PA718720	Dufrègne, Jean-Paul	M	1958	
ParlaMint-FR-en_2020-02-24-O1163	ParlaMint-FR_2020-02-24-O1163.u756	Proceedings of the debates in plenary sitting of the Assemblée Nationale, sitting: 163, 24/02/2020	2020-02-24	Lower house	15e législature	session ordinaire 2019-2020 (CRSANR5L15S2020O1N163)	-	163. séance	-	COVID	English	Regular	MP	notMinister	LR	Les Républicains	Opposition	Centre-right	PA1874	Le Fur, Marc	M	1956	
ParlaMint-FR-en_2020-02-24-O1163	ParlaMint-FR_2020-02-24-O1163.u757	Proceedings of the debates in plenary sitting of the Assemblée Nationale, sitting: 163, 24/02/2020	2020-02-24	Lower house	15e législature	session ordinaire 2019-2020 (CRSANR5L15S2020O1N163)	-	163. séance	-	COVID	English	Regular	notMP	notMinister	LR	Les Républicains	Opposition	Centre-right	PA608416	Hetzel, Patrick	M	1964	
ParlaMint-FR-en_2020-02-24-O1163	ParlaMint-FR_2020-02-24-O1163.u758	Proceedings of the debates in plenary sitting of the Assemblée Nationale, sitting: 163, 24/02/2020	2020-02-24	Lower house	15e législature	session ordinaire 2019-2020 (CRSANR5L15S2020O1N163)	-	163. séance	-	COVID	English	Regular	MP	notMinister	LAREM	La République en Marche	Coalition	Centre	PA721134	Lescure, Roland	M	1966	
ParlaMint-FR-en_2020-02-24-O1163	ParlaMint-FR_2020-02-24-O1163.u759	Proceedings of the debates in plenary sitting of the Assemblée Nationale, sitting: 163, 24/02/2020	2020-02-24	Lower house	15e législature	session ordinaire 2019-2020 (CRSANR5L15S2020O1N163)	-	163. séance	-	COVID	English	Regular	notMP	notMinister	LR	Les Républicains	Opposition	Centre-right	PA345722	Le Grip, Constance	F	1960	
ParlaMint-FR-en_2020-02-24-O1163	ParlaMint-FR_2020-02-24-O1163.u760	Proceedings of the debates in plenary sitting of the Assemblée Nationale, sitting: 163, 24/02/2020	2020-02-24	Lower house	15e législature	session ordinaire 2019-2020 (CRSANR5L15S2020O1N163)	-	163. séance	-	COVID	English	Regular	notMP	notMinister	GDR	Gauche démocrate et républicaine	Opposition	Left	PA720692	Roussel, Fabien	M	1969	
ParlaMint-FR-en_2020-02-24-O1163	ParlaMint-FR_2020-02-24-O1163.u761	Proceedings of the debates in plenary sitting of the Assemblée Nationale, sitting: 163, 24/02/2020	2020-02-24	Lower house	15e législature	session ordinaire 2019-2020 (CRSANR5L15S2020O1N163)	-	163. séance	-	COVID	English	Regular	MP	notMinister	LR	Les Républicains	Opposition	Centre-right	PA1874	Le Fur, Marc	M	1956	
ParlaMint-FR-en_2020-02-24-O1163	ParlaMint-FR_2020-02-24-O1163.u762	Proceedings of the debates in plenary sitting of the Assemblée Nationale, sitting: 163, 24/02/2020	2020-02-24	Lower house	15e législature	session ordinaire 2019-2020 (CRSANR5L15S2020O1N163)	-	163. séance	-	COVID	English	Regular	MP	notMinister	LAREM	La République en Marche	Coalition	Centre	PA721134	Lescure, Roland	M	1966	
ParlaMint-FR-en_2020-02-24-O1163	ParlaMint-FR_2020-02-24-O1163.u763	Proceedings of the debates in plenary sitting of the Assemblée Nationale, sitting: 163, 24/02/2020	2020-02-24	Lower house	15e législature	session ordinaire 2019-2020 (CRSANR5L15S2020O1N163)	-	163. séance	-	COVID	English	Regular	notMP	notMinister	LR	Les Républicains	Opposition	Centre-right	PA605991	Genevard, Annie	F	1956	
ParlaMint-FR-en_2020-02-24-O1163	ParlaMint-FR_2020-02-24-O1163.u764	Proceedings of the debates in plenary sitting of the Assemblée Nationale, sitting: 163, 24/02/2020	2020-02-24	Lower house	15e législature	session ordinaire 2019-2020 (CRSANR5L15S2020O1N163)	-	163. séance	-	COVID	English	Regular	MP	notMinister	LAREM	La République en Marche	Coalition	Centre	PA721134	Lescure, Roland	M	1966	
ParlaMint-FR-en_2020-02-24-O1163	ParlaMint-FR_2020-02-24-O1163.u765	Proceedings of the debates in plenary sitting of the Assemblée Nationale, sitting: 163, 24/02/2020	2020-02-24	Lower house	15e législature	session ordinaire 2019-2020 (CRSANR5L15S2020O1N163)	-	163. séance	-	COVID	English	Regular	MP	notMinister	LR	Les Républicains	Opposition	Centre-right	PA720630	Minot, Maxime	M	1987	
ParlaMint-FR-en_2020-02-24-O1163	ParlaMint-FR_2020-02-24-O1163.u766	Proceedings of the debates in plenary sitting of the Assemblée Nationale, sitting: 163, 24/02/2020	2020-02-24	Lower house	15e législature	session ordinaire 2019-2020 (CRSANR5L15S2020O1N163)	-	163. séance	-	COVID	English	Regular	MP	notMinister	LAREM	La République en Marche	Coalition	Centre	PA721134	Lescure, Roland	M	1966	
ParlaMint-FR-en_2020-02-24-O1163	ParlaMint-FR_2020-02-24-O1163.u767	Proceedings of the debates in plenary sitting of the Assemblée Nationale, sitting: 163, 24/02/2020	2020-02-24	Lower house	15e législature	session ordinaire 2019-2020 (CRSANR5L15S2020O1N163)	-	163. séance	-	COVID	English	Regular	notMP	notMinister	GDR	Gauche démocrate et républicaine	Opposition	Left	PA722202	Jumel, Sébastien	M	1971	
ParlaMint-FR-en_2020-02-24-O1163	ParlaMint-FR_2020-02-24-O1163.u768	Proceedings of the debates in plenary sitting of the Assemblée Nationale, sitting: 163, 24/02/2020	2020-02-24	Lower house	15e législature	session ordinaire 2019-2020 (CRSANR5L15S2020O1N163)	-	163. séance	-	COVID	English	Regular	MP	notMinister	LAREM	La République en Marche	Coalition	Centre	PA721134	Lescure, Roland	M	1966	
ParlaMint-FR-en_2020-02-24-O1163	ParlaMint-FR_2020-02-24-O1163.u769	Proceedings of the debates in plenary sitting of the Assemblée Nationale, sitting: 163, 24/02/2020	2020-02-24	Lower house	15e législature	session ordinaire 2019-2020 (CRSANR5L15S2020O1N163)	-	163. séance	-	COVID	English	Regular	notMP	notMinister	FI	La France insoumise	Opposition	Left to far-left	PA720892	Panot, Mathilde	F	1989	
ParlaMint-FR-en_2020-02-24-O1163	ParlaMint-FR_2020-02-24-O1163.u770	Proceedings of the debates in plenary sitting of the Assemblée Nationale, sitting: 163, 24/02/2020	2020-02-24	Lower house	15e législature	session ordinaire 2019-2020 (CRSANR5L15S2020O1N163)	-	163. séance	-	COVID	English	Regular	MP	notMinister	LAREM	La République en Marche	Coalition	Centre	PA721134	Lescure, Roland	M	1966	
ParlaMint-FR-en_2020-02-24-O1163	ParlaMint-FR_2020-02-24-O1163.u771	Proceedings of the debates in plenary sitting of the Assemblée Nationale, sitting: 163, 24/02/2020	2020-02-24	Lower house	15e législature	session ordinaire 2019-2020 (CRSANR5L15S2020O1N163)	-	163. séance	-	COVID	English	Regular	notMP	notMinister	FI	La France insoumise	Opposition	Left to far-left	PA720892	Panot, Mathilde	F	1989	
ParlaMint-FR-en_2020-02-24-O1163	ParlaMint-FR_2020-02-24-O1163.u772	Proceedings of the debates in plenary sitting of the Assemblée Nationale, sitting: 163, 24/02/2020	2020-02-24	Lower house	15e législature	session ordinaire 2019-2020 (CRSANR5L15S2020O1N163)	-	163. séance	-	COVID	English	Regular	MP	notMinister	LAREM	La République en Marche	Coalition	Centre	PA721134	Lescure, Roland	M	1966	
ParlaMint-FR-en_2020-02-24-O1163	ParlaMint-FR_2020-02-24-O1163.u773	Proceedings of the debates in plenary sitting of the Assemblée Nationale, sitting: 163, 24/02/2020	2020-02-24	Lower house	15e législature	session ordinaire 2019-2020 (CRSANR5L15S2020O1N163)	-	163. séance	-	COVID	English	Regular	notMP	notMinister	GDR	Gauche démocrate et républicaine	Opposition	Left	PA720692	Roussel, Fabien	M	1969	
ParlaMint-FR-en_2020-02-24-O1163	ParlaMint-FR_2020-02-24-O1163.u774	Proceedings of the debates in plenary sitting of the Assemblée Nationale, sitting: 163, 24/02/2020	2020-02-24	Lower house	15e législature	session ordinaire 2019-2020 (CRSANR5L15S2020O1N163)	-	163. séance	-	COVID	English	Regular	MP	notMinister	LAREM	La République en Marche	Coalition	Centre	PA721134	Lescure, Roland	M	1966	
ParlaMint-FR-en_2020-02-24-O1163	ParlaMint-FR_2020-02-24-O1163.u775	Proceedings of the debates in plenary sitting of the Assemblée Nationale, sitting: 163, 24/02/2020	2020-02-24	Lower house	15e législature	session ordinaire 2019-2020 (CRSANR5L15S2020O1N163)	-	163. séance	-	COVID	English	Regular	notMP	notMinister	LR	Les Républicains	Opposition	Centre-right	PA605991	Genevard, Annie	F	1956	
ParlaMint-FR-en_2020-02-24-O1163	ParlaMint-FR_2020-02-24-O1163.u776	Proceedings of the debates in plenary sitting of the Assemblée Nationale, sitting: 163, 24/02/2020	2020-02-24	Lower house	15e législature	session ordinaire 2019-2020 (CRSANR5L15S2020O1N163)	-	163. séance	-	COVID	English	Regular	notMP	notMinister	LR	Les Républicains	Opposition	Centre-right	PA642847	Bazin, Thibault	M	1984	
ParlaMint-FR-en_2020-02-24-O1163	ParlaMint-FR_2020-02-24-O1163.u777	Proceedings of the debates in plenary sitting of the Assemblée Nationale, sitting: 163, 24/02/2020	2020-02-24	Lower house	15e législature	session ordinaire 2019-2020 (CRSANR5L15S2020O1N163)	-	163. séance	-	COVID	English	Regular	MP	notMinister	LAREM	La République en Marche	Coalition	Centre	PA721134	Lescure, Roland	M	1966	
ParlaMint-FR-en_2020-02-24-O1163	ParlaMint-FR_2020-02-24-O1163.u778	Proceedings of the debates in plenary sitting of the Assemblée Nationale, sitting: 163, 24/02/2020	2020-02-24	Lower house	15e législature	session ordinaire 2019-2020 (CRSANR5L15S2020O1N163)	-	163. séance	-	COVID	English	Regular	notMP	notMinister	LR	Les Républicains	Opposition	Centre-right	PA642847	Bazin, Thibault	M	1984	
ParlaMint-FR-en_2020-02-24-O1163	ParlaMint-FR_2020-02-24-O1163.u779	Proceedings of the debates in plenary sitting of the Assemblée Nationale, sitting: 163, 24/02/2020	2020-02-24	Lower house	15e législature	session ordinaire 2019-2020 (CRSANR5L15S2020O1N163)	-	163. séance	-	COVID	English	Regular	notMP	notMinister	GDR	Gauche démocrate et républicaine	Opposition	Left	PA720692	Roussel, Fabien	M	1969	
ParlaMint-FR-en_2020-02-24-O1163	ParlaMint-FR_2020-02-24-O1163.u780	Proceedings of the debates in plenary sitting of the Assemblée Nationale, sitting: 163, 24/02/2020	2020-02-24	Lower house	15e législature	session ordinaire 2019-2020 (CRSANR5L15S2020O1N163)	-	163. séance	-	COVID	English	Regular	notMP	notMinister	LR	Les Républicains	Opposition	Centre-right	PA642847	Bazin, Thibault	M	1984	
ParlaMint-FR-en_2020-02-24-O1163	ParlaMint-FR_2020-02-24-O1163.u781	Proceedings of the debates in plenary sitting of the Assemblée Nationale, sitting: 163, 24/02/2020	2020-02-24	Lower house	15e législature	session ordinaire 2019-2020 (CRSANR5L15S2020O1N163)	-	163. séance	-	COVID	English	Regular	notMP	notMinister	LR	Les Républicains	Opposition	Centre-right	PA608416	Hetzel, Patrick	M	1964	
ParlaMint-FR-en_2020-02-24-O1163	ParlaMint-FR_2020-02-24-O1163.u782	Proceedings of the debates in plenary sitting of the Assemblée Nationale, sitting: 163, 24/02/2020	2020-02-24	Lower house	15e législature	session ordinaire 2019-2020 (CRSANR5L15S2020O1N163)	-	163. séance	-	COVID	English	Regular	notMP	notMinister	LR	Les Républicains	Opposition	Centre-right	PA642847	Bazin, Thibault	M	1984	
ParlaMint-FR-en_2020-02-24-O1163	ParlaMint-FR_2020-02-24-O1163.u783	Proceedings of the debates in plenary sitting of the Assemblée Nationale, sitting: 163, 24/02/2020	2020-02-24	Lower house	15e législature	session ordinaire 2019-2020 (CRSANR5L15S2020O1N163)	-	163. séance	-	COVID	English	Regular	MP	notMinister	LR	Les Républicains	Opposition	Centre-right	PA720630	Minot, Maxime	M	1987	
ParlaMint-FR-en_2020-02-24-O1163	ParlaMint-FR_2020-02-24-O1163.u784	Proceedings of the debates in plenary sitting of the Assemblée Nationale, sitting: 163, 24/02/2020	2020-02-24	Lower house	15e législature	session ordinaire 2019-2020 (CRSANR5L15S2020O1N163)	-	163. séance	-	COVID	English	Regular	notMP	notMinister	LR	Les Républicains	Opposition	Centre-right	PA642847	Bazin, Thibault	M	1984	
ParlaMint-FR-en_2020-02-24-O1163	ParlaMint-FR_2020-02-24-O1163.u785	Proceedings of the debates in plenary sitting of the Assemblée Nationale, sitting: 163, 24/02/2020	2020-02-24	Lower house	15e législature	session ordinaire 2019-2020 (CRSANR5L15S2020O1N163)	-	163. séance	-	COVID	English	Regular	notMP	notMinister	LR	Les Républicains	Opposition	Centre-right	PA608416	Hetzel, Patrick	M	1964	
ParlaMint-FR-en_2020-02-24-O1163	ParlaMint-FR_2020-02-24-O1163.u786	Proceedings of the debates in plenary sitting of the Assemblée Nationale, sitting: 163, 24/02/2020	2020-02-24	Lower house	15e législature	session ordinaire 2019-2020 (CRSANR5L15S2020O1N163)	-	163. séance	-	COVID	English	Regular	notMP	notMinister	LR	Les Républicains	Opposition	Centre-right	PA642847	Bazin, Thibault	M	1984	
ParlaMint-FR-en_2020-02-24-O1163	ParlaMint-FR_2020-02-24-O1163.u787	Proceedings of the debates in plenary sitting of the Assemblée Nationale, sitting: 163, 24/02/2020	2020-02-24	Lower house	15e législature	session ordinaire 2019-2020 (CRSANR5L15S2020O1N163)	-	163. séance	-	COVID	English	Regular	notMP	notMinister	LR	Les Républicains	Opposition	Centre-right	PA605991	Genevard, Annie	F	1956	
ParlaMint-FR-en_2020-02-24-O1163	ParlaMint-FR_2020-02-24-O1163.u788	Proceedings of the debates in plenary sitting of the Assemblée Nationale, sitting: 163, 24/02/2020	2020-02-24	Lower house	15e législature	session ordinaire 2019-2020 (CRSANR5L15S2020O1N163)	-	163. séance	-	COVID	English	Regular	notMP	notMinister	GDR	Gauche démocrate et républicaine	Opposition	Left	PA720692	Roussel, Fabien	M	1969	
ParlaMint-FR-en_2020-02-24-O1163	ParlaMint-FR_2020-02-24-O1163.u789	Proceedings of the debates in plenary sitting of the Assemblée Nationale, sitting: 163, 24/02/2020	2020-02-24	Lower house	15e législature	session ordinaire 2019-2020 (CRSANR5L15S2020O1N163)	-	163. séance	-	COVID	English	Regular	notMP	notMinister	LR	Les Républicains	Opposition	Centre-right	PA608416	Hetzel, Patrick	M	1964	
ParlaMint-FR-en_2020-02-24-O1163	ParlaMint-FR_2020-02-24-O1163.u790	Proceedings of the debates in plenary sitting of the Assemblée Nationale, sitting: 163, 24/02/2020	2020-02-24	Lower house	15e législature	session ordinaire 2019-2020 (CRSANR5L15S2020O1N163)	-	163. séance	-	COVID	English	Regular	notMP	notMinister	LR	Les Républicains	Opposition	Centre-right	PA605991	Genevard, Annie	F	1956	
ParlaMint-FR-en_2020-02-24-O1163	ParlaMint-FR_2020-02-24-O1163.u791	Proceedings of the debates in plenary sitting of the Assemblée Nationale, sitting: 163, 24/02/2020	2020-02-24	Lower house	15e législature	session ordinaire 2019-2020 (CRSANR5L15S2020O1N163)	-	163. séance	-	COVID	English	Chairperson	notMP	notMinister	LR	Les Républicains	Opposition	Centre-right	PA605991	Genevard, Annie	F	1956	
ParlaMint-FR-en_2020-02-24-O1163	ParlaMint-FR_2020-02-24-O1163.u792	Proceedings of the debates in plenary sitting of the Assemblée Nationale, sitting: 163, 24/02/2020	2020-02-24	Lower house	15e législature	session ordinaire 2019-2020 (CRSANR5L15S2020O1N163)	-	163. séance	-	COVID	English	Chairperson	notMP	notMinister	LR	Les Républicains	Opposition	Centre-right	PA605991	Genevard, Annie	F	1956	
ParlaMint-FR-en_2020-02-24-O1163	ParlaMint-FR_2020-02-24-O1163.u793	Proceedings of the debates in plenary sitting of the Assemblée Nationale, sitting: 163, 24/02/2020	2020-02-24	Lower house	15e législature	session ordinaire 2019-2020 (CRSANR5L15S2020O1N163)	-	163. séance	-	COVID	English	Chairperson	notMP	notMinister	LR	Les Républicains	Opposition	Centre-right	PA605991	Genevard, Annie	F	1956	
ParlaMint-FR-en_2020-02-24-O1163	ParlaMint-FR_2020-02-24-O1163.u794	Proceedings of the debates in plenary sitting of the Assemblée Nationale, sitting: 163, 24/02/2020	2020-02-24	Lower house	15e législature	session ordinaire 2019-2020 (CRSANR5L15S2020O1N163)	-	163. séance	-	COVID	English	Chairperson	notMP	notMinister	LR	Les Républicains	Opposition	Centre-right	PA605991	Genevard, Annie	F	1956	
