Text_ID	ID	Title	Date	Body	Term	Session	Meeting	Sitting	Agenda	Subcorpus	Lang	Speaker_role	Speaker_MP	Speaker_minister	Speaker_party	Speaker_party_name	Party_status	Party_orientation	Speaker_ID	Speaker_name	Speaker_gender	Speaker_birth
ParlaMint-FR-en_2020-02-28-O1174	ParlaMint-FR_2020-02-28-O1174.u1	Proceedings of the debates in plenary sitting of the Assemblée Nationale, sitting: 174, 28/02/2020	2020-02-28	Lower house	15e législature	session ordinaire 2019-2020 (CRSANR5L15S2020O1N174)	-	174. séance	-	COVID	English	Chairperson	MP	notMinister	MODEM	Mouvement Démocrate et apparentés	Coalition	Centre to centre-right	PA720746	Waserman, Sylvain	M	1967	
ParlaMint-FR-en_2020-02-28-O1174	ParlaMint-FR_2020-02-28-O1174.u2	Proceedings of the debates in plenary sitting of the Assemblée Nationale, sitting: 174, 28/02/2020	2020-02-28	Lower house	15e législature	session ordinaire 2019-2020 (CRSANR5L15S2020O1N174)	-	174. séance	-	COVID	English	Chairperson	MP	notMinister	MODEM	Mouvement Démocrate et apparentés	Coalition	Centre to centre-right	PA720746	Waserman, Sylvain	M	1967	
ParlaMint-FR-en_2020-02-28-O1174	ParlaMint-FR_2020-02-28-O1174.u3	Proceedings of the debates in plenary sitting of the Assemblée Nationale, sitting: 174, 28/02/2020	2020-02-28	Lower house	15e législature	session ordinaire 2019-2020 (CRSANR5L15S2020O1N174)	-	174. séance	-	COVID	English	Chairperson	MP	notMinister	MODEM	Mouvement Démocrate et apparentés	Coalition	Centre to centre-right	PA720746	Waserman, Sylvain	M	1967	
ParlaMint-FR-en_2020-02-28-O1174	ParlaMint-FR_2020-02-28-O1174.u4	Proceedings of the debates in plenary sitting of the Assemblée Nationale, sitting: 174, 28/02/2020	2020-02-28	Lower house	15e législature	session ordinaire 2019-2020 (CRSANR5L15S2020O1N174)	-	174. séance	-	COVID	English	Regular	notMP	notMinister	FI	La France insoumise	Opposition	Left to far-left	PA720286	Fiat, Caroline	F	1977	
ParlaMint-FR-en_2020-02-28-O1174	ParlaMint-FR_2020-02-28-O1174.u5	Proceedings of the debates in plenary sitting of the Assemblée Nationale, sitting: 174, 28/02/2020	2020-02-28	Lower house	15e législature	session ordinaire 2019-2020 (CRSANR5L15S2020O1N174)	-	174. séance	-	COVID	English	Regular	MP	notMinister	MODEM	Mouvement Démocrate et apparentés	Coalition	Centre to centre-right	PA720746	Waserman, Sylvain	M	1967	
ParlaMint-FR-en_2020-02-28-O1174	ParlaMint-FR_2020-02-28-O1174.u6	Proceedings of the debates in plenary sitting of the Assemblée Nationale, sitting: 174, 28/02/2020	2020-02-28	Lower house	15e législature	session ordinaire 2019-2020 (CRSANR5L15S2020O1N174)	-	174. séance	-	COVID	English	Regular	notMP	notMinister	FI	La France insoumise	Opposition	Left to far-left	PA720286	Fiat, Caroline	F	1977	
ParlaMint-FR-en_2020-02-28-O1174	ParlaMint-FR_2020-02-28-O1174.u7	Proceedings of the debates in plenary sitting of the Assemblée Nationale, sitting: 174, 28/02/2020	2020-02-28	Lower house	15e législature	session ordinaire 2019-2020 (CRSANR5L15S2020O1N174)	-	174. séance	-	COVID	English	Regular	MP	notMinister	MODEM	Mouvement Démocrate et apparentés	Coalition	Centre to centre-right	PA720746	Waserman, Sylvain	M	1967	
ParlaMint-FR-en_2020-02-28-O1174	ParlaMint-FR_2020-02-28-O1174.u8	Proceedings of the debates in plenary sitting of the Assemblée Nationale, sitting: 174, 28/02/2020	2020-02-28	Lower house	15e législature	session ordinaire 2019-2020 (CRSANR5L15S2020O1N174)	-	174. séance	-	COVID	English	Regular	notMP	notMinister	GDR	Gauche démocrate et républicaine	Opposition	Left	PA721270	Peu, Stéphane	M	1962	
ParlaMint-FR-en_2020-02-28-O1174	ParlaMint-FR_2020-02-28-O1174.u9	Proceedings of the debates in plenary sitting of the Assemblée Nationale, sitting: 174, 28/02/2020	2020-02-28	Lower house	15e législature	session ordinaire 2019-2020 (CRSANR5L15S2020O1N174)	-	174. séance	-	COVID	English	Regular	MP	notMinister	FI	La France insoumise	Opposition	Left to far-left	PA720430	Bernalicis, Ugo	M	1989	
ParlaMint-FR-en_2020-02-28-O1174	ParlaMint-FR_2020-02-28-O1174.u10	Proceedings of the debates in plenary sitting of the Assemblée Nationale, sitting: 174, 28/02/2020	2020-02-28	Lower house	15e législature	session ordinaire 2019-2020 (CRSANR5L15S2020O1N174)	-	174. séance	-	COVID	English	Regular	MP	notMinister	MODEM	Mouvement Démocrate et apparentés	Coalition	Centre to centre-right	PA720746	Waserman, Sylvain	M	1967	
ParlaMint-FR-en_2020-02-28-O1174	ParlaMint-FR_2020-02-28-O1174.u11	Proceedings of the debates in plenary sitting of the Assemblée Nationale, sitting: 174, 28/02/2020	2020-02-28	Lower house	15e législature	session ordinaire 2019-2020 (CRSANR5L15S2020O1N174)	-	174. séance	-	COVID	English	Regular	notMP	notMinister	MODEM	Mouvement Démocrate et apparentés	Coalition	Centre to centre-right	PA722162	Turquois, Nicolas	M	1972	
ParlaMint-FR-en_2020-02-28-O1174	ParlaMint-FR_2020-02-28-O1174.u12	Proceedings of the debates in plenary sitting of the Assemblée Nationale, sitting: 174, 28/02/2020	2020-02-28	Lower house	15e législature	session ordinaire 2019-2020 (CRSANR5L15S2020O1N174)	-	174. séance	-	COVID	English	Regular	MP	notMinister	MODEM	Mouvement Démocrate et apparentés	Coalition	Centre to centre-right	PA720746	Waserman, Sylvain	M	1967	
ParlaMint-FR-en_2020-02-28-O1174	ParlaMint-FR_2020-02-28-O1174.u13	Proceedings of the debates in plenary sitting of the Assemblée Nationale, sitting: 174, 28/02/2020	2020-02-28	Lower house	15e législature	session ordinaire 2019-2020 (CRSANR5L15S2020O1N174)	-	174. séance	-	COVID	English	Regular	notMP	notMinister	-	-	-	-	PA720512	Pietraszewski, Laurent	M	1966	
ParlaMint-FR-en_2020-02-28-O1174	ParlaMint-FR_2020-02-28-O1174.u14	Proceedings of the debates in plenary sitting of the Assemblée Nationale, sitting: 174, 28/02/2020	2020-02-28	Lower house	15e législature	session ordinaire 2019-2020 (CRSANR5L15S2020O1N174)	-	174. séance	-	COVID	English	Regular	MP	notMinister	MODEM	Mouvement Démocrate et apparentés	Coalition	Centre to centre-right	PA720746	Waserman, Sylvain	M	1967	
ParlaMint-FR-en_2020-02-28-O1174	ParlaMint-FR_2020-02-28-O1174.u15	Proceedings of the debates in plenary sitting of the Assemblée Nationale, sitting: 174, 28/02/2020	2020-02-28	Lower house	15e législature	session ordinaire 2019-2020 (CRSANR5L15S2020O1N174)	-	174. séance	-	COVID	English	Regular	notMP	notMinister	FI	La France insoumise	Opposition	Left to far-left	PA720286	Fiat, Caroline	F	1977	
ParlaMint-FR-en_2020-02-28-O1174	ParlaMint-FR_2020-02-28-O1174.u16	Proceedings of the debates in plenary sitting of the Assemblée Nationale, sitting: 174, 28/02/2020	2020-02-28	Lower house	15e législature	session ordinaire 2019-2020 (CRSANR5L15S2020O1N174)	-	174. séance	-	COVID	English	Regular	MP	notMinister	MODEM	Mouvement Démocrate et apparentés	Coalition	Centre to centre-right	PA720746	Waserman, Sylvain	M	1967	
ParlaMint-FR-en_2020-02-28-O1174	ParlaMint-FR_2020-02-28-O1174.u17	Proceedings of the debates in plenary sitting of the Assemblée Nationale, sitting: 174, 28/02/2020	2020-02-28	Lower house	15e législature	session ordinaire 2019-2020 (CRSANR5L15S2020O1N174)	-	174. séance	-	COVID	English	Regular	notMP	notMinister	FI	La France insoumise	Opposition	Left to far-left	PA720286	Fiat, Caroline	F	1977	
ParlaMint-FR-en_2020-02-28-O1174	ParlaMint-FR_2020-02-28-O1174.u18	Proceedings of the debates in plenary sitting of the Assemblée Nationale, sitting: 174, 28/02/2020	2020-02-28	Lower house	15e législature	session ordinaire 2019-2020 (CRSANR5L15S2020O1N174)	-	174. séance	-	COVID	English	Regular	MP	notMinister	MODEM	Mouvement Démocrate et apparentés	Coalition	Centre to centre-right	PA720746	Waserman, Sylvain	M	1967	
ParlaMint-FR-en_2020-02-28-O1174	ParlaMint-FR_2020-02-28-O1174.u19	Proceedings of the debates in plenary sitting of the Assemblée Nationale, sitting: 174, 28/02/2020	2020-02-28	Lower house	15e législature	session ordinaire 2019-2020 (CRSANR5L15S2020O1N174)	-	174. séance	-	COVID	English	Regular	notMP	notMinister	MODEM	Mouvement Démocrate et apparentés	Coalition	Centre to centre-right	PA721182	Petit, Frédéric	M	1961	
ParlaMint-FR-en_2020-02-28-O1174	ParlaMint-FR_2020-02-28-O1174.u20	Proceedings of the debates in plenary sitting of the Assemblée Nationale, sitting: 174, 28/02/2020	2020-02-28	Lower house	15e législature	session ordinaire 2019-2020 (CRSANR5L15S2020O1N174)	-	174. séance	-	COVID	English	Regular	MP	notMinister	LAREM	La République en Marche	Coalition	Centre	PA718802	Perea, Alain	M	1971	
ParlaMint-FR-en_2020-02-28-O1174	ParlaMint-FR_2020-02-28-O1174.u21	Proceedings of the debates in plenary sitting of the Assemblée Nationale, sitting: 174, 28/02/2020	2020-02-28	Lower house	15e législature	session ordinaire 2019-2020 (CRSANR5L15S2020O1N174)	-	174. séance	-	COVID	English	Regular	notMP	notMinister	MODEM	Mouvement Démocrate et apparentés	Coalition	Centre to centre-right	PA721182	Petit, Frédéric	M	1961	
ParlaMint-FR-en_2020-02-28-O1174	ParlaMint-FR_2020-02-28-O1174.u22	Proceedings of the debates in plenary sitting of the Assemblée Nationale, sitting: 174, 28/02/2020	2020-02-28	Lower house	15e législature	session ordinaire 2019-2020 (CRSANR5L15S2020O1N174)	-	174. séance	-	COVID	English	Regular	MP	notMinister	LAREM	La République en Marche	Coalition	Centre	PA718802	Perea, Alain	M	1971	
ParlaMint-FR-en_2020-02-28-O1174	ParlaMint-FR_2020-02-28-O1174.u23	Proceedings of the debates in plenary sitting of the Assemblée Nationale, sitting: 174, 28/02/2020	2020-02-28	Lower house	15e législature	session ordinaire 2019-2020 (CRSANR5L15S2020O1N174)	-	174. séance	-	COVID	English	Regular	notMP	notMinister	MODEM	Mouvement Démocrate et apparentés	Coalition	Centre to centre-right	PA721182	Petit, Frédéric	M	1961	
ParlaMint-FR-en_2020-02-28-O1174	ParlaMint-FR_2020-02-28-O1174.u24	Proceedings of the debates in plenary sitting of the Assemblée Nationale, sitting: 174, 28/02/2020	2020-02-28	Lower house	15e législature	session ordinaire 2019-2020 (CRSANR5L15S2020O1N174)	-	174. séance	-	COVID	English	Regular	MP	notMinister	FI	La France insoumise	Opposition	Left to far-left	PA720430	Bernalicis, Ugo	M	1989	
ParlaMint-FR-en_2020-02-28-O1174	ParlaMint-FR_2020-02-28-O1174.u25	Proceedings of the debates in plenary sitting of the Assemblée Nationale, sitting: 174, 28/02/2020	2020-02-28	Lower house	15e législature	session ordinaire 2019-2020 (CRSANR5L15S2020O1N174)	-	174. séance	-	COVID	English	Chairperson	MP	notMinister	MODEM	Mouvement Démocrate et apparentés	Coalition	Centre to centre-right	PA720746	Waserman, Sylvain	M	1967	
ParlaMint-FR-en_2020-02-28-O1174	ParlaMint-FR_2020-02-28-O1174.u26	Proceedings of the debates in plenary sitting of the Assemblée Nationale, sitting: 174, 28/02/2020	2020-02-28	Lower house	15e législature	session ordinaire 2019-2020 (CRSANR5L15S2020O1N174)	-	174. séance	-	COVID	English	Chairperson	MP	notMinister	MODEM	Mouvement Démocrate et apparentés	Coalition	Centre to centre-right	PA720746	Waserman, Sylvain	M	1967	
ParlaMint-FR-en_2020-02-28-O1174	ParlaMint-FR_2020-02-28-O1174.u27	Proceedings of the debates in plenary sitting of the Assemblée Nationale, sitting: 174, 28/02/2020	2020-02-28	Lower house	15e législature	session ordinaire 2019-2020 (CRSANR5L15S2020O1N174)	-	174. séance	-	COVID	English	Chairperson	MP	notMinister	MODEM	Mouvement Démocrate et apparentés	Coalition	Centre to centre-right	PA720746	Waserman, Sylvain	M	1967	
ParlaMint-FR-en_2020-02-28-O1174	ParlaMint-FR_2020-02-28-O1174.u28	Proceedings of the debates in plenary sitting of the Assemblée Nationale, sitting: 174, 28/02/2020	2020-02-28	Lower house	15e législature	session ordinaire 2019-2020 (CRSANR5L15S2020O1N174)	-	174. séance	-	COVID	English	Regular	notMP	notMinister	LAREM	La République en Marche	Coalition	Centre	PA721296	Gouffier Valente, Guillaume	M	1986	
ParlaMint-FR-en_2020-02-28-O1174	ParlaMint-FR_2020-02-28-O1174.u29	Proceedings of the debates in plenary sitting of the Assemblée Nationale, sitting: 174, 28/02/2020	2020-02-28	Lower house	15e législature	session ordinaire 2019-2020 (CRSANR5L15S2020O1N174)	-	174. séance	-	COVID	English	Regular	MP	notMinister	MODEM	Mouvement Démocrate et apparentés	Coalition	Centre to centre-right	PA720746	Waserman, Sylvain	M	1967	
ParlaMint-FR-en_2020-02-28-O1174	ParlaMint-FR_2020-02-28-O1174.u30	Proceedings of the debates in plenary sitting of the Assemblée Nationale, sitting: 174, 28/02/2020	2020-02-28	Lower house	15e législature	session ordinaire 2019-2020 (CRSANR5L15S2020O1N174)	-	174. séance	-	COVID	English	Regular	notMP	notMinister	-	-	-	-	PA720512	Pietraszewski, Laurent	M	1966	
ParlaMint-FR-en_2020-02-28-O1174	ParlaMint-FR_2020-02-28-O1174.u31	Proceedings of the debates in plenary sitting of the Assemblée Nationale, sitting: 174, 28/02/2020	2020-02-28	Lower house	15e législature	session ordinaire 2019-2020 (CRSANR5L15S2020O1N174)	-	174. séance	-	COVID	English	Regular	MP	notMinister	MODEM	Mouvement Démocrate et apparentés	Coalition	Centre to centre-right	PA720746	Waserman, Sylvain	M	1967	
ParlaMint-FR-en_2020-02-28-O1174	ParlaMint-FR_2020-02-28-O1174.u32	Proceedings of the debates in plenary sitting of the Assemblée Nationale, sitting: 174, 28/02/2020	2020-02-28	Lower house	15e législature	session ordinaire 2019-2020 (CRSANR5L15S2020O1N174)	-	174. séance	-	COVID	English	Regular	notMP	notMinister	LAREM	La République en Marche	Coalition	Centre	PA721296	Gouffier Valente, Guillaume	M	1986	
ParlaMint-FR-en_2020-02-28-O1174	ParlaMint-FR_2020-02-28-O1174.u33	Proceedings of the debates in plenary sitting of the Assemblée Nationale, sitting: 174, 28/02/2020	2020-02-28	Lower house	15e législature	session ordinaire 2019-2020 (CRSANR5L15S2020O1N174)	-	174. séance	-	COVID	English	Chairperson	MP	notMinister	MODEM	Mouvement Démocrate et apparentés	Coalition	Centre to centre-right	PA720746	Waserman, Sylvain	M	1967	
ParlaMint-FR-en_2020-02-28-O1174	ParlaMint-FR_2020-02-28-O1174.u34	Proceedings of the debates in plenary sitting of the Assemblée Nationale, sitting: 174, 28/02/2020	2020-02-28	Lower house	15e législature	session ordinaire 2019-2020 (CRSANR5L15S2020O1N174)	-	174. séance	-	COVID	English	Regular	notMP	notMinister	FI	La France insoumise	Opposition	Left to far-left	PA720286	Fiat, Caroline	F	1977	
ParlaMint-FR-en_2020-02-28-O1174	ParlaMint-FR_2020-02-28-O1174.u35	Proceedings of the debates in plenary sitting of the Assemblée Nationale, sitting: 174, 28/02/2020	2020-02-28	Lower house	15e législature	session ordinaire 2019-2020 (CRSANR5L15S2020O1N174)	-	174. séance	-	COVID	English	Regular	notMP	notMinister	MODEM	Mouvement Démocrate et apparentés	Coalition	Centre to centre-right	PA721182	Petit, Frédéric	M	1961	
ParlaMint-FR-en_2020-02-28-O1174	ParlaMint-FR_2020-02-28-O1174.u36	Proceedings of the debates in plenary sitting of the Assemblée Nationale, sitting: 174, 28/02/2020	2020-02-28	Lower house	15e législature	session ordinaire 2019-2020 (CRSANR5L15S2020O1N174)	-	174. séance	-	COVID	English	Regular	notMP	notMinister	FI	La France insoumise	Opposition	Left to far-left	PA720286	Fiat, Caroline	F	1977	
ParlaMint-FR-en_2020-02-28-O1174	ParlaMint-FR_2020-02-28-O1174.u37	Proceedings of the debates in plenary sitting of the Assemblée Nationale, sitting: 174, 28/02/2020	2020-02-28	Lower house	15e législature	session ordinaire 2019-2020 (CRSANR5L15S2020O1N174)	-	174. séance	-	COVID	English	Chairperson	MP	notMinister	MODEM	Mouvement Démocrate et apparentés	Coalition	Centre to centre-right	PA720746	Waserman, Sylvain	M	1967	
ParlaMint-FR-en_2020-02-28-O1174	ParlaMint-FR_2020-02-28-O1174.u38	Proceedings of the debates in plenary sitting of the Assemblée Nationale, sitting: 174, 28/02/2020	2020-02-28	Lower house	15e législature	session ordinaire 2019-2020 (CRSANR5L15S2020O1N174)	-	174. séance	-	COVID	English	Regular	MP	notMinister	-	-	-	-	PA332614	Juanico, Régis	M	1972	
ParlaMint-FR-en_2020-02-28-O1174	ParlaMint-FR_2020-02-28-O1174.u39	Proceedings of the debates in plenary sitting of the Assemblée Nationale, sitting: 174, 28/02/2020	2020-02-28	Lower house	15e législature	session ordinaire 2019-2020 (CRSANR5L15S2020O1N174)	-	174. séance	-	COVID	English	Chairperson	MP	notMinister	MODEM	Mouvement Démocrate et apparentés	Coalition	Centre to centre-right	PA720746	Waserman, Sylvain	M	1967	
ParlaMint-FR-en_2020-02-28-O1174	ParlaMint-FR_2020-02-28-O1174.u40	Proceedings of the debates in plenary sitting of the Assemblée Nationale, sitting: 174, 28/02/2020	2020-02-28	Lower house	15e législature	session ordinaire 2019-2020 (CRSANR5L15S2020O1N174)	-	174. séance	-	COVID	English	Regular	MP	notMinister	GDR	Gauche démocrate et républicaine	Opposition	Left	PA718720	Dufrègne, Jean-Paul	M	1958	
ParlaMint-FR-en_2020-02-28-O1174	ParlaMint-FR_2020-02-28-O1174.u41	Proceedings of the debates in plenary sitting of the Assemblée Nationale, sitting: 174, 28/02/2020	2020-02-28	Lower house	15e législature	session ordinaire 2019-2020 (CRSANR5L15S2020O1N174)	-	174. séance	-	COVID	English	Regular	MP	notMinister	MODEM	Mouvement Démocrate et apparentés	Coalition	Centre to centre-right	PA720746	Waserman, Sylvain	M	1967	
ParlaMint-FR-en_2020-02-28-O1174	ParlaMint-FR_2020-02-28-O1174.u42	Proceedings of the debates in plenary sitting of the Assemblée Nationale, sitting: 174, 28/02/2020	2020-02-28	Lower house	15e législature	session ordinaire 2019-2020 (CRSANR5L15S2020O1N174)	-	174. séance	-	COVID	English	Regular	notMP	notMinister	MODEM	Mouvement Démocrate et apparentés	Coalition	Centre to centre-right	PA722162	Turquois, Nicolas	M	1972	
ParlaMint-FR-en_2020-02-28-O1174	ParlaMint-FR_2020-02-28-O1174.u43	Proceedings of the debates in plenary sitting of the Assemblée Nationale, sitting: 174, 28/02/2020	2020-02-28	Lower house	15e législature	session ordinaire 2019-2020 (CRSANR5L15S2020O1N174)	-	174. séance	-	COVID	English	Regular	notMP	notMinister	FI	La France insoumise	Opposition	Left to far-left	PA720286	Fiat, Caroline	F	1977	
ParlaMint-FR-en_2020-02-28-O1174	ParlaMint-FR_2020-02-28-O1174.u44	Proceedings of the debates in plenary sitting of the Assemblée Nationale, sitting: 174, 28/02/2020	2020-02-28	Lower house	15e législature	session ordinaire 2019-2020 (CRSANR5L15S2020O1N174)	-	174. séance	-	COVID	English	Regular	notMP	notMinister	MODEM	Mouvement Démocrate et apparentés	Coalition	Centre to centre-right	PA722162	Turquois, Nicolas	M	1972	
ParlaMint-FR-en_2020-02-28-O1174	ParlaMint-FR_2020-02-28-O1174.u45	Proceedings of the debates in plenary sitting of the Assemblée Nationale, sitting: 174, 28/02/2020	2020-02-28	Lower house	15e législature	session ordinaire 2019-2020 (CRSANR5L15S2020O1N174)	-	174. séance	-	COVID	English	Regular	MP	notMinister	MODEM	Mouvement Démocrate et apparentés	Coalition	Centre to centre-right	PA720746	Waserman, Sylvain	M	1967	
ParlaMint-FR-en_2020-02-28-O1174	ParlaMint-FR_2020-02-28-O1174.u46	Proceedings of the debates in plenary sitting of the Assemblée Nationale, sitting: 174, 28/02/2020	2020-02-28	Lower house	15e législature	session ordinaire 2019-2020 (CRSANR5L15S2020O1N174)	-	174. séance	-	COVID	English	Regular	notMP	notMinister	-	-	-	-	PA720512	Pietraszewski, Laurent	M	1966	
ParlaMint-FR-en_2020-02-28-O1174	ParlaMint-FR_2020-02-28-O1174.u47	Proceedings of the debates in plenary sitting of the Assemblée Nationale, sitting: 174, 28/02/2020	2020-02-28	Lower house	15e législature	session ordinaire 2019-2020 (CRSANR5L15S2020O1N174)	-	174. séance	-	COVID	English	Regular	MP	notMinister	MODEM	Mouvement Démocrate et apparentés	Coalition	Centre to centre-right	PA720746	Waserman, Sylvain	M	1967	
ParlaMint-FR-en_2020-02-28-O1174	ParlaMint-FR_2020-02-28-O1174.u48	Proceedings of the debates in plenary sitting of the Assemblée Nationale, sitting: 174, 28/02/2020	2020-02-28	Lower house	15e législature	session ordinaire 2019-2020 (CRSANR5L15S2020O1N174)	-	174. séance	-	COVID	English	Regular	notMP	notMinister	LAREM	La République en Marche	Coalition	Centre	PA719472	Cazeneuve, Jean-René	M	1958	
ParlaMint-FR-en_2020-02-28-O1174	ParlaMint-FR_2020-02-28-O1174.u49	Proceedings of the debates in plenary sitting of the Assemblée Nationale, sitting: 174, 28/02/2020	2020-02-28	Lower house	15e législature	session ordinaire 2019-2020 (CRSANR5L15S2020O1N174)	-	174. séance	-	COVID	English	Regular	MP	notMinister	FI	La France insoumise	Opposition	Left to far-left	PA720430	Bernalicis, Ugo	M	1989	
ParlaMint-FR-en_2020-02-28-O1174	ParlaMint-FR_2020-02-28-O1174.u50	Proceedings of the debates in plenary sitting of the Assemblée Nationale, sitting: 174, 28/02/2020	2020-02-28	Lower house	15e législature	session ordinaire 2019-2020 (CRSANR5L15S2020O1N174)	-	174. séance	-	COVID	English	Regular	notMP	notMinister	LAREM	La République en Marche	Coalition	Centre	PA719472	Cazeneuve, Jean-René	M	1958	
ParlaMint-FR-en_2020-02-28-O1174	ParlaMint-FR_2020-02-28-O1174.u51	Proceedings of the debates in plenary sitting of the Assemblée Nationale, sitting: 174, 28/02/2020	2020-02-28	Lower house	15e législature	session ordinaire 2019-2020 (CRSANR5L15S2020O1N174)	-	174. séance	-	COVID	English	Regular	MP	notMinister	MODEM	Mouvement Démocrate et apparentés	Coalition	Centre to centre-right	PA720746	Waserman, Sylvain	M	1967	
ParlaMint-FR-en_2020-02-28-O1174	ParlaMint-FR_2020-02-28-O1174.u52	Proceedings of the debates in plenary sitting of the Assemblée Nationale, sitting: 174, 28/02/2020	2020-02-28	Lower house	15e législature	session ordinaire 2019-2020 (CRSANR5L15S2020O1N174)	-	174. séance	-	COVID	English	Regular	MP	notMinister	FI	La France insoumise	Opposition	Left to far-left	PA720430	Bernalicis, Ugo	M	1989	
ParlaMint-FR-en_2020-02-28-O1174	ParlaMint-FR_2020-02-28-O1174.u53	Proceedings of the debates in plenary sitting of the Assemblée Nationale, sitting: 174, 28/02/2020	2020-02-28	Lower house	15e législature	session ordinaire 2019-2020 (CRSANR5L15S2020O1N174)	-	174. séance	-	COVID	English	Regular	MP	notMinister	LAREM	La République en Marche	Coalition	Centre	PA608083	Bourguignon, Brigitte	F	1959	
ParlaMint-FR-en_2020-02-28-O1174	ParlaMint-FR_2020-02-28-O1174.u54	Proceedings of the debates in plenary sitting of the Assemblée Nationale, sitting: 174, 28/02/2020	2020-02-28	Lower house	15e législature	session ordinaire 2019-2020 (CRSANR5L15S2020O1N174)	-	174. séance	-	COVID	English	Regular	MP	notMinister	MODEM	Mouvement Démocrate et apparentés	Coalition	Centre to centre-right	PA720746	Waserman, Sylvain	M	1967	
ParlaMint-FR-en_2020-02-28-O1174	ParlaMint-FR_2020-02-28-O1174.u55	Proceedings of the debates in plenary sitting of the Assemblée Nationale, sitting: 174, 28/02/2020	2020-02-28	Lower house	15e législature	session ordinaire 2019-2020 (CRSANR5L15S2020O1N174)	-	174. séance	-	COVID	English	Regular	MP	notMinister	-	-	-	-	PA332614	Juanico, Régis	M	1972	
ParlaMint-FR-en_2020-02-28-O1174	ParlaMint-FR_2020-02-28-O1174.u56	Proceedings of the debates in plenary sitting of the Assemblée Nationale, sitting: 174, 28/02/2020	2020-02-28	Lower house	15e législature	session ordinaire 2019-2020 (CRSANR5L15S2020O1N174)	-	174. séance	-	COVID	English	Regular	notMP	notMinister	SOC	Socialistes et apparentés	-	Centre-left to left	PA333285	Garot, Guillaume	M	1966	
ParlaMint-FR-en_2020-02-28-O1174	ParlaMint-FR_2020-02-28-O1174.u57	Proceedings of the debates in plenary sitting of the Assemblée Nationale, sitting: 174, 28/02/2020	2020-02-28	Lower house	15e législature	session ordinaire 2019-2020 (CRSANR5L15S2020O1N174)	-	174. séance	-	COVID	English	Regular	MP	notMinister	-	-	-	-	PA332614	Juanico, Régis	M	1972	
ParlaMint-FR-en_2020-02-28-O1174	ParlaMint-FR_2020-02-28-O1174.u58	Proceedings of the debates in plenary sitting of the Assemblée Nationale, sitting: 174, 28/02/2020	2020-02-28	Lower house	15e législature	session ordinaire 2019-2020 (CRSANR5L15S2020O1N174)	-	174. séance	-	COVID	English	Regular	MP	notMinister	MODEM	Mouvement Démocrate et apparentés	Coalition	Centre to centre-right	PA720746	Waserman, Sylvain	M	1967	
ParlaMint-FR-en_2020-02-28-O1174	ParlaMint-FR_2020-02-28-O1174.u59	Proceedings of the debates in plenary sitting of the Assemblée Nationale, sitting: 174, 28/02/2020	2020-02-28	Lower house	15e législature	session ordinaire 2019-2020 (CRSANR5L15S2020O1N174)	-	174. séance	-	COVID	English	Regular	MP	notMinister	-	-	-	-	PA332614	Juanico, Régis	M	1972	
ParlaMint-FR-en_2020-02-28-O1174	ParlaMint-FR_2020-02-28-O1174.u60	Proceedings of the debates in plenary sitting of the Assemblée Nationale, sitting: 174, 28/02/2020	2020-02-28	Lower house	15e législature	session ordinaire 2019-2020 (CRSANR5L15S2020O1N174)	-	174. séance	-	COVID	English	Guest	-	-	-	-	-	-	-	-	-	-
ParlaMint-FR-en_2020-02-28-O1174	ParlaMint-FR_2020-02-28-O1174.u61	Proceedings of the debates in plenary sitting of the Assemblée Nationale, sitting: 174, 28/02/2020	2020-02-28	Lower house	15e législature	session ordinaire 2019-2020 (CRSANR5L15S2020O1N174)	-	174. séance	-	COVID	English	Regular	MP	notMinister	MODEM	Mouvement Démocrate et apparentés	Coalition	Centre to centre-right	PA720746	Waserman, Sylvain	M	1967	
ParlaMint-FR-en_2020-02-28-O1174	ParlaMint-FR_2020-02-28-O1174.u62	Proceedings of the debates in plenary sitting of the Assemblée Nationale, sitting: 174, 28/02/2020	2020-02-28	Lower house	15e législature	session ordinaire 2019-2020 (CRSANR5L15S2020O1N174)	-	174. séance	-	COVID	English	Regular	notMP	notMinister	MODEM	Mouvement Démocrate et apparentés	Coalition	Centre to centre-right	PA720334	Pahun, Jimmy	M	1962	
ParlaMint-FR-en_2020-02-28-O1174	ParlaMint-FR_2020-02-28-O1174.u63	Proceedings of the debates in plenary sitting of the Assemblée Nationale, sitting: 174, 28/02/2020	2020-02-28	Lower house	15e législature	session ordinaire 2019-2020 (CRSANR5L15S2020O1N174)	-	174. séance	-	COVID	English	Chairperson	MP	notMinister	MODEM	Mouvement Démocrate et apparentés	Coalition	Centre to centre-right	PA720746	Waserman, Sylvain	M	1967	
ParlaMint-FR-en_2020-02-28-O1174	ParlaMint-FR_2020-02-28-O1174.u64	Proceedings of the debates in plenary sitting of the Assemblée Nationale, sitting: 174, 28/02/2020	2020-02-28	Lower house	15e législature	session ordinaire 2019-2020 (CRSANR5L15S2020O1N174)	-	174. séance	-	COVID	English	Chairperson	MP	notMinister	MODEM	Mouvement Démocrate et apparentés	Coalition	Centre to centre-right	PA720746	Waserman, Sylvain	M	1967	
ParlaMint-FR-en_2020-02-28-O1174	ParlaMint-FR_2020-02-28-O1174.u65	Proceedings of the debates in plenary sitting of the Assemblée Nationale, sitting: 174, 28/02/2020	2020-02-28	Lower house	15e législature	session ordinaire 2019-2020 (CRSANR5L15S2020O1N174)	-	174. séance	-	COVID	English	Chairperson	MP	notMinister	MODEM	Mouvement Démocrate et apparentés	Coalition	Centre to centre-right	PA720746	Waserman, Sylvain	M	1967	
ParlaMint-FR-en_2020-02-28-O1174	ParlaMint-FR_2020-02-28-O1174.u66	Proceedings of the debates in plenary sitting of the Assemblée Nationale, sitting: 174, 28/02/2020	2020-02-28	Lower house	15e législature	session ordinaire 2019-2020 (CRSANR5L15S2020O1N174)	-	174. séance	-	COVID	English	Regular	notMP	notMinister	LR	Les Républicains	Opposition	Centre-right	PA608416	Hetzel, Patrick	M	1964	
ParlaMint-FR-en_2020-02-28-O1174	ParlaMint-FR_2020-02-28-O1174.u67	Proceedings of the debates in plenary sitting of the Assemblée Nationale, sitting: 174, 28/02/2020	2020-02-28	Lower house	15e législature	session ordinaire 2019-2020 (CRSANR5L15S2020O1N174)	-	174. séance	-	COVID	English	Chairperson	MP	notMinister	MODEM	Mouvement Démocrate et apparentés	Coalition	Centre to centre-right	PA720746	Waserman, Sylvain	M	1967	
ParlaMint-FR-en_2020-02-28-O1174	ParlaMint-FR_2020-02-28-O1174.u68	Proceedings of the debates in plenary sitting of the Assemblée Nationale, sitting: 174, 28/02/2020	2020-02-28	Lower house	15e législature	session ordinaire 2019-2020 (CRSANR5L15S2020O1N174)	-	174. séance	-	COVID	English	Regular	notMP	notMinister	FI	La France insoumise	Opposition	Left to far-left	PA720286	Fiat, Caroline	F	1977	
ParlaMint-FR-en_2020-02-28-O1174	ParlaMint-FR_2020-02-28-O1174.u69	Proceedings of the debates in plenary sitting of the Assemblée Nationale, sitting: 174, 28/02/2020	2020-02-28	Lower house	15e législature	session ordinaire 2019-2020 (CRSANR5L15S2020O1N174)	-	174. séance	-	COVID	English	Chairperson	MP	notMinister	MODEM	Mouvement Démocrate et apparentés	Coalition	Centre to centre-right	PA720746	Waserman, Sylvain	M	1967	
ParlaMint-FR-en_2020-02-28-O1174	ParlaMint-FR_2020-02-28-O1174.u70	Proceedings of the debates in plenary sitting of the Assemblée Nationale, sitting: 174, 28/02/2020	2020-02-28	Lower house	15e législature	session ordinaire 2019-2020 (CRSANR5L15S2020O1N174)	-	174. séance	-	COVID	English	Regular	MP	notMinister	-	-	-	-	PA332614	Juanico, Régis	M	1972	
ParlaMint-FR-en_2020-02-28-O1174	ParlaMint-FR_2020-02-28-O1174.u71	Proceedings of the debates in plenary sitting of the Assemblée Nationale, sitting: 174, 28/02/2020	2020-02-28	Lower house	15e législature	session ordinaire 2019-2020 (CRSANR5L15S2020O1N174)	-	174. séance	-	COVID	English	Chairperson	MP	notMinister	MODEM	Mouvement Démocrate et apparentés	Coalition	Centre to centre-right	PA720746	Waserman, Sylvain	M	1967	
ParlaMint-FR-en_2020-02-28-O1174	ParlaMint-FR_2020-02-28-O1174.u72	Proceedings of the debates in plenary sitting of the Assemblée Nationale, sitting: 174, 28/02/2020	2020-02-28	Lower house	15e législature	session ordinaire 2019-2020 (CRSANR5L15S2020O1N174)	-	174. séance	-	COVID	English	Regular	MP	notMinister	GDR	Gauche démocrate et républicaine	Opposition	Left	PA720546	Bruneel, Alain	M	1952	
ParlaMint-FR-en_2020-02-28-O1174	ParlaMint-FR_2020-02-28-O1174.u73	Proceedings of the debates in plenary sitting of the Assemblée Nationale, sitting: 174, 28/02/2020	2020-02-28	Lower house	15e législature	session ordinaire 2019-2020 (CRSANR5L15S2020O1N174)	-	174. séance	-	COVID	English	Regular	MP	notMinister	MODEM	Mouvement Démocrate et apparentés	Coalition	Centre to centre-right	PA720746	Waserman, Sylvain	M	1967	
ParlaMint-FR-en_2020-02-28-O1174	ParlaMint-FR_2020-02-28-O1174.u74	Proceedings of the debates in plenary sitting of the Assemblée Nationale, sitting: 174, 28/02/2020	2020-02-28	Lower house	15e législature	session ordinaire 2019-2020 (CRSANR5L15S2020O1N174)	-	174. séance	-	COVID	English	Regular	notMP	notMinister	MODEM	Mouvement Démocrate et apparentés	Coalition	Centre to centre-right	PA722162	Turquois, Nicolas	M	1972	
ParlaMint-FR-en_2020-02-28-O1174	ParlaMint-FR_2020-02-28-O1174.u75	Proceedings of the debates in plenary sitting of the Assemblée Nationale, sitting: 174, 28/02/2020	2020-02-28	Lower house	15e législature	session ordinaire 2019-2020 (CRSANR5L15S2020O1N174)	-	174. séance	-	COVID	English	Regular	notMP	notMinister	LR	Les Républicains	Opposition	Centre-right	PA608416	Hetzel, Patrick	M	1964	
ParlaMint-FR-en_2020-02-28-O1174	ParlaMint-FR_2020-02-28-O1174.u76	Proceedings of the debates in plenary sitting of the Assemblée Nationale, sitting: 174, 28/02/2020	2020-02-28	Lower house	15e législature	session ordinaire 2019-2020 (CRSANR5L15S2020O1N174)	-	174. séance	-	COVID	English	Regular	MP	notMinister	MODEM	Mouvement Démocrate et apparentés	Coalition	Centre to centre-right	PA720746	Waserman, Sylvain	M	1967	
ParlaMint-FR-en_2020-02-28-O1174	ParlaMint-FR_2020-02-28-O1174.u77	Proceedings of the debates in plenary sitting of the Assemblée Nationale, sitting: 174, 28/02/2020	2020-02-28	Lower house	15e législature	session ordinaire 2019-2020 (CRSANR5L15S2020O1N174)	-	174. séance	-	COVID	English	Regular	notMP	notMinister	-	-	-	-	PA720512	Pietraszewski, Laurent	M	1966	
ParlaMint-FR-en_2020-02-28-O1174	ParlaMint-FR_2020-02-28-O1174.u78	Proceedings of the debates in plenary sitting of the Assemblée Nationale, sitting: 174, 28/02/2020	2020-02-28	Lower house	15e législature	session ordinaire 2019-2020 (CRSANR5L15S2020O1N174)	-	174. séance	-	COVID	English	Regular	notMP	notMinister	LR	Les Républicains	Opposition	Centre-right	PA608416	Hetzel, Patrick	M	1964	
ParlaMint-FR-en_2020-02-28-O1174	ParlaMint-FR_2020-02-28-O1174.u79	Proceedings of the debates in plenary sitting of the Assemblée Nationale, sitting: 174, 28/02/2020	2020-02-28	Lower house	15e législature	session ordinaire 2019-2020 (CRSANR5L15S2020O1N174)	-	174. séance	-	COVID	English	Regular	notMP	notMinister	-	-	-	-	PA720512	Pietraszewski, Laurent	M	1966	
ParlaMint-FR-en_2020-02-28-O1174	ParlaMint-FR_2020-02-28-O1174.u80	Proceedings of the debates in plenary sitting of the Assemblée Nationale, sitting: 174, 28/02/2020	2020-02-28	Lower house	15e législature	session ordinaire 2019-2020 (CRSANR5L15S2020O1N174)	-	174. séance	-	COVID	English	Regular	MP	notMinister	MODEM	Mouvement Démocrate et apparentés	Coalition	Centre to centre-right	PA720746	Waserman, Sylvain	M	1967	
ParlaMint-FR-en_2020-02-28-O1174	ParlaMint-FR_2020-02-28-O1174.u81	Proceedings of the debates in plenary sitting of the Assemblée Nationale, sitting: 174, 28/02/2020	2020-02-28	Lower house	15e législature	session ordinaire 2019-2020 (CRSANR5L15S2020O1N174)	-	174. séance	-	COVID	English	Regular	notMP	notMinister	LR	Les Républicains	Opposition	Centre-right	PA332523	Dalloz, Marie-Christine	F	1958	
ParlaMint-FR-en_2020-02-28-O1174	ParlaMint-FR_2020-02-28-O1174.u82	Proceedings of the debates in plenary sitting of the Assemblée Nationale, sitting: 174, 28/02/2020	2020-02-28	Lower house	15e législature	session ordinaire 2019-2020 (CRSANR5L15S2020O1N174)	-	174. séance	-	COVID	English	Regular	MP	notMinister	-	-	-	-	PA332614	Juanico, Régis	M	1972	
ParlaMint-FR-en_2020-02-28-O1174	ParlaMint-FR_2020-02-28-O1174.u83	Proceedings of the debates in plenary sitting of the Assemblée Nationale, sitting: 174, 28/02/2020	2020-02-28	Lower house	15e législature	session ordinaire 2019-2020 (CRSANR5L15S2020O1N174)	-	174. séance	-	COVID	English	Regular	notMP	notMinister	LR	Les Républicains	Opposition	Centre-right	PA332523	Dalloz, Marie-Christine	F	1958	
ParlaMint-FR-en_2020-02-28-O1174	ParlaMint-FR_2020-02-28-O1174.u84	Proceedings of the debates in plenary sitting of the Assemblée Nationale, sitting: 174, 28/02/2020	2020-02-28	Lower house	15e législature	session ordinaire 2019-2020 (CRSANR5L15S2020O1N174)	-	174. séance	-	COVID	English	Regular	MP	notMinister	MODEM	Mouvement Démocrate et apparentés	Coalition	Centre to centre-right	PA720746	Waserman, Sylvain	M	1967	
ParlaMint-FR-en_2020-02-28-O1174	ParlaMint-FR_2020-02-28-O1174.u85	Proceedings of the debates in plenary sitting of the Assemblée Nationale, sitting: 174, 28/02/2020	2020-02-28	Lower house	15e législature	session ordinaire 2019-2020 (CRSANR5L15S2020O1N174)	-	174. séance	-	COVID	English	Regular	MP	notMinister	MODEM	Mouvement Démocrate et apparentés	Coalition	Centre to centre-right	PA719044	Essayan, Nadia	F	1957	
ParlaMint-FR-en_2020-02-28-O1174	ParlaMint-FR_2020-02-28-O1174.u86	Proceedings of the debates in plenary sitting of the Assemblée Nationale, sitting: 174, 28/02/2020	2020-02-28	Lower house	15e législature	session ordinaire 2019-2020 (CRSANR5L15S2020O1N174)	-	174. séance	-	COVID	English	Regular	notMP	notMinister	GDR	Gauche démocrate et républicaine	Opposition	Left	PA721270	Peu, Stéphane	M	1962	
ParlaMint-FR-en_2020-02-28-O1174	ParlaMint-FR_2020-02-28-O1174.u87	Proceedings of the debates in plenary sitting of the Assemblée Nationale, sitting: 174, 28/02/2020	2020-02-28	Lower house	15e législature	session ordinaire 2019-2020 (CRSANR5L15S2020O1N174)	-	174. séance	-	COVID	English	Regular	MP	notMinister	GDR	Gauche démocrate et républicaine	Opposition	Left	PA718720	Dufrègne, Jean-Paul	M	1958	
ParlaMint-FR-en_2020-02-28-O1174	ParlaMint-FR_2020-02-28-O1174.u88	Proceedings of the debates in plenary sitting of the Assemblée Nationale, sitting: 174, 28/02/2020	2020-02-28	Lower house	15e législature	session ordinaire 2019-2020 (CRSANR5L15S2020O1N174)	-	174. séance	-	COVID	English	Regular	MP	notMinister	MODEM	Mouvement Démocrate et apparentés	Coalition	Centre to centre-right	PA719044	Essayan, Nadia	F	1957	
ParlaMint-FR-en_2020-02-28-O1174	ParlaMint-FR_2020-02-28-O1174.u89	Proceedings of the debates in plenary sitting of the Assemblée Nationale, sitting: 174, 28/02/2020	2020-02-28	Lower house	15e législature	session ordinaire 2019-2020 (CRSANR5L15S2020O1N174)	-	174. séance	-	COVID	English	Regular	notMP	notMinister	FI	La France insoumise	Opposition	Left to far-left	PA720286	Fiat, Caroline	F	1977	
ParlaMint-FR-en_2020-02-28-O1174	ParlaMint-FR_2020-02-28-O1174.u90	Proceedings of the debates in plenary sitting of the Assemblée Nationale, sitting: 174, 28/02/2020	2020-02-28	Lower house	15e législature	session ordinaire 2019-2020 (CRSANR5L15S2020O1N174)	-	174. séance	-	COVID	English	Regular	MP	notMinister	MODEM	Mouvement Démocrate et apparentés	Coalition	Centre to centre-right	PA719044	Essayan, Nadia	F	1957	
ParlaMint-FR-en_2020-02-28-O1174	ParlaMint-FR_2020-02-28-O1174.u91	Proceedings of the debates in plenary sitting of the Assemblée Nationale, sitting: 174, 28/02/2020	2020-02-28	Lower house	15e législature	session ordinaire 2019-2020 (CRSANR5L15S2020O1N174)	-	174. séance	-	COVID	English	Regular	MP	notMinister	SOC	Socialistes et apparentés	-	Centre-left to left	PA1198	Dumont, Laurence	F	1958	
ParlaMint-FR-en_2020-02-28-O1174	ParlaMint-FR_2020-02-28-O1174.u92	Proceedings of the debates in plenary sitting of the Assemblée Nationale, sitting: 174, 28/02/2020	2020-02-28	Lower house	15e législature	session ordinaire 2019-2020 (CRSANR5L15S2020O1N174)	-	174. séance	-	COVID	English	Regular	MP	notMinister	MODEM	Mouvement Démocrate et apparentés	Coalition	Centre to centre-right	PA719044	Essayan, Nadia	F	1957	
ParlaMint-FR-en_2020-02-28-O1174	ParlaMint-FR_2020-02-28-O1174.u93	Proceedings of the debates in plenary sitting of the Assemblée Nationale, sitting: 174, 28/02/2020	2020-02-28	Lower house	15e législature	session ordinaire 2019-2020 (CRSANR5L15S2020O1N174)	-	174. séance	-	COVID	English	Regular	MP	notMinister	GDR	Gauche démocrate et républicaine	Opposition	Left	PA720546	Bruneel, Alain	M	1952	
ParlaMint-FR-en_2020-02-28-O1174	ParlaMint-FR_2020-02-28-O1174.u94	Proceedings of the debates in plenary sitting of the Assemblée Nationale, sitting: 174, 28/02/2020	2020-02-28	Lower house	15e législature	session ordinaire 2019-2020 (CRSANR5L15S2020O1N174)	-	174. séance	-	COVID	English	Regular	MP	notMinister	MODEM	Mouvement Démocrate et apparentés	Coalition	Centre to centre-right	PA719044	Essayan, Nadia	F	1957	
ParlaMint-FR-en_2020-02-28-O1174	ParlaMint-FR_2020-02-28-O1174.u95	Proceedings of the debates in plenary sitting of the Assemblée Nationale, sitting: 174, 28/02/2020	2020-02-28	Lower house	15e législature	session ordinaire 2019-2020 (CRSANR5L15S2020O1N174)	-	174. séance	-	COVID	English	Regular	notMP	notMinister	LR	Les Républicains	Opposition	Centre-right	PA608416	Hetzel, Patrick	M	1964	
ParlaMint-FR-en_2020-02-28-O1174	ParlaMint-FR_2020-02-28-O1174.u96	Proceedings of the debates in plenary sitting of the Assemblée Nationale, sitting: 174, 28/02/2020	2020-02-28	Lower house	15e législature	session ordinaire 2019-2020 (CRSANR5L15S2020O1N174)	-	174. séance	-	COVID	English	Regular	MP	notMinister	GDR	Gauche démocrate et républicaine	Opposition	Left	PA718720	Dufrègne, Jean-Paul	M	1958	
ParlaMint-FR-en_2020-02-28-O1174	ParlaMint-FR_2020-02-28-O1174.u97	Proceedings of the debates in plenary sitting of the Assemblée Nationale, sitting: 174, 28/02/2020	2020-02-28	Lower house	15e législature	session ordinaire 2019-2020 (CRSANR5L15S2020O1N174)	-	174. séance	-	COVID	English	Guest	-	-	-	-	-	-	-	-	-	-
ParlaMint-FR-en_2020-02-28-O1174	ParlaMint-FR_2020-02-28-O1174.u98	Proceedings of the debates in plenary sitting of the Assemblée Nationale, sitting: 174, 28/02/2020	2020-02-28	Lower house	15e législature	session ordinaire 2019-2020 (CRSANR5L15S2020O1N174)	-	174. séance	-	COVID	English	Regular	MP	notMinister	MODEM	Mouvement Démocrate et apparentés	Coalition	Centre to centre-right	PA720746	Waserman, Sylvain	M	1967	
ParlaMint-FR-en_2020-02-28-O1174	ParlaMint-FR_2020-02-28-O1174.u99	Proceedings of the debates in plenary sitting of the Assemblée Nationale, sitting: 174, 28/02/2020	2020-02-28	Lower house	15e législature	session ordinaire 2019-2020 (CRSANR5L15S2020O1N174)	-	174. séance	-	COVID	English	Regular	MP	notMinister	GDR	Gauche démocrate et républicaine	Opposition	Left	PA718720	Dufrègne, Jean-Paul	M	1958	
ParlaMint-FR-en_2020-02-28-O1174	ParlaMint-FR_2020-02-28-O1174.u100	Proceedings of the debates in plenary sitting of the Assemblée Nationale, sitting: 174, 28/02/2020	2020-02-28	Lower house	15e législature	session ordinaire 2019-2020 (CRSANR5L15S2020O1N174)	-	174. séance	-	COVID	English	Regular	MP	notMinister	MODEM	Mouvement Démocrate et apparentés	Coalition	Centre to centre-right	PA720746	Waserman, Sylvain	M	1967	
ParlaMint-FR-en_2020-02-28-O1174	ParlaMint-FR_2020-02-28-O1174.u101	Proceedings of the debates in plenary sitting of the Assemblée Nationale, sitting: 174, 28/02/2020	2020-02-28	Lower house	15e législature	session ordinaire 2019-2020 (CRSANR5L15S2020O1N174)	-	174. séance	-	COVID	English	Regular	MP	notMinister	LAREM	La République en Marche	Coalition	Centre	PA718802	Perea, Alain	M	1971	
ParlaMint-FR-en_2020-02-28-O1174	ParlaMint-FR_2020-02-28-O1174.u102	Proceedings of the debates in plenary sitting of the Assemblée Nationale, sitting: 174, 28/02/2020	2020-02-28	Lower house	15e législature	session ordinaire 2019-2020 (CRSANR5L15S2020O1N174)	-	174. séance	-	COVID	English	Regular	notMP	notMinister	LR	Les Républicains	Opposition	Centre-right	PA332523	Dalloz, Marie-Christine	F	1958	
ParlaMint-FR-en_2020-02-28-O1174	ParlaMint-FR_2020-02-28-O1174.u103	Proceedings of the debates in plenary sitting of the Assemblée Nationale, sitting: 174, 28/02/2020	2020-02-28	Lower house	15e législature	session ordinaire 2019-2020 (CRSANR5L15S2020O1N174)	-	174. séance	-	COVID	English	Regular	MP	notMinister	LAREM	La République en Marche	Coalition	Centre	PA718802	Perea, Alain	M	1971	
ParlaMint-FR-en_2020-02-28-O1174	ParlaMint-FR_2020-02-28-O1174.u104	Proceedings of the debates in plenary sitting of the Assemblée Nationale, sitting: 174, 28/02/2020	2020-02-28	Lower house	15e législature	session ordinaire 2019-2020 (CRSANR5L15S2020O1N174)	-	174. séance	-	COVID	English	Regular	MP	notMinister	MODEM	Mouvement Démocrate et apparentés	Coalition	Centre to centre-right	PA720746	Waserman, Sylvain	M	1967	
ParlaMint-FR-en_2020-02-28-O1174	ParlaMint-FR_2020-02-28-O1174.u105	Proceedings of the debates in plenary sitting of the Assemblée Nationale, sitting: 174, 28/02/2020	2020-02-28	Lower house	15e législature	session ordinaire 2019-2020 (CRSANR5L15S2020O1N174)	-	174. séance	-	COVID	English	Regular	MP	notMinister	LAREM	La République en Marche	Coalition	Centre	PA718802	Perea, Alain	M	1971	
ParlaMint-FR-en_2020-02-28-O1174	ParlaMint-FR_2020-02-28-O1174.u106	Proceedings of the debates in plenary sitting of the Assemblée Nationale, sitting: 174, 28/02/2020	2020-02-28	Lower house	15e législature	session ordinaire 2019-2020 (CRSANR5L15S2020O1N174)	-	174. séance	-	COVID	English	Regular	MP	notMinister	MODEM	Mouvement Démocrate et apparentés	Coalition	Centre to centre-right	PA720746	Waserman, Sylvain	M	1967	
ParlaMint-FR-en_2020-02-28-O1174	ParlaMint-FR_2020-02-28-O1174.u107	Proceedings of the debates in plenary sitting of the Assemblée Nationale, sitting: 174, 28/02/2020	2020-02-28	Lower house	15e législature	session ordinaire 2019-2020 (CRSANR5L15S2020O1N174)	-	174. séance	-	COVID	English	Regular	MP	notMinister	-	-	-	-	PA332614	Juanico, Régis	M	1972	
ParlaMint-FR-en_2020-02-28-O1174	ParlaMint-FR_2020-02-28-O1174.u108	Proceedings of the debates in plenary sitting of the Assemblée Nationale, sitting: 174, 28/02/2020	2020-02-28	Lower house	15e législature	session ordinaire 2019-2020 (CRSANR5L15S2020O1N174)	-	174. séance	-	COVID	English	Regular	notMP	notMinister	LR	Les Républicains	Opposition	Centre-right	PA608416	Hetzel, Patrick	M	1964	
ParlaMint-FR-en_2020-02-28-O1174	ParlaMint-FR_2020-02-28-O1174.u109	Proceedings of the debates in plenary sitting of the Assemblée Nationale, sitting: 174, 28/02/2020	2020-02-28	Lower house	15e législature	session ordinaire 2019-2020 (CRSANR5L15S2020O1N174)	-	174. séance	-	COVID	English	Regular	MP	notMinister	-	-	-	-	PA332614	Juanico, Régis	M	1972	
ParlaMint-FR-en_2020-02-28-O1174	ParlaMint-FR_2020-02-28-O1174.u110	Proceedings of the debates in plenary sitting of the Assemblée Nationale, sitting: 174, 28/02/2020	2020-02-28	Lower house	15e législature	session ordinaire 2019-2020 (CRSANR5L15S2020O1N174)	-	174. séance	-	COVID	English	Regular	notMP	notMinister	SOC	Socialistes et apparentés	-	Centre-left to left	PA333285	Garot, Guillaume	M	1966	
ParlaMint-FR-en_2020-02-28-O1174	ParlaMint-FR_2020-02-28-O1174.u111	Proceedings of the debates in plenary sitting of the Assemblée Nationale, sitting: 174, 28/02/2020	2020-02-28	Lower house	15e législature	session ordinaire 2019-2020 (CRSANR5L15S2020O1N174)	-	174. séance	-	COVID	English	Regular	notMP	notMinister	LR	Les Républicains	Opposition	Centre-right	PA608416	Hetzel, Patrick	M	1964	
ParlaMint-FR-en_2020-02-28-O1174	ParlaMint-FR_2020-02-28-O1174.u112	Proceedings of the debates in plenary sitting of the Assemblée Nationale, sitting: 174, 28/02/2020	2020-02-28	Lower house	15e législature	session ordinaire 2019-2020 (CRSANR5L15S2020O1N174)	-	174. séance	-	COVID	English	Regular	MP	notMinister	MODEM	Mouvement Démocrate et apparentés	Coalition	Centre to centre-right	PA720746	Waserman, Sylvain	M	1967	
ParlaMint-FR-en_2020-02-28-O1174	ParlaMint-FR_2020-02-28-O1174.u113	Proceedings of the debates in plenary sitting of the Assemblée Nationale, sitting: 174, 28/02/2020	2020-02-28	Lower house	15e législature	session ordinaire 2019-2020 (CRSANR5L15S2020O1N174)	-	174. séance	-	COVID	English	Regular	notMP	notMinister	FI	La France insoumise	Opposition	Left to far-left	PA720286	Fiat, Caroline	F	1977	
ParlaMint-FR-en_2020-02-28-O1174	ParlaMint-FR_2020-02-28-O1174.u114	Proceedings of the debates in plenary sitting of the Assemblée Nationale, sitting: 174, 28/02/2020	2020-02-28	Lower house	15e législature	session ordinaire 2019-2020 (CRSANR5L15S2020O1N174)	-	174. séance	-	COVID	English	Guest	-	-	-	-	-	-	-	-	-	-
ParlaMint-FR-en_2020-02-28-O1174	ParlaMint-FR_2020-02-28-O1174.u115	Proceedings of the debates in plenary sitting of the Assemblée Nationale, sitting: 174, 28/02/2020	2020-02-28	Lower house	15e législature	session ordinaire 2019-2020 (CRSANR5L15S2020O1N174)	-	174. séance	-	COVID	English	Regular	notMP	notMinister	FI	La France insoumise	Opposition	Left to far-left	PA720286	Fiat, Caroline	F	1977	
ParlaMint-FR-en_2020-02-28-O1174	ParlaMint-FR_2020-02-28-O1174.u116	Proceedings of the debates in plenary sitting of the Assemblée Nationale, sitting: 174, 28/02/2020	2020-02-28	Lower house	15e législature	session ordinaire 2019-2020 (CRSANR5L15S2020O1N174)	-	174. séance	-	COVID	English	Regular	MP	notMinister	GDR	Gauche démocrate et républicaine	Opposition	Left	PA718720	Dufrègne, Jean-Paul	M	1958	
ParlaMint-FR-en_2020-02-28-O1174	ParlaMint-FR_2020-02-28-O1174.u117	Proceedings of the debates in plenary sitting of the Assemblée Nationale, sitting: 174, 28/02/2020	2020-02-28	Lower house	15e législature	session ordinaire 2019-2020 (CRSANR5L15S2020O1N174)	-	174. séance	-	COVID	English	Regular	notMP	notMinister	FI	La France insoumise	Opposition	Left to far-left	PA720286	Fiat, Caroline	F	1977	
ParlaMint-FR-en_2020-02-28-O1174	ParlaMint-FR_2020-02-28-O1174.u118	Proceedings of the debates in plenary sitting of the Assemblée Nationale, sitting: 174, 28/02/2020	2020-02-28	Lower house	15e législature	session ordinaire 2019-2020 (CRSANR5L15S2020O1N174)	-	174. séance	-	COVID	English	Regular	notMP	notMinister	LR	Les Républicains	Opposition	Centre-right	PA608416	Hetzel, Patrick	M	1964	
ParlaMint-FR-en_2020-02-28-O1174	ParlaMint-FR_2020-02-28-O1174.u119	Proceedings of the debates in plenary sitting of the Assemblée Nationale, sitting: 174, 28/02/2020	2020-02-28	Lower house	15e législature	session ordinaire 2019-2020 (CRSANR5L15S2020O1N174)	-	174. séance	-	COVID	English	Regular	MP	notMinister	MODEM	Mouvement Démocrate et apparentés	Coalition	Centre to centre-right	PA720746	Waserman, Sylvain	M	1967	
ParlaMint-FR-en_2020-02-28-O1174	ParlaMint-FR_2020-02-28-O1174.u120	Proceedings of the debates in plenary sitting of the Assemblée Nationale, sitting: 174, 28/02/2020	2020-02-28	Lower house	15e législature	session ordinaire 2019-2020 (CRSANR5L15S2020O1N174)	-	174. séance	-	COVID	English	Regular	MP	notMinister	GDR	Gauche démocrate et républicaine	Opposition	Left	PA720546	Bruneel, Alain	M	1952	
ParlaMint-FR-en_2020-02-28-O1174	ParlaMint-FR_2020-02-28-O1174.u121	Proceedings of the debates in plenary sitting of the Assemblée Nationale, sitting: 174, 28/02/2020	2020-02-28	Lower house	15e législature	session ordinaire 2019-2020 (CRSANR5L15S2020O1N174)	-	174. séance	-	COVID	English	Regular	notMP	notMinister	LR	Les Républicains	Opposition	Centre-right	PA1327	Forissier, Nicolas	M	1961	
ParlaMint-FR-en_2020-02-28-O1174	ParlaMint-FR_2020-02-28-O1174.u122	Proceedings of the debates in plenary sitting of the Assemblée Nationale, sitting: 174, 28/02/2020	2020-02-28	Lower house	15e législature	session ordinaire 2019-2020 (CRSANR5L15S2020O1N174)	-	174. séance	-	COVID	English	Regular	MP	notMinister	GDR	Gauche démocrate et républicaine	Opposition	Left	PA720546	Bruneel, Alain	M	1952	
ParlaMint-FR-en_2020-02-28-O1174	ParlaMint-FR_2020-02-28-O1174.u123	Proceedings of the debates in plenary sitting of the Assemblée Nationale, sitting: 174, 28/02/2020	2020-02-28	Lower house	15e législature	session ordinaire 2019-2020 (CRSANR5L15S2020O1N174)	-	174. séance	-	COVID	English	Regular	MP	notMinister	MODEM	Mouvement Démocrate et apparentés	Coalition	Centre to centre-right	PA720746	Waserman, Sylvain	M	1967	
ParlaMint-FR-en_2020-02-28-O1174	ParlaMint-FR_2020-02-28-O1174.u124	Proceedings of the debates in plenary sitting of the Assemblée Nationale, sitting: 174, 28/02/2020	2020-02-28	Lower house	15e législature	session ordinaire 2019-2020 (CRSANR5L15S2020O1N174)	-	174. séance	-	COVID	English	Regular	notMP	notMinister	LT	Libertés et Territoires	-	Big tent	PA331582	Vigier, Philippe	M	1958	
ParlaMint-FR-en_2020-02-28-O1174	ParlaMint-FR_2020-02-28-O1174.u125	Proceedings of the debates in plenary sitting of the Assemblée Nationale, sitting: 174, 28/02/2020	2020-02-28	Lower house	15e législature	session ordinaire 2019-2020 (CRSANR5L15S2020O1N174)	-	174. séance	-	COVID	English	Chairperson	MP	notMinister	MODEM	Mouvement Démocrate et apparentés	Coalition	Centre to centre-right	PA720746	Waserman, Sylvain	M	1967	
ParlaMint-FR-en_2020-02-28-O1174	ParlaMint-FR_2020-02-28-O1174.u126	Proceedings of the debates in plenary sitting of the Assemblée Nationale, sitting: 174, 28/02/2020	2020-02-28	Lower house	15e législature	session ordinaire 2019-2020 (CRSANR5L15S2020O1N174)	-	174. séance	-	COVID	English	Chairperson	MP	notMinister	MODEM	Mouvement Démocrate et apparentés	Coalition	Centre to centre-right	PA720746	Waserman, Sylvain	M	1967	
ParlaMint-FR-en_2020-02-28-O1174	ParlaMint-FR_2020-02-28-O1174.u127	Proceedings of the debates in plenary sitting of the Assemblée Nationale, sitting: 174, 28/02/2020	2020-02-28	Lower house	15e législature	session ordinaire 2019-2020 (CRSANR5L15S2020O1N174)	-	174. séance	-	COVID	English	Chairperson	MP	notMinister	MODEM	Mouvement Démocrate et apparentés	Coalition	Centre to centre-right	PA720746	Waserman, Sylvain	M	1967	
ParlaMint-FR-en_2020-02-28-O1174	ParlaMint-FR_2020-02-28-O1174.u128	Proceedings of the debates in plenary sitting of the Assemblée Nationale, sitting: 174, 28/02/2020	2020-02-28	Lower house	15e législature	session ordinaire 2019-2020 (CRSANR5L15S2020O1N174)	-	174. séance	-	COVID	English	Regular	notMP	notMinister	FI	La France insoumise	Opposition	Left to far-left	PA720892	Panot, Mathilde	F	1989	
ParlaMint-FR-en_2020-02-28-O1174	ParlaMint-FR_2020-02-28-O1174.u129	Proceedings of the debates in plenary sitting of the Assemblée Nationale, sitting: 174, 28/02/2020	2020-02-28	Lower house	15e législature	session ordinaire 2019-2020 (CRSANR5L15S2020O1N174)	-	174. séance	-	COVID	English	Chairperson	MP	notMinister	MODEM	Mouvement Démocrate et apparentés	Coalition	Centre to centre-right	PA720746	Waserman, Sylvain	M	1967	
ParlaMint-FR-en_2020-02-28-O1174	ParlaMint-FR_2020-02-28-O1174.u130	Proceedings of the debates in plenary sitting of the Assemblée Nationale, sitting: 174, 28/02/2020	2020-02-28	Lower house	15e législature	session ordinaire 2019-2020 (CRSANR5L15S2020O1N174)	-	174. séance	-	COVID	English	Regular	notMP	notMinister	SOC	Socialistes et apparentés	-	Centre-left to left	PA607553	Potier, Dominique	M	1964	
ParlaMint-FR-en_2020-02-28-O1174	ParlaMint-FR_2020-02-28-O1174.u131	Proceedings of the debates in plenary sitting of the Assemblée Nationale, sitting: 174, 28/02/2020	2020-02-28	Lower house	15e législature	session ordinaire 2019-2020 (CRSANR5L15S2020O1N174)	-	174. séance	-	COVID	English	Chairperson	MP	notMinister	MODEM	Mouvement Démocrate et apparentés	Coalition	Centre to centre-right	PA720746	Waserman, Sylvain	M	1967	
ParlaMint-FR-en_2020-02-28-O1174	ParlaMint-FR_2020-02-28-O1174.u132	Proceedings of the debates in plenary sitting of the Assemblée Nationale, sitting: 174, 28/02/2020	2020-02-28	Lower house	15e législature	session ordinaire 2019-2020 (CRSANR5L15S2020O1N174)	-	174. séance	-	COVID	English	Regular	notMP	notMinister	GDR	Gauche démocrate et républicaine	Opposition	Left	PA721270	Peu, Stéphane	M	1962	
ParlaMint-FR-en_2020-02-28-O1174	ParlaMint-FR_2020-02-28-O1174.u133	Proceedings of the debates in plenary sitting of the Assemblée Nationale, sitting: 174, 28/02/2020	2020-02-28	Lower house	15e législature	session ordinaire 2019-2020 (CRSANR5L15S2020O1N174)	-	174. séance	-	COVID	English	Regular	MP	notMinister	MODEM	Mouvement Démocrate et apparentés	Coalition	Centre to centre-right	PA720746	Waserman, Sylvain	M	1967	
ParlaMint-FR-en_2020-02-28-O1174	ParlaMint-FR_2020-02-28-O1174.u134	Proceedings of the debates in plenary sitting of the Assemblée Nationale, sitting: 174, 28/02/2020	2020-02-28	Lower house	15e législature	session ordinaire 2019-2020 (CRSANR5L15S2020O1N174)	-	174. séance	-	COVID	English	Regular	notMP	notMinister	MODEM	Mouvement Démocrate et apparentés	Coalition	Centre to centre-right	PA722162	Turquois, Nicolas	M	1972	
ParlaMint-FR-en_2020-02-28-O1174	ParlaMint-FR_2020-02-28-O1174.u135	Proceedings of the debates in plenary sitting of the Assemblée Nationale, sitting: 174, 28/02/2020	2020-02-28	Lower house	15e législature	session ordinaire 2019-2020 (CRSANR5L15S2020O1N174)	-	174. séance	-	COVID	English	Regular	notMP	notMinister	-	-	-	-	PA720512	Pietraszewski, Laurent	M	1966	
ParlaMint-FR-en_2020-02-28-O1174	ParlaMint-FR_2020-02-28-O1174.u136	Proceedings of the debates in plenary sitting of the Assemblée Nationale, sitting: 174, 28/02/2020	2020-02-28	Lower house	15e législature	session ordinaire 2019-2020 (CRSANR5L15S2020O1N174)	-	174. séance	-	COVID	English	Regular	MP	notMinister	MODEM	Mouvement Démocrate et apparentés	Coalition	Centre to centre-right	PA720746	Waserman, Sylvain	M	1967	
ParlaMint-FR-en_2020-02-28-O1174	ParlaMint-FR_2020-02-28-O1174.u137	Proceedings of the debates in plenary sitting of the Assemblée Nationale, sitting: 174, 28/02/2020	2020-02-28	Lower house	15e législature	session ordinaire 2019-2020 (CRSANR5L15S2020O1N174)	-	174. séance	-	COVID	English	Regular	MP	notMinister	LAREM	La République en Marche	Coalition	Centre	PA720738	Michels, Thierry	M	1960	
ParlaMint-FR-en_2020-02-28-O1174	ParlaMint-FR_2020-02-28-O1174.u138	Proceedings of the debates in plenary sitting of the Assemblée Nationale, sitting: 174, 28/02/2020	2020-02-28	Lower house	15e législature	session ordinaire 2019-2020 (CRSANR5L15S2020O1N174)	-	174. séance	-	COVID	English	Regular	MP	notMinister	MODEM	Mouvement Démocrate et apparentés	Coalition	Centre to centre-right	PA720746	Waserman, Sylvain	M	1967	
ParlaMint-FR-en_2020-02-28-O1174	ParlaMint-FR_2020-02-28-O1174.u139	Proceedings of the debates in plenary sitting of the Assemblée Nationale, sitting: 174, 28/02/2020	2020-02-28	Lower house	15e législature	session ordinaire 2019-2020 (CRSANR5L15S2020O1N174)	-	174. séance	-	COVID	English	Regular	notMP	notMinister	FI	La France insoumise	Opposition	Left to far-left	PA720892	Panot, Mathilde	F	1989	
ParlaMint-FR-en_2020-02-28-O1174	ParlaMint-FR_2020-02-28-O1174.u140	Proceedings of the debates in plenary sitting of the Assemblée Nationale, sitting: 174, 28/02/2020	2020-02-28	Lower house	15e législature	session ordinaire 2019-2020 (CRSANR5L15S2020O1N174)	-	174. séance	-	COVID	English	Regular	MP	notMinister	MODEM	Mouvement Démocrate et apparentés	Coalition	Centre to centre-right	PA720746	Waserman, Sylvain	M	1967	
ParlaMint-FR-en_2020-02-28-O1174	ParlaMint-FR_2020-02-28-O1174.u141	Proceedings of the debates in plenary sitting of the Assemblée Nationale, sitting: 174, 28/02/2020	2020-02-28	Lower house	15e législature	session ordinaire 2019-2020 (CRSANR5L15S2020O1N174)	-	174. séance	-	COVID	English	Regular	MP	notMinister	LT	Libertés et Territoires	-	Big tent	PA608292	Dubié, Jeanine	F	1958	
ParlaMint-FR-en_2020-02-28-O1174	ParlaMint-FR_2020-02-28-O1174.u142	Proceedings of the debates in plenary sitting of the Assemblée Nationale, sitting: 174, 28/02/2020	2020-02-28	Lower house	15e législature	session ordinaire 2019-2020 (CRSANR5L15S2020O1N174)	-	174. séance	-	COVID	English	Regular	notMP	notMinister	LT	Libertés et Territoires	-	Big tent	PA331582	Vigier, Philippe	M	1958	
ParlaMint-FR-en_2020-02-28-O1174	ParlaMint-FR_2020-02-28-O1174.u143	Proceedings of the debates in plenary sitting of the Assemblée Nationale, sitting: 174, 28/02/2020	2020-02-28	Lower house	15e législature	session ordinaire 2019-2020 (CRSANR5L15S2020O1N174)	-	174. séance	-	COVID	English	Chairperson	MP	notMinister	MODEM	Mouvement Démocrate et apparentés	Coalition	Centre to centre-right	PA720746	Waserman, Sylvain	M	1967	
ParlaMint-FR-en_2020-02-28-O1174	ParlaMint-FR_2020-02-28-O1174.u144	Proceedings of the debates in plenary sitting of the Assemblée Nationale, sitting: 174, 28/02/2020	2020-02-28	Lower house	15e législature	session ordinaire 2019-2020 (CRSANR5L15S2020O1N174)	-	174. séance	-	COVID	English	Chairperson	MP	notMinister	MODEM	Mouvement Démocrate et apparentés	Coalition	Centre to centre-right	PA720746	Waserman, Sylvain	M	1967	
ParlaMint-FR-en_2020-02-28-O1174	ParlaMint-FR_2020-02-28-O1174.u145	Proceedings of the debates in plenary sitting of the Assemblée Nationale, sitting: 174, 28/02/2020	2020-02-28	Lower house	15e législature	session ordinaire 2019-2020 (CRSANR5L15S2020O1N174)	-	174. séance	-	COVID	English	Chairperson	MP	notMinister	MODEM	Mouvement Démocrate et apparentés	Coalition	Centre to centre-right	PA720746	Waserman, Sylvain	M	1967	
ParlaMint-FR-en_2020-02-28-O1174	ParlaMint-FR_2020-02-28-O1174.u146	Proceedings of the debates in plenary sitting of the Assemblée Nationale, sitting: 174, 28/02/2020	2020-02-28	Lower house	15e législature	session ordinaire 2019-2020 (CRSANR5L15S2020O1N174)	-	174. séance	-	COVID	English	Regular	notMP	notMinister	FI	La France insoumise	Opposition	Left to far-left	PA588884	Autain, Clémentine	F	1973	
ParlaMint-FR-en_2020-02-28-O1174	ParlaMint-FR_2020-02-28-O1174.u147	Proceedings of the debates in plenary sitting of the Assemblée Nationale, sitting: 174, 28/02/2020	2020-02-28	Lower house	15e législature	session ordinaire 2019-2020 (CRSANR5L15S2020O1N174)	-	174. séance	-	COVID	English	Chairperson	MP	notMinister	MODEM	Mouvement Démocrate et apparentés	Coalition	Centre to centre-right	PA720746	Waserman, Sylvain	M	1967	
ParlaMint-FR-en_2020-02-28-O1174	ParlaMint-FR_2020-02-28-O1174.u148	Proceedings of the debates in plenary sitting of the Assemblée Nationale, sitting: 174, 28/02/2020	2020-02-28	Lower house	15e législature	session ordinaire 2019-2020 (CRSANR5L15S2020O1N174)	-	174. séance	-	COVID	English	Regular	MP	notMinister	GDR	Gauche démocrate et républicaine	Opposition	Left	PA720546	Bruneel, Alain	M	1952	
ParlaMint-FR-en_2020-02-28-O1174	ParlaMint-FR_2020-02-28-O1174.u149	Proceedings of the debates in plenary sitting of the Assemblée Nationale, sitting: 174, 28/02/2020	2020-02-28	Lower house	15e législature	session ordinaire 2019-2020 (CRSANR5L15S2020O1N174)	-	174. séance	-	COVID	English	Regular	MP	notMinister	MODEM	Mouvement Démocrate et apparentés	Coalition	Centre to centre-right	PA720746	Waserman, Sylvain	M	1967	
ParlaMint-FR-en_2020-02-28-O1174	ParlaMint-FR_2020-02-28-O1174.u150	Proceedings of the debates in plenary sitting of the Assemblée Nationale, sitting: 174, 28/02/2020	2020-02-28	Lower house	15e législature	session ordinaire 2019-2020 (CRSANR5L15S2020O1N174)	-	174. séance	-	COVID	English	Regular	notMP	notMinister	MODEM	Mouvement Démocrate et apparentés	Coalition	Centre to centre-right	PA722162	Turquois, Nicolas	M	1972	
ParlaMint-FR-en_2020-02-28-O1174	ParlaMint-FR_2020-02-28-O1174.u151	Proceedings of the debates in plenary sitting of the Assemblée Nationale, sitting: 174, 28/02/2020	2020-02-28	Lower house	15e législature	session ordinaire 2019-2020 (CRSANR5L15S2020O1N174)	-	174. séance	-	COVID	English	Regular	MP	notMinister	MODEM	Mouvement Démocrate et apparentés	Coalition	Centre to centre-right	PA720746	Waserman, Sylvain	M	1967	
ParlaMint-FR-en_2020-02-28-O1174	ParlaMint-FR_2020-02-28-O1174.u152	Proceedings of the debates in plenary sitting of the Assemblée Nationale, sitting: 174, 28/02/2020	2020-02-28	Lower house	15e législature	session ordinaire 2019-2020 (CRSANR5L15S2020O1N174)	-	174. séance	-	COVID	English	Regular	notMP	notMinister	-	-	-	-	PA720512	Pietraszewski, Laurent	M	1966	
ParlaMint-FR-en_2020-02-28-O1174	ParlaMint-FR_2020-02-28-O1174.u153	Proceedings of the debates in plenary sitting of the Assemblée Nationale, sitting: 174, 28/02/2020	2020-02-28	Lower house	15e législature	session ordinaire 2019-2020 (CRSANR5L15S2020O1N174)	-	174. séance	-	COVID	English	Regular	MP	notMinister	MODEM	Mouvement Démocrate et apparentés	Coalition	Centre to centre-right	PA720746	Waserman, Sylvain	M	1967	
ParlaMint-FR-en_2020-02-28-O1174	ParlaMint-FR_2020-02-28-O1174.u154	Proceedings of the debates in plenary sitting of the Assemblée Nationale, sitting: 174, 28/02/2020	2020-02-28	Lower house	15e législature	session ordinaire 2019-2020 (CRSANR5L15S2020O1N174)	-	174. séance	-	COVID	English	Regular	notMP	notMinister	LAREM	La République en Marche	Coalition	Centre	PA719472	Cazeneuve, Jean-René	M	1958	
ParlaMint-FR-en_2020-02-28-O1174	ParlaMint-FR_2020-02-28-O1174.u155	Proceedings of the debates in plenary sitting of the Assemblée Nationale, sitting: 174, 28/02/2020	2020-02-28	Lower house	15e législature	session ordinaire 2019-2020 (CRSANR5L15S2020O1N174)	-	174. séance	-	COVID	English	Regular	notMP	notMinister	LR	Les Républicains	Opposition	Centre-right	PA608416	Hetzel, Patrick	M	1964	
ParlaMint-FR-en_2020-02-28-O1174	ParlaMint-FR_2020-02-28-O1174.u156	Proceedings of the debates in plenary sitting of the Assemblée Nationale, sitting: 174, 28/02/2020	2020-02-28	Lower house	15e législature	session ordinaire 2019-2020 (CRSANR5L15S2020O1N174)	-	174. séance	-	COVID	English	Regular	notMP	notMinister	LAREM	La République en Marche	Coalition	Centre	PA719472	Cazeneuve, Jean-René	M	1958	
ParlaMint-FR-en_2020-02-28-O1174	ParlaMint-FR_2020-02-28-O1174.u157	Proceedings of the debates in plenary sitting of the Assemblée Nationale, sitting: 174, 28/02/2020	2020-02-28	Lower house	15e législature	session ordinaire 2019-2020 (CRSANR5L15S2020O1N174)	-	174. séance	-	COVID	English	Regular	MP	notMinister	LT	Libertés et Territoires	-	Big tent	PA405480	Pupponi, François	M	1962	
ParlaMint-FR-en_2020-02-28-O1174	ParlaMint-FR_2020-02-28-O1174.u158	Proceedings of the debates in plenary sitting of the Assemblée Nationale, sitting: 174, 28/02/2020	2020-02-28	Lower house	15e législature	session ordinaire 2019-2020 (CRSANR5L15S2020O1N174)	-	174. séance	-	COVID	English	Regular	notMP	notMinister	LAREM	La République en Marche	Coalition	Centre	PA719472	Cazeneuve, Jean-René	M	1958	
ParlaMint-FR-en_2020-02-28-O1174	ParlaMint-FR_2020-02-28-O1174.u159	Proceedings of the debates in plenary sitting of the Assemblée Nationale, sitting: 174, 28/02/2020	2020-02-28	Lower house	15e législature	session ordinaire 2019-2020 (CRSANR5L15S2020O1N174)	-	174. séance	-	COVID	English	Regular	MP	notMinister	SOC	Socialistes et apparentés	-	Centre-left to left	PA1198	Dumont, Laurence	F	1958	
ParlaMint-FR-en_2020-02-28-O1174	ParlaMint-FR_2020-02-28-O1174.u160	Proceedings of the debates in plenary sitting of the Assemblée Nationale, sitting: 174, 28/02/2020	2020-02-28	Lower house	15e législature	session ordinaire 2019-2020 (CRSANR5L15S2020O1N174)	-	174. séance	-	COVID	English	Guest	-	-	-	-	-	-	-	-	-	-
ParlaMint-FR-en_2020-02-28-O1174	ParlaMint-FR_2020-02-28-O1174.u161	Proceedings of the debates in plenary sitting of the Assemblée Nationale, sitting: 174, 28/02/2020	2020-02-28	Lower house	15e législature	session ordinaire 2019-2020 (CRSANR5L15S2020O1N174)	-	174. séance	-	COVID	English	Regular	notMP	notMinister	LAREM	La République en Marche	Coalition	Centre	PA719472	Cazeneuve, Jean-René	M	1958	
ParlaMint-FR-en_2020-02-28-O1174	ParlaMint-FR_2020-02-28-O1174.u162	Proceedings of the debates in plenary sitting of the Assemblée Nationale, sitting: 174, 28/02/2020	2020-02-28	Lower house	15e législature	session ordinaire 2019-2020 (CRSANR5L15S2020O1N174)	-	174. séance	-	COVID	English	Regular	MP	notMinister	SOC	Socialistes et apparentés	-	Centre-left to left	PA1198	Dumont, Laurence	F	1958	
ParlaMint-FR-en_2020-02-28-O1174	ParlaMint-FR_2020-02-28-O1174.u163	Proceedings of the debates in plenary sitting of the Assemblée Nationale, sitting: 174, 28/02/2020	2020-02-28	Lower house	15e législature	session ordinaire 2019-2020 (CRSANR5L15S2020O1N174)	-	174. séance	-	COVID	English	Regular	MP	notMinister	MODEM	Mouvement Démocrate et apparentés	Coalition	Centre to centre-right	PA720746	Waserman, Sylvain	M	1967	
ParlaMint-FR-en_2020-02-28-O1174	ParlaMint-FR_2020-02-28-O1174.u164	Proceedings of the debates in plenary sitting of the Assemblée Nationale, sitting: 174, 28/02/2020	2020-02-28	Lower house	15e législature	session ordinaire 2019-2020 (CRSANR5L15S2020O1N174)	-	174. séance	-	COVID	English	Regular	notMP	notMinister	FI	La France insoumise	Opposition	Left to far-left	PA588884	Autain, Clémentine	F	1973	
ParlaMint-FR-en_2020-02-28-O1174	ParlaMint-FR_2020-02-28-O1174.u165	Proceedings of the debates in plenary sitting of the Assemblée Nationale, sitting: 174, 28/02/2020	2020-02-28	Lower house	15e législature	session ordinaire 2019-2020 (CRSANR5L15S2020O1N174)	-	174. séance	-	COVID	English	Regular	MP	notMinister	LR	Les Républicains	Opposition	Centre-right	PA720630	Minot, Maxime	M	1987	
ParlaMint-FR-en_2020-02-28-O1174	ParlaMint-FR_2020-02-28-O1174.u166	Proceedings of the debates in plenary sitting of the Assemblée Nationale, sitting: 174, 28/02/2020	2020-02-28	Lower house	15e législature	session ordinaire 2019-2020 (CRSANR5L15S2020O1N174)	-	174. séance	-	COVID	English	Regular	notMP	notMinister	FI	La France insoumise	Opposition	Left to far-left	PA588884	Autain, Clémentine	F	1973	
ParlaMint-FR-en_2020-02-28-O1174	ParlaMint-FR_2020-02-28-O1174.u167	Proceedings of the debates in plenary sitting of the Assemblée Nationale, sitting: 174, 28/02/2020	2020-02-28	Lower house	15e législature	session ordinaire 2019-2020 (CRSANR5L15S2020O1N174)	-	174. séance	-	COVID	English	Regular	notMP	notMinister	LR	Les Républicains	Opposition	Centre-right	PA267429	Cinieri, Dino	M	1955	
ParlaMint-FR-en_2020-02-28-O1174	ParlaMint-FR_2020-02-28-O1174.u168	Proceedings of the debates in plenary sitting of the Assemblée Nationale, sitting: 174, 28/02/2020	2020-02-28	Lower house	15e législature	session ordinaire 2019-2020 (CRSANR5L15S2020O1N174)	-	174. séance	-	COVID	English	Regular	MP	notMinister	MODEM	Mouvement Démocrate et apparentés	Coalition	Centre to centre-right	PA720746	Waserman, Sylvain	M	1967	
ParlaMint-FR-en_2020-02-28-O1174	ParlaMint-FR_2020-02-28-O1174.u169	Proceedings of the debates in plenary sitting of the Assemblée Nationale, sitting: 174, 28/02/2020	2020-02-28	Lower house	15e législature	session ordinaire 2019-2020 (CRSANR5L15S2020O1N174)	-	174. séance	-	COVID	English	Regular	notMP	notMinister	GDR	Gauche démocrate et républicaine	Opposition	Left	PA721270	Peu, Stéphane	M	1962	
ParlaMint-FR-en_2020-02-28-O1174	ParlaMint-FR_2020-02-28-O1174.u170	Proceedings of the debates in plenary sitting of the Assemblée Nationale, sitting: 174, 28/02/2020	2020-02-28	Lower house	15e législature	session ordinaire 2019-2020 (CRSANR5L15S2020O1N174)	-	174. séance	-	COVID	English	Regular	notMP	notMinister	SOC	Socialistes et apparentés	-	Centre-left to left	PA607553	Potier, Dominique	M	1964	
ParlaMint-FR-en_2020-02-28-O1174	ParlaMint-FR_2020-02-28-O1174.u171	Proceedings of the debates in plenary sitting of the Assemblée Nationale, sitting: 174, 28/02/2020	2020-02-28	Lower house	15e législature	session ordinaire 2019-2020 (CRSANR5L15S2020O1N174)	-	174. séance	-	COVID	English	Regular	MP	notMinister	LT	Libertés et Territoires	-	Big tent	PA405480	Pupponi, François	M	1962	
ParlaMint-FR-en_2020-02-28-O1174	ParlaMint-FR_2020-02-28-O1174.u172	Proceedings of the debates in plenary sitting of the Assemblée Nationale, sitting: 174, 28/02/2020	2020-02-28	Lower house	15e législature	session ordinaire 2019-2020 (CRSANR5L15S2020O1N174)	-	174. séance	-	COVID	English	Regular	notMP	notMinister	GDR	Gauche démocrate et républicaine	Opposition	Left	PA721270	Peu, Stéphane	M	1962	
ParlaMint-FR-en_2020-02-28-O1174	ParlaMint-FR_2020-02-28-O1174.u173	Proceedings of the debates in plenary sitting of the Assemblée Nationale, sitting: 174, 28/02/2020	2020-02-28	Lower house	15e législature	session ordinaire 2019-2020 (CRSANR5L15S2020O1N174)	-	174. séance	-	COVID	English	Regular	MP	notMinister	MODEM	Mouvement Démocrate et apparentés	Coalition	Centre to centre-right	PA720746	Waserman, Sylvain	M	1967	
ParlaMint-FR-en_2020-02-28-O1174	ParlaMint-FR_2020-02-28-O1174.u174	Proceedings of the debates in plenary sitting of the Assemblée Nationale, sitting: 174, 28/02/2020	2020-02-28	Lower house	15e législature	session ordinaire 2019-2020 (CRSANR5L15S2020O1N174)	-	174. séance	-	COVID	English	Regular	notMP	notMinister	LT	Libertés et Territoires	-	Big tent	PA331582	Vigier, Philippe	M	1958	
ParlaMint-FR-en_2020-02-28-O1174	ParlaMint-FR_2020-02-28-O1174.u175	Proceedings of the debates in plenary sitting of the Assemblée Nationale, sitting: 174, 28/02/2020	2020-02-28	Lower house	15e législature	session ordinaire 2019-2020 (CRSANR5L15S2020O1N174)	-	174. séance	-	COVID	English	Regular	MP	notMinister	LR	Les Républicains	Opposition	Centre-right	PA720630	Minot, Maxime	M	1987	
ParlaMint-FR-en_2020-02-28-O1174	ParlaMint-FR_2020-02-28-O1174.u176	Proceedings of the debates in plenary sitting of the Assemblée Nationale, sitting: 174, 28/02/2020	2020-02-28	Lower house	15e législature	session ordinaire 2019-2020 (CRSANR5L15S2020O1N174)	-	174. séance	-	COVID	English	Regular	notMP	notMinister	LT	Libertés et Territoires	-	Big tent	PA331582	Vigier, Philippe	M	1958	
ParlaMint-FR-en_2020-02-28-O1174	ParlaMint-FR_2020-02-28-O1174.u177	Proceedings of the debates in plenary sitting of the Assemblée Nationale, sitting: 174, 28/02/2020	2020-02-28	Lower house	15e législature	session ordinaire 2019-2020 (CRSANR5L15S2020O1N174)	-	174. séance	-	COVID	English	Regular	notMP	notMinister	LR	Les Républicains	Opposition	Centre-right	PA608416	Hetzel, Patrick	M	1964	
ParlaMint-FR-en_2020-02-28-O1174	ParlaMint-FR_2020-02-28-O1174.u178	Proceedings of the debates in plenary sitting of the Assemblée Nationale, sitting: 174, 28/02/2020	2020-02-28	Lower house	15e législature	session ordinaire 2019-2020 (CRSANR5L15S2020O1N174)	-	174. séance	-	COVID	English	Regular	notMP	notMinister	LT	Libertés et Territoires	-	Big tent	PA331582	Vigier, Philippe	M	1958	
ParlaMint-FR-en_2020-02-28-O1174	ParlaMint-FR_2020-02-28-O1174.u179	Proceedings of the debates in plenary sitting of the Assemblée Nationale, sitting: 174, 28/02/2020	2020-02-28	Lower house	15e législature	session ordinaire 2019-2020 (CRSANR5L15S2020O1N174)	-	174. séance	-	COVID	English	Regular	MP	notMinister	MODEM	Mouvement Démocrate et apparentés	Coalition	Centre to centre-right	PA720746	Waserman, Sylvain	M	1967	
ParlaMint-FR-en_2020-02-28-O1174	ParlaMint-FR_2020-02-28-O1174.u180	Proceedings of the debates in plenary sitting of the Assemblée Nationale, sitting: 174, 28/02/2020	2020-02-28	Lower house	15e législature	session ordinaire 2019-2020 (CRSANR5L15S2020O1N174)	-	174. séance	-	COVID	English	Regular	notMP	notMinister	MODEM	Mouvement Démocrate et apparentés	Coalition	Centre to centre-right	PA721182	Petit, Frédéric	M	1961	
ParlaMint-FR-en_2020-02-28-O1174	ParlaMint-FR_2020-02-28-O1174.u181	Proceedings of the debates in plenary sitting of the Assemblée Nationale, sitting: 174, 28/02/2020	2020-02-28	Lower house	15e législature	session ordinaire 2019-2020 (CRSANR5L15S2020O1N174)	-	174. séance	-	COVID	English	Guest	-	-	-	-	-	-	-	-	-	-
ParlaMint-FR-en_2020-02-28-O1174	ParlaMint-FR_2020-02-28-O1174.u182	Proceedings of the debates in plenary sitting of the Assemblée Nationale, sitting: 174, 28/02/2020	2020-02-28	Lower house	15e législature	session ordinaire 2019-2020 (CRSANR5L15S2020O1N174)	-	174. séance	-	COVID	English	Regular	notMP	notMinister	MODEM	Mouvement Démocrate et apparentés	Coalition	Centre to centre-right	PA721182	Petit, Frédéric	M	1961	
ParlaMint-FR-en_2020-02-28-O1174	ParlaMint-FR_2020-02-28-O1174.u183	Proceedings of the debates in plenary sitting of the Assemblée Nationale, sitting: 174, 28/02/2020	2020-02-28	Lower house	15e législature	session ordinaire 2019-2020 (CRSANR5L15S2020O1N174)	-	174. séance	-	COVID	English	Regular	MP	notMinister	MODEM	Mouvement Démocrate et apparentés	Coalition	Centre to centre-right	PA720746	Waserman, Sylvain	M	1967	
ParlaMint-FR-en_2020-02-28-O1174	ParlaMint-FR_2020-02-28-O1174.u184	Proceedings of the debates in plenary sitting of the Assemblée Nationale, sitting: 174, 28/02/2020	2020-02-28	Lower house	15e législature	session ordinaire 2019-2020 (CRSANR5L15S2020O1N174)	-	174. séance	-	COVID	English	Regular	MP	notMinister	SOC	Socialistes et apparentés	-	Centre-left to left	PA1198	Dumont, Laurence	F	1958	
ParlaMint-FR-en_2020-02-28-O1174	ParlaMint-FR_2020-02-28-O1174.u185	Proceedings of the debates in plenary sitting of the Assemblée Nationale, sitting: 174, 28/02/2020	2020-02-28	Lower house	15e législature	session ordinaire 2019-2020 (CRSANR5L15S2020O1N174)	-	174. séance	-	COVID	English	Regular	MP	notMinister	LAREM	La République en Marche	Coalition	Centre	PA721946	Marilossian, Jacques	M	1958	
ParlaMint-FR-en_2020-02-28-O1174	ParlaMint-FR_2020-02-28-O1174.u186	Proceedings of the debates in plenary sitting of the Assemblée Nationale, sitting: 174, 28/02/2020	2020-02-28	Lower house	15e législature	session ordinaire 2019-2020 (CRSANR5L15S2020O1N174)	-	174. séance	-	COVID	English	Regular	notMP	notMinister	FI	La France insoumise	Opposition	Left to far-left	PA720892	Panot, Mathilde	F	1989	
ParlaMint-FR-en_2020-02-28-O1174	ParlaMint-FR_2020-02-28-O1174.u187	Proceedings of the debates in plenary sitting of the Assemblée Nationale, sitting: 174, 28/02/2020	2020-02-28	Lower house	15e législature	session ordinaire 2019-2020 (CRSANR5L15S2020O1N174)	-	174. séance	-	COVID	English	Regular	MP	notMinister	MODEM	Mouvement Démocrate et apparentés	Coalition	Centre to centre-right	PA720746	Waserman, Sylvain	M	1967	
ParlaMint-FR-en_2020-02-28-O1174	ParlaMint-FR_2020-02-28-O1174.u188	Proceedings of the debates in plenary sitting of the Assemblée Nationale, sitting: 174, 28/02/2020	2020-02-28	Lower house	15e législature	session ordinaire 2019-2020 (CRSANR5L15S2020O1N174)	-	174. séance	-	COVID	English	Regular	notMP	notMinister	LR	Les Républicains	Opposition	Centre-right	PA608416	Hetzel, Patrick	M	1964	
ParlaMint-FR-en_2020-02-28-O1174	ParlaMint-FR_2020-02-28-O1174.u189	Proceedings of the debates in plenary sitting of the Assemblée Nationale, sitting: 174, 28/02/2020	2020-02-28	Lower house	15e législature	session ordinaire 2019-2020 (CRSANR5L15S2020O1N174)	-	174. séance	-	COVID	English	Regular	MP	notMinister	LAREM	La République en Marche	Coalition	Centre	PA719850	Motin, Cendra	F	1975	
ParlaMint-FR-en_2020-02-28-O1174	ParlaMint-FR_2020-02-28-O1174.u190	Proceedings of the debates in plenary sitting of the Assemblée Nationale, sitting: 174, 28/02/2020	2020-02-28	Lower house	15e législature	session ordinaire 2019-2020 (CRSANR5L15S2020O1N174)	-	174. séance	-	COVID	English	Regular	notMP	notMinister	LR	Les Républicains	Opposition	Centre-right	PA608416	Hetzel, Patrick	M	1964	
ParlaMint-FR-en_2020-02-28-O1174	ParlaMint-FR_2020-02-28-O1174.u191	Proceedings of the debates in plenary sitting of the Assemblée Nationale, sitting: 174, 28/02/2020	2020-02-28	Lower house	15e législature	session ordinaire 2019-2020 (CRSANR5L15S2020O1N174)	-	174. séance	-	COVID	English	Chairperson	MP	notMinister	MODEM	Mouvement Démocrate et apparentés	Coalition	Centre to centre-right	PA720746	Waserman, Sylvain	M	1967	
ParlaMint-FR-en_2020-02-28-O1174	ParlaMint-FR_2020-02-28-O1174.u192	Proceedings of the debates in plenary sitting of the Assemblée Nationale, sitting: 174, 28/02/2020	2020-02-28	Lower house	15e législature	session ordinaire 2019-2020 (CRSANR5L15S2020O1N174)	-	174. séance	-	COVID	English	Regular	notMP	notMinister	LAREM	La République en Marche	Coalition	Centre	PA719472	Cazeneuve, Jean-René	M	1958	
ParlaMint-FR-en_2020-02-28-O1174	ParlaMint-FR_2020-02-28-O1174.u193	Proceedings of the debates in plenary sitting of the Assemblée Nationale, sitting: 174, 28/02/2020	2020-02-28	Lower house	15e législature	session ordinaire 2019-2020 (CRSANR5L15S2020O1N174)	-	174. séance	-	COVID	English	Regular	notMP	notMinister	LT	Libertés et Territoires	-	Big tent	PA331582	Vigier, Philippe	M	1958	
ParlaMint-FR-en_2020-02-28-O1174	ParlaMint-FR_2020-02-28-O1174.u194	Proceedings of the debates in plenary sitting of the Assemblée Nationale, sitting: 174, 28/02/2020	2020-02-28	Lower house	15e législature	session ordinaire 2019-2020 (CRSANR5L15S2020O1N174)	-	174. séance	-	COVID	English	Regular	notMP	notMinister	LAREM	La République en Marche	Coalition	Centre	PA719472	Cazeneuve, Jean-René	M	1958	
ParlaMint-FR-en_2020-02-28-O1174	ParlaMint-FR_2020-02-28-O1174.u195	Proceedings of the debates in plenary sitting of the Assemblée Nationale, sitting: 174, 28/02/2020	2020-02-28	Lower house	15e législature	session ordinaire 2019-2020 (CRSANR5L15S2020O1N174)	-	174. séance	-	COVID	English	Regular	MP	notMinister	LR	Les Républicains	Opposition	Centre-right	PA720630	Minot, Maxime	M	1987	
ParlaMint-FR-en_2020-02-28-O1174	ParlaMint-FR_2020-02-28-O1174.u196	Proceedings of the debates in plenary sitting of the Assemblée Nationale, sitting: 174, 28/02/2020	2020-02-28	Lower house	15e législature	session ordinaire 2019-2020 (CRSANR5L15S2020O1N174)	-	174. séance	-	COVID	English	Regular	notMP	notMinister	SOC	Socialistes et apparentés	-	Centre-left to left	PA607553	Potier, Dominique	M	1964	
ParlaMint-FR-en_2020-02-28-O1174	ParlaMint-FR_2020-02-28-O1174.u197	Proceedings of the debates in plenary sitting of the Assemblée Nationale, sitting: 174, 28/02/2020	2020-02-28	Lower house	15e législature	session ordinaire 2019-2020 (CRSANR5L15S2020O1N174)	-	174. séance	-	COVID	English	Regular	MP	notMinister	MODEM	Mouvement Démocrate et apparentés	Coalition	Centre to centre-right	PA720746	Waserman, Sylvain	M	1967	
ParlaMint-FR-en_2020-02-28-O1174	ParlaMint-FR_2020-02-28-O1174.u198	Proceedings of the debates in plenary sitting of the Assemblée Nationale, sitting: 174, 28/02/2020	2020-02-28	Lower house	15e législature	session ordinaire 2019-2020 (CRSANR5L15S2020O1N174)	-	174. séance	-	COVID	English	Regular	notMP	notMinister	LAREM	La République en Marche	Coalition	Centre	PA719472	Cazeneuve, Jean-René	M	1958	
ParlaMint-FR-en_2020-02-28-O1174	ParlaMint-FR_2020-02-28-O1174.u199	Proceedings of the debates in plenary sitting of the Assemblée Nationale, sitting: 174, 28/02/2020	2020-02-28	Lower house	15e législature	session ordinaire 2019-2020 (CRSANR5L15S2020O1N174)	-	174. séance	-	COVID	English	Regular	MP	notMinister	MODEM	Mouvement Démocrate et apparentés	Coalition	Centre to centre-right	PA720746	Waserman, Sylvain	M	1967	
ParlaMint-FR-en_2020-02-28-O1174	ParlaMint-FR_2020-02-28-O1174.u200	Proceedings of the debates in plenary sitting of the Assemblée Nationale, sitting: 174, 28/02/2020	2020-02-28	Lower house	15e législature	session ordinaire 2019-2020 (CRSANR5L15S2020O1N174)	-	174. séance	-	COVID	English	Chairperson	MP	notMinister	MODEM	Mouvement Démocrate et apparentés	Coalition	Centre to centre-right	PA720746	Waserman, Sylvain	M	1967	
ParlaMint-FR-en_2020-02-28-O1174	ParlaMint-FR_2020-02-28-O1174.u201	Proceedings of the debates in plenary sitting of the Assemblée Nationale, sitting: 174, 28/02/2020	2020-02-28	Lower house	15e législature	session ordinaire 2019-2020 (CRSANR5L15S2020O1N174)	-	174. séance	-	COVID	English	Chairperson	MP	notMinister	MODEM	Mouvement Démocrate et apparentés	Coalition	Centre to centre-right	PA720746	Waserman, Sylvain	M	1967	
ParlaMint-FR-en_2020-02-28-O1174	ParlaMint-FR_2020-02-28-O1174.u202	Proceedings of the debates in plenary sitting of the Assemblée Nationale, sitting: 174, 28/02/2020	2020-02-28	Lower house	15e législature	session ordinaire 2019-2020 (CRSANR5L15S2020O1N174)	-	174. séance	-	COVID	English	Regular	notMP	notMinister	MODEM	Mouvement Démocrate et apparentés	Coalition	Centre to centre-right	PA722162	Turquois, Nicolas	M	1972	
ParlaMint-FR-en_2020-02-28-O1174	ParlaMint-FR_2020-02-28-O1174.u203	Proceedings of the debates in plenary sitting of the Assemblée Nationale, sitting: 174, 28/02/2020	2020-02-28	Lower house	15e législature	session ordinaire 2019-2020 (CRSANR5L15S2020O1N174)	-	174. séance	-	COVID	English	Regular	MP	notMinister	MODEM	Mouvement Démocrate et apparentés	Coalition	Centre to centre-right	PA720746	Waserman, Sylvain	M	1967	
ParlaMint-FR-en_2020-02-28-O1174	ParlaMint-FR_2020-02-28-O1174.u204	Proceedings of the debates in plenary sitting of the Assemblée Nationale, sitting: 174, 28/02/2020	2020-02-28	Lower house	15e législature	session ordinaire 2019-2020 (CRSANR5L15S2020O1N174)	-	174. séance	-	COVID	English	Regular	notMP	notMinister	-	-	-	-	PA720512	Pietraszewski, Laurent	M	1966	
ParlaMint-FR-en_2020-02-28-O1174	ParlaMint-FR_2020-02-28-O1174.u205	Proceedings of the debates in plenary sitting of the Assemblée Nationale, sitting: 174, 28/02/2020	2020-02-28	Lower house	15e législature	session ordinaire 2019-2020 (CRSANR5L15S2020O1N174)	-	174. séance	-	COVID	English	Chairperson	MP	notMinister	MODEM	Mouvement Démocrate et apparentés	Coalition	Centre to centre-right	PA720746	Waserman, Sylvain	M	1967	
ParlaMint-FR-en_2020-02-28-O1174	ParlaMint-FR_2020-02-28-O1174.u206	Proceedings of the debates in plenary sitting of the Assemblée Nationale, sitting: 174, 28/02/2020	2020-02-28	Lower house	15e législature	session ordinaire 2019-2020 (CRSANR5L15S2020O1N174)	-	174. séance	-	COVID	English	Chairperson	MP	notMinister	MODEM	Mouvement Démocrate et apparentés	Coalition	Centre to centre-right	PA720746	Waserman, Sylvain	M	1967	
ParlaMint-FR-en_2020-02-28-O1174	ParlaMint-FR_2020-02-28-O1174.u207	Proceedings of the debates in plenary sitting of the Assemblée Nationale, sitting: 174, 28/02/2020	2020-02-28	Lower house	15e législature	session ordinaire 2019-2020 (CRSANR5L15S2020O1N174)	-	174. séance	-	COVID	English	Chairperson	MP	notMinister	MODEM	Mouvement Démocrate et apparentés	Coalition	Centre to centre-right	PA720746	Waserman, Sylvain	M	1967	
ParlaMint-FR-en_2020-02-28-O1174	ParlaMint-FR_2020-02-28-O1174.u208	Proceedings of the debates in plenary sitting of the Assemblée Nationale, sitting: 174, 28/02/2020	2020-02-28	Lower house	15e législature	session ordinaire 2019-2020 (CRSANR5L15S2020O1N174)	-	174. séance	-	COVID	English	Chairperson	MP	notMinister	MODEM	Mouvement Démocrate et apparentés	Coalition	Centre to centre-right	PA720746	Waserman, Sylvain	M	1967	
ParlaMint-FR-en_2020-02-28-O1174	ParlaMint-FR_2020-02-28-O1174.u209	Proceedings of the debates in plenary sitting of the Assemblée Nationale, sitting: 174, 28/02/2020	2020-02-28	Lower house	15e législature	session ordinaire 2019-2020 (CRSANR5L15S2020O1N174)	-	174. séance	-	COVID	English	Regular	notMP	notMinister	GDR	Gauche démocrate et républicaine	Opposition	Left	PA721270	Peu, Stéphane	M	1962	
ParlaMint-FR-en_2020-02-28-O1174	ParlaMint-FR_2020-02-28-O1174.u210	Proceedings of the debates in plenary sitting of the Assemblée Nationale, sitting: 174, 28/02/2020	2020-02-28	Lower house	15e législature	session ordinaire 2019-2020 (CRSANR5L15S2020O1N174)	-	174. séance	-	COVID	English	Regular	MP	notMinister	MODEM	Mouvement Démocrate et apparentés	Coalition	Centre to centre-right	PA720746	Waserman, Sylvain	M	1967	
ParlaMint-FR-en_2020-02-28-O1174	ParlaMint-FR_2020-02-28-O1174.u211	Proceedings of the debates in plenary sitting of the Assemblée Nationale, sitting: 174, 28/02/2020	2020-02-28	Lower house	15e législature	session ordinaire 2019-2020 (CRSANR5L15S2020O1N174)	-	174. séance	-	COVID	English	Regular	notMP	notMinister	MODEM	Mouvement Démocrate et apparentés	Coalition	Centre to centre-right	PA722162	Turquois, Nicolas	M	1972	
ParlaMint-FR-en_2020-02-28-O1174	ParlaMint-FR_2020-02-28-O1174.u212	Proceedings of the debates in plenary sitting of the Assemblée Nationale, sitting: 174, 28/02/2020	2020-02-28	Lower house	15e législature	session ordinaire 2019-2020 (CRSANR5L15S2020O1N174)	-	174. séance	-	COVID	English	Regular	MP	notMinister	MODEM	Mouvement Démocrate et apparentés	Coalition	Centre to centre-right	PA720746	Waserman, Sylvain	M	1967	
ParlaMint-FR-en_2020-02-28-O1174	ParlaMint-FR_2020-02-28-O1174.u213	Proceedings of the debates in plenary sitting of the Assemblée Nationale, sitting: 174, 28/02/2020	2020-02-28	Lower house	15e législature	session ordinaire 2019-2020 (CRSANR5L15S2020O1N174)	-	174. séance	-	COVID	English	Regular	notMP	notMinister	-	-	-	-	PA720512	Pietraszewski, Laurent	M	1966	
ParlaMint-FR-en_2020-02-28-O1174	ParlaMint-FR_2020-02-28-O1174.u214	Proceedings of the debates in plenary sitting of the Assemblée Nationale, sitting: 174, 28/02/2020	2020-02-28	Lower house	15e législature	session ordinaire 2019-2020 (CRSANR5L15S2020O1N174)	-	174. séance	-	COVID	English	Regular	MP	notMinister	MODEM	Mouvement Démocrate et apparentés	Coalition	Centre to centre-right	PA720746	Waserman, Sylvain	M	1967	
ParlaMint-FR-en_2020-02-28-O1174	ParlaMint-FR_2020-02-28-O1174.u215	Proceedings of the debates in plenary sitting of the Assemblée Nationale, sitting: 174, 28/02/2020	2020-02-28	Lower house	15e législature	session ordinaire 2019-2020 (CRSANR5L15S2020O1N174)	-	174. séance	-	COVID	English	Regular	notMP	notMinister	GDR	Gauche démocrate et républicaine	Opposition	Left	PA721270	Peu, Stéphane	M	1962	
ParlaMint-FR-en_2020-02-28-O1174	ParlaMint-FR_2020-02-28-O1174.u216	Proceedings of the debates in plenary sitting of the Assemblée Nationale, sitting: 174, 28/02/2020	2020-02-28	Lower house	15e législature	session ordinaire 2019-2020 (CRSANR5L15S2020O1N174)	-	174. séance	-	COVID	English	Chairperson	MP	notMinister	MODEM	Mouvement Démocrate et apparentés	Coalition	Centre to centre-right	PA720746	Waserman, Sylvain	M	1967	
ParlaMint-FR-en_2020-02-28-O1174	ParlaMint-FR_2020-02-28-O1174.u217	Proceedings of the debates in plenary sitting of the Assemblée Nationale, sitting: 174, 28/02/2020	2020-02-28	Lower house	15e législature	session ordinaire 2019-2020 (CRSANR5L15S2020O1N174)	-	174. séance	-	COVID	English	Regular	MP	notMinister	SOC	Socialistes et apparentés	-	Centre-left to left	PA1198	Dumont, Laurence	F	1958	
ParlaMint-FR-en_2020-02-28-O1174	ParlaMint-FR_2020-02-28-O1174.u218	Proceedings of the debates in plenary sitting of the Assemblée Nationale, sitting: 174, 28/02/2020	2020-02-28	Lower house	15e législature	session ordinaire 2019-2020 (CRSANR5L15S2020O1N174)	-	174. séance	-	COVID	English	Chairperson	MP	notMinister	MODEM	Mouvement Démocrate et apparentés	Coalition	Centre to centre-right	PA720746	Waserman, Sylvain	M	1967	
ParlaMint-FR-en_2020-02-28-O1174	ParlaMint-FR_2020-02-28-O1174.u219	Proceedings of the debates in plenary sitting of the Assemblée Nationale, sitting: 174, 28/02/2020	2020-02-28	Lower house	15e législature	session ordinaire 2019-2020 (CRSANR5L15S2020O1N174)	-	174. séance	-	COVID	English	Regular	notMP	notMinister	FI	La France insoumise	Opposition	Left to far-left	PA588884	Autain, Clémentine	F	1973	
ParlaMint-FR-en_2020-02-28-O1174	ParlaMint-FR_2020-02-28-O1174.u220	Proceedings of the debates in plenary sitting of the Assemblée Nationale, sitting: 174, 28/02/2020	2020-02-28	Lower house	15e législature	session ordinaire 2019-2020 (CRSANR5L15S2020O1N174)	-	174. séance	-	COVID	English	Regular	MP	notMinister	LAREM	La République en Marche	Coalition	Centre	PA608083	Bourguignon, Brigitte	F	1959	
ParlaMint-FR-en_2020-02-28-O1174	ParlaMint-FR_2020-02-28-O1174.u221	Proceedings of the debates in plenary sitting of the Assemblée Nationale, sitting: 174, 28/02/2020	2020-02-28	Lower house	15e législature	session ordinaire 2019-2020 (CRSANR5L15S2020O1N174)	-	174. séance	-	COVID	English	Regular	notMP	notMinister	FI	La France insoumise	Opposition	Left to far-left	PA588884	Autain, Clémentine	F	1973	
ParlaMint-FR-en_2020-02-28-O1174	ParlaMint-FR_2020-02-28-O1174.u222	Proceedings of the debates in plenary sitting of the Assemblée Nationale, sitting: 174, 28/02/2020	2020-02-28	Lower house	15e législature	session ordinaire 2019-2020 (CRSANR5L15S2020O1N174)	-	174. séance	-	COVID	English	Regular	MP	notMinister	LAREM	La République en Marche	Coalition	Centre	PA608083	Bourguignon, Brigitte	F	1959	
ParlaMint-FR-en_2020-02-28-O1174	ParlaMint-FR_2020-02-28-O1174.u223	Proceedings of the debates in plenary sitting of the Assemblée Nationale, sitting: 174, 28/02/2020	2020-02-28	Lower house	15e législature	session ordinaire 2019-2020 (CRSANR5L15S2020O1N174)	-	174. séance	-	COVID	English	Regular	notMP	notMinister	FI	La France insoumise	Opposition	Left to far-left	PA588884	Autain, Clémentine	F	1973	
ParlaMint-FR-en_2020-02-28-O1174	ParlaMint-FR_2020-02-28-O1174.u224	Proceedings of the debates in plenary sitting of the Assemblée Nationale, sitting: 174, 28/02/2020	2020-02-28	Lower house	15e législature	session ordinaire 2019-2020 (CRSANR5L15S2020O1N174)	-	174. séance	-	COVID	English	Regular	notMP	notMinister	LR	Les Républicains	Opposition	Centre-right	PA608416	Hetzel, Patrick	M	1964	
ParlaMint-FR-en_2020-02-28-O1174	ParlaMint-FR_2020-02-28-O1174.u225	Proceedings of the debates in plenary sitting of the Assemblée Nationale, sitting: 174, 28/02/2020	2020-02-28	Lower house	15e législature	session ordinaire 2019-2020 (CRSANR5L15S2020O1N174)	-	174. séance	-	COVID	English	Regular	notMP	notMinister	LR	Les Républicains	Opposition	Centre-right	PA1327	Forissier, Nicolas	M	1961	
ParlaMint-FR-en_2020-02-28-O1174	ParlaMint-FR_2020-02-28-O1174.u226	Proceedings of the debates in plenary sitting of the Assemblée Nationale, sitting: 174, 28/02/2020	2020-02-28	Lower house	15e législature	session ordinaire 2019-2020 (CRSANR5L15S2020O1N174)	-	174. séance	-	COVID	English	Chairperson	MP	notMinister	MODEM	Mouvement Démocrate et apparentés	Coalition	Centre to centre-right	PA720746	Waserman, Sylvain	M	1967	
ParlaMint-FR-en_2020-02-28-O1174	ParlaMint-FR_2020-02-28-O1174.u227	Proceedings of the debates in plenary sitting of the Assemblée Nationale, sitting: 174, 28/02/2020	2020-02-28	Lower house	15e législature	session ordinaire 2019-2020 (CRSANR5L15S2020O1N174)	-	174. séance	-	COVID	English	Regular	MP	notMinister	GDR	Gauche démocrate et républicaine	Opposition	Left	PA720546	Bruneel, Alain	M	1952	
ParlaMint-FR-en_2020-02-28-O1174	ParlaMint-FR_2020-02-28-O1174.u228	Proceedings of the debates in plenary sitting of the Assemblée Nationale, sitting: 174, 28/02/2020	2020-02-28	Lower house	15e législature	session ordinaire 2019-2020 (CRSANR5L15S2020O1N174)	-	174. séance	-	COVID	English	Regular	MP	notMinister	MODEM	Mouvement Démocrate et apparentés	Coalition	Centre to centre-right	PA720746	Waserman, Sylvain	M	1967	
ParlaMint-FR-en_2020-02-28-O1174	ParlaMint-FR_2020-02-28-O1174.u229	Proceedings of the debates in plenary sitting of the Assemblée Nationale, sitting: 174, 28/02/2020	2020-02-28	Lower house	15e législature	session ordinaire 2019-2020 (CRSANR5L15S2020O1N174)	-	174. séance	-	COVID	English	Regular	notMP	notMinister	MODEM	Mouvement Démocrate et apparentés	Coalition	Centre to centre-right	PA722162	Turquois, Nicolas	M	1972	
ParlaMint-FR-en_2020-02-28-O1174	ParlaMint-FR_2020-02-28-O1174.u230	Proceedings of the debates in plenary sitting of the Assemblée Nationale, sitting: 174, 28/02/2020	2020-02-28	Lower house	15e législature	session ordinaire 2019-2020 (CRSANR5L15S2020O1N174)	-	174. séance	-	COVID	English	Regular	MP	notMinister	MODEM	Mouvement Démocrate et apparentés	Coalition	Centre to centre-right	PA720746	Waserman, Sylvain	M	1967	
ParlaMint-FR-en_2020-02-28-O1174	ParlaMint-FR_2020-02-28-O1174.u231	Proceedings of the debates in plenary sitting of the Assemblée Nationale, sitting: 174, 28/02/2020	2020-02-28	Lower house	15e législature	session ordinaire 2019-2020 (CRSANR5L15S2020O1N174)	-	174. séance	-	COVID	English	Regular	notMP	notMinister	-	-	-	-	PA720512	Pietraszewski, Laurent	M	1966	
ParlaMint-FR-en_2020-02-28-O1174	ParlaMint-FR_2020-02-28-O1174.u232	Proceedings of the debates in plenary sitting of the Assemblée Nationale, sitting: 174, 28/02/2020	2020-02-28	Lower house	15e législature	session ordinaire 2019-2020 (CRSANR5L15S2020O1N174)	-	174. séance	-	COVID	English	Chairperson	MP	notMinister	MODEM	Mouvement Démocrate et apparentés	Coalition	Centre to centre-right	PA720746	Waserman, Sylvain	M	1967	
ParlaMint-FR-en_2020-02-28-O1174	ParlaMint-FR_2020-02-28-O1174.u233	Proceedings of the debates in plenary sitting of the Assemblée Nationale, sitting: 174, 28/02/2020	2020-02-28	Lower house	15e législature	session ordinaire 2019-2020 (CRSANR5L15S2020O1N174)	-	174. séance	-	COVID	English	Regular	MP	notMinister	GDR	Gauche démocrate et républicaine	Opposition	Left	PA720546	Bruneel, Alain	M	1952	
ParlaMint-FR-en_2020-02-28-O1174	ParlaMint-FR_2020-02-28-O1174.u234	Proceedings of the debates in plenary sitting of the Assemblée Nationale, sitting: 174, 28/02/2020	2020-02-28	Lower house	15e législature	session ordinaire 2019-2020 (CRSANR5L15S2020O1N174)	-	174. séance	-	COVID	English	Regular	MP	notMinister	MODEM	Mouvement Démocrate et apparentés	Coalition	Centre to centre-right	PA720746	Waserman, Sylvain	M	1967	
ParlaMint-FR-en_2020-02-28-O1174	ParlaMint-FR_2020-02-28-O1174.u235	Proceedings of the debates in plenary sitting of the Assemblée Nationale, sitting: 174, 28/02/2020	2020-02-28	Lower house	15e législature	session ordinaire 2019-2020 (CRSANR5L15S2020O1N174)	-	174. séance	-	COVID	English	Regular	notMP	notMinister	MODEM	Mouvement Démocrate et apparentés	Coalition	Centre to centre-right	PA722162	Turquois, Nicolas	M	1972	
ParlaMint-FR-en_2020-02-28-O1174	ParlaMint-FR_2020-02-28-O1174.u236	Proceedings of the debates in plenary sitting of the Assemblée Nationale, sitting: 174, 28/02/2020	2020-02-28	Lower house	15e législature	session ordinaire 2019-2020 (CRSANR5L15S2020O1N174)	-	174. séance	-	COVID	English	Regular	MP	notMinister	MODEM	Mouvement Démocrate et apparentés	Coalition	Centre to centre-right	PA720746	Waserman, Sylvain	M	1967	
ParlaMint-FR-en_2020-02-28-O1174	ParlaMint-FR_2020-02-28-O1174.u237	Proceedings of the debates in plenary sitting of the Assemblée Nationale, sitting: 174, 28/02/2020	2020-02-28	Lower house	15e législature	session ordinaire 2019-2020 (CRSANR5L15S2020O1N174)	-	174. séance	-	COVID	English	Regular	notMP	notMinister	-	-	-	-	PA720512	Pietraszewski, Laurent	M	1966	
ParlaMint-FR-en_2020-02-28-O1174	ParlaMint-FR_2020-02-28-O1174.u238	Proceedings of the debates in plenary sitting of the Assemblée Nationale, sitting: 174, 28/02/2020	2020-02-28	Lower house	15e législature	session ordinaire 2019-2020 (CRSANR5L15S2020O1N174)	-	174. séance	-	COVID	English	Regular	MP	notMinister	MODEM	Mouvement Démocrate et apparentés	Coalition	Centre to centre-right	PA720746	Waserman, Sylvain	M	1967	
ParlaMint-FR-en_2020-02-28-O1174	ParlaMint-FR_2020-02-28-O1174.u239	Proceedings of the debates in plenary sitting of the Assemblée Nationale, sitting: 174, 28/02/2020	2020-02-28	Lower house	15e législature	session ordinaire 2019-2020 (CRSANR5L15S2020O1N174)	-	174. séance	-	COVID	English	Regular	notMP	notMinister	MODEM	Mouvement Démocrate et apparentés	Coalition	Centre to centre-right	PA721182	Petit, Frédéric	M	1961	
ParlaMint-FR-en_2020-02-28-O1174	ParlaMint-FR_2020-02-28-O1174.u240	Proceedings of the debates in plenary sitting of the Assemblée Nationale, sitting: 174, 28/02/2020	2020-02-28	Lower house	15e législature	session ordinaire 2019-2020 (CRSANR5L15S2020O1N174)	-	174. séance	-	COVID	English	Chairperson	MP	notMinister	MODEM	Mouvement Démocrate et apparentés	Coalition	Centre to centre-right	PA720746	Waserman, Sylvain	M	1967	
ParlaMint-FR-en_2020-02-28-O1174	ParlaMint-FR_2020-02-28-O1174.u241	Proceedings of the debates in plenary sitting of the Assemblée Nationale, sitting: 174, 28/02/2020	2020-02-28	Lower house	15e législature	session ordinaire 2019-2020 (CRSANR5L15S2020O1N174)	-	174. séance	-	COVID	English	Regular	notMP	notMinister	LR	Les Républicains	Opposition	Centre-right	PA267429	Cinieri, Dino	M	1955	
ParlaMint-FR-en_2020-02-28-O1174	ParlaMint-FR_2020-02-28-O1174.u242	Proceedings of the debates in plenary sitting of the Assemblée Nationale, sitting: 174, 28/02/2020	2020-02-28	Lower house	15e législature	session ordinaire 2019-2020 (CRSANR5L15S2020O1N174)	-	174. séance	-	COVID	English	Chairperson	MP	notMinister	MODEM	Mouvement Démocrate et apparentés	Coalition	Centre to centre-right	PA720746	Waserman, Sylvain	M	1967	
ParlaMint-FR-en_2020-02-28-O1174	ParlaMint-FR_2020-02-28-O1174.u243	Proceedings of the debates in plenary sitting of the Assemblée Nationale, sitting: 174, 28/02/2020	2020-02-28	Lower house	15e législature	session ordinaire 2019-2020 (CRSANR5L15S2020O1N174)	-	174. séance	-	COVID	English	Regular	notMP	notMinister	LR	Les Républicains	Opposition	Centre-right	PA720586	Vatin, Pierre	M	1967	
ParlaMint-FR-en_2020-02-28-O1174	ParlaMint-FR_2020-02-28-O1174.u244	Proceedings of the debates in plenary sitting of the Assemblée Nationale, sitting: 174, 28/02/2020	2020-02-28	Lower house	15e législature	session ordinaire 2019-2020 (CRSANR5L15S2020O1N174)	-	174. séance	-	COVID	English	Chairperson	MP	notMinister	MODEM	Mouvement Démocrate et apparentés	Coalition	Centre to centre-right	PA720746	Waserman, Sylvain	M	1967	
ParlaMint-FR-en_2020-02-28-O1174	ParlaMint-FR_2020-02-28-O1174.u245	Proceedings of the debates in plenary sitting of the Assemblée Nationale, sitting: 174, 28/02/2020	2020-02-28	Lower house	15e législature	session ordinaire 2019-2020 (CRSANR5L15S2020O1N174)	-	174. séance	-	COVID	English	Regular	MP	notMinister	LR	Les Républicains	Opposition	Centre-right	PA720630	Minot, Maxime	M	1987	
ParlaMint-FR-en_2020-02-28-O1174	ParlaMint-FR_2020-02-28-O1174.u246	Proceedings of the debates in plenary sitting of the Assemblée Nationale, sitting: 174, 28/02/2020	2020-02-28	Lower house	15e législature	session ordinaire 2019-2020 (CRSANR5L15S2020O1N174)	-	174. séance	-	COVID	English	Regular	MP	notMinister	MODEM	Mouvement Démocrate et apparentés	Coalition	Centre to centre-right	PA720746	Waserman, Sylvain	M	1967	
ParlaMint-FR-en_2020-02-28-O1174	ParlaMint-FR_2020-02-28-O1174.u247	Proceedings of the debates in plenary sitting of the Assemblée Nationale, sitting: 174, 28/02/2020	2020-02-28	Lower house	15e législature	session ordinaire 2019-2020 (CRSANR5L15S2020O1N174)	-	174. séance	-	COVID	English	Regular	notMP	notMinister	MODEM	Mouvement Démocrate et apparentés	Coalition	Centre to centre-right	PA722162	Turquois, Nicolas	M	1972	
ParlaMint-FR-en_2020-02-28-O1174	ParlaMint-FR_2020-02-28-O1174.u248	Proceedings of the debates in plenary sitting of the Assemblée Nationale, sitting: 174, 28/02/2020	2020-02-28	Lower house	15e législature	session ordinaire 2019-2020 (CRSANR5L15S2020O1N174)	-	174. séance	-	COVID	English	Regular	MP	notMinister	MODEM	Mouvement Démocrate et apparentés	Coalition	Centre to centre-right	PA720746	Waserman, Sylvain	M	1967	
ParlaMint-FR-en_2020-02-28-O1174	ParlaMint-FR_2020-02-28-O1174.u249	Proceedings of the debates in plenary sitting of the Assemblée Nationale, sitting: 174, 28/02/2020	2020-02-28	Lower house	15e législature	session ordinaire 2019-2020 (CRSANR5L15S2020O1N174)	-	174. séance	-	COVID	English	Regular	notMP	notMinister	-	-	-	-	PA720512	Pietraszewski, Laurent	M	1966	
ParlaMint-FR-en_2020-02-28-O1174	ParlaMint-FR_2020-02-28-O1174.u250	Proceedings of the debates in plenary sitting of the Assemblée Nationale, sitting: 174, 28/02/2020	2020-02-28	Lower house	15e législature	session ordinaire 2019-2020 (CRSANR5L15S2020O1N174)	-	174. séance	-	COVID	English	Regular	MP	notMinister	MODEM	Mouvement Démocrate et apparentés	Coalition	Centre to centre-right	PA720746	Waserman, Sylvain	M	1967	
ParlaMint-FR-en_2020-02-28-O1174	ParlaMint-FR_2020-02-28-O1174.u251	Proceedings of the debates in plenary sitting of the Assemblée Nationale, sitting: 174, 28/02/2020	2020-02-28	Lower house	15e législature	session ordinaire 2019-2020 (CRSANR5L15S2020O1N174)	-	174. séance	-	COVID	English	Regular	notMP	notMinister	FI	La France insoumise	Opposition	Left to far-left	PA720892	Panot, Mathilde	F	1989	
ParlaMint-FR-en_2020-02-28-O1174	ParlaMint-FR_2020-02-28-O1174.u252	Proceedings of the debates in plenary sitting of the Assemblée Nationale, sitting: 174, 28/02/2020	2020-02-28	Lower house	15e législature	session ordinaire 2019-2020 (CRSANR5L15S2020O1N174)	-	174. séance	-	COVID	English	Regular	MP	notMinister	LAREM	La République en Marche	Coalition	Centre	PA608083	Bourguignon, Brigitte	F	1959	
ParlaMint-FR-en_2020-02-28-O1174	ParlaMint-FR_2020-02-28-O1174.u253	Proceedings of the debates in plenary sitting of the Assemblée Nationale, sitting: 174, 28/02/2020	2020-02-28	Lower house	15e législature	session ordinaire 2019-2020 (CRSANR5L15S2020O1N174)	-	174. séance	-	COVID	English	Regular	notMP	notMinister	FI	La France insoumise	Opposition	Left to far-left	PA720892	Panot, Mathilde	F	1989	
ParlaMint-FR-en_2020-02-28-O1174	ParlaMint-FR_2020-02-28-O1174.u254	Proceedings of the debates in plenary sitting of the Assemblée Nationale, sitting: 174, 28/02/2020	2020-02-28	Lower house	15e législature	session ordinaire 2019-2020 (CRSANR5L15S2020O1N174)	-	174. séance	-	COVID	English	Regular	notMP	notMinister	FI	La France insoumise	Opposition	Left to far-left	PA720286	Fiat, Caroline	F	1977	
ParlaMint-FR-en_2020-02-28-O1174	ParlaMint-FR_2020-02-28-O1174.u255	Proceedings of the debates in plenary sitting of the Assemblée Nationale, sitting: 174, 28/02/2020	2020-02-28	Lower house	15e législature	session ordinaire 2019-2020 (CRSANR5L15S2020O1N174)	-	174. séance	-	COVID	English	Regular	MP	notMinister	MODEM	Mouvement Démocrate et apparentés	Coalition	Centre to centre-right	PA720746	Waserman, Sylvain	M	1967	
ParlaMint-FR-en_2020-02-28-O1174	ParlaMint-FR_2020-02-28-O1174.u256	Proceedings of the debates in plenary sitting of the Assemblée Nationale, sitting: 174, 28/02/2020	2020-02-28	Lower house	15e législature	session ordinaire 2019-2020 (CRSANR5L15S2020O1N174)	-	174. séance	-	COVID	English	Regular	notMP	notMinister	MODEM	Mouvement Démocrate et apparentés	Coalition	Centre to centre-right	PA721182	Petit, Frédéric	M	1961	
ParlaMint-FR-en_2020-02-28-O1174	ParlaMint-FR_2020-02-28-O1174.u257	Proceedings of the debates in plenary sitting of the Assemblée Nationale, sitting: 174, 28/02/2020	2020-02-28	Lower house	15e législature	session ordinaire 2019-2020 (CRSANR5L15S2020O1N174)	-	174. séance	-	COVID	English	Regular	MP	notMinister	MODEM	Mouvement Démocrate et apparentés	Coalition	Centre to centre-right	PA720746	Waserman, Sylvain	M	1967	
ParlaMint-FR-en_2020-02-28-O1174	ParlaMint-FR_2020-02-28-O1174.u258	Proceedings of the debates in plenary sitting of the Assemblée Nationale, sitting: 174, 28/02/2020	2020-02-28	Lower house	15e législature	session ordinaire 2019-2020 (CRSANR5L15S2020O1N174)	-	174. séance	-	COVID	English	Regular	notMP	notMinister	LR	Les Républicains	Opposition	Centre-right	PA608016	Louwagie, Véronique	F	1961	
ParlaMint-FR-en_2020-02-28-O1174	ParlaMint-FR_2020-02-28-O1174.u259	Proceedings of the debates in plenary sitting of the Assemblée Nationale, sitting: 174, 28/02/2020	2020-02-28	Lower house	15e législature	session ordinaire 2019-2020 (CRSANR5L15S2020O1N174)	-	174. séance	-	COVID	English	Regular	notMP	notMinister	LT	Libertés et Territoires	-	Big tent	PA331582	Vigier, Philippe	M	1958	
ParlaMint-FR-en_2020-02-28-O1174	ParlaMint-FR_2020-02-28-O1174.u260	Proceedings of the debates in plenary sitting of the Assemblée Nationale, sitting: 174, 28/02/2020	2020-02-28	Lower house	15e législature	session ordinaire 2019-2020 (CRSANR5L15S2020O1N174)	-	174. séance	-	COVID	English	Regular	MP	notMinister	LAREM	La République en Marche	Coalition	Centre	PA608083	Bourguignon, Brigitte	F	1959	
ParlaMint-FR-en_2020-02-28-O1174	ParlaMint-FR_2020-02-28-O1174.u261	Proceedings of the debates in plenary sitting of the Assemblée Nationale, sitting: 174, 28/02/2020	2020-02-28	Lower house	15e législature	session ordinaire 2019-2020 (CRSANR5L15S2020O1N174)	-	174. séance	-	COVID	English	Regular	notMP	notMinister	LR	Les Républicains	Opposition	Centre-right	PA608016	Louwagie, Véronique	F	1961	
ParlaMint-FR-en_2020-02-28-O1174	ParlaMint-FR_2020-02-28-O1174.u262	Proceedings of the debates in plenary sitting of the Assemblée Nationale, sitting: 174, 28/02/2020	2020-02-28	Lower house	15e législature	session ordinaire 2019-2020 (CRSANR5L15S2020O1N174)	-	174. séance	-	COVID	English	Regular	notMP	notMinister	LT	Libertés et Territoires	-	Big tent	PA331582	Vigier, Philippe	M	1958	
ParlaMint-FR-en_2020-02-28-O1174	ParlaMint-FR_2020-02-28-O1174.u263	Proceedings of the debates in plenary sitting of the Assemblée Nationale, sitting: 174, 28/02/2020	2020-02-28	Lower house	15e législature	session ordinaire 2019-2020 (CRSANR5L15S2020O1N174)	-	174. séance	-	COVID	English	Regular	notMP	notMinister	LR	Les Républicains	Opposition	Centre-right	PA608016	Louwagie, Véronique	F	1961	
ParlaMint-FR-en_2020-02-28-O1174	ParlaMint-FR_2020-02-28-O1174.u264	Proceedings of the debates in plenary sitting of the Assemblée Nationale, sitting: 174, 28/02/2020	2020-02-28	Lower house	15e législature	session ordinaire 2019-2020 (CRSANR5L15S2020O1N174)	-	174. séance	-	COVID	English	Regular	notMP	notMinister	GDR	Gauche démocrate et républicaine	Opposition	Left	PA721270	Peu, Stéphane	M	1962	
ParlaMint-FR-en_2020-02-28-O1174	ParlaMint-FR_2020-02-28-O1174.u265	Proceedings of the debates in plenary sitting of the Assemblée Nationale, sitting: 174, 28/02/2020	2020-02-28	Lower house	15e législature	session ordinaire 2019-2020 (CRSANR5L15S2020O1N174)	-	174. séance	-	COVID	English	Regular	notMP	notMinister	LR	Les Républicains	Opposition	Centre-right	PA608016	Louwagie, Véronique	F	1961	
ParlaMint-FR-en_2020-02-28-O1174	ParlaMint-FR_2020-02-28-O1174.u266	Proceedings of the debates in plenary sitting of the Assemblée Nationale, sitting: 174, 28/02/2020	2020-02-28	Lower house	15e législature	session ordinaire 2019-2020 (CRSANR5L15S2020O1N174)	-	174. séance	-	COVID	English	Regular	MP	notMinister	MODEM	Mouvement Démocrate et apparentés	Coalition	Centre to centre-right	PA720746	Waserman, Sylvain	M	1967	
ParlaMint-FR-en_2020-02-28-O1174	ParlaMint-FR_2020-02-28-O1174.u267	Proceedings of the debates in plenary sitting of the Assemblée Nationale, sitting: 174, 28/02/2020	2020-02-28	Lower house	15e législature	session ordinaire 2019-2020 (CRSANR5L15S2020O1N174)	-	174. séance	-	COVID	English	Regular	notMP	notMinister	FI	La France insoumise	Opposition	Left to far-left	PA720286	Fiat, Caroline	F	1977	
ParlaMint-FR-en_2020-02-28-O1174	ParlaMint-FR_2020-02-28-O1174.u268	Proceedings of the debates in plenary sitting of the Assemblée Nationale, sitting: 174, 28/02/2020	2020-02-28	Lower house	15e législature	session ordinaire 2019-2020 (CRSANR5L15S2020O1N174)	-	174. séance	-	COVID	English	Regular	MP	notMinister	MODEM	Mouvement Démocrate et apparentés	Coalition	Centre to centre-right	PA720746	Waserman, Sylvain	M	1967	
ParlaMint-FR-en_2020-02-28-O1174	ParlaMint-FR_2020-02-28-O1174.u269	Proceedings of the debates in plenary sitting of the Assemblée Nationale, sitting: 174, 28/02/2020	2020-02-28	Lower house	15e législature	session ordinaire 2019-2020 (CRSANR5L15S2020O1N174)	-	174. séance	-	COVID	English	Regular	MP	notMinister	LAREM	La République en Marche	Coalition	Centre	PA720870	Mbaye, Jean François	M	1979	
ParlaMint-FR-en_2020-02-28-O1174	ParlaMint-FR_2020-02-28-O1174.u270	Proceedings of the debates in plenary sitting of the Assemblée Nationale, sitting: 174, 28/02/2020	2020-02-28	Lower house	15e législature	session ordinaire 2019-2020 (CRSANR5L15S2020O1N174)	-	174. séance	-	COVID	English	Regular	notMP	notMinister	FI	La France insoumise	Opposition	Left to far-left	PA720286	Fiat, Caroline	F	1977	
ParlaMint-FR-en_2020-02-28-O1174	ParlaMint-FR_2020-02-28-O1174.u271	Proceedings of the debates in plenary sitting of the Assemblée Nationale, sitting: 174, 28/02/2020	2020-02-28	Lower house	15e législature	session ordinaire 2019-2020 (CRSANR5L15S2020O1N174)	-	174. séance	-	COVID	English	Regular	MP	notMinister	LAREM	La République en Marche	Coalition	Centre	PA719850	Motin, Cendra	F	1975	
ParlaMint-FR-en_2020-02-28-O1174	ParlaMint-FR_2020-02-28-O1174.u272	Proceedings of the debates in plenary sitting of the Assemblée Nationale, sitting: 174, 28/02/2020	2020-02-28	Lower house	15e législature	session ordinaire 2019-2020 (CRSANR5L15S2020O1N174)	-	174. séance	-	COVID	English	Regular	MP	notMinister	LAREM	La République en Marche	Coalition	Centre	PA720870	Mbaye, Jean François	M	1979	
ParlaMint-FR-en_2020-02-28-O1174	ParlaMint-FR_2020-02-28-O1174.u273	Proceedings of the debates in plenary sitting of the Assemblée Nationale, sitting: 174, 28/02/2020	2020-02-28	Lower house	15e législature	session ordinaire 2019-2020 (CRSANR5L15S2020O1N174)	-	174. séance	-	COVID	English	Regular	notMP	notMinister	LR	Les Républicains	Opposition	Centre-right	PA608016	Louwagie, Véronique	F	1961	
ParlaMint-FR-en_2020-02-28-O1174	ParlaMint-FR_2020-02-28-O1174.u274	Proceedings of the debates in plenary sitting of the Assemblée Nationale, sitting: 174, 28/02/2020	2020-02-28	Lower house	15e législature	session ordinaire 2019-2020 (CRSANR5L15S2020O1N174)	-	174. séance	-	COVID	English	Regular	MP	notMinister	LAREM	La République en Marche	Coalition	Centre	PA720870	Mbaye, Jean François	M	1979	
ParlaMint-FR-en_2020-02-28-O1174	ParlaMint-FR_2020-02-28-O1174.u275	Proceedings of the debates in plenary sitting of the Assemblée Nationale, sitting: 174, 28/02/2020	2020-02-28	Lower house	15e législature	session ordinaire 2019-2020 (CRSANR5L15S2020O1N174)	-	174. séance	-	COVID	English	Regular	notMP	notMinister	FI	La France insoumise	Opposition	Left to far-left	PA720892	Panot, Mathilde	F	1989	
ParlaMint-FR-en_2020-02-28-O1174	ParlaMint-FR_2020-02-28-O1174.u276	Proceedings of the debates in plenary sitting of the Assemblée Nationale, sitting: 174, 28/02/2020	2020-02-28	Lower house	15e législature	session ordinaire 2019-2020 (CRSANR5L15S2020O1N174)	-	174. séance	-	COVID	English	Regular	MP	notMinister	LAREM	La République en Marche	Coalition	Centre	PA720870	Mbaye, Jean François	M	1979	
ParlaMint-FR-en_2020-02-28-O1174	ParlaMint-FR_2020-02-28-O1174.u277	Proceedings of the debates in plenary sitting of the Assemblée Nationale, sitting: 174, 28/02/2020	2020-02-28	Lower house	15e législature	session ordinaire 2019-2020 (CRSANR5L15S2020O1N174)	-	174. séance	-	COVID	English	Regular	MP	notMinister	MODEM	Mouvement Démocrate et apparentés	Coalition	Centre to centre-right	PA720746	Waserman, Sylvain	M	1967	
ParlaMint-FR-en_2020-02-28-O1174	ParlaMint-FR_2020-02-28-O1174.u278	Proceedings of the debates in plenary sitting of the Assemblée Nationale, sitting: 174, 28/02/2020	2020-02-28	Lower house	15e législature	session ordinaire 2019-2020 (CRSANR5L15S2020O1N174)	-	174. séance	-	COVID	English	Regular	MP	notMinister	LR	Les Républicains	Opposition	Centre-right	PA720630	Minot, Maxime	M	1987	
ParlaMint-FR-en_2020-02-28-O1174	ParlaMint-FR_2020-02-28-O1174.u279	Proceedings of the debates in plenary sitting of the Assemblée Nationale, sitting: 174, 28/02/2020	2020-02-28	Lower house	15e législature	session ordinaire 2019-2020 (CRSANR5L15S2020O1N174)	-	174. séance	-	COVID	English	Chairperson	MP	notMinister	MODEM	Mouvement Démocrate et apparentés	Coalition	Centre to centre-right	PA720746	Waserman, Sylvain	M	1967	
ParlaMint-FR-en_2020-02-28-O1174	ParlaMint-FR_2020-02-28-O1174.u280	Proceedings of the debates in plenary sitting of the Assemblée Nationale, sitting: 174, 28/02/2020	2020-02-28	Lower house	15e législature	session ordinaire 2019-2020 (CRSANR5L15S2020O1N174)	-	174. séance	-	COVID	English	Regular	notMP	notMinister	FI	La France insoumise	Opposition	Left to far-left	PA720286	Fiat, Caroline	F	1977	
ParlaMint-FR-en_2020-02-28-O1174	ParlaMint-FR_2020-02-28-O1174.u281	Proceedings of the debates in plenary sitting of the Assemblée Nationale, sitting: 174, 28/02/2020	2020-02-28	Lower house	15e législature	session ordinaire 2019-2020 (CRSANR5L15S2020O1N174)	-	174. séance	-	COVID	English	Regular	MP	notMinister	LAREM	La République en Marche	Coalition	Centre	PA608083	Bourguignon, Brigitte	F	1959	
ParlaMint-FR-en_2020-02-28-O1174	ParlaMint-FR_2020-02-28-O1174.u282	Proceedings of the debates in plenary sitting of the Assemblée Nationale, sitting: 174, 28/02/2020	2020-02-28	Lower house	15e législature	session ordinaire 2019-2020 (CRSANR5L15S2020O1N174)	-	174. séance	-	COVID	English	Regular	notMP	notMinister	FI	La France insoumise	Opposition	Left to far-left	PA720286	Fiat, Caroline	F	1977	
ParlaMint-FR-en_2020-02-28-O1174	ParlaMint-FR_2020-02-28-O1174.u283	Proceedings of the debates in plenary sitting of the Assemblée Nationale, sitting: 174, 28/02/2020	2020-02-28	Lower house	15e législature	session ordinaire 2019-2020 (CRSANR5L15S2020O1N174)	-	174. séance	-	COVID	English	Regular	MP	notMinister	MODEM	Mouvement Démocrate et apparentés	Coalition	Centre to centre-right	PA720746	Waserman, Sylvain	M	1967	
ParlaMint-FR-en_2020-02-28-O1174	ParlaMint-FR_2020-02-28-O1174.u284	Proceedings of the debates in plenary sitting of the Assemblée Nationale, sitting: 174, 28/02/2020	2020-02-28	Lower house	15e législature	session ordinaire 2019-2020 (CRSANR5L15S2020O1N174)	-	174. séance	-	COVID	English	Regular	MP	notMinister	SOC	Socialistes et apparentés	-	Centre-left to left	PA1198	Dumont, Laurence	F	1958	
ParlaMint-FR-en_2020-02-28-O1174	ParlaMint-FR_2020-02-28-O1174.u285	Proceedings of the debates in plenary sitting of the Assemblée Nationale, sitting: 174, 28/02/2020	2020-02-28	Lower house	15e législature	session ordinaire 2019-2020 (CRSANR5L15S2020O1N174)	-	174. séance	-	COVID	English	Regular	MP	notMinister	MODEM	Mouvement Démocrate et apparentés	Coalition	Centre to centre-right	PA721418	Mignola, Patrick	M	1971	
ParlaMint-FR-en_2020-02-28-O1174	ParlaMint-FR_2020-02-28-O1174.u286	Proceedings of the debates in plenary sitting of the Assemblée Nationale, sitting: 174, 28/02/2020	2020-02-28	Lower house	15e législature	session ordinaire 2019-2020 (CRSANR5L15S2020O1N174)	-	174. séance	-	COVID	English	Regular	MP	notMinister	LAREM	La République en Marche	Coalition	Centre	PA608083	Bourguignon, Brigitte	F	1959	
ParlaMint-FR-en_2020-02-28-O1174	ParlaMint-FR_2020-02-28-O1174.u287	Proceedings of the debates in plenary sitting of the Assemblée Nationale, sitting: 174, 28/02/2020	2020-02-28	Lower house	15e législature	session ordinaire 2019-2020 (CRSANR5L15S2020O1N174)	-	174. séance	-	COVID	English	Regular	MP	notMinister	MODEM	Mouvement Démocrate et apparentés	Coalition	Centre to centre-right	PA720746	Waserman, Sylvain	M	1967	
ParlaMint-FR-en_2020-02-28-O1174	ParlaMint-FR_2020-02-28-O1174.u288	Proceedings of the debates in plenary sitting of the Assemblée Nationale, sitting: 174, 28/02/2020	2020-02-28	Lower house	15e législature	session ordinaire 2019-2020 (CRSANR5L15S2020O1N174)	-	174. séance	-	COVID	English	Regular	notMP	notMinister	FI	La France insoumise	Opposition	Left to far-left	PA720286	Fiat, Caroline	F	1977	
ParlaMint-FR-en_2020-02-28-O1174	ParlaMint-FR_2020-02-28-O1174.u289	Proceedings of the debates in plenary sitting of the Assemblée Nationale, sitting: 174, 28/02/2020	2020-02-28	Lower house	15e législature	session ordinaire 2019-2020 (CRSANR5L15S2020O1N174)	-	174. séance	-	COVID	English	Regular	MP	notMinister	MODEM	Mouvement Démocrate et apparentés	Coalition	Centre to centre-right	PA720746	Waserman, Sylvain	M	1967	
ParlaMint-FR-en_2020-02-28-O1174	ParlaMint-FR_2020-02-28-O1174.u290	Proceedings of the debates in plenary sitting of the Assemblée Nationale, sitting: 174, 28/02/2020	2020-02-28	Lower house	15e législature	session ordinaire 2019-2020 (CRSANR5L15S2020O1N174)	-	174. séance	-	COVID	English	Chairperson	MP	notMinister	MODEM	Mouvement Démocrate et apparentés	Coalition	Centre to centre-right	PA720746	Waserman, Sylvain	M	1967	
ParlaMint-FR-en_2020-02-28-O1174	ParlaMint-FR_2020-02-28-O1174.u291	Proceedings of the debates in plenary sitting of the Assemblée Nationale, sitting: 174, 28/02/2020	2020-02-28	Lower house	15e législature	session ordinaire 2019-2020 (CRSANR5L15S2020O1N174)	-	174. séance	-	COVID	English	Regular	MP	notMinister	GDR	Gauche démocrate et républicaine	Opposition	Left	PA720546	Bruneel, Alain	M	1952	
ParlaMint-FR-en_2020-02-28-O1174	ParlaMint-FR_2020-02-28-O1174.u292	Proceedings of the debates in plenary sitting of the Assemblée Nationale, sitting: 174, 28/02/2020	2020-02-28	Lower house	15e législature	session ordinaire 2019-2020 (CRSANR5L15S2020O1N174)	-	174. séance	-	COVID	English	Regular	MP	notMinister	MODEM	Mouvement Démocrate et apparentés	Coalition	Centre to centre-right	PA720746	Waserman, Sylvain	M	1967	
ParlaMint-FR-en_2020-02-28-O1174	ParlaMint-FR_2020-02-28-O1174.u293	Proceedings of the debates in plenary sitting of the Assemblée Nationale, sitting: 174, 28/02/2020	2020-02-28	Lower house	15e législature	session ordinaire 2019-2020 (CRSANR5L15S2020O1N174)	-	174. séance	-	COVID	English	Regular	notMP	notMinister	MODEM	Mouvement Démocrate et apparentés	Coalition	Centre to centre-right	PA722162	Turquois, Nicolas	M	1972	
ParlaMint-FR-en_2020-02-28-O1174	ParlaMint-FR_2020-02-28-O1174.u294	Proceedings of the debates in plenary sitting of the Assemblée Nationale, sitting: 174, 28/02/2020	2020-02-28	Lower house	15e législature	session ordinaire 2019-2020 (CRSANR5L15S2020O1N174)	-	174. séance	-	COVID	English	Regular	MP	notMinister	MODEM	Mouvement Démocrate et apparentés	Coalition	Centre to centre-right	PA720746	Waserman, Sylvain	M	1967	
ParlaMint-FR-en_2020-02-28-O1174	ParlaMint-FR_2020-02-28-O1174.u295	Proceedings of the debates in plenary sitting of the Assemblée Nationale, sitting: 174, 28/02/2020	2020-02-28	Lower house	15e législature	session ordinaire 2019-2020 (CRSANR5L15S2020O1N174)	-	174. séance	-	COVID	English	Regular	notMP	notMinister	-	-	-	-	PA720512	Pietraszewski, Laurent	M	1966	
ParlaMint-FR-en_2020-02-28-O1174	ParlaMint-FR_2020-02-28-O1174.u296	Proceedings of the debates in plenary sitting of the Assemblée Nationale, sitting: 174, 28/02/2020	2020-02-28	Lower house	15e législature	session ordinaire 2019-2020 (CRSANR5L15S2020O1N174)	-	174. séance	-	COVID	English	Chairperson	MP	notMinister	MODEM	Mouvement Démocrate et apparentés	Coalition	Centre to centre-right	PA720746	Waserman, Sylvain	M	1967	
ParlaMint-FR-en_2020-02-28-O1174	ParlaMint-FR_2020-02-28-O1174.u297	Proceedings of the debates in plenary sitting of the Assemblée Nationale, sitting: 174, 28/02/2020	2020-02-28	Lower house	15e législature	session ordinaire 2019-2020 (CRSANR5L15S2020O1N174)	-	174. séance	-	COVID	English	Regular	notMP	notMinister	MODEM	Mouvement Démocrate et apparentés	Coalition	Centre to centre-right	PA722374	Isaac-Sibille, Cyrille	M	1958	
ParlaMint-FR-en_2020-02-28-O1174	ParlaMint-FR_2020-02-28-O1174.u298	Proceedings of the debates in plenary sitting of the Assemblée Nationale, sitting: 174, 28/02/2020	2020-02-28	Lower house	15e législature	session ordinaire 2019-2020 (CRSANR5L15S2020O1N174)	-	174. séance	-	COVID	English	Regular	MP	notMinister	MODEM	Mouvement Démocrate et apparentés	Coalition	Centre to centre-right	PA719044	Essayan, Nadia	F	1957	
ParlaMint-FR-en_2020-02-28-O1174	ParlaMint-FR_2020-02-28-O1174.u299	Proceedings of the debates in plenary sitting of the Assemblée Nationale, sitting: 174, 28/02/2020	2020-02-28	Lower house	15e législature	session ordinaire 2019-2020 (CRSANR5L15S2020O1N174)	-	174. séance	-	COVID	English	Regular	MP	notMinister	MODEM	Mouvement Démocrate et apparentés	Coalition	Centre to centre-right	PA720746	Waserman, Sylvain	M	1967	
ParlaMint-FR-en_2020-02-28-O1174	ParlaMint-FR_2020-02-28-O1174.u300	Proceedings of the debates in plenary sitting of the Assemblée Nationale, sitting: 174, 28/02/2020	2020-02-28	Lower house	15e législature	session ordinaire 2019-2020 (CRSANR5L15S2020O1N174)	-	174. séance	-	COVID	English	Regular	notMP	notMinister	FI	La France insoumise	Opposition	Left to far-left	PA720892	Panot, Mathilde	F	1989	
ParlaMint-FR-en_2020-02-28-O1174	ParlaMint-FR_2020-02-28-O1174.u301	Proceedings of the debates in plenary sitting of the Assemblée Nationale, sitting: 174, 28/02/2020	2020-02-28	Lower house	15e législature	session ordinaire 2019-2020 (CRSANR5L15S2020O1N174)	-	174. séance	-	COVID	English	Regular	notMP	notMinister	MODEM	Mouvement Démocrate et apparentés	Coalition	Centre to centre-right	PA722374	Isaac-Sibille, Cyrille	M	1958	
ParlaMint-FR-en_2020-02-28-O1174	ParlaMint-FR_2020-02-28-O1174.u302	Proceedings of the debates in plenary sitting of the Assemblée Nationale, sitting: 174, 28/02/2020	2020-02-28	Lower house	15e législature	session ordinaire 2019-2020 (CRSANR5L15S2020O1N174)	-	174. séance	-	COVID	English	Regular	notMP	notMinister	FI	La France insoumise	Opposition	Left to far-left	PA720892	Panot, Mathilde	F	1989	
ParlaMint-FR-en_2020-02-28-O1174	ParlaMint-FR_2020-02-28-O1174.u303	Proceedings of the debates in plenary sitting of the Assemblée Nationale, sitting: 174, 28/02/2020	2020-02-28	Lower house	15e législature	session ordinaire 2019-2020 (CRSANR5L15S2020O1N174)	-	174. séance	-	COVID	English	Regular	MP	notMinister	MODEM	Mouvement Démocrate et apparentés	Coalition	Centre to centre-right	PA720746	Waserman, Sylvain	M	1967	
ParlaMint-FR-en_2020-02-28-O1174	ParlaMint-FR_2020-02-28-O1174.u304	Proceedings of the debates in plenary sitting of the Assemblée Nationale, sitting: 174, 28/02/2020	2020-02-28	Lower house	15e législature	session ordinaire 2019-2020 (CRSANR5L15S2020O1N174)	-	174. séance	-	COVID	English	Regular	MP	notMinister	LR	Les Républicains	Opposition	Centre-right	PA720630	Minot, Maxime	M	1987	
ParlaMint-FR-en_2020-02-28-O1174	ParlaMint-FR_2020-02-28-O1174.u305	Proceedings of the debates in plenary sitting of the Assemblée Nationale, sitting: 174, 28/02/2020	2020-02-28	Lower house	15e législature	session ordinaire 2019-2020 (CRSANR5L15S2020O1N174)	-	174. séance	-	COVID	English	Regular	MP	notMinister	MODEM	Mouvement Démocrate et apparentés	Coalition	Centre to centre-right	PA720746	Waserman, Sylvain	M	1967	
ParlaMint-FR-en_2020-02-28-O1174	ParlaMint-FR_2020-02-28-O1174.u306	Proceedings of the debates in plenary sitting of the Assemblée Nationale, sitting: 174, 28/02/2020	2020-02-28	Lower house	15e législature	session ordinaire 2019-2020 (CRSANR5L15S2020O1N174)	-	174. séance	-	COVID	English	Chairperson	MP	notMinister	MODEM	Mouvement Démocrate et apparentés	Coalition	Centre to centre-right	PA720746	Waserman, Sylvain	M	1967	
ParlaMint-FR-en_2020-02-28-O1174	ParlaMint-FR_2020-02-28-O1174.u307	Proceedings of the debates in plenary sitting of the Assemblée Nationale, sitting: 174, 28/02/2020	2020-02-28	Lower house	15e législature	session ordinaire 2019-2020 (CRSANR5L15S2020O1N174)	-	174. séance	-	COVID	English	Regular	notMP	notMinister	GDR	Gauche démocrate et républicaine	Opposition	Left	PA721270	Peu, Stéphane	M	1962	
ParlaMint-FR-en_2020-02-28-O1174	ParlaMint-FR_2020-02-28-O1174.u308	Proceedings of the debates in plenary sitting of the Assemblée Nationale, sitting: 174, 28/02/2020	2020-02-28	Lower house	15e législature	session ordinaire 2019-2020 (CRSANR5L15S2020O1N174)	-	174. séance	-	COVID	English	Regular	notMP	notMinister	SOC	Socialistes et apparentés	-	Centre-left to left	PA607553	Potier, Dominique	M	1964	
ParlaMint-FR-en_2020-02-28-O1174	ParlaMint-FR_2020-02-28-O1174.u309	Proceedings of the debates in plenary sitting of the Assemblée Nationale, sitting: 174, 28/02/2020	2020-02-28	Lower house	15e législature	session ordinaire 2019-2020 (CRSANR5L15S2020O1N174)	-	174. séance	-	COVID	English	Regular	notMP	notMinister	GDR	Gauche démocrate et républicaine	Opposition	Left	PA721270	Peu, Stéphane	M	1962	
ParlaMint-FR-en_2020-02-28-O1174	ParlaMint-FR_2020-02-28-O1174.u310	Proceedings of the debates in plenary sitting of the Assemblée Nationale, sitting: 174, 28/02/2020	2020-02-28	Lower house	15e législature	session ordinaire 2019-2020 (CRSANR5L15S2020O1N174)	-	174. séance	-	COVID	English	Regular	MP	notMinister	MODEM	Mouvement Démocrate et apparentés	Coalition	Centre to centre-right	PA720746	Waserman, Sylvain	M	1967	
ParlaMint-FR-en_2020-02-28-O1174	ParlaMint-FR_2020-02-28-O1174.u311	Proceedings of the debates in plenary sitting of the Assemblée Nationale, sitting: 174, 28/02/2020	2020-02-28	Lower house	15e législature	session ordinaire 2019-2020 (CRSANR5L15S2020O1N174)	-	174. séance	-	COVID	English	Regular	notMP	notMinister	MODEM	Mouvement Démocrate et apparentés	Coalition	Centre to centre-right	PA722162	Turquois, Nicolas	M	1972	
ParlaMint-FR-en_2020-02-28-O1174	ParlaMint-FR_2020-02-28-O1174.u312	Proceedings of the debates in plenary sitting of the Assemblée Nationale, sitting: 174, 28/02/2020	2020-02-28	Lower house	15e législature	session ordinaire 2019-2020 (CRSANR5L15S2020O1N174)	-	174. séance	-	COVID	English	Regular	MP	notMinister	MODEM	Mouvement Démocrate et apparentés	Coalition	Centre to centre-right	PA720746	Waserman, Sylvain	M	1967	
ParlaMint-FR-en_2020-02-28-O1174	ParlaMint-FR_2020-02-28-O1174.u313	Proceedings of the debates in plenary sitting of the Assemblée Nationale, sitting: 174, 28/02/2020	2020-02-28	Lower house	15e législature	session ordinaire 2019-2020 (CRSANR5L15S2020O1N174)	-	174. séance	-	COVID	English	Regular	notMP	notMinister	-	-	-	-	PA720512	Pietraszewski, Laurent	M	1966	
ParlaMint-FR-en_2020-02-28-O1174	ParlaMint-FR_2020-02-28-O1174.u314	Proceedings of the debates in plenary sitting of the Assemblée Nationale, sitting: 174, 28/02/2020	2020-02-28	Lower house	15e législature	session ordinaire 2019-2020 (CRSANR5L15S2020O1N174)	-	174. séance	-	COVID	English	Regular	MP	notMinister	MODEM	Mouvement Démocrate et apparentés	Coalition	Centre to centre-right	PA720746	Waserman, Sylvain	M	1967	
ParlaMint-FR-en_2020-02-28-O1174	ParlaMint-FR_2020-02-28-O1174.u315	Proceedings of the debates in plenary sitting of the Assemblée Nationale, sitting: 174, 28/02/2020	2020-02-28	Lower house	15e législature	session ordinaire 2019-2020 (CRSANR5L15S2020O1N174)	-	174. séance	-	COVID	English	Regular	notMP	notMinister	MODEM	Mouvement Démocrate et apparentés	Coalition	Centre to centre-right	PA722374	Isaac-Sibille, Cyrille	M	1958	
ParlaMint-FR-en_2020-02-28-O1174	ParlaMint-FR_2020-02-28-O1174.u316	Proceedings of the debates in plenary sitting of the Assemblée Nationale, sitting: 174, 28/02/2020	2020-02-28	Lower house	15e législature	session ordinaire 2019-2020 (CRSANR5L15S2020O1N174)	-	174. séance	-	COVID	English	Regular	notMP	notMinister	MODEM	Mouvement Démocrate et apparentés	Coalition	Centre to centre-right	PA720334	Pahun, Jimmy	M	1962	
ParlaMint-FR-en_2020-02-28-O1174	ParlaMint-FR_2020-02-28-O1174.u317	Proceedings of the debates in plenary sitting of the Assemblée Nationale, sitting: 174, 28/02/2020	2020-02-28	Lower house	15e législature	session ordinaire 2019-2020 (CRSANR5L15S2020O1N174)	-	174. séance	-	COVID	English	Regular	MP	notMinister	MODEM	Mouvement Démocrate et apparentés	Coalition	Centre to centre-right	PA720746	Waserman, Sylvain	M	1967	
ParlaMint-FR-en_2020-02-28-O1174	ParlaMint-FR_2020-02-28-O1174.u318	Proceedings of the debates in plenary sitting of the Assemblée Nationale, sitting: 174, 28/02/2020	2020-02-28	Lower house	15e législature	session ordinaire 2019-2020 (CRSANR5L15S2020O1N174)	-	174. séance	-	COVID	English	Regular	notMP	notMinister	SOC	Socialistes et apparentés	-	Centre-left to left	PA607553	Potier, Dominique	M	1964	
ParlaMint-FR-en_2020-02-28-O1174	ParlaMint-FR_2020-02-28-O1174.u319	Proceedings of the debates in plenary sitting of the Assemblée Nationale, sitting: 174, 28/02/2020	2020-02-28	Lower house	15e législature	session ordinaire 2019-2020 (CRSANR5L15S2020O1N174)	-	174. séance	-	COVID	English	Regular	MP	notMinister	MODEM	Mouvement Démocrate et apparentés	Coalition	Centre to centre-right	PA720746	Waserman, Sylvain	M	1967	
ParlaMint-FR-en_2020-02-28-O1174	ParlaMint-FR_2020-02-28-O1174.u320	Proceedings of the debates in plenary sitting of the Assemblée Nationale, sitting: 174, 28/02/2020	2020-02-28	Lower house	15e législature	session ordinaire 2019-2020 (CRSANR5L15S2020O1N174)	-	174. séance	-	COVID	English	Regular	notMP	notMinister	FI	La France insoumise	Opposition	Left to far-left	PA720892	Panot, Mathilde	F	1989	
ParlaMint-FR-en_2020-02-28-O1174	ParlaMint-FR_2020-02-28-O1174.u321	Proceedings of the debates in plenary sitting of the Assemblée Nationale, sitting: 174, 28/02/2020	2020-02-28	Lower house	15e législature	session ordinaire 2019-2020 (CRSANR5L15S2020O1N174)	-	174. séance	-	COVID	English	Regular	notMP	notMinister	LR	Les Républicains	Opposition	Centre-right	PA332523	Dalloz, Marie-Christine	F	1958	
ParlaMint-FR-en_2020-02-28-O1174	ParlaMint-FR_2020-02-28-O1174.u322	Proceedings of the debates in plenary sitting of the Assemblée Nationale, sitting: 174, 28/02/2020	2020-02-28	Lower house	15e législature	session ordinaire 2019-2020 (CRSANR5L15S2020O1N174)	-	174. séance	-	COVID	English	Regular	notMP	notMinister	FI	La France insoumise	Opposition	Left to far-left	PA720892	Panot, Mathilde	F	1989	
ParlaMint-FR-en_2020-02-28-O1174	ParlaMint-FR_2020-02-28-O1174.u323	Proceedings of the debates in plenary sitting of the Assemblée Nationale, sitting: 174, 28/02/2020	2020-02-28	Lower house	15e législature	session ordinaire 2019-2020 (CRSANR5L15S2020O1N174)	-	174. séance	-	COVID	English	Chairperson	MP	notMinister	MODEM	Mouvement Démocrate et apparentés	Coalition	Centre to centre-right	PA720746	Waserman, Sylvain	M	1967	
ParlaMint-FR-en_2020-02-28-O1174	ParlaMint-FR_2020-02-28-O1174.u324	Proceedings of the debates in plenary sitting of the Assemblée Nationale, sitting: 174, 28/02/2020	2020-02-28	Lower house	15e législature	session ordinaire 2019-2020 (CRSANR5L15S2020O1N174)	-	174. séance	-	COVID	English	Chairperson	MP	notMinister	MODEM	Mouvement Démocrate et apparentés	Coalition	Centre to centre-right	PA720746	Waserman, Sylvain	M	1967	
ParlaMint-FR-en_2020-02-28-O1174	ParlaMint-FR_2020-02-28-O1174.u325	Proceedings of the debates in plenary sitting of the Assemblée Nationale, sitting: 174, 28/02/2020	2020-02-28	Lower house	15e législature	session ordinaire 2019-2020 (CRSANR5L15S2020O1N174)	-	174. séance	-	COVID	English	Chairperson	MP	notMinister	MODEM	Mouvement Démocrate et apparentés	Coalition	Centre to centre-right	PA720746	Waserman, Sylvain	M	1967	
ParlaMint-FR-en_2020-02-28-O1174	ParlaMint-FR_2020-02-28-O1174.u326	Proceedings of the debates in plenary sitting of the Assemblée Nationale, sitting: 174, 28/02/2020	2020-02-28	Lower house	15e législature	session ordinaire 2019-2020 (CRSANR5L15S2020O1N174)	-	174. séance	-	COVID	English	Chairperson	MP	notMinister	MODEM	Mouvement Démocrate et apparentés	Coalition	Centre to centre-right	PA720746	Waserman, Sylvain	M	1967	
ParlaMint-FR-en_2020-02-28-O1174	ParlaMint-FR_2020-02-28-O1174.u327	Proceedings of the debates in plenary sitting of the Assemblée Nationale, sitting: 174, 28/02/2020	2020-02-28	Lower house	15e législature	session ordinaire 2019-2020 (CRSANR5L15S2020O1N174)	-	174. séance	-	COVID	English	Chairperson	MP	notMinister	MODEM	Mouvement Démocrate et apparentés	Coalition	Centre to centre-right	PA720746	Waserman, Sylvain	M	1967	
