Text_ID	ID	Title	Date	Body	Term	Session	Meeting	Sitting	Agenda	Subcorpus	Lang	Speaker_role	Speaker_MP	Speaker_minister	Speaker_party	Speaker_party_name	Party_status	Party_orientation	Speaker_ID	Speaker_name	Speaker_gender	Speaker_birth
ParlaMint-FR-en_2020-06-09-O1230	ParlaMint-FR_2020-06-09-O1230.u1	Proceedings of the debates in plenary sitting of the Assemblée Nationale, sitting: 230, 09/06/2020	2020-06-09	Lower house	15e législature	session ordinaire 2019-2020 (CRSANR5L15S2020O1N230)	-	230. séance	-	COVID	English	Chairperson	MP	notMinister	LAREM	La République en Marche	Coalition	Centre	PA606171	Ferrand, Richard	M	1962	
ParlaMint-FR-en_2020-06-09-O1230	ParlaMint-FR_2020-06-09-O1230.u2	Proceedings of the debates in plenary sitting of the Assemblée Nationale, sitting: 230, 09/06/2020	2020-06-09	Lower house	15e législature	session ordinaire 2019-2020 (CRSANR5L15S2020O1N230)	-	230. séance	-	COVID	English	Regular	MP	notMinister	LAREM	La République en Marche	Coalition	Centre	PA606171	Ferrand, Richard	M	1962	
ParlaMint-FR-en_2020-06-09-O1230	ParlaMint-FR_2020-06-09-O1230.u3	Proceedings of the debates in plenary sitting of the Assemblée Nationale, sitting: 230, 09/06/2020	2020-06-09	Lower house	15e législature	session ordinaire 2019-2020 (CRSANR5L15S2020O1N230)	-	230. séance	-	COVID	English	Regular	MP	notMinister	MODEM	Mouvement Démocrate et apparentés	Coalition	Centre to centre-right	PA719488	Berta, Philippe	M	1960	
ParlaMint-FR-en_2020-06-09-O1230	ParlaMint-FR_2020-06-09-O1230.u4	Proceedings of the debates in plenary sitting of the Assemblée Nationale, sitting: 230, 09/06/2020	2020-06-09	Lower house	15e législature	session ordinaire 2019-2020 (CRSANR5L15S2020O1N230)	-	230. séance	-	COVID	English	Regular	MP	notMinister	LR	Les Républicains	Opposition	Centre-right	PA720386	Di Filippo, Fabien	M	1986	
ParlaMint-FR-en_2020-06-09-O1230	ParlaMint-FR_2020-06-09-O1230.u5	Proceedings of the debates in plenary sitting of the Assemblée Nationale, sitting: 230, 09/06/2020	2020-06-09	Lower house	15e législature	session ordinaire 2019-2020 (CRSANR5L15S2020O1N230)	-	230. séance	-	COVID	English	Regular	MP	notMinister	MODEM	Mouvement Démocrate et apparentés	Coalition	Centre to centre-right	PA719488	Berta, Philippe	M	1960	
ParlaMint-FR-en_2020-06-09-O1230	ParlaMint-FR_2020-06-09-O1230.u6	Proceedings of the debates in plenary sitting of the Assemblée Nationale, sitting: 230, 09/06/2020	2020-06-09	Lower house	15e législature	session ordinaire 2019-2020 (CRSANR5L15S2020O1N230)	-	230. séance	-	COVID	English	Regular	MP	notMinister	LAREM	La République en Marche	Coalition	Centre	PA606171	Ferrand, Richard	M	1962	
ParlaMint-FR-en_2020-06-09-O1230	ParlaMint-FR_2020-06-09-O1230.u7	Proceedings of the debates in plenary sitting of the Assemblée Nationale, sitting: 230, 09/06/2020	2020-06-09	Lower house	15e législature	session ordinaire 2019-2020 (CRSANR5L15S2020O1N230)	-	230. séance	-	COVID	English	Guest	notMP	notMinister	-	-	-	-	PA759832	Pannier-Runacher, Agnès	F	1974	
ParlaMint-FR-en_2020-06-09-O1230	ParlaMint-FR_2020-06-09-O1230.u8	Proceedings of the debates in plenary sitting of the Assemblée Nationale, sitting: 230, 09/06/2020	2020-06-09	Lower house	15e législature	session ordinaire 2019-2020 (CRSANR5L15S2020O1N230)	-	230. séance	-	COVID	English	Regular	notMP	notMinister	GDR	Gauche démocrate et républicaine	Opposition	Left	PA267306	Chassaigne, André	M	1950	
ParlaMint-FR-en_2020-06-09-O1230	ParlaMint-FR_2020-06-09-O1230.u9	Proceedings of the debates in plenary sitting of the Assemblée Nationale, sitting: 230, 09/06/2020	2020-06-09	Lower house	15e législature	session ordinaire 2019-2020 (CRSANR5L15S2020O1N230)	-	230. séance	-	COVID	English	Regular	MP	notMinister	LAREM	La République en Marche	Coalition	Centre	PA606171	Ferrand, Richard	M	1962	
ParlaMint-FR-en_2020-06-09-O1230	ParlaMint-FR_2020-06-09-O1230.u10	Proceedings of the debates in plenary sitting of the Assemblée Nationale, sitting: 230, 09/06/2020	2020-06-09	Lower house	15e législature	session ordinaire 2019-2020 (CRSANR5L15S2020O1N230)	-	230. séance	-	COVID	English	Regular	notMP	notMinister	LR	Les Républicains	Opposition	Centre-right	PA608826	Duby-Muller, Virginie	F	1979	
ParlaMint-FR-en_2020-06-09-O1230	ParlaMint-FR_2020-06-09-O1230.u11	Proceedings of the debates in plenary sitting of the Assemblée Nationale, sitting: 230, 09/06/2020	2020-06-09	Lower house	15e législature	session ordinaire 2019-2020 (CRSANR5L15S2020O1N230)	-	230. séance	-	COVID	English	Regular	MP	notMinister	LR	Les Républicains	Opposition	Centre-right	PA720386	Di Filippo, Fabien	M	1986	
ParlaMint-FR-en_2020-06-09-O1230	ParlaMint-FR_2020-06-09-O1230.u12	Proceedings of the debates in plenary sitting of the Assemblée Nationale, sitting: 230, 09/06/2020	2020-06-09	Lower house	15e législature	session ordinaire 2019-2020 (CRSANR5L15S2020O1N230)	-	230. séance	-	COVID	English	Regular	notMP	notMinister	LR	Les Républicains	Opposition	Centre-right	PA608826	Duby-Muller, Virginie	F	1979	
ParlaMint-FR-en_2020-06-09-O1230	ParlaMint-FR_2020-06-09-O1230.u13	Proceedings of the debates in plenary sitting of the Assemblée Nationale, sitting: 230, 09/06/2020	2020-06-09	Lower house	15e législature	session ordinaire 2019-2020 (CRSANR5L15S2020O1N230)	-	230. séance	-	COVID	English	Regular	notMP	notMinister	-	-	-	-	PA718850	Cordier, Pierre	M	1972	
ParlaMint-FR-en_2020-06-09-O1230	ParlaMint-FR_2020-06-09-O1230.u14	Proceedings of the debates in plenary sitting of the Assemblée Nationale, sitting: 230, 09/06/2020	2020-06-09	Lower house	15e législature	session ordinaire 2019-2020 (CRSANR5L15S2020O1N230)	-	230. séance	-	COVID	English	Regular	notMP	notMinister	LR	Les Républicains	Opposition	Centre-right	PA608826	Duby-Muller, Virginie	F	1979	
ParlaMint-FR-en_2020-06-09-O1230	ParlaMint-FR_2020-06-09-O1230.u15	Proceedings of the debates in plenary sitting of the Assemblée Nationale, sitting: 230, 09/06/2020	2020-06-09	Lower house	15e législature	session ordinaire 2019-2020 (CRSANR5L15S2020O1N230)	-	230. séance	-	COVID	English	Regular	MP	notMinister	SOC	Socialistes et apparentés	-	Centre-left to left	PA608741	Tolmont, Sylvie	F	1962	
ParlaMint-FR-en_2020-06-09-O1230	ParlaMint-FR_2020-06-09-O1230.u16	Proceedings of the debates in plenary sitting of the Assemblée Nationale, sitting: 230, 09/06/2020	2020-06-09	Lower house	15e législature	session ordinaire 2019-2020 (CRSANR5L15S2020O1N230)	-	230. séance	-	COVID	English	Regular	notMP	notMinister	LR	Les Républicains	Opposition	Centre-right	PA608826	Duby-Muller, Virginie	F	1979	
ParlaMint-FR-en_2020-06-09-O1230	ParlaMint-FR_2020-06-09-O1230.u17	Proceedings of the debates in plenary sitting of the Assemblée Nationale, sitting: 230, 09/06/2020	2020-06-09	Lower house	15e législature	session ordinaire 2019-2020 (CRSANR5L15S2020O1N230)	-	230. séance	-	COVID	English	Regular	MP	notMinister	UDI_I	UDI et Indépendants	-	Right	PA695100	Habib, Meyer	M	1961	
ParlaMint-FR-en_2020-06-09-O1230	ParlaMint-FR_2020-06-09-O1230.u18	Proceedings of the debates in plenary sitting of the Assemblée Nationale, sitting: 230, 09/06/2020	2020-06-09	Lower house	15e législature	session ordinaire 2019-2020 (CRSANR5L15S2020O1N230)	-	230. séance	-	COVID	English	Regular	notMP	notMinister	LR	Les Républicains	Opposition	Centre-right	PA608826	Duby-Muller, Virginie	F	1979	
ParlaMint-FR-en_2020-06-09-O1230	ParlaMint-FR_2020-06-09-O1230.u19	Proceedings of the debates in plenary sitting of the Assemblée Nationale, sitting: 230, 09/06/2020	2020-06-09	Lower house	15e législature	session ordinaire 2019-2020 (CRSANR5L15S2020O1N230)	-	230. séance	-	COVID	English	Regular	notMP	notMinister	-	-	-	-	PA718850	Cordier, Pierre	M	1972	
ParlaMint-FR-en_2020-06-09-O1230	ParlaMint-FR_2020-06-09-O1230.u20	Proceedings of the debates in plenary sitting of the Assemblée Nationale, sitting: 230, 09/06/2020	2020-06-09	Lower house	15e législature	session ordinaire 2019-2020 (CRSANR5L15S2020O1N230)	-	230. séance	-	COVID	English	Regular	notMP	notMinister	LR	Les Républicains	Opposition	Centre-right	PA608826	Duby-Muller, Virginie	F	1979	
ParlaMint-FR-en_2020-06-09-O1230	ParlaMint-FR_2020-06-09-O1230.u21	Proceedings of the debates in plenary sitting of the Assemblée Nationale, sitting: 230, 09/06/2020	2020-06-09	Lower house	15e législature	session ordinaire 2019-2020 (CRSANR5L15S2020O1N230)	-	230. séance	-	COVID	English	Regular	MP	notMinister	LAREM	La République en Marche	Coalition	Centre	PA606171	Ferrand, Richard	M	1962	
ParlaMint-FR-en_2020-06-09-O1230	ParlaMint-FR_2020-06-09-O1230.u22	Proceedings of the debates in plenary sitting of the Assemblée Nationale, sitting: 230, 09/06/2020	2020-06-09	Lower house	15e législature	session ordinaire 2019-2020 (CRSANR5L15S2020O1N230)	-	230. séance	-	COVID	English	Guest	-	-	-	-	-	-	-	-	-	-
ParlaMint-FR-en_2020-06-09-O1230	ParlaMint-FR_2020-06-09-O1230.u23	Proceedings of the debates in plenary sitting of the Assemblée Nationale, sitting: 230, 09/06/2020	2020-06-09	Lower house	15e législature	session ordinaire 2019-2020 (CRSANR5L15S2020O1N230)	-	230. séance	-	COVID	English	Regular	MP	notMinister	LR	Les Républicains	Opposition	Centre-right	PA720386	Di Filippo, Fabien	M	1986	
ParlaMint-FR-en_2020-06-09-O1230	ParlaMint-FR_2020-06-09-O1230.u24	Proceedings of the debates in plenary sitting of the Assemblée Nationale, sitting: 230, 09/06/2020	2020-06-09	Lower house	15e législature	session ordinaire 2019-2020 (CRSANR5L15S2020O1N230)	-	230. séance	-	COVID	English	Regular	MP	notMinister	LAREM	La République en Marche	Coalition	Centre	PA606171	Ferrand, Richard	M	1962	
ParlaMint-FR-en_2020-06-09-O1230	ParlaMint-FR_2020-06-09-O1230.u25	Proceedings of the debates in plenary sitting of the Assemblée Nationale, sitting: 230, 09/06/2020	2020-06-09	Lower house	15e législature	session ordinaire 2019-2020 (CRSANR5L15S2020O1N230)	-	230. séance	-	COVID	English	Regular	notMP	notMinister	-	-	-	-	PA345619	Philippe, Édouard	M	1970	
ParlaMint-FR-en_2020-06-09-O1230	ParlaMint-FR_2020-06-09-O1230.u26	Proceedings of the debates in plenary sitting of the Assemblée Nationale, sitting: 230, 09/06/2020	2020-06-09	Lower house	15e législature	session ordinaire 2019-2020 (CRSANR5L15S2020O1N230)	-	230. séance	-	COVID	English	Regular	MP	notMinister	LR	Les Républicains	Opposition	Centre-right	PA1695	Jacob, Christian	M	1959	
ParlaMint-FR-en_2020-06-09-O1230	ParlaMint-FR_2020-06-09-O1230.u27	Proceedings of the debates in plenary sitting of the Assemblée Nationale, sitting: 230, 09/06/2020	2020-06-09	Lower house	15e législature	session ordinaire 2019-2020 (CRSANR5L15S2020O1N230)	-	230. séance	-	COVID	English	Regular	notMP	notMinister	-	-	-	-	PA345619	Philippe, Édouard	M	1970	
ParlaMint-FR-en_2020-06-09-O1230	ParlaMint-FR_2020-06-09-O1230.u28	Proceedings of the debates in plenary sitting of the Assemblée Nationale, sitting: 230, 09/06/2020	2020-06-09	Lower house	15e législature	session ordinaire 2019-2020 (CRSANR5L15S2020O1N230)	-	230. séance	-	COVID	English	Regular	MP	notMinister	LR	Les Républicains	Opposition	Centre-right	PA1695	Jacob, Christian	M	1959	
ParlaMint-FR-en_2020-06-09-O1230	ParlaMint-FR_2020-06-09-O1230.u29	Proceedings of the debates in plenary sitting of the Assemblée Nationale, sitting: 230, 09/06/2020	2020-06-09	Lower house	15e législature	session ordinaire 2019-2020 (CRSANR5L15S2020O1N230)	-	230. séance	-	COVID	English	Regular	MP	notMinister	LR	Les Républicains	Opposition	Centre-right	PA720386	Di Filippo, Fabien	M	1986	
ParlaMint-FR-en_2020-06-09-O1230	ParlaMint-FR_2020-06-09-O1230.u30	Proceedings of the debates in plenary sitting of the Assemblée Nationale, sitting: 230, 09/06/2020	2020-06-09	Lower house	15e législature	session ordinaire 2019-2020 (CRSANR5L15S2020O1N230)	-	230. séance	-	COVID	English	Regular	MP	notMinister	LAREM	La République en Marche	Coalition	Centre	PA606171	Ferrand, Richard	M	1962	
ParlaMint-FR-en_2020-06-09-O1230	ParlaMint-FR_2020-06-09-O1230.u31	Proceedings of the debates in plenary sitting of the Assemblée Nationale, sitting: 230, 09/06/2020	2020-06-09	Lower house	15e législature	session ordinaire 2019-2020 (CRSANR5L15S2020O1N230)	-	230. séance	-	COVID	English	Regular	notMP	notMinister	-	-	-	-	PA345619	Philippe, Édouard	M	1970	
ParlaMint-FR-en_2020-06-09-O1230	ParlaMint-FR_2020-06-09-O1230.u32	Proceedings of the debates in plenary sitting of the Assemblée Nationale, sitting: 230, 09/06/2020	2020-06-09	Lower house	15e législature	session ordinaire 2019-2020 (CRSANR5L15S2020O1N230)	-	230. séance	-	COVID	English	Regular	MP	notMinister	LR	Les Républicains	Opposition	Centre-right	PA1695	Jacob, Christian	M	1959	
ParlaMint-FR-en_2020-06-09-O1230	ParlaMint-FR_2020-06-09-O1230.u33	Proceedings of the debates in plenary sitting of the Assemblée Nationale, sitting: 230, 09/06/2020	2020-06-09	Lower house	15e législature	session ordinaire 2019-2020 (CRSANR5L15S2020O1N230)	-	230. séance	-	COVID	English	Regular	notMP	notMinister	-	-	-	-	PA345619	Philippe, Édouard	M	1970	
ParlaMint-FR-en_2020-06-09-O1230	ParlaMint-FR_2020-06-09-O1230.u34	Proceedings of the debates in plenary sitting of the Assemblée Nationale, sitting: 230, 09/06/2020	2020-06-09	Lower house	15e législature	session ordinaire 2019-2020 (CRSANR5L15S2020O1N230)	-	230. séance	-	COVID	English	Regular	MP	notMinister	LR	Les Républicains	Opposition	Centre-right	PA1695	Jacob, Christian	M	1959	
ParlaMint-FR-en_2020-06-09-O1230	ParlaMint-FR_2020-06-09-O1230.u35	Proceedings of the debates in plenary sitting of the Assemblée Nationale, sitting: 230, 09/06/2020	2020-06-09	Lower house	15e législature	session ordinaire 2019-2020 (CRSANR5L15S2020O1N230)	-	230. séance	-	COVID	English	Regular	MP	notMinister	LR	Les Républicains	Opposition	Centre-right	PA720386	Di Filippo, Fabien	M	1986	
ParlaMint-FR-en_2020-06-09-O1230	ParlaMint-FR_2020-06-09-O1230.u36	Proceedings of the debates in plenary sitting of the Assemblée Nationale, sitting: 230, 09/06/2020	2020-06-09	Lower house	15e législature	session ordinaire 2019-2020 (CRSANR5L15S2020O1N230)	-	230. séance	-	COVID	English	Regular	notMP	notMinister	-	-	-	-	PA345619	Philippe, Édouard	M	1970	
ParlaMint-FR-en_2020-06-09-O1230	ParlaMint-FR_2020-06-09-O1230.u37	Proceedings of the debates in plenary sitting of the Assemblée Nationale, sitting: 230, 09/06/2020	2020-06-09	Lower house	15e législature	session ordinaire 2019-2020 (CRSANR5L15S2020O1N230)	-	230. séance	-	COVID	English	Regular	notMP	notMinister	LR	Les Républicains	Opposition	Centre-right	PA605991	Genevard, Annie	F	1956	
ParlaMint-FR-en_2020-06-09-O1230	ParlaMint-FR_2020-06-09-O1230.u38	Proceedings of the debates in plenary sitting of the Assemblée Nationale, sitting: 230, 09/06/2020	2020-06-09	Lower house	15e législature	session ordinaire 2019-2020 (CRSANR5L15S2020O1N230)	-	230. séance	-	COVID	English	Regular	MP	notMinister	LR	Les Républicains	Opposition	Centre-right	PA1874	Le Fur, Marc	M	1956	
ParlaMint-FR-en_2020-06-09-O1230	ParlaMint-FR_2020-06-09-O1230.u39	Proceedings of the debates in plenary sitting of the Assemblée Nationale, sitting: 230, 09/06/2020	2020-06-09	Lower house	15e législature	session ordinaire 2019-2020 (CRSANR5L15S2020O1N230)	-	230. séance	-	COVID	English	Regular	notMP	notMinister	-	-	-	-	PA345619	Philippe, Édouard	M	1970	
ParlaMint-FR-en_2020-06-09-O1230	ParlaMint-FR_2020-06-09-O1230.u40	Proceedings of the debates in plenary sitting of the Assemblée Nationale, sitting: 230, 09/06/2020	2020-06-09	Lower house	15e législature	session ordinaire 2019-2020 (CRSANR5L15S2020O1N230)	-	230. séance	-	COVID	English	Regular	MP	notMinister	LR	Les Républicains	Opposition	Centre-right	PA609726	Aubert, Julien	M	1978	
ParlaMint-FR-en_2020-06-09-O1230	ParlaMint-FR_2020-06-09-O1230.u41	Proceedings of the debates in plenary sitting of the Assemblée Nationale, sitting: 230, 09/06/2020	2020-06-09	Lower house	15e législature	session ordinaire 2019-2020 (CRSANR5L15S2020O1N230)	-	230. séance	-	COVID	English	Regular	notMP	notMinister	LR	Les Républicains	Opposition	Centre-right	PA330240	Ciotti, Éric	M	1965	
ParlaMint-FR-en_2020-06-09-O1230	ParlaMint-FR_2020-06-09-O1230.u42	Proceedings of the debates in plenary sitting of the Assemblée Nationale, sitting: 230, 09/06/2020	2020-06-09	Lower house	15e législature	session ordinaire 2019-2020 (CRSANR5L15S2020O1N230)	-	230. séance	-	COVID	English	Regular	notMP	notMinister	-	-	-	-	PA345619	Philippe, Édouard	M	1970	
ParlaMint-FR-en_2020-06-09-O1230	ParlaMint-FR_2020-06-09-O1230.u43	Proceedings of the debates in plenary sitting of the Assemblée Nationale, sitting: 230, 09/06/2020	2020-06-09	Lower house	15e législature	session ordinaire 2019-2020 (CRSANR5L15S2020O1N230)	-	230. séance	-	COVID	English	Regular	MP	notMinister	LR	Les Républicains	Opposition	Centre-right	PA720386	Di Filippo, Fabien	M	1986	
ParlaMint-FR-en_2020-06-09-O1230	ParlaMint-FR_2020-06-09-O1230.u44	Proceedings of the debates in plenary sitting of the Assemblée Nationale, sitting: 230, 09/06/2020	2020-06-09	Lower house	15e législature	session ordinaire 2019-2020 (CRSANR5L15S2020O1N230)	-	230. séance	-	COVID	English	Regular	MP	notMinister	LAREM	La République en Marche	Coalition	Centre	PA606171	Ferrand, Richard	M	1962	
ParlaMint-FR-en_2020-06-09-O1230	ParlaMint-FR_2020-06-09-O1230.u45	Proceedings of the debates in plenary sitting of the Assemblée Nationale, sitting: 230, 09/06/2020	2020-06-09	Lower house	15e législature	session ordinaire 2019-2020 (CRSANR5L15S2020O1N230)	-	230. séance	-	COVID	English	Regular	MP	notMinister	SOC	Socialistes et apparentés	-	Centre-left to left	PA429893	Carvounas, Luc	M	1971	
ParlaMint-FR-en_2020-06-09-O1230	ParlaMint-FR_2020-06-09-O1230.u46	Proceedings of the debates in plenary sitting of the Assemblée Nationale, sitting: 230, 09/06/2020	2020-06-09	Lower house	15e législature	session ordinaire 2019-2020 (CRSANR5L15S2020O1N230)	-	230. séance	-	COVID	English	Regular	MP	notMinister	LR	Les Républicains	Opposition	Centre-right	PA1874	Le Fur, Marc	M	1956	
ParlaMint-FR-en_2020-06-09-O1230	ParlaMint-FR_2020-06-09-O1230.u47	Proceedings of the debates in plenary sitting of the Assemblée Nationale, sitting: 230, 09/06/2020	2020-06-09	Lower house	15e législature	session ordinaire 2019-2020 (CRSANR5L15S2020O1N230)	-	230. séance	-	COVID	English	Regular	MP	notMinister	SOC	Socialistes et apparentés	-	Centre-left to left	PA429893	Carvounas, Luc	M	1971	
ParlaMint-FR-en_2020-06-09-O1230	ParlaMint-FR_2020-06-09-O1230.u48	Proceedings of the debates in plenary sitting of the Assemblée Nationale, sitting: 230, 09/06/2020	2020-06-09	Lower house	15e législature	session ordinaire 2019-2020 (CRSANR5L15S2020O1N230)	-	230. séance	-	COVID	English	Regular	MP	notMinister	LR	Les Républicains	Opposition	Centre-right	PA720386	Di Filippo, Fabien	M	1986	
ParlaMint-FR-en_2020-06-09-O1230	ParlaMint-FR_2020-06-09-O1230.u49	Proceedings of the debates in plenary sitting of the Assemblée Nationale, sitting: 230, 09/06/2020	2020-06-09	Lower house	15e législature	session ordinaire 2019-2020 (CRSANR5L15S2020O1N230)	-	230. séance	-	COVID	English	Regular	MP	notMinister	SOC	Socialistes et apparentés	-	Centre-left to left	PA429893	Carvounas, Luc	M	1971	
ParlaMint-FR-en_2020-06-09-O1230	ParlaMint-FR_2020-06-09-O1230.u50	Proceedings of the debates in plenary sitting of the Assemblée Nationale, sitting: 230, 09/06/2020	2020-06-09	Lower house	15e législature	session ordinaire 2019-2020 (CRSANR5L15S2020O1N230)	-	230. séance	-	COVID	English	Regular	MP	notMinister	LR	Les Républicains	Opposition	Centre-right	PA605036	Abad, Damien	M	1980	
ParlaMint-FR-en_2020-06-09-O1230	ParlaMint-FR_2020-06-09-O1230.u51	Proceedings of the debates in plenary sitting of the Assemblée Nationale, sitting: 230, 09/06/2020	2020-06-09	Lower house	15e législature	session ordinaire 2019-2020 (CRSANR5L15S2020O1N230)	-	230. séance	-	COVID	English	Regular	MP	notMinister	LR	Les Républicains	Opposition	Centre-right	PA340853	Leclerc, Sébastien	M	1970	
ParlaMint-FR-en_2020-06-09-O1230	ParlaMint-FR_2020-06-09-O1230.u52	Proceedings of the debates in plenary sitting of the Assemblée Nationale, sitting: 230, 09/06/2020	2020-06-09	Lower house	15e législature	session ordinaire 2019-2020 (CRSANR5L15S2020O1N230)	-	230. séance	-	COVID	English	Regular	MP	notMinister	SOC	Socialistes et apparentés	-	Centre-left to left	PA429893	Carvounas, Luc	M	1971	
ParlaMint-FR-en_2020-06-09-O1230	ParlaMint-FR_2020-06-09-O1230.u53	Proceedings of the debates in plenary sitting of the Assemblée Nationale, sitting: 230, 09/06/2020	2020-06-09	Lower house	15e législature	session ordinaire 2019-2020 (CRSANR5L15S2020O1N230)	-	230. séance	-	COVID	English	Regular	MP	notMinister	LAREM	La République en Marche	Coalition	Centre	PA606171	Ferrand, Richard	M	1962	
ParlaMint-FR-en_2020-06-09-O1230	ParlaMint-FR_2020-06-09-O1230.u54	Proceedings of the debates in plenary sitting of the Assemblée Nationale, sitting: 230, 09/06/2020	2020-06-09	Lower house	15e législature	session ordinaire 2019-2020 (CRSANR5L15S2020O1N230)	-	230. séance	-	COVID	English	Guest	notMP	notMinister	-	-	-	-	PA759832	Pannier-Runacher, Agnès	F	1974	
ParlaMint-FR-en_2020-06-09-O1230	ParlaMint-FR_2020-06-09-O1230.u55	Proceedings of the debates in plenary sitting of the Assemblée Nationale, sitting: 230, 09/06/2020	2020-06-09	Lower house	15e législature	session ordinaire 2019-2020 (CRSANR5L15S2020O1N230)	-	230. séance	-	COVID	English	Regular	MP	notMinister	LR	Les Républicains	Opposition	Centre-right	PA720630	Minot, Maxime	M	1987	
ParlaMint-FR-en_2020-06-09-O1230	ParlaMint-FR_2020-06-09-O1230.u56	Proceedings of the debates in plenary sitting of the Assemblée Nationale, sitting: 230, 09/06/2020	2020-06-09	Lower house	15e législature	session ordinaire 2019-2020 (CRSANR5L15S2020O1N230)	-	230. séance	-	COVID	English	Guest	notMP	notMinister	-	-	-	-	PA759832	Pannier-Runacher, Agnès	F	1974	
ParlaMint-FR-en_2020-06-09-O1230	ParlaMint-FR_2020-06-09-O1230.u57	Proceedings of the debates in plenary sitting of the Assemblée Nationale, sitting: 230, 09/06/2020	2020-06-09	Lower house	15e législature	session ordinaire 2019-2020 (CRSANR5L15S2020O1N230)	-	230. séance	-	COVID	English	Regular	notMP	notMinister	-	-	-	-	PA718850	Cordier, Pierre	M	1972	
ParlaMint-FR-en_2020-06-09-O1230	ParlaMint-FR_2020-06-09-O1230.u58	Proceedings of the debates in plenary sitting of the Assemblée Nationale, sitting: 230, 09/06/2020	2020-06-09	Lower house	15e législature	session ordinaire 2019-2020 (CRSANR5L15S2020O1N230)	-	230. séance	-	COVID	English	Guest	notMP	notMinister	-	-	-	-	PA759832	Pannier-Runacher, Agnès	F	1974	
ParlaMint-FR-en_2020-06-09-O1230	ParlaMint-FR_2020-06-09-O1230.u59	Proceedings of the debates in plenary sitting of the Assemblée Nationale, sitting: 230, 09/06/2020	2020-06-09	Lower house	15e législature	session ordinaire 2019-2020 (CRSANR5L15S2020O1N230)	-	230. séance	-	COVID	English	Regular	notMP	notMinister	-	-	-	-	PA718850	Cordier, Pierre	M	1972	
ParlaMint-FR-en_2020-06-09-O1230	ParlaMint-FR_2020-06-09-O1230.u60	Proceedings of the debates in plenary sitting of the Assemblée Nationale, sitting: 230, 09/06/2020	2020-06-09	Lower house	15e législature	session ordinaire 2019-2020 (CRSANR5L15S2020O1N230)	-	230. séance	-	COVID	English	Regular	MP	notMinister	LR	Les Républicains	Opposition	Centre-right	PA720386	Di Filippo, Fabien	M	1986	
ParlaMint-FR-en_2020-06-09-O1230	ParlaMint-FR_2020-06-09-O1230.u61	Proceedings of the debates in plenary sitting of the Assemblée Nationale, sitting: 230, 09/06/2020	2020-06-09	Lower house	15e législature	session ordinaire 2019-2020 (CRSANR5L15S2020O1N230)	-	230. séance	-	COVID	English	Guest	notMP	notMinister	-	-	-	-	PA759832	Pannier-Runacher, Agnès	F	1974	
ParlaMint-FR-en_2020-06-09-O1230	ParlaMint-FR_2020-06-09-O1230.u62	Proceedings of the debates in plenary sitting of the Assemblée Nationale, sitting: 230, 09/06/2020	2020-06-09	Lower house	15e législature	session ordinaire 2019-2020 (CRSANR5L15S2020O1N230)	-	230. séance	-	COVID	English	Regular	notMP	notMinister	-	-	-	-	PA718850	Cordier, Pierre	M	1972	
ParlaMint-FR-en_2020-06-09-O1230	ParlaMint-FR_2020-06-09-O1230.u63	Proceedings of the debates in plenary sitting of the Assemblée Nationale, sitting: 230, 09/06/2020	2020-06-09	Lower house	15e législature	session ordinaire 2019-2020 (CRSANR5L15S2020O1N230)	-	230. séance	-	COVID	English	Guest	notMP	notMinister	-	-	-	-	PA759832	Pannier-Runacher, Agnès	F	1974	
ParlaMint-FR-en_2020-06-09-O1230	ParlaMint-FR_2020-06-09-O1230.u64	Proceedings of the debates in plenary sitting of the Assemblée Nationale, sitting: 230, 09/06/2020	2020-06-09	Lower house	15e législature	session ordinaire 2019-2020 (CRSANR5L15S2020O1N230)	-	230. séance	-	COVID	English	Regular	MP	notMinister	LAREM	La République en Marche	Coalition	Centre	PA606171	Ferrand, Richard	M	1962	
ParlaMint-FR-en_2020-06-09-O1230	ParlaMint-FR_2020-06-09-O1230.u65	Proceedings of the debates in plenary sitting of the Assemblée Nationale, sitting: 230, 09/06/2020	2020-06-09	Lower house	15e législature	session ordinaire 2019-2020 (CRSANR5L15S2020O1N230)	-	230. séance	-	COVID	English	Regular	MP	notMinister	LR	Les Républicains	Opposition	Centre-right	PA266774	Furst, Laurent	M	1965	
ParlaMint-FR-en_2020-06-09-O1230	ParlaMint-FR_2020-06-09-O1230.u66	Proceedings of the debates in plenary sitting of the Assemblée Nationale, sitting: 230, 09/06/2020	2020-06-09	Lower house	15e législature	session ordinaire 2019-2020 (CRSANR5L15S2020O1N230)	-	230. séance	-	COVID	English	Regular	MP	notMinister	LAREM	La République en Marche	Coalition	Centre	PA606171	Ferrand, Richard	M	1962	
ParlaMint-FR-en_2020-06-09-O1230	ParlaMint-FR_2020-06-09-O1230.u67	Proceedings of the debates in plenary sitting of the Assemblée Nationale, sitting: 230, 09/06/2020	2020-06-09	Lower house	15e législature	session ordinaire 2019-2020 (CRSANR5L15S2020O1N230)	-	230. séance	-	COVID	English	Regular	notMP	notMinister	-	-	-	-	PA718850	Cordier, Pierre	M	1972	
ParlaMint-FR-en_2020-06-09-O1230	ParlaMint-FR_2020-06-09-O1230.u68	Proceedings of the debates in plenary sitting of the Assemblée Nationale, sitting: 230, 09/06/2020	2020-06-09	Lower house	15e législature	session ordinaire 2019-2020 (CRSANR5L15S2020O1N230)	-	230. séance	-	COVID	English	Regular	MP	notMinister	LR	Les Républicains	Opposition	Centre-right	PA266774	Furst, Laurent	M	1965	
ParlaMint-FR-en_2020-06-09-O1230	ParlaMint-FR_2020-06-09-O1230.u69	Proceedings of the debates in plenary sitting of the Assemblée Nationale, sitting: 230, 09/06/2020	2020-06-09	Lower house	15e législature	session ordinaire 2019-2020 (CRSANR5L15S2020O1N230)	-	230. séance	-	COVID	English	Guest	notMP	notMinister	-	-	-	-	PA759832	Pannier-Runacher, Agnès	F	1974	
ParlaMint-FR-en_2020-06-09-O1230	ParlaMint-FR_2020-06-09-O1230.u70	Proceedings of the debates in plenary sitting of the Assemblée Nationale, sitting: 230, 09/06/2020	2020-06-09	Lower house	15e législature	session ordinaire 2019-2020 (CRSANR5L15S2020O1N230)	-	230. séance	-	COVID	English	Regular	notMP	notMinister	-	-	-	-	PA718850	Cordier, Pierre	M	1972	
ParlaMint-FR-en_2020-06-09-O1230	ParlaMint-FR_2020-06-09-O1230.u71	Proceedings of the debates in plenary sitting of the Assemblée Nationale, sitting: 230, 09/06/2020	2020-06-09	Lower house	15e législature	session ordinaire 2019-2020 (CRSANR5L15S2020O1N230)	-	230. séance	-	COVID	English	Guest	notMP	notMinister	-	-	-	-	PA759832	Pannier-Runacher, Agnès	F	1974	
ParlaMint-FR-en_2020-06-09-O1230	ParlaMint-FR_2020-06-09-O1230.u72	Proceedings of the debates in plenary sitting of the Assemblée Nationale, sitting: 230, 09/06/2020	2020-06-09	Lower house	15e législature	session ordinaire 2019-2020 (CRSANR5L15S2020O1N230)	-	230. séance	-	COVID	English	Regular	notMP	notMinister	-	-	-	-	PA718850	Cordier, Pierre	M	1972	
ParlaMint-FR-en_2020-06-09-O1230	ParlaMint-FR_2020-06-09-O1230.u73	Proceedings of the debates in plenary sitting of the Assemblée Nationale, sitting: 230, 09/06/2020	2020-06-09	Lower house	15e législature	session ordinaire 2019-2020 (CRSANR5L15S2020O1N230)	-	230. séance	-	COVID	English	Regular	MP	notMinister	LR	Les Républicains	Opposition	Centre-right	PA1874	Le Fur, Marc	M	1956	
ParlaMint-FR-en_2020-06-09-O1230	ParlaMint-FR_2020-06-09-O1230.u74	Proceedings of the debates in plenary sitting of the Assemblée Nationale, sitting: 230, 09/06/2020	2020-06-09	Lower house	15e législature	session ordinaire 2019-2020 (CRSANR5L15S2020O1N230)	-	230. séance	-	COVID	English	Guest	notMP	notMinister	-	-	-	-	PA759832	Pannier-Runacher, Agnès	F	1974	
ParlaMint-FR-en_2020-06-09-O1230	ParlaMint-FR_2020-06-09-O1230.u75	Proceedings of the debates in plenary sitting of the Assemblée Nationale, sitting: 230, 09/06/2020	2020-06-09	Lower house	15e législature	session ordinaire 2019-2020 (CRSANR5L15S2020O1N230)	-	230. séance	-	COVID	English	Regular	MP	notMinister	LR	Les Républicains	Opposition	Centre-right	PA720386	Di Filippo, Fabien	M	1986	
ParlaMint-FR-en_2020-06-09-O1230	ParlaMint-FR_2020-06-09-O1230.u76	Proceedings of the debates in plenary sitting of the Assemblée Nationale, sitting: 230, 09/06/2020	2020-06-09	Lower house	15e législature	session ordinaire 2019-2020 (CRSANR5L15S2020O1N230)	-	230. séance	-	COVID	English	Regular	notMP	notMinister	-	-	-	-	PA718850	Cordier, Pierre	M	1972	
ParlaMint-FR-en_2020-06-09-O1230	ParlaMint-FR_2020-06-09-O1230.u77	Proceedings of the debates in plenary sitting of the Assemblée Nationale, sitting: 230, 09/06/2020	2020-06-09	Lower house	15e législature	session ordinaire 2019-2020 (CRSANR5L15S2020O1N230)	-	230. séance	-	COVID	English	Guest	notMP	notMinister	-	-	-	-	PA759832	Pannier-Runacher, Agnès	F	1974	
ParlaMint-FR-en_2020-06-09-O1230	ParlaMint-FR_2020-06-09-O1230.u78	Proceedings of the debates in plenary sitting of the Assemblée Nationale, sitting: 230, 09/06/2020	2020-06-09	Lower house	15e législature	session ordinaire 2019-2020 (CRSANR5L15S2020O1N230)	-	230. séance	-	COVID	English	Regular	MP	notMinister	LAREM	La République en Marche	Coalition	Centre	PA606171	Ferrand, Richard	M	1962	
ParlaMint-FR-en_2020-06-09-O1230	ParlaMint-FR_2020-06-09-O1230.u79	Proceedings of the debates in plenary sitting of the Assemblée Nationale, sitting: 230, 09/06/2020	2020-06-09	Lower house	15e législature	session ordinaire 2019-2020 (CRSANR5L15S2020O1N230)	-	230. séance	-	COVID	English	Regular	notMP	notMinister	LAREM	La République en Marche	Coalition	Centre	PA719186	Khattabi, Fadila	F	1962	
ParlaMint-FR-en_2020-06-09-O1230	ParlaMint-FR_2020-06-09-O1230.u80	Proceedings of the debates in plenary sitting of the Assemblée Nationale, sitting: 230, 09/06/2020	2020-06-09	Lower house	15e législature	session ordinaire 2019-2020 (CRSANR5L15S2020O1N230)	-	230. séance	-	COVID	English	Regular	notMP	notMinister	LR	Les Républicains	Opposition	Centre-right	PA608416	Hetzel, Patrick	M	1964	
ParlaMint-FR-en_2020-06-09-O1230	ParlaMint-FR_2020-06-09-O1230.u81	Proceedings of the debates in plenary sitting of the Assemblée Nationale, sitting: 230, 09/06/2020	2020-06-09	Lower house	15e législature	session ordinaire 2019-2020 (CRSANR5L15S2020O1N230)	-	230. séance	-	COVID	English	Regular	notMP	notMinister	LAREM	La République en Marche	Coalition	Centre	PA719186	Khattabi, Fadila	F	1962	
ParlaMint-FR-en_2020-06-09-O1230	ParlaMint-FR_2020-06-09-O1230.u82	Proceedings of the debates in plenary sitting of the Assemblée Nationale, sitting: 230, 09/06/2020	2020-06-09	Lower house	15e législature	session ordinaire 2019-2020 (CRSANR5L15S2020O1N230)	-	230. séance	-	COVID	English	Regular	MP	notMinister	LAREM	La République en Marche	Coalition	Centre	PA606171	Ferrand, Richard	M	1962	
ParlaMint-FR-en_2020-06-09-O1230	ParlaMint-FR_2020-06-09-O1230.u83	Proceedings of the debates in plenary sitting of the Assemblée Nationale, sitting: 230, 09/06/2020	2020-06-09	Lower house	15e législature	session ordinaire 2019-2020 (CRSANR5L15S2020O1N230)	-	230. séance	-	COVID	English	Regular	MP	notMinister	LR	Les Républicains	Opposition	Centre-right	PA720386	Di Filippo, Fabien	M	1986	
ParlaMint-FR-en_2020-06-09-O1230	ParlaMint-FR_2020-06-09-O1230.u84	Proceedings of the debates in plenary sitting of the Assemblée Nationale, sitting: 230, 09/06/2020	2020-06-09	Lower house	15e législature	session ordinaire 2019-2020 (CRSANR5L15S2020O1N230)	-	230. séance	-	COVID	English	Regular	notMP	notMinister	-	-	-	-	PA718850	Cordier, Pierre	M	1972	
ParlaMint-FR-en_2020-06-09-O1230	ParlaMint-FR_2020-06-09-O1230.u85	Proceedings of the debates in plenary sitting of the Assemblée Nationale, sitting: 230, 09/06/2020	2020-06-09	Lower house	15e législature	session ordinaire 2019-2020 (CRSANR5L15S2020O1N230)	-	230. séance	-	COVID	English	Regular	MP	notMinister	LR	Les Républicains	Opposition	Centre-right	PA720386	Di Filippo, Fabien	M	1986	
ParlaMint-FR-en_2020-06-09-O1230	ParlaMint-FR_2020-06-09-O1230.u86	Proceedings of the debates in plenary sitting of the Assemblée Nationale, sitting: 230, 09/06/2020	2020-06-09	Lower house	15e législature	session ordinaire 2019-2020 (CRSANR5L15S2020O1N230)	-	230. séance	-	COVID	English	Regular	notMP	notMinister	-	-	-	-	PA720512	Pietraszewski, Laurent	M	1966	
ParlaMint-FR-en_2020-06-09-O1230	ParlaMint-FR_2020-06-09-O1230.u87	Proceedings of the debates in plenary sitting of the Assemblée Nationale, sitting: 230, 09/06/2020	2020-06-09	Lower house	15e législature	session ordinaire 2019-2020 (CRSANR5L15S2020O1N230)	-	230. séance	-	COVID	English	Regular	MP	notMinister	LR	Les Républicains	Opposition	Centre-right	PA720386	Di Filippo, Fabien	M	1986	
ParlaMint-FR-en_2020-06-09-O1230	ParlaMint-FR_2020-06-09-O1230.u88	Proceedings of the debates in plenary sitting of the Assemblée Nationale, sitting: 230, 09/06/2020	2020-06-09	Lower house	15e législature	session ordinaire 2019-2020 (CRSANR5L15S2020O1N230)	-	230. séance	-	COVID	English	Regular	MP	notMinister	LAREM	La République en Marche	Coalition	Centre	PA606171	Ferrand, Richard	M	1962	
ParlaMint-FR-en_2020-06-09-O1230	ParlaMint-FR_2020-06-09-O1230.u89	Proceedings of the debates in plenary sitting of the Assemblée Nationale, sitting: 230, 09/06/2020	2020-06-09	Lower house	15e législature	session ordinaire 2019-2020 (CRSANR5L15S2020O1N230)	-	230. séance	-	COVID	English	Regular	MP	notMinister	LR	Les Républicains	Opposition	Centre-right	PA342935	Dubois, Marianne	F	1957	
ParlaMint-FR-en_2020-06-09-O1230	ParlaMint-FR_2020-06-09-O1230.u90	Proceedings of the debates in plenary sitting of the Assemblée Nationale, sitting: 230, 09/06/2020	2020-06-09	Lower house	15e législature	session ordinaire 2019-2020 (CRSANR5L15S2020O1N230)	-	230. séance	-	COVID	English	Regular	notMP	notMinister	LR	Les Républicains	Opposition	Centre-right	PA332523	Dalloz, Marie-Christine	F	1958	
ParlaMint-FR-en_2020-06-09-O1230	ParlaMint-FR_2020-06-09-O1230.u91	Proceedings of the debates in plenary sitting of the Assemblée Nationale, sitting: 230, 09/06/2020	2020-06-09	Lower house	15e législature	session ordinaire 2019-2020 (CRSANR5L15S2020O1N230)	-	230. séance	-	COVID	English	Regular	MP	notMinister	LR	Les Républicains	Opposition	Centre-right	PA342935	Dubois, Marianne	F	1957	
ParlaMint-FR-en_2020-06-09-O1230	ParlaMint-FR_2020-06-09-O1230.u92	Proceedings of the debates in plenary sitting of the Assemblée Nationale, sitting: 230, 09/06/2020	2020-06-09	Lower house	15e législature	session ordinaire 2019-2020 (CRSANR5L15S2020O1N230)	-	230. séance	-	COVID	English	Regular	MP	notMinister	LAREM	La République en Marche	Coalition	Centre	PA606171	Ferrand, Richard	M	1962	
ParlaMint-FR-en_2020-06-09-O1230	ParlaMint-FR_2020-06-09-O1230.u93	Proceedings of the debates in plenary sitting of the Assemblée Nationale, sitting: 230, 09/06/2020	2020-06-09	Lower house	15e législature	session ordinaire 2019-2020 (CRSANR5L15S2020O1N230)	-	230. séance	-	COVID	English	Regular	notMP	notMinister	-	-	-	-	PA720512	Pietraszewski, Laurent	M	1966	
ParlaMint-FR-en_2020-06-09-O1230	ParlaMint-FR_2020-06-09-O1230.u94	Proceedings of the debates in plenary sitting of the Assemblée Nationale, sitting: 230, 09/06/2020	2020-06-09	Lower house	15e législature	session ordinaire 2019-2020 (CRSANR5L15S2020O1N230)	-	230. séance	-	COVID	English	Regular	MP	notMinister	LAREM	La République en Marche	Coalition	Centre	PA606171	Ferrand, Richard	M	1962	
ParlaMint-FR-en_2020-06-09-O1230	ParlaMint-FR_2020-06-09-O1230.u95	Proceedings of the debates in plenary sitting of the Assemblée Nationale, sitting: 230, 09/06/2020	2020-06-09	Lower house	15e législature	session ordinaire 2019-2020 (CRSANR5L15S2020O1N230)	-	230. séance	-	COVID	English	Regular	notMP	notMinister	FI	La France insoumise	Opposition	Left to far-left	PA720846	Lachaud, Bastien	M	1980	
ParlaMint-FR-en_2020-06-09-O1230	ParlaMint-FR_2020-06-09-O1230.u96	Proceedings of the debates in plenary sitting of the Assemblée Nationale, sitting: 230, 09/06/2020	2020-06-09	Lower house	15e législature	session ordinaire 2019-2020 (CRSANR5L15S2020O1N230)	-	230. séance	-	COVID	English	Regular	MP	notMinister	LR	Les Républicains	Opposition	Centre-right	PA720386	Di Filippo, Fabien	M	1986	
ParlaMint-FR-en_2020-06-09-O1230	ParlaMint-FR_2020-06-09-O1230.u97	Proceedings of the debates in plenary sitting of the Assemblée Nationale, sitting: 230, 09/06/2020	2020-06-09	Lower house	15e législature	session ordinaire 2019-2020 (CRSANR5L15S2020O1N230)	-	230. séance	-	COVID	English	Regular	notMP	notMinister	FI	La France insoumise	Opposition	Left to far-left	PA720846	Lachaud, Bastien	M	1980	
ParlaMint-FR-en_2020-06-09-O1230	ParlaMint-FR_2020-06-09-O1230.u98	Proceedings of the debates in plenary sitting of the Assemblée Nationale, sitting: 230, 09/06/2020	2020-06-09	Lower house	15e législature	session ordinaire 2019-2020 (CRSANR5L15S2020O1N230)	-	230. séance	-	COVID	English	Regular	notMP	notMinister	-	-	-	-	PA718850	Cordier, Pierre	M	1972	
ParlaMint-FR-en_2020-06-09-O1230	ParlaMint-FR_2020-06-09-O1230.u99	Proceedings of the debates in plenary sitting of the Assemblée Nationale, sitting: 230, 09/06/2020	2020-06-09	Lower house	15e législature	session ordinaire 2019-2020 (CRSANR5L15S2020O1N230)	-	230. séance	-	COVID	English	Regular	notMP	notMinister	FI	La France insoumise	Opposition	Left to far-left	PA720846	Lachaud, Bastien	M	1980	
ParlaMint-FR-en_2020-06-09-O1230	ParlaMint-FR_2020-06-09-O1230.u100	Proceedings of the debates in plenary sitting of the Assemblée Nationale, sitting: 230, 09/06/2020	2020-06-09	Lower house	15e législature	session ordinaire 2019-2020 (CRSANR5L15S2020O1N230)	-	230. séance	-	COVID	English	Regular	MP	notMinister	LAREM	La République en Marche	Coalition	Centre	PA606171	Ferrand, Richard	M	1962	
ParlaMint-FR-en_2020-06-09-O1230	ParlaMint-FR_2020-06-09-O1230.u101	Proceedings of the debates in plenary sitting of the Assemblée Nationale, sitting: 230, 09/06/2020	2020-06-09	Lower house	15e législature	session ordinaire 2019-2020 (CRSANR5L15S2020O1N230)	-	230. séance	-	COVID	English	Guest	notMP	notMinister	-	-	-	-	PA759832	Pannier-Runacher, Agnès	F	1974	
ParlaMint-FR-en_2020-06-09-O1230	ParlaMint-FR_2020-06-09-O1230.u102	Proceedings of the debates in plenary sitting of the Assemblée Nationale, sitting: 230, 09/06/2020	2020-06-09	Lower house	15e législature	session ordinaire 2019-2020 (CRSANR5L15S2020O1N230)	-	230. séance	-	COVID	English	Regular	notMP	notMinister	GDR	Gauche démocrate et républicaine	Opposition	Left	PA722202	Jumel, Sébastien	M	1971	
ParlaMint-FR-en_2020-06-09-O1230	ParlaMint-FR_2020-06-09-O1230.u103	Proceedings of the debates in plenary sitting of the Assemblée Nationale, sitting: 230, 09/06/2020	2020-06-09	Lower house	15e législature	session ordinaire 2019-2020 (CRSANR5L15S2020O1N230)	-	230. séance	-	COVID	English	Guest	notMP	notMinister	-	-	-	-	PA759832	Pannier-Runacher, Agnès	F	1974	
ParlaMint-FR-en_2020-06-09-O1230	ParlaMint-FR_2020-06-09-O1230.u104	Proceedings of the debates in plenary sitting of the Assemblée Nationale, sitting: 230, 09/06/2020	2020-06-09	Lower house	15e législature	session ordinaire 2019-2020 (CRSANR5L15S2020O1N230)	-	230. séance	-	COVID	English	Regular	notMP	notMinister	LR	Les Républicains	Opposition	Centre-right	PA330240	Ciotti, Éric	M	1965	
ParlaMint-FR-en_2020-06-09-O1230	ParlaMint-FR_2020-06-09-O1230.u105	Proceedings of the debates in plenary sitting of the Assemblée Nationale, sitting: 230, 09/06/2020	2020-06-09	Lower house	15e législature	session ordinaire 2019-2020 (CRSANR5L15S2020O1N230)	-	230. séance	-	COVID	English	Guest	notMP	notMinister	-	-	-	-	PA759832	Pannier-Runacher, Agnès	F	1974	
ParlaMint-FR-en_2020-06-09-O1230	ParlaMint-FR_2020-06-09-O1230.u106	Proceedings of the debates in plenary sitting of the Assemblée Nationale, sitting: 230, 09/06/2020	2020-06-09	Lower house	15e législature	session ordinaire 2019-2020 (CRSANR5L15S2020O1N230)	-	230. séance	-	COVID	English	Regular	notMP	notMinister	FI	La France insoumise	Opposition	Left to far-left	PA720892	Panot, Mathilde	F	1989	
ParlaMint-FR-en_2020-06-09-O1230	ParlaMint-FR_2020-06-09-O1230.u107	Proceedings of the debates in plenary sitting of the Assemblée Nationale, sitting: 230, 09/06/2020	2020-06-09	Lower house	15e législature	session ordinaire 2019-2020 (CRSANR5L15S2020O1N230)	-	230. séance	-	COVID	English	Guest	notMP	notMinister	-	-	-	-	PA759832	Pannier-Runacher, Agnès	F	1974	
ParlaMint-FR-en_2020-06-09-O1230	ParlaMint-FR_2020-06-09-O1230.u108	Proceedings of the debates in plenary sitting of the Assemblée Nationale, sitting: 230, 09/06/2020	2020-06-09	Lower house	15e législature	session ordinaire 2019-2020 (CRSANR5L15S2020O1N230)	-	230. séance	-	COVID	English	Regular	notMP	notMinister	GDR	Gauche démocrate et républicaine	Opposition	Left	PA722202	Jumel, Sébastien	M	1971	
ParlaMint-FR-en_2020-06-09-O1230	ParlaMint-FR_2020-06-09-O1230.u109	Proceedings of the debates in plenary sitting of the Assemblée Nationale, sitting: 230, 09/06/2020	2020-06-09	Lower house	15e législature	session ordinaire 2019-2020 (CRSANR5L15S2020O1N230)	-	230. séance	-	COVID	English	Regular	MP	notMinister	LR	Les Républicains	Opposition	Centre-right	PA720386	Di Filippo, Fabien	M	1986	
ParlaMint-FR-en_2020-06-09-O1230	ParlaMint-FR_2020-06-09-O1230.u110	Proceedings of the debates in plenary sitting of the Assemblée Nationale, sitting: 230, 09/06/2020	2020-06-09	Lower house	15e législature	session ordinaire 2019-2020 (CRSANR5L15S2020O1N230)	-	230. séance	-	COVID	English	Regular	MP	notMinister	LAREM	La République en Marche	Coalition	Centre	PA606171	Ferrand, Richard	M	1962	
ParlaMint-FR-en_2020-06-09-O1230	ParlaMint-FR_2020-06-09-O1230.u111	Proceedings of the debates in plenary sitting of the Assemblée Nationale, sitting: 230, 09/06/2020	2020-06-09	Lower house	15e législature	session ordinaire 2019-2020 (CRSANR5L15S2020O1N230)	-	230. séance	-	COVID	English	Regular	notMP	notMinister	FI	La France insoumise	Opposition	Left to far-left	PA720846	Lachaud, Bastien	M	1980	
ParlaMint-FR-en_2020-06-09-O1230	ParlaMint-FR_2020-06-09-O1230.u112	Proceedings of the debates in plenary sitting of the Assemblée Nationale, sitting: 230, 09/06/2020	2020-06-09	Lower house	15e législature	session ordinaire 2019-2020 (CRSANR5L15S2020O1N230)	-	230. séance	-	COVID	English	Regular	MP	notMinister	LAREM	La République en Marche	Coalition	Centre	PA606171	Ferrand, Richard	M	1962	
ParlaMint-FR-en_2020-06-09-O1230	ParlaMint-FR_2020-06-09-O1230.u113	Proceedings of the debates in plenary sitting of the Assemblée Nationale, sitting: 230, 09/06/2020	2020-06-09	Lower house	15e législature	session ordinaire 2019-2020 (CRSANR5L15S2020O1N230)	-	230. séance	-	COVID	English	Regular	MP	notMinister	LAREM	La République en Marche	Coalition	Centre	PA606171	Ferrand, Richard	M	1962	
ParlaMint-FR-en_2020-06-09-O1230	ParlaMint-FR_2020-06-09-O1230.u114	Proceedings of the debates in plenary sitting of the Assemblée Nationale, sitting: 230, 09/06/2020	2020-06-09	Lower house	15e législature	session ordinaire 2019-2020 (CRSANR5L15S2020O1N230)	-	230. séance	-	COVID	English	Regular	MP	notMinister	LAREM	La République en Marche	Coalition	Centre	PA722300	Khedher, Anissa	F	1980	
ParlaMint-FR-en_2020-06-09-O1230	ParlaMint-FR_2020-06-09-O1230.u115	Proceedings of the debates in plenary sitting of the Assemblée Nationale, sitting: 230, 09/06/2020	2020-06-09	Lower house	15e législature	session ordinaire 2019-2020 (CRSANR5L15S2020O1N230)	-	230. séance	-	COVID	English	Regular	MP	notMinister	LAREM	La République en Marche	Coalition	Centre	PA606171	Ferrand, Richard	M	1962	
ParlaMint-FR-en_2020-06-09-O1230	ParlaMint-FR_2020-06-09-O1230.u116	Proceedings of the debates in plenary sitting of the Assemblée Nationale, sitting: 230, 09/06/2020	2020-06-09	Lower house	15e législature	session ordinaire 2019-2020 (CRSANR5L15S2020O1N230)	-	230. séance	-	COVID	English	Regular	notMP	notMinister	-	-	-	-	PA729332	Denormandie, Julien	M	1980	
ParlaMint-FR-en_2020-06-09-O1230	ParlaMint-FR_2020-06-09-O1230.u117	Proceedings of the debates in plenary sitting of the Assemblée Nationale, sitting: 230, 09/06/2020	2020-06-09	Lower house	15e législature	session ordinaire 2019-2020 (CRSANR5L15S2020O1N230)	-	230. séance	-	COVID	English	Regular	notMP	notMinister	LR	Les Républicains	Opposition	Centre-right	PA330240	Ciotti, Éric	M	1965	
ParlaMint-FR-en_2020-06-09-O1230	ParlaMint-FR_2020-06-09-O1230.u118	Proceedings of the debates in plenary sitting of the Assemblée Nationale, sitting: 230, 09/06/2020	2020-06-09	Lower house	15e législature	session ordinaire 2019-2020 (CRSANR5L15S2020O1N230)	-	230. séance	-	COVID	English	Regular	notMP	notMinister	-	-	-	-	PA729332	Denormandie, Julien	M	1980	
ParlaMint-FR-en_2020-06-09-O1230	ParlaMint-FR_2020-06-09-O1230.u119	Proceedings of the debates in plenary sitting of the Assemblée Nationale, sitting: 230, 09/06/2020	2020-06-09	Lower house	15e législature	session ordinaire 2019-2020 (CRSANR5L15S2020O1N230)	-	230. séance	-	COVID	English	Regular	MP	notMinister	LR	Les Républicains	Opposition	Centre-right	PA720386	Di Filippo, Fabien	M	1986	
ParlaMint-FR-en_2020-06-09-O1230	ParlaMint-FR_2020-06-09-O1230.u120	Proceedings of the debates in plenary sitting of the Assemblée Nationale, sitting: 230, 09/06/2020	2020-06-09	Lower house	15e législature	session ordinaire 2019-2020 (CRSANR5L15S2020O1N230)	-	230. séance	-	COVID	English	Regular	notMP	notMinister	LR	Les Républicains	Opposition	Centre-right	PA720100	Pradié, Aurélien	M	1986	
ParlaMint-FR-en_2020-06-09-O1230	ParlaMint-FR_2020-06-09-O1230.u121	Proceedings of the debates in plenary sitting of the Assemblée Nationale, sitting: 230, 09/06/2020	2020-06-09	Lower house	15e législature	session ordinaire 2019-2020 (CRSANR5L15S2020O1N230)	-	230. séance	-	COVID	English	Regular	notMP	notMinister	-	-	-	-	PA729332	Denormandie, Julien	M	1980	
ParlaMint-FR-en_2020-06-09-O1230	ParlaMint-FR_2020-06-09-O1230.u122	Proceedings of the debates in plenary sitting of the Assemblée Nationale, sitting: 230, 09/06/2020	2020-06-09	Lower house	15e législature	session ordinaire 2019-2020 (CRSANR5L15S2020O1N230)	-	230. séance	-	COVID	English	Regular	notMP	notMinister	LR	Les Républicains	Opposition	Centre-right	PA720100	Pradié, Aurélien	M	1986	
ParlaMint-FR-en_2020-06-09-O1230	ParlaMint-FR_2020-06-09-O1230.u123	Proceedings of the debates in plenary sitting of the Assemblée Nationale, sitting: 230, 09/06/2020	2020-06-09	Lower house	15e législature	session ordinaire 2019-2020 (CRSANR5L15S2020O1N230)	-	230. séance	-	COVID	English	Regular	notMP	notMinister	-	-	-	-	PA729332	Denormandie, Julien	M	1980	
ParlaMint-FR-en_2020-06-09-O1230	ParlaMint-FR_2020-06-09-O1230.u124	Proceedings of the debates in plenary sitting of the Assemblée Nationale, sitting: 230, 09/06/2020	2020-06-09	Lower house	15e législature	session ordinaire 2019-2020 (CRSANR5L15S2020O1N230)	-	230. séance	-	COVID	English	Regular	notMP	notMinister	LR	Les Républicains	Opposition	Centre-right	PA720100	Pradié, Aurélien	M	1986	
ParlaMint-FR-en_2020-06-09-O1230	ParlaMint-FR_2020-06-09-O1230.u125	Proceedings of the debates in plenary sitting of the Assemblée Nationale, sitting: 230, 09/06/2020	2020-06-09	Lower house	15e législature	session ordinaire 2019-2020 (CRSANR5L15S2020O1N230)	-	230. séance	-	COVID	English	Regular	MP	notMinister	LAREM	La République en Marche	Coalition	Centre	PA606171	Ferrand, Richard	M	1962	
ParlaMint-FR-en_2020-06-09-O1230	ParlaMint-FR_2020-06-09-O1230.u126	Proceedings of the debates in plenary sitting of the Assemblée Nationale, sitting: 230, 09/06/2020	2020-06-09	Lower house	15e législature	session ordinaire 2019-2020 (CRSANR5L15S2020O1N230)	-	230. séance	-	COVID	English	Regular	notMP	notMinister	SOC	Socialistes et apparentés	-	Centre-left to left	PA608695	Untermaier, Cécile	F	1951	
ParlaMint-FR-en_2020-06-09-O1230	ParlaMint-FR_2020-06-09-O1230.u127	Proceedings of the debates in plenary sitting of the Assemblée Nationale, sitting: 230, 09/06/2020	2020-06-09	Lower house	15e législature	session ordinaire 2019-2020 (CRSANR5L15S2020O1N230)	-	230. séance	-	COVID	English	Regular	MP	notMinister	SOC	Socialistes et apparentés	-	Centre-left to left	PA1809	Lambert, Jérôme	M	1957	
ParlaMint-FR-en_2020-06-09-O1230	ParlaMint-FR_2020-06-09-O1230.u128	Proceedings of the debates in plenary sitting of the Assemblée Nationale, sitting: 230, 09/06/2020	2020-06-09	Lower house	15e législature	session ordinaire 2019-2020 (CRSANR5L15S2020O1N230)	-	230. séance	-	COVID	English	Regular	notMP	notMinister	SOC	Socialistes et apparentés	-	Centre-left to left	PA608695	Untermaier, Cécile	F	1951	
ParlaMint-FR-en_2020-06-09-O1230	ParlaMint-FR_2020-06-09-O1230.u129	Proceedings of the debates in plenary sitting of the Assemblée Nationale, sitting: 230, 09/06/2020	2020-06-09	Lower house	15e législature	session ordinaire 2019-2020 (CRSANR5L15S2020O1N230)	-	230. séance	-	COVID	English	Regular	notMP	notMinister	GDR	Gauche démocrate et républicaine	Opposition	Left	PA267306	Chassaigne, André	M	1950	
ParlaMint-FR-en_2020-06-09-O1230	ParlaMint-FR_2020-06-09-O1230.u130	Proceedings of the debates in plenary sitting of the Assemblée Nationale, sitting: 230, 09/06/2020	2020-06-09	Lower house	15e législature	session ordinaire 2019-2020 (CRSANR5L15S2020O1N230)	-	230. séance	-	COVID	English	Regular	MP	notMinister	LAREM	La République en Marche	Coalition	Centre	PA606171	Ferrand, Richard	M	1962	
ParlaMint-FR-en_2020-06-09-O1230	ParlaMint-FR_2020-06-09-O1230.u131	Proceedings of the debates in plenary sitting of the Assemblée Nationale, sitting: 230, 09/06/2020	2020-06-09	Lower house	15e législature	session ordinaire 2019-2020 (CRSANR5L15S2020O1N230)	-	230. séance	-	COVID	English	Regular	notMP	notMinister	-	-	-	-	PA722190	Attal, Gabriel	M	1989	
ParlaMint-FR-en_2020-06-09-O1230	ParlaMint-FR_2020-06-09-O1230.u132	Proceedings of the debates in plenary sitting of the Assemblée Nationale, sitting: 230, 09/06/2020	2020-06-09	Lower house	15e législature	session ordinaire 2019-2020 (CRSANR5L15S2020O1N230)	-	230. séance	-	COVID	English	Regular	MP	notMinister	LR	Les Républicains	Opposition	Centre-right	PA267440	Diard, Éric	M	1965	
ParlaMint-FR-en_2020-06-09-O1230	ParlaMint-FR_2020-06-09-O1230.u133	Proceedings of the debates in plenary sitting of the Assemblée Nationale, sitting: 230, 09/06/2020	2020-06-09	Lower house	15e législature	session ordinaire 2019-2020 (CRSANR5L15S2020O1N230)	-	230. séance	-	COVID	English	Regular	notMP	notMinister	-	-	-	-	PA722190	Attal, Gabriel	M	1989	
ParlaMint-FR-en_2020-06-09-O1230	ParlaMint-FR_2020-06-09-O1230.u134	Proceedings of the debates in plenary sitting of the Assemblée Nationale, sitting: 230, 09/06/2020	2020-06-09	Lower house	15e législature	session ordinaire 2019-2020 (CRSANR5L15S2020O1N230)	-	230. séance	-	COVID	English	Regular	MP	notMinister	LAREM	La République en Marche	Coalition	Centre	PA606171	Ferrand, Richard	M	1962	
ParlaMint-FR-en_2020-06-09-O1230	ParlaMint-FR_2020-06-09-O1230.u135	Proceedings of the debates in plenary sitting of the Assemblée Nationale, sitting: 230, 09/06/2020	2020-06-09	Lower house	15e législature	session ordinaire 2019-2020 (CRSANR5L15S2020O1N230)	-	230. séance	-	COVID	English	Regular	notMP	notMinister	LAREM	La République en Marche	Coalition	Centre	PA719528	Portarrieu, Jean-François	M	1965	
ParlaMint-FR-en_2020-06-09-O1230	ParlaMint-FR_2020-06-09-O1230.u136	Proceedings of the debates in plenary sitting of the Assemblée Nationale, sitting: 230, 09/06/2020	2020-06-09	Lower house	15e législature	session ordinaire 2019-2020 (CRSANR5L15S2020O1N230)	-	230. séance	-	COVID	English	Regular	MP	notMinister	LAREM	La République en Marche	Coalition	Centre	PA606171	Ferrand, Richard	M	1962	
ParlaMint-FR-en_2020-06-09-O1230	ParlaMint-FR_2020-06-09-O1230.u137	Proceedings of the debates in plenary sitting of the Assemblée Nationale, sitting: 230, 09/06/2020	2020-06-09	Lower house	15e législature	session ordinaire 2019-2020 (CRSANR5L15S2020O1N230)	-	230. séance	-	COVID	English	Regular	notMP	notMinister	-	-	-	-	PA722236	Djebbari, Jean-Baptiste	M	1982	
ParlaMint-FR-en_2020-06-09-O1230	ParlaMint-FR_2020-06-09-O1230.u138	Proceedings of the debates in plenary sitting of the Assemblée Nationale, sitting: 230, 09/06/2020	2020-06-09	Lower house	15e législature	session ordinaire 2019-2020 (CRSANR5L15S2020O1N230)	-	230. séance	-	COVID	English	Regular	MP	notMinister	LAREM	La République en Marche	Coalition	Centre	PA606171	Ferrand, Richard	M	1962	
ParlaMint-FR-en_2020-06-09-O1230	ParlaMint-FR_2020-06-09-O1230.u139	Proceedings of the debates in plenary sitting of the Assemblée Nationale, sitting: 230, 09/06/2020	2020-06-09	Lower house	15e législature	session ordinaire 2019-2020 (CRSANR5L15S2020O1N230)	-	230. séance	-	COVID	English	Regular	notMP	notMinister	MODEM	Mouvement Démocrate et apparentés	Coalition	Centre to centre-right	PA719874	Jacquier-Laforge, Élodie	F	1978	
ParlaMint-FR-en_2020-06-09-O1230	ParlaMint-FR_2020-06-09-O1230.u140	Proceedings of the debates in plenary sitting of the Assemblée Nationale, sitting: 230, 09/06/2020	2020-06-09	Lower house	15e législature	session ordinaire 2019-2020 (CRSANR5L15S2020O1N230)	-	230. séance	-	COVID	English	Regular	MP	notMinister	LAREM	La République en Marche	Coalition	Centre	PA606171	Ferrand, Richard	M	1962	
ParlaMint-FR-en_2020-06-09-O1230	ParlaMint-FR_2020-06-09-O1230.u141	Proceedings of the debates in plenary sitting of the Assemblée Nationale, sitting: 230, 09/06/2020	2020-06-09	Lower house	15e législature	session ordinaire 2019-2020 (CRSANR5L15S2020O1N230)	-	230. séance	-	COVID	English	Regular	notMP	notMinister	LR	Les Républicains	Opposition	Centre-right	PA330240	Ciotti, Éric	M	1965	
ParlaMint-FR-en_2020-06-09-O1230	ParlaMint-FR_2020-06-09-O1230.u142	Proceedings of the debates in plenary sitting of the Assemblée Nationale, sitting: 230, 09/06/2020	2020-06-09	Lower house	15e législature	session ordinaire 2019-2020 (CRSANR5L15S2020O1N230)	-	230. séance	-	COVID	English	Regular	notMP	Minister	-	-	-	-	PA415452	Guillaume, Didier	M	1959	
ParlaMint-FR-en_2020-06-09-O1230	ParlaMint-FR_2020-06-09-O1230.u143	Proceedings of the debates in plenary sitting of the Assemblée Nationale, sitting: 230, 09/06/2020	2020-06-09	Lower house	15e législature	session ordinaire 2019-2020 (CRSANR5L15S2020O1N230)	-	230. séance	-	COVID	English	Regular	notMP	notMinister	-	-	-	-	PA718850	Cordier, Pierre	M	1972	
ParlaMint-FR-en_2020-06-09-O1230	ParlaMint-FR_2020-06-09-O1230.u144	Proceedings of the debates in plenary sitting of the Assemblée Nationale, sitting: 230, 09/06/2020	2020-06-09	Lower house	15e législature	session ordinaire 2019-2020 (CRSANR5L15S2020O1N230)	-	230. séance	-	COVID	English	Regular	notMP	Minister	-	-	-	-	PA415452	Guillaume, Didier	M	1959	
ParlaMint-FR-en_2020-06-09-O1230	ParlaMint-FR_2020-06-09-O1230.u145	Proceedings of the debates in plenary sitting of the Assemblée Nationale, sitting: 230, 09/06/2020	2020-06-09	Lower house	15e législature	session ordinaire 2019-2020 (CRSANR5L15S2020O1N230)	-	230. séance	-	COVID	English	Regular	MP	notMinister	LAREM	La République en Marche	Coalition	Centre	PA606171	Ferrand, Richard	M	1962	
ParlaMint-FR-en_2020-06-09-O1230	ParlaMint-FR_2020-06-09-O1230.u146	Proceedings of the debates in plenary sitting of the Assemblée Nationale, sitting: 230, 09/06/2020	2020-06-09	Lower house	15e législature	session ordinaire 2019-2020 (CRSANR5L15S2020O1N230)	-	230. séance	-	COVID	English	Regular	notMP	notMinister	GDR	Gauche démocrate et républicaine	Opposition	Left	PA721270	Peu, Stéphane	M	1962	
ParlaMint-FR-en_2020-06-09-O1230	ParlaMint-FR_2020-06-09-O1230.u147	Proceedings of the debates in plenary sitting of the Assemblée Nationale, sitting: 230, 09/06/2020	2020-06-09	Lower house	15e législature	session ordinaire 2019-2020 (CRSANR5L15S2020O1N230)	-	230. séance	-	COVID	English	Regular	MP	notMinister	LAREM	La République en Marche	Coalition	Centre	PA606171	Ferrand, Richard	M	1962	
ParlaMint-FR-en_2020-06-09-O1230	ParlaMint-FR_2020-06-09-O1230.u148	Proceedings of the debates in plenary sitting of the Assemblée Nationale, sitting: 230, 09/06/2020	2020-06-09	Lower house	15e législature	session ordinaire 2019-2020 (CRSANR5L15S2020O1N230)	-	230. séance	-	COVID	English	Regular	notMP	notMinister	-	-	-	-	PA345619	Philippe, Édouard	M	1970	
ParlaMint-FR-en_2020-06-09-O1230	ParlaMint-FR_2020-06-09-O1230.u149	Proceedings of the debates in plenary sitting of the Assemblée Nationale, sitting: 230, 09/06/2020	2020-06-09	Lower house	15e législature	session ordinaire 2019-2020 (CRSANR5L15S2020O1N230)	-	230. séance	-	COVID	English	Regular	notMP	notMinister	GDR	Gauche démocrate et républicaine	Opposition	Left	PA722202	Jumel, Sébastien	M	1971	
ParlaMint-FR-en_2020-06-09-O1230	ParlaMint-FR_2020-06-09-O1230.u150	Proceedings of the debates in plenary sitting of the Assemblée Nationale, sitting: 230, 09/06/2020	2020-06-09	Lower house	15e législature	session ordinaire 2019-2020 (CRSANR5L15S2020O1N230)	-	230. séance	-	COVID	English	Regular	notMP	notMinister	-	-	-	-	PA345619	Philippe, Édouard	M	1970	
ParlaMint-FR-en_2020-06-09-O1230	ParlaMint-FR_2020-06-09-O1230.u151	Proceedings of the debates in plenary sitting of the Assemblée Nationale, sitting: 230, 09/06/2020	2020-06-09	Lower house	15e législature	session ordinaire 2019-2020 (CRSANR5L15S2020O1N230)	-	230. séance	-	COVID	English	Regular	MP	notMinister	LAREM	La République en Marche	Coalition	Centre	PA606171	Ferrand, Richard	M	1962	
ParlaMint-FR-en_2020-06-09-O1230	ParlaMint-FR_2020-06-09-O1230.u152	Proceedings of the debates in plenary sitting of the Assemblée Nationale, sitting: 230, 09/06/2020	2020-06-09	Lower house	15e législature	session ordinaire 2019-2020 (CRSANR5L15S2020O1N230)	-	230. séance	-	COVID	English	Regular	MP	notMinister	LT	Libertés et Territoires	-	Big tent	PA405480	Pupponi, François	M	1962	
ParlaMint-FR-en_2020-06-09-O1230	ParlaMint-FR_2020-06-09-O1230.u153	Proceedings of the debates in plenary sitting of the Assemblée Nationale, sitting: 230, 09/06/2020	2020-06-09	Lower house	15e législature	session ordinaire 2019-2020 (CRSANR5L15S2020O1N230)	-	230. séance	-	COVID	English	Regular	MP	notMinister	LAREM	La République en Marche	Coalition	Centre	PA606171	Ferrand, Richard	M	1962	
ParlaMint-FR-en_2020-06-09-O1230	ParlaMint-FR_2020-06-09-O1230.u154	Proceedings of the debates in plenary sitting of the Assemblée Nationale, sitting: 230, 09/06/2020	2020-06-09	Lower house	15e législature	session ordinaire 2019-2020 (CRSANR5L15S2020O1N230)	-	230. séance	-	COVID	English	Regular	notMP	notMinister	-	-	-	-	PA642788	Véran, Olivier	M	1980	
ParlaMint-FR-en_2020-06-09-O1230	ParlaMint-FR_2020-06-09-O1230.u155	Proceedings of the debates in plenary sitting of the Assemblée Nationale, sitting: 230, 09/06/2020	2020-06-09	Lower house	15e législature	session ordinaire 2019-2020 (CRSANR5L15S2020O1N230)	-	230. séance	-	COVID	English	Regular	MP	notMinister	LAREM	La République en Marche	Coalition	Centre	PA606171	Ferrand, Richard	M	1962	
ParlaMint-FR-en_2020-06-09-O1230	ParlaMint-FR_2020-06-09-O1230.u156	Proceedings of the debates in plenary sitting of the Assemblée Nationale, sitting: 230, 09/06/2020	2020-06-09	Lower house	15e législature	session ordinaire 2019-2020 (CRSANR5L15S2020O1N230)	-	230. séance	-	COVID	English	Regular	notMP	notMinister	GDR	Gauche démocrate et républicaine	Opposition	Left	PA722110	Wulfranc, Hubert	M	1956	
ParlaMint-FR-en_2020-06-09-O1230	ParlaMint-FR_2020-06-09-O1230.u157	Proceedings of the debates in plenary sitting of the Assemblée Nationale, sitting: 230, 09/06/2020	2020-06-09	Lower house	15e législature	session ordinaire 2019-2020 (CRSANR5L15S2020O1N230)	-	230. séance	-	COVID	English	Regular	notMP	notMinister	-	-	-	-	PA718850	Cordier, Pierre	M	1972	
ParlaMint-FR-en_2020-06-09-O1230	ParlaMint-FR_2020-06-09-O1230.u158	Proceedings of the debates in plenary sitting of the Assemblée Nationale, sitting: 230, 09/06/2020	2020-06-09	Lower house	15e législature	session ordinaire 2019-2020 (CRSANR5L15S2020O1N230)	-	230. séance	-	COVID	English	Regular	notMP	notMinister	GDR	Gauche démocrate et républicaine	Opposition	Left	PA722110	Wulfranc, Hubert	M	1956	
ParlaMint-FR-en_2020-06-09-O1230	ParlaMint-FR_2020-06-09-O1230.u159	Proceedings of the debates in plenary sitting of the Assemblée Nationale, sitting: 230, 09/06/2020	2020-06-09	Lower house	15e législature	session ordinaire 2019-2020 (CRSANR5L15S2020O1N230)	-	230. séance	-	COVID	English	Regular	MP	notMinister	LR	Les Républicains	Opposition	Centre-right	PA720630	Minot, Maxime	M	1987	
ParlaMint-FR-en_2020-06-09-O1230	ParlaMint-FR_2020-06-09-O1230.u160	Proceedings of the debates in plenary sitting of the Assemblée Nationale, sitting: 230, 09/06/2020	2020-06-09	Lower house	15e législature	session ordinaire 2019-2020 (CRSANR5L15S2020O1N230)	-	230. séance	-	COVID	English	Regular	notMP	notMinister	-	-	-	-	PA718850	Cordier, Pierre	M	1972	
ParlaMint-FR-en_2020-06-09-O1230	ParlaMint-FR_2020-06-09-O1230.u161	Proceedings of the debates in plenary sitting of the Assemblée Nationale, sitting: 230, 09/06/2020	2020-06-09	Lower house	15e législature	session ordinaire 2019-2020 (CRSANR5L15S2020O1N230)	-	230. séance	-	COVID	English	Regular	notMP	notMinister	GDR	Gauche démocrate et républicaine	Opposition	Left	PA722110	Wulfranc, Hubert	M	1956	
ParlaMint-FR-en_2020-06-09-O1230	ParlaMint-FR_2020-06-09-O1230.u162	Proceedings of the debates in plenary sitting of the Assemblée Nationale, sitting: 230, 09/06/2020	2020-06-09	Lower house	15e législature	session ordinaire 2019-2020 (CRSANR5L15S2020O1N230)	-	230. séance	-	COVID	English	Regular	MP	notMinister	LAREM	La République en Marche	Coalition	Centre	PA606171	Ferrand, Richard	M	1962	
ParlaMint-FR-en_2020-06-09-O1230	ParlaMint-FR_2020-06-09-O1230.u163	Proceedings of the debates in plenary sitting of the Assemblée Nationale, sitting: 230, 09/06/2020	2020-06-09	Lower house	15e législature	session ordinaire 2019-2020 (CRSANR5L15S2020O1N230)	-	230. séance	-	COVID	English	Regular	notMP	notMinister	-	-	-	-	PA642788	Véran, Olivier	M	1980	
ParlaMint-FR-en_2020-06-09-O1230	ParlaMint-FR_2020-06-09-O1230.u164	Proceedings of the debates in plenary sitting of the Assemblée Nationale, sitting: 230, 09/06/2020	2020-06-09	Lower house	15e législature	session ordinaire 2019-2020 (CRSANR5L15S2020O1N230)	-	230. séance	-	COVID	English	Regular	notMP	notMinister	-	-	-	-	PA718850	Cordier, Pierre	M	1972	
ParlaMint-FR-en_2020-06-09-O1230	ParlaMint-FR_2020-06-09-O1230.u165	Proceedings of the debates in plenary sitting of the Assemblée Nationale, sitting: 230, 09/06/2020	2020-06-09	Lower house	15e législature	session ordinaire 2019-2020 (CRSANR5L15S2020O1N230)	-	230. séance	-	COVID	English	Regular	notMP	notMinister	-	-	-	-	PA642788	Véran, Olivier	M	1980	
ParlaMint-FR-en_2020-06-09-O1230	ParlaMint-FR_2020-06-09-O1230.u166	Proceedings of the debates in plenary sitting of the Assemblée Nationale, sitting: 230, 09/06/2020	2020-06-09	Lower house	15e législature	session ordinaire 2019-2020 (CRSANR5L15S2020O1N230)	-	230. séance	-	COVID	English	Regular	notMP	notMinister	GDR	Gauche démocrate et républicaine	Opposition	Left	PA722202	Jumel, Sébastien	M	1971	
ParlaMint-FR-en_2020-06-09-O1230	ParlaMint-FR_2020-06-09-O1230.u167	Proceedings of the debates in plenary sitting of the Assemblée Nationale, sitting: 230, 09/06/2020	2020-06-09	Lower house	15e législature	session ordinaire 2019-2020 (CRSANR5L15S2020O1N230)	-	230. séance	-	COVID	English	Regular	notMP	notMinister	-	-	-	-	PA642788	Véran, Olivier	M	1980	
ParlaMint-FR-en_2020-06-09-O1230	ParlaMint-FR_2020-06-09-O1230.u168	Proceedings of the debates in plenary sitting of the Assemblée Nationale, sitting: 230, 09/06/2020	2020-06-09	Lower house	15e législature	session ordinaire 2019-2020 (CRSANR5L15S2020O1N230)	-	230. séance	-	COVID	English	Regular	MP	notMinister	LAREM	La République en Marche	Coalition	Centre	PA606171	Ferrand, Richard	M	1962	
ParlaMint-FR-en_2020-06-09-O1230	ParlaMint-FR_2020-06-09-O1230.u169	Proceedings of the debates in plenary sitting of the Assemblée Nationale, sitting: 230, 09/06/2020	2020-06-09	Lower house	15e législature	session ordinaire 2019-2020 (CRSANR5L15S2020O1N230)	-	230. séance	-	COVID	English	Regular	notMP	notMinister	GDR	Gauche démocrate et républicaine	Opposition	Left	PA722110	Wulfranc, Hubert	M	1956	
ParlaMint-FR-en_2020-06-09-O1230	ParlaMint-FR_2020-06-09-O1230.u170	Proceedings of the debates in plenary sitting of the Assemblée Nationale, sitting: 230, 09/06/2020	2020-06-09	Lower house	15e législature	session ordinaire 2019-2020 (CRSANR5L15S2020O1N230)	-	230. séance	-	COVID	English	Regular	MP	notMinister	LAREM	La République en Marche	Coalition	Centre	PA606171	Ferrand, Richard	M	1962	
ParlaMint-FR-en_2020-06-09-O1230	ParlaMint-FR_2020-06-09-O1230.u171	Proceedings of the debates in plenary sitting of the Assemblée Nationale, sitting: 230, 09/06/2020	2020-06-09	Lower house	15e législature	session ordinaire 2019-2020 (CRSANR5L15S2020O1N230)	-	230. séance	-	COVID	English	Regular	notMP	notMinister	FI	La France insoumise	Opposition	Left to far-left	PA720286	Fiat, Caroline	F	1977	
ParlaMint-FR-en_2020-06-09-O1230	ParlaMint-FR_2020-06-09-O1230.u172	Proceedings of the debates in plenary sitting of the Assemblée Nationale, sitting: 230, 09/06/2020	2020-06-09	Lower house	15e législature	session ordinaire 2019-2020 (CRSANR5L15S2020O1N230)	-	230. séance	-	COVID	English	Regular	MP	notMinister	LR	Les Républicains	Opposition	Centre-right	PA720630	Minot, Maxime	M	1987	
ParlaMint-FR-en_2020-06-09-O1230	ParlaMint-FR_2020-06-09-O1230.u173	Proceedings of the debates in plenary sitting of the Assemblée Nationale, sitting: 230, 09/06/2020	2020-06-09	Lower house	15e législature	session ordinaire 2019-2020 (CRSANR5L15S2020O1N230)	-	230. séance	-	COVID	English	Regular	notMP	notMinister	FI	La France insoumise	Opposition	Left to far-left	PA720286	Fiat, Caroline	F	1977	
ParlaMint-FR-en_2020-06-09-O1230	ParlaMint-FR_2020-06-09-O1230.u174	Proceedings of the debates in plenary sitting of the Assemblée Nationale, sitting: 230, 09/06/2020	2020-06-09	Lower house	15e législature	session ordinaire 2019-2020 (CRSANR5L15S2020O1N230)	-	230. séance	-	COVID	English	Regular	notMP	notMinister	-	-	-	-	PA718850	Cordier, Pierre	M	1972	
ParlaMint-FR-en_2020-06-09-O1230	ParlaMint-FR_2020-06-09-O1230.u175	Proceedings of the debates in plenary sitting of the Assemblée Nationale, sitting: 230, 09/06/2020	2020-06-09	Lower house	15e législature	session ordinaire 2019-2020 (CRSANR5L15S2020O1N230)	-	230. séance	-	COVID	English	Regular	MP	notMinister	LR	Les Républicains	Opposition	Centre-right	PA720386	Di Filippo, Fabien	M	1986	
ParlaMint-FR-en_2020-06-09-O1230	ParlaMint-FR_2020-06-09-O1230.u176	Proceedings of the debates in plenary sitting of the Assemblée Nationale, sitting: 230, 09/06/2020	2020-06-09	Lower house	15e législature	session ordinaire 2019-2020 (CRSANR5L15S2020O1N230)	-	230. séance	-	COVID	English	Regular	notMP	notMinister	FI	La France insoumise	Opposition	Left to far-left	PA720286	Fiat, Caroline	F	1977	
ParlaMint-FR-en_2020-06-09-O1230	ParlaMint-FR_2020-06-09-O1230.u177	Proceedings of the debates in plenary sitting of the Assemblée Nationale, sitting: 230, 09/06/2020	2020-06-09	Lower house	15e législature	session ordinaire 2019-2020 (CRSANR5L15S2020O1N230)	-	230. séance	-	COVID	English	Regular	MP	notMinister	-	-	-	-	PA1206	Dupont-Aignan, Nicolas	M	1961	
ParlaMint-FR-en_2020-06-09-O1230	ParlaMint-FR_2020-06-09-O1230.u178	Proceedings of the debates in plenary sitting of the Assemblée Nationale, sitting: 230, 09/06/2020	2020-06-09	Lower house	15e législature	session ordinaire 2019-2020 (CRSANR5L15S2020O1N230)	-	230. séance	-	COVID	English	Regular	notMP	notMinister	FI	La France insoumise	Opposition	Left to far-left	PA720286	Fiat, Caroline	F	1977	
ParlaMint-FR-en_2020-06-09-O1230	ParlaMint-FR_2020-06-09-O1230.u179	Proceedings of the debates in plenary sitting of the Assemblée Nationale, sitting: 230, 09/06/2020	2020-06-09	Lower house	15e législature	session ordinaire 2019-2020 (CRSANR5L15S2020O1N230)	-	230. séance	-	COVID	English	Regular	MP	notMinister	-	-	-	-	PA1206	Dupont-Aignan, Nicolas	M	1961	
ParlaMint-FR-en_2020-06-09-O1230	ParlaMint-FR_2020-06-09-O1230.u180	Proceedings of the debates in plenary sitting of the Assemblée Nationale, sitting: 230, 09/06/2020	2020-06-09	Lower house	15e législature	session ordinaire 2019-2020 (CRSANR5L15S2020O1N230)	-	230. séance	-	COVID	English	Regular	notMP	notMinister	FI	La France insoumise	Opposition	Left to far-left	PA720286	Fiat, Caroline	F	1977	
ParlaMint-FR-en_2020-06-09-O1230	ParlaMint-FR_2020-06-09-O1230.u181	Proceedings of the debates in plenary sitting of the Assemblée Nationale, sitting: 230, 09/06/2020	2020-06-09	Lower house	15e législature	session ordinaire 2019-2020 (CRSANR5L15S2020O1N230)	-	230. séance	-	COVID	English	Regular	MP	notMinister	LAREM	La République en Marche	Coalition	Centre	PA606171	Ferrand, Richard	M	1962	
ParlaMint-FR-en_2020-06-09-O1230	ParlaMint-FR_2020-06-09-O1230.u182	Proceedings of the debates in plenary sitting of the Assemblée Nationale, sitting: 230, 09/06/2020	2020-06-09	Lower house	15e législature	session ordinaire 2019-2020 (CRSANR5L15S2020O1N230)	-	230. séance	-	COVID	English	Regular	notMP	notMinister	-	-	-	-	PA642788	Véran, Olivier	M	1980	
ParlaMint-FR-en_2020-06-09-O1230	ParlaMint-FR_2020-06-09-O1230.u183	Proceedings of the debates in plenary sitting of the Assemblée Nationale, sitting: 230, 09/06/2020	2020-06-09	Lower house	15e législature	session ordinaire 2019-2020 (CRSANR5L15S2020O1N230)	-	230. séance	-	COVID	English	Regular	notMP	notMinister	FI	La France insoumise	Opposition	Left to far-left	PA720286	Fiat, Caroline	F	1977	
ParlaMint-FR-en_2020-06-09-O1230	ParlaMint-FR_2020-06-09-O1230.u184	Proceedings of the debates in plenary sitting of the Assemblée Nationale, sitting: 230, 09/06/2020	2020-06-09	Lower house	15e législature	session ordinaire 2019-2020 (CRSANR5L15S2020O1N230)	-	230. séance	-	COVID	English	Regular	notMP	notMinister	-	-	-	-	PA642788	Véran, Olivier	M	1980	
ParlaMint-FR-en_2020-06-09-O1230	ParlaMint-FR_2020-06-09-O1230.u185	Proceedings of the debates in plenary sitting of the Assemblée Nationale, sitting: 230, 09/06/2020	2020-06-09	Lower house	15e législature	session ordinaire 2019-2020 (CRSANR5L15S2020O1N230)	-	230. séance	-	COVID	English	Regular	notMP	notMinister	FI	La France insoumise	Opposition	Left to far-left	PA720286	Fiat, Caroline	F	1977	
ParlaMint-FR-en_2020-06-09-O1230	ParlaMint-FR_2020-06-09-O1230.u186	Proceedings of the debates in plenary sitting of the Assemblée Nationale, sitting: 230, 09/06/2020	2020-06-09	Lower house	15e législature	session ordinaire 2019-2020 (CRSANR5L15S2020O1N230)	-	230. séance	-	COVID	English	Regular	notMP	notMinister	-	-	-	-	PA642788	Véran, Olivier	M	1980	
ParlaMint-FR-en_2020-06-09-O1230	ParlaMint-FR_2020-06-09-O1230.u187	Proceedings of the debates in plenary sitting of the Assemblée Nationale, sitting: 230, 09/06/2020	2020-06-09	Lower house	15e législature	session ordinaire 2019-2020 (CRSANR5L15S2020O1N230)	-	230. séance	-	COVID	English	Regular	notMP	notMinister	GDR	Gauche démocrate et républicaine	Opposition	Left	PA722202	Jumel, Sébastien	M	1971	
ParlaMint-FR-en_2020-06-09-O1230	ParlaMint-FR_2020-06-09-O1230.u188	Proceedings of the debates in plenary sitting of the Assemblée Nationale, sitting: 230, 09/06/2020	2020-06-09	Lower house	15e législature	session ordinaire 2019-2020 (CRSANR5L15S2020O1N230)	-	230. séance	-	COVID	English	Regular	notMP	notMinister	LR	Les Républicains	Opposition	Centre-right	PA608416	Hetzel, Patrick	M	1964	
ParlaMint-FR-en_2020-06-09-O1230	ParlaMint-FR_2020-06-09-O1230.u189	Proceedings of the debates in plenary sitting of the Assemblée Nationale, sitting: 230, 09/06/2020	2020-06-09	Lower house	15e législature	session ordinaire 2019-2020 (CRSANR5L15S2020O1N230)	-	230. séance	-	COVID	English	Regular	notMP	notMinister	-	-	-	-	PA642788	Véran, Olivier	M	1980	
ParlaMint-FR-en_2020-06-09-O1230	ParlaMint-FR_2020-06-09-O1230.u190	Proceedings of the debates in plenary sitting of the Assemblée Nationale, sitting: 230, 09/06/2020	2020-06-09	Lower house	15e législature	session ordinaire 2019-2020 (CRSANR5L15S2020O1N230)	-	230. séance	-	COVID	English	Guest	-	-	-	-	-	-	-	-	-	-
ParlaMint-FR-en_2020-06-09-O1230	ParlaMint-FR_2020-06-09-O1230.u191	Proceedings of the debates in plenary sitting of the Assemblée Nationale, sitting: 230, 09/06/2020	2020-06-09	Lower house	15e législature	session ordinaire 2019-2020 (CRSANR5L15S2020O1N230)	-	230. séance	-	COVID	English	Regular	MP	notMinister	LAREM	La République en Marche	Coalition	Centre	PA606171	Ferrand, Richard	M	1962	
ParlaMint-FR-en_2020-06-09-O1230	ParlaMint-FR_2020-06-09-O1230.u192	Proceedings of the debates in plenary sitting of the Assemblée Nationale, sitting: 230, 09/06/2020	2020-06-09	Lower house	15e législature	session ordinaire 2019-2020 (CRSANR5L15S2020O1N230)	-	230. séance	-	COVID	English	Regular	MP	notMinister	LR	Les Républicains	Opposition	Centre-right	PA709315	Viala, Arnaud	M	1974	
ParlaMint-FR-en_2020-06-09-O1230	ParlaMint-FR_2020-06-09-O1230.u193	Proceedings of the debates in plenary sitting of the Assemblée Nationale, sitting: 230, 09/06/2020	2020-06-09	Lower house	15e législature	session ordinaire 2019-2020 (CRSANR5L15S2020O1N230)	-	230. séance	-	COVID	English	Regular	MP	notMinister	LAREM	La République en Marche	Coalition	Centre	PA606171	Ferrand, Richard	M	1962	
ParlaMint-FR-en_2020-06-09-O1230	ParlaMint-FR_2020-06-09-O1230.u194	Proceedings of the debates in plenary sitting of the Assemblée Nationale, sitting: 230, 09/06/2020	2020-06-09	Lower house	15e législature	session ordinaire 2019-2020 (CRSANR5L15S2020O1N230)	-	230. séance	-	COVID	English	Regular	notMP	notMinister	-	-	-	-	PA642788	Véran, Olivier	M	1980	
ParlaMint-FR-en_2020-06-09-O1230	ParlaMint-FR_2020-06-09-O1230.u195	Proceedings of the debates in plenary sitting of the Assemblée Nationale, sitting: 230, 09/06/2020	2020-06-09	Lower house	15e législature	session ordinaire 2019-2020 (CRSANR5L15S2020O1N230)	-	230. séance	-	COVID	English	Regular	MP	notMinister	LAREM	La République en Marche	Coalition	Centre	PA606171	Ferrand, Richard	M	1962	
ParlaMint-FR-en_2020-06-09-O1230	ParlaMint-FR_2020-06-09-O1230.u196	Proceedings of the debates in plenary sitting of the Assemblée Nationale, sitting: 230, 09/06/2020	2020-06-09	Lower house	15e législature	session ordinaire 2019-2020 (CRSANR5L15S2020O1N230)	-	230. séance	-	COVID	English	Regular	MP	notMinister	LR	Les Républicains	Opposition	Centre-right	PA709315	Viala, Arnaud	M	1974	
ParlaMint-FR-en_2020-06-09-O1230	ParlaMint-FR_2020-06-09-O1230.u197	Proceedings of the debates in plenary sitting of the Assemblée Nationale, sitting: 230, 09/06/2020	2020-06-09	Lower house	15e législature	session ordinaire 2019-2020 (CRSANR5L15S2020O1N230)	-	230. séance	-	COVID	English	Regular	MP	notMinister	LAREM	La République en Marche	Coalition	Centre	PA606171	Ferrand, Richard	M	1962	
ParlaMint-FR-en_2020-06-09-O1230	ParlaMint-FR_2020-06-09-O1230.u198	Proceedings of the debates in plenary sitting of the Assemblée Nationale, sitting: 230, 09/06/2020	2020-06-09	Lower house	15e législature	session ordinaire 2019-2020 (CRSANR5L15S2020O1N230)	-	230. séance	-	COVID	English	Regular	MP	notMinister	LAREM	La République en Marche	Coalition	Centre	PA331835	Iborra, Monique	F	1945	
ParlaMint-FR-en_2020-06-09-O1230	ParlaMint-FR_2020-06-09-O1230.u199	Proceedings of the debates in plenary sitting of the Assemblée Nationale, sitting: 230, 09/06/2020	2020-06-09	Lower house	15e législature	session ordinaire 2019-2020 (CRSANR5L15S2020O1N230)	-	230. séance	-	COVID	English	Regular	notMP	notMinister	LR	Les Républicains	Opposition	Centre-right	PA720100	Pradié, Aurélien	M	1986	
ParlaMint-FR-en_2020-06-09-O1230	ParlaMint-FR_2020-06-09-O1230.u200	Proceedings of the debates in plenary sitting of the Assemblée Nationale, sitting: 230, 09/06/2020	2020-06-09	Lower house	15e législature	session ordinaire 2019-2020 (CRSANR5L15S2020O1N230)	-	230. séance	-	COVID	English	Regular	MP	notMinister	LAREM	La République en Marche	Coalition	Centre	PA331835	Iborra, Monique	F	1945	
ParlaMint-FR-en_2020-06-09-O1230	ParlaMint-FR_2020-06-09-O1230.u201	Proceedings of the debates in plenary sitting of the Assemblée Nationale, sitting: 230, 09/06/2020	2020-06-09	Lower house	15e législature	session ordinaire 2019-2020 (CRSANR5L15S2020O1N230)	-	230. séance	-	COVID	English	Regular	notMP	notMinister	LR	Les Républicains	Opposition	Centre-right	PA608416	Hetzel, Patrick	M	1964	
ParlaMint-FR-en_2020-06-09-O1230	ParlaMint-FR_2020-06-09-O1230.u202	Proceedings of the debates in plenary sitting of the Assemblée Nationale, sitting: 230, 09/06/2020	2020-06-09	Lower house	15e législature	session ordinaire 2019-2020 (CRSANR5L15S2020O1N230)	-	230. séance	-	COVID	English	Regular	notMP	notMinister	-	-	-	-	PA718850	Cordier, Pierre	M	1972	
ParlaMint-FR-en_2020-06-09-O1230	ParlaMint-FR_2020-06-09-O1230.u203	Proceedings of the debates in plenary sitting of the Assemblée Nationale, sitting: 230, 09/06/2020	2020-06-09	Lower house	15e législature	session ordinaire 2019-2020 (CRSANR5L15S2020O1N230)	-	230. séance	-	COVID	English	Regular	MP	notMinister	LAREM	La République en Marche	Coalition	Centre	PA606171	Ferrand, Richard	M	1962	
ParlaMint-FR-en_2020-06-09-O1230	ParlaMint-FR_2020-06-09-O1230.u204	Proceedings of the debates in plenary sitting of the Assemblée Nationale, sitting: 230, 09/06/2020	2020-06-09	Lower house	15e législature	session ordinaire 2019-2020 (CRSANR5L15S2020O1N230)	-	230. séance	-	COVID	English	Regular	MP	notMinister	LAREM	La République en Marche	Coalition	Centre	PA331835	Iborra, Monique	F	1945	
ParlaMint-FR-en_2020-06-09-O1230	ParlaMint-FR_2020-06-09-O1230.u205	Proceedings of the debates in plenary sitting of the Assemblée Nationale, sitting: 230, 09/06/2020	2020-06-09	Lower house	15e législature	session ordinaire 2019-2020 (CRSANR5L15S2020O1N230)	-	230. séance	-	COVID	English	Regular	MP	notMinister	LAREM	La République en Marche	Coalition	Centre	PA606171	Ferrand, Richard	M	1962	
ParlaMint-FR-en_2020-06-09-O1230	ParlaMint-FR_2020-06-09-O1230.u206	Proceedings of the debates in plenary sitting of the Assemblée Nationale, sitting: 230, 09/06/2020	2020-06-09	Lower house	15e législature	session ordinaire 2019-2020 (CRSANR5L15S2020O1N230)	-	230. séance	-	COVID	English	Regular	MP	notMinister	LAREM	La République en Marche	Coalition	Centre	PA331835	Iborra, Monique	F	1945	
ParlaMint-FR-en_2020-06-09-O1230	ParlaMint-FR_2020-06-09-O1230.u207	Proceedings of the debates in plenary sitting of the Assemblée Nationale, sitting: 230, 09/06/2020	2020-06-09	Lower house	15e législature	session ordinaire 2019-2020 (CRSANR5L15S2020O1N230)	-	230. séance	-	COVID	English	Regular	MP	notMinister	LAREM	La République en Marche	Coalition	Centre	PA606171	Ferrand, Richard	M	1962	
ParlaMint-FR-en_2020-06-09-O1230	ParlaMint-FR_2020-06-09-O1230.u208	Proceedings of the debates in plenary sitting of the Assemblée Nationale, sitting: 230, 09/06/2020	2020-06-09	Lower house	15e législature	session ordinaire 2019-2020 (CRSANR5L15S2020O1N230)	-	230. séance	-	COVID	English	Regular	MP	notMinister	LR	Les Républicains	Opposition	Centre-right	PA720386	Di Filippo, Fabien	M	1986	
ParlaMint-FR-en_2020-06-09-O1230	ParlaMint-FR_2020-06-09-O1230.u209	Proceedings of the debates in plenary sitting of the Assemblée Nationale, sitting: 230, 09/06/2020	2020-06-09	Lower house	15e législature	session ordinaire 2019-2020 (CRSANR5L15S2020O1N230)	-	230. séance	-	COVID	English	Regular	notMP	notMinister	-	-	-	-	PA642788	Véran, Olivier	M	1980	
ParlaMint-FR-en_2020-06-09-O1230	ParlaMint-FR_2020-06-09-O1230.u210	Proceedings of the debates in plenary sitting of the Assemblée Nationale, sitting: 230, 09/06/2020	2020-06-09	Lower house	15e législature	session ordinaire 2019-2020 (CRSANR5L15S2020O1N230)	-	230. séance	-	COVID	English	Regular	notMP	notMinister	MODEM	Mouvement Démocrate et apparentés	Coalition	Centre to centre-right	PA722374	Isaac-Sibille, Cyrille	M	1958	
ParlaMint-FR-en_2020-06-09-O1230	ParlaMint-FR_2020-06-09-O1230.u211	Proceedings of the debates in plenary sitting of the Assemblée Nationale, sitting: 230, 09/06/2020	2020-06-09	Lower house	15e législature	session ordinaire 2019-2020 (CRSANR5L15S2020O1N230)	-	230. séance	-	COVID	English	Regular	MP	notMinister	LAREM	La République en Marche	Coalition	Centre	PA606171	Ferrand, Richard	M	1962	
ParlaMint-FR-en_2020-06-09-O1230	ParlaMint-FR_2020-06-09-O1230.u212	Proceedings of the debates in plenary sitting of the Assemblée Nationale, sitting: 230, 09/06/2020	2020-06-09	Lower house	15e législature	session ordinaire 2019-2020 (CRSANR5L15S2020O1N230)	-	230. séance	-	COVID	English	Regular	notMP	notMinister	LR	Les Républicains	Opposition	Centre-right	PA643134	Valentin, Isabelle	F	1962	
ParlaMint-FR-en_2020-06-09-O1230	ParlaMint-FR_2020-06-09-O1230.u213	Proceedings of the debates in plenary sitting of the Assemblée Nationale, sitting: 230, 09/06/2020	2020-06-09	Lower house	15e législature	session ordinaire 2019-2020 (CRSANR5L15S2020O1N230)	-	230. séance	-	COVID	English	Regular	MP	notMinister	LAREM	La République en Marche	Coalition	Centre	PA331835	Iborra, Monique	F	1945	
ParlaMint-FR-en_2020-06-09-O1230	ParlaMint-FR_2020-06-09-O1230.u214	Proceedings of the debates in plenary sitting of the Assemblée Nationale, sitting: 230, 09/06/2020	2020-06-09	Lower house	15e législature	session ordinaire 2019-2020 (CRSANR5L15S2020O1N230)	-	230. séance	-	COVID	English	Regular	notMP	notMinister	LR	Les Républicains	Opposition	Centre-right	PA643134	Valentin, Isabelle	F	1962	
ParlaMint-FR-en_2020-06-09-O1230	ParlaMint-FR_2020-06-09-O1230.u215	Proceedings of the debates in plenary sitting of the Assemblée Nationale, sitting: 230, 09/06/2020	2020-06-09	Lower house	15e législature	session ordinaire 2019-2020 (CRSANR5L15S2020O1N230)	-	230. séance	-	COVID	English	Regular	MP	notMinister	LAREM	La République en Marche	Coalition	Centre	PA606171	Ferrand, Richard	M	1962	
ParlaMint-FR-en_2020-06-09-O1230	ParlaMint-FR_2020-06-09-O1230.u216	Proceedings of the debates in plenary sitting of the Assemblée Nationale, sitting: 230, 09/06/2020	2020-06-09	Lower house	15e législature	session ordinaire 2019-2020 (CRSANR5L15S2020O1N230)	-	230. séance	-	COVID	English	Regular	notMP	notMinister	-	-	-	-	PA642788	Véran, Olivier	M	1980	
ParlaMint-FR-en_2020-06-09-O1230	ParlaMint-FR_2020-06-09-O1230.u217	Proceedings of the debates in plenary sitting of the Assemblée Nationale, sitting: 230, 09/06/2020	2020-06-09	Lower house	15e législature	session ordinaire 2019-2020 (CRSANR5L15S2020O1N230)	-	230. séance	-	COVID	English	Regular	MP	notMinister	LR	Les Républicains	Opposition	Centre-right	PA720630	Minot, Maxime	M	1987	
ParlaMint-FR-en_2020-06-09-O1230	ParlaMint-FR_2020-06-09-O1230.u218	Proceedings of the debates in plenary sitting of the Assemblée Nationale, sitting: 230, 09/06/2020	2020-06-09	Lower house	15e législature	session ordinaire 2019-2020 (CRSANR5L15S2020O1N230)	-	230. séance	-	COVID	English	Regular	notMP	notMinister	-	-	-	-	PA642788	Véran, Olivier	M	1980	
ParlaMint-FR-en_2020-06-09-O1230	ParlaMint-FR_2020-06-09-O1230.u219	Proceedings of the debates in plenary sitting of the Assemblée Nationale, sitting: 230, 09/06/2020	2020-06-09	Lower house	15e législature	session ordinaire 2019-2020 (CRSANR5L15S2020O1N230)	-	230. séance	-	COVID	English	Regular	notMP	notMinister	LR	Les Républicains	Opposition	Centre-right	PA1630	Herbillon, Michel	M	1951	
ParlaMint-FR-en_2020-06-09-O1230	ParlaMint-FR_2020-06-09-O1230.u220	Proceedings of the debates in plenary sitting of the Assemblée Nationale, sitting: 230, 09/06/2020	2020-06-09	Lower house	15e législature	session ordinaire 2019-2020 (CRSANR5L15S2020O1N230)	-	230. séance	-	COVID	English	Regular	notMP	notMinister	-	-	-	-	PA642788	Véran, Olivier	M	1980	
ParlaMint-FR-en_2020-06-09-O1230	ParlaMint-FR_2020-06-09-O1230.u221	Proceedings of the debates in plenary sitting of the Assemblée Nationale, sitting: 230, 09/06/2020	2020-06-09	Lower house	15e législature	session ordinaire 2019-2020 (CRSANR5L15S2020O1N230)	-	230. séance	-	COVID	English	Regular	notMP	notMinister	LR	Les Républicains	Opposition	Centre-right	PA1630	Herbillon, Michel	M	1951	
ParlaMint-FR-en_2020-06-09-O1230	ParlaMint-FR_2020-06-09-O1230.u222	Proceedings of the debates in plenary sitting of the Assemblée Nationale, sitting: 230, 09/06/2020	2020-06-09	Lower house	15e législature	session ordinaire 2019-2020 (CRSANR5L15S2020O1N230)	-	230. séance	-	COVID	English	Regular	notMP	notMinister	-	-	-	-	PA642788	Véran, Olivier	M	1980	
ParlaMint-FR-en_2020-06-09-O1230	ParlaMint-FR_2020-06-09-O1230.u223	Proceedings of the debates in plenary sitting of the Assemblée Nationale, sitting: 230, 09/06/2020	2020-06-09	Lower house	15e législature	session ordinaire 2019-2020 (CRSANR5L15S2020O1N230)	-	230. séance	-	COVID	English	Regular	MP	notMinister	LAREM	La République en Marche	Coalition	Centre	PA606171	Ferrand, Richard	M	1962	
ParlaMint-FR-en_2020-06-09-O1230	ParlaMint-FR_2020-06-09-O1230.u224	Proceedings of the debates in plenary sitting of the Assemblée Nationale, sitting: 230, 09/06/2020	2020-06-09	Lower house	15e législature	session ordinaire 2019-2020 (CRSANR5L15S2020O1N230)	-	230. séance	-	COVID	English	Regular	MP	notMinister	UDI_I	UDI et Indépendants	-	Right	PA267585	Vercamer, Francis	M	1958	
ParlaMint-FR-en_2020-06-09-O1230	ParlaMint-FR_2020-06-09-O1230.u225	Proceedings of the debates in plenary sitting of the Assemblée Nationale, sitting: 230, 09/06/2020	2020-06-09	Lower house	15e législature	session ordinaire 2019-2020 (CRSANR5L15S2020O1N230)	-	230. séance	-	COVID	English	Regular	notMP	notMinister	UDI_I	UDI et Indépendants	-	Right	PA332228	Benoit, Thierry	M	1966	
ParlaMint-FR-en_2020-06-09-O1230	ParlaMint-FR_2020-06-09-O1230.u226	Proceedings of the debates in plenary sitting of the Assemblée Nationale, sitting: 230, 09/06/2020	2020-06-09	Lower house	15e législature	session ordinaire 2019-2020 (CRSANR5L15S2020O1N230)	-	230. séance	-	COVID	English	Regular	MP	notMinister	UDI_I	UDI et Indépendants	-	Right	PA267585	Vercamer, Francis	M	1958	
ParlaMint-FR-en_2020-06-09-O1230	ParlaMint-FR_2020-06-09-O1230.u227	Proceedings of the debates in plenary sitting of the Assemblée Nationale, sitting: 230, 09/06/2020	2020-06-09	Lower house	15e législature	session ordinaire 2019-2020 (CRSANR5L15S2020O1N230)	-	230. séance	-	COVID	English	Regular	MP	notMinister	LAREM	La République en Marche	Coalition	Centre	PA606171	Ferrand, Richard	M	1962	
ParlaMint-FR-en_2020-06-09-O1230	ParlaMint-FR_2020-06-09-O1230.u228	Proceedings of the debates in plenary sitting of the Assemblée Nationale, sitting: 230, 09/06/2020	2020-06-09	Lower house	15e législature	session ordinaire 2019-2020 (CRSANR5L15S2020O1N230)	-	230. séance	-	COVID	English	Regular	notMP	notMinister	-	-	-	-	PA345619	Philippe, Édouard	M	1970	
ParlaMint-FR-en_2020-06-09-O1230	ParlaMint-FR_2020-06-09-O1230.u229	Proceedings of the debates in plenary sitting of the Assemblée Nationale, sitting: 230, 09/06/2020	2020-06-09	Lower house	15e législature	session ordinaire 2019-2020 (CRSANR5L15S2020O1N230)	-	230. séance	-	COVID	English	Regular	notMP	notMinister	LT	Libertés et Territoires	-	Big tent	PA942	de Courson, Charles	M	1952	
ParlaMint-FR-en_2020-06-09-O1230	ParlaMint-FR_2020-06-09-O1230.u230	Proceedings of the debates in plenary sitting of the Assemblée Nationale, sitting: 230, 09/06/2020	2020-06-09	Lower house	15e législature	session ordinaire 2019-2020 (CRSANR5L15S2020O1N230)	-	230. séance	-	COVID	English	Regular	MP	notMinister	LR	Les Républicains	Opposition	Centre-right	PA720386	Di Filippo, Fabien	M	1986	
ParlaMint-FR-en_2020-06-09-O1230	ParlaMint-FR_2020-06-09-O1230.u231	Proceedings of the debates in plenary sitting of the Assemblée Nationale, sitting: 230, 09/06/2020	2020-06-09	Lower house	15e législature	session ordinaire 2019-2020 (CRSANR5L15S2020O1N230)	-	230. séance	-	COVID	English	Regular	notMP	notMinister	LR	Les Républicains	Opposition	Centre-right	PA608416	Hetzel, Patrick	M	1964	
ParlaMint-FR-en_2020-06-09-O1230	ParlaMint-FR_2020-06-09-O1230.u232	Proceedings of the debates in plenary sitting of the Assemblée Nationale, sitting: 230, 09/06/2020	2020-06-09	Lower house	15e législature	session ordinaire 2019-2020 (CRSANR5L15S2020O1N230)	-	230. séance	-	COVID	English	Regular	notMP	notMinister	-	-	-	-	PA345619	Philippe, Édouard	M	1970	
ParlaMint-FR-en_2020-06-09-O1230	ParlaMint-FR_2020-06-09-O1230.u233	Proceedings of the debates in plenary sitting of the Assemblée Nationale, sitting: 230, 09/06/2020	2020-06-09	Lower house	15e législature	session ordinaire 2019-2020 (CRSANR5L15S2020O1N230)	-	230. séance	-	COVID	English	Regular	MP	notMinister	LAREM	La République en Marche	Coalition	Centre	PA606171	Ferrand, Richard	M	1962	
ParlaMint-FR-en_2020-06-09-O1230	ParlaMint-FR_2020-06-09-O1230.u234	Proceedings of the debates in plenary sitting of the Assemblée Nationale, sitting: 230, 09/06/2020	2020-06-09	Lower house	15e législature	session ordinaire 2019-2020 (CRSANR5L15S2020O1N230)	-	230. séance	-	COVID	English	Regular	MP	notMinister	AGIR-E	Agir ensemble	Coalition	-	PA720214	Kuric, Aina	F	1987	
ParlaMint-FR-en_2020-06-09-O1230	ParlaMint-FR_2020-06-09-O1230.u235	Proceedings of the debates in plenary sitting of the Assemblée Nationale, sitting: 230, 09/06/2020	2020-06-09	Lower house	15e législature	session ordinaire 2019-2020 (CRSANR5L15S2020O1N230)	-	230. séance	-	COVID	English	Regular	MP	notMinister	LAREM	La République en Marche	Coalition	Centre	PA606171	Ferrand, Richard	M	1962	
ParlaMint-FR-en_2020-06-09-O1230	ParlaMint-FR_2020-06-09-O1230.u236	Proceedings of the debates in plenary sitting of the Assemblée Nationale, sitting: 230, 09/06/2020	2020-06-09	Lower house	15e législature	session ordinaire 2019-2020 (CRSANR5L15S2020O1N230)	-	230. séance	-	COVID	English	Regular	notMP	notMinister	-	-	-	-	PA703535	Lemoyne, Jean-Baptiste	M	1977	
ParlaMint-FR-en_2020-06-09-O1230	ParlaMint-FR_2020-06-09-O1230.u237	Proceedings of the debates in plenary sitting of the Assemblée Nationale, sitting: 230, 09/06/2020	2020-06-09	Lower house	15e législature	session ordinaire 2019-2020 (CRSANR5L15S2020O1N230)	-	230. séance	-	COVID	English	Regular	MP	notMinister	LAREM	La République en Marche	Coalition	Centre	PA606171	Ferrand, Richard	M	1962	
ParlaMint-FR-en_2020-06-09-O1230	ParlaMint-FR_2020-06-09-O1230.u238	Proceedings of the debates in plenary sitting of the Assemblée Nationale, sitting: 230, 09/06/2020	2020-06-09	Lower house	15e législature	session ordinaire 2019-2020 (CRSANR5L15S2020O1N230)	-	230. séance	-	COVID	English	Regular	MP	notMinister	EDS	Écologie Démocratie Solidarité	-	Left	PA722126	Chiche, Guillaume	M	1986	
ParlaMint-FR-en_2020-06-09-O1230	ParlaMint-FR_2020-06-09-O1230.u239	Proceedings of the debates in plenary sitting of the Assemblée Nationale, sitting: 230, 09/06/2020	2020-06-09	Lower house	15e législature	session ordinaire 2019-2020 (CRSANR5L15S2020O1N230)	-	230. séance	-	COVID	English	Regular	notMP	notMinister	LR	Les Républicains	Opposition	Centre-right	PA330008	Breton, Xavier	M	1962	
ParlaMint-FR-en_2020-06-09-O1230	ParlaMint-FR_2020-06-09-O1230.u240	Proceedings of the debates in plenary sitting of the Assemblée Nationale, sitting: 230, 09/06/2020	2020-06-09	Lower house	15e législature	session ordinaire 2019-2020 (CRSANR5L15S2020O1N230)	-	230. séance	-	COVID	English	Regular	MP	notMinister	EDS	Écologie Démocratie Solidarité	-	Left	PA722126	Chiche, Guillaume	M	1986	
ParlaMint-FR-en_2020-06-09-O1230	ParlaMint-FR_2020-06-09-O1230.u241	Proceedings of the debates in plenary sitting of the Assemblée Nationale, sitting: 230, 09/06/2020	2020-06-09	Lower house	15e législature	session ordinaire 2019-2020 (CRSANR5L15S2020O1N230)	-	230. séance	-	COVID	English	Regular	MP	notMinister	LR	Les Républicains	Opposition	Centre-right	PA720630	Minot, Maxime	M	1987	
ParlaMint-FR-en_2020-06-09-O1230	ParlaMint-FR_2020-06-09-O1230.u242	Proceedings of the debates in plenary sitting of the Assemblée Nationale, sitting: 230, 09/06/2020	2020-06-09	Lower house	15e législature	session ordinaire 2019-2020 (CRSANR5L15S2020O1N230)	-	230. séance	-	COVID	English	Regular	MP	notMinister	EDS	Écologie Démocratie Solidarité	-	Left	PA722126	Chiche, Guillaume	M	1986	
ParlaMint-FR-en_2020-06-09-O1230	ParlaMint-FR_2020-06-09-O1230.u243	Proceedings of the debates in plenary sitting of the Assemblée Nationale, sitting: 230, 09/06/2020	2020-06-09	Lower house	15e législature	session ordinaire 2019-2020 (CRSANR5L15S2020O1N230)	-	230. séance	-	COVID	English	Regular	MP	notMinister	LAREM	La République en Marche	Coalition	Centre	PA606171	Ferrand, Richard	M	1962	
ParlaMint-FR-en_2020-06-09-O1230	ParlaMint-FR_2020-06-09-O1230.u244	Proceedings of the debates in plenary sitting of the Assemblée Nationale, sitting: 230, 09/06/2020	2020-06-09	Lower house	15e législature	session ordinaire 2019-2020 (CRSANR5L15S2020O1N230)	-	230. séance	-	COVID	English	Regular	MP	notMinister	EDS	Écologie Démocratie Solidarité	-	Left	PA722126	Chiche, Guillaume	M	1986	
ParlaMint-FR-en_2020-06-09-O1230	ParlaMint-FR_2020-06-09-O1230.u245	Proceedings of the debates in plenary sitting of the Assemblée Nationale, sitting: 230, 09/06/2020	2020-06-09	Lower house	15e législature	session ordinaire 2019-2020 (CRSANR5L15S2020O1N230)	-	230. séance	-	COVID	English	Regular	MP	notMinister	LAREM	La République en Marche	Coalition	Centre	PA606171	Ferrand, Richard	M	1962	
ParlaMint-FR-en_2020-06-09-O1230	ParlaMint-FR_2020-06-09-O1230.u246	Proceedings of the debates in plenary sitting of the Assemblée Nationale, sitting: 230, 09/06/2020	2020-06-09	Lower house	15e législature	session ordinaire 2019-2020 (CRSANR5L15S2020O1N230)	-	230. séance	-	COVID	English	Regular	notMP	notMinister	-	-	-	-	PA642788	Véran, Olivier	M	1980	
ParlaMint-FR-en_2020-06-09-O1230	ParlaMint-FR_2020-06-09-O1230.u247	Proceedings of the debates in plenary sitting of the Assemblée Nationale, sitting: 230, 09/06/2020	2020-06-09	Lower house	15e législature	session ordinaire 2019-2020 (CRSANR5L15S2020O1N230)	-	230. séance	-	COVID	English	Regular	MP	notMinister	LR	Les Républicains	Opposition	Centre-right	PA720630	Minot, Maxime	M	1987	
ParlaMint-FR-en_2020-06-09-O1230	ParlaMint-FR_2020-06-09-O1230.u248	Proceedings of the debates in plenary sitting of the Assemblée Nationale, sitting: 230, 09/06/2020	2020-06-09	Lower house	15e législature	session ordinaire 2019-2020 (CRSANR5L15S2020O1N230)	-	230. séance	-	COVID	English	Regular	notMP	notMinister	-	-	-	-	PA642788	Véran, Olivier	M	1980	
ParlaMint-FR-en_2020-06-09-O1230	ParlaMint-FR_2020-06-09-O1230.u249	Proceedings of the debates in plenary sitting of the Assemblée Nationale, sitting: 230, 09/06/2020	2020-06-09	Lower house	15e législature	session ordinaire 2019-2020 (CRSANR5L15S2020O1N230)	-	230. séance	-	COVID	English	Regular	notMP	notMinister	LR	Les Républicains	Opposition	Centre-right	PA330008	Breton, Xavier	M	1962	
ParlaMint-FR-en_2020-06-09-O1230	ParlaMint-FR_2020-06-09-O1230.u250	Proceedings of the debates in plenary sitting of the Assemblée Nationale, sitting: 230, 09/06/2020	2020-06-09	Lower house	15e législature	session ordinaire 2019-2020 (CRSANR5L15S2020O1N230)	-	230. séance	-	COVID	English	Regular	notMP	notMinister	-	-	-	-	PA642788	Véran, Olivier	M	1980	
ParlaMint-FR-en_2020-06-09-O1230	ParlaMint-FR_2020-06-09-O1230.u251	Proceedings of the debates in plenary sitting of the Assemblée Nationale, sitting: 230, 09/06/2020	2020-06-09	Lower house	15e législature	session ordinaire 2019-2020 (CRSANR5L15S2020O1N230)	-	230. séance	-	COVID	English	Regular	MP	notMinister	LAREM	La République en Marche	Coalition	Centre	PA606171	Ferrand, Richard	M	1962	
ParlaMint-FR-en_2020-06-09-O1230	ParlaMint-FR_2020-06-09-O1230.u252	Proceedings of the debates in plenary sitting of the Assemblée Nationale, sitting: 230, 09/06/2020	2020-06-09	Lower house	15e législature	session ordinaire 2019-2020 (CRSANR5L15S2020O1N230)	-	230. séance	-	COVID	English	Regular	notMP	notMinister	GDR	Gauche démocrate et républicaine	Opposition	Left	PA721896	Faucillon, Elsa	F	1981	
ParlaMint-FR-en_2020-06-09-O1230	ParlaMint-FR_2020-06-09-O1230.u253	Proceedings of the debates in plenary sitting of the Assemblée Nationale, sitting: 230, 09/06/2020	2020-06-09	Lower house	15e législature	session ordinaire 2019-2020 (CRSANR5L15S2020O1N230)	-	230. séance	-	COVID	English	Regular	MP	notMinister	LAREM	La République en Marche	Coalition	Centre	PA606171	Ferrand, Richard	M	1962	
ParlaMint-FR-en_2020-06-09-O1230	ParlaMint-FR_2020-06-09-O1230.u254	Proceedings of the debates in plenary sitting of the Assemblée Nationale, sitting: 230, 09/06/2020	2020-06-09	Lower house	15e législature	session ordinaire 2019-2020 (CRSANR5L15S2020O1N230)	-	230. séance	-	COVID	English	Guest	notMP	notMinister	-	-	-	-	PA759834	Nuñez, Laurent	M	1964	
ParlaMint-FR-en_2020-06-09-O1230	ParlaMint-FR_2020-06-09-O1230.u255	Proceedings of the debates in plenary sitting of the Assemblée Nationale, sitting: 230, 09/06/2020	2020-06-09	Lower house	15e législature	session ordinaire 2019-2020 (CRSANR5L15S2020O1N230)	-	230. séance	-	COVID	English	Regular	notMP	notMinister	GDR	Gauche démocrate et républicaine	Opposition	Left	PA721896	Faucillon, Elsa	F	1981	
ParlaMint-FR-en_2020-06-09-O1230	ParlaMint-FR_2020-06-09-O1230.u256	Proceedings of the debates in plenary sitting of the Assemblée Nationale, sitting: 230, 09/06/2020	2020-06-09	Lower house	15e législature	session ordinaire 2019-2020 (CRSANR5L15S2020O1N230)	-	230. séance	-	COVID	English	Guest	notMP	notMinister	-	-	-	-	PA759834	Nuñez, Laurent	M	1964	
ParlaMint-FR-en_2020-06-09-O1230	ParlaMint-FR_2020-06-09-O1230.u257	Proceedings of the debates in plenary sitting of the Assemblée Nationale, sitting: 230, 09/06/2020	2020-06-09	Lower house	15e législature	session ordinaire 2019-2020 (CRSANR5L15S2020O1N230)	-	230. séance	-	COVID	English	Regular	MP	notMinister	LAREM	La République en Marche	Coalition	Centre	PA606171	Ferrand, Richard	M	1962	
ParlaMint-FR-en_2020-06-09-O1230	ParlaMint-FR_2020-06-09-O1230.u258	Proceedings of the debates in plenary sitting of the Assemblée Nationale, sitting: 230, 09/06/2020	2020-06-09	Lower house	15e législature	session ordinaire 2019-2020 (CRSANR5L15S2020O1N230)	-	230. séance	-	COVID	English	Regular	MP	notMinister	FI	La France insoumise	Opposition	Left to far-left	PA721210	Corbière, Alexis	M	1968	
ParlaMint-FR-en_2020-06-09-O1230	ParlaMint-FR_2020-06-09-O1230.u259	Proceedings of the debates in plenary sitting of the Assemblée Nationale, sitting: 230, 09/06/2020	2020-06-09	Lower house	15e législature	session ordinaire 2019-2020 (CRSANR5L15S2020O1N230)	-	230. séance	-	COVID	English	Guest	notMP	notMinister	-	-	-	-	PA759834	Nuñez, Laurent	M	1964	
ParlaMint-FR-en_2020-06-09-O1230	ParlaMint-FR_2020-06-09-O1230.u260	Proceedings of the debates in plenary sitting of the Assemblée Nationale, sitting: 230, 09/06/2020	2020-06-09	Lower house	15e législature	session ordinaire 2019-2020 (CRSANR5L15S2020O1N230)	-	230. séance	-	COVID	English	Regular	MP	notMinister	FI	La France insoumise	Opposition	Left to far-left	PA720430	Bernalicis, Ugo	M	1989	
ParlaMint-FR-en_2020-06-09-O1230	ParlaMint-FR_2020-06-09-O1230.u261	Proceedings of the debates in plenary sitting of the Assemblée Nationale, sitting: 230, 09/06/2020	2020-06-09	Lower house	15e législature	session ordinaire 2019-2020 (CRSANR5L15S2020O1N230)	-	230. séance	-	COVID	English	Guest	notMP	notMinister	-	-	-	-	PA759834	Nuñez, Laurent	M	1964	
ParlaMint-FR-en_2020-06-09-O1230	ParlaMint-FR_2020-06-09-O1230.u262	Proceedings of the debates in plenary sitting of the Assemblée Nationale, sitting: 230, 09/06/2020	2020-06-09	Lower house	15e législature	session ordinaire 2019-2020 (CRSANR5L15S2020O1N230)	-	230. séance	-	COVID	English	Regular	notMP	notMinister	GDR	Gauche démocrate et républicaine	Opposition	Left	PA721896	Faucillon, Elsa	F	1981	
ParlaMint-FR-en_2020-06-09-O1230	ParlaMint-FR_2020-06-09-O1230.u263	Proceedings of the debates in plenary sitting of the Assemblée Nationale, sitting: 230, 09/06/2020	2020-06-09	Lower house	15e législature	session ordinaire 2019-2020 (CRSANR5L15S2020O1N230)	-	230. séance	-	COVID	English	Guest	notMP	notMinister	-	-	-	-	PA759834	Nuñez, Laurent	M	1964	
ParlaMint-FR-en_2020-06-09-O1230	ParlaMint-FR_2020-06-09-O1230.u264	Proceedings of the debates in plenary sitting of the Assemblée Nationale, sitting: 230, 09/06/2020	2020-06-09	Lower house	15e législature	session ordinaire 2019-2020 (CRSANR5L15S2020O1N230)	-	230. séance	-	COVID	English	Regular	MP	notMinister	LAREM	La République en Marche	Coalition	Centre	PA606171	Ferrand, Richard	M	1962	
ParlaMint-FR-en_2020-06-09-O1230	ParlaMint-FR_2020-06-09-O1230.u265	Proceedings of the debates in plenary sitting of the Assemblée Nationale, sitting: 230, 09/06/2020	2020-06-09	Lower house	15e législature	session ordinaire 2019-2020 (CRSANR5L15S2020O1N230)	-	230. séance	-	COVID	English	Regular	MP	notMinister	LAREM	La République en Marche	Coalition	Centre	PA606171	Ferrand, Richard	M	1962	
ParlaMint-FR-en_2020-06-09-O1230	ParlaMint-FR_2020-06-09-O1230.u266	Proceedings of the debates in plenary sitting of the Assemblée Nationale, sitting: 230, 09/06/2020	2020-06-09	Lower house	15e législature	session ordinaire 2019-2020 (CRSANR5L15S2020O1N230)	-	230. séance	-	COVID	English	Regular	notMP	notMinister	LAREM	La République en Marche	Coalition	Centre	PA718930	Petel, Anne-Laurence	F	1970	
ParlaMint-FR-en_2020-06-09-O1230	ParlaMint-FR_2020-06-09-O1230.u267	Proceedings of the debates in plenary sitting of the Assemblée Nationale, sitting: 230, 09/06/2020	2020-06-09	Lower house	15e législature	session ordinaire 2019-2020 (CRSANR5L15S2020O1N230)	-	230. séance	-	COVID	English	Regular	MP	notMinister	LR	Les Républicains	Opposition	Centre-right	PA266774	Furst, Laurent	M	1965	
ParlaMint-FR-en_2020-06-09-O1230	ParlaMint-FR_2020-06-09-O1230.u268	Proceedings of the debates in plenary sitting of the Assemblée Nationale, sitting: 230, 09/06/2020	2020-06-09	Lower house	15e législature	session ordinaire 2019-2020 (CRSANR5L15S2020O1N230)	-	230. séance	-	COVID	English	Regular	notMP	notMinister	LAREM	La République en Marche	Coalition	Centre	PA718930	Petel, Anne-Laurence	F	1970	
ParlaMint-FR-en_2020-06-09-O1230	ParlaMint-FR_2020-06-09-O1230.u269	Proceedings of the debates in plenary sitting of the Assemblée Nationale, sitting: 230, 09/06/2020	2020-06-09	Lower house	15e législature	session ordinaire 2019-2020 (CRSANR5L15S2020O1N230)	-	230. séance	-	COVID	English	Regular	MP	notMinister	LAREM	La République en Marche	Coalition	Centre	PA606171	Ferrand, Richard	M	1962	
ParlaMint-FR-en_2020-06-09-O1230	ParlaMint-FR_2020-06-09-O1230.u270	Proceedings of the debates in plenary sitting of the Assemblée Nationale, sitting: 230, 09/06/2020	2020-06-09	Lower house	15e législature	session ordinaire 2019-2020 (CRSANR5L15S2020O1N230)	-	230. séance	-	COVID	English	Regular	notMP	Minister	-	-	-	-	PA605131	Castaner, Christophe	M	1966	
ParlaMint-FR-en_2020-06-09-O1230	ParlaMint-FR_2020-06-09-O1230.u271	Proceedings of the debates in plenary sitting of the Assemblée Nationale, sitting: 230, 09/06/2020	2020-06-09	Lower house	15e législature	session ordinaire 2019-2020 (CRSANR5L15S2020O1N230)	-	230. séance	-	COVID	English	Regular	notMP	notMinister	-	-	-	-	PA718850	Cordier, Pierre	M	1972	
ParlaMint-FR-en_2020-06-09-O1230	ParlaMint-FR_2020-06-09-O1230.u272	Proceedings of the debates in plenary sitting of the Assemblée Nationale, sitting: 230, 09/06/2020	2020-06-09	Lower house	15e législature	session ordinaire 2019-2020 (CRSANR5L15S2020O1N230)	-	230. séance	-	COVID	English	Regular	notMP	Minister	-	-	-	-	PA605131	Castaner, Christophe	M	1966	
ParlaMint-FR-en_2020-06-09-O1230	ParlaMint-FR_2020-06-09-O1230.u273	Proceedings of the debates in plenary sitting of the Assemblée Nationale, sitting: 230, 09/06/2020	2020-06-09	Lower house	15e législature	session ordinaire 2019-2020 (CRSANR5L15S2020O1N230)	-	230. séance	-	COVID	English	Regular	notMP	notMinister	-	-	-	-	PA718850	Cordier, Pierre	M	1972	
ParlaMint-FR-en_2020-06-09-O1230	ParlaMint-FR_2020-06-09-O1230.u274	Proceedings of the debates in plenary sitting of the Assemblée Nationale, sitting: 230, 09/06/2020	2020-06-09	Lower house	15e législature	session ordinaire 2019-2020 (CRSANR5L15S2020O1N230)	-	230. séance	-	COVID	English	Regular	notMP	Minister	-	-	-	-	PA605131	Castaner, Christophe	M	1966	
ParlaMint-FR-en_2020-06-09-O1230	ParlaMint-FR_2020-06-09-O1230.u275	Proceedings of the debates in plenary sitting of the Assemblée Nationale, sitting: 230, 09/06/2020	2020-06-09	Lower house	15e législature	session ordinaire 2019-2020 (CRSANR5L15S2020O1N230)	-	230. séance	-	COVID	English	Regular	MP	notMinister	LAREM	La République en Marche	Coalition	Centre	PA606171	Ferrand, Richard	M	1962	
ParlaMint-FR-en_2020-06-09-O1230	ParlaMint-FR_2020-06-09-O1230.u276	Proceedings of the debates in plenary sitting of the Assemblée Nationale, sitting: 230, 09/06/2020	2020-06-09	Lower house	15e législature	session ordinaire 2019-2020 (CRSANR5L15S2020O1N230)	-	230. séance	-	COVID	English	Regular	MP	notMinister	FI	La France insoumise	Opposition	Left to far-left	PA720430	Bernalicis, Ugo	M	1989	
ParlaMint-FR-en_2020-06-09-O1230	ParlaMint-FR_2020-06-09-O1230.u277	Proceedings of the debates in plenary sitting of the Assemblée Nationale, sitting: 230, 09/06/2020	2020-06-09	Lower house	15e législature	session ordinaire 2019-2020 (CRSANR5L15S2020O1N230)	-	230. séance	-	COVID	English	Regular	notMP	Minister	-	-	-	-	PA605131	Castaner, Christophe	M	1966	
ParlaMint-FR-en_2020-06-09-O1230	ParlaMint-FR_2020-06-09-O1230.u278	Proceedings of the debates in plenary sitting of the Assemblée Nationale, sitting: 230, 09/06/2020	2020-06-09	Lower house	15e législature	session ordinaire 2019-2020 (CRSANR5L15S2020O1N230)	-	230. séance	-	COVID	English	Regular	MP	notMinister	FI	La France insoumise	Opposition	Left to far-left	PA720430	Bernalicis, Ugo	M	1989	
ParlaMint-FR-en_2020-06-09-O1230	ParlaMint-FR_2020-06-09-O1230.u279	Proceedings of the debates in plenary sitting of the Assemblée Nationale, sitting: 230, 09/06/2020	2020-06-09	Lower house	15e législature	session ordinaire 2019-2020 (CRSANR5L15S2020O1N230)	-	230. séance	-	COVID	English	Regular	MP	notMinister	LAREM	La République en Marche	Coalition	Centre	PA606171	Ferrand, Richard	M	1962	
ParlaMint-FR-en_2020-06-09-O1230	ParlaMint-FR_2020-06-09-O1230.u280	Proceedings of the debates in plenary sitting of the Assemblée Nationale, sitting: 230, 09/06/2020	2020-06-09	Lower house	15e législature	session ordinaire 2019-2020 (CRSANR5L15S2020O1N230)	-	230. séance	-	COVID	English	Guest	notMP	notMinister	-	-	-	-	PA759834	Nuñez, Laurent	M	1964	
ParlaMint-FR-en_2020-06-09-O1230	ParlaMint-FR_2020-06-09-O1230.u281	Proceedings of the debates in plenary sitting of the Assemblée Nationale, sitting: 230, 09/06/2020	2020-06-09	Lower house	15e législature	session ordinaire 2019-2020 (CRSANR5L15S2020O1N230)	-	230. séance	-	COVID	English	Regular	MP	notMinister	LAREM	La République en Marche	Coalition	Centre	PA719218	Berville, Hervé	M	1990	
ParlaMint-FR-en_2020-06-09-O1230	ParlaMint-FR_2020-06-09-O1230.u282	Proceedings of the debates in plenary sitting of the Assemblée Nationale, sitting: 230, 09/06/2020	2020-06-09	Lower house	15e législature	session ordinaire 2019-2020 (CRSANR5L15S2020O1N230)	-	230. séance	-	COVID	English	Guest	notMP	notMinister	-	-	-	-	PA759834	Nuñez, Laurent	M	1964	
ParlaMint-FR-en_2020-06-09-O1230	ParlaMint-FR_2020-06-09-O1230.u283	Proceedings of the debates in plenary sitting of the Assemblée Nationale, sitting: 230, 09/06/2020	2020-06-09	Lower house	15e législature	session ordinaire 2019-2020 (CRSANR5L15S2020O1N230)	-	230. séance	-	COVID	English	Regular	MP	notMinister	LR	Les Républicains	Opposition	Centre-right	PA1874	Le Fur, Marc	M	1956	
ParlaMint-FR-en_2020-06-09-O1230	ParlaMint-FR_2020-06-09-O1230.u284	Proceedings of the debates in plenary sitting of the Assemblée Nationale, sitting: 230, 09/06/2020	2020-06-09	Lower house	15e législature	session ordinaire 2019-2020 (CRSANR5L15S2020O1N230)	-	230. séance	-	COVID	English	Guest	notMP	notMinister	-	-	-	-	PA759834	Nuñez, Laurent	M	1964	
ParlaMint-FR-en_2020-06-09-O1230	ParlaMint-FR_2020-06-09-O1230.u285	Proceedings of the debates in plenary sitting of the Assemblée Nationale, sitting: 230, 09/06/2020	2020-06-09	Lower house	15e législature	session ordinaire 2019-2020 (CRSANR5L15S2020O1N230)	-	230. séance	-	COVID	English	Regular	notMP	notMinister	SOC	Socialistes et apparentés	-	Centre-left to left	PA608695	Untermaier, Cécile	F	1951	
ParlaMint-FR-en_2020-06-09-O1230	ParlaMint-FR_2020-06-09-O1230.u286	Proceedings of the debates in plenary sitting of the Assemblée Nationale, sitting: 230, 09/06/2020	2020-06-09	Lower house	15e législature	session ordinaire 2019-2020 (CRSANR5L15S2020O1N230)	-	230. séance	-	COVID	English	Guest	notMP	notMinister	-	-	-	-	PA759834	Nuñez, Laurent	M	1964	
ParlaMint-FR-en_2020-06-09-O1230	ParlaMint-FR_2020-06-09-O1230.u287	Proceedings of the debates in plenary sitting of the Assemblée Nationale, sitting: 230, 09/06/2020	2020-06-09	Lower house	15e législature	session ordinaire 2019-2020 (CRSANR5L15S2020O1N230)	-	230. séance	-	COVID	English	Regular	notMP	notMinister	FI	La France insoumise	Opposition	Left to far-left	PA720286	Fiat, Caroline	F	1977	
ParlaMint-FR-en_2020-06-09-O1230	ParlaMint-FR_2020-06-09-O1230.u288	Proceedings of the debates in plenary sitting of the Assemblée Nationale, sitting: 230, 09/06/2020	2020-06-09	Lower house	15e législature	session ordinaire 2019-2020 (CRSANR5L15S2020O1N230)	-	230. séance	-	COVID	English	Guest	notMP	notMinister	-	-	-	-	PA759834	Nuñez, Laurent	M	1964	
ParlaMint-FR-en_2020-06-09-O1230	ParlaMint-FR_2020-06-09-O1230.u289	Proceedings of the debates in plenary sitting of the Assemblée Nationale, sitting: 230, 09/06/2020	2020-06-09	Lower house	15e législature	session ordinaire 2019-2020 (CRSANR5L15S2020O1N230)	-	230. séance	-	COVID	English	Regular	MP	notMinister	FI	La France insoumise	Opposition	Left to far-left	PA720430	Bernalicis, Ugo	M	1989	
ParlaMint-FR-en_2020-06-09-O1230	ParlaMint-FR_2020-06-09-O1230.u290	Proceedings of the debates in plenary sitting of the Assemblée Nationale, sitting: 230, 09/06/2020	2020-06-09	Lower house	15e législature	session ordinaire 2019-2020 (CRSANR5L15S2020O1N230)	-	230. séance	-	COVID	English	Guest	notMP	notMinister	-	-	-	-	PA759834	Nuñez, Laurent	M	1964	
ParlaMint-FR-en_2020-06-09-O1230	ParlaMint-FR_2020-06-09-O1230.u291	Proceedings of the debates in plenary sitting of the Assemblée Nationale, sitting: 230, 09/06/2020	2020-06-09	Lower house	15e législature	session ordinaire 2019-2020 (CRSANR5L15S2020O1N230)	-	230. séance	-	COVID	English	Regular	MP	notMinister	LAREM	La République en Marche	Coalition	Centre	PA606171	Ferrand, Richard	M	1962	
ParlaMint-FR-en_2020-06-09-O1230	ParlaMint-FR_2020-06-09-O1230.u292	Proceedings of the debates in plenary sitting of the Assemblée Nationale, sitting: 230, 09/06/2020	2020-06-09	Lower house	15e législature	session ordinaire 2019-2020 (CRSANR5L15S2020O1N230)	-	230. séance	-	COVID	English	Guest	notMP	notMinister	-	-	-	-	PA759834	Nuñez, Laurent	M	1964	
ParlaMint-FR-en_2020-06-09-O1230	ParlaMint-FR_2020-06-09-O1230.u293	Proceedings of the debates in plenary sitting of the Assemblée Nationale, sitting: 230, 09/06/2020	2020-06-09	Lower house	15e législature	session ordinaire 2019-2020 (CRSANR5L15S2020O1N230)	-	230. séance	-	COVID	English	Regular	MP	notMinister	LAREM	La République en Marche	Coalition	Centre	PA606171	Ferrand, Richard	M	1962	
ParlaMint-FR-en_2020-06-09-O1230	ParlaMint-FR_2020-06-09-O1230.u294	Proceedings of the debates in plenary sitting of the Assemblée Nationale, sitting: 230, 09/06/2020	2020-06-09	Lower house	15e législature	session ordinaire 2019-2020 (CRSANR5L15S2020O1N230)	-	230. séance	-	COVID	English	Regular	MP	notMinister	MODEM	Mouvement Démocrate et apparentés	Coalition	Centre to centre-right	PA720652	Duvergé, Bruno	M	1957	
ParlaMint-FR-en_2020-06-09-O1230	ParlaMint-FR_2020-06-09-O1230.u295	Proceedings of the debates in plenary sitting of the Assemblée Nationale, sitting: 230, 09/06/2020	2020-06-09	Lower house	15e législature	session ordinaire 2019-2020 (CRSANR5L15S2020O1N230)	-	230. séance	-	COVID	English	Regular	MP	notMinister	LAREM	La République en Marche	Coalition	Centre	PA606171	Ferrand, Richard	M	1962	
ParlaMint-FR-en_2020-06-09-O1230	ParlaMint-FR_2020-06-09-O1230.u296	Proceedings of the debates in plenary sitting of the Assemblée Nationale, sitting: 230, 09/06/2020	2020-06-09	Lower house	15e législature	session ordinaire 2019-2020 (CRSANR5L15S2020O1N230)	-	230. séance	-	COVID	English	Guest	-	-	-	-	-	-	-	-	-	-
ParlaMint-FR-en_2020-06-09-O1230	ParlaMint-FR_2020-06-09-O1230.u297	Proceedings of the debates in plenary sitting of the Assemblée Nationale, sitting: 230, 09/06/2020	2020-06-09	Lower house	15e législature	session ordinaire 2019-2020 (CRSANR5L15S2020O1N230)	-	230. séance	-	COVID	English	Regular	MP	notMinister	LAREM	La République en Marche	Coalition	Centre	PA606171	Ferrand, Richard	M	1962	
ParlaMint-FR-en_2020-06-09-O1230	ParlaMint-FR_2020-06-09-O1230.u298	Proceedings of the debates in plenary sitting of the Assemblée Nationale, sitting: 230, 09/06/2020	2020-06-09	Lower house	15e législature	session ordinaire 2019-2020 (CRSANR5L15S2020O1N230)	-	230. séance	-	COVID	English	Regular	notMP	notMinister	SOC	Socialistes et apparentés	-	Centre-left to left	PA609332	Faure, Olivier	M	1968	
ParlaMint-FR-en_2020-06-09-O1230	ParlaMint-FR_2020-06-09-O1230.u299	Proceedings of the debates in plenary sitting of the Assemblée Nationale, sitting: 230, 09/06/2020	2020-06-09	Lower house	15e législature	session ordinaire 2019-2020 (CRSANR5L15S2020O1N230)	-	230. séance	-	COVID	English	Regular	notMP	notMinister	FI	La France insoumise	Opposition	Left to far-left	PA721202	Coquerel, Éric	M	1958	
ParlaMint-FR-en_2020-06-09-O1230	ParlaMint-FR_2020-06-09-O1230.u300	Proceedings of the debates in plenary sitting of the Assemblée Nationale, sitting: 230, 09/06/2020	2020-06-09	Lower house	15e législature	session ordinaire 2019-2020 (CRSANR5L15S2020O1N230)	-	230. séance	-	COVID	English	Regular	notMP	notMinister	SOC	Socialistes et apparentés	-	Centre-left to left	PA609332	Faure, Olivier	M	1968	
ParlaMint-FR-en_2020-06-09-O1230	ParlaMint-FR_2020-06-09-O1230.u301	Proceedings of the debates in plenary sitting of the Assemblée Nationale, sitting: 230, 09/06/2020	2020-06-09	Lower house	15e législature	session ordinaire 2019-2020 (CRSANR5L15S2020O1N230)	-	230. séance	-	COVID	English	Regular	MP	notMinister	LAREM	La République en Marche	Coalition	Centre	PA606171	Ferrand, Richard	M	1962	
ParlaMint-FR-en_2020-06-09-O1230	ParlaMint-FR_2020-06-09-O1230.u302	Proceedings of the debates in plenary sitting of the Assemblée Nationale, sitting: 230, 09/06/2020	2020-06-09	Lower house	15e législature	session ordinaire 2019-2020 (CRSANR5L15S2020O1N230)	-	230. séance	-	COVID	English	Regular	notMP	Minister	-	-	-	-	PA605131	Castaner, Christophe	M	1966	
ParlaMint-FR-en_2020-06-09-O1230	ParlaMint-FR_2020-06-09-O1230.u303	Proceedings of the debates in plenary sitting of the Assemblée Nationale, sitting: 230, 09/06/2020	2020-06-09	Lower house	15e législature	session ordinaire 2019-2020 (CRSANR5L15S2020O1N230)	-	230. séance	-	COVID	English	Regular	notMP	notMinister	SOC	Socialistes et apparentés	-	Centre-left to left	PA609332	Faure, Olivier	M	1968	
ParlaMint-FR-en_2020-06-09-O1230	ParlaMint-FR_2020-06-09-O1230.u304	Proceedings of the debates in plenary sitting of the Assemblée Nationale, sitting: 230, 09/06/2020	2020-06-09	Lower house	15e législature	session ordinaire 2019-2020 (CRSANR5L15S2020O1N230)	-	230. séance	-	COVID	English	Regular	notMP	notMinister	LR	Les Républicains	Opposition	Centre-right	PA720684	Dumont, Pierre-Henri	M	1987	
ParlaMint-FR-en_2020-06-09-O1230	ParlaMint-FR_2020-06-09-O1230.u305	Proceedings of the debates in plenary sitting of the Assemblée Nationale, sitting: 230, 09/06/2020	2020-06-09	Lower house	15e législature	session ordinaire 2019-2020 (CRSANR5L15S2020O1N230)	-	230. séance	-	COVID	English	Regular	notMP	Minister	-	-	-	-	PA605131	Castaner, Christophe	M	1966	
ParlaMint-FR-en_2020-06-09-O1230	ParlaMint-FR_2020-06-09-O1230.u306	Proceedings of the debates in plenary sitting of the Assemblée Nationale, sitting: 230, 09/06/2020	2020-06-09	Lower house	15e législature	session ordinaire 2019-2020 (CRSANR5L15S2020O1N230)	-	230. séance	-	COVID	English	Regular	notMP	notMinister	FI	La France insoumise	Opposition	Left to far-left	PA721202	Coquerel, Éric	M	1958	
ParlaMint-FR-en_2020-06-09-O1230	ParlaMint-FR_2020-06-09-O1230.u307	Proceedings of the debates in plenary sitting of the Assemblée Nationale, sitting: 230, 09/06/2020	2020-06-09	Lower house	15e législature	session ordinaire 2019-2020 (CRSANR5L15S2020O1N230)	-	230. séance	-	COVID	English	Regular	notMP	Minister	-	-	-	-	PA605131	Castaner, Christophe	M	1966	
ParlaMint-FR-en_2020-06-09-O1230	ParlaMint-FR_2020-06-09-O1230.u308	Proceedings of the debates in plenary sitting of the Assemblée Nationale, sitting: 230, 09/06/2020	2020-06-09	Lower house	15e législature	session ordinaire 2019-2020 (CRSANR5L15S2020O1N230)	-	230. séance	-	COVID	English	Regular	MP	notMinister	SOC	Socialistes et apparentés	-	Centre-left to left	PA608741	Tolmont, Sylvie	F	1962	
ParlaMint-FR-en_2020-06-09-O1230	ParlaMint-FR_2020-06-09-O1230.u309	Proceedings of the debates in plenary sitting of the Assemblée Nationale, sitting: 230, 09/06/2020	2020-06-09	Lower house	15e législature	session ordinaire 2019-2020 (CRSANR5L15S2020O1N230)	-	230. séance	-	COVID	English	Regular	notMP	Minister	-	-	-	-	PA605131	Castaner, Christophe	M	1966	
ParlaMint-FR-en_2020-06-09-O1230	ParlaMint-FR_2020-06-09-O1230.u310	Proceedings of the debates in plenary sitting of the Assemblée Nationale, sitting: 230, 09/06/2020	2020-06-09	Lower house	15e législature	session ordinaire 2019-2020 (CRSANR5L15S2020O1N230)	-	230. séance	-	COVID	English	Regular	notMP	notMinister	LR	Les Républicains	Opposition	Centre-right	PA721410	Bonnivard, Émilie	F	1980	
ParlaMint-FR-en_2020-06-09-O1230	ParlaMint-FR_2020-06-09-O1230.u311	Proceedings of the debates in plenary sitting of the Assemblée Nationale, sitting: 230, 09/06/2020	2020-06-09	Lower house	15e législature	session ordinaire 2019-2020 (CRSANR5L15S2020O1N230)	-	230. séance	-	COVID	English	Regular	notMP	Minister	-	-	-	-	PA605131	Castaner, Christophe	M	1966	
ParlaMint-FR-en_2020-06-09-O1230	ParlaMint-FR_2020-06-09-O1230.u312	Proceedings of the debates in plenary sitting of the Assemblée Nationale, sitting: 230, 09/06/2020	2020-06-09	Lower house	15e législature	session ordinaire 2019-2020 (CRSANR5L15S2020O1N230)	-	230. séance	-	COVID	English	Regular	MP	notMinister	SOC	Socialistes et apparentés	-	Centre-left to left	PA608741	Tolmont, Sylvie	F	1962	
ParlaMint-FR-en_2020-06-09-O1230	ParlaMint-FR_2020-06-09-O1230.u313	Proceedings of the debates in plenary sitting of the Assemblée Nationale, sitting: 230, 09/06/2020	2020-06-09	Lower house	15e législature	session ordinaire 2019-2020 (CRSANR5L15S2020O1N230)	-	230. séance	-	COVID	English	Regular	notMP	Minister	-	-	-	-	PA605131	Castaner, Christophe	M	1966	
ParlaMint-FR-en_2020-06-09-O1230	ParlaMint-FR_2020-06-09-O1230.u314	Proceedings of the debates in plenary sitting of the Assemblée Nationale, sitting: 230, 09/06/2020	2020-06-09	Lower house	15e législature	session ordinaire 2019-2020 (CRSANR5L15S2020O1N230)	-	230. séance	-	COVID	English	Regular	notMP	notMinister	SOC	Socialistes et apparentés	-	Centre-left to left	PA609332	Faure, Olivier	M	1968	
ParlaMint-FR-en_2020-06-09-O1230	ParlaMint-FR_2020-06-09-O1230.u315	Proceedings of the debates in plenary sitting of the Assemblée Nationale, sitting: 230, 09/06/2020	2020-06-09	Lower house	15e législature	session ordinaire 2019-2020 (CRSANR5L15S2020O1N230)	-	230. séance	-	COVID	English	Regular	notMP	Minister	-	-	-	-	PA605131	Castaner, Christophe	M	1966	
ParlaMint-FR-en_2020-06-09-O1230	ParlaMint-FR_2020-06-09-O1230.u316	Proceedings of the debates in plenary sitting of the Assemblée Nationale, sitting: 230, 09/06/2020	2020-06-09	Lower house	15e législature	session ordinaire 2019-2020 (CRSANR5L15S2020O1N230)	-	230. séance	-	COVID	English	Regular	MP	notMinister	LAREM	La République en Marche	Coalition	Centre	PA606171	Ferrand, Richard	M	1962	
ParlaMint-FR-en_2020-06-09-O1230	ParlaMint-FR_2020-06-09-O1230.u317	Proceedings of the debates in plenary sitting of the Assemblée Nationale, sitting: 230, 09/06/2020	2020-06-09	Lower house	15e législature	session ordinaire 2019-2020 (CRSANR5L15S2020O1N230)	-	230. séance	-	COVID	English	Regular	notMP	notMinister	LR	Les Républicains	Opposition	Centre-right	PA720100	Pradié, Aurélien	M	1986	
ParlaMint-FR-en_2020-06-09-O1230	ParlaMint-FR_2020-06-09-O1230.u318	Proceedings of the debates in plenary sitting of the Assemblée Nationale, sitting: 230, 09/06/2020	2020-06-09	Lower house	15e législature	session ordinaire 2019-2020 (CRSANR5L15S2020O1N230)	-	230. séance	-	COVID	English	Regular	MP	notMinister	LR	Les Républicains	Opposition	Centre-right	PA720630	Minot, Maxime	M	1987	
ParlaMint-FR-en_2020-06-09-O1230	ParlaMint-FR_2020-06-09-O1230.u319	Proceedings of the debates in plenary sitting of the Assemblée Nationale, sitting: 230, 09/06/2020	2020-06-09	Lower house	15e législature	session ordinaire 2019-2020 (CRSANR5L15S2020O1N230)	-	230. séance	-	COVID	English	Regular	notMP	notMinister	LR	Les Républicains	Opposition	Centre-right	PA720100	Pradié, Aurélien	M	1986	
ParlaMint-FR-en_2020-06-09-O1230	ParlaMint-FR_2020-06-09-O1230.u320	Proceedings of the debates in plenary sitting of the Assemblée Nationale, sitting: 230, 09/06/2020	2020-06-09	Lower house	15e législature	session ordinaire 2019-2020 (CRSANR5L15S2020O1N230)	-	230. séance	-	COVID	English	Regular	MP	notMinister	LR	Les Républicains	Opposition	Centre-right	PA720630	Minot, Maxime	M	1987	
ParlaMint-FR-en_2020-06-09-O1230	ParlaMint-FR_2020-06-09-O1230.u321	Proceedings of the debates in plenary sitting of the Assemblée Nationale, sitting: 230, 09/06/2020	2020-06-09	Lower house	15e législature	session ordinaire 2019-2020 (CRSANR5L15S2020O1N230)	-	230. séance	-	COVID	English	Guest	-	-	-	-	-	-	-	-	-	-
ParlaMint-FR-en_2020-06-09-O1230	ParlaMint-FR_2020-06-09-O1230.u322	Proceedings of the debates in plenary sitting of the Assemblée Nationale, sitting: 230, 09/06/2020	2020-06-09	Lower house	15e législature	session ordinaire 2019-2020 (CRSANR5L15S2020O1N230)	-	230. séance	-	COVID	English	Regular	notMP	notMinister	LR	Les Républicains	Opposition	Centre-right	PA720100	Pradié, Aurélien	M	1986	
ParlaMint-FR-en_2020-06-09-O1230	ParlaMint-FR_2020-06-09-O1230.u323	Proceedings of the debates in plenary sitting of the Assemblée Nationale, sitting: 230, 09/06/2020	2020-06-09	Lower house	15e législature	session ordinaire 2019-2020 (CRSANR5L15S2020O1N230)	-	230. séance	-	COVID	English	Regular	MP	notMinister	LR	Les Républicains	Opposition	Centre-right	PA720630	Minot, Maxime	M	1987	
ParlaMint-FR-en_2020-06-09-O1230	ParlaMint-FR_2020-06-09-O1230.u324	Proceedings of the debates in plenary sitting of the Assemblée Nationale, sitting: 230, 09/06/2020	2020-06-09	Lower house	15e législature	session ordinaire 2019-2020 (CRSANR5L15S2020O1N230)	-	230. séance	-	COVID	English	Regular	notMP	notMinister	LR	Les Républicains	Opposition	Centre-right	PA720100	Pradié, Aurélien	M	1986	
ParlaMint-FR-en_2020-06-09-O1230	ParlaMint-FR_2020-06-09-O1230.u325	Proceedings of the debates in plenary sitting of the Assemblée Nationale, sitting: 230, 09/06/2020	2020-06-09	Lower house	15e législature	session ordinaire 2019-2020 (CRSANR5L15S2020O1N230)	-	230. séance	-	COVID	English	Regular	MP	notMinister	LAREM	La République en Marche	Coalition	Centre	PA606171	Ferrand, Richard	M	1962	
ParlaMint-FR-en_2020-06-09-O1230	ParlaMint-FR_2020-06-09-O1230.u326	Proceedings of the debates in plenary sitting of the Assemblée Nationale, sitting: 230, 09/06/2020	2020-06-09	Lower house	15e législature	session ordinaire 2019-2020 (CRSANR5L15S2020O1N230)	-	230. séance	-	COVID	English	Guest	-	-	-	-	-	-	-	-	-	-
ParlaMint-FR-en_2020-06-09-O1230	ParlaMint-FR_2020-06-09-O1230.u327	Proceedings of the debates in plenary sitting of the Assemblée Nationale, sitting: 230, 09/06/2020	2020-06-09	Lower house	15e législature	session ordinaire 2019-2020 (CRSANR5L15S2020O1N230)	-	230. séance	-	COVID	English	Regular	notMP	notMinister	LR	Les Républicains	Opposition	Centre-right	PA720100	Pradié, Aurélien	M	1986	
ParlaMint-FR-en_2020-06-09-O1230	ParlaMint-FR_2020-06-09-O1230.u328	Proceedings of the debates in plenary sitting of the Assemblée Nationale, sitting: 230, 09/06/2020	2020-06-09	Lower house	15e législature	session ordinaire 2019-2020 (CRSANR5L15S2020O1N230)	-	230. séance	-	COVID	English	Guest	-	-	-	-	-	-	-	-	-	-
ParlaMint-FR-en_2020-06-09-O1230	ParlaMint-FR_2020-06-09-O1230.u329	Proceedings of the debates in plenary sitting of the Assemblée Nationale, sitting: 230, 09/06/2020	2020-06-09	Lower house	15e législature	session ordinaire 2019-2020 (CRSANR5L15S2020O1N230)	-	230. séance	-	COVID	English	Regular	MP	notMinister	LAREM	La République en Marche	Coalition	Centre	PA606171	Ferrand, Richard	M	1962	
ParlaMint-FR-en_2020-06-09-O1230	ParlaMint-FR_2020-06-09-O1230.u330	Proceedings of the debates in plenary sitting of the Assemblée Nationale, sitting: 230, 09/06/2020	2020-06-09	Lower house	15e législature	session ordinaire 2019-2020 (CRSANR5L15S2020O1N230)	-	230. séance	-	COVID	English	Regular	notMP	notMinister	LR	Les Républicains	Opposition	Centre-right	PA720100	Pradié, Aurélien	M	1986	
ParlaMint-FR-en_2020-06-09-O1230	ParlaMint-FR_2020-06-09-O1230.u331	Proceedings of the debates in plenary sitting of the Assemblée Nationale, sitting: 230, 09/06/2020	2020-06-09	Lower house	15e législature	session ordinaire 2019-2020 (CRSANR5L15S2020O1N230)	-	230. séance	-	COVID	English	Regular	MP	notMinister	LAREM	La République en Marche	Coalition	Centre	PA606171	Ferrand, Richard	M	1962	
ParlaMint-FR-en_2020-06-09-O1230	ParlaMint-FR_2020-06-09-O1230.u332	Proceedings of the debates in plenary sitting of the Assemblée Nationale, sitting: 230, 09/06/2020	2020-06-09	Lower house	15e législature	session ordinaire 2019-2020 (CRSANR5L15S2020O1N230)	-	230. séance	-	COVID	English	Guest	-	-	-	-	-	-	-	-	-	-
ParlaMint-FR-en_2020-06-09-O1230	ParlaMint-FR_2020-06-09-O1230.u333	Proceedings of the debates in plenary sitting of the Assemblée Nationale, sitting: 230, 09/06/2020	2020-06-09	Lower house	15e législature	session ordinaire 2019-2020 (CRSANR5L15S2020O1N230)	-	230. séance	-	COVID	English	Regular	notMP	notMinister	LR	Les Républicains	Opposition	Centre-right	PA720100	Pradié, Aurélien	M	1986	
ParlaMint-FR-en_2020-06-09-O1230	ParlaMint-FR_2020-06-09-O1230.u334	Proceedings of the debates in plenary sitting of the Assemblée Nationale, sitting: 230, 09/06/2020	2020-06-09	Lower house	15e législature	session ordinaire 2019-2020 (CRSANR5L15S2020O1N230)	-	230. séance	-	COVID	English	Chairperson	MP	notMinister	LAREM	La République en Marche	Coalition	Centre	PA606171	Ferrand, Richard	M	1962	
ParlaMint-FR-en_2020-06-09-O1230	ParlaMint-FR_2020-06-09-O1230.u335	Proceedings of the debates in plenary sitting of the Assemblée Nationale, sitting: 230, 09/06/2020	2020-06-09	Lower house	15e législature	session ordinaire 2019-2020 (CRSANR5L15S2020O1N230)	-	230. séance	-	COVID	English	Chairperson	MP	notMinister	LAREM	La République en Marche	Coalition	Centre	PA606171	Ferrand, Richard	M	1962	
ParlaMint-FR-en_2020-06-09-O1230	ParlaMint-FR_2020-06-09-O1230.u336	Proceedings of the debates in plenary sitting of the Assemblée Nationale, sitting: 230, 09/06/2020	2020-06-09	Lower house	15e législature	session ordinaire 2019-2020 (CRSANR5L15S2020O1N230)	-	230. séance	-	COVID	English	Regular	MP	notMinister	LAREM	La République en Marche	Coalition	Centre	PA721824	Renson, Hugues	M	1978	
ParlaMint-FR-en_2020-06-09-O1230	ParlaMint-FR_2020-06-09-O1230.u337	Proceedings of the debates in plenary sitting of the Assemblée Nationale, sitting: 230, 09/06/2020	2020-06-09	Lower house	15e législature	session ordinaire 2019-2020 (CRSANR5L15S2020O1N230)	-	230. séance	-	COVID	English	Chairperson	MP	notMinister	LAREM	La République en Marche	Coalition	Centre	PA721824	Renson, Hugues	M	1978	
ParlaMint-FR-en_2020-06-09-O1230	ParlaMint-FR_2020-06-09-O1230.u338	Proceedings of the debates in plenary sitting of the Assemblée Nationale, sitting: 230, 09/06/2020	2020-06-09	Lower house	15e législature	session ordinaire 2019-2020 (CRSANR5L15S2020O1N230)	-	230. séance	-	COVID	English	Chairperson	MP	notMinister	LAREM	La République en Marche	Coalition	Centre	PA721824	Renson, Hugues	M	1978	
ParlaMint-FR-en_2020-06-09-O1230	ParlaMint-FR_2020-06-09-O1230.u339	Proceedings of the debates in plenary sitting of the Assemblée Nationale, sitting: 230, 09/06/2020	2020-06-09	Lower house	15e législature	session ordinaire 2019-2020 (CRSANR5L15S2020O1N230)	-	230. séance	-	COVID	English	Regular	MP	notMinister	LAREM	La République en Marche	Coalition	Centre	PA719710	David, Dominique	F	1963	
ParlaMint-FR-en_2020-06-09-O1230	ParlaMint-FR_2020-06-09-O1230.u340	Proceedings of the debates in plenary sitting of the Assemblée Nationale, sitting: 230, 09/06/2020	2020-06-09	Lower house	15e législature	session ordinaire 2019-2020 (CRSANR5L15S2020O1N230)	-	230. séance	-	COVID	English	Regular	MP	notMinister	GDR	Gauche démocrate et républicaine	Opposition	Left	PA720546	Bruneel, Alain	M	1952	
ParlaMint-FR-en_2020-06-09-O1230	ParlaMint-FR_2020-06-09-O1230.u341	Proceedings of the debates in plenary sitting of the Assemblée Nationale, sitting: 230, 09/06/2020	2020-06-09	Lower house	15e législature	session ordinaire 2019-2020 (CRSANR5L15S2020O1N230)	-	230. séance	-	COVID	English	Regular	MP	notMinister	LAREM	La République en Marche	Coalition	Centre	PA719710	David, Dominique	F	1963	
ParlaMint-FR-en_2020-06-09-O1230	ParlaMint-FR_2020-06-09-O1230.u342	Proceedings of the debates in plenary sitting of the Assemblée Nationale, sitting: 230, 09/06/2020	2020-06-09	Lower house	15e législature	session ordinaire 2019-2020 (CRSANR5L15S2020O1N230)	-	230. séance	-	COVID	English	Regular	MP	notMinister	LR	Les Républicains	Opposition	Centre-right	PA720630	Minot, Maxime	M	1987	
ParlaMint-FR-en_2020-06-09-O1230	ParlaMint-FR_2020-06-09-O1230.u343	Proceedings of the debates in plenary sitting of the Assemblée Nationale, sitting: 230, 09/06/2020	2020-06-09	Lower house	15e législature	session ordinaire 2019-2020 (CRSANR5L15S2020O1N230)	-	230. séance	-	COVID	English	Regular	MP	notMinister	LAREM	La République en Marche	Coalition	Centre	PA719710	David, Dominique	F	1963	
ParlaMint-FR-en_2020-06-09-O1230	ParlaMint-FR_2020-06-09-O1230.u344	Proceedings of the debates in plenary sitting of the Assemblée Nationale, sitting: 230, 09/06/2020	2020-06-09	Lower house	15e législature	session ordinaire 2019-2020 (CRSANR5L15S2020O1N230)	-	230. séance	-	COVID	English	Regular	MP	notMinister	LR	Les Républicains	Opposition	Centre-right	PA720630	Minot, Maxime	M	1987	
ParlaMint-FR-en_2020-06-09-O1230	ParlaMint-FR_2020-06-09-O1230.u345	Proceedings of the debates in plenary sitting of the Assemblée Nationale, sitting: 230, 09/06/2020	2020-06-09	Lower house	15e législature	session ordinaire 2019-2020 (CRSANR5L15S2020O1N230)	-	230. séance	-	COVID	English	Regular	MP	notMinister	LAREM	La République en Marche	Coalition	Centre	PA719710	David, Dominique	F	1963	
ParlaMint-FR-en_2020-06-09-O1230	ParlaMint-FR_2020-06-09-O1230.u346	Proceedings of the debates in plenary sitting of the Assemblée Nationale, sitting: 230, 09/06/2020	2020-06-09	Lower house	15e législature	session ordinaire 2019-2020 (CRSANR5L15S2020O1N230)	-	230. séance	-	COVID	English	Regular	MP	notMinister	LR	Les Républicains	Opposition	Centre-right	PA720630	Minot, Maxime	M	1987	
ParlaMint-FR-en_2020-06-09-O1230	ParlaMint-FR_2020-06-09-O1230.u347	Proceedings of the debates in plenary sitting of the Assemblée Nationale, sitting: 230, 09/06/2020	2020-06-09	Lower house	15e législature	session ordinaire 2019-2020 (CRSANR5L15S2020O1N230)	-	230. séance	-	COVID	English	Regular	MP	notMinister	LAREM	La République en Marche	Coalition	Centre	PA719710	David, Dominique	F	1963	
ParlaMint-FR-en_2020-06-09-O1230	ParlaMint-FR_2020-06-09-O1230.u348	Proceedings of the debates in plenary sitting of the Assemblée Nationale, sitting: 230, 09/06/2020	2020-06-09	Lower house	15e législature	session ordinaire 2019-2020 (CRSANR5L15S2020O1N230)	-	230. séance	-	COVID	English	Regular	MP	notMinister	LAREM	La République en Marche	Coalition	Centre	PA721824	Renson, Hugues	M	1978	
ParlaMint-FR-en_2020-06-09-O1230	ParlaMint-FR_2020-06-09-O1230.u349	Proceedings of the debates in plenary sitting of the Assemblée Nationale, sitting: 230, 09/06/2020	2020-06-09	Lower house	15e législature	session ordinaire 2019-2020 (CRSANR5L15S2020O1N230)	-	230. séance	-	COVID	English	Regular	notMP	notMinister	LR	Les Républicains	Opposition	Centre-right	PA643134	Valentin, Isabelle	F	1962	
ParlaMint-FR-en_2020-06-09-O1230	ParlaMint-FR_2020-06-09-O1230.u350	Proceedings of the debates in plenary sitting of the Assemblée Nationale, sitting: 230, 09/06/2020	2020-06-09	Lower house	15e législature	session ordinaire 2019-2020 (CRSANR5L15S2020O1N230)	-	230. séance	-	COVID	English	Regular	MP	notMinister	GDR	Gauche démocrate et républicaine	Opposition	Left	PA720546	Bruneel, Alain	M	1952	
ParlaMint-FR-en_2020-06-09-O1230	ParlaMint-FR_2020-06-09-O1230.u351	Proceedings of the debates in plenary sitting of the Assemblée Nationale, sitting: 230, 09/06/2020	2020-06-09	Lower house	15e législature	session ordinaire 2019-2020 (CRSANR5L15S2020O1N230)	-	230. séance	-	COVID	English	Regular	notMP	notMinister	LR	Les Républicains	Opposition	Centre-right	PA643134	Valentin, Isabelle	F	1962	
ParlaMint-FR-en_2020-06-09-O1230	ParlaMint-FR_2020-06-09-O1230.u352	Proceedings of the debates in plenary sitting of the Assemblée Nationale, sitting: 230, 09/06/2020	2020-06-09	Lower house	15e législature	session ordinaire 2019-2020 (CRSANR5L15S2020O1N230)	-	230. séance	-	COVID	English	Regular	MP	notMinister	LR	Les Républicains	Opposition	Centre-right	PA720630	Minot, Maxime	M	1987	
ParlaMint-FR-en_2020-06-09-O1230	ParlaMint-FR_2020-06-09-O1230.u353	Proceedings of the debates in plenary sitting of the Assemblée Nationale, sitting: 230, 09/06/2020	2020-06-09	Lower house	15e législature	session ordinaire 2019-2020 (CRSANR5L15S2020O1N230)	-	230. séance	-	COVID	English	Regular	notMP	notMinister	LR	Les Républicains	Opposition	Centre-right	PA643134	Valentin, Isabelle	F	1962	
ParlaMint-FR-en_2020-06-09-O1230	ParlaMint-FR_2020-06-09-O1230.u354	Proceedings of the debates in plenary sitting of the Assemblée Nationale, sitting: 230, 09/06/2020	2020-06-09	Lower house	15e législature	session ordinaire 2019-2020 (CRSANR5L15S2020O1N230)	-	230. séance	-	COVID	English	Regular	MP	notMinister	LR	Les Républicains	Opposition	Centre-right	PA720630	Minot, Maxime	M	1987	
ParlaMint-FR-en_2020-06-09-O1230	ParlaMint-FR_2020-06-09-O1230.u355	Proceedings of the debates in plenary sitting of the Assemblée Nationale, sitting: 230, 09/06/2020	2020-06-09	Lower house	15e législature	session ordinaire 2019-2020 (CRSANR5L15S2020O1N230)	-	230. séance	-	COVID	English	Regular	notMP	notMinister	LR	Les Républicains	Opposition	Centre-right	PA643134	Valentin, Isabelle	F	1962	
ParlaMint-FR-en_2020-06-09-O1230	ParlaMint-FR_2020-06-09-O1230.u356	Proceedings of the debates in plenary sitting of the Assemblée Nationale, sitting: 230, 09/06/2020	2020-06-09	Lower house	15e législature	session ordinaire 2019-2020 (CRSANR5L15S2020O1N230)	-	230. séance	-	COVID	English	Regular	notMP	notMinister	-	-	-	-	PA607846	Darmanin, Gérald	M	1982	
ParlaMint-FR-en_2020-06-09-O1230	ParlaMint-FR_2020-06-09-O1230.u357	Proceedings of the debates in plenary sitting of the Assemblée Nationale, sitting: 230, 09/06/2020	2020-06-09	Lower house	15e législature	session ordinaire 2019-2020 (CRSANR5L15S2020O1N230)	-	230. séance	-	COVID	English	Regular	notMP	notMinister	LR	Les Républicains	Opposition	Centre-right	PA643134	Valentin, Isabelle	F	1962	
ParlaMint-FR-en_2020-06-09-O1230	ParlaMint-FR_2020-06-09-O1230.u358	Proceedings of the debates in plenary sitting of the Assemblée Nationale, sitting: 230, 09/06/2020	2020-06-09	Lower house	15e législature	session ordinaire 2019-2020 (CRSANR5L15S2020O1N230)	-	230. séance	-	COVID	English	Regular	MP	notMinister	GDR	Gauche démocrate et républicaine	Opposition	Left	PA718720	Dufrègne, Jean-Paul	M	1958	
ParlaMint-FR-en_2020-06-09-O1230	ParlaMint-FR_2020-06-09-O1230.u359	Proceedings of the debates in plenary sitting of the Assemblée Nationale, sitting: 230, 09/06/2020	2020-06-09	Lower house	15e législature	session ordinaire 2019-2020 (CRSANR5L15S2020O1N230)	-	230. séance	-	COVID	English	Regular	notMP	notMinister	LR	Les Républicains	Opposition	Centre-right	PA643134	Valentin, Isabelle	F	1962	
ParlaMint-FR-en_2020-06-09-O1230	ParlaMint-FR_2020-06-09-O1230.u360	Proceedings of the debates in plenary sitting of the Assemblée Nationale, sitting: 230, 09/06/2020	2020-06-09	Lower house	15e législature	session ordinaire 2019-2020 (CRSANR5L15S2020O1N230)	-	230. séance	-	COVID	English	Regular	MP	notMinister	LAREM	La République en Marche	Coalition	Centre	PA721824	Renson, Hugues	M	1978	
ParlaMint-FR-en_2020-06-09-O1230	ParlaMint-FR_2020-06-09-O1230.u361	Proceedings of the debates in plenary sitting of the Assemblée Nationale, sitting: 230, 09/06/2020	2020-06-09	Lower house	15e législature	session ordinaire 2019-2020 (CRSANR5L15S2020O1N230)	-	230. séance	-	COVID	English	Regular	notMP	notMinister	MODEM	Mouvement Démocrate et apparentés	Coalition	Centre to centre-right	PA720704	Vichnievsky, Laurence	F	1955	
ParlaMint-FR-en_2020-06-09-O1230	ParlaMint-FR_2020-06-09-O1230.u362	Proceedings of the debates in plenary sitting of the Assemblée Nationale, sitting: 230, 09/06/2020	2020-06-09	Lower house	15e législature	session ordinaire 2019-2020 (CRSANR5L15S2020O1N230)	-	230. séance	-	COVID	English	Regular	MP	notMinister	LAREM	La République en Marche	Coalition	Centre	PA721824	Renson, Hugues	M	1978	
ParlaMint-FR-en_2020-06-09-O1230	ParlaMint-FR_2020-06-09-O1230.u363	Proceedings of the debates in plenary sitting of the Assemblée Nationale, sitting: 230, 09/06/2020	2020-06-09	Lower house	15e législature	session ordinaire 2019-2020 (CRSANR5L15S2020O1N230)	-	230. séance	-	COVID	English	Regular	notMP	notMinister	SOC	Socialistes et apparentés	-	Centre-left to left	PA609590	Rabault, Valérie	F	1973	
ParlaMint-FR-en_2020-06-09-O1230	ParlaMint-FR_2020-06-09-O1230.u364	Proceedings of the debates in plenary sitting of the Assemblée Nationale, sitting: 230, 09/06/2020	2020-06-09	Lower house	15e législature	session ordinaire 2019-2020 (CRSANR5L15S2020O1N230)	-	230. séance	-	COVID	English	Regular	MP	notMinister	LAREM	La République en Marche	Coalition	Centre	PA721824	Renson, Hugues	M	1978	
ParlaMint-FR-en_2020-06-09-O1230	ParlaMint-FR_2020-06-09-O1230.u365	Proceedings of the debates in plenary sitting of the Assemblée Nationale, sitting: 230, 09/06/2020	2020-06-09	Lower house	15e législature	session ordinaire 2019-2020 (CRSANR5L15S2020O1N230)	-	230. séance	-	COVID	English	Regular	notMP	notMinister	UDI_I	UDI et Indépendants	-	Right	PA721486	Naegelen, Christophe	M	1983	
ParlaMint-FR-en_2020-06-09-O1230	ParlaMint-FR_2020-06-09-O1230.u366	Proceedings of the debates in plenary sitting of the Assemblée Nationale, sitting: 230, 09/06/2020	2020-06-09	Lower house	15e législature	session ordinaire 2019-2020 (CRSANR5L15S2020O1N230)	-	230. séance	-	COVID	English	Regular	notMP	notMinister	LR	Les Républicains	Opposition	Centre-right	PA607090	Vigier, Jean-Pierre	M	1969	
ParlaMint-FR-en_2020-06-09-O1230	ParlaMint-FR_2020-06-09-O1230.u367	Proceedings of the debates in plenary sitting of the Assemblée Nationale, sitting: 230, 09/06/2020	2020-06-09	Lower house	15e législature	session ordinaire 2019-2020 (CRSANR5L15S2020O1N230)	-	230. séance	-	COVID	English	Regular	notMP	notMinister	UDI_I	UDI et Indépendants	-	Right	PA721486	Naegelen, Christophe	M	1983	
ParlaMint-FR-en_2020-06-09-O1230	ParlaMint-FR_2020-06-09-O1230.u368	Proceedings of the debates in plenary sitting of the Assemblée Nationale, sitting: 230, 09/06/2020	2020-06-09	Lower house	15e législature	session ordinaire 2019-2020 (CRSANR5L15S2020O1N230)	-	230. séance	-	COVID	English	Regular	notMP	notMinister	LT	Libertés et Territoires	-	Big tent	PA331582	Vigier, Philippe	M	1958	
ParlaMint-FR-en_2020-06-09-O1230	ParlaMint-FR_2020-06-09-O1230.u369	Proceedings of the debates in plenary sitting of the Assemblée Nationale, sitting: 230, 09/06/2020	2020-06-09	Lower house	15e législature	session ordinaire 2019-2020 (CRSANR5L15S2020O1N230)	-	230. séance	-	COVID	English	Regular	notMP	notMinister	SOC	Socialistes et apparentés	-	Centre-left to left	PA609590	Rabault, Valérie	F	1973	
ParlaMint-FR-en_2020-06-09-O1230	ParlaMint-FR_2020-06-09-O1230.u370	Proceedings of the debates in plenary sitting of the Assemblée Nationale, sitting: 230, 09/06/2020	2020-06-09	Lower house	15e législature	session ordinaire 2019-2020 (CRSANR5L15S2020O1N230)	-	230. séance	-	COVID	English	Regular	MP	notMinister	LAREM	La République en Marche	Coalition	Centre	PA721824	Renson, Hugues	M	1978	
ParlaMint-FR-en_2020-06-09-O1230	ParlaMint-FR_2020-06-09-O1230.u371	Proceedings of the debates in plenary sitting of the Assemblée Nationale, sitting: 230, 09/06/2020	2020-06-09	Lower house	15e législature	session ordinaire 2019-2020 (CRSANR5L15S2020O1N230)	-	230. séance	-	COVID	English	Regular	notMP	notMinister	LT	Libertés et Territoires	-	Big tent	PA942	de Courson, Charles	M	1952	
ParlaMint-FR-en_2020-06-09-O1230	ParlaMint-FR_2020-06-09-O1230.u372	Proceedings of the debates in plenary sitting of the Assemblée Nationale, sitting: 230, 09/06/2020	2020-06-09	Lower house	15e législature	session ordinaire 2019-2020 (CRSANR5L15S2020O1N230)	-	230. séance	-	COVID	English	Regular	notMP	notMinister	SOC	Socialistes et apparentés	-	Centre-left to left	PA609590	Rabault, Valérie	F	1973	
ParlaMint-FR-en_2020-06-09-O1230	ParlaMint-FR_2020-06-09-O1230.u373	Proceedings of the debates in plenary sitting of the Assemblée Nationale, sitting: 230, 09/06/2020	2020-06-09	Lower house	15e législature	session ordinaire 2019-2020 (CRSANR5L15S2020O1N230)	-	230. séance	-	COVID	English	Regular	notMP	notMinister	LT	Libertés et Territoires	-	Big tent	PA942	de Courson, Charles	M	1952	
ParlaMint-FR-en_2020-06-09-O1230	ParlaMint-FR_2020-06-09-O1230.u374	Proceedings of the debates in plenary sitting of the Assemblée Nationale, sitting: 230, 09/06/2020	2020-06-09	Lower house	15e législature	session ordinaire 2019-2020 (CRSANR5L15S2020O1N230)	-	230. séance	-	COVID	English	Regular	notMP	notMinister	-	-	-	-	PA718850	Cordier, Pierre	M	1972	
ParlaMint-FR-en_2020-06-09-O1230	ParlaMint-FR_2020-06-09-O1230.u375	Proceedings of the debates in plenary sitting of the Assemblée Nationale, sitting: 230, 09/06/2020	2020-06-09	Lower house	15e législature	session ordinaire 2019-2020 (CRSANR5L15S2020O1N230)	-	230. séance	-	COVID	English	Regular	notMP	notMinister	LT	Libertés et Territoires	-	Big tent	PA942	de Courson, Charles	M	1952	
ParlaMint-FR-en_2020-06-09-O1230	ParlaMint-FR_2020-06-09-O1230.u376	Proceedings of the debates in plenary sitting of the Assemblée Nationale, sitting: 230, 09/06/2020	2020-06-09	Lower house	15e législature	session ordinaire 2019-2020 (CRSANR5L15S2020O1N230)	-	230. séance	-	COVID	English	Regular	MP	notMinister	LAREM	La République en Marche	Coalition	Centre	PA721824	Renson, Hugues	M	1978	
ParlaMint-FR-en_2020-06-09-O1230	ParlaMint-FR_2020-06-09-O1230.u377	Proceedings of the debates in plenary sitting of the Assemblée Nationale, sitting: 230, 09/06/2020	2020-06-09	Lower house	15e législature	session ordinaire 2019-2020 (CRSANR5L15S2020O1N230)	-	230. séance	-	COVID	English	Regular	notMP	notMinister	LR	Les Républicains	Opposition	Centre-right	PA607090	Vigier, Jean-Pierre	M	1969	
ParlaMint-FR-en_2020-06-09-O1230	ParlaMint-FR_2020-06-09-O1230.u378	Proceedings of the debates in plenary sitting of the Assemblée Nationale, sitting: 230, 09/06/2020	2020-06-09	Lower house	15e législature	session ordinaire 2019-2020 (CRSANR5L15S2020O1N230)	-	230. séance	-	COVID	English	Regular	notMP	notMinister	LT	Libertés et Territoires	-	Big tent	PA942	de Courson, Charles	M	1952	
ParlaMint-FR-en_2020-06-09-O1230	ParlaMint-FR_2020-06-09-O1230.u379	Proceedings of the debates in plenary sitting of the Assemblée Nationale, sitting: 230, 09/06/2020	2020-06-09	Lower house	15e législature	session ordinaire 2019-2020 (CRSANR5L15S2020O1N230)	-	230. séance	-	COVID	English	Regular	MP	notMinister	LAREM	La République en Marche	Coalition	Centre	PA721824	Renson, Hugues	M	1978	
ParlaMint-FR-en_2020-06-09-O1230	ParlaMint-FR_2020-06-09-O1230.u380	Proceedings of the debates in plenary sitting of the Assemblée Nationale, sitting: 230, 09/06/2020	2020-06-09	Lower house	15e législature	session ordinaire 2019-2020 (CRSANR5L15S2020O1N230)	-	230. séance	-	COVID	English	Regular	notMP	notMinister	FI	La France insoumise	Opposition	Left to far-left	PA721202	Coquerel, Éric	M	1958	
ParlaMint-FR-en_2020-06-09-O1230	ParlaMint-FR_2020-06-09-O1230.u381	Proceedings of the debates in plenary sitting of the Assemblée Nationale, sitting: 230, 09/06/2020	2020-06-09	Lower house	15e législature	session ordinaire 2019-2020 (CRSANR5L15S2020O1N230)	-	230. séance	-	COVID	English	Regular	MP	notMinister	LAREM	La République en Marche	Coalition	Centre	PA721824	Renson, Hugues	M	1978	
ParlaMint-FR-en_2020-06-09-O1230	ParlaMint-FR_2020-06-09-O1230.u382	Proceedings of the debates in plenary sitting of the Assemblée Nationale, sitting: 230, 09/06/2020	2020-06-09	Lower house	15e législature	session ordinaire 2019-2020 (CRSANR5L15S2020O1N230)	-	230. séance	-	COVID	English	Regular	notMP	notMinister	EDS	Écologie Démocratie Solidarité	-	Left	PA722344	Julien-Laferrière, Hubert	M	1966	
ParlaMint-FR-en_2020-06-09-O1230	ParlaMint-FR_2020-06-09-O1230.u383	Proceedings of the debates in plenary sitting of the Assemblée Nationale, sitting: 230, 09/06/2020	2020-06-09	Lower house	15e législature	session ordinaire 2019-2020 (CRSANR5L15S2020O1N230)	-	230. séance	-	COVID	English	Regular	MP	notMinister	LAREM	La République en Marche	Coalition	Centre	PA721824	Renson, Hugues	M	1978	
ParlaMint-FR-en_2020-06-09-O1230	ParlaMint-FR_2020-06-09-O1230.u384	Proceedings of the debates in plenary sitting of the Assemblée Nationale, sitting: 230, 09/06/2020	2020-06-09	Lower house	15e législature	session ordinaire 2019-2020 (CRSANR5L15S2020O1N230)	-	230. séance	-	COVID	English	Regular	notMP	notMinister	EDS	Écologie Démocratie Solidarité	-	Left	PA722344	Julien-Laferrière, Hubert	M	1966	
ParlaMint-FR-en_2020-06-09-O1230	ParlaMint-FR_2020-06-09-O1230.u385	Proceedings of the debates in plenary sitting of the Assemblée Nationale, sitting: 230, 09/06/2020	2020-06-09	Lower house	15e législature	session ordinaire 2019-2020 (CRSANR5L15S2020O1N230)	-	230. séance	-	COVID	English	Regular	MP	notMinister	LAREM	La République en Marche	Coalition	Centre	PA721824	Renson, Hugues	M	1978	
ParlaMint-FR-en_2020-06-09-O1230	ParlaMint-FR_2020-06-09-O1230.u386	Proceedings of the debates in plenary sitting of the Assemblée Nationale, sitting: 230, 09/06/2020	2020-06-09	Lower house	15e législature	session ordinaire 2019-2020 (CRSANR5L15S2020O1N230)	-	230. séance	-	COVID	English	Regular	MP	notMinister	AGIR-E	Agir ensemble	Coalition	-	PA721632	Lemoine, Patricia	F	1961	
ParlaMint-FR-en_2020-06-09-O1230	ParlaMint-FR_2020-06-09-O1230.u387	Proceedings of the debates in plenary sitting of the Assemblée Nationale, sitting: 230, 09/06/2020	2020-06-09	Lower house	15e législature	session ordinaire 2019-2020 (CRSANR5L15S2020O1N230)	-	230. séance	-	COVID	English	Regular	MP	notMinister	LAREM	La République en Marche	Coalition	Centre	PA721824	Renson, Hugues	M	1978	
ParlaMint-FR-en_2020-06-09-O1230	ParlaMint-FR_2020-06-09-O1230.u388	Proceedings of the debates in plenary sitting of the Assemblée Nationale, sitting: 230, 09/06/2020	2020-06-09	Lower house	15e législature	session ordinaire 2019-2020 (CRSANR5L15S2020O1N230)	-	230. séance	-	COVID	English	Regular	MP	notMinister	GDR	Gauche démocrate et républicaine	Opposition	Left	PA718720	Dufrègne, Jean-Paul	M	1958	
ParlaMint-FR-en_2020-06-09-O1230	ParlaMint-FR_2020-06-09-O1230.u389	Proceedings of the debates in plenary sitting of the Assemblée Nationale, sitting: 230, 09/06/2020	2020-06-09	Lower house	15e législature	session ordinaire 2019-2020 (CRSANR5L15S2020O1N230)	-	230. séance	-	COVID	English	Regular	MP	notMinister	GDR	Gauche démocrate et républicaine	Opposition	Left	PA720546	Bruneel, Alain	M	1952	
ParlaMint-FR-en_2020-06-09-O1230	ParlaMint-FR_2020-06-09-O1230.u390	Proceedings of the debates in plenary sitting of the Assemblée Nationale, sitting: 230, 09/06/2020	2020-06-09	Lower house	15e législature	session ordinaire 2019-2020 (CRSANR5L15S2020O1N230)	-	230. séance	-	COVID	English	Regular	MP	notMinister	LAREM	La République en Marche	Coalition	Centre	PA721824	Renson, Hugues	M	1978	
ParlaMint-FR-en_2020-06-09-O1230	ParlaMint-FR_2020-06-09-O1230.u391	Proceedings of the debates in plenary sitting of the Assemblée Nationale, sitting: 230, 09/06/2020	2020-06-09	Lower house	15e législature	session ordinaire 2019-2020 (CRSANR5L15S2020O1N230)	-	230. séance	-	COVID	English	Regular	MP	notMinister	LAREM	La République en Marche	Coalition	Centre	PA720932	Da Silva, Dominique	M	1968	
ParlaMint-FR-en_2020-06-09-O1230	ParlaMint-FR_2020-06-09-O1230.u392	Proceedings of the debates in plenary sitting of the Assemblée Nationale, sitting: 230, 09/06/2020	2020-06-09	Lower house	15e législature	session ordinaire 2019-2020 (CRSANR5L15S2020O1N230)	-	230. séance	-	COVID	English	Regular	MP	notMinister	LAREM	La République en Marche	Coalition	Centre	PA721824	Renson, Hugues	M	1978	
ParlaMint-FR-en_2020-06-09-O1230	ParlaMint-FR_2020-06-09-O1230.u393	Proceedings of the debates in plenary sitting of the Assemblée Nationale, sitting: 230, 09/06/2020	2020-06-09	Lower house	15e législature	session ordinaire 2019-2020 (CRSANR5L15S2020O1N230)	-	230. séance	-	COVID	English	Regular	notMP	notMinister	-	-	-	-	PA607846	Darmanin, Gérald	M	1982	
ParlaMint-FR-en_2020-06-09-O1230	ParlaMint-FR_2020-06-09-O1230.u394	Proceedings of the debates in plenary sitting of the Assemblée Nationale, sitting: 230, 09/06/2020	2020-06-09	Lower house	15e législature	session ordinaire 2019-2020 (CRSANR5L15S2020O1N230)	-	230. séance	-	COVID	English	Regular	notMP	notMinister	-	-	-	-	PA718850	Cordier, Pierre	M	1972	
ParlaMint-FR-en_2020-06-09-O1230	ParlaMint-FR_2020-06-09-O1230.u395	Proceedings of the debates in plenary sitting of the Assemblée Nationale, sitting: 230, 09/06/2020	2020-06-09	Lower house	15e législature	session ordinaire 2019-2020 (CRSANR5L15S2020O1N230)	-	230. séance	-	COVID	English	Regular	notMP	notMinister	-	-	-	-	PA607846	Darmanin, Gérald	M	1982	
ParlaMint-FR-en_2020-06-09-O1230	ParlaMint-FR_2020-06-09-O1230.u396	Proceedings of the debates in plenary sitting of the Assemblée Nationale, sitting: 230, 09/06/2020	2020-06-09	Lower house	15e législature	session ordinaire 2019-2020 (CRSANR5L15S2020O1N230)	-	230. séance	-	COVID	English	Regular	notMP	notMinister	-	-	-	-	PA718850	Cordier, Pierre	M	1972	
ParlaMint-FR-en_2020-06-09-O1230	ParlaMint-FR_2020-06-09-O1230.u397	Proceedings of the debates in plenary sitting of the Assemblée Nationale, sitting: 230, 09/06/2020	2020-06-09	Lower house	15e législature	session ordinaire 2019-2020 (CRSANR5L15S2020O1N230)	-	230. séance	-	COVID	English	Regular	notMP	notMinister	-	-	-	-	PA607846	Darmanin, Gérald	M	1982	
ParlaMint-FR-en_2020-06-09-O1230	ParlaMint-FR_2020-06-09-O1230.u398	Proceedings of the debates in plenary sitting of the Assemblée Nationale, sitting: 230, 09/06/2020	2020-06-09	Lower house	15e législature	session ordinaire 2019-2020 (CRSANR5L15S2020O1N230)	-	230. séance	-	COVID	English	Regular	MP	notMinister	GDR	Gauche démocrate et républicaine	Opposition	Left	PA718720	Dufrègne, Jean-Paul	M	1958	
ParlaMint-FR-en_2020-06-09-O1230	ParlaMint-FR_2020-06-09-O1230.u399	Proceedings of the debates in plenary sitting of the Assemblée Nationale, sitting: 230, 09/06/2020	2020-06-09	Lower house	15e législature	session ordinaire 2019-2020 (CRSANR5L15S2020O1N230)	-	230. séance	-	COVID	English	Regular	notMP	notMinister	FI	La France insoumise	Opposition	Left to far-left	PA721202	Coquerel, Éric	M	1958	
ParlaMint-FR-en_2020-06-09-O1230	ParlaMint-FR_2020-06-09-O1230.u400	Proceedings of the debates in plenary sitting of the Assemblée Nationale, sitting: 230, 09/06/2020	2020-06-09	Lower house	15e législature	session ordinaire 2019-2020 (CRSANR5L15S2020O1N230)	-	230. séance	-	COVID	English	Regular	notMP	notMinister	-	-	-	-	PA607846	Darmanin, Gérald	M	1982	
ParlaMint-FR-en_2020-06-09-O1230	ParlaMint-FR_2020-06-09-O1230.u401	Proceedings of the debates in plenary sitting of the Assemblée Nationale, sitting: 230, 09/06/2020	2020-06-09	Lower house	15e législature	session ordinaire 2019-2020 (CRSANR5L15S2020O1N230)	-	230. séance	-	COVID	English	Regular	notMP	notMinister	FI	La France insoumise	Opposition	Left to far-left	PA721202	Coquerel, Éric	M	1958	
ParlaMint-FR-en_2020-06-09-O1230	ParlaMint-FR_2020-06-09-O1230.u402	Proceedings of the debates in plenary sitting of the Assemblée Nationale, sitting: 230, 09/06/2020	2020-06-09	Lower house	15e législature	session ordinaire 2019-2020 (CRSANR5L15S2020O1N230)	-	230. séance	-	COVID	English	Regular	MP	notMinister	LAREM	La République en Marche	Coalition	Centre	PA720492	Osson, Catherine	F	1974	
ParlaMint-FR-en_2020-06-09-O1230	ParlaMint-FR_2020-06-09-O1230.u403	Proceedings of the debates in plenary sitting of the Assemblée Nationale, sitting: 230, 09/06/2020	2020-06-09	Lower house	15e législature	session ordinaire 2019-2020 (CRSANR5L15S2020O1N230)	-	230. séance	-	COVID	English	Regular	notMP	notMinister	-	-	-	-	PA607846	Darmanin, Gérald	M	1982	
ParlaMint-FR-en_2020-06-09-O1230	ParlaMint-FR_2020-06-09-O1230.u404	Proceedings of the debates in plenary sitting of the Assemblée Nationale, sitting: 230, 09/06/2020	2020-06-09	Lower house	15e législature	session ordinaire 2019-2020 (CRSANR5L15S2020O1N230)	-	230. séance	-	COVID	English	Regular	notMP	notMinister	FI	La France insoumise	Opposition	Left to far-left	PA721202	Coquerel, Éric	M	1958	
ParlaMint-FR-en_2020-06-09-O1230	ParlaMint-FR_2020-06-09-O1230.u405	Proceedings of the debates in plenary sitting of the Assemblée Nationale, sitting: 230, 09/06/2020	2020-06-09	Lower house	15e législature	session ordinaire 2019-2020 (CRSANR5L15S2020O1N230)	-	230. séance	-	COVID	English	Regular	notMP	notMinister	-	-	-	-	PA607846	Darmanin, Gérald	M	1982	
ParlaMint-FR-en_2020-06-09-O1230	ParlaMint-FR_2020-06-09-O1230.u406	Proceedings of the debates in plenary sitting of the Assemblée Nationale, sitting: 230, 09/06/2020	2020-06-09	Lower house	15e législature	session ordinaire 2019-2020 (CRSANR5L15S2020O1N230)	-	230. séance	-	COVID	English	Regular	MP	notMinister	LAREM	La République en Marche	Coalition	Centre	PA721824	Renson, Hugues	M	1978	
ParlaMint-FR-en_2020-06-09-O1230	ParlaMint-FR_2020-06-09-O1230.u407	Proceedings of the debates in plenary sitting of the Assemblée Nationale, sitting: 230, 09/06/2020	2020-06-09	Lower house	15e législature	session ordinaire 2019-2020 (CRSANR5L15S2020O1N230)	-	230. séance	-	COVID	English	Regular	notMP	notMinister	-	-	-	-	PA607846	Darmanin, Gérald	M	1982	
ParlaMint-FR-en_2020-06-09-O1230	ParlaMint-FR_2020-06-09-O1230.u408	Proceedings of the debates in plenary sitting of the Assemblée Nationale, sitting: 230, 09/06/2020	2020-06-09	Lower house	15e législature	session ordinaire 2019-2020 (CRSANR5L15S2020O1N230)	-	230. séance	-	COVID	English	Regular	notMP	notMinister	FI	La France insoumise	Opposition	Left to far-left	PA721202	Coquerel, Éric	M	1958	
ParlaMint-FR-en_2020-06-09-O1230	ParlaMint-FR_2020-06-09-O1230.u409	Proceedings of the debates in plenary sitting of the Assemblée Nationale, sitting: 230, 09/06/2020	2020-06-09	Lower house	15e législature	session ordinaire 2019-2020 (CRSANR5L15S2020O1N230)	-	230. séance	-	COVID	English	Regular	notMP	notMinister	-	-	-	-	PA607846	Darmanin, Gérald	M	1982	
ParlaMint-FR-en_2020-06-09-O1230	ParlaMint-FR_2020-06-09-O1230.u410	Proceedings of the debates in plenary sitting of the Assemblée Nationale, sitting: 230, 09/06/2020	2020-06-09	Lower house	15e législature	session ordinaire 2019-2020 (CRSANR5L15S2020O1N230)	-	230. séance	-	COVID	English	Regular	notMP	notMinister	FI	La France insoumise	Opposition	Left to far-left	PA721202	Coquerel, Éric	M	1958	
ParlaMint-FR-en_2020-06-09-O1230	ParlaMint-FR_2020-06-09-O1230.u411	Proceedings of the debates in plenary sitting of the Assemblée Nationale, sitting: 230, 09/06/2020	2020-06-09	Lower house	15e législature	session ordinaire 2019-2020 (CRSANR5L15S2020O1N230)	-	230. séance	-	COVID	English	Regular	notMP	notMinister	-	-	-	-	PA718850	Cordier, Pierre	M	1972	
ParlaMint-FR-en_2020-06-09-O1230	ParlaMint-FR_2020-06-09-O1230.u412	Proceedings of the debates in plenary sitting of the Assemblée Nationale, sitting: 230, 09/06/2020	2020-06-09	Lower house	15e législature	session ordinaire 2019-2020 (CRSANR5L15S2020O1N230)	-	230. séance	-	COVID	English	Regular	notMP	notMinister	-	-	-	-	PA607846	Darmanin, Gérald	M	1982	
ParlaMint-FR-en_2020-06-09-O1230	ParlaMint-FR_2020-06-09-O1230.u413	Proceedings of the debates in plenary sitting of the Assemblée Nationale, sitting: 230, 09/06/2020	2020-06-09	Lower house	15e législature	session ordinaire 2019-2020 (CRSANR5L15S2020O1N230)	-	230. séance	-	COVID	English	Regular	notMP	notMinister	LR	Les Républicains	Opposition	Centre-right	PA607090	Vigier, Jean-Pierre	M	1969	
ParlaMint-FR-en_2020-06-09-O1230	ParlaMint-FR_2020-06-09-O1230.u414	Proceedings of the debates in plenary sitting of the Assemblée Nationale, sitting: 230, 09/06/2020	2020-06-09	Lower house	15e législature	session ordinaire 2019-2020 (CRSANR5L15S2020O1N230)	-	230. séance	-	COVID	English	Regular	notMP	notMinister	-	-	-	-	PA607846	Darmanin, Gérald	M	1982	
ParlaMint-FR-en_2020-06-09-O1230	ParlaMint-FR_2020-06-09-O1230.u415	Proceedings of the debates in plenary sitting of the Assemblée Nationale, sitting: 230, 09/06/2020	2020-06-09	Lower house	15e législature	session ordinaire 2019-2020 (CRSANR5L15S2020O1N230)	-	230. séance	-	COVID	English	Regular	notMP	notMinister	SOC	Socialistes et apparentés	-	Centre-left to left	PA609590	Rabault, Valérie	F	1973	
ParlaMint-FR-en_2020-06-09-O1230	ParlaMint-FR_2020-06-09-O1230.u416	Proceedings of the debates in plenary sitting of the Assemblée Nationale, sitting: 230, 09/06/2020	2020-06-09	Lower house	15e législature	session ordinaire 2019-2020 (CRSANR5L15S2020O1N230)	-	230. séance	-	COVID	English	Regular	notMP	notMinister	-	-	-	-	PA607846	Darmanin, Gérald	M	1982	
ParlaMint-FR-en_2020-06-09-O1230	ParlaMint-FR_2020-06-09-O1230.u417	Proceedings of the debates in plenary sitting of the Assemblée Nationale, sitting: 230, 09/06/2020	2020-06-09	Lower house	15e législature	session ordinaire 2019-2020 (CRSANR5L15S2020O1N230)	-	230. séance	-	COVID	English	Regular	notMP	notMinister	SOC	Socialistes et apparentés	-	Centre-left to left	PA609590	Rabault, Valérie	F	1973	
ParlaMint-FR-en_2020-06-09-O1230	ParlaMint-FR_2020-06-09-O1230.u418	Proceedings of the debates in plenary sitting of the Assemblée Nationale, sitting: 230, 09/06/2020	2020-06-09	Lower house	15e législature	session ordinaire 2019-2020 (CRSANR5L15S2020O1N230)	-	230. séance	-	COVID	English	Regular	notMP	notMinister	-	-	-	-	PA607846	Darmanin, Gérald	M	1982	
ParlaMint-FR-en_2020-06-09-O1230	ParlaMint-FR_2020-06-09-O1230.u419	Proceedings of the debates in plenary sitting of the Assemblée Nationale, sitting: 230, 09/06/2020	2020-06-09	Lower house	15e législature	session ordinaire 2019-2020 (CRSANR5L15S2020O1N230)	-	230. séance	-	COVID	English	Regular	notMP	notMinister	LR	Les Républicains	Opposition	Centre-right	PA607090	Vigier, Jean-Pierre	M	1969	
ParlaMint-FR-en_2020-06-09-O1230	ParlaMint-FR_2020-06-09-O1230.u420	Proceedings of the debates in plenary sitting of the Assemblée Nationale, sitting: 230, 09/06/2020	2020-06-09	Lower house	15e législature	session ordinaire 2019-2020 (CRSANR5L15S2020O1N230)	-	230. séance	-	COVID	English	Regular	notMP	notMinister	-	-	-	-	PA718850	Cordier, Pierre	M	1972	
ParlaMint-FR-en_2020-06-09-O1230	ParlaMint-FR_2020-06-09-O1230.u421	Proceedings of the debates in plenary sitting of the Assemblée Nationale, sitting: 230, 09/06/2020	2020-06-09	Lower house	15e législature	session ordinaire 2019-2020 (CRSANR5L15S2020O1N230)	-	230. séance	-	COVID	English	Regular	notMP	notMinister	-	-	-	-	PA607846	Darmanin, Gérald	M	1982	
ParlaMint-FR-en_2020-06-09-O1230	ParlaMint-FR_2020-06-09-O1230.u422	Proceedings of the debates in plenary sitting of the Assemblée Nationale, sitting: 230, 09/06/2020	2020-06-09	Lower house	15e législature	session ordinaire 2019-2020 (CRSANR5L15S2020O1N230)	-	230. séance	-	COVID	English	Regular	notMP	notMinister	LR	Les Républicains	Opposition	Centre-right	PA643134	Valentin, Isabelle	F	1962	
ParlaMint-FR-en_2020-06-09-O1230	ParlaMint-FR_2020-06-09-O1230.u423	Proceedings of the debates in plenary sitting of the Assemblée Nationale, sitting: 230, 09/06/2020	2020-06-09	Lower house	15e législature	session ordinaire 2019-2020 (CRSANR5L15S2020O1N230)	-	230. séance	-	COVID	English	Regular	notMP	notMinister	-	-	-	-	PA607846	Darmanin, Gérald	M	1982	
ParlaMint-FR-en_2020-06-09-O1230	ParlaMint-FR_2020-06-09-O1230.u424	Proceedings of the debates in plenary sitting of the Assemblée Nationale, sitting: 230, 09/06/2020	2020-06-09	Lower house	15e législature	session ordinaire 2019-2020 (CRSANR5L15S2020O1N230)	-	230. séance	-	COVID	English	Regular	notMP	notMinister	LR	Les Républicains	Opposition	Centre-right	PA643134	Valentin, Isabelle	F	1962	
ParlaMint-FR-en_2020-06-09-O1230	ParlaMint-FR_2020-06-09-O1230.u425	Proceedings of the debates in plenary sitting of the Assemblée Nationale, sitting: 230, 09/06/2020	2020-06-09	Lower house	15e législature	session ordinaire 2019-2020 (CRSANR5L15S2020O1N230)	-	230. séance	-	COVID	English	Regular	notMP	notMinister	-	-	-	-	PA607846	Darmanin, Gérald	M	1982	
ParlaMint-FR-en_2020-06-09-O1230	ParlaMint-FR_2020-06-09-O1230.u426	Proceedings of the debates in plenary sitting of the Assemblée Nationale, sitting: 230, 09/06/2020	2020-06-09	Lower house	15e législature	session ordinaire 2019-2020 (CRSANR5L15S2020O1N230)	-	230. séance	-	COVID	English	Regular	MP	notMinister	LR	Les Républicains	Opposition	Centre-right	PA720630	Minot, Maxime	M	1987	
ParlaMint-FR-en_2020-06-09-O1230	ParlaMint-FR_2020-06-09-O1230.u427	Proceedings of the debates in plenary sitting of the Assemblée Nationale, sitting: 230, 09/06/2020	2020-06-09	Lower house	15e législature	session ordinaire 2019-2020 (CRSANR5L15S2020O1N230)	-	230. séance	-	COVID	English	Regular	notMP	notMinister	-	-	-	-	PA607846	Darmanin, Gérald	M	1982	
ParlaMint-FR-en_2020-06-09-O1230	ParlaMint-FR_2020-06-09-O1230.u428	Proceedings of the debates in plenary sitting of the Assemblée Nationale, sitting: 230, 09/06/2020	2020-06-09	Lower house	15e législature	session ordinaire 2019-2020 (CRSANR5L15S2020O1N230)	-	230. séance	-	COVID	English	Regular	notMP	notMinister	LR	Les Républicains	Opposition	Centre-right	PA607090	Vigier, Jean-Pierre	M	1969	
ParlaMint-FR-en_2020-06-09-O1230	ParlaMint-FR_2020-06-09-O1230.u429	Proceedings of the debates in plenary sitting of the Assemblée Nationale, sitting: 230, 09/06/2020	2020-06-09	Lower house	15e législature	session ordinaire 2019-2020 (CRSANR5L15S2020O1N230)	-	230. séance	-	COVID	English	Regular	notMP	notMinister	FI	La France insoumise	Opposition	Left to far-left	PA721202	Coquerel, Éric	M	1958	
ParlaMint-FR-en_2020-06-09-O1230	ParlaMint-FR_2020-06-09-O1230.u430	Proceedings of the debates in plenary sitting of the Assemblée Nationale, sitting: 230, 09/06/2020	2020-06-09	Lower house	15e législature	session ordinaire 2019-2020 (CRSANR5L15S2020O1N230)	-	230. séance	-	COVID	English	Regular	notMP	notMinister	-	-	-	-	PA607846	Darmanin, Gérald	M	1982	
ParlaMint-FR-en_2020-06-09-O1230	ParlaMint-FR_2020-06-09-O1230.u431	Proceedings of the debates in plenary sitting of the Assemblée Nationale, sitting: 230, 09/06/2020	2020-06-09	Lower house	15e législature	session ordinaire 2019-2020 (CRSANR5L15S2020O1N230)	-	230. séance	-	COVID	English	Regular	notMP	notMinister	-	-	-	-	PA718850	Cordier, Pierre	M	1972	
ParlaMint-FR-en_2020-06-09-O1230	ParlaMint-FR_2020-06-09-O1230.u432	Proceedings of the debates in plenary sitting of the Assemblée Nationale, sitting: 230, 09/06/2020	2020-06-09	Lower house	15e législature	session ordinaire 2019-2020 (CRSANR5L15S2020O1N230)	-	230. séance	-	COVID	English	Regular	notMP	notMinister	-	-	-	-	PA607846	Darmanin, Gérald	M	1982	
ParlaMint-FR-en_2020-06-09-O1230	ParlaMint-FR_2020-06-09-O1230.u433	Proceedings of the debates in plenary sitting of the Assemblée Nationale, sitting: 230, 09/06/2020	2020-06-09	Lower house	15e législature	session ordinaire 2019-2020 (CRSANR5L15S2020O1N230)	-	230. séance	-	COVID	English	Regular	notMP	notMinister	LR	Les Républicains	Opposition	Centre-right	PA607090	Vigier, Jean-Pierre	M	1969	
ParlaMint-FR-en_2020-06-09-O1230	ParlaMint-FR_2020-06-09-O1230.u434	Proceedings of the debates in plenary sitting of the Assemblée Nationale, sitting: 230, 09/06/2020	2020-06-09	Lower house	15e législature	session ordinaire 2019-2020 (CRSANR5L15S2020O1N230)	-	230. séance	-	COVID	English	Regular	notMP	notMinister	-	-	-	-	PA607846	Darmanin, Gérald	M	1982	
ParlaMint-FR-en_2020-06-09-O1230	ParlaMint-FR_2020-06-09-O1230.u435	Proceedings of the debates in plenary sitting of the Assemblée Nationale, sitting: 230, 09/06/2020	2020-06-09	Lower house	15e législature	session ordinaire 2019-2020 (CRSANR5L15S2020O1N230)	-	230. séance	-	COVID	English	Regular	notMP	notMinister	LT	Libertés et Territoires	-	Big tent	PA942	de Courson, Charles	M	1952	
ParlaMint-FR-en_2020-06-09-O1230	ParlaMint-FR_2020-06-09-O1230.u436	Proceedings of the debates in plenary sitting of the Assemblée Nationale, sitting: 230, 09/06/2020	2020-06-09	Lower house	15e législature	session ordinaire 2019-2020 (CRSANR5L15S2020O1N230)	-	230. séance	-	COVID	English	Regular	notMP	notMinister	-	-	-	-	PA607846	Darmanin, Gérald	M	1982	
ParlaMint-FR-en_2020-06-09-O1230	ParlaMint-FR_2020-06-09-O1230.u437	Proceedings of the debates in plenary sitting of the Assemblée Nationale, sitting: 230, 09/06/2020	2020-06-09	Lower house	15e législature	session ordinaire 2019-2020 (CRSANR5L15S2020O1N230)	-	230. séance	-	COVID	English	Regular	notMP	notMinister	-	-	-	-	PA718850	Cordier, Pierre	M	1972	
ParlaMint-FR-en_2020-06-09-O1230	ParlaMint-FR_2020-06-09-O1230.u438	Proceedings of the debates in plenary sitting of the Assemblée Nationale, sitting: 230, 09/06/2020	2020-06-09	Lower house	15e législature	session ordinaire 2019-2020 (CRSANR5L15S2020O1N230)	-	230. séance	-	COVID	English	Regular	notMP	notMinister	-	-	-	-	PA607846	Darmanin, Gérald	M	1982	
ParlaMint-FR-en_2020-06-09-O1230	ParlaMint-FR_2020-06-09-O1230.u439	Proceedings of the debates in plenary sitting of the Assemblée Nationale, sitting: 230, 09/06/2020	2020-06-09	Lower house	15e législature	session ordinaire 2019-2020 (CRSANR5L15S2020O1N230)	-	230. séance	-	COVID	English	Regular	notMP	notMinister	LR	Les Républicains	Opposition	Centre-right	PA607090	Vigier, Jean-Pierre	M	1969	
ParlaMint-FR-en_2020-06-09-O1230	ParlaMint-FR_2020-06-09-O1230.u440	Proceedings of the debates in plenary sitting of the Assemblée Nationale, sitting: 230, 09/06/2020	2020-06-09	Lower house	15e législature	session ordinaire 2019-2020 (CRSANR5L15S2020O1N230)	-	230. séance	-	COVID	English	Regular	notMP	notMinister	-	-	-	-	PA607846	Darmanin, Gérald	M	1982	
ParlaMint-FR-en_2020-06-09-O1230	ParlaMint-FR_2020-06-09-O1230.u441	Proceedings of the debates in plenary sitting of the Assemblée Nationale, sitting: 230, 09/06/2020	2020-06-09	Lower house	15e législature	session ordinaire 2019-2020 (CRSANR5L15S2020O1N230)	-	230. séance	-	COVID	English	Regular	MP	notMinister	GDR	Gauche démocrate et républicaine	Opposition	Left	PA718720	Dufrègne, Jean-Paul	M	1958	
ParlaMint-FR-en_2020-06-09-O1230	ParlaMint-FR_2020-06-09-O1230.u442	Proceedings of the debates in plenary sitting of the Assemblée Nationale, sitting: 230, 09/06/2020	2020-06-09	Lower house	15e législature	session ordinaire 2019-2020 (CRSANR5L15S2020O1N230)	-	230. séance	-	COVID	English	Regular	notMP	notMinister	-	-	-	-	PA607846	Darmanin, Gérald	M	1982	
ParlaMint-FR-en_2020-06-09-O1230	ParlaMint-FR_2020-06-09-O1230.u443	Proceedings of the debates in plenary sitting of the Assemblée Nationale, sitting: 230, 09/06/2020	2020-06-09	Lower house	15e législature	session ordinaire 2019-2020 (CRSANR5L15S2020O1N230)	-	230. séance	-	COVID	English	Regular	MP	notMinister	SOC	Socialistes et apparentés	-	Centre-left to left	PA1592	Habib, David	M	1961	
ParlaMint-FR-en_2020-06-09-O1230	ParlaMint-FR_2020-06-09-O1230.u444	Proceedings of the debates in plenary sitting of the Assemblée Nationale, sitting: 230, 09/06/2020	2020-06-09	Lower house	15e législature	session ordinaire 2019-2020 (CRSANR5L15S2020O1N230)	-	230. séance	-	COVID	English	Regular	notMP	notMinister	-	-	-	-	PA607846	Darmanin, Gérald	M	1982	
ParlaMint-FR-en_2020-06-09-O1230	ParlaMint-FR_2020-06-09-O1230.u445	Proceedings of the debates in plenary sitting of the Assemblée Nationale, sitting: 230, 09/06/2020	2020-06-09	Lower house	15e législature	session ordinaire 2019-2020 (CRSANR5L15S2020O1N230)	-	230. séance	-	COVID	English	Regular	MP	notMinister	SOC	Socialistes et apparentés	-	Centre-left to left	PA1592	Habib, David	M	1961	
ParlaMint-FR-en_2020-06-09-O1230	ParlaMint-FR_2020-06-09-O1230.u446	Proceedings of the debates in plenary sitting of the Assemblée Nationale, sitting: 230, 09/06/2020	2020-06-09	Lower house	15e législature	session ordinaire 2019-2020 (CRSANR5L15S2020O1N230)	-	230. séance	-	COVID	English	Regular	notMP	notMinister	-	-	-	-	PA607846	Darmanin, Gérald	M	1982	
ParlaMint-FR-en_2020-06-09-O1230	ParlaMint-FR_2020-06-09-O1230.u447	Proceedings of the debates in plenary sitting of the Assemblée Nationale, sitting: 230, 09/06/2020	2020-06-09	Lower house	15e législature	session ordinaire 2019-2020 (CRSANR5L15S2020O1N230)	-	230. séance	-	COVID	English	Regular	MP	notMinister	AGIR-E	Agir ensemble	Coalition	-	PA720996	El Guerrab, M'jid	M	1983	
ParlaMint-FR-en_2020-06-09-O1230	ParlaMint-FR_2020-06-09-O1230.u448	Proceedings of the debates in plenary sitting of the Assemblée Nationale, sitting: 230, 09/06/2020	2020-06-09	Lower house	15e législature	session ordinaire 2019-2020 (CRSANR5L15S2020O1N230)	-	230. séance	-	COVID	English	Regular	notMP	notMinister	-	-	-	-	PA607846	Darmanin, Gérald	M	1982	
ParlaMint-FR-en_2020-06-09-O1230	ParlaMint-FR_2020-06-09-O1230.u449	Proceedings of the debates in plenary sitting of the Assemblée Nationale, sitting: 230, 09/06/2020	2020-06-09	Lower house	15e législature	session ordinaire 2019-2020 (CRSANR5L15S2020O1N230)	-	230. séance	-	COVID	English	Regular	notMP	notMinister	FI	La France insoumise	Opposition	Left to far-left	PA721202	Coquerel, Éric	M	1958	
ParlaMint-FR-en_2020-06-09-O1230	ParlaMint-FR_2020-06-09-O1230.u450	Proceedings of the debates in plenary sitting of the Assemblée Nationale, sitting: 230, 09/06/2020	2020-06-09	Lower house	15e législature	session ordinaire 2019-2020 (CRSANR5L15S2020O1N230)	-	230. séance	-	COVID	English	Regular	notMP	notMinister	-	-	-	-	PA607846	Darmanin, Gérald	M	1982	
ParlaMint-FR-en_2020-06-09-O1230	ParlaMint-FR_2020-06-09-O1230.u451	Proceedings of the debates in plenary sitting of the Assemblée Nationale, sitting: 230, 09/06/2020	2020-06-09	Lower house	15e législature	session ordinaire 2019-2020 (CRSANR5L15S2020O1N230)	-	230. séance	-	COVID	English	Regular	MP	notMinister	LAREM	La République en Marche	Coalition	Centre	PA721824	Renson, Hugues	M	1978	
ParlaMint-FR-en_2020-06-09-O1230	ParlaMint-FR_2020-06-09-O1230.u452	Proceedings of the debates in plenary sitting of the Assemblée Nationale, sitting: 230, 09/06/2020	2020-06-09	Lower house	15e législature	session ordinaire 2019-2020 (CRSANR5L15S2020O1N230)	-	230. séance	-	COVID	English	Regular	notMP	notMinister	LAREM	La République en Marche	Coalition	Centre	PA267336	Giraud, Joël	M	1959	
ParlaMint-FR-en_2020-06-09-O1230	ParlaMint-FR_2020-06-09-O1230.u453	Proceedings of the debates in plenary sitting of the Assemblée Nationale, sitting: 230, 09/06/2020	2020-06-09	Lower house	15e législature	session ordinaire 2019-2020 (CRSANR5L15S2020O1N230)	-	230. séance	-	COVID	English	Regular	MP	notMinister	LAREM	La République en Marche	Coalition	Centre	PA721824	Renson, Hugues	M	1978	
ParlaMint-FR-en_2020-06-09-O1230	ParlaMint-FR_2020-06-09-O1230.u454	Proceedings of the debates in plenary sitting of the Assemblée Nationale, sitting: 230, 09/06/2020	2020-06-09	Lower house	15e législature	session ordinaire 2019-2020 (CRSANR5L15S2020O1N230)	-	230. séance	-	COVID	English	Regular	notMP	notMinister	-	-	-	-	PA330357	Dussopt, Olivier	M	1978	
ParlaMint-FR-en_2020-06-09-O1230	ParlaMint-FR_2020-06-09-O1230.u455	Proceedings of the debates in plenary sitting of the Assemblée Nationale, sitting: 230, 09/06/2020	2020-06-09	Lower house	15e législature	session ordinaire 2019-2020 (CRSANR5L15S2020O1N230)	-	230. séance	-	COVID	English	Regular	MP	notMinister	LAREM	La République en Marche	Coalition	Centre	PA721824	Renson, Hugues	M	1978	
ParlaMint-FR-en_2020-06-09-O1230	ParlaMint-FR_2020-06-09-O1230.u456	Proceedings of the debates in plenary sitting of the Assemblée Nationale, sitting: 230, 09/06/2020	2020-06-09	Lower house	15e législature	session ordinaire 2019-2020 (CRSANR5L15S2020O1N230)	-	230. séance	-	COVID	English	Regular	MP	notMinister	LAREM	La République en Marche	Coalition	Centre	PA720492	Osson, Catherine	F	1974	
ParlaMint-FR-en_2020-06-09-O1230	ParlaMint-FR_2020-06-09-O1230.u457	Proceedings of the debates in plenary sitting of the Assemblée Nationale, sitting: 230, 09/06/2020	2020-06-09	Lower house	15e législature	session ordinaire 2019-2020 (CRSANR5L15S2020O1N230)	-	230. séance	-	COVID	English	Regular	MP	notMinister	LAREM	La République en Marche	Coalition	Centre	PA721824	Renson, Hugues	M	1978	
ParlaMint-FR-en_2020-06-09-O1230	ParlaMint-FR_2020-06-09-O1230.u458	Proceedings of the debates in plenary sitting of the Assemblée Nationale, sitting: 230, 09/06/2020	2020-06-09	Lower house	15e législature	session ordinaire 2019-2020 (CRSANR5L15S2020O1N230)	-	230. séance	-	COVID	English	Regular	notMP	notMinister	-	-	-	-	PA330357	Dussopt, Olivier	M	1978	
ParlaMint-FR-en_2020-06-09-O1230	ParlaMint-FR_2020-06-09-O1230.u459	Proceedings of the debates in plenary sitting of the Assemblée Nationale, sitting: 230, 09/06/2020	2020-06-09	Lower house	15e législature	session ordinaire 2019-2020 (CRSANR5L15S2020O1N230)	-	230. séance	-	COVID	English	Regular	MP	notMinister	LAREM	La République en Marche	Coalition	Centre	PA721824	Renson, Hugues	M	1978	
ParlaMint-FR-en_2020-06-09-O1230	ParlaMint-FR_2020-06-09-O1230.u460	Proceedings of the debates in plenary sitting of the Assemblée Nationale, sitting: 230, 09/06/2020	2020-06-09	Lower house	15e législature	session ordinaire 2019-2020 (CRSANR5L15S2020O1N230)	-	230. séance	-	COVID	English	Regular	MP	notMinister	LR	Les Républicains	Opposition	Centre-right	PA267450	Delatte, Rémi	M	1956	
ParlaMint-FR-en_2020-06-09-O1230	ParlaMint-FR_2020-06-09-O1230.u461	Proceedings of the debates in plenary sitting of the Assemblée Nationale, sitting: 230, 09/06/2020	2020-06-09	Lower house	15e législature	session ordinaire 2019-2020 (CRSANR5L15S2020O1N230)	-	230. séance	-	COVID	English	Regular	notMP	notMinister	LR	Les Républicains	Opposition	Centre-right	PA607090	Vigier, Jean-Pierre	M	1969	
ParlaMint-FR-en_2020-06-09-O1230	ParlaMint-FR_2020-06-09-O1230.u462	Proceedings of the debates in plenary sitting of the Assemblée Nationale, sitting: 230, 09/06/2020	2020-06-09	Lower house	15e législature	session ordinaire 2019-2020 (CRSANR5L15S2020O1N230)	-	230. séance	-	COVID	English	Regular	MP	notMinister	LR	Les Républicains	Opposition	Centre-right	PA267450	Delatte, Rémi	M	1956	
ParlaMint-FR-en_2020-06-09-O1230	ParlaMint-FR_2020-06-09-O1230.u463	Proceedings of the debates in plenary sitting of the Assemblée Nationale, sitting: 230, 09/06/2020	2020-06-09	Lower house	15e législature	session ordinaire 2019-2020 (CRSANR5L15S2020O1N230)	-	230. séance	-	COVID	English	Guest	-	-	-	-	-	-	-	-	-	-
ParlaMint-FR-en_2020-06-09-O1230	ParlaMint-FR_2020-06-09-O1230.u464	Proceedings of the debates in plenary sitting of the Assemblée Nationale, sitting: 230, 09/06/2020	2020-06-09	Lower house	15e législature	session ordinaire 2019-2020 (CRSANR5L15S2020O1N230)	-	230. séance	-	COVID	English	Regular	MP	notMinister	LR	Les Républicains	Opposition	Centre-right	PA267450	Delatte, Rémi	M	1956	
ParlaMint-FR-en_2020-06-09-O1230	ParlaMint-FR_2020-06-09-O1230.u465	Proceedings of the debates in plenary sitting of the Assemblée Nationale, sitting: 230, 09/06/2020	2020-06-09	Lower house	15e législature	session ordinaire 2019-2020 (CRSANR5L15S2020O1N230)	-	230. séance	-	COVID	English	Regular	notMP	notMinister	-	-	-	-	PA718850	Cordier, Pierre	M	1972	
ParlaMint-FR-en_2020-06-09-O1230	ParlaMint-FR_2020-06-09-O1230.u466	Proceedings of the debates in plenary sitting of the Assemblée Nationale, sitting: 230, 09/06/2020	2020-06-09	Lower house	15e législature	session ordinaire 2019-2020 (CRSANR5L15S2020O1N230)	-	230. séance	-	COVID	English	Regular	MP	notMinister	LR	Les Républicains	Opposition	Centre-right	PA267450	Delatte, Rémi	M	1956	
ParlaMint-FR-en_2020-06-09-O1230	ParlaMint-FR_2020-06-09-O1230.u467	Proceedings of the debates in plenary sitting of the Assemblée Nationale, sitting: 230, 09/06/2020	2020-06-09	Lower house	15e législature	session ordinaire 2019-2020 (CRSANR5L15S2020O1N230)	-	230. séance	-	COVID	English	Regular	MP	notMinister	LAREM	La République en Marche	Coalition	Centre	PA721824	Renson, Hugues	M	1978	
ParlaMint-FR-en_2020-06-09-O1230	ParlaMint-FR_2020-06-09-O1230.u468	Proceedings of the debates in plenary sitting of the Assemblée Nationale, sitting: 230, 09/06/2020	2020-06-09	Lower house	15e législature	session ordinaire 2019-2020 (CRSANR5L15S2020O1N230)	-	230. séance	-	COVID	English	Regular	notMP	notMinister	-	-	-	-	PA330357	Dussopt, Olivier	M	1978	
ParlaMint-FR-en_2020-06-09-O1230	ParlaMint-FR_2020-06-09-O1230.u469	Proceedings of the debates in plenary sitting of the Assemblée Nationale, sitting: 230, 09/06/2020	2020-06-09	Lower house	15e législature	session ordinaire 2019-2020 (CRSANR5L15S2020O1N230)	-	230. séance	-	COVID	English	Regular	MP	notMinister	LAREM	La République en Marche	Coalition	Centre	PA721824	Renson, Hugues	M	1978	
ParlaMint-FR-en_2020-06-09-O1230	ParlaMint-FR_2020-06-09-O1230.u470	Proceedings of the debates in plenary sitting of the Assemblée Nationale, sitting: 230, 09/06/2020	2020-06-09	Lower house	15e législature	session ordinaire 2019-2020 (CRSANR5L15S2020O1N230)	-	230. séance	-	COVID	English	Regular	notMP	notMinister	LR	Les Républicains	Opposition	Centre-right	PA607090	Vigier, Jean-Pierre	M	1969	
ParlaMint-FR-en_2020-06-09-O1230	ParlaMint-FR_2020-06-09-O1230.u471	Proceedings of the debates in plenary sitting of the Assemblée Nationale, sitting: 230, 09/06/2020	2020-06-09	Lower house	15e législature	session ordinaire 2019-2020 (CRSANR5L15S2020O1N230)	-	230. séance	-	COVID	English	Regular	MP	notMinister	LAREM	La République en Marche	Coalition	Centre	PA721824	Renson, Hugues	M	1978	
ParlaMint-FR-en_2020-06-09-O1230	ParlaMint-FR_2020-06-09-O1230.u472	Proceedings of the debates in plenary sitting of the Assemblée Nationale, sitting: 230, 09/06/2020	2020-06-09	Lower house	15e législature	session ordinaire 2019-2020 (CRSANR5L15S2020O1N230)	-	230. séance	-	COVID	English	Regular	notMP	notMinister	-	-	-	-	PA330357	Dussopt, Olivier	M	1978	
ParlaMint-FR-en_2020-06-09-O1230	ParlaMint-FR_2020-06-09-O1230.u473	Proceedings of the debates in plenary sitting of the Assemblée Nationale, sitting: 230, 09/06/2020	2020-06-09	Lower house	15e législature	session ordinaire 2019-2020 (CRSANR5L15S2020O1N230)	-	230. séance	-	COVID	English	Regular	notMP	notMinister	-	-	-	-	PA718850	Cordier, Pierre	M	1972	
ParlaMint-FR-en_2020-06-09-O1230	ParlaMint-FR_2020-06-09-O1230.u474	Proceedings of the debates in plenary sitting of the Assemblée Nationale, sitting: 230, 09/06/2020	2020-06-09	Lower house	15e législature	session ordinaire 2019-2020 (CRSANR5L15S2020O1N230)	-	230. séance	-	COVID	English	Regular	notMP	notMinister	-	-	-	-	PA330357	Dussopt, Olivier	M	1978	
ParlaMint-FR-en_2020-06-09-O1230	ParlaMint-FR_2020-06-09-O1230.u475	Proceedings of the debates in plenary sitting of the Assemblée Nationale, sitting: 230, 09/06/2020	2020-06-09	Lower house	15e législature	session ordinaire 2019-2020 (CRSANR5L15S2020O1N230)	-	230. séance	-	COVID	English	Regular	MP	notMinister	LAREM	La République en Marche	Coalition	Centre	PA721824	Renson, Hugues	M	1978	
ParlaMint-FR-en_2020-06-09-O1230	ParlaMint-FR_2020-06-09-O1230.u476	Proceedings of the debates in plenary sitting of the Assemblée Nationale, sitting: 230, 09/06/2020	2020-06-09	Lower house	15e législature	session ordinaire 2019-2020 (CRSANR5L15S2020O1N230)	-	230. séance	-	COVID	English	Regular	notMP	notMinister	MODEM	Mouvement Démocrate et apparentés	Coalition	Centre to centre-right	PA721182	Petit, Frédéric	M	1961	
ParlaMint-FR-en_2020-06-09-O1230	ParlaMint-FR_2020-06-09-O1230.u477	Proceedings of the debates in plenary sitting of the Assemblée Nationale, sitting: 230, 09/06/2020	2020-06-09	Lower house	15e législature	session ordinaire 2019-2020 (CRSANR5L15S2020O1N230)	-	230. séance	-	COVID	English	Regular	MP	notMinister	LAREM	La République en Marche	Coalition	Centre	PA721824	Renson, Hugues	M	1978	
ParlaMint-FR-en_2020-06-09-O1230	ParlaMint-FR_2020-06-09-O1230.u478	Proceedings of the debates in plenary sitting of the Assemblée Nationale, sitting: 230, 09/06/2020	2020-06-09	Lower house	15e législature	session ordinaire 2019-2020 (CRSANR5L15S2020O1N230)	-	230. séance	-	COVID	English	Regular	notMP	notMinister	-	-	-	-	PA330357	Dussopt, Olivier	M	1978	
ParlaMint-FR-en_2020-06-09-O1230	ParlaMint-FR_2020-06-09-O1230.u479	Proceedings of the debates in plenary sitting of the Assemblée Nationale, sitting: 230, 09/06/2020	2020-06-09	Lower house	15e législature	session ordinaire 2019-2020 (CRSANR5L15S2020O1N230)	-	230. séance	-	COVID	English	Regular	notMP	notMinister	-	-	-	-	PA718850	Cordier, Pierre	M	1972	
ParlaMint-FR-en_2020-06-09-O1230	ParlaMint-FR_2020-06-09-O1230.u480	Proceedings of the debates in plenary sitting of the Assemblée Nationale, sitting: 230, 09/06/2020	2020-06-09	Lower house	15e législature	session ordinaire 2019-2020 (CRSANR5L15S2020O1N230)	-	230. séance	-	COVID	English	Regular	notMP	notMinister	-	-	-	-	PA330357	Dussopt, Olivier	M	1978	
ParlaMint-FR-en_2020-06-09-O1230	ParlaMint-FR_2020-06-09-O1230.u481	Proceedings of the debates in plenary sitting of the Assemblée Nationale, sitting: 230, 09/06/2020	2020-06-09	Lower house	15e législature	session ordinaire 2019-2020 (CRSANR5L15S2020O1N230)	-	230. séance	-	COVID	English	Regular	notMP	notMinister	-	-	-	-	PA718850	Cordier, Pierre	M	1972	
ParlaMint-FR-en_2020-06-09-O1230	ParlaMint-FR_2020-06-09-O1230.u482	Proceedings of the debates in plenary sitting of the Assemblée Nationale, sitting: 230, 09/06/2020	2020-06-09	Lower house	15e législature	session ordinaire 2019-2020 (CRSANR5L15S2020O1N230)	-	230. séance	-	COVID	English	Regular	notMP	notMinister	-	-	-	-	PA330357	Dussopt, Olivier	M	1978	
ParlaMint-FR-en_2020-06-09-O1230	ParlaMint-FR_2020-06-09-O1230.u483	Proceedings of the debates in plenary sitting of the Assemblée Nationale, sitting: 230, 09/06/2020	2020-06-09	Lower house	15e législature	session ordinaire 2019-2020 (CRSANR5L15S2020O1N230)	-	230. séance	-	COVID	English	Regular	MP	notMinister	LAREM	La République en Marche	Coalition	Centre	PA721824	Renson, Hugues	M	1978	
ParlaMint-FR-en_2020-06-09-O1230	ParlaMint-FR_2020-06-09-O1230.u484	Proceedings of the debates in plenary sitting of the Assemblée Nationale, sitting: 230, 09/06/2020	2020-06-09	Lower house	15e législature	session ordinaire 2019-2020 (CRSANR5L15S2020O1N230)	-	230. séance	-	COVID	English	Regular	MP	notMinister	SOC	Socialistes et apparentés	-	Centre-left to left	PA1592	Habib, David	M	1961	
ParlaMint-FR-en_2020-06-09-O1230	ParlaMint-FR_2020-06-09-O1230.u485	Proceedings of the debates in plenary sitting of the Assemblée Nationale, sitting: 230, 09/06/2020	2020-06-09	Lower house	15e législature	session ordinaire 2019-2020 (CRSANR5L15S2020O1N230)	-	230. séance	-	COVID	English	Regular	notMP	notMinister	LT	Libertés et Territoires	-	Big tent	PA942	de Courson, Charles	M	1952	
ParlaMint-FR-en_2020-06-09-O1230	ParlaMint-FR_2020-06-09-O1230.u486	Proceedings of the debates in plenary sitting of the Assemblée Nationale, sitting: 230, 09/06/2020	2020-06-09	Lower house	15e législature	session ordinaire 2019-2020 (CRSANR5L15S2020O1N230)	-	230. séance	-	COVID	English	Regular	MP	notMinister	SOC	Socialistes et apparentés	-	Centre-left to left	PA1592	Habib, David	M	1961	
ParlaMint-FR-en_2020-06-09-O1230	ParlaMint-FR_2020-06-09-O1230.u487	Proceedings of the debates in plenary sitting of the Assemblée Nationale, sitting: 230, 09/06/2020	2020-06-09	Lower house	15e législature	session ordinaire 2019-2020 (CRSANR5L15S2020O1N230)	-	230. séance	-	COVID	English	Regular	notMP	notMinister	FI	La France insoumise	Opposition	Left to far-left	PA720286	Fiat, Caroline	F	1977	
ParlaMint-FR-en_2020-06-09-O1230	ParlaMint-FR_2020-06-09-O1230.u488	Proceedings of the debates in plenary sitting of the Assemblée Nationale, sitting: 230, 09/06/2020	2020-06-09	Lower house	15e législature	session ordinaire 2019-2020 (CRSANR5L15S2020O1N230)	-	230. séance	-	COVID	English	Regular	MP	notMinister	LAREM	La République en Marche	Coalition	Centre	PA721824	Renson, Hugues	M	1978	
ParlaMint-FR-en_2020-06-09-O1230	ParlaMint-FR_2020-06-09-O1230.u489	Proceedings of the debates in plenary sitting of the Assemblée Nationale, sitting: 230, 09/06/2020	2020-06-09	Lower house	15e législature	session ordinaire 2019-2020 (CRSANR5L15S2020O1N230)	-	230. séance	-	COVID	English	Regular	notMP	notMinister	-	-	-	-	PA330357	Dussopt, Olivier	M	1978	
ParlaMint-FR-en_2020-06-09-O1230	ParlaMint-FR_2020-06-09-O1230.u490	Proceedings of the debates in plenary sitting of the Assemblée Nationale, sitting: 230, 09/06/2020	2020-06-09	Lower house	15e législature	session ordinaire 2019-2020 (CRSANR5L15S2020O1N230)	-	230. séance	-	COVID	English	Regular	MP	notMinister	SOC	Socialistes et apparentés	-	Centre-left to left	PA1592	Habib, David	M	1961	
ParlaMint-FR-en_2020-06-09-O1230	ParlaMint-FR_2020-06-09-O1230.u491	Proceedings of the debates in plenary sitting of the Assemblée Nationale, sitting: 230, 09/06/2020	2020-06-09	Lower house	15e législature	session ordinaire 2019-2020 (CRSANR5L15S2020O1N230)	-	230. séance	-	COVID	English	Regular	notMP	notMinister	-	-	-	-	PA330357	Dussopt, Olivier	M	1978	
ParlaMint-FR-en_2020-06-09-O1230	ParlaMint-FR_2020-06-09-O1230.u492	Proceedings of the debates in plenary sitting of the Assemblée Nationale, sitting: 230, 09/06/2020	2020-06-09	Lower house	15e législature	session ordinaire 2019-2020 (CRSANR5L15S2020O1N230)	-	230. séance	-	COVID	English	Regular	MP	notMinister	LAREM	La République en Marche	Coalition	Centre	PA721824	Renson, Hugues	M	1978	
ParlaMint-FR-en_2020-06-09-O1230	ParlaMint-FR_2020-06-09-O1230.u493	Proceedings of the debates in plenary sitting of the Assemblée Nationale, sitting: 230, 09/06/2020	2020-06-09	Lower house	15e législature	session ordinaire 2019-2020 (CRSANR5L15S2020O1N230)	-	230. séance	-	COVID	English	Regular	notMP	notMinister	UDI_I	UDI et Indépendants	-	Right	PA721486	Naegelen, Christophe	M	1983	
ParlaMint-FR-en_2020-06-09-O1230	ParlaMint-FR_2020-06-09-O1230.u494	Proceedings of the debates in plenary sitting of the Assemblée Nationale, sitting: 230, 09/06/2020	2020-06-09	Lower house	15e législature	session ordinaire 2019-2020 (CRSANR5L15S2020O1N230)	-	230. séance	-	COVID	English	Regular	MP	notMinister	LAREM	La République en Marche	Coalition	Centre	PA721824	Renson, Hugues	M	1978	
ParlaMint-FR-en_2020-06-09-O1230	ParlaMint-FR_2020-06-09-O1230.u495	Proceedings of the debates in plenary sitting of the Assemblée Nationale, sitting: 230, 09/06/2020	2020-06-09	Lower house	15e législature	session ordinaire 2019-2020 (CRSANR5L15S2020O1N230)	-	230. séance	-	COVID	English	Regular	notMP	notMinister	-	-	-	-	PA330357	Dussopt, Olivier	M	1978	
ParlaMint-FR-en_2020-06-09-O1230	ParlaMint-FR_2020-06-09-O1230.u496	Proceedings of the debates in plenary sitting of the Assemblée Nationale, sitting: 230, 09/06/2020	2020-06-09	Lower house	15e législature	session ordinaire 2019-2020 (CRSANR5L15S2020O1N230)	-	230. séance	-	COVID	English	Regular	MP	notMinister	LAREM	La République en Marche	Coalition	Centre	PA721824	Renson, Hugues	M	1978	
ParlaMint-FR-en_2020-06-09-O1230	ParlaMint-FR_2020-06-09-O1230.u497	Proceedings of the debates in plenary sitting of the Assemblée Nationale, sitting: 230, 09/06/2020	2020-06-09	Lower house	15e législature	session ordinaire 2019-2020 (CRSANR5L15S2020O1N230)	-	230. séance	-	COVID	English	Regular	notMP	notMinister	LT	Libertés et Territoires	-	Big tent	PA942	de Courson, Charles	M	1952	
ParlaMint-FR-en_2020-06-09-O1230	ParlaMint-FR_2020-06-09-O1230.u498	Proceedings of the debates in plenary sitting of the Assemblée Nationale, sitting: 230, 09/06/2020	2020-06-09	Lower house	15e législature	session ordinaire 2019-2020 (CRSANR5L15S2020O1N230)	-	230. séance	-	COVID	English	Regular	MP	notMinister	FI	La France insoumise	Opposition	Left to far-left	PA720430	Bernalicis, Ugo	M	1989	
ParlaMint-FR-en_2020-06-09-O1230	ParlaMint-FR_2020-06-09-O1230.u499	Proceedings of the debates in plenary sitting of the Assemblée Nationale, sitting: 230, 09/06/2020	2020-06-09	Lower house	15e législature	session ordinaire 2019-2020 (CRSANR5L15S2020O1N230)	-	230. séance	-	COVID	English	Regular	notMP	notMinister	LT	Libertés et Territoires	-	Big tent	PA942	de Courson, Charles	M	1952	
ParlaMint-FR-en_2020-06-09-O1230	ParlaMint-FR_2020-06-09-O1230.u500	Proceedings of the debates in plenary sitting of the Assemblée Nationale, sitting: 230, 09/06/2020	2020-06-09	Lower house	15e législature	session ordinaire 2019-2020 (CRSANR5L15S2020O1N230)	-	230. séance	-	COVID	English	Regular	MP	notMinister	FI	La France insoumise	Opposition	Left to far-left	PA720430	Bernalicis, Ugo	M	1989	
ParlaMint-FR-en_2020-06-09-O1230	ParlaMint-FR_2020-06-09-O1230.u501	Proceedings of the debates in plenary sitting of the Assemblée Nationale, sitting: 230, 09/06/2020	2020-06-09	Lower house	15e législature	session ordinaire 2019-2020 (CRSANR5L15S2020O1N230)	-	230. séance	-	COVID	English	Regular	notMP	notMinister	LT	Libertés et Territoires	-	Big tent	PA942	de Courson, Charles	M	1952	
ParlaMint-FR-en_2020-06-09-O1230	ParlaMint-FR_2020-06-09-O1230.u502	Proceedings of the debates in plenary sitting of the Assemblée Nationale, sitting: 230, 09/06/2020	2020-06-09	Lower house	15e législature	session ordinaire 2019-2020 (CRSANR5L15S2020O1N230)	-	230. séance	-	COVID	English	Regular	MP	notMinister	LAREM	La République en Marche	Coalition	Centre	PA721824	Renson, Hugues	M	1978	
ParlaMint-FR-en_2020-06-09-O1230	ParlaMint-FR_2020-06-09-O1230.u503	Proceedings of the debates in plenary sitting of the Assemblée Nationale, sitting: 230, 09/06/2020	2020-06-09	Lower house	15e législature	session ordinaire 2019-2020 (CRSANR5L15S2020O1N230)	-	230. séance	-	COVID	English	Regular	notMP	notMinister	-	-	-	-	PA330357	Dussopt, Olivier	M	1978	
ParlaMint-FR-en_2020-06-09-O1230	ParlaMint-FR_2020-06-09-O1230.u504	Proceedings of the debates in plenary sitting of the Assemblée Nationale, sitting: 230, 09/06/2020	2020-06-09	Lower house	15e législature	session ordinaire 2019-2020 (CRSANR5L15S2020O1N230)	-	230. séance	-	COVID	English	Regular	MP	notMinister	FI	La France insoumise	Opposition	Left to far-left	PA720430	Bernalicis, Ugo	M	1989	
ParlaMint-FR-en_2020-06-09-O1230	ParlaMint-FR_2020-06-09-O1230.u505	Proceedings of the debates in plenary sitting of the Assemblée Nationale, sitting: 230, 09/06/2020	2020-06-09	Lower house	15e législature	session ordinaire 2019-2020 (CRSANR5L15S2020O1N230)	-	230. séance	-	COVID	English	Regular	notMP	notMinister	-	-	-	-	PA330357	Dussopt, Olivier	M	1978	
ParlaMint-FR-en_2020-06-09-O1230	ParlaMint-FR_2020-06-09-O1230.u506	Proceedings of the debates in plenary sitting of the Assemblée Nationale, sitting: 230, 09/06/2020	2020-06-09	Lower house	15e législature	session ordinaire 2019-2020 (CRSANR5L15S2020O1N230)	-	230. séance	-	COVID	English	Regular	MP	notMinister	LAREM	La République en Marche	Coalition	Centre	PA721824	Renson, Hugues	M	1978	
ParlaMint-FR-en_2020-06-09-O1230	ParlaMint-FR_2020-06-09-O1230.u507	Proceedings of the debates in plenary sitting of the Assemblée Nationale, sitting: 230, 09/06/2020	2020-06-09	Lower house	15e législature	session ordinaire 2019-2020 (CRSANR5L15S2020O1N230)	-	230. séance	-	COVID	English	Regular	MP	notMinister	FI	La France insoumise	Opposition	Left to far-left	PA721210	Corbière, Alexis	M	1968	
ParlaMint-FR-en_2020-06-09-O1230	ParlaMint-FR_2020-06-09-O1230.u508	Proceedings of the debates in plenary sitting of the Assemblée Nationale, sitting: 230, 09/06/2020	2020-06-09	Lower house	15e législature	session ordinaire 2019-2020 (CRSANR5L15S2020O1N230)	-	230. séance	-	COVID	English	Regular	MP	notMinister	LAREM	La République en Marche	Coalition	Centre	PA721824	Renson, Hugues	M	1978	
ParlaMint-FR-en_2020-06-09-O1230	ParlaMint-FR_2020-06-09-O1230.u509	Proceedings of the debates in plenary sitting of the Assemblée Nationale, sitting: 230, 09/06/2020	2020-06-09	Lower house	15e législature	session ordinaire 2019-2020 (CRSANR5L15S2020O1N230)	-	230. séance	-	COVID	English	Regular	notMP	notMinister	-	-	-	-	PA330357	Dussopt, Olivier	M	1978	
ParlaMint-FR-en_2020-06-09-O1230	ParlaMint-FR_2020-06-09-O1230.u510	Proceedings of the debates in plenary sitting of the Assemblée Nationale, sitting: 230, 09/06/2020	2020-06-09	Lower house	15e législature	session ordinaire 2019-2020 (CRSANR5L15S2020O1N230)	-	230. séance	-	COVID	English	Regular	MP	notMinister	LAREM	La République en Marche	Coalition	Centre	PA721824	Renson, Hugues	M	1978	
ParlaMint-FR-en_2020-06-09-O1230	ParlaMint-FR_2020-06-09-O1230.u511	Proceedings of the debates in plenary sitting of the Assemblée Nationale, sitting: 230, 09/06/2020	2020-06-09	Lower house	15e législature	session ordinaire 2019-2020 (CRSANR5L15S2020O1N230)	-	230. séance	-	COVID	English	Regular	MP	notMinister	AGIR-E	Agir ensemble	Coalition	-	PA720996	El Guerrab, M'jid	M	1983	
ParlaMint-FR-en_2020-06-09-O1230	ParlaMint-FR_2020-06-09-O1230.u512	Proceedings of the debates in plenary sitting of the Assemblée Nationale, sitting: 230, 09/06/2020	2020-06-09	Lower house	15e législature	session ordinaire 2019-2020 (CRSANR5L15S2020O1N230)	-	230. séance	-	COVID	English	Regular	MP	notMinister	LAREM	La République en Marche	Coalition	Centre	PA721824	Renson, Hugues	M	1978	
ParlaMint-FR-en_2020-06-09-O1230	ParlaMint-FR_2020-06-09-O1230.u513	Proceedings of the debates in plenary sitting of the Assemblée Nationale, sitting: 230, 09/06/2020	2020-06-09	Lower house	15e législature	session ordinaire 2019-2020 (CRSANR5L15S2020O1N230)	-	230. séance	-	COVID	English	Regular	notMP	notMinister	-	-	-	-	PA330357	Dussopt, Olivier	M	1978	
ParlaMint-FR-en_2020-06-09-O1230	ParlaMint-FR_2020-06-09-O1230.u514	Proceedings of the debates in plenary sitting of the Assemblée Nationale, sitting: 230, 09/06/2020	2020-06-09	Lower house	15e législature	session ordinaire 2019-2020 (CRSANR5L15S2020O1N230)	-	230. séance	-	COVID	English	Regular	MP	notMinister	LAREM	La République en Marche	Coalition	Centre	PA721824	Renson, Hugues	M	1978	
ParlaMint-FR-en_2020-06-09-O1230	ParlaMint-FR_2020-06-09-O1230.u515	Proceedings of the debates in plenary sitting of the Assemblée Nationale, sitting: 230, 09/06/2020	2020-06-09	Lower house	15e législature	session ordinaire 2019-2020 (CRSANR5L15S2020O1N230)	-	230. séance	-	COVID	English	Regular	MP	notMinister	GDR	Gauche démocrate et républicaine	Opposition	Left	PA720546	Bruneel, Alain	M	1952	
ParlaMint-FR-en_2020-06-09-O1230	ParlaMint-FR_2020-06-09-O1230.u516	Proceedings of the debates in plenary sitting of the Assemblée Nationale, sitting: 230, 09/06/2020	2020-06-09	Lower house	15e législature	session ordinaire 2019-2020 (CRSANR5L15S2020O1N230)	-	230. séance	-	COVID	English	Regular	MP	notMinister	LAREM	La République en Marche	Coalition	Centre	PA721824	Renson, Hugues	M	1978	
ParlaMint-FR-en_2020-06-09-O1230	ParlaMint-FR_2020-06-09-O1230.u517	Proceedings of the debates in plenary sitting of the Assemblée Nationale, sitting: 230, 09/06/2020	2020-06-09	Lower house	15e législature	session ordinaire 2019-2020 (CRSANR5L15S2020O1N230)	-	230. séance	-	COVID	English	Regular	notMP	notMinister	-	-	-	-	PA330357	Dussopt, Olivier	M	1978	
ParlaMint-FR-en_2020-06-09-O1230	ParlaMint-FR_2020-06-09-O1230.u518	Proceedings of the debates in plenary sitting of the Assemblée Nationale, sitting: 230, 09/06/2020	2020-06-09	Lower house	15e législature	session ordinaire 2019-2020 (CRSANR5L15S2020O1N230)	-	230. séance	-	COVID	English	Regular	MP	notMinister	LR	Les Républicains	Opposition	Centre-right	PA606712	Lurton, Gilles	M	1963	
ParlaMint-FR-en_2020-06-09-O1230	ParlaMint-FR_2020-06-09-O1230.u519	Proceedings of the debates in plenary sitting of the Assemblée Nationale, sitting: 230, 09/06/2020	2020-06-09	Lower house	15e législature	session ordinaire 2019-2020 (CRSANR5L15S2020O1N230)	-	230. séance	-	COVID	English	Regular	notMP	notMinister	-	-	-	-	PA330357	Dussopt, Olivier	M	1978	
ParlaMint-FR-en_2020-06-09-O1230	ParlaMint-FR_2020-06-09-O1230.u520	Proceedings of the debates in plenary sitting of the Assemblée Nationale, sitting: 230, 09/06/2020	2020-06-09	Lower house	15e législature	session ordinaire 2019-2020 (CRSANR5L15S2020O1N230)	-	230. séance	-	COVID	English	Regular	notMP	notMinister	FI	La France insoumise	Opposition	Left to far-left	PA720286	Fiat, Caroline	F	1977	
ParlaMint-FR-en_2020-06-09-O1230	ParlaMint-FR_2020-06-09-O1230.u521	Proceedings of the debates in plenary sitting of the Assemblée Nationale, sitting: 230, 09/06/2020	2020-06-09	Lower house	15e législature	session ordinaire 2019-2020 (CRSANR5L15S2020O1N230)	-	230. séance	-	COVID	English	Regular	notMP	notMinister	-	-	-	-	PA330357	Dussopt, Olivier	M	1978	
ParlaMint-FR-en_2020-06-09-O1230	ParlaMint-FR_2020-06-09-O1230.u522	Proceedings of the debates in plenary sitting of the Assemblée Nationale, sitting: 230, 09/06/2020	2020-06-09	Lower house	15e législature	session ordinaire 2019-2020 (CRSANR5L15S2020O1N230)	-	230. séance	-	COVID	English	Regular	notMP	notMinister	FI	La France insoumise	Opposition	Left to far-left	PA720286	Fiat, Caroline	F	1977	
ParlaMint-FR-en_2020-06-09-O1230	ParlaMint-FR_2020-06-09-O1230.u523	Proceedings of the debates in plenary sitting of the Assemblée Nationale, sitting: 230, 09/06/2020	2020-06-09	Lower house	15e législature	session ordinaire 2019-2020 (CRSANR5L15S2020O1N230)	-	230. séance	-	COVID	English	Regular	MP	notMinister	LAREM	La République en Marche	Coalition	Centre	PA721824	Renson, Hugues	M	1978	
ParlaMint-FR-en_2020-06-09-O1230	ParlaMint-FR_2020-06-09-O1230.u524	Proceedings of the debates in plenary sitting of the Assemblée Nationale, sitting: 230, 09/06/2020	2020-06-09	Lower house	15e législature	session ordinaire 2019-2020 (CRSANR5L15S2020O1N230)	-	230. séance	-	COVID	English	Regular	MP	notMinister	-	-	-	-	PA720468	Chenu, Sébastien	M	1973	
ParlaMint-FR-en_2020-06-09-O1230	ParlaMint-FR_2020-06-09-O1230.u525	Proceedings of the debates in plenary sitting of the Assemblée Nationale, sitting: 230, 09/06/2020	2020-06-09	Lower house	15e législature	session ordinaire 2019-2020 (CRSANR5L15S2020O1N230)	-	230. séance	-	COVID	English	Regular	MP	notMinister	LAREM	La République en Marche	Coalition	Centre	PA721824	Renson, Hugues	M	1978	
ParlaMint-FR-en_2020-06-09-O1230	ParlaMint-FR_2020-06-09-O1230.u526	Proceedings of the debates in plenary sitting of the Assemblée Nationale, sitting: 230, 09/06/2020	2020-06-09	Lower house	15e législature	session ordinaire 2019-2020 (CRSANR5L15S2020O1N230)	-	230. séance	-	COVID	English	Regular	MP	notMinister	-	-	-	-	PA720468	Chenu, Sébastien	M	1973	
ParlaMint-FR-en_2020-06-09-O1230	ParlaMint-FR_2020-06-09-O1230.u527	Proceedings of the debates in plenary sitting of the Assemblée Nationale, sitting: 230, 09/06/2020	2020-06-09	Lower house	15e législature	session ordinaire 2019-2020 (CRSANR5L15S2020O1N230)	-	230. séance	-	COVID	English	Regular	MP	notMinister	LAREM	La République en Marche	Coalition	Centre	PA721824	Renson, Hugues	M	1978	
ParlaMint-FR-en_2020-06-09-O1230	ParlaMint-FR_2020-06-09-O1230.u528	Proceedings of the debates in plenary sitting of the Assemblée Nationale, sitting: 230, 09/06/2020	2020-06-09	Lower house	15e législature	session ordinaire 2019-2020 (CRSANR5L15S2020O1N230)	-	230. séance	-	COVID	English	Regular	MP	notMinister	-	-	-	-	PA720468	Chenu, Sébastien	M	1973	
ParlaMint-FR-en_2020-06-09-O1230	ParlaMint-FR_2020-06-09-O1230.u529	Proceedings of the debates in plenary sitting of the Assemblée Nationale, sitting: 230, 09/06/2020	2020-06-09	Lower house	15e législature	session ordinaire 2019-2020 (CRSANR5L15S2020O1N230)	-	230. séance	-	COVID	English	Regular	MP	notMinister	LAREM	La République en Marche	Coalition	Centre	PA721824	Renson, Hugues	M	1978	
ParlaMint-FR-en_2020-06-09-O1230	ParlaMint-FR_2020-06-09-O1230.u530	Proceedings of the debates in plenary sitting of the Assemblée Nationale, sitting: 230, 09/06/2020	2020-06-09	Lower house	15e législature	session ordinaire 2019-2020 (CRSANR5L15S2020O1N230)	-	230. séance	-	COVID	English	Regular	notMP	notMinister	-	-	-	-	PA330357	Dussopt, Olivier	M	1978	
ParlaMint-FR-en_2020-06-09-O1230	ParlaMint-FR_2020-06-09-O1230.u531	Proceedings of the debates in plenary sitting of the Assemblée Nationale, sitting: 230, 09/06/2020	2020-06-09	Lower house	15e législature	session ordinaire 2019-2020 (CRSANR5L15S2020O1N230)	-	230. séance	-	COVID	English	Regular	MP	notMinister	-	-	-	-	PA720468	Chenu, Sébastien	M	1973	
ParlaMint-FR-en_2020-06-09-O1230	ParlaMint-FR_2020-06-09-O1230.u532	Proceedings of the debates in plenary sitting of the Assemblée Nationale, sitting: 230, 09/06/2020	2020-06-09	Lower house	15e législature	session ordinaire 2019-2020 (CRSANR5L15S2020O1N230)	-	230. séance	-	COVID	English	Regular	notMP	notMinister	-	-	-	-	PA330357	Dussopt, Olivier	M	1978	
ParlaMint-FR-en_2020-06-09-O1230	ParlaMint-FR_2020-06-09-O1230.u533	Proceedings of the debates in plenary sitting of the Assemblée Nationale, sitting: 230, 09/06/2020	2020-06-09	Lower house	15e législature	session ordinaire 2019-2020 (CRSANR5L15S2020O1N230)	-	230. séance	-	COVID	English	Regular	notMP	notMinister	FI	La France insoumise	Opposition	Left to far-left	PA720286	Fiat, Caroline	F	1977	
ParlaMint-FR-en_2020-06-09-O1230	ParlaMint-FR_2020-06-09-O1230.u534	Proceedings of the debates in plenary sitting of the Assemblée Nationale, sitting: 230, 09/06/2020	2020-06-09	Lower house	15e législature	session ordinaire 2019-2020 (CRSANR5L15S2020O1N230)	-	230. séance	-	COVID	English	Regular	notMP	notMinister	-	-	-	-	PA330357	Dussopt, Olivier	M	1978	
ParlaMint-FR-en_2020-06-09-O1230	ParlaMint-FR_2020-06-09-O1230.u535	Proceedings of the debates in plenary sitting of the Assemblée Nationale, sitting: 230, 09/06/2020	2020-06-09	Lower house	15e législature	session ordinaire 2019-2020 (CRSANR5L15S2020O1N230)	-	230. séance	-	COVID	English	Regular	MP	notMinister	LAREM	La République en Marche	Coalition	Centre	PA721824	Renson, Hugues	M	1978	
ParlaMint-FR-en_2020-06-09-O1230	ParlaMint-FR_2020-06-09-O1230.u536	Proceedings of the debates in plenary sitting of the Assemblée Nationale, sitting: 230, 09/06/2020	2020-06-09	Lower house	15e législature	session ordinaire 2019-2020 (CRSANR5L15S2020O1N230)	-	230. séance	-	COVID	English	Chairperson	MP	notMinister	LAREM	La République en Marche	Coalition	Centre	PA721824	Renson, Hugues	M	1978	
ParlaMint-FR-en_2020-06-09-O1230	ParlaMint-FR_2020-06-09-O1230.u537	Proceedings of the debates in plenary sitting of the Assemblée Nationale, sitting: 230, 09/06/2020	2020-06-09	Lower house	15e législature	session ordinaire 2019-2020 (CRSANR5L15S2020O1N230)	-	230. séance	-	COVID	English	Chairperson	MP	notMinister	LAREM	La République en Marche	Coalition	Centre	PA721824	Renson, Hugues	M	1978	
ParlaMint-FR-en_2020-06-09-O1230	ParlaMint-FR_2020-06-09-O1230.u538	Proceedings of the debates in plenary sitting of the Assemblée Nationale, sitting: 230, 09/06/2020	2020-06-09	Lower house	15e législature	session ordinaire 2019-2020 (CRSANR5L15S2020O1N230)	-	230. séance	-	COVID	English	Chairperson	MP	notMinister	LAREM	La République en Marche	Coalition	Centre	PA721824	Renson, Hugues	M	1978	
ParlaMint-FR-en_2020-06-09-O1230	ParlaMint-FR_2020-06-09-O1230.u539	Proceedings of the debates in plenary sitting of the Assemblée Nationale, sitting: 230, 09/06/2020	2020-06-09	Lower house	15e législature	session ordinaire 2019-2020 (CRSANR5L15S2020O1N230)	-	230. séance	-	COVID	English	Regular	MP	notMinister	MODEM	Mouvement Démocrate et apparentés	Coalition	Centre to centre-right	PA721836	Barrot, Jean-Noël	M	1983	
ParlaMint-FR-en_2020-06-09-O1230	ParlaMint-FR_2020-06-09-O1230.u540	Proceedings of the debates in plenary sitting of the Assemblée Nationale, sitting: 230, 09/06/2020	2020-06-09	Lower house	15e législature	session ordinaire 2019-2020 (CRSANR5L15S2020O1N230)	-	230. séance	-	COVID	English	Regular	MP	notMinister	LAREM	La République en Marche	Coalition	Centre	PA721824	Renson, Hugues	M	1978	
ParlaMint-FR-en_2020-06-09-O1230	ParlaMint-FR_2020-06-09-O1230.u541	Proceedings of the debates in plenary sitting of the Assemblée Nationale, sitting: 230, 09/06/2020	2020-06-09	Lower house	15e législature	session ordinaire 2019-2020 (CRSANR5L15S2020O1N230)	-	230. séance	-	COVID	English	Guest	notMP	notMinister	-	-	-	-	PA759834	Nuñez, Laurent	M	1964	
ParlaMint-FR-en_2020-06-09-O1230	ParlaMint-FR_2020-06-09-O1230.u542	Proceedings of the debates in plenary sitting of the Assemblée Nationale, sitting: 230, 09/06/2020	2020-06-09	Lower house	15e législature	session ordinaire 2019-2020 (CRSANR5L15S2020O1N230)	-	230. séance	-	COVID	English	Regular	MP	notMinister	LR	Les Républicains	Opposition	Centre-right	PA720630	Minot, Maxime	M	1987	
ParlaMint-FR-en_2020-06-09-O1230	ParlaMint-FR_2020-06-09-O1230.u543	Proceedings of the debates in plenary sitting of the Assemblée Nationale, sitting: 230, 09/06/2020	2020-06-09	Lower house	15e législature	session ordinaire 2019-2020 (CRSANR5L15S2020O1N230)	-	230. séance	-	COVID	English	Guest	notMP	notMinister	-	-	-	-	PA759834	Nuñez, Laurent	M	1964	
ParlaMint-FR-en_2020-06-09-O1230	ParlaMint-FR_2020-06-09-O1230.u544	Proceedings of the debates in plenary sitting of the Assemblée Nationale, sitting: 230, 09/06/2020	2020-06-09	Lower house	15e législature	session ordinaire 2019-2020 (CRSANR5L15S2020O1N230)	-	230. séance	-	COVID	English	Regular	MP	notMinister	LAREM	La République en Marche	Coalition	Centre	PA721824	Renson, Hugues	M	1978	
ParlaMint-FR-en_2020-06-09-O1230	ParlaMint-FR_2020-06-09-O1230.u545	Proceedings of the debates in plenary sitting of the Assemblée Nationale, sitting: 230, 09/06/2020	2020-06-09	Lower house	15e législature	session ordinaire 2019-2020 (CRSANR5L15S2020O1N230)	-	230. séance	-	COVID	English	Regular	MP	notMinister	MODEM	Mouvement Démocrate et apparentés	Coalition	Centre to centre-right	PA721742	Florennes, Isabelle	F	1967	
ParlaMint-FR-en_2020-06-09-O1230	ParlaMint-FR_2020-06-09-O1230.u546	Proceedings of the debates in plenary sitting of the Assemblée Nationale, sitting: 230, 09/06/2020	2020-06-09	Lower house	15e législature	session ordinaire 2019-2020 (CRSANR5L15S2020O1N230)	-	230. séance	-	COVID	English	Regular	MP	notMinister	LAREM	La République en Marche	Coalition	Centre	PA721824	Renson, Hugues	M	1978	
ParlaMint-FR-en_2020-06-09-O1230	ParlaMint-FR_2020-06-09-O1230.u547	Proceedings of the debates in plenary sitting of the Assemblée Nationale, sitting: 230, 09/06/2020	2020-06-09	Lower house	15e législature	session ordinaire 2019-2020 (CRSANR5L15S2020O1N230)	-	230. séance	-	COVID	English	Guest	notMP	notMinister	-	-	-	-	PA759834	Nuñez, Laurent	M	1964	
ParlaMint-FR-en_2020-06-09-O1230	ParlaMint-FR_2020-06-09-O1230.u548	Proceedings of the debates in plenary sitting of the Assemblée Nationale, sitting: 230, 09/06/2020	2020-06-09	Lower house	15e législature	session ordinaire 2019-2020 (CRSANR5L15S2020O1N230)	-	230. séance	-	COVID	English	Regular	MP	notMinister	LAREM	La République en Marche	Coalition	Centre	PA721824	Renson, Hugues	M	1978	
ParlaMint-FR-en_2020-06-09-O1230	ParlaMint-FR_2020-06-09-O1230.u549	Proceedings of the debates in plenary sitting of the Assemblée Nationale, sitting: 230, 09/06/2020	2020-06-09	Lower house	15e législature	session ordinaire 2019-2020 (CRSANR5L15S2020O1N230)	-	230. séance	-	COVID	English	Regular	MP	notMinister	MODEM	Mouvement Démocrate et apparentés	Coalition	Centre to centre-right	PA721742	Florennes, Isabelle	F	1967	
ParlaMint-FR-en_2020-06-09-O1230	ParlaMint-FR_2020-06-09-O1230.u550	Proceedings of the debates in plenary sitting of the Assemblée Nationale, sitting: 230, 09/06/2020	2020-06-09	Lower house	15e législature	session ordinaire 2019-2020 (CRSANR5L15S2020O1N230)	-	230. séance	-	COVID	English	Regular	MP	notMinister	LAREM	La République en Marche	Coalition	Centre	PA721824	Renson, Hugues	M	1978	
ParlaMint-FR-en_2020-06-09-O1230	ParlaMint-FR_2020-06-09-O1230.u551	Proceedings of the debates in plenary sitting of the Assemblée Nationale, sitting: 230, 09/06/2020	2020-06-09	Lower house	15e législature	session ordinaire 2019-2020 (CRSANR5L15S2020O1N230)	-	230. séance	-	COVID	English	Guest	notMP	notMinister	-	-	-	-	PA759834	Nuñez, Laurent	M	1964	
ParlaMint-FR-en_2020-06-09-O1230	ParlaMint-FR_2020-06-09-O1230.u552	Proceedings of the debates in plenary sitting of the Assemblée Nationale, sitting: 230, 09/06/2020	2020-06-09	Lower house	15e législature	session ordinaire 2019-2020 (CRSANR5L15S2020O1N230)	-	230. séance	-	COVID	English	Regular	MP	notMinister	LAREM	La République en Marche	Coalition	Centre	PA721824	Renson, Hugues	M	1978	
ParlaMint-FR-en_2020-06-09-O1230	ParlaMint-FR_2020-06-09-O1230.u553	Proceedings of the debates in plenary sitting of the Assemblée Nationale, sitting: 230, 09/06/2020	2020-06-09	Lower house	15e législature	session ordinaire 2019-2020 (CRSANR5L15S2020O1N230)	-	230. séance	-	COVID	English	Regular	MP	notMinister	MODEM	Mouvement Démocrate et apparentés	Coalition	Centre to centre-right	PA721530	Luquet, Aude	F	1967	
ParlaMint-FR-en_2020-06-09-O1230	ParlaMint-FR_2020-06-09-O1230.u554	Proceedings of the debates in plenary sitting of the Assemblée Nationale, sitting: 230, 09/06/2020	2020-06-09	Lower house	15e législature	session ordinaire 2019-2020 (CRSANR5L15S2020O1N230)	-	230. séance	-	COVID	English	Regular	MP	notMinister	LAREM	La République en Marche	Coalition	Centre	PA721824	Renson, Hugues	M	1978	
ParlaMint-FR-en_2020-06-09-O1230	ParlaMint-FR_2020-06-09-O1230.u555	Proceedings of the debates in plenary sitting of the Assemblée Nationale, sitting: 230, 09/06/2020	2020-06-09	Lower house	15e législature	session ordinaire 2019-2020 (CRSANR5L15S2020O1N230)	-	230. séance	-	COVID	English	Guest	notMP	notMinister	-	-	-	-	PA759834	Nuñez, Laurent	M	1964	
ParlaMint-FR-en_2020-06-09-O1230	ParlaMint-FR_2020-06-09-O1230.u556	Proceedings of the debates in plenary sitting of the Assemblée Nationale, sitting: 230, 09/06/2020	2020-06-09	Lower house	15e législature	session ordinaire 2019-2020 (CRSANR5L15S2020O1N230)	-	230. séance	-	COVID	English	Regular	MP	notMinister	LAREM	La République en Marche	Coalition	Centre	PA721824	Renson, Hugues	M	1978	
ParlaMint-FR-en_2020-06-09-O1230	ParlaMint-FR_2020-06-09-O1230.u557	Proceedings of the debates in plenary sitting of the Assemblée Nationale, sitting: 230, 09/06/2020	2020-06-09	Lower house	15e législature	session ordinaire 2019-2020 (CRSANR5L15S2020O1N230)	-	230. séance	-	COVID	English	Regular	MP	notMinister	MODEM	Mouvement Démocrate et apparentés	Coalition	Centre to centre-right	PA721734	Michel-Kleisbauer, Philippe	M	1969	
ParlaMint-FR-en_2020-06-09-O1230	ParlaMint-FR_2020-06-09-O1230.u558	Proceedings of the debates in plenary sitting of the Assemblée Nationale, sitting: 230, 09/06/2020	2020-06-09	Lower house	15e législature	session ordinaire 2019-2020 (CRSANR5L15S2020O1N230)	-	230. séance	-	COVID	English	Regular	MP	notMinister	LAREM	La République en Marche	Coalition	Centre	PA721824	Renson, Hugues	M	1978	
ParlaMint-FR-en_2020-06-09-O1230	ParlaMint-FR_2020-06-09-O1230.u559	Proceedings of the debates in plenary sitting of the Assemblée Nationale, sitting: 230, 09/06/2020	2020-06-09	Lower house	15e législature	session ordinaire 2019-2020 (CRSANR5L15S2020O1N230)	-	230. séance	-	COVID	English	Guest	notMP	notMinister	-	-	-	-	PA759834	Nuñez, Laurent	M	1964	
ParlaMint-FR-en_2020-06-09-O1230	ParlaMint-FR_2020-06-09-O1230.u560	Proceedings of the debates in plenary sitting of the Assemblée Nationale, sitting: 230, 09/06/2020	2020-06-09	Lower house	15e législature	session ordinaire 2019-2020 (CRSANR5L15S2020O1N230)	-	230. séance	-	COVID	English	Regular	notMP	notMinister	FI	La France insoumise	Opposition	Left to far-left	PA720286	Fiat, Caroline	F	1977	
ParlaMint-FR-en_2020-06-09-O1230	ParlaMint-FR_2020-06-09-O1230.u561	Proceedings of the debates in plenary sitting of the Assemblée Nationale, sitting: 230, 09/06/2020	2020-06-09	Lower house	15e législature	session ordinaire 2019-2020 (CRSANR5L15S2020O1N230)	-	230. séance	-	COVID	English	Regular	MP	notMinister	LAREM	La République en Marche	Coalition	Centre	PA721824	Renson, Hugues	M	1978	
ParlaMint-FR-en_2020-06-09-O1230	ParlaMint-FR_2020-06-09-O1230.u562	Proceedings of the debates in plenary sitting of the Assemblée Nationale, sitting: 230, 09/06/2020	2020-06-09	Lower house	15e législature	session ordinaire 2019-2020 (CRSANR5L15S2020O1N230)	-	230. séance	-	COVID	English	Regular	notMP	notMinister	SOC	Socialistes et apparentés	-	Centre-left to left	PA608695	Untermaier, Cécile	F	1951	
ParlaMint-FR-en_2020-06-09-O1230	ParlaMint-FR_2020-06-09-O1230.u563	Proceedings of the debates in plenary sitting of the Assemblée Nationale, sitting: 230, 09/06/2020	2020-06-09	Lower house	15e législature	session ordinaire 2019-2020 (CRSANR5L15S2020O1N230)	-	230. séance	-	COVID	English	Regular	MP	notMinister	LAREM	La République en Marche	Coalition	Centre	PA721824	Renson, Hugues	M	1978	
ParlaMint-FR-en_2020-06-09-O1230	ParlaMint-FR_2020-06-09-O1230.u564	Proceedings of the debates in plenary sitting of the Assemblée Nationale, sitting: 230, 09/06/2020	2020-06-09	Lower house	15e législature	session ordinaire 2019-2020 (CRSANR5L15S2020O1N230)	-	230. séance	-	COVID	English	Guest	notMP	notMinister	-	-	-	-	PA759834	Nuñez, Laurent	M	1964	
ParlaMint-FR-en_2020-06-09-O1230	ParlaMint-FR_2020-06-09-O1230.u565	Proceedings of the debates in plenary sitting of the Assemblée Nationale, sitting: 230, 09/06/2020	2020-06-09	Lower house	15e législature	session ordinaire 2019-2020 (CRSANR5L15S2020O1N230)	-	230. séance	-	COVID	English	Regular	MP	notMinister	FI	La France insoumise	Opposition	Left to far-left	PA720430	Bernalicis, Ugo	M	1989	
ParlaMint-FR-en_2020-06-09-O1230	ParlaMint-FR_2020-06-09-O1230.u566	Proceedings of the debates in plenary sitting of the Assemblée Nationale, sitting: 230, 09/06/2020	2020-06-09	Lower house	15e législature	session ordinaire 2019-2020 (CRSANR5L15S2020O1N230)	-	230. séance	-	COVID	English	Guest	notMP	notMinister	-	-	-	-	PA759834	Nuñez, Laurent	M	1964	
ParlaMint-FR-en_2020-06-09-O1230	ParlaMint-FR_2020-06-09-O1230.u567	Proceedings of the debates in plenary sitting of the Assemblée Nationale, sitting: 230, 09/06/2020	2020-06-09	Lower house	15e législature	session ordinaire 2019-2020 (CRSANR5L15S2020O1N230)	-	230. séance	-	COVID	English	Regular	MP	notMinister	LAREM	La République en Marche	Coalition	Centre	PA721824	Renson, Hugues	M	1978	
ParlaMint-FR-en_2020-06-09-O1230	ParlaMint-FR_2020-06-09-O1230.u568	Proceedings of the debates in plenary sitting of the Assemblée Nationale, sitting: 230, 09/06/2020	2020-06-09	Lower house	15e législature	session ordinaire 2019-2020 (CRSANR5L15S2020O1N230)	-	230. séance	-	COVID	English	Regular	notMP	notMinister	SOC	Socialistes et apparentés	-	Centre-left to left	PA335054	Karamanli, Marietta	F	1964	
ParlaMint-FR-en_2020-06-09-O1230	ParlaMint-FR_2020-06-09-O1230.u569	Proceedings of the debates in plenary sitting of the Assemblée Nationale, sitting: 230, 09/06/2020	2020-06-09	Lower house	15e législature	session ordinaire 2019-2020 (CRSANR5L15S2020O1N230)	-	230. séance	-	COVID	English	Regular	MP	notMinister	LAREM	La République en Marche	Coalition	Centre	PA721824	Renson, Hugues	M	1978	
ParlaMint-FR-en_2020-06-09-O1230	ParlaMint-FR_2020-06-09-O1230.u570	Proceedings of the debates in plenary sitting of the Assemblée Nationale, sitting: 230, 09/06/2020	2020-06-09	Lower house	15e législature	session ordinaire 2019-2020 (CRSANR5L15S2020O1N230)	-	230. séance	-	COVID	English	Guest	notMP	notMinister	-	-	-	-	PA759834	Nuñez, Laurent	M	1964	
ParlaMint-FR-en_2020-06-09-O1230	ParlaMint-FR_2020-06-09-O1230.u571	Proceedings of the debates in plenary sitting of the Assemblée Nationale, sitting: 230, 09/06/2020	2020-06-09	Lower house	15e législature	session ordinaire 2019-2020 (CRSANR5L15S2020O1N230)	-	230. séance	-	COVID	English	Regular	MP	notMinister	LAREM	La République en Marche	Coalition	Centre	PA721824	Renson, Hugues	M	1978	
ParlaMint-FR-en_2020-06-09-O1230	ParlaMint-FR_2020-06-09-O1230.u572	Proceedings of the debates in plenary sitting of the Assemblée Nationale, sitting: 230, 09/06/2020	2020-06-09	Lower house	15e législature	session ordinaire 2019-2020 (CRSANR5L15S2020O1N230)	-	230. séance	-	COVID	English	Regular	notMP	notMinister	LT	Libertés et Territoires	-	Big tent	PA267042	Favennec-Bécot, Yannick	M	1958	
ParlaMint-FR-en_2020-06-09-O1230	ParlaMint-FR_2020-06-09-O1230.u573	Proceedings of the debates in plenary sitting of the Assemblée Nationale, sitting: 230, 09/06/2020	2020-06-09	Lower house	15e législature	session ordinaire 2019-2020 (CRSANR5L15S2020O1N230)	-	230. séance	-	COVID	English	Regular	MP	notMinister	LAREM	La République en Marche	Coalition	Centre	PA721824	Renson, Hugues	M	1978	
ParlaMint-FR-en_2020-06-09-O1230	ParlaMint-FR_2020-06-09-O1230.u574	Proceedings of the debates in plenary sitting of the Assemblée Nationale, sitting: 230, 09/06/2020	2020-06-09	Lower house	15e législature	session ordinaire 2019-2020 (CRSANR5L15S2020O1N230)	-	230. séance	-	COVID	English	Guest	notMP	notMinister	-	-	-	-	PA759834	Nuñez, Laurent	M	1964	
ParlaMint-FR-en_2020-06-09-O1230	ParlaMint-FR_2020-06-09-O1230.u575	Proceedings of the debates in plenary sitting of the Assemblée Nationale, sitting: 230, 09/06/2020	2020-06-09	Lower house	15e législature	session ordinaire 2019-2020 (CRSANR5L15S2020O1N230)	-	230. séance	-	COVID	English	Regular	MP	notMinister	LAREM	La République en Marche	Coalition	Centre	PA721824	Renson, Hugues	M	1978	
ParlaMint-FR-en_2020-06-09-O1230	ParlaMint-FR_2020-06-09-O1230.u576	Proceedings of the debates in plenary sitting of the Assemblée Nationale, sitting: 230, 09/06/2020	2020-06-09	Lower house	15e législature	session ordinaire 2019-2020 (CRSANR5L15S2020O1N230)	-	230. séance	-	COVID	English	Regular	notMP	notMinister	LT	Libertés et Territoires	-	Big tent	PA607619	Molac, Paul	M	1962	
ParlaMint-FR-en_2020-06-09-O1230	ParlaMint-FR_2020-06-09-O1230.u577	Proceedings of the debates in plenary sitting of the Assemblée Nationale, sitting: 230, 09/06/2020	2020-06-09	Lower house	15e législature	session ordinaire 2019-2020 (CRSANR5L15S2020O1N230)	-	230. séance	-	COVID	English	Regular	MP	notMinister	LAREM	La République en Marche	Coalition	Centre	PA721824	Renson, Hugues	M	1978	
ParlaMint-FR-en_2020-06-09-O1230	ParlaMint-FR_2020-06-09-O1230.u578	Proceedings of the debates in plenary sitting of the Assemblée Nationale, sitting: 230, 09/06/2020	2020-06-09	Lower house	15e législature	session ordinaire 2019-2020 (CRSANR5L15S2020O1N230)	-	230. séance	-	COVID	English	Guest	notMP	notMinister	-	-	-	-	PA759834	Nuñez, Laurent	M	1964	
ParlaMint-FR-en_2020-06-09-O1230	ParlaMint-FR_2020-06-09-O1230.u579	Proceedings of the debates in plenary sitting of the Assemblée Nationale, sitting: 230, 09/06/2020	2020-06-09	Lower house	15e législature	session ordinaire 2019-2020 (CRSANR5L15S2020O1N230)	-	230. séance	-	COVID	English	Regular	MP	notMinister	LAREM	La République en Marche	Coalition	Centre	PA721824	Renson, Hugues	M	1978	
ParlaMint-FR-en_2020-06-09-O1230	ParlaMint-FR_2020-06-09-O1230.u580	Proceedings of the debates in plenary sitting of the Assemblée Nationale, sitting: 230, 09/06/2020	2020-06-09	Lower house	15e législature	session ordinaire 2019-2020 (CRSANR5L15S2020O1N230)	-	230. séance	-	COVID	English	Regular	MP	notMinister	FI	La France insoumise	Opposition	Left to far-left	PA720430	Bernalicis, Ugo	M	1989	
ParlaMint-FR-en_2020-06-09-O1230	ParlaMint-FR_2020-06-09-O1230.u581	Proceedings of the debates in plenary sitting of the Assemblée Nationale, sitting: 230, 09/06/2020	2020-06-09	Lower house	15e législature	session ordinaire 2019-2020 (CRSANR5L15S2020O1N230)	-	230. séance	-	COVID	English	Regular	notMP	notMinister	FI	La France insoumise	Opposition	Left to far-left	PA720286	Fiat, Caroline	F	1977	
ParlaMint-FR-en_2020-06-09-O1230	ParlaMint-FR_2020-06-09-O1230.u582	Proceedings of the debates in plenary sitting of the Assemblée Nationale, sitting: 230, 09/06/2020	2020-06-09	Lower house	15e législature	session ordinaire 2019-2020 (CRSANR5L15S2020O1N230)	-	230. séance	-	COVID	English	Regular	MP	notMinister	FI	La France insoumise	Opposition	Left to far-left	PA720430	Bernalicis, Ugo	M	1989	
ParlaMint-FR-en_2020-06-09-O1230	ParlaMint-FR_2020-06-09-O1230.u583	Proceedings of the debates in plenary sitting of the Assemblée Nationale, sitting: 230, 09/06/2020	2020-06-09	Lower house	15e législature	session ordinaire 2019-2020 (CRSANR5L15S2020O1N230)	-	230. séance	-	COVID	English	Regular	MP	notMinister	LAREM	La République en Marche	Coalition	Centre	PA721824	Renson, Hugues	M	1978	
ParlaMint-FR-en_2020-06-09-O1230	ParlaMint-FR_2020-06-09-O1230.u584	Proceedings of the debates in plenary sitting of the Assemblée Nationale, sitting: 230, 09/06/2020	2020-06-09	Lower house	15e législature	session ordinaire 2019-2020 (CRSANR5L15S2020O1N230)	-	230. séance	-	COVID	English	Guest	notMP	notMinister	-	-	-	-	PA759834	Nuñez, Laurent	M	1964	
ParlaMint-FR-en_2020-06-09-O1230	ParlaMint-FR_2020-06-09-O1230.u585	Proceedings of the debates in plenary sitting of the Assemblée Nationale, sitting: 230, 09/06/2020	2020-06-09	Lower house	15e législature	session ordinaire 2019-2020 (CRSANR5L15S2020O1N230)	-	230. séance	-	COVID	English	Guest	-	-	-	-	-	-	-	-	-	-
ParlaMint-FR-en_2020-06-09-O1230	ParlaMint-FR_2020-06-09-O1230.u586	Proceedings of the debates in plenary sitting of the Assemblée Nationale, sitting: 230, 09/06/2020	2020-06-09	Lower house	15e législature	session ordinaire 2019-2020 (CRSANR5L15S2020O1N230)	-	230. séance	-	COVID	English	Guest	notMP	notMinister	-	-	-	-	PA759834	Nuñez, Laurent	M	1964	
ParlaMint-FR-en_2020-06-09-O1230	ParlaMint-FR_2020-06-09-O1230.u587	Proceedings of the debates in plenary sitting of the Assemblée Nationale, sitting: 230, 09/06/2020	2020-06-09	Lower house	15e législature	session ordinaire 2019-2020 (CRSANR5L15S2020O1N230)	-	230. séance	-	COVID	English	Regular	notMP	notMinister	FI	La France insoumise	Opposition	Left to far-left	PA720286	Fiat, Caroline	F	1977	
ParlaMint-FR-en_2020-06-09-O1230	ParlaMint-FR_2020-06-09-O1230.u588	Proceedings of the debates in plenary sitting of the Assemblée Nationale, sitting: 230, 09/06/2020	2020-06-09	Lower house	15e législature	session ordinaire 2019-2020 (CRSANR5L15S2020O1N230)	-	230. séance	-	COVID	English	Guest	notMP	notMinister	-	-	-	-	PA759834	Nuñez, Laurent	M	1964	
ParlaMint-FR-en_2020-06-09-O1230	ParlaMint-FR_2020-06-09-O1230.u589	Proceedings of the debates in plenary sitting of the Assemblée Nationale, sitting: 230, 09/06/2020	2020-06-09	Lower house	15e législature	session ordinaire 2019-2020 (CRSANR5L15S2020O1N230)	-	230. séance	-	COVID	English	Regular	MP	notMinister	LAREM	La République en Marche	Coalition	Centre	PA721824	Renson, Hugues	M	1978	
ParlaMint-FR-en_2020-06-09-O1230	ParlaMint-FR_2020-06-09-O1230.u590	Proceedings of the debates in plenary sitting of the Assemblée Nationale, sitting: 230, 09/06/2020	2020-06-09	Lower house	15e législature	session ordinaire 2019-2020 (CRSANR5L15S2020O1N230)	-	230. séance	-	COVID	English	Regular	MP	notMinister	FI	La France insoumise	Opposition	Left to far-left	PA720430	Bernalicis, Ugo	M	1989	
ParlaMint-FR-en_2020-06-09-O1230	ParlaMint-FR_2020-06-09-O1230.u591	Proceedings of the debates in plenary sitting of the Assemblée Nationale, sitting: 230, 09/06/2020	2020-06-09	Lower house	15e législature	session ordinaire 2019-2020 (CRSANR5L15S2020O1N230)	-	230. séance	-	COVID	English	Regular	notMP	notMinister	FI	La France insoumise	Opposition	Left to far-left	PA720286	Fiat, Caroline	F	1977	
ParlaMint-FR-en_2020-06-09-O1230	ParlaMint-FR_2020-06-09-O1230.u592	Proceedings of the debates in plenary sitting of the Assemblée Nationale, sitting: 230, 09/06/2020	2020-06-09	Lower house	15e législature	session ordinaire 2019-2020 (CRSANR5L15S2020O1N230)	-	230. séance	-	COVID	English	Regular	MP	notMinister	FI	La France insoumise	Opposition	Left to far-left	PA720430	Bernalicis, Ugo	M	1989	
ParlaMint-FR-en_2020-06-09-O1230	ParlaMint-FR_2020-06-09-O1230.u593	Proceedings of the debates in plenary sitting of the Assemblée Nationale, sitting: 230, 09/06/2020	2020-06-09	Lower house	15e législature	session ordinaire 2019-2020 (CRSANR5L15S2020O1N230)	-	230. séance	-	COVID	English	Regular	MP	notMinister	LAREM	La République en Marche	Coalition	Centre	PA721824	Renson, Hugues	M	1978	
ParlaMint-FR-en_2020-06-09-O1230	ParlaMint-FR_2020-06-09-O1230.u594	Proceedings of the debates in plenary sitting of the Assemblée Nationale, sitting: 230, 09/06/2020	2020-06-09	Lower house	15e législature	session ordinaire 2019-2020 (CRSANR5L15S2020O1N230)	-	230. séance	-	COVID	English	Guest	notMP	notMinister	-	-	-	-	PA759834	Nuñez, Laurent	M	1964	
ParlaMint-FR-en_2020-06-09-O1230	ParlaMint-FR_2020-06-09-O1230.u595	Proceedings of the debates in plenary sitting of the Assemblée Nationale, sitting: 230, 09/06/2020	2020-06-09	Lower house	15e législature	session ordinaire 2019-2020 (CRSANR5L15S2020O1N230)	-	230. séance	-	COVID	English	Regular	MP	notMinister	FI	La France insoumise	Opposition	Left to far-left	PA720430	Bernalicis, Ugo	M	1989	
ParlaMint-FR-en_2020-06-09-O1230	ParlaMint-FR_2020-06-09-O1230.u596	Proceedings of the debates in plenary sitting of the Assemblée Nationale, sitting: 230, 09/06/2020	2020-06-09	Lower house	15e législature	session ordinaire 2019-2020 (CRSANR5L15S2020O1N230)	-	230. séance	-	COVID	English	Guest	notMP	notMinister	-	-	-	-	PA759834	Nuñez, Laurent	M	1964	
ParlaMint-FR-en_2020-06-09-O1230	ParlaMint-FR_2020-06-09-O1230.u597	Proceedings of the debates in plenary sitting of the Assemblée Nationale, sitting: 230, 09/06/2020	2020-06-09	Lower house	15e législature	session ordinaire 2019-2020 (CRSANR5L15S2020O1N230)	-	230. séance	-	COVID	English	Regular	notMP	notMinister	FI	La France insoumise	Opposition	Left to far-left	PA720286	Fiat, Caroline	F	1977	
ParlaMint-FR-en_2020-06-09-O1230	ParlaMint-FR_2020-06-09-O1230.u598	Proceedings of the debates in plenary sitting of the Assemblée Nationale, sitting: 230, 09/06/2020	2020-06-09	Lower house	15e législature	session ordinaire 2019-2020 (CRSANR5L15S2020O1N230)	-	230. séance	-	COVID	English	Regular	MP	notMinister	LAREM	La République en Marche	Coalition	Centre	PA721824	Renson, Hugues	M	1978	
ParlaMint-FR-en_2020-06-09-O1230	ParlaMint-FR_2020-06-09-O1230.u599	Proceedings of the debates in plenary sitting of the Assemblée Nationale, sitting: 230, 09/06/2020	2020-06-09	Lower house	15e législature	session ordinaire 2019-2020 (CRSANR5L15S2020O1N230)	-	230. séance	-	COVID	English	Regular	MP	notMinister	EDS	Écologie Démocratie Solidarité	-	Left	PA720538	De Temmerman, Jennifer	F	1977	
ParlaMint-FR-en_2020-06-09-O1230	ParlaMint-FR_2020-06-09-O1230.u600	Proceedings of the debates in plenary sitting of the Assemblée Nationale, sitting: 230, 09/06/2020	2020-06-09	Lower house	15e législature	session ordinaire 2019-2020 (CRSANR5L15S2020O1N230)	-	230. séance	-	COVID	English	Regular	MP	notMinister	LAREM	La République en Marche	Coalition	Centre	PA721824	Renson, Hugues	M	1978	
ParlaMint-FR-en_2020-06-09-O1230	ParlaMint-FR_2020-06-09-O1230.u601	Proceedings of the debates in plenary sitting of the Assemblée Nationale, sitting: 230, 09/06/2020	2020-06-09	Lower house	15e législature	session ordinaire 2019-2020 (CRSANR5L15S2020O1N230)	-	230. séance	-	COVID	English	Guest	notMP	notMinister	-	-	-	-	PA759834	Nuñez, Laurent	M	1964	
ParlaMint-FR-en_2020-06-09-O1230	ParlaMint-FR_2020-06-09-O1230.u602	Proceedings of the debates in plenary sitting of the Assemblée Nationale, sitting: 230, 09/06/2020	2020-06-09	Lower house	15e législature	session ordinaire 2019-2020 (CRSANR5L15S2020O1N230)	-	230. séance	-	COVID	English	Regular	MP	notMinister	LAREM	La République en Marche	Coalition	Centre	PA721824	Renson, Hugues	M	1978	
ParlaMint-FR-en_2020-06-09-O1230	ParlaMint-FR_2020-06-09-O1230.u603	Proceedings of the debates in plenary sitting of the Assemblée Nationale, sitting: 230, 09/06/2020	2020-06-09	Lower house	15e législature	session ordinaire 2019-2020 (CRSANR5L15S2020O1N230)	-	230. séance	-	COVID	English	Regular	MP	notMinister	AGIR-E	Agir ensemble	Coalition	-	PA267780	Firmin Le Bodo, Agnès	F	1968	
ParlaMint-FR-en_2020-06-09-O1230	ParlaMint-FR_2020-06-09-O1230.u604	Proceedings of the debates in plenary sitting of the Assemblée Nationale, sitting: 230, 09/06/2020	2020-06-09	Lower house	15e législature	session ordinaire 2019-2020 (CRSANR5L15S2020O1N230)	-	230. séance	-	COVID	English	Regular	notMP	notMinister	-	-	-	-	PA718850	Cordier, Pierre	M	1972	
ParlaMint-FR-en_2020-06-09-O1230	ParlaMint-FR_2020-06-09-O1230.u605	Proceedings of the debates in plenary sitting of the Assemblée Nationale, sitting: 230, 09/06/2020	2020-06-09	Lower house	15e législature	session ordinaire 2019-2020 (CRSANR5L15S2020O1N230)	-	230. séance	-	COVID	English	Regular	MP	notMinister	AGIR-E	Agir ensemble	Coalition	-	PA267780	Firmin Le Bodo, Agnès	F	1968	
ParlaMint-FR-en_2020-06-09-O1230	ParlaMint-FR_2020-06-09-O1230.u606	Proceedings of the debates in plenary sitting of the Assemblée Nationale, sitting: 230, 09/06/2020	2020-06-09	Lower house	15e législature	session ordinaire 2019-2020 (CRSANR5L15S2020O1N230)	-	230. séance	-	COVID	English	Regular	MP	notMinister	LAREM	La République en Marche	Coalition	Centre	PA721824	Renson, Hugues	M	1978	
ParlaMint-FR-en_2020-06-09-O1230	ParlaMint-FR_2020-06-09-O1230.u607	Proceedings of the debates in plenary sitting of the Assemblée Nationale, sitting: 230, 09/06/2020	2020-06-09	Lower house	15e législature	session ordinaire 2019-2020 (CRSANR5L15S2020O1N230)	-	230. séance	-	COVID	English	Regular	MP	notMinister	AGIR-E	Agir ensemble	Coalition	-	PA267780	Firmin Le Bodo, Agnès	F	1968	
ParlaMint-FR-en_2020-06-09-O1230	ParlaMint-FR_2020-06-09-O1230.u608	Proceedings of the debates in plenary sitting of the Assemblée Nationale, sitting: 230, 09/06/2020	2020-06-09	Lower house	15e législature	session ordinaire 2019-2020 (CRSANR5L15S2020O1N230)	-	230. séance	-	COVID	English	Regular	MP	notMinister	LAREM	La République en Marche	Coalition	Centre	PA721824	Renson, Hugues	M	1978	
ParlaMint-FR-en_2020-06-09-O1230	ParlaMint-FR_2020-06-09-O1230.u609	Proceedings of the debates in plenary sitting of the Assemblée Nationale, sitting: 230, 09/06/2020	2020-06-09	Lower house	15e législature	session ordinaire 2019-2020 (CRSANR5L15S2020O1N230)	-	230. séance	-	COVID	English	Guest	notMP	notMinister	-	-	-	-	PA759834	Nuñez, Laurent	M	1964	
ParlaMint-FR-en_2020-06-09-O1230	ParlaMint-FR_2020-06-09-O1230.u610	Proceedings of the debates in plenary sitting of the Assemblée Nationale, sitting: 230, 09/06/2020	2020-06-09	Lower house	15e législature	session ordinaire 2019-2020 (CRSANR5L15S2020O1N230)	-	230. séance	-	COVID	English	Regular	MP	notMinister	LAREM	La République en Marche	Coalition	Centre	PA721824	Renson, Hugues	M	1978	
ParlaMint-FR-en_2020-06-09-O1230	ParlaMint-FR_2020-06-09-O1230.u611	Proceedings of the debates in plenary sitting of the Assemblée Nationale, sitting: 230, 09/06/2020	2020-06-09	Lower house	15e législature	session ordinaire 2019-2020 (CRSANR5L15S2020O1N230)	-	230. séance	-	COVID	English	Regular	MP	notMinister	AGIR-E	Agir ensemble	Coalition	-	PA642935	Becht, Olivier	M	1976	
ParlaMint-FR-en_2020-06-09-O1230	ParlaMint-FR_2020-06-09-O1230.u612	Proceedings of the debates in plenary sitting of the Assemblée Nationale, sitting: 230, 09/06/2020	2020-06-09	Lower house	15e législature	session ordinaire 2019-2020 (CRSANR5L15S2020O1N230)	-	230. séance	-	COVID	English	Regular	notMP	notMinister	-	-	-	-	PA718850	Cordier, Pierre	M	1972	
ParlaMint-FR-en_2020-06-09-O1230	ParlaMint-FR_2020-06-09-O1230.u613	Proceedings of the debates in plenary sitting of the Assemblée Nationale, sitting: 230, 09/06/2020	2020-06-09	Lower house	15e législature	session ordinaire 2019-2020 (CRSANR5L15S2020O1N230)	-	230. séance	-	COVID	English	Regular	MP	notMinister	AGIR-E	Agir ensemble	Coalition	-	PA642935	Becht, Olivier	M	1976	
ParlaMint-FR-en_2020-06-09-O1230	ParlaMint-FR_2020-06-09-O1230.u614	Proceedings of the debates in plenary sitting of the Assemblée Nationale, sitting: 230, 09/06/2020	2020-06-09	Lower house	15e législature	session ordinaire 2019-2020 (CRSANR5L15S2020O1N230)	-	230. séance	-	COVID	English	Regular	MP	notMinister	LAREM	La République en Marche	Coalition	Centre	PA721824	Renson, Hugues	M	1978	
ParlaMint-FR-en_2020-06-09-O1230	ParlaMint-FR_2020-06-09-O1230.u615	Proceedings of the debates in plenary sitting of the Assemblée Nationale, sitting: 230, 09/06/2020	2020-06-09	Lower house	15e législature	session ordinaire 2019-2020 (CRSANR5L15S2020O1N230)	-	230. séance	-	COVID	English	Guest	notMP	notMinister	-	-	-	-	PA759834	Nuñez, Laurent	M	1964	
ParlaMint-FR-en_2020-06-09-O1230	ParlaMint-FR_2020-06-09-O1230.u616	Proceedings of the debates in plenary sitting of the Assemblée Nationale, sitting: 230, 09/06/2020	2020-06-09	Lower house	15e législature	session ordinaire 2019-2020 (CRSANR5L15S2020O1N230)	-	230. séance	-	COVID	English	Regular	MP	notMinister	LAREM	La République en Marche	Coalition	Centre	PA721824	Renson, Hugues	M	1978	
ParlaMint-FR-en_2020-06-09-O1230	ParlaMint-FR_2020-06-09-O1230.u617	Proceedings of the debates in plenary sitting of the Assemblée Nationale, sitting: 230, 09/06/2020	2020-06-09	Lower house	15e législature	session ordinaire 2019-2020 (CRSANR5L15S2020O1N230)	-	230. séance	-	COVID	English	Regular	notMP	notMinister	GDR	Gauche démocrate et républicaine	Opposition	Left	PA722110	Wulfranc, Hubert	M	1956	
ParlaMint-FR-en_2020-06-09-O1230	ParlaMint-FR_2020-06-09-O1230.u618	Proceedings of the debates in plenary sitting of the Assemblée Nationale, sitting: 230, 09/06/2020	2020-06-09	Lower house	15e législature	session ordinaire 2019-2020 (CRSANR5L15S2020O1N230)	-	230. séance	-	COVID	English	Regular	MP	notMinister	SOC	Socialistes et apparentés	-	Centre-left to left	PA1592	Habib, David	M	1961	
ParlaMint-FR-en_2020-06-09-O1230	ParlaMint-FR_2020-06-09-O1230.u619	Proceedings of the debates in plenary sitting of the Assemblée Nationale, sitting: 230, 09/06/2020	2020-06-09	Lower house	15e législature	session ordinaire 2019-2020 (CRSANR5L15S2020O1N230)	-	230. séance	-	COVID	English	Regular	notMP	notMinister	GDR	Gauche démocrate et républicaine	Opposition	Left	PA722110	Wulfranc, Hubert	M	1956	
ParlaMint-FR-en_2020-06-09-O1230	ParlaMint-FR_2020-06-09-O1230.u620	Proceedings of the debates in plenary sitting of the Assemblée Nationale, sitting: 230, 09/06/2020	2020-06-09	Lower house	15e législature	session ordinaire 2019-2020 (CRSANR5L15S2020O1N230)	-	230. séance	-	COVID	English	Regular	notMP	notMinister	LAREM	La République en Marche	Coalition	Centre	PA720754	Studer, Bruno	M	1978	
ParlaMint-FR-en_2020-06-09-O1230	ParlaMint-FR_2020-06-09-O1230.u621	Proceedings of the debates in plenary sitting of the Assemblée Nationale, sitting: 230, 09/06/2020	2020-06-09	Lower house	15e législature	session ordinaire 2019-2020 (CRSANR5L15S2020O1N230)	-	230. séance	-	COVID	English	Regular	MP	notMinister	GDR	Gauche démocrate et républicaine	Opposition	Left	PA718926	Dharréville, Pierre	M	1975	
ParlaMint-FR-en_2020-06-09-O1230	ParlaMint-FR_2020-06-09-O1230.u622	Proceedings of the debates in plenary sitting of the Assemblée Nationale, sitting: 230, 09/06/2020	2020-06-09	Lower house	15e législature	session ordinaire 2019-2020 (CRSANR5L15S2020O1N230)	-	230. séance	-	COVID	English	Regular	MP	notMinister	LAREM	La République en Marche	Coalition	Centre	PA721824	Renson, Hugues	M	1978	
ParlaMint-FR-en_2020-06-09-O1230	ParlaMint-FR_2020-06-09-O1230.u623	Proceedings of the debates in plenary sitting of the Assemblée Nationale, sitting: 230, 09/06/2020	2020-06-09	Lower house	15e législature	session ordinaire 2019-2020 (CRSANR5L15S2020O1N230)	-	230. séance	-	COVID	English	Guest	notMP	notMinister	-	-	-	-	PA759834	Nuñez, Laurent	M	1964	
ParlaMint-FR-en_2020-06-09-O1230	ParlaMint-FR_2020-06-09-O1230.u624	Proceedings of the debates in plenary sitting of the Assemblée Nationale, sitting: 230, 09/06/2020	2020-06-09	Lower house	15e législature	session ordinaire 2019-2020 (CRSANR5L15S2020O1N230)	-	230. séance	-	COVID	English	Regular	MP	notMinister	LR	Les Républicains	Opposition	Centre-right	PA720630	Minot, Maxime	M	1987	
ParlaMint-FR-en_2020-06-09-O1230	ParlaMint-FR_2020-06-09-O1230.u625	Proceedings of the debates in plenary sitting of the Assemblée Nationale, sitting: 230, 09/06/2020	2020-06-09	Lower house	15e législature	session ordinaire 2019-2020 (CRSANR5L15S2020O1N230)	-	230. séance	-	COVID	English	Guest	notMP	notMinister	-	-	-	-	PA759834	Nuñez, Laurent	M	1964	
ParlaMint-FR-en_2020-06-09-O1230	ParlaMint-FR_2020-06-09-O1230.u626	Proceedings of the debates in plenary sitting of the Assemblée Nationale, sitting: 230, 09/06/2020	2020-06-09	Lower house	15e législature	session ordinaire 2019-2020 (CRSANR5L15S2020O1N230)	-	230. séance	-	COVID	English	Regular	notMP	notMinister	-	-	-	-	PA718850	Cordier, Pierre	M	1972	
ParlaMint-FR-en_2020-06-09-O1230	ParlaMint-FR_2020-06-09-O1230.u627	Proceedings of the debates in plenary sitting of the Assemblée Nationale, sitting: 230, 09/06/2020	2020-06-09	Lower house	15e législature	session ordinaire 2019-2020 (CRSANR5L15S2020O1N230)	-	230. séance	-	COVID	English	Regular	notMP	notMinister	GDR	Gauche démocrate et républicaine	Opposition	Left	PA722110	Wulfranc, Hubert	M	1956	
ParlaMint-FR-en_2020-06-09-O1230	ParlaMint-FR_2020-06-09-O1230.u628	Proceedings of the debates in plenary sitting of the Assemblée Nationale, sitting: 230, 09/06/2020	2020-06-09	Lower house	15e législature	session ordinaire 2019-2020 (CRSANR5L15S2020O1N230)	-	230. séance	-	COVID	English	Regular	notMP	notMinister	-	-	-	-	PA718850	Cordier, Pierre	M	1972	
ParlaMint-FR-en_2020-06-09-O1230	ParlaMint-FR_2020-06-09-O1230.u629	Proceedings of the debates in plenary sitting of the Assemblée Nationale, sitting: 230, 09/06/2020	2020-06-09	Lower house	15e législature	session ordinaire 2019-2020 (CRSANR5L15S2020O1N230)	-	230. séance	-	COVID	English	Regular	MP	notMinister	LAREM	La République en Marche	Coalition	Centre	PA721824	Renson, Hugues	M	1978	
ParlaMint-FR-en_2020-06-09-O1230	ParlaMint-FR_2020-06-09-O1230.u630	Proceedings of the debates in plenary sitting of the Assemblée Nationale, sitting: 230, 09/06/2020	2020-06-09	Lower house	15e législature	session ordinaire 2019-2020 (CRSANR5L15S2020O1N230)	-	230. séance	-	COVID	English	Regular	MP	notMinister	GDR	Gauche démocrate et républicaine	Opposition	Left	PA720546	Bruneel, Alain	M	1952	
ParlaMint-FR-en_2020-06-09-O1230	ParlaMint-FR_2020-06-09-O1230.u631	Proceedings of the debates in plenary sitting of the Assemblée Nationale, sitting: 230, 09/06/2020	2020-06-09	Lower house	15e législature	session ordinaire 2019-2020 (CRSANR5L15S2020O1N230)	-	230. séance	-	COVID	English	Regular	MP	notMinister	LAREM	La République en Marche	Coalition	Centre	PA721824	Renson, Hugues	M	1978	
ParlaMint-FR-en_2020-06-09-O1230	ParlaMint-FR_2020-06-09-O1230.u632	Proceedings of the debates in plenary sitting of the Assemblée Nationale, sitting: 230, 09/06/2020	2020-06-09	Lower house	15e législature	session ordinaire 2019-2020 (CRSANR5L15S2020O1N230)	-	230. séance	-	COVID	English	Guest	notMP	notMinister	-	-	-	-	PA759834	Nuñez, Laurent	M	1964	
ParlaMint-FR-en_2020-06-09-O1230	ParlaMint-FR_2020-06-09-O1230.u633	Proceedings of the debates in plenary sitting of the Assemblée Nationale, sitting: 230, 09/06/2020	2020-06-09	Lower house	15e législature	session ordinaire 2019-2020 (CRSANR5L15S2020O1N230)	-	230. séance	-	COVID	English	Regular	MP	notMinister	LAREM	La République en Marche	Coalition	Centre	PA721824	Renson, Hugues	M	1978	
ParlaMint-FR-en_2020-06-09-O1230	ParlaMint-FR_2020-06-09-O1230.u634	Proceedings of the debates in plenary sitting of the Assemblée Nationale, sitting: 230, 09/06/2020	2020-06-09	Lower house	15e législature	session ordinaire 2019-2020 (CRSANR5L15S2020O1N230)	-	230. séance	-	COVID	English	Regular	notMP	notMinister	LAREM	La République en Marche	Coalition	Centre	PA721916	Pouzyreff, Natalia	F	1961	
ParlaMint-FR-en_2020-06-09-O1230	ParlaMint-FR_2020-06-09-O1230.u635	Proceedings of the debates in plenary sitting of the Assemblée Nationale, sitting: 230, 09/06/2020	2020-06-09	Lower house	15e législature	session ordinaire 2019-2020 (CRSANR5L15S2020O1N230)	-	230. séance	-	COVID	English	Regular	notMP	notMinister	-	-	-	-	PA718850	Cordier, Pierre	M	1972	
ParlaMint-FR-en_2020-06-09-O1230	ParlaMint-FR_2020-06-09-O1230.u636	Proceedings of the debates in plenary sitting of the Assemblée Nationale, sitting: 230, 09/06/2020	2020-06-09	Lower house	15e législature	session ordinaire 2019-2020 (CRSANR5L15S2020O1N230)	-	230. séance	-	COVID	English	Regular	notMP	notMinister	LAREM	La République en Marche	Coalition	Centre	PA721916	Pouzyreff, Natalia	F	1961	
ParlaMint-FR-en_2020-06-09-O1230	ParlaMint-FR_2020-06-09-O1230.u637	Proceedings of the debates in plenary sitting of the Assemblée Nationale, sitting: 230, 09/06/2020	2020-06-09	Lower house	15e législature	session ordinaire 2019-2020 (CRSANR5L15S2020O1N230)	-	230. séance	-	COVID	English	Regular	MP	notMinister	LAREM	La République en Marche	Coalition	Centre	PA721824	Renson, Hugues	M	1978	
ParlaMint-FR-en_2020-06-09-O1230	ParlaMint-FR_2020-06-09-O1230.u638	Proceedings of the debates in plenary sitting of the Assemblée Nationale, sitting: 230, 09/06/2020	2020-06-09	Lower house	15e législature	session ordinaire 2019-2020 (CRSANR5L15S2020O1N230)	-	230. séance	-	COVID	English	Guest	notMP	notMinister	-	-	-	-	PA759834	Nuñez, Laurent	M	1964	
ParlaMint-FR-en_2020-06-09-O1230	ParlaMint-FR_2020-06-09-O1230.u639	Proceedings of the debates in plenary sitting of the Assemblée Nationale, sitting: 230, 09/06/2020	2020-06-09	Lower house	15e législature	session ordinaire 2019-2020 (CRSANR5L15S2020O1N230)	-	230. séance	-	COVID	English	Regular	notMP	notMinister	LAREM	La République en Marche	Coalition	Centre	PA721916	Pouzyreff, Natalia	F	1961	
ParlaMint-FR-en_2020-06-09-O1230	ParlaMint-FR_2020-06-09-O1230.u640	Proceedings of the debates in plenary sitting of the Assemblée Nationale, sitting: 230, 09/06/2020	2020-06-09	Lower house	15e législature	session ordinaire 2019-2020 (CRSANR5L15S2020O1N230)	-	230. séance	-	COVID	English	Guest	notMP	notMinister	-	-	-	-	PA759834	Nuñez, Laurent	M	1964	
ParlaMint-FR-en_2020-06-09-O1230	ParlaMint-FR_2020-06-09-O1230.u641	Proceedings of the debates in plenary sitting of the Assemblée Nationale, sitting: 230, 09/06/2020	2020-06-09	Lower house	15e législature	session ordinaire 2019-2020 (CRSANR5L15S2020O1N230)	-	230. séance	-	COVID	English	Regular	MP	notMinister	LAREM	La République en Marche	Coalition	Centre	PA721824	Renson, Hugues	M	1978	
ParlaMint-FR-en_2020-06-09-O1230	ParlaMint-FR_2020-06-09-O1230.u642	Proceedings of the debates in plenary sitting of the Assemblée Nationale, sitting: 230, 09/06/2020	2020-06-09	Lower house	15e législature	session ordinaire 2019-2020 (CRSANR5L15S2020O1N230)	-	230. séance	-	COVID	English	Regular	MP	notMinister	LAREM	La République en Marche	Coalition	Centre	PA719294	Clapot, Mireille	F	1963	
ParlaMint-FR-en_2020-06-09-O1230	ParlaMint-FR_2020-06-09-O1230.u643	Proceedings of the debates in plenary sitting of the Assemblée Nationale, sitting: 230, 09/06/2020	2020-06-09	Lower house	15e législature	session ordinaire 2019-2020 (CRSANR5L15S2020O1N230)	-	230. séance	-	COVID	English	Regular	MP	notMinister	LAREM	La République en Marche	Coalition	Centre	PA721824	Renson, Hugues	M	1978	
ParlaMint-FR-en_2020-06-09-O1230	ParlaMint-FR_2020-06-09-O1230.u644	Proceedings of the debates in plenary sitting of the Assemblée Nationale, sitting: 230, 09/06/2020	2020-06-09	Lower house	15e législature	session ordinaire 2019-2020 (CRSANR5L15S2020O1N230)	-	230. séance	-	COVID	English	Guest	notMP	notMinister	-	-	-	-	PA759834	Nuñez, Laurent	M	1964	
ParlaMint-FR-en_2020-06-09-O1230	ParlaMint-FR_2020-06-09-O1230.u645	Proceedings of the debates in plenary sitting of the Assemblée Nationale, sitting: 230, 09/06/2020	2020-06-09	Lower house	15e législature	session ordinaire 2019-2020 (CRSANR5L15S2020O1N230)	-	230. séance	-	COVID	English	Regular	notMP	notMinister	-	-	-	-	PA718850	Cordier, Pierre	M	1972	
ParlaMint-FR-en_2020-06-09-O1230	ParlaMint-FR_2020-06-09-O1230.u646	Proceedings of the debates in plenary sitting of the Assemblée Nationale, sitting: 230, 09/06/2020	2020-06-09	Lower house	15e législature	session ordinaire 2019-2020 (CRSANR5L15S2020O1N230)	-	230. séance	-	COVID	English	Regular	MP	notMinister	LAREM	La République en Marche	Coalition	Centre	PA721824	Renson, Hugues	M	1978	
ParlaMint-FR-en_2020-06-09-O1230	ParlaMint-FR_2020-06-09-O1230.u647	Proceedings of the debates in plenary sitting of the Assemblée Nationale, sitting: 230, 09/06/2020	2020-06-09	Lower house	15e législature	session ordinaire 2019-2020 (CRSANR5L15S2020O1N230)	-	230. séance	-	COVID	English	Regular	notMP	notMinister	LAREM	La République en Marche	Coalition	Centre	PA722398	Rebeyrotte, Rémy	M	1966	
ParlaMint-FR-en_2020-06-09-O1230	ParlaMint-FR_2020-06-09-O1230.u648	Proceedings of the debates in plenary sitting of the Assemblée Nationale, sitting: 230, 09/06/2020	2020-06-09	Lower house	15e législature	session ordinaire 2019-2020 (CRSANR5L15S2020O1N230)	-	230. séance	-	COVID	English	Regular	notMP	notMinister	-	-	-	-	PA718850	Cordier, Pierre	M	1972	
ParlaMint-FR-en_2020-06-09-O1230	ParlaMint-FR_2020-06-09-O1230.u649	Proceedings of the debates in plenary sitting of the Assemblée Nationale, sitting: 230, 09/06/2020	2020-06-09	Lower house	15e législature	session ordinaire 2019-2020 (CRSANR5L15S2020O1N230)	-	230. séance	-	COVID	English	Regular	MP	notMinister	LR	Les Républicains	Opposition	Centre-right	PA720630	Minot, Maxime	M	1987	
ParlaMint-FR-en_2020-06-09-O1230	ParlaMint-FR_2020-06-09-O1230.u650	Proceedings of the debates in plenary sitting of the Assemblée Nationale, sitting: 230, 09/06/2020	2020-06-09	Lower house	15e législature	session ordinaire 2019-2020 (CRSANR5L15S2020O1N230)	-	230. séance	-	COVID	English	Regular	notMP	notMinister	LAREM	La République en Marche	Coalition	Centre	PA722398	Rebeyrotte, Rémy	M	1966	
ParlaMint-FR-en_2020-06-09-O1230	ParlaMint-FR_2020-06-09-O1230.u651	Proceedings of the debates in plenary sitting of the Assemblée Nationale, sitting: 230, 09/06/2020	2020-06-09	Lower house	15e législature	session ordinaire 2019-2020 (CRSANR5L15S2020O1N230)	-	230. séance	-	COVID	English	Regular	MP	notMinister	LAREM	La République en Marche	Coalition	Centre	PA721824	Renson, Hugues	M	1978	
ParlaMint-FR-en_2020-06-09-O1230	ParlaMint-FR_2020-06-09-O1230.u652	Proceedings of the debates in plenary sitting of the Assemblée Nationale, sitting: 230, 09/06/2020	2020-06-09	Lower house	15e législature	session ordinaire 2019-2020 (CRSANR5L15S2020O1N230)	-	230. séance	-	COVID	English	Guest	notMP	notMinister	-	-	-	-	PA759834	Nuñez, Laurent	M	1964	
ParlaMint-FR-en_2020-06-09-O1230	ParlaMint-FR_2020-06-09-O1230.u653	Proceedings of the debates in plenary sitting of the Assemblée Nationale, sitting: 230, 09/06/2020	2020-06-09	Lower house	15e législature	session ordinaire 2019-2020 (CRSANR5L15S2020O1N230)	-	230. séance	-	COVID	English	Regular	notMP	notMinister	-	-	-	-	PA718850	Cordier, Pierre	M	1972	
ParlaMint-FR-en_2020-06-09-O1230	ParlaMint-FR_2020-06-09-O1230.u654	Proceedings of the debates in plenary sitting of the Assemblée Nationale, sitting: 230, 09/06/2020	2020-06-09	Lower house	15e législature	session ordinaire 2019-2020 (CRSANR5L15S2020O1N230)	-	230. séance	-	COVID	English	Regular	MP	notMinister	LR	Les Républicains	Opposition	Centre-right	PA720630	Minot, Maxime	M	1987	
ParlaMint-FR-en_2020-06-09-O1230	ParlaMint-FR_2020-06-09-O1230.u655	Proceedings of the debates in plenary sitting of the Assemblée Nationale, sitting: 230, 09/06/2020	2020-06-09	Lower house	15e législature	session ordinaire 2019-2020 (CRSANR5L15S2020O1N230)	-	230. séance	-	COVID	English	Guest	notMP	notMinister	-	-	-	-	PA759834	Nuñez, Laurent	M	1964	
ParlaMint-FR-en_2020-06-09-O1230	ParlaMint-FR_2020-06-09-O1230.u656	Proceedings of the debates in plenary sitting of the Assemblée Nationale, sitting: 230, 09/06/2020	2020-06-09	Lower house	15e législature	session ordinaire 2019-2020 (CRSANR5L15S2020O1N230)	-	230. séance	-	COVID	English	Regular	notMP	notMinister	-	-	-	-	PA718850	Cordier, Pierre	M	1972	
ParlaMint-FR-en_2020-06-09-O1230	ParlaMint-FR_2020-06-09-O1230.u657	Proceedings of the debates in plenary sitting of the Assemblée Nationale, sitting: 230, 09/06/2020	2020-06-09	Lower house	15e législature	session ordinaire 2019-2020 (CRSANR5L15S2020O1N230)	-	230. séance	-	COVID	English	Guest	notMP	notMinister	-	-	-	-	PA759834	Nuñez, Laurent	M	1964	
ParlaMint-FR-en_2020-06-09-O1230	ParlaMint-FR_2020-06-09-O1230.u658	Proceedings of the debates in plenary sitting of the Assemblée Nationale, sitting: 230, 09/06/2020	2020-06-09	Lower house	15e législature	session ordinaire 2019-2020 (CRSANR5L15S2020O1N230)	-	230. séance	-	COVID	English	Regular	MP	notMinister	LAREM	La République en Marche	Coalition	Centre	PA721824	Renson, Hugues	M	1978	
ParlaMint-FR-en_2020-06-09-O1230	ParlaMint-FR_2020-06-09-O1230.u659	Proceedings of the debates in plenary sitting of the Assemblée Nationale, sitting: 230, 09/06/2020	2020-06-09	Lower house	15e législature	session ordinaire 2019-2020 (CRSANR5L15S2020O1N230)	-	230. séance	-	COVID	English	Regular	notMP	notMinister	LAREM	La République en Marche	Coalition	Centre	PA720754	Studer, Bruno	M	1978	
ParlaMint-FR-en_2020-06-09-O1230	ParlaMint-FR_2020-06-09-O1230.u660	Proceedings of the debates in plenary sitting of the Assemblée Nationale, sitting: 230, 09/06/2020	2020-06-09	Lower house	15e législature	session ordinaire 2019-2020 (CRSANR5L15S2020O1N230)	-	230. séance	-	COVID	English	Regular	notMP	notMinister	-	-	-	-	PA718850	Cordier, Pierre	M	1972	
ParlaMint-FR-en_2020-06-09-O1230	ParlaMint-FR_2020-06-09-O1230.u661	Proceedings of the debates in plenary sitting of the Assemblée Nationale, sitting: 230, 09/06/2020	2020-06-09	Lower house	15e législature	session ordinaire 2019-2020 (CRSANR5L15S2020O1N230)	-	230. séance	-	COVID	English	Regular	MP	notMinister	LR	Les Républicains	Opposition	Centre-right	PA267440	Diard, Éric	M	1965	
ParlaMint-FR-en_2020-06-09-O1230	ParlaMint-FR_2020-06-09-O1230.u662	Proceedings of the debates in plenary sitting of the Assemblée Nationale, sitting: 230, 09/06/2020	2020-06-09	Lower house	15e législature	session ordinaire 2019-2020 (CRSANR5L15S2020O1N230)	-	230. séance	-	COVID	English	Regular	notMP	notMinister	LAREM	La République en Marche	Coalition	Centre	PA720754	Studer, Bruno	M	1978	
ParlaMint-FR-en_2020-06-09-O1230	ParlaMint-FR_2020-06-09-O1230.u663	Proceedings of the debates in plenary sitting of the Assemblée Nationale, sitting: 230, 09/06/2020	2020-06-09	Lower house	15e législature	session ordinaire 2019-2020 (CRSANR5L15S2020O1N230)	-	230. séance	-	COVID	English	Regular	notMP	notMinister	-	-	-	-	PA718850	Cordier, Pierre	M	1972	
ParlaMint-FR-en_2020-06-09-O1230	ParlaMint-FR_2020-06-09-O1230.u664	Proceedings of the debates in plenary sitting of the Assemblée Nationale, sitting: 230, 09/06/2020	2020-06-09	Lower house	15e législature	session ordinaire 2019-2020 (CRSANR5L15S2020O1N230)	-	230. séance	-	COVID	English	Regular	MP	notMinister	LR	Les Républicains	Opposition	Centre-right	PA719272	Meunier, Frédérique	F	1960	
ParlaMint-FR-en_2020-06-09-O1230	ParlaMint-FR_2020-06-09-O1230.u665	Proceedings of the debates in plenary sitting of the Assemblée Nationale, sitting: 230, 09/06/2020	2020-06-09	Lower house	15e législature	session ordinaire 2019-2020 (CRSANR5L15S2020O1N230)	-	230. séance	-	COVID	English	Regular	MP	notMinister	LAREM	La République en Marche	Coalition	Centre	PA721824	Renson, Hugues	M	1978	
ParlaMint-FR-en_2020-06-09-O1230	ParlaMint-FR_2020-06-09-O1230.u666	Proceedings of the debates in plenary sitting of the Assemblée Nationale, sitting: 230, 09/06/2020	2020-06-09	Lower house	15e législature	session ordinaire 2019-2020 (CRSANR5L15S2020O1N230)	-	230. séance	-	COVID	English	Guest	notMP	notMinister	-	-	-	-	PA759834	Nuñez, Laurent	M	1964	
ParlaMint-FR-en_2020-06-09-O1230	ParlaMint-FR_2020-06-09-O1230.u667	Proceedings of the debates in plenary sitting of the Assemblée Nationale, sitting: 230, 09/06/2020	2020-06-09	Lower house	15e législature	session ordinaire 2019-2020 (CRSANR5L15S2020O1N230)	-	230. séance	-	COVID	English	Regular	notMP	notMinister	LAREM	La République en Marche	Coalition	Centre	PA721916	Pouzyreff, Natalia	F	1961	
ParlaMint-FR-en_2020-06-09-O1230	ParlaMint-FR_2020-06-09-O1230.u668	Proceedings of the debates in plenary sitting of the Assemblée Nationale, sitting: 230, 09/06/2020	2020-06-09	Lower house	15e législature	session ordinaire 2019-2020 (CRSANR5L15S2020O1N230)	-	230. séance	-	COVID	English	Regular	MP	notMinister	LAREM	La République en Marche	Coalition	Centre	PA721824	Renson, Hugues	M	1978	
ParlaMint-FR-en_2020-06-09-O1230	ParlaMint-FR_2020-06-09-O1230.u669	Proceedings of the debates in plenary sitting of the Assemblée Nationale, sitting: 230, 09/06/2020	2020-06-09	Lower house	15e législature	session ordinaire 2019-2020 (CRSANR5L15S2020O1N230)	-	230. séance	-	COVID	English	Regular	MP	notMinister	LAREM	La République en Marche	Coalition	Centre	PA720492	Osson, Catherine	F	1974	
ParlaMint-FR-en_2020-06-09-O1230	ParlaMint-FR_2020-06-09-O1230.u670	Proceedings of the debates in plenary sitting of the Assemblée Nationale, sitting: 230, 09/06/2020	2020-06-09	Lower house	15e législature	session ordinaire 2019-2020 (CRSANR5L15S2020O1N230)	-	230. séance	-	COVID	English	Regular	notMP	notMinister	LAREM	La République en Marche	Coalition	Centre	PA720754	Studer, Bruno	M	1978	
ParlaMint-FR-en_2020-06-09-O1230	ParlaMint-FR_2020-06-09-O1230.u671	Proceedings of the debates in plenary sitting of the Assemblée Nationale, sitting: 230, 09/06/2020	2020-06-09	Lower house	15e législature	session ordinaire 2019-2020 (CRSANR5L15S2020O1N230)	-	230. séance	-	COVID	English	Regular	MP	notMinister	LAREM	La République en Marche	Coalition	Centre	PA720492	Osson, Catherine	F	1974	
ParlaMint-FR-en_2020-06-09-O1230	ParlaMint-FR_2020-06-09-O1230.u672	Proceedings of the debates in plenary sitting of the Assemblée Nationale, sitting: 230, 09/06/2020	2020-06-09	Lower house	15e législature	session ordinaire 2019-2020 (CRSANR5L15S2020O1N230)	-	230. séance	-	COVID	English	Regular	MP	notMinister	LAREM	La République en Marche	Coalition	Centre	PA721824	Renson, Hugues	M	1978	
ParlaMint-FR-en_2020-06-09-O1230	ParlaMint-FR_2020-06-09-O1230.u673	Proceedings of the debates in plenary sitting of the Assemblée Nationale, sitting: 230, 09/06/2020	2020-06-09	Lower house	15e législature	session ordinaire 2019-2020 (CRSANR5L15S2020O1N230)	-	230. séance	-	COVID	English	Guest	notMP	notMinister	-	-	-	-	PA759834	Nuñez, Laurent	M	1964	
ParlaMint-FR-en_2020-06-09-O1230	ParlaMint-FR_2020-06-09-O1230.u674	Proceedings of the debates in plenary sitting of the Assemblée Nationale, sitting: 230, 09/06/2020	2020-06-09	Lower house	15e législature	session ordinaire 2019-2020 (CRSANR5L15S2020O1N230)	-	230. séance	-	COVID	English	Regular	MP	notMinister	LAREM	La République en Marche	Coalition	Centre	PA721824	Renson, Hugues	M	1978	
ParlaMint-FR-en_2020-06-09-O1230	ParlaMint-FR_2020-06-09-O1230.u675	Proceedings of the debates in plenary sitting of the Assemblée Nationale, sitting: 230, 09/06/2020	2020-06-09	Lower house	15e législature	session ordinaire 2019-2020 (CRSANR5L15S2020O1N230)	-	230. séance	-	COVID	English	Regular	MP	notMinister	LR	Les Républicains	Opposition	Centre-right	PA721506	Kuster, Brigitte	F	1959	
ParlaMint-FR-en_2020-06-09-O1230	ParlaMint-FR_2020-06-09-O1230.u676	Proceedings of the debates in plenary sitting of the Assemblée Nationale, sitting: 230, 09/06/2020	2020-06-09	Lower house	15e législature	session ordinaire 2019-2020 (CRSANR5L15S2020O1N230)	-	230. séance	-	COVID	English	Regular	notMP	notMinister	LAREM	La République en Marche	Coalition	Centre	PA720754	Studer, Bruno	M	1978	
ParlaMint-FR-en_2020-06-09-O1230	ParlaMint-FR_2020-06-09-O1230.u677	Proceedings of the debates in plenary sitting of the Assemblée Nationale, sitting: 230, 09/06/2020	2020-06-09	Lower house	15e législature	session ordinaire 2019-2020 (CRSANR5L15S2020O1N230)	-	230. séance	-	COVID	English	Regular	MP	notMinister	LR	Les Républicains	Opposition	Centre-right	PA721506	Kuster, Brigitte	F	1959	
ParlaMint-FR-en_2020-06-09-O1230	ParlaMint-FR_2020-06-09-O1230.u678	Proceedings of the debates in plenary sitting of the Assemblée Nationale, sitting: 230, 09/06/2020	2020-06-09	Lower house	15e législature	session ordinaire 2019-2020 (CRSANR5L15S2020O1N230)	-	230. séance	-	COVID	English	Regular	notMP	notMinister	-	-	-	-	PA718850	Cordier, Pierre	M	1972	
ParlaMint-FR-en_2020-06-09-O1230	ParlaMint-FR_2020-06-09-O1230.u679	Proceedings of the debates in plenary sitting of the Assemblée Nationale, sitting: 230, 09/06/2020	2020-06-09	Lower house	15e législature	session ordinaire 2019-2020 (CRSANR5L15S2020O1N230)	-	230. séance	-	COVID	English	Regular	MP	notMinister	LAREM	La République en Marche	Coalition	Centre	PA721824	Renson, Hugues	M	1978	
ParlaMint-FR-en_2020-06-09-O1230	ParlaMint-FR_2020-06-09-O1230.u680	Proceedings of the debates in plenary sitting of the Assemblée Nationale, sitting: 230, 09/06/2020	2020-06-09	Lower house	15e législature	session ordinaire 2019-2020 (CRSANR5L15S2020O1N230)	-	230. séance	-	COVID	English	Guest	notMP	notMinister	-	-	-	-	PA759834	Nuñez, Laurent	M	1964	
ParlaMint-FR-en_2020-06-09-O1230	ParlaMint-FR_2020-06-09-O1230.u681	Proceedings of the debates in plenary sitting of the Assemblée Nationale, sitting: 230, 09/06/2020	2020-06-09	Lower house	15e législature	session ordinaire 2019-2020 (CRSANR5L15S2020O1N230)	-	230. séance	-	COVID	English	Regular	MP	notMinister	LR	Les Républicains	Opposition	Centre-right	PA721506	Kuster, Brigitte	F	1959	
ParlaMint-FR-en_2020-06-09-O1230	ParlaMint-FR_2020-06-09-O1230.u682	Proceedings of the debates in plenary sitting of the Assemblée Nationale, sitting: 230, 09/06/2020	2020-06-09	Lower house	15e législature	session ordinaire 2019-2020 (CRSANR5L15S2020O1N230)	-	230. séance	-	COVID	English	Guest	notMP	notMinister	-	-	-	-	PA759834	Nuñez, Laurent	M	1964	
ParlaMint-FR-en_2020-06-09-O1230	ParlaMint-FR_2020-06-09-O1230.u683	Proceedings of the debates in plenary sitting of the Assemblée Nationale, sitting: 230, 09/06/2020	2020-06-09	Lower house	15e législature	session ordinaire 2019-2020 (CRSANR5L15S2020O1N230)	-	230. séance	-	COVID	English	Regular	notMP	notMinister	-	-	-	-	PA718850	Cordier, Pierre	M	1972	
ParlaMint-FR-en_2020-06-09-O1230	ParlaMint-FR_2020-06-09-O1230.u684	Proceedings of the debates in plenary sitting of the Assemblée Nationale, sitting: 230, 09/06/2020	2020-06-09	Lower house	15e législature	session ordinaire 2019-2020 (CRSANR5L15S2020O1N230)	-	230. séance	-	COVID	English	Guest	notMP	notMinister	-	-	-	-	PA759834	Nuñez, Laurent	M	1964	
ParlaMint-FR-en_2020-06-09-O1230	ParlaMint-FR_2020-06-09-O1230.u685	Proceedings of the debates in plenary sitting of the Assemblée Nationale, sitting: 230, 09/06/2020	2020-06-09	Lower house	15e législature	session ordinaire 2019-2020 (CRSANR5L15S2020O1N230)	-	230. séance	-	COVID	English	Regular	MP	notMinister	LR	Les Républicains	Opposition	Centre-right	PA721506	Kuster, Brigitte	F	1959	
ParlaMint-FR-en_2020-06-09-O1230	ParlaMint-FR_2020-06-09-O1230.u686	Proceedings of the debates in plenary sitting of the Assemblée Nationale, sitting: 230, 09/06/2020	2020-06-09	Lower house	15e législature	session ordinaire 2019-2020 (CRSANR5L15S2020O1N230)	-	230. séance	-	COVID	English	Guest	notMP	notMinister	-	-	-	-	PA759834	Nuñez, Laurent	M	1964	
ParlaMint-FR-en_2020-06-09-O1230	ParlaMint-FR_2020-06-09-O1230.u687	Proceedings of the debates in plenary sitting of the Assemblée Nationale, sitting: 230, 09/06/2020	2020-06-09	Lower house	15e législature	session ordinaire 2019-2020 (CRSANR5L15S2020O1N230)	-	230. séance	-	COVID	English	Regular	MP	notMinister	LR	Les Républicains	Opposition	Centre-right	PA721506	Kuster, Brigitte	F	1959	
ParlaMint-FR-en_2020-06-09-O1230	ParlaMint-FR_2020-06-09-O1230.u688	Proceedings of the debates in plenary sitting of the Assemblée Nationale, sitting: 230, 09/06/2020	2020-06-09	Lower house	15e législature	session ordinaire 2019-2020 (CRSANR5L15S2020O1N230)	-	230. séance	-	COVID	English	Guest	notMP	notMinister	-	-	-	-	PA759834	Nuñez, Laurent	M	1964	
ParlaMint-FR-en_2020-06-09-O1230	ParlaMint-FR_2020-06-09-O1230.u689	Proceedings of the debates in plenary sitting of the Assemblée Nationale, sitting: 230, 09/06/2020	2020-06-09	Lower house	15e législature	session ordinaire 2019-2020 (CRSANR5L15S2020O1N230)	-	230. séance	-	COVID	English	Regular	MP	notMinister	LR	Les Républicains	Opposition	Centre-right	PA721506	Kuster, Brigitte	F	1959	
ParlaMint-FR-en_2020-06-09-O1230	ParlaMint-FR_2020-06-09-O1230.u690	Proceedings of the debates in plenary sitting of the Assemblée Nationale, sitting: 230, 09/06/2020	2020-06-09	Lower house	15e législature	session ordinaire 2019-2020 (CRSANR5L15S2020O1N230)	-	230. séance	-	COVID	English	Guest	notMP	notMinister	-	-	-	-	PA759834	Nuñez, Laurent	M	1964	
ParlaMint-FR-en_2020-06-09-O1230	ParlaMint-FR_2020-06-09-O1230.u691	Proceedings of the debates in plenary sitting of the Assemblée Nationale, sitting: 230, 09/06/2020	2020-06-09	Lower house	15e législature	session ordinaire 2019-2020 (CRSANR5L15S2020O1N230)	-	230. séance	-	COVID	English	Regular	MP	notMinister	LR	Les Républicains	Opposition	Centre-right	PA721506	Kuster, Brigitte	F	1959	
ParlaMint-FR-en_2020-06-09-O1230	ParlaMint-FR_2020-06-09-O1230.u692	Proceedings of the debates in plenary sitting of the Assemblée Nationale, sitting: 230, 09/06/2020	2020-06-09	Lower house	15e législature	session ordinaire 2019-2020 (CRSANR5L15S2020O1N230)	-	230. séance	-	COVID	English	Guest	notMP	notMinister	-	-	-	-	PA759834	Nuñez, Laurent	M	1964	
ParlaMint-FR-en_2020-06-09-O1230	ParlaMint-FR_2020-06-09-O1230.u693	Proceedings of the debates in plenary sitting of the Assemblée Nationale, sitting: 230, 09/06/2020	2020-06-09	Lower house	15e législature	session ordinaire 2019-2020 (CRSANR5L15S2020O1N230)	-	230. séance	-	COVID	English	Regular	MP	notMinister	LAREM	La République en Marche	Coalition	Centre	PA721824	Renson, Hugues	M	1978	
ParlaMint-FR-en_2020-06-09-O1230	ParlaMint-FR_2020-06-09-O1230.u694	Proceedings of the debates in plenary sitting of the Assemblée Nationale, sitting: 230, 09/06/2020	2020-06-09	Lower house	15e législature	session ordinaire 2019-2020 (CRSANR5L15S2020O1N230)	-	230. séance	-	COVID	English	Regular	MP	notMinister	LR	Les Républicains	Opposition	Centre-right	PA267440	Diard, Éric	M	1965	
ParlaMint-FR-en_2020-06-09-O1230	ParlaMint-FR_2020-06-09-O1230.u695	Proceedings of the debates in plenary sitting of the Assemblée Nationale, sitting: 230, 09/06/2020	2020-06-09	Lower house	15e législature	session ordinaire 2019-2020 (CRSANR5L15S2020O1N230)	-	230. séance	-	COVID	English	Regular	MP	notMinister	LR	Les Républicains	Opposition	Centre-right	PA720630	Minot, Maxime	M	1987	
ParlaMint-FR-en_2020-06-09-O1230	ParlaMint-FR_2020-06-09-O1230.u696	Proceedings of the debates in plenary sitting of the Assemblée Nationale, sitting: 230, 09/06/2020	2020-06-09	Lower house	15e législature	session ordinaire 2019-2020 (CRSANR5L15S2020O1N230)	-	230. séance	-	COVID	English	Regular	MP	notMinister	LR	Les Républicains	Opposition	Centre-right	PA267440	Diard, Éric	M	1965	
ParlaMint-FR-en_2020-06-09-O1230	ParlaMint-FR_2020-06-09-O1230.u697	Proceedings of the debates in plenary sitting of the Assemblée Nationale, sitting: 230, 09/06/2020	2020-06-09	Lower house	15e législature	session ordinaire 2019-2020 (CRSANR5L15S2020O1N230)	-	230. séance	-	COVID	English	Regular	MP	notMinister	LAREM	La République en Marche	Coalition	Centre	PA721824	Renson, Hugues	M	1978	
ParlaMint-FR-en_2020-06-09-O1230	ParlaMint-FR_2020-06-09-O1230.u698	Proceedings of the debates in plenary sitting of the Assemblée Nationale, sitting: 230, 09/06/2020	2020-06-09	Lower house	15e législature	session ordinaire 2019-2020 (CRSANR5L15S2020O1N230)	-	230. séance	-	COVID	English	Regular	notMP	notMinister	LAREM	La République en Marche	Coalition	Centre	PA720754	Studer, Bruno	M	1978	
ParlaMint-FR-en_2020-06-09-O1230	ParlaMint-FR_2020-06-09-O1230.u699	Proceedings of the debates in plenary sitting of the Assemblée Nationale, sitting: 230, 09/06/2020	2020-06-09	Lower house	15e législature	session ordinaire 2019-2020 (CRSANR5L15S2020O1N230)	-	230. séance	-	COVID	English	Regular	MP	notMinister	LR	Les Républicains	Opposition	Centre-right	PA721506	Kuster, Brigitte	F	1959	
ParlaMint-FR-en_2020-06-09-O1230	ParlaMint-FR_2020-06-09-O1230.u700	Proceedings of the debates in plenary sitting of the Assemblée Nationale, sitting: 230, 09/06/2020	2020-06-09	Lower house	15e législature	session ordinaire 2019-2020 (CRSANR5L15S2020O1N230)	-	230. séance	-	COVID	English	Regular	notMP	notMinister	-	-	-	-	PA718850	Cordier, Pierre	M	1972	
ParlaMint-FR-en_2020-06-09-O1230	ParlaMint-FR_2020-06-09-O1230.u701	Proceedings of the debates in plenary sitting of the Assemblée Nationale, sitting: 230, 09/06/2020	2020-06-09	Lower house	15e législature	session ordinaire 2019-2020 (CRSANR5L15S2020O1N230)	-	230. séance	-	COVID	English	Regular	MP	notMinister	LAREM	La République en Marche	Coalition	Centre	PA721824	Renson, Hugues	M	1978	
ParlaMint-FR-en_2020-06-09-O1230	ParlaMint-FR_2020-06-09-O1230.u702	Proceedings of the debates in plenary sitting of the Assemblée Nationale, sitting: 230, 09/06/2020	2020-06-09	Lower house	15e législature	session ordinaire 2019-2020 (CRSANR5L15S2020O1N230)	-	230. séance	-	COVID	English	Guest	notMP	notMinister	-	-	-	-	PA759834	Nuñez, Laurent	M	1964	
ParlaMint-FR-en_2020-06-09-O1230	ParlaMint-FR_2020-06-09-O1230.u703	Proceedings of the debates in plenary sitting of the Assemblée Nationale, sitting: 230, 09/06/2020	2020-06-09	Lower house	15e législature	session ordinaire 2019-2020 (CRSANR5L15S2020O1N230)	-	230. séance	-	COVID	English	Regular	MP	notMinister	LAREM	La République en Marche	Coalition	Centre	PA721824	Renson, Hugues	M	1978	
ParlaMint-FR-en_2020-06-09-O1230	ParlaMint-FR_2020-06-09-O1230.u704	Proceedings of the debates in plenary sitting of the Assemblée Nationale, sitting: 230, 09/06/2020	2020-06-09	Lower house	15e législature	session ordinaire 2019-2020 (CRSANR5L15S2020O1N230)	-	230. séance	-	COVID	English	Regular	MP	notMinister	LR	Les Républicains	Opposition	Centre-right	PA720630	Minot, Maxime	M	1987	
ParlaMint-FR-en_2020-06-09-O1230	ParlaMint-FR_2020-06-09-O1230.u705	Proceedings of the debates in plenary sitting of the Assemblée Nationale, sitting: 230, 09/06/2020	2020-06-09	Lower house	15e législature	session ordinaire 2019-2020 (CRSANR5L15S2020O1N230)	-	230. séance	-	COVID	English	Regular	MP	notMinister	LAREM	La République en Marche	Coalition	Centre	PA721824	Renson, Hugues	M	1978	
ParlaMint-FR-en_2020-06-09-O1230	ParlaMint-FR_2020-06-09-O1230.u706	Proceedings of the debates in plenary sitting of the Assemblée Nationale, sitting: 230, 09/06/2020	2020-06-09	Lower house	15e législature	session ordinaire 2019-2020 (CRSANR5L15S2020O1N230)	-	230. séance	-	COVID	English	Guest	notMP	notMinister	-	-	-	-	PA759834	Nuñez, Laurent	M	1964	
ParlaMint-FR-en_2020-06-09-O1230	ParlaMint-FR_2020-06-09-O1230.u707	Proceedings of the debates in plenary sitting of the Assemblée Nationale, sitting: 230, 09/06/2020	2020-06-09	Lower house	15e législature	session ordinaire 2019-2020 (CRSANR5L15S2020O1N230)	-	230. séance	-	COVID	English	Regular	notMP	notMinister	-	-	-	-	PA718850	Cordier, Pierre	M	1972	
ParlaMint-FR-en_2020-06-09-O1230	ParlaMint-FR_2020-06-09-O1230.u708	Proceedings of the debates in plenary sitting of the Assemblée Nationale, sitting: 230, 09/06/2020	2020-06-09	Lower house	15e législature	session ordinaire 2019-2020 (CRSANR5L15S2020O1N230)	-	230. séance	-	COVID	English	Guest	notMP	notMinister	-	-	-	-	PA759834	Nuñez, Laurent	M	1964	
ParlaMint-FR-en_2020-06-09-O1230	ParlaMint-FR_2020-06-09-O1230.u709	Proceedings of the debates in plenary sitting of the Assemblée Nationale, sitting: 230, 09/06/2020	2020-06-09	Lower house	15e législature	session ordinaire 2019-2020 (CRSANR5L15S2020O1N230)	-	230. séance	-	COVID	English	Regular	MP	notMinister	LR	Les Républicains	Opposition	Centre-right	PA720630	Minot, Maxime	M	1987	
ParlaMint-FR-en_2020-06-09-O1230	ParlaMint-FR_2020-06-09-O1230.u710	Proceedings of the debates in plenary sitting of the Assemblée Nationale, sitting: 230, 09/06/2020	2020-06-09	Lower house	15e législature	session ordinaire 2019-2020 (CRSANR5L15S2020O1N230)	-	230. séance	-	COVID	English	Regular	notMP	notMinister	-	-	-	-	PA718850	Cordier, Pierre	M	1972	
ParlaMint-FR-en_2020-06-09-O1230	ParlaMint-FR_2020-06-09-O1230.u711	Proceedings of the debates in plenary sitting of the Assemblée Nationale, sitting: 230, 09/06/2020	2020-06-09	Lower house	15e législature	session ordinaire 2019-2020 (CRSANR5L15S2020O1N230)	-	230. séance	-	COVID	English	Guest	notMP	notMinister	-	-	-	-	PA759834	Nuñez, Laurent	M	1964	
ParlaMint-FR-en_2020-06-09-O1230	ParlaMint-FR_2020-06-09-O1230.u712	Proceedings of the debates in plenary sitting of the Assemblée Nationale, sitting: 230, 09/06/2020	2020-06-09	Lower house	15e législature	session ordinaire 2019-2020 (CRSANR5L15S2020O1N230)	-	230. séance	-	COVID	English	Regular	MP	notMinister	LAREM	La République en Marche	Coalition	Centre	PA721824	Renson, Hugues	M	1978	
ParlaMint-FR-en_2020-06-09-O1230	ParlaMint-FR_2020-06-09-O1230.u713	Proceedings of the debates in plenary sitting of the Assemblée Nationale, sitting: 230, 09/06/2020	2020-06-09	Lower house	15e législature	session ordinaire 2019-2020 (CRSANR5L15S2020O1N230)	-	230. séance	-	COVID	English	Regular	notMP	notMinister	LR	Les Républicains	Opposition	Centre-right	PA721678	Reda, Robin	M	1991	
ParlaMint-FR-en_2020-06-09-O1230	ParlaMint-FR_2020-06-09-O1230.u714	Proceedings of the debates in plenary sitting of the Assemblée Nationale, sitting: 230, 09/06/2020	2020-06-09	Lower house	15e législature	session ordinaire 2019-2020 (CRSANR5L15S2020O1N230)	-	230. séance	-	COVID	English	Regular	MP	notMinister	LAREM	La République en Marche	Coalition	Centre	PA720492	Osson, Catherine	F	1974	
ParlaMint-FR-en_2020-06-09-O1230	ParlaMint-FR_2020-06-09-O1230.u715	Proceedings of the debates in plenary sitting of the Assemblée Nationale, sitting: 230, 09/06/2020	2020-06-09	Lower house	15e législature	session ordinaire 2019-2020 (CRSANR5L15S2020O1N230)	-	230. séance	-	COVID	English	Regular	notMP	notMinister	LAREM	La République en Marche	Coalition	Centre	PA721916	Pouzyreff, Natalia	F	1961	
ParlaMint-FR-en_2020-06-09-O1230	ParlaMint-FR_2020-06-09-O1230.u716	Proceedings of the debates in plenary sitting of the Assemblée Nationale, sitting: 230, 09/06/2020	2020-06-09	Lower house	15e législature	session ordinaire 2019-2020 (CRSANR5L15S2020O1N230)	-	230. séance	-	COVID	English	Regular	notMP	notMinister	LR	Les Républicains	Opposition	Centre-right	PA721678	Reda, Robin	M	1991	
ParlaMint-FR-en_2020-06-09-O1230	ParlaMint-FR_2020-06-09-O1230.u717	Proceedings of the debates in plenary sitting of the Assemblée Nationale, sitting: 230, 09/06/2020	2020-06-09	Lower house	15e législature	session ordinaire 2019-2020 (CRSANR5L15S2020O1N230)	-	230. séance	-	COVID	English	Regular	MP	notMinister	LAREM	La République en Marche	Coalition	Centre	PA721824	Renson, Hugues	M	1978	
ParlaMint-FR-en_2020-06-09-O1230	ParlaMint-FR_2020-06-09-O1230.u718	Proceedings of the debates in plenary sitting of the Assemblée Nationale, sitting: 230, 09/06/2020	2020-06-09	Lower house	15e législature	session ordinaire 2019-2020 (CRSANR5L15S2020O1N230)	-	230. séance	-	COVID	English	Guest	notMP	notMinister	-	-	-	-	PA759834	Nuñez, Laurent	M	1964	
ParlaMint-FR-en_2020-06-09-O1230	ParlaMint-FR_2020-06-09-O1230.u719	Proceedings of the debates in plenary sitting of the Assemblée Nationale, sitting: 230, 09/06/2020	2020-06-09	Lower house	15e législature	session ordinaire 2019-2020 (CRSANR5L15S2020O1N230)	-	230. séance	-	COVID	English	Regular	notMP	notMinister	-	-	-	-	PA718850	Cordier, Pierre	M	1972	
ParlaMint-FR-en_2020-06-09-O1230	ParlaMint-FR_2020-06-09-O1230.u720	Proceedings of the debates in plenary sitting of the Assemblée Nationale, sitting: 230, 09/06/2020	2020-06-09	Lower house	15e législature	session ordinaire 2019-2020 (CRSANR5L15S2020O1N230)	-	230. séance	-	COVID	English	Guest	notMP	notMinister	-	-	-	-	PA759834	Nuñez, Laurent	M	1964	
ParlaMint-FR-en_2020-06-09-O1230	ParlaMint-FR_2020-06-09-O1230.u721	Proceedings of the debates in plenary sitting of the Assemblée Nationale, sitting: 230, 09/06/2020	2020-06-09	Lower house	15e législature	session ordinaire 2019-2020 (CRSANR5L15S2020O1N230)	-	230. séance	-	COVID	English	Regular	MP	notMinister	LAREM	La République en Marche	Coalition	Centre	PA721824	Renson, Hugues	M	1978	
ParlaMint-FR-en_2020-06-09-O1230	ParlaMint-FR_2020-06-09-O1230.u722	Proceedings of the debates in plenary sitting of the Assemblée Nationale, sitting: 230, 09/06/2020	2020-06-09	Lower house	15e législature	session ordinaire 2019-2020 (CRSANR5L15S2020O1N230)	-	230. séance	-	COVID	English	Chairperson	MP	notMinister	LAREM	La République en Marche	Coalition	Centre	PA721824	Renson, Hugues	M	1978	
