Text_ID	ID	Title	Date	Body	Term	Session	Meeting	Sitting	Agenda	Subcorpus	Lang	Speaker_role	Speaker_MP	Speaker_minister	Speaker_party	Speaker_party_name	Party_status	Party_orientation	Speaker_ID	Speaker_name	Speaker_gender	Speaker_birth
ParlaMint-BA-en_2004-05-04-1	ParlaMint-BA_2004-05-04-1.u12134	Minutes of the Parliamentary Assembly of Bosnia and Herzegovina, Term 4, Session 35	2004-05-04	Unicameralism	4. mandat	-	Sjednica 35	2004-12-23	-	Reference	English	Chairperson	MP	notMinister	HDZ_BiH	Hrvatska demokratska zajednica Bosne i Hercegovine	Opposition	Centre-right	RagužMartin	Raguž, Martin	M	1958	
ParlaMint-BA-en_2004-05-04-1	ParlaMint-BA_2004-05-04-1.u12135	Minutes of the Parliamentary Assembly of Bosnia and Herzegovina, Term 4, Session 35	2004-05-04	Unicameralism	4. mandat	-	Sjednica 35	2004-12-23	-	Reference	English	Regular	notMP	notMinister	-	-	-	-	JovićIvoMiro	Jović, Ivo Miro	M	1950	
ParlaMint-BA-en_2004-05-04-1	ParlaMint-BA_2004-05-04-1.u12136	Minutes of the Parliamentary Assembly of Bosnia and Herzegovina, Term 4, Session 35	2004-05-04	Unicameralism	4. mandat	-	Sjednica 35	2004-12-23	-	Reference	English	Chairperson	MP	notMinister	HDZ_BiH	Hrvatska demokratska zajednica Bosne i Hercegovine	Opposition	Centre-right	RagužMartin	Raguž, Martin	M	1958	
ParlaMint-BA-en_2004-05-04-1	ParlaMint-BA_2004-05-04-1.u12137	Minutes of the Parliamentary Assembly of Bosnia and Herzegovina, Term 4, Session 35	2004-05-04	Unicameralism	4. mandat	-	Sjednica 35	2004-12-23	-	Reference	English	Regular	MP	notMinister	SDS	Srpska demokratska stranka	Opposition	Centre-right to right	NovakovićMomčilo	Novaković, Momčilo	M	1955	
ParlaMint-BA-en_2004-05-04-1	ParlaMint-BA_2004-05-04-1.u12138	Minutes of the Parliamentary Assembly of Bosnia and Herzegovina, Term 4, Session 35	2004-05-04	Unicameralism	4. mandat	-	Sjednica 35	2004-12-23	-	Reference	English	Chairperson	MP	notMinister	HDZ_BiH	Hrvatska demokratska zajednica Bosne i Hercegovine	Opposition	Centre-right	RagužMartin	Raguž, Martin	M	1958	
ParlaMint-BA-en_2004-05-04-1	ParlaMint-BA_2004-05-04-1.u12139	Minutes of the Parliamentary Assembly of Bosnia and Herzegovina, Term 4, Session 35	2004-05-04	Unicameralism	4. mandat	-	Sjednica 35	2004-12-23	-	Reference	English	Regular	MP	notMinister	HDZ_BiH	Hrvatska demokratska zajednica Bosne i Hercegovine	Opposition	Centre-right	ZorićVinko	Zorić, Vinko	M	1961	
ParlaMint-BA-en_2004-05-04-1	ParlaMint-BA_2004-05-04-1.u12140	Minutes of the Parliamentary Assembly of Bosnia and Herzegovina, Term 4, Session 35	2004-05-04	Unicameralism	4. mandat	-	Sjednica 35	2004-12-23	-	Reference	English	Chairperson	MP	notMinister	HDZ_BiH	Hrvatska demokratska zajednica Bosne i Hercegovine	Opposition	Centre-right	RagužMartin	Raguž, Martin	M	1958	
ParlaMint-BA-en_2004-05-04-1	ParlaMint-BA_2004-05-04-1.u12141	Minutes of the Parliamentary Assembly of Bosnia and Herzegovina, Term 4, Session 35	2004-05-04	Unicameralism	4. mandat	-	Sjednica 35	2004-12-23	-	Reference	English	Regular	MP	notMinister	PDP	Partija demokratskog progresa	Opposition	Centre to centre-right	KunićPetar	Kunić, Petar	M	1949	
ParlaMint-BA-en_2004-05-04-1	ParlaMint-BA_2004-05-04-1.u12142	Minutes of the Parliamentary Assembly of Bosnia and Herzegovina, Term 4, Session 35	2004-05-04	Unicameralism	4. mandat	-	Sjednica 35	2004-12-23	-	Reference	English	Chairperson	MP	notMinister	HDZ_BiH	Hrvatska demokratska zajednica Bosne i Hercegovine	Opposition	Centre-right	RagužMartin	Raguž, Martin	M	1958	
ParlaMint-BA-en_2004-05-04-1	ParlaMint-BA_2004-05-04-1.u12143	Minutes of the Parliamentary Assembly of Bosnia and Herzegovina, Term 4, Session 35	2004-05-04	Unicameralism	4. mandat	-	Sjednica 35	2004-12-23	-	Reference	English	Regular	MP	notMinister	SBiH	Stranka za Bosnu i Hercegovinu	Opposition	Centre	HuskićAdem	Huskić, Adem	M	1955	
ParlaMint-BA-en_2004-05-04-1	ParlaMint-BA_2004-05-04-1.u12144	Minutes of the Parliamentary Assembly of Bosnia and Herzegovina, Term 4, Session 35	2004-05-04	Unicameralism	4. mandat	-	Sjednica 35	2004-12-23	-	Reference	English	Chairperson	MP	notMinister	HDZ_BiH	Hrvatska demokratska zajednica Bosne i Hercegovine	Opposition	Centre-right	RagužMartin	Raguž, Martin	M	1958	
ParlaMint-BA-en_2004-05-04-1	ParlaMint-BA_2004-05-04-1.u12145	Minutes of the Parliamentary Assembly of Bosnia and Herzegovina, Term 4, Session 35	2004-05-04	Unicameralism	4. mandat	-	Sjednica 35	2004-12-23	-	Reference	English	Regular	MP	notMinister	SBiH	Stranka za Bosnu i Hercegovinu	Opposition	Centre	HadžiahmetovićAzra	Hadžiahmetović, Azra	F	1956	
ParlaMint-BA-en_2004-05-04-1	ParlaMint-BA_2004-05-04-1.u12146	Minutes of the Parliamentary Assembly of Bosnia and Herzegovina, Term 4, Session 35	2004-05-04	Unicameralism	4. mandat	-	Sjednica 35	2004-12-23	-	Reference	English	Chairperson	MP	notMinister	HDZ_BiH	Hrvatska demokratska zajednica Bosne i Hercegovine	Opposition	Centre-right	RagužMartin	Raguž, Martin	M	1958	
ParlaMint-BA-en_2004-05-04-1	ParlaMint-BA_2004-05-04-1.u12147	Minutes of the Parliamentary Assembly of Bosnia and Herzegovina, Term 4, Session 35	2004-05-04	Unicameralism	4. mandat	-	Sjednica 35	2004-12-23	-	Reference	English	Regular	MP	notMinister	SNSD	Savez nezavisnih socijaldemokrata	Opposition	Syncretic politics	ŽivkovićMilorad	Živković, Milorad	M	1963	
ParlaMint-BA-en_2004-05-04-1	ParlaMint-BA_2004-05-04-1.u12148	Minutes of the Parliamentary Assembly of Bosnia and Herzegovina, Term 4, Session 35	2004-05-04	Unicameralism	4. mandat	-	Sjednica 35	2004-12-23	-	Reference	English	Chairperson	MP	notMinister	HDZ_BiH	Hrvatska demokratska zajednica Bosne i Hercegovine	Opposition	Centre-right	RagužMartin	Raguž, Martin	M	1958	
ParlaMint-BA-en_2004-05-04-1	ParlaMint-BA_2004-05-04-1.u12149	Minutes of the Parliamentary Assembly of Bosnia and Herzegovina, Term 4, Session 35	2004-05-04	Unicameralism	4. mandat	-	Sjednica 35	2004-12-23	-	Reference	English	Regular	notMP	notMinister	-	-	-	-	HalilovićSefer	Halilović, Sefer	M	1952	
ParlaMint-BA-en_2004-05-04-1	ParlaMint-BA_2004-05-04-1.u12150	Minutes of the Parliamentary Assembly of Bosnia and Herzegovina, Term 4, Session 35	2004-05-04	Unicameralism	4. mandat	-	Sjednica 35	2004-12-23	-	Reference	English	Chairperson	MP	notMinister	HDZ_BiH	Hrvatska demokratska zajednica Bosne i Hercegovine	Opposition	Centre-right	RagužMartin	Raguž, Martin	M	1958	
ParlaMint-BA-en_2004-05-04-1	ParlaMint-BA_2004-05-04-1.u12151	Minutes of the Parliamentary Assembly of Bosnia and Herzegovina, Term 4, Session 35	2004-05-04	Unicameralism	4. mandat	-	Sjednica 35	2004-12-23	-	Reference	English	Regular	MP	notMinister	SDA	Stranka demokratske akcije	Opposition	Centre-right to right	ĆemanMirsad	Ćeman, Mirsad	M	1955	
ParlaMint-BA-en_2004-05-04-1	ParlaMint-BA_2004-05-04-1.u12152	Minutes of the Parliamentary Assembly of Bosnia and Herzegovina, Term 4, Session 35	2004-05-04	Unicameralism	4. mandat	-	Sjednica 35	2004-12-23	-	Reference	English	Chairperson	MP	notMinister	HDZ_BiH	Hrvatska demokratska zajednica Bosne i Hercegovine	Opposition	Centre-right	RagužMartin	Raguž, Martin	M	1958	
ParlaMint-BA-en_2004-05-04-1	ParlaMint-BA_2004-05-04-1.u12153	Minutes of the Parliamentary Assembly of Bosnia and Herzegovina, Term 4, Session 35	2004-05-04	Unicameralism	4. mandat	-	Sjednica 35	2004-12-23	-	Reference	English	Regular	notMP	notMinister	-	-	-	-	JovićIvoMiro	Jović, Ivo Miro	M	1950	
ParlaMint-BA-en_2004-05-04-1	ParlaMint-BA_2004-05-04-1.u12154	Minutes of the Parliamentary Assembly of Bosnia and Herzegovina, Term 4, Session 35	2004-05-04	Unicameralism	4. mandat	-	Sjednica 35	2004-12-23	-	Reference	English	Chairperson	MP	notMinister	HDZ_BiH	Hrvatska demokratska zajednica Bosne i Hercegovine	Opposition	Centre-right	RagužMartin	Raguž, Martin	M	1958	
ParlaMint-BA-en_2004-05-04-1	ParlaMint-BA_2004-05-04-1.u12155	Minutes of the Parliamentary Assembly of Bosnia and Herzegovina, Term 4, Session 35	2004-05-04	Unicameralism	4. mandat	-	Sjednica 35	2004-12-23	-	Reference	English	Regular	notMP	notMinister	-	-	-	-	PalavrćSeada	Palavrć, Seada	U	-	
ParlaMint-BA-en_2004-05-04-1	ParlaMint-BA_2004-05-04-1.u12156	Minutes of the Parliamentary Assembly of Bosnia and Herzegovina, Term 4, Session 35	2004-05-04	Unicameralism	4. mandat	-	Sjednica 35	2004-12-23	-	Reference	English	Chairperson	MP	notMinister	HDZ_BiH	Hrvatska demokratska zajednica Bosne i Hercegovine	Opposition	Centre-right	RagužMartin	Raguž, Martin	M	1958	
ParlaMint-BA-en_2004-05-04-1	ParlaMint-BA_2004-05-04-1.u12157	Minutes of the Parliamentary Assembly of Bosnia and Herzegovina, Term 4, Session 35	2004-05-04	Unicameralism	4. mandat	-	Sjednica 35	2004-12-23	-	Reference	English	Regular	MP	notMinister	SNSD	Savez nezavisnih socijaldemokrata	Opposition	Syncretic politics	ŠpirićNikola	Špirić, Nikola	M	1956	
ParlaMint-BA-en_2004-05-04-1	ParlaMint-BA_2004-05-04-1.u12158	Minutes of the Parliamentary Assembly of Bosnia and Herzegovina, Term 4, Session 35	2004-05-04	Unicameralism	4. mandat	-	Sjednica 35	2004-12-23	-	Reference	English	Chairperson	MP	notMinister	HDZ_BiH	Hrvatska demokratska zajednica Bosne i Hercegovine	Opposition	Centre-right	RagužMartin	Raguž, Martin	M	1958	
ParlaMint-BA-en_2004-05-04-1	ParlaMint-BA_2004-05-04-1.u12159	Minutes of the Parliamentary Assembly of Bosnia and Herzegovina, Term 4, Session 35	2004-05-04	Unicameralism	4. mandat	-	Sjednica 35	2004-12-23	-	Reference	English	Regular	notMP	notMinister	-	-	-	-	HalilovićSefer	Halilović, Sefer	M	1952	
ParlaMint-BA-en_2004-05-04-1	ParlaMint-BA_2004-05-04-1.u12160	Minutes of the Parliamentary Assembly of Bosnia and Herzegovina, Term 4, Session 35	2004-05-04	Unicameralism	4. mandat	-	Sjednica 35	2004-12-23	-	Reference	English	Chairperson	MP	notMinister	HDZ_BiH	Hrvatska demokratska zajednica Bosne i Hercegovine	Opposition	Centre-right	RagužMartin	Raguž, Martin	M	1958	
ParlaMint-BA-en_2004-05-04-1	ParlaMint-BA_2004-05-04-1.u12161	Minutes of the Parliamentary Assembly of Bosnia and Herzegovina, Term 4, Session 35	2004-05-04	Unicameralism	4. mandat	-	Sjednica 35	2004-12-23	-	Reference	English	Regular	notMP	notMinister	-	-	-	-	JovićIvoMiro	Jović, Ivo Miro	M	1950	
ParlaMint-BA-en_2004-05-04-1	ParlaMint-BA_2004-05-04-1.u12162	Minutes of the Parliamentary Assembly of Bosnia and Herzegovina, Term 4, Session 35	2004-05-04	Unicameralism	4. mandat	-	Sjednica 35	2004-12-23	-	Reference	English	Chairperson	MP	notMinister	HDZ_BiH	Hrvatska demokratska zajednica Bosne i Hercegovine	Opposition	Centre-right	RagužMartin	Raguž, Martin	M	1958	
ParlaMint-BA-en_2004-05-04-1	ParlaMint-BA_2004-05-04-1.u12163	Minutes of the Parliamentary Assembly of Bosnia and Herzegovina, Term 4, Session 35	2004-05-04	Unicameralism	4. mandat	-	Sjednica 35	2004-12-23	-	Reference	English	Regular	MP	notMinister	SDUBiH	Socijaldemokratska unija Bosne i Hercegovine	Opposition	Centre-left	AvdićSead	Avdić, Sead	M	1944	
ParlaMint-BA-en_2004-05-04-1	ParlaMint-BA_2004-05-04-1.u12164	Minutes of the Parliamentary Assembly of Bosnia and Herzegovina, Term 4, Session 35	2004-05-04	Unicameralism	4. mandat	-	Sjednica 35	2004-12-23	-	Reference	English	Chairperson	MP	notMinister	HDZ_BiH	Hrvatska demokratska zajednica Bosne i Hercegovine	Opposition	Centre-right	RagužMartin	Raguž, Martin	M	1958	
ParlaMint-BA-en_2004-05-04-1	ParlaMint-BA_2004-05-04-1.u12165	Minutes of the Parliamentary Assembly of Bosnia and Herzegovina, Term 4, Session 35	2004-05-04	Unicameralism	4. mandat	-	Sjednica 35	2004-12-23	-	Reference	English	Regular	MP	notMinister	HDZ_BiH	Hrvatska demokratska zajednica Bosne i Hercegovine	Opposition	Centre-right	ZorićVinko	Zorić, Vinko	M	1961	
ParlaMint-BA-en_2004-05-04-1	ParlaMint-BA_2004-05-04-1.u12166	Minutes of the Parliamentary Assembly of Bosnia and Herzegovina, Term 4, Session 35	2004-05-04	Unicameralism	4. mandat	-	Sjednica 35	2004-12-23	-	Reference	English	Chairperson	MP	notMinister	HDZ_BiH	Hrvatska demokratska zajednica Bosne i Hercegovine	Opposition	Centre-right	RagužMartin	Raguž, Martin	M	1958	
ParlaMint-BA-en_2004-05-04-1	ParlaMint-BA_2004-05-04-1.u12167	Minutes of the Parliamentary Assembly of Bosnia and Herzegovina, Term 4, Session 35	2004-05-04	Unicameralism	4. mandat	-	Sjednica 35	2004-12-23	-	Reference	English	Regular	MP	notMinister	SDUBiH	Socijaldemokratska unija Bosne i Hercegovine	Opposition	Centre-left	AvdićSead	Avdić, Sead	M	1944	
ParlaMint-BA-en_2004-05-04-1	ParlaMint-BA_2004-05-04-1.u12168	Minutes of the Parliamentary Assembly of Bosnia and Herzegovina, Term 4, Session 35	2004-05-04	Unicameralism	4. mandat	-	Sjednica 35	2004-12-23	-	Reference	English	Chairperson	MP	notMinister	HDZ_BiH	Hrvatska demokratska zajednica Bosne i Hercegovine	Opposition	Centre-right	RagužMartin	Raguž, Martin	M	1958	
ParlaMint-BA-en_2004-05-04-1	ParlaMint-BA_2004-05-04-1.u12169	Minutes of the Parliamentary Assembly of Bosnia and Herzegovina, Term 4, Session 35	2004-05-04	Unicameralism	4. mandat	-	Sjednica 35	2004-12-23	-	Reference	English	Regular	notMP	notMinister	-	-	-	-	JovićIvoMiro	Jović, Ivo Miro	M	1950	
ParlaMint-BA-en_2004-05-04-1	ParlaMint-BA_2004-05-04-1.u12170	Minutes of the Parliamentary Assembly of Bosnia and Herzegovina, Term 4, Session 35	2004-05-04	Unicameralism	4. mandat	-	Sjednica 35	2004-12-23	-	Reference	English	Chairperson	MP	notMinister	HDZ_BiH	Hrvatska demokratska zajednica Bosne i Hercegovine	Opposition	Centre-right	RagužMartin	Raguž, Martin	M	1958	
ParlaMint-BA-en_2004-05-04-1	ParlaMint-BA_2004-05-04-1.u12171	Minutes of the Parliamentary Assembly of Bosnia and Herzegovina, Term 4, Session 35	2004-05-04	Unicameralism	4. mandat	-	Sjednica 35	2004-12-23	-	Reference	English	Regular	MP	notMinister	SDUBiH	Socijaldemokratska unija Bosne i Hercegovine	Opposition	Centre-left	AvdićSead	Avdić, Sead	M	1944	
ParlaMint-BA-en_2004-05-04-1	ParlaMint-BA_2004-05-04-1.u12172	Minutes of the Parliamentary Assembly of Bosnia and Herzegovina, Term 4, Session 35	2004-05-04	Unicameralism	4. mandat	-	Sjednica 35	2004-12-23	-	Reference	English	Chairperson	MP	notMinister	HDZ_BiH	Hrvatska demokratska zajednica Bosne i Hercegovine	Opposition	Centre-right	RagužMartin	Raguž, Martin	M	1958	
ParlaMint-BA-en_2004-05-04-1	ParlaMint-BA_2004-05-04-1.u12173	Minutes of the Parliamentary Assembly of Bosnia and Herzegovina, Term 4, Session 35	2004-05-04	Unicameralism	4. mandat	-	Sjednica 35	2004-12-23	-	Reference	English	Regular	MP	notMinister	SPRS	Socijalistička partija	Opposition	Centre-left	GligorićTihomir	Gligorić, Tihomir	M	1955	
ParlaMint-BA-en_2004-05-04-1	ParlaMint-BA_2004-05-04-1.u12174	Minutes of the Parliamentary Assembly of Bosnia and Herzegovina, Term 4, Session 35	2004-05-04	Unicameralism	4. mandat	-	Sjednica 35	2004-12-23	-	Reference	English	Chairperson	MP	notMinister	HDZ_BiH	Hrvatska demokratska zajednica Bosne i Hercegovine	Opposition	Centre-right	RagužMartin	Raguž, Martin	M	1958	
ParlaMint-BA-en_2004-05-04-1	ParlaMint-BA_2004-05-04-1.u12175	Minutes of the Parliamentary Assembly of Bosnia and Herzegovina, Term 4, Session 35	2004-05-04	Unicameralism	4. mandat	-	Sjednica 35	2004-12-23	-	Reference	English	Regular	MP	notMinister	PDP	Partija demokratskog progresa	Opposition	Centre to centre-right	KunićPetar	Kunić, Petar	M	1949	
ParlaMint-BA-en_2004-05-04-1	ParlaMint-BA_2004-05-04-1.u12176	Minutes of the Parliamentary Assembly of Bosnia and Herzegovina, Term 4, Session 35	2004-05-04	Unicameralism	4. mandat	-	Sjednica 35	2004-12-23	-	Reference	English	Chairperson	MP	notMinister	HDZ_BiH	Hrvatska demokratska zajednica Bosne i Hercegovine	Opposition	Centre-right	RagužMartin	Raguž, Martin	M	1958	
ParlaMint-BA-en_2004-05-04-1	ParlaMint-BA_2004-05-04-1.u12177	Minutes of the Parliamentary Assembly of Bosnia and Herzegovina, Term 4, Session 35	2004-05-04	Unicameralism	4. mandat	-	Sjednica 35	2004-12-23	-	Reference	English	Regular	notMP	notMinister	-	-	-	-	JovićIvoMiro	Jović, Ivo Miro	M	1950	
ParlaMint-BA-en_2004-05-04-1	ParlaMint-BA_2004-05-04-1.u12178	Minutes of the Parliamentary Assembly of Bosnia and Herzegovina, Term 4, Session 35	2004-05-04	Unicameralism	4. mandat	-	Sjednica 35	2004-12-23	-	Reference	English	Chairperson	MP	notMinister	HDZ_BiH	Hrvatska demokratska zajednica Bosne i Hercegovine	Opposition	Centre-right	RagužMartin	Raguž, Martin	M	1958	
ParlaMint-BA-en_2004-05-04-1	ParlaMint-BA_2004-05-04-1.u12179	Minutes of the Parliamentary Assembly of Bosnia and Herzegovina, Term 4, Session 35	2004-05-04	Unicameralism	4. mandat	-	Sjednica 35	2004-12-23	-	Reference	English	Regular	MP	notMinister	SDS	Srpska demokratska stranka	Opposition	Centre-right to right	NovakovićMomčilo	Novaković, Momčilo	M	1955	
ParlaMint-BA-en_2004-05-04-1	ParlaMint-BA_2004-05-04-1.u12180	Minutes of the Parliamentary Assembly of Bosnia and Herzegovina, Term 4, Session 35	2004-05-04	Unicameralism	4. mandat	-	Sjednica 35	2004-12-23	-	Reference	English	Regular	MP	notMinister	SDA	Stranka demokratske akcije	Opposition	Centre-right to right	DžaferovićŠefik	Džaferović, Šefik	M	1957	
ParlaMint-BA-en_2004-05-04-1	ParlaMint-BA_2004-05-04-1.u12181	Minutes of the Parliamentary Assembly of Bosnia and Herzegovina, Term 4, Session 35	2004-05-04	Unicameralism	4. mandat	-	Sjednica 35	2004-12-23	-	Reference	English	Chairperson	MP	notMinister	HDZ_BiH	Hrvatska demokratska zajednica Bosne i Hercegovine	Opposition	Centre-right	RagužMartin	Raguž, Martin	M	1958	
ParlaMint-BA-en_2004-05-04-1	ParlaMint-BA_2004-05-04-1.u12182	Minutes of the Parliamentary Assembly of Bosnia and Herzegovina, Term 4, Session 35	2004-05-04	Unicameralism	4. mandat	-	Sjednica 35	2004-12-23	-	Reference	English	Regular	MP	notMinister	SDA	Stranka demokratske akcije	Opposition	Centre-right to right	DžaferovićŠefik	Džaferović, Šefik	M	1957	
ParlaMint-BA-en_2004-05-04-1	ParlaMint-BA_2004-05-04-1.u12183	Minutes of the Parliamentary Assembly of Bosnia and Herzegovina, Term 4, Session 35	2004-05-04	Unicameralism	4. mandat	-	Sjednica 35	2004-12-23	-	Reference	English	Regular	notMP	notMinister	-	-	-	-	PalavrćSeada	Palavrć, Seada	U	-	
ParlaMint-BA-en_2004-05-04-1	ParlaMint-BA_2004-05-04-1.u12184	Minutes of the Parliamentary Assembly of Bosnia and Herzegovina, Term 4, Session 35	2004-05-04	Unicameralism	4. mandat	-	Sjednica 35	2004-12-23	-	Reference	English	Chairperson	MP	notMinister	HDZ_BiH	Hrvatska demokratska zajednica Bosne i Hercegovine	Opposition	Centre-right	RagužMartin	Raguž, Martin	M	1958	
ParlaMint-BA-en_2004-05-04-1	ParlaMint-BA_2004-05-04-1.u12185	Minutes of the Parliamentary Assembly of Bosnia and Herzegovina, Term 4, Session 35	2004-05-04	Unicameralism	4. mandat	-	Sjednica 35	2004-12-23	-	Reference	English	Regular	notMP	notMinister	-	-	-	-	PalavrćSeada	Palavrć, Seada	U	-	
ParlaMint-BA-en_2004-05-04-1	ParlaMint-BA_2004-05-04-1.u12186	Minutes of the Parliamentary Assembly of Bosnia and Herzegovina, Term 4, Session 35	2004-05-04	Unicameralism	4. mandat	-	Sjednica 35	2004-12-23	-	Reference	English	Chairperson	MP	notMinister	HDZ_BiH	Hrvatska demokratska zajednica Bosne i Hercegovine	Opposition	Centre-right	RagužMartin	Raguž, Martin	M	1958	
ParlaMint-BA-en_2004-05-04-1	ParlaMint-BA_2004-05-04-1.u12187	Minutes of the Parliamentary Assembly of Bosnia and Herzegovina, Term 4, Session 35	2004-05-04	Unicameralism	4. mandat	-	Sjednica 35	2004-12-23	-	Reference	English	Regular	notMP	notMinister	-	-	-	-	PalavrćSeada	Palavrć, Seada	U	-	
ParlaMint-BA-en_2004-05-04-1	ParlaMint-BA_2004-05-04-1.u12188	Minutes of the Parliamentary Assembly of Bosnia and Herzegovina, Term 4, Session 35	2004-05-04	Unicameralism	4. mandat	-	Sjednica 35	2004-12-23	-	Reference	English	Chairperson	MP	notMinister	HDZ_BiH	Hrvatska demokratska zajednica Bosne i Hercegovine	Opposition	Centre-right	RagužMartin	Raguž, Martin	M	1958	
ParlaMint-BA-en_2004-05-04-1	ParlaMint-BA_2004-05-04-1.u12189	Minutes of the Parliamentary Assembly of Bosnia and Herzegovina, Term 4, Session 35	2004-05-04	Unicameralism	4. mandat	-	Sjednica 35	2004-12-23	-	Reference	English	Regular	MP	notMinister	SDP_BiH	Socijaldemokratska partija Bosne i Hercegovine	Opposition	Centre-left	LagumdžijaZlatko	Lagumdžija, Zlatko	M	1955	
ParlaMint-BA-en_2004-05-04-1	ParlaMint-BA_2004-05-04-1.u12190	Minutes of the Parliamentary Assembly of Bosnia and Herzegovina, Term 4, Session 35	2004-05-04	Unicameralism	4. mandat	-	Sjednica 35	2004-12-23	-	Reference	English	Chairperson	MP	notMinister	HDZ_BiH	Hrvatska demokratska zajednica Bosne i Hercegovine	Opposition	Centre-right	RagužMartin	Raguž, Martin	M	1958	
ParlaMint-BA-en_2004-05-04-1	ParlaMint-BA_2004-05-04-1.u12191	Minutes of the Parliamentary Assembly of Bosnia and Herzegovina, Term 4, Session 35	2004-05-04	Unicameralism	4. mandat	-	Sjednica 35	2004-12-23	-	Reference	English	Regular	MP	notMinister	SDP_BiH	Socijaldemokratska partija Bosne i Hercegovine	Opposition	Centre-left	LagumdžijaZlatko	Lagumdžija, Zlatko	M	1955	
ParlaMint-BA-en_2004-05-04-1	ParlaMint-BA_2004-05-04-1.u12192	Minutes of the Parliamentary Assembly of Bosnia and Herzegovina, Term 4, Session 35	2004-05-04	Unicameralism	4. mandat	-	Sjednica 35	2004-12-23	-	Reference	English	Regular	MP	notMinister	SDA	Stranka demokratske akcije	Opposition	Centre-right to right	DžaferovićŠefik	Džaferović, Šefik	M	1957	
ParlaMint-BA-en_2004-05-04-1	ParlaMint-BA_2004-05-04-1.u12193	Minutes of the Parliamentary Assembly of Bosnia and Herzegovina, Term 4, Session 35	2004-05-04	Unicameralism	4. mandat	-	Sjednica 35	2004-12-23	-	Reference	English	Chairperson	MP	notMinister	HDZ_BiH	Hrvatska demokratska zajednica Bosne i Hercegovine	Opposition	Centre-right	RagužMartin	Raguž, Martin	M	1958	
ParlaMint-BA-en_2004-05-04-1	ParlaMint-BA_2004-05-04-1.u12194	Minutes of the Parliamentary Assembly of Bosnia and Herzegovina, Term 4, Session 35	2004-05-04	Unicameralism	4. mandat	-	Sjednica 35	2004-12-23	-	Reference	English	Regular	MP	notMinister	SDA	Stranka demokratske akcije	Opposition	Centre-right to right	DžaferovićŠefik	Džaferović, Šefik	M	1957	
ParlaMint-BA-en_2004-05-04-1	ParlaMint-BA_2004-05-04-1.u12195	Minutes of the Parliamentary Assembly of Bosnia and Herzegovina, Term 4, Session 35	2004-05-04	Unicameralism	4. mandat	-	Sjednica 35	2004-12-23	-	Reference	English	Regular	MP	notMinister	SDP_BiH	Socijaldemokratska partija Bosne i Hercegovine	Opposition	Centre-left	LagumdžijaZlatko	Lagumdžija, Zlatko	M	1955	
ParlaMint-BA-en_2004-05-04-1	ParlaMint-BA_2004-05-04-1.u12196	Minutes of the Parliamentary Assembly of Bosnia and Herzegovina, Term 4, Session 35	2004-05-04	Unicameralism	4. mandat	-	Sjednica 35	2004-12-23	-	Reference	English	Regular	MP	notMinister	SDA	Stranka demokratske akcije	Opposition	Centre-right to right	DžaferovićŠefik	Džaferović, Šefik	M	1957	
ParlaMint-BA-en_2004-05-04-1	ParlaMint-BA_2004-05-04-1.u12197	Minutes of the Parliamentary Assembly of Bosnia and Herzegovina, Term 4, Session 35	2004-05-04	Unicameralism	4. mandat	-	Sjednica 35	2004-12-23	-	Reference	English	Chairperson	MP	notMinister	HDZ_BiH	Hrvatska demokratska zajednica Bosne i Hercegovine	Opposition	Centre-right	RagužMartin	Raguž, Martin	M	1958	
ParlaMint-BA-en_2004-05-04-1	ParlaMint-BA_2004-05-04-1.u12198	Minutes of the Parliamentary Assembly of Bosnia and Herzegovina, Term 4, Session 35	2004-05-04	Unicameralism	4. mandat	-	Sjednica 35	2004-12-23	-	Reference	English	Regular	MP	notMinister	SDA	Stranka demokratske akcije	Opposition	Centre-right to right	DžaferovićŠefik	Džaferović, Šefik	M	1957	
ParlaMint-BA-en_2004-05-04-1	ParlaMint-BA_2004-05-04-1.u12199	Minutes of the Parliamentary Assembly of Bosnia and Herzegovina, Term 4, Session 35	2004-05-04	Unicameralism	4. mandat	-	Sjednica 35	2004-12-23	-	Reference	English	Chairperson	MP	notMinister	HDZ_BiH	Hrvatska demokratska zajednica Bosne i Hercegovine	Opposition	Centre-right	RagužMartin	Raguž, Martin	M	1958	
ParlaMint-BA-en_2004-05-04-1	ParlaMint-BA_2004-05-04-1.u12200	Minutes of the Parliamentary Assembly of Bosnia and Herzegovina, Term 4, Session 35	2004-05-04	Unicameralism	4. mandat	-	Sjednica 35	2004-12-23	-	Reference	English	Regular	MP	notMinister	HDZ_BiH	Hrvatska demokratska zajednica Bosne i Hercegovine	Opposition	Centre-right	ZorićVinko	Zorić, Vinko	M	1961	
ParlaMint-BA-en_2004-05-04-1	ParlaMint-BA_2004-05-04-1.u12201	Minutes of the Parliamentary Assembly of Bosnia and Herzegovina, Term 4, Session 35	2004-05-04	Unicameralism	4. mandat	-	Sjednica 35	2004-12-23	-	Reference	English	Regular	MP	notMinister	SDP_BiH	Socijaldemokratska partija Bosne i Hercegovine	Opposition	Centre-left	LagumdžijaZlatko	Lagumdžija, Zlatko	M	1955	
ParlaMint-BA-en_2004-05-04-1	ParlaMint-BA_2004-05-04-1.u12202	Minutes of the Parliamentary Assembly of Bosnia and Herzegovina, Term 4, Session 35	2004-05-04	Unicameralism	4. mandat	-	Sjednica 35	2004-12-23	-	Reference	English	Chairperson	MP	notMinister	HDZ_BiH	Hrvatska demokratska zajednica Bosne i Hercegovine	Opposition	Centre-right	RagužMartin	Raguž, Martin	M	1958	
ParlaMint-BA-en_2004-05-04-1	ParlaMint-BA_2004-05-04-1.u12203	Minutes of the Parliamentary Assembly of Bosnia and Herzegovina, Term 4, Session 35	2004-05-04	Unicameralism	4. mandat	-	Sjednica 35	2004-12-23	-	Reference	English	Regular	notMP	notMinister	-	-	-	-	JovićIvoMiro	Jović, Ivo Miro	M	1950	
ParlaMint-BA-en_2004-05-04-1	ParlaMint-BA_2004-05-04-1.u12204	Minutes of the Parliamentary Assembly of Bosnia and Herzegovina, Term 4, Session 35	2004-05-04	Unicameralism	4. mandat	-	Sjednica 35	2004-12-23	-	Reference	English	Chairperson	MP	notMinister	HDZ_BiH	Hrvatska demokratska zajednica Bosne i Hercegovine	Opposition	Centre-right	RagužMartin	Raguž, Martin	M	1958	
ParlaMint-BA-en_2004-05-04-1	ParlaMint-BA_2004-05-04-1.u12205	Minutes of the Parliamentary Assembly of Bosnia and Herzegovina, Term 4, Session 35	2004-05-04	Unicameralism	4. mandat	-	Sjednica 35	2004-12-23	-	Reference	English	Regular	MP	notMinister	EB	Ekonomski blok	Opposition	-	PotočnikMladen	Potočnik, Mladen	M	1952	
ParlaMint-BA-en_2004-05-04-1	ParlaMint-BA_2004-05-04-1.u12206	Minutes of the Parliamentary Assembly of Bosnia and Herzegovina, Term 4, Session 35	2004-05-04	Unicameralism	4. mandat	-	Sjednica 35	2004-12-23	-	Reference	English	Chairperson	MP	notMinister	HDZ_BiH	Hrvatska demokratska zajednica Bosne i Hercegovine	Opposition	Centre-right	RagužMartin	Raguž, Martin	M	1958	
ParlaMint-BA-en_2004-05-04-1	ParlaMint-BA_2004-05-04-1.u12207	Minutes of the Parliamentary Assembly of Bosnia and Herzegovina, Term 4, Session 35	2004-05-04	Unicameralism	4. mandat	-	Sjednica 35	2004-12-23	-	Reference	English	Regular	MP	notMinister	SDP_BiH	Socijaldemokratska partija Bosne i Hercegovine	Opposition	Centre-left	BešlagićSelim	Bešlagić, Selim	M	1942	
ParlaMint-BA-en_2004-05-04-1	ParlaMint-BA_2004-05-04-1.u12208	Minutes of the Parliamentary Assembly of Bosnia and Herzegovina, Term 4, Session 35	2004-05-04	Unicameralism	4. mandat	-	Sjednica 35	2004-12-23	-	Reference	English	Chairperson	MP	notMinister	HDZ_BiH	Hrvatska demokratska zajednica Bosne i Hercegovine	Opposition	Centre-right	RagužMartin	Raguž, Martin	M	1958	
ParlaMint-BA-en_2004-05-04-1	ParlaMint-BA_2004-05-04-1.u12209	Minutes of the Parliamentary Assembly of Bosnia and Herzegovina, Term 4, Session 35	2004-05-04	Unicameralism	4. mandat	-	Sjednica 35	2004-12-23	-	Reference	English	Regular	MP	notMinister	SDP_BiH	Socijaldemokratska partija Bosne i Hercegovine	Opposition	Centre-left	KrižanovićJozo	Križanović, Jozo	M	1944	
ParlaMint-BA-en_2004-05-04-1	ParlaMint-BA_2004-05-04-1.u12210	Minutes of the Parliamentary Assembly of Bosnia and Herzegovina, Term 4, Session 35	2004-05-04	Unicameralism	4. mandat	-	Sjednica 35	2004-12-23	-	Reference	English	Chairperson	MP	notMinister	HDZ_BiH	Hrvatska demokratska zajednica Bosne i Hercegovine	Opposition	Centre-right	RagužMartin	Raguž, Martin	M	1958	
ParlaMint-BA-en_2004-05-04-1	ParlaMint-BA_2004-05-04-1.u12211	Minutes of the Parliamentary Assembly of Bosnia and Herzegovina, Term 4, Session 35	2004-05-04	Unicameralism	4. mandat	-	Sjednica 35	2004-12-23	-	Reference	English	Regular	MP	notMinister	HDZ_BiH	Hrvatska demokratska zajednica Bosne i Hercegovine	Opposition	Centre-right	ZorićVinko	Zorić, Vinko	M	1961	
ParlaMint-BA-en_2004-05-04-1	ParlaMint-BA_2004-05-04-1.u12212	Minutes of the Parliamentary Assembly of Bosnia and Herzegovina, Term 4, Session 35	2004-05-04	Unicameralism	4. mandat	-	Sjednica 35	2004-12-23	-	Reference	English	Chairperson	MP	notMinister	HDZ_BiH	Hrvatska demokratska zajednica Bosne i Hercegovine	Opposition	Centre-right	RagužMartin	Raguž, Martin	M	1958	
ParlaMint-BA-en_2004-05-04-1	ParlaMint-BA_2004-05-04-1.u12213	Minutes of the Parliamentary Assembly of Bosnia and Herzegovina, Term 4, Session 35	2004-05-04	Unicameralism	4. mandat	-	Sjednica 35	2004-12-23	-	Reference	English	Regular	MP	notMinister	SDP_BiH	Socijaldemokratska partija Bosne i Hercegovine	Opposition	Centre-left	BešlagićSelim	Bešlagić, Selim	M	1942	
ParlaMint-BA-en_2004-05-04-1	ParlaMint-BA_2004-05-04-1.u12214	Minutes of the Parliamentary Assembly of Bosnia and Herzegovina, Term 4, Session 35	2004-05-04	Unicameralism	4. mandat	-	Sjednica 35	2004-12-23	-	Reference	English	Chairperson	MP	notMinister	HDZ_BiH	Hrvatska demokratska zajednica Bosne i Hercegovine	Opposition	Centre-right	RagužMartin	Raguž, Martin	M	1958	
ParlaMint-BA-en_2004-05-04-1	ParlaMint-BA_2004-05-04-1.u12215	Minutes of the Parliamentary Assembly of Bosnia and Herzegovina, Term 4, Session 35	2004-05-04	Unicameralism	4. mandat	-	Sjednica 35	2004-12-23	-	Reference	English	Regular	MP	notMinister	SDA	Stranka demokratske akcije	Opposition	Centre-right to right	ĆemanMirsad	Ćeman, Mirsad	M	1955	
ParlaMint-BA-en_2004-05-04-1	ParlaMint-BA_2004-05-04-1.u12216	Minutes of the Parliamentary Assembly of Bosnia and Herzegovina, Term 4, Session 35	2004-05-04	Unicameralism	4. mandat	-	Sjednica 35	2004-12-23	-	Reference	English	Chairperson	MP	notMinister	HDZ_BiH	Hrvatska demokratska zajednica Bosne i Hercegovine	Opposition	Centre-right	RagužMartin	Raguž, Martin	M	1958	
ParlaMint-BA-en_2004-05-04-1	ParlaMint-BA_2004-05-04-1.u12217	Minutes of the Parliamentary Assembly of Bosnia and Herzegovina, Term 4, Session 35	2004-05-04	Unicameralism	4. mandat	-	Sjednica 35	2004-12-23	-	Reference	English	Regular	MP	notMinister	SDP_BiH	Socijaldemokratska partija Bosne i Hercegovine	Opposition	Centre-left	LagumdžijaZlatko	Lagumdžija, Zlatko	M	1955	
ParlaMint-BA-en_2004-05-04-1	ParlaMint-BA_2004-05-04-1.u12218	Minutes of the Parliamentary Assembly of Bosnia and Herzegovina, Term 4, Session 35	2004-05-04	Unicameralism	4. mandat	-	Sjednica 35	2004-12-23	-	Reference	English	Chairperson	MP	notMinister	HDZ_BiH	Hrvatska demokratska zajednica Bosne i Hercegovine	Opposition	Centre-right	RagužMartin	Raguž, Martin	M	1958	
ParlaMint-BA-en_2004-05-04-1	ParlaMint-BA_2004-05-04-1.u12219	Minutes of the Parliamentary Assembly of Bosnia and Herzegovina, Term 4, Session 35	2004-05-04	Unicameralism	4. mandat	-	Sjednica 35	2004-12-23	-	Reference	English	Regular	MP	notMinister	SBiH	Stranka za Bosnu i Hercegovinu	Opposition	Centre	BelkićBeriz	Belkić, Beriz	M	1946	
ParlaMint-BA-en_2004-05-04-1	ParlaMint-BA_2004-05-04-1.u12220	Minutes of the Parliamentary Assembly of Bosnia and Herzegovina, Term 4, Session 35	2004-05-04	Unicameralism	4. mandat	-	Sjednica 35	2004-12-23	-	Reference	English	Chairperson	MP	notMinister	HDZ_BiH	Hrvatska demokratska zajednica Bosne i Hercegovine	Opposition	Centre-right	RagužMartin	Raguž, Martin	M	1958	
ParlaMint-BA-en_2004-05-04-1	ParlaMint-BA_2004-05-04-1.u12221	Minutes of the Parliamentary Assembly of Bosnia and Herzegovina, Term 4, Session 35	2004-05-04	Unicameralism	4. mandat	-	Sjednica 35	2004-12-23	-	Reference	English	Regular	MP	notMinister	SDP_BiH	Socijaldemokratska partija Bosne i Hercegovine	Opposition	Centre-left	LagumdžijaZlatko	Lagumdžija, Zlatko	M	1955	
ParlaMint-BA-en_2004-05-04-1	ParlaMint-BA_2004-05-04-1.u12222	Minutes of the Parliamentary Assembly of Bosnia and Herzegovina, Term 4, Session 35	2004-05-04	Unicameralism	4. mandat	-	Sjednica 35	2004-12-23	-	Reference	English	Chairperson	MP	notMinister	HDZ_BiH	Hrvatska demokratska zajednica Bosne i Hercegovine	Opposition	Centre-right	RagužMartin	Raguž, Martin	M	1958	
ParlaMint-BA-en_2004-05-04-1	ParlaMint-BA_2004-05-04-1.u12223	Minutes of the Parliamentary Assembly of Bosnia and Herzegovina, Term 4, Session 35	2004-05-04	Unicameralism	4. mandat	-	Sjednica 35	2004-12-23	-	Reference	English	Regular	MP	notMinister	BOSS	Bosanska stranka	Opposition	Left	MoranjkićMuhamed	Moranjkić, Muhamed	M	1945	
ParlaMint-BA-en_2004-05-04-1	ParlaMint-BA_2004-05-04-1.u12224	Minutes of the Parliamentary Assembly of Bosnia and Herzegovina, Term 4, Session 35	2004-05-04	Unicameralism	4. mandat	-	Sjednica 35	2004-12-23	-	Reference	English	Chairperson	MP	notMinister	HDZ_BiH	Hrvatska demokratska zajednica Bosne i Hercegovine	Opposition	Centre-right	RagužMartin	Raguž, Martin	M	1958	
ParlaMint-BA-en_2004-05-04-1	ParlaMint-BA_2004-05-04-1.u12225	Minutes of the Parliamentary Assembly of Bosnia and Herzegovina, Term 4, Session 35	2004-05-04	Unicameralism	4. mandat	-	Sjednica 35	2004-12-23	-	Reference	English	Regular	MP	notMinister	SBiH	Stranka za Bosnu i Hercegovinu	Opposition	Centre	HadžiahmetovićAzra	Hadžiahmetović, Azra	F	1956	
ParlaMint-BA-en_2004-05-04-1	ParlaMint-BA_2004-05-04-1.u12226	Minutes of the Parliamentary Assembly of Bosnia and Herzegovina, Term 4, Session 35	2004-05-04	Unicameralism	4. mandat	-	Sjednica 35	2004-12-23	-	Reference	English	Chairperson	MP	notMinister	HDZ_BiH	Hrvatska demokratska zajednica Bosne i Hercegovine	Opposition	Centre-right	RagužMartin	Raguž, Martin	M	1958	
ParlaMint-BA-en_2004-05-04-1	ParlaMint-BA_2004-05-04-1.u12227	Minutes of the Parliamentary Assembly of Bosnia and Herzegovina, Term 4, Session 35	2004-05-04	Unicameralism	4. mandat	-	Sjednica 35	2004-12-23	-	Reference	English	Regular	MP	notMinister	SDP_BiH	Socijaldemokratska partija Bosne i Hercegovine	Opposition	Centre-left	LagumdžijaZlatko	Lagumdžija, Zlatko	M	1955	
ParlaMint-BA-en_2004-05-04-1	ParlaMint-BA_2004-05-04-1.u12228	Minutes of the Parliamentary Assembly of Bosnia and Herzegovina, Term 4, Session 35	2004-05-04	Unicameralism	4. mandat	-	Sjednica 35	2004-12-23	-	Reference	English	Chairperson	MP	notMinister	HDZ_BiH	Hrvatska demokratska zajednica Bosne i Hercegovine	Opposition	Centre-right	RagužMartin	Raguž, Martin	M	1958	
ParlaMint-BA-en_2004-05-04-1	ParlaMint-BA_2004-05-04-1.u12229	Minutes of the Parliamentary Assembly of Bosnia and Herzegovina, Term 4, Session 35	2004-05-04	Unicameralism	4. mandat	-	Sjednica 35	2004-12-23	-	Reference	English	Regular	MP	notMinister	BOSS	Bosanska stranka	Opposition	Left	MoranjkićMuhamed	Moranjkić, Muhamed	M	1945	
ParlaMint-BA-en_2004-05-04-1	ParlaMint-BA_2004-05-04-1.u12230	Minutes of the Parliamentary Assembly of Bosnia and Herzegovina, Term 4, Session 35	2004-05-04	Unicameralism	4. mandat	-	Sjednica 35	2004-12-23	-	Reference	English	Chairperson	MP	notMinister	HDZ_BiH	Hrvatska demokratska zajednica Bosne i Hercegovine	Opposition	Centre-right	RagužMartin	Raguž, Martin	M	1958	
ParlaMint-BA-en_2004-05-04-1	ParlaMint-BA_2004-05-04-1.u12231	Minutes of the Parliamentary Assembly of Bosnia and Herzegovina, Term 4, Session 35	2004-05-04	Unicameralism	4. mandat	-	Sjednica 35	2004-12-23	-	Reference	English	Regular	notMP	notMinister	-	-	-	-	JovićIvoMiro	Jović, Ivo Miro	M	1950	
ParlaMint-BA-en_2004-05-04-1	ParlaMint-BA_2004-05-04-1.u12232	Minutes of the Parliamentary Assembly of Bosnia and Herzegovina, Term 4, Session 35	2004-05-04	Unicameralism	4. mandat	-	Sjednica 35	2004-12-23	-	Reference	English	Chairperson	MP	notMinister	HDZ_BiH	Hrvatska demokratska zajednica Bosne i Hercegovine	Opposition	Centre-right	RagužMartin	Raguž, Martin	M	1958	
ParlaMint-BA-en_2004-05-04-1	ParlaMint-BA_2004-05-04-1.u12233	Minutes of the Parliamentary Assembly of Bosnia and Herzegovina, Term 4, Session 35	2004-05-04	Unicameralism	4. mandat	-	Sjednica 35	2004-12-23	-	Reference	English	Regular	MP	notMinister	SDA	Stranka demokratske akcije	Opposition	Centre-right to right	DžaferovićŠefik	Džaferović, Šefik	M	1957	
ParlaMint-BA-en_2004-05-04-1	ParlaMint-BA_2004-05-04-1.u12234	Minutes of the Parliamentary Assembly of Bosnia and Herzegovina, Term 4, Session 35	2004-05-04	Unicameralism	4. mandat	-	Sjednica 35	2004-12-23	-	Reference	English	Regular	MP	notMinister	SBiH	Stranka za Bosnu i Hercegovinu	Opposition	Centre	HadžiahmetovićAzra	Hadžiahmetović, Azra	F	1956	
ParlaMint-BA-en_2004-05-04-1	ParlaMint-BA_2004-05-04-1.u12235	Minutes of the Parliamentary Assembly of Bosnia and Herzegovina, Term 4, Session 35	2004-05-04	Unicameralism	4. mandat	-	Sjednica 35	2004-12-23	-	Reference	English	Regular	MP	notMinister	SDA	Stranka demokratske akcije	Opposition	Centre-right to right	DžaferovićŠefik	Džaferović, Šefik	M	1957	
ParlaMint-BA-en_2004-05-04-1	ParlaMint-BA_2004-05-04-1.u12236	Minutes of the Parliamentary Assembly of Bosnia and Herzegovina, Term 4, Session 35	2004-05-04	Unicameralism	4. mandat	-	Sjednica 35	2004-12-23	-	Reference	English	Chairperson	MP	notMinister	HDZ_BiH	Hrvatska demokratska zajednica Bosne i Hercegovine	Opposition	Centre-right	RagužMartin	Raguž, Martin	M	1958	
ParlaMint-BA-en_2004-05-04-1	ParlaMint-BA_2004-05-04-1.u12237	Minutes of the Parliamentary Assembly of Bosnia and Herzegovina, Term 4, Session 35	2004-05-04	Unicameralism	4. mandat	-	Sjednica 35	2004-12-23	-	Reference	English	Regular	MP	notMinister	SDS	Srpska demokratska stranka	Opposition	Centre-right to right	NovakovićMomčilo	Novaković, Momčilo	M	1955	
ParlaMint-BA-en_2004-05-04-1	ParlaMint-BA_2004-05-04-1.u12238	Minutes of the Parliamentary Assembly of Bosnia and Herzegovina, Term 4, Session 35	2004-05-04	Unicameralism	4. mandat	-	Sjednica 35	2004-12-23	-	Reference	English	Chairperson	MP	notMinister	HDZ_BiH	Hrvatska demokratska zajednica Bosne i Hercegovine	Opposition	Centre-right	RagužMartin	Raguž, Martin	M	1958	
ParlaMint-BA-en_2004-05-04-1	ParlaMint-BA_2004-05-04-1.u12239	Minutes of the Parliamentary Assembly of Bosnia and Herzegovina, Term 4, Session 35	2004-05-04	Unicameralism	4. mandat	-	Sjednica 35	2004-12-23	-	Reference	English	Regular	MP	notMinister	SNSD	Savez nezavisnih socijaldemokrata	Opposition	Syncretic politics	ŠpirićNikola	Špirić, Nikola	M	1956	
ParlaMint-BA-en_2004-05-04-1	ParlaMint-BA_2004-05-04-1.u12240	Minutes of the Parliamentary Assembly of Bosnia and Herzegovina, Term 4, Session 35	2004-05-04	Unicameralism	4. mandat	-	Sjednica 35	2004-12-23	-	Reference	English	Chairperson	MP	notMinister	HDZ_BiH	Hrvatska demokratska zajednica Bosne i Hercegovine	Opposition	Centre-right	RagužMartin	Raguž, Martin	M	1958	
ParlaMint-BA-en_2004-05-04-1	ParlaMint-BA_2004-05-04-1.u12241	Minutes of the Parliamentary Assembly of Bosnia and Herzegovina, Term 4, Session 35	2004-05-04	Unicameralism	4. mandat	-	Sjednica 35	2004-12-23	-	Reference	English	Regular	MP	notMinister	PDP	Partija demokratskog progresa	Opposition	Centre to centre-right	KunićPetar	Kunić, Petar	M	1949	
ParlaMint-BA-en_2004-05-04-1	ParlaMint-BA_2004-05-04-1.u12242	Minutes of the Parliamentary Assembly of Bosnia and Herzegovina, Term 4, Session 35	2004-05-04	Unicameralism	4. mandat	-	Sjednica 35	2004-12-23	-	Reference	English	Chairperson	MP	notMinister	HDZ_BiH	Hrvatska demokratska zajednica Bosne i Hercegovine	Opposition	Centre-right	RagužMartin	Raguž, Martin	M	1958	
ParlaMint-BA-en_2004-05-04-1	ParlaMint-BA_2004-05-04-1.u12243	Minutes of the Parliamentary Assembly of Bosnia and Herzegovina, Term 4, Session 35	2004-05-04	Unicameralism	4. mandat	-	Sjednica 35	2004-12-23	-	Reference	English	Regular	MP	notMinister	SPRS	Socijalistička partija	Opposition	Centre-left	GligorićTihomir	Gligorić, Tihomir	M	1955	
ParlaMint-BA-en_2004-05-04-1	ParlaMint-BA_2004-05-04-1.u12244	Minutes of the Parliamentary Assembly of Bosnia and Herzegovina, Term 4, Session 35	2004-05-04	Unicameralism	4. mandat	-	Sjednica 35	2004-12-23	-	Reference	English	Chairperson	MP	notMinister	HDZ_BiH	Hrvatska demokratska zajednica Bosne i Hercegovine	Opposition	Centre-right	RagužMartin	Raguž, Martin	M	1958	
ParlaMint-BA-en_2004-05-04-1	ParlaMint-BA_2004-05-04-1.u12245	Minutes of the Parliamentary Assembly of Bosnia and Herzegovina, Term 4, Session 35	2004-05-04	Unicameralism	4. mandat	-	Sjednica 35	2004-12-23	-	Reference	English	Regular	MP	notMinister	SDA	Stranka demokratske akcije	Opposition	Centre-right to right	ĆemanMirsad	Ćeman, Mirsad	M	1955	
ParlaMint-BA-en_2004-05-04-1	ParlaMint-BA_2004-05-04-1.u12246	Minutes of the Parliamentary Assembly of Bosnia and Herzegovina, Term 4, Session 35	2004-05-04	Unicameralism	4. mandat	-	Sjednica 35	2004-12-23	-	Reference	English	Chairperson	MP	notMinister	HDZ_BiH	Hrvatska demokratska zajednica Bosne i Hercegovine	Opposition	Centre-right	RagužMartin	Raguž, Martin	M	1958	
ParlaMint-BA-en_2004-05-04-1	ParlaMint-BA_2004-05-04-1.u12247	Minutes of the Parliamentary Assembly of Bosnia and Herzegovina, Term 4, Session 35	2004-05-04	Unicameralism	4. mandat	-	Sjednica 35	2004-12-23	-	Reference	English	Regular	notMP	notMinister	-	-	-	-	JovićIvoMiro	Jović, Ivo Miro	M	1950	
ParlaMint-BA-en_2004-05-04-1	ParlaMint-BA_2004-05-04-1.u12248	Minutes of the Parliamentary Assembly of Bosnia and Herzegovina, Term 4, Session 35	2004-05-04	Unicameralism	4. mandat	-	Sjednica 35	2004-12-23	-	Reference	English	Chairperson	MP	notMinister	HDZ_BiH	Hrvatska demokratska zajednica Bosne i Hercegovine	Opposition	Centre-right	RagužMartin	Raguž, Martin	M	1958	
ParlaMint-BA-en_2004-05-04-1	ParlaMint-BA_2004-05-04-1.u12249	Minutes of the Parliamentary Assembly of Bosnia and Herzegovina, Term 4, Session 35	2004-05-04	Unicameralism	4. mandat	-	Sjednica 35	2004-12-23	-	Reference	English	Regular	MP	notMinister	SNSD	Savez nezavisnih socijaldemokrata	Opposition	Syncretic politics	ŠpirićNikola	Špirić, Nikola	M	1956	
ParlaMint-BA-en_2004-05-04-1	ParlaMint-BA_2004-05-04-1.u12250	Minutes of the Parliamentary Assembly of Bosnia and Herzegovina, Term 4, Session 35	2004-05-04	Unicameralism	4. mandat	-	Sjednica 35	2004-12-23	-	Reference	English	Chairperson	MP	notMinister	HDZ_BiH	Hrvatska demokratska zajednica Bosne i Hercegovine	Opposition	Centre-right	RagužMartin	Raguž, Martin	M	1958	
ParlaMint-BA-en_2004-05-04-1	ParlaMint-BA_2004-05-04-1.u12251	Minutes of the Parliamentary Assembly of Bosnia and Herzegovina, Term 4, Session 35	2004-05-04	Unicameralism	4. mandat	-	Sjednica 35	2004-12-23	-	Reference	English	Regular	MP	notMinister	HDZ_BiH	Hrvatska demokratska zajednica Bosne i Hercegovine	Opposition	Centre-right	ZorićVinko	Zorić, Vinko	M	1961	
ParlaMint-BA-en_2004-05-04-1	ParlaMint-BA_2004-05-04-1.u12252	Minutes of the Parliamentary Assembly of Bosnia and Herzegovina, Term 4, Session 35	2004-05-04	Unicameralism	4. mandat	-	Sjednica 35	2004-12-23	-	Reference	English	Chairperson	MP	notMinister	HDZ_BiH	Hrvatska demokratska zajednica Bosne i Hercegovine	Opposition	Centre-right	RagužMartin	Raguž, Martin	M	1958	
ParlaMint-BA-en_2004-05-04-1	ParlaMint-BA_2004-05-04-1.u12253	Minutes of the Parliamentary Assembly of Bosnia and Herzegovina, Term 4, Session 35	2004-05-04	Unicameralism	4. mandat	-	Sjednica 35	2004-12-23	-	Reference	English	Regular	notMP	notMinister	-	-	-	-	HalilovićSefer	Halilović, Sefer	M	1952	
ParlaMint-BA-en_2004-05-04-1	ParlaMint-BA_2004-05-04-1.u12254	Minutes of the Parliamentary Assembly of Bosnia and Herzegovina, Term 4, Session 35	2004-05-04	Unicameralism	4. mandat	-	Sjednica 35	2004-12-23	-	Reference	English	Chairperson	MP	notMinister	HDZ_BiH	Hrvatska demokratska zajednica Bosne i Hercegovine	Opposition	Centre-right	RagužMartin	Raguž, Martin	M	1958	
ParlaMint-BA-en_2004-05-04-1	ParlaMint-BA_2004-05-04-1.u12255	Minutes of the Parliamentary Assembly of Bosnia and Herzegovina, Term 4, Session 35	2004-05-04	Unicameralism	4. mandat	-	Sjednica 35	2004-12-23	-	Reference	English	Regular	MP	notMinister	SBiH	Stranka za Bosnu i Hercegovinu	Opposition	Centre	BelkićBeriz	Belkić, Beriz	M	1946	
ParlaMint-BA-en_2004-05-04-1	ParlaMint-BA_2004-05-04-1.u12256	Minutes of the Parliamentary Assembly of Bosnia and Herzegovina, Term 4, Session 35	2004-05-04	Unicameralism	4. mandat	-	Sjednica 35	2004-12-23	-	Reference	English	Chairperson	MP	notMinister	HDZ_BiH	Hrvatska demokratska zajednica Bosne i Hercegovine	Opposition	Centre-right	RagužMartin	Raguž, Martin	M	1958	
ParlaMint-BA-en_2004-05-04-1	ParlaMint-BA_2004-05-04-1.u12257	Minutes of the Parliamentary Assembly of Bosnia and Herzegovina, Term 4, Session 35	2004-05-04	Unicameralism	4. mandat	-	Sjednica 35	2004-12-23	-	Reference	English	Regular	MP	notMinister	SDP_BiH	Socijaldemokratska partija Bosne i Hercegovine	Opposition	Centre-left	LagumdžijaZlatko	Lagumdžija, Zlatko	M	1955	
ParlaMint-BA-en_2004-05-04-1	ParlaMint-BA_2004-05-04-1.u12258	Minutes of the Parliamentary Assembly of Bosnia and Herzegovina, Term 4, Session 35	2004-05-04	Unicameralism	4. mandat	-	Sjednica 35	2004-12-23	-	Reference	English	Chairperson	MP	notMinister	HDZ_BiH	Hrvatska demokratska zajednica Bosne i Hercegovine	Opposition	Centre-right	RagužMartin	Raguž, Martin	M	1958	
ParlaMint-BA-en_2004-05-04-1	ParlaMint-BA_2004-05-04-1.u12259	Minutes of the Parliamentary Assembly of Bosnia and Herzegovina, Term 4, Session 35	2004-05-04	Unicameralism	4. mandat	-	Sjednica 35	2004-12-23	-	Reference	English	Regular	MP	notMinister	SBiH	Stranka za Bosnu i Hercegovinu	Opposition	Centre	BelkićBeriz	Belkić, Beriz	M	1946	
ParlaMint-BA-en_2004-05-04-1	ParlaMint-BA_2004-05-04-1.u12260	Minutes of the Parliamentary Assembly of Bosnia and Herzegovina, Term 4, Session 35	2004-05-04	Unicameralism	4. mandat	-	Sjednica 35	2004-12-23	-	Reference	English	Chairperson	MP	notMinister	HDZ_BiH	Hrvatska demokratska zajednica Bosne i Hercegovine	Opposition	Centre-right	RagužMartin	Raguž, Martin	M	1958	
ParlaMint-BA-en_2004-05-04-1	ParlaMint-BA_2004-05-04-1.u12261	Minutes of the Parliamentary Assembly of Bosnia and Herzegovina, Term 4, Session 35	2004-05-04	Unicameralism	4. mandat	-	Sjednica 35	2004-12-23	-	Reference	English	Regular	MP	notMinister	SBiH	Stranka za Bosnu i Hercegovinu	Opposition	Centre	BelkićBeriz	Belkić, Beriz	M	1946	
ParlaMint-BA-en_2004-05-04-1	ParlaMint-BA_2004-05-04-1.u12262	Minutes of the Parliamentary Assembly of Bosnia and Herzegovina, Term 4, Session 35	2004-05-04	Unicameralism	4. mandat	-	Sjednica 35	2004-12-23	-	Reference	English	Chairperson	MP	notMinister	HDZ_BiH	Hrvatska demokratska zajednica Bosne i Hercegovine	Opposition	Centre-right	RagužMartin	Raguž, Martin	M	1958	
ParlaMint-BA-en_2004-05-04-1	ParlaMint-BA_2004-05-04-1.u12263	Minutes of the Parliamentary Assembly of Bosnia and Herzegovina, Term 4, Session 35	2004-05-04	Unicameralism	4. mandat	-	Sjednica 35	2004-12-23	-	Reference	English	Regular	MP	notMinister	SBiH	Stranka za Bosnu i Hercegovinu	Opposition	Centre	BelkićBeriz	Belkić, Beriz	M	1946	
ParlaMint-BA-en_2004-05-04-1	ParlaMint-BA_2004-05-04-1.u12264	Minutes of the Parliamentary Assembly of Bosnia and Herzegovina, Term 4, Session 35	2004-05-04	Unicameralism	4. mandat	-	Sjednica 35	2004-12-23	-	Reference	English	Chairperson	MP	notMinister	HDZ_BiH	Hrvatska demokratska zajednica Bosne i Hercegovine	Opposition	Centre-right	RagužMartin	Raguž, Martin	M	1958	
ParlaMint-BA-en_2004-05-04-1	ParlaMint-BA_2004-05-04-1.u12265	Minutes of the Parliamentary Assembly of Bosnia and Herzegovina, Term 4, Session 35	2004-05-04	Unicameralism	4. mandat	-	Sjednica 35	2004-12-23	-	Reference	English	Regular	MP	notMinister	SBiH	Stranka za Bosnu i Hercegovinu	Opposition	Centre	BelkićBeriz	Belkić, Beriz	M	1946	
ParlaMint-BA-en_2004-05-04-1	ParlaMint-BA_2004-05-04-1.u12266	Minutes of the Parliamentary Assembly of Bosnia and Herzegovina, Term 4, Session 35	2004-05-04	Unicameralism	4. mandat	-	Sjednica 35	2004-12-23	-	Reference	English	Chairperson	MP	notMinister	HDZ_BiH	Hrvatska demokratska zajednica Bosne i Hercegovine	Opposition	Centre-right	RagužMartin	Raguž, Martin	M	1958	
ParlaMint-BA-en_2004-05-04-1	ParlaMint-BA_2004-05-04-1.u12267	Minutes of the Parliamentary Assembly of Bosnia and Herzegovina, Term 4, Session 35	2004-05-04	Unicameralism	4. mandat	-	Sjednica 35	2004-12-23	-	Reference	English	Regular	MP	notMinister	SNSD	Savez nezavisnih socijaldemokrata	Opposition	Syncretic politics	ŠpirićNikola	Špirić, Nikola	M	1956	
ParlaMint-BA-en_2004-05-04-1	ParlaMint-BA_2004-05-04-1.u12268	Minutes of the Parliamentary Assembly of Bosnia and Herzegovina, Term 4, Session 35	2004-05-04	Unicameralism	4. mandat	-	Sjednica 35	2004-12-23	-	Reference	English	Chairperson	MP	notMinister	HDZ_BiH	Hrvatska demokratska zajednica Bosne i Hercegovine	Opposition	Centre-right	RagužMartin	Raguž, Martin	M	1958	
ParlaMint-BA-en_2004-05-04-1	ParlaMint-BA_2004-05-04-1.u12269	Minutes of the Parliamentary Assembly of Bosnia and Herzegovina, Term 4, Session 35	2004-05-04	Unicameralism	4. mandat	-	Sjednica 35	2004-12-23	-	Reference	English	Regular	MP	notMinister	HDZ_BiH	Hrvatska demokratska zajednica Bosne i Hercegovine	Opposition	Centre-right	ZorićVinko	Zorić, Vinko	M	1961	
ParlaMint-BA-en_2004-05-04-1	ParlaMint-BA_2004-05-04-1.u12270	Minutes of the Parliamentary Assembly of Bosnia and Herzegovina, Term 4, Session 35	2004-05-04	Unicameralism	4. mandat	-	Sjednica 35	2004-12-23	-	Reference	English	Chairperson	MP	notMinister	HDZ_BiH	Hrvatska demokratska zajednica Bosne i Hercegovine	Opposition	Centre-right	RagužMartin	Raguž, Martin	M	1958	
ParlaMint-BA-en_2004-05-04-1	ParlaMint-BA_2004-05-04-1.u12271	Minutes of the Parliamentary Assembly of Bosnia and Herzegovina, Term 4, Session 35	2004-05-04	Unicameralism	4. mandat	-	Sjednica 35	2004-12-23	-	Reference	English	Regular	MP	notMinister	HDZ_BiH	Hrvatska demokratska zajednica Bosne i Hercegovine	Opposition	Centre-right	ZorićVinko	Zorić, Vinko	M	1961	
ParlaMint-BA-en_2004-05-04-1	ParlaMint-BA_2004-05-04-1.u12272	Minutes of the Parliamentary Assembly of Bosnia and Herzegovina, Term 4, Session 35	2004-05-04	Unicameralism	4. mandat	-	Sjednica 35	2004-12-23	-	Reference	English	Regular	MP	notMinister	SDA	Stranka demokratske akcije	Opposition	Centre-right to right	DžaferovićŠefik	Džaferović, Šefik	M	1957	
ParlaMint-BA-en_2004-05-04-1	ParlaMint-BA_2004-05-04-1.u12273	Minutes of the Parliamentary Assembly of Bosnia and Herzegovina, Term 4, Session 35	2004-05-04	Unicameralism	4. mandat	-	Sjednica 35	2004-12-23	-	Reference	English	Regular	MP	notMinister	SDP_BiH	Socijaldemokratska partija Bosne i Hercegovine	Opposition	Centre-left	LagumdžijaZlatko	Lagumdžija, Zlatko	M	1955	
ParlaMint-BA-en_2004-05-04-1	ParlaMint-BA_2004-05-04-1.u12274	Minutes of the Parliamentary Assembly of Bosnia and Herzegovina, Term 4, Session 35	2004-05-04	Unicameralism	4. mandat	-	Sjednica 35	2004-12-23	-	Reference	English	Chairperson	MP	notMinister	HDZ_BiH	Hrvatska demokratska zajednica Bosne i Hercegovine	Opposition	Centre-right	RagužMartin	Raguž, Martin	M	1958	
ParlaMint-BA-en_2004-05-04-1	ParlaMint-BA_2004-05-04-1.u12275	Minutes of the Parliamentary Assembly of Bosnia and Herzegovina, Term 4, Session 35	2004-05-04	Unicameralism	4. mandat	-	Sjednica 35	2004-12-23	-	Reference	English	Regular	MP	notMinister	SBiH	Stranka za Bosnu i Hercegovinu	Opposition	Centre	BelkićBeriz	Belkić, Beriz	M	1946	
ParlaMint-BA-en_2004-05-04-1	ParlaMint-BA_2004-05-04-1.u12276	Minutes of the Parliamentary Assembly of Bosnia and Herzegovina, Term 4, Session 35	2004-05-04	Unicameralism	4. mandat	-	Sjednica 35	2004-12-23	-	Reference	English	Chairperson	MP	notMinister	HDZ_BiH	Hrvatska demokratska zajednica Bosne i Hercegovine	Opposition	Centre-right	RagužMartin	Raguž, Martin	M	1958	
ParlaMint-BA-en_2004-05-04-1	ParlaMint-BA_2004-05-04-1.u12277	Minutes of the Parliamentary Assembly of Bosnia and Herzegovina, Term 4, Session 35	2004-05-04	Unicameralism	4. mandat	-	Sjednica 35	2004-12-23	-	Reference	English	Regular	MP	notMinister	SBiH	Stranka za Bosnu i Hercegovinu	Opposition	Centre	BelkićBeriz	Belkić, Beriz	M	1946	
ParlaMint-BA-en_2004-05-04-1	ParlaMint-BA_2004-05-04-1.u12278	Minutes of the Parliamentary Assembly of Bosnia and Herzegovina, Term 4, Session 35	2004-05-04	Unicameralism	4. mandat	-	Sjednica 35	2004-12-23	-	Reference	English	Chairperson	MP	notMinister	HDZ_BiH	Hrvatska demokratska zajednica Bosne i Hercegovine	Opposition	Centre-right	RagužMartin	Raguž, Martin	M	1958	
ParlaMint-BA-en_2004-05-04-1	ParlaMint-BA_2004-05-04-1.u12279	Minutes of the Parliamentary Assembly of Bosnia and Herzegovina, Term 4, Session 35	2004-05-04	Unicameralism	4. mandat	-	Sjednica 35	2004-12-23	-	Reference	English	Regular	MP	notMinister	SBiH	Stranka za Bosnu i Hercegovinu	Opposition	Centre	BelkićBeriz	Belkić, Beriz	M	1946	
ParlaMint-BA-en_2004-05-04-1	ParlaMint-BA_2004-05-04-1.u12280	Minutes of the Parliamentary Assembly of Bosnia and Herzegovina, Term 4, Session 35	2004-05-04	Unicameralism	4. mandat	-	Sjednica 35	2004-12-23	-	Reference	English	Chairperson	MP	notMinister	HDZ_BiH	Hrvatska demokratska zajednica Bosne i Hercegovine	Opposition	Centre-right	RagužMartin	Raguž, Martin	M	1958	
ParlaMint-BA-en_2004-05-04-1	ParlaMint-BA_2004-05-04-1.u12281	Minutes of the Parliamentary Assembly of Bosnia and Herzegovina, Term 4, Session 35	2004-05-04	Unicameralism	4. mandat	-	Sjednica 35	2004-12-23	-	Reference	English	Regular	MP	notMinister	SBiH	Stranka za Bosnu i Hercegovinu	Opposition	Centre	BelkićBeriz	Belkić, Beriz	M	1946	
ParlaMint-BA-en_2004-05-04-1	ParlaMint-BA_2004-05-04-1.u12282	Minutes of the Parliamentary Assembly of Bosnia and Herzegovina, Term 4, Session 35	2004-05-04	Unicameralism	4. mandat	-	Sjednica 35	2004-12-23	-	Reference	English	Chairperson	MP	notMinister	HDZ_BiH	Hrvatska demokratska zajednica Bosne i Hercegovine	Opposition	Centre-right	RagužMartin	Raguž, Martin	M	1958	
ParlaMint-BA-en_2004-05-04-1	ParlaMint-BA_2004-05-04-1.u12283	Minutes of the Parliamentary Assembly of Bosnia and Herzegovina, Term 4, Session 35	2004-05-04	Unicameralism	4. mandat	-	Sjednica 35	2004-12-23	-	Reference	English	Regular	MP	notMinister	EB	Ekonomski blok	Opposition	-	PotočnikMladen	Potočnik, Mladen	M	1952	
ParlaMint-BA-en_2004-05-04-1	ParlaMint-BA_2004-05-04-1.u12284	Minutes of the Parliamentary Assembly of Bosnia and Herzegovina, Term 4, Session 35	2004-05-04	Unicameralism	4. mandat	-	Sjednica 35	2004-12-23	-	Reference	English	Chairperson	MP	notMinister	HDZ_BiH	Hrvatska demokratska zajednica Bosne i Hercegovine	Opposition	Centre-right	RagužMartin	Raguž, Martin	M	1958	
ParlaMint-BA-en_2004-05-04-1	ParlaMint-BA_2004-05-04-1.u12285	Minutes of the Parliamentary Assembly of Bosnia and Herzegovina, Term 4, Session 35	2004-05-04	Unicameralism	4. mandat	-	Sjednica 35	2004-12-23	-	Reference	English	Regular	notMP	notMinister	-	-	-	-	PalavrćSeada	Palavrć, Seada	U	-	
ParlaMint-BA-en_2004-05-04-1	ParlaMint-BA_2004-05-04-1.u12286	Minutes of the Parliamentary Assembly of Bosnia and Herzegovina, Term 4, Session 35	2004-05-04	Unicameralism	4. mandat	-	Sjednica 35	2004-12-23	-	Reference	English	Chairperson	MP	notMinister	HDZ_BiH	Hrvatska demokratska zajednica Bosne i Hercegovine	Opposition	Centre-right	RagužMartin	Raguž, Martin	M	1958	
ParlaMint-BA-en_2004-05-04-1	ParlaMint-BA_2004-05-04-1.u12287	Minutes of the Parliamentary Assembly of Bosnia and Herzegovina, Term 4, Session 35	2004-05-04	Unicameralism	4. mandat	-	Sjednica 35	2004-12-23	-	Reference	English	Regular	MP	notMinister	EB	Ekonomski blok	Opposition	-	PotočnikMladen	Potočnik, Mladen	M	1952	
ParlaMint-BA-en_2004-05-04-1	ParlaMint-BA_2004-05-04-1.u12288	Minutes of the Parliamentary Assembly of Bosnia and Herzegovina, Term 4, Session 35	2004-05-04	Unicameralism	4. mandat	-	Sjednica 35	2004-12-23	-	Reference	English	Chairperson	MP	notMinister	HDZ_BiH	Hrvatska demokratska zajednica Bosne i Hercegovine	Opposition	Centre-right	RagužMartin	Raguž, Martin	M	1958	
ParlaMint-BA-en_2004-05-04-1	ParlaMint-BA_2004-05-04-1.u12289	Minutes of the Parliamentary Assembly of Bosnia and Herzegovina, Term 4, Session 35	2004-05-04	Unicameralism	4. mandat	-	Sjednica 35	2004-12-23	-	Reference	English	Regular	MP	notMinister	EB	Ekonomski blok	Opposition	-	PotočnikMladen	Potočnik, Mladen	M	1952	
ParlaMint-BA-en_2004-05-04-1	ParlaMint-BA_2004-05-04-1.u12290	Minutes of the Parliamentary Assembly of Bosnia and Herzegovina, Term 4, Session 35	2004-05-04	Unicameralism	4. mandat	-	Sjednica 35	2004-12-23	-	Reference	English	Chairperson	MP	notMinister	HDZ_BiH	Hrvatska demokratska zajednica Bosne i Hercegovine	Opposition	Centre-right	RagužMartin	Raguž, Martin	M	1958	
ParlaMint-BA-en_2004-05-04-1	ParlaMint-BA_2004-05-04-1.u12291	Minutes of the Parliamentary Assembly of Bosnia and Herzegovina, Term 4, Session 35	2004-05-04	Unicameralism	4. mandat	-	Sjednica 35	2004-12-23	-	Reference	English	Regular	MP	notMinister	SDA	Stranka demokratske akcije	Opposition	Centre-right to right	DžaferovićŠefik	Džaferović, Šefik	M	1957	
ParlaMint-BA-en_2004-05-04-1	ParlaMint-BA_2004-05-04-1.u12292	Minutes of the Parliamentary Assembly of Bosnia and Herzegovina, Term 4, Session 35	2004-05-04	Unicameralism	4. mandat	-	Sjednica 35	2004-12-23	-	Reference	English	Chairperson	MP	notMinister	HDZ_BiH	Hrvatska demokratska zajednica Bosne i Hercegovine	Opposition	Centre-right	RagužMartin	Raguž, Martin	M	1958	
ParlaMint-BA-en_2004-05-04-1	ParlaMint-BA_2004-05-04-1.u12293	Minutes of the Parliamentary Assembly of Bosnia and Herzegovina, Term 4, Session 35	2004-05-04	Unicameralism	4. mandat	-	Sjednica 35	2004-12-23	-	Reference	English	Regular	notMP	notMinister	-	-	-	-	PalavrćSeada	Palavrć, Seada	U	-	
ParlaMint-BA-en_2004-05-04-1	ParlaMint-BA_2004-05-04-1.u12294	Minutes of the Parliamentary Assembly of Bosnia and Herzegovina, Term 4, Session 35	2004-05-04	Unicameralism	4. mandat	-	Sjednica 35	2004-12-23	-	Reference	English	Chairperson	MP	notMinister	HDZ_BiH	Hrvatska demokratska zajednica Bosne i Hercegovine	Opposition	Centre-right	RagužMartin	Raguž, Martin	M	1958	
ParlaMint-BA-en_2004-05-04-1	ParlaMint-BA_2004-05-04-1.u12295	Minutes of the Parliamentary Assembly of Bosnia and Herzegovina, Term 4, Session 35	2004-05-04	Unicameralism	4. mandat	-	Sjednica 35	2004-12-23	-	Reference	English	Regular	notMP	notMinister	-	-	-	-	HalilovićSefer	Halilović, Sefer	M	1952	
ParlaMint-BA-en_2004-05-04-1	ParlaMint-BA_2004-05-04-1.u12296	Minutes of the Parliamentary Assembly of Bosnia and Herzegovina, Term 4, Session 35	2004-05-04	Unicameralism	4. mandat	-	Sjednica 35	2004-12-23	-	Reference	English	Chairperson	MP	notMinister	HDZ_BiH	Hrvatska demokratska zajednica Bosne i Hercegovine	Opposition	Centre-right	RagužMartin	Raguž, Martin	M	1958	
ParlaMint-BA-en_2004-05-04-1	ParlaMint-BA_2004-05-04-1.u12297	Minutes of the Parliamentary Assembly of Bosnia and Herzegovina, Term 4, Session 35	2004-05-04	Unicameralism	4. mandat	-	Sjednica 35	2004-12-23	-	Reference	English	Regular	MP	notMinister	EB	Ekonomski blok	Opposition	-	PotočnikMladen	Potočnik, Mladen	M	1952	
ParlaMint-BA-en_2004-05-04-1	ParlaMint-BA_2004-05-04-1.u12298	Minutes of the Parliamentary Assembly of Bosnia and Herzegovina, Term 4, Session 35	2004-05-04	Unicameralism	4. mandat	-	Sjednica 35	2004-12-23	-	Reference	English	Chairperson	MP	notMinister	HDZ_BiH	Hrvatska demokratska zajednica Bosne i Hercegovine	Opposition	Centre-right	RagužMartin	Raguž, Martin	M	1958	
ParlaMint-BA-en_2004-05-04-1	ParlaMint-BA_2004-05-04-1.u12299	Minutes of the Parliamentary Assembly of Bosnia and Herzegovina, Term 4, Session 35	2004-05-04	Unicameralism	4. mandat	-	Sjednica 35	2004-12-23	-	Reference	English	Regular	MP	notMinister	SDP_BiH	Socijaldemokratska partija Bosne i Hercegovine	Opposition	Centre-left	LagumdžijaZlatko	Lagumdžija, Zlatko	M	1955	
ParlaMint-BA-en_2004-05-04-1	ParlaMint-BA_2004-05-04-1.u12300	Minutes of the Parliamentary Assembly of Bosnia and Herzegovina, Term 4, Session 35	2004-05-04	Unicameralism	4. mandat	-	Sjednica 35	2004-12-23	-	Reference	English	Chairperson	MP	notMinister	HDZ_BiH	Hrvatska demokratska zajednica Bosne i Hercegovine	Opposition	Centre-right	RagužMartin	Raguž, Martin	M	1958	
ParlaMint-BA-en_2004-05-04-1	ParlaMint-BA_2004-05-04-1.u12301	Minutes of the Parliamentary Assembly of Bosnia and Herzegovina, Term 4, Session 35	2004-05-04	Unicameralism	4. mandat	-	Sjednica 35	2004-12-23	-	Reference	English	Regular	MP	notMinister	SDP_BiH	Socijaldemokratska partija Bosne i Hercegovine	Opposition	Centre-left	LagumdžijaZlatko	Lagumdžija, Zlatko	M	1955	
ParlaMint-BA-en_2004-05-04-1	ParlaMint-BA_2004-05-04-1.u12302	Minutes of the Parliamentary Assembly of Bosnia and Herzegovina, Term 4, Session 35	2004-05-04	Unicameralism	4. mandat	-	Sjednica 35	2004-12-23	-	Reference	English	Chairperson	MP	notMinister	HDZ_BiH	Hrvatska demokratska zajednica Bosne i Hercegovine	Opposition	Centre-right	RagužMartin	Raguž, Martin	M	1958	
ParlaMint-BA-en_2004-05-04-1	ParlaMint-BA_2004-05-04-1.u12303	Minutes of the Parliamentary Assembly of Bosnia and Herzegovina, Term 4, Session 35	2004-05-04	Unicameralism	4. mandat	-	Sjednica 35	2004-12-23	-	Reference	English	Regular	MP	notMinister	SDP_BiH	Socijaldemokratska partija Bosne i Hercegovine	Opposition	Centre-left	LagumdžijaZlatko	Lagumdžija, Zlatko	M	1955	
ParlaMint-BA-en_2004-05-04-1	ParlaMint-BA_2004-05-04-1.u12304	Minutes of the Parliamentary Assembly of Bosnia and Herzegovina, Term 4, Session 35	2004-05-04	Unicameralism	4. mandat	-	Sjednica 35	2004-12-23	-	Reference	English	Chairperson	MP	notMinister	HDZ_BiH	Hrvatska demokratska zajednica Bosne i Hercegovine	Opposition	Centre-right	RagužMartin	Raguž, Martin	M	1958	
ParlaMint-BA-en_2004-05-04-1	ParlaMint-BA_2004-05-04-1.u12305	Minutes of the Parliamentary Assembly of Bosnia and Herzegovina, Term 4, Session 35	2004-05-04	Unicameralism	4. mandat	-	Sjednica 35	2004-12-23	-	Reference	English	Regular	MP	notMinister	SDP_BiH	Socijaldemokratska partija Bosne i Hercegovine	Opposition	Centre-left	LagumdžijaZlatko	Lagumdžija, Zlatko	M	1955	
ParlaMint-BA-en_2004-05-04-1	ParlaMint-BA_2004-05-04-1.u12306	Minutes of the Parliamentary Assembly of Bosnia and Herzegovina, Term 4, Session 35	2004-05-04	Unicameralism	4. mandat	-	Sjednica 35	2004-12-23	-	Reference	English	Chairperson	MP	notMinister	HDZ_BiH	Hrvatska demokratska zajednica Bosne i Hercegovine	Opposition	Centre-right	RagužMartin	Raguž, Martin	M	1958	
ParlaMint-BA-en_2004-05-04-1	ParlaMint-BA_2004-05-04-1.u12307	Minutes of the Parliamentary Assembly of Bosnia and Herzegovina, Term 4, Session 35	2004-05-04	Unicameralism	4. mandat	-	Sjednica 35	2004-12-23	-	Reference	English	Regular	MP	notMinister	SDA	Stranka demokratske akcije	Opposition	Centre-right to right	ĆemanMirsad	Ćeman, Mirsad	M	1955	
ParlaMint-BA-en_2004-05-04-1	ParlaMint-BA_2004-05-04-1.u12308	Minutes of the Parliamentary Assembly of Bosnia and Herzegovina, Term 4, Session 35	2004-05-04	Unicameralism	4. mandat	-	Sjednica 35	2004-12-23	-	Reference	English	Chairperson	MP	notMinister	HDZ_BiH	Hrvatska demokratska zajednica Bosne i Hercegovine	Opposition	Centre-right	RagužMartin	Raguž, Martin	M	1958	
ParlaMint-BA-en_2004-05-04-1	ParlaMint-BA_2004-05-04-1.u12309	Minutes of the Parliamentary Assembly of Bosnia and Herzegovina, Term 4, Session 35	2004-05-04	Unicameralism	4. mandat	-	Sjednica 35	2004-12-23	-	Reference	English	Regular	MP	notMinister	SDA	Stranka demokratske akcije	Opposition	Centre-right to right	ĆemanMirsad	Ćeman, Mirsad	M	1955	
ParlaMint-BA-en_2004-05-04-1	ParlaMint-BA_2004-05-04-1.u12310	Minutes of the Parliamentary Assembly of Bosnia and Herzegovina, Term 4, Session 35	2004-05-04	Unicameralism	4. mandat	-	Sjednica 35	2004-12-23	-	Reference	English	Chairperson	MP	notMinister	HDZ_BiH	Hrvatska demokratska zajednica Bosne i Hercegovine	Opposition	Centre-right	RagužMartin	Raguž, Martin	M	1958	
ParlaMint-BA-en_2004-05-04-1	ParlaMint-BA_2004-05-04-1.u12311	Minutes of the Parliamentary Assembly of Bosnia and Herzegovina, Term 4, Session 35	2004-05-04	Unicameralism	4. mandat	-	Sjednica 35	2004-12-23	-	Reference	English	Regular	MP	notMinister	HDZ_BiH	Hrvatska demokratska zajednica Bosne i Hercegovine	Opposition	Centre-right	ZorićVinko	Zorić, Vinko	M	1961	
ParlaMint-BA-en_2004-05-04-1	ParlaMint-BA_2004-05-04-1.u12312	Minutes of the Parliamentary Assembly of Bosnia and Herzegovina, Term 4, Session 35	2004-05-04	Unicameralism	4. mandat	-	Sjednica 35	2004-12-23	-	Reference	English	Chairperson	MP	notMinister	HDZ_BiH	Hrvatska demokratska zajednica Bosne i Hercegovine	Opposition	Centre-right	RagužMartin	Raguž, Martin	M	1958	
ParlaMint-BA-en_2004-05-04-1	ParlaMint-BA_2004-05-04-1.u12313	Minutes of the Parliamentary Assembly of Bosnia and Herzegovina, Term 4, Session 35	2004-05-04	Unicameralism	4. mandat	-	Sjednica 35	2004-12-23	-	Reference	English	Regular	MP	notMinister	SDA	Stranka demokratske akcije	Opposition	Centre-right to right	LehoFatima	Leho, Fatima	F	1946	
ParlaMint-BA-en_2004-05-04-1	ParlaMint-BA_2004-05-04-1.u12314	Minutes of the Parliamentary Assembly of Bosnia and Herzegovina, Term 4, Session 35	2004-05-04	Unicameralism	4. mandat	-	Sjednica 35	2004-12-23	-	Reference	English	Chairperson	MP	notMinister	HDZ_BiH	Hrvatska demokratska zajednica Bosne i Hercegovine	Opposition	Centre-right	RagužMartin	Raguž, Martin	M	1958	
ParlaMint-BA-en_2004-05-04-1	ParlaMint-BA_2004-05-04-1.u12315	Minutes of the Parliamentary Assembly of Bosnia and Herzegovina, Term 4, Session 35	2004-05-04	Unicameralism	4. mandat	-	Sjednica 35	2004-12-23	-	Reference	English	Regular	MP	notMinister	SDP_BiH	Socijaldemokratska partija Bosne i Hercegovine	Opposition	Centre-left	LagumdžijaZlatko	Lagumdžija, Zlatko	M	1955	
ParlaMint-BA-en_2004-05-04-1	ParlaMint-BA_2004-05-04-1.u12316	Minutes of the Parliamentary Assembly of Bosnia and Herzegovina, Term 4, Session 35	2004-05-04	Unicameralism	4. mandat	-	Sjednica 35	2004-12-23	-	Reference	English	Chairperson	MP	notMinister	HDZ_BiH	Hrvatska demokratska zajednica Bosne i Hercegovine	Opposition	Centre-right	RagužMartin	Raguž, Martin	M	1958	
ParlaMint-BA-en_2004-05-04-1	ParlaMint-BA_2004-05-04-1.u12317	Minutes of the Parliamentary Assembly of Bosnia and Herzegovina, Term 4, Session 35	2004-05-04	Unicameralism	4. mandat	-	Sjednica 35	2004-12-23	-	Reference	English	Regular	MP	notMinister	SDP_BiH	Socijaldemokratska partija Bosne i Hercegovine	Opposition	Centre-left	LagumdžijaZlatko	Lagumdžija, Zlatko	M	1955	
ParlaMint-BA-en_2004-05-04-1	ParlaMint-BA_2004-05-04-1.u12318	Minutes of the Parliamentary Assembly of Bosnia and Herzegovina, Term 4, Session 35	2004-05-04	Unicameralism	4. mandat	-	Sjednica 35	2004-12-23	-	Reference	English	Chairperson	MP	notMinister	HDZ_BiH	Hrvatska demokratska zajednica Bosne i Hercegovine	Opposition	Centre-right	RagužMartin	Raguž, Martin	M	1958	
ParlaMint-BA-en_2004-05-04-1	ParlaMint-BA_2004-05-04-1.u12319	Minutes of the Parliamentary Assembly of Bosnia and Herzegovina, Term 4, Session 35	2004-05-04	Unicameralism	4. mandat	-	Sjednica 35	2004-12-23	-	Reference	English	Regular	MP	notMinister	SDP_BiH	Socijaldemokratska partija Bosne i Hercegovine	Opposition	Centre-left	LagumdžijaZlatko	Lagumdžija, Zlatko	M	1955	
ParlaMint-BA-en_2004-05-04-1	ParlaMint-BA_2004-05-04-1.u12320	Minutes of the Parliamentary Assembly of Bosnia and Herzegovina, Term 4, Session 35	2004-05-04	Unicameralism	4. mandat	-	Sjednica 35	2004-12-23	-	Reference	English	Chairperson	MP	notMinister	HDZ_BiH	Hrvatska demokratska zajednica Bosne i Hercegovine	Opposition	Centre-right	RagužMartin	Raguž, Martin	M	1958	
ParlaMint-BA-en_2004-05-04-1	ParlaMint-BA_2004-05-04-1.u12321	Minutes of the Parliamentary Assembly of Bosnia and Herzegovina, Term 4, Session 35	2004-05-04	Unicameralism	4. mandat	-	Sjednica 35	2004-12-23	-	Reference	English	Regular	MP	notMinister	SDP_BiH	Socijaldemokratska partija Bosne i Hercegovine	Opposition	Centre-left	LagumdžijaZlatko	Lagumdžija, Zlatko	M	1955	
ParlaMint-BA-en_2004-05-04-1	ParlaMint-BA_2004-05-04-1.u12322	Minutes of the Parliamentary Assembly of Bosnia and Herzegovina, Term 4, Session 35	2004-05-04	Unicameralism	4. mandat	-	Sjednica 35	2004-12-23	-	Reference	English	Chairperson	MP	notMinister	HDZ_BiH	Hrvatska demokratska zajednica Bosne i Hercegovine	Opposition	Centre-right	RagužMartin	Raguž, Martin	M	1958	
ParlaMint-BA-en_2004-05-04-1	ParlaMint-BA_2004-05-04-1.u12323	Minutes of the Parliamentary Assembly of Bosnia and Herzegovina, Term 4, Session 35	2004-05-04	Unicameralism	4. mandat	-	Sjednica 35	2004-12-23	-	Reference	English	Regular	MP	notMinister	SDP_BiH	Socijaldemokratska partija Bosne i Hercegovine	Opposition	Centre-left	LagumdžijaZlatko	Lagumdžija, Zlatko	M	1955	
ParlaMint-BA-en_2004-05-04-1	ParlaMint-BA_2004-05-04-1.u12324	Minutes of the Parliamentary Assembly of Bosnia and Herzegovina, Term 4, Session 35	2004-05-04	Unicameralism	4. mandat	-	Sjednica 35	2004-12-23	-	Reference	English	Chairperson	MP	notMinister	HDZ_BiH	Hrvatska demokratska zajednica Bosne i Hercegovine	Opposition	Centre-right	RagužMartin	Raguž, Martin	M	1958	
ParlaMint-BA-en_2004-05-04-1	ParlaMint-BA_2004-05-04-1.u12325	Minutes of the Parliamentary Assembly of Bosnia and Herzegovina, Term 4, Session 35	2004-05-04	Unicameralism	4. mandat	-	Sjednica 35	2004-12-23	-	Reference	English	Regular	MP	notMinister	SDS	Srpska demokratska stranka	Opposition	Centre-right to right	MilićevićLjiljana	Milićević, Ljiljana	F	1961	
ParlaMint-BA-en_2004-05-04-1	ParlaMint-BA_2004-05-04-1.u12326	Minutes of the Parliamentary Assembly of Bosnia and Herzegovina, Term 4, Session 35	2004-05-04	Unicameralism	4. mandat	-	Sjednica 35	2004-12-23	-	Reference	English	Chairperson	MP	notMinister	HDZ_BiH	Hrvatska demokratska zajednica Bosne i Hercegovine	Opposition	Centre-right	RagužMartin	Raguž, Martin	M	1958	
ParlaMint-BA-en_2004-05-04-1	ParlaMint-BA_2004-05-04-1.u12327	Minutes of the Parliamentary Assembly of Bosnia and Herzegovina, Term 4, Session 35	2004-05-04	Unicameralism	4. mandat	-	Sjednica 35	2004-12-23	-	Reference	English	Regular	MP	notMinister	HDZ_BiH	Hrvatska demokratska zajednica Bosne i Hercegovine	Opposition	Centre-right	ZorićVinko	Zorić, Vinko	M	1961	
ParlaMint-BA-en_2004-05-04-1	ParlaMint-BA_2004-05-04-1.u12328	Minutes of the Parliamentary Assembly of Bosnia and Herzegovina, Term 4, Session 35	2004-05-04	Unicameralism	4. mandat	-	Sjednica 35	2004-12-23	-	Reference	English	Chairperson	MP	notMinister	HDZ_BiH	Hrvatska demokratska zajednica Bosne i Hercegovine	Opposition	Centre-right	RagužMartin	Raguž, Martin	M	1958	
ParlaMint-BA-en_2004-05-04-1	ParlaMint-BA_2004-05-04-1.u12329	Minutes of the Parliamentary Assembly of Bosnia and Herzegovina, Term 4, Session 35	2004-05-04	Unicameralism	4. mandat	-	Sjednica 35	2004-12-23	-	Reference	English	Regular	MP	notMinister	HDZ_BiH	Hrvatska demokratska zajednica Bosne i Hercegovine	Opposition	Centre-right	ZorićVinko	Zorić, Vinko	M	1961	
ParlaMint-BA-en_2004-05-04-1	ParlaMint-BA_2004-05-04-1.u12330	Minutes of the Parliamentary Assembly of Bosnia and Herzegovina, Term 4, Session 35	2004-05-04	Unicameralism	4. mandat	-	Sjednica 35	2004-12-23	-	Reference	English	Chairperson	MP	notMinister	HDZ_BiH	Hrvatska demokratska zajednica Bosne i Hercegovine	Opposition	Centre-right	RagužMartin	Raguž, Martin	M	1958	
ParlaMint-BA-en_2004-05-04-1	ParlaMint-BA_2004-05-04-1.u12331	Minutes of the Parliamentary Assembly of Bosnia and Herzegovina, Term 4, Session 35	2004-05-04	Unicameralism	4. mandat	-	Sjednica 35	2004-12-23	-	Reference	English	Regular	MP	notMinister	HDZ_BiH	Hrvatska demokratska zajednica Bosne i Hercegovine	Opposition	Centre-right	ZorićVinko	Zorić, Vinko	M	1961	
ParlaMint-BA-en_2004-05-04-1	ParlaMint-BA_2004-05-04-1.u12332	Minutes of the Parliamentary Assembly of Bosnia and Herzegovina, Term 4, Session 35	2004-05-04	Unicameralism	4. mandat	-	Sjednica 35	2004-12-23	-	Reference	English	Chairperson	MP	notMinister	HDZ_BiH	Hrvatska demokratska zajednica Bosne i Hercegovine	Opposition	Centre-right	RagužMartin	Raguž, Martin	M	1958	
ParlaMint-BA-en_2004-05-04-1	ParlaMint-BA_2004-05-04-1.u12333	Minutes of the Parliamentary Assembly of Bosnia and Herzegovina, Term 4, Session 35	2004-05-04	Unicameralism	4. mandat	-	Sjednica 35	2004-12-23	-	Reference	English	Regular	MP	notMinister	SDS	Srpska demokratska stranka	Opposition	Centre-right to right	NovakovićMomčilo	Novaković, Momčilo	M	1955	
ParlaMint-BA-en_2004-05-04-1	ParlaMint-BA_2004-05-04-1.u12334	Minutes of the Parliamentary Assembly of Bosnia and Herzegovina, Term 4, Session 35	2004-05-04	Unicameralism	4. mandat	-	Sjednica 35	2004-12-23	-	Reference	English	Chairperson	MP	notMinister	HDZ_BiH	Hrvatska demokratska zajednica Bosne i Hercegovine	Opposition	Centre-right	RagužMartin	Raguž, Martin	M	1958	
ParlaMint-BA-en_2004-05-04-1	ParlaMint-BA_2004-05-04-1.u12335	Minutes of the Parliamentary Assembly of Bosnia and Herzegovina, Term 4, Session 35	2004-05-04	Unicameralism	4. mandat	-	Sjednica 35	2004-12-23	-	Reference	English	Regular	MP	notMinister	SDP_BiH	Socijaldemokratska partija Bosne i Hercegovine	Opposition	Centre-left	BešlagićSelim	Bešlagić, Selim	M	1942	
ParlaMint-BA-en_2004-05-04-1	ParlaMint-BA_2004-05-04-1.u12336	Minutes of the Parliamentary Assembly of Bosnia and Herzegovina, Term 4, Session 35	2004-05-04	Unicameralism	4. mandat	-	Sjednica 35	2004-12-23	-	Reference	English	Chairperson	MP	notMinister	HDZ_BiH	Hrvatska demokratska zajednica Bosne i Hercegovine	Opposition	Centre-right	RagužMartin	Raguž, Martin	M	1958	
ParlaMint-BA-en_2004-05-04-1	ParlaMint-BA_2004-05-04-1.u12337	Minutes of the Parliamentary Assembly of Bosnia and Herzegovina, Term 4, Session 35	2004-05-04	Unicameralism	4. mandat	-	Sjednica 35	2004-12-23	-	Reference	English	Regular	MP	notMinister	HDZ_BiH	Hrvatska demokratska zajednica Bosne i Hercegovine	Opposition	Centre-right	ZorićVinko	Zorić, Vinko	M	1961	
ParlaMint-BA-en_2004-05-04-1	ParlaMint-BA_2004-05-04-1.u12338	Minutes of the Parliamentary Assembly of Bosnia and Herzegovina, Term 4, Session 35	2004-05-04	Unicameralism	4. mandat	-	Sjednica 35	2004-12-23	-	Reference	English	Chairperson	MP	notMinister	HDZ_BiH	Hrvatska demokratska zajednica Bosne i Hercegovine	Opposition	Centre-right	RagužMartin	Raguž, Martin	M	1958	
ParlaMint-BA-en_2004-05-04-1	ParlaMint-BA_2004-05-04-1.u12339	Minutes of the Parliamentary Assembly of Bosnia and Herzegovina, Term 4, Session 35	2004-05-04	Unicameralism	4. mandat	-	Sjednica 35	2004-12-23	-	Reference	English	Regular	notMP	notMinister	-	-	-	-	JovićIvoMiro	Jović, Ivo Miro	M	1950	
ParlaMint-BA-en_2004-05-04-1	ParlaMint-BA_2004-05-04-1.u12340	Minutes of the Parliamentary Assembly of Bosnia and Herzegovina, Term 4, Session 35	2004-05-04	Unicameralism	4. mandat	-	Sjednica 35	2004-12-23	-	Reference	English	Chairperson	MP	notMinister	HDZ_BiH	Hrvatska demokratska zajednica Bosne i Hercegovine	Opposition	Centre-right	RagužMartin	Raguž, Martin	M	1958	
ParlaMint-BA-en_2004-05-04-1	ParlaMint-BA_2004-05-04-1.u12341	Minutes of the Parliamentary Assembly of Bosnia and Herzegovina, Term 4, Session 35	2004-05-04	Unicameralism	4. mandat	-	Sjednica 35	2004-12-23	-	Reference	English	Regular	MP	notMinister	SDA	Stranka demokratske akcije	Opposition	Centre-right to right	ĆemanMirsad	Ćeman, Mirsad	M	1955	
ParlaMint-BA-en_2004-05-04-1	ParlaMint-BA_2004-05-04-1.u12342	Minutes of the Parliamentary Assembly of Bosnia and Herzegovina, Term 4, Session 35	2004-05-04	Unicameralism	4. mandat	-	Sjednica 35	2004-12-23	-	Reference	English	Chairperson	MP	notMinister	HDZ_BiH	Hrvatska demokratska zajednica Bosne i Hercegovine	Opposition	Centre-right	RagužMartin	Raguž, Martin	M	1958	
ParlaMint-BA-en_2004-05-04-1	ParlaMint-BA_2004-05-04-1.u12343	Minutes of the Parliamentary Assembly of Bosnia and Herzegovina, Term 4, Session 35	2004-05-04	Unicameralism	4. mandat	-	Sjednica 35	2004-12-23	-	Reference	English	Regular	MP	notMinister	EB	Ekonomski blok	Opposition	-	PotočnikMladen	Potočnik, Mladen	M	1952	
ParlaMint-BA-en_2004-05-04-1	ParlaMint-BA_2004-05-04-1.u12344	Minutes of the Parliamentary Assembly of Bosnia and Herzegovina, Term 4, Session 35	2004-05-04	Unicameralism	4. mandat	-	Sjednica 35	2004-12-23	-	Reference	English	Chairperson	MP	notMinister	HDZ_BiH	Hrvatska demokratska zajednica Bosne i Hercegovine	Opposition	Centre-right	RagužMartin	Raguž, Martin	M	1958	
ParlaMint-BA-en_2004-05-04-1	ParlaMint-BA_2004-05-04-1.u12345	Minutes of the Parliamentary Assembly of Bosnia and Herzegovina, Term 4, Session 35	2004-05-04	Unicameralism	4. mandat	-	Sjednica 35	2004-12-23	-	Reference	English	Regular	MP	notMinister	HDZ_BiH	Hrvatska demokratska zajednica Bosne i Hercegovine	Opposition	Centre-right	ZorićVinko	Zorić, Vinko	M	1961	
ParlaMint-BA-en_2004-05-04-1	ParlaMint-BA_2004-05-04-1.u12346	Minutes of the Parliamentary Assembly of Bosnia and Herzegovina, Term 4, Session 35	2004-05-04	Unicameralism	4. mandat	-	Sjednica 35	2004-12-23	-	Reference	English	Chairperson	MP	notMinister	HDZ_BiH	Hrvatska demokratska zajednica Bosne i Hercegovine	Opposition	Centre-right	RagužMartin	Raguž, Martin	M	1958	
ParlaMint-BA-en_2004-05-04-1	ParlaMint-BA_2004-05-04-1.u12347	Minutes of the Parliamentary Assembly of Bosnia and Herzegovina, Term 4, Session 35	2004-05-04	Unicameralism	4. mandat	-	Sjednica 35	2004-12-23	-	Reference	English	Regular	MP	notMinister	SDA	Stranka demokratske akcije	Opposition	Centre-right to right	DžaferovićŠefik	Džaferović, Šefik	M	1957	
ParlaMint-BA-en_2004-05-04-1	ParlaMint-BA_2004-05-04-1.u12348	Minutes of the Parliamentary Assembly of Bosnia and Herzegovina, Term 4, Session 35	2004-05-04	Unicameralism	4. mandat	-	Sjednica 35	2004-12-23	-	Reference	English	Regular	notMP	notMinister	-	-	-	-	DokoDragan	Doko, Dragan	U	-	
ParlaMint-BA-en_2004-05-04-1	ParlaMint-BA_2004-05-04-1.u12349	Minutes of the Parliamentary Assembly of Bosnia and Herzegovina, Term 4, Session 35	2004-05-04	Unicameralism	4. mandat	-	Sjednica 35	2004-12-23	-	Reference	English	Chairperson	MP	notMinister	HDZ_BiH	Hrvatska demokratska zajednica Bosne i Hercegovine	Opposition	Centre-right	RagužMartin	Raguž, Martin	M	1958	
ParlaMint-BA-en_2004-05-04-1	ParlaMint-BA_2004-05-04-1.u12350	Minutes of the Parliamentary Assembly of Bosnia and Herzegovina, Term 4, Session 35	2004-05-04	Unicameralism	4. mandat	-	Sjednica 35	2004-12-23	-	Reference	English	Regular	MP	notMinister	EB	Ekonomski blok	Opposition	-	PotočnikMladen	Potočnik, Mladen	M	1952	
ParlaMint-BA-en_2004-05-04-1	ParlaMint-BA_2004-05-04-1.u12351	Minutes of the Parliamentary Assembly of Bosnia and Herzegovina, Term 4, Session 35	2004-05-04	Unicameralism	4. mandat	-	Sjednica 35	2004-12-23	-	Reference	English	Chairperson	MP	notMinister	HDZ_BiH	Hrvatska demokratska zajednica Bosne i Hercegovine	Opposition	Centre-right	RagužMartin	Raguž, Martin	M	1958	
ParlaMint-BA-en_2004-05-04-1	ParlaMint-BA_2004-05-04-1.u12352	Minutes of the Parliamentary Assembly of Bosnia and Herzegovina, Term 4, Session 35	2004-05-04	Unicameralism	4. mandat	-	Sjednica 35	2004-12-23	-	Reference	English	Regular	MP	notMinister	SDP_BiH	Socijaldemokratska partija Bosne i Hercegovine	Opposition	Centre-left	LagumdžijaZlatko	Lagumdžija, Zlatko	M	1955	
ParlaMint-BA-en_2004-05-04-1	ParlaMint-BA_2004-05-04-1.u12353	Minutes of the Parliamentary Assembly of Bosnia and Herzegovina, Term 4, Session 35	2004-05-04	Unicameralism	4. mandat	-	Sjednica 35	2004-12-23	-	Reference	English	Chairperson	MP	notMinister	HDZ_BiH	Hrvatska demokratska zajednica Bosne i Hercegovine	Opposition	Centre-right	RagužMartin	Raguž, Martin	M	1958	
ParlaMint-BA-en_2004-05-04-1	ParlaMint-BA_2004-05-04-1.u12354	Minutes of the Parliamentary Assembly of Bosnia and Herzegovina, Term 4, Session 35	2004-05-04	Unicameralism	4. mandat	-	Sjednica 35	2004-12-23	-	Reference	English	Regular	MP	notMinister	SDS	Srpska demokratska stranka	Opposition	Centre-right to right	NovakovićMomčilo	Novaković, Momčilo	M	1955	
ParlaMint-BA-en_2004-05-04-1	ParlaMint-BA_2004-05-04-1.u12355	Minutes of the Parliamentary Assembly of Bosnia and Herzegovina, Term 4, Session 35	2004-05-04	Unicameralism	4. mandat	-	Sjednica 35	2004-12-23	-	Reference	English	Chairperson	MP	notMinister	HDZ_BiH	Hrvatska demokratska zajednica Bosne i Hercegovine	Opposition	Centre-right	RagužMartin	Raguž, Martin	M	1958	
ParlaMint-BA-en_2004-05-04-1	ParlaMint-BA_2004-05-04-1.u12356	Minutes of the Parliamentary Assembly of Bosnia and Herzegovina, Term 4, Session 35	2004-05-04	Unicameralism	4. mandat	-	Sjednica 35	2004-12-23	-	Reference	English	Regular	notMP	notMinister	-	-	-	-	DokoDragan	Doko, Dragan	U	-	
ParlaMint-BA-en_2004-05-04-1	ParlaMint-BA_2004-05-04-1.u12357	Minutes of the Parliamentary Assembly of Bosnia and Herzegovina, Term 4, Session 35	2004-05-04	Unicameralism	4. mandat	-	Sjednica 35	2004-12-23	-	Reference	English	Chairperson	MP	notMinister	HDZ_BiH	Hrvatska demokratska zajednica Bosne i Hercegovine	Opposition	Centre-right	RagužMartin	Raguž, Martin	M	1958	
ParlaMint-BA-en_2004-05-04-1	ParlaMint-BA_2004-05-04-1.u12358	Minutes of the Parliamentary Assembly of Bosnia and Herzegovina, Term 4, Session 35	2004-05-04	Unicameralism	4. mandat	-	Sjednica 35	2004-12-23	-	Reference	English	Regular	MP	notMinister	SDS	Srpska demokratska stranka	Opposition	Centre-right to right	NovakovićMomčilo	Novaković, Momčilo	M	1955	
ParlaMint-BA-en_2004-05-04-1	ParlaMint-BA_2004-05-04-1.u12359	Minutes of the Parliamentary Assembly of Bosnia and Herzegovina, Term 4, Session 35	2004-05-04	Unicameralism	4. mandat	-	Sjednica 35	2004-12-23	-	Reference	English	Chairperson	MP	notMinister	HDZ_BiH	Hrvatska demokratska zajednica Bosne i Hercegovine	Opposition	Centre-right	RagužMartin	Raguž, Martin	M	1958	
ParlaMint-BA-en_2004-05-04-1	ParlaMint-BA_2004-05-04-1.u12360	Minutes of the Parliamentary Assembly of Bosnia and Herzegovina, Term 4, Session 35	2004-05-04	Unicameralism	4. mandat	-	Sjednica 35	2004-12-23	-	Reference	English	Regular	MP	notMinister	EB	Ekonomski blok	Opposition	-	PotočnikMladen	Potočnik, Mladen	M	1952	
ParlaMint-BA-en_2004-05-04-1	ParlaMint-BA_2004-05-04-1.u12361	Minutes of the Parliamentary Assembly of Bosnia and Herzegovina, Term 4, Session 35	2004-05-04	Unicameralism	4. mandat	-	Sjednica 35	2004-12-23	-	Reference	English	Chairperson	MP	notMinister	HDZ_BiH	Hrvatska demokratska zajednica Bosne i Hercegovine	Opposition	Centre-right	RagužMartin	Raguž, Martin	M	1958	
ParlaMint-BA-en_2004-05-04-1	ParlaMint-BA_2004-05-04-1.u12362	Minutes of the Parliamentary Assembly of Bosnia and Herzegovina, Term 4, Session 35	2004-05-04	Unicameralism	4. mandat	-	Sjednica 35	2004-12-23	-	Reference	English	Regular	MP	notMinister	SDP_BiH	Socijaldemokratska partija Bosne i Hercegovine	Opposition	Centre-left	LagumdžijaZlatko	Lagumdžija, Zlatko	M	1955	
ParlaMint-BA-en_2004-05-04-1	ParlaMint-BA_2004-05-04-1.u12363	Minutes of the Parliamentary Assembly of Bosnia and Herzegovina, Term 4, Session 35	2004-05-04	Unicameralism	4. mandat	-	Sjednica 35	2004-12-23	-	Reference	English	Chairperson	MP	notMinister	HDZ_BiH	Hrvatska demokratska zajednica Bosne i Hercegovine	Opposition	Centre-right	RagužMartin	Raguž, Martin	M	1958	
ParlaMint-BA-en_2004-05-04-1	ParlaMint-BA_2004-05-04-1.u12364	Minutes of the Parliamentary Assembly of Bosnia and Herzegovina, Term 4, Session 35	2004-05-04	Unicameralism	4. mandat	-	Sjednica 35	2004-12-23	-	Reference	English	Regular	MP	notMinister	BOSS	Bosanska stranka	Opposition	Left	MoranjkićMuhamed	Moranjkić, Muhamed	M	1945	
ParlaMint-BA-en_2004-05-04-1	ParlaMint-BA_2004-05-04-1.u12365	Minutes of the Parliamentary Assembly of Bosnia and Herzegovina, Term 4, Session 35	2004-05-04	Unicameralism	4. mandat	-	Sjednica 35	2004-12-23	-	Reference	English	Chairperson	MP	notMinister	HDZ_BiH	Hrvatska demokratska zajednica Bosne i Hercegovine	Opposition	Centre-right	RagužMartin	Raguž, Martin	M	1958	
ParlaMint-BA-en_2004-05-04-1	ParlaMint-BA_2004-05-04-1.u12366	Minutes of the Parliamentary Assembly of Bosnia and Herzegovina, Term 4, Session 35	2004-05-04	Unicameralism	4. mandat	-	Sjednica 35	2004-12-23	-	Reference	English	Regular	MP	notMinister	SBiH	Stranka za Bosnu i Hercegovinu	Opposition	Centre	HadžiahmetovićAzra	Hadžiahmetović, Azra	F	1956	
ParlaMint-BA-en_2004-05-04-1	ParlaMint-BA_2004-05-04-1.u12367	Minutes of the Parliamentary Assembly of Bosnia and Herzegovina, Term 4, Session 35	2004-05-04	Unicameralism	4. mandat	-	Sjednica 35	2004-12-23	-	Reference	English	Chairperson	MP	notMinister	HDZ_BiH	Hrvatska demokratska zajednica Bosne i Hercegovine	Opposition	Centre-right	RagužMartin	Raguž, Martin	M	1958	
ParlaMint-BA-en_2004-05-04-1	ParlaMint-BA_2004-05-04-1.u12368	Minutes of the Parliamentary Assembly of Bosnia and Herzegovina, Term 4, Session 35	2004-05-04	Unicameralism	4. mandat	-	Sjednica 35	2004-12-23	-	Reference	English	Regular	notMP	notMinister	-	-	-	-	DokoDragan	Doko, Dragan	U	-	
ParlaMint-BA-en_2004-05-04-1	ParlaMint-BA_2004-05-04-1.u12369	Minutes of the Parliamentary Assembly of Bosnia and Herzegovina, Term 4, Session 35	2004-05-04	Unicameralism	4. mandat	-	Sjednica 35	2004-12-23	-	Reference	English	Chairperson	MP	notMinister	HDZ_BiH	Hrvatska demokratska zajednica Bosne i Hercegovine	Opposition	Centre-right	RagužMartin	Raguž, Martin	M	1958	
ParlaMint-BA-en_2004-05-04-1	ParlaMint-BA_2004-05-04-1.u12370	Minutes of the Parliamentary Assembly of Bosnia and Herzegovina, Term 4, Session 35	2004-05-04	Unicameralism	4. mandat	-	Sjednica 35	2004-12-23	-	Reference	English	Regular	MP	notMinister	SNSD	Savez nezavisnih socijaldemokrata	Opposition	Syncretic politics	ŠpirićNikola	Špirić, Nikola	M	1956	
ParlaMint-BA-en_2004-05-04-1	ParlaMint-BA_2004-05-04-1.u12371	Minutes of the Parliamentary Assembly of Bosnia and Herzegovina, Term 4, Session 35	2004-05-04	Unicameralism	4. mandat	-	Sjednica 35	2004-12-23	-	Reference	English	Regular	MP	notMinister	SDUBiH	Socijaldemokratska unija Bosne i Hercegovine	Opposition	Centre-left	AvdićSead	Avdić, Sead	M	1944	
ParlaMint-BA-en_2004-05-04-1	ParlaMint-BA_2004-05-04-1.u12372	Minutes of the Parliamentary Assembly of Bosnia and Herzegovina, Term 4, Session 35	2004-05-04	Unicameralism	4. mandat	-	Sjednica 35	2004-12-23	-	Reference	English	Chairperson	MP	notMinister	HDZ_BiH	Hrvatska demokratska zajednica Bosne i Hercegovine	Opposition	Centre-right	RagužMartin	Raguž, Martin	M	1958	
ParlaMint-BA-en_2004-05-04-1	ParlaMint-BA_2004-05-04-1.u12373	Minutes of the Parliamentary Assembly of Bosnia and Herzegovina, Term 4, Session 35	2004-05-04	Unicameralism	4. mandat	-	Sjednica 35	2004-12-23	-	Reference	English	Regular	MP	notMinister	SDP_BiH	Socijaldemokratska partija Bosne i Hercegovine	Opposition	Centre-left	BešlagićSelim	Bešlagić, Selim	M	1942	
ParlaMint-BA-en_2004-05-04-1	ParlaMint-BA_2004-05-04-1.u12374	Minutes of the Parliamentary Assembly of Bosnia and Herzegovina, Term 4, Session 35	2004-05-04	Unicameralism	4. mandat	-	Sjednica 35	2004-12-23	-	Reference	English	Chairperson	MP	notMinister	HDZ_BiH	Hrvatska demokratska zajednica Bosne i Hercegovine	Opposition	Centre-right	RagužMartin	Raguž, Martin	M	1958	
ParlaMint-BA-en_2004-05-04-1	ParlaMint-BA_2004-05-04-1.u12375	Minutes of the Parliamentary Assembly of Bosnia and Herzegovina, Term 4, Session 35	2004-05-04	Unicameralism	4. mandat	-	Sjednica 35	2004-12-23	-	Reference	English	Regular	MP	notMinister	SDA	Stranka demokratske akcije	Opposition	Centre-right to right	DžaferovićŠefik	Džaferović, Šefik	M	1957	
ParlaMint-BA-en_2004-05-04-1	ParlaMint-BA_2004-05-04-1.u12376	Minutes of the Parliamentary Assembly of Bosnia and Herzegovina, Term 4, Session 35	2004-05-04	Unicameralism	4. mandat	-	Sjednica 35	2004-12-23	-	Reference	English	Chairperson	MP	notMinister	HDZ_BiH	Hrvatska demokratska zajednica Bosne i Hercegovine	Opposition	Centre-right	RagužMartin	Raguž, Martin	M	1958	
ParlaMint-BA-en_2004-05-04-1	ParlaMint-BA_2004-05-04-1.u12377	Minutes of the Parliamentary Assembly of Bosnia and Herzegovina, Term 4, Session 35	2004-05-04	Unicameralism	4. mandat	-	Sjednica 35	2004-12-23	-	Reference	English	Regular	MP	notMinister	HDZ_BiH	Hrvatska demokratska zajednica Bosne i Hercegovine	Opposition	Centre-right	ZorićVinko	Zorić, Vinko	M	1961	
ParlaMint-BA-en_2004-05-04-1	ParlaMint-BA_2004-05-04-1.u12378	Minutes of the Parliamentary Assembly of Bosnia and Herzegovina, Term 4, Session 35	2004-05-04	Unicameralism	4. mandat	-	Sjednica 35	2004-12-23	-	Reference	English	Chairperson	MP	notMinister	HDZ_BiH	Hrvatska demokratska zajednica Bosne i Hercegovine	Opposition	Centre-right	RagužMartin	Raguž, Martin	M	1958	
ParlaMint-BA-en_2004-05-04-1	ParlaMint-BA_2004-05-04-1.u12379	Minutes of the Parliamentary Assembly of Bosnia and Herzegovina, Term 4, Session 35	2004-05-04	Unicameralism	4. mandat	-	Sjednica 35	2004-12-23	-	Reference	English	Regular	MP	notMinister	SDS	Srpska demokratska stranka	Opposition	Centre-right to right	MilićevićLjiljana	Milićević, Ljiljana	F	1961	
ParlaMint-BA-en_2004-05-04-1	ParlaMint-BA_2004-05-04-1.u12380	Minutes of the Parliamentary Assembly of Bosnia and Herzegovina, Term 4, Session 35	2004-05-04	Unicameralism	4. mandat	-	Sjednica 35	2004-12-23	-	Reference	English	Chairperson	MP	notMinister	HDZ_BiH	Hrvatska demokratska zajednica Bosne i Hercegovine	Opposition	Centre-right	RagužMartin	Raguž, Martin	M	1958	
ParlaMint-BA-en_2004-05-04-1	ParlaMint-BA_2004-05-04-1.u12381	Minutes of the Parliamentary Assembly of Bosnia and Herzegovina, Term 4, Session 35	2004-05-04	Unicameralism	4. mandat	-	Sjednica 35	2004-12-23	-	Reference	English	Regular	notMP	notMinister	-	-	-	-	PalavrćSeada	Palavrć, Seada	U	-	
ParlaMint-BA-en_2004-05-04-1	ParlaMint-BA_2004-05-04-1.u12382	Minutes of the Parliamentary Assembly of Bosnia and Herzegovina, Term 4, Session 35	2004-05-04	Unicameralism	4. mandat	-	Sjednica 35	2004-12-23	-	Reference	English	Chairperson	MP	notMinister	HDZ_BiH	Hrvatska demokratska zajednica Bosne i Hercegovine	Opposition	Centre-right	RagužMartin	Raguž, Martin	M	1958	
ParlaMint-BA-en_2004-05-04-1	ParlaMint-BA_2004-05-04-1.u12383	Minutes of the Parliamentary Assembly of Bosnia and Herzegovina, Term 4, Session 35	2004-05-04	Unicameralism	4. mandat	-	Sjednica 35	2004-12-23	-	Reference	English	Regular	MP	notMinister	SDS	Srpska demokratska stranka	Opposition	Centre-right to right	JovanovićMiloš	Jovanović, Miloš	M	1953	
ParlaMint-BA-en_2004-05-04-1	ParlaMint-BA_2004-05-04-1.u12384	Minutes of the Parliamentary Assembly of Bosnia and Herzegovina, Term 4, Session 35	2004-05-04	Unicameralism	4. mandat	-	Sjednica 35	2004-12-23	-	Reference	English	Chairperson	MP	notMinister	HDZ_BiH	Hrvatska demokratska zajednica Bosne i Hercegovine	Opposition	Centre-right	RagužMartin	Raguž, Martin	M	1958	
ParlaMint-BA-en_2004-05-04-1	ParlaMint-BA_2004-05-04-1.u12385	Minutes of the Parliamentary Assembly of Bosnia and Herzegovina, Term 4, Session 35	2004-05-04	Unicameralism	4. mandat	-	Sjednica 35	2004-12-23	-	Reference	English	Regular	MP	notMinister	SDA	Stranka demokratske akcije	Opposition	Centre-right to right	DžaferovićŠefik	Džaferović, Šefik	M	1957	
ParlaMint-BA-en_2004-05-04-1	ParlaMint-BA_2004-05-04-1.u12386	Minutes of the Parliamentary Assembly of Bosnia and Herzegovina, Term 4, Session 35	2004-05-04	Unicameralism	4. mandat	-	Sjednica 35	2004-12-23	-	Reference	English	Chairperson	MP	notMinister	HDZ_BiH	Hrvatska demokratska zajednica Bosne i Hercegovine	Opposition	Centre-right	RagužMartin	Raguž, Martin	M	1958	
ParlaMint-BA-en_2004-05-04-1	ParlaMint-BA_2004-05-04-1.u12387	Minutes of the Parliamentary Assembly of Bosnia and Herzegovina, Term 4, Session 35	2004-05-04	Unicameralism	4. mandat	-	Sjednica 35	2004-12-23	-	Reference	English	Regular	MP	notMinister	SDS	Srpska demokratska stranka	Opposition	Centre-right to right	NovakovićMomčilo	Novaković, Momčilo	M	1955	
ParlaMint-BA-en_2004-05-04-1	ParlaMint-BA_2004-05-04-1.u12388	Minutes of the Parliamentary Assembly of Bosnia and Herzegovina, Term 4, Session 35	2004-05-04	Unicameralism	4. mandat	-	Sjednica 35	2004-12-23	-	Reference	English	Regular	notMP	notMinister	-	-	-	-	TodorovićBranka	Todorović, Branka	U	-	
ParlaMint-BA-en_2004-05-04-1	ParlaMint-BA_2004-05-04-1.u12389	Minutes of the Parliamentary Assembly of Bosnia and Herzegovina, Term 4, Session 35	2004-05-04	Unicameralism	4. mandat	-	Sjednica 35	2004-12-23	-	Reference	English	Chairperson	MP	notMinister	HDZ_BiH	Hrvatska demokratska zajednica Bosne i Hercegovine	Opposition	Centre-right	RagužMartin	Raguž, Martin	M	1958	
ParlaMint-BA-en_2004-05-04-1	ParlaMint-BA_2004-05-04-1.u12390	Minutes of the Parliamentary Assembly of Bosnia and Herzegovina, Term 4, Session 35	2004-05-04	Unicameralism	4. mandat	-	Sjednica 35	2004-12-23	-	Reference	English	Regular	MP	notMinister	SDS	Srpska demokratska stranka	Opposition	Centre-right to right	NovakovićMomčilo	Novaković, Momčilo	M	1955	
ParlaMint-BA-en_2004-05-04-1	ParlaMint-BA_2004-05-04-1.u12391	Minutes of the Parliamentary Assembly of Bosnia and Herzegovina, Term 4, Session 35	2004-05-04	Unicameralism	4. mandat	-	Sjednica 35	2004-12-23	-	Reference	English	Chairperson	MP	notMinister	HDZ_BiH	Hrvatska demokratska zajednica Bosne i Hercegovine	Opposition	Centre-right	RagužMartin	Raguž, Martin	M	1958	
ParlaMint-BA-en_2004-05-04-1	ParlaMint-BA_2004-05-04-1.u12392	Minutes of the Parliamentary Assembly of Bosnia and Herzegovina, Term 4, Session 35	2004-05-04	Unicameralism	4. mandat	-	Sjednica 35	2004-12-23	-	Reference	English	Regular	MP	notMinister	SDS	Srpska demokratska stranka	Opposition	Centre-right to right	NovakovićMomčilo	Novaković, Momčilo	M	1955	
ParlaMint-BA-en_2004-05-04-1	ParlaMint-BA_2004-05-04-1.u12393	Minutes of the Parliamentary Assembly of Bosnia and Herzegovina, Term 4, Session 35	2004-05-04	Unicameralism	4. mandat	-	Sjednica 35	2004-12-23	-	Reference	English	Chairperson	MP	notMinister	HDZ_BiH	Hrvatska demokratska zajednica Bosne i Hercegovine	Opposition	Centre-right	RagužMartin	Raguž, Martin	M	1958	
ParlaMint-BA-en_2004-05-04-1	ParlaMint-BA_2004-05-04-1.u12394	Minutes of the Parliamentary Assembly of Bosnia and Herzegovina, Term 4, Session 35	2004-05-04	Unicameralism	4. mandat	-	Sjednica 35	2004-12-23	-	Reference	English	Regular	MP	notMinister	SDS	Srpska demokratska stranka	Opposition	Centre-right to right	NovakovićMomčilo	Novaković, Momčilo	M	1955	
ParlaMint-BA-en_2004-05-04-1	ParlaMint-BA_2004-05-04-1.u12395	Minutes of the Parliamentary Assembly of Bosnia and Herzegovina, Term 4, Session 35	2004-05-04	Unicameralism	4. mandat	-	Sjednica 35	2004-12-23	-	Reference	English	Regular	MP	notMinister	SDA	Stranka demokratske akcije	Opposition	Centre-right to right	DžaferovićŠefik	Džaferović, Šefik	M	1957	
ParlaMint-BA-en_2004-05-04-1	ParlaMint-BA_2004-05-04-1.u12396	Minutes of the Parliamentary Assembly of Bosnia and Herzegovina, Term 4, Session 35	2004-05-04	Unicameralism	4. mandat	-	Sjednica 35	2004-12-23	-	Reference	English	Regular	MP	notMinister	SDS	Srpska demokratska stranka	Opposition	Centre-right to right	NovakovićMomčilo	Novaković, Momčilo	M	1955	
ParlaMint-BA-en_2004-05-04-1	ParlaMint-BA_2004-05-04-1.u12397	Minutes of the Parliamentary Assembly of Bosnia and Herzegovina, Term 4, Session 35	2004-05-04	Unicameralism	4. mandat	-	Sjednica 35	2004-12-23	-	Reference	English	Regular	MP	notMinister	SDA	Stranka demokratske akcije	Opposition	Centre-right to right	DžaferovićŠefik	Džaferović, Šefik	M	1957	
ParlaMint-BA-en_2004-05-04-1	ParlaMint-BA_2004-05-04-1.u12398	Minutes of the Parliamentary Assembly of Bosnia and Herzegovina, Term 4, Session 35	2004-05-04	Unicameralism	4. mandat	-	Sjednica 35	2004-12-23	-	Reference	English	Chairperson	MP	notMinister	HDZ_BiH	Hrvatska demokratska zajednica Bosne i Hercegovine	Opposition	Centre-right	RagužMartin	Raguž, Martin	M	1958	
ParlaMint-BA-en_2004-05-04-1	ParlaMint-BA_2004-05-04-1.u12399	Minutes of the Parliamentary Assembly of Bosnia and Herzegovina, Term 4, Session 35	2004-05-04	Unicameralism	4. mandat	-	Sjednica 35	2004-12-23	-	Reference	English	Regular	MP	notMinister	SDA	Stranka demokratske akcije	Opposition	Centre-right to right	DžaferovićŠefik	Džaferović, Šefik	M	1957	
ParlaMint-BA-en_2004-05-04-1	ParlaMint-BA_2004-05-04-1.u12400	Minutes of the Parliamentary Assembly of Bosnia and Herzegovina, Term 4, Session 35	2004-05-04	Unicameralism	4. mandat	-	Sjednica 35	2004-12-23	-	Reference	English	Regular	MP	notMinister	SDS	Srpska demokratska stranka	Opposition	Centre-right to right	NovakovićMomčilo	Novaković, Momčilo	M	1955	
ParlaMint-BA-en_2004-05-04-1	ParlaMint-BA_2004-05-04-1.u12401	Minutes of the Parliamentary Assembly of Bosnia and Herzegovina, Term 4, Session 35	2004-05-04	Unicameralism	4. mandat	-	Sjednica 35	2004-12-23	-	Reference	English	Chairperson	MP	notMinister	HDZ_BiH	Hrvatska demokratska zajednica Bosne i Hercegovine	Opposition	Centre-right	RagužMartin	Raguž, Martin	M	1958	
ParlaMint-BA-en_2004-05-04-1	ParlaMint-BA_2004-05-04-1.u12402	Minutes of the Parliamentary Assembly of Bosnia and Herzegovina, Term 4, Session 35	2004-05-04	Unicameralism	4. mandat	-	Sjednica 35	2004-12-23	-	Reference	English	Regular	MP	notMinister	SDS	Srpska demokratska stranka	Opposition	Centre-right to right	NovakovićMomčilo	Novaković, Momčilo	M	1955	
ParlaMint-BA-en_2004-05-04-1	ParlaMint-BA_2004-05-04-1.u12403	Minutes of the Parliamentary Assembly of Bosnia and Herzegovina, Term 4, Session 35	2004-05-04	Unicameralism	4. mandat	-	Sjednica 35	2004-12-23	-	Reference	English	Chairperson	MP	notMinister	HDZ_BiH	Hrvatska demokratska zajednica Bosne i Hercegovine	Opposition	Centre-right	RagužMartin	Raguž, Martin	M	1958	
ParlaMint-BA-en_2004-05-04-1	ParlaMint-BA_2004-05-04-1.u12404	Minutes of the Parliamentary Assembly of Bosnia and Herzegovina, Term 4, Session 35	2004-05-04	Unicameralism	4. mandat	-	Sjednica 35	2004-12-23	-	Reference	English	Regular	MP	notMinister	SDS	Srpska demokratska stranka	Opposition	Centre-right to right	JovanovićMiloš	Jovanović, Miloš	M	1953	
ParlaMint-BA-en_2004-05-04-1	ParlaMint-BA_2004-05-04-1.u12405	Minutes of the Parliamentary Assembly of Bosnia and Herzegovina, Term 4, Session 35	2004-05-04	Unicameralism	4. mandat	-	Sjednica 35	2004-12-23	-	Reference	English	Chairperson	MP	notMinister	HDZ_BiH	Hrvatska demokratska zajednica Bosne i Hercegovine	Opposition	Centre-right	RagužMartin	Raguž, Martin	M	1958	
ParlaMint-BA-en_2004-05-04-1	ParlaMint-BA_2004-05-04-1.u12406	Minutes of the Parliamentary Assembly of Bosnia and Herzegovina, Term 4, Session 35	2004-05-04	Unicameralism	4. mandat	-	Sjednica 35	2004-12-23	-	Reference	English	Regular	MP	notMinister	HDZ_BiH	Hrvatska demokratska zajednica Bosne i Hercegovine	Opposition	Centre-right	ZorićVinko	Zorić, Vinko	M	1961	
ParlaMint-BA-en_2004-05-04-1	ParlaMint-BA_2004-05-04-1.u12407	Minutes of the Parliamentary Assembly of Bosnia and Herzegovina, Term 4, Session 35	2004-05-04	Unicameralism	4. mandat	-	Sjednica 35	2004-12-23	-	Reference	English	Chairperson	MP	notMinister	HDZ_BiH	Hrvatska demokratska zajednica Bosne i Hercegovine	Opposition	Centre-right	RagužMartin	Raguž, Martin	M	1958	
ParlaMint-BA-en_2004-05-04-1	ParlaMint-BA_2004-05-04-1.u12408	Minutes of the Parliamentary Assembly of Bosnia and Herzegovina, Term 4, Session 35	2004-05-04	Unicameralism	4. mandat	-	Sjednica 35	2004-12-23	-	Reference	English	Regular	MP	notMinister	SDS	Srpska demokratska stranka	Opposition	Centre-right to right	NovakovićMomčilo	Novaković, Momčilo	M	1955	
ParlaMint-BA-en_2004-05-04-1	ParlaMint-BA_2004-05-04-1.u12409	Minutes of the Parliamentary Assembly of Bosnia and Herzegovina, Term 4, Session 35	2004-05-04	Unicameralism	4. mandat	-	Sjednica 35	2004-12-23	-	Reference	English	Chairperson	MP	notMinister	HDZ_BiH	Hrvatska demokratska zajednica Bosne i Hercegovine	Opposition	Centre-right	RagužMartin	Raguž, Martin	M	1958	
ParlaMint-BA-en_2004-05-04-1	ParlaMint-BA_2004-05-04-1.u12410	Minutes of the Parliamentary Assembly of Bosnia and Herzegovina, Term 4, Session 35	2004-05-04	Unicameralism	4. mandat	-	Sjednica 35	2004-12-23	-	Reference	English	Regular	MP	notMinister	SDS	Srpska demokratska stranka	Opposition	Centre-right to right	NovakovićMomčilo	Novaković, Momčilo	M	1955	
ParlaMint-BA-en_2004-05-04-1	ParlaMint-BA_2004-05-04-1.u12411	Minutes of the Parliamentary Assembly of Bosnia and Herzegovina, Term 4, Session 35	2004-05-04	Unicameralism	4. mandat	-	Sjednica 35	2004-12-23	-	Reference	English	Chairperson	MP	notMinister	HDZ_BiH	Hrvatska demokratska zajednica Bosne i Hercegovine	Opposition	Centre-right	RagužMartin	Raguž, Martin	M	1958	
ParlaMint-BA-en_2004-05-04-1	ParlaMint-BA_2004-05-04-1.u12412	Minutes of the Parliamentary Assembly of Bosnia and Herzegovina, Term 4, Session 35	2004-05-04	Unicameralism	4. mandat	-	Sjednica 35	2004-12-23	-	Reference	English	Regular	MP	notMinister	SDS	Srpska demokratska stranka	Opposition	Centre-right to right	JovanovićMiloš	Jovanović, Miloš	M	1953	
ParlaMint-BA-en_2004-05-04-1	ParlaMint-BA_2004-05-04-1.u12413	Minutes of the Parliamentary Assembly of Bosnia and Herzegovina, Term 4, Session 35	2004-05-04	Unicameralism	4. mandat	-	Sjednica 35	2004-12-23	-	Reference	English	Chairperson	MP	notMinister	HDZ_BiH	Hrvatska demokratska zajednica Bosne i Hercegovine	Opposition	Centre-right	RagužMartin	Raguž, Martin	M	1958	
ParlaMint-BA-en_2004-05-04-1	ParlaMint-BA_2004-05-04-1.u12414	Minutes of the Parliamentary Assembly of Bosnia and Herzegovina, Term 4, Session 35	2004-05-04	Unicameralism	4. mandat	-	Sjednica 35	2004-12-23	-	Reference	English	Regular	MP	notMinister	SDP_BiH	Socijaldemokratska partija Bosne i Hercegovine	Opposition	Centre-left	LagumdžijaZlatko	Lagumdžija, Zlatko	M	1955	
ParlaMint-BA-en_2004-05-04-1	ParlaMint-BA_2004-05-04-1.u12415	Minutes of the Parliamentary Assembly of Bosnia and Herzegovina, Term 4, Session 35	2004-05-04	Unicameralism	4. mandat	-	Sjednica 35	2004-12-23	-	Reference	English	Chairperson	MP	notMinister	HDZ_BiH	Hrvatska demokratska zajednica Bosne i Hercegovine	Opposition	Centre-right	RagužMartin	Raguž, Martin	M	1958	
ParlaMint-BA-en_2004-05-04-1	ParlaMint-BA_2004-05-04-1.u12416	Minutes of the Parliamentary Assembly of Bosnia and Herzegovina, Term 4, Session 35	2004-05-04	Unicameralism	4. mandat	-	Sjednica 35	2004-12-23	-	Reference	English	Regular	MP	notMinister	SDP_BiH	Socijaldemokratska partija Bosne i Hercegovine	Opposition	Centre-left	LagumdžijaZlatko	Lagumdžija, Zlatko	M	1955	
ParlaMint-BA-en_2004-05-04-1	ParlaMint-BA_2004-05-04-1.u12417	Minutes of the Parliamentary Assembly of Bosnia and Herzegovina, Term 4, Session 35	2004-05-04	Unicameralism	4. mandat	-	Sjednica 35	2004-12-23	-	Reference	English	Chairperson	MP	notMinister	HDZ_BiH	Hrvatska demokratska zajednica Bosne i Hercegovine	Opposition	Centre-right	RagužMartin	Raguž, Martin	M	1958	
ParlaMint-BA-en_2004-05-04-1	ParlaMint-BA_2004-05-04-1.u12418	Minutes of the Parliamentary Assembly of Bosnia and Herzegovina, Term 4, Session 35	2004-05-04	Unicameralism	4. mandat	-	Sjednica 35	2004-12-23	-	Reference	English	Regular	MP	notMinister	SDP_BiH	Socijaldemokratska partija Bosne i Hercegovine	Opposition	Centre-left	LagumdžijaZlatko	Lagumdžija, Zlatko	M	1955	
ParlaMint-BA-en_2004-05-04-1	ParlaMint-BA_2004-05-04-1.u12419	Minutes of the Parliamentary Assembly of Bosnia and Herzegovina, Term 4, Session 35	2004-05-04	Unicameralism	4. mandat	-	Sjednica 35	2004-12-23	-	Reference	English	Chairperson	MP	notMinister	HDZ_BiH	Hrvatska demokratska zajednica Bosne i Hercegovine	Opposition	Centre-right	RagužMartin	Raguž, Martin	M	1958	
ParlaMint-BA-en_2004-05-04-1	ParlaMint-BA_2004-05-04-1.u12420	Minutes of the Parliamentary Assembly of Bosnia and Herzegovina, Term 4, Session 35	2004-05-04	Unicameralism	4. mandat	-	Sjednica 35	2004-12-23	-	Reference	English	Regular	MP	notMinister	SDP_BiH	Socijaldemokratska partija Bosne i Hercegovine	Opposition	Centre-left	LagumdžijaZlatko	Lagumdžija, Zlatko	M	1955	
ParlaMint-BA-en_2004-05-04-1	ParlaMint-BA_2004-05-04-1.u12421	Minutes of the Parliamentary Assembly of Bosnia and Herzegovina, Term 4, Session 35	2004-05-04	Unicameralism	4. mandat	-	Sjednica 35	2004-12-23	-	Reference	English	Chairperson	MP	notMinister	HDZ_BiH	Hrvatska demokratska zajednica Bosne i Hercegovine	Opposition	Centre-right	RagužMartin	Raguž, Martin	M	1958	
ParlaMint-BA-en_2004-05-04-1	ParlaMint-BA_2004-05-04-1.u12422	Minutes of the Parliamentary Assembly of Bosnia and Herzegovina, Term 4, Session 35	2004-05-04	Unicameralism	4. mandat	-	Sjednica 35	2004-12-23	-	Reference	English	Regular	MP	notMinister	SDP_BiH	Socijaldemokratska partija Bosne i Hercegovine	Opposition	Centre-left	LagumdžijaZlatko	Lagumdžija, Zlatko	M	1955	
ParlaMint-BA-en_2004-05-04-1	ParlaMint-BA_2004-05-04-1.u12423	Minutes of the Parliamentary Assembly of Bosnia and Herzegovina, Term 4, Session 35	2004-05-04	Unicameralism	4. mandat	-	Sjednica 35	2004-12-23	-	Reference	English	Chairperson	MP	notMinister	HDZ_BiH	Hrvatska demokratska zajednica Bosne i Hercegovine	Opposition	Centre-right	RagužMartin	Raguž, Martin	M	1958	
ParlaMint-BA-en_2004-05-04-1	ParlaMint-BA_2004-05-04-1.u12424	Minutes of the Parliamentary Assembly of Bosnia and Herzegovina, Term 4, Session 35	2004-05-04	Unicameralism	4. mandat	-	Sjednica 35	2004-12-23	-	Reference	English	Regular	notMP	notMinister	-	-	-	-	TerzićAdman	Terzić, Adman	U	-	
ParlaMint-BA-en_2004-05-04-1	ParlaMint-BA_2004-05-04-1.u12425	Minutes of the Parliamentary Assembly of Bosnia and Herzegovina, Term 4, Session 35	2004-05-04	Unicameralism	4. mandat	-	Sjednica 35	2004-12-23	-	Reference	English	Chairperson	MP	notMinister	HDZ_BiH	Hrvatska demokratska zajednica Bosne i Hercegovine	Opposition	Centre-right	RagužMartin	Raguž, Martin	M	1958	
ParlaMint-BA-en_2004-05-04-1	ParlaMint-BA_2004-05-04-1.u12426	Minutes of the Parliamentary Assembly of Bosnia and Herzegovina, Term 4, Session 35	2004-05-04	Unicameralism	4. mandat	-	Sjednica 35	2004-12-23	-	Reference	English	Regular	MP	notMinister	SDS	Srpska demokratska stranka	Opposition	Centre-right to right	NovakovićMomčilo	Novaković, Momčilo	M	1955	
ParlaMint-BA-en_2004-05-04-1	ParlaMint-BA_2004-05-04-1.u12427	Minutes of the Parliamentary Assembly of Bosnia and Herzegovina, Term 4, Session 35	2004-05-04	Unicameralism	4. mandat	-	Sjednica 35	2004-12-23	-	Reference	English	Chairperson	MP	notMinister	HDZ_BiH	Hrvatska demokratska zajednica Bosne i Hercegovine	Opposition	Centre-right	RagužMartin	Raguž, Martin	M	1958	
ParlaMint-BA-en_2004-05-04-1	ParlaMint-BA_2004-05-04-1.u12428	Minutes of the Parliamentary Assembly of Bosnia and Herzegovina, Term 4, Session 35	2004-05-04	Unicameralism	4. mandat	-	Sjednica 35	2004-12-23	-	Reference	English	Regular	MP	notMinister	EB	Ekonomski blok	Opposition	-	PotočnikMladen	Potočnik, Mladen	M	1952	
ParlaMint-BA-en_2004-05-04-1	ParlaMint-BA_2004-05-04-1.u12429	Minutes of the Parliamentary Assembly of Bosnia and Herzegovina, Term 4, Session 35	2004-05-04	Unicameralism	4. mandat	-	Sjednica 35	2004-12-23	-	Reference	English	Chairperson	MP	notMinister	HDZ_BiH	Hrvatska demokratska zajednica Bosne i Hercegovine	Opposition	Centre-right	RagužMartin	Raguž, Martin	M	1958	
ParlaMint-BA-en_2004-05-04-1	ParlaMint-BA_2004-05-04-1.u12430	Minutes of the Parliamentary Assembly of Bosnia and Herzegovina, Term 4, Session 35	2004-05-04	Unicameralism	4. mandat	-	Sjednica 35	2004-12-23	-	Reference	English	Regular	MP	notMinister	EB	Ekonomski blok	Opposition	-	PotočnikMladen	Potočnik, Mladen	M	1952	
ParlaMint-BA-en_2004-05-04-1	ParlaMint-BA_2004-05-04-1.u12431	Minutes of the Parliamentary Assembly of Bosnia and Herzegovina, Term 4, Session 35	2004-05-04	Unicameralism	4. mandat	-	Sjednica 35	2004-12-23	-	Reference	English	Chairperson	MP	notMinister	HDZ_BiH	Hrvatska demokratska zajednica Bosne i Hercegovine	Opposition	Centre-right	RagužMartin	Raguž, Martin	M	1958	
ParlaMint-BA-en_2004-05-04-1	ParlaMint-BA_2004-05-04-1.u12432	Minutes of the Parliamentary Assembly of Bosnia and Herzegovina, Term 4, Session 35	2004-05-04	Unicameralism	4. mandat	-	Sjednica 35	2004-12-23	-	Reference	English	Regular	MP	notMinister	EB	Ekonomski blok	Opposition	-	PotočnikMladen	Potočnik, Mladen	M	1952	
ParlaMint-BA-en_2004-05-04-1	ParlaMint-BA_2004-05-04-1.u12433	Minutes of the Parliamentary Assembly of Bosnia and Herzegovina, Term 4, Session 35	2004-05-04	Unicameralism	4. mandat	-	Sjednica 35	2004-12-23	-	Reference	English	Chairperson	MP	notMinister	HDZ_BiH	Hrvatska demokratska zajednica Bosne i Hercegovine	Opposition	Centre-right	RagužMartin	Raguž, Martin	M	1958	
ParlaMint-BA-en_2004-05-04-1	ParlaMint-BA_2004-05-04-1.u12434	Minutes of the Parliamentary Assembly of Bosnia and Herzegovina, Term 4, Session 35	2004-05-04	Unicameralism	4. mandat	-	Sjednica 35	2004-12-23	-	Reference	English	Regular	MP	notMinister	EB	Ekonomski blok	Opposition	-	PotočnikMladen	Potočnik, Mladen	M	1952	
ParlaMint-BA-en_2004-05-04-1	ParlaMint-BA_2004-05-04-1.u12435	Minutes of the Parliamentary Assembly of Bosnia and Herzegovina, Term 4, Session 35	2004-05-04	Unicameralism	4. mandat	-	Sjednica 35	2004-12-23	-	Reference	English	Chairperson	MP	notMinister	HDZ_BiH	Hrvatska demokratska zajednica Bosne i Hercegovine	Opposition	Centre-right	RagužMartin	Raguž, Martin	M	1958	
ParlaMint-BA-en_2004-05-04-1	ParlaMint-BA_2004-05-04-1.u12436	Minutes of the Parliamentary Assembly of Bosnia and Herzegovina, Term 4, Session 35	2004-05-04	Unicameralism	4. mandat	-	Sjednica 35	2004-12-23	-	Reference	English	Regular	MP	notMinister	SPRS	Socijalistička partija	Opposition	Centre-left	GligorićTihomir	Gligorić, Tihomir	M	1955	
ParlaMint-BA-en_2004-05-04-1	ParlaMint-BA_2004-05-04-1.u12437	Minutes of the Parliamentary Assembly of Bosnia and Herzegovina, Term 4, Session 35	2004-05-04	Unicameralism	4. mandat	-	Sjednica 35	2004-12-23	-	Reference	English	Chairperson	MP	notMinister	HDZ_BiH	Hrvatska demokratska zajednica Bosne i Hercegovine	Opposition	Centre-right	RagužMartin	Raguž, Martin	M	1958	
ParlaMint-BA-en_2004-05-04-1	ParlaMint-BA_2004-05-04-1.u12438	Minutes of the Parliamentary Assembly of Bosnia and Herzegovina, Term 4, Session 35	2004-05-04	Unicameralism	4. mandat	-	Sjednica 35	2004-12-23	-	Reference	English	Regular	notMP	notMinister	-	-	-	-	TerzićAdman	Terzić, Adman	U	-	
ParlaMint-BA-en_2004-05-04-1	ParlaMint-BA_2004-05-04-1.u12439	Minutes of the Parliamentary Assembly of Bosnia and Herzegovina, Term 4, Session 35	2004-05-04	Unicameralism	4. mandat	-	Sjednica 35	2004-12-23	-	Reference	English	Chairperson	MP	notMinister	HDZ_BiH	Hrvatska demokratska zajednica Bosne i Hercegovine	Opposition	Centre-right	RagužMartin	Raguž, Martin	M	1958	
ParlaMint-BA-en_2004-05-04-1	ParlaMint-BA_2004-05-04-1.u12440	Minutes of the Parliamentary Assembly of Bosnia and Herzegovina, Term 4, Session 35	2004-05-04	Unicameralism	4. mandat	-	Sjednica 35	2004-12-23	-	Reference	English	Regular	MP	notMinister	SPRS	Socijalistička partija	Opposition	Centre-left	GligorićTihomir	Gligorić, Tihomir	M	1955	
ParlaMint-BA-en_2004-05-04-1	ParlaMint-BA_2004-05-04-1.u12441	Minutes of the Parliamentary Assembly of Bosnia and Herzegovina, Term 4, Session 35	2004-05-04	Unicameralism	4. mandat	-	Sjednica 35	2004-12-23	-	Reference	English	Chairperson	MP	notMinister	HDZ_BiH	Hrvatska demokratska zajednica Bosne i Hercegovine	Opposition	Centre-right	RagužMartin	Raguž, Martin	M	1958	
ParlaMint-BA-en_2004-05-04-1	ParlaMint-BA_2004-05-04-1.u12442	Minutes of the Parliamentary Assembly of Bosnia and Herzegovina, Term 4, Session 35	2004-05-04	Unicameralism	4. mandat	-	Sjednica 35	2004-12-23	-	Reference	English	Regular	MP	notMinister	SPRS	Socijalistička partija	Opposition	Centre-left	GligorićTihomir	Gligorić, Tihomir	M	1955	
ParlaMint-BA-en_2004-05-04-1	ParlaMint-BA_2004-05-04-1.u12443	Minutes of the Parliamentary Assembly of Bosnia and Herzegovina, Term 4, Session 35	2004-05-04	Unicameralism	4. mandat	-	Sjednica 35	2004-12-23	-	Reference	English	Chairperson	MP	notMinister	HDZ_BiH	Hrvatska demokratska zajednica Bosne i Hercegovine	Opposition	Centre-right	RagužMartin	Raguž, Martin	M	1958	
ParlaMint-BA-en_2004-05-04-1	ParlaMint-BA_2004-05-04-1.u12444	Minutes of the Parliamentary Assembly of Bosnia and Herzegovina, Term 4, Session 35	2004-05-04	Unicameralism	4. mandat	-	Sjednica 35	2004-12-23	-	Reference	English	Regular	MP	notMinister	HDZ_BiH	Hrvatska demokratska zajednica Bosne i Hercegovine	Opposition	Centre-right	ZorićVinko	Zorić, Vinko	M	1961	
ParlaMint-BA-en_2004-05-04-1	ParlaMint-BA_2004-05-04-1.u12445	Minutes of the Parliamentary Assembly of Bosnia and Herzegovina, Term 4, Session 35	2004-05-04	Unicameralism	4. mandat	-	Sjednica 35	2004-12-23	-	Reference	English	Chairperson	MP	notMinister	HDZ_BiH	Hrvatska demokratska zajednica Bosne i Hercegovine	Opposition	Centre-right	RagužMartin	Raguž, Martin	M	1958	
ParlaMint-BA-en_2004-05-04-1	ParlaMint-BA_2004-05-04-1.u12446	Minutes of the Parliamentary Assembly of Bosnia and Herzegovina, Term 4, Session 35	2004-05-04	Unicameralism	4. mandat	-	Sjednica 35	2004-12-23	-	Reference	English	Regular	notMP	notMinister	-	-	-	-	PalavrćSeada	Palavrć, Seada	U	-	
ParlaMint-BA-en_2004-05-04-1	ParlaMint-BA_2004-05-04-1.u12447	Minutes of the Parliamentary Assembly of Bosnia and Herzegovina, Term 4, Session 35	2004-05-04	Unicameralism	4. mandat	-	Sjednica 35	2004-12-23	-	Reference	English	Chairperson	MP	notMinister	HDZ_BiH	Hrvatska demokratska zajednica Bosne i Hercegovine	Opposition	Centre-right	RagužMartin	Raguž, Martin	M	1958	
ParlaMint-BA-en_2004-05-04-1	ParlaMint-BA_2004-05-04-1.u12448	Minutes of the Parliamentary Assembly of Bosnia and Herzegovina, Term 4, Session 35	2004-05-04	Unicameralism	4. mandat	-	Sjednica 35	2004-12-23	-	Reference	English	Regular	MP	notMinister	SDS	Srpska demokratska stranka	Opposition	Centre-right to right	MilićevićLjiljana	Milićević, Ljiljana	F	1961	
ParlaMint-BA-en_2004-05-04-1	ParlaMint-BA_2004-05-04-1.u12449	Minutes of the Parliamentary Assembly of Bosnia and Herzegovina, Term 4, Session 35	2004-05-04	Unicameralism	4. mandat	-	Sjednica 35	2004-12-23	-	Reference	English	Chairperson	MP	notMinister	HDZ_BiH	Hrvatska demokratska zajednica Bosne i Hercegovine	Opposition	Centre-right	RagužMartin	Raguž, Martin	M	1958	
ParlaMint-BA-en_2004-05-04-1	ParlaMint-BA_2004-05-04-1.u12450	Minutes of the Parliamentary Assembly of Bosnia and Herzegovina, Term 4, Session 35	2004-05-04	Unicameralism	4. mandat	-	Sjednica 35	2004-12-23	-	Reference	English	Regular	MP	notMinister	SDS	Srpska demokratska stranka	Opposition	Centre-right to right	JovanovićMiloš	Jovanović, Miloš	M	1953	
ParlaMint-BA-en_2004-05-04-1	ParlaMint-BA_2004-05-04-1.u12451	Minutes of the Parliamentary Assembly of Bosnia and Herzegovina, Term 4, Session 35	2004-05-04	Unicameralism	4. mandat	-	Sjednica 35	2004-12-23	-	Reference	English	Chairperson	MP	notMinister	HDZ_BiH	Hrvatska demokratska zajednica Bosne i Hercegovine	Opposition	Centre-right	RagužMartin	Raguž, Martin	M	1958	
ParlaMint-BA-en_2004-05-04-1	ParlaMint-BA_2004-05-04-1.u12452	Minutes of the Parliamentary Assembly of Bosnia and Herzegovina, Term 4, Session 35	2004-05-04	Unicameralism	4. mandat	-	Sjednica 35	2004-12-23	-	Reference	English	Regular	MP	notMinister	SPRS	Socijalistička partija	Opposition	Centre-left	GligorićTihomir	Gligorić, Tihomir	M	1955	
ParlaMint-BA-en_2004-05-04-1	ParlaMint-BA_2004-05-04-1.u12453	Minutes of the Parliamentary Assembly of Bosnia and Herzegovina, Term 4, Session 35	2004-05-04	Unicameralism	4. mandat	-	Sjednica 35	2004-12-23	-	Reference	English	Chairperson	MP	notMinister	HDZ_BiH	Hrvatska demokratska zajednica Bosne i Hercegovine	Opposition	Centre-right	RagužMartin	Raguž, Martin	M	1958	
ParlaMint-BA-en_2004-05-04-1	ParlaMint-BA_2004-05-04-1.u12454	Minutes of the Parliamentary Assembly of Bosnia and Herzegovina, Term 4, Session 35	2004-05-04	Unicameralism	4. mandat	-	Sjednica 35	2004-12-23	-	Reference	English	Regular	MP	notMinister	SPRS	Socijalistička partija	Opposition	Centre-left	GligorićTihomir	Gligorić, Tihomir	M	1955	
ParlaMint-BA-en_2004-05-04-1	ParlaMint-BA_2004-05-04-1.u12455	Minutes of the Parliamentary Assembly of Bosnia and Herzegovina, Term 4, Session 35	2004-05-04	Unicameralism	4. mandat	-	Sjednica 35	2004-12-23	-	Reference	English	Chairperson	MP	notMinister	HDZ_BiH	Hrvatska demokratska zajednica Bosne i Hercegovine	Opposition	Centre-right	RagužMartin	Raguž, Martin	M	1958	
ParlaMint-BA-en_2004-05-04-1	ParlaMint-BA_2004-05-04-1.u12456	Minutes of the Parliamentary Assembly of Bosnia and Herzegovina, Term 4, Session 35	2004-05-04	Unicameralism	4. mandat	-	Sjednica 35	2004-12-23	-	Reference	English	Regular	MP	notMinister	SNSD	Savez nezavisnih socijaldemokrata	Opposition	Syncretic politics	ŠpirićNikola	Špirić, Nikola	M	1956	
ParlaMint-BA-en_2004-05-04-1	ParlaMint-BA_2004-05-04-1.u12457	Minutes of the Parliamentary Assembly of Bosnia and Herzegovina, Term 4, Session 35	2004-05-04	Unicameralism	4. mandat	-	Sjednica 35	2004-12-23	-	Reference	English	Chairperson	MP	notMinister	HDZ_BiH	Hrvatska demokratska zajednica Bosne i Hercegovine	Opposition	Centre-right	RagužMartin	Raguž, Martin	M	1958	
ParlaMint-BA-en_2004-05-04-1	ParlaMint-BA_2004-05-04-1.u12458	Minutes of the Parliamentary Assembly of Bosnia and Herzegovina, Term 4, Session 35	2004-05-04	Unicameralism	4. mandat	-	Sjednica 35	2004-12-23	-	Reference	English	Regular	MP	notMinister	SDS	Srpska demokratska stranka	Opposition	Centre-right to right	NovakovićMomčilo	Novaković, Momčilo	M	1955	
ParlaMint-BA-en_2004-05-04-1	ParlaMint-BA_2004-05-04-1.u12459	Minutes of the Parliamentary Assembly of Bosnia and Herzegovina, Term 4, Session 35	2004-05-04	Unicameralism	4. mandat	-	Sjednica 35	2004-12-23	-	Reference	English	Regular	MP	notMinister	HDZ_BiH	Hrvatska demokratska zajednica Bosne i Hercegovine	Opposition	Centre-right	ZorićVinko	Zorić, Vinko	M	1961	
ParlaMint-BA-en_2004-05-04-1	ParlaMint-BA_2004-05-04-1.u12460	Minutes of the Parliamentary Assembly of Bosnia and Herzegovina, Term 4, Session 35	2004-05-04	Unicameralism	4. mandat	-	Sjednica 35	2004-12-23	-	Reference	English	Regular	MP	notMinister	SNSD	Savez nezavisnih socijaldemokrata	Opposition	Syncretic politics	ŠpirićNikola	Špirić, Nikola	M	1956	
ParlaMint-BA-en_2004-05-04-1	ParlaMint-BA_2004-05-04-1.u12461	Minutes of the Parliamentary Assembly of Bosnia and Herzegovina, Term 4, Session 35	2004-05-04	Unicameralism	4. mandat	-	Sjednica 35	2004-12-23	-	Reference	English	Chairperson	MP	notMinister	HDZ_BiH	Hrvatska demokratska zajednica Bosne i Hercegovine	Opposition	Centre-right	RagužMartin	Raguž, Martin	M	1958	
ParlaMint-BA-en_2004-05-04-1	ParlaMint-BA_2004-05-04-1.u12462	Minutes of the Parliamentary Assembly of Bosnia and Herzegovina, Term 4, Session 35	2004-05-04	Unicameralism	4. mandat	-	Sjednica 35	2004-12-23	-	Reference	English	Regular	MP	notMinister	SDP_BiH	Socijaldemokratska partija Bosne i Hercegovine	Opposition	Centre-left	KrižanovićJozo	Križanović, Jozo	M	1944	
ParlaMint-BA-en_2004-05-04-1	ParlaMint-BA_2004-05-04-1.u12463	Minutes of the Parliamentary Assembly of Bosnia and Herzegovina, Term 4, Session 35	2004-05-04	Unicameralism	4. mandat	-	Sjednica 35	2004-12-23	-	Reference	English	Chairperson	MP	notMinister	HDZ_BiH	Hrvatska demokratska zajednica Bosne i Hercegovine	Opposition	Centre-right	RagužMartin	Raguž, Martin	M	1958	
ParlaMint-BA-en_2004-05-04-1	ParlaMint-BA_2004-05-04-1.u12464	Minutes of the Parliamentary Assembly of Bosnia and Herzegovina, Term 4, Session 35	2004-05-04	Unicameralism	4. mandat	-	Sjednica 35	2004-12-23	-	Reference	English	Regular	MP	notMinister	SDA	Stranka demokratske akcije	Opposition	Centre-right to right	UšanovićMubera	Ušanović, Mubera	F	1955	
ParlaMint-BA-en_2004-05-04-1	ParlaMint-BA_2004-05-04-1.u12465	Minutes of the Parliamentary Assembly of Bosnia and Herzegovina, Term 4, Session 35	2004-05-04	Unicameralism	4. mandat	-	Sjednica 35	2004-12-23	-	Reference	English	Regular	MP	notMinister	SDA	Stranka demokratske akcije	Opposition	Centre-right to right	DžaferovićŠefik	Džaferović, Šefik	M	1957	
ParlaMint-BA-en_2004-05-04-1	ParlaMint-BA_2004-05-04-1.u12466	Minutes of the Parliamentary Assembly of Bosnia and Herzegovina, Term 4, Session 35	2004-05-04	Unicameralism	4. mandat	-	Sjednica 35	2004-12-23	-	Reference	English	Regular	MP	notMinister	SPRS	Socijalistička partija	Opposition	Centre-left	GligorićTihomir	Gligorić, Tihomir	M	1955	
ParlaMint-BA-en_2004-05-04-1	ParlaMint-BA_2004-05-04-1.u12467	Minutes of the Parliamentary Assembly of Bosnia and Herzegovina, Term 4, Session 35	2004-05-04	Unicameralism	4. mandat	-	Sjednica 35	2004-12-23	-	Reference	English	Chairperson	MP	notMinister	HDZ_BiH	Hrvatska demokratska zajednica Bosne i Hercegovine	Opposition	Centre-right	RagužMartin	Raguž, Martin	M	1958	
ParlaMint-BA-en_2004-05-04-1	ParlaMint-BA_2004-05-04-1.u12468	Minutes of the Parliamentary Assembly of Bosnia and Herzegovina, Term 4, Session 35	2004-05-04	Unicameralism	4. mandat	-	Sjednica 35	2004-12-23	-	Reference	English	Regular	MP	notMinister	SPRS	Socijalistička partija	Opposition	Centre-left	GligorićTihomir	Gligorić, Tihomir	M	1955	
ParlaMint-BA-en_2004-05-04-1	ParlaMint-BA_2004-05-04-1.u12469	Minutes of the Parliamentary Assembly of Bosnia and Herzegovina, Term 4, Session 35	2004-05-04	Unicameralism	4. mandat	-	Sjednica 35	2004-12-23	-	Reference	English	Regular	MP	notMinister	SDA	Stranka demokratske akcije	Opposition	Centre-right to right	DžaferovićŠefik	Džaferović, Šefik	M	1957	
ParlaMint-BA-en_2004-05-04-1	ParlaMint-BA_2004-05-04-1.u12470	Minutes of the Parliamentary Assembly of Bosnia and Herzegovina, Term 4, Session 35	2004-05-04	Unicameralism	4. mandat	-	Sjednica 35	2004-12-23	-	Reference	English	Chairperson	MP	notMinister	HDZ_BiH	Hrvatska demokratska zajednica Bosne i Hercegovine	Opposition	Centre-right	RagužMartin	Raguž, Martin	M	1958	
ParlaMint-BA-en_2004-05-04-1	ParlaMint-BA_2004-05-04-1.u12471	Minutes of the Parliamentary Assembly of Bosnia and Herzegovina, Term 4, Session 35	2004-05-04	Unicameralism	4. mandat	-	Sjednica 35	2004-12-23	-	Reference	English	Regular	MP	notMinister	SDA	Stranka demokratske akcije	Opposition	Centre-right to right	DžaferovićŠefik	Džaferović, Šefik	M	1957	
ParlaMint-BA-en_2004-05-04-1	ParlaMint-BA_2004-05-04-1.u12472	Minutes of the Parliamentary Assembly of Bosnia and Herzegovina, Term 4, Session 35	2004-05-04	Unicameralism	4. mandat	-	Sjednica 35	2004-12-23	-	Reference	English	Regular	notMP	notMinister	-	-	-	-	PalavrćSeada	Palavrć, Seada	U	-	
ParlaMint-BA-en_2004-05-04-1	ParlaMint-BA_2004-05-04-1.u12473	Minutes of the Parliamentary Assembly of Bosnia and Herzegovina, Term 4, Session 35	2004-05-04	Unicameralism	4. mandat	-	Sjednica 35	2004-12-23	-	Reference	English	Chairperson	MP	notMinister	HDZ_BiH	Hrvatska demokratska zajednica Bosne i Hercegovine	Opposition	Centre-right	RagužMartin	Raguž, Martin	M	1958	
ParlaMint-BA-en_2004-05-04-1	ParlaMint-BA_2004-05-04-1.u12474	Minutes of the Parliamentary Assembly of Bosnia and Herzegovina, Term 4, Session 35	2004-05-04	Unicameralism	4. mandat	-	Sjednica 35	2004-12-23	-	Reference	English	Regular	MP	notMinister	SPRS	Socijalistička partija	Opposition	Centre-left	GligorićTihomir	Gligorić, Tihomir	M	1955	
ParlaMint-BA-en_2004-05-04-1	ParlaMint-BA_2004-05-04-1.u12475	Minutes of the Parliamentary Assembly of Bosnia and Herzegovina, Term 4, Session 35	2004-05-04	Unicameralism	4. mandat	-	Sjednica 35	2004-12-23	-	Reference	English	Chairperson	MP	notMinister	HDZ_BiH	Hrvatska demokratska zajednica Bosne i Hercegovine	Opposition	Centre-right	RagužMartin	Raguž, Martin	M	1958	
ParlaMint-BA-en_2004-05-04-1	ParlaMint-BA_2004-05-04-1.u12476	Minutes of the Parliamentary Assembly of Bosnia and Herzegovina, Term 4, Session 35	2004-05-04	Unicameralism	4. mandat	-	Sjednica 35	2004-12-23	-	Reference	English	Regular	MP	notMinister	SPRS	Socijalistička partija	Opposition	Centre-left	GligorićTihomir	Gligorić, Tihomir	M	1955	
ParlaMint-BA-en_2004-05-04-1	ParlaMint-BA_2004-05-04-1.u12477	Minutes of the Parliamentary Assembly of Bosnia and Herzegovina, Term 4, Session 35	2004-05-04	Unicameralism	4. mandat	-	Sjednica 35	2004-12-23	-	Reference	English	Chairperson	MP	notMinister	HDZ_BiH	Hrvatska demokratska zajednica Bosne i Hercegovine	Opposition	Centre-right	RagužMartin	Raguž, Martin	M	1958	
ParlaMint-BA-en_2004-05-04-1	ParlaMint-BA_2004-05-04-1.u12478	Minutes of the Parliamentary Assembly of Bosnia and Herzegovina, Term 4, Session 35	2004-05-04	Unicameralism	4. mandat	-	Sjednica 35	2004-12-23	-	Reference	English	Regular	MP	notMinister	SDP_BiH	Socijaldemokratska partija Bosne i Hercegovine	Opposition	Centre-left	LagumdžijaZlatko	Lagumdžija, Zlatko	M	1955	
ParlaMint-BA-en_2004-05-04-1	ParlaMint-BA_2004-05-04-1.u12479	Minutes of the Parliamentary Assembly of Bosnia and Herzegovina, Term 4, Session 35	2004-05-04	Unicameralism	4. mandat	-	Sjednica 35	2004-12-23	-	Reference	English	Chairperson	MP	notMinister	HDZ_BiH	Hrvatska demokratska zajednica Bosne i Hercegovine	Opposition	Centre-right	RagužMartin	Raguž, Martin	M	1958	
ParlaMint-BA-en_2004-05-04-1	ParlaMint-BA_2004-05-04-1.u12480	Minutes of the Parliamentary Assembly of Bosnia and Herzegovina, Term 4, Session 35	2004-05-04	Unicameralism	4. mandat	-	Sjednica 35	2004-12-23	-	Reference	English	Regular	notMP	notMinister	-	-	-	-	TerzićAdman	Terzić, Adman	U	-	
ParlaMint-BA-en_2004-05-04-1	ParlaMint-BA_2004-05-04-1.u12481	Minutes of the Parliamentary Assembly of Bosnia and Herzegovina, Term 4, Session 35	2004-05-04	Unicameralism	4. mandat	-	Sjednica 35	2004-12-23	-	Reference	English	Regular	MP	notMinister	SDA	Stranka demokratske akcije	Opposition	Centre-right to right	DžaferovićŠefik	Džaferović, Šefik	M	1957	
ParlaMint-BA-en_2004-05-04-1	ParlaMint-BA_2004-05-04-1.u12482	Minutes of the Parliamentary Assembly of Bosnia and Herzegovina, Term 4, Session 35	2004-05-04	Unicameralism	4. mandat	-	Sjednica 35	2004-12-23	-	Reference	English	Chairperson	MP	notMinister	HDZ_BiH	Hrvatska demokratska zajednica Bosne i Hercegovine	Opposition	Centre-right	RagužMartin	Raguž, Martin	M	1958	
ParlaMint-BA-en_2004-05-04-1	ParlaMint-BA_2004-05-04-1.u12483	Minutes of the Parliamentary Assembly of Bosnia and Herzegovina, Term 4, Session 35	2004-05-04	Unicameralism	4. mandat	-	Sjednica 35	2004-12-23	-	Reference	English	Regular	notMP	notMinister	-	-	-	-	TerzićAdman	Terzić, Adman	U	-	
ParlaMint-BA-en_2004-05-04-1	ParlaMint-BA_2004-05-04-1.u12484	Minutes of the Parliamentary Assembly of Bosnia and Herzegovina, Term 4, Session 35	2004-05-04	Unicameralism	4. mandat	-	Sjednica 35	2004-12-23	-	Reference	English	Chairperson	MP	notMinister	HDZ_BiH	Hrvatska demokratska zajednica Bosne i Hercegovine	Opposition	Centre-right	RagužMartin	Raguž, Martin	M	1958	
ParlaMint-BA-en_2004-05-04-1	ParlaMint-BA_2004-05-04-1.u12485	Minutes of the Parliamentary Assembly of Bosnia and Herzegovina, Term 4, Session 35	2004-05-04	Unicameralism	4. mandat	-	Sjednica 35	2004-12-23	-	Reference	English	Regular	MP	notMinister	SDA	Stranka demokratske akcije	Opposition	Centre-right to right	DžaferovićŠefik	Džaferović, Šefik	M	1957	
ParlaMint-BA-en_2004-05-04-1	ParlaMint-BA_2004-05-04-1.u12486	Minutes of the Parliamentary Assembly of Bosnia and Herzegovina, Term 4, Session 35	2004-05-04	Unicameralism	4. mandat	-	Sjednica 35	2004-12-23	-	Reference	English	Chairperson	MP	notMinister	HDZ_BiH	Hrvatska demokratska zajednica Bosne i Hercegovine	Opposition	Centre-right	RagužMartin	Raguž, Martin	M	1958	
ParlaMint-BA-en_2004-05-04-1	ParlaMint-BA_2004-05-04-1.u12487	Minutes of the Parliamentary Assembly of Bosnia and Herzegovina, Term 4, Session 35	2004-05-04	Unicameralism	4. mandat	-	Sjednica 35	2004-12-23	-	Reference	English	Regular	MP	notMinister	SDA	Stranka demokratske akcije	Opposition	Centre-right to right	DžaferovićŠefik	Džaferović, Šefik	M	1957	
ParlaMint-BA-en_2004-05-04-1	ParlaMint-BA_2004-05-04-1.u12488	Minutes of the Parliamentary Assembly of Bosnia and Herzegovina, Term 4, Session 35	2004-05-04	Unicameralism	4. mandat	-	Sjednica 35	2004-12-23	-	Reference	English	Chairperson	MP	notMinister	HDZ_BiH	Hrvatska demokratska zajednica Bosne i Hercegovine	Opposition	Centre-right	RagužMartin	Raguž, Martin	M	1958	
ParlaMint-BA-en_2004-05-04-1	ParlaMint-BA_2004-05-04-1.u12489	Minutes of the Parliamentary Assembly of Bosnia and Herzegovina, Term 4, Session 35	2004-05-04	Unicameralism	4. mandat	-	Sjednica 35	2004-12-23	-	Reference	English	Regular	notMP	notMinister	-	-	-	-	JovićIvoMiro	Jović, Ivo Miro	M	1950	
ParlaMint-BA-en_2004-05-04-1	ParlaMint-BA_2004-05-04-1.u12490	Minutes of the Parliamentary Assembly of Bosnia and Herzegovina, Term 4, Session 35	2004-05-04	Unicameralism	4. mandat	-	Sjednica 35	2004-12-23	-	Reference	English	Chairperson	MP	notMinister	HDZ_BiH	Hrvatska demokratska zajednica Bosne i Hercegovine	Opposition	Centre-right	RagužMartin	Raguž, Martin	M	1958	
ParlaMint-BA-en_2004-05-04-1	ParlaMint-BA_2004-05-04-1.u12491	Minutes of the Parliamentary Assembly of Bosnia and Herzegovina, Term 4, Session 35	2004-05-04	Unicameralism	4. mandat	-	Sjednica 35	2004-12-23	-	Reference	English	Regular	MP	notMinister	SDP_BiH	Socijaldemokratska partija Bosne i Hercegovine	Opposition	Centre-left	LagumdžijaZlatko	Lagumdžija, Zlatko	M	1955	
ParlaMint-BA-en_2004-05-04-1	ParlaMint-BA_2004-05-04-1.u12492	Minutes of the Parliamentary Assembly of Bosnia and Herzegovina, Term 4, Session 35	2004-05-04	Unicameralism	4. mandat	-	Sjednica 35	2004-12-23	-	Reference	English	Chairperson	MP	notMinister	HDZ_BiH	Hrvatska demokratska zajednica Bosne i Hercegovine	Opposition	Centre-right	RagužMartin	Raguž, Martin	M	1958	
ParlaMint-BA-en_2004-05-04-1	ParlaMint-BA_2004-05-04-1.u12493	Minutes of the Parliamentary Assembly of Bosnia and Herzegovina, Term 4, Session 35	2004-05-04	Unicameralism	4. mandat	-	Sjednica 35	2004-12-23	-	Reference	English	Regular	MP	notMinister	SDP_BiH	Socijaldemokratska partija Bosne i Hercegovine	Opposition	Centre-left	LagumdžijaZlatko	Lagumdžija, Zlatko	M	1955	
ParlaMint-BA-en_2004-05-04-1	ParlaMint-BA_2004-05-04-1.u12494	Minutes of the Parliamentary Assembly of Bosnia and Herzegovina, Term 4, Session 35	2004-05-04	Unicameralism	4. mandat	-	Sjednica 35	2004-12-23	-	Reference	English	Chairperson	MP	notMinister	HDZ_BiH	Hrvatska demokratska zajednica Bosne i Hercegovine	Opposition	Centre-right	RagužMartin	Raguž, Martin	M	1958	
ParlaMint-BA-en_2004-05-04-1	ParlaMint-BA_2004-05-04-1.u12495	Minutes of the Parliamentary Assembly of Bosnia and Herzegovina, Term 4, Session 35	2004-05-04	Unicameralism	4. mandat	-	Sjednica 35	2004-12-23	-	Reference	English	Regular	MP	notMinister	SDP_BiH	Socijaldemokratska partija Bosne i Hercegovine	Opposition	Centre-left	LagumdžijaZlatko	Lagumdžija, Zlatko	M	1955	
ParlaMint-BA-en_2004-05-04-1	ParlaMint-BA_2004-05-04-1.u12496	Minutes of the Parliamentary Assembly of Bosnia and Herzegovina, Term 4, Session 35	2004-05-04	Unicameralism	4. mandat	-	Sjednica 35	2004-12-23	-	Reference	English	Regular	MP	notMinister	SDA	Stranka demokratske akcije	Opposition	Centre-right to right	DžaferovićŠefik	Džaferović, Šefik	M	1957	
ParlaMint-BA-en_2004-05-04-1	ParlaMint-BA_2004-05-04-1.u12497	Minutes of the Parliamentary Assembly of Bosnia and Herzegovina, Term 4, Session 35	2004-05-04	Unicameralism	4. mandat	-	Sjednica 35	2004-12-23	-	Reference	English	Chairperson	MP	notMinister	HDZ_BiH	Hrvatska demokratska zajednica Bosne i Hercegovine	Opposition	Centre-right	RagužMartin	Raguž, Martin	M	1958	
ParlaMint-BA-en_2004-05-04-1	ParlaMint-BA_2004-05-04-1.u12498	Minutes of the Parliamentary Assembly of Bosnia and Herzegovina, Term 4, Session 35	2004-05-04	Unicameralism	4. mandat	-	Sjednica 35	2004-12-23	-	Reference	English	Regular	MP	notMinister	SDA	Stranka demokratske akcije	Opposition	Centre-right to right	DžaferovićŠefik	Džaferović, Šefik	M	1957	
ParlaMint-BA-en_2004-05-04-1	ParlaMint-BA_2004-05-04-1.u12499	Minutes of the Parliamentary Assembly of Bosnia and Herzegovina, Term 4, Session 35	2004-05-04	Unicameralism	4. mandat	-	Sjednica 35	2004-12-23	-	Reference	English	Chairperson	MP	notMinister	HDZ_BiH	Hrvatska demokratska zajednica Bosne i Hercegovine	Opposition	Centre-right	RagužMartin	Raguž, Martin	M	1958	
ParlaMint-BA-en_2004-05-04-1	ParlaMint-BA_2004-05-04-1.u12500	Minutes of the Parliamentary Assembly of Bosnia and Herzegovina, Term 4, Session 35	2004-05-04	Unicameralism	4. mandat	-	Sjednica 35	2004-12-23	-	Reference	English	Regular	MP	notMinister	BOSS	Bosanska stranka	Opposition	Left	MoranjkićMuhamed	Moranjkić, Muhamed	M	1945	
ParlaMint-BA-en_2004-05-04-1	ParlaMint-BA_2004-05-04-1.u12501	Minutes of the Parliamentary Assembly of Bosnia and Herzegovina, Term 4, Session 35	2004-05-04	Unicameralism	4. mandat	-	Sjednica 35	2004-12-23	-	Reference	English	Chairperson	MP	notMinister	HDZ_BiH	Hrvatska demokratska zajednica Bosne i Hercegovine	Opposition	Centre-right	RagužMartin	Raguž, Martin	M	1958	
ParlaMint-BA-en_2004-05-04-1	ParlaMint-BA_2004-05-04-1.u12502	Minutes of the Parliamentary Assembly of Bosnia and Herzegovina, Term 4, Session 35	2004-05-04	Unicameralism	4. mandat	-	Sjednica 35	2004-12-23	-	Reference	English	Regular	MP	notMinister	SDP_BiH	Socijaldemokratska partija Bosne i Hercegovine	Opposition	Centre-left	LagumdžijaZlatko	Lagumdžija, Zlatko	M	1955	
ParlaMint-BA-en_2004-05-04-1	ParlaMint-BA_2004-05-04-1.u12503	Minutes of the Parliamentary Assembly of Bosnia and Herzegovina, Term 4, Session 35	2004-05-04	Unicameralism	4. mandat	-	Sjednica 35	2004-12-23	-	Reference	English	Chairperson	MP	notMinister	HDZ_BiH	Hrvatska demokratska zajednica Bosne i Hercegovine	Opposition	Centre-right	RagužMartin	Raguž, Martin	M	1958	
ParlaMint-BA-en_2004-05-04-1	ParlaMint-BA_2004-05-04-1.u12504	Minutes of the Parliamentary Assembly of Bosnia and Herzegovina, Term 4, Session 35	2004-05-04	Unicameralism	4. mandat	-	Sjednica 35	2004-12-23	-	Reference	English	Regular	MP	notMinister	SDP_BiH	Socijaldemokratska partija Bosne i Hercegovine	Opposition	Centre-left	LagumdžijaZlatko	Lagumdžija, Zlatko	M	1955	
ParlaMint-BA-en_2004-05-04-1	ParlaMint-BA_2004-05-04-1.u12505	Minutes of the Parliamentary Assembly of Bosnia and Herzegovina, Term 4, Session 35	2004-05-04	Unicameralism	4. mandat	-	Sjednica 35	2004-12-23	-	Reference	English	Chairperson	MP	notMinister	HDZ_BiH	Hrvatska demokratska zajednica Bosne i Hercegovine	Opposition	Centre-right	RagužMartin	Raguž, Martin	M	1958	
ParlaMint-BA-en_2004-05-04-1	ParlaMint-BA_2004-05-04-1.u12506	Minutes of the Parliamentary Assembly of Bosnia and Herzegovina, Term 4, Session 35	2004-05-04	Unicameralism	4. mandat	-	Sjednica 35	2004-12-23	-	Reference	English	Regular	MP	notMinister	SBiH	Stranka za Bosnu i Hercegovinu	Opposition	Centre	BelkićBeriz	Belkić, Beriz	M	1946	
ParlaMint-BA-en_2004-05-04-1	ParlaMint-BA_2004-05-04-1.u12507	Minutes of the Parliamentary Assembly of Bosnia and Herzegovina, Term 4, Session 35	2004-05-04	Unicameralism	4. mandat	-	Sjednica 35	2004-12-23	-	Reference	English	Chairperson	MP	notMinister	HDZ_BiH	Hrvatska demokratska zajednica Bosne i Hercegovine	Opposition	Centre-right	RagužMartin	Raguž, Martin	M	1958	
ParlaMint-BA-en_2004-05-04-1	ParlaMint-BA_2004-05-04-1.u12508	Minutes of the Parliamentary Assembly of Bosnia and Herzegovina, Term 4, Session 35	2004-05-04	Unicameralism	4. mandat	-	Sjednica 35	2004-12-23	-	Reference	English	Regular	MP	notMinister	SNSD	Savez nezavisnih socijaldemokrata	Opposition	Syncretic politics	ŠpirićNikola	Špirić, Nikola	M	1956	
ParlaMint-BA-en_2004-05-04-1	ParlaMint-BA_2004-05-04-1.u12509	Minutes of the Parliamentary Assembly of Bosnia and Herzegovina, Term 4, Session 35	2004-05-04	Unicameralism	4. mandat	-	Sjednica 35	2004-12-23	-	Reference	English	Chairperson	MP	notMinister	HDZ_BiH	Hrvatska demokratska zajednica Bosne i Hercegovine	Opposition	Centre-right	RagužMartin	Raguž, Martin	M	1958	
ParlaMint-BA-en_2004-05-04-1	ParlaMint-BA_2004-05-04-1.u12510	Minutes of the Parliamentary Assembly of Bosnia and Herzegovina, Term 4, Session 35	2004-05-04	Unicameralism	4. mandat	-	Sjednica 35	2004-12-23	-	Reference	English	Regular	MP	notMinister	SPRS	Socijalistička partija	Opposition	Centre-left	GligorićTihomir	Gligorić, Tihomir	M	1955	
ParlaMint-BA-en_2004-05-04-1	ParlaMint-BA_2004-05-04-1.u12511	Minutes of the Parliamentary Assembly of Bosnia and Herzegovina, Term 4, Session 35	2004-05-04	Unicameralism	4. mandat	-	Sjednica 35	2004-12-23	-	Reference	English	Chairperson	MP	notMinister	HDZ_BiH	Hrvatska demokratska zajednica Bosne i Hercegovine	Opposition	Centre-right	RagužMartin	Raguž, Martin	M	1958	
ParlaMint-BA-en_2004-05-04-1	ParlaMint-BA_2004-05-04-1.u12512	Minutes of the Parliamentary Assembly of Bosnia and Herzegovina, Term 4, Session 35	2004-05-04	Unicameralism	4. mandat	-	Sjednica 35	2004-12-23	-	Reference	English	Regular	MP	notMinister	SDS	Srpska demokratska stranka	Opposition	Centre-right to right	NovakovićMomčilo	Novaković, Momčilo	M	1955	
ParlaMint-BA-en_2004-05-04-1	ParlaMint-BA_2004-05-04-1.u12513	Minutes of the Parliamentary Assembly of Bosnia and Herzegovina, Term 4, Session 35	2004-05-04	Unicameralism	4. mandat	-	Sjednica 35	2004-12-23	-	Reference	English	Chairperson	MP	notMinister	HDZ_BiH	Hrvatska demokratska zajednica Bosne i Hercegovine	Opposition	Centre-right	RagužMartin	Raguž, Martin	M	1958	
ParlaMint-BA-en_2004-05-04-1	ParlaMint-BA_2004-05-04-1.u12514	Minutes of the Parliamentary Assembly of Bosnia and Herzegovina, Term 4, Session 35	2004-05-04	Unicameralism	4. mandat	-	Sjednica 35	2004-12-23	-	Reference	English	Regular	notMP	notMinister	-	-	-	-	JovićIvoMiro	Jović, Ivo Miro	M	1950	
ParlaMint-BA-en_2004-05-04-1	ParlaMint-BA_2004-05-04-1.u12515	Minutes of the Parliamentary Assembly of Bosnia and Herzegovina, Term 4, Session 35	2004-05-04	Unicameralism	4. mandat	-	Sjednica 35	2004-12-23	-	Reference	English	Chairperson	MP	notMinister	HDZ_BiH	Hrvatska demokratska zajednica Bosne i Hercegovine	Opposition	Centre-right	RagužMartin	Raguž, Martin	M	1958	
ParlaMint-BA-en_2004-05-04-1	ParlaMint-BA_2004-05-04-1.u12516	Minutes of the Parliamentary Assembly of Bosnia and Herzegovina, Term 4, Session 35	2004-05-04	Unicameralism	4. mandat	-	Sjednica 35	2004-12-23	-	Reference	English	Regular	MP	notMinister	SDA	Stranka demokratske akcije	Opposition	Centre-right to right	DžaferovićŠefik	Džaferović, Šefik	M	1957	
ParlaMint-BA-en_2004-05-04-1	ParlaMint-BA_2004-05-04-1.u12517	Minutes of the Parliamentary Assembly of Bosnia and Herzegovina, Term 4, Session 35	2004-05-04	Unicameralism	4. mandat	-	Sjednica 35	2004-12-23	-	Reference	English	Chairperson	MP	notMinister	HDZ_BiH	Hrvatska demokratska zajednica Bosne i Hercegovine	Opposition	Centre-right	RagužMartin	Raguž, Martin	M	1958	
ParlaMint-BA-en_2004-05-04-1	ParlaMint-BA_2004-05-04-1.u12518	Minutes of the Parliamentary Assembly of Bosnia and Herzegovina, Term 4, Session 35	2004-05-04	Unicameralism	4. mandat	-	Sjednica 35	2004-12-23	-	Reference	English	Regular	notMP	notMinister	-	-	-	-	TodorovićBranka	Todorović, Branka	U	-	
ParlaMint-BA-en_2004-05-04-1	ParlaMint-BA_2004-05-04-1.u12519	Minutes of the Parliamentary Assembly of Bosnia and Herzegovina, Term 4, Session 35	2004-05-04	Unicameralism	4. mandat	-	Sjednica 35	2004-12-23	-	Reference	English	Chairperson	MP	notMinister	HDZ_BiH	Hrvatska demokratska zajednica Bosne i Hercegovine	Opposition	Centre-right	RagužMartin	Raguž, Martin	M	1958	
ParlaMint-BA-en_2004-05-04-1	ParlaMint-BA_2004-05-04-1.u12520	Minutes of the Parliamentary Assembly of Bosnia and Herzegovina, Term 4, Session 35	2004-05-04	Unicameralism	4. mandat	-	Sjednica 35	2004-12-23	-	Reference	English	Regular	MP	notMinister	HDZ_BiH	Hrvatska demokratska zajednica Bosne i Hercegovine	Opposition	Centre-right	SoptaRuža	Sopta, Ruža	F	1950	
ParlaMint-BA-en_2004-05-04-1	ParlaMint-BA_2004-05-04-1.u12521	Minutes of the Parliamentary Assembly of Bosnia and Herzegovina, Term 4, Session 35	2004-05-04	Unicameralism	4. mandat	-	Sjednica 35	2004-12-23	-	Reference	English	Chairperson	MP	notMinister	HDZ_BiH	Hrvatska demokratska zajednica Bosne i Hercegovine	Opposition	Centre-right	RagužMartin	Raguž, Martin	M	1958	
ParlaMint-BA-en_2004-05-04-1	ParlaMint-BA_2004-05-04-1.u12522	Minutes of the Parliamentary Assembly of Bosnia and Herzegovina, Term 4, Session 35	2004-05-04	Unicameralism	4. mandat	-	Sjednica 35	2004-12-23	-	Reference	English	Regular	MP	notMinister	SDP_BiH	Socijaldemokratska partija Bosne i Hercegovine	Opposition	Centre-left	LagumdžijaZlatko	Lagumdžija, Zlatko	M	1955	
ParlaMint-BA-en_2004-05-04-1	ParlaMint-BA_2004-05-04-1.u12523	Minutes of the Parliamentary Assembly of Bosnia and Herzegovina, Term 4, Session 35	2004-05-04	Unicameralism	4. mandat	-	Sjednica 35	2004-12-23	-	Reference	English	Chairperson	MP	notMinister	HDZ_BiH	Hrvatska demokratska zajednica Bosne i Hercegovine	Opposition	Centre-right	RagužMartin	Raguž, Martin	M	1958	
ParlaMint-BA-en_2004-05-04-1	ParlaMint-BA_2004-05-04-1.u12524	Minutes of the Parliamentary Assembly of Bosnia and Herzegovina, Term 4, Session 35	2004-05-04	Unicameralism	4. mandat	-	Sjednica 35	2004-12-23	-	Reference	English	Regular	MP	notMinister	SDS	Srpska demokratska stranka	Opposition	Centre-right to right	NovakovićMomčilo	Novaković, Momčilo	M	1955	
ParlaMint-BA-en_2004-05-04-1	ParlaMint-BA_2004-05-04-1.u12525	Minutes of the Parliamentary Assembly of Bosnia and Herzegovina, Term 4, Session 35	2004-05-04	Unicameralism	4. mandat	-	Sjednica 35	2004-12-23	-	Reference	English	Chairperson	MP	notMinister	HDZ_BiH	Hrvatska demokratska zajednica Bosne i Hercegovine	Opposition	Centre-right	RagužMartin	Raguž, Martin	M	1958	
ParlaMint-BA-en_2004-05-04-1	ParlaMint-BA_2004-05-04-1.u12527	Minutes of the Parliamentary Assembly of Bosnia and Herzegovina, Term 4, Session 35	2004-05-04	Unicameralism	4. mandat	-	Sjednica 35	2004-12-23	-	Reference	English	Regular	MP	notMinister	SDP_BiH	Socijaldemokratska partija Bosne i Hercegovine	Opposition	Centre-left	LagumdžijaZlatko	Lagumdžija, Zlatko	M	1955	
ParlaMint-BA-en_2004-05-04-1	ParlaMint-BA_2004-05-04-1.u12528	Minutes of the Parliamentary Assembly of Bosnia and Herzegovina, Term 4, Session 35	2004-05-04	Unicameralism	4. mandat	-	Sjednica 35	2004-12-23	-	Reference	English	Chairperson	MP	notMinister	HDZ_BiH	Hrvatska demokratska zajednica Bosne i Hercegovine	Opposition	Centre-right	RagužMartin	Raguž, Martin	M	1958	
ParlaMint-BA-en_2004-05-04-1	ParlaMint-BA_2004-05-04-1.u12529	Minutes of the Parliamentary Assembly of Bosnia and Herzegovina, Term 4, Session 35	2004-05-04	Unicameralism	4. mandat	-	Sjednica 35	2004-12-23	-	Reference	English	Regular	MP	notMinister	SDP_BiH	Socijaldemokratska partija Bosne i Hercegovine	Opposition	Centre-left	LagumdžijaZlatko	Lagumdžija, Zlatko	M	1955	
ParlaMint-BA-en_2004-05-04-1	ParlaMint-BA_2004-05-04-1.u12530	Minutes of the Parliamentary Assembly of Bosnia and Herzegovina, Term 4, Session 35	2004-05-04	Unicameralism	4. mandat	-	Sjednica 35	2004-12-23	-	Reference	English	Chairperson	MP	notMinister	HDZ_BiH	Hrvatska demokratska zajednica Bosne i Hercegovine	Opposition	Centre-right	RagužMartin	Raguž, Martin	M	1958	
ParlaMint-BA-en_2004-05-04-1	ParlaMint-BA_2004-05-04-1.u12531	Minutes of the Parliamentary Assembly of Bosnia and Herzegovina, Term 4, Session 35	2004-05-04	Unicameralism	4. mandat	-	Sjednica 35	2004-12-23	-	Reference	English	Regular	MP	notMinister	SDP_BiH	Socijaldemokratska partija Bosne i Hercegovine	Opposition	Centre-left	LagumdžijaZlatko	Lagumdžija, Zlatko	M	1955	
ParlaMint-BA-en_2004-05-04-1	ParlaMint-BA_2004-05-04-1.u12532	Minutes of the Parliamentary Assembly of Bosnia and Herzegovina, Term 4, Session 35	2004-05-04	Unicameralism	4. mandat	-	Sjednica 35	2004-12-23	-	Reference	English	Chairperson	MP	notMinister	HDZ_BiH	Hrvatska demokratska zajednica Bosne i Hercegovine	Opposition	Centre-right	RagužMartin	Raguž, Martin	M	1958	
ParlaMint-BA-en_2004-05-04-1	ParlaMint-BA_2004-05-04-1.u12533	Minutes of the Parliamentary Assembly of Bosnia and Herzegovina, Term 4, Session 35	2004-05-04	Unicameralism	4. mandat	-	Sjednica 35	2004-12-23	-	Reference	English	Regular	MP	notMinister	HDZ_BiH	Hrvatska demokratska zajednica Bosne i Hercegovine	Opposition	Centre-right	ZorićVinko	Zorić, Vinko	M	1961	
ParlaMint-BA-en_2004-05-04-1	ParlaMint-BA_2004-05-04-1.u12534	Minutes of the Parliamentary Assembly of Bosnia and Herzegovina, Term 4, Session 35	2004-05-04	Unicameralism	4. mandat	-	Sjednica 35	2004-12-23	-	Reference	English	Chairperson	MP	notMinister	HDZ_BiH	Hrvatska demokratska zajednica Bosne i Hercegovine	Opposition	Centre-right	RagužMartin	Raguž, Martin	M	1958	
ParlaMint-BA-en_2004-05-04-1	ParlaMint-BA_2004-05-04-1.u12535	Minutes of the Parliamentary Assembly of Bosnia and Herzegovina, Term 4, Session 35	2004-05-04	Unicameralism	4. mandat	-	Sjednica 35	2004-12-23	-	Reference	English	Regular	MP	notMinister	SDS	Srpska demokratska stranka	Opposition	Centre-right to right	NovakovićMomčilo	Novaković, Momčilo	M	1955	
ParlaMint-BA-en_2004-05-04-1	ParlaMint-BA_2004-05-04-1.u12536	Minutes of the Parliamentary Assembly of Bosnia and Herzegovina, Term 4, Session 35	2004-05-04	Unicameralism	4. mandat	-	Sjednica 35	2004-12-23	-	Reference	English	Chairperson	MP	notMinister	HDZ_BiH	Hrvatska demokratska zajednica Bosne i Hercegovine	Opposition	Centre-right	RagužMartin	Raguž, Martin	M	1958	
