Text_ID	ID	Title	Date	Body	Term	Session	Meeting	Sitting	Agenda	Subcorpus	Lang	Speaker_role	Speaker_MP	Speaker_minister	Speaker_party	Speaker_party_name	Party_status	Party_orientation	Speaker_ID	Speaker_name	Speaker_gender	Speaker_birth
ParlaMint-TR-en_2018-07-24-tbmm-T27	tbmm-2018-07-24sit01spe0001par0001	The Turkish parliamentary corpus ParlaMint-TR-en, Term 27, Year 1, Session 9	2018-07-24	Unicameralism	27	1	9	-	-	Reference	English	Chairperson	MP	notMinister	AKP	Justice and Development Party	Coalition	Right	Mustafa.Şentop	Şentop, Mustafa	M	1968	
ParlaMint-TR-en_2018-07-24-tbmm-T27	tbmm-2018-07-24sit01spe0002par0010	The Turkish parliamentary corpus ParlaMint-TR-en, Term 27, Year 1, Session 9	2018-07-24	Unicameralism	27	1	9	-	-	Reference	English	Regular	MP	notMinister	AKP	Justice and Development Party	Coalition	Right	İshak.Gazel	Gazel, İshak	M	1980	
ParlaMint-TR-en_2018-07-24-tbmm-T27	tbmm-2018-07-24sit01spe0003par0022	The Turkish parliamentary corpus ParlaMint-TR-en, Term 27, Year 1, Session 9	2018-07-24	Unicameralism	27	1	9	-	-	Reference	English	Chairperson	MP	notMinister	AKP	Justice and Development Party	Coalition	Right	Mustafa.Şentop	Şentop, Mustafa	M	1968	
ParlaMint-TR-en_2018-07-24-tbmm-T27	tbmm-2018-07-24sit01spe0002par0023	The Turkish parliamentary corpus ParlaMint-TR-en, Term 27, Year 1, Session 9	2018-07-24	Unicameralism	27	1	9	-	-	Reference	English	Regular	MP	notMinister	AKP	Justice and Development Party	Coalition	Right	İshak.Gazel	Gazel, İshak	M	1980	
ParlaMint-TR-en_2018-07-24-tbmm-T27	tbmm-2018-07-24sit01spe0003par0024	The Turkish parliamentary corpus ParlaMint-TR-en, Term 27, Year 1, Session 9	2018-07-24	Unicameralism	27	1	9	-	-	Reference	English	Chairperson	MP	notMinister	AKP	Justice and Development Party	Coalition	Right	Mustafa.Şentop	Şentop, Mustafa	M	1968	
ParlaMint-TR-en_2018-07-24-tbmm-T27	tbmm-2018-07-24sit01spe0002par0025	The Turkish parliamentary corpus ParlaMint-TR-en, Term 27, Year 1, Session 9	2018-07-24	Unicameralism	27	1	9	-	-	Reference	English	Regular	MP	notMinister	AKP	Justice and Development Party	Coalition	Right	İshak.Gazel	Gazel, İshak	M	1980	
ParlaMint-TR-en_2018-07-24-tbmm-T27	tbmm-2018-07-24sit01spe0003par0027	The Turkish parliamentary corpus ParlaMint-TR-en, Term 27, Year 1, Session 9	2018-07-24	Unicameralism	27	1	9	-	-	Reference	English	Chairperson	MP	notMinister	AKP	Justice and Development Party	Coalition	Right	Mustafa.Şentop	Şentop, Mustafa	M	1968	
ParlaMint-TR-en_2018-07-24-tbmm-T27	tbmm-2018-07-24sit01spe0004par0032	The Turkish parliamentary corpus ParlaMint-TR-en, Term 27, Year 1, Session 9	2018-07-24	Unicameralism	27	1	9	-	-	Reference	English	Regular	MP	notMinister	HDP	Peoples' Democratic Party	Opposition	Centre-left to left	Nimetullah.Erdoğmuş	Erdoğmuş, Nimetullah	M	1960	
ParlaMint-TR-en_2018-07-24-tbmm-T27	tbmm-2018-07-24sit01spe0005par0042	The Turkish parliamentary corpus ParlaMint-TR-en, Term 27, Year 1, Session 9	2018-07-24	Unicameralism	27	1	9	-	-	Reference	English	Chairperson	MP	notMinister	AKP	Justice and Development Party	Coalition	Right	Mustafa.Şentop	Şentop, Mustafa	M	1968	
ParlaMint-TR-en_2018-07-24-tbmm-T27	tbmm-2018-07-24sit01spe0006par0047	The Turkish parliamentary corpus ParlaMint-TR-en, Term 27, Year 1, Session 9	2018-07-24	Unicameralism	27	1	9	-	-	Reference	English	Regular	MP	notMinister	IYI	İYİ Party	Opposition	Centre-right	Ayhan.Erel	Erel, Ayhan	M	1957	
ParlaMint-TR-en_2018-07-24-tbmm-T27	tbmm-2018-07-24sit01spe0007par0051	The Turkish parliamentary corpus ParlaMint-TR-en, Term 27, Year 1, Session 9	2018-07-24	Unicameralism	27	1	9	-	-	Reference	English	Regular	MP	notMinister	CHP	Republican People's Party	Opposition	Centre-left	ÖmerFethi.Gürer	Gürer, Ömer Fethi	M	1957	
ParlaMint-TR-en_2018-07-24-tbmm-T27	tbmm-2018-07-24sit01spe0006par0052	The Turkish parliamentary corpus ParlaMint-TR-en, Term 27, Year 1, Session 9	2018-07-24	Unicameralism	27	1	9	-	-	Reference	English	Regular	MP	notMinister	IYI	İYİ Party	Opposition	Centre-right	Ayhan.Erel	Erel, Ayhan	M	1957	
ParlaMint-TR-en_2018-07-24-tbmm-T27	tbmm-2018-07-24sit01spe0008par0059	The Turkish parliamentary corpus ParlaMint-TR-en, Term 27, Year 1, Session 9	2018-07-24	Unicameralism	27	1	9	-	-	Reference	English	Chairperson	MP	notMinister	AKP	Justice and Development Party	Coalition	Right	Mustafa.Şentop	Şentop, Mustafa	M	1968	
ParlaMint-TR-en_2018-07-24-tbmm-T27	tbmm-2018-07-24sit01spe0009par0064	The Turkish parliamentary corpus ParlaMint-TR-en, Term 27, Year 1, Session 9	2018-07-24	Unicameralism	27	1	9	-	-	Reference	English	Regular	MP	notMinister	CHP	Republican People's Party	Opposition	Centre-left	Nurhayat.Altaca	Altaca Kayışoğlu, Nurhayat	F	1978	
ParlaMint-TR-en_2018-07-24-tbmm-T27	tbmm-2018-07-24sit01spe0008par0066	The Turkish parliamentary corpus ParlaMint-TR-en, Term 27, Year 1, Session 9	2018-07-24	Unicameralism	27	1	9	-	-	Reference	English	Chairperson	MP	notMinister	AKP	Justice and Development Party	Coalition	Right	Mustafa.Şentop	Şentop, Mustafa	M	1968	
ParlaMint-TR-en_2018-07-24-tbmm-T27	tbmm-2018-07-24sit01spe0010par0068	The Turkish parliamentary corpus ParlaMint-TR-en, Term 27, Year 1, Session 9	2018-07-24	Unicameralism	27	1	9	-	-	Reference	English	Regular	MP	notMinister	CHP	Republican People's Party	Opposition	Centre-left	ÖmerFethi.Gürer	Gürer, Ömer Fethi	M	1957	
ParlaMint-TR-en_2018-07-24-tbmm-T27	tbmm-2018-07-24sit01spe0011par0071	The Turkish parliamentary corpus ParlaMint-TR-en, Term 27, Year 1, Session 9	2018-07-24	Unicameralism	27	1	9	-	-	Reference	English	Chairperson	MP	notMinister	AKP	Justice and Development Party	Coalition	Right	Mustafa.Şentop	Şentop, Mustafa	M	1968	
ParlaMint-TR-en_2018-07-24-tbmm-T27	tbmm-2018-07-24sit01spe0012par0073	The Turkish parliamentary corpus ParlaMint-TR-en, Term 27, Year 1, Session 9	2018-07-24	Unicameralism	27	1	9	-	-	Reference	English	Regular	MP	notMinister	CHP	Republican People's Party	Opposition	Centre-left	Fatma.Kaplan	Kaplan Hürriyet, Fatma	F	1982	
ParlaMint-TR-en_2018-07-24-tbmm-T27	tbmm-2018-07-24sit01spe0013par0076	The Turkish parliamentary corpus ParlaMint-TR-en, Term 27, Year 1, Session 9	2018-07-24	Unicameralism	27	1	9	-	-	Reference	English	Chairperson	MP	notMinister	AKP	Justice and Development Party	Coalition	Right	Mustafa.Şentop	Şentop, Mustafa	M	1968	
ParlaMint-TR-en_2018-07-24-tbmm-T27	tbmm-2018-07-24sit01spe0014par0078	The Turkish parliamentary corpus ParlaMint-TR-en, Term 27, Year 1, Session 9	2018-07-24	Unicameralism	27	1	9	-	-	Reference	English	Regular	MP	notMinister	MHP	Nationalist Movement Party	-	Right to far-right	Baki.Şimşek	Şimşek, Baki	M	1969	
ParlaMint-TR-en_2018-07-24-tbmm-T27	tbmm-2018-07-24sit01spe0015par0081	The Turkish parliamentary corpus ParlaMint-TR-en, Term 27, Year 1, Session 9	2018-07-24	Unicameralism	27	1	9	-	-	Reference	English	Chairperson	MP	notMinister	AKP	Justice and Development Party	Coalition	Right	Mustafa.Şentop	Şentop, Mustafa	M	1968	
ParlaMint-TR-en_2018-07-24-tbmm-T27	tbmm-2018-07-24sit01spe0016par0083	The Turkish parliamentary corpus ParlaMint-TR-en, Term 27, Year 1, Session 9	2018-07-24	Unicameralism	27	1	9	-	-	Reference	English	Regular	MP	notMinister	AKP	Justice and Development Party	Coalition	Right	AliCumhur.Taşkın	Taşkın, Ali Cumhur	M	1967	
ParlaMint-TR-en_2018-07-24-tbmm-T27	tbmm-2018-07-24sit01spe0017par0087	The Turkish parliamentary corpus ParlaMint-TR-en, Term 27, Year 1, Session 9	2018-07-24	Unicameralism	27	1	9	-	-	Reference	English	Chairperson	MP	notMinister	AKP	Justice and Development Party	Coalition	Right	Mustafa.Şentop	Şentop, Mustafa	M	1968	
ParlaMint-TR-en_2018-07-24-tbmm-T27	tbmm-2018-07-24sit01spe0018par0089	The Turkish parliamentary corpus ParlaMint-TR-en, Term 27, Year 1, Session 9	2018-07-24	Unicameralism	27	1	9	-	-	Reference	English	Regular	MP	notMinister	CHP	Republican People's Party	Opposition	Centre-left	Erkan.Aydın	Aydın, Erkan	M	1974	
ParlaMint-TR-en_2018-07-24-tbmm-T27	tbmm-2018-07-24sit01spe0017par0091	The Turkish parliamentary corpus ParlaMint-TR-en, Term 27, Year 1, Session 9	2018-07-24	Unicameralism	27	1	9	-	-	Reference	English	Chairperson	MP	notMinister	AKP	Justice and Development Party	Coalition	Right	Mustafa.Şentop	Şentop, Mustafa	M	1968	
ParlaMint-TR-en_2018-07-24-tbmm-T27	tbmm-2018-07-24sit01spe0019par0093	The Turkish parliamentary corpus ParlaMint-TR-en, Term 27, Year 1, Session 9	2018-07-24	Unicameralism	27	1	9	-	-	Reference	English	Regular	MP	notMinister	CHP	Republican People's Party	Opposition	Centre-left	Çetin.Arık	Arık, Çetin	M	1971	
ParlaMint-TR-en_2018-07-24-tbmm-T27	tbmm-2018-07-24sit01spe0020par0099	The Turkish parliamentary corpus ParlaMint-TR-en, Term 27, Year 1, Session 9	2018-07-24	Unicameralism	27	1	9	-	-	Reference	English	Chairperson	MP	notMinister	AKP	Justice and Development Party	Coalition	Right	Mustafa.Şentop	Şentop, Mustafa	M	1968	
ParlaMint-TR-en_2018-07-24-tbmm-T27	tbmm-2018-07-24sit01spe0021par0101	The Turkish parliamentary corpus ParlaMint-TR-en, Term 27, Year 1, Session 9	2018-07-24	Unicameralism	27	1	9	-	-	Reference	English	Regular	MP	notMinister	AKP	Justice and Development Party	Coalition	Right	İmran.Kılıç	Kılıç, İmran	M	1957	
ParlaMint-TR-en_2018-07-24-tbmm-T27	tbmm-2018-07-24sit01spe0022par0104	The Turkish parliamentary corpus ParlaMint-TR-en, Term 27, Year 1, Session 9	2018-07-24	Unicameralism	27	1	9	-	-	Reference	English	Chairperson	MP	notMinister	AKP	Justice and Development Party	Coalition	Right	Mustafa.Şentop	Şentop, Mustafa	M	1968	
ParlaMint-TR-en_2018-07-24-tbmm-T27	tbmm-2018-07-24sit01spe0023par0106	The Turkish parliamentary corpus ParlaMint-TR-en, Term 27, Year 1, Session 9	2018-07-24	Unicameralism	27	1	9	-	-	Reference	English	Regular	MP	notMinister	CHP	Republican People's Party	Opposition	Centre-left	Serkan.Topal	Topal, Serkan	M	1976	
ParlaMint-TR-en_2018-07-24-tbmm-T27	tbmm-2018-07-24sit01spe0024par0110	The Turkish parliamentary corpus ParlaMint-TR-en, Term 27, Year 1, Session 9	2018-07-24	Unicameralism	27	1	9	-	-	Reference	English	Chairperson	MP	notMinister	AKP	Justice and Development Party	Coalition	Right	Mustafa.Şentop	Şentop, Mustafa	M	1968	
ParlaMint-TR-en_2018-07-24-tbmm-T27	tbmm-2018-07-24sit01spe0025par0112	The Turkish parliamentary corpus ParlaMint-TR-en, Term 27, Year 1, Session 9	2018-07-24	Unicameralism	27	1	9	-	-	Reference	English	Regular	MP	notMinister	MHP	Nationalist Movement Party	-	Right to far-right	Arzu.Erdem	Erdem, Arzu	F	1970	
ParlaMint-TR-en_2018-07-24-tbmm-T27	tbmm-2018-07-24sit01spe0024par0114	The Turkish parliamentary corpus ParlaMint-TR-en, Term 27, Year 1, Session 9	2018-07-24	Unicameralism	27	1	9	-	-	Reference	English	Chairperson	MP	notMinister	AKP	Justice and Development Party	Coalition	Right	Mustafa.Şentop	Şentop, Mustafa	M	1968	
ParlaMint-TR-en_2018-07-24-tbmm-T27	tbmm-2018-07-24sit01spe0025par0115	The Turkish parliamentary corpus ParlaMint-TR-en, Term 27, Year 1, Session 9	2018-07-24	Unicameralism	27	1	9	-	-	Reference	English	Regular	MP	notMinister	MHP	Nationalist Movement Party	-	Right to far-right	Arzu.Erdem	Erdem, Arzu	F	1970	
ParlaMint-TR-en_2018-07-24-tbmm-T27	tbmm-2018-07-24sit01spe0026par0118	The Turkish parliamentary corpus ParlaMint-TR-en, Term 27, Year 1, Session 9	2018-07-24	Unicameralism	27	1	9	-	-	Reference	English	Chairperson	MP	notMinister	AKP	Justice and Development Party	Coalition	Right	Mustafa.Şentop	Şentop, Mustafa	M	1968	
ParlaMint-TR-en_2018-07-24-tbmm-T27	tbmm-2018-07-24sit01spe0027par0120	The Turkish parliamentary corpus ParlaMint-TR-en, Term 27, Year 1, Session 9	2018-07-24	Unicameralism	27	1	9	-	-	Reference	English	Regular	MP	notMinister	CHP	Republican People's Party	Opposition	Centre-left	Ahmet.Akın	Akın, Ahmet	M	1973	
ParlaMint-TR-en_2018-07-24-tbmm-T27	tbmm-2018-07-24sit01spe0028par0123	The Turkish parliamentary corpus ParlaMint-TR-en, Term 27, Year 1, Session 9	2018-07-24	Unicameralism	27	1	9	-	-	Reference	English	Chairperson	MP	notMinister	AKP	Justice and Development Party	Coalition	Right	Mustafa.Şentop	Şentop, Mustafa	M	1968	
ParlaMint-TR-en_2018-07-24-tbmm-T27	tbmm-2018-07-24sit01spe0029par0125	The Turkish parliamentary corpus ParlaMint-TR-en, Term 27, Year 1, Session 9	2018-07-24	Unicameralism	27	1	9	-	-	Reference	English	Regular	MP	notMinister	AKP	Justice and Development Party	Coalition	Right	İlyas.Şeker	Şeker, İlyas	M	1960	
ParlaMint-TR-en_2018-07-24-tbmm-T27	tbmm-2018-07-24sit01spe0030par0128	The Turkish parliamentary corpus ParlaMint-TR-en, Term 27, Year 1, Session 9	2018-07-24	Unicameralism	27	1	9	-	-	Reference	English	Chairperson	MP	notMinister	AKP	Justice and Development Party	Coalition	Right	Mustafa.Şentop	Şentop, Mustafa	M	1968	
ParlaMint-TR-en_2018-07-24-tbmm-T27	tbmm-2018-07-24sit01spe0031par0130	The Turkish parliamentary corpus ParlaMint-TR-en, Term 27, Year 1, Session 9	2018-07-24	Unicameralism	27	1	9	-	-	Reference	English	Regular	MP	notMinister	CHP	Republican People's Party	Opposition	Centre-left	Sibel.Özdemir	Özdemir, Sibel	F	1979	
ParlaMint-TR-en_2018-07-24-tbmm-T27	tbmm-2018-07-24sit01spe0032par0133	The Turkish parliamentary corpus ParlaMint-TR-en, Term 27, Year 1, Session 9	2018-07-24	Unicameralism	27	1	9	-	-	Reference	English	Chairperson	MP	notMinister	AKP	Justice and Development Party	Coalition	Right	Mustafa.Şentop	Şentop, Mustafa	M	1968	
ParlaMint-TR-en_2018-07-24-tbmm-T27	tbmm-2018-07-24sit01spe0033par0135	The Turkish parliamentary corpus ParlaMint-TR-en, Term 27, Year 1, Session 9	2018-07-24	Unicameralism	27	1	9	-	-	Reference	English	Regular	MP	notMinister	AKP	Justice and Development Party	Coalition	Right	Selim.Yağcı	Yağcı, Selim	M	1966	
ParlaMint-TR-en_2018-07-24-tbmm-T27	tbmm-2018-07-24sit01spe0032par0137	The Turkish parliamentary corpus ParlaMint-TR-en, Term 27, Year 1, Session 9	2018-07-24	Unicameralism	27	1	9	-	-	Reference	English	Chairperson	MP	notMinister	AKP	Justice and Development Party	Coalition	Right	Mustafa.Şentop	Şentop, Mustafa	M	1968	
ParlaMint-TR-en_2018-07-24-tbmm-T27	tbmm-2018-07-24sit01spe0033par0138	The Turkish parliamentary corpus ParlaMint-TR-en, Term 27, Year 1, Session 9	2018-07-24	Unicameralism	27	1	9	-	-	Reference	English	Regular	MP	notMinister	AKP	Justice and Development Party	Coalition	Right	Selim.Yağcı	Yağcı, Selim	M	1966	
ParlaMint-TR-en_2018-07-24-tbmm-T27	tbmm-2018-07-24sit01spe0032par0140	The Turkish parliamentary corpus ParlaMint-TR-en, Term 27, Year 1, Session 9	2018-07-24	Unicameralism	27	1	9	-	-	Reference	English	Chairperson	MP	notMinister	AKP	Justice and Development Party	Coalition	Right	Mustafa.Şentop	Şentop, Mustafa	M	1968	
ParlaMint-TR-en_2018-07-24-tbmm-T27	tbmm-2018-07-24sit01spe0034par0142	The Turkish parliamentary corpus ParlaMint-TR-en, Term 27, Year 1, Session 9	2018-07-24	Unicameralism	27	1	9	-	-	Reference	English	Regular	MP	notMinister	AKP	Justice and Development Party	Coalition	Right	Hacı.Özkan	Özkan, Hacı	M	1963	
ParlaMint-TR-en_2018-07-24-tbmm-T27	tbmm-2018-07-24sit01spe0035par0146	The Turkish parliamentary corpus ParlaMint-TR-en, Term 27, Year 1, Session 9	2018-07-24	Unicameralism	27	1	9	-	-	Reference	English	Chairperson	MP	notMinister	AKP	Justice and Development Party	Coalition	Right	Mustafa.Şentop	Şentop, Mustafa	M	1968	
ParlaMint-TR-en_2018-07-24-tbmm-T27	tbmm-2018-07-24sit01spe0036par0150	The Turkish parliamentary corpus ParlaMint-TR-en, Term 27, Year 1, Session 9	2018-07-24	Unicameralism	27	1	9	-	-	Reference	English	Regular	MP	notMinister	IYI	İYİ Party	Opposition	Centre-right	Yavuz.Ağıralioğlu	Ağıralioğlu, Yavuz	M	1972	
ParlaMint-TR-en_2018-07-24-tbmm-T27	tbmm-2018-07-24sit01spe0035par0154	The Turkish parliamentary corpus ParlaMint-TR-en, Term 27, Year 1, Session 9	2018-07-24	Unicameralism	27	1	9	-	-	Reference	English	Chairperson	MP	notMinister	AKP	Justice and Development Party	Coalition	Right	Mustafa.Şentop	Şentop, Mustafa	M	1968	
ParlaMint-TR-en_2018-07-24-tbmm-T27	tbmm-2018-07-24sit01spe0036par0155	The Turkish parliamentary corpus ParlaMint-TR-en, Term 27, Year 1, Session 9	2018-07-24	Unicameralism	27	1	9	-	-	Reference	English	Regular	MP	notMinister	IYI	İYİ Party	Opposition	Centre-right	Yavuz.Ağıralioğlu	Ağıralioğlu, Yavuz	M	1972	
ParlaMint-TR-en_2018-07-24-tbmm-T27	tbmm-2018-07-24sit01spe0035par0157	The Turkish parliamentary corpus ParlaMint-TR-en, Term 27, Year 1, Session 9	2018-07-24	Unicameralism	27	1	9	-	-	Reference	English	Chairperson	MP	notMinister	AKP	Justice and Development Party	Coalition	Right	Mustafa.Şentop	Şentop, Mustafa	M	1968	
ParlaMint-TR-en_2018-07-24-tbmm-T27	tbmm-2018-07-24sit01spe0037par0159	The Turkish parliamentary corpus ParlaMint-TR-en, Term 27, Year 1, Session 9	2018-07-24	Unicameralism	27	1	9	-	-	Reference	English	Regular	MP	notMinister	MHP	Nationalist Movement Party	-	Right to far-right	Erhan.Usta	Usta, Erhan	M	1966	
ParlaMint-TR-en_2018-07-24-tbmm-T27	tbmm-2018-07-24sit01spe0038par0169	The Turkish parliamentary corpus ParlaMint-TR-en, Term 27, Year 1, Session 9	2018-07-24	Unicameralism	27	1	9	-	-	Reference	English	Chairperson	MP	notMinister	AKP	Justice and Development Party	Coalition	Right	Mustafa.Şentop	Şentop, Mustafa	M	1968	
ParlaMint-TR-en_2018-07-24-tbmm-T27	tbmm-2018-07-24sit01spe0039par0172	The Turkish parliamentary corpus ParlaMint-TR-en, Term 27, Year 1, Session 9	2018-07-24	Unicameralism	27	1	9	-	-	Reference	English	Regular	MP	notMinister	HDP	Peoples' Democratic Party	Opposition	Centre-left to left	Ayhan.Bilgen	Bilgen, Ayhan	M	1971	
ParlaMint-TR-en_2018-07-24-tbmm-T27	tbmm-2018-07-24sit01spe0040par0178	The Turkish parliamentary corpus ParlaMint-TR-en, Term 27, Year 1, Session 9	2018-07-24	Unicameralism	27	1	9	-	-	Reference	English	Chairperson	MP	notMinister	AKP	Justice and Development Party	Coalition	Right	Mustafa.Şentop	Şentop, Mustafa	M	1968	
ParlaMint-TR-en_2018-07-24-tbmm-T27	tbmm-2018-07-24sit01spe0041par0182	The Turkish parliamentary corpus ParlaMint-TR-en, Term 27, Year 1, Session 9	2018-07-24	Unicameralism	27	1	9	-	-	Reference	English	Regular	MP	notMinister	CHP	Republican People's Party	Opposition	Centre-left	AhmetÜnal.Çeviköz	Çeviköz, Ahmet Ünal	M	1952	
ParlaMint-TR-en_2018-07-24-tbmm-T27	tbmm-2018-07-24sit01spe0040par0183	The Turkish parliamentary corpus ParlaMint-TR-en, Term 27, Year 1, Session 9	2018-07-24	Unicameralism	27	1	9	-	-	Reference	English	Chairperson	MP	notMinister	AKP	Justice and Development Party	Coalition	Right	Mustafa.Şentop	Şentop, Mustafa	M	1968	
ParlaMint-TR-en_2018-07-24-tbmm-T27	tbmm-2018-07-24sit01spe0041par0184	The Turkish parliamentary corpus ParlaMint-TR-en, Term 27, Year 1, Session 9	2018-07-24	Unicameralism	27	1	9	-	-	Reference	English	Regular	MP	notMinister	CHP	Republican People's Party	Opposition	Centre-left	AhmetÜnal.Çeviköz	Çeviköz, Ahmet Ünal	M	1952	
ParlaMint-TR-en_2018-07-24-tbmm-T27	tbmm-2018-07-24sit01spe0042par0189	The Turkish parliamentary corpus ParlaMint-TR-en, Term 27, Year 1, Session 9	2018-07-24	Unicameralism	27	1	9	-	-	Reference	English	Chairperson	MP	notMinister	AKP	Justice and Development Party	Coalition	Right	Mustafa.Şentop	Şentop, Mustafa	M	1968	
ParlaMint-TR-en_2018-07-24-tbmm-T27	tbmm-2018-07-24sit01spe0041par0190	The Turkish parliamentary corpus ParlaMint-TR-en, Term 27, Year 1, Session 9	2018-07-24	Unicameralism	27	1	9	-	-	Reference	English	Regular	MP	notMinister	CHP	Republican People's Party	Opposition	Centre-left	AhmetÜnal.Çeviköz	Çeviköz, Ahmet Ünal	M	1952	
ParlaMint-TR-en_2018-07-24-tbmm-T27	tbmm-2018-07-24sit01spe0043par0194	The Turkish parliamentary corpus ParlaMint-TR-en, Term 27, Year 1, Session 9	2018-07-24	Unicameralism	27	1	9	-	-	Reference	English	Chairperson	MP	notMinister	AKP	Justice and Development Party	Coalition	Right	Mustafa.Şentop	Şentop, Mustafa	M	1968	
ParlaMint-TR-en_2018-07-24-tbmm-T27	tbmm-2018-07-24sit01spe0044par0196	The Turkish parliamentary corpus ParlaMint-TR-en, Term 27, Year 1, Session 9	2018-07-24	Unicameralism	27	1	9	-	-	Reference	English	Regular	MP	notMinister	AKP	Justice and Development Party	Coalition	Right	Bülent.Turan	Turan, Bülent	M	1975	
ParlaMint-TR-en_2018-07-24-tbmm-T27	tbmm-2018-07-24sit01spe0045par0200	The Turkish parliamentary corpus ParlaMint-TR-en, Term 27, Year 1, Session 9	2018-07-24	Unicameralism	27	1	9	-	-	Reference	English	Chairperson	MP	notMinister	AKP	Justice and Development Party	Coalition	Right	Mustafa.Şentop	Şentop, Mustafa	M	1968	
ParlaMint-TR-en_2018-07-24-tbmm-T27	tbmm-2018-07-24sit01spe0046par0255	The Turkish parliamentary corpus ParlaMint-TR-en, Term 27, Year 1, Session 9	2018-07-24	Unicameralism	27	1	9	-	-	Reference	English	Regular	MP	notMinister	IYI	İYİ Party	Opposition	Centre-right	Şenol.Sunat	Sunat, Şenol	F	1956	
ParlaMint-TR-en_2018-07-24-tbmm-T27	tbmm-2018-07-24sit01spe0047par0264	The Turkish parliamentary corpus ParlaMint-TR-en, Term 27, Year 1, Session 9	2018-07-24	Unicameralism	27	1	9	-	-	Reference	English	Chairperson	MP	notMinister	AKP	Justice and Development Party	Coalition	Right	Mustafa.Şentop	Şentop, Mustafa	M	1968	
ParlaMint-TR-en_2018-07-24-tbmm-T27	tbmm-2018-07-24sit01spe0048par0268	The Turkish parliamentary corpus ParlaMint-TR-en, Term 27, Year 1, Session 9	2018-07-24	Unicameralism	27	1	9	-	-	Reference	English	Regular	MP	notMinister	MHP	Nationalist Movement Party	-	Right to far-right	Baki.Şimşek	Şimşek, Baki	M	1969	
ParlaMint-TR-en_2018-07-24-tbmm-T27	tbmm-2018-07-24sit01spe0049par0276	The Turkish parliamentary corpus ParlaMint-TR-en, Term 27, Year 1, Session 9	2018-07-24	Unicameralism	27	1	9	-	-	Reference	English	Chairperson	MP	notMinister	AKP	Justice and Development Party	Coalition	Right	Mustafa.Şentop	Şentop, Mustafa	M	1968	
ParlaMint-TR-en_2018-07-24-tbmm-T27	tbmm-2018-07-24sit01spe0048par0277	The Turkish parliamentary corpus ParlaMint-TR-en, Term 27, Year 1, Session 9	2018-07-24	Unicameralism	27	1	9	-	-	Reference	English	Regular	MP	notMinister	MHP	Nationalist Movement Party	-	Right to far-right	Baki.Şimşek	Şimşek, Baki	M	1969	
ParlaMint-TR-en_2018-07-24-tbmm-T27	tbmm-2018-07-24sit01spe0049par0279	The Turkish parliamentary corpus ParlaMint-TR-en, Term 27, Year 1, Session 9	2018-07-24	Unicameralism	27	1	9	-	-	Reference	English	Chairperson	MP	notMinister	AKP	Justice and Development Party	Coalition	Right	Mustafa.Şentop	Şentop, Mustafa	M	1968	
ParlaMint-TR-en_2018-07-24-tbmm-T27	tbmm-2018-07-24sit01spe0050par0283	The Turkish parliamentary corpus ParlaMint-TR-en, Term 27, Year 1, Session 9	2018-07-24	Unicameralism	27	1	9	-	-	Reference	English	Regular	MP	notMinister	HDP	Peoples' Democratic Party	Opposition	Centre-left to left	Hüda.Kaya	Kaya, Hüda	F	1960	
ParlaMint-TR-en_2018-07-24-tbmm-T27	tbmm-2018-07-24sit01spe0051par0294	The Turkish parliamentary corpus ParlaMint-TR-en, Term 27, Year 1, Session 9	2018-07-24	Unicameralism	27	1	9	-	-	Reference	English	Chairperson	MP	notMinister	AKP	Justice and Development Party	Coalition	Right	Mustafa.Şentop	Şentop, Mustafa	M	1968	
ParlaMint-TR-en_2018-07-24-tbmm-T27	tbmm-2018-07-24sit01spe0052par0298	The Turkish parliamentary corpus ParlaMint-TR-en, Term 27, Year 1, Session 9	2018-07-24	Unicameralism	27	1	9	-	-	Reference	English	Regular	MP	notMinister	CHP	Republican People's Party	Opposition	Centre-left	Okan.Gaytancıoğlu	Gaytancıoğlu, Okan	M	1967	
ParlaMint-TR-en_2018-07-24-tbmm-T27	tbmm-2018-07-24sit01spe0053par0303	The Turkish parliamentary corpus ParlaMint-TR-en, Term 27, Year 1, Session 9	2018-07-24	Unicameralism	27	1	9	-	-	Reference	English	Chairperson	MP	notMinister	AKP	Justice and Development Party	Coalition	Right	Mustafa.Şentop	Şentop, Mustafa	M	1968	
ParlaMint-TR-en_2018-07-24-tbmm-T27	tbmm-2018-07-24sit01spe0052par0304	The Turkish parliamentary corpus ParlaMint-TR-en, Term 27, Year 1, Session 9	2018-07-24	Unicameralism	27	1	9	-	-	Reference	English	Regular	MP	notMinister	CHP	Republican People's Party	Opposition	Centre-left	Okan.Gaytancıoğlu	Gaytancıoğlu, Okan	M	1967	
ParlaMint-TR-en_2018-07-24-tbmm-T27	tbmm-2018-07-24sit01spe0053par0305	The Turkish parliamentary corpus ParlaMint-TR-en, Term 27, Year 1, Session 9	2018-07-24	Unicameralism	27	1	9	-	-	Reference	English	Chairperson	MP	notMinister	AKP	Justice and Development Party	Coalition	Right	Mustafa.Şentop	Şentop, Mustafa	M	1968	
ParlaMint-TR-en_2018-07-24-tbmm-T27	tbmm-2018-07-24sit01spe0052par0307	The Turkish parliamentary corpus ParlaMint-TR-en, Term 27, Year 1, Session 9	2018-07-24	Unicameralism	27	1	9	-	-	Reference	English	Regular	MP	notMinister	CHP	Republican People's Party	Opposition	Centre-left	Okan.Gaytancıoğlu	Gaytancıoğlu, Okan	M	1967	
ParlaMint-TR-en_2018-07-24-tbmm-T27	tbmm-2018-07-24sit01spe0053par0310	The Turkish parliamentary corpus ParlaMint-TR-en, Term 27, Year 1, Session 9	2018-07-24	Unicameralism	27	1	9	-	-	Reference	English	Chairperson	MP	notMinister	AKP	Justice and Development Party	Coalition	Right	Mustafa.Şentop	Şentop, Mustafa	M	1968	
ParlaMint-TR-en_2018-07-24-tbmm-T27	tbmm-2018-07-24sit01spe0054par0314	The Turkish parliamentary corpus ParlaMint-TR-en, Term 27, Year 1, Session 9	2018-07-24	Unicameralism	27	1	9	-	-	Reference	English	Regular	MP	notMinister	AKP	Justice and Development Party	Coalition	Right	MehmetHabib.Soluk	Soluk, Mehmet Habib	M	1950	
ParlaMint-TR-en_2018-07-24-tbmm-T27	tbmm-2018-07-24sit01spe0055par0320	The Turkish parliamentary corpus ParlaMint-TR-en, Term 27, Year 1, Session 9	2018-07-24	Unicameralism	27	1	9	-	-	Reference	English	Chairperson	MP	notMinister	AKP	Justice and Development Party	Coalition	Right	Mustafa.Şentop	Şentop, Mustafa	M	1968	
ParlaMint-TR-en_2018-07-24-tbmm-T27	tbmm-2018-07-24sit01spe0054par0321	The Turkish parliamentary corpus ParlaMint-TR-en, Term 27, Year 1, Session 9	2018-07-24	Unicameralism	27	1	9	-	-	Reference	English	Regular	MP	notMinister	AKP	Justice and Development Party	Coalition	Right	MehmetHabib.Soluk	Soluk, Mehmet Habib	M	1950	
ParlaMint-TR-en_2018-07-24-tbmm-T27	tbmm-2018-07-24sit01spe0056par0323	The Turkish parliamentary corpus ParlaMint-TR-en, Term 27, Year 1, Session 9	2018-07-24	Unicameralism	27	1	9	-	-	Reference	English	Regular	MP	notMinister	IYI	İYİ Party	Opposition	Centre-right	Şenol.Sunat	Sunat, Şenol	F	1956	
ParlaMint-TR-en_2018-07-24-tbmm-T27	tbmm-2018-07-24sit01spe0057par0324	The Turkish parliamentary corpus ParlaMint-TR-en, Term 27, Year 1, Session 9	2018-07-24	Unicameralism	27	1	9	-	-	Reference	English	Regular	MP	notMinister	CHP	Republican People's Party	Opposition	Centre-left	ÖmerFethi.Gürer	Gürer, Ömer Fethi	M	1957	
ParlaMint-TR-en_2018-07-24-tbmm-T27	tbmm-2018-07-24sit01spe0058par0325	The Turkish parliamentary corpus ParlaMint-TR-en, Term 27, Year 1, Session 9	2018-07-24	Unicameralism	27	1	9	-	-	Reference	English	Chairperson	MP	notMinister	AKP	Justice and Development Party	Coalition	Right	Mustafa.Şentop	Şentop, Mustafa	M	1968	
ParlaMint-TR-en_2018-07-24-tbmm-T27	tbmm-2018-07-24sit01spe0059par0327	The Turkish parliamentary corpus ParlaMint-TR-en, Term 27, Year 1, Session 9	2018-07-24	Unicameralism	27	1	9	-	-	Reference	English	Regular	MP	notMinister	AKP	Justice and Development Party	Coalition	Right	MehmetHabib.Soluk	Soluk, Mehmet Habib	M	1950	
ParlaMint-TR-en_2018-07-24-tbmm-T27	tbmm-2018-07-24sit01spe0060par0331	The Turkish parliamentary corpus ParlaMint-TR-en, Term 27, Year 1, Session 9	2018-07-24	Unicameralism	27	1	9	-	-	Reference	English	Chairperson	MP	notMinister	AKP	Justice and Development Party	Coalition	Right	Mustafa.Şentop	Şentop, Mustafa	M	1968	
ParlaMint-TR-en_2018-07-24-tbmm-T27	tbmm-2018-07-24sit01spe0061par0332	The Turkish parliamentary corpus ParlaMint-TR-en, Term 27, Year 1, Session 9	2018-07-24	Unicameralism	27	1	9	-	-	Reference	English	Regular	MP	notMinister	CHP	Republican People's Party	Opposition	Centre-left	Okan.Gaytancıoğlu	Gaytancıoğlu, Okan	M	1967	
ParlaMint-TR-en_2018-07-24-tbmm-T27	tbmm-2018-07-24sit01spe0060par0333	The Turkish parliamentary corpus ParlaMint-TR-en, Term 27, Year 1, Session 9	2018-07-24	Unicameralism	27	1	9	-	-	Reference	English	Chairperson	MP	notMinister	AKP	Justice and Development Party	Coalition	Right	Mustafa.Şentop	Şentop, Mustafa	M	1968	
ParlaMint-TR-en_2018-07-24-tbmm-T27	tbmm-2018-07-24sit01spe0061par0334	The Turkish parliamentary corpus ParlaMint-TR-en, Term 27, Year 1, Session 9	2018-07-24	Unicameralism	27	1	9	-	-	Reference	English	Regular	MP	notMinister	CHP	Republican People's Party	Opposition	Centre-left	Okan.Gaytancıoğlu	Gaytancıoğlu, Okan	M	1967	
ParlaMint-TR-en_2018-07-24-tbmm-T27	tbmm-2018-07-24sit01spe0060par0335	The Turkish parliamentary corpus ParlaMint-TR-en, Term 27, Year 1, Session 9	2018-07-24	Unicameralism	27	1	9	-	-	Reference	English	Chairperson	MP	notMinister	AKP	Justice and Development Party	Coalition	Right	Mustafa.Şentop	Şentop, Mustafa	M	1968	
ParlaMint-TR-en_2018-07-24-tbmm-T27	tbmm-2018-07-24sit01spe0061par0336	The Turkish parliamentary corpus ParlaMint-TR-en, Term 27, Year 1, Session 9	2018-07-24	Unicameralism	27	1	9	-	-	Reference	English	Regular	MP	notMinister	CHP	Republican People's Party	Opposition	Centre-left	Okan.Gaytancıoğlu	Gaytancıoğlu, Okan	M	1967	
ParlaMint-TR-en_2018-07-24-tbmm-T27	tbmm-2018-07-24sit01spe0060par0337	The Turkish parliamentary corpus ParlaMint-TR-en, Term 27, Year 1, Session 9	2018-07-24	Unicameralism	27	1	9	-	-	Reference	English	Chairperson	MP	notMinister	AKP	Justice and Development Party	Coalition	Right	Mustafa.Şentop	Şentop, Mustafa	M	1968	
ParlaMint-TR-en_2018-07-24-tbmm-T27	tbmm-2018-07-24sit01spe0061par0338	The Turkish parliamentary corpus ParlaMint-TR-en, Term 27, Year 1, Session 9	2018-07-24	Unicameralism	27	1	9	-	-	Reference	English	Regular	MP	notMinister	CHP	Republican People's Party	Opposition	Centre-left	Okan.Gaytancıoğlu	Gaytancıoğlu, Okan	M	1967	
ParlaMint-TR-en_2018-07-24-tbmm-T27	tbmm-2018-07-24sit01spe0060par0339	The Turkish parliamentary corpus ParlaMint-TR-en, Term 27, Year 1, Session 9	2018-07-24	Unicameralism	27	1	9	-	-	Reference	English	Chairperson	MP	notMinister	AKP	Justice and Development Party	Coalition	Right	Mustafa.Şentop	Şentop, Mustafa	M	1968	
ParlaMint-TR-en_2018-07-24-tbmm-T27	tbmm-2018-07-24sit01spe0061par0340	The Turkish parliamentary corpus ParlaMint-TR-en, Term 27, Year 1, Session 9	2018-07-24	Unicameralism	27	1	9	-	-	Reference	English	Regular	MP	notMinister	CHP	Republican People's Party	Opposition	Centre-left	Okan.Gaytancıoğlu	Gaytancıoğlu, Okan	M	1967	
ParlaMint-TR-en_2018-07-24-tbmm-T27	tbmm-2018-07-24sit01spe0060par0341	The Turkish parliamentary corpus ParlaMint-TR-en, Term 27, Year 1, Session 9	2018-07-24	Unicameralism	27	1	9	-	-	Reference	English	Chairperson	MP	notMinister	AKP	Justice and Development Party	Coalition	Right	Mustafa.Şentop	Şentop, Mustafa	M	1968	
ParlaMint-TR-en_2018-07-24-tbmm-T27	tbmm-2018-07-24sit01spe0062par0342	The Turkish parliamentary corpus ParlaMint-TR-en, Term 27, Year 1, Session 9	2018-07-24	Unicameralism	27	1	9	-	-	Reference	English	Regular	MP	notMinister	IYI	İYİ Party	Opposition	Centre-right	Yavuz.Ağıralioğlu	Ağıralioğlu, Yavuz	M	1972	
ParlaMint-TR-en_2018-07-24-tbmm-T27	tbmm-2018-07-24sit01spe0060par0343	The Turkish parliamentary corpus ParlaMint-TR-en, Term 27, Year 1, Session 9	2018-07-24	Unicameralism	27	1	9	-	-	Reference	English	Chairperson	MP	notMinister	AKP	Justice and Development Party	Coalition	Right	Mustafa.Şentop	Şentop, Mustafa	M	1968	
ParlaMint-TR-en_2018-07-24-tbmm-T27	tbmm-2018-07-24sit01spe0063par0345	The Turkish parliamentary corpus ParlaMint-TR-en, Term 27, Year 1, Session 9	2018-07-24	Unicameralism	27	1	9	-	-	Reference	English	Regular	MP	notMinister	CHP	Republican People's Party	Opposition	Centre-left	ÖmerFethi.Gürer	Gürer, Ömer Fethi	M	1957	
ParlaMint-TR-en_2018-07-24-tbmm-T27	tbmm-2018-07-24sit01spe0060par0346	The Turkish parliamentary corpus ParlaMint-TR-en, Term 27, Year 1, Session 9	2018-07-24	Unicameralism	27	1	9	-	-	Reference	English	Chairperson	MP	notMinister	AKP	Justice and Development Party	Coalition	Right	Mustafa.Şentop	Şentop, Mustafa	M	1968	
ParlaMint-TR-en_2018-07-24-tbmm-T27	tbmm-2018-07-24sit01spe0064par0358	The Turkish parliamentary corpus ParlaMint-TR-en, Term 27, Year 1, Session 9	2018-07-24	Unicameralism	27	1	9	-	-	Reference	English	Regular	MP	notMinister	HDP	Peoples' Democratic Party	Opposition	Centre-left to left	Meral.DanışBeştaş	Danış Beştaş, Meral	F	1967	
ParlaMint-TR-en_2018-07-24-tbmm-T27	tbmm-2018-07-24sit01spe0065par0363	The Turkish parliamentary corpus ParlaMint-TR-en, Term 27, Year 1, Session 9	2018-07-24	Unicameralism	27	1	9	-	-	Reference	English	Regular	MP	notMinister	AKP	Justice and Development Party	Coalition	Right	Habibe.Öçal	Öçal, Habibe	F	1968	
ParlaMint-TR-en_2018-07-24-tbmm-T27	tbmm-2018-07-24sit01spe0064par0364	The Turkish parliamentary corpus ParlaMint-TR-en, Term 27, Year 1, Session 9	2018-07-24	Unicameralism	27	1	9	-	-	Reference	English	Regular	MP	notMinister	HDP	Peoples' Democratic Party	Opposition	Centre-left to left	Meral.DanışBeştaş	Danış Beştaş, Meral	F	1967	
ParlaMint-TR-en_2018-07-24-tbmm-T27	tbmm-2018-07-24sit01spe0066par0365	The Turkish parliamentary corpus ParlaMint-TR-en, Term 27, Year 1, Session 9	2018-07-24	Unicameralism	27	1	9	-	-	Reference	English	Regular	MP	notMinister	AKP	Justice and Development Party	Coalition	Right	Bülent.Turan	Turan, Bülent	M	1975	
ParlaMint-TR-en_2018-07-24-tbmm-T27	tbmm-2018-07-24sit01spe0064par0366	The Turkish parliamentary corpus ParlaMint-TR-en, Term 27, Year 1, Session 9	2018-07-24	Unicameralism	27	1	9	-	-	Reference	English	Regular	MP	notMinister	HDP	Peoples' Democratic Party	Opposition	Centre-left to left	Meral.DanışBeştaş	Danış Beştaş, Meral	F	1967	
ParlaMint-TR-en_2018-07-24-tbmm-T27	tbmm-2018-07-24sit01spe0067par0368	The Turkish parliamentary corpus ParlaMint-TR-en, Term 27, Year 1, Session 9	2018-07-24	Unicameralism	27	1	9	-	-	Reference	English	Regular	MP	notMinister	AKP	Justice and Development Party	Coalition	Right	Zülfü.Demirbağ	Demirbağ, Zülfü	M	1956	
ParlaMint-TR-en_2018-07-24-tbmm-T27	tbmm-2018-07-24sit01spe0068par0369	The Turkish parliamentary corpus ParlaMint-TR-en, Term 27, Year 1, Session 9	2018-07-24	Unicameralism	27	1	9	-	-	Reference	English	Regular	MP	notMinister	AKP	Justice and Development Party	Coalition	Right	Habibe.Öçal	Öçal, Habibe	F	1968	
ParlaMint-TR-en_2018-07-24-tbmm-T27	tbmm-2018-07-24sit01spe0064par0370	The Turkish parliamentary corpus ParlaMint-TR-en, Term 27, Year 1, Session 9	2018-07-24	Unicameralism	27	1	9	-	-	Reference	English	Regular	MP	notMinister	HDP	Peoples' Democratic Party	Opposition	Centre-left to left	Meral.DanışBeştaş	Danış Beştaş, Meral	F	1967	
ParlaMint-TR-en_2018-07-24-tbmm-T27	tbmm-2018-07-24sit01spe0069par0371	The Turkish parliamentary corpus ParlaMint-TR-en, Term 27, Year 1, Session 9	2018-07-24	Unicameralism	27	1	9	-	-	Reference	English	Chairperson	MP	notMinister	AKP	Justice and Development Party	Coalition	Right	Mustafa.Şentop	Şentop, Mustafa	M	1968	
ParlaMint-TR-en_2018-07-24-tbmm-T27	tbmm-2018-07-24sit01spe0070par0374	The Turkish parliamentary corpus ParlaMint-TR-en, Term 27, Year 1, Session 9	2018-07-24	Unicameralism	27	1	9	-	-	Reference	English	Regular	MP	notMinister	AKP	Justice and Development Party	Coalition	Right	Oya.Eronat	Eronat, Oya	F	1962	
ParlaMint-TR-en_2018-07-24-tbmm-T27	tbmm-2018-07-24sit01spe0071par0375	The Turkish parliamentary corpus ParlaMint-TR-en, Term 27, Year 1, Session 9	2018-07-24	Unicameralism	27	1	9	-	-	Reference	English	Regular	MP	notMinister	HDP	Peoples' Democratic Party	Opposition	Centre-left to left	Meral.DanışBeştaş	Danış Beştaş, Meral	F	1967	
ParlaMint-TR-en_2018-07-24-tbmm-T27	tbmm-2018-07-24sit01spe0070par0376	The Turkish parliamentary corpus ParlaMint-TR-en, Term 27, Year 1, Session 9	2018-07-24	Unicameralism	27	1	9	-	-	Reference	English	Regular	MP	notMinister	AKP	Justice and Development Party	Coalition	Right	Oya.Eronat	Eronat, Oya	F	1962	
ParlaMint-TR-en_2018-07-24-tbmm-T27	tbmm-2018-07-24sit01spe0072par0377	The Turkish parliamentary corpus ParlaMint-TR-en, Term 27, Year 1, Session 9	2018-07-24	Unicameralism	27	1	9	-	-	Reference	English	Chairperson	MP	notMinister	AKP	Justice and Development Party	Coalition	Right	Mustafa.Şentop	Şentop, Mustafa	M	1968	
ParlaMint-TR-en_2018-07-24-tbmm-T27	tbmm-2018-07-24sit01spe0071par0378	The Turkish parliamentary corpus ParlaMint-TR-en, Term 27, Year 1, Session 9	2018-07-24	Unicameralism	27	1	9	-	-	Reference	English	Regular	MP	notMinister	HDP	Peoples' Democratic Party	Opposition	Centre-left to left	Meral.DanışBeştaş	Danış Beştaş, Meral	F	1967	
ParlaMint-TR-en_2018-07-24-tbmm-T27	tbmm-2018-07-24sit01spe0070par0379	The Turkish parliamentary corpus ParlaMint-TR-en, Term 27, Year 1, Session 9	2018-07-24	Unicameralism	27	1	9	-	-	Reference	English	Regular	MP	notMinister	AKP	Justice and Development Party	Coalition	Right	Oya.Eronat	Eronat, Oya	F	1962	
ParlaMint-TR-en_2018-07-24-tbmm-T27	tbmm-2018-07-24sit01spe0071par0380	The Turkish parliamentary corpus ParlaMint-TR-en, Term 27, Year 1, Session 9	2018-07-24	Unicameralism	27	1	9	-	-	Reference	English	Regular	MP	notMinister	HDP	Peoples' Democratic Party	Opposition	Centre-left to left	Meral.DanışBeştaş	Danış Beştaş, Meral	F	1967	
ParlaMint-TR-en_2018-07-24-tbmm-T27	tbmm-2018-07-24sit01spe0070par0381	The Turkish parliamentary corpus ParlaMint-TR-en, Term 27, Year 1, Session 9	2018-07-24	Unicameralism	27	1	9	-	-	Reference	English	Regular	MP	notMinister	AKP	Justice and Development Party	Coalition	Right	Oya.Eronat	Eronat, Oya	F	1962	
ParlaMint-TR-en_2018-07-24-tbmm-T27	tbmm-2018-07-24sit01spe0071par0382	The Turkish parliamentary corpus ParlaMint-TR-en, Term 27, Year 1, Session 9	2018-07-24	Unicameralism	27	1	9	-	-	Reference	English	Regular	MP	notMinister	HDP	Peoples' Democratic Party	Opposition	Centre-left to left	Meral.DanışBeştaş	Danış Beştaş, Meral	F	1967	
ParlaMint-TR-en_2018-07-24-tbmm-T27	tbmm-2018-07-24sit01spe0073par0383	The Turkish parliamentary corpus ParlaMint-TR-en, Term 27, Year 1, Session 9	2018-07-24	Unicameralism	27	1	9	-	-	Reference	English	Chairperson	MP	notMinister	AKP	Justice and Development Party	Coalition	Right	Mustafa.Şentop	Şentop, Mustafa	M	1968	
ParlaMint-TR-en_2018-07-24-tbmm-T27	tbmm-2018-07-24sit01spe0071par0384	The Turkish parliamentary corpus ParlaMint-TR-en, Term 27, Year 1, Session 9	2018-07-24	Unicameralism	27	1	9	-	-	Reference	English	Regular	MP	notMinister	HDP	Peoples' Democratic Party	Opposition	Centre-left to left	Meral.DanışBeştaş	Danış Beştaş, Meral	F	1967	
ParlaMint-TR-en_2018-07-24-tbmm-T27	tbmm-2018-07-24sit01spe0073par0385	The Turkish parliamentary corpus ParlaMint-TR-en, Term 27, Year 1, Session 9	2018-07-24	Unicameralism	27	1	9	-	-	Reference	English	Chairperson	MP	notMinister	AKP	Justice and Development Party	Coalition	Right	Mustafa.Şentop	Şentop, Mustafa	M	1968	
ParlaMint-TR-en_2018-07-24-tbmm-T27	tbmm-2018-07-24sit01spe0074par0386	The Turkish parliamentary corpus ParlaMint-TR-en, Term 27, Year 1, Session 9	2018-07-24	Unicameralism	27	1	9	-	-	Reference	English	Regular	MP	notMinister	CHP	Republican People's Party	Opposition	Centre-left	Nurhayat.Altaca	Altaca Kayışoğlu, Nurhayat	F	1978	
ParlaMint-TR-en_2018-07-24-tbmm-T27	tbmm-2018-07-24sit01spe0075par0394	The Turkish parliamentary corpus ParlaMint-TR-en, Term 27, Year 1, Session 9	2018-07-24	Unicameralism	27	1	9	-	-	Reference	English	Chairperson	MP	notMinister	AKP	Justice and Development Party	Coalition	Right	Mustafa.Şentop	Şentop, Mustafa	M	1968	
ParlaMint-TR-en_2018-07-24-tbmm-T27	tbmm-2018-07-24sit01spe0074par0395	The Turkish parliamentary corpus ParlaMint-TR-en, Term 27, Year 1, Session 9	2018-07-24	Unicameralism	27	1	9	-	-	Reference	English	Regular	MP	notMinister	CHP	Republican People's Party	Opposition	Centre-left	Nurhayat.Altaca	Altaca Kayışoğlu, Nurhayat	F	1978	
ParlaMint-TR-en_2018-07-24-tbmm-T27	tbmm-2018-07-24sit01spe0075par0397	The Turkish parliamentary corpus ParlaMint-TR-en, Term 27, Year 1, Session 9	2018-07-24	Unicameralism	27	1	9	-	-	Reference	English	Chairperson	MP	notMinister	AKP	Justice and Development Party	Coalition	Right	Mustafa.Şentop	Şentop, Mustafa	M	1968	
ParlaMint-TR-en_2018-07-24-tbmm-T27	tbmm-2018-07-24sit01spe0076par0400	The Turkish parliamentary corpus ParlaMint-TR-en, Term 27, Year 1, Session 9	2018-07-24	Unicameralism	27	1	9	-	-	Reference	English	Regular	MP	notMinister	AKP	Justice and Development Party	Coalition	Right	Kemal.Çelik	Çelik, Kemal	M	1956	
ParlaMint-TR-en_2018-07-24-tbmm-T27	tbmm-2018-07-24sit01spe0077par0404	The Turkish parliamentary corpus ParlaMint-TR-en, Term 27, Year 1, Session 9	2018-07-24	Unicameralism	27	1	9	-	-	Reference	English	Chairperson	MP	notMinister	AKP	Justice and Development Party	Coalition	Right	Mustafa.Şentop	Şentop, Mustafa	M	1968	
ParlaMint-TR-en_2018-07-24-tbmm-T27	tbmm-2018-07-24sit01spe0078par0405	The Turkish parliamentary corpus ParlaMint-TR-en, Term 27, Year 1, Session 9	2018-07-24	Unicameralism	27	1	9	-	-	Reference	English	Regular	MP	notMinister	HDP	Peoples' Democratic Party	Opposition	Centre-left to left	Ayhan.Bilgen	Bilgen, Ayhan	M	1971	
ParlaMint-TR-en_2018-07-24-tbmm-T27	tbmm-2018-07-24sit01spe0077par0406	The Turkish parliamentary corpus ParlaMint-TR-en, Term 27, Year 1, Session 9	2018-07-24	Unicameralism	27	1	9	-	-	Reference	English	Chairperson	MP	notMinister	AKP	Justice and Development Party	Coalition	Right	Mustafa.Şentop	Şentop, Mustafa	M	1968	
ParlaMint-TR-en_2018-07-24-tbmm-T27	tbmm-2018-07-24sit01spe0079par0407	The Turkish parliamentary corpus ParlaMint-TR-en, Term 27, Year 1, Session 9	2018-07-24	Unicameralism	27	1	9	-	-	Reference	English	Regular	MP	notMinister	AKP	Justice and Development Party	Coalition	Right	İbrahimHalil.Yıldız	Yıldız, İbrahim Halil	M	1976	
ParlaMint-TR-en_2018-07-24-tbmm-T27	tbmm-2018-07-24sit01spe0080par0418	The Turkish parliamentary corpus ParlaMint-TR-en, Term 27, Year 1, Session 9	2018-07-24	Unicameralism	27	1	9	-	-	Reference	English	Regular	MP	notMinister	HDP	Peoples' Democratic Party	Opposition	Centre-left to left	Hüda.Kaya	Kaya, Hüda	F	1960	
ParlaMint-TR-en_2018-07-24-tbmm-T27	tbmm-2018-07-24sit01spe0081par0419	The Turkish parliamentary corpus ParlaMint-TR-en, Term 27, Year 1, Session 9	2018-07-24	Unicameralism	27	1	9	-	-	Reference	English	Regular	MP	notMinister	AKP	Justice and Development Party	Coalition	Right	Ahmet.Uzer	Uzer, Ahmet	M	1956	
ParlaMint-TR-en_2018-07-24-tbmm-T27	tbmm-2018-07-24sit01spe0082par0420	The Turkish parliamentary corpus ParlaMint-TR-en, Term 27, Year 1, Session 9	2018-07-24	Unicameralism	27	1	9	-	-	Reference	English	Chairperson	MP	notMinister	AKP	Justice and Development Party	Coalition	Right	Mustafa.Şentop	Şentop, Mustafa	M	1968	
ParlaMint-TR-en_2018-07-24-tbmm-T27	tbmm-2018-07-24sit01spe0083par0421	The Turkish parliamentary corpus ParlaMint-TR-en, Term 27, Year 1, Session 9	2018-07-24	Unicameralism	27	1	9	-	-	Reference	English	Regular	MP	notMinister	AKP	Justice and Development Party	Coalition	Right	İbrahimHalil.Yıldız	Yıldız, İbrahim Halil	M	1976	
ParlaMint-TR-en_2018-07-24-tbmm-T27	tbmm-2018-07-24sit01spe0084par0422	The Turkish parliamentary corpus ParlaMint-TR-en, Term 27, Year 1, Session 9	2018-07-24	Unicameralism	27	1	9	-	-	Reference	English	Regular	MP	notMinister	HDP	Peoples' Democratic Party	Opposition	Centre-left to left	Hüda.Kaya	Kaya, Hüda	F	1960	
ParlaMint-TR-en_2018-07-24-tbmm-T27	tbmm-2018-07-24sit01spe0085par0423	The Turkish parliamentary corpus ParlaMint-TR-en, Term 27, Year 1, Session 9	2018-07-24	Unicameralism	27	1	9	-	-	Reference	English	Regular	MP	notMinister	HDP	Peoples' Democratic Party	Opposition	Centre-left to left	Ali.Kenanoğlu	Kenanoğlu, Ali	M	1971	
ParlaMint-TR-en_2018-07-24-tbmm-T27	tbmm-2018-07-24sit01spe0086par0425	The Turkish parliamentary corpus ParlaMint-TR-en, Term 27, Year 1, Session 9	2018-07-24	Unicameralism	27	1	9	-	-	Reference	English	Chairperson	MP	notMinister	AKP	Justice and Development Party	Coalition	Right	Mustafa.Şentop	Şentop, Mustafa	M	1968	
ParlaMint-TR-en_2018-07-24-tbmm-T27	tbmm-2018-07-24sit01spe0087par0426	The Turkish parliamentary corpus ParlaMint-TR-en, Term 27, Year 1, Session 9	2018-07-24	Unicameralism	27	1	9	-	-	Reference	English	Regular	MP	notMinister	AKP	Justice and Development Party	Coalition	Right	İbrahimHalil.Yıldız	Yıldız, İbrahim Halil	M	1976	
ParlaMint-TR-en_2018-07-24-tbmm-T27	tbmm-2018-07-24sit01spe0085par0427	The Turkish parliamentary corpus ParlaMint-TR-en, Term 27, Year 1, Session 9	2018-07-24	Unicameralism	27	1	9	-	-	Reference	English	Regular	MP	notMinister	HDP	Peoples' Democratic Party	Opposition	Centre-left to left	Ali.Kenanoğlu	Kenanoğlu, Ali	M	1971	
ParlaMint-TR-en_2018-07-24-tbmm-T27	tbmm-2018-07-24sit01spe0088par0428	The Turkish parliamentary corpus ParlaMint-TR-en, Term 27, Year 1, Session 9	2018-07-24	Unicameralism	27	1	9	-	-	Reference	English	Regular	MP	notMinister	HDP	Peoples' Democratic Party	Opposition	Centre-left to left	Meral.DanışBeştaş	Danış Beştaş, Meral	F	1967	
ParlaMint-TR-en_2018-07-24-tbmm-T27	tbmm-2018-07-24sit01spe0089par0429	The Turkish parliamentary corpus ParlaMint-TR-en, Term 27, Year 1, Session 9	2018-07-24	Unicameralism	27	1	9	-	-	Reference	English	Regular	MP	notMinister	HDP	Peoples' Democratic Party	Opposition	Centre-left to left	Hüda.Kaya	Kaya, Hüda	F	1960	
ParlaMint-TR-en_2018-07-24-tbmm-T27	tbmm-2018-07-24sit01spe0090par0430	The Turkish parliamentary corpus ParlaMint-TR-en, Term 27, Year 1, Session 9	2018-07-24	Unicameralism	27	1	9	-	-	Reference	English	Chairperson	MP	notMinister	AKP	Justice and Development Party	Coalition	Right	Mustafa.Şentop	Şentop, Mustafa	M	1968	
ParlaMint-TR-en_2018-07-24-tbmm-T27	tbmm-2018-07-24sit01spe0091par0431	The Turkish parliamentary corpus ParlaMint-TR-en, Term 27, Year 1, Session 9	2018-07-24	Unicameralism	27	1	9	-	-	Reference	English	Regular	MP	notMinister	AKP	Justice and Development Party	Coalition	Right	İbrahimHalil.Yıldız	Yıldız, İbrahim Halil	M	1976	
ParlaMint-TR-en_2018-07-24-tbmm-T27	tbmm-2018-07-24sit01spe0092par0432	The Turkish parliamentary corpus ParlaMint-TR-en, Term 27, Year 1, Session 9	2018-07-24	Unicameralism	27	1	9	-	-	Reference	English	Regular	MP	notMinister	HDP	Peoples' Democratic Party	Opposition	Centre-left to left	Ali.Kenanoğlu	Kenanoğlu, Ali	M	1971	
ParlaMint-TR-en_2018-07-24-tbmm-T27	tbmm-2018-07-24sit01spe0093par0433	The Turkish parliamentary corpus ParlaMint-TR-en, Term 27, Year 1, Session 9	2018-07-24	Unicameralism	27	1	9	-	-	Reference	English	Regular	MP	notMinister	HDP	Peoples' Democratic Party	Opposition	Centre-left to left	Hüda.Kaya	Kaya, Hüda	F	1960	
ParlaMint-TR-en_2018-07-24-tbmm-T27	tbmm-2018-07-24sit01spe0094par0434	The Turkish parliamentary corpus ParlaMint-TR-en, Term 27, Year 1, Session 9	2018-07-24	Unicameralism	27	1	9	-	-	Reference	English	Chairperson	MP	notMinister	AKP	Justice and Development Party	Coalition	Right	Mustafa.Şentop	Şentop, Mustafa	M	1968	
ParlaMint-TR-en_2018-07-24-tbmm-T27	tbmm-2018-07-24sit01spe0092par0435	The Turkish parliamentary corpus ParlaMint-TR-en, Term 27, Year 1, Session 9	2018-07-24	Unicameralism	27	1	9	-	-	Reference	English	Regular	MP	notMinister	HDP	Peoples' Democratic Party	Opposition	Centre-left to left	Ali.Kenanoğlu	Kenanoğlu, Ali	M	1971	
ParlaMint-TR-en_2018-07-24-tbmm-T27	tbmm-2018-07-24sit01spe0093par0436	The Turkish parliamentary corpus ParlaMint-TR-en, Term 27, Year 1, Session 9	2018-07-24	Unicameralism	27	1	9	-	-	Reference	English	Regular	MP	notMinister	HDP	Peoples' Democratic Party	Opposition	Centre-left to left	Hüda.Kaya	Kaya, Hüda	F	1960	
ParlaMint-TR-en_2018-07-24-tbmm-T27	tbmm-2018-07-24sit01spe0095par0437	The Turkish parliamentary corpus ParlaMint-TR-en, Term 27, Year 1, Session 9	2018-07-24	Unicameralism	27	1	9	-	-	Reference	English	Regular	MP	notMinister	HDP	Peoples' Democratic Party	Opposition	Centre-left to left	Zeynel.Özen	Özen, Zeynel	M	1957	
ParlaMint-TR-en_2018-07-24-tbmm-T27	tbmm-2018-07-24sit01spe0096par0438	The Turkish parliamentary corpus ParlaMint-TR-en, Term 27, Year 1, Session 9	2018-07-24	Unicameralism	27	1	9	-	-	Reference	English	Chairperson	MP	notMinister	AKP	Justice and Development Party	Coalition	Right	Mustafa.Şentop	Şentop, Mustafa	M	1968	
ParlaMint-TR-en_2018-07-24-tbmm-T27	tbmm-2018-07-24sit01spe0097par0439	The Turkish parliamentary corpus ParlaMint-TR-en, Term 27, Year 1, Session 9	2018-07-24	Unicameralism	27	1	9	-	-	Reference	English	Regular	MP	notMinister	AKP	Justice and Development Party	Coalition	Right	İbrahimHalil.Yıldız	Yıldız, İbrahim Halil	M	1976	
ParlaMint-TR-en_2018-07-24-tbmm-T27	tbmm-2018-07-24sit01spe0098par0441	The Turkish parliamentary corpus ParlaMint-TR-en, Term 27, Year 1, Session 9	2018-07-24	Unicameralism	27	1	9	-	-	Reference	English	Regular	MP	notMinister	HDP	Peoples' Democratic Party	Opposition	Centre-left to left	Hüda.Kaya	Kaya, Hüda	F	1960	
ParlaMint-TR-en_2018-07-24-tbmm-T27	tbmm-2018-07-24sit01spe0096par0442	The Turkish parliamentary corpus ParlaMint-TR-en, Term 27, Year 1, Session 9	2018-07-24	Unicameralism	27	1	9	-	-	Reference	English	Chairperson	MP	notMinister	AKP	Justice and Development Party	Coalition	Right	Mustafa.Şentop	Şentop, Mustafa	M	1968	
ParlaMint-TR-en_2018-07-24-tbmm-T27	tbmm-2018-07-24sit01spe0097par0443	The Turkish parliamentary corpus ParlaMint-TR-en, Term 27, Year 1, Session 9	2018-07-24	Unicameralism	27	1	9	-	-	Reference	English	Regular	MP	notMinister	AKP	Justice and Development Party	Coalition	Right	İbrahimHalil.Yıldız	Yıldız, İbrahim Halil	M	1976	
ParlaMint-TR-en_2018-07-24-tbmm-T27	tbmm-2018-07-24sit01spe0096par0445	The Turkish parliamentary corpus ParlaMint-TR-en, Term 27, Year 1, Session 9	2018-07-24	Unicameralism	27	1	9	-	-	Reference	English	Chairperson	MP	notMinister	AKP	Justice and Development Party	Coalition	Right	Mustafa.Şentop	Şentop, Mustafa	M	1968	
ParlaMint-TR-en_2018-07-24-tbmm-T27	tbmm-2018-07-24sit01spe0099par0446	The Turkish parliamentary corpus ParlaMint-TR-en, Term 27, Year 1, Session 9	2018-07-24	Unicameralism	27	1	9	-	-	Reference	English	Regular	MP	notMinister	HDP	Peoples' Democratic Party	Opposition	Centre-left to left	Hüda.Kaya	Kaya, Hüda	F	1960	
ParlaMint-TR-en_2018-07-24-tbmm-T27	tbmm-2018-07-24sit01spe0097par0447	The Turkish parliamentary corpus ParlaMint-TR-en, Term 27, Year 1, Session 9	2018-07-24	Unicameralism	27	1	9	-	-	Reference	English	Regular	MP	notMinister	AKP	Justice and Development Party	Coalition	Right	İbrahimHalil.Yıldız	Yıldız, İbrahim Halil	M	1976	
ParlaMint-TR-en_2018-07-24-tbmm-T27	tbmm-2018-07-24sit01spe0096par0448	The Turkish parliamentary corpus ParlaMint-TR-en, Term 27, Year 1, Session 9	2018-07-24	Unicameralism	27	1	9	-	-	Reference	English	Chairperson	MP	notMinister	AKP	Justice and Development Party	Coalition	Right	Mustafa.Şentop	Şentop, Mustafa	M	1968	
ParlaMint-TR-en_2018-07-24-tbmm-T27	tbmm-2018-07-24sit01spe0097par0449	The Turkish parliamentary corpus ParlaMint-TR-en, Term 27, Year 1, Session 9	2018-07-24	Unicameralism	27	1	9	-	-	Reference	English	Regular	MP	notMinister	AKP	Justice and Development Party	Coalition	Right	İbrahimHalil.Yıldız	Yıldız, İbrahim Halil	M	1976	
ParlaMint-TR-en_2018-07-24-tbmm-T27	tbmm-2018-07-24sit01spe0100par0451	The Turkish parliamentary corpus ParlaMint-TR-en, Term 27, Year 1, Session 9	2018-07-24	Unicameralism	27	1	9	-	-	Reference	English	Regular	MP	notMinister	HDP	Peoples' Democratic Party	Opposition	Centre-left to left	Hüda.Kaya	Kaya, Hüda	F	1960	
ParlaMint-TR-en_2018-07-24-tbmm-T27	tbmm-2018-07-24sit01spe0096par0452	The Turkish parliamentary corpus ParlaMint-TR-en, Term 27, Year 1, Session 9	2018-07-24	Unicameralism	27	1	9	-	-	Reference	English	Chairperson	MP	notMinister	AKP	Justice and Development Party	Coalition	Right	Mustafa.Şentop	Şentop, Mustafa	M	1968	
ParlaMint-TR-en_2018-07-24-tbmm-T27	tbmm-2018-07-24sit01spe0101par0453	The Turkish parliamentary corpus ParlaMint-TR-en, Term 27, Year 1, Session 9	2018-07-24	Unicameralism	27	1	9	-	-	Reference	English	Regular	MP	notMinister	HDP	Peoples' Democratic Party	Opposition	Centre-left to left	Meral.DanışBeştaş	Danış Beştaş, Meral	F	1967	
ParlaMint-TR-en_2018-07-24-tbmm-T27	tbmm-2018-07-24sit01spe0096par0454	The Turkish parliamentary corpus ParlaMint-TR-en, Term 27, Year 1, Session 9	2018-07-24	Unicameralism	27	1	9	-	-	Reference	English	Chairperson	MP	notMinister	AKP	Justice and Development Party	Coalition	Right	Mustafa.Şentop	Şentop, Mustafa	M	1968	
ParlaMint-TR-en_2018-07-24-tbmm-T27	tbmm-2018-07-24sit01spe0102par0455	The Turkish parliamentary corpus ParlaMint-TR-en, Term 27, Year 1, Session 9	2018-07-24	Unicameralism	27	1	9	-	-	Reference	English	Regular	MP	notMinister	HDP	Peoples' Democratic Party	Opposition	Centre-left to left	Ayhan.Bilgen	Bilgen, Ayhan	M	1971	
ParlaMint-TR-en_2018-07-24-tbmm-T27	tbmm-2018-07-24sit01spe0103par0456	The Turkish parliamentary corpus ParlaMint-TR-en, Term 27, Year 1, Session 9	2018-07-24	Unicameralism	27	1	9	-	-	Reference	English	Regular	MP	notMinister	AKP	Justice and Development Party	Coalition	Right	Bülent.Turan	Turan, Bülent	M	1975	
ParlaMint-TR-en_2018-07-24-tbmm-T27	tbmm-2018-07-24sit01spe0096par0457	The Turkish parliamentary corpus ParlaMint-TR-en, Term 27, Year 1, Session 9	2018-07-24	Unicameralism	27	1	9	-	-	Reference	English	Chairperson	MP	notMinister	AKP	Justice and Development Party	Coalition	Right	Mustafa.Şentop	Şentop, Mustafa	M	1968	
ParlaMint-TR-en_2018-07-24-tbmm-T27	tbmm-2018-07-24sit01spe0104par0459	The Turkish parliamentary corpus ParlaMint-TR-en, Term 27, Year 1, Session 9	2018-07-24	Unicameralism	27	1	9	-	-	Reference	English	Regular	MP	notMinister	HDP	Peoples' Democratic Party	Opposition	Centre-left to left	Meral.DanışBeştaş	Danış Beştaş, Meral	F	1967	
ParlaMint-TR-en_2018-07-24-tbmm-T27	tbmm-2018-07-24sit01spe0105par0465	The Turkish parliamentary corpus ParlaMint-TR-en, Term 27, Year 1, Session 9	2018-07-24	Unicameralism	27	1	9	-	-	Reference	English	Chairperson	MP	notMinister	AKP	Justice and Development Party	Coalition	Right	Mustafa.Şentop	Şentop, Mustafa	M	1968	
ParlaMint-TR-en_2018-07-24-tbmm-T27	tbmm-2018-07-24sit01spe0106par0469	The Turkish parliamentary corpus ParlaMint-TR-en, Term 27, Year 1, Session 9	2018-07-24	Unicameralism	27	1	9	-	-	Reference	English	Regular	MP	notMinister	HDP	Peoples' Democratic Party	Opposition	Centre-left to left	Ayhan.Bilgen	Bilgen, Ayhan	M	1971	
ParlaMint-TR-en_2018-07-24-tbmm-T27	tbmm-2018-07-24sit01spe0107par0473	The Turkish parliamentary corpus ParlaMint-TR-en, Term 27, Year 1, Session 9	2018-07-24	Unicameralism	27	1	9	-	-	Reference	English	Chairperson	MP	notMinister	AKP	Justice and Development Party	Coalition	Right	Mustafa.Şentop	Şentop, Mustafa	M	1968	
ParlaMint-TR-en_2018-07-24-tbmm-T27	tbmm-2018-07-24sit01spe0106par0474	The Turkish parliamentary corpus ParlaMint-TR-en, Term 27, Year 1, Session 9	2018-07-24	Unicameralism	27	1	9	-	-	Reference	English	Regular	MP	notMinister	HDP	Peoples' Democratic Party	Opposition	Centre-left to left	Ayhan.Bilgen	Bilgen, Ayhan	M	1971	
ParlaMint-TR-en_2018-07-24-tbmm-T27	tbmm-2018-07-24sit01spe0107par0475	The Turkish parliamentary corpus ParlaMint-TR-en, Term 27, Year 1, Session 9	2018-07-24	Unicameralism	27	1	9	-	-	Reference	English	Chairperson	MP	notMinister	AKP	Justice and Development Party	Coalition	Right	Mustafa.Şentop	Şentop, Mustafa	M	1968	
ParlaMint-TR-en_2018-07-24-tbmm-T27	tbmm-2018-07-24sit01spe0106par0476	The Turkish parliamentary corpus ParlaMint-TR-en, Term 27, Year 1, Session 9	2018-07-24	Unicameralism	27	1	9	-	-	Reference	English	Regular	MP	notMinister	HDP	Peoples' Democratic Party	Opposition	Centre-left to left	Ayhan.Bilgen	Bilgen, Ayhan	M	1971	
ParlaMint-TR-en_2018-07-24-tbmm-T27	tbmm-2018-07-24sit01spe0107par0477	The Turkish parliamentary corpus ParlaMint-TR-en, Term 27, Year 1, Session 9	2018-07-24	Unicameralism	27	1	9	-	-	Reference	English	Chairperson	MP	notMinister	AKP	Justice and Development Party	Coalition	Right	Mustafa.Şentop	Şentop, Mustafa	M	1968	
ParlaMint-TR-en_2018-07-24-tbmm-T27	tbmm-2018-07-24sit01spe0106par0478	The Turkish parliamentary corpus ParlaMint-TR-en, Term 27, Year 1, Session 9	2018-07-24	Unicameralism	27	1	9	-	-	Reference	English	Regular	MP	notMinister	HDP	Peoples' Democratic Party	Opposition	Centre-left to left	Ayhan.Bilgen	Bilgen, Ayhan	M	1971	
ParlaMint-TR-en_2018-07-24-tbmm-T27	tbmm-2018-07-24sit01spe0108par0479	The Turkish parliamentary corpus ParlaMint-TR-en, Term 27, Year 1, Session 9	2018-07-24	Unicameralism	27	1	9	-	-	Reference	English	Regular	MP	notMinister	AKP	Justice and Development Party	Coalition	Right	Bülent.Turan	Turan, Bülent	M	1975	
ParlaMint-TR-en_2018-07-24-tbmm-T27	tbmm-2018-07-24sit01spe0107par0480	The Turkish parliamentary corpus ParlaMint-TR-en, Term 27, Year 1, Session 9	2018-07-24	Unicameralism	27	1	9	-	-	Reference	English	Chairperson	MP	notMinister	AKP	Justice and Development Party	Coalition	Right	Mustafa.Şentop	Şentop, Mustafa	M	1968	
ParlaMint-TR-en_2018-07-24-tbmm-T27	tbmm-2018-07-24sit01spe0108par0482	The Turkish parliamentary corpus ParlaMint-TR-en, Term 27, Year 1, Session 9	2018-07-24	Unicameralism	27	1	9	-	-	Reference	English	Regular	MP	notMinister	AKP	Justice and Development Party	Coalition	Right	Bülent.Turan	Turan, Bülent	M	1975	
ParlaMint-TR-en_2018-07-24-tbmm-T27	tbmm-2018-07-24sit01spe0107par0483	The Turkish parliamentary corpus ParlaMint-TR-en, Term 27, Year 1, Session 9	2018-07-24	Unicameralism	27	1	9	-	-	Reference	English	Chairperson	MP	notMinister	AKP	Justice and Development Party	Coalition	Right	Mustafa.Şentop	Şentop, Mustafa	M	1968	
ParlaMint-TR-en_2018-07-24-tbmm-T27	tbmm-2018-07-24sit01spe0109par0501	The Turkish parliamentary corpus ParlaMint-TR-en, Term 27, Year 1, Session 9	2018-07-24	Unicameralism	27	1	9	-	-	Reference	English	Regular	MP	notMinister	CHP	Republican People's Party	Opposition	Centre-left	Utku.Çakırözer	Çakırözer, Utku	M	1970	
ParlaMint-TR-en_2018-07-24-tbmm-T27	tbmm-2018-07-24sit01spe0110par0512	The Turkish parliamentary corpus ParlaMint-TR-en, Term 27, Year 1, Session 9	2018-07-24	Unicameralism	27	1	9	-	-	Reference	English	Chairperson	MP	notMinister	AKP	Justice and Development Party	Coalition	Right	Mustafa.Şentop	Şentop, Mustafa	M	1968	
ParlaMint-TR-en_2018-07-24-tbmm-T27	tbmm-2018-07-24sit01spe0111par0516	The Turkish parliamentary corpus ParlaMint-TR-en, Term 27, Year 1, Session 9	2018-07-24	Unicameralism	27	1	9	-	-	Reference	English	Regular	MP	notMinister	IYI	İYİ Party	Opposition	Centre-right	Hayrettin.Nuhoğlu	Nuhoğlu, Hayrettin	M	1953	
ParlaMint-TR-en_2018-07-24-tbmm-T27	tbmm-2018-07-24sit01spe0112par0527	The Turkish parliamentary corpus ParlaMint-TR-en, Term 27, Year 1, Session 9	2018-07-24	Unicameralism	27	1	9	-	-	Reference	English	Regular	MP	notMinister	AKP	Justice and Development Party	Coalition	Right	Bülent.Turan	Turan, Bülent	M	1975	
ParlaMint-TR-en_2018-07-24-tbmm-T27	tbmm-2018-07-24sit01spe0113par0528	The Turkish parliamentary corpus ParlaMint-TR-en, Term 27, Year 1, Session 9	2018-07-24	Unicameralism	27	1	9	-	-	Reference	English	Chairperson	MP	notMinister	AKP	Justice and Development Party	Coalition	Right	Mustafa.Şentop	Şentop, Mustafa	M	1968	
ParlaMint-TR-en_2018-07-24-tbmm-T27	tbmm-2018-07-24sit01spe0112par0529	The Turkish parliamentary corpus ParlaMint-TR-en, Term 27, Year 1, Session 9	2018-07-24	Unicameralism	27	1	9	-	-	Reference	English	Regular	MP	notMinister	AKP	Justice and Development Party	Coalition	Right	Bülent.Turan	Turan, Bülent	M	1975	
ParlaMint-TR-en_2018-07-24-tbmm-T27	tbmm-2018-07-24sit01spe0114par0533	The Turkish parliamentary corpus ParlaMint-TR-en, Term 27, Year 1, Session 9	2018-07-24	Unicameralism	27	1	9	-	-	Reference	English	Chairperson	MP	notMinister	AKP	Justice and Development Party	Coalition	Right	Mustafa.Şentop	Şentop, Mustafa	M	1968	
ParlaMint-TR-en_2018-07-24-tbmm-T27	tbmm-2018-07-24sit01spe0115par0537	The Turkish parliamentary corpus ParlaMint-TR-en, Term 27, Year 1, Session 9	2018-07-24	Unicameralism	27	1	9	-	-	Reference	English	Regular	MP	notMinister	MHP	Nationalist Movement Party	-	Right to far-right	İsmail.Özdemir	Özdemir, İsmail	M	1985	
ParlaMint-TR-en_2018-07-24-tbmm-T27	tbmm-2018-07-24sit01spe0116par0543	The Turkish parliamentary corpus ParlaMint-TR-en, Term 27, Year 1, Session 9	2018-07-24	Unicameralism	27	1	9	-	-	Reference	English	Chairperson	MP	notMinister	AKP	Justice and Development Party	Coalition	Right	Mustafa.Şentop	Şentop, Mustafa	M	1968	
ParlaMint-TR-en_2018-07-24-tbmm-T27	tbmm-2018-07-24sit01spe0117par0547	The Turkish parliamentary corpus ParlaMint-TR-en, Term 27, Year 1, Session 9	2018-07-24	Unicameralism	27	1	9	-	-	Reference	English	Regular	MP	notMinister	HDP	Peoples' Democratic Party	Opposition	Centre-left to left	HakkıSaruhan.Oluç	Oluç, Hakkı Saruhan	M	1958	
ParlaMint-TR-en_2018-07-24-tbmm-T27	tbmm-2018-07-24sit01spe0118par0557	The Turkish parliamentary corpus ParlaMint-TR-en, Term 27, Year 1, Session 9	2018-07-24	Unicameralism	27	1	9	-	-	Reference	English	Chairperson	MP	notMinister	AKP	Justice and Development Party	Coalition	Right	Mustafa.Şentop	Şentop, Mustafa	M	1968	
ParlaMint-TR-en_2018-07-24-tbmm-T27	tbmm-2018-07-24sit01spe0119par0561	The Turkish parliamentary corpus ParlaMint-TR-en, Term 27, Year 1, Session 9	2018-07-24	Unicameralism	27	1	9	-	-	Reference	English	Regular	MP	notMinister	AKP	Justice and Development Party	Coalition	Right	Hüseyin.Yayman	Yayman, Hüseyin	M	1969	
ParlaMint-TR-en_2018-07-24-tbmm-T27	tbmm-2018-07-24sit01spe0120par0567	The Turkish parliamentary corpus ParlaMint-TR-en, Term 27, Year 1, Session 9	2018-07-24	Unicameralism	27	1	9	-	-	Reference	English	Guest	notMP	notMinister	-	-	-	-	AkParti	Parti, Ak	U	-	
ParlaMint-TR-en_2018-07-24-tbmm-T27	tbmm-2018-07-24sit01spe0121par0568	The Turkish parliamentary corpus ParlaMint-TR-en, Term 27, Year 1, Session 9	2018-07-24	Unicameralism	27	1	9	-	-	Reference	English	Regular	MP	notMinister	CHP	Republican People's Party	Opposition	Centre-left	Ali.Öztunç	Öztunç, Ali	M	1976	
ParlaMint-TR-en_2018-07-24-tbmm-T27	tbmm-2018-07-24sit01spe0122par0569	The Turkish parliamentary corpus ParlaMint-TR-en, Term 27, Year 1, Session 9	2018-07-24	Unicameralism	27	1	9	-	-	Reference	English	Regular	MP	notMinister	CHP	Republican People's Party	Opposition	Centre-left	Turan.Aydoğan	Aydoğan, Turan	M	1964	
ParlaMint-TR-en_2018-07-24-tbmm-T27	tbmm-2018-07-24sit01spe0123par0570	The Turkish parliamentary corpus ParlaMint-TR-en, Term 27, Year 1, Session 9	2018-07-24	Unicameralism	27	1	9	-	-	Reference	English	Chairperson	MP	notMinister	AKP	Justice and Development Party	Coalition	Right	Mustafa.Şentop	Şentop, Mustafa	M	1968	
ParlaMint-TR-en_2018-07-24-tbmm-T27	tbmm-2018-07-24sit01spe0124par0571	The Turkish parliamentary corpus ParlaMint-TR-en, Term 27, Year 1, Session 9	2018-07-24	Unicameralism	27	1	9	-	-	Reference	English	Regular	MP	notMinister	AKP	Justice and Development Party	Coalition	Right	Hüseyin.Yayman	Yayman, Hüseyin	M	1969	
ParlaMint-TR-en_2018-07-24-tbmm-T27	tbmm-2018-07-24sit01spe0125par0577	The Turkish parliamentary corpus ParlaMint-TR-en, Term 27, Year 1, Session 9	2018-07-24	Unicameralism	27	1	9	-	-	Reference	English	Chairperson	MP	notMinister	AKP	Justice and Development Party	Coalition	Right	Mustafa.Şentop	Şentop, Mustafa	M	1968	
ParlaMint-TR-en_2018-07-24-tbmm-T27	tbmm-2018-07-24sit01spe0126par0579	The Turkish parliamentary corpus ParlaMint-TR-en, Term 27, Year 1, Session 9	2018-07-24	Unicameralism	27	1	9	-	-	Reference	English	Regular	MP	notMinister	CHP	Republican People's Party	Opposition	Centre-left	Utku.Çakırözer	Çakırözer, Utku	M	1970	
ParlaMint-TR-en_2018-07-24-tbmm-T27	tbmm-2018-07-24sit01spe0125par0580	The Turkish parliamentary corpus ParlaMint-TR-en, Term 27, Year 1, Session 9	2018-07-24	Unicameralism	27	1	9	-	-	Reference	English	Chairperson	MP	notMinister	AKP	Justice and Development Party	Coalition	Right	Mustafa.Şentop	Şentop, Mustafa	M	1968	
ParlaMint-TR-en_2018-07-24-tbmm-T27	tbmm-2018-07-24sit01spe0126par0581	The Turkish parliamentary corpus ParlaMint-TR-en, Term 27, Year 1, Session 9	2018-07-24	Unicameralism	27	1	9	-	-	Reference	English	Regular	MP	notMinister	CHP	Republican People's Party	Opposition	Centre-left	Utku.Çakırözer	Çakırözer, Utku	M	1970	
ParlaMint-TR-en_2018-07-24-tbmm-T27	tbmm-2018-07-24sit01spe0125par0582	The Turkish parliamentary corpus ParlaMint-TR-en, Term 27, Year 1, Session 9	2018-07-24	Unicameralism	27	1	9	-	-	Reference	English	Chairperson	MP	notMinister	AKP	Justice and Development Party	Coalition	Right	Mustafa.Şentop	Şentop, Mustafa	M	1968	
ParlaMint-TR-en_2018-07-24-tbmm-T27	tbmm-2018-07-24sit01spe0127par0583	The Turkish parliamentary corpus ParlaMint-TR-en, Term 27, Year 1, Session 9	2018-07-24	Unicameralism	27	1	9	-	-	Reference	English	Regular	MP	notMinister	AKP	Justice and Development Party	Coalition	Right	OsmanAşkın.Bak	Bak, Osman Aşkın	M	1966	
ParlaMint-TR-en_2018-07-24-tbmm-T27	tbmm-2018-07-24sit01spe0128par0584	The Turkish parliamentary corpus ParlaMint-TR-en, Term 27, Year 1, Session 9	2018-07-24	Unicameralism	27	1	9	-	-	Reference	English	Regular	MP	notMinister	AKP	Justice and Development Party	Coalition	Right	Hüseyin.Yayman	Yayman, Hüseyin	M	1969	
ParlaMint-TR-en_2018-07-24-tbmm-T27	tbmm-2018-07-24sit01spe0129par0585	The Turkish parliamentary corpus ParlaMint-TR-en, Term 27, Year 1, Session 9	2018-07-24	Unicameralism	27	1	9	-	-	Reference	English	Regular	MP	notMinister	CHP	Republican People's Party	Opposition	Centre-left	Utku.Çakırözer	Çakırözer, Utku	M	1970	
ParlaMint-TR-en_2018-07-24-tbmm-T27	tbmm-2018-07-24sit01spe0130par0586	The Turkish parliamentary corpus ParlaMint-TR-en, Term 27, Year 1, Session 9	2018-07-24	Unicameralism	27	1	9	-	-	Reference	English	Chairperson	MP	notMinister	AKP	Justice and Development Party	Coalition	Right	Mustafa.Şentop	Şentop, Mustafa	M	1968	
ParlaMint-TR-en_2018-07-24-tbmm-T27	tbmm-2018-07-24sit01spe0131par0587	The Turkish parliamentary corpus ParlaMint-TR-en, Term 27, Year 1, Session 9	2018-07-24	Unicameralism	27	1	9	-	-	Reference	English	Regular	MP	notMinister	AKP	Justice and Development Party	Coalition	Right	Bülent.Turan	Turan, Bülent	M	1975	
ParlaMint-TR-en_2018-07-24-tbmm-T27	tbmm-2018-07-24sit01spe0132par0588	The Turkish parliamentary corpus ParlaMint-TR-en, Term 27, Year 1, Session 9	2018-07-24	Unicameralism	27	1	9	-	-	Reference	English	Regular	MP	notMinister	AKP	Justice and Development Party	Coalition	Right	OsmanAşkın.Bak	Bak, Osman Aşkın	M	1966	
ParlaMint-TR-en_2018-07-24-tbmm-T27	tbmm-2018-07-24sit01spe0133par0589	The Turkish parliamentary corpus ParlaMint-TR-en, Term 27, Year 1, Session 9	2018-07-24	Unicameralism	27	1	9	-	-	Reference	English	Regular	MP	notMinister	CHP	Republican People's Party	Opposition	Centre-left	Haydar.Akar	Akar, Haydar	M	1963	
ParlaMint-TR-en_2018-07-24-tbmm-T27	tbmm-2018-07-24sit01spe0131par0590	The Turkish parliamentary corpus ParlaMint-TR-en, Term 27, Year 1, Session 9	2018-07-24	Unicameralism	27	1	9	-	-	Reference	English	Regular	MP	notMinister	AKP	Justice and Development Party	Coalition	Right	Bülent.Turan	Turan, Bülent	M	1975	
ParlaMint-TR-en_2018-07-24-tbmm-T27	tbmm-2018-07-24sit01spe0132par0591	The Turkish parliamentary corpus ParlaMint-TR-en, Term 27, Year 1, Session 9	2018-07-24	Unicameralism	27	1	9	-	-	Reference	English	Regular	MP	notMinister	AKP	Justice and Development Party	Coalition	Right	OsmanAşkın.Bak	Bak, Osman Aşkın	M	1966	
ParlaMint-TR-en_2018-07-24-tbmm-T27	tbmm-2018-07-24sit01spe0134par0592	The Turkish parliamentary corpus ParlaMint-TR-en, Term 27, Year 1, Session 9	2018-07-24	Unicameralism	27	1	9	-	-	Reference	English	Chairperson	MP	notMinister	AKP	Justice and Development Party	Coalition	Right	Mustafa.Şentop	Şentop, Mustafa	M	1968	
ParlaMint-TR-en_2018-07-24-tbmm-T27	tbmm-2018-07-24sit01spe0135par0594	The Turkish parliamentary corpus ParlaMint-TR-en, Term 27, Year 1, Session 9	2018-07-24	Unicameralism	27	1	9	-	-	Reference	English	Regular	MP	notMinister	CHP	Republican People's Party	Opposition	Centre-left	Haydar.Akar	Akar, Haydar	M	1963	
ParlaMint-TR-en_2018-07-24-tbmm-T27	tbmm-2018-07-24sit01spe0136par0595	The Turkish parliamentary corpus ParlaMint-TR-en, Term 27, Year 1, Session 9	2018-07-24	Unicameralism	27	1	9	-	-	Reference	English	Regular	MP	notMinister	AKP	Justice and Development Party	Coalition	Right	Bülent.Turan	Turan, Bülent	M	1975	
ParlaMint-TR-en_2018-07-24-tbmm-T27	tbmm-2018-07-24sit01spe0134par0596	The Turkish parliamentary corpus ParlaMint-TR-en, Term 27, Year 1, Session 9	2018-07-24	Unicameralism	27	1	9	-	-	Reference	English	Chairperson	MP	notMinister	AKP	Justice and Development Party	Coalition	Right	Mustafa.Şentop	Şentop, Mustafa	M	1968	
ParlaMint-TR-en_2018-07-24-tbmm-T27	tbmm-2018-07-24sit01spe0137par0597	The Turkish parliamentary corpus ParlaMint-TR-en, Term 27, Year 1, Session 9	2018-07-24	Unicameralism	27	1	9	-	-	Reference	English	Regular	MP	notMinister	CHP	Republican People's Party	Opposition	Centre-left	Turan.Aydoğan	Aydoğan, Turan	M	1964	
ParlaMint-TR-en_2018-07-24-tbmm-T27	tbmm-2018-07-24sit01spe0136par0598	The Turkish parliamentary corpus ParlaMint-TR-en, Term 27, Year 1, Session 9	2018-07-24	Unicameralism	27	1	9	-	-	Reference	English	Regular	MP	notMinister	AKP	Justice and Development Party	Coalition	Right	Bülent.Turan	Turan, Bülent	M	1975	
ParlaMint-TR-en_2018-07-24-tbmm-T27	tbmm-2018-07-24sit01spe0138par0599	The Turkish parliamentary corpus ParlaMint-TR-en, Term 27, Year 1, Session 9	2018-07-24	Unicameralism	27	1	9	-	-	Reference	English	Regular	MP	notMinister	CHP	Republican People's Party	Opposition	Centre-left	Haydar.Akar	Akar, Haydar	M	1963	
ParlaMint-TR-en_2018-07-24-tbmm-T27	tbmm-2018-07-24sit01spe0139par0600	The Turkish parliamentary corpus ParlaMint-TR-en, Term 27, Year 1, Session 9	2018-07-24	Unicameralism	27	1	9	-	-	Reference	English	Regular	MP	notMinister	CHP	Republican People's Party	Opposition	Centre-left	Engin.Özkoç	Özkoç, Engin	M	1962	
ParlaMint-TR-en_2018-07-24-tbmm-T27	tbmm-2018-07-24sit01spe0140par0601	The Turkish parliamentary corpus ParlaMint-TR-en, Term 27, Year 1, Session 9	2018-07-24	Unicameralism	27	1	9	-	-	Reference	English	Chairperson	MP	notMinister	AKP	Justice and Development Party	Coalition	Right	Mustafa.Şentop	Şentop, Mustafa	M	1968	
ParlaMint-TR-en_2018-07-24-tbmm-T27	tbmm-2018-07-24sit01spe0141par0602	The Turkish parliamentary corpus ParlaMint-TR-en, Term 27, Year 1, Session 9	2018-07-24	Unicameralism	27	1	9	-	-	Reference	English	Regular	MP	notMinister	AKP	Justice and Development Party	Coalition	Right	Bülent.Turan	Turan, Bülent	M	1975	
ParlaMint-TR-en_2018-07-24-tbmm-T27	tbmm-2018-07-24sit01spe0139par0603	The Turkish parliamentary corpus ParlaMint-TR-en, Term 27, Year 1, Session 9	2018-07-24	Unicameralism	27	1	9	-	-	Reference	English	Regular	MP	notMinister	CHP	Republican People's Party	Opposition	Centre-left	Engin.Özkoç	Özkoç, Engin	M	1962	
ParlaMint-TR-en_2018-07-24-tbmm-T27	tbmm-2018-07-24sit01spe0140par0604	The Turkish parliamentary corpus ParlaMint-TR-en, Term 27, Year 1, Session 9	2018-07-24	Unicameralism	27	1	9	-	-	Reference	English	Chairperson	MP	notMinister	AKP	Justice and Development Party	Coalition	Right	Mustafa.Şentop	Şentop, Mustafa	M	1968	
ParlaMint-TR-en_2018-07-24-tbmm-T27	tbmm-2018-07-24sit01spe0139par0605	The Turkish parliamentary corpus ParlaMint-TR-en, Term 27, Year 1, Session 9	2018-07-24	Unicameralism	27	1	9	-	-	Reference	English	Regular	MP	notMinister	CHP	Republican People's Party	Opposition	Centre-left	Engin.Özkoç	Özkoç, Engin	M	1962	
ParlaMint-TR-en_2018-07-24-tbmm-T27	tbmm-2018-07-24sit01spe0142par0606	The Turkish parliamentary corpus ParlaMint-TR-en, Term 27, Year 1, Session 9	2018-07-24	Unicameralism	27	1	9	-	-	Reference	English	Regular	MP	notMinister	AKP	Justice and Development Party	Coalition	Right	OsmanAşkın.Bak	Bak, Osman Aşkın	M	1966	
ParlaMint-TR-en_2018-07-24-tbmm-T27	tbmm-2018-07-24sit01spe0143par0607	The Turkish parliamentary corpus ParlaMint-TR-en, Term 27, Year 1, Session 9	2018-07-24	Unicameralism	27	1	9	-	-	Reference	English	Regular	MP	notMinister	AKP	Justice and Development Party	Coalition	Right	Bülent.Turan	Turan, Bülent	M	1975	
ParlaMint-TR-en_2018-07-24-tbmm-T27	tbmm-2018-07-24sit01spe0139par0608	The Turkish parliamentary corpus ParlaMint-TR-en, Term 27, Year 1, Session 9	2018-07-24	Unicameralism	27	1	9	-	-	Reference	English	Regular	MP	notMinister	CHP	Republican People's Party	Opposition	Centre-left	Engin.Özkoç	Özkoç, Engin	M	1962	
ParlaMint-TR-en_2018-07-24-tbmm-T27	tbmm-2018-07-24sit01spe0144par0609	The Turkish parliamentary corpus ParlaMint-TR-en, Term 27, Year 1, Session 9	2018-07-24	Unicameralism	27	1	9	-	-	Reference	English	Chairperson	MP	notMinister	AKP	Justice and Development Party	Coalition	Right	Mustafa.Şentop	Şentop, Mustafa	M	1968	
ParlaMint-TR-en_2018-07-24-tbmm-T27	tbmm-2018-07-24sit01spe0143par0610	The Turkish parliamentary corpus ParlaMint-TR-en, Term 27, Year 1, Session 9	2018-07-24	Unicameralism	27	1	9	-	-	Reference	English	Regular	MP	notMinister	AKP	Justice and Development Party	Coalition	Right	Bülent.Turan	Turan, Bülent	M	1975	
ParlaMint-TR-en_2018-07-24-tbmm-T27	tbmm-2018-07-24sit01spe0144par0611	The Turkish parliamentary corpus ParlaMint-TR-en, Term 27, Year 1, Session 9	2018-07-24	Unicameralism	27	1	9	-	-	Reference	English	Chairperson	MP	notMinister	AKP	Justice and Development Party	Coalition	Right	Mustafa.Şentop	Şentop, Mustafa	M	1968	
ParlaMint-TR-en_2018-07-24-tbmm-T27	tbmm-2018-07-24sit01spe0145par0612	The Turkish parliamentary corpus ParlaMint-TR-en, Term 27, Year 1, Session 9	2018-07-24	Unicameralism	27	1	9	-	-	Reference	English	Regular	MP	notMinister	AKP	Justice and Development Party	Coalition	Right	OsmanAşkın.Bak	Bak, Osman Aşkın	M	1966	
ParlaMint-TR-en_2018-07-24-tbmm-T27	tbmm-2018-07-24sit01spe0146par0613	The Turkish parliamentary corpus ParlaMint-TR-en, Term 27, Year 1, Session 9	2018-07-24	Unicameralism	27	1	9	-	-	Reference	English	Regular	MP	notMinister	CHP	Republican People's Party	Opposition	Centre-left	Haydar.Akar	Akar, Haydar	M	1963	
ParlaMint-TR-en_2018-07-24-tbmm-T27	tbmm-2018-07-24sit01spe0144par0614	The Turkish parliamentary corpus ParlaMint-TR-en, Term 27, Year 1, Session 9	2018-07-24	Unicameralism	27	1	9	-	-	Reference	English	Chairperson	MP	notMinister	AKP	Justice and Development Party	Coalition	Right	Mustafa.Şentop	Şentop, Mustafa	M	1968	
ParlaMint-TR-en_2018-07-24-tbmm-T27	tbmm-2018-07-24sit01spe0146par0615	The Turkish parliamentary corpus ParlaMint-TR-en, Term 27, Year 1, Session 9	2018-07-24	Unicameralism	27	1	9	-	-	Reference	English	Regular	MP	notMinister	CHP	Republican People's Party	Opposition	Centre-left	Haydar.Akar	Akar, Haydar	M	1963	
ParlaMint-TR-en_2018-07-24-tbmm-T27	tbmm-2018-07-24sit01spe0144par0616	The Turkish parliamentary corpus ParlaMint-TR-en, Term 27, Year 1, Session 9	2018-07-24	Unicameralism	27	1	9	-	-	Reference	English	Chairperson	MP	notMinister	AKP	Justice and Development Party	Coalition	Right	Mustafa.Şentop	Şentop, Mustafa	M	1968	
ParlaMint-TR-en_2018-07-24-tbmm-T27	tbmm-2018-07-24sit01spe0146par0617	The Turkish parliamentary corpus ParlaMint-TR-en, Term 27, Year 1, Session 9	2018-07-24	Unicameralism	27	1	9	-	-	Reference	English	Regular	MP	notMinister	CHP	Republican People's Party	Opposition	Centre-left	Haydar.Akar	Akar, Haydar	M	1963	
ParlaMint-TR-en_2018-07-24-tbmm-T27	tbmm-2018-07-24sit01spe0147par0620	The Turkish parliamentary corpus ParlaMint-TR-en, Term 27, Year 1, Session 9	2018-07-24	Unicameralism	27	1	9	-	-	Reference	English	Regular	MP	notMinister	CHP	Republican People's Party	Opposition	Centre-left	Utku.Çakırözer	Çakırözer, Utku	M	1970	
ParlaMint-TR-en_2018-07-24-tbmm-T27	tbmm-2018-07-24sit01spe0148par0625	The Turkish parliamentary corpus ParlaMint-TR-en, Term 27, Year 1, Session 9	2018-07-24	Unicameralism	27	1	9	-	-	Reference	English	Chairperson	MP	notMinister	AKP	Justice and Development Party	Coalition	Right	Mustafa.Şentop	Şentop, Mustafa	M	1968	
ParlaMint-TR-en_2018-07-24-tbmm-T27	tbmm-2018-07-24sit02spe0148par0001	The Turkish parliamentary corpus ParlaMint-TR-en, Term 27, Year 1, Session 9	2018-07-24	Unicameralism	27	1	9	-	-	Reference	English	Chairperson	MP	notMinister	AKP	Justice and Development Party	Coalition	Right	Mustafa.Şentop	Şentop, Mustafa	M	1968	
ParlaMint-TR-en_2018-07-24-tbmm-T27	tbmm-2018-07-24sit02spe0149par0019	The Turkish parliamentary corpus ParlaMint-TR-en, Term 27, Year 1, Session 9	2018-07-24	Unicameralism	27	1	9	-	-	Reference	English	Regular	MP	notMinister	AKP	Justice and Development Party	Coalition	Right	Yılmaz.Tunç	Tunç, Yılmaz	M	1971	
ParlaMint-TR-en_2018-07-24-tbmm-T27	tbmm-2018-07-24sit02spe0148par0020	The Turkish parliamentary corpus ParlaMint-TR-en, Term 27, Year 1, Session 9	2018-07-24	Unicameralism	27	1	9	-	-	Reference	English	Chairperson	MP	notMinister	AKP	Justice and Development Party	Coalition	Right	Mustafa.Şentop	Şentop, Mustafa	M	1968	
ParlaMint-TR-en_2018-07-24-tbmm-T27	tbmm-2018-07-24sit02spe0150par0023	The Turkish parliamentary corpus ParlaMint-TR-en, Term 27, Year 1, Session 9	2018-07-24	Unicameralism	27	1	9	-	-	Reference	English	Regular	MP	notMinister	HDP	Peoples' Democratic Party	Opposition	Centre-left to left	İmam.Taşçıer	Taşçıer, İmam	M	1959	
ParlaMint-TR-en_2018-07-24-tbmm-T27	tbmm-2018-07-24sit02spe0151par0032	The Turkish parliamentary corpus ParlaMint-TR-en, Term 27, Year 1, Session 9	2018-07-24	Unicameralism	27	1	9	-	-	Reference	English	Chairperson	MP	notMinister	AKP	Justice and Development Party	Coalition	Right	Mustafa.Şentop	Şentop, Mustafa	M	1968	
ParlaMint-TR-en_2018-07-24-tbmm-T27	tbmm-2018-07-24sit02spe0152par0042	The Turkish parliamentary corpus ParlaMint-TR-en, Term 27, Year 1, Session 9	2018-07-24	Unicameralism	27	1	9	-	-	Reference	English	Regular	MP	notMinister	AKP	Justice and Development Party	Coalition	Right	Yılmaz.Tunç	Tunç, Yılmaz	M	1971	
ParlaMint-TR-en_2018-07-24-tbmm-T27	tbmm-2018-07-24sit02spe0151par0043	The Turkish parliamentary corpus ParlaMint-TR-en, Term 27, Year 1, Session 9	2018-07-24	Unicameralism	27	1	9	-	-	Reference	English	Chairperson	MP	notMinister	AKP	Justice and Development Party	Coalition	Right	Mustafa.Şentop	Şentop, Mustafa	M	1968	
ParlaMint-TR-en_2018-07-24-tbmm-T27	tbmm-2018-07-24sit02spe0153par0046	The Turkish parliamentary corpus ParlaMint-TR-en, Term 27, Year 1, Session 9	2018-07-24	Unicameralism	27	1	9	-	-	Reference	English	Regular	MP	notMinister	CHP	Republican People's Party	Opposition	Centre-left	Gamze.Akkuşİlgezdi	Akkuş İlgezdi, Gamze	F	1969	
ParlaMint-TR-en_2018-07-24-tbmm-T27	tbmm-2018-07-24sit02spe0154par0057	The Turkish parliamentary corpus ParlaMint-TR-en, Term 27, Year 1, Session 9	2018-07-24	Unicameralism	27	1	9	-	-	Reference	English	Chairperson	MP	notMinister	AKP	Justice and Development Party	Coalition	Right	Mustafa.Şentop	Şentop, Mustafa	M	1968	
ParlaMint-TR-en_2018-07-24-tbmm-T27	tbmm-2018-07-24sit02spe0153par0058	The Turkish parliamentary corpus ParlaMint-TR-en, Term 27, Year 1, Session 9	2018-07-24	Unicameralism	27	1	9	-	-	Reference	English	Regular	MP	notMinister	CHP	Republican People's Party	Opposition	Centre-left	Gamze.Akkuşİlgezdi	Akkuş İlgezdi, Gamze	F	1969	
ParlaMint-TR-en_2018-07-24-tbmm-T27	tbmm-2018-07-24sit02spe0154par0061	The Turkish parliamentary corpus ParlaMint-TR-en, Term 27, Year 1, Session 9	2018-07-24	Unicameralism	27	1	9	-	-	Reference	English	Chairperson	MP	notMinister	AKP	Justice and Development Party	Coalition	Right	Mustafa.Şentop	Şentop, Mustafa	M	1968	
ParlaMint-TR-en_2018-07-24-tbmm-T27	tbmm-2018-07-24sit02spe0155par0072	The Turkish parliamentary corpus ParlaMint-TR-en, Term 27, Year 1, Session 9	2018-07-24	Unicameralism	27	1	9	-	-	Reference	English	Regular	MP	notMinister	AKP	Justice and Development Party	Coalition	Right	Yılmaz.Tunç	Tunç, Yılmaz	M	1971	
ParlaMint-TR-en_2018-07-24-tbmm-T27	tbmm-2018-07-24sit02spe0154par0073	The Turkish parliamentary corpus ParlaMint-TR-en, Term 27, Year 1, Session 9	2018-07-24	Unicameralism	27	1	9	-	-	Reference	English	Chairperson	MP	notMinister	AKP	Justice and Development Party	Coalition	Right	Mustafa.Şentop	Şentop, Mustafa	M	1968	
ParlaMint-TR-en_2018-07-24-tbmm-T27	tbmm-2018-07-24sit02spe0156par0076	The Turkish parliamentary corpus ParlaMint-TR-en, Term 27, Year 1, Session 9	2018-07-24	Unicameralism	27	1	9	-	-	Reference	English	Regular	MP	notMinister	HDP	Peoples' Democratic Party	Opposition	Centre-left to left	Rıdvan.Turan	Turan, Rıdvan	M	1971	
ParlaMint-TR-en_2018-07-24-tbmm-T27	tbmm-2018-07-24sit02spe0157par0085	The Turkish parliamentary corpus ParlaMint-TR-en, Term 27, Year 1, Session 9	2018-07-24	Unicameralism	27	1	9	-	-	Reference	English	Chairperson	MP	notMinister	AKP	Justice and Development Party	Coalition	Right	Mustafa.Şentop	Şentop, Mustafa	M	1968	
ParlaMint-TR-en_2018-07-24-tbmm-T27	tbmm-2018-07-24sit02spe0158par0095	The Turkish parliamentary corpus ParlaMint-TR-en, Term 27, Year 1, Session 9	2018-07-24	Unicameralism	27	1	9	-	-	Reference	English	Regular	MP	notMinister	AKP	Justice and Development Party	Coalition	Right	Yılmaz.Tunç	Tunç, Yılmaz	M	1971	
ParlaMint-TR-en_2018-07-24-tbmm-T27	tbmm-2018-07-24sit02spe0157par0096	The Turkish parliamentary corpus ParlaMint-TR-en, Term 27, Year 1, Session 9	2018-07-24	Unicameralism	27	1	9	-	-	Reference	English	Chairperson	MP	notMinister	AKP	Justice and Development Party	Coalition	Right	Mustafa.Şentop	Şentop, Mustafa	M	1968	
ParlaMint-TR-en_2018-07-24-tbmm-T27	tbmm-2018-07-24sit02spe0159par0099	The Turkish parliamentary corpus ParlaMint-TR-en, Term 27, Year 1, Session 9	2018-07-24	Unicameralism	27	1	9	-	-	Reference	English	Regular	MP	notMinister	CHP	Republican People's Party	Opposition	Centre-left	MustafaSezgin.Tanrıkulu	Tanrıkulu, Mustafa Sezgin	M	1963	
ParlaMint-TR-en_2018-07-24-tbmm-T27	tbmm-2018-07-24sit02spe0160par0109	The Turkish parliamentary corpus ParlaMint-TR-en, Term 27, Year 1, Session 9	2018-07-24	Unicameralism	27	1	9	-	-	Reference	English	Chairperson	MP	notMinister	AKP	Justice and Development Party	Coalition	Right	Mustafa.Şentop	Şentop, Mustafa	M	1968	
ParlaMint-TR-en_2018-07-24-tbmm-T27	tbmm-2018-07-24sit02spe0159par0111	The Turkish parliamentary corpus ParlaMint-TR-en, Term 27, Year 1, Session 9	2018-07-24	Unicameralism	27	1	9	-	-	Reference	English	Regular	MP	notMinister	CHP	Republican People's Party	Opposition	Centre-left	MustafaSezgin.Tanrıkulu	Tanrıkulu, Mustafa Sezgin	M	1963	
ParlaMint-TR-en_2018-07-24-tbmm-T27	tbmm-2018-07-24sit02spe0160par0114	The Turkish parliamentary corpus ParlaMint-TR-en, Term 27, Year 1, Session 9	2018-07-24	Unicameralism	27	1	9	-	-	Reference	English	Chairperson	MP	notMinister	AKP	Justice and Development Party	Coalition	Right	Mustafa.Şentop	Şentop, Mustafa	M	1968	
ParlaMint-TR-en_2018-07-24-tbmm-T27	tbmm-2018-07-24sit02spe0161par0116	The Turkish parliamentary corpus ParlaMint-TR-en, Term 27, Year 1, Session 9	2018-07-24	Unicameralism	27	1	9	-	-	Reference	English	Regular	MP	notMinister	CHP	Republican People's Party	Opposition	Centre-left	Turan.Aydoğan	Aydoğan, Turan	M	1964	
ParlaMint-TR-en_2018-07-24-tbmm-T27	tbmm-2018-07-24sit02spe0160par0117	The Turkish parliamentary corpus ParlaMint-TR-en, Term 27, Year 1, Session 9	2018-07-24	Unicameralism	27	1	9	-	-	Reference	English	Chairperson	MP	notMinister	AKP	Justice and Development Party	Coalition	Right	Mustafa.Şentop	Şentop, Mustafa	M	1968	
ParlaMint-TR-en_2018-07-24-tbmm-T27	tbmm-2018-07-24sit02spe0161par0118	The Turkish parliamentary corpus ParlaMint-TR-en, Term 27, Year 1, Session 9	2018-07-24	Unicameralism	27	1	9	-	-	Reference	English	Regular	MP	notMinister	CHP	Republican People's Party	Opposition	Centre-left	Turan.Aydoğan	Aydoğan, Turan	M	1964	
ParlaMint-TR-en_2018-07-24-tbmm-T27	tbmm-2018-07-24sit02spe0160par0119	The Turkish parliamentary corpus ParlaMint-TR-en, Term 27, Year 1, Session 9	2018-07-24	Unicameralism	27	1	9	-	-	Reference	English	Chairperson	MP	notMinister	AKP	Justice and Development Party	Coalition	Right	Mustafa.Şentop	Şentop, Mustafa	M	1968	
ParlaMint-TR-en_2018-07-24-tbmm-T27	tbmm-2018-07-24sit02spe0162par0120	The Turkish parliamentary corpus ParlaMint-TR-en, Term 27, Year 1, Session 9	2018-07-24	Unicameralism	27	1	9	-	-	Reference	English	Regular	MP	notMinister	CHP	Republican People's Party	Opposition	Centre-left	MustafaSezgin.Tanrıkulu	Tanrıkulu, Mustafa Sezgin	M	1963	
ParlaMint-TR-en_2018-07-24-tbmm-T27	tbmm-2018-07-24sit02spe0161par0121	The Turkish parliamentary corpus ParlaMint-TR-en, Term 27, Year 1, Session 9	2018-07-24	Unicameralism	27	1	9	-	-	Reference	English	Regular	MP	notMinister	CHP	Republican People's Party	Opposition	Centre-left	Turan.Aydoğan	Aydoğan, Turan	M	1964	
ParlaMint-TR-en_2018-07-24-tbmm-T27	tbmm-2018-07-24sit02spe0160par0122	The Turkish parliamentary corpus ParlaMint-TR-en, Term 27, Year 1, Session 9	2018-07-24	Unicameralism	27	1	9	-	-	Reference	English	Chairperson	MP	notMinister	AKP	Justice and Development Party	Coalition	Right	Mustafa.Şentop	Şentop, Mustafa	M	1968	
ParlaMint-TR-en_2018-07-24-tbmm-T27	tbmm-2018-07-24sit02spe0161par0123	The Turkish parliamentary corpus ParlaMint-TR-en, Term 27, Year 1, Session 9	2018-07-24	Unicameralism	27	1	9	-	-	Reference	English	Regular	MP	notMinister	CHP	Republican People's Party	Opposition	Centre-left	Turan.Aydoğan	Aydoğan, Turan	M	1964	
ParlaMint-TR-en_2018-07-24-tbmm-T27	tbmm-2018-07-24sit02spe0160par0124	The Turkish parliamentary corpus ParlaMint-TR-en, Term 27, Year 1, Session 9	2018-07-24	Unicameralism	27	1	9	-	-	Reference	English	Chairperson	MP	notMinister	AKP	Justice and Development Party	Coalition	Right	Mustafa.Şentop	Şentop, Mustafa	M	1968	
ParlaMint-TR-en_2018-07-24-tbmm-T27	tbmm-2018-07-24sit02spe0161par0125	The Turkish parliamentary corpus ParlaMint-TR-en, Term 27, Year 1, Session 9	2018-07-24	Unicameralism	27	1	9	-	-	Reference	English	Regular	MP	notMinister	CHP	Republican People's Party	Opposition	Centre-left	Turan.Aydoğan	Aydoğan, Turan	M	1964	
ParlaMint-TR-en_2018-07-24-tbmm-T27	tbmm-2018-07-24sit02spe0163par0126	The Turkish parliamentary corpus ParlaMint-TR-en, Term 27, Year 1, Session 9	2018-07-24	Unicameralism	27	1	9	-	-	Reference	English	Regular	MP	notMinister	CHP	Republican People's Party	Opposition	Centre-left	Engin.Özkoç	Özkoç, Engin	M	1962	
ParlaMint-TR-en_2018-07-24-tbmm-T27	tbmm-2018-07-24sit02spe0160par0127	The Turkish parliamentary corpus ParlaMint-TR-en, Term 27, Year 1, Session 9	2018-07-24	Unicameralism	27	1	9	-	-	Reference	English	Chairperson	MP	notMinister	AKP	Justice and Development Party	Coalition	Right	Mustafa.Şentop	Şentop, Mustafa	M	1968	
ParlaMint-TR-en_2018-07-24-tbmm-T27	tbmm-2018-07-24sit02spe0163par0128	The Turkish parliamentary corpus ParlaMint-TR-en, Term 27, Year 1, Session 9	2018-07-24	Unicameralism	27	1	9	-	-	Reference	English	Regular	MP	notMinister	CHP	Republican People's Party	Opposition	Centre-left	Engin.Özkoç	Özkoç, Engin	M	1962	
ParlaMint-TR-en_2018-07-24-tbmm-T27	tbmm-2018-07-24sit02spe0160par0131	The Turkish parliamentary corpus ParlaMint-TR-en, Term 27, Year 1, Session 9	2018-07-24	Unicameralism	27	1	9	-	-	Reference	English	Chairperson	MP	notMinister	AKP	Justice and Development Party	Coalition	Right	Mustafa.Şentop	Şentop, Mustafa	M	1968	
ParlaMint-TR-en_2018-07-24-tbmm-T27	tbmm-2018-07-24sit02spe0163par0132	The Turkish parliamentary corpus ParlaMint-TR-en, Term 27, Year 1, Session 9	2018-07-24	Unicameralism	27	1	9	-	-	Reference	English	Regular	MP	notMinister	CHP	Republican People's Party	Opposition	Centre-left	Engin.Özkoç	Özkoç, Engin	M	1962	
ParlaMint-TR-en_2018-07-24-tbmm-T27	tbmm-2018-07-24sit02spe0160par0133	The Turkish parliamentary corpus ParlaMint-TR-en, Term 27, Year 1, Session 9	2018-07-24	Unicameralism	27	1	9	-	-	Reference	English	Chairperson	MP	notMinister	AKP	Justice and Development Party	Coalition	Right	Mustafa.Şentop	Şentop, Mustafa	M	1968	
ParlaMint-TR-en_2018-07-24-tbmm-T27	tbmm-2018-07-24sit02spe0164par0136	The Turkish parliamentary corpus ParlaMint-TR-en, Term 27, Year 1, Session 9	2018-07-24	Unicameralism	27	1	9	-	-	Reference	English	Regular	MP	notMinister	CHP	Republican People's Party	Opposition	Centre-left	Turan.Aydoğan	Aydoğan, Turan	M	1964	
ParlaMint-TR-en_2018-07-24-tbmm-T27	tbmm-2018-07-24sit02spe0160par0137	The Turkish parliamentary corpus ParlaMint-TR-en, Term 27, Year 1, Session 9	2018-07-24	Unicameralism	27	1	9	-	-	Reference	English	Chairperson	MP	notMinister	AKP	Justice and Development Party	Coalition	Right	Mustafa.Şentop	Şentop, Mustafa	M	1968	
ParlaMint-TR-en_2018-07-24-tbmm-T27	tbmm-2018-07-24sit02spe0165par0140	The Turkish parliamentary corpus ParlaMint-TR-en, Term 27, Year 1, Session 9	2018-07-24	Unicameralism	27	1	9	-	-	Reference	English	Regular	MP	notMinister	CHP	Republican People's Party	Opposition	Centre-left	Engin.Özkoç	Özkoç, Engin	M	1962	
ParlaMint-TR-en_2018-07-24-tbmm-T27	tbmm-2018-07-24sit02spe0160par0144	The Turkish parliamentary corpus ParlaMint-TR-en, Term 27, Year 1, Session 9	2018-07-24	Unicameralism	27	1	9	-	-	Reference	English	Chairperson	MP	notMinister	AKP	Justice and Development Party	Coalition	Right	Mustafa.Şentop	Şentop, Mustafa	M	1968	
ParlaMint-TR-en_2018-07-24-tbmm-T27	tbmm-2018-07-24sit02spe0166par0155	The Turkish parliamentary corpus ParlaMint-TR-en, Term 27, Year 1, Session 9	2018-07-24	Unicameralism	27	1	9	-	-	Reference	English	Regular	MP	notMinister	AKP	Justice and Development Party	Coalition	Right	Yılmaz.Tunç	Tunç, Yılmaz	M	1971	
ParlaMint-TR-en_2018-07-24-tbmm-T27	tbmm-2018-07-24sit02spe0160par0156	The Turkish parliamentary corpus ParlaMint-TR-en, Term 27, Year 1, Session 9	2018-07-24	Unicameralism	27	1	9	-	-	Reference	English	Chairperson	MP	notMinister	AKP	Justice and Development Party	Coalition	Right	Mustafa.Şentop	Şentop, Mustafa	M	1968	
ParlaMint-TR-en_2018-07-24-tbmm-T27	tbmm-2018-07-24sit02spe0167par0159	The Turkish parliamentary corpus ParlaMint-TR-en, Term 27, Year 1, Session 9	2018-07-24	Unicameralism	27	1	9	-	-	Reference	English	Regular	MP	notMinister	HDP	Peoples' Democratic Party	Opposition	Centre-left to left	Zeynel.Özen	Özen, Zeynel	M	1957	
ParlaMint-TR-en_2018-07-24-tbmm-T27	tbmm-2018-07-24sit02spe0168par0162	The Turkish parliamentary corpus ParlaMint-TR-en, Term 27, Year 1, Session 9	2018-07-24	Unicameralism	27	1	9	-	-	Reference	English	Regular	MP	notMinister	AKP	Justice and Development Party	Coalition	Right	Metin.Gündoğdu	Gündoğdu, Metin	M	1973	
ParlaMint-TR-en_2018-07-24-tbmm-T27	tbmm-2018-07-24sit02spe0167par0163	The Turkish parliamentary corpus ParlaMint-TR-en, Term 27, Year 1, Session 9	2018-07-24	Unicameralism	27	1	9	-	-	Reference	English	Regular	MP	notMinister	HDP	Peoples' Democratic Party	Opposition	Centre-left to left	Zeynel.Özen	Özen, Zeynel	M	1957	
ParlaMint-TR-en_2018-07-24-tbmm-T27	tbmm-2018-07-24sit02spe0169par0168	The Turkish parliamentary corpus ParlaMint-TR-en, Term 27, Year 1, Session 9	2018-07-24	Unicameralism	27	1	9	-	-	Reference	English	Chairperson	MP	notMinister	AKP	Justice and Development Party	Coalition	Right	Mustafa.Şentop	Şentop, Mustafa	M	1968	
ParlaMint-TR-en_2018-07-24-tbmm-T27	tbmm-2018-07-24sit02spe0167par0169	The Turkish parliamentary corpus ParlaMint-TR-en, Term 27, Year 1, Session 9	2018-07-24	Unicameralism	27	1	9	-	-	Reference	English	Regular	MP	notMinister	HDP	Peoples' Democratic Party	Opposition	Centre-left to left	Zeynel.Özen	Özen, Zeynel	M	1957	
ParlaMint-TR-en_2018-07-24-tbmm-T27	tbmm-2018-07-24sit02spe0169par0170	The Turkish parliamentary corpus ParlaMint-TR-en, Term 27, Year 1, Session 9	2018-07-24	Unicameralism	27	1	9	-	-	Reference	English	Chairperson	MP	notMinister	AKP	Justice and Development Party	Coalition	Right	Mustafa.Şentop	Şentop, Mustafa	M	1968	
ParlaMint-TR-en_2018-07-24-tbmm-T27	tbmm-2018-07-24sit02spe0167par0171	The Turkish parliamentary corpus ParlaMint-TR-en, Term 27, Year 1, Session 9	2018-07-24	Unicameralism	27	1	9	-	-	Reference	English	Regular	MP	notMinister	HDP	Peoples' Democratic Party	Opposition	Centre-left to left	Zeynel.Özen	Özen, Zeynel	M	1957	
ParlaMint-TR-en_2018-07-24-tbmm-T27	tbmm-2018-07-24sit02spe0169par0173	The Turkish parliamentary corpus ParlaMint-TR-en, Term 27, Year 1, Session 9	2018-07-24	Unicameralism	27	1	9	-	-	Reference	English	Chairperson	MP	notMinister	AKP	Justice and Development Party	Coalition	Right	Mustafa.Şentop	Şentop, Mustafa	M	1968	
ParlaMint-TR-en_2018-07-24-tbmm-T27	tbmm-2018-07-24sit02spe0167par0174	The Turkish parliamentary corpus ParlaMint-TR-en, Term 27, Year 1, Session 9	2018-07-24	Unicameralism	27	1	9	-	-	Reference	English	Regular	MP	notMinister	HDP	Peoples' Democratic Party	Opposition	Centre-left to left	Zeynel.Özen	Özen, Zeynel	M	1957	
ParlaMint-TR-en_2018-07-24-tbmm-T27	tbmm-2018-07-24sit02spe0169par0175	The Turkish parliamentary corpus ParlaMint-TR-en, Term 27, Year 1, Session 9	2018-07-24	Unicameralism	27	1	9	-	-	Reference	English	Chairperson	MP	notMinister	AKP	Justice and Development Party	Coalition	Right	Mustafa.Şentop	Şentop, Mustafa	M	1968	
ParlaMint-TR-en_2018-07-24-tbmm-T27	tbmm-2018-07-24sit02spe0167par0176	The Turkish parliamentary corpus ParlaMint-TR-en, Term 27, Year 1, Session 9	2018-07-24	Unicameralism	27	1	9	-	-	Reference	English	Regular	MP	notMinister	HDP	Peoples' Democratic Party	Opposition	Centre-left to left	Zeynel.Özen	Özen, Zeynel	M	1957	
ParlaMint-TR-en_2018-07-24-tbmm-T27	tbmm-2018-07-24sit02spe0169par0179	The Turkish parliamentary corpus ParlaMint-TR-en, Term 27, Year 1, Session 9	2018-07-24	Unicameralism	27	1	9	-	-	Reference	English	Chairperson	MP	notMinister	AKP	Justice and Development Party	Coalition	Right	Mustafa.Şentop	Şentop, Mustafa	M	1968	
ParlaMint-TR-en_2018-07-24-tbmm-T27	tbmm-2018-07-24sit02spe0170par0199	The Turkish parliamentary corpus ParlaMint-TR-en, Term 27, Year 1, Session 9	2018-07-24	Unicameralism	27	1	9	-	-	Reference	English	Regular	MP	notMinister	AKP	Justice and Development Party	Coalition	Right	Yılmaz.Tunç	Tunç, Yılmaz	M	1971	
ParlaMint-TR-en_2018-07-24-tbmm-T27	tbmm-2018-07-24sit02spe0169par0200	The Turkish parliamentary corpus ParlaMint-TR-en, Term 27, Year 1, Session 9	2018-07-24	Unicameralism	27	1	9	-	-	Reference	English	Chairperson	MP	notMinister	AKP	Justice and Development Party	Coalition	Right	Mustafa.Şentop	Şentop, Mustafa	M	1968	
ParlaMint-TR-en_2018-07-24-tbmm-T27	tbmm-2018-07-24sit02spe0171par0203	The Turkish parliamentary corpus ParlaMint-TR-en, Term 27, Year 1, Session 9	2018-07-24	Unicameralism	27	1	9	-	-	Reference	English	Regular	MP	notMinister	HDP	Peoples' Democratic Party	Opposition	Centre-left to left	HakkıSaruhan.Oluç	Oluç, Hakkı Saruhan	M	1958	
ParlaMint-TR-en_2018-07-24-tbmm-T27	tbmm-2018-07-24sit02spe0172par0210	The Turkish parliamentary corpus ParlaMint-TR-en, Term 27, Year 1, Session 9	2018-07-24	Unicameralism	27	1	9	-	-	Reference	English	Chairperson	MP	notMinister	AKP	Justice and Development Party	Coalition	Right	Mustafa.Şentop	Şentop, Mustafa	M	1968	
ParlaMint-TR-en_2018-07-24-tbmm-T27	tbmm-2018-07-24sit02spe0173par0213	The Turkish parliamentary corpus ParlaMint-TR-en, Term 27, Year 1, Session 9	2018-07-24	Unicameralism	27	1	9	-	-	Reference	English	Regular	MP	notMinister	CHP	Republican People's Party	Opposition	Centre-left	Süleyman.Bülbül	Bülbül, Süleyman	M	1964	
ParlaMint-TR-en_2018-07-24-tbmm-T27	tbmm-2018-07-24sit02spe0174par0223	The Turkish parliamentary corpus ParlaMint-TR-en, Term 27, Year 1, Session 9	2018-07-24	Unicameralism	27	1	9	-	-	Reference	English	Chairperson	MP	notMinister	AKP	Justice and Development Party	Coalition	Right	Mustafa.Şentop	Şentop, Mustafa	M	1968	
ParlaMint-TR-en_2018-07-24-tbmm-T27	tbmm-2018-07-24sit02spe0175par0227	The Turkish parliamentary corpus ParlaMint-TR-en, Term 27, Year 1, Session 9	2018-07-24	Unicameralism	27	1	9	-	-	Reference	English	Regular	MP	notMinister	IYI	İYİ Party	Opposition	Centre-right	Ayhan.Erel	Erel, Ayhan	M	1957	
ParlaMint-TR-en_2018-07-24-tbmm-T27	tbmm-2018-07-24sit02spe0176par0240	The Turkish parliamentary corpus ParlaMint-TR-en, Term 27, Year 1, Session 9	2018-07-24	Unicameralism	27	1	9	-	-	Reference	English	Chairperson	MP	notMinister	AKP	Justice and Development Party	Coalition	Right	Mustafa.Şentop	Şentop, Mustafa	M	1968	
ParlaMint-TR-en_2018-07-24-tbmm-T27	tbmm-2018-07-24sit02spe0177par0256	The Turkish parliamentary corpus ParlaMint-TR-en, Term 27, Year 1, Session 9	2018-07-24	Unicameralism	27	1	9	-	-	Reference	English	Regular	MP	notMinister	AKP	Justice and Development Party	Coalition	Right	Yılmaz.Tunç	Tunç, Yılmaz	M	1971	
ParlaMint-TR-en_2018-07-24-tbmm-T27	tbmm-2018-07-24sit02spe0176par0257	The Turkish parliamentary corpus ParlaMint-TR-en, Term 27, Year 1, Session 9	2018-07-24	Unicameralism	27	1	9	-	-	Reference	English	Chairperson	MP	notMinister	AKP	Justice and Development Party	Coalition	Right	Mustafa.Şentop	Şentop, Mustafa	M	1968	
ParlaMint-TR-en_2018-07-24-tbmm-T27	tbmm-2018-07-24sit02spe0178par0260	The Turkish parliamentary corpus ParlaMint-TR-en, Term 27, Year 1, Session 9	2018-07-24	Unicameralism	27	1	9	-	-	Reference	English	Regular	MP	notMinister	HDP	Peoples' Democratic Party	Opposition	Centre-left to left	Meral.DanışBeştaş	Danış Beştaş, Meral	F	1967	
ParlaMint-TR-en_2018-07-24-tbmm-T27	tbmm-2018-07-24sit02spe0179par0269	The Turkish parliamentary corpus ParlaMint-TR-en, Term 27, Year 1, Session 9	2018-07-24	Unicameralism	27	1	9	-	-	Reference	English	Chairperson	MP	notMinister	AKP	Justice and Development Party	Coalition	Right	Mustafa.Şentop	Şentop, Mustafa	M	1968	
ParlaMint-TR-en_2018-07-24-tbmm-T27	tbmm-2018-07-24sit02spe0180par0273	The Turkish parliamentary corpus ParlaMint-TR-en, Term 27, Year 1, Session 9	2018-07-24	Unicameralism	27	1	9	-	-	Reference	English	Regular	MP	notMinister	CHP	Republican People's Party	Opposition	Centre-left	Turan.Aydoğan	Aydoğan, Turan	M	1964	
ParlaMint-TR-en_2018-07-24-tbmm-T27	tbmm-2018-07-24sit02spe0181par0280	The Turkish parliamentary corpus ParlaMint-TR-en, Term 27, Year 1, Session 9	2018-07-24	Unicameralism	27	1	9	-	-	Reference	English	Chairperson	MP	notMinister	AKP	Justice and Development Party	Coalition	Right	Mustafa.Şentop	Şentop, Mustafa	M	1968	
ParlaMint-TR-en_2018-07-24-tbmm-T27	tbmm-2018-07-24sit02spe0182par0290	The Turkish parliamentary corpus ParlaMint-TR-en, Term 27, Year 1, Session 9	2018-07-24	Unicameralism	27	1	9	-	-	Reference	English	Regular	MP	notMinister	AKP	Justice and Development Party	Coalition	Right	Yılmaz.Tunç	Tunç, Yılmaz	M	1971	
ParlaMint-TR-en_2018-07-24-tbmm-T27	tbmm-2018-07-24sit02spe0181par0291	The Turkish parliamentary corpus ParlaMint-TR-en, Term 27, Year 1, Session 9	2018-07-24	Unicameralism	27	1	9	-	-	Reference	English	Chairperson	MP	notMinister	AKP	Justice and Development Party	Coalition	Right	Mustafa.Şentop	Şentop, Mustafa	M	1968	
ParlaMint-TR-en_2018-07-24-tbmm-T27	tbmm-2018-07-24sit02spe0183par0294	The Turkish parliamentary corpus ParlaMint-TR-en, Term 27, Year 1, Session 9	2018-07-24	Unicameralism	27	1	9	-	-	Reference	English	Regular	MP	notMinister	MHP	Nationalist Movement Party	-	Right to far-right	İzzetUlvi.Yönter	Yönter, İzzet Ulvi	M	1976	
ParlaMint-TR-en_2018-07-24-tbmm-T27	tbmm-2018-07-24sit02spe0184par0303	The Turkish parliamentary corpus ParlaMint-TR-en, Term 27, Year 1, Session 9	2018-07-24	Unicameralism	27	1	9	-	-	Reference	English	Chairperson	MP	notMinister	AKP	Justice and Development Party	Coalition	Right	Mustafa.Şentop	Şentop, Mustafa	M	1968	
ParlaMint-TR-en_2018-07-24-tbmm-T27	tbmm-2018-07-24sit02spe0185par0314	The Turkish parliamentary corpus ParlaMint-TR-en, Term 27, Year 1, Session 9	2018-07-24	Unicameralism	27	1	9	-	-	Reference	English	Regular	MP	notMinister	AKP	Justice and Development Party	Coalition	Right	Abdullah.Güler	Güler, Abdullah	M	1969	
ParlaMint-TR-en_2018-07-24-tbmm-T27	tbmm-2018-07-24sit02spe0184par0315	The Turkish parliamentary corpus ParlaMint-TR-en, Term 27, Year 1, Session 9	2018-07-24	Unicameralism	27	1	9	-	-	Reference	English	Chairperson	MP	notMinister	AKP	Justice and Development Party	Coalition	Right	Mustafa.Şentop	Şentop, Mustafa	M	1968	
ParlaMint-TR-en_2018-07-24-tbmm-T27	tbmm-2018-07-24sit02spe0186par0318	The Turkish parliamentary corpus ParlaMint-TR-en, Term 27, Year 1, Session 9	2018-07-24	Unicameralism	27	1	9	-	-	Reference	English	Regular	MP	notMinister	HDP	Peoples' Democratic Party	Opposition	Centre-left to left	Tulay.Hatımoğulları	Hatımoğulları Oruç, Tulay	F	1977	
ParlaMint-TR-en_2018-07-24-tbmm-T27	tbmm-2018-07-24sit02spe0187par0323	The Turkish parliamentary corpus ParlaMint-TR-en, Term 27, Year 1, Session 9	2018-07-24	Unicameralism	27	1	9	-	-	Reference	English	Regular	MP	notMinister	IYI	İYİ Party	Opposition	Centre-right	Feridun.Bahşi	Bahşi, Feridun	M	1959	
ParlaMint-TR-en_2018-07-24-tbmm-T27	tbmm-2018-07-24sit02spe0186par0324	The Turkish parliamentary corpus ParlaMint-TR-en, Term 27, Year 1, Session 9	2018-07-24	Unicameralism	27	1	9	-	-	Reference	English	Regular	MP	notMinister	HDP	Peoples' Democratic Party	Opposition	Centre-left to left	Tulay.Hatımoğulları	Hatımoğulları Oruç, Tulay	F	1977	
ParlaMint-TR-en_2018-07-24-tbmm-T27	tbmm-2018-07-24sit02spe0188par0326	The Turkish parliamentary corpus ParlaMint-TR-en, Term 27, Year 1, Session 9	2018-07-24	Unicameralism	27	1	9	-	-	Reference	English	Chairperson	MP	notMinister	AKP	Justice and Development Party	Coalition	Right	Mustafa.Şentop	Şentop, Mustafa	M	1968	
ParlaMint-TR-en_2018-07-24-tbmm-T27	tbmm-2018-07-24sit02spe0189par0335	The Turkish parliamentary corpus ParlaMint-TR-en, Term 27, Year 1, Session 9	2018-07-24	Unicameralism	27	1	9	-	-	Reference	English	Regular	MP	notMinister	AKP	Justice and Development Party	Coalition	Right	Abdullah.Güler	Güler, Abdullah	M	1969	
ParlaMint-TR-en_2018-07-24-tbmm-T27	tbmm-2018-07-24sit02spe0188par0336	The Turkish parliamentary corpus ParlaMint-TR-en, Term 27, Year 1, Session 9	2018-07-24	Unicameralism	27	1	9	-	-	Reference	English	Chairperson	MP	notMinister	AKP	Justice and Development Party	Coalition	Right	Mustafa.Şentop	Şentop, Mustafa	M	1968	
ParlaMint-TR-en_2018-07-24-tbmm-T27	tbmm-2018-07-24sit02spe0190par0339	The Turkish parliamentary corpus ParlaMint-TR-en, Term 27, Year 1, Session 9	2018-07-24	Unicameralism	27	1	9	-	-	Reference	English	Regular	MP	notMinister	IYI	İYİ Party	Opposition	Centre-right	AhmetKamil.Erozan	Erozan, Ahmet Kamil	M	1950	
ParlaMint-TR-en_2018-07-24-tbmm-T27	tbmm-2018-07-24sit02spe0191par0341	The Turkish parliamentary corpus ParlaMint-TR-en, Term 27, Year 1, Session 9	2018-07-24	Unicameralism	27	1	9	-	-	Reference	English	Regular	MP	notMinister	AKP	Justice and Development Party	Coalition	Right	Metin.Gündoğdu	Gündoğdu, Metin	M	1973	
ParlaMint-TR-en_2018-07-24-tbmm-T27	tbmm-2018-07-24sit02spe0190par0342	The Turkish parliamentary corpus ParlaMint-TR-en, Term 27, Year 1, Session 9	2018-07-24	Unicameralism	27	1	9	-	-	Reference	English	Regular	MP	notMinister	IYI	İYİ Party	Opposition	Centre-right	AhmetKamil.Erozan	Erozan, Ahmet Kamil	M	1950	
ParlaMint-TR-en_2018-07-24-tbmm-T27	tbmm-2018-07-24sit02spe0191par0343	The Turkish parliamentary corpus ParlaMint-TR-en, Term 27, Year 1, Session 9	2018-07-24	Unicameralism	27	1	9	-	-	Reference	English	Regular	MP	notMinister	AKP	Justice and Development Party	Coalition	Right	Metin.Gündoğdu	Gündoğdu, Metin	M	1973	
ParlaMint-TR-en_2018-07-24-tbmm-T27	tbmm-2018-07-24sit02spe0190par0344	The Turkish parliamentary corpus ParlaMint-TR-en, Term 27, Year 1, Session 9	2018-07-24	Unicameralism	27	1	9	-	-	Reference	English	Regular	MP	notMinister	IYI	İYİ Party	Opposition	Centre-right	AhmetKamil.Erozan	Erozan, Ahmet Kamil	M	1950	
ParlaMint-TR-en_2018-07-24-tbmm-T27	tbmm-2018-07-24sit02spe0192par0345	The Turkish parliamentary corpus ParlaMint-TR-en, Term 27, Year 1, Session 9	2018-07-24	Unicameralism	27	1	9	-	-	Reference	English	Regular	MP	notMinister	AKP	Justice and Development Party	Coalition	Right	Oya.Eronat	Eronat, Oya	F	1962	
ParlaMint-TR-en_2018-07-24-tbmm-T27	tbmm-2018-07-24sit02spe0190par0346	The Turkish parliamentary corpus ParlaMint-TR-en, Term 27, Year 1, Session 9	2018-07-24	Unicameralism	27	1	9	-	-	Reference	English	Regular	MP	notMinister	IYI	İYİ Party	Opposition	Centre-right	AhmetKamil.Erozan	Erozan, Ahmet Kamil	M	1950	
ParlaMint-TR-en_2018-07-24-tbmm-T27	tbmm-2018-07-24sit02spe0193par0353	The Turkish parliamentary corpus ParlaMint-TR-en, Term 27, Year 1, Session 9	2018-07-24	Unicameralism	27	1	9	-	-	Reference	English	Chairperson	MP	notMinister	AKP	Justice and Development Party	Coalition	Right	Mustafa.Şentop	Şentop, Mustafa	M	1968	
ParlaMint-TR-en_2018-07-24-tbmm-T27	tbmm-2018-07-24sit02spe0194par0362	The Turkish parliamentary corpus ParlaMint-TR-en, Term 27, Year 1, Session 9	2018-07-24	Unicameralism	27	1	9	-	-	Reference	English	Regular	MP	notMinister	AKP	Justice and Development Party	Coalition	Right	Abdullah.Güler	Güler, Abdullah	M	1969	
ParlaMint-TR-en_2018-07-24-tbmm-T27	tbmm-2018-07-24sit02spe0193par0363	The Turkish parliamentary corpus ParlaMint-TR-en, Term 27, Year 1, Session 9	2018-07-24	Unicameralism	27	1	9	-	-	Reference	English	Chairperson	MP	notMinister	AKP	Justice and Development Party	Coalition	Right	Mustafa.Şentop	Şentop, Mustafa	M	1968	
ParlaMint-TR-en_2018-07-24-tbmm-T27	tbmm-2018-07-24sit02spe0195par0366	The Turkish parliamentary corpus ParlaMint-TR-en, Term 27, Year 1, Session 9	2018-07-24	Unicameralism	27	1	9	-	-	Reference	English	Regular	MP	notMinister	MHP	Nationalist Movement Party	-	Right to far-right	Olcay.Kılavuz	Kılavuz, Olcay	M	1985	
ParlaMint-TR-en_2018-07-24-tbmm-T27	tbmm-2018-07-24sit02spe0196par0381	The Turkish parliamentary corpus ParlaMint-TR-en, Term 27, Year 1, Session 9	2018-07-24	Unicameralism	27	1	9	-	-	Reference	English	Chairperson	MP	notMinister	AKP	Justice and Development Party	Coalition	Right	Mustafa.Şentop	Şentop, Mustafa	M	1968	
ParlaMint-TR-en_2018-07-24-tbmm-T27	tbmm-2018-07-24sit02spe0197par0398	The Turkish parliamentary corpus ParlaMint-TR-en, Term 27, Year 1, Session 9	2018-07-24	Unicameralism	27	1	9	-	-	Reference	English	Regular	MP	notMinister	AKP	Justice and Development Party	Coalition	Right	Yılmaz.Tunç	Tunç, Yılmaz	M	1971	
ParlaMint-TR-en_2018-07-24-tbmm-T27	tbmm-2018-07-24sit02spe0196par0399	The Turkish parliamentary corpus ParlaMint-TR-en, Term 27, Year 1, Session 9	2018-07-24	Unicameralism	27	1	9	-	-	Reference	English	Chairperson	MP	notMinister	AKP	Justice and Development Party	Coalition	Right	Mustafa.Şentop	Şentop, Mustafa	M	1968	
ParlaMint-TR-en_2018-07-24-tbmm-T27	tbmm-2018-07-24sit02spe0198par0402	The Turkish parliamentary corpus ParlaMint-TR-en, Term 27, Year 1, Session 9	2018-07-24	Unicameralism	27	1	9	-	-	Reference	English	Regular	MP	notMinister	HDP	Peoples' Democratic Party	Opposition	Centre-left to left	Ali.Kenanoğlu	Kenanoğlu, Ali	M	1971	
ParlaMint-TR-en_2018-07-24-tbmm-T27	tbmm-2018-07-24sit02spe0199par0411	The Turkish parliamentary corpus ParlaMint-TR-en, Term 27, Year 1, Session 9	2018-07-24	Unicameralism	27	1	9	-	-	Reference	English	Chairperson	MP	notMinister	AKP	Justice and Development Party	Coalition	Right	Mustafa.Şentop	Şentop, Mustafa	M	1968	
ParlaMint-TR-en_2018-07-24-tbmm-T27	tbmm-2018-07-24sit02spe0200par0414	The Turkish parliamentary corpus ParlaMint-TR-en, Term 27, Year 1, Session 9	2018-07-24	Unicameralism	27	1	9	-	-	Reference	English	Regular	MP	notMinister	IYI	İYİ Party	Opposition	Centre-right	AhmetKamil.Erozan	Erozan, Ahmet Kamil	M	1950	
ParlaMint-TR-en_2018-07-24-tbmm-T27	tbmm-2018-07-24sit02spe0201par0419	The Turkish parliamentary corpus ParlaMint-TR-en, Term 27, Year 1, Session 9	2018-07-24	Unicameralism	27	1	9	-	-	Reference	English	Chairperson	MP	notMinister	AKP	Justice and Development Party	Coalition	Right	Mustafa.Şentop	Şentop, Mustafa	M	1968	
ParlaMint-TR-en_2018-07-24-tbmm-T27	tbmm-2018-07-24sit02spe0202par0442	The Turkish parliamentary corpus ParlaMint-TR-en, Term 27, Year 1, Session 9	2018-07-24	Unicameralism	27	1	9	-	-	Reference	English	Regular	MP	notMinister	AKP	Justice and Development Party	Coalition	Right	Yılmaz.Tunç	Tunç, Yılmaz	M	1971	
ParlaMint-TR-en_2018-07-24-tbmm-T27	tbmm-2018-07-24sit02spe0201par0443	The Turkish parliamentary corpus ParlaMint-TR-en, Term 27, Year 1, Session 9	2018-07-24	Unicameralism	27	1	9	-	-	Reference	English	Chairperson	MP	notMinister	AKP	Justice and Development Party	Coalition	Right	Mustafa.Şentop	Şentop, Mustafa	M	1968	
ParlaMint-TR-en_2018-07-24-tbmm-T27	tbmm-2018-07-24sit02spe0203par0446	The Turkish parliamentary corpus ParlaMint-TR-en, Term 27, Year 1, Session 9	2018-07-24	Unicameralism	27	1	9	-	-	Reference	English	Regular	MP	notMinister	HDP	Peoples' Democratic Party	Opposition	Centre-left to left	Abdullah.Koç	Koç, Abdullah	M	1972	
ParlaMint-TR-en_2018-07-24-tbmm-T27	tbmm-2018-07-24sit02spe0204par0453	The Turkish parliamentary corpus ParlaMint-TR-en, Term 27, Year 1, Session 9	2018-07-24	Unicameralism	27	1	9	-	-	Reference	English	Chairperson	MP	notMinister	AKP	Justice and Development Party	Coalition	Right	Mustafa.Şentop	Şentop, Mustafa	M	1968	
ParlaMint-TR-en_2018-07-24-tbmm-T27	tbmm-2018-07-24sit02spe0205par0456	The Turkish parliamentary corpus ParlaMint-TR-en, Term 27, Year 1, Session 9	2018-07-24	Unicameralism	27	1	9	-	-	Reference	English	Regular	MP	notMinister	CHP	Republican People's Party	Opposition	Centre-left	Alpay.Antmen	Antmen, Alpay	M	1969	
ParlaMint-TR-en_2018-07-24-tbmm-T27	tbmm-2018-07-24sit02spe0206par0467	The Turkish parliamentary corpus ParlaMint-TR-en, Term 27, Year 1, Session 9	2018-07-24	Unicameralism	27	1	9	-	-	Reference	English	Chairperson	MP	notMinister	AKP	Justice and Development Party	Coalition	Right	Mustafa.Şentop	Şentop, Mustafa	M	1968	
ParlaMint-TR-en_2018-07-24-tbmm-T27	tbmm-2018-07-24sit02spe0207par0471	The Turkish parliamentary corpus ParlaMint-TR-en, Term 27, Year 1, Session 9	2018-07-24	Unicameralism	27	1	9	-	-	Reference	English	Regular	MP	notMinister	IYI	İYİ Party	Opposition	Centre-right	Hasan.Subaşı	Subaşı, Hasan	M	1950	
ParlaMint-TR-en_2018-07-24-tbmm-T27	tbmm-2018-07-24sit02spe0208par0482	The Turkish parliamentary corpus ParlaMint-TR-en, Term 27, Year 1, Session 9	2018-07-24	Unicameralism	27	1	9	-	-	Reference	English	Chairperson	MP	notMinister	AKP	Justice and Development Party	Coalition	Right	Mustafa.Şentop	Şentop, Mustafa	M	1968	
ParlaMint-TR-en_2018-07-24-tbmm-T27	tbmm-2018-07-24sit02spe0207par0483	The Turkish parliamentary corpus ParlaMint-TR-en, Term 27, Year 1, Session 9	2018-07-24	Unicameralism	27	1	9	-	-	Reference	English	Regular	MP	notMinister	IYI	İYİ Party	Opposition	Centre-right	Hasan.Subaşı	Subaşı, Hasan	M	1950	
ParlaMint-TR-en_2018-07-24-tbmm-T27	tbmm-2018-07-24sit02spe0208par0486	The Turkish parliamentary corpus ParlaMint-TR-en, Term 27, Year 1, Session 9	2018-07-24	Unicameralism	27	1	9	-	-	Reference	English	Chairperson	MP	notMinister	AKP	Justice and Development Party	Coalition	Right	Mustafa.Şentop	Şentop, Mustafa	M	1968	
ParlaMint-TR-en_2018-07-24-tbmm-T27	tbmm-2018-07-24sit02spe0209par0495	The Turkish parliamentary corpus ParlaMint-TR-en, Term 27, Year 1, Session 9	2018-07-24	Unicameralism	27	1	9	-	-	Reference	English	Regular	MP	notMinister	MHP	Nationalist Movement Party	-	Right to far-right	Yücel.Bulut	Bulut, Yücel	M	1980	
ParlaMint-TR-en_2018-07-24-tbmm-T27	tbmm-2018-07-24sit02spe0210par0509	The Turkish parliamentary corpus ParlaMint-TR-en, Term 27, Year 1, Session 9	2018-07-24	Unicameralism	27	1	9	-	-	Reference	English	Chairperson	MP	notMinister	AKP	Justice and Development Party	Coalition	Right	Mustafa.Şentop	Şentop, Mustafa	M	1968	
ParlaMint-TR-en_2018-07-24-tbmm-T27	tbmm-2018-07-24sit02spe0211par0513	The Turkish parliamentary corpus ParlaMint-TR-en, Term 27, Year 1, Session 9	2018-07-24	Unicameralism	27	1	9	-	-	Reference	English	Regular	MP	notMinister	CHP	Republican People's Party	Opposition	Centre-left	İbrahimÖzden.Kaboğlu	Kaboğlu, İbrahim Özden	M	1950	
ParlaMint-TR-en_2018-07-24-tbmm-T27	tbmm-2018-07-24sit02spe0212par0528	The Turkish parliamentary corpus ParlaMint-TR-en, Term 27, Year 1, Session 9	2018-07-24	Unicameralism	27	1	9	-	-	Reference	English	Chairperson	MP	notMinister	AKP	Justice and Development Party	Coalition	Right	Mustafa.Şentop	Şentop, Mustafa	M	1968	
ParlaMint-TR-en_2018-07-24-tbmm-T27	tbmm-2018-07-24sit02spe0213par0532	The Turkish parliamentary corpus ParlaMint-TR-en, Term 27, Year 1, Session 9	2018-07-24	Unicameralism	27	1	9	-	-	Reference	English	Regular	MP	notMinister	IYI	İYİ Party	Opposition	Centre-right	Yavuz.Ağıralioğlu	Ağıralioğlu, Yavuz	M	1972	
ParlaMint-TR-en_2018-07-24-tbmm-T27	tbmm-2018-07-24sit02spe0214par0547	The Turkish parliamentary corpus ParlaMint-TR-en, Term 27, Year 1, Session 9	2018-07-24	Unicameralism	27	1	9	-	-	Reference	English	Chairperson	MP	notMinister	AKP	Justice and Development Party	Coalition	Right	Mustafa.Şentop	Şentop, Mustafa	M	1968	
ParlaMint-TR-en_2018-07-24-tbmm-T27	tbmm-2018-07-24sit02spe0215par0551	The Turkish parliamentary corpus ParlaMint-TR-en, Term 27, Year 1, Session 9	2018-07-24	Unicameralism	27	1	9	-	-	Reference	English	Regular	MP	notMinister	HDP	Peoples' Democratic Party	Opposition	Centre-left to left	Erol.Katırcıoğlu	Katırcıoğlu, Erol	M	1951	
ParlaMint-TR-en_2018-07-24-tbmm-T27	tbmm-2018-07-24sit02spe0216par0565	The Turkish parliamentary corpus ParlaMint-TR-en, Term 27, Year 1, Session 9	2018-07-24	Unicameralism	27	1	9	-	-	Reference	English	Chairperson	MP	notMinister	AKP	Justice and Development Party	Coalition	Right	Mustafa.Şentop	Şentop, Mustafa	M	1968	
ParlaMint-TR-en_2018-07-24-tbmm-T27	tbmm-2018-07-24sit02spe0217par0570	The Turkish parliamentary corpus ParlaMint-TR-en, Term 27, Year 1, Session 9	2018-07-24	Unicameralism	27	1	9	-	-	Reference	English	Regular	MP	notMinister	CHP	Republican People's Party	Opposition	Centre-left	Kazım.Arslan1954	Arslan, Kazım	M	1954	
ParlaMint-TR-en_2018-07-24-tbmm-T27	tbmm-2018-07-24sit02spe0218par0580	The Turkish parliamentary corpus ParlaMint-TR-en, Term 27, Year 1, Session 9	2018-07-24	Unicameralism	27	1	9	-	-	Reference	English	Chairperson	MP	notMinister	AKP	Justice and Development Party	Coalition	Right	Mustafa.Şentop	Şentop, Mustafa	M	1968	
ParlaMint-TR-en_2018-07-24-tbmm-T27	tbmm-2018-07-24sit02spe0219par0584	The Turkish parliamentary corpus ParlaMint-TR-en, Term 27, Year 1, Session 9	2018-07-24	Unicameralism	27	1	9	-	-	Reference	English	Regular	MP	notMinister	AKP	Justice and Development Party	Coalition	Right	Abdullah.Güler	Güler, Abdullah	M	1969	
ParlaMint-TR-en_2018-07-24-tbmm-T27	tbmm-2018-07-24sit02spe0220par0597	The Turkish parliamentary corpus ParlaMint-TR-en, Term 27, Year 1, Session 9	2018-07-24	Unicameralism	27	1	9	-	-	Reference	English	Chairperson	MP	notMinister	AKP	Justice and Development Party	Coalition	Right	Mustafa.Şentop	Şentop, Mustafa	M	1968	
ParlaMint-TR-en_2018-07-24-tbmm-T27	tbmm-2018-07-24sit02spe0221par0601	The Turkish parliamentary corpus ParlaMint-TR-en, Term 27, Year 1, Session 9	2018-07-24	Unicameralism	27	1	9	-	-	Reference	English	Regular	MP	notMinister	CHP	Republican People's Party	Opposition	Centre-left	ÖmerFethi.Gürer	Gürer, Ömer Fethi	M	1957	
ParlaMint-TR-en_2018-07-24-tbmm-T27	tbmm-2018-07-24sit02spe0222par0606	The Turkish parliamentary corpus ParlaMint-TR-en, Term 27, Year 1, Session 9	2018-07-24	Unicameralism	27	1	9	-	-	Reference	English	Chairperson	MP	notMinister	AKP	Justice and Development Party	Coalition	Right	Mustafa.Şentop	Şentop, Mustafa	M	1968	
ParlaMint-TR-en_2018-07-24-tbmm-T27	tbmm-2018-07-24sit02spe0223par0607	The Turkish parliamentary corpus ParlaMint-TR-en, Term 27, Year 1, Session 9	2018-07-24	Unicameralism	27	1	9	-	-	Reference	English	Regular	MP	notMinister	CHP	Republican People's Party	Opposition	Centre-left	Kazım.Arslan1954	Arslan, Kazım	M	1954	
ParlaMint-TR-en_2018-07-24-tbmm-T27	tbmm-2018-07-24sit02spe0224par0610	The Turkish parliamentary corpus ParlaMint-TR-en, Term 27, Year 1, Session 9	2018-07-24	Unicameralism	27	1	9	-	-	Reference	English	Chairperson	MP	notMinister	AKP	Justice and Development Party	Coalition	Right	Mustafa.Şentop	Şentop, Mustafa	M	1968	
ParlaMint-TR-en_2018-07-24-tbmm-T27	tbmm-2018-07-24sit02spe0225par0611	The Turkish parliamentary corpus ParlaMint-TR-en, Term 27, Year 1, Session 9	2018-07-24	Unicameralism	27	1	9	-	-	Reference	English	Regular	MP	notMinister	CHP	Republican People's Party	Opposition	Centre-left	İsmailAtakan.Ünver	Ünver, İsmail Atakan	M	1974	
ParlaMint-TR-en_2018-07-24-tbmm-T27	tbmm-2018-07-24sit02spe0224par0614	The Turkish parliamentary corpus ParlaMint-TR-en, Term 27, Year 1, Session 9	2018-07-24	Unicameralism	27	1	9	-	-	Reference	English	Chairperson	MP	notMinister	AKP	Justice and Development Party	Coalition	Right	Mustafa.Şentop	Şentop, Mustafa	M	1968	
ParlaMint-TR-en_2018-07-24-tbmm-T27	tbmm-2018-07-24sit02spe0226par0615	The Turkish parliamentary corpus ParlaMint-TR-en, Term 27, Year 1, Session 9	2018-07-24	Unicameralism	27	1	9	-	-	Reference	English	Regular	MP	notMinister	CHP	Republican People's Party	Opposition	Centre-left	Gülizar.BiçerKaraca	Biçer Karaca, Gülizar	F	1967	
ParlaMint-TR-en_2018-07-24-tbmm-T27	tbmm-2018-07-24sit02spe0227par0619	The Turkish parliamentary corpus ParlaMint-TR-en, Term 27, Year 1, Session 9	2018-07-24	Unicameralism	27	1	9	-	-	Reference	English	Chairperson	MP	notMinister	AKP	Justice and Development Party	Coalition	Right	Mustafa.Şentop	Şentop, Mustafa	M	1968	
ParlaMint-TR-en_2018-07-24-tbmm-T27	tbmm-2018-07-24sit02spe0228par0620	The Turkish parliamentary corpus ParlaMint-TR-en, Term 27, Year 1, Session 9	2018-07-24	Unicameralism	27	1	9	-	-	Reference	English	Regular	MP	notMinister	CHP	Republican People's Party	Opposition	Centre-left	Mustafa.Adıgüzel	Adıgüzel, Mustafa	M	1967	
ParlaMint-TR-en_2018-07-24-tbmm-T27	tbmm-2018-07-24sit02spe0229par0623	The Turkish parliamentary corpus ParlaMint-TR-en, Term 27, Year 1, Session 9	2018-07-24	Unicameralism	27	1	9	-	-	Reference	English	Chairperson	MP	notMinister	AKP	Justice and Development Party	Coalition	Right	Mustafa.Şentop	Şentop, Mustafa	M	1968	
ParlaMint-TR-en_2018-07-24-tbmm-T27	tbmm-2018-07-24sit02spe0230par0624	The Turkish parliamentary corpus ParlaMint-TR-en, Term 27, Year 1, Session 9	2018-07-24	Unicameralism	27	1	9	-	-	Reference	English	Regular	MP	notMinister	CHP	Republican People's Party	Opposition	Centre-left	Abdurrahman.Tutdere	Tutdere, Abdurrahman	M	1976	
ParlaMint-TR-en_2018-07-24-tbmm-T27	tbmm-2018-07-24sit02spe0229par0626	The Turkish parliamentary corpus ParlaMint-TR-en, Term 27, Year 1, Session 9	2018-07-24	Unicameralism	27	1	9	-	-	Reference	English	Chairperson	MP	notMinister	AKP	Justice and Development Party	Coalition	Right	Mustafa.Şentop	Şentop, Mustafa	M	1968	
ParlaMint-TR-en_2018-07-24-tbmm-T27	tbmm-2018-07-24sit02spe0231par0627	The Turkish parliamentary corpus ParlaMint-TR-en, Term 27, Year 1, Session 9	2018-07-24	Unicameralism	27	1	9	-	-	Reference	English	Regular	MP	notMinister	CHP	Republican People's Party	Opposition	Centre-left	Yıldırım.Kaya	Kaya, Yıldırım	M	1958	
ParlaMint-TR-en_2018-07-24-tbmm-T27	tbmm-2018-07-24sit02spe0229par0629	The Turkish parliamentary corpus ParlaMint-TR-en, Term 27, Year 1, Session 9	2018-07-24	Unicameralism	27	1	9	-	-	Reference	English	Chairperson	MP	notMinister	AKP	Justice and Development Party	Coalition	Right	Mustafa.Şentop	Şentop, Mustafa	M	1968	
ParlaMint-TR-en_2018-07-24-tbmm-T27	tbmm-2018-07-24sit02spe0232par0630	The Turkish parliamentary corpus ParlaMint-TR-en, Term 27, Year 1, Session 9	2018-07-24	Unicameralism	27	1	9	-	-	Reference	English	Regular	MP	notMinister	CHP	Republican People's Party	Opposition	Centre-left	Ali.Keven	Keven, Ali	M	1951	
ParlaMint-TR-en_2018-07-24-tbmm-T27	tbmm-2018-07-24sit02spe0233par0633	The Turkish parliamentary corpus ParlaMint-TR-en, Term 27, Year 1, Session 9	2018-07-24	Unicameralism	27	1	9	-	-	Reference	English	Chairperson	MP	notMinister	AKP	Justice and Development Party	Coalition	Right	Mustafa.Şentop	Şentop, Mustafa	M	1968	
ParlaMint-TR-en_2018-07-24-tbmm-T27	tbmm-2018-07-24sit02spe0234par0634	The Turkish parliamentary corpus ParlaMint-TR-en, Term 27, Year 1, Session 9	2018-07-24	Unicameralism	27	1	9	-	-	Reference	English	Regular	MP	notMinister	CHP	Republican People's Party	Opposition	Centre-left	Serkan.Topal	Topal, Serkan	M	1976	
ParlaMint-TR-en_2018-07-24-tbmm-T27	tbmm-2018-07-24sit02spe0235par0637	The Turkish parliamentary corpus ParlaMint-TR-en, Term 27, Year 1, Session 9	2018-07-24	Unicameralism	27	1	9	-	-	Reference	English	Chairperson	MP	notMinister	AKP	Justice and Development Party	Coalition	Right	Mustafa.Şentop	Şentop, Mustafa	M	1968	
ParlaMint-TR-en_2018-07-24-tbmm-T27	tbmm-2018-07-24sit02spe0236par0638	The Turkish parliamentary corpus ParlaMint-TR-en, Term 27, Year 1, Session 9	2018-07-24	Unicameralism	27	1	9	-	-	Reference	English	Regular	MP	notMinister	AKP	Justice and Development Party	Coalition	Right	İmran.Kılıç	Kılıç, İmran	M	1957	
ParlaMint-TR-en_2018-07-24-tbmm-T27	tbmm-2018-07-24sit02spe0237par0650	The Turkish parliamentary corpus ParlaMint-TR-en, Term 27, Year 1, Session 9	2018-07-24	Unicameralism	27	1	9	-	-	Reference	English	Chairperson	MP	notMinister	AKP	Justice and Development Party	Coalition	Right	Mustafa.Şentop	Şentop, Mustafa	M	1968	
ParlaMint-TR-en_2018-07-24-tbmm-T27	tbmm-2018-07-24sit02spe0238par0652	The Turkish parliamentary corpus ParlaMint-TR-en, Term 27, Year 1, Session 9	2018-07-24	Unicameralism	27	1	9	-	-	Reference	English	Regular	MP	notMinister	AKP	Justice and Development Party	Coalition	Right	Yılmaz.Tunç	Tunç, Yılmaz	M	1971	
ParlaMint-TR-en_2018-07-24-tbmm-T27	tbmm-2018-07-24sit02spe0239par0657	The Turkish parliamentary corpus ParlaMint-TR-en, Term 27, Year 1, Session 9	2018-07-24	Unicameralism	27	1	9	-	-	Reference	English	Regular	MP	notMinister	CHP	Republican People's Party	Opposition	Centre-left	Gülizar.BiçerKaraca	Biçer Karaca, Gülizar	F	1967	
ParlaMint-TR-en_2018-07-24-tbmm-T27	tbmm-2018-07-24sit02spe0238par0658	The Turkish parliamentary corpus ParlaMint-TR-en, Term 27, Year 1, Session 9	2018-07-24	Unicameralism	27	1	9	-	-	Reference	English	Regular	MP	notMinister	AKP	Justice and Development Party	Coalition	Right	Yılmaz.Tunç	Tunç, Yılmaz	M	1971	
ParlaMint-TR-en_2018-07-24-tbmm-T27	tbmm-2018-07-24sit02spe0240par0659	The Turkish parliamentary corpus ParlaMint-TR-en, Term 27, Year 1, Session 9	2018-07-24	Unicameralism	27	1	9	-	-	Reference	English	Regular	MP	notMinister	AKP	Justice and Development Party	Coalition	Right	Bülent.Turan	Turan, Bülent	M	1975	
ParlaMint-TR-en_2018-07-24-tbmm-T27	tbmm-2018-07-24sit02spe0241par0660	The Turkish parliamentary corpus ParlaMint-TR-en, Term 27, Year 1, Session 9	2018-07-24	Unicameralism	27	1	9	-	-	Reference	English	Chairperson	MP	notMinister	AKP	Justice and Development Party	Coalition	Right	Mustafa.Şentop	Şentop, Mustafa	M	1968	
ParlaMint-TR-en_2018-07-24-tbmm-T27	tbmm-2018-07-24sit02spe0242par0662	The Turkish parliamentary corpus ParlaMint-TR-en, Term 27, Year 1, Session 9	2018-07-24	Unicameralism	27	1	9	-	-	Reference	English	Regular	MP	notMinister	AKP	Justice and Development Party	Coalition	Right	Yılmaz.Tunç	Tunç, Yılmaz	M	1971	
ParlaMint-TR-en_2018-07-24-tbmm-T27	tbmm-2018-07-24sit02spe0243par0668	The Turkish parliamentary corpus ParlaMint-TR-en, Term 27, Year 1, Session 9	2018-07-24	Unicameralism	27	1	9	-	-	Reference	English	Chairperson	MP	notMinister	AKP	Justice and Development Party	Coalition	Right	Mustafa.Şentop	Şentop, Mustafa	M	1968	
ParlaMint-TR-en_2018-07-24-tbmm-T27	tbmm-2018-07-24sit02spe0242par0670	The Turkish parliamentary corpus ParlaMint-TR-en, Term 27, Year 1, Session 9	2018-07-24	Unicameralism	27	1	9	-	-	Reference	English	Regular	MP	notMinister	AKP	Justice and Development Party	Coalition	Right	Yılmaz.Tunç	Tunç, Yılmaz	M	1971	
ParlaMint-TR-en_2018-07-24-tbmm-T27	tbmm-2018-07-24sit02spe0243par0672	The Turkish parliamentary corpus ParlaMint-TR-en, Term 27, Year 1, Session 9	2018-07-24	Unicameralism	27	1	9	-	-	Reference	English	Chairperson	MP	notMinister	AKP	Justice and Development Party	Coalition	Right	Mustafa.Şentop	Şentop, Mustafa	M	1968	
ParlaMint-TR-en_2018-07-24-tbmm-T27	tbmm-2018-07-24sit02spe0244par0674	The Turkish parliamentary corpus ParlaMint-TR-en, Term 27, Year 1, Session 9	2018-07-24	Unicameralism	27	1	9	-	-	Reference	English	Regular	MP	notMinister	CHP	Republican People's Party	Opposition	Centre-left	Gülizar.BiçerKaraca	Biçer Karaca, Gülizar	F	1967	
ParlaMint-TR-en_2018-07-24-tbmm-T27	tbmm-2018-07-24sit02spe0243par0675	The Turkish parliamentary corpus ParlaMint-TR-en, Term 27, Year 1, Session 9	2018-07-24	Unicameralism	27	1	9	-	-	Reference	English	Chairperson	MP	notMinister	AKP	Justice and Development Party	Coalition	Right	Mustafa.Şentop	Şentop, Mustafa	M	1968	
ParlaMint-TR-en_2018-07-24-tbmm-T27	tbmm-2018-07-24sit02spe0245par0690	The Turkish parliamentary corpus ParlaMint-TR-en, Term 27, Year 1, Session 9	2018-07-24	Unicameralism	27	1	9	-	-	Reference	English	Regular	MP	notMinister	AKP	Justice and Development Party	Coalition	Right	Yılmaz.Tunç	Tunç, Yılmaz	M	1971	
ParlaMint-TR-en_2018-07-24-tbmm-T27	tbmm-2018-07-24sit02spe0243par0691	The Turkish parliamentary corpus ParlaMint-TR-en, Term 27, Year 1, Session 9	2018-07-24	Unicameralism	27	1	9	-	-	Reference	English	Chairperson	MP	notMinister	AKP	Justice and Development Party	Coalition	Right	Mustafa.Şentop	Şentop, Mustafa	M	1968	
ParlaMint-TR-en_2018-07-24-tbmm-T27	tbmm-2018-07-24sit02spe0246par0695	The Turkish parliamentary corpus ParlaMint-TR-en, Term 27, Year 1, Session 9	2018-07-24	Unicameralism	27	1	9	-	-	Reference	English	Regular	MP	notMinister	HDP	Peoples' Democratic Party	Opposition	Centre-left to left	Kemal.Bülbül	Bülbül, Kemal	M	1963	
ParlaMint-TR-en_2018-07-24-tbmm-T27	tbmm-2018-07-24sit02spe0247par0719	The Turkish parliamentary corpus ParlaMint-TR-en, Term 27, Year 1, Session 9	2018-07-24	Unicameralism	27	1	9	-	-	Reference	English	Regular	MP	notMinister	AKP	Justice and Development Party	Coalition	Right	Bülent.Turan	Turan, Bülent	M	1975	
ParlaMint-TR-en_2018-07-24-tbmm-T27	tbmm-2018-07-24sit02spe0248par0720	The Turkish parliamentary corpus ParlaMint-TR-en, Term 27, Year 1, Session 9	2018-07-24	Unicameralism	27	1	9	-	-	Reference	English	Chairperson	MP	notMinister	AKP	Justice and Development Party	Coalition	Right	Mustafa.Şentop	Şentop, Mustafa	M	1968	
ParlaMint-TR-en_2018-07-24-tbmm-T27	tbmm-2018-07-24sit02spe0247par0721	The Turkish parliamentary corpus ParlaMint-TR-en, Term 27, Year 1, Session 9	2018-07-24	Unicameralism	27	1	9	-	-	Reference	English	Regular	MP	notMinister	AKP	Justice and Development Party	Coalition	Right	Bülent.Turan	Turan, Bülent	M	1975	
ParlaMint-TR-en_2018-07-24-tbmm-T27	tbmm-2018-07-24sit02spe0248par0722	The Turkish parliamentary corpus ParlaMint-TR-en, Term 27, Year 1, Session 9	2018-07-24	Unicameralism	27	1	9	-	-	Reference	English	Chairperson	MP	notMinister	AKP	Justice and Development Party	Coalition	Right	Mustafa.Şentop	Şentop, Mustafa	M	1968	
ParlaMint-TR-en_2018-07-24-tbmm-T27	tbmm-2018-07-24sit02spe0247par0725	The Turkish parliamentary corpus ParlaMint-TR-en, Term 27, Year 1, Session 9	2018-07-24	Unicameralism	27	1	9	-	-	Reference	English	Regular	MP	notMinister	AKP	Justice and Development Party	Coalition	Right	Bülent.Turan	Turan, Bülent	M	1975	
ParlaMint-TR-en_2018-07-24-tbmm-T27	tbmm-2018-07-24sit02spe0249par0730	The Turkish parliamentary corpus ParlaMint-TR-en, Term 27, Year 1, Session 9	2018-07-24	Unicameralism	27	1	9	-	-	Reference	English	Chairperson	MP	notMinister	AKP	Justice and Development Party	Coalition	Right	Mustafa.Şentop	Şentop, Mustafa	M	1968	
ParlaMint-TR-en_2018-07-24-tbmm-T27	tbmm-2018-07-24sit02spe0250par0739	The Turkish parliamentary corpus ParlaMint-TR-en, Term 27, Year 1, Session 9	2018-07-24	Unicameralism	27	1	9	-	-	Reference	English	Regular	MP	notMinister	HDP	Peoples' Democratic Party	Opposition	Centre-left to left	Kemal.Bülbül	Bülbül, Kemal	M	1963	
ParlaMint-TR-en_2018-07-24-tbmm-T27	tbmm-2018-07-24sit02spe0249par0740	The Turkish parliamentary corpus ParlaMint-TR-en, Term 27, Year 1, Session 9	2018-07-24	Unicameralism	27	1	9	-	-	Reference	English	Chairperson	MP	notMinister	AKP	Justice and Development Party	Coalition	Right	Mustafa.Şentop	Şentop, Mustafa	M	1968	
ParlaMint-TR-en_2018-07-24-tbmm-T27	tbmm-2018-07-24sit02spe0250par0743	The Turkish parliamentary corpus ParlaMint-TR-en, Term 27, Year 1, Session 9	2018-07-24	Unicameralism	27	1	9	-	-	Reference	English	Regular	MP	notMinister	HDP	Peoples' Democratic Party	Opposition	Centre-left to left	Kemal.Bülbül	Bülbül, Kemal	M	1963	
ParlaMint-TR-en_2018-07-24-tbmm-T27	tbmm-2018-07-24sit02spe0251par0747	The Turkish parliamentary corpus ParlaMint-TR-en, Term 27, Year 1, Session 9	2018-07-24	Unicameralism	27	1	9	-	-	Reference	English	Chairperson	MP	notMinister	AKP	Justice and Development Party	Coalition	Right	Mustafa.Şentop	Şentop, Mustafa	M	1968	
ParlaMint-TR-en_2018-07-24-tbmm-T27	tbmm-2018-07-24sit02spe0250par0748	The Turkish parliamentary corpus ParlaMint-TR-en, Term 27, Year 1, Session 9	2018-07-24	Unicameralism	27	1	9	-	-	Reference	English	Regular	MP	notMinister	HDP	Peoples' Democratic Party	Opposition	Centre-left to left	Kemal.Bülbül	Bülbül, Kemal	M	1963	
ParlaMint-TR-en_2018-07-24-tbmm-T27	tbmm-2018-07-24sit02spe0252par0750	The Turkish parliamentary corpus ParlaMint-TR-en, Term 27, Year 1, Session 9	2018-07-24	Unicameralism	27	1	9	-	-	Reference	English	Regular	MP	notMinister	AKP	Justice and Development Party	Coalition	Right	Bülent.Turan	Turan, Bülent	M	1975	
ParlaMint-TR-en_2018-07-24-tbmm-T27	tbmm-2018-07-24sit02spe0253par0751	The Turkish parliamentary corpus ParlaMint-TR-en, Term 27, Year 1, Session 9	2018-07-24	Unicameralism	27	1	9	-	-	Reference	English	Chairperson	MP	notMinister	AKP	Justice and Development Party	Coalition	Right	Mustafa.Şentop	Şentop, Mustafa	M	1968	
ParlaMint-TR-en_2018-07-24-tbmm-T27	tbmm-2018-07-24sit02spe0252par0752	The Turkish parliamentary corpus ParlaMint-TR-en, Term 27, Year 1, Session 9	2018-07-24	Unicameralism	27	1	9	-	-	Reference	English	Regular	MP	notMinister	AKP	Justice and Development Party	Coalition	Right	Bülent.Turan	Turan, Bülent	M	1975	
ParlaMint-TR-en_2018-07-24-tbmm-T27	tbmm-2018-07-24sit02spe0253par0753	The Turkish parliamentary corpus ParlaMint-TR-en, Term 27, Year 1, Session 9	2018-07-24	Unicameralism	27	1	9	-	-	Reference	English	Chairperson	MP	notMinister	AKP	Justice and Development Party	Coalition	Right	Mustafa.Şentop	Şentop, Mustafa	M	1968	
ParlaMint-TR-en_2018-07-24-tbmm-T27	tbmm-2018-07-24sit02spe0252par0755	The Turkish parliamentary corpus ParlaMint-TR-en, Term 27, Year 1, Session 9	2018-07-24	Unicameralism	27	1	9	-	-	Reference	English	Regular	MP	notMinister	AKP	Justice and Development Party	Coalition	Right	Bülent.Turan	Turan, Bülent	M	1975	
ParlaMint-TR-en_2018-07-24-tbmm-T27	tbmm-2018-07-24sit02spe0253par0757	The Turkish parliamentary corpus ParlaMint-TR-en, Term 27, Year 1, Session 9	2018-07-24	Unicameralism	27	1	9	-	-	Reference	English	Chairperson	MP	notMinister	AKP	Justice and Development Party	Coalition	Right	Mustafa.Şentop	Şentop, Mustafa	M	1968	
ParlaMint-TR-en_2018-07-24-tbmm-T27	tbmm-2018-07-24sit02spe0254par0764	The Turkish parliamentary corpus ParlaMint-TR-en, Term 27, Year 1, Session 9	2018-07-24	Unicameralism	27	1	9	-	-	Reference	English	Regular	MP	notMinister	CHP	Republican People's Party	Opposition	Centre-left	Ali.Öztunç	Öztunç, Ali	M	1976	
ParlaMint-TR-en_2018-07-24-tbmm-T27	tbmm-2018-07-24sit02spe0255par0771	The Turkish parliamentary corpus ParlaMint-TR-en, Term 27, Year 1, Session 9	2018-07-24	Unicameralism	27	1	9	-	-	Reference	English	Chairperson	MP	notMinister	AKP	Justice and Development Party	Coalition	Right	Mustafa.Şentop	Şentop, Mustafa	M	1968	
ParlaMint-TR-en_2018-07-24-tbmm-T27	tbmm-2018-07-24sit03spe0255par0001	The Turkish parliamentary corpus ParlaMint-TR-en, Term 27, Year 1, Session 9	2018-07-24	Unicameralism	27	1	9	-	-	Reference	English	Chairperson	MP	notMinister	AKP	Justice and Development Party	Coalition	Right	Mustafa.Şentop	Şentop, Mustafa	M	1968	
ParlaMint-TR-en_2018-07-24-tbmm-T27	tbmm-2018-07-24sit03spe0256par0017	The Turkish parliamentary corpus ParlaMint-TR-en, Term 27, Year 1, Session 9	2018-07-24	Unicameralism	27	1	9	-	-	Reference	English	Regular	MP	notMinister	AKP	Justice and Development Party	Coalition	Right	Yılmaz.Tunç	Tunç, Yılmaz	M	1971	
ParlaMint-TR-en_2018-07-24-tbmm-T27	tbmm-2018-07-24sit03spe0255par0018	The Turkish parliamentary corpus ParlaMint-TR-en, Term 27, Year 1, Session 9	2018-07-24	Unicameralism	27	1	9	-	-	Reference	English	Chairperson	MP	notMinister	AKP	Justice and Development Party	Coalition	Right	Mustafa.Şentop	Şentop, Mustafa	M	1968	
ParlaMint-TR-en_2018-07-24-tbmm-T27	tbmm-2018-07-24sit03spe0257par0022	The Turkish parliamentary corpus ParlaMint-TR-en, Term 27, Year 1, Session 9	2018-07-24	Unicameralism	27	1	9	-	-	Reference	English	Regular	MP	notMinister	HDP	Peoples' Democratic Party	Opposition	Centre-left to left	BarışAtay.Mengüllüoğlu	Mengüllüoğlu, Barış Atay	M	1981	
ParlaMint-TR-en_2018-07-24-tbmm-T27	tbmm-2018-07-24sit03spe0258par0030	The Turkish parliamentary corpus ParlaMint-TR-en, Term 27, Year 1, Session 9	2018-07-24	Unicameralism	27	1	9	-	-	Reference	English	Regular	MP	notMinister	AKP	Justice and Development Party	Coalition	Right	İbrahim.Aydemir	Aydemir, İbrahim	M	1962	
ParlaMint-TR-en_2018-07-24-tbmm-T27	tbmm-2018-07-24sit03spe0257par0031	The Turkish parliamentary corpus ParlaMint-TR-en, Term 27, Year 1, Session 9	2018-07-24	Unicameralism	27	1	9	-	-	Reference	English	Regular	MP	notMinister	HDP	Peoples' Democratic Party	Opposition	Centre-left to left	BarışAtay.Mengüllüoğlu	Mengüllüoğlu, Barış Atay	M	1981	
ParlaMint-TR-en_2018-07-24-tbmm-T27	tbmm-2018-07-24sit03spe0259par0034	The Turkish parliamentary corpus ParlaMint-TR-en, Term 27, Year 1, Session 9	2018-07-24	Unicameralism	27	1	9	-	-	Reference	English	Chairperson	MP	notMinister	AKP	Justice and Development Party	Coalition	Right	Mustafa.Şentop	Şentop, Mustafa	M	1968	
ParlaMint-TR-en_2018-07-24-tbmm-T27	tbmm-2018-07-24sit03spe0257par0035	The Turkish parliamentary corpus ParlaMint-TR-en, Term 27, Year 1, Session 9	2018-07-24	Unicameralism	27	1	9	-	-	Reference	English	Regular	MP	notMinister	HDP	Peoples' Democratic Party	Opposition	Centre-left to left	BarışAtay.Mengüllüoğlu	Mengüllüoğlu, Barış Atay	M	1981	
ParlaMint-TR-en_2018-07-24-tbmm-T27	tbmm-2018-07-24sit03spe0259par0036	The Turkish parliamentary corpus ParlaMint-TR-en, Term 27, Year 1, Session 9	2018-07-24	Unicameralism	27	1	9	-	-	Reference	English	Chairperson	MP	notMinister	AKP	Justice and Development Party	Coalition	Right	Mustafa.Şentop	Şentop, Mustafa	M	1968	
ParlaMint-TR-en_2018-07-24-tbmm-T27	tbmm-2018-07-24sit03spe0257par0037	The Turkish parliamentary corpus ParlaMint-TR-en, Term 27, Year 1, Session 9	2018-07-24	Unicameralism	27	1	9	-	-	Reference	English	Regular	MP	notMinister	HDP	Peoples' Democratic Party	Opposition	Centre-left to left	BarışAtay.Mengüllüoğlu	Mengüllüoğlu, Barış Atay	M	1981	
ParlaMint-TR-en_2018-07-24-tbmm-T27	tbmm-2018-07-24sit03spe0260par0039	The Turkish parliamentary corpus ParlaMint-TR-en, Term 27, Year 1, Session 9	2018-07-24	Unicameralism	27	1	9	-	-	Reference	English	Regular	MP	notMinister	AKP	Justice and Development Party	Coalition	Right	Bülent.Turan	Turan, Bülent	M	1975	
ParlaMint-TR-en_2018-07-24-tbmm-T27	tbmm-2018-07-24sit03spe0259par0040	The Turkish parliamentary corpus ParlaMint-TR-en, Term 27, Year 1, Session 9	2018-07-24	Unicameralism	27	1	9	-	-	Reference	English	Chairperson	MP	notMinister	AKP	Justice and Development Party	Coalition	Right	Mustafa.Şentop	Şentop, Mustafa	M	1968	
ParlaMint-TR-en_2018-07-24-tbmm-T27	tbmm-2018-07-24sit03spe0260par0041	The Turkish parliamentary corpus ParlaMint-TR-en, Term 27, Year 1, Session 9	2018-07-24	Unicameralism	27	1	9	-	-	Reference	English	Regular	MP	notMinister	AKP	Justice and Development Party	Coalition	Right	Bülent.Turan	Turan, Bülent	M	1975	
ParlaMint-TR-en_2018-07-24-tbmm-T27	tbmm-2018-07-24sit03spe0259par0042	The Turkish parliamentary corpus ParlaMint-TR-en, Term 27, Year 1, Session 9	2018-07-24	Unicameralism	27	1	9	-	-	Reference	English	Chairperson	MP	notMinister	AKP	Justice and Development Party	Coalition	Right	Mustafa.Şentop	Şentop, Mustafa	M	1968	
ParlaMint-TR-en_2018-07-24-tbmm-T27	tbmm-2018-07-24sit03spe0261par0044	The Turkish parliamentary corpus ParlaMint-TR-en, Term 27, Year 1, Session 9	2018-07-24	Unicameralism	27	1	9	-	-	Reference	English	Regular	MP	notMinister	HDP	Peoples' Democratic Party	Opposition	Centre-left to left	Mahmut.Toğrul	Toğrul, Mahmut	M	1967	
ParlaMint-TR-en_2018-07-24-tbmm-T27	tbmm-2018-07-24sit03spe0262par0045	The Turkish parliamentary corpus ParlaMint-TR-en, Term 27, Year 1, Session 9	2018-07-24	Unicameralism	27	1	9	-	-	Reference	English	Regular	MP	notMinister	HDP	Peoples' Democratic Party	Opposition	Centre-left to left	Erkan.Baş	Baş, Erkan	M	1979	
ParlaMint-TR-en_2018-07-24-tbmm-T27	tbmm-2018-07-24sit03spe0263par0046	The Turkish parliamentary corpus ParlaMint-TR-en, Term 27, Year 1, Session 9	2018-07-24	Unicameralism	27	1	9	-	-	Reference	English	Regular	MP	notMinister	HDP	Peoples' Democratic Party	Opposition	Centre-left to left	BarışAtay.Mengüllüoğlu	Mengüllüoğlu, Barış Atay	M	1981	
ParlaMint-TR-en_2018-07-24-tbmm-T27	tbmm-2018-07-24sit03spe0264par0047	The Turkish parliamentary corpus ParlaMint-TR-en, Term 27, Year 1, Session 9	2018-07-24	Unicameralism	27	1	9	-	-	Reference	English	Chairperson	MP	notMinister	AKP	Justice and Development Party	Coalition	Right	Mustafa.Şentop	Şentop, Mustafa	M	1968	
ParlaMint-TR-en_2018-07-24-tbmm-T27	tbmm-2018-07-24sit03spe0265par0048	The Turkish parliamentary corpus ParlaMint-TR-en, Term 27, Year 1, Session 9	2018-07-24	Unicameralism	27	1	9	-	-	Reference	English	Regular	MP	notMinister	HDP	Peoples' Democratic Party	Opposition	Centre-left to left	Mahmut.Toğrul	Toğrul, Mahmut	M	1967	
ParlaMint-TR-en_2018-07-24-tbmm-T27	tbmm-2018-07-24sit03spe0266par0051	The Turkish parliamentary corpus ParlaMint-TR-en, Term 27, Year 1, Session 9	2018-07-24	Unicameralism	27	1	9	-	-	Reference	English	Regular	MP	notMinister	AKP	Justice and Development Party	Coalition	Right	Bülent.Turan	Turan, Bülent	M	1975	
ParlaMint-TR-en_2018-07-24-tbmm-T27	tbmm-2018-07-24sit03spe0267par0055	The Turkish parliamentary corpus ParlaMint-TR-en, Term 27, Year 1, Session 9	2018-07-24	Unicameralism	27	1	9	-	-	Reference	English	Regular	MP	notMinister	HDP	Peoples' Democratic Party	Opposition	Centre-left to left	Erkan.Baş	Baş, Erkan	M	1979	
ParlaMint-TR-en_2018-07-24-tbmm-T27	tbmm-2018-07-24sit03spe0266par0056	The Turkish parliamentary corpus ParlaMint-TR-en, Term 27, Year 1, Session 9	2018-07-24	Unicameralism	27	1	9	-	-	Reference	English	Regular	MP	notMinister	AKP	Justice and Development Party	Coalition	Right	Bülent.Turan	Turan, Bülent	M	1975	
ParlaMint-TR-en_2018-07-24-tbmm-T27	tbmm-2018-07-24sit03spe0268par0062	The Turkish parliamentary corpus ParlaMint-TR-en, Term 27, Year 1, Session 9	2018-07-24	Unicameralism	27	1	9	-	-	Reference	English	Regular	MP	notMinister	HDP	Peoples' Democratic Party	Opposition	Centre-left to left	Ali.Kenanoğlu	Kenanoğlu, Ali	M	1971	
ParlaMint-TR-en_2018-07-24-tbmm-T27	tbmm-2018-07-24sit03spe0269par0063	The Turkish parliamentary corpus ParlaMint-TR-en, Term 27, Year 1, Session 9	2018-07-24	Unicameralism	27	1	9	-	-	Reference	English	Regular	MP	notMinister	HDP	Peoples' Democratic Party	Opposition	Centre-left to left	BarışAtay.Mengüllüoğlu	Mengüllüoğlu, Barış Atay	M	1981	
ParlaMint-TR-en_2018-07-24-tbmm-T27	tbmm-2018-07-24sit03spe0270par0064	The Turkish parliamentary corpus ParlaMint-TR-en, Term 27, Year 1, Session 9	2018-07-24	Unicameralism	27	1	9	-	-	Reference	English	Chairperson	MP	notMinister	AKP	Justice and Development Party	Coalition	Right	Mustafa.Şentop	Şentop, Mustafa	M	1968	
ParlaMint-TR-en_2018-07-24-tbmm-T27	tbmm-2018-07-24sit03spe0271par0071	The Turkish parliamentary corpus ParlaMint-TR-en, Term 27, Year 1, Session 9	2018-07-24	Unicameralism	27	1	9	-	-	Reference	English	Regular	MP	notMinister	CHP	Republican People's Party	Opposition	Centre-left	AliMahir.Başarır	Başarır, Ali Mahir	M	1975	
ParlaMint-TR-en_2018-07-24-tbmm-T27	tbmm-2018-07-24sit03spe0272par0080	The Turkish parliamentary corpus ParlaMint-TR-en, Term 27, Year 1, Session 9	2018-07-24	Unicameralism	27	1	9	-	-	Reference	English	Regular	MP	notMinister	AKP	Justice and Development Party	Coalition	Right	Şeyhmus.Dinçel	Dinçel, Şeyhmus	M	1966	
ParlaMint-TR-en_2018-07-24-tbmm-T27	tbmm-2018-07-24sit03spe0271par0081	The Turkish parliamentary corpus ParlaMint-TR-en, Term 27, Year 1, Session 9	2018-07-24	Unicameralism	27	1	9	-	-	Reference	English	Regular	MP	notMinister	CHP	Republican People's Party	Opposition	Centre-left	AliMahir.Başarır	Başarır, Ali Mahir	M	1975	
ParlaMint-TR-en_2018-07-24-tbmm-T27	tbmm-2018-07-24sit03spe0273par0082	The Turkish parliamentary corpus ParlaMint-TR-en, Term 27, Year 1, Session 9	2018-07-24	Unicameralism	27	1	9	-	-	Reference	English	Regular	MP	notMinister	AKP	Justice and Development Party	Coalition	Right	Fuat.Köktaş	Köktaş, Fuat	M	1964	
ParlaMint-TR-en_2018-07-24-tbmm-T27	tbmm-2018-07-24sit03spe0271par0083	The Turkish parliamentary corpus ParlaMint-TR-en, Term 27, Year 1, Session 9	2018-07-24	Unicameralism	27	1	9	-	-	Reference	English	Regular	MP	notMinister	CHP	Republican People's Party	Opposition	Centre-left	AliMahir.Başarır	Başarır, Ali Mahir	M	1975	
ParlaMint-TR-en_2018-07-24-tbmm-T27	tbmm-2018-07-24sit03spe0273par0085	The Turkish parliamentary corpus ParlaMint-TR-en, Term 27, Year 1, Session 9	2018-07-24	Unicameralism	27	1	9	-	-	Reference	English	Regular	MP	notMinister	AKP	Justice and Development Party	Coalition	Right	Fuat.Köktaş	Köktaş, Fuat	M	1964	
ParlaMint-TR-en_2018-07-24-tbmm-T27	tbmm-2018-07-24sit03spe0274par0086	The Turkish parliamentary corpus ParlaMint-TR-en, Term 27, Year 1, Session 9	2018-07-24	Unicameralism	27	1	9	-	-	Reference	English	Regular	MP	notMinister	CHP	Republican People's Party	Opposition	Centre-left	ÖmerFethi.Gürer	Gürer, Ömer Fethi	M	1957	
ParlaMint-TR-en_2018-07-24-tbmm-T27	tbmm-2018-07-24sit03spe0275par0087	The Turkish parliamentary corpus ParlaMint-TR-en, Term 27, Year 1, Session 9	2018-07-24	Unicameralism	27	1	9	-	-	Reference	English	Regular	MP	notMinister	CHP	Republican People's Party	Opposition	Centre-left	Haydar.Akar	Akar, Haydar	M	1963	
ParlaMint-TR-en_2018-07-24-tbmm-T27	tbmm-2018-07-24sit03spe0276par0088	The Turkish parliamentary corpus ParlaMint-TR-en, Term 27, Year 1, Session 9	2018-07-24	Unicameralism	27	1	9	-	-	Reference	English	Regular	MP	notMinister	CHP	Republican People's Party	Opposition	Centre-left	AliMahir.Başarır	Başarır, Ali Mahir	M	1975	
ParlaMint-TR-en_2018-07-24-tbmm-T27	tbmm-2018-07-24sit03spe0277par0089	The Turkish parliamentary corpus ParlaMint-TR-en, Term 27, Year 1, Session 9	2018-07-24	Unicameralism	27	1	9	-	-	Reference	English	Chairperson	MP	notMinister	AKP	Justice and Development Party	Coalition	Right	Mustafa.Şentop	Şentop, Mustafa	M	1968	
ParlaMint-TR-en_2018-07-24-tbmm-T27	tbmm-2018-07-24sit03spe0278par0091	The Turkish parliamentary corpus ParlaMint-TR-en, Term 27, Year 1, Session 9	2018-07-24	Unicameralism	27	1	9	-	-	Reference	English	Regular	MP	notMinister	CHP	Republican People's Party	Opposition	Centre-left	ÖmerFethi.Gürer	Gürer, Ömer Fethi	M	1957	
ParlaMint-TR-en_2018-07-24-tbmm-T27	tbmm-2018-07-24sit03spe0277par0092	The Turkish parliamentary corpus ParlaMint-TR-en, Term 27, Year 1, Session 9	2018-07-24	Unicameralism	27	1	9	-	-	Reference	English	Chairperson	MP	notMinister	AKP	Justice and Development Party	Coalition	Right	Mustafa.Şentop	Şentop, Mustafa	M	1968	
ParlaMint-TR-en_2018-07-24-tbmm-T27	tbmm-2018-07-24sit03spe0279par0093	The Turkish parliamentary corpus ParlaMint-TR-en, Term 27, Year 1, Session 9	2018-07-24	Unicameralism	27	1	9	-	-	Reference	English	Regular	MP	notMinister	CHP	Republican People's Party	Opposition	Centre-left	AliMahir.Başarır	Başarır, Ali Mahir	M	1975	
ParlaMint-TR-en_2018-07-24-tbmm-T27	tbmm-2018-07-24sit03spe0280par0096	The Turkish parliamentary corpus ParlaMint-TR-en, Term 27, Year 1, Session 9	2018-07-24	Unicameralism	27	1	9	-	-	Reference	English	Regular	MP	notMinister	AKP	Justice and Development Party	Coalition	Right	Bülent.Turan	Turan, Bülent	M	1975	
ParlaMint-TR-en_2018-07-24-tbmm-T27	tbmm-2018-07-24sit03spe0279par0097	The Turkish parliamentary corpus ParlaMint-TR-en, Term 27, Year 1, Session 9	2018-07-24	Unicameralism	27	1	9	-	-	Reference	English	Regular	MP	notMinister	CHP	Republican People's Party	Opposition	Centre-left	AliMahir.Başarır	Başarır, Ali Mahir	M	1975	
ParlaMint-TR-en_2018-07-24-tbmm-T27	tbmm-2018-07-24sit03spe0281par0098	The Turkish parliamentary corpus ParlaMint-TR-en, Term 27, Year 1, Session 9	2018-07-24	Unicameralism	27	1	9	-	-	Reference	English	Chairperson	MP	notMinister	AKP	Justice and Development Party	Coalition	Right	Mustafa.Şentop	Şentop, Mustafa	M	1968	
ParlaMint-TR-en_2018-07-24-tbmm-T27	tbmm-2018-07-24sit03spe0282par0108	The Turkish parliamentary corpus ParlaMint-TR-en, Term 27, Year 1, Session 9	2018-07-24	Unicameralism	27	1	9	-	-	Reference	English	Regular	MP	notMinister	AKP	Justice and Development Party	Coalition	Right	Hakkı.Köylü	Köylü, Hakkı	M	1948	
ParlaMint-TR-en_2018-07-24-tbmm-T27	tbmm-2018-07-24sit03spe0281par0109	The Turkish parliamentary corpus ParlaMint-TR-en, Term 27, Year 1, Session 9	2018-07-24	Unicameralism	27	1	9	-	-	Reference	English	Chairperson	MP	notMinister	AKP	Justice and Development Party	Coalition	Right	Mustafa.Şentop	Şentop, Mustafa	M	1968	
ParlaMint-TR-en_2018-07-24-tbmm-T27	tbmm-2018-07-24sit03spe0283par0112	The Turkish parliamentary corpus ParlaMint-TR-en, Term 27, Year 1, Session 9	2018-07-24	Unicameralism	27	1	9	-	-	Reference	English	Regular	MP	notMinister	CHP	Republican People's Party	Opposition	Centre-left	Mehmet.Bekaroğlu	Bekaroğlu, Mehmet	M	1954	
ParlaMint-TR-en_2018-07-24-tbmm-T27	tbmm-2018-07-24sit03spe0284par0119	The Turkish parliamentary corpus ParlaMint-TR-en, Term 27, Year 1, Session 9	2018-07-24	Unicameralism	27	1	9	-	-	Reference	English	Regular	MP	notMinister	AKP	Justice and Development Party	Coalition	Right	İlyas.Şeker	Şeker, İlyas	M	1960	
ParlaMint-TR-en_2018-07-24-tbmm-T27	tbmm-2018-07-24sit03spe0285par0120	The Turkish parliamentary corpus ParlaMint-TR-en, Term 27, Year 1, Session 9	2018-07-24	Unicameralism	27	1	9	-	-	Reference	English	Regular	MP	notMinister	AKP	Justice and Development Party	Coalition	Right	Fuat.Köktaş	Köktaş, Fuat	M	1964	
ParlaMint-TR-en_2018-07-24-tbmm-T27	tbmm-2018-07-24sit03spe0283par0121	The Turkish parliamentary corpus ParlaMint-TR-en, Term 27, Year 1, Session 9	2018-07-24	Unicameralism	27	1	9	-	-	Reference	English	Regular	MP	notMinister	CHP	Republican People's Party	Opposition	Centre-left	Mehmet.Bekaroğlu	Bekaroğlu, Mehmet	M	1954	
ParlaMint-TR-en_2018-07-24-tbmm-T27	tbmm-2018-07-24sit03spe0286par0126	The Turkish parliamentary corpus ParlaMint-TR-en, Term 27, Year 1, Session 9	2018-07-24	Unicameralism	27	1	9	-	-	Reference	English	Regular	MP	notMinister	AKP	Justice and Development Party	Coalition	Right	Bülent.Turan	Turan, Bülent	M	1975	
ParlaMint-TR-en_2018-07-24-tbmm-T27	tbmm-2018-07-24sit03spe0287par0129	The Turkish parliamentary corpus ParlaMint-TR-en, Term 27, Year 1, Session 9	2018-07-24	Unicameralism	27	1	9	-	-	Reference	English	Chairperson	MP	notMinister	AKP	Justice and Development Party	Coalition	Right	Mustafa.Şentop	Şentop, Mustafa	M	1968	
ParlaMint-TR-en_2018-07-24-tbmm-T27	tbmm-2018-07-24sit03spe0288par0131	The Turkish parliamentary corpus ParlaMint-TR-en, Term 27, Year 1, Session 9	2018-07-24	Unicameralism	27	1	9	-	-	Reference	English	Regular	MP	notMinister	CHP	Republican People's Party	Opposition	Centre-left	Engin.Özkoç	Özkoç, Engin	M	1962	
ParlaMint-TR-en_2018-07-24-tbmm-T27	tbmm-2018-07-24sit03spe0287par0132	The Turkish parliamentary corpus ParlaMint-TR-en, Term 27, Year 1, Session 9	2018-07-24	Unicameralism	27	1	9	-	-	Reference	English	Chairperson	MP	notMinister	AKP	Justice and Development Party	Coalition	Right	Mustafa.Şentop	Şentop, Mustafa	M	1968	
ParlaMint-TR-en_2018-07-24-tbmm-T27	tbmm-2018-07-24sit03spe0288par0133	The Turkish parliamentary corpus ParlaMint-TR-en, Term 27, Year 1, Session 9	2018-07-24	Unicameralism	27	1	9	-	-	Reference	English	Regular	MP	notMinister	CHP	Republican People's Party	Opposition	Centre-left	Engin.Özkoç	Özkoç, Engin	M	1962	
ParlaMint-TR-en_2018-07-24-tbmm-T27	tbmm-2018-07-24sit03spe0287par0134	The Turkish parliamentary corpus ParlaMint-TR-en, Term 27, Year 1, Session 9	2018-07-24	Unicameralism	27	1	9	-	-	Reference	English	Chairperson	MP	notMinister	AKP	Justice and Development Party	Coalition	Right	Mustafa.Şentop	Şentop, Mustafa	M	1968	
ParlaMint-TR-en_2018-07-24-tbmm-T27	tbmm-2018-07-24sit03spe0288par0135	The Turkish parliamentary corpus ParlaMint-TR-en, Term 27, Year 1, Session 9	2018-07-24	Unicameralism	27	1	9	-	-	Reference	English	Regular	MP	notMinister	CHP	Republican People's Party	Opposition	Centre-left	Engin.Özkoç	Özkoç, Engin	M	1962	
ParlaMint-TR-en_2018-07-24-tbmm-T27	tbmm-2018-07-24sit03spe0289par0136	The Turkish parliamentary corpus ParlaMint-TR-en, Term 27, Year 1, Session 9	2018-07-24	Unicameralism	27	1	9	-	-	Reference	English	Regular	MP	notMinister	AKP	Justice and Development Party	Coalition	Right	Bülent.Turan	Turan, Bülent	M	1975	
ParlaMint-TR-en_2018-07-24-tbmm-T27	tbmm-2018-07-24sit03spe0288par0137	The Turkish parliamentary corpus ParlaMint-TR-en, Term 27, Year 1, Session 9	2018-07-24	Unicameralism	27	1	9	-	-	Reference	English	Regular	MP	notMinister	CHP	Republican People's Party	Opposition	Centre-left	Engin.Özkoç	Özkoç, Engin	M	1962	
ParlaMint-TR-en_2018-07-24-tbmm-T27	tbmm-2018-07-24sit03spe0290par0138	The Turkish parliamentary corpus ParlaMint-TR-en, Term 27, Year 1, Session 9	2018-07-24	Unicameralism	27	1	9	-	-	Reference	English	Regular	MP	notMinister	CHP	Republican People's Party	Opposition	Centre-left	ÖmerFethi.Gürer	Gürer, Ömer Fethi	M	1957	
ParlaMint-TR-en_2018-07-24-tbmm-T27	tbmm-2018-07-24sit03spe0291par0139	The Turkish parliamentary corpus ParlaMint-TR-en, Term 27, Year 1, Session 9	2018-07-24	Unicameralism	27	1	9	-	-	Reference	English	Chairperson	MP	notMinister	AKP	Justice and Development Party	Coalition	Right	Mustafa.Şentop	Şentop, Mustafa	M	1968	
ParlaMint-TR-en_2018-07-24-tbmm-T27	tbmm-2018-07-24sit03spe0288par0143	The Turkish parliamentary corpus ParlaMint-TR-en, Term 27, Year 1, Session 9	2018-07-24	Unicameralism	27	1	9	-	-	Reference	English	Regular	MP	notMinister	CHP	Republican People's Party	Opposition	Centre-left	Engin.Özkoç	Özkoç, Engin	M	1962	
ParlaMint-TR-en_2018-07-24-tbmm-T27	tbmm-2018-07-24sit03spe0292par0149	The Turkish parliamentary corpus ParlaMint-TR-en, Term 27, Year 1, Session 9	2018-07-24	Unicameralism	27	1	9	-	-	Reference	English	Regular	MP	notMinister	AKP	Justice and Development Party	Coalition	Right	Bülent.Turan	Turan, Bülent	M	1975	
ParlaMint-TR-en_2018-07-24-tbmm-T27	tbmm-2018-07-24sit03spe0293par0150	The Turkish parliamentary corpus ParlaMint-TR-en, Term 27, Year 1, Session 9	2018-07-24	Unicameralism	27	1	9	-	-	Reference	English	Chairperson	MP	notMinister	AKP	Justice and Development Party	Coalition	Right	Mustafa.Şentop	Şentop, Mustafa	M	1968	
ParlaMint-TR-en_2018-07-24-tbmm-T27	tbmm-2018-07-24sit03spe0292par0151	The Turkish parliamentary corpus ParlaMint-TR-en, Term 27, Year 1, Session 9	2018-07-24	Unicameralism	27	1	9	-	-	Reference	English	Regular	MP	notMinister	AKP	Justice and Development Party	Coalition	Right	Bülent.Turan	Turan, Bülent	M	1975	
ParlaMint-TR-en_2018-07-24-tbmm-T27	tbmm-2018-07-24sit03spe0294par0152	The Turkish parliamentary corpus ParlaMint-TR-en, Term 27, Year 1, Session 9	2018-07-24	Unicameralism	27	1	9	-	-	Reference	English	Regular	MP	notMinister	CHP	Republican People's Party	Opposition	Centre-left	KamilOkyay.Sındır	Sındır, Kamil Okyay	M	1962	
ParlaMint-TR-en_2018-07-24-tbmm-T27	tbmm-2018-07-24sit03spe0292par0153	The Turkish parliamentary corpus ParlaMint-TR-en, Term 27, Year 1, Session 9	2018-07-24	Unicameralism	27	1	9	-	-	Reference	English	Regular	MP	notMinister	AKP	Justice and Development Party	Coalition	Right	Bülent.Turan	Turan, Bülent	M	1975	
ParlaMint-TR-en_2018-07-24-tbmm-T27	tbmm-2018-07-24sit03spe0295par0155	The Turkish parliamentary corpus ParlaMint-TR-en, Term 27, Year 1, Session 9	2018-07-24	Unicameralism	27	1	9	-	-	Reference	English	Chairperson	MP	notMinister	AKP	Justice and Development Party	Coalition	Right	Mustafa.Şentop	Şentop, Mustafa	M	1968	
ParlaMint-TR-en_2018-07-24-tbmm-T27	tbmm-2018-07-24sit03spe0296par0156	The Turkish parliamentary corpus ParlaMint-TR-en, Term 27, Year 1, Session 9	2018-07-24	Unicameralism	27	1	9	-	-	Reference	English	Regular	MP	notMinister	CHP	Republican People's Party	Opposition	Centre-left	Engin.Özkoç	Özkoç, Engin	M	1962	
ParlaMint-TR-en_2018-07-24-tbmm-T27	tbmm-2018-07-24sit03spe0295par0157	The Turkish parliamentary corpus ParlaMint-TR-en, Term 27, Year 1, Session 9	2018-07-24	Unicameralism	27	1	9	-	-	Reference	English	Chairperson	MP	notMinister	AKP	Justice and Development Party	Coalition	Right	Mustafa.Şentop	Şentop, Mustafa	M	1968	
ParlaMint-TR-en_2018-07-24-tbmm-T27	tbmm-2018-07-24sit03spe0296par0158	The Turkish parliamentary corpus ParlaMint-TR-en, Term 27, Year 1, Session 9	2018-07-24	Unicameralism	27	1	9	-	-	Reference	English	Regular	MP	notMinister	CHP	Republican People's Party	Opposition	Centre-left	Engin.Özkoç	Özkoç, Engin	M	1962	
ParlaMint-TR-en_2018-07-24-tbmm-T27	tbmm-2018-07-24sit03spe0295par0159	The Turkish parliamentary corpus ParlaMint-TR-en, Term 27, Year 1, Session 9	2018-07-24	Unicameralism	27	1	9	-	-	Reference	English	Chairperson	MP	notMinister	AKP	Justice and Development Party	Coalition	Right	Mustafa.Şentop	Şentop, Mustafa	M	1968	
ParlaMint-TR-en_2018-07-24-tbmm-T27	tbmm-2018-07-24sit03spe0296par0160	The Turkish parliamentary corpus ParlaMint-TR-en, Term 27, Year 1, Session 9	2018-07-24	Unicameralism	27	1	9	-	-	Reference	English	Regular	MP	notMinister	CHP	Republican People's Party	Opposition	Centre-left	Engin.Özkoç	Özkoç, Engin	M	1962	
ParlaMint-TR-en_2018-07-24-tbmm-T27	tbmm-2018-07-24sit03spe0295par0161	The Turkish parliamentary corpus ParlaMint-TR-en, Term 27, Year 1, Session 9	2018-07-24	Unicameralism	27	1	9	-	-	Reference	English	Chairperson	MP	notMinister	AKP	Justice and Development Party	Coalition	Right	Mustafa.Şentop	Şentop, Mustafa	M	1968	
ParlaMint-TR-en_2018-07-24-tbmm-T27	tbmm-2018-07-24sit03spe0296par0162	The Turkish parliamentary corpus ParlaMint-TR-en, Term 27, Year 1, Session 9	2018-07-24	Unicameralism	27	1	9	-	-	Reference	English	Regular	MP	notMinister	CHP	Republican People's Party	Opposition	Centre-left	Engin.Özkoç	Özkoç, Engin	M	1962	
ParlaMint-TR-en_2018-07-24-tbmm-T27	tbmm-2018-07-24sit03spe0295par0164	The Turkish parliamentary corpus ParlaMint-TR-en, Term 27, Year 1, Session 9	2018-07-24	Unicameralism	27	1	9	-	-	Reference	English	Chairperson	MP	notMinister	AKP	Justice and Development Party	Coalition	Right	Mustafa.Şentop	Şentop, Mustafa	M	1968	
ParlaMint-TR-en_2018-07-24-tbmm-T27	tbmm-2018-07-24sit03spe0297par0165	The Turkish parliamentary corpus ParlaMint-TR-en, Term 27, Year 1, Session 9	2018-07-24	Unicameralism	27	1	9	-	-	Reference	English	Regular	MP	notMinister	CHP	Republican People's Party	Opposition	Centre-left	Mehmet.Bekaroğlu	Bekaroğlu, Mehmet	M	1954	
ParlaMint-TR-en_2018-07-24-tbmm-T27	tbmm-2018-07-24sit03spe0295par0166	The Turkish parliamentary corpus ParlaMint-TR-en, Term 27, Year 1, Session 9	2018-07-24	Unicameralism	27	1	9	-	-	Reference	English	Chairperson	MP	notMinister	AKP	Justice and Development Party	Coalition	Right	Mustafa.Şentop	Şentop, Mustafa	M	1968	
ParlaMint-TR-en_2018-07-24-tbmm-T27	tbmm-2018-07-24sit03spe0298par0167	The Turkish parliamentary corpus ParlaMint-TR-en, Term 27, Year 1, Session 9	2018-07-24	Unicameralism	27	1	9	-	-	Reference	English	Regular	MP	notMinister	CHP	Republican People's Party	Opposition	Centre-left	Engin.Özkoç	Özkoç, Engin	M	1962	
ParlaMint-TR-en_2018-07-24-tbmm-T27	tbmm-2018-07-24sit03spe0295par0168	The Turkish parliamentary corpus ParlaMint-TR-en, Term 27, Year 1, Session 9	2018-07-24	Unicameralism	27	1	9	-	-	Reference	English	Chairperson	MP	notMinister	AKP	Justice and Development Party	Coalition	Right	Mustafa.Şentop	Şentop, Mustafa	M	1968	
ParlaMint-TR-en_2018-07-24-tbmm-T27	tbmm-2018-07-24sit03spe0298par0169	The Turkish parliamentary corpus ParlaMint-TR-en, Term 27, Year 1, Session 9	2018-07-24	Unicameralism	27	1	9	-	-	Reference	English	Regular	MP	notMinister	CHP	Republican People's Party	Opposition	Centre-left	Engin.Özkoç	Özkoç, Engin	M	1962	
ParlaMint-TR-en_2018-07-24-tbmm-T27	tbmm-2018-07-24sit03spe0295par0170	The Turkish parliamentary corpus ParlaMint-TR-en, Term 27, Year 1, Session 9	2018-07-24	Unicameralism	27	1	9	-	-	Reference	English	Chairperson	MP	notMinister	AKP	Justice and Development Party	Coalition	Right	Mustafa.Şentop	Şentop, Mustafa	M	1968	
ParlaMint-TR-en_2018-07-24-tbmm-T27	tbmm-2018-07-24sit03spe0299par0171	The Turkish parliamentary corpus ParlaMint-TR-en, Term 27, Year 1, Session 9	2018-07-24	Unicameralism	27	1	9	-	-	Reference	English	Regular	MP	notMinister	CHP	Republican People's Party	Opposition	Centre-left	Mehmet.Bekaroğlu	Bekaroğlu, Mehmet	M	1954	
ParlaMint-TR-en_2018-07-24-tbmm-T27	tbmm-2018-07-24sit03spe0295par0172	The Turkish parliamentary corpus ParlaMint-TR-en, Term 27, Year 1, Session 9	2018-07-24	Unicameralism	27	1	9	-	-	Reference	English	Chairperson	MP	notMinister	AKP	Justice and Development Party	Coalition	Right	Mustafa.Şentop	Şentop, Mustafa	M	1968	
ParlaMint-TR-en_2018-07-24-tbmm-T27	tbmm-2018-07-24sit03spe0299par0173	The Turkish parliamentary corpus ParlaMint-TR-en, Term 27, Year 1, Session 9	2018-07-24	Unicameralism	27	1	9	-	-	Reference	English	Regular	MP	notMinister	CHP	Republican People's Party	Opposition	Centre-left	Mehmet.Bekaroğlu	Bekaroğlu, Mehmet	M	1954	
ParlaMint-TR-en_2018-07-24-tbmm-T27	tbmm-2018-07-24sit03spe0300par0174	The Turkish parliamentary corpus ParlaMint-TR-en, Term 27, Year 1, Session 9	2018-07-24	Unicameralism	27	1	9	-	-	Reference	English	Regular	MP	notMinister	CHP	Republican People's Party	Opposition	Centre-left	Engin.Özkoç	Özkoç, Engin	M	1962	
ParlaMint-TR-en_2018-07-24-tbmm-T27	tbmm-2018-07-24sit03spe0295par0175	The Turkish parliamentary corpus ParlaMint-TR-en, Term 27, Year 1, Session 9	2018-07-24	Unicameralism	27	1	9	-	-	Reference	English	Chairperson	MP	notMinister	AKP	Justice and Development Party	Coalition	Right	Mustafa.Şentop	Şentop, Mustafa	M	1968	
ParlaMint-TR-en_2018-07-24-tbmm-T27	tbmm-2018-07-24sit03spe0300par0176	The Turkish parliamentary corpus ParlaMint-TR-en, Term 27, Year 1, Session 9	2018-07-24	Unicameralism	27	1	9	-	-	Reference	English	Regular	MP	notMinister	CHP	Republican People's Party	Opposition	Centre-left	Engin.Özkoç	Özkoç, Engin	M	1962	
ParlaMint-TR-en_2018-07-24-tbmm-T27	tbmm-2018-07-24sit03spe0295par0177	The Turkish parliamentary corpus ParlaMint-TR-en, Term 27, Year 1, Session 9	2018-07-24	Unicameralism	27	1	9	-	-	Reference	English	Chairperson	MP	notMinister	AKP	Justice and Development Party	Coalition	Right	Mustafa.Şentop	Şentop, Mustafa	M	1968	
ParlaMint-TR-en_2018-07-24-tbmm-T27	tbmm-2018-07-24sit03spe0300par0178	The Turkish parliamentary corpus ParlaMint-TR-en, Term 27, Year 1, Session 9	2018-07-24	Unicameralism	27	1	9	-	-	Reference	English	Regular	MP	notMinister	CHP	Republican People's Party	Opposition	Centre-left	Engin.Özkoç	Özkoç, Engin	M	1962	
ParlaMint-TR-en_2018-07-24-tbmm-T27	tbmm-2018-07-24sit03spe0301par0180	The Turkish parliamentary corpus ParlaMint-TR-en, Term 27, Year 1, Session 9	2018-07-24	Unicameralism	27	1	9	-	-	Reference	English	Regular	MP	notMinister	AKP	Justice and Development Party	Coalition	Right	Bülent.Turan	Turan, Bülent	M	1975	
ParlaMint-TR-en_2018-07-24-tbmm-T27	tbmm-2018-07-24sit03spe0302par0181	The Turkish parliamentary corpus ParlaMint-TR-en, Term 27, Year 1, Session 9	2018-07-24	Unicameralism	27	1	9	-	-	Reference	English	Regular	MP	notMinister	HDP	Peoples' Democratic Party	Opposition	Centre-left to left	Fatma.Kurtulan	Kurtulan, Fatma	F	1964	
ParlaMint-TR-en_2018-07-24-tbmm-T27	tbmm-2018-07-24sit03spe0303par0182	The Turkish parliamentary corpus ParlaMint-TR-en, Term 27, Year 1, Session 9	2018-07-24	Unicameralism	27	1	9	-	-	Reference	English	Regular	MP	notMinister	CHP	Republican People's Party	Opposition	Centre-left	ÖmerFethi.Gürer	Gürer, Ömer Fethi	M	1957	
ParlaMint-TR-en_2018-07-24-tbmm-T27	tbmm-2018-07-24sit03spe0301par0183	The Turkish parliamentary corpus ParlaMint-TR-en, Term 27, Year 1, Session 9	2018-07-24	Unicameralism	27	1	9	-	-	Reference	English	Regular	MP	notMinister	AKP	Justice and Development Party	Coalition	Right	Bülent.Turan	Turan, Bülent	M	1975	
ParlaMint-TR-en_2018-07-24-tbmm-T27	tbmm-2018-07-24sit03spe0304par0185	The Turkish parliamentary corpus ParlaMint-TR-en, Term 27, Year 1, Session 9	2018-07-24	Unicameralism	27	1	9	-	-	Reference	English	Regular	MP	notMinister	CHP	Republican People's Party	Opposition	Centre-left	Nurhayat.Altaca	Altaca Kayışoğlu, Nurhayat	F	1978	
ParlaMint-TR-en_2018-07-24-tbmm-T27	tbmm-2018-07-24sit03spe0305par0186	The Turkish parliamentary corpus ParlaMint-TR-en, Term 27, Year 1, Session 9	2018-07-24	Unicameralism	27	1	9	-	-	Reference	English	Regular	MP	notMinister	CHP	Republican People's Party	Opposition	Centre-left	Ünal.Demirtaş	Demirtaş, Ünal	M	1971	
ParlaMint-TR-en_2018-07-24-tbmm-T27	tbmm-2018-07-24sit03spe0306par0187	The Turkish parliamentary corpus ParlaMint-TR-en, Term 27, Year 1, Session 9	2018-07-24	Unicameralism	27	1	9	-	-	Reference	English	Chairperson	MP	notMinister	AKP	Justice and Development Party	Coalition	Right	Mustafa.Şentop	Şentop, Mustafa	M	1968	
ParlaMint-TR-en_2018-07-24-tbmm-T27	tbmm-2018-07-24sit03spe0307par0188	The Turkish parliamentary corpus ParlaMint-TR-en, Term 27, Year 1, Session 9	2018-07-24	Unicameralism	27	1	9	-	-	Reference	English	Regular	MP	notMinister	AKP	Justice and Development Party	Coalition	Right	Bülent.Turan	Turan, Bülent	M	1975	
ParlaMint-TR-en_2018-07-24-tbmm-T27	tbmm-2018-07-24sit03spe0308par0189	The Turkish parliamentary corpus ParlaMint-TR-en, Term 27, Year 1, Session 9	2018-07-24	Unicameralism	27	1	9	-	-	Reference	English	Regular	MP	notMinister	CHP	Republican People's Party	Opposition	Centre-left	Nurhayat.Altaca	Altaca Kayışoğlu, Nurhayat	F	1978	
ParlaMint-TR-en_2018-07-24-tbmm-T27	tbmm-2018-07-24sit03spe0307par0190	The Turkish parliamentary corpus ParlaMint-TR-en, Term 27, Year 1, Session 9	2018-07-24	Unicameralism	27	1	9	-	-	Reference	English	Regular	MP	notMinister	AKP	Justice and Development Party	Coalition	Right	Bülent.Turan	Turan, Bülent	M	1975	
ParlaMint-TR-en_2018-07-24-tbmm-T27	tbmm-2018-07-24sit03spe0309par0192	The Turkish parliamentary corpus ParlaMint-TR-en, Term 27, Year 1, Session 9	2018-07-24	Unicameralism	27	1	9	-	-	Reference	English	Chairperson	MP	notMinister	AKP	Justice and Development Party	Coalition	Right	Mustafa.Şentop	Şentop, Mustafa	M	1968	
ParlaMint-TR-en_2018-07-24-tbmm-T27	tbmm-2018-07-24sit03spe0307par0193	The Turkish parliamentary corpus ParlaMint-TR-en, Term 27, Year 1, Session 9	2018-07-24	Unicameralism	27	1	9	-	-	Reference	English	Regular	MP	notMinister	AKP	Justice and Development Party	Coalition	Right	Bülent.Turan	Turan, Bülent	M	1975	
ParlaMint-TR-en_2018-07-24-tbmm-T27	tbmm-2018-07-24sit03spe0309par0194	The Turkish parliamentary corpus ParlaMint-TR-en, Term 27, Year 1, Session 9	2018-07-24	Unicameralism	27	1	9	-	-	Reference	English	Chairperson	MP	notMinister	AKP	Justice and Development Party	Coalition	Right	Mustafa.Şentop	Şentop, Mustafa	M	1968	
ParlaMint-TR-en_2018-07-24-tbmm-T27	tbmm-2018-07-24sit03spe0310par0195	The Turkish parliamentary corpus ParlaMint-TR-en, Term 27, Year 1, Session 9	2018-07-24	Unicameralism	27	1	9	-	-	Reference	English	Regular	MP	notMinister	CHP	Republican People's Party	Opposition	Centre-left	Nurhayat.Altaca	Altaca Kayışoğlu, Nurhayat	F	1978	
ParlaMint-TR-en_2018-07-24-tbmm-T27	tbmm-2018-07-24sit03spe0309par0196	The Turkish parliamentary corpus ParlaMint-TR-en, Term 27, Year 1, Session 9	2018-07-24	Unicameralism	27	1	9	-	-	Reference	English	Chairperson	MP	notMinister	AKP	Justice and Development Party	Coalition	Right	Mustafa.Şentop	Şentop, Mustafa	M	1968	
ParlaMint-TR-en_2018-07-24-tbmm-T27	tbmm-2018-07-24sit03spe0311par0198	The Turkish parliamentary corpus ParlaMint-TR-en, Term 27, Year 1, Session 9	2018-07-24	Unicameralism	27	1	9	-	-	Reference	English	Regular	MP	notMinister	AKP	Justice and Development Party	Coalition	Right	Bülent.Turan	Turan, Bülent	M	1975	
ParlaMint-TR-en_2018-07-24-tbmm-T27	tbmm-2018-07-24sit03spe0309par0203	The Turkish parliamentary corpus ParlaMint-TR-en, Term 27, Year 1, Session 9	2018-07-24	Unicameralism	27	1	9	-	-	Reference	English	Chairperson	MP	notMinister	AKP	Justice and Development Party	Coalition	Right	Mustafa.Şentop	Şentop, Mustafa	M	1968	
ParlaMint-TR-en_2018-07-24-tbmm-T27	tbmm-2018-07-24sit03spe0312par0206	The Turkish parliamentary corpus ParlaMint-TR-en, Term 27, Year 1, Session 9	2018-07-24	Unicameralism	27	1	9	-	-	Reference	English	Regular	MP	notMinister	CHP	Republican People's Party	Opposition	Centre-left	Engin.Özkoç	Özkoç, Engin	M	1962	
ParlaMint-TR-en_2018-07-24-tbmm-T27	tbmm-2018-07-24sit03spe0309par0207	The Turkish parliamentary corpus ParlaMint-TR-en, Term 27, Year 1, Session 9	2018-07-24	Unicameralism	27	1	9	-	-	Reference	English	Chairperson	MP	notMinister	AKP	Justice and Development Party	Coalition	Right	Mustafa.Şentop	Şentop, Mustafa	M	1968	
ParlaMint-TR-en_2018-07-24-tbmm-T27	tbmm-2018-07-24sit03spe0312par0210	The Turkish parliamentary corpus ParlaMint-TR-en, Term 27, Year 1, Session 9	2018-07-24	Unicameralism	27	1	9	-	-	Reference	English	Regular	MP	notMinister	CHP	Republican People's Party	Opposition	Centre-left	Engin.Özkoç	Özkoç, Engin	M	1962	
ParlaMint-TR-en_2018-07-24-tbmm-T27	tbmm-2018-07-24sit03spe0309par0213	The Turkish parliamentary corpus ParlaMint-TR-en, Term 27, Year 1, Session 9	2018-07-24	Unicameralism	27	1	9	-	-	Reference	English	Chairperson	MP	notMinister	AKP	Justice and Development Party	Coalition	Right	Mustafa.Şentop	Şentop, Mustafa	M	1968	
ParlaMint-TR-en_2018-07-24-tbmm-T27	tbmm-2018-07-24sit03spe0313par0214	The Turkish parliamentary corpus ParlaMint-TR-en, Term 27, Year 1, Session 9	2018-07-24	Unicameralism	27	1	9	-	-	Reference	English	Regular	MP	notMinister	AKP	Justice and Development Party	Coalition	Right	Bülent.Turan	Turan, Bülent	M	1975	
ParlaMint-TR-en_2018-07-24-tbmm-T27	tbmm-2018-07-24sit03spe0309par0215	The Turkish parliamentary corpus ParlaMint-TR-en, Term 27, Year 1, Session 9	2018-07-24	Unicameralism	27	1	9	-	-	Reference	English	Chairperson	MP	notMinister	AKP	Justice and Development Party	Coalition	Right	Mustafa.Şentop	Şentop, Mustafa	M	1968	
ParlaMint-TR-en_2018-07-24-tbmm-T27	tbmm-2018-07-24sit03spe0314par0227	The Turkish parliamentary corpus ParlaMint-TR-en, Term 27, Year 1, Session 9	2018-07-24	Unicameralism	27	1	9	-	-	Reference	English	Regular	MP	notMinister	AKP	Justice and Development Party	Coalition	Right	Hakkı.Köylü	Köylü, Hakkı	M	1948	
ParlaMint-TR-en_2018-07-24-tbmm-T27	tbmm-2018-07-24sit03spe0309par0228	The Turkish parliamentary corpus ParlaMint-TR-en, Term 27, Year 1, Session 9	2018-07-24	Unicameralism	27	1	9	-	-	Reference	English	Chairperson	MP	notMinister	AKP	Justice and Development Party	Coalition	Right	Mustafa.Şentop	Şentop, Mustafa	M	1968	
ParlaMint-TR-en_2018-07-24-tbmm-T27	tbmm-2018-07-24sit03spe0315par0231	The Turkish parliamentary corpus ParlaMint-TR-en, Term 27, Year 1, Session 9	2018-07-24	Unicameralism	27	1	9	-	-	Reference	English	Regular	MP	notMinister	CHP	Republican People's Party	Opposition	Centre-left	Serkan.Topal	Topal, Serkan	M	1976	
ParlaMint-TR-en_2018-07-24-tbmm-T27	tbmm-2018-07-24sit03spe0316par0239	The Turkish parliamentary corpus ParlaMint-TR-en, Term 27, Year 1, Session 9	2018-07-24	Unicameralism	27	1	9	-	-	Reference	English	Chairperson	MP	notMinister	AKP	Justice and Development Party	Coalition	Right	Mustafa.Şentop	Şentop, Mustafa	M	1968	
ParlaMint-TR-en_2018-07-24-tbmm-T27	tbmm-2018-07-24sit03spe0315par0240	The Turkish parliamentary corpus ParlaMint-TR-en, Term 27, Year 1, Session 9	2018-07-24	Unicameralism	27	1	9	-	-	Reference	English	Regular	MP	notMinister	CHP	Republican People's Party	Opposition	Centre-left	Serkan.Topal	Topal, Serkan	M	1976	
ParlaMint-TR-en_2018-07-24-tbmm-T27	tbmm-2018-07-24sit03spe0316par0241	The Turkish parliamentary corpus ParlaMint-TR-en, Term 27, Year 1, Session 9	2018-07-24	Unicameralism	27	1	9	-	-	Reference	English	Chairperson	MP	notMinister	AKP	Justice and Development Party	Coalition	Right	Mustafa.Şentop	Şentop, Mustafa	M	1968	
ParlaMint-TR-en_2018-07-24-tbmm-T27	tbmm-2018-07-24sit03spe0317par0242	The Turkish parliamentary corpus ParlaMint-TR-en, Term 27, Year 1, Session 9	2018-07-24	Unicameralism	27	1	9	-	-	Reference	English	Regular	MP	notMinister	CHP	Republican People's Party	Opposition	Centre-left	Engin.Özkoç	Özkoç, Engin	M	1962	
ParlaMint-TR-en_2018-07-24-tbmm-T27	tbmm-2018-07-24sit03spe0316par0243	The Turkish parliamentary corpus ParlaMint-TR-en, Term 27, Year 1, Session 9	2018-07-24	Unicameralism	27	1	9	-	-	Reference	English	Chairperson	MP	notMinister	AKP	Justice and Development Party	Coalition	Right	Mustafa.Şentop	Şentop, Mustafa	M	1968	
ParlaMint-TR-en_2018-07-24-tbmm-T27	tbmm-2018-07-24sit03spe0318par0244	The Turkish parliamentary corpus ParlaMint-TR-en, Term 27, Year 1, Session 9	2018-07-24	Unicameralism	27	1	9	-	-	Reference	English	Regular	MP	notMinister	AKP	Justice and Development Party	Coalition	Right	Bülent.Turan	Turan, Bülent	M	1975	
ParlaMint-TR-en_2018-07-24-tbmm-T27	tbmm-2018-07-24sit03spe0319par0245	The Turkish parliamentary corpus ParlaMint-TR-en, Term 27, Year 1, Session 9	2018-07-24	Unicameralism	27	1	9	-	-	Reference	English	Regular	MP	notMinister	CHP	Republican People's Party	Opposition	Centre-left	Serkan.Topal	Topal, Serkan	M	1976	
ParlaMint-TR-en_2018-07-24-tbmm-T27	tbmm-2018-07-24sit03spe0316par0246	The Turkish parliamentary corpus ParlaMint-TR-en, Term 27, Year 1, Session 9	2018-07-24	Unicameralism	27	1	9	-	-	Reference	English	Chairperson	MP	notMinister	AKP	Justice and Development Party	Coalition	Right	Mustafa.Şentop	Şentop, Mustafa	M	1968	
ParlaMint-TR-en_2018-07-24-tbmm-T27	tbmm-2018-07-24sit03spe0319par0247	The Turkish parliamentary corpus ParlaMint-TR-en, Term 27, Year 1, Session 9	2018-07-24	Unicameralism	27	1	9	-	-	Reference	English	Regular	MP	notMinister	CHP	Republican People's Party	Opposition	Centre-left	Serkan.Topal	Topal, Serkan	M	1976	
ParlaMint-TR-en_2018-07-24-tbmm-T27	tbmm-2018-07-24sit03spe0316par0248	The Turkish parliamentary corpus ParlaMint-TR-en, Term 27, Year 1, Session 9	2018-07-24	Unicameralism	27	1	9	-	-	Reference	English	Chairperson	MP	notMinister	AKP	Justice and Development Party	Coalition	Right	Mustafa.Şentop	Şentop, Mustafa	M	1968	
ParlaMint-TR-en_2018-07-24-tbmm-T27	tbmm-2018-07-24sit03spe0319par0249	The Turkish parliamentary corpus ParlaMint-TR-en, Term 27, Year 1, Session 9	2018-07-24	Unicameralism	27	1	9	-	-	Reference	English	Regular	MP	notMinister	CHP	Republican People's Party	Opposition	Centre-left	Serkan.Topal	Topal, Serkan	M	1976	
ParlaMint-TR-en_2018-07-24-tbmm-T27	tbmm-2018-07-24sit03spe0316par0250	The Turkish parliamentary corpus ParlaMint-TR-en, Term 27, Year 1, Session 9	2018-07-24	Unicameralism	27	1	9	-	-	Reference	English	Chairperson	MP	notMinister	AKP	Justice and Development Party	Coalition	Right	Mustafa.Şentop	Şentop, Mustafa	M	1968	
ParlaMint-TR-en_2018-07-24-tbmm-T27	tbmm-2018-07-24sit03spe0319par0251	The Turkish parliamentary corpus ParlaMint-TR-en, Term 27, Year 1, Session 9	2018-07-24	Unicameralism	27	1	9	-	-	Reference	English	Regular	MP	notMinister	CHP	Republican People's Party	Opposition	Centre-left	Serkan.Topal	Topal, Serkan	M	1976	
ParlaMint-TR-en_2018-07-24-tbmm-T27	tbmm-2018-07-24sit03spe0320par0254	The Turkish parliamentary corpus ParlaMint-TR-en, Term 27, Year 1, Session 9	2018-07-24	Unicameralism	27	1	9	-	-	Reference	English	Regular	MP	notMinister	AKP	Justice and Development Party	Coalition	Right	Bülent.Turan	Turan, Bülent	M	1975	
ParlaMint-TR-en_2018-07-24-tbmm-T27	tbmm-2018-07-24sit03spe0321par0255	The Turkish parliamentary corpus ParlaMint-TR-en, Term 27, Year 1, Session 9	2018-07-24	Unicameralism	27	1	9	-	-	Reference	English	Regular	MP	notMinister	CHP	Republican People's Party	Opposition	Centre-left	ÖmerFethi.Gürer	Gürer, Ömer Fethi	M	1957	
ParlaMint-TR-en_2018-07-24-tbmm-T27	tbmm-2018-07-24sit03spe0322par0256	The Turkish parliamentary corpus ParlaMint-TR-en, Term 27, Year 1, Session 9	2018-07-24	Unicameralism	27	1	9	-	-	Reference	English	Chairperson	MP	notMinister	AKP	Justice and Development Party	Coalition	Right	Mustafa.Şentop	Şentop, Mustafa	M	1968	
ParlaMint-TR-en_2018-07-24-tbmm-T27	tbmm-2018-07-24sit03spe0321par0257	The Turkish parliamentary corpus ParlaMint-TR-en, Term 27, Year 1, Session 9	2018-07-24	Unicameralism	27	1	9	-	-	Reference	English	Regular	MP	notMinister	CHP	Republican People's Party	Opposition	Centre-left	ÖmerFethi.Gürer	Gürer, Ömer Fethi	M	1957	
ParlaMint-TR-en_2018-07-24-tbmm-T27	tbmm-2018-07-24sit03spe0323par0258	The Turkish parliamentary corpus ParlaMint-TR-en, Term 27, Year 1, Session 9	2018-07-24	Unicameralism	27	1	9	-	-	Reference	English	Regular	MP	notMinister	CHP	Republican People's Party	Opposition	Centre-left	Serkan.Topal	Topal, Serkan	M	1976	
ParlaMint-TR-en_2018-07-24-tbmm-T27	tbmm-2018-07-24sit03spe0322par0259	The Turkish parliamentary corpus ParlaMint-TR-en, Term 27, Year 1, Session 9	2018-07-24	Unicameralism	27	1	9	-	-	Reference	English	Chairperson	MP	notMinister	AKP	Justice and Development Party	Coalition	Right	Mustafa.Şentop	Şentop, Mustafa	M	1968	
ParlaMint-TR-en_2018-07-24-tbmm-T27	tbmm-2018-07-24sit03spe0324par0260	The Turkish parliamentary corpus ParlaMint-TR-en, Term 27, Year 1, Session 9	2018-07-24	Unicameralism	27	1	9	-	-	Reference	English	Regular	MP	notMinister	AKP	Justice and Development Party	Coalition	Right	Bülent.Turan	Turan, Bülent	M	1975	
ParlaMint-TR-en_2018-07-24-tbmm-T27	tbmm-2018-07-24sit03spe0325par0262	The Turkish parliamentary corpus ParlaMint-TR-en, Term 27, Year 1, Session 9	2018-07-24	Unicameralism	27	1	9	-	-	Reference	English	Regular	MP	notMinister	CHP	Republican People's Party	Opposition	Centre-left	Serkan.Topal	Topal, Serkan	M	1976	
ParlaMint-TR-en_2018-07-24-tbmm-T27	tbmm-2018-07-24sit03spe0326par0263	The Turkish parliamentary corpus ParlaMint-TR-en, Term 27, Year 1, Session 9	2018-07-24	Unicameralism	27	1	9	-	-	Reference	English	Chairperson	MP	notMinister	AKP	Justice and Development Party	Coalition	Right	Mustafa.Şentop	Şentop, Mustafa	M	1968	
ParlaMint-TR-en_2018-07-24-tbmm-T27	tbmm-2018-07-24sit03spe0324par0266	The Turkish parliamentary corpus ParlaMint-TR-en, Term 27, Year 1, Session 9	2018-07-24	Unicameralism	27	1	9	-	-	Reference	English	Regular	MP	notMinister	AKP	Justice and Development Party	Coalition	Right	Bülent.Turan	Turan, Bülent	M	1975	
ParlaMint-TR-en_2018-07-24-tbmm-T27	tbmm-2018-07-24sit03spe0327par0268	The Turkish parliamentary corpus ParlaMint-TR-en, Term 27, Year 1, Session 9	2018-07-24	Unicameralism	27	1	9	-	-	Reference	English	Regular	MP	notMinister	CHP	Republican People's Party	Opposition	Centre-left	KamilOkyay.Sındır	Sındır, Kamil Okyay	M	1962	
ParlaMint-TR-en_2018-07-24-tbmm-T27	tbmm-2018-07-24sit03spe0324par0269	The Turkish parliamentary corpus ParlaMint-TR-en, Term 27, Year 1, Session 9	2018-07-24	Unicameralism	27	1	9	-	-	Reference	English	Regular	MP	notMinister	AKP	Justice and Development Party	Coalition	Right	Bülent.Turan	Turan, Bülent	M	1975	
ParlaMint-TR-en_2018-07-24-tbmm-T27	tbmm-2018-07-24sit03spe0328par0273	The Turkish parliamentary corpus ParlaMint-TR-en, Term 27, Year 1, Session 9	2018-07-24	Unicameralism	27	1	9	-	-	Reference	English	Chairperson	MP	notMinister	AKP	Justice and Development Party	Coalition	Right	Mustafa.Şentop	Şentop, Mustafa	M	1968	
ParlaMint-TR-en_2018-07-24-tbmm-T27	tbmm-2018-07-24sit03spe0329par0274	The Turkish parliamentary corpus ParlaMint-TR-en, Term 27, Year 1, Session 9	2018-07-24	Unicameralism	27	1	9	-	-	Reference	English	Regular	MP	notMinister	CHP	Republican People's Party	Opposition	Centre-left	ÖmerFethi.Gürer	Gürer, Ömer Fethi	M	1957	
ParlaMint-TR-en_2018-07-24-tbmm-T27	tbmm-2018-07-24sit03spe0328par0275	The Turkish parliamentary corpus ParlaMint-TR-en, Term 27, Year 1, Session 9	2018-07-24	Unicameralism	27	1	9	-	-	Reference	English	Chairperson	MP	notMinister	AKP	Justice and Development Party	Coalition	Right	Mustafa.Şentop	Şentop, Mustafa	M	1968	
ParlaMint-TR-en_2018-07-24-tbmm-T27	tbmm-2018-07-24sit03spe0330par0276	The Turkish parliamentary corpus ParlaMint-TR-en, Term 27, Year 1, Session 9	2018-07-24	Unicameralism	27	1	9	-	-	Reference	English	Regular	MP	notMinister	AKP	Justice and Development Party	Coalition	Right	Bülent.Turan	Turan, Bülent	M	1975	
ParlaMint-TR-en_2018-07-24-tbmm-T27	tbmm-2018-07-24sit03spe0328par0278	The Turkish parliamentary corpus ParlaMint-TR-en, Term 27, Year 1, Session 9	2018-07-24	Unicameralism	27	1	9	-	-	Reference	English	Chairperson	MP	notMinister	AKP	Justice and Development Party	Coalition	Right	Mustafa.Şentop	Şentop, Mustafa	M	1968	
ParlaMint-TR-en_2018-07-24-tbmm-T27	tbmm-2018-07-24sit03spe0331par0279	The Turkish parliamentary corpus ParlaMint-TR-en, Term 27, Year 1, Session 9	2018-07-24	Unicameralism	27	1	9	-	-	Reference	English	Regular	MP	notMinister	CHP	Republican People's Party	Opposition	Centre-left	Serkan.Topal	Topal, Serkan	M	1976	
ParlaMint-TR-en_2018-07-24-tbmm-T27	tbmm-2018-07-24sit03spe0328par0280	The Turkish parliamentary corpus ParlaMint-TR-en, Term 27, Year 1, Session 9	2018-07-24	Unicameralism	27	1	9	-	-	Reference	English	Chairperson	MP	notMinister	AKP	Justice and Development Party	Coalition	Right	Mustafa.Şentop	Şentop, Mustafa	M	1968	
ParlaMint-TR-en_2018-07-24-tbmm-T27	tbmm-2018-07-24sit03spe0331par0281	The Turkish parliamentary corpus ParlaMint-TR-en, Term 27, Year 1, Session 9	2018-07-24	Unicameralism	27	1	9	-	-	Reference	English	Regular	MP	notMinister	CHP	Republican People's Party	Opposition	Centre-left	Serkan.Topal	Topal, Serkan	M	1976	
ParlaMint-TR-en_2018-07-24-tbmm-T27	tbmm-2018-07-24sit03spe0328par0282	The Turkish parliamentary corpus ParlaMint-TR-en, Term 27, Year 1, Session 9	2018-07-24	Unicameralism	27	1	9	-	-	Reference	English	Chairperson	MP	notMinister	AKP	Justice and Development Party	Coalition	Right	Mustafa.Şentop	Şentop, Mustafa	M	1968	
ParlaMint-TR-en_2018-07-24-tbmm-T27	tbmm-2018-07-24sit03spe0331par0283	The Turkish parliamentary corpus ParlaMint-TR-en, Term 27, Year 1, Session 9	2018-07-24	Unicameralism	27	1	9	-	-	Reference	English	Regular	MP	notMinister	CHP	Republican People's Party	Opposition	Centre-left	Serkan.Topal	Topal, Serkan	M	1976	
ParlaMint-TR-en_2018-07-24-tbmm-T27	tbmm-2018-07-24sit03spe0328par0284	The Turkish parliamentary corpus ParlaMint-TR-en, Term 27, Year 1, Session 9	2018-07-24	Unicameralism	27	1	9	-	-	Reference	English	Chairperson	MP	notMinister	AKP	Justice and Development Party	Coalition	Right	Mustafa.Şentop	Şentop, Mustafa	M	1968	
ParlaMint-TR-en_2018-07-24-tbmm-T27	tbmm-2018-07-24sit03spe0332par0285	The Turkish parliamentary corpus ParlaMint-TR-en, Term 27, Year 1, Session 9	2018-07-24	Unicameralism	27	1	9	-	-	Reference	English	Regular	MP	notMinister	AKP	Justice and Development Party	Coalition	Right	Bülent.Turan	Turan, Bülent	M	1975	
ParlaMint-TR-en_2018-07-24-tbmm-T27	tbmm-2018-07-24sit03spe0328par0286	The Turkish parliamentary corpus ParlaMint-TR-en, Term 27, Year 1, Session 9	2018-07-24	Unicameralism	27	1	9	-	-	Reference	English	Chairperson	MP	notMinister	AKP	Justice and Development Party	Coalition	Right	Mustafa.Şentop	Şentop, Mustafa	M	1968	
ParlaMint-TR-en_2018-07-24-tbmm-T27	tbmm-2018-07-24sit03spe0332par0287	The Turkish parliamentary corpus ParlaMint-TR-en, Term 27, Year 1, Session 9	2018-07-24	Unicameralism	27	1	9	-	-	Reference	English	Regular	MP	notMinister	AKP	Justice and Development Party	Coalition	Right	Bülent.Turan	Turan, Bülent	M	1975	
ParlaMint-TR-en_2018-07-24-tbmm-T27	tbmm-2018-07-24sit03spe0328par0288	The Turkish parliamentary corpus ParlaMint-TR-en, Term 27, Year 1, Session 9	2018-07-24	Unicameralism	27	1	9	-	-	Reference	English	Chairperson	MP	notMinister	AKP	Justice and Development Party	Coalition	Right	Mustafa.Şentop	Şentop, Mustafa	M	1968	
ParlaMint-TR-en_2018-07-24-tbmm-T27	tbmm-2018-07-24sit03spe0333par0291	The Turkish parliamentary corpus ParlaMint-TR-en, Term 27, Year 1, Session 9	2018-07-24	Unicameralism	27	1	9	-	-	Reference	English	Regular	MP	notMinister	CHP	Republican People's Party	Opposition	Centre-left	Serkan.Topal	Topal, Serkan	M	1976	
ParlaMint-TR-en_2018-07-24-tbmm-T27	tbmm-2018-07-24sit03spe0334par0293	The Turkish parliamentary corpus ParlaMint-TR-en, Term 27, Year 1, Session 9	2018-07-24	Unicameralism	27	1	9	-	-	Reference	English	Regular	MP	notMinister	AKP	Justice and Development Party	Coalition	Right	Bülent.Turan	Turan, Bülent	M	1975	
ParlaMint-TR-en_2018-07-24-tbmm-T27	tbmm-2018-07-24sit03spe0335par0294	The Turkish parliamentary corpus ParlaMint-TR-en, Term 27, Year 1, Session 9	2018-07-24	Unicameralism	27	1	9	-	-	Reference	English	Regular	MP	notMinister	AKP	Justice and Development Party	Coalition	Right	MahmutAtilla.Kaya	Kaya, Mahmut Atilla	M	1973	
ParlaMint-TR-en_2018-07-24-tbmm-T27	tbmm-2018-07-24sit03spe0336par0295	The Turkish parliamentary corpus ParlaMint-TR-en, Term 27, Year 1, Session 9	2018-07-24	Unicameralism	27	1	9	-	-	Reference	English	Chairperson	MP	notMinister	AKP	Justice and Development Party	Coalition	Right	Mustafa.Şentop	Şentop, Mustafa	M	1968	
ParlaMint-TR-en_2018-07-24-tbmm-T27	tbmm-2018-07-24sit03spe0337par0296	The Turkish parliamentary corpus ParlaMint-TR-en, Term 27, Year 1, Session 9	2018-07-24	Unicameralism	27	1	9	-	-	Reference	English	Regular	MP	notMinister	CHP	Republican People's Party	Opposition	Centre-left	Serkan.Topal	Topal, Serkan	M	1976	
ParlaMint-TR-en_2018-07-24-tbmm-T27	tbmm-2018-07-24sit03spe0336par0298	The Turkish parliamentary corpus ParlaMint-TR-en, Term 27, Year 1, Session 9	2018-07-24	Unicameralism	27	1	9	-	-	Reference	English	Chairperson	MP	notMinister	AKP	Justice and Development Party	Coalition	Right	Mustafa.Şentop	Şentop, Mustafa	M	1968	
ParlaMint-TR-en_2018-07-24-tbmm-T27	tbmm-2018-07-24sit03spe0337par0299	The Turkish parliamentary corpus ParlaMint-TR-en, Term 27, Year 1, Session 9	2018-07-24	Unicameralism	27	1	9	-	-	Reference	English	Regular	MP	notMinister	CHP	Republican People's Party	Opposition	Centre-left	Serkan.Topal	Topal, Serkan	M	1976	
ParlaMint-TR-en_2018-07-24-tbmm-T27	tbmm-2018-07-24sit03spe0336par0301	The Turkish parliamentary corpus ParlaMint-TR-en, Term 27, Year 1, Session 9	2018-07-24	Unicameralism	27	1	9	-	-	Reference	English	Chairperson	MP	notMinister	AKP	Justice and Development Party	Coalition	Right	Mustafa.Şentop	Şentop, Mustafa	M	1968	
ParlaMint-TR-en_2018-07-24-tbmm-T27	tbmm-2018-07-24sit03spe0338par0316	The Turkish parliamentary corpus ParlaMint-TR-en, Term 27, Year 1, Session 9	2018-07-24	Unicameralism	27	1	9	-	-	Reference	English	Regular	MP	notMinister	AKP	Justice and Development Party	Coalition	Right	Hakkı.Köylü	Köylü, Hakkı	M	1948	
ParlaMint-TR-en_2018-07-24-tbmm-T27	tbmm-2018-07-24sit03spe0336par0317	The Turkish parliamentary corpus ParlaMint-TR-en, Term 27, Year 1, Session 9	2018-07-24	Unicameralism	27	1	9	-	-	Reference	English	Chairperson	MP	notMinister	AKP	Justice and Development Party	Coalition	Right	Mustafa.Şentop	Şentop, Mustafa	M	1968	
ParlaMint-TR-en_2018-07-24-tbmm-T27	tbmm-2018-07-24sit03spe0339par0320	The Turkish parliamentary corpus ParlaMint-TR-en, Term 27, Year 1, Session 9	2018-07-24	Unicameralism	27	1	9	-	-	Reference	English	Regular	MP	notMinister	HDP	Peoples' Democratic Party	Opposition	Centre-left to left	Kemal.Peköz	Peköz, Kemal	M	1951	
ParlaMint-TR-en_2018-07-24-tbmm-T27	tbmm-2018-07-24sit03spe0340par0330	The Turkish parliamentary corpus ParlaMint-TR-en, Term 27, Year 1, Session 9	2018-07-24	Unicameralism	27	1	9	-	-	Reference	English	Chairperson	MP	notMinister	AKP	Justice and Development Party	Coalition	Right	Mustafa.Şentop	Şentop, Mustafa	M	1968	
ParlaMint-TR-en_2018-07-24-tbmm-T27	tbmm-2018-07-24sit03spe0339par0331	The Turkish parliamentary corpus ParlaMint-TR-en, Term 27, Year 1, Session 9	2018-07-24	Unicameralism	27	1	9	-	-	Reference	English	Regular	MP	notMinister	HDP	Peoples' Democratic Party	Opposition	Centre-left to left	Kemal.Peköz	Peköz, Kemal	M	1951	
ParlaMint-TR-en_2018-07-24-tbmm-T27	tbmm-2018-07-24sit03spe0340par0334	The Turkish parliamentary corpus ParlaMint-TR-en, Term 27, Year 1, Session 9	2018-07-24	Unicameralism	27	1	9	-	-	Reference	English	Chairperson	MP	notMinister	AKP	Justice and Development Party	Coalition	Right	Mustafa.Şentop	Şentop, Mustafa	M	1968	
ParlaMint-TR-en_2018-07-24-tbmm-T27	tbmm-2018-07-24sit03spe0341par0343	The Turkish parliamentary corpus ParlaMint-TR-en, Term 27, Year 1, Session 9	2018-07-24	Unicameralism	27	1	9	-	-	Reference	English	Regular	MP	notMinister	AKP	Justice and Development Party	Coalition	Right	Hakkı.Köylü	Köylü, Hakkı	M	1948	
ParlaMint-TR-en_2018-07-24-tbmm-T27	tbmm-2018-07-24sit03spe0342par0344	The Turkish parliamentary corpus ParlaMint-TR-en, Term 27, Year 1, Session 9	2018-07-24	Unicameralism	27	1	9	-	-	Reference	English	Regular	MP	notMinister	CHP	Republican People's Party	Opposition	Centre-left	Engin.Özkoç	Özkoç, Engin	M	1962	
ParlaMint-TR-en_2018-07-24-tbmm-T27	tbmm-2018-07-24sit03spe0340par0345	The Turkish parliamentary corpus ParlaMint-TR-en, Term 27, Year 1, Session 9	2018-07-24	Unicameralism	27	1	9	-	-	Reference	English	Chairperson	MP	notMinister	AKP	Justice and Development Party	Coalition	Right	Mustafa.Şentop	Şentop, Mustafa	M	1968	
ParlaMint-TR-en_2018-07-24-tbmm-T27	tbmm-2018-07-24sit03spe0343par0358	The Turkish parliamentary corpus ParlaMint-TR-en, Term 27, Year 1, Session 9	2018-07-24	Unicameralism	27	1	9	-	-	Reference	English	Regular	MP	notMinister	AKP	Justice and Development Party	Coalition	Right	Hakkı.Köylü	Köylü, Hakkı	M	1948	
ParlaMint-TR-en_2018-07-24-tbmm-T27	tbmm-2018-07-24sit03spe0344par0359	The Turkish parliamentary corpus ParlaMint-TR-en, Term 27, Year 1, Session 9	2018-07-24	Unicameralism	27	1	9	-	-	Reference	English	Regular	MP	notMinister	CHP	Republican People's Party	Opposition	Centre-left	Engin.Özkoç	Özkoç, Engin	M	1962	
ParlaMint-TR-en_2018-07-24-tbmm-T27	tbmm-2018-07-24sit03spe0340par0360	The Turkish parliamentary corpus ParlaMint-TR-en, Term 27, Year 1, Session 9	2018-07-24	Unicameralism	27	1	9	-	-	Reference	English	Chairperson	MP	notMinister	AKP	Justice and Development Party	Coalition	Right	Mustafa.Şentop	Şentop, Mustafa	M	1968	
ParlaMint-TR-en_2018-07-24-tbmm-T27	tbmm-2018-07-24sit04spe0340par0001	The Turkish parliamentary corpus ParlaMint-TR-en, Term 27, Year 1, Session 9	2018-07-24	Unicameralism	27	1	9	-	-	Reference	English	Chairperson	MP	notMinister	AKP	Justice and Development Party	Coalition	Right	Mustafa.Şentop	Şentop, Mustafa	M	1968	
ParlaMint-TR-en_2018-07-24-tbmm-T27	tbmm-2018-07-24sit04spe0345par0019	The Turkish parliamentary corpus ParlaMint-TR-en, Term 27, Year 1, Session 9	2018-07-24	Unicameralism	27	1	9	-	-	Reference	English	Regular	MP	notMinister	AKP	Justice and Development Party	Coalition	Right	Hakkı.Köylü	Köylü, Hakkı	M	1948	
ParlaMint-TR-en_2018-07-24-tbmm-T27	tbmm-2018-07-24sit04spe0340par0020	The Turkish parliamentary corpus ParlaMint-TR-en, Term 27, Year 1, Session 9	2018-07-24	Unicameralism	27	1	9	-	-	Reference	English	Chairperson	MP	notMinister	AKP	Justice and Development Party	Coalition	Right	Mustafa.Şentop	Şentop, Mustafa	M	1968	
ParlaMint-TR-en_2018-07-24-tbmm-T27	tbmm-2018-07-24sit04spe0346par0022	The Turkish parliamentary corpus ParlaMint-TR-en, Term 27, Year 1, Session 9	2018-07-24	Unicameralism	27	1	9	-	-	Reference	English	Regular	MP	notMinister	CHP	Republican People's Party	Opposition	Centre-left	Zeynel.Emre	Emre, Zeynel	M	1981	
ParlaMint-TR-en_2018-07-24-tbmm-T27	tbmm-2018-07-24sit04spe0347par0027	The Turkish parliamentary corpus ParlaMint-TR-en, Term 27, Year 1, Session 9	2018-07-24	Unicameralism	27	1	9	-	-	Reference	English	Chairperson	MP	notMinister	AKP	Justice and Development Party	Coalition	Right	Mustafa.Şentop	Şentop, Mustafa	M	1968	
ParlaMint-TR-en_2018-07-24-tbmm-T27	tbmm-2018-07-24sit04spe0348par0029	The Turkish parliamentary corpus ParlaMint-TR-en, Term 27, Year 1, Session 9	2018-07-24	Unicameralism	27	1	9	-	-	Reference	English	Regular	MP	notMinister	AKP	Justice and Development Party	Coalition	Right	Bülent.Turan	Turan, Bülent	M	1975	
ParlaMint-TR-en_2018-07-24-tbmm-T27	tbmm-2018-07-24sit04spe0349par0033	The Turkish parliamentary corpus ParlaMint-TR-en, Term 27, Year 1, Session 9	2018-07-24	Unicameralism	27	1	9	-	-	Reference	English	Chairperson	MP	notMinister	AKP	Justice and Development Party	Coalition	Right	Mustafa.Şentop	Şentop, Mustafa	M	1968	
ParlaMint-TR-en_2018-07-24-tbmm-T27	tbmm-2018-07-24sit04spe0350par0035	The Turkish parliamentary corpus ParlaMint-TR-en, Term 27, Year 1, Session 9	2018-07-24	Unicameralism	27	1	9	-	-	Reference	English	Regular	MP	notMinister	HDP	Peoples' Democratic Party	Opposition	Centre-left to left	Ayhan.Bilgen	Bilgen, Ayhan	M	1971	
ParlaMint-TR-en_2018-07-24-tbmm-T27	tbmm-2018-07-24sit04spe0349par0036	The Turkish parliamentary corpus ParlaMint-TR-en, Term 27, Year 1, Session 9	2018-07-24	Unicameralism	27	1	9	-	-	Reference	English	Chairperson	MP	notMinister	AKP	Justice and Development Party	Coalition	Right	Mustafa.Şentop	Şentop, Mustafa	M	1968	
ParlaMint-TR-en_2018-07-24-tbmm-T27	tbmm-2018-07-24sit04spe0351par0037	The Turkish parliamentary corpus ParlaMint-TR-en, Term 27, Year 1, Session 9	2018-07-24	Unicameralism	27	1	9	-	-	Reference	English	Regular	MP	notMinister	MHP	Nationalist Movement Party	-	Right to far-right	Feti.Yıldız	Yıldız, Feti	M	1953	
ParlaMint-TR-en_2018-07-24-tbmm-T27	tbmm-2018-07-24sit04spe0349par0038	The Turkish parliamentary corpus ParlaMint-TR-en, Term 27, Year 1, Session 9	2018-07-24	Unicameralism	27	1	9	-	-	Reference	English	Chairperson	MP	notMinister	AKP	Justice and Development Party	Coalition	Right	Mustafa.Şentop	Şentop, Mustafa	M	1968	
ParlaMint-TR-en_2018-07-24-tbmm-T27	tbmm-2018-07-24sit04spe0352par0040	The Turkish parliamentary corpus ParlaMint-TR-en, Term 27, Year 1, Session 9	2018-07-24	Unicameralism	27	1	9	-	-	Reference	English	Regular	MP	notMinister	IYI	İYİ Party	Opposition	Centre-right	Feridun.Bahşi	Bahşi, Feridun	M	1959	
ParlaMint-TR-en_2018-07-24-tbmm-T27	tbmm-2018-07-24sit04spe0349par0042	The Turkish parliamentary corpus ParlaMint-TR-en, Term 27, Year 1, Session 9	2018-07-24	Unicameralism	27	1	9	-	-	Reference	English	Chairperson	MP	notMinister	AKP	Justice and Development Party	Coalition	Right	Mustafa.Şentop	Şentop, Mustafa	M	1968	
ParlaMint-TR-en_2018-07-24-tbmm-T27	tbmm-2018-07-24sit04spe0353par0059	The Turkish parliamentary corpus ParlaMint-TR-en, Term 27, Year 1, Session 9	2018-07-24	Unicameralism	27	1	9	-	-	Reference	English	Regular	MP	notMinister	AKP	Justice and Development Party	Coalition	Right	Yılmaz.Tunç	Tunç, Yılmaz	M	1971	
ParlaMint-TR-en_2018-07-24-tbmm-T27	tbmm-2018-07-24sit04spe0349par0060	The Turkish parliamentary corpus ParlaMint-TR-en, Term 27, Year 1, Session 9	2018-07-24	Unicameralism	27	1	9	-	-	Reference	English	Chairperson	MP	notMinister	AKP	Justice and Development Party	Coalition	Right	Mustafa.Şentop	Şentop, Mustafa	M	1968	
ParlaMint-TR-en_2018-07-24-tbmm-T27	tbmm-2018-07-24sit04spe0354par0063	The Turkish parliamentary corpus ParlaMint-TR-en, Term 27, Year 1, Session 9	2018-07-24	Unicameralism	27	1	9	-	-	Reference	English	Regular	MP	notMinister	CHP	Republican People's Party	Opposition	Centre-left	EmineGülizar.Emecan	Emecan, Emine Gülizar	F	1968	
ParlaMint-TR-en_2018-07-24-tbmm-T27	tbmm-2018-07-24sit04spe0355par0071	The Turkish parliamentary corpus ParlaMint-TR-en, Term 27, Year 1, Session 9	2018-07-24	Unicameralism	27	1	9	-	-	Reference	English	Chairperson	MP	notMinister	AKP	Justice and Development Party	Coalition	Right	Mustafa.Şentop	Şentop, Mustafa	M	1968	
ParlaMint-TR-en_2018-07-24-tbmm-T27	tbmm-2018-07-24sit04spe0356par0075	The Turkish parliamentary corpus ParlaMint-TR-en, Term 27, Year 1, Session 9	2018-07-24	Unicameralism	27	1	9	-	-	Reference	English	Regular	MP	notMinister	IYI	İYİ Party	Opposition	Centre-right	Hasan.Subaşı	Subaşı, Hasan	M	1950	
ParlaMint-TR-en_2018-07-24-tbmm-T27	tbmm-2018-07-24sit04spe0357par0084	The Turkish parliamentary corpus ParlaMint-TR-en, Term 27, Year 1, Session 9	2018-07-24	Unicameralism	27	1	9	-	-	Reference	English	Chairperson	MP	notMinister	AKP	Justice and Development Party	Coalition	Right	Mustafa.Şentop	Şentop, Mustafa	M	1968	
ParlaMint-TR-en_2018-07-24-tbmm-T27	tbmm-2018-07-24sit04spe0358par0102	The Turkish parliamentary corpus ParlaMint-TR-en, Term 27, Year 1, Session 9	2018-07-24	Unicameralism	27	1	9	-	-	Reference	English	Regular	MP	notMinister	AKP	Justice and Development Party	Coalition	Right	Yılmaz.Tunç	Tunç, Yılmaz	M	1971	
ParlaMint-TR-en_2018-07-24-tbmm-T27	tbmm-2018-07-24sit04spe0357par0103	The Turkish parliamentary corpus ParlaMint-TR-en, Term 27, Year 1, Session 9	2018-07-24	Unicameralism	27	1	9	-	-	Reference	English	Chairperson	MP	notMinister	AKP	Justice and Development Party	Coalition	Right	Mustafa.Şentop	Şentop, Mustafa	M	1968	
ParlaMint-TR-en_2018-07-24-tbmm-T27	tbmm-2018-07-24sit04spe0359par0106	The Turkish parliamentary corpus ParlaMint-TR-en, Term 27, Year 1, Session 9	2018-07-24	Unicameralism	27	1	9	-	-	Reference	English	Regular	MP	notMinister	HDP	Peoples' Democratic Party	Opposition	Centre-left to left	ÖmerFaruk.Gergerlioğlu	Gergerlioğlu, Ömer Faruk	M	1965	
ParlaMint-TR-en_2018-07-24-tbmm-T27	tbmm-2018-07-24sit04spe0360par0113	The Turkish parliamentary corpus ParlaMint-TR-en, Term 27, Year 1, Session 9	2018-07-24	Unicameralism	27	1	9	-	-	Reference	English	Chairperson	MP	notMinister	AKP	Justice and Development Party	Coalition	Right	Mustafa.Şentop	Şentop, Mustafa	M	1968	
ParlaMint-TR-en_2018-07-24-tbmm-T27	tbmm-2018-07-24sit04spe0361par0117	The Turkish parliamentary corpus ParlaMint-TR-en, Term 27, Year 1, Session 9	2018-07-24	Unicameralism	27	1	9	-	-	Reference	English	Regular	MP	notMinister	IYI	İYİ Party	Opposition	Centre-right	Metin.Ergun	Ergun, Metin	M	1963	
ParlaMint-TR-en_2018-07-24-tbmm-T27	tbmm-2018-07-24sit04spe0362par0122	The Turkish parliamentary corpus ParlaMint-TR-en, Term 27, Year 1, Session 9	2018-07-24	Unicameralism	27	1	9	-	-	Reference	English	Chairperson	MP	notMinister	AKP	Justice and Development Party	Coalition	Right	Mustafa.Şentop	Şentop, Mustafa	M	1968	
ParlaMint-TR-en_2018-07-24-tbmm-T27	tbmm-2018-07-24sit04spe0363par0134	The Turkish parliamentary corpus ParlaMint-TR-en, Term 27, Year 1, Session 9	2018-07-24	Unicameralism	27	1	9	-	-	Reference	English	Regular	MP	notMinister	AKP	Justice and Development Party	Coalition	Right	Yılmaz.Tunç	Tunç, Yılmaz	M	1971	
ParlaMint-TR-en_2018-07-24-tbmm-T27	tbmm-2018-07-24sit04spe0362par0135	The Turkish parliamentary corpus ParlaMint-TR-en, Term 27, Year 1, Session 9	2018-07-24	Unicameralism	27	1	9	-	-	Reference	English	Chairperson	MP	notMinister	AKP	Justice and Development Party	Coalition	Right	Mustafa.Şentop	Şentop, Mustafa	M	1968	
ParlaMint-TR-en_2018-07-24-tbmm-T27	tbmm-2018-07-24sit04spe0364par0138	The Turkish parliamentary corpus ParlaMint-TR-en, Term 27, Year 1, Session 9	2018-07-24	Unicameralism	27	1	9	-	-	Reference	English	Regular	MP	notMinister	CHP	Republican People's Party	Opposition	Centre-left	Rafet.Zeybek	Zeybek, Rafet	M	1962	
ParlaMint-TR-en_2018-07-24-tbmm-T27	tbmm-2018-07-24sit04spe0365par0148	The Turkish parliamentary corpus ParlaMint-TR-en, Term 27, Year 1, Session 9	2018-07-24	Unicameralism	27	1	9	-	-	Reference	English	Chairperson	MP	notMinister	AKP	Justice and Development Party	Coalition	Right	Mustafa.Şentop	Şentop, Mustafa	M	1968	
ParlaMint-TR-en_2018-07-24-tbmm-T27	tbmm-2018-07-24sit04spe0366par0164	The Turkish parliamentary corpus ParlaMint-TR-en, Term 27, Year 1, Session 9	2018-07-24	Unicameralism	27	1	9	-	-	Reference	English	Regular	MP	notMinister	AKP	Justice and Development Party	Coalition	Right	Yılmaz.Tunç	Tunç, Yılmaz	M	1971	
ParlaMint-TR-en_2018-07-24-tbmm-T27	tbmm-2018-07-24sit04spe0365par0165	The Turkish parliamentary corpus ParlaMint-TR-en, Term 27, Year 1, Session 9	2018-07-24	Unicameralism	27	1	9	-	-	Reference	English	Chairperson	MP	notMinister	AKP	Justice and Development Party	Coalition	Right	Mustafa.Şentop	Şentop, Mustafa	M	1968	
ParlaMint-TR-en_2018-07-24-tbmm-T27	tbmm-2018-07-24sit04spe0367par0168	The Turkish parliamentary corpus ParlaMint-TR-en, Term 27, Year 1, Session 9	2018-07-24	Unicameralism	27	1	9	-	-	Reference	English	Regular	MP	notMinister	HDP	Peoples' Democratic Party	Opposition	Centre-left to left	Mahmut.Toğrul	Toğrul, Mahmut	M	1967	
ParlaMint-TR-en_2018-07-24-tbmm-T27	tbmm-2018-07-24sit04spe0368par0178	The Turkish parliamentary corpus ParlaMint-TR-en, Term 27, Year 1, Session 9	2018-07-24	Unicameralism	27	1	9	-	-	Reference	English	Chairperson	MP	notMinister	AKP	Justice and Development Party	Coalition	Right	Mustafa.Şentop	Şentop, Mustafa	M	1968	
ParlaMint-TR-en_2018-07-24-tbmm-T27	tbmm-2018-07-24sit04spe0369par0182	The Turkish parliamentary corpus ParlaMint-TR-en, Term 27, Year 1, Session 9	2018-07-24	Unicameralism	27	1	9	-	-	Reference	English	Regular	MP	notMinister	IYI	İYİ Party	Opposition	Centre-right	AhmetKamil.Erozan	Erozan, Ahmet Kamil	M	1950	
ParlaMint-TR-en_2018-07-24-tbmm-T27	tbmm-2018-07-24sit04spe0370par0190	The Turkish parliamentary corpus ParlaMint-TR-en, Term 27, Year 1, Session 9	2018-07-24	Unicameralism	27	1	9	-	-	Reference	English	Chairperson	MP	notMinister	AKP	Justice and Development Party	Coalition	Right	Mustafa.Şentop	Şentop, Mustafa	M	1968	
ParlaMint-TR-en_2018-07-24-tbmm-T27	tbmm-2018-07-24sit04spe0371par0209	The Turkish parliamentary corpus ParlaMint-TR-en, Term 27, Year 1, Session 9	2018-07-24	Unicameralism	27	1	9	-	-	Reference	English	Regular	MP	notMinister	AKP	Justice and Development Party	Coalition	Right	Abdullah.Güler	Güler, Abdullah	M	1969	
ParlaMint-TR-en_2018-07-24-tbmm-T27	tbmm-2018-07-24sit04spe0370par0210	The Turkish parliamentary corpus ParlaMint-TR-en, Term 27, Year 1, Session 9	2018-07-24	Unicameralism	27	1	9	-	-	Reference	English	Chairperson	MP	notMinister	AKP	Justice and Development Party	Coalition	Right	Mustafa.Şentop	Şentop, Mustafa	M	1968	
ParlaMint-TR-en_2018-07-24-tbmm-T27	tbmm-2018-07-24sit04spe0372par0213	The Turkish parliamentary corpus ParlaMint-TR-en, Term 27, Year 1, Session 9	2018-07-24	Unicameralism	27	1	9	-	-	Reference	English	Regular	MP	notMinister	CHP	Republican People's Party	Opposition	Centre-left	Nurhayat.Altaca	Altaca Kayışoğlu, Nurhayat	F	1978	
ParlaMint-TR-en_2018-07-24-tbmm-T27	tbmm-2018-07-24sit04spe0373par0234	The Turkish parliamentary corpus ParlaMint-TR-en, Term 27, Year 1, Session 9	2018-07-24	Unicameralism	27	1	9	-	-	Reference	English	Chairperson	MP	notMinister	AKP	Justice and Development Party	Coalition	Right	Mustafa.Şentop	Şentop, Mustafa	M	1968	
ParlaMint-TR-en_2018-07-24-tbmm-T27	tbmm-2018-07-24sit04spe0374par0244	The Turkish parliamentary corpus ParlaMint-TR-en, Term 27, Year 1, Session 9	2018-07-24	Unicameralism	27	1	9	-	-	Reference	English	Regular	MP	notMinister	AKP	Justice and Development Party	Coalition	Right	Abdullah.Güler	Güler, Abdullah	M	1969	
ParlaMint-TR-en_2018-07-24-tbmm-T27	tbmm-2018-07-24sit04spe0375par0245	The Turkish parliamentary corpus ParlaMint-TR-en, Term 27, Year 1, Session 9	2018-07-24	Unicameralism	27	1	9	-	-	Reference	English	Regular	MP	notMinister	AKP	Justice and Development Party	Coalition	Right	MehmetDoğan.Kubat	Kubat, Mehmet Doğan	M	1969	
ParlaMint-TR-en_2018-07-24-tbmm-T27	tbmm-2018-07-24sit04spe0373par0246	The Turkish parliamentary corpus ParlaMint-TR-en, Term 27, Year 1, Session 9	2018-07-24	Unicameralism	27	1	9	-	-	Reference	English	Chairperson	MP	notMinister	AKP	Justice and Development Party	Coalition	Right	Mustafa.Şentop	Şentop, Mustafa	M	1968	
ParlaMint-TR-en_2018-07-24-tbmm-T27	tbmm-2018-07-24sit04spe0376par0259	The Turkish parliamentary corpus ParlaMint-TR-en, Term 27, Year 1, Session 9	2018-07-24	Unicameralism	27	1	9	-	-	Reference	English	Regular	MP	notMinister	AKP	Justice and Development Party	Coalition	Right	Abdullah.Güler	Güler, Abdullah	M	1969	
ParlaMint-TR-en_2018-07-24-tbmm-T27	tbmm-2018-07-24sit04spe0373par0260	The Turkish parliamentary corpus ParlaMint-TR-en, Term 27, Year 1, Session 9	2018-07-24	Unicameralism	27	1	9	-	-	Reference	English	Chairperson	MP	notMinister	AKP	Justice and Development Party	Coalition	Right	Mustafa.Şentop	Şentop, Mustafa	M	1968	
ParlaMint-TR-en_2018-07-24-tbmm-T27	tbmm-2018-07-24sit04spe0377par0263	The Turkish parliamentary corpus ParlaMint-TR-en, Term 27, Year 1, Session 9	2018-07-24	Unicameralism	27	1	9	-	-	Reference	English	Regular	MP	notMinister	HDP	Peoples' Democratic Party	Opposition	Centre-left to left	Erkan.Baş	Baş, Erkan	M	1979	
ParlaMint-TR-en_2018-07-24-tbmm-T27	tbmm-2018-07-24sit04spe0378par0270	The Turkish parliamentary corpus ParlaMint-TR-en, Term 27, Year 1, Session 9	2018-07-24	Unicameralism	27	1	9	-	-	Reference	English	Regular	MP	notMinister	AKP	Justice and Development Party	Coalition	Right	Bülent.Turan	Turan, Bülent	M	1975	
ParlaMint-TR-en_2018-07-24-tbmm-T27	tbmm-2018-07-24sit04spe0377par0271	The Turkish parliamentary corpus ParlaMint-TR-en, Term 27, Year 1, Session 9	2018-07-24	Unicameralism	27	1	9	-	-	Reference	English	Regular	MP	notMinister	HDP	Peoples' Democratic Party	Opposition	Centre-left to left	Erkan.Baş	Baş, Erkan	M	1979	
ParlaMint-TR-en_2018-07-24-tbmm-T27	tbmm-2018-07-24sit04spe0379par0278	The Turkish parliamentary corpus ParlaMint-TR-en, Term 27, Year 1, Session 9	2018-07-24	Unicameralism	27	1	9	-	-	Reference	English	Chairperson	MP	notMinister	AKP	Justice and Development Party	Coalition	Right	Mustafa.Şentop	Şentop, Mustafa	M	1968	
ParlaMint-TR-en_2018-07-24-tbmm-T27	tbmm-2018-07-24sit04spe0380par0279	The Turkish parliamentary corpus ParlaMint-TR-en, Term 27, Year 1, Session 9	2018-07-24	Unicameralism	27	1	9	-	-	Reference	English	Regular	MP	notMinister	AKP	Justice and Development Party	Coalition	Right	Bülent.Turan	Turan, Bülent	M	1975	
ParlaMint-TR-en_2018-07-24-tbmm-T27	tbmm-2018-07-24sit04spe0379par0280	The Turkish parliamentary corpus ParlaMint-TR-en, Term 27, Year 1, Session 9	2018-07-24	Unicameralism	27	1	9	-	-	Reference	English	Chairperson	MP	notMinister	AKP	Justice and Development Party	Coalition	Right	Mustafa.Şentop	Şentop, Mustafa	M	1968	
ParlaMint-TR-en_2018-07-24-tbmm-T27	tbmm-2018-07-24sit04spe0381par0289	The Turkish parliamentary corpus ParlaMint-TR-en, Term 27, Year 1, Session 9	2018-07-24	Unicameralism	27	1	9	-	-	Reference	English	Regular	MP	notMinister	AKP	Justice and Development Party	Coalition	Right	Abdullah.Güler	Güler, Abdullah	M	1969	
ParlaMint-TR-en_2018-07-24-tbmm-T27	tbmm-2018-07-24sit04spe0379par0290	The Turkish parliamentary corpus ParlaMint-TR-en, Term 27, Year 1, Session 9	2018-07-24	Unicameralism	27	1	9	-	-	Reference	English	Chairperson	MP	notMinister	AKP	Justice and Development Party	Coalition	Right	Mustafa.Şentop	Şentop, Mustafa	M	1968	
ParlaMint-TR-en_2018-07-24-tbmm-T27	tbmm-2018-07-24sit04spe0382par0304	The Turkish parliamentary corpus ParlaMint-TR-en, Term 27, Year 1, Session 9	2018-07-24	Unicameralism	27	1	9	-	-	Reference	English	Regular	MP	notMinister	AKP	Justice and Development Party	Coalition	Right	Abdullah.Güler	Güler, Abdullah	M	1969	
ParlaMint-TR-en_2018-07-24-tbmm-T27	tbmm-2018-07-24sit04spe0379par0305	The Turkish parliamentary corpus ParlaMint-TR-en, Term 27, Year 1, Session 9	2018-07-24	Unicameralism	27	1	9	-	-	Reference	English	Chairperson	MP	notMinister	AKP	Justice and Development Party	Coalition	Right	Mustafa.Şentop	Şentop, Mustafa	M	1968	
ParlaMint-TR-en_2018-07-24-tbmm-T27	tbmm-2018-07-24sit04spe0383par0308	The Turkish parliamentary corpus ParlaMint-TR-en, Term 27, Year 1, Session 9	2018-07-24	Unicameralism	27	1	9	-	-	Reference	English	Regular	MP	notMinister	HDP	Peoples' Democratic Party	Opposition	Centre-left to left	Necdet.İpekyüz	İpekyüz, Necdet	M	1964	
ParlaMint-TR-en_2018-07-24-tbmm-T27	tbmm-2018-07-24sit04spe0384par0312	The Turkish parliamentary corpus ParlaMint-TR-en, Term 27, Year 1, Session 9	2018-07-24	Unicameralism	27	1	9	-	-	Reference	English	Chairperson	MP	notMinister	AKP	Justice and Development Party	Coalition	Right	Mustafa.Şentop	Şentop, Mustafa	M	1968	
ParlaMint-TR-en_2018-07-24-tbmm-T27	tbmm-2018-07-24sit04spe0385par0322	The Turkish parliamentary corpus ParlaMint-TR-en, Term 27, Year 1, Session 9	2018-07-24	Unicameralism	27	1	9	-	-	Reference	English	Regular	MP	notMinister	AKP	Justice and Development Party	Coalition	Right	Abdullah.Güler	Güler, Abdullah	M	1969	
ParlaMint-TR-en_2018-07-24-tbmm-T27	tbmm-2018-07-24sit04spe0386par0323	The Turkish parliamentary corpus ParlaMint-TR-en, Term 27, Year 1, Session 9	2018-07-24	Unicameralism	27	1	9	-	-	Reference	English	Regular	MP	notMinister	CHP	Republican People's Party	Opposition	Centre-left	Engin.Özkoç	Özkoç, Engin	M	1962	
ParlaMint-TR-en_2018-07-24-tbmm-T27	tbmm-2018-07-24sit04spe0384par0324	The Turkish parliamentary corpus ParlaMint-TR-en, Term 27, Year 1, Session 9	2018-07-24	Unicameralism	27	1	9	-	-	Reference	English	Chairperson	MP	notMinister	AKP	Justice and Development Party	Coalition	Right	Mustafa.Şentop	Şentop, Mustafa	M	1968	
ParlaMint-TR-en_2018-07-24-tbmm-T27	tbmm-2018-07-24sit04spe0387par0342	The Turkish parliamentary corpus ParlaMint-TR-en, Term 27, Year 1, Session 9	2018-07-24	Unicameralism	27	1	9	-	-	Reference	English	Regular	MP	notMinister	AKP	Justice and Development Party	Coalition	Right	Abdullah.Güler	Güler, Abdullah	M	1969	
ParlaMint-TR-en_2018-07-24-tbmm-T27	tbmm-2018-07-24sit04spe0384par0343	The Turkish parliamentary corpus ParlaMint-TR-en, Term 27, Year 1, Session 9	2018-07-24	Unicameralism	27	1	9	-	-	Reference	English	Chairperson	MP	notMinister	AKP	Justice and Development Party	Coalition	Right	Mustafa.Şentop	Şentop, Mustafa	M	1968	
ParlaMint-TR-en_2018-07-24-tbmm-T27	tbmm-2018-07-24sit04spe0388par0346	The Turkish parliamentary corpus ParlaMint-TR-en, Term 27, Year 1, Session 9	2018-07-24	Unicameralism	27	1	9	-	-	Reference	English	Regular	MP	notMinister	CHP	Republican People's Party	Opposition	Centre-left	Süleyman.Bülbül	Bülbül, Süleyman	M	1964	
ParlaMint-TR-en_2018-07-24-tbmm-T27	tbmm-2018-07-24sit04spe0389par0355	The Turkish parliamentary corpus ParlaMint-TR-en, Term 27, Year 1, Session 9	2018-07-24	Unicameralism	27	1	9	-	-	Reference	English	Chairperson	MP	notMinister	AKP	Justice and Development Party	Coalition	Right	Mustafa.Şentop	Şentop, Mustafa	M	1968	
ParlaMint-TR-en_2018-07-24-tbmm-T27	tbmm-2018-07-24sit04spe0390par0359	The Turkish parliamentary corpus ParlaMint-TR-en, Term 27, Year 1, Session 9	2018-07-24	Unicameralism	27	1	9	-	-	Reference	English	Regular	MP	notMinister	IYI	İYİ Party	Opposition	Centre-right	Feridun.Bahşi	Bahşi, Feridun	M	1959	
ParlaMint-TR-en_2018-07-24-tbmm-T27	tbmm-2018-07-24sit04spe0391par0369	The Turkish parliamentary corpus ParlaMint-TR-en, Term 27, Year 1, Session 9	2018-07-24	Unicameralism	27	1	9	-	-	Reference	English	Chairperson	MP	notMinister	AKP	Justice and Development Party	Coalition	Right	Mustafa.Şentop	Şentop, Mustafa	M	1968	
ParlaMint-TR-en_2018-07-24-tbmm-T27	tbmm-2018-07-24sit04spe0392par0390	The Turkish parliamentary corpus ParlaMint-TR-en, Term 27, Year 1, Session 9	2018-07-24	Unicameralism	27	1	9	-	-	Reference	English	Regular	MP	notMinister	AKP	Justice and Development Party	Coalition	Right	Abdullah.Güler	Güler, Abdullah	M	1969	
ParlaMint-TR-en_2018-07-24-tbmm-T27	tbmm-2018-07-24sit04spe0391par0391	The Turkish parliamentary corpus ParlaMint-TR-en, Term 27, Year 1, Session 9	2018-07-24	Unicameralism	27	1	9	-	-	Reference	English	Chairperson	MP	notMinister	AKP	Justice and Development Party	Coalition	Right	Mustafa.Şentop	Şentop, Mustafa	M	1968	
ParlaMint-TR-en_2018-07-24-tbmm-T27	tbmm-2018-07-24sit04spe0393par0394	The Turkish parliamentary corpus ParlaMint-TR-en, Term 27, Year 1, Session 9	2018-07-24	Unicameralism	27	1	9	-	-	Reference	English	Regular	MP	notMinister	HDP	Peoples' Democratic Party	Opposition	Centre-left to left	MehmetRuştu.Tiryaki	Tiryaki, Mehmet Ruştu	M	1971	
ParlaMint-TR-en_2018-07-24-tbmm-T27	tbmm-2018-07-24sit04spe0394par0408	The Turkish parliamentary corpus ParlaMint-TR-en, Term 27, Year 1, Session 9	2018-07-24	Unicameralism	27	1	9	-	-	Reference	English	Chairperson	MP	notMinister	AKP	Justice and Development Party	Coalition	Right	Mustafa.Şentop	Şentop, Mustafa	M	1968	
ParlaMint-TR-en_2018-07-24-tbmm-T27	tbmm-2018-07-24sit04spe0395par0412	The Turkish parliamentary corpus ParlaMint-TR-en, Term 27, Year 1, Session 9	2018-07-24	Unicameralism	27	1	9	-	-	Reference	English	Regular	MP	notMinister	CHP	Republican People's Party	Opposition	Centre-left	Kani.Beko	Beko, Kani	M	1953	
ParlaMint-TR-en_2018-07-24-tbmm-T27	tbmm-2018-07-24sit04spe0396par0421	The Turkish parliamentary corpus ParlaMint-TR-en, Term 27, Year 1, Session 9	2018-07-24	Unicameralism	27	1	9	-	-	Reference	English	Chairperson	MP	notMinister	AKP	Justice and Development Party	Coalition	Right	Mustafa.Şentop	Şentop, Mustafa	M	1968	
ParlaMint-TR-en_2018-07-24-tbmm-T27	tbmm-2018-07-24sit04spe0397par0425	The Turkish parliamentary corpus ParlaMint-TR-en, Term 27, Year 1, Session 9	2018-07-24	Unicameralism	27	1	9	-	-	Reference	English	Regular	MP	notMinister	IYI	İYİ Party	Opposition	Centre-right	Durmuş.Yılmaz	Yılmaz, Durmuş	M	1947	
ParlaMint-TR-en_2018-07-24-tbmm-T27	tbmm-2018-07-24sit04spe0398par0434	The Turkish parliamentary corpus ParlaMint-TR-en, Term 27, Year 1, Session 9	2018-07-24	Unicameralism	27	1	9	-	-	Reference	English	Chairperson	MP	notMinister	AKP	Justice and Development Party	Coalition	Right	Mustafa.Şentop	Şentop, Mustafa	M	1968	
ParlaMint-TR-en_2018-07-24-tbmm-T27	tbmm-2018-07-24sit04spe0399par0445	The Turkish parliamentary corpus ParlaMint-TR-en, Term 27, Year 1, Session 9	2018-07-24	Unicameralism	27	1	9	-	-	Reference	English	Regular	MP	notMinister	AKP	Justice and Development Party	Coalition	Right	Hakkı.Köylü	Köylü, Hakkı	M	1948	
ParlaMint-TR-en_2018-07-24-tbmm-T27	tbmm-2018-07-24sit04spe0398par0446	The Turkish parliamentary corpus ParlaMint-TR-en, Term 27, Year 1, Session 9	2018-07-24	Unicameralism	27	1	9	-	-	Reference	English	Chairperson	MP	notMinister	AKP	Justice and Development Party	Coalition	Right	Mustafa.Şentop	Şentop, Mustafa	M	1968	
ParlaMint-TR-en_2018-07-24-tbmm-T27	tbmm-2018-07-24sit04spe0400par0459	The Turkish parliamentary corpus ParlaMint-TR-en, Term 27, Year 1, Session 9	2018-07-24	Unicameralism	27	1	9	-	-	Reference	English	Regular	MP	notMinister	AKP	Justice and Development Party	Coalition	Right	Hakkı.Köylü	Köylü, Hakkı	M	1948	
ParlaMint-TR-en_2018-07-24-tbmm-T27	tbmm-2018-07-24sit04spe0398par0460	The Turkish parliamentary corpus ParlaMint-TR-en, Term 27, Year 1, Session 9	2018-07-24	Unicameralism	27	1	9	-	-	Reference	English	Chairperson	MP	notMinister	AKP	Justice and Development Party	Coalition	Right	Mustafa.Şentop	Şentop, Mustafa	M	1968	
