Text_ID	ID	Title	Date	Body	Term	Session	Meeting	Sitting	Agenda	Subcorpus	Lang	Speaker_role	Speaker_MP	Speaker_minister	Speaker_party	Speaker_party_name	Party_status	Party_orientation	Speaker_ID	Speaker_name	Speaker_gender	Speaker_birth
ParlaMint-NL-en_2014-12-18-tweedekamer-71	ParlaMint-NL_2014-12-18-tweedekamer-71.u1	Report of the meeting of the Dutch Lower House, Meeting 39, Session 71 (2014-12-18)	2014-12-18	Lower house	Meeting of the 28th Tweede Kamer	Session 71	Meeting 39	Sitting 2014-12-18	-	Reference	English	Chairperson	MP	notMinister	VVD	Volkspartij voor Vrijheid en Democratie	Coalition	Centre-right	AnouchkavanMiltenburg	van Miltenburg, Anouchka	F	1967	
ParlaMint-NL-en_2014-12-18-tweedekamer-71	ParlaMint-NL_2014-12-18-tweedekamer-71.u2	Report of the meeting of the Dutch Lower House, Meeting 39, Session 71 (2014-12-18)	2014-12-18	Lower house	Meeting of the 28th Tweede Kamer	Session 71	Meeting 39	Sitting 2014-12-18	-	Reference	English	Regular	notMP	Minister	VVD	Volkspartij voor Vrijheid en Democratie	Coalition	Centre-right	MarkRutte	Rutte, Mark	M	1967	
ParlaMint-NL-en_2014-12-18-tweedekamer-71	ParlaMint-NL_2014-12-18-tweedekamer-71.u3	Report of the meeting of the Dutch Lower House, Meeting 39, Session 71 (2014-12-18)	2014-12-18	Lower house	Meeting of the 28th Tweede Kamer	Session 71	Meeting 39	Sitting 2014-12-18	-	Reference	English	Chairperson	MP	notMinister	VVD	Volkspartij voor Vrijheid en Democratie	Coalition	Centre-right	AnouchkavanMiltenburg	van Miltenburg, Anouchka	F	1967	
ParlaMint-NL-en_2014-12-18-tweedekamer-71	ParlaMint-NL_2014-12-18-tweedekamer-71.u4	Report of the meeting of the Dutch Lower House, Meeting 39, Session 71 (2014-12-18)	2014-12-18	Lower house	Meeting of the 28th Tweede Kamer	Session 71	Meeting 39	Sitting 2014-12-18	-	Reference	English	Regular	notMP	notMinister	PvdA	Partij van de Arbeid	Coalition	Centre-left	DiederikSamsom	Samsom, Diederik	M	1971	
ParlaMint-NL-en_2014-12-18-tweedekamer-71	ParlaMint-NL_2014-12-18-tweedekamer-71.u5	Report of the meeting of the Dutch Lower House, Meeting 39, Session 71 (2014-12-18)	2014-12-18	Lower house	Meeting of the 28th Tweede Kamer	Session 71	Meeting 39	Sitting 2014-12-18	-	Reference	English	Regular	notMP	notMinister	CDA	Christen-Democratisch Appèl	-	Centre to centre-right	SybrandVanHaersmaBuma	Van Haersma Buma, Sybrand	M	1965	
ParlaMint-NL-en_2014-12-18-tweedekamer-71	ParlaMint-NL_2014-12-18-tweedekamer-71.u6	Report of the meeting of the Dutch Lower House, Meeting 39, Session 71 (2014-12-18)	2014-12-18	Lower house	Meeting of the 28th Tweede Kamer	Session 71	Meeting 39	Sitting 2014-12-18	-	Reference	English	Regular	notMP	notMinister	PvdA	Partij van de Arbeid	Coalition	Centre-left	DiederikSamsom	Samsom, Diederik	M	1971	
ParlaMint-NL-en_2014-12-18-tweedekamer-71	ParlaMint-NL_2014-12-18-tweedekamer-71.u7	Report of the meeting of the Dutch Lower House, Meeting 39, Session 71 (2014-12-18)	2014-12-18	Lower house	Meeting of the 28th Tweede Kamer	Session 71	Meeting 39	Sitting 2014-12-18	-	Reference	English	Regular	notMP	notMinister	CDA	Christen-Democratisch Appèl	-	Centre to centre-right	SybrandVanHaersmaBuma	Van Haersma Buma, Sybrand	M	1965	
ParlaMint-NL-en_2014-12-18-tweedekamer-71	ParlaMint-NL_2014-12-18-tweedekamer-71.u8	Report of the meeting of the Dutch Lower House, Meeting 39, Session 71 (2014-12-18)	2014-12-18	Lower house	Meeting of the 28th Tweede Kamer	Session 71	Meeting 39	Sitting 2014-12-18	-	Reference	English	Regular	notMP	notMinister	PvdA	Partij van de Arbeid	Coalition	Centre-left	DiederikSamsom	Samsom, Diederik	M	1971	
ParlaMint-NL-en_2014-12-18-tweedekamer-71	ParlaMint-NL_2014-12-18-tweedekamer-71.u9	Report of the meeting of the Dutch Lower House, Meeting 39, Session 71 (2014-12-18)	2014-12-18	Lower house	Meeting of the 28th Tweede Kamer	Session 71	Meeting 39	Sitting 2014-12-18	-	Reference	English	Regular	notMP	notMinister	CDA	Christen-Democratisch Appèl	-	Centre to centre-right	SybrandVanHaersmaBuma	Van Haersma Buma, Sybrand	M	1965	
ParlaMint-NL-en_2014-12-18-tweedekamer-71	ParlaMint-NL_2014-12-18-tweedekamer-71.u10	Report of the meeting of the Dutch Lower House, Meeting 39, Session 71 (2014-12-18)	2014-12-18	Lower house	Meeting of the 28th Tweede Kamer	Session 71	Meeting 39	Sitting 2014-12-18	-	Reference	English	Regular	notMP	notMinister	PvdA	Partij van de Arbeid	Coalition	Centre-left	DiederikSamsom	Samsom, Diederik	M	1971	
ParlaMint-NL-en_2014-12-18-tweedekamer-71	ParlaMint-NL_2014-12-18-tweedekamer-71.u11	Report of the meeting of the Dutch Lower House, Meeting 39, Session 71 (2014-12-18)	2014-12-18	Lower house	Meeting of the 28th Tweede Kamer	Session 71	Meeting 39	Sitting 2014-12-18	-	Reference	English	Regular	notMP	notMinister	SP	Socialistische Partij	Opposition	Left	EmileRoemer	Roemer, Emile	M	1962	
ParlaMint-NL-en_2014-12-18-tweedekamer-71	ParlaMint-NL_2014-12-18-tweedekamer-71.u12	Report of the meeting of the Dutch Lower House, Meeting 39, Session 71 (2014-12-18)	2014-12-18	Lower house	Meeting of the 28th Tweede Kamer	Session 71	Meeting 39	Sitting 2014-12-18	-	Reference	English	Regular	notMP	notMinister	PvdA	Partij van de Arbeid	Coalition	Centre-left	DiederikSamsom	Samsom, Diederik	M	1971	
ParlaMint-NL-en_2014-12-18-tweedekamer-71	ParlaMint-NL_2014-12-18-tweedekamer-71.u13	Report of the meeting of the Dutch Lower House, Meeting 39, Session 71 (2014-12-18)	2014-12-18	Lower house	Meeting of the 28th Tweede Kamer	Session 71	Meeting 39	Sitting 2014-12-18	-	Reference	English	Regular	notMP	notMinister	SP	Socialistische Partij	Opposition	Left	EmileRoemer	Roemer, Emile	M	1962	
ParlaMint-NL-en_2014-12-18-tweedekamer-71	ParlaMint-NL_2014-12-18-tweedekamer-71.u14	Report of the meeting of the Dutch Lower House, Meeting 39, Session 71 (2014-12-18)	2014-12-18	Lower house	Meeting of the 28th Tweede Kamer	Session 71	Meeting 39	Sitting 2014-12-18	-	Reference	English	Regular	notMP	notMinister	PvdA	Partij van de Arbeid	Coalition	Centre-left	DiederikSamsom	Samsom, Diederik	M	1971	
ParlaMint-NL-en_2014-12-18-tweedekamer-71	ParlaMint-NL_2014-12-18-tweedekamer-71.u15	Report of the meeting of the Dutch Lower House, Meeting 39, Session 71 (2014-12-18)	2014-12-18	Lower house	Meeting of the 28th Tweede Kamer	Session 71	Meeting 39	Sitting 2014-12-18	-	Reference	English	Regular	notMP	notMinister	SP	Socialistische Partij	Opposition	Left	EmileRoemer	Roemer, Emile	M	1962	
ParlaMint-NL-en_2014-12-18-tweedekamer-71	ParlaMint-NL_2014-12-18-tweedekamer-71.u16	Report of the meeting of the Dutch Lower House, Meeting 39, Session 71 (2014-12-18)	2014-12-18	Lower house	Meeting of the 28th Tweede Kamer	Session 71	Meeting 39	Sitting 2014-12-18	-	Reference	English	Regular	notMP	notMinister	PvdA	Partij van de Arbeid	Coalition	Centre-left	DiederikSamsom	Samsom, Diederik	M	1971	
ParlaMint-NL-en_2014-12-18-tweedekamer-71	ParlaMint-NL_2014-12-18-tweedekamer-71.u17	Report of the meeting of the Dutch Lower House, Meeting 39, Session 71 (2014-12-18)	2014-12-18	Lower house	Meeting of the 28th Tweede Kamer	Session 71	Meeting 39	Sitting 2014-12-18	-	Reference	English	Regular	MP	notMinister	PvdD	Partij voor de Dieren	Opposition	Left	MarianneThieme	Thieme, Marianne	F	1972	
ParlaMint-NL-en_2014-12-18-tweedekamer-71	ParlaMint-NL_2014-12-18-tweedekamer-71.u18	Report of the meeting of the Dutch Lower House, Meeting 39, Session 71 (2014-12-18)	2014-12-18	Lower house	Meeting of the 28th Tweede Kamer	Session 71	Meeting 39	Sitting 2014-12-18	-	Reference	English	Regular	notMP	notMinister	PvdA	Partij van de Arbeid	Coalition	Centre-left	DiederikSamsom	Samsom, Diederik	M	1971	
ParlaMint-NL-en_2014-12-18-tweedekamer-71	ParlaMint-NL_2014-12-18-tweedekamer-71.u19	Report of the meeting of the Dutch Lower House, Meeting 39, Session 71 (2014-12-18)	2014-12-18	Lower house	Meeting of the 28th Tweede Kamer	Session 71	Meeting 39	Sitting 2014-12-18	-	Reference	English	Regular	MP	notMinister	PvdD	Partij voor de Dieren	Opposition	Left	MarianneThieme	Thieme, Marianne	F	1972	
ParlaMint-NL-en_2014-12-18-tweedekamer-71	ParlaMint-NL_2014-12-18-tweedekamer-71.u20	Report of the meeting of the Dutch Lower House, Meeting 39, Session 71 (2014-12-18)	2014-12-18	Lower house	Meeting of the 28th Tweede Kamer	Session 71	Meeting 39	Sitting 2014-12-18	-	Reference	English	Regular	notMP	notMinister	PvdA	Partij van de Arbeid	Coalition	Centre-left	DiederikSamsom	Samsom, Diederik	M	1971	
ParlaMint-NL-en_2014-12-18-tweedekamer-71	ParlaMint-NL_2014-12-18-tweedekamer-71.u21	Report of the meeting of the Dutch Lower House, Meeting 39, Session 71 (2014-12-18)	2014-12-18	Lower house	Meeting of the 28th Tweede Kamer	Session 71	Meeting 39	Sitting 2014-12-18	-	Reference	English	Regular	MP	notMinister	PvdD	Partij voor de Dieren	Opposition	Left	MarianneThieme	Thieme, Marianne	F	1972	
ParlaMint-NL-en_2014-12-18-tweedekamer-71	ParlaMint-NL_2014-12-18-tweedekamer-71.u22	Report of the meeting of the Dutch Lower House, Meeting 39, Session 71 (2014-12-18)	2014-12-18	Lower house	Meeting of the 28th Tweede Kamer	Session 71	Meeting 39	Sitting 2014-12-18	-	Reference	English	Regular	notMP	notMinister	PvdA	Partij van de Arbeid	Coalition	Centre-left	DiederikSamsom	Samsom, Diederik	M	1971	
ParlaMint-NL-en_2014-12-18-tweedekamer-71	ParlaMint-NL_2014-12-18-tweedekamer-71.u23	Report of the meeting of the Dutch Lower House, Meeting 39, Session 71 (2014-12-18)	2014-12-18	Lower house	Meeting of the 28th Tweede Kamer	Session 71	Meeting 39	Sitting 2014-12-18	-	Reference	English	Regular	MP	notMinister	GL	GroenLinks	Opposition	Centre-left to left	LiesbethvanTongeren	van Tongeren, Liesbeth	F	1958	
ParlaMint-NL-en_2014-12-18-tweedekamer-71	ParlaMint-NL_2014-12-18-tweedekamer-71.u24	Report of the meeting of the Dutch Lower House, Meeting 39, Session 71 (2014-12-18)	2014-12-18	Lower house	Meeting of the 28th Tweede Kamer	Session 71	Meeting 39	Sitting 2014-12-18	-	Reference	English	Regular	notMP	notMinister	PvdA	Partij van de Arbeid	Coalition	Centre-left	DiederikSamsom	Samsom, Diederik	M	1971	
ParlaMint-NL-en_2014-12-18-tweedekamer-71	ParlaMint-NL_2014-12-18-tweedekamer-71.u25	Report of the meeting of the Dutch Lower House, Meeting 39, Session 71 (2014-12-18)	2014-12-18	Lower house	Meeting of the 28th Tweede Kamer	Session 71	Meeting 39	Sitting 2014-12-18	-	Reference	English	Regular	MP	notMinister	GL	GroenLinks	Opposition	Centre-left to left	LiesbethvanTongeren	van Tongeren, Liesbeth	F	1958	
ParlaMint-NL-en_2014-12-18-tweedekamer-71	ParlaMint-NL_2014-12-18-tweedekamer-71.u26	Report of the meeting of the Dutch Lower House, Meeting 39, Session 71 (2014-12-18)	2014-12-18	Lower house	Meeting of the 28th Tweede Kamer	Session 71	Meeting 39	Sitting 2014-12-18	-	Reference	English	Regular	notMP	notMinister	PvdA	Partij van de Arbeid	Coalition	Centre-left	DiederikSamsom	Samsom, Diederik	M	1971	
ParlaMint-NL-en_2014-12-18-tweedekamer-71	ParlaMint-NL_2014-12-18-tweedekamer-71.u27	Report of the meeting of the Dutch Lower House, Meeting 39, Session 71 (2014-12-18)	2014-12-18	Lower house	Meeting of the 28th Tweede Kamer	Session 71	Meeting 39	Sitting 2014-12-18	-	Reference	English	Regular	MP	notMinister	GL	GroenLinks	Opposition	Centre-left to left	LiesbethvanTongeren	van Tongeren, Liesbeth	F	1958	
ParlaMint-NL-en_2014-12-18-tweedekamer-71	ParlaMint-NL_2014-12-18-tweedekamer-71.u28	Report of the meeting of the Dutch Lower House, Meeting 39, Session 71 (2014-12-18)	2014-12-18	Lower house	Meeting of the 28th Tweede Kamer	Session 71	Meeting 39	Sitting 2014-12-18	-	Reference	English	Regular	notMP	notMinister	PvdA	Partij van de Arbeid	Coalition	Centre-left	DiederikSamsom	Samsom, Diederik	M	1971	
ParlaMint-NL-en_2014-12-18-tweedekamer-71	ParlaMint-NL_2014-12-18-tweedekamer-71.u29	Report of the meeting of the Dutch Lower House, Meeting 39, Session 71 (2014-12-18)	2014-12-18	Lower house	Meeting of the 28th Tweede Kamer	Session 71	Meeting 39	Sitting 2014-12-18	-	Reference	English	Regular	notMP	notMinister	PVV	Partij voor de Vrijheid	Opposition	Right to far-right	GeertWilders	Wilders, Geert	M	1963	
ParlaMint-NL-en_2014-12-18-tweedekamer-71	ParlaMint-NL_2014-12-18-tweedekamer-71.u30	Report of the meeting of the Dutch Lower House, Meeting 39, Session 71 (2014-12-18)	2014-12-18	Lower house	Meeting of the 28th Tweede Kamer	Session 71	Meeting 39	Sitting 2014-12-18	-	Reference	English	Regular	notMP	notMinister	PvdA	Partij van de Arbeid	Coalition	Centre-left	DiederikSamsom	Samsom, Diederik	M	1971	
ParlaMint-NL-en_2014-12-18-tweedekamer-71	ParlaMint-NL_2014-12-18-tweedekamer-71.u31	Report of the meeting of the Dutch Lower House, Meeting 39, Session 71 (2014-12-18)	2014-12-18	Lower house	Meeting of the 28th Tweede Kamer	Session 71	Meeting 39	Sitting 2014-12-18	-	Reference	English	Regular	notMP	notMinister	PVV	Partij voor de Vrijheid	Opposition	Right to far-right	GeertWilders	Wilders, Geert	M	1963	
ParlaMint-NL-en_2014-12-18-tweedekamer-71	ParlaMint-NL_2014-12-18-tweedekamer-71.u32	Report of the meeting of the Dutch Lower House, Meeting 39, Session 71 (2014-12-18)	2014-12-18	Lower house	Meeting of the 28th Tweede Kamer	Session 71	Meeting 39	Sitting 2014-12-18	-	Reference	English	Regular	notMP	notMinister	PvdA	Partij van de Arbeid	Coalition	Centre-left	DiederikSamsom	Samsom, Diederik	M	1971	
ParlaMint-NL-en_2014-12-18-tweedekamer-71	ParlaMint-NL_2014-12-18-tweedekamer-71.u33	Report of the meeting of the Dutch Lower House, Meeting 39, Session 71 (2014-12-18)	2014-12-18	Lower house	Meeting of the 28th Tweede Kamer	Session 71	Meeting 39	Sitting 2014-12-18	-	Reference	English	Regular	notMP	notMinister	PVV	Partij voor de Vrijheid	Opposition	Right to far-right	GeertWilders	Wilders, Geert	M	1963	
ParlaMint-NL-en_2014-12-18-tweedekamer-71	ParlaMint-NL_2014-12-18-tweedekamer-71.u34	Report of the meeting of the Dutch Lower House, Meeting 39, Session 71 (2014-12-18)	2014-12-18	Lower house	Meeting of the 28th Tweede Kamer	Session 71	Meeting 39	Sitting 2014-12-18	-	Reference	English	Regular	notMP	notMinister	PvdA	Partij van de Arbeid	Coalition	Centre-left	DiederikSamsom	Samsom, Diederik	M	1971	
ParlaMint-NL-en_2014-12-18-tweedekamer-71	ParlaMint-NL_2014-12-18-tweedekamer-71.u35	Report of the meeting of the Dutch Lower House, Meeting 39, Session 71 (2014-12-18)	2014-12-18	Lower house	Meeting of the 28th Tweede Kamer	Session 71	Meeting 39	Sitting 2014-12-18	-	Reference	English	Regular	notMP	notMinister	PVV	Partij voor de Vrijheid	Opposition	Right to far-right	GeertWilders	Wilders, Geert	M	1963	
ParlaMint-NL-en_2014-12-18-tweedekamer-71	ParlaMint-NL_2014-12-18-tweedekamer-71.u36	Report of the meeting of the Dutch Lower House, Meeting 39, Session 71 (2014-12-18)	2014-12-18	Lower house	Meeting of the 28th Tweede Kamer	Session 71	Meeting 39	Sitting 2014-12-18	-	Reference	English	Regular	MP	notMinister	GKÖ	Groep Kuzu/Öztürk	Opposition	-	TunahanKuzu	Kuzu, Tunahan	M	1981	
ParlaMint-NL-en_2014-12-18-tweedekamer-71	ParlaMint-NL_2014-12-18-tweedekamer-71.u37	Report of the meeting of the Dutch Lower House, Meeting 39, Session 71 (2014-12-18)	2014-12-18	Lower house	Meeting of the 28th Tweede Kamer	Session 71	Meeting 39	Sitting 2014-12-18	-	Reference	English	Regular	notMP	notMinister	PvdA	Partij van de Arbeid	Coalition	Centre-left	DiederikSamsom	Samsom, Diederik	M	1971	
ParlaMint-NL-en_2014-12-18-tweedekamer-71	ParlaMint-NL_2014-12-18-tweedekamer-71.u38	Report of the meeting of the Dutch Lower House, Meeting 39, Session 71 (2014-12-18)	2014-12-18	Lower house	Meeting of the 28th Tweede Kamer	Session 71	Meeting 39	Sitting 2014-12-18	-	Reference	English	Regular	notMP	notMinister	PVV	Partij voor de Vrijheid	Opposition	Right to far-right	GeertWilders	Wilders, Geert	M	1963	
ParlaMint-NL-en_2014-12-18-tweedekamer-71	ParlaMint-NL_2014-12-18-tweedekamer-71.u39	Report of the meeting of the Dutch Lower House, Meeting 39, Session 71 (2014-12-18)	2014-12-18	Lower house	Meeting of the 28th Tweede Kamer	Session 71	Meeting 39	Sitting 2014-12-18	-	Reference	English	Regular	notMP	notMinister	PvdA	Partij van de Arbeid	Coalition	Centre-left	DiederikSamsom	Samsom, Diederik	M	1971	
ParlaMint-NL-en_2014-12-18-tweedekamer-71	ParlaMint-NL_2014-12-18-tweedekamer-71.u40	Report of the meeting of the Dutch Lower House, Meeting 39, Session 71 (2014-12-18)	2014-12-18	Lower house	Meeting of the 28th Tweede Kamer	Session 71	Meeting 39	Sitting 2014-12-18	-	Reference	English	Regular	MP	notMinister	GKÖ	Groep Kuzu/Öztürk	Opposition	-	TunahanKuzu	Kuzu, Tunahan	M	1981	
ParlaMint-NL-en_2014-12-18-tweedekamer-71	ParlaMint-NL_2014-12-18-tweedekamer-71.u41	Report of the meeting of the Dutch Lower House, Meeting 39, Session 71 (2014-12-18)	2014-12-18	Lower house	Meeting of the 28th Tweede Kamer	Session 71	Meeting 39	Sitting 2014-12-18	-	Reference	English	Regular	notMP	notMinister	PvdA	Partij van de Arbeid	Coalition	Centre-left	DiederikSamsom	Samsom, Diederik	M	1971	
ParlaMint-NL-en_2014-12-18-tweedekamer-71	ParlaMint-NL_2014-12-18-tweedekamer-71.u42	Report of the meeting of the Dutch Lower House, Meeting 39, Session 71 (2014-12-18)	2014-12-18	Lower house	Meeting of the 28th Tweede Kamer	Session 71	Meeting 39	Sitting 2014-12-18	-	Reference	English	Regular	MP	notMinister	GKÖ	Groep Kuzu/Öztürk	Opposition	-	TunahanKuzu	Kuzu, Tunahan	M	1981	
ParlaMint-NL-en_2014-12-18-tweedekamer-71	ParlaMint-NL_2014-12-18-tweedekamer-71.u43	Report of the meeting of the Dutch Lower House, Meeting 39, Session 71 (2014-12-18)	2014-12-18	Lower house	Meeting of the 28th Tweede Kamer	Session 71	Meeting 39	Sitting 2014-12-18	-	Reference	English	Regular	notMP	notMinister	PvdA	Partij van de Arbeid	Coalition	Centre-left	DiederikSamsom	Samsom, Diederik	M	1971	
ParlaMint-NL-en_2014-12-18-tweedekamer-71	ParlaMint-NL_2014-12-18-tweedekamer-71.u44	Report of the meeting of the Dutch Lower House, Meeting 39, Session 71 (2014-12-18)	2014-12-18	Lower house	Meeting of the 28th Tweede Kamer	Session 71	Meeting 39	Sitting 2014-12-18	-	Reference	English	Chairperson	MP	notMinister	VVD	Volkspartij voor Vrijheid en Democratie	Coalition	Centre-right	AnouchkavanMiltenburg	van Miltenburg, Anouchka	F	1967	
ParlaMint-NL-en_2014-12-18-tweedekamer-71	ParlaMint-NL_2014-12-18-tweedekamer-71.u45	Report of the meeting of the Dutch Lower House, Meeting 39, Session 71 (2014-12-18)	2014-12-18	Lower house	Meeting of the 28th Tweede Kamer	Session 71	Meeting 39	Sitting 2014-12-18	-	Reference	English	Regular	notMP	notMinister	SP	Socialistische Partij	Opposition	Left	EmileRoemer	Roemer, Emile	M	1962	
ParlaMint-NL-en_2014-12-18-tweedekamer-71	ParlaMint-NL_2014-12-18-tweedekamer-71.u46	Report of the meeting of the Dutch Lower House, Meeting 39, Session 71 (2014-12-18)	2014-12-18	Lower house	Meeting of the 28th Tweede Kamer	Session 71	Meeting 39	Sitting 2014-12-18	-	Reference	English	Regular	notMP	notMinister	PvdA	Partij van de Arbeid	Coalition	Centre-left	DiederikSamsom	Samsom, Diederik	M	1971	
ParlaMint-NL-en_2014-12-18-tweedekamer-71	ParlaMint-NL_2014-12-18-tweedekamer-71.u47	Report of the meeting of the Dutch Lower House, Meeting 39, Session 71 (2014-12-18)	2014-12-18	Lower house	Meeting of the 28th Tweede Kamer	Session 71	Meeting 39	Sitting 2014-12-18	-	Reference	English	Regular	notMP	notMinister	SP	Socialistische Partij	Opposition	Left	EmileRoemer	Roemer, Emile	M	1962	
ParlaMint-NL-en_2014-12-18-tweedekamer-71	ParlaMint-NL_2014-12-18-tweedekamer-71.u48	Report of the meeting of the Dutch Lower House, Meeting 39, Session 71 (2014-12-18)	2014-12-18	Lower house	Meeting of the 28th Tweede Kamer	Session 71	Meeting 39	Sitting 2014-12-18	-	Reference	English	Regular	notMP	notMinister	PvdA	Partij van de Arbeid	Coalition	Centre-left	DiederikSamsom	Samsom, Diederik	M	1971	
ParlaMint-NL-en_2014-12-18-tweedekamer-71	ParlaMint-NL_2014-12-18-tweedekamer-71.u49	Report of the meeting of the Dutch Lower House, Meeting 39, Session 71 (2014-12-18)	2014-12-18	Lower house	Meeting of the 28th Tweede Kamer	Session 71	Meeting 39	Sitting 2014-12-18	-	Reference	English	Regular	notMP	notMinister	SP	Socialistische Partij	Opposition	Left	EmileRoemer	Roemer, Emile	M	1962	
ParlaMint-NL-en_2014-12-18-tweedekamer-71	ParlaMint-NL_2014-12-18-tweedekamer-71.u50	Report of the meeting of the Dutch Lower House, Meeting 39, Session 71 (2014-12-18)	2014-12-18	Lower house	Meeting of the 28th Tweede Kamer	Session 71	Meeting 39	Sitting 2014-12-18	-	Reference	English	Regular	notMP	notMinister	PvdA	Partij van de Arbeid	Coalition	Centre-left	DiederikSamsom	Samsom, Diederik	M	1971	
ParlaMint-NL-en_2014-12-18-tweedekamer-71	ParlaMint-NL_2014-12-18-tweedekamer-71.u51	Report of the meeting of the Dutch Lower House, Meeting 39, Session 71 (2014-12-18)	2014-12-18	Lower house	Meeting of the 28th Tweede Kamer	Session 71	Meeting 39	Sitting 2014-12-18	-	Reference	English	Regular	MP	notMinister	GL	GroenLinks	Opposition	Centre-left to left	LiesbethvanTongeren	van Tongeren, Liesbeth	F	1958	
ParlaMint-NL-en_2014-12-18-tweedekamer-71	ParlaMint-NL_2014-12-18-tweedekamer-71.u52	Report of the meeting of the Dutch Lower House, Meeting 39, Session 71 (2014-12-18)	2014-12-18	Lower house	Meeting of the 28th Tweede Kamer	Session 71	Meeting 39	Sitting 2014-12-18	-	Reference	English	Regular	notMP	notMinister	PvdA	Partij van de Arbeid	Coalition	Centre-left	DiederikSamsom	Samsom, Diederik	M	1971	
ParlaMint-NL-en_2014-12-18-tweedekamer-71	ParlaMint-NL_2014-12-18-tweedekamer-71.u53	Report of the meeting of the Dutch Lower House, Meeting 39, Session 71 (2014-12-18)	2014-12-18	Lower house	Meeting of the 28th Tweede Kamer	Session 71	Meeting 39	Sitting 2014-12-18	-	Reference	English	Regular	MP	notMinister	GL	GroenLinks	Opposition	Centre-left to left	LiesbethvanTongeren	van Tongeren, Liesbeth	F	1958	
ParlaMint-NL-en_2014-12-18-tweedekamer-71	ParlaMint-NL_2014-12-18-tweedekamer-71.u54	Report of the meeting of the Dutch Lower House, Meeting 39, Session 71 (2014-12-18)	2014-12-18	Lower house	Meeting of the 28th Tweede Kamer	Session 71	Meeting 39	Sitting 2014-12-18	-	Reference	English	Regular	notMP	notMinister	PvdA	Partij van de Arbeid	Coalition	Centre-left	DiederikSamsom	Samsom, Diederik	M	1971	
ParlaMint-NL-en_2014-12-18-tweedekamer-71	ParlaMint-NL_2014-12-18-tweedekamer-71.u55	Report of the meeting of the Dutch Lower House, Meeting 39, Session 71 (2014-12-18)	2014-12-18	Lower house	Meeting of the 28th Tweede Kamer	Session 71	Meeting 39	Sitting 2014-12-18	-	Reference	English	Regular	MP	notMinister	GL	GroenLinks	Opposition	Centre-left to left	LiesbethvanTongeren	van Tongeren, Liesbeth	F	1958	
ParlaMint-NL-en_2014-12-18-tweedekamer-71	ParlaMint-NL_2014-12-18-tweedekamer-71.u56	Report of the meeting of the Dutch Lower House, Meeting 39, Session 71 (2014-12-18)	2014-12-18	Lower house	Meeting of the 28th Tweede Kamer	Session 71	Meeting 39	Sitting 2014-12-18	-	Reference	English	Regular	notMP	notMinister	PvdA	Partij van de Arbeid	Coalition	Centre-left	DiederikSamsom	Samsom, Diederik	M	1971	
ParlaMint-NL-en_2014-12-18-tweedekamer-71	ParlaMint-NL_2014-12-18-tweedekamer-71.u57	Report of the meeting of the Dutch Lower House, Meeting 39, Session 71 (2014-12-18)	2014-12-18	Lower house	Meeting of the 28th Tweede Kamer	Session 71	Meeting 39	Sitting 2014-12-18	-	Reference	English	Regular	notMP	notMinister	Klein	Fractie Klein	Opposition	-	GerKlein	Klein, Ger	M	-	
ParlaMint-NL-en_2014-12-18-tweedekamer-71	ParlaMint-NL_2014-12-18-tweedekamer-71.u58	Report of the meeting of the Dutch Lower House, Meeting 39, Session 71 (2014-12-18)	2014-12-18	Lower house	Meeting of the 28th Tweede Kamer	Session 71	Meeting 39	Sitting 2014-12-18	-	Reference	English	Regular	notMP	notMinister	PvdA	Partij van de Arbeid	Coalition	Centre-left	DiederikSamsom	Samsom, Diederik	M	1971	
ParlaMint-NL-en_2014-12-18-tweedekamer-71	ParlaMint-NL_2014-12-18-tweedekamer-71.u59	Report of the meeting of the Dutch Lower House, Meeting 39, Session 71 (2014-12-18)	2014-12-18	Lower house	Meeting of the 28th Tweede Kamer	Session 71	Meeting 39	Sitting 2014-12-18	-	Reference	English	Regular	notMP	notMinister	Klein	Fractie Klein	Opposition	-	GerKlein	Klein, Ger	M	-	
ParlaMint-NL-en_2014-12-18-tweedekamer-71	ParlaMint-NL_2014-12-18-tweedekamer-71.u60	Report of the meeting of the Dutch Lower House, Meeting 39, Session 71 (2014-12-18)	2014-12-18	Lower house	Meeting of the 28th Tweede Kamer	Session 71	Meeting 39	Sitting 2014-12-18	-	Reference	English	Regular	notMP	notMinister	PvdA	Partij van de Arbeid	Coalition	Centre-left	DiederikSamsom	Samsom, Diederik	M	1971	
ParlaMint-NL-en_2014-12-18-tweedekamer-71	ParlaMint-NL_2014-12-18-tweedekamer-71.u61	Report of the meeting of the Dutch Lower House, Meeting 39, Session 71 (2014-12-18)	2014-12-18	Lower house	Meeting of the 28th Tweede Kamer	Session 71	Meeting 39	Sitting 2014-12-18	-	Reference	English	Regular	notMP	notMinister	Klein	Fractie Klein	Opposition	-	GerKlein	Klein, Ger	M	-	
ParlaMint-NL-en_2014-12-18-tweedekamer-71	ParlaMint-NL_2014-12-18-tweedekamer-71.u62	Report of the meeting of the Dutch Lower House, Meeting 39, Session 71 (2014-12-18)	2014-12-18	Lower house	Meeting of the 28th Tweede Kamer	Session 71	Meeting 39	Sitting 2014-12-18	-	Reference	English	Regular	notMP	notMinister	PvdA	Partij van de Arbeid	Coalition	Centre-left	DiederikSamsom	Samsom, Diederik	M	1971	
ParlaMint-NL-en_2014-12-18-tweedekamer-71	ParlaMint-NL_2014-12-18-tweedekamer-71.u63	Report of the meeting of the Dutch Lower House, Meeting 39, Session 71 (2014-12-18)	2014-12-18	Lower house	Meeting of the 28th Tweede Kamer	Session 71	Meeting 39	Sitting 2014-12-18	-	Reference	English	Regular	notMP	notMinister	D66	Democraten 66	Opposition	Centre	AlexanderPechtold	Pechtold, Alexander	M	1965	
ParlaMint-NL-en_2014-12-18-tweedekamer-71	ParlaMint-NL_2014-12-18-tweedekamer-71.u64	Report of the meeting of the Dutch Lower House, Meeting 39, Session 71 (2014-12-18)	2014-12-18	Lower house	Meeting of the 28th Tweede Kamer	Session 71	Meeting 39	Sitting 2014-12-18	-	Reference	English	Regular	notMP	notMinister	PvdA	Partij van de Arbeid	Coalition	Centre-left	DiederikSamsom	Samsom, Diederik	M	1971	
ParlaMint-NL-en_2014-12-18-tweedekamer-71	ParlaMint-NL_2014-12-18-tweedekamer-71.u65	Report of the meeting of the Dutch Lower House, Meeting 39, Session 71 (2014-12-18)	2014-12-18	Lower house	Meeting of the 28th Tweede Kamer	Session 71	Meeting 39	Sitting 2014-12-18	-	Reference	English	Regular	notMP	notMinister	D66	Democraten 66	Opposition	Centre	AlexanderPechtold	Pechtold, Alexander	M	1965	
ParlaMint-NL-en_2014-12-18-tweedekamer-71	ParlaMint-NL_2014-12-18-tweedekamer-71.u66	Report of the meeting of the Dutch Lower House, Meeting 39, Session 71 (2014-12-18)	2014-12-18	Lower house	Meeting of the 28th Tweede Kamer	Session 71	Meeting 39	Sitting 2014-12-18	-	Reference	English	Regular	notMP	notMinister	PvdA	Partij van de Arbeid	Coalition	Centre-left	DiederikSamsom	Samsom, Diederik	M	1971	
ParlaMint-NL-en_2014-12-18-tweedekamer-71	ParlaMint-NL_2014-12-18-tweedekamer-71.u67	Report of the meeting of the Dutch Lower House, Meeting 39, Session 71 (2014-12-18)	2014-12-18	Lower house	Meeting of the 28th Tweede Kamer	Session 71	Meeting 39	Sitting 2014-12-18	-	Reference	English	Regular	notMP	notMinister	SGP	Staatkundig Gereformeerde Partij	Opposition	Right	KeesvanderStaaij	van der Staaij, Kees	M	1968	
ParlaMint-NL-en_2014-12-18-tweedekamer-71	ParlaMint-NL_2014-12-18-tweedekamer-71.u68	Report of the meeting of the Dutch Lower House, Meeting 39, Session 71 (2014-12-18)	2014-12-18	Lower house	Meeting of the 28th Tweede Kamer	Session 71	Meeting 39	Sitting 2014-12-18	-	Reference	English	Regular	notMP	notMinister	PvdA	Partij van de Arbeid	Coalition	Centre-left	DiederikSamsom	Samsom, Diederik	M	1971	
ParlaMint-NL-en_2014-12-18-tweedekamer-71	ParlaMint-NL_2014-12-18-tweedekamer-71.u69	Report of the meeting of the Dutch Lower House, Meeting 39, Session 71 (2014-12-18)	2014-12-18	Lower house	Meeting of the 28th Tweede Kamer	Session 71	Meeting 39	Sitting 2014-12-18	-	Reference	English	Regular	notMP	notMinister	SGP	Staatkundig Gereformeerde Partij	Opposition	Right	KeesvanderStaaij	van der Staaij, Kees	M	1968	
ParlaMint-NL-en_2014-12-18-tweedekamer-71	ParlaMint-NL_2014-12-18-tweedekamer-71.u70	Report of the meeting of the Dutch Lower House, Meeting 39, Session 71 (2014-12-18)	2014-12-18	Lower house	Meeting of the 28th Tweede Kamer	Session 71	Meeting 39	Sitting 2014-12-18	-	Reference	English	Regular	notMP	notMinister	PvdA	Partij van de Arbeid	Coalition	Centre-left	DiederikSamsom	Samsom, Diederik	M	1971	
ParlaMint-NL-en_2014-12-18-tweedekamer-71	ParlaMint-NL_2014-12-18-tweedekamer-71.u71	Report of the meeting of the Dutch Lower House, Meeting 39, Session 71 (2014-12-18)	2014-12-18	Lower house	Meeting of the 28th Tweede Kamer	Session 71	Meeting 39	Sitting 2014-12-18	-	Reference	English	Regular	notMP	notMinister	SGP	Staatkundig Gereformeerde Partij	Opposition	Right	KeesvanderStaaij	van der Staaij, Kees	M	1968	
ParlaMint-NL-en_2014-12-18-tweedekamer-71	ParlaMint-NL_2014-12-18-tweedekamer-71.u72	Report of the meeting of the Dutch Lower House, Meeting 39, Session 71 (2014-12-18)	2014-12-18	Lower house	Meeting of the 28th Tweede Kamer	Session 71	Meeting 39	Sitting 2014-12-18	-	Reference	English	Regular	notMP	notMinister	PvdA	Partij van de Arbeid	Coalition	Centre-left	DiederikSamsom	Samsom, Diederik	M	1971	
ParlaMint-NL-en_2014-12-18-tweedekamer-71	ParlaMint-NL_2014-12-18-tweedekamer-71.u73	Report of the meeting of the Dutch Lower House, Meeting 39, Session 71 (2014-12-18)	2014-12-18	Lower house	Meeting of the 28th Tweede Kamer	Session 71	Meeting 39	Sitting 2014-12-18	-	Reference	English	Regular	notMP	notMinister	CU	ChristenUnie	Opposition	Centre-right	ArieSlob	Slob, Arie	M	1961	
ParlaMint-NL-en_2014-12-18-tweedekamer-71	ParlaMint-NL_2014-12-18-tweedekamer-71.u74	Report of the meeting of the Dutch Lower House, Meeting 39, Session 71 (2014-12-18)	2014-12-18	Lower house	Meeting of the 28th Tweede Kamer	Session 71	Meeting 39	Sitting 2014-12-18	-	Reference	English	Regular	notMP	notMinister	PvdA	Partij van de Arbeid	Coalition	Centre-left	DiederikSamsom	Samsom, Diederik	M	1971	
ParlaMint-NL-en_2014-12-18-tweedekamer-71	ParlaMint-NL_2014-12-18-tweedekamer-71.u75	Report of the meeting of the Dutch Lower House, Meeting 39, Session 71 (2014-12-18)	2014-12-18	Lower house	Meeting of the 28th Tweede Kamer	Session 71	Meeting 39	Sitting 2014-12-18	-	Reference	English	Regular	notMP	notMinister	CU	ChristenUnie	Opposition	Centre-right	ArieSlob	Slob, Arie	M	1961	
ParlaMint-NL-en_2014-12-18-tweedekamer-71	ParlaMint-NL_2014-12-18-tweedekamer-71.u76	Report of the meeting of the Dutch Lower House, Meeting 39, Session 71 (2014-12-18)	2014-12-18	Lower house	Meeting of the 28th Tweede Kamer	Session 71	Meeting 39	Sitting 2014-12-18	-	Reference	English	Regular	notMP	notMinister	PvdA	Partij van de Arbeid	Coalition	Centre-left	DiederikSamsom	Samsom, Diederik	M	1971	
ParlaMint-NL-en_2014-12-18-tweedekamer-71	ParlaMint-NL_2014-12-18-tweedekamer-71.u77	Report of the meeting of the Dutch Lower House, Meeting 39, Session 71 (2014-12-18)	2014-12-18	Lower house	Meeting of the 28th Tweede Kamer	Session 71	Meeting 39	Sitting 2014-12-18	-	Reference	English	Regular	notMP	notMinister	CU	ChristenUnie	Opposition	Centre-right	ArieSlob	Slob, Arie	M	1961	
ParlaMint-NL-en_2014-12-18-tweedekamer-71	ParlaMint-NL_2014-12-18-tweedekamer-71.u78	Report of the meeting of the Dutch Lower House, Meeting 39, Session 71 (2014-12-18)	2014-12-18	Lower house	Meeting of the 28th Tweede Kamer	Session 71	Meeting 39	Sitting 2014-12-18	-	Reference	English	Regular	notMP	notMinister	PvdA	Partij van de Arbeid	Coalition	Centre-left	DiederikSamsom	Samsom, Diederik	M	1971	
ParlaMint-NL-en_2014-12-18-tweedekamer-71	ParlaMint-NL_2014-12-18-tweedekamer-71.u79	Report of the meeting of the Dutch Lower House, Meeting 39, Session 71 (2014-12-18)	2014-12-18	Lower house	Meeting of the 28th Tweede Kamer	Session 71	Meeting 39	Sitting 2014-12-18	-	Reference	English	Regular	notMP	notMinister	PVV	Partij voor de Vrijheid	Opposition	Right to far-right	GeertWilders	Wilders, Geert	M	1963	
ParlaMint-NL-en_2014-12-18-tweedekamer-71	ParlaMint-NL_2014-12-18-tweedekamer-71.u80	Report of the meeting of the Dutch Lower House, Meeting 39, Session 71 (2014-12-18)	2014-12-18	Lower house	Meeting of the 28th Tweede Kamer	Session 71	Meeting 39	Sitting 2014-12-18	-	Reference	English	Regular	notMP	notMinister	PvdA	Partij van de Arbeid	Coalition	Centre-left	DiederikSamsom	Samsom, Diederik	M	1971	
ParlaMint-NL-en_2014-12-18-tweedekamer-71	ParlaMint-NL_2014-12-18-tweedekamer-71.u81	Report of the meeting of the Dutch Lower House, Meeting 39, Session 71 (2014-12-18)	2014-12-18	Lower house	Meeting of the 28th Tweede Kamer	Session 71	Meeting 39	Sitting 2014-12-18	-	Reference	English	Regular	notMP	notMinister	PVV	Partij voor de Vrijheid	Opposition	Right to far-right	GeertWilders	Wilders, Geert	M	1963	
ParlaMint-NL-en_2014-12-18-tweedekamer-71	ParlaMint-NL_2014-12-18-tweedekamer-71.u82	Report of the meeting of the Dutch Lower House, Meeting 39, Session 71 (2014-12-18)	2014-12-18	Lower house	Meeting of the 28th Tweede Kamer	Session 71	Meeting 39	Sitting 2014-12-18	-	Reference	English	Regular	notMP	notMinister	PvdA	Partij van de Arbeid	Coalition	Centre-left	DiederikSamsom	Samsom, Diederik	M	1971	
ParlaMint-NL-en_2014-12-18-tweedekamer-71	ParlaMint-NL_2014-12-18-tweedekamer-71.u83	Report of the meeting of the Dutch Lower House, Meeting 39, Session 71 (2014-12-18)	2014-12-18	Lower house	Meeting of the 28th Tweede Kamer	Session 71	Meeting 39	Sitting 2014-12-18	-	Reference	English	Regular	MP	notMinister	VVD	Volkspartij voor Vrijheid en Democratie	Coalition	Centre-right	HalbeZijlstra	Zijlstra, Halbe	M	1969	
ParlaMint-NL-en_2014-12-18-tweedekamer-71	ParlaMint-NL_2014-12-18-tweedekamer-71.u84	Report of the meeting of the Dutch Lower House, Meeting 39, Session 71 (2014-12-18)	2014-12-18	Lower house	Meeting of the 28th Tweede Kamer	Session 71	Meeting 39	Sitting 2014-12-18	-	Reference	English	Regular	notMP	notMinister	SP	Socialistische Partij	Opposition	Left	EmileRoemer	Roemer, Emile	M	1962	
ParlaMint-NL-en_2014-12-18-tweedekamer-71	ParlaMint-NL_2014-12-18-tweedekamer-71.u85	Report of the meeting of the Dutch Lower House, Meeting 39, Session 71 (2014-12-18)	2014-12-18	Lower house	Meeting of the 28th Tweede Kamer	Session 71	Meeting 39	Sitting 2014-12-18	-	Reference	English	Regular	MP	notMinister	VVD	Volkspartij voor Vrijheid en Democratie	Coalition	Centre-right	HalbeZijlstra	Zijlstra, Halbe	M	1969	
ParlaMint-NL-en_2014-12-18-tweedekamer-71	ParlaMint-NL_2014-12-18-tweedekamer-71.u86	Report of the meeting of the Dutch Lower House, Meeting 39, Session 71 (2014-12-18)	2014-12-18	Lower house	Meeting of the 28th Tweede Kamer	Session 71	Meeting 39	Sitting 2014-12-18	-	Reference	English	Regular	notMP	notMinister	SP	Socialistische Partij	Opposition	Left	EmileRoemer	Roemer, Emile	M	1962	
ParlaMint-NL-en_2014-12-18-tweedekamer-71	ParlaMint-NL_2014-12-18-tweedekamer-71.u87	Report of the meeting of the Dutch Lower House, Meeting 39, Session 71 (2014-12-18)	2014-12-18	Lower house	Meeting of the 28th Tweede Kamer	Session 71	Meeting 39	Sitting 2014-12-18	-	Reference	English	Regular	MP	notMinister	VVD	Volkspartij voor Vrijheid en Democratie	Coalition	Centre-right	HalbeZijlstra	Zijlstra, Halbe	M	1969	
ParlaMint-NL-en_2014-12-18-tweedekamer-71	ParlaMint-NL_2014-12-18-tweedekamer-71.u88	Report of the meeting of the Dutch Lower House, Meeting 39, Session 71 (2014-12-18)	2014-12-18	Lower house	Meeting of the 28th Tweede Kamer	Session 71	Meeting 39	Sitting 2014-12-18	-	Reference	English	Regular	notMP	notMinister	SP	Socialistische Partij	Opposition	Left	EmileRoemer	Roemer, Emile	M	1962	
ParlaMint-NL-en_2014-12-18-tweedekamer-71	ParlaMint-NL_2014-12-18-tweedekamer-71.u89	Report of the meeting of the Dutch Lower House, Meeting 39, Session 71 (2014-12-18)	2014-12-18	Lower house	Meeting of the 28th Tweede Kamer	Session 71	Meeting 39	Sitting 2014-12-18	-	Reference	English	Regular	MP	notMinister	VVD	Volkspartij voor Vrijheid en Democratie	Coalition	Centre-right	HalbeZijlstra	Zijlstra, Halbe	M	1969	
ParlaMint-NL-en_2014-12-18-tweedekamer-71	ParlaMint-NL_2014-12-18-tweedekamer-71.u90	Report of the meeting of the Dutch Lower House, Meeting 39, Session 71 (2014-12-18)	2014-12-18	Lower house	Meeting of the 28th Tweede Kamer	Session 71	Meeting 39	Sitting 2014-12-18	-	Reference	English	Regular	notMP	notMinister	CDA	Christen-Democratisch Appèl	-	Centre to centre-right	SybrandVanHaersmaBuma	Van Haersma Buma, Sybrand	M	1965	
ParlaMint-NL-en_2014-12-18-tweedekamer-71	ParlaMint-NL_2014-12-18-tweedekamer-71.u91	Report of the meeting of the Dutch Lower House, Meeting 39, Session 71 (2014-12-18)	2014-12-18	Lower house	Meeting of the 28th Tweede Kamer	Session 71	Meeting 39	Sitting 2014-12-18	-	Reference	English	Regular	MP	notMinister	VVD	Volkspartij voor Vrijheid en Democratie	Coalition	Centre-right	HalbeZijlstra	Zijlstra, Halbe	M	1969	
ParlaMint-NL-en_2014-12-18-tweedekamer-71	ParlaMint-NL_2014-12-18-tweedekamer-71.u92	Report of the meeting of the Dutch Lower House, Meeting 39, Session 71 (2014-12-18)	2014-12-18	Lower house	Meeting of the 28th Tweede Kamer	Session 71	Meeting 39	Sitting 2014-12-18	-	Reference	English	Regular	notMP	notMinister	CDA	Christen-Democratisch Appèl	-	Centre to centre-right	SybrandVanHaersmaBuma	Van Haersma Buma, Sybrand	M	1965	
ParlaMint-NL-en_2014-12-18-tweedekamer-71	ParlaMint-NL_2014-12-18-tweedekamer-71.u93	Report of the meeting of the Dutch Lower House, Meeting 39, Session 71 (2014-12-18)	2014-12-18	Lower house	Meeting of the 28th Tweede Kamer	Session 71	Meeting 39	Sitting 2014-12-18	-	Reference	English	Regular	MP	notMinister	VVD	Volkspartij voor Vrijheid en Democratie	Coalition	Centre-right	HalbeZijlstra	Zijlstra, Halbe	M	1969	
ParlaMint-NL-en_2014-12-18-tweedekamer-71	ParlaMint-NL_2014-12-18-tweedekamer-71.u94	Report of the meeting of the Dutch Lower House, Meeting 39, Session 71 (2014-12-18)	2014-12-18	Lower house	Meeting of the 28th Tweede Kamer	Session 71	Meeting 39	Sitting 2014-12-18	-	Reference	English	Regular	notMP	notMinister	CDA	Christen-Democratisch Appèl	-	Centre to centre-right	SybrandVanHaersmaBuma	Van Haersma Buma, Sybrand	M	1965	
ParlaMint-NL-en_2014-12-18-tweedekamer-71	ParlaMint-NL_2014-12-18-tweedekamer-71.u95	Report of the meeting of the Dutch Lower House, Meeting 39, Session 71 (2014-12-18)	2014-12-18	Lower house	Meeting of the 28th Tweede Kamer	Session 71	Meeting 39	Sitting 2014-12-18	-	Reference	English	Regular	MP	notMinister	VVD	Volkspartij voor Vrijheid en Democratie	Coalition	Centre-right	HalbeZijlstra	Zijlstra, Halbe	M	1969	
ParlaMint-NL-en_2014-12-18-tweedekamer-71	ParlaMint-NL_2014-12-18-tweedekamer-71.u96	Report of the meeting of the Dutch Lower House, Meeting 39, Session 71 (2014-12-18)	2014-12-18	Lower house	Meeting of the 28th Tweede Kamer	Session 71	Meeting 39	Sitting 2014-12-18	-	Reference	English	Regular	MP	notMinister	GL	GroenLinks	Opposition	Centre-left to left	LiesbethvanTongeren	van Tongeren, Liesbeth	F	1958	
ParlaMint-NL-en_2014-12-18-tweedekamer-71	ParlaMint-NL_2014-12-18-tweedekamer-71.u97	Report of the meeting of the Dutch Lower House, Meeting 39, Session 71 (2014-12-18)	2014-12-18	Lower house	Meeting of the 28th Tweede Kamer	Session 71	Meeting 39	Sitting 2014-12-18	-	Reference	English	Regular	MP	notMinister	VVD	Volkspartij voor Vrijheid en Democratie	Coalition	Centre-right	HalbeZijlstra	Zijlstra, Halbe	M	1969	
ParlaMint-NL-en_2014-12-18-tweedekamer-71	ParlaMint-NL_2014-12-18-tweedekamer-71.u98	Report of the meeting of the Dutch Lower House, Meeting 39, Session 71 (2014-12-18)	2014-12-18	Lower house	Meeting of the 28th Tweede Kamer	Session 71	Meeting 39	Sitting 2014-12-18	-	Reference	English	Regular	MP	notMinister	GL	GroenLinks	Opposition	Centre-left to left	LiesbethvanTongeren	van Tongeren, Liesbeth	F	1958	
ParlaMint-NL-en_2014-12-18-tweedekamer-71	ParlaMint-NL_2014-12-18-tweedekamer-71.u99	Report of the meeting of the Dutch Lower House, Meeting 39, Session 71 (2014-12-18)	2014-12-18	Lower house	Meeting of the 28th Tweede Kamer	Session 71	Meeting 39	Sitting 2014-12-18	-	Reference	English	Regular	MP	notMinister	VVD	Volkspartij voor Vrijheid en Democratie	Coalition	Centre-right	HalbeZijlstra	Zijlstra, Halbe	M	1969	
ParlaMint-NL-en_2014-12-18-tweedekamer-71	ParlaMint-NL_2014-12-18-tweedekamer-71.u100	Report of the meeting of the Dutch Lower House, Meeting 39, Session 71 (2014-12-18)	2014-12-18	Lower house	Meeting of the 28th Tweede Kamer	Session 71	Meeting 39	Sitting 2014-12-18	-	Reference	English	Regular	MP	notMinister	GL	GroenLinks	Opposition	Centre-left to left	LiesbethvanTongeren	van Tongeren, Liesbeth	F	1958	
ParlaMint-NL-en_2014-12-18-tweedekamer-71	ParlaMint-NL_2014-12-18-tweedekamer-71.u101	Report of the meeting of the Dutch Lower House, Meeting 39, Session 71 (2014-12-18)	2014-12-18	Lower house	Meeting of the 28th Tweede Kamer	Session 71	Meeting 39	Sitting 2014-12-18	-	Reference	English	Regular	MP	notMinister	VVD	Volkspartij voor Vrijheid en Democratie	Coalition	Centre-right	HalbeZijlstra	Zijlstra, Halbe	M	1969	
ParlaMint-NL-en_2014-12-18-tweedekamer-71	ParlaMint-NL_2014-12-18-tweedekamer-71.u102	Report of the meeting of the Dutch Lower House, Meeting 39, Session 71 (2014-12-18)	2014-12-18	Lower house	Meeting of the 28th Tweede Kamer	Session 71	Meeting 39	Sitting 2014-12-18	-	Reference	English	Regular	notMP	notMinister	CDA	Christen-Democratisch Appèl	-	Centre to centre-right	SybrandVanHaersmaBuma	Van Haersma Buma, Sybrand	M	1965	
ParlaMint-NL-en_2014-12-18-tweedekamer-71	ParlaMint-NL_2014-12-18-tweedekamer-71.u103	Report of the meeting of the Dutch Lower House, Meeting 39, Session 71 (2014-12-18)	2014-12-18	Lower house	Meeting of the 28th Tweede Kamer	Session 71	Meeting 39	Sitting 2014-12-18	-	Reference	English	Regular	MP	notMinister	VVD	Volkspartij voor Vrijheid en Democratie	Coalition	Centre-right	HalbeZijlstra	Zijlstra, Halbe	M	1969	
ParlaMint-NL-en_2014-12-18-tweedekamer-71	ParlaMint-NL_2014-12-18-tweedekamer-71.u104	Report of the meeting of the Dutch Lower House, Meeting 39, Session 71 (2014-12-18)	2014-12-18	Lower house	Meeting of the 28th Tweede Kamer	Session 71	Meeting 39	Sitting 2014-12-18	-	Reference	English	Regular	notMP	notMinister	CDA	Christen-Democratisch Appèl	-	Centre to centre-right	SybrandVanHaersmaBuma	Van Haersma Buma, Sybrand	M	1965	
ParlaMint-NL-en_2014-12-18-tweedekamer-71	ParlaMint-NL_2014-12-18-tweedekamer-71.u105	Report of the meeting of the Dutch Lower House, Meeting 39, Session 71 (2014-12-18)	2014-12-18	Lower house	Meeting of the 28th Tweede Kamer	Session 71	Meeting 39	Sitting 2014-12-18	-	Reference	English	Regular	MP	notMinister	VVD	Volkspartij voor Vrijheid en Democratie	Coalition	Centre-right	HalbeZijlstra	Zijlstra, Halbe	M	1969	
ParlaMint-NL-en_2014-12-18-tweedekamer-71	ParlaMint-NL_2014-12-18-tweedekamer-71.u106	Report of the meeting of the Dutch Lower House, Meeting 39, Session 71 (2014-12-18)	2014-12-18	Lower house	Meeting of the 28th Tweede Kamer	Session 71	Meeting 39	Sitting 2014-12-18	-	Reference	English	Regular	notMP	notMinister	CU	ChristenUnie	Opposition	Centre-right	ArieSlob	Slob, Arie	M	1961	
ParlaMint-NL-en_2014-12-18-tweedekamer-71	ParlaMint-NL_2014-12-18-tweedekamer-71.u107	Report of the meeting of the Dutch Lower House, Meeting 39, Session 71 (2014-12-18)	2014-12-18	Lower house	Meeting of the 28th Tweede Kamer	Session 71	Meeting 39	Sitting 2014-12-18	-	Reference	English	Regular	MP	notMinister	VVD	Volkspartij voor Vrijheid en Democratie	Coalition	Centre-right	HalbeZijlstra	Zijlstra, Halbe	M	1969	
ParlaMint-NL-en_2014-12-18-tweedekamer-71	ParlaMint-NL_2014-12-18-tweedekamer-71.u108	Report of the meeting of the Dutch Lower House, Meeting 39, Session 71 (2014-12-18)	2014-12-18	Lower house	Meeting of the 28th Tweede Kamer	Session 71	Meeting 39	Sitting 2014-12-18	-	Reference	English	Regular	notMP	notMinister	CU	ChristenUnie	Opposition	Centre-right	ArieSlob	Slob, Arie	M	1961	
ParlaMint-NL-en_2014-12-18-tweedekamer-71	ParlaMint-NL_2014-12-18-tweedekamer-71.u109	Report of the meeting of the Dutch Lower House, Meeting 39, Session 71 (2014-12-18)	2014-12-18	Lower house	Meeting of the 28th Tweede Kamer	Session 71	Meeting 39	Sitting 2014-12-18	-	Reference	English	Regular	MP	notMinister	VVD	Volkspartij voor Vrijheid en Democratie	Coalition	Centre-right	HalbeZijlstra	Zijlstra, Halbe	M	1969	
ParlaMint-NL-en_2014-12-18-tweedekamer-71	ParlaMint-NL_2014-12-18-tweedekamer-71.u110	Report of the meeting of the Dutch Lower House, Meeting 39, Session 71 (2014-12-18)	2014-12-18	Lower house	Meeting of the 28th Tweede Kamer	Session 71	Meeting 39	Sitting 2014-12-18	-	Reference	English	Regular	notMP	notMinister	CU	ChristenUnie	Opposition	Centre-right	ArieSlob	Slob, Arie	M	1961	
ParlaMint-NL-en_2014-12-18-tweedekamer-71	ParlaMint-NL_2014-12-18-tweedekamer-71.u111	Report of the meeting of the Dutch Lower House, Meeting 39, Session 71 (2014-12-18)	2014-12-18	Lower house	Meeting of the 28th Tweede Kamer	Session 71	Meeting 39	Sitting 2014-12-18	-	Reference	English	Regular	MP	notMinister	VVD	Volkspartij voor Vrijheid en Democratie	Coalition	Centre-right	HalbeZijlstra	Zijlstra, Halbe	M	1969	
ParlaMint-NL-en_2014-12-18-tweedekamer-71	ParlaMint-NL_2014-12-18-tweedekamer-71.u112	Report of the meeting of the Dutch Lower House, Meeting 39, Session 71 (2014-12-18)	2014-12-18	Lower house	Meeting of the 28th Tweede Kamer	Session 71	Meeting 39	Sitting 2014-12-18	-	Reference	English	Regular	notMP	notMinister	D66	Democraten 66	Opposition	Centre	AlexanderPechtold	Pechtold, Alexander	M	1965	
ParlaMint-NL-en_2014-12-18-tweedekamer-71	ParlaMint-NL_2014-12-18-tweedekamer-71.u113	Report of the meeting of the Dutch Lower House, Meeting 39, Session 71 (2014-12-18)	2014-12-18	Lower house	Meeting of the 28th Tweede Kamer	Session 71	Meeting 39	Sitting 2014-12-18	-	Reference	English	Regular	MP	notMinister	VVD	Volkspartij voor Vrijheid en Democratie	Coalition	Centre-right	HalbeZijlstra	Zijlstra, Halbe	M	1969	
ParlaMint-NL-en_2014-12-18-tweedekamer-71	ParlaMint-NL_2014-12-18-tweedekamer-71.u114	Report of the meeting of the Dutch Lower House, Meeting 39, Session 71 (2014-12-18)	2014-12-18	Lower house	Meeting of the 28th Tweede Kamer	Session 71	Meeting 39	Sitting 2014-12-18	-	Reference	English	Regular	notMP	notMinister	D66	Democraten 66	Opposition	Centre	AlexanderPechtold	Pechtold, Alexander	M	1965	
ParlaMint-NL-en_2014-12-18-tweedekamer-71	ParlaMint-NL_2014-12-18-tweedekamer-71.u115	Report of the meeting of the Dutch Lower House, Meeting 39, Session 71 (2014-12-18)	2014-12-18	Lower house	Meeting of the 28th Tweede Kamer	Session 71	Meeting 39	Sitting 2014-12-18	-	Reference	English	Regular	MP	notMinister	VVD	Volkspartij voor Vrijheid en Democratie	Coalition	Centre-right	HalbeZijlstra	Zijlstra, Halbe	M	1969	
ParlaMint-NL-en_2014-12-18-tweedekamer-71	ParlaMint-NL_2014-12-18-tweedekamer-71.u116	Report of the meeting of the Dutch Lower House, Meeting 39, Session 71 (2014-12-18)	2014-12-18	Lower house	Meeting of the 28th Tweede Kamer	Session 71	Meeting 39	Sitting 2014-12-18	-	Reference	English	Regular	notMP	notMinister	PVV	Partij voor de Vrijheid	Opposition	Right to far-right	GeertWilders	Wilders, Geert	M	1963	
ParlaMint-NL-en_2014-12-18-tweedekamer-71	ParlaMint-NL_2014-12-18-tweedekamer-71.u117	Report of the meeting of the Dutch Lower House, Meeting 39, Session 71 (2014-12-18)	2014-12-18	Lower house	Meeting of the 28th Tweede Kamer	Session 71	Meeting 39	Sitting 2014-12-18	-	Reference	English	Regular	notMP	notMinister	D66	Democraten 66	Opposition	Centre	AlexanderPechtold	Pechtold, Alexander	M	1965	
ParlaMint-NL-en_2014-12-18-tweedekamer-71	ParlaMint-NL_2014-12-18-tweedekamer-71.u118	Report of the meeting of the Dutch Lower House, Meeting 39, Session 71 (2014-12-18)	2014-12-18	Lower house	Meeting of the 28th Tweede Kamer	Session 71	Meeting 39	Sitting 2014-12-18	-	Reference	English	Regular	notMP	notMinister	PVV	Partij voor de Vrijheid	Opposition	Right to far-right	GeertWilders	Wilders, Geert	M	1963	
ParlaMint-NL-en_2014-12-18-tweedekamer-71	ParlaMint-NL_2014-12-18-tweedekamer-71.u119	Report of the meeting of the Dutch Lower House, Meeting 39, Session 71 (2014-12-18)	2014-12-18	Lower house	Meeting of the 28th Tweede Kamer	Session 71	Meeting 39	Sitting 2014-12-18	-	Reference	English	Regular	notMP	notMinister	D66	Democraten 66	Opposition	Centre	AlexanderPechtold	Pechtold, Alexander	M	1965	
ParlaMint-NL-en_2014-12-18-tweedekamer-71	ParlaMint-NL_2014-12-18-tweedekamer-71.u120	Report of the meeting of the Dutch Lower House, Meeting 39, Session 71 (2014-12-18)	2014-12-18	Lower house	Meeting of the 28th Tweede Kamer	Session 71	Meeting 39	Sitting 2014-12-18	-	Reference	English	Regular	notMP	notMinister	PVV	Partij voor de Vrijheid	Opposition	Right to far-right	GeertWilders	Wilders, Geert	M	1963	
ParlaMint-NL-en_2014-12-18-tweedekamer-71	ParlaMint-NL_2014-12-18-tweedekamer-71.u121	Report of the meeting of the Dutch Lower House, Meeting 39, Session 71 (2014-12-18)	2014-12-18	Lower house	Meeting of the 28th Tweede Kamer	Session 71	Meeting 39	Sitting 2014-12-18	-	Reference	English	Regular	notMP	notMinister	SP	Socialistische Partij	Opposition	Left	EmileRoemer	Roemer, Emile	M	1962	
ParlaMint-NL-en_2014-12-18-tweedekamer-71	ParlaMint-NL_2014-12-18-tweedekamer-71.u122	Report of the meeting of the Dutch Lower House, Meeting 39, Session 71 (2014-12-18)	2014-12-18	Lower house	Meeting of the 28th Tweede Kamer	Session 71	Meeting 39	Sitting 2014-12-18	-	Reference	English	Regular	notMP	notMinister	D66	Democraten 66	Opposition	Centre	AlexanderPechtold	Pechtold, Alexander	M	1965	
ParlaMint-NL-en_2014-12-18-tweedekamer-71	ParlaMint-NL_2014-12-18-tweedekamer-71.u123	Report of the meeting of the Dutch Lower House, Meeting 39, Session 71 (2014-12-18)	2014-12-18	Lower house	Meeting of the 28th Tweede Kamer	Session 71	Meeting 39	Sitting 2014-12-18	-	Reference	English	Regular	notMP	notMinister	CDA	Christen-Democratisch Appèl	-	Centre to centre-right	SybrandVanHaersmaBuma	Van Haersma Buma, Sybrand	M	1965	
ParlaMint-NL-en_2014-12-18-tweedekamer-71	ParlaMint-NL_2014-12-18-tweedekamer-71.u124	Report of the meeting of the Dutch Lower House, Meeting 39, Session 71 (2014-12-18)	2014-12-18	Lower house	Meeting of the 28th Tweede Kamer	Session 71	Meeting 39	Sitting 2014-12-18	-	Reference	English	Regular	notMP	notMinister	D66	Democraten 66	Opposition	Centre	AlexanderPechtold	Pechtold, Alexander	M	1965	
ParlaMint-NL-en_2014-12-18-tweedekamer-71	ParlaMint-NL_2014-12-18-tweedekamer-71.u125	Report of the meeting of the Dutch Lower House, Meeting 39, Session 71 (2014-12-18)	2014-12-18	Lower house	Meeting of the 28th Tweede Kamer	Session 71	Meeting 39	Sitting 2014-12-18	-	Reference	English	Regular	notMP	notMinister	CDA	Christen-Democratisch Appèl	-	Centre to centre-right	SybrandVanHaersmaBuma	Van Haersma Buma, Sybrand	M	1965	
ParlaMint-NL-en_2014-12-18-tweedekamer-71	ParlaMint-NL_2014-12-18-tweedekamer-71.u126	Report of the meeting of the Dutch Lower House, Meeting 39, Session 71 (2014-12-18)	2014-12-18	Lower house	Meeting of the 28th Tweede Kamer	Session 71	Meeting 39	Sitting 2014-12-18	-	Reference	English	Regular	notMP	notMinister	D66	Democraten 66	Opposition	Centre	AlexanderPechtold	Pechtold, Alexander	M	1965	
ParlaMint-NL-en_2014-12-18-tweedekamer-71	ParlaMint-NL_2014-12-18-tweedekamer-71.u127	Report of the meeting of the Dutch Lower House, Meeting 39, Session 71 (2014-12-18)	2014-12-18	Lower house	Meeting of the 28th Tweede Kamer	Session 71	Meeting 39	Sitting 2014-12-18	-	Reference	English	Regular	notMP	notMinister	CDA	Christen-Democratisch Appèl	-	Centre to centre-right	SybrandVanHaersmaBuma	Van Haersma Buma, Sybrand	M	1965	
ParlaMint-NL-en_2014-12-18-tweedekamer-71	ParlaMint-NL_2014-12-18-tweedekamer-71.u128	Report of the meeting of the Dutch Lower House, Meeting 39, Session 71 (2014-12-18)	2014-12-18	Lower house	Meeting of the 28th Tweede Kamer	Session 71	Meeting 39	Sitting 2014-12-18	-	Reference	English	Regular	notMP	notMinister	D66	Democraten 66	Opposition	Centre	AlexanderPechtold	Pechtold, Alexander	M	1965	
ParlaMint-NL-en_2014-12-18-tweedekamer-71	ParlaMint-NL_2014-12-18-tweedekamer-71.u129	Report of the meeting of the Dutch Lower House, Meeting 39, Session 71 (2014-12-18)	2014-12-18	Lower house	Meeting of the 28th Tweede Kamer	Session 71	Meeting 39	Sitting 2014-12-18	-	Reference	English	Regular	notMP	notMinister	SP	Socialistische Partij	Opposition	Left	EmileRoemer	Roemer, Emile	M	1962	
ParlaMint-NL-en_2014-12-18-tweedekamer-71	ParlaMint-NL_2014-12-18-tweedekamer-71.u130	Report of the meeting of the Dutch Lower House, Meeting 39, Session 71 (2014-12-18)	2014-12-18	Lower house	Meeting of the 28th Tweede Kamer	Session 71	Meeting 39	Sitting 2014-12-18	-	Reference	English	Regular	notMP	notMinister	D66	Democraten 66	Opposition	Centre	AlexanderPechtold	Pechtold, Alexander	M	1965	
ParlaMint-NL-en_2014-12-18-tweedekamer-71	ParlaMint-NL_2014-12-18-tweedekamer-71.u131	Report of the meeting of the Dutch Lower House, Meeting 39, Session 71 (2014-12-18)	2014-12-18	Lower house	Meeting of the 28th Tweede Kamer	Session 71	Meeting 39	Sitting 2014-12-18	-	Reference	English	Regular	notMP	notMinister	SP	Socialistische Partij	Opposition	Left	EmileRoemer	Roemer, Emile	M	1962	
ParlaMint-NL-en_2014-12-18-tweedekamer-71	ParlaMint-NL_2014-12-18-tweedekamer-71.u132	Report of the meeting of the Dutch Lower House, Meeting 39, Session 71 (2014-12-18)	2014-12-18	Lower house	Meeting of the 28th Tweede Kamer	Session 71	Meeting 39	Sitting 2014-12-18	-	Reference	English	Regular	notMP	notMinister	D66	Democraten 66	Opposition	Centre	AlexanderPechtold	Pechtold, Alexander	M	1965	
ParlaMint-NL-en_2014-12-18-tweedekamer-71	ParlaMint-NL_2014-12-18-tweedekamer-71.u133	Report of the meeting of the Dutch Lower House, Meeting 39, Session 71 (2014-12-18)	2014-12-18	Lower house	Meeting of the 28th Tweede Kamer	Session 71	Meeting 39	Sitting 2014-12-18	-	Reference	English	Regular	notMP	notMinister	SP	Socialistische Partij	Opposition	Left	EmileRoemer	Roemer, Emile	M	1962	
ParlaMint-NL-en_2014-12-18-tweedekamer-71	ParlaMint-NL_2014-12-18-tweedekamer-71.u134	Report of the meeting of the Dutch Lower House, Meeting 39, Session 71 (2014-12-18)	2014-12-18	Lower house	Meeting of the 28th Tweede Kamer	Session 71	Meeting 39	Sitting 2014-12-18	-	Reference	English	Regular	notMP	notMinister	D66	Democraten 66	Opposition	Centre	AlexanderPechtold	Pechtold, Alexander	M	1965	
ParlaMint-NL-en_2014-12-18-tweedekamer-71	ParlaMint-NL_2014-12-18-tweedekamer-71.u135	Report of the meeting of the Dutch Lower House, Meeting 39, Session 71 (2014-12-18)	2014-12-18	Lower house	Meeting of the 28th Tweede Kamer	Session 71	Meeting 39	Sitting 2014-12-18	-	Reference	English	Regular	notMP	notMinister	PVV	Partij voor de Vrijheid	Opposition	Right to far-right	GeertWilders	Wilders, Geert	M	1963	
ParlaMint-NL-en_2014-12-18-tweedekamer-71	ParlaMint-NL_2014-12-18-tweedekamer-71.u136	Report of the meeting of the Dutch Lower House, Meeting 39, Session 71 (2014-12-18)	2014-12-18	Lower house	Meeting of the 28th Tweede Kamer	Session 71	Meeting 39	Sitting 2014-12-18	-	Reference	English	Regular	notMP	notMinister	D66	Democraten 66	Opposition	Centre	AlexanderPechtold	Pechtold, Alexander	M	1965	
ParlaMint-NL-en_2014-12-18-tweedekamer-71	ParlaMint-NL_2014-12-18-tweedekamer-71.u137	Report of the meeting of the Dutch Lower House, Meeting 39, Session 71 (2014-12-18)	2014-12-18	Lower house	Meeting of the 28th Tweede Kamer	Session 71	Meeting 39	Sitting 2014-12-18	-	Reference	English	Regular	notMP	notMinister	PVV	Partij voor de Vrijheid	Opposition	Right to far-right	GeertWilders	Wilders, Geert	M	1963	
ParlaMint-NL-en_2014-12-18-tweedekamer-71	ParlaMint-NL_2014-12-18-tweedekamer-71.u138	Report of the meeting of the Dutch Lower House, Meeting 39, Session 71 (2014-12-18)	2014-12-18	Lower house	Meeting of the 28th Tweede Kamer	Session 71	Meeting 39	Sitting 2014-12-18	-	Reference	English	Regular	notMP	notMinister	D66	Democraten 66	Opposition	Centre	AlexanderPechtold	Pechtold, Alexander	M	1965	
ParlaMint-NL-en_2014-12-18-tweedekamer-71	ParlaMint-NL_2014-12-18-tweedekamer-71.u139	Report of the meeting of the Dutch Lower House, Meeting 39, Session 71 (2014-12-18)	2014-12-18	Lower house	Meeting of the 28th Tweede Kamer	Session 71	Meeting 39	Sitting 2014-12-18	-	Reference	English	Regular	MP	notMinister	GL	GroenLinks	Opposition	Centre-left to left	LiesbethvanTongeren	van Tongeren, Liesbeth	F	1958	
ParlaMint-NL-en_2014-12-18-tweedekamer-71	ParlaMint-NL_2014-12-18-tweedekamer-71.u140	Report of the meeting of the Dutch Lower House, Meeting 39, Session 71 (2014-12-18)	2014-12-18	Lower house	Meeting of the 28th Tweede Kamer	Session 71	Meeting 39	Sitting 2014-12-18	-	Reference	English	Regular	notMP	notMinister	D66	Democraten 66	Opposition	Centre	AlexanderPechtold	Pechtold, Alexander	M	1965	
ParlaMint-NL-en_2014-12-18-tweedekamer-71	ParlaMint-NL_2014-12-18-tweedekamer-71.u141	Report of the meeting of the Dutch Lower House, Meeting 39, Session 71 (2014-12-18)	2014-12-18	Lower house	Meeting of the 28th Tweede Kamer	Session 71	Meeting 39	Sitting 2014-12-18	-	Reference	English	Regular	MP	notMinister	GL	GroenLinks	Opposition	Centre-left to left	LiesbethvanTongeren	van Tongeren, Liesbeth	F	1958	
ParlaMint-NL-en_2014-12-18-tweedekamer-71	ParlaMint-NL_2014-12-18-tweedekamer-71.u142	Report of the meeting of the Dutch Lower House, Meeting 39, Session 71 (2014-12-18)	2014-12-18	Lower house	Meeting of the 28th Tweede Kamer	Session 71	Meeting 39	Sitting 2014-12-18	-	Reference	English	Regular	notMP	notMinister	D66	Democraten 66	Opposition	Centre	AlexanderPechtold	Pechtold, Alexander	M	1965	
ParlaMint-NL-en_2014-12-18-tweedekamer-71	ParlaMint-NL_2014-12-18-tweedekamer-71.u143	Report of the meeting of the Dutch Lower House, Meeting 39, Session 71 (2014-12-18)	2014-12-18	Lower house	Meeting of the 28th Tweede Kamer	Session 71	Meeting 39	Sitting 2014-12-18	-	Reference	English	Regular	MP	notMinister	GL	GroenLinks	Opposition	Centre-left to left	LiesbethvanTongeren	van Tongeren, Liesbeth	F	1958	
ParlaMint-NL-en_2014-12-18-tweedekamer-71	ParlaMint-NL_2014-12-18-tweedekamer-71.u144	Report of the meeting of the Dutch Lower House, Meeting 39, Session 71 (2014-12-18)	2014-12-18	Lower house	Meeting of the 28th Tweede Kamer	Session 71	Meeting 39	Sitting 2014-12-18	-	Reference	English	Regular	notMP	notMinister	D66	Democraten 66	Opposition	Centre	AlexanderPechtold	Pechtold, Alexander	M	1965	
ParlaMint-NL-en_2014-12-18-tweedekamer-71	ParlaMint-NL_2014-12-18-tweedekamer-71.u145	Report of the meeting of the Dutch Lower House, Meeting 39, Session 71 (2014-12-18)	2014-12-18	Lower house	Meeting of the 28th Tweede Kamer	Session 71	Meeting 39	Sitting 2014-12-18	-	Reference	English	Regular	MP	notMinister	GL	GroenLinks	Opposition	Centre-left to left	LiesbethvanTongeren	van Tongeren, Liesbeth	F	1958	
ParlaMint-NL-en_2014-12-18-tweedekamer-71	ParlaMint-NL_2014-12-18-tweedekamer-71.u146	Report of the meeting of the Dutch Lower House, Meeting 39, Session 71 (2014-12-18)	2014-12-18	Lower house	Meeting of the 28th Tweede Kamer	Session 71	Meeting 39	Sitting 2014-12-18	-	Reference	English	Regular	notMP	notMinister	D66	Democraten 66	Opposition	Centre	AlexanderPechtold	Pechtold, Alexander	M	1965	
ParlaMint-NL-en_2014-12-18-tweedekamer-71	ParlaMint-NL_2014-12-18-tweedekamer-71.u147	Report of the meeting of the Dutch Lower House, Meeting 39, Session 71 (2014-12-18)	2014-12-18	Lower house	Meeting of the 28th Tweede Kamer	Session 71	Meeting 39	Sitting 2014-12-18	-	Reference	English	Regular	notMP	notMinister	SP	Socialistische Partij	Opposition	Left	EmileRoemer	Roemer, Emile	M	1962	
ParlaMint-NL-en_2014-12-18-tweedekamer-71	ParlaMint-NL_2014-12-18-tweedekamer-71.u148	Report of the meeting of the Dutch Lower House, Meeting 39, Session 71 (2014-12-18)	2014-12-18	Lower house	Meeting of the 28th Tweede Kamer	Session 71	Meeting 39	Sitting 2014-12-18	-	Reference	English	Regular	notMP	notMinister	D66	Democraten 66	Opposition	Centre	AlexanderPechtold	Pechtold, Alexander	M	1965	
ParlaMint-NL-en_2014-12-18-tweedekamer-71	ParlaMint-NL_2014-12-18-tweedekamer-71.u149	Report of the meeting of the Dutch Lower House, Meeting 39, Session 71 (2014-12-18)	2014-12-18	Lower house	Meeting of the 28th Tweede Kamer	Session 71	Meeting 39	Sitting 2014-12-18	-	Reference	English	Regular	notMP	notMinister	SP	Socialistische Partij	Opposition	Left	EmileRoemer	Roemer, Emile	M	1962	
ParlaMint-NL-en_2014-12-18-tweedekamer-71	ParlaMint-NL_2014-12-18-tweedekamer-71.u150	Report of the meeting of the Dutch Lower House, Meeting 39, Session 71 (2014-12-18)	2014-12-18	Lower house	Meeting of the 28th Tweede Kamer	Session 71	Meeting 39	Sitting 2014-12-18	-	Reference	English	Regular	notMP	notMinister	D66	Democraten 66	Opposition	Centre	AlexanderPechtold	Pechtold, Alexander	M	1965	
ParlaMint-NL-en_2014-12-18-tweedekamer-71	ParlaMint-NL_2014-12-18-tweedekamer-71.u151	Report of the meeting of the Dutch Lower House, Meeting 39, Session 71 (2014-12-18)	2014-12-18	Lower house	Meeting of the 28th Tweede Kamer	Session 71	Meeting 39	Sitting 2014-12-18	-	Reference	English	Regular	notMP	notMinister	SP	Socialistische Partij	Opposition	Left	EmileRoemer	Roemer, Emile	M	1962	
ParlaMint-NL-en_2014-12-18-tweedekamer-71	ParlaMint-NL_2014-12-18-tweedekamer-71.u152	Report of the meeting of the Dutch Lower House, Meeting 39, Session 71 (2014-12-18)	2014-12-18	Lower house	Meeting of the 28th Tweede Kamer	Session 71	Meeting 39	Sitting 2014-12-18	-	Reference	English	Regular	notMP	notMinister	D66	Democraten 66	Opposition	Centre	AlexanderPechtold	Pechtold, Alexander	M	1965	
ParlaMint-NL-en_2014-12-18-tweedekamer-71	ParlaMint-NL_2014-12-18-tweedekamer-71.u153	Report of the meeting of the Dutch Lower House, Meeting 39, Session 71 (2014-12-18)	2014-12-18	Lower house	Meeting of the 28th Tweede Kamer	Session 71	Meeting 39	Sitting 2014-12-18	-	Reference	English	Regular	MP	notMinister	GL	GroenLinks	Opposition	Centre-left to left	LiesbethvanTongeren	van Tongeren, Liesbeth	F	1958	
ParlaMint-NL-en_2014-12-18-tweedekamer-71	ParlaMint-NL_2014-12-18-tweedekamer-71.u154	Report of the meeting of the Dutch Lower House, Meeting 39, Session 71 (2014-12-18)	2014-12-18	Lower house	Meeting of the 28th Tweede Kamer	Session 71	Meeting 39	Sitting 2014-12-18	-	Reference	English	Regular	MP	notMinister	VVD	Volkspartij voor Vrijheid en Democratie	Coalition	Centre-right	HalbeZijlstra	Zijlstra, Halbe	M	1969	
ParlaMint-NL-en_2014-12-18-tweedekamer-71	ParlaMint-NL_2014-12-18-tweedekamer-71.u155	Report of the meeting of the Dutch Lower House, Meeting 39, Session 71 (2014-12-18)	2014-12-18	Lower house	Meeting of the 28th Tweede Kamer	Session 71	Meeting 39	Sitting 2014-12-18	-	Reference	English	Regular	MP	notMinister	GL	GroenLinks	Opposition	Centre-left to left	LiesbethvanTongeren	van Tongeren, Liesbeth	F	1958	
ParlaMint-NL-en_2014-12-18-tweedekamer-71	ParlaMint-NL_2014-12-18-tweedekamer-71.u156	Report of the meeting of the Dutch Lower House, Meeting 39, Session 71 (2014-12-18)	2014-12-18	Lower house	Meeting of the 28th Tweede Kamer	Session 71	Meeting 39	Sitting 2014-12-18	-	Reference	English	Regular	MP	notMinister	VVD	Volkspartij voor Vrijheid en Democratie	Coalition	Centre-right	HalbeZijlstra	Zijlstra, Halbe	M	1969	
ParlaMint-NL-en_2014-12-18-tweedekamer-71	ParlaMint-NL_2014-12-18-tweedekamer-71.u157	Report of the meeting of the Dutch Lower House, Meeting 39, Session 71 (2014-12-18)	2014-12-18	Lower house	Meeting of the 28th Tweede Kamer	Session 71	Meeting 39	Sitting 2014-12-18	-	Reference	English	Regular	MP	notMinister	GL	GroenLinks	Opposition	Centre-left to left	LiesbethvanTongeren	van Tongeren, Liesbeth	F	1958	
ParlaMint-NL-en_2014-12-18-tweedekamer-71	ParlaMint-NL_2014-12-18-tweedekamer-71.u158	Report of the meeting of the Dutch Lower House, Meeting 39, Session 71 (2014-12-18)	2014-12-18	Lower house	Meeting of the 28th Tweede Kamer	Session 71	Meeting 39	Sitting 2014-12-18	-	Reference	English	Regular	notMP	notMinister	SGP	Staatkundig Gereformeerde Partij	Opposition	Right	KeesvanderStaaij	van der Staaij, Kees	M	1968	
ParlaMint-NL-en_2014-12-18-tweedekamer-71	ParlaMint-NL_2014-12-18-tweedekamer-71.u159	Report of the meeting of the Dutch Lower House, Meeting 39, Session 71 (2014-12-18)	2014-12-18	Lower house	Meeting of the 28th Tweede Kamer	Session 71	Meeting 39	Sitting 2014-12-18	-	Reference	English	Chairperson	MP	notMinister	VVD	Volkspartij voor Vrijheid en Democratie	Coalition	Centre-right	AnouchkavanMiltenburg	van Miltenburg, Anouchka	F	1967	
ParlaMint-NL-en_2014-12-18-tweedekamer-71	ParlaMint-NL_2014-12-18-tweedekamer-71.u160	Report of the meeting of the Dutch Lower House, Meeting 39, Session 71 (2014-12-18)	2014-12-18	Lower house	Meeting of the 28th Tweede Kamer	Session 71	Meeting 39	Sitting 2014-12-18	-	Reference	English	Regular	notMP	notMinister	SGP	Staatkundig Gereformeerde Partij	Opposition	Right	KeesvanderStaaij	van der Staaij, Kees	M	1968	
ParlaMint-NL-en_2014-12-18-tweedekamer-71	ParlaMint-NL_2014-12-18-tweedekamer-71.u161	Report of the meeting of the Dutch Lower House, Meeting 39, Session 71 (2014-12-18)	2014-12-18	Lower house	Meeting of the 28th Tweede Kamer	Session 71	Meeting 39	Sitting 2014-12-18	-	Reference	English	Regular	notMP	notMinister	SP	Socialistische Partij	Opposition	Left	EmileRoemer	Roemer, Emile	M	1962	
ParlaMint-NL-en_2014-12-18-tweedekamer-71	ParlaMint-NL_2014-12-18-tweedekamer-71.u162	Report of the meeting of the Dutch Lower House, Meeting 39, Session 71 (2014-12-18)	2014-12-18	Lower house	Meeting of the 28th Tweede Kamer	Session 71	Meeting 39	Sitting 2014-12-18	-	Reference	English	Regular	notMP	notMinister	SGP	Staatkundig Gereformeerde Partij	Opposition	Right	KeesvanderStaaij	van der Staaij, Kees	M	1968	
ParlaMint-NL-en_2014-12-18-tweedekamer-71	ParlaMint-NL_2014-12-18-tweedekamer-71.u163	Report of the meeting of the Dutch Lower House, Meeting 39, Session 71 (2014-12-18)	2014-12-18	Lower house	Meeting of the 28th Tweede Kamer	Session 71	Meeting 39	Sitting 2014-12-18	-	Reference	English	Regular	notMP	notMinister	SP	Socialistische Partij	Opposition	Left	EmileRoemer	Roemer, Emile	M	1962	
ParlaMint-NL-en_2014-12-18-tweedekamer-71	ParlaMint-NL_2014-12-18-tweedekamer-71.u164	Report of the meeting of the Dutch Lower House, Meeting 39, Session 71 (2014-12-18)	2014-12-18	Lower house	Meeting of the 28th Tweede Kamer	Session 71	Meeting 39	Sitting 2014-12-18	-	Reference	English	Regular	notMP	notMinister	SGP	Staatkundig Gereformeerde Partij	Opposition	Right	KeesvanderStaaij	van der Staaij, Kees	M	1968	
ParlaMint-NL-en_2014-12-18-tweedekamer-71	ParlaMint-NL_2014-12-18-tweedekamer-71.u165	Report of the meeting of the Dutch Lower House, Meeting 39, Session 71 (2014-12-18)	2014-12-18	Lower house	Meeting of the 28th Tweede Kamer	Session 71	Meeting 39	Sitting 2014-12-18	-	Reference	English	Regular	MP	notMinister	PvdD	Partij voor de Dieren	Opposition	Left	MarianneThieme	Thieme, Marianne	F	1972	
ParlaMint-NL-en_2014-12-18-tweedekamer-71	ParlaMint-NL_2014-12-18-tweedekamer-71.u166	Report of the meeting of the Dutch Lower House, Meeting 39, Session 71 (2014-12-18)	2014-12-18	Lower house	Meeting of the 28th Tweede Kamer	Session 71	Meeting 39	Sitting 2014-12-18	-	Reference	English	Regular	notMP	notMinister	CDA	Christen-Democratisch Appèl	-	Centre to centre-right	SybrandVanHaersmaBuma	Van Haersma Buma, Sybrand	M	1965	
ParlaMint-NL-en_2014-12-18-tweedekamer-71	ParlaMint-NL_2014-12-18-tweedekamer-71.u167	Report of the meeting of the Dutch Lower House, Meeting 39, Session 71 (2014-12-18)	2014-12-18	Lower house	Meeting of the 28th Tweede Kamer	Session 71	Meeting 39	Sitting 2014-12-18	-	Reference	English	Regular	MP	notMinister	VVD	Volkspartij voor Vrijheid en Democratie	Coalition	Centre-right	HalbeZijlstra	Zijlstra, Halbe	M	1969	
ParlaMint-NL-en_2014-12-18-tweedekamer-71	ParlaMint-NL_2014-12-18-tweedekamer-71.u168	Report of the meeting of the Dutch Lower House, Meeting 39, Session 71 (2014-12-18)	2014-12-18	Lower house	Meeting of the 28th Tweede Kamer	Session 71	Meeting 39	Sitting 2014-12-18	-	Reference	English	Regular	notMP	notMinister	CDA	Christen-Democratisch Appèl	-	Centre to centre-right	SybrandVanHaersmaBuma	Van Haersma Buma, Sybrand	M	1965	
ParlaMint-NL-en_2014-12-18-tweedekamer-71	ParlaMint-NL_2014-12-18-tweedekamer-71.u169	Report of the meeting of the Dutch Lower House, Meeting 39, Session 71 (2014-12-18)	2014-12-18	Lower house	Meeting of the 28th Tweede Kamer	Session 71	Meeting 39	Sitting 2014-12-18	-	Reference	English	Regular	MP	notMinister	VVD	Volkspartij voor Vrijheid en Democratie	Coalition	Centre-right	HalbeZijlstra	Zijlstra, Halbe	M	1969	
ParlaMint-NL-en_2014-12-18-tweedekamer-71	ParlaMint-NL_2014-12-18-tweedekamer-71.u170	Report of the meeting of the Dutch Lower House, Meeting 39, Session 71 (2014-12-18)	2014-12-18	Lower house	Meeting of the 28th Tweede Kamer	Session 71	Meeting 39	Sitting 2014-12-18	-	Reference	English	Regular	notMP	notMinister	CDA	Christen-Democratisch Appèl	-	Centre to centre-right	SybrandVanHaersmaBuma	Van Haersma Buma, Sybrand	M	1965	
ParlaMint-NL-en_2014-12-18-tweedekamer-71	ParlaMint-NL_2014-12-18-tweedekamer-71.u171	Report of the meeting of the Dutch Lower House, Meeting 39, Session 71 (2014-12-18)	2014-12-18	Lower house	Meeting of the 28th Tweede Kamer	Session 71	Meeting 39	Sitting 2014-12-18	-	Reference	English	Regular	MP	notMinister	VVD	Volkspartij voor Vrijheid en Democratie	Coalition	Centre-right	HalbeZijlstra	Zijlstra, Halbe	M	1969	
ParlaMint-NL-en_2014-12-18-tweedekamer-71	ParlaMint-NL_2014-12-18-tweedekamer-71.u172	Report of the meeting of the Dutch Lower House, Meeting 39, Session 71 (2014-12-18)	2014-12-18	Lower house	Meeting of the 28th Tweede Kamer	Session 71	Meeting 39	Sitting 2014-12-18	-	Reference	English	Regular	notMP	notMinister	CDA	Christen-Democratisch Appèl	-	Centre to centre-right	SybrandVanHaersmaBuma	Van Haersma Buma, Sybrand	M	1965	
ParlaMint-NL-en_2014-12-18-tweedekamer-71	ParlaMint-NL_2014-12-18-tweedekamer-71.u173	Report of the meeting of the Dutch Lower House, Meeting 39, Session 71 (2014-12-18)	2014-12-18	Lower house	Meeting of the 28th Tweede Kamer	Session 71	Meeting 39	Sitting 2014-12-18	-	Reference	English	Regular	notMP	notMinister	CU	ChristenUnie	Opposition	Centre-right	ArieSlob	Slob, Arie	M	1961	
ParlaMint-NL-en_2014-12-18-tweedekamer-71	ParlaMint-NL_2014-12-18-tweedekamer-71.u174	Report of the meeting of the Dutch Lower House, Meeting 39, Session 71 (2014-12-18)	2014-12-18	Lower house	Meeting of the 28th Tweede Kamer	Session 71	Meeting 39	Sitting 2014-12-18	-	Reference	English	Regular	notMP	notMinister	PVV	Partij voor de Vrijheid	Opposition	Right to far-right	GeertWilders	Wilders, Geert	M	1963	
ParlaMint-NL-en_2014-12-18-tweedekamer-71	ParlaMint-NL_2014-12-18-tweedekamer-71.u175	Report of the meeting of the Dutch Lower House, Meeting 39, Session 71 (2014-12-18)	2014-12-18	Lower house	Meeting of the 28th Tweede Kamer	Session 71	Meeting 39	Sitting 2014-12-18	-	Reference	English	Regular	notMP	notMinister	CU	ChristenUnie	Opposition	Centre-right	ArieSlob	Slob, Arie	M	1961	
ParlaMint-NL-en_2014-12-18-tweedekamer-71	ParlaMint-NL_2014-12-18-tweedekamer-71.u176	Report of the meeting of the Dutch Lower House, Meeting 39, Session 71 (2014-12-18)	2014-12-18	Lower house	Meeting of the 28th Tweede Kamer	Session 71	Meeting 39	Sitting 2014-12-18	-	Reference	English	Regular	notMP	notMinister	PVV	Partij voor de Vrijheid	Opposition	Right to far-right	GeertWilders	Wilders, Geert	M	1963	
ParlaMint-NL-en_2014-12-18-tweedekamer-71	ParlaMint-NL_2014-12-18-tweedekamer-71.u177	Report of the meeting of the Dutch Lower House, Meeting 39, Session 71 (2014-12-18)	2014-12-18	Lower house	Meeting of the 28th Tweede Kamer	Session 71	Meeting 39	Sitting 2014-12-18	-	Reference	English	Regular	notMP	notMinister	Klein	Fractie Klein	Opposition	-	GerKlein	Klein, Ger	M	-	
ParlaMint-NL-en_2014-12-18-tweedekamer-71	ParlaMint-NL_2014-12-18-tweedekamer-71.u178	Report of the meeting of the Dutch Lower House, Meeting 39, Session 71 (2014-12-18)	2014-12-18	Lower house	Meeting of the 28th Tweede Kamer	Session 71	Meeting 39	Sitting 2014-12-18	-	Reference	English	Regular	MP	notMinister	Bontes/Van Klaveren	Groep Bontes/Van Klaveren	Opposition	Right to far-right	LouisBontes	Bontes, Louis	M	1956	
ParlaMint-NL-en_2014-12-18-tweedekamer-71	ParlaMint-NL_2014-12-18-tweedekamer-71.u179	Report of the meeting of the Dutch Lower House, Meeting 39, Session 71 (2014-12-18)	2014-12-18	Lower house	Meeting of the 28th Tweede Kamer	Session 71	Meeting 39	Sitting 2014-12-18	-	Reference	English	Regular	MP	notMinister	GKÖ	Groep Kuzu/Öztürk	Opposition	-	TunahanKuzu	Kuzu, Tunahan	M	1981	
ParlaMint-NL-en_2014-12-18-tweedekamer-71	ParlaMint-NL_2014-12-18-tweedekamer-71.u180	Report of the meeting of the Dutch Lower House, Meeting 39, Session 71 (2014-12-18)	2014-12-18	Lower house	Meeting of the 28th Tweede Kamer	Session 71	Meeting 39	Sitting 2014-12-18	-	Reference	English	Regular	MP	notMinister	50PLUS	50PLUS	Opposition	Centre	HenkKrol	Krol, Henk	M	1950	
ParlaMint-NL-en_2014-12-18-tweedekamer-71	ParlaMint-NL_2014-12-18-tweedekamer-71.u181	Report of the meeting of the Dutch Lower House, Meeting 39, Session 71 (2014-12-18)	2014-12-18	Lower house	Meeting of the 28th Tweede Kamer	Session 71	Meeting 39	Sitting 2014-12-18	-	Reference	English	Chairperson	MP	notMinister	VVD	Volkspartij voor Vrijheid en Democratie	Coalition	Centre-right	AnouchkavanMiltenburg	van Miltenburg, Anouchka	F	1967	
ParlaMint-NL-en_2014-12-18-tweedekamer-71	ParlaMint-NL_2014-12-18-tweedekamer-71.u182	Report of the meeting of the Dutch Lower House, Meeting 39, Session 71 (2014-12-18)	2014-12-18	Lower house	Meeting of the 28th Tweede Kamer	Session 71	Meeting 39	Sitting 2014-12-18	-	Reference	English	Regular	notMP	Minister	VVD	Volkspartij voor Vrijheid en Democratie	Coalition	Centre-right	MarkRutte	Rutte, Mark	M	1967	
ParlaMint-NL-en_2014-12-18-tweedekamer-71	ParlaMint-NL_2014-12-18-tweedekamer-71.u183	Report of the meeting of the Dutch Lower House, Meeting 39, Session 71 (2014-12-18)	2014-12-18	Lower house	Meeting of the 28th Tweede Kamer	Session 71	Meeting 39	Sitting 2014-12-18	-	Reference	English	Regular	notMP	notMinister	SP	Socialistische Partij	Opposition	Left	EmileRoemer	Roemer, Emile	M	1962	
ParlaMint-NL-en_2014-12-18-tweedekamer-71	ParlaMint-NL_2014-12-18-tweedekamer-71.u184	Report of the meeting of the Dutch Lower House, Meeting 39, Session 71 (2014-12-18)	2014-12-18	Lower house	Meeting of the 28th Tweede Kamer	Session 71	Meeting 39	Sitting 2014-12-18	-	Reference	English	Regular	notMP	Minister	VVD	Volkspartij voor Vrijheid en Democratie	Coalition	Centre-right	MarkRutte	Rutte, Mark	M	1967	
ParlaMint-NL-en_2014-12-18-tweedekamer-71	ParlaMint-NL_2014-12-18-tweedekamer-71.u185	Report of the meeting of the Dutch Lower House, Meeting 39, Session 71 (2014-12-18)	2014-12-18	Lower house	Meeting of the 28th Tweede Kamer	Session 71	Meeting 39	Sitting 2014-12-18	-	Reference	English	Regular	notMP	notMinister	SP	Socialistische Partij	Opposition	Left	EmileRoemer	Roemer, Emile	M	1962	
ParlaMint-NL-en_2014-12-18-tweedekamer-71	ParlaMint-NL_2014-12-18-tweedekamer-71.u186	Report of the meeting of the Dutch Lower House, Meeting 39, Session 71 (2014-12-18)	2014-12-18	Lower house	Meeting of the 28th Tweede Kamer	Session 71	Meeting 39	Sitting 2014-12-18	-	Reference	English	Regular	notMP	Minister	VVD	Volkspartij voor Vrijheid en Democratie	Coalition	Centre-right	MarkRutte	Rutte, Mark	M	1967	
ParlaMint-NL-en_2014-12-18-tweedekamer-71	ParlaMint-NL_2014-12-18-tweedekamer-71.u187	Report of the meeting of the Dutch Lower House, Meeting 39, Session 71 (2014-12-18)	2014-12-18	Lower house	Meeting of the 28th Tweede Kamer	Session 71	Meeting 39	Sitting 2014-12-18	-	Reference	English	Regular	notMP	notMinister	SP	Socialistische Partij	Opposition	Left	EmileRoemer	Roemer, Emile	M	1962	
ParlaMint-NL-en_2014-12-18-tweedekamer-71	ParlaMint-NL_2014-12-18-tweedekamer-71.u188	Report of the meeting of the Dutch Lower House, Meeting 39, Session 71 (2014-12-18)	2014-12-18	Lower house	Meeting of the 28th Tweede Kamer	Session 71	Meeting 39	Sitting 2014-12-18	-	Reference	English	Regular	notMP	Minister	VVD	Volkspartij voor Vrijheid en Democratie	Coalition	Centre-right	MarkRutte	Rutte, Mark	M	1967	
ParlaMint-NL-en_2014-12-18-tweedekamer-71	ParlaMint-NL_2014-12-18-tweedekamer-71.u189	Report of the meeting of the Dutch Lower House, Meeting 39, Session 71 (2014-12-18)	2014-12-18	Lower house	Meeting of the 28th Tweede Kamer	Session 71	Meeting 39	Sitting 2014-12-18	-	Reference	English	Regular	notMP	notMinister	SP	Socialistische Partij	Opposition	Left	EmileRoemer	Roemer, Emile	M	1962	
ParlaMint-NL-en_2014-12-18-tweedekamer-71	ParlaMint-NL_2014-12-18-tweedekamer-71.u190	Report of the meeting of the Dutch Lower House, Meeting 39, Session 71 (2014-12-18)	2014-12-18	Lower house	Meeting of the 28th Tweede Kamer	Session 71	Meeting 39	Sitting 2014-12-18	-	Reference	English	Regular	notMP	Minister	VVD	Volkspartij voor Vrijheid en Democratie	Coalition	Centre-right	MarkRutte	Rutte, Mark	M	1967	
ParlaMint-NL-en_2014-12-18-tweedekamer-71	ParlaMint-NL_2014-12-18-tweedekamer-71.u191	Report of the meeting of the Dutch Lower House, Meeting 39, Session 71 (2014-12-18)	2014-12-18	Lower house	Meeting of the 28th Tweede Kamer	Session 71	Meeting 39	Sitting 2014-12-18	-	Reference	English	Regular	notMP	notMinister	SP	Socialistische Partij	Opposition	Left	EmileRoemer	Roemer, Emile	M	1962	
ParlaMint-NL-en_2014-12-18-tweedekamer-71	ParlaMint-NL_2014-12-18-tweedekamer-71.u192	Report of the meeting of the Dutch Lower House, Meeting 39, Session 71 (2014-12-18)	2014-12-18	Lower house	Meeting of the 28th Tweede Kamer	Session 71	Meeting 39	Sitting 2014-12-18	-	Reference	English	Chairperson	MP	notMinister	VVD	Volkspartij voor Vrijheid en Democratie	Coalition	Centre-right	AnouchkavanMiltenburg	van Miltenburg, Anouchka	F	1967	
ParlaMint-NL-en_2014-12-18-tweedekamer-71	ParlaMint-NL_2014-12-18-tweedekamer-71.u193	Report of the meeting of the Dutch Lower House, Meeting 39, Session 71 (2014-12-18)	2014-12-18	Lower house	Meeting of the 28th Tweede Kamer	Session 71	Meeting 39	Sitting 2014-12-18	-	Reference	English	Regular	notMP	notMinister	SP	Socialistische Partij	Opposition	Left	EmileRoemer	Roemer, Emile	M	1962	
ParlaMint-NL-en_2014-12-18-tweedekamer-71	ParlaMint-NL_2014-12-18-tweedekamer-71.u194	Report of the meeting of the Dutch Lower House, Meeting 39, Session 71 (2014-12-18)	2014-12-18	Lower house	Meeting of the 28th Tweede Kamer	Session 71	Meeting 39	Sitting 2014-12-18	-	Reference	English	Regular	notMP	Minister	VVD	Volkspartij voor Vrijheid en Democratie	Coalition	Centre-right	MarkRutte	Rutte, Mark	M	1967	
ParlaMint-NL-en_2014-12-18-tweedekamer-71	ParlaMint-NL_2014-12-18-tweedekamer-71.u195	Report of the meeting of the Dutch Lower House, Meeting 39, Session 71 (2014-12-18)	2014-12-18	Lower house	Meeting of the 28th Tweede Kamer	Session 71	Meeting 39	Sitting 2014-12-18	-	Reference	English	Chairperson	MP	notMinister	VVD	Volkspartij voor Vrijheid en Democratie	Coalition	Centre-right	AnouchkavanMiltenburg	van Miltenburg, Anouchka	F	1967	
ParlaMint-NL-en_2014-12-18-tweedekamer-71	ParlaMint-NL_2014-12-18-tweedekamer-71.u196	Report of the meeting of the Dutch Lower House, Meeting 39, Session 71 (2014-12-18)	2014-12-18	Lower house	Meeting of the 28th Tweede Kamer	Session 71	Meeting 39	Sitting 2014-12-18	-	Reference	English	Regular	notMP	notMinister	SP	Socialistische Partij	Opposition	Left	EmileRoemer	Roemer, Emile	M	1962	
ParlaMint-NL-en_2014-12-18-tweedekamer-71	ParlaMint-NL_2014-12-18-tweedekamer-71.u197	Report of the meeting of the Dutch Lower House, Meeting 39, Session 71 (2014-12-18)	2014-12-18	Lower house	Meeting of the 28th Tweede Kamer	Session 71	Meeting 39	Sitting 2014-12-18	-	Reference	English	Chairperson	MP	notMinister	VVD	Volkspartij voor Vrijheid en Democratie	Coalition	Centre-right	AnouchkavanMiltenburg	van Miltenburg, Anouchka	F	1967	
ParlaMint-NL-en_2014-12-18-tweedekamer-71	ParlaMint-NL_2014-12-18-tweedekamer-71.u198	Report of the meeting of the Dutch Lower House, Meeting 39, Session 71 (2014-12-18)	2014-12-18	Lower house	Meeting of the 28th Tweede Kamer	Session 71	Meeting 39	Sitting 2014-12-18	-	Reference	English	Regular	notMP	notMinister	SP	Socialistische Partij	Opposition	Left	EmileRoemer	Roemer, Emile	M	1962	
ParlaMint-NL-en_2014-12-18-tweedekamer-71	ParlaMint-NL_2014-12-18-tweedekamer-71.u199	Report of the meeting of the Dutch Lower House, Meeting 39, Session 71 (2014-12-18)	2014-12-18	Lower house	Meeting of the 28th Tweede Kamer	Session 71	Meeting 39	Sitting 2014-12-18	-	Reference	English	Regular	notMP	Minister	VVD	Volkspartij voor Vrijheid en Democratie	Coalition	Centre-right	MarkRutte	Rutte, Mark	M	1967	
ParlaMint-NL-en_2014-12-18-tweedekamer-71	ParlaMint-NL_2014-12-18-tweedekamer-71.u200	Report of the meeting of the Dutch Lower House, Meeting 39, Session 71 (2014-12-18)	2014-12-18	Lower house	Meeting of the 28th Tweede Kamer	Session 71	Meeting 39	Sitting 2014-12-18	-	Reference	English	Regular	notMP	notMinister	CDA	Christen-Democratisch Appèl	-	Centre to centre-right	SybrandVanHaersmaBuma	Van Haersma Buma, Sybrand	M	1965	
ParlaMint-NL-en_2014-12-18-tweedekamer-71	ParlaMint-NL_2014-12-18-tweedekamer-71.u201	Report of the meeting of the Dutch Lower House, Meeting 39, Session 71 (2014-12-18)	2014-12-18	Lower house	Meeting of the 28th Tweede Kamer	Session 71	Meeting 39	Sitting 2014-12-18	-	Reference	English	Regular	notMP	Minister	VVD	Volkspartij voor Vrijheid en Democratie	Coalition	Centre-right	MarkRutte	Rutte, Mark	M	1967	
ParlaMint-NL-en_2014-12-18-tweedekamer-71	ParlaMint-NL_2014-12-18-tweedekamer-71.u202	Report of the meeting of the Dutch Lower House, Meeting 39, Session 71 (2014-12-18)	2014-12-18	Lower house	Meeting of the 28th Tweede Kamer	Session 71	Meeting 39	Sitting 2014-12-18	-	Reference	English	Regular	notMP	notMinister	CDA	Christen-Democratisch Appèl	-	Centre to centre-right	SybrandVanHaersmaBuma	Van Haersma Buma, Sybrand	M	1965	
ParlaMint-NL-en_2014-12-18-tweedekamer-71	ParlaMint-NL_2014-12-18-tweedekamer-71.u203	Report of the meeting of the Dutch Lower House, Meeting 39, Session 71 (2014-12-18)	2014-12-18	Lower house	Meeting of the 28th Tweede Kamer	Session 71	Meeting 39	Sitting 2014-12-18	-	Reference	English	Regular	notMP	Minister	VVD	Volkspartij voor Vrijheid en Democratie	Coalition	Centre-right	MarkRutte	Rutte, Mark	M	1967	
ParlaMint-NL-en_2014-12-18-tweedekamer-71	ParlaMint-NL_2014-12-18-tweedekamer-71.u204	Report of the meeting of the Dutch Lower House, Meeting 39, Session 71 (2014-12-18)	2014-12-18	Lower house	Meeting of the 28th Tweede Kamer	Session 71	Meeting 39	Sitting 2014-12-18	-	Reference	English	Regular	notMP	notMinister	CDA	Christen-Democratisch Appèl	-	Centre to centre-right	SybrandVanHaersmaBuma	Van Haersma Buma, Sybrand	M	1965	
ParlaMint-NL-en_2014-12-18-tweedekamer-71	ParlaMint-NL_2014-12-18-tweedekamer-71.u205	Report of the meeting of the Dutch Lower House, Meeting 39, Session 71 (2014-12-18)	2014-12-18	Lower house	Meeting of the 28th Tweede Kamer	Session 71	Meeting 39	Sitting 2014-12-18	-	Reference	English	Regular	notMP	Minister	VVD	Volkspartij voor Vrijheid en Democratie	Coalition	Centre-right	MarkRutte	Rutte, Mark	M	1967	
ParlaMint-NL-en_2014-12-18-tweedekamer-71	ParlaMint-NL_2014-12-18-tweedekamer-71.u206	Report of the meeting of the Dutch Lower House, Meeting 39, Session 71 (2014-12-18)	2014-12-18	Lower house	Meeting of the 28th Tweede Kamer	Session 71	Meeting 39	Sitting 2014-12-18	-	Reference	English	Regular	notMP	notMinister	CDA	Christen-Democratisch Appèl	-	Centre to centre-right	SybrandVanHaersmaBuma	Van Haersma Buma, Sybrand	M	1965	
ParlaMint-NL-en_2014-12-18-tweedekamer-71	ParlaMint-NL_2014-12-18-tweedekamer-71.u207	Report of the meeting of the Dutch Lower House, Meeting 39, Session 71 (2014-12-18)	2014-12-18	Lower house	Meeting of the 28th Tweede Kamer	Session 71	Meeting 39	Sitting 2014-12-18	-	Reference	English	Regular	notMP	Minister	VVD	Volkspartij voor Vrijheid en Democratie	Coalition	Centre-right	MarkRutte	Rutte, Mark	M	1967	
ParlaMint-NL-en_2014-12-18-tweedekamer-71	ParlaMint-NL_2014-12-18-tweedekamer-71.u208	Report of the meeting of the Dutch Lower House, Meeting 39, Session 71 (2014-12-18)	2014-12-18	Lower house	Meeting of the 28th Tweede Kamer	Session 71	Meeting 39	Sitting 2014-12-18	-	Reference	English	Regular	MP	notMinister	GL	GroenLinks	Opposition	Centre-left to left	LiesbethvanTongeren	van Tongeren, Liesbeth	F	1958	
ParlaMint-NL-en_2014-12-18-tweedekamer-71	ParlaMint-NL_2014-12-18-tweedekamer-71.u209	Report of the meeting of the Dutch Lower House, Meeting 39, Session 71 (2014-12-18)	2014-12-18	Lower house	Meeting of the 28th Tweede Kamer	Session 71	Meeting 39	Sitting 2014-12-18	-	Reference	English	Regular	notMP	Minister	VVD	Volkspartij voor Vrijheid en Democratie	Coalition	Centre-right	MarkRutte	Rutte, Mark	M	1967	
ParlaMint-NL-en_2014-12-18-tweedekamer-71	ParlaMint-NL_2014-12-18-tweedekamer-71.u210	Report of the meeting of the Dutch Lower House, Meeting 39, Session 71 (2014-12-18)	2014-12-18	Lower house	Meeting of the 28th Tweede Kamer	Session 71	Meeting 39	Sitting 2014-12-18	-	Reference	English	Regular	MP	notMinister	GL	GroenLinks	Opposition	Centre-left to left	LiesbethvanTongeren	van Tongeren, Liesbeth	F	1958	
ParlaMint-NL-en_2014-12-18-tweedekamer-71	ParlaMint-NL_2014-12-18-tweedekamer-71.u211	Report of the meeting of the Dutch Lower House, Meeting 39, Session 71 (2014-12-18)	2014-12-18	Lower house	Meeting of the 28th Tweede Kamer	Session 71	Meeting 39	Sitting 2014-12-18	-	Reference	English	Regular	notMP	Minister	VVD	Volkspartij voor Vrijheid en Democratie	Coalition	Centre-right	MarkRutte	Rutte, Mark	M	1967	
ParlaMint-NL-en_2014-12-18-tweedekamer-71	ParlaMint-NL_2014-12-18-tweedekamer-71.u212	Report of the meeting of the Dutch Lower House, Meeting 39, Session 71 (2014-12-18)	2014-12-18	Lower house	Meeting of the 28th Tweede Kamer	Session 71	Meeting 39	Sitting 2014-12-18	-	Reference	English	Regular	MP	notMinister	GL	GroenLinks	Opposition	Centre-left to left	LiesbethvanTongeren	van Tongeren, Liesbeth	F	1958	
ParlaMint-NL-en_2014-12-18-tweedekamer-71	ParlaMint-NL_2014-12-18-tweedekamer-71.u213	Report of the meeting of the Dutch Lower House, Meeting 39, Session 71 (2014-12-18)	2014-12-18	Lower house	Meeting of the 28th Tweede Kamer	Session 71	Meeting 39	Sitting 2014-12-18	-	Reference	English	Regular	notMP	Minister	VVD	Volkspartij voor Vrijheid en Democratie	Coalition	Centre-right	MarkRutte	Rutte, Mark	M	1967	
ParlaMint-NL-en_2014-12-18-tweedekamer-71	ParlaMint-NL_2014-12-18-tweedekamer-71.u214	Report of the meeting of the Dutch Lower House, Meeting 39, Session 71 (2014-12-18)	2014-12-18	Lower house	Meeting of the 28th Tweede Kamer	Session 71	Meeting 39	Sitting 2014-12-18	-	Reference	English	Regular	MP	notMinister	GL	GroenLinks	Opposition	Centre-left to left	LiesbethvanTongeren	van Tongeren, Liesbeth	F	1958	
ParlaMint-NL-en_2014-12-18-tweedekamer-71	ParlaMint-NL_2014-12-18-tweedekamer-71.u215	Report of the meeting of the Dutch Lower House, Meeting 39, Session 71 (2014-12-18)	2014-12-18	Lower house	Meeting of the 28th Tweede Kamer	Session 71	Meeting 39	Sitting 2014-12-18	-	Reference	English	Regular	notMP	Minister	VVD	Volkspartij voor Vrijheid en Democratie	Coalition	Centre-right	MarkRutte	Rutte, Mark	M	1967	
ParlaMint-NL-en_2014-12-18-tweedekamer-71	ParlaMint-NL_2014-12-18-tweedekamer-71.u216	Report of the meeting of the Dutch Lower House, Meeting 39, Session 71 (2014-12-18)	2014-12-18	Lower house	Meeting of the 28th Tweede Kamer	Session 71	Meeting 39	Sitting 2014-12-18	-	Reference	English	Regular	notMP	notMinister	D66	Democraten 66	Opposition	Centre	AlexanderPechtold	Pechtold, Alexander	M	1965	
ParlaMint-NL-en_2014-12-18-tweedekamer-71	ParlaMint-NL_2014-12-18-tweedekamer-71.u217	Report of the meeting of the Dutch Lower House, Meeting 39, Session 71 (2014-12-18)	2014-12-18	Lower house	Meeting of the 28th Tweede Kamer	Session 71	Meeting 39	Sitting 2014-12-18	-	Reference	English	Regular	notMP	Minister	VVD	Volkspartij voor Vrijheid en Democratie	Coalition	Centre-right	MarkRutte	Rutte, Mark	M	1967	
ParlaMint-NL-en_2014-12-18-tweedekamer-71	ParlaMint-NL_2014-12-18-tweedekamer-71.u218	Report of the meeting of the Dutch Lower House, Meeting 39, Session 71 (2014-12-18)	2014-12-18	Lower house	Meeting of the 28th Tweede Kamer	Session 71	Meeting 39	Sitting 2014-12-18	-	Reference	English	Regular	notMP	notMinister	D66	Democraten 66	Opposition	Centre	AlexanderPechtold	Pechtold, Alexander	M	1965	
ParlaMint-NL-en_2014-12-18-tweedekamer-71	ParlaMint-NL_2014-12-18-tweedekamer-71.u219	Report of the meeting of the Dutch Lower House, Meeting 39, Session 71 (2014-12-18)	2014-12-18	Lower house	Meeting of the 28th Tweede Kamer	Session 71	Meeting 39	Sitting 2014-12-18	-	Reference	English	Regular	notMP	Minister	VVD	Volkspartij voor Vrijheid en Democratie	Coalition	Centre-right	MarkRutte	Rutte, Mark	M	1967	
ParlaMint-NL-en_2014-12-18-tweedekamer-71	ParlaMint-NL_2014-12-18-tweedekamer-71.u220	Report of the meeting of the Dutch Lower House, Meeting 39, Session 71 (2014-12-18)	2014-12-18	Lower house	Meeting of the 28th Tweede Kamer	Session 71	Meeting 39	Sitting 2014-12-18	-	Reference	English	Regular	notMP	notMinister	D66	Democraten 66	Opposition	Centre	AlexanderPechtold	Pechtold, Alexander	M	1965	
ParlaMint-NL-en_2014-12-18-tweedekamer-71	ParlaMint-NL_2014-12-18-tweedekamer-71.u221	Report of the meeting of the Dutch Lower House, Meeting 39, Session 71 (2014-12-18)	2014-12-18	Lower house	Meeting of the 28th Tweede Kamer	Session 71	Meeting 39	Sitting 2014-12-18	-	Reference	English	Regular	notMP	Minister	VVD	Volkspartij voor Vrijheid en Democratie	Coalition	Centre-right	MarkRutte	Rutte, Mark	M	1967	
ParlaMint-NL-en_2014-12-18-tweedekamer-71	ParlaMint-NL_2014-12-18-tweedekamer-71.u222	Report of the meeting of the Dutch Lower House, Meeting 39, Session 71 (2014-12-18)	2014-12-18	Lower house	Meeting of the 28th Tweede Kamer	Session 71	Meeting 39	Sitting 2014-12-18	-	Reference	English	Regular	notMP	notMinister	D66	Democraten 66	Opposition	Centre	AlexanderPechtold	Pechtold, Alexander	M	1965	
ParlaMint-NL-en_2014-12-18-tweedekamer-71	ParlaMint-NL_2014-12-18-tweedekamer-71.u223	Report of the meeting of the Dutch Lower House, Meeting 39, Session 71 (2014-12-18)	2014-12-18	Lower house	Meeting of the 28th Tweede Kamer	Session 71	Meeting 39	Sitting 2014-12-18	-	Reference	English	Regular	notMP	Minister	VVD	Volkspartij voor Vrijheid en Democratie	Coalition	Centre-right	MarkRutte	Rutte, Mark	M	1967	
ParlaMint-NL-en_2014-12-18-tweedekamer-71	ParlaMint-NL_2014-12-18-tweedekamer-71.u224	Report of the meeting of the Dutch Lower House, Meeting 39, Session 71 (2014-12-18)	2014-12-18	Lower house	Meeting of the 28th Tweede Kamer	Session 71	Meeting 39	Sitting 2014-12-18	-	Reference	English	Regular	notMP	notMinister	D66	Democraten 66	Opposition	Centre	AlexanderPechtold	Pechtold, Alexander	M	1965	
ParlaMint-NL-en_2014-12-18-tweedekamer-71	ParlaMint-NL_2014-12-18-tweedekamer-71.u225	Report of the meeting of the Dutch Lower House, Meeting 39, Session 71 (2014-12-18)	2014-12-18	Lower house	Meeting of the 28th Tweede Kamer	Session 71	Meeting 39	Sitting 2014-12-18	-	Reference	English	Regular	notMP	Minister	VVD	Volkspartij voor Vrijheid en Democratie	Coalition	Centre-right	MarkRutte	Rutte, Mark	M	1967	
ParlaMint-NL-en_2014-12-18-tweedekamer-71	ParlaMint-NL_2014-12-18-tweedekamer-71.u226	Report of the meeting of the Dutch Lower House, Meeting 39, Session 71 (2014-12-18)	2014-12-18	Lower house	Meeting of the 28th Tweede Kamer	Session 71	Meeting 39	Sitting 2014-12-18	-	Reference	English	Regular	notMP	notMinister	CU	ChristenUnie	Opposition	Centre-right	ArieSlob	Slob, Arie	M	1961	
ParlaMint-NL-en_2014-12-18-tweedekamer-71	ParlaMint-NL_2014-12-18-tweedekamer-71.u227	Report of the meeting of the Dutch Lower House, Meeting 39, Session 71 (2014-12-18)	2014-12-18	Lower house	Meeting of the 28th Tweede Kamer	Session 71	Meeting 39	Sitting 2014-12-18	-	Reference	English	Regular	notMP	Minister	VVD	Volkspartij voor Vrijheid en Democratie	Coalition	Centre-right	MarkRutte	Rutte, Mark	M	1967	
ParlaMint-NL-en_2014-12-18-tweedekamer-71	ParlaMint-NL_2014-12-18-tweedekamer-71.u228	Report of the meeting of the Dutch Lower House, Meeting 39, Session 71 (2014-12-18)	2014-12-18	Lower house	Meeting of the 28th Tweede Kamer	Session 71	Meeting 39	Sitting 2014-12-18	-	Reference	English	Regular	notMP	notMinister	CU	ChristenUnie	Opposition	Centre-right	ArieSlob	Slob, Arie	M	1961	
ParlaMint-NL-en_2014-12-18-tweedekamer-71	ParlaMint-NL_2014-12-18-tweedekamer-71.u229	Report of the meeting of the Dutch Lower House, Meeting 39, Session 71 (2014-12-18)	2014-12-18	Lower house	Meeting of the 28th Tweede Kamer	Session 71	Meeting 39	Sitting 2014-12-18	-	Reference	English	Regular	notMP	Minister	VVD	Volkspartij voor Vrijheid en Democratie	Coalition	Centre-right	MarkRutte	Rutte, Mark	M	1967	
ParlaMint-NL-en_2014-12-18-tweedekamer-71	ParlaMint-NL_2014-12-18-tweedekamer-71.u230	Report of the meeting of the Dutch Lower House, Meeting 39, Session 71 (2014-12-18)	2014-12-18	Lower house	Meeting of the 28th Tweede Kamer	Session 71	Meeting 39	Sitting 2014-12-18	-	Reference	English	Regular	notMP	notMinister	CU	ChristenUnie	Opposition	Centre-right	ArieSlob	Slob, Arie	M	1961	
ParlaMint-NL-en_2014-12-18-tweedekamer-71	ParlaMint-NL_2014-12-18-tweedekamer-71.u231	Report of the meeting of the Dutch Lower House, Meeting 39, Session 71 (2014-12-18)	2014-12-18	Lower house	Meeting of the 28th Tweede Kamer	Session 71	Meeting 39	Sitting 2014-12-18	-	Reference	English	Regular	notMP	Minister	VVD	Volkspartij voor Vrijheid en Democratie	Coalition	Centre-right	MarkRutte	Rutte, Mark	M	1967	
ParlaMint-NL-en_2014-12-18-tweedekamer-71	ParlaMint-NL_2014-12-18-tweedekamer-71.u232	Report of the meeting of the Dutch Lower House, Meeting 39, Session 71 (2014-12-18)	2014-12-18	Lower house	Meeting of the 28th Tweede Kamer	Session 71	Meeting 39	Sitting 2014-12-18	-	Reference	English	Regular	notMP	notMinister	CU	ChristenUnie	Opposition	Centre-right	ArieSlob	Slob, Arie	M	1961	
ParlaMint-NL-en_2014-12-18-tweedekamer-71	ParlaMint-NL_2014-12-18-tweedekamer-71.u233	Report of the meeting of the Dutch Lower House, Meeting 39, Session 71 (2014-12-18)	2014-12-18	Lower house	Meeting of the 28th Tweede Kamer	Session 71	Meeting 39	Sitting 2014-12-18	-	Reference	English	Regular	notMP	Minister	VVD	Volkspartij voor Vrijheid en Democratie	Coalition	Centre-right	MarkRutte	Rutte, Mark	M	1967	
ParlaMint-NL-en_2014-12-18-tweedekamer-71	ParlaMint-NL_2014-12-18-tweedekamer-71.u234	Report of the meeting of the Dutch Lower House, Meeting 39, Session 71 (2014-12-18)	2014-12-18	Lower house	Meeting of the 28th Tweede Kamer	Session 71	Meeting 39	Sitting 2014-12-18	-	Reference	English	Regular	notMP	notMinister	SP	Socialistische Partij	Opposition	Left	EmileRoemer	Roemer, Emile	M	1962	
ParlaMint-NL-en_2014-12-18-tweedekamer-71	ParlaMint-NL_2014-12-18-tweedekamer-71.u235	Report of the meeting of the Dutch Lower House, Meeting 39, Session 71 (2014-12-18)	2014-12-18	Lower house	Meeting of the 28th Tweede Kamer	Session 71	Meeting 39	Sitting 2014-12-18	-	Reference	English	Chairperson	MP	notMinister	VVD	Volkspartij voor Vrijheid en Democratie	Coalition	Centre-right	AnouchkavanMiltenburg	van Miltenburg, Anouchka	F	1967	
ParlaMint-NL-en_2014-12-18-tweedekamer-71	ParlaMint-NL_2014-12-18-tweedekamer-71.u236	Report of the meeting of the Dutch Lower House, Meeting 39, Session 71 (2014-12-18)	2014-12-18	Lower house	Meeting of the 28th Tweede Kamer	Session 71	Meeting 39	Sitting 2014-12-18	-	Reference	English	Regular	notMP	notMinister	SP	Socialistische Partij	Opposition	Left	EmileRoemer	Roemer, Emile	M	1962	
ParlaMint-NL-en_2014-12-18-tweedekamer-71	ParlaMint-NL_2014-12-18-tweedekamer-71.u237	Report of the meeting of the Dutch Lower House, Meeting 39, Session 71 (2014-12-18)	2014-12-18	Lower house	Meeting of the 28th Tweede Kamer	Session 71	Meeting 39	Sitting 2014-12-18	-	Reference	English	Chairperson	MP	notMinister	VVD	Volkspartij voor Vrijheid en Democratie	Coalition	Centre-right	AnouchkavanMiltenburg	van Miltenburg, Anouchka	F	1967	
ParlaMint-NL-en_2014-12-18-tweedekamer-71	ParlaMint-NL_2014-12-18-tweedekamer-71.u238	Report of the meeting of the Dutch Lower House, Meeting 39, Session 71 (2014-12-18)	2014-12-18	Lower house	Meeting of the 28th Tweede Kamer	Session 71	Meeting 39	Sitting 2014-12-18	-	Reference	English	Regular	notMP	notMinister	D66	Democraten 66	Opposition	Centre	AlexanderPechtold	Pechtold, Alexander	M	1965	
ParlaMint-NL-en_2014-12-18-tweedekamer-71	ParlaMint-NL_2014-12-18-tweedekamer-71.u239	Report of the meeting of the Dutch Lower House, Meeting 39, Session 71 (2014-12-18)	2014-12-18	Lower house	Meeting of the 28th Tweede Kamer	Session 71	Meeting 39	Sitting 2014-12-18	-	Reference	English	Chairperson	MP	notMinister	VVD	Volkspartij voor Vrijheid en Democratie	Coalition	Centre-right	AnouchkavanMiltenburg	van Miltenburg, Anouchka	F	1967	
ParlaMint-NL-en_2014-12-18-tweedekamer-71	ParlaMint-NL_2014-12-18-tweedekamer-71.u240	Report of the meeting of the Dutch Lower House, Meeting 39, Session 71 (2014-12-18)	2014-12-18	Lower house	Meeting of the 28th Tweede Kamer	Session 71	Meeting 39	Sitting 2014-12-18	-	Reference	English	Regular	notMP	notMinister	D66	Democraten 66	Opposition	Centre	AlexanderPechtold	Pechtold, Alexander	M	1965	
ParlaMint-NL-en_2014-12-18-tweedekamer-71	ParlaMint-NL_2014-12-18-tweedekamer-71.u241	Report of the meeting of the Dutch Lower House, Meeting 39, Session 71 (2014-12-18)	2014-12-18	Lower house	Meeting of the 28th Tweede Kamer	Session 71	Meeting 39	Sitting 2014-12-18	-	Reference	English	Regular	notMP	Minister	VVD	Volkspartij voor Vrijheid en Democratie	Coalition	Centre-right	MarkRutte	Rutte, Mark	M	1967	
ParlaMint-NL-en_2014-12-18-tweedekamer-71	ParlaMint-NL_2014-12-18-tweedekamer-71.u242	Report of the meeting of the Dutch Lower House, Meeting 39, Session 71 (2014-12-18)	2014-12-18	Lower house	Meeting of the 28th Tweede Kamer	Session 71	Meeting 39	Sitting 2014-12-18	-	Reference	English	Regular	notMP	notMinister	D66	Democraten 66	Opposition	Centre	AlexanderPechtold	Pechtold, Alexander	M	1965	
ParlaMint-NL-en_2014-12-18-tweedekamer-71	ParlaMint-NL_2014-12-18-tweedekamer-71.u243	Report of the meeting of the Dutch Lower House, Meeting 39, Session 71 (2014-12-18)	2014-12-18	Lower house	Meeting of the 28th Tweede Kamer	Session 71	Meeting 39	Sitting 2014-12-18	-	Reference	English	Regular	notMP	Minister	VVD	Volkspartij voor Vrijheid en Democratie	Coalition	Centre-right	MarkRutte	Rutte, Mark	M	1967	
ParlaMint-NL-en_2014-12-18-tweedekamer-71	ParlaMint-NL_2014-12-18-tweedekamer-71.u244	Report of the meeting of the Dutch Lower House, Meeting 39, Session 71 (2014-12-18)	2014-12-18	Lower house	Meeting of the 28th Tweede Kamer	Session 71	Meeting 39	Sitting 2014-12-18	-	Reference	English	Regular	notMP	notMinister	D66	Democraten 66	Opposition	Centre	AlexanderPechtold	Pechtold, Alexander	M	1965	
ParlaMint-NL-en_2014-12-18-tweedekamer-71	ParlaMint-NL_2014-12-18-tweedekamer-71.u245	Report of the meeting of the Dutch Lower House, Meeting 39, Session 71 (2014-12-18)	2014-12-18	Lower house	Meeting of the 28th Tweede Kamer	Session 71	Meeting 39	Sitting 2014-12-18	-	Reference	English	Regular	notMP	Minister	VVD	Volkspartij voor Vrijheid en Democratie	Coalition	Centre-right	MarkRutte	Rutte, Mark	M	1967	
ParlaMint-NL-en_2014-12-18-tweedekamer-71	ParlaMint-NL_2014-12-18-tweedekamer-71.u246	Report of the meeting of the Dutch Lower House, Meeting 39, Session 71 (2014-12-18)	2014-12-18	Lower house	Meeting of the 28th Tweede Kamer	Session 71	Meeting 39	Sitting 2014-12-18	-	Reference	English	Regular	notMP	notMinister	D66	Democraten 66	Opposition	Centre	AlexanderPechtold	Pechtold, Alexander	M	1965	
ParlaMint-NL-en_2014-12-18-tweedekamer-71	ParlaMint-NL_2014-12-18-tweedekamer-71.u247	Report of the meeting of the Dutch Lower House, Meeting 39, Session 71 (2014-12-18)	2014-12-18	Lower house	Meeting of the 28th Tweede Kamer	Session 71	Meeting 39	Sitting 2014-12-18	-	Reference	English	Regular	notMP	Minister	VVD	Volkspartij voor Vrijheid en Democratie	Coalition	Centre-right	MarkRutte	Rutte, Mark	M	1967	
ParlaMint-NL-en_2014-12-18-tweedekamer-71	ParlaMint-NL_2014-12-18-tweedekamer-71.u248	Report of the meeting of the Dutch Lower House, Meeting 39, Session 71 (2014-12-18)	2014-12-18	Lower house	Meeting of the 28th Tweede Kamer	Session 71	Meeting 39	Sitting 2014-12-18	-	Reference	English	Chairperson	MP	notMinister	VVD	Volkspartij voor Vrijheid en Democratie	Coalition	Centre-right	AnouchkavanMiltenburg	van Miltenburg, Anouchka	F	1967	
ParlaMint-NL-en_2014-12-18-tweedekamer-71	ParlaMint-NL_2014-12-18-tweedekamer-71.u249	Report of the meeting of the Dutch Lower House, Meeting 39, Session 71 (2014-12-18)	2014-12-18	Lower house	Meeting of the 28th Tweede Kamer	Session 71	Meeting 39	Sitting 2014-12-18	-	Reference	English	Regular	MP	notMinister	VVD	Volkspartij voor Vrijheid en Democratie	Coalition	Centre-right	HalbeZijlstra	Zijlstra, Halbe	M	1969	
ParlaMint-NL-en_2014-12-18-tweedekamer-71	ParlaMint-NL_2014-12-18-tweedekamer-71.u250	Report of the meeting of the Dutch Lower House, Meeting 39, Session 71 (2014-12-18)	2014-12-18	Lower house	Meeting of the 28th Tweede Kamer	Session 71	Meeting 39	Sitting 2014-12-18	-	Reference	English	Chairperson	MP	notMinister	VVD	Volkspartij voor Vrijheid en Democratie	Coalition	Centre-right	AnouchkavanMiltenburg	van Miltenburg, Anouchka	F	1967	
ParlaMint-NL-en_2014-12-18-tweedekamer-71	ParlaMint-NL_2014-12-18-tweedekamer-71.u251	Report of the meeting of the Dutch Lower House, Meeting 39, Session 71 (2014-12-18)	2014-12-18	Lower house	Meeting of the 28th Tweede Kamer	Session 71	Meeting 39	Sitting 2014-12-18	-	Reference	English	Regular	notMP	Minister	VVD	Volkspartij voor Vrijheid en Democratie	Coalition	Centre-right	MarkRutte	Rutte, Mark	M	1967	
ParlaMint-NL-en_2014-12-18-tweedekamer-71	ParlaMint-NL_2014-12-18-tweedekamer-71.u252	Report of the meeting of the Dutch Lower House, Meeting 39, Session 71 (2014-12-18)	2014-12-18	Lower house	Meeting of the 28th Tweede Kamer	Session 71	Meeting 39	Sitting 2014-12-18	-	Reference	English	Regular	notMP	notMinister	SP	Socialistische Partij	Opposition	Left	EmileRoemer	Roemer, Emile	M	1962	
ParlaMint-NL-en_2014-12-18-tweedekamer-71	ParlaMint-NL_2014-12-18-tweedekamer-71.u253	Report of the meeting of the Dutch Lower House, Meeting 39, Session 71 (2014-12-18)	2014-12-18	Lower house	Meeting of the 28th Tweede Kamer	Session 71	Meeting 39	Sitting 2014-12-18	-	Reference	English	Regular	notMP	Minister	VVD	Volkspartij voor Vrijheid en Democratie	Coalition	Centre-right	MarkRutte	Rutte, Mark	M	1967	
ParlaMint-NL-en_2014-12-18-tweedekamer-71	ParlaMint-NL_2014-12-18-tweedekamer-71.u254	Report of the meeting of the Dutch Lower House, Meeting 39, Session 71 (2014-12-18)	2014-12-18	Lower house	Meeting of the 28th Tweede Kamer	Session 71	Meeting 39	Sitting 2014-12-18	-	Reference	English	Regular	notMP	notMinister	SP	Socialistische Partij	Opposition	Left	EmileRoemer	Roemer, Emile	M	1962	
ParlaMint-NL-en_2014-12-18-tweedekamer-71	ParlaMint-NL_2014-12-18-tweedekamer-71.u255	Report of the meeting of the Dutch Lower House, Meeting 39, Session 71 (2014-12-18)	2014-12-18	Lower house	Meeting of the 28th Tweede Kamer	Session 71	Meeting 39	Sitting 2014-12-18	-	Reference	English	Regular	notMP	Minister	VVD	Volkspartij voor Vrijheid en Democratie	Coalition	Centre-right	MarkRutte	Rutte, Mark	M	1967	
ParlaMint-NL-en_2014-12-18-tweedekamer-71	ParlaMint-NL_2014-12-18-tweedekamer-71.u256	Report of the meeting of the Dutch Lower House, Meeting 39, Session 71 (2014-12-18)	2014-12-18	Lower house	Meeting of the 28th Tweede Kamer	Session 71	Meeting 39	Sitting 2014-12-18	-	Reference	English	Regular	notMP	notMinister	SP	Socialistische Partij	Opposition	Left	EmileRoemer	Roemer, Emile	M	1962	
ParlaMint-NL-en_2014-12-18-tweedekamer-71	ParlaMint-NL_2014-12-18-tweedekamer-71.u257	Report of the meeting of the Dutch Lower House, Meeting 39, Session 71 (2014-12-18)	2014-12-18	Lower house	Meeting of the 28th Tweede Kamer	Session 71	Meeting 39	Sitting 2014-12-18	-	Reference	English	Regular	notMP	Minister	VVD	Volkspartij voor Vrijheid en Democratie	Coalition	Centre-right	MarkRutte	Rutte, Mark	M	1967	
ParlaMint-NL-en_2014-12-18-tweedekamer-71	ParlaMint-NL_2014-12-18-tweedekamer-71.u258	Report of the meeting of the Dutch Lower House, Meeting 39, Session 71 (2014-12-18)	2014-12-18	Lower house	Meeting of the 28th Tweede Kamer	Session 71	Meeting 39	Sitting 2014-12-18	-	Reference	English	Regular	notMP	notMinister	SP	Socialistische Partij	Opposition	Left	EmileRoemer	Roemer, Emile	M	1962	
ParlaMint-NL-en_2014-12-18-tweedekamer-71	ParlaMint-NL_2014-12-18-tweedekamer-71.u259	Report of the meeting of the Dutch Lower House, Meeting 39, Session 71 (2014-12-18)	2014-12-18	Lower house	Meeting of the 28th Tweede Kamer	Session 71	Meeting 39	Sitting 2014-12-18	-	Reference	English	Regular	notMP	Minister	VVD	Volkspartij voor Vrijheid en Democratie	Coalition	Centre-right	MarkRutte	Rutte, Mark	M	1967	
ParlaMint-NL-en_2014-12-18-tweedekamer-71	ParlaMint-NL_2014-12-18-tweedekamer-71.u260	Report of the meeting of the Dutch Lower House, Meeting 39, Session 71 (2014-12-18)	2014-12-18	Lower house	Meeting of the 28th Tweede Kamer	Session 71	Meeting 39	Sitting 2014-12-18	-	Reference	English	Regular	MP	notMinister	GL	GroenLinks	Opposition	Centre-left to left	LiesbethvanTongeren	van Tongeren, Liesbeth	F	1958	
ParlaMint-NL-en_2014-12-18-tweedekamer-71	ParlaMint-NL_2014-12-18-tweedekamer-71.u261	Report of the meeting of the Dutch Lower House, Meeting 39, Session 71 (2014-12-18)	2014-12-18	Lower house	Meeting of the 28th Tweede Kamer	Session 71	Meeting 39	Sitting 2014-12-18	-	Reference	English	Regular	notMP	Minister	VVD	Volkspartij voor Vrijheid en Democratie	Coalition	Centre-right	MarkRutte	Rutte, Mark	M	1967	
ParlaMint-NL-en_2014-12-18-tweedekamer-71	ParlaMint-NL_2014-12-18-tweedekamer-71.u262	Report of the meeting of the Dutch Lower House, Meeting 39, Session 71 (2014-12-18)	2014-12-18	Lower house	Meeting of the 28th Tweede Kamer	Session 71	Meeting 39	Sitting 2014-12-18	-	Reference	English	Regular	MP	notMinister	GL	GroenLinks	Opposition	Centre-left to left	LiesbethvanTongeren	van Tongeren, Liesbeth	F	1958	
ParlaMint-NL-en_2014-12-18-tweedekamer-71	ParlaMint-NL_2014-12-18-tweedekamer-71.u263	Report of the meeting of the Dutch Lower House, Meeting 39, Session 71 (2014-12-18)	2014-12-18	Lower house	Meeting of the 28th Tweede Kamer	Session 71	Meeting 39	Sitting 2014-12-18	-	Reference	English	Regular	notMP	Minister	VVD	Volkspartij voor Vrijheid en Democratie	Coalition	Centre-right	MarkRutte	Rutte, Mark	M	1967	
ParlaMint-NL-en_2014-12-18-tweedekamer-71	ParlaMint-NL_2014-12-18-tweedekamer-71.u264	Report of the meeting of the Dutch Lower House, Meeting 39, Session 71 (2014-12-18)	2014-12-18	Lower house	Meeting of the 28th Tweede Kamer	Session 71	Meeting 39	Sitting 2014-12-18	-	Reference	English	Regular	MP	notMinister	GL	GroenLinks	Opposition	Centre-left to left	LiesbethvanTongeren	van Tongeren, Liesbeth	F	1958	
ParlaMint-NL-en_2014-12-18-tweedekamer-71	ParlaMint-NL_2014-12-18-tweedekamer-71.u265	Report of the meeting of the Dutch Lower House, Meeting 39, Session 71 (2014-12-18)	2014-12-18	Lower house	Meeting of the 28th Tweede Kamer	Session 71	Meeting 39	Sitting 2014-12-18	-	Reference	English	Regular	notMP	Minister	VVD	Volkspartij voor Vrijheid en Democratie	Coalition	Centre-right	MarkRutte	Rutte, Mark	M	1967	
ParlaMint-NL-en_2014-12-18-tweedekamer-71	ParlaMint-NL_2014-12-18-tweedekamer-71.u266	Report of the meeting of the Dutch Lower House, Meeting 39, Session 71 (2014-12-18)	2014-12-18	Lower house	Meeting of the 28th Tweede Kamer	Session 71	Meeting 39	Sitting 2014-12-18	-	Reference	English	Regular	notMP	notMinister	SGP	Staatkundig Gereformeerde Partij	Opposition	Right	KeesvanderStaaij	van der Staaij, Kees	M	1968	
ParlaMint-NL-en_2014-12-18-tweedekamer-71	ParlaMint-NL_2014-12-18-tweedekamer-71.u267	Report of the meeting of the Dutch Lower House, Meeting 39, Session 71 (2014-12-18)	2014-12-18	Lower house	Meeting of the 28th Tweede Kamer	Session 71	Meeting 39	Sitting 2014-12-18	-	Reference	English	Regular	notMP	Minister	VVD	Volkspartij voor Vrijheid en Democratie	Coalition	Centre-right	MarkRutte	Rutte, Mark	M	1967	
ParlaMint-NL-en_2014-12-18-tweedekamer-71	ParlaMint-NL_2014-12-18-tweedekamer-71.u268	Report of the meeting of the Dutch Lower House, Meeting 39, Session 71 (2014-12-18)	2014-12-18	Lower house	Meeting of the 28th Tweede Kamer	Session 71	Meeting 39	Sitting 2014-12-18	-	Reference	English	Regular	notMP	notMinister	SGP	Staatkundig Gereformeerde Partij	Opposition	Right	KeesvanderStaaij	van der Staaij, Kees	M	1968	
ParlaMint-NL-en_2014-12-18-tweedekamer-71	ParlaMint-NL_2014-12-18-tweedekamer-71.u269	Report of the meeting of the Dutch Lower House, Meeting 39, Session 71 (2014-12-18)	2014-12-18	Lower house	Meeting of the 28th Tweede Kamer	Session 71	Meeting 39	Sitting 2014-12-18	-	Reference	English	Regular	notMP	Minister	VVD	Volkspartij voor Vrijheid en Democratie	Coalition	Centre-right	MarkRutte	Rutte, Mark	M	1967	
ParlaMint-NL-en_2014-12-18-tweedekamer-71	ParlaMint-NL_2014-12-18-tweedekamer-71.u270	Report of the meeting of the Dutch Lower House, Meeting 39, Session 71 (2014-12-18)	2014-12-18	Lower house	Meeting of the 28th Tweede Kamer	Session 71	Meeting 39	Sitting 2014-12-18	-	Reference	English	Chairperson	MP	notMinister	VVD	Volkspartij voor Vrijheid en Democratie	Coalition	Centre-right	AnouchkavanMiltenburg	van Miltenburg, Anouchka	F	1967	
ParlaMint-NL-en_2014-12-18-tweedekamer-71	ParlaMint-NL_2014-12-18-tweedekamer-71.u271	Report of the meeting of the Dutch Lower House, Meeting 39, Session 71 (2014-12-18)	2014-12-18	Lower house	Meeting of the 28th Tweede Kamer	Session 71	Meeting 39	Sitting 2014-12-18	-	Reference	English	Regular	notMP	Minister	VVD	Volkspartij voor Vrijheid en Democratie	Coalition	Centre-right	MarkRutte	Rutte, Mark	M	1967	
ParlaMint-NL-en_2014-12-18-tweedekamer-71	ParlaMint-NL_2014-12-18-tweedekamer-71.u272	Report of the meeting of the Dutch Lower House, Meeting 39, Session 71 (2014-12-18)	2014-12-18	Lower house	Meeting of the 28th Tweede Kamer	Session 71	Meeting 39	Sitting 2014-12-18	-	Reference	English	Chairperson	MP	notMinister	VVD	Volkspartij voor Vrijheid en Democratie	Coalition	Centre-right	AnouchkavanMiltenburg	van Miltenburg, Anouchka	F	1967	
ParlaMint-NL-en_2014-12-18-tweedekamer-71	ParlaMint-NL_2014-12-18-tweedekamer-71.u273	Report of the meeting of the Dutch Lower House, Meeting 39, Session 71 (2014-12-18)	2014-12-18	Lower house	Meeting of the 28th Tweede Kamer	Session 71	Meeting 39	Sitting 2014-12-18	-	Reference	English	Regular	notMP	Minister	VVD	Volkspartij voor Vrijheid en Democratie	Coalition	Centre-right	EdithSchippers	Schippers, Edith	F	1964	
ParlaMint-NL-en_2014-12-18-tweedekamer-71	ParlaMint-NL_2014-12-18-tweedekamer-71.u274	Report of the meeting of the Dutch Lower House, Meeting 39, Session 71 (2014-12-18)	2014-12-18	Lower house	Meeting of the 28th Tweede Kamer	Session 71	Meeting 39	Sitting 2014-12-18	-	Reference	English	Regular	notMP	notMinister	SP	Socialistische Partij	Opposition	Left	EmileRoemer	Roemer, Emile	M	1962	
ParlaMint-NL-en_2014-12-18-tweedekamer-71	ParlaMint-NL_2014-12-18-tweedekamer-71.u275	Report of the meeting of the Dutch Lower House, Meeting 39, Session 71 (2014-12-18)	2014-12-18	Lower house	Meeting of the 28th Tweede Kamer	Session 71	Meeting 39	Sitting 2014-12-18	-	Reference	English	Regular	notMP	Minister	VVD	Volkspartij voor Vrijheid en Democratie	Coalition	Centre-right	EdithSchippers	Schippers, Edith	F	1964	
ParlaMint-NL-en_2014-12-18-tweedekamer-71	ParlaMint-NL_2014-12-18-tweedekamer-71.u276	Report of the meeting of the Dutch Lower House, Meeting 39, Session 71 (2014-12-18)	2014-12-18	Lower house	Meeting of the 28th Tweede Kamer	Session 71	Meeting 39	Sitting 2014-12-18	-	Reference	English	Regular	notMP	notMinister	SP	Socialistische Partij	Opposition	Left	EmileRoemer	Roemer, Emile	M	1962	
ParlaMint-NL-en_2014-12-18-tweedekamer-71	ParlaMint-NL_2014-12-18-tweedekamer-71.u277	Report of the meeting of the Dutch Lower House, Meeting 39, Session 71 (2014-12-18)	2014-12-18	Lower house	Meeting of the 28th Tweede Kamer	Session 71	Meeting 39	Sitting 2014-12-18	-	Reference	English	Regular	notMP	Minister	VVD	Volkspartij voor Vrijheid en Democratie	Coalition	Centre-right	EdithSchippers	Schippers, Edith	F	1964	
ParlaMint-NL-en_2014-12-18-tweedekamer-71	ParlaMint-NL_2014-12-18-tweedekamer-71.u278	Report of the meeting of the Dutch Lower House, Meeting 39, Session 71 (2014-12-18)	2014-12-18	Lower house	Meeting of the 28th Tweede Kamer	Session 71	Meeting 39	Sitting 2014-12-18	-	Reference	English	Regular	notMP	notMinister	SP	Socialistische Partij	Opposition	Left	EmileRoemer	Roemer, Emile	M	1962	
ParlaMint-NL-en_2014-12-18-tweedekamer-71	ParlaMint-NL_2014-12-18-tweedekamer-71.u279	Report of the meeting of the Dutch Lower House, Meeting 39, Session 71 (2014-12-18)	2014-12-18	Lower house	Meeting of the 28th Tweede Kamer	Session 71	Meeting 39	Sitting 2014-12-18	-	Reference	English	Regular	notMP	Minister	VVD	Volkspartij voor Vrijheid en Democratie	Coalition	Centre-right	EdithSchippers	Schippers, Edith	F	1964	
ParlaMint-NL-en_2014-12-18-tweedekamer-71	ParlaMint-NL_2014-12-18-tweedekamer-71.u280	Report of the meeting of the Dutch Lower House, Meeting 39, Session 71 (2014-12-18)	2014-12-18	Lower house	Meeting of the 28th Tweede Kamer	Session 71	Meeting 39	Sitting 2014-12-18	-	Reference	English	Chairperson	MP	notMinister	VVD	Volkspartij voor Vrijheid en Democratie	Coalition	Centre-right	AnouchkavanMiltenburg	van Miltenburg, Anouchka	F	1967	
ParlaMint-NL-en_2014-12-18-tweedekamer-71	ParlaMint-NL_2014-12-18-tweedekamer-71.u281	Report of the meeting of the Dutch Lower House, Meeting 39, Session 71 (2014-12-18)	2014-12-18	Lower house	Meeting of the 28th Tweede Kamer	Session 71	Meeting 39	Sitting 2014-12-18	-	Reference	English	Regular	notMP	notMinister	D66	Democraten 66	Opposition	Centre	AlexanderPechtold	Pechtold, Alexander	M	1965	
ParlaMint-NL-en_2014-12-18-tweedekamer-71	ParlaMint-NL_2014-12-18-tweedekamer-71.u282	Report of the meeting of the Dutch Lower House, Meeting 39, Session 71 (2014-12-18)	2014-12-18	Lower house	Meeting of the 28th Tweede Kamer	Session 71	Meeting 39	Sitting 2014-12-18	-	Reference	English	Regular	MP	notMinister	GL	GroenLinks	Opposition	Centre-left to left	LiesbethvanTongeren	van Tongeren, Liesbeth	F	1958	
ParlaMint-NL-en_2014-12-18-tweedekamer-71	ParlaMint-NL_2014-12-18-tweedekamer-71.u283	Report of the meeting of the Dutch Lower House, Meeting 39, Session 71 (2014-12-18)	2014-12-18	Lower house	Meeting of the 28th Tweede Kamer	Session 71	Meeting 39	Sitting 2014-12-18	-	Reference	English	Regular	notMP	notMinister	SGP	Staatkundig Gereformeerde Partij	Opposition	Right	KeesvanderStaaij	van der Staaij, Kees	M	1968	
ParlaMint-NL-en_2014-12-18-tweedekamer-71	ParlaMint-NL_2014-12-18-tweedekamer-71.u284	Report of the meeting of the Dutch Lower House, Meeting 39, Session 71 (2014-12-18)	2014-12-18	Lower house	Meeting of the 28th Tweede Kamer	Session 71	Meeting 39	Sitting 2014-12-18	-	Reference	English	Regular	notMP	notMinister	CDA	Christen-Democratisch Appèl	-	Centre to centre-right	SybrandVanHaersmaBuma	Van Haersma Buma, Sybrand	M	1965	
ParlaMint-NL-en_2014-12-18-tweedekamer-71	ParlaMint-NL_2014-12-18-tweedekamer-71.u285	Report of the meeting of the Dutch Lower House, Meeting 39, Session 71 (2014-12-18)	2014-12-18	Lower house	Meeting of the 28th Tweede Kamer	Session 71	Meeting 39	Sitting 2014-12-18	-	Reference	English	Regular	notMP	notMinister	CU	ChristenUnie	Opposition	Centre-right	ArieSlob	Slob, Arie	M	1961	
ParlaMint-NL-en_2014-12-18-tweedekamer-71	ParlaMint-NL_2014-12-18-tweedekamer-71.u286	Report of the meeting of the Dutch Lower House, Meeting 39, Session 71 (2014-12-18)	2014-12-18	Lower house	Meeting of the 28th Tweede Kamer	Session 71	Meeting 39	Sitting 2014-12-18	-	Reference	English	Chairperson	MP	notMinister	VVD	Volkspartij voor Vrijheid en Democratie	Coalition	Centre-right	AnouchkavanMiltenburg	van Miltenburg, Anouchka	F	1967	
ParlaMint-NL-en_2014-12-18-tweedekamer-71	ParlaMint-NL_2014-12-18-tweedekamer-71.u287	Report of the meeting of the Dutch Lower House, Meeting 39, Session 71 (2014-12-18)	2014-12-18	Lower house	Meeting of the 28th Tweede Kamer	Session 71	Meeting 39	Sitting 2014-12-18	-	Reference	English	Regular	notMP	Minister	VVD	Volkspartij voor Vrijheid en Democratie	Coalition	Centre-right	MarkRutte	Rutte, Mark	M	1967	
ParlaMint-NL-en_2014-12-18-tweedekamer-71	ParlaMint-NL_2014-12-18-tweedekamer-71.u288	Report of the meeting of the Dutch Lower House, Meeting 39, Session 71 (2014-12-18)	2014-12-18	Lower house	Meeting of the 28th Tweede Kamer	Session 71	Meeting 39	Sitting 2014-12-18	-	Reference	English	Regular	notMP	notMinister	SP	Socialistische Partij	Opposition	Left	EmileRoemer	Roemer, Emile	M	1962	
ParlaMint-NL-en_2014-12-18-tweedekamer-71	ParlaMint-NL_2014-12-18-tweedekamer-71.u289	Report of the meeting of the Dutch Lower House, Meeting 39, Session 71 (2014-12-18)	2014-12-18	Lower house	Meeting of the 28th Tweede Kamer	Session 71	Meeting 39	Sitting 2014-12-18	-	Reference	English	Regular	notMP	Minister	VVD	Volkspartij voor Vrijheid en Democratie	Coalition	Centre-right	MarkRutte	Rutte, Mark	M	1967	
ParlaMint-NL-en_2014-12-18-tweedekamer-71	ParlaMint-NL_2014-12-18-tweedekamer-71.u290	Report of the meeting of the Dutch Lower House, Meeting 39, Session 71 (2014-12-18)	2014-12-18	Lower house	Meeting of the 28th Tweede Kamer	Session 71	Meeting 39	Sitting 2014-12-18	-	Reference	English	Regular	notMP	notMinister	SP	Socialistische Partij	Opposition	Left	EmileRoemer	Roemer, Emile	M	1962	
ParlaMint-NL-en_2014-12-18-tweedekamer-71	ParlaMint-NL_2014-12-18-tweedekamer-71.u291	Report of the meeting of the Dutch Lower House, Meeting 39, Session 71 (2014-12-18)	2014-12-18	Lower house	Meeting of the 28th Tweede Kamer	Session 71	Meeting 39	Sitting 2014-12-18	-	Reference	English	Regular	notMP	Minister	VVD	Volkspartij voor Vrijheid en Democratie	Coalition	Centre-right	MarkRutte	Rutte, Mark	M	1967	
ParlaMint-NL-en_2014-12-18-tweedekamer-71	ParlaMint-NL_2014-12-18-tweedekamer-71.u292	Report of the meeting of the Dutch Lower House, Meeting 39, Session 71 (2014-12-18)	2014-12-18	Lower house	Meeting of the 28th Tweede Kamer	Session 71	Meeting 39	Sitting 2014-12-18	-	Reference	English	Chairperson	MP	notMinister	VVD	Volkspartij voor Vrijheid en Democratie	Coalition	Centre-right	AnouchkavanMiltenburg	van Miltenburg, Anouchka	F	1967	
