Text_ID	ID	Title	Date	Body	Term	Session	Meeting	Sitting	Agenda	Subcorpus	Lang	Speaker_role	Speaker_MP	Speaker_minister	Speaker_party	Speaker_party_name	Party_status	Party_orientation	Speaker_ID	Speaker_name	Speaker_gender	Speaker_birth
ParlaMint-TR-en_2019-11-26-tbmm-T27	tbmm-2019-11-26sit01spe0001par0001	The Turkish parliamentary corpus ParlaMint-TR-en, Term 27, Year 3, Session 22	2019-11-26	Unicameralism	27	3	22	-	-	Reference	English	Chairperson	MP	notMinister	AKP	Justice and Development Party	Coalition	Right	SüreyyaSadi.Bilgiç	Bilgiç, Süreyya Sadi	M	1961	
ParlaMint-TR-en_2019-11-26-tbmm-T27	tbmm-2019-11-26sit01spe0002par0011	The Turkish parliamentary corpus ParlaMint-TR-en, Term 27, Year 3, Session 22	2019-11-26	Unicameralism	27	3	22	-	-	Reference	English	Regular	MP	notMinister	AKP	Justice and Development Party	Coalition	Right	Semiha.Ekinci	Ekinci, Semiha	F	1972	
ParlaMint-TR-en_2019-11-26-tbmm-T27	tbmm-2019-11-26sit01spe0003par0023	The Turkish parliamentary corpus ParlaMint-TR-en, Term 27, Year 3, Session 22	2019-11-26	Unicameralism	27	3	22	-	-	Reference	English	Chairperson	MP	notMinister	AKP	Justice and Development Party	Coalition	Right	SüreyyaSadi.Bilgiç	Bilgiç, Süreyya Sadi	M	1961	
ParlaMint-TR-en_2019-11-26-tbmm-T27	tbmm-2019-11-26sit01spe0004par0027	The Turkish parliamentary corpus ParlaMint-TR-en, Term 27, Year 3, Session 22	2019-11-26	Unicameralism	27	3	22	-	-	Reference	English	Regular	MP	notMinister	CHP	Republican People's Party	Opposition	Centre-left	Lale.Karabıyık	Karabıyık, Lale	F	1965	
ParlaMint-TR-en_2019-11-26-tbmm-T27	tbmm-2019-11-26sit01spe0005par0034	The Turkish parliamentary corpus ParlaMint-TR-en, Term 27, Year 3, Session 22	2019-11-26	Unicameralism	27	3	22	-	-	Reference	English	Chairperson	MP	notMinister	AKP	Justice and Development Party	Coalition	Right	SüreyyaSadi.Bilgiç	Bilgiç, Süreyya Sadi	M	1961	
ParlaMint-TR-en_2019-11-26-tbmm-T27	tbmm-2019-11-26sit01spe0004par0035	The Turkish parliamentary corpus ParlaMint-TR-en, Term 27, Year 3, Session 22	2019-11-26	Unicameralism	27	3	22	-	-	Reference	English	Regular	MP	notMinister	CHP	Republican People's Party	Opposition	Centre-left	Lale.Karabıyık	Karabıyık, Lale	F	1965	
ParlaMint-TR-en_2019-11-26-tbmm-T27	tbmm-2019-11-26sit01spe0006par0040	The Turkish parliamentary corpus ParlaMint-TR-en, Term 27, Year 3, Session 22	2019-11-26	Unicameralism	27	3	22	-	-	Reference	English	Chairperson	MP	notMinister	AKP	Justice and Development Party	Coalition	Right	SüreyyaSadi.Bilgiç	Bilgiç, Süreyya Sadi	M	1961	
ParlaMint-TR-en_2019-11-26-tbmm-T27	tbmm-2019-11-26sit01spe0007par0044	The Turkish parliamentary corpus ParlaMint-TR-en, Term 27, Year 3, Session 22	2019-11-26	Unicameralism	27	3	22	-	-	Reference	English	Regular	MP	notMinister	HDP	Peoples' Democratic Party	Opposition	Centre-left to left	Tulay.Hatımoğulları	Hatımoğulları Oruç, Tulay	F	1977	
ParlaMint-TR-en_2019-11-26-tbmm-T27	tbmm-2019-11-26sit01spe0008par0053	The Turkish parliamentary corpus ParlaMint-TR-en, Term 27, Year 3, Session 22	2019-11-26	Unicameralism	27	3	22	-	-	Reference	English	Chairperson	MP	notMinister	AKP	Justice and Development Party	Coalition	Right	SüreyyaSadi.Bilgiç	Bilgiç, Süreyya Sadi	M	1961	
ParlaMint-TR-en_2019-11-26-tbmm-T27	tbmm-2019-11-26sit01spe0007par0054	The Turkish parliamentary corpus ParlaMint-TR-en, Term 27, Year 3, Session 22	2019-11-26	Unicameralism	27	3	22	-	-	Reference	English	Regular	MP	notMinister	HDP	Peoples' Democratic Party	Opposition	Centre-left to left	Tulay.Hatımoğulları	Hatımoğulları Oruç, Tulay	F	1977	
ParlaMint-TR-en_2019-11-26-tbmm-T27	tbmm-2019-11-26sit01spe0008par0057	The Turkish parliamentary corpus ParlaMint-TR-en, Term 27, Year 3, Session 22	2019-11-26	Unicameralism	27	3	22	-	-	Reference	English	Chairperson	MP	notMinister	AKP	Justice and Development Party	Coalition	Right	SüreyyaSadi.Bilgiç	Bilgiç, Süreyya Sadi	M	1961	
ParlaMint-TR-en_2019-11-26-tbmm-T27	tbmm-2019-11-26sit01spe0009par0061	The Turkish parliamentary corpus ParlaMint-TR-en, Term 27, Year 3, Session 22	2019-11-26	Unicameralism	27	3	22	-	-	Reference	English	Regular	MP	notMinister	CHP	Republican People's Party	Opposition	Centre-left	ÖmerFethi.Gürer	Gürer, Ömer Fethi	M	1957	
ParlaMint-TR-en_2019-11-26-tbmm-T27	tbmm-2019-11-26sit01spe0010par0065	The Turkish parliamentary corpus ParlaMint-TR-en, Term 27, Year 3, Session 22	2019-11-26	Unicameralism	27	3	22	-	-	Reference	English	Chairperson	MP	notMinister	AKP	Justice and Development Party	Coalition	Right	SüreyyaSadi.Bilgiç	Bilgiç, Süreyya Sadi	M	1961	
ParlaMint-TR-en_2019-11-26-tbmm-T27	tbmm-2019-11-26sit01spe0011par0067	The Turkish parliamentary corpus ParlaMint-TR-en, Term 27, Year 3, Session 22	2019-11-26	Unicameralism	27	3	22	-	-	Reference	English	Regular	MP	notMinister	CHP	Republican People's Party	Opposition	Centre-left	MehmetAli.Çelebi	Çelebi, Mehmet Ali	M	1984	
ParlaMint-TR-en_2019-11-26-tbmm-T27	tbmm-2019-11-26sit01spe0010par0069	The Turkish parliamentary corpus ParlaMint-TR-en, Term 27, Year 3, Session 22	2019-11-26	Unicameralism	27	3	22	-	-	Reference	English	Chairperson	MP	notMinister	AKP	Justice and Development Party	Coalition	Right	SüreyyaSadi.Bilgiç	Bilgiç, Süreyya Sadi	M	1961	
ParlaMint-TR-en_2019-11-26-tbmm-T27	tbmm-2019-11-26sit01spe0012par0071	The Turkish parliamentary corpus ParlaMint-TR-en, Term 27, Year 3, Session 22	2019-11-26	Unicameralism	27	3	22	-	-	Reference	English	Regular	MP	notMinister	AKP	Justice and Development Party	Coalition	Right	AliCumhur.Taşkın	Taşkın, Ali Cumhur	M	1967	
ParlaMint-TR-en_2019-11-26-tbmm-T27	tbmm-2019-11-26sit01spe0013par0075	The Turkish parliamentary corpus ParlaMint-TR-en, Term 27, Year 3, Session 22	2019-11-26	Unicameralism	27	3	22	-	-	Reference	English	Chairperson	MP	notMinister	AKP	Justice and Development Party	Coalition	Right	SüreyyaSadi.Bilgiç	Bilgiç, Süreyya Sadi	M	1961	
ParlaMint-TR-en_2019-11-26-tbmm-T27	tbmm-2019-11-26sit01spe0014par0077	The Turkish parliamentary corpus ParlaMint-TR-en, Term 27, Year 3, Session 22	2019-11-26	Unicameralism	27	3	22	-	-	Reference	English	Regular	MP	notMinister	AKP	Justice and Development Party	Coalition	Right	İlyas.Şeker	Şeker, İlyas	M	1960	
ParlaMint-TR-en_2019-11-26-tbmm-T27	tbmm-2019-11-26sit01spe0015par0082	The Turkish parliamentary corpus ParlaMint-TR-en, Term 27, Year 3, Session 22	2019-11-26	Unicameralism	27	3	22	-	-	Reference	English	Regular	MP	notMinister	CHP	Republican People's Party	Opposition	Centre-left	Özkan.Yalım	Yalım, Özkan	M	1969	
ParlaMint-TR-en_2019-11-26-tbmm-T27	tbmm-2019-11-26sit01spe0014par0083	The Turkish parliamentary corpus ParlaMint-TR-en, Term 27, Year 3, Session 22	2019-11-26	Unicameralism	27	3	22	-	-	Reference	English	Regular	MP	notMinister	AKP	Justice and Development Party	Coalition	Right	İlyas.Şeker	Şeker, İlyas	M	1960	
ParlaMint-TR-en_2019-11-26-tbmm-T27	tbmm-2019-11-26sit01spe0015par0084	The Turkish parliamentary corpus ParlaMint-TR-en, Term 27, Year 3, Session 22	2019-11-26	Unicameralism	27	3	22	-	-	Reference	English	Regular	MP	notMinister	CHP	Republican People's Party	Opposition	Centre-left	Özkan.Yalım	Yalım, Özkan	M	1969	
ParlaMint-TR-en_2019-11-26-tbmm-T27	tbmm-2019-11-26sit01spe0016par0085	The Turkish parliamentary corpus ParlaMint-TR-en, Term 27, Year 3, Session 22	2019-11-26	Unicameralism	27	3	22	-	-	Reference	English	Chairperson	MP	notMinister	AKP	Justice and Development Party	Coalition	Right	SüreyyaSadi.Bilgiç	Bilgiç, Süreyya Sadi	M	1961	
ParlaMint-TR-en_2019-11-26-tbmm-T27	tbmm-2019-11-26sit01spe0014par0086	The Turkish parliamentary corpus ParlaMint-TR-en, Term 27, Year 3, Session 22	2019-11-26	Unicameralism	27	3	22	-	-	Reference	English	Regular	MP	notMinister	AKP	Justice and Development Party	Coalition	Right	İlyas.Şeker	Şeker, İlyas	M	1960	
ParlaMint-TR-en_2019-11-26-tbmm-T27	tbmm-2019-11-26sit01spe0016par0087	The Turkish parliamentary corpus ParlaMint-TR-en, Term 27, Year 3, Session 22	2019-11-26	Unicameralism	27	3	22	-	-	Reference	English	Chairperson	MP	notMinister	AKP	Justice and Development Party	Coalition	Right	SüreyyaSadi.Bilgiç	Bilgiç, Süreyya Sadi	M	1961	
ParlaMint-TR-en_2019-11-26-tbmm-T27	tbmm-2019-11-26sit01spe0017par0089	The Turkish parliamentary corpus ParlaMint-TR-en, Term 27, Year 3, Session 22	2019-11-26	Unicameralism	27	3	22	-	-	Reference	English	Regular	MP	notMinister	CHP	Republican People's Party	Opposition	Centre-left	Okan.Gaytancıoğlu	Gaytancıoğlu, Okan	M	1967	
ParlaMint-TR-en_2019-11-26-tbmm-T27	tbmm-2019-11-26sit01spe0018par0093	The Turkish parliamentary corpus ParlaMint-TR-en, Term 27, Year 3, Session 22	2019-11-26	Unicameralism	27	3	22	-	-	Reference	English	Chairperson	MP	notMinister	AKP	Justice and Development Party	Coalition	Right	SüreyyaSadi.Bilgiç	Bilgiç, Süreyya Sadi	M	1961	
ParlaMint-TR-en_2019-11-26-tbmm-T27	tbmm-2019-11-26sit01spe0019par0095	The Turkish parliamentary corpus ParlaMint-TR-en, Term 27, Year 3, Session 22	2019-11-26	Unicameralism	27	3	22	-	-	Reference	English	Regular	MP	notMinister	CHP	Republican People's Party	Opposition	Centre-left	Sibel.Özdemir	Özdemir, Sibel	F	1979	
ParlaMint-TR-en_2019-11-26-tbmm-T27	tbmm-2019-11-26sit01spe0020par0098	The Turkish parliamentary corpus ParlaMint-TR-en, Term 27, Year 3, Session 22	2019-11-26	Unicameralism	27	3	22	-	-	Reference	English	Chairperson	MP	notMinister	AKP	Justice and Development Party	Coalition	Right	SüreyyaSadi.Bilgiç	Bilgiç, Süreyya Sadi	M	1961	
ParlaMint-TR-en_2019-11-26-tbmm-T27	tbmm-2019-11-26sit01spe0021par0100	The Turkish parliamentary corpus ParlaMint-TR-en, Term 27, Year 3, Session 22	2019-11-26	Unicameralism	27	3	22	-	-	Reference	English	Regular	MP	notMinister	CHP	Republican People's Party	Opposition	Centre-left	Özgür.Ceylan	Ceylan, Özgür	M	1973	
ParlaMint-TR-en_2019-11-26-tbmm-T27	tbmm-2019-11-26sit01spe0020par0101	The Turkish parliamentary corpus ParlaMint-TR-en, Term 27, Year 3, Session 22	2019-11-26	Unicameralism	27	3	22	-	-	Reference	English	Chairperson	MP	notMinister	AKP	Justice and Development Party	Coalition	Right	SüreyyaSadi.Bilgiç	Bilgiç, Süreyya Sadi	M	1961	
ParlaMint-TR-en_2019-11-26-tbmm-T27	tbmm-2019-11-26sit01spe0022par0103	The Turkish parliamentary corpus ParlaMint-TR-en, Term 27, Year 3, Session 22	2019-11-26	Unicameralism	27	3	22	-	-	Reference	English	Regular	MP	notMinister	CHP	Republican People's Party	Opposition	Centre-left	Mahmut.Tanal	Tanal, Mahmut	M	1961	
ParlaMint-TR-en_2019-11-26-tbmm-T27	tbmm-2019-11-26sit01spe0020par0106	The Turkish parliamentary corpus ParlaMint-TR-en, Term 27, Year 3, Session 22	2019-11-26	Unicameralism	27	3	22	-	-	Reference	English	Chairperson	MP	notMinister	AKP	Justice and Development Party	Coalition	Right	SüreyyaSadi.Bilgiç	Bilgiç, Süreyya Sadi	M	1961	
ParlaMint-TR-en_2019-11-26-tbmm-T27	tbmm-2019-11-26sit01spe0023par0108	The Turkish parliamentary corpus ParlaMint-TR-en, Term 27, Year 3, Session 22	2019-11-26	Unicameralism	27	3	22	-	-	Reference	English	Regular	MP	notMinister	CHP	Republican People's Party	Opposition	Centre-left	Onursal.Adıgüzel	Adıgüzel, Onursal	M	1985	
ParlaMint-TR-en_2019-11-26-tbmm-T27	tbmm-2019-11-26sit01spe0024par0112	The Turkish parliamentary corpus ParlaMint-TR-en, Term 27, Year 3, Session 22	2019-11-26	Unicameralism	27	3	22	-	-	Reference	English	Chairperson	MP	notMinister	AKP	Justice and Development Party	Coalition	Right	SüreyyaSadi.Bilgiç	Bilgiç, Süreyya Sadi	M	1961	
ParlaMint-TR-en_2019-11-26-tbmm-T27	tbmm-2019-11-26sit01spe0025par0114	The Turkish parliamentary corpus ParlaMint-TR-en, Term 27, Year 3, Session 22	2019-11-26	Unicameralism	27	3	22	-	-	Reference	English	Regular	MP	notMinister	CHP	Republican People's Party	Opposition	Centre-left	Burcu.Kayıkcı	Kayıkcı, Burcu	F	1980	
ParlaMint-TR-en_2019-11-26-tbmm-T27	tbmm-2019-11-26sit01spe0024par0116	The Turkish parliamentary corpus ParlaMint-TR-en, Term 27, Year 3, Session 22	2019-11-26	Unicameralism	27	3	22	-	-	Reference	English	Chairperson	MP	notMinister	AKP	Justice and Development Party	Coalition	Right	SüreyyaSadi.Bilgiç	Bilgiç, Süreyya Sadi	M	1961	
ParlaMint-TR-en_2019-11-26-tbmm-T27	tbmm-2019-11-26sit01spe0026par0118	The Turkish parliamentary corpus ParlaMint-TR-en, Term 27, Year 3, Session 22	2019-11-26	Unicameralism	27	3	22	-	-	Reference	English	Regular	MP	notMinister	CHP	Republican People's Party	Opposition	Centre-left	Burhanettin.Bulut	Bulut, Burhanettin	M	1970	
ParlaMint-TR-en_2019-11-26-tbmm-T27	tbmm-2019-11-26sit01spe0027par0122	The Turkish parliamentary corpus ParlaMint-TR-en, Term 27, Year 3, Session 22	2019-11-26	Unicameralism	27	3	22	-	-	Reference	English	Chairperson	MP	notMinister	AKP	Justice and Development Party	Coalition	Right	SüreyyaSadi.Bilgiç	Bilgiç, Süreyya Sadi	M	1961	
ParlaMint-TR-en_2019-11-26-tbmm-T27	tbmm-2019-11-26sit01spe0028par0124	The Turkish parliamentary corpus ParlaMint-TR-en, Term 27, Year 3, Session 22	2019-11-26	Unicameralism	27	3	22	-	-	Reference	English	Regular	MP	notMinister	HDP	Peoples' Democratic Party	Opposition	Centre-left to left	Ali.Kenanoğlu	Kenanoğlu, Ali	M	1971	
ParlaMint-TR-en_2019-11-26-tbmm-T27	tbmm-2019-11-26sit01spe0027par0125	The Turkish parliamentary corpus ParlaMint-TR-en, Term 27, Year 3, Session 22	2019-11-26	Unicameralism	27	3	22	-	-	Reference	English	Chairperson	MP	notMinister	AKP	Justice and Development Party	Coalition	Right	SüreyyaSadi.Bilgiç	Bilgiç, Süreyya Sadi	M	1961	
ParlaMint-TR-en_2019-11-26-tbmm-T27	tbmm-2019-11-26sit01spe0029par0127	The Turkish parliamentary corpus ParlaMint-TR-en, Term 27, Year 3, Session 22	2019-11-26	Unicameralism	27	3	22	-	-	Reference	English	Regular	MP	notMinister	AKP	Justice and Development Party	Coalition	Right	Hacı.Özkan	Özkan, Hacı	M	1963	
ParlaMint-TR-en_2019-11-26-tbmm-T27	tbmm-2019-11-26sit01spe0027par0128	The Turkish parliamentary corpus ParlaMint-TR-en, Term 27, Year 3, Session 22	2019-11-26	Unicameralism	27	3	22	-	-	Reference	English	Chairperson	MP	notMinister	AKP	Justice and Development Party	Coalition	Right	SüreyyaSadi.Bilgiç	Bilgiç, Süreyya Sadi	M	1961	
ParlaMint-TR-en_2019-11-26-tbmm-T27	tbmm-2019-11-26sit01spe0030par0130	The Turkish parliamentary corpus ParlaMint-TR-en, Term 27, Year 3, Session 22	2019-11-26	Unicameralism	27	3	22	-	-	Reference	English	Regular	MP	notMinister	MHP	Nationalist Movement Party	-	Right to far-right	Baki.Şimşek	Şimşek, Baki	M	1969	
ParlaMint-TR-en_2019-11-26-tbmm-T27	tbmm-2019-11-26sit01spe0031par0135	The Turkish parliamentary corpus ParlaMint-TR-en, Term 27, Year 3, Session 22	2019-11-26	Unicameralism	27	3	22	-	-	Reference	English	Chairperson	MP	notMinister	AKP	Justice and Development Party	Coalition	Right	SüreyyaSadi.Bilgiç	Bilgiç, Süreyya Sadi	M	1961	
ParlaMint-TR-en_2019-11-26-tbmm-T27	tbmm-2019-11-26sit01spe0032par0137	The Turkish parliamentary corpus ParlaMint-TR-en, Term 27, Year 3, Session 22	2019-11-26	Unicameralism	27	3	22	-	-	Reference	English	Regular	MP	notMinister	IYI	İYİ Party	Opposition	Centre-right	İmamHüseyin.Filiz	Filiz, İmam Hüseyin	M	1950	
ParlaMint-TR-en_2019-11-26-tbmm-T27	tbmm-2019-11-26sit01spe0033par0140	The Turkish parliamentary corpus ParlaMint-TR-en, Term 27, Year 3, Session 22	2019-11-26	Unicameralism	27	3	22	-	-	Reference	English	Chairperson	MP	notMinister	AKP	Justice and Development Party	Coalition	Right	SüreyyaSadi.Bilgiç	Bilgiç, Süreyya Sadi	M	1961	
ParlaMint-TR-en_2019-11-26-tbmm-T27	tbmm-2019-11-26sit01spe0034par0142	The Turkish parliamentary corpus ParlaMint-TR-en, Term 27, Year 3, Session 22	2019-11-26	Unicameralism	27	3	22	-	-	Reference	English	Regular	MP	notMinister	AKP	Justice and Development Party	Coalition	Right	Atilla.Ödünç	Ödünç, Atilla	M	1977	
ParlaMint-TR-en_2019-11-26-tbmm-T27	tbmm-2019-11-26sit01spe0035par0146	The Turkish parliamentary corpus ParlaMint-TR-en, Term 27, Year 3, Session 22	2019-11-26	Unicameralism	27	3	22	-	-	Reference	English	Chairperson	MP	notMinister	AKP	Justice and Development Party	Coalition	Right	SüreyyaSadi.Bilgiç	Bilgiç, Süreyya Sadi	M	1961	
ParlaMint-TR-en_2019-11-26-tbmm-T27	tbmm-2019-11-26sit01spe0036par0148	The Turkish parliamentary corpus ParlaMint-TR-en, Term 27, Year 3, Session 22	2019-11-26	Unicameralism	27	3	22	-	-	Reference	English	Regular	MP	notMinister	CHP	Republican People's Party	Opposition	Centre-left	Ali.Şeker	Şeker, Ali	M	1968	
ParlaMint-TR-en_2019-11-26-tbmm-T27	tbmm-2019-11-26sit01spe0037par0151	The Turkish parliamentary corpus ParlaMint-TR-en, Term 27, Year 3, Session 22	2019-11-26	Unicameralism	27	3	22	-	-	Reference	English	Chairperson	MP	notMinister	AKP	Justice and Development Party	Coalition	Right	SüreyyaSadi.Bilgiç	Bilgiç, Süreyya Sadi	M	1961	
ParlaMint-TR-en_2019-11-26-tbmm-T27	tbmm-2019-11-26sit01spe0038par0153	The Turkish parliamentary corpus ParlaMint-TR-en, Term 27, Year 3, Session 22	2019-11-26	Unicameralism	27	3	22	-	-	Reference	English	Regular	MP	notMinister	CHP	Republican People's Party	Opposition	Centre-left	Aysu.Bankoğlu	Bankoğlu, Aysu	F	1989	
ParlaMint-TR-en_2019-11-26-tbmm-T27	tbmm-2019-11-26sit01spe0037par0155	The Turkish parliamentary corpus ParlaMint-TR-en, Term 27, Year 3, Session 22	2019-11-26	Unicameralism	27	3	22	-	-	Reference	English	Chairperson	MP	notMinister	AKP	Justice and Development Party	Coalition	Right	SüreyyaSadi.Bilgiç	Bilgiç, Süreyya Sadi	M	1961	
ParlaMint-TR-en_2019-11-26-tbmm-T27	tbmm-2019-11-26sit01spe0039par0158	The Turkish parliamentary corpus ParlaMint-TR-en, Term 27, Year 3, Session 22	2019-11-26	Unicameralism	27	3	22	-	-	Reference	English	Regular	MP	notMinister	CHP	Republican People's Party	Opposition	Centre-left	Özkan.Yalım	Yalım, Özkan	M	1969	
ParlaMint-TR-en_2019-11-26-tbmm-T27	tbmm-2019-11-26sit01spe0037par0161	The Turkish parliamentary corpus ParlaMint-TR-en, Term 27, Year 3, Session 22	2019-11-26	Unicameralism	27	3	22	-	-	Reference	English	Chairperson	MP	notMinister	AKP	Justice and Development Party	Coalition	Right	SüreyyaSadi.Bilgiç	Bilgiç, Süreyya Sadi	M	1961	
ParlaMint-TR-en_2019-11-26-tbmm-T27	tbmm-2019-11-26sit01spe0040par0164	The Turkish parliamentary corpus ParlaMint-TR-en, Term 27, Year 3, Session 22	2019-11-26	Unicameralism	27	3	22	-	-	Reference	English	Regular	MP	notMinister	CHP	Republican People's Party	Opposition	Centre-left	Uğur.Bayraktutan	Bayraktutan, Uğur	M	1965	
ParlaMint-TR-en_2019-11-26-tbmm-T27	tbmm-2019-11-26sit01spe0041par0168	The Turkish parliamentary corpus ParlaMint-TR-en, Term 27, Year 3, Session 22	2019-11-26	Unicameralism	27	3	22	-	-	Reference	English	Chairperson	MP	notMinister	AKP	Justice and Development Party	Coalition	Right	SüreyyaSadi.Bilgiç	Bilgiç, Süreyya Sadi	M	1961	
ParlaMint-TR-en_2019-11-26-tbmm-T27	tbmm-2019-11-26sit01spe0042par0170	The Turkish parliamentary corpus ParlaMint-TR-en, Term 27, Year 3, Session 22	2019-11-26	Unicameralism	27	3	22	-	-	Reference	English	Regular	MP	notMinister	AKP	Justice and Development Party	Coalition	Right	Ahmet.Akay	Akay, Ahmet	M	1959	
ParlaMint-TR-en_2019-11-26-tbmm-T27	tbmm-2019-11-26sit01spe0041par0172	The Turkish parliamentary corpus ParlaMint-TR-en, Term 27, Year 3, Session 22	2019-11-26	Unicameralism	27	3	22	-	-	Reference	English	Chairperson	MP	notMinister	AKP	Justice and Development Party	Coalition	Right	SüreyyaSadi.Bilgiç	Bilgiç, Süreyya Sadi	M	1961	
ParlaMint-TR-en_2019-11-26-tbmm-T27	tbmm-2019-11-26sit01spe0043par0174	The Turkish parliamentary corpus ParlaMint-TR-en, Term 27, Year 3, Session 22	2019-11-26	Unicameralism	27	3	22	-	-	Reference	English	Regular	MP	notMinister	MHP	Nationalist Movement Party	-	Right to far-right	Tamer.Osmanağaoğlu	Osmanağaoğlu, Tamer	M	1963	
ParlaMint-TR-en_2019-11-26-tbmm-T27	tbmm-2019-11-26sit01spe0044par0178	The Turkish parliamentary corpus ParlaMint-TR-en, Term 27, Year 3, Session 22	2019-11-26	Unicameralism	27	3	22	-	-	Reference	English	Chairperson	MP	notMinister	AKP	Justice and Development Party	Coalition	Right	SüreyyaSadi.Bilgiç	Bilgiç, Süreyya Sadi	M	1961	
ParlaMint-TR-en_2019-11-26-tbmm-T27	tbmm-2019-11-26sit01spe0045par0180	The Turkish parliamentary corpus ParlaMint-TR-en, Term 27, Year 3, Session 22	2019-11-26	Unicameralism	27	3	22	-	-	Reference	English	Regular	MP	notMinister	HDP	Peoples' Democratic Party	Opposition	Centre-left to left	Murat.Çepni	Çepni, Murat	M	1974	
ParlaMint-TR-en_2019-11-26-tbmm-T27	tbmm-2019-11-26sit01spe0044par0182	The Turkish parliamentary corpus ParlaMint-TR-en, Term 27, Year 3, Session 22	2019-11-26	Unicameralism	27	3	22	-	-	Reference	English	Chairperson	MP	notMinister	AKP	Justice and Development Party	Coalition	Right	SüreyyaSadi.Bilgiç	Bilgiç, Süreyya Sadi	M	1961	
ParlaMint-TR-en_2019-11-26-tbmm-T27	tbmm-2019-11-26sit01spe0046par0184	The Turkish parliamentary corpus ParlaMint-TR-en, Term 27, Year 3, Session 22	2019-11-26	Unicameralism	27	3	22	-	-	Reference	English	Regular	MP	notMinister	CHP	Republican People's Party	Opposition	Centre-left	Orhan.Sümer	Sümer, Orhan	M	1963	
ParlaMint-TR-en_2019-11-26-tbmm-T27	tbmm-2019-11-26sit01spe0047par0187	The Turkish parliamentary corpus ParlaMint-TR-en, Term 27, Year 3, Session 22	2019-11-26	Unicameralism	27	3	22	-	-	Reference	English	Chairperson	MP	notMinister	AKP	Justice and Development Party	Coalition	Right	SüreyyaSadi.Bilgiç	Bilgiç, Süreyya Sadi	M	1961	
ParlaMint-TR-en_2019-11-26-tbmm-T27	tbmm-2019-11-26sit01spe0048par0190	The Turkish parliamentary corpus ParlaMint-TR-en, Term 27, Year 3, Session 22	2019-11-26	Unicameralism	27	3	22	-	-	Reference	English	Regular	MP	notMinister	CHP	Republican People's Party	Opposition	Centre-left	Cengiz.Gökçel	Gökçel, Cengiz	M	1965	
ParlaMint-TR-en_2019-11-26-tbmm-T27	tbmm-2019-11-26sit01spe0047par0192	The Turkish parliamentary corpus ParlaMint-TR-en, Term 27, Year 3, Session 22	2019-11-26	Unicameralism	27	3	22	-	-	Reference	English	Chairperson	MP	notMinister	AKP	Justice and Development Party	Coalition	Right	SüreyyaSadi.Bilgiç	Bilgiç, Süreyya Sadi	M	1961	
ParlaMint-TR-en_2019-11-26-tbmm-T27	tbmm-2019-11-26sit01spe0049par0194	The Turkish parliamentary corpus ParlaMint-TR-en, Term 27, Year 3, Session 22	2019-11-26	Unicameralism	27	3	22	-	-	Reference	English	Regular	MP	notMinister	MHP	Nationalist Movement Party	-	Right to far-right	Sefer.Aycan	Aycan, Sefer	M	1963	
ParlaMint-TR-en_2019-11-26-tbmm-T27	tbmm-2019-11-26sit01spe0047par0196	The Turkish parliamentary corpus ParlaMint-TR-en, Term 27, Year 3, Session 22	2019-11-26	Unicameralism	27	3	22	-	-	Reference	English	Chairperson	MP	notMinister	AKP	Justice and Development Party	Coalition	Right	SüreyyaSadi.Bilgiç	Bilgiç, Süreyya Sadi	M	1961	
ParlaMint-TR-en_2019-11-26-tbmm-T27	tbmm-2019-11-26sit01spe0050par0198	The Turkish parliamentary corpus ParlaMint-TR-en, Term 27, Year 3, Session 22	2019-11-26	Unicameralism	27	3	22	-	-	Reference	English	Regular	MP	notMinister	CHP	Republican People's Party	Opposition	Centre-left	Bayram.Yılmazkaya	Yılmazkaya, Bayram	M	1968	
ParlaMint-TR-en_2019-11-26-tbmm-T27	tbmm-2019-11-26sit01spe0051par0201	The Turkish parliamentary corpus ParlaMint-TR-en, Term 27, Year 3, Session 22	2019-11-26	Unicameralism	27	3	22	-	-	Reference	English	Chairperson	MP	notMinister	AKP	Justice and Development Party	Coalition	Right	SüreyyaSadi.Bilgiç	Bilgiç, Süreyya Sadi	M	1961	
ParlaMint-TR-en_2019-11-26-tbmm-T27	tbmm-2019-11-26sit01spe0052par0203	The Turkish parliamentary corpus ParlaMint-TR-en, Term 27, Year 3, Session 22	2019-11-26	Unicameralism	27	3	22	-	-	Reference	English	Regular	MP	notMinister	CHP	Republican People's Party	Opposition	Centre-left	Süleyman.Bülbül	Bülbül, Süleyman	M	1964	
ParlaMint-TR-en_2019-11-26-tbmm-T27	tbmm-2019-11-26sit01spe0053par0207	The Turkish parliamentary corpus ParlaMint-TR-en, Term 27, Year 3, Session 22	2019-11-26	Unicameralism	27	3	22	-	-	Reference	English	Chairperson	MP	notMinister	AKP	Justice and Development Party	Coalition	Right	SüreyyaSadi.Bilgiç	Bilgiç, Süreyya Sadi	M	1961	
ParlaMint-TR-en_2019-11-26-tbmm-T27	tbmm-2019-11-26sit01spe0054par0210	The Turkish parliamentary corpus ParlaMint-TR-en, Term 27, Year 3, Session 22	2019-11-26	Unicameralism	27	3	22	-	-	Reference	English	Regular	MP	notMinister	IYI	İYİ Party	Opposition	Centre-right	Ayhan.Erel	Erel, Ayhan	M	1957	
ParlaMint-TR-en_2019-11-26-tbmm-T27	tbmm-2019-11-26sit01spe0053par0212	The Turkish parliamentary corpus ParlaMint-TR-en, Term 27, Year 3, Session 22	2019-11-26	Unicameralism	27	3	22	-	-	Reference	English	Chairperson	MP	notMinister	AKP	Justice and Development Party	Coalition	Right	SüreyyaSadi.Bilgiç	Bilgiç, Süreyya Sadi	M	1961	
ParlaMint-TR-en_2019-11-26-tbmm-T27	tbmm-2019-11-26sit01spe0055par0214	The Turkish parliamentary corpus ParlaMint-TR-en, Term 27, Year 3, Session 22	2019-11-26	Unicameralism	27	3	22	-	-	Reference	English	Regular	MP	notMinister	HDP	Peoples' Democratic Party	Opposition	Centre-left to left	DirayetDilan.Taşdemir	Taşdemir, Dirayet Dilan	F	1982	
ParlaMint-TR-en_2019-11-26-tbmm-T27	tbmm-2019-11-26sit01spe0056par0219	The Turkish parliamentary corpus ParlaMint-TR-en, Term 27, Year 3, Session 22	2019-11-26	Unicameralism	27	3	22	-	-	Reference	English	Chairperson	MP	notMinister	AKP	Justice and Development Party	Coalition	Right	SüreyyaSadi.Bilgiç	Bilgiç, Süreyya Sadi	M	1961	
ParlaMint-TR-en_2019-11-26-tbmm-T27	tbmm-2019-11-26sit01spe0057par0223	The Turkish parliamentary corpus ParlaMint-TR-en, Term 27, Year 3, Session 22	2019-11-26	Unicameralism	27	3	22	-	-	Reference	English	Regular	MP	notMinister	MHP	Nationalist Movement Party	-	Right to far-right	Hayati.Arkaz	Arkaz, Hayati	M	1957	
ParlaMint-TR-en_2019-11-26-tbmm-T27	tbmm-2019-11-26sit01spe0058par0226	The Turkish parliamentary corpus ParlaMint-TR-en, Term 27, Year 3, Session 22	2019-11-26	Unicameralism	27	3	22	-	-	Reference	English	Chairperson	MP	notMinister	AKP	Justice and Development Party	Coalition	Right	SüreyyaSadi.Bilgiç	Bilgiç, Süreyya Sadi	M	1961	
ParlaMint-TR-en_2019-11-26-tbmm-T27	tbmm-2019-11-26sit01spe0059par0228	The Turkish parliamentary corpus ParlaMint-TR-en, Term 27, Year 3, Session 22	2019-11-26	Unicameralism	27	3	22	-	-	Reference	English	Regular	MP	notMinister	MHP	Nationalist Movement Party	-	Right to far-right	Olcay.Kılavuz	Kılavuz, Olcay	M	1985	
ParlaMint-TR-en_2019-11-26-tbmm-T27	tbmm-2019-11-26sit01spe0060par0231	The Turkish parliamentary corpus ParlaMint-TR-en, Term 27, Year 3, Session 22	2019-11-26	Unicameralism	27	3	22	-	-	Reference	English	Chairperson	MP	notMinister	AKP	Justice and Development Party	Coalition	Right	SüreyyaSadi.Bilgiç	Bilgiç, Süreyya Sadi	M	1961	
ParlaMint-TR-en_2019-11-26-tbmm-T27	tbmm-2019-11-26sit01spe0061par0233	The Turkish parliamentary corpus ParlaMint-TR-en, Term 27, Year 3, Session 22	2019-11-26	Unicameralism	27	3	22	-	-	Reference	English	Regular	MP	notMinister	CHP	Republican People's Party	Opposition	Centre-left	Servet.Ünsal	Ünsal, Servet	M	1957	
ParlaMint-TR-en_2019-11-26-tbmm-T27	tbmm-2019-11-26sit01spe0062par0238	The Turkish parliamentary corpus ParlaMint-TR-en, Term 27, Year 3, Session 22	2019-11-26	Unicameralism	27	3	22	-	-	Reference	English	Chairperson	MP	notMinister	AKP	Justice and Development Party	Coalition	Right	SüreyyaSadi.Bilgiç	Bilgiç, Süreyya Sadi	M	1961	
ParlaMint-TR-en_2019-11-26-tbmm-T27	tbmm-2019-11-26sit01spe0063par0240	The Turkish parliamentary corpus ParlaMint-TR-en, Term 27, Year 3, Session 22	2019-11-26	Unicameralism	27	3	22	-	-	Reference	English	Regular	MP	notMinister	CHP	Republican People's Party	Opposition	Centre-left	Neslihan.Hancıoğlu	Hancıoğlu, Neslihan	F	1963	
ParlaMint-TR-en_2019-11-26-tbmm-T27	tbmm-2019-11-26sit01spe0062par0242	The Turkish parliamentary corpus ParlaMint-TR-en, Term 27, Year 3, Session 22	2019-11-26	Unicameralism	27	3	22	-	-	Reference	English	Chairperson	MP	notMinister	AKP	Justice and Development Party	Coalition	Right	SüreyyaSadi.Bilgiç	Bilgiç, Süreyya Sadi	M	1961	
ParlaMint-TR-en_2019-11-26-tbmm-T27	tbmm-2019-11-26sit01spe0064par0244	The Turkish parliamentary corpus ParlaMint-TR-en, Term 27, Year 3, Session 22	2019-11-26	Unicameralism	27	3	22	-	-	Reference	English	Regular	MP	notMinister	CHP	Republican People's Party	Opposition	Centre-left	Candan.Yüceer	Yüceer, Candan	F	1973	
ParlaMint-TR-en_2019-11-26-tbmm-T27	tbmm-2019-11-26sit01spe0062par0247	The Turkish parliamentary corpus ParlaMint-TR-en, Term 27, Year 3, Session 22	2019-11-26	Unicameralism	27	3	22	-	-	Reference	English	Chairperson	MP	notMinister	AKP	Justice and Development Party	Coalition	Right	SüreyyaSadi.Bilgiç	Bilgiç, Süreyya Sadi	M	1961	
ParlaMint-TR-en_2019-11-26-tbmm-T27	tbmm-2019-11-26sit01spe0065par0249	The Turkish parliamentary corpus ParlaMint-TR-en, Term 27, Year 3, Session 22	2019-11-26	Unicameralism	27	3	22	-	-	Reference	English	Regular	MP	notMinister	MHP	Nationalist Movement Party	-	Right to far-right	AyşeSibel.Ersoy	Ersoy, Ayşe Sibel	F	1964	
ParlaMint-TR-en_2019-11-26-tbmm-T27	tbmm-2019-11-26sit01spe0066par0252	The Turkish parliamentary corpus ParlaMint-TR-en, Term 27, Year 3, Session 22	2019-11-26	Unicameralism	27	3	22	-	-	Reference	English	Chairperson	MP	notMinister	AKP	Justice and Development Party	Coalition	Right	SüreyyaSadi.Bilgiç	Bilgiç, Süreyya Sadi	M	1961	
ParlaMint-TR-en_2019-11-26-tbmm-T27	tbmm-2019-11-26sit01spe0067par0254	The Turkish parliamentary corpus ParlaMint-TR-en, Term 27, Year 3, Session 22	2019-11-26	Unicameralism	27	3	22	-	-	Reference	English	Regular	MP	notMinister	CHP	Republican People's Party	Opposition	Centre-left	Fikret.Şahin	Şahin, Fikret	M	1968	
ParlaMint-TR-en_2019-11-26-tbmm-T27	tbmm-2019-11-26sit01spe0068par0257	The Turkish parliamentary corpus ParlaMint-TR-en, Term 27, Year 3, Session 22	2019-11-26	Unicameralism	27	3	22	-	-	Reference	English	Chairperson	MP	notMinister	AKP	Justice and Development Party	Coalition	Right	SüreyyaSadi.Bilgiç	Bilgiç, Süreyya Sadi	M	1961	
ParlaMint-TR-en_2019-11-26-tbmm-T27	tbmm-2019-11-26sit01spe0069par0259	The Turkish parliamentary corpus ParlaMint-TR-en, Term 27, Year 3, Session 22	2019-11-26	Unicameralism	27	3	22	-	-	Reference	English	Regular	MP	notMinister	CHP	Republican People's Party	Opposition	Centre-left	Kani.Beko	Beko, Kani	M	1953	
ParlaMint-TR-en_2019-11-26-tbmm-T27	tbmm-2019-11-26sit01spe0068par0261	The Turkish parliamentary corpus ParlaMint-TR-en, Term 27, Year 3, Session 22	2019-11-26	Unicameralism	27	3	22	-	-	Reference	English	Chairperson	MP	notMinister	AKP	Justice and Development Party	Coalition	Right	SüreyyaSadi.Bilgiç	Bilgiç, Süreyya Sadi	M	1961	
ParlaMint-TR-en_2019-11-26-tbmm-T27	tbmm-2019-11-26sit01spe0070par0263	The Turkish parliamentary corpus ParlaMint-TR-en, Term 27, Year 3, Session 22	2019-11-26	Unicameralism	27	3	22	-	-	Reference	English	Regular	MP	notMinister	CHP	Republican People's Party	Opposition	Centre-left	İrfan.Kaplan	Kaplan, İrfan	M	1954	
ParlaMint-TR-en_2019-11-26-tbmm-T27	tbmm-2019-11-26sit01spe0071par0266	The Turkish parliamentary corpus ParlaMint-TR-en, Term 27, Year 3, Session 22	2019-11-26	Unicameralism	27	3	22	-	-	Reference	English	Chairperson	MP	notMinister	AKP	Justice and Development Party	Coalition	Right	SüreyyaSadi.Bilgiç	Bilgiç, Süreyya Sadi	M	1961	
ParlaMint-TR-en_2019-11-26-tbmm-T27	tbmm-2019-11-26sit01spe0072par0268	The Turkish parliamentary corpus ParlaMint-TR-en, Term 27, Year 3, Session 22	2019-11-26	Unicameralism	27	3	22	-	-	Reference	English	Regular	MP	notMinister	CHP	Republican People's Party	Opposition	Centre-left	Ali.Keven	Keven, Ali	M	1951	
ParlaMint-TR-en_2019-11-26-tbmm-T27	tbmm-2019-11-26sit01spe0071par0271	The Turkish parliamentary corpus ParlaMint-TR-en, Term 27, Year 3, Session 22	2019-11-26	Unicameralism	27	3	22	-	-	Reference	English	Chairperson	MP	notMinister	AKP	Justice and Development Party	Coalition	Right	SüreyyaSadi.Bilgiç	Bilgiç, Süreyya Sadi	M	1961	
ParlaMint-TR-en_2019-11-26-tbmm-T27	tbmm-2019-11-26sit01spe0073par0273	The Turkish parliamentary corpus ParlaMint-TR-en, Term 27, Year 3, Session 22	2019-11-26	Unicameralism	27	3	22	-	-	Reference	English	Regular	MP	notMinister	AKP	Justice and Development Party	Coalition	Right	Mücahit.Durmuşoğlu	Durmuşoğlu, Mücahit	M	1965	
ParlaMint-TR-en_2019-11-26-tbmm-T27	tbmm-2019-11-26sit01spe0074par0277	The Turkish parliamentary corpus ParlaMint-TR-en, Term 27, Year 3, Session 22	2019-11-26	Unicameralism	27	3	22	-	-	Reference	English	Chairperson	MP	notMinister	AKP	Justice and Development Party	Coalition	Right	SüreyyaSadi.Bilgiç	Bilgiç, Süreyya Sadi	M	1961	
ParlaMint-TR-en_2019-11-26-tbmm-T27	tbmm-2019-11-26sit01spe0075par0279	The Turkish parliamentary corpus ParlaMint-TR-en, Term 27, Year 3, Session 22	2019-11-26	Unicameralism	27	3	22	-	-	Reference	English	Regular	MP	notMinister	AKP	Justice and Development Party	Coalition	Right	İmran.Kılıç	Kılıç, İmran	M	1957	
ParlaMint-TR-en_2019-11-26-tbmm-T27	tbmm-2019-11-26sit01spe0076par0282	The Turkish parliamentary corpus ParlaMint-TR-en, Term 27, Year 3, Session 22	2019-11-26	Unicameralism	27	3	22	-	-	Reference	English	Chairperson	MP	notMinister	AKP	Justice and Development Party	Coalition	Right	SüreyyaSadi.Bilgiç	Bilgiç, Süreyya Sadi	M	1961	
ParlaMint-TR-en_2019-11-26-tbmm-T27	tbmm-2019-11-26sit01spe0077par0284	The Turkish parliamentary corpus ParlaMint-TR-en, Term 27, Year 3, Session 22	2019-11-26	Unicameralism	27	3	22	-	-	Reference	English	Regular	MP	notMinister	CHP	Republican People's Party	Opposition	Centre-left	Baha.Ünlü	Ünlü, Baha	M	1955	
ParlaMint-TR-en_2019-11-26-tbmm-T27	tbmm-2019-11-26sit01spe0078par0288	The Turkish parliamentary corpus ParlaMint-TR-en, Term 27, Year 3, Session 22	2019-11-26	Unicameralism	27	3	22	-	-	Reference	English	Chairperson	MP	notMinister	AKP	Justice and Development Party	Coalition	Right	SüreyyaSadi.Bilgiç	Bilgiç, Süreyya Sadi	M	1961	
ParlaMint-TR-en_2019-11-26-tbmm-T27	tbmm-2019-11-26sit01spe0079par0290	The Turkish parliamentary corpus ParlaMint-TR-en, Term 27, Year 3, Session 22	2019-11-26	Unicameralism	27	3	22	-	-	Reference	English	Regular	MP	notMinister	CHP	Republican People's Party	Opposition	Centre-left	Ayhan.Barut	Barut, Ayhan	M	1964	
ParlaMint-TR-en_2019-11-26-tbmm-T27	tbmm-2019-11-26sit01spe0080par0294	The Turkish parliamentary corpus ParlaMint-TR-en, Term 27, Year 3, Session 22	2019-11-26	Unicameralism	27	3	22	-	-	Reference	English	Chairperson	MP	notMinister	AKP	Justice and Development Party	Coalition	Right	SüreyyaSadi.Bilgiç	Bilgiç, Süreyya Sadi	M	1961	
ParlaMint-TR-en_2019-11-26-tbmm-T27	tbmm-2019-11-26sit01spe0081par0299	The Turkish parliamentary corpus ParlaMint-TR-en, Term 27, Year 3, Session 22	2019-11-26	Unicameralism	27	3	22	-	-	Reference	English	Regular	MP	notMinister	IYI	İYİ Party	Opposition	Centre-right	DursunMüsavat.Dervişoğlu	Dervişoğlu, Dursun Müsavat	M	1960	
ParlaMint-TR-en_2019-11-26-tbmm-T27	tbmm-2019-11-26sit01spe0082par0306	The Turkish parliamentary corpus ParlaMint-TR-en, Term 27, Year 3, Session 22	2019-11-26	Unicameralism	27	3	22	-	-	Reference	English	Chairperson	MP	notMinister	AKP	Justice and Development Party	Coalition	Right	SüreyyaSadi.Bilgiç	Bilgiç, Süreyya Sadi	M	1961	
ParlaMint-TR-en_2019-11-26-tbmm-T27	tbmm-2019-11-26sit01spe0081par0307	The Turkish parliamentary corpus ParlaMint-TR-en, Term 27, Year 3, Session 22	2019-11-26	Unicameralism	27	3	22	-	-	Reference	English	Regular	MP	notMinister	IYI	İYİ Party	Opposition	Centre-right	DursunMüsavat.Dervişoğlu	Dervişoğlu, Dursun Müsavat	M	1960	
ParlaMint-TR-en_2019-11-26-tbmm-T27	tbmm-2019-11-26sit01spe0082par0310	The Turkish parliamentary corpus ParlaMint-TR-en, Term 27, Year 3, Session 22	2019-11-26	Unicameralism	27	3	22	-	-	Reference	English	Chairperson	MP	notMinister	AKP	Justice and Development Party	Coalition	Right	SüreyyaSadi.Bilgiç	Bilgiç, Süreyya Sadi	M	1961	
ParlaMint-TR-en_2019-11-26-tbmm-T27	tbmm-2019-11-26sit01spe0081par0311	The Turkish parliamentary corpus ParlaMint-TR-en, Term 27, Year 3, Session 22	2019-11-26	Unicameralism	27	3	22	-	-	Reference	English	Regular	MP	notMinister	IYI	İYİ Party	Opposition	Centre-right	DursunMüsavat.Dervişoğlu	Dervişoğlu, Dursun Müsavat	M	1960	
ParlaMint-TR-en_2019-11-26-tbmm-T27	tbmm-2019-11-26sit01spe0082par0313	The Turkish parliamentary corpus ParlaMint-TR-en, Term 27, Year 3, Session 22	2019-11-26	Unicameralism	27	3	22	-	-	Reference	English	Chairperson	MP	notMinister	AKP	Justice and Development Party	Coalition	Right	SüreyyaSadi.Bilgiç	Bilgiç, Süreyya Sadi	M	1961	
ParlaMint-TR-en_2019-11-26-tbmm-T27	tbmm-2019-11-26sit01spe0083par0315	The Turkish parliamentary corpus ParlaMint-TR-en, Term 27, Year 3, Session 22	2019-11-26	Unicameralism	27	3	22	-	-	Reference	English	Regular	MP	notMinister	MHP	Nationalist Movement Party	-	Right to far-right	Erkan.Akçay	Akçay, Erkan	M	1961	
ParlaMint-TR-en_2019-11-26-tbmm-T27	tbmm-2019-11-26sit01spe0084par0322	The Turkish parliamentary corpus ParlaMint-TR-en, Term 27, Year 3, Session 22	2019-11-26	Unicameralism	27	3	22	-	-	Reference	English	Chairperson	MP	notMinister	AKP	Justice and Development Party	Coalition	Right	SüreyyaSadi.Bilgiç	Bilgiç, Süreyya Sadi	M	1961	
ParlaMint-TR-en_2019-11-26-tbmm-T27	tbmm-2019-11-26sit01spe0083par0323	The Turkish parliamentary corpus ParlaMint-TR-en, Term 27, Year 3, Session 22	2019-11-26	Unicameralism	27	3	22	-	-	Reference	English	Regular	MP	notMinister	MHP	Nationalist Movement Party	-	Right to far-right	Erkan.Akçay	Akçay, Erkan	M	1961	
ParlaMint-TR-en_2019-11-26-tbmm-T27	tbmm-2019-11-26sit01spe0085par0327	The Turkish parliamentary corpus ParlaMint-TR-en, Term 27, Year 3, Session 22	2019-11-26	Unicameralism	27	3	22	-	-	Reference	English	Chairperson	MP	notMinister	AKP	Justice and Development Party	Coalition	Right	SüreyyaSadi.Bilgiç	Bilgiç, Süreyya Sadi	M	1961	
ParlaMint-TR-en_2019-11-26-tbmm-T27	tbmm-2019-11-26sit01spe0083par0329	The Turkish parliamentary corpus ParlaMint-TR-en, Term 27, Year 3, Session 22	2019-11-26	Unicameralism	27	3	22	-	-	Reference	English	Regular	MP	notMinister	MHP	Nationalist Movement Party	-	Right to far-right	Erkan.Akçay	Akçay, Erkan	M	1961	
ParlaMint-TR-en_2019-11-26-tbmm-T27	tbmm-2019-11-26sit01spe0085par0332	The Turkish parliamentary corpus ParlaMint-TR-en, Term 27, Year 3, Session 22	2019-11-26	Unicameralism	27	3	22	-	-	Reference	English	Chairperson	MP	notMinister	AKP	Justice and Development Party	Coalition	Right	SüreyyaSadi.Bilgiç	Bilgiç, Süreyya Sadi	M	1961	
ParlaMint-TR-en_2019-11-26-tbmm-T27	tbmm-2019-11-26sit01spe0083par0334	The Turkish parliamentary corpus ParlaMint-TR-en, Term 27, Year 3, Session 22	2019-11-26	Unicameralism	27	3	22	-	-	Reference	English	Regular	MP	notMinister	MHP	Nationalist Movement Party	-	Right to far-right	Erkan.Akçay	Akçay, Erkan	M	1961	
ParlaMint-TR-en_2019-11-26-tbmm-T27	tbmm-2019-11-26sit01spe0086par0337	The Turkish parliamentary corpus ParlaMint-TR-en, Term 27, Year 3, Session 22	2019-11-26	Unicameralism	27	3	22	-	-	Reference	English	Chairperson	MP	notMinister	AKP	Justice and Development Party	Coalition	Right	SüreyyaSadi.Bilgiç	Bilgiç, Süreyya Sadi	M	1961	
ParlaMint-TR-en_2019-11-26-tbmm-T27	tbmm-2019-11-26sit01spe0087par0339	The Turkish parliamentary corpus ParlaMint-TR-en, Term 27, Year 3, Session 22	2019-11-26	Unicameralism	27	3	22	-	-	Reference	English	Regular	MP	notMinister	HDP	Peoples' Democratic Party	Opposition	Centre-left to left	HakkıSaruhan.Oluç	Oluç, Hakkı Saruhan	M	1958	
ParlaMint-TR-en_2019-11-26-tbmm-T27	tbmm-2019-11-26sit01spe0088par0344	The Turkish parliamentary corpus ParlaMint-TR-en, Term 27, Year 3, Session 22	2019-11-26	Unicameralism	27	3	22	-	-	Reference	English	Chairperson	MP	notMinister	AKP	Justice and Development Party	Coalition	Right	SüreyyaSadi.Bilgiç	Bilgiç, Süreyya Sadi	M	1961	
ParlaMint-TR-en_2019-11-26-tbmm-T27	tbmm-2019-11-26sit01spe0087par0345	The Turkish parliamentary corpus ParlaMint-TR-en, Term 27, Year 3, Session 22	2019-11-26	Unicameralism	27	3	22	-	-	Reference	English	Regular	MP	notMinister	HDP	Peoples' Democratic Party	Opposition	Centre-left to left	HakkıSaruhan.Oluç	Oluç, Hakkı Saruhan	M	1958	
ParlaMint-TR-en_2019-11-26-tbmm-T27	tbmm-2019-11-26sit01spe0088par0348	The Turkish parliamentary corpus ParlaMint-TR-en, Term 27, Year 3, Session 22	2019-11-26	Unicameralism	27	3	22	-	-	Reference	English	Chairperson	MP	notMinister	AKP	Justice and Development Party	Coalition	Right	SüreyyaSadi.Bilgiç	Bilgiç, Süreyya Sadi	M	1961	
ParlaMint-TR-en_2019-11-26-tbmm-T27	tbmm-2019-11-26sit01spe0087par0349	The Turkish parliamentary corpus ParlaMint-TR-en, Term 27, Year 3, Session 22	2019-11-26	Unicameralism	27	3	22	-	-	Reference	English	Regular	MP	notMinister	HDP	Peoples' Democratic Party	Opposition	Centre-left to left	HakkıSaruhan.Oluç	Oluç, Hakkı Saruhan	M	1958	
ParlaMint-TR-en_2019-11-26-tbmm-T27	tbmm-2019-11-26sit01spe0088par0352	The Turkish parliamentary corpus ParlaMint-TR-en, Term 27, Year 3, Session 22	2019-11-26	Unicameralism	27	3	22	-	-	Reference	English	Chairperson	MP	notMinister	AKP	Justice and Development Party	Coalition	Right	SüreyyaSadi.Bilgiç	Bilgiç, Süreyya Sadi	M	1961	
ParlaMint-TR-en_2019-11-26-tbmm-T27	tbmm-2019-11-26sit01spe0087par0353	The Turkish parliamentary corpus ParlaMint-TR-en, Term 27, Year 3, Session 22	2019-11-26	Unicameralism	27	3	22	-	-	Reference	English	Regular	MP	notMinister	HDP	Peoples' Democratic Party	Opposition	Centre-left to left	HakkıSaruhan.Oluç	Oluç, Hakkı Saruhan	M	1958	
ParlaMint-TR-en_2019-11-26-tbmm-T27	tbmm-2019-11-26sit01spe0088par0355	The Turkish parliamentary corpus ParlaMint-TR-en, Term 27, Year 3, Session 22	2019-11-26	Unicameralism	27	3	22	-	-	Reference	English	Chairperson	MP	notMinister	AKP	Justice and Development Party	Coalition	Right	SüreyyaSadi.Bilgiç	Bilgiç, Süreyya Sadi	M	1961	
ParlaMint-TR-en_2019-11-26-tbmm-T27	tbmm-2019-11-26sit01spe0087par0356	The Turkish parliamentary corpus ParlaMint-TR-en, Term 27, Year 3, Session 22	2019-11-26	Unicameralism	27	3	22	-	-	Reference	English	Regular	MP	notMinister	HDP	Peoples' Democratic Party	Opposition	Centre-left to left	HakkıSaruhan.Oluç	Oluç, Hakkı Saruhan	M	1958	
ParlaMint-TR-en_2019-11-26-tbmm-T27	tbmm-2019-11-26sit01spe0088par0358	The Turkish parliamentary corpus ParlaMint-TR-en, Term 27, Year 3, Session 22	2019-11-26	Unicameralism	27	3	22	-	-	Reference	English	Chairperson	MP	notMinister	AKP	Justice and Development Party	Coalition	Right	SüreyyaSadi.Bilgiç	Bilgiç, Süreyya Sadi	M	1961	
ParlaMint-TR-en_2019-11-26-tbmm-T27	tbmm-2019-11-26sit01spe0089par0360	The Turkish parliamentary corpus ParlaMint-TR-en, Term 27, Year 3, Session 22	2019-11-26	Unicameralism	27	3	22	-	-	Reference	English	Regular	MP	notMinister	CHP	Republican People's Party	Opposition	Centre-left	Engin.Altay	Altay, Engin	M	1963	
ParlaMint-TR-en_2019-11-26-tbmm-T27	tbmm-2019-11-26sit01spe0090par0367	The Turkish parliamentary corpus ParlaMint-TR-en, Term 27, Year 3, Session 22	2019-11-26	Unicameralism	27	3	22	-	-	Reference	English	Chairperson	MP	notMinister	AKP	Justice and Development Party	Coalition	Right	SüreyyaSadi.Bilgiç	Bilgiç, Süreyya Sadi	M	1961	
ParlaMint-TR-en_2019-11-26-tbmm-T27	tbmm-2019-11-26sit01spe0089par0368	The Turkish parliamentary corpus ParlaMint-TR-en, Term 27, Year 3, Session 22	2019-11-26	Unicameralism	27	3	22	-	-	Reference	English	Regular	MP	notMinister	CHP	Republican People's Party	Opposition	Centre-left	Engin.Altay	Altay, Engin	M	1963	
ParlaMint-TR-en_2019-11-26-tbmm-T27	tbmm-2019-11-26sit01spe0091par0372	The Turkish parliamentary corpus ParlaMint-TR-en, Term 27, Year 3, Session 22	2019-11-26	Unicameralism	27	3	22	-	-	Reference	English	Chairperson	MP	notMinister	AKP	Justice and Development Party	Coalition	Right	SüreyyaSadi.Bilgiç	Bilgiç, Süreyya Sadi	M	1961	
ParlaMint-TR-en_2019-11-26-tbmm-T27	tbmm-2019-11-26sit01spe0089par0373	The Turkish parliamentary corpus ParlaMint-TR-en, Term 27, Year 3, Session 22	2019-11-26	Unicameralism	27	3	22	-	-	Reference	English	Regular	MP	notMinister	CHP	Republican People's Party	Opposition	Centre-left	Engin.Altay	Altay, Engin	M	1963	
ParlaMint-TR-en_2019-11-26-tbmm-T27	tbmm-2019-11-26sit01spe0091par0376	The Turkish parliamentary corpus ParlaMint-TR-en, Term 27, Year 3, Session 22	2019-11-26	Unicameralism	27	3	22	-	-	Reference	English	Chairperson	MP	notMinister	AKP	Justice and Development Party	Coalition	Right	SüreyyaSadi.Bilgiç	Bilgiç, Süreyya Sadi	M	1961	
ParlaMint-TR-en_2019-11-26-tbmm-T27	tbmm-2019-11-26sit01spe0089par0377	The Turkish parliamentary corpus ParlaMint-TR-en, Term 27, Year 3, Session 22	2019-11-26	Unicameralism	27	3	22	-	-	Reference	English	Regular	MP	notMinister	CHP	Republican People's Party	Opposition	Centre-left	Engin.Altay	Altay, Engin	M	1963	
ParlaMint-TR-en_2019-11-26-tbmm-T27	tbmm-2019-11-26sit01spe0091par0380	The Turkish parliamentary corpus ParlaMint-TR-en, Term 27, Year 3, Session 22	2019-11-26	Unicameralism	27	3	22	-	-	Reference	English	Chairperson	MP	notMinister	AKP	Justice and Development Party	Coalition	Right	SüreyyaSadi.Bilgiç	Bilgiç, Süreyya Sadi	M	1961	
ParlaMint-TR-en_2019-11-26-tbmm-T27	tbmm-2019-11-26sit01spe0089par0381	The Turkish parliamentary corpus ParlaMint-TR-en, Term 27, Year 3, Session 22	2019-11-26	Unicameralism	27	3	22	-	-	Reference	English	Regular	MP	notMinister	CHP	Republican People's Party	Opposition	Centre-left	Engin.Altay	Altay, Engin	M	1963	
ParlaMint-TR-en_2019-11-26-tbmm-T27	tbmm-2019-11-26sit01spe0091par0384	The Turkish parliamentary corpus ParlaMint-TR-en, Term 27, Year 3, Session 22	2019-11-26	Unicameralism	27	3	22	-	-	Reference	English	Chairperson	MP	notMinister	AKP	Justice and Development Party	Coalition	Right	SüreyyaSadi.Bilgiç	Bilgiç, Süreyya Sadi	M	1961	
ParlaMint-TR-en_2019-11-26-tbmm-T27	tbmm-2019-11-26sit01spe0092par0386	The Turkish parliamentary corpus ParlaMint-TR-en, Term 27, Year 3, Session 22	2019-11-26	Unicameralism	27	3	22	-	-	Reference	English	Regular	MP	notMinister	AKP	Justice and Development Party	Coalition	Right	MuhammetEmin.Akbaşoğlu	Akbaşoğlu, Muhammet Emin	M	1968	
ParlaMint-TR-en_2019-11-26-tbmm-T27	tbmm-2019-11-26sit01spe0093par0392	The Turkish parliamentary corpus ParlaMint-TR-en, Term 27, Year 3, Session 22	2019-11-26	Unicameralism	27	3	22	-	-	Reference	English	Chairperson	MP	notMinister	AKP	Justice and Development Party	Coalition	Right	SüreyyaSadi.Bilgiç	Bilgiç, Süreyya Sadi	M	1961	
ParlaMint-TR-en_2019-11-26-tbmm-T27	tbmm-2019-11-26sit01spe0092par0393	The Turkish parliamentary corpus ParlaMint-TR-en, Term 27, Year 3, Session 22	2019-11-26	Unicameralism	27	3	22	-	-	Reference	English	Regular	MP	notMinister	AKP	Justice and Development Party	Coalition	Right	MuhammetEmin.Akbaşoğlu	Akbaşoğlu, Muhammet Emin	M	1968	
ParlaMint-TR-en_2019-11-26-tbmm-T27	tbmm-2019-11-26sit01spe0093par0396	The Turkish parliamentary corpus ParlaMint-TR-en, Term 27, Year 3, Session 22	2019-11-26	Unicameralism	27	3	22	-	-	Reference	English	Chairperson	MP	notMinister	AKP	Justice and Development Party	Coalition	Right	SüreyyaSadi.Bilgiç	Bilgiç, Süreyya Sadi	M	1961	
ParlaMint-TR-en_2019-11-26-tbmm-T27	tbmm-2019-11-26sit01spe0092par0397	The Turkish parliamentary corpus ParlaMint-TR-en, Term 27, Year 3, Session 22	2019-11-26	Unicameralism	27	3	22	-	-	Reference	English	Regular	MP	notMinister	AKP	Justice and Development Party	Coalition	Right	MuhammetEmin.Akbaşoğlu	Akbaşoğlu, Muhammet Emin	M	1968	
ParlaMint-TR-en_2019-11-26-tbmm-T27	tbmm-2019-11-26sit01spe0093par0400	The Turkish parliamentary corpus ParlaMint-TR-en, Term 27, Year 3, Session 22	2019-11-26	Unicameralism	27	3	22	-	-	Reference	English	Chairperson	MP	notMinister	AKP	Justice and Development Party	Coalition	Right	SüreyyaSadi.Bilgiç	Bilgiç, Süreyya Sadi	M	1961	
ParlaMint-TR-en_2019-11-26-tbmm-T27	tbmm-2019-11-26sit01spe0092par0401	The Turkish parliamentary corpus ParlaMint-TR-en, Term 27, Year 3, Session 22	2019-11-26	Unicameralism	27	3	22	-	-	Reference	English	Regular	MP	notMinister	AKP	Justice and Development Party	Coalition	Right	MuhammetEmin.Akbaşoğlu	Akbaşoğlu, Muhammet Emin	M	1968	
ParlaMint-TR-en_2019-11-26-tbmm-T27	tbmm-2019-11-26sit01spe0093par0403	The Turkish parliamentary corpus ParlaMint-TR-en, Term 27, Year 3, Session 22	2019-11-26	Unicameralism	27	3	22	-	-	Reference	English	Chairperson	MP	notMinister	AKP	Justice and Development Party	Coalition	Right	SüreyyaSadi.Bilgiç	Bilgiç, Süreyya Sadi	M	1961	
ParlaMint-TR-en_2019-11-26-tbmm-T27	tbmm-2019-11-26sit01spe0094par0405	The Turkish parliamentary corpus ParlaMint-TR-en, Term 27, Year 3, Session 22	2019-11-26	Unicameralism	27	3	22	-	-	Reference	English	Regular	MP	notMinister	MHP	Nationalist Movement Party	-	Right to far-right	Erkan.Akçay	Akçay, Erkan	M	1961	
ParlaMint-TR-en_2019-11-26-tbmm-T27	tbmm-2019-11-26sit01spe0095par0410	The Turkish parliamentary corpus ParlaMint-TR-en, Term 27, Year 3, Session 22	2019-11-26	Unicameralism	27	3	22	-	-	Reference	English	Chairperson	MP	notMinister	AKP	Justice and Development Party	Coalition	Right	SüreyyaSadi.Bilgiç	Bilgiç, Süreyya Sadi	M	1961	
ParlaMint-TR-en_2019-11-26-tbmm-T27	tbmm-2019-11-26sit01spe0094par0411	The Turkish parliamentary corpus ParlaMint-TR-en, Term 27, Year 3, Session 22	2019-11-26	Unicameralism	27	3	22	-	-	Reference	English	Regular	MP	notMinister	MHP	Nationalist Movement Party	-	Right to far-right	Erkan.Akçay	Akçay, Erkan	M	1961	
ParlaMint-TR-en_2019-11-26-tbmm-T27	tbmm-2019-11-26sit01spe0096par0414	The Turkish parliamentary corpus ParlaMint-TR-en, Term 27, Year 3, Session 22	2019-11-26	Unicameralism	27	3	22	-	-	Reference	English	Chairperson	MP	notMinister	AKP	Justice and Development Party	Coalition	Right	SüreyyaSadi.Bilgiç	Bilgiç, Süreyya Sadi	M	1961	
ParlaMint-TR-en_2019-11-26-tbmm-T27	tbmm-2019-11-26sit01spe0097par0416	The Turkish parliamentary corpus ParlaMint-TR-en, Term 27, Year 3, Session 22	2019-11-26	Unicameralism	27	3	22	-	-	Reference	English	Regular	MP	notMinister	CHP	Republican People's Party	Opposition	Centre-left	Engin.Altay	Altay, Engin	M	1963	
ParlaMint-TR-en_2019-11-26-tbmm-T27	tbmm-2019-11-26sit01spe0096par0417	The Turkish parliamentary corpus ParlaMint-TR-en, Term 27, Year 3, Session 22	2019-11-26	Unicameralism	27	3	22	-	-	Reference	English	Chairperson	MP	notMinister	AKP	Justice and Development Party	Coalition	Right	SüreyyaSadi.Bilgiç	Bilgiç, Süreyya Sadi	M	1961	
ParlaMint-TR-en_2019-11-26-tbmm-T27	tbmm-2019-11-26sit01spe0097par0418	The Turkish parliamentary corpus ParlaMint-TR-en, Term 27, Year 3, Session 22	2019-11-26	Unicameralism	27	3	22	-	-	Reference	English	Regular	MP	notMinister	CHP	Republican People's Party	Opposition	Centre-left	Engin.Altay	Altay, Engin	M	1963	
ParlaMint-TR-en_2019-11-26-tbmm-T27	tbmm-2019-11-26sit01spe0096par0419	The Turkish parliamentary corpus ParlaMint-TR-en, Term 27, Year 3, Session 22	2019-11-26	Unicameralism	27	3	22	-	-	Reference	English	Chairperson	MP	notMinister	AKP	Justice and Development Party	Coalition	Right	SüreyyaSadi.Bilgiç	Bilgiç, Süreyya Sadi	M	1961	
ParlaMint-TR-en_2019-11-26-tbmm-T27	tbmm-2019-11-26sit01spe0097par0420	The Turkish parliamentary corpus ParlaMint-TR-en, Term 27, Year 3, Session 22	2019-11-26	Unicameralism	27	3	22	-	-	Reference	English	Regular	MP	notMinister	CHP	Republican People's Party	Opposition	Centre-left	Engin.Altay	Altay, Engin	M	1963	
ParlaMint-TR-en_2019-11-26-tbmm-T27	tbmm-2019-11-26sit01spe0096par0421	The Turkish parliamentary corpus ParlaMint-TR-en, Term 27, Year 3, Session 22	2019-11-26	Unicameralism	27	3	22	-	-	Reference	English	Chairperson	MP	notMinister	AKP	Justice and Development Party	Coalition	Right	SüreyyaSadi.Bilgiç	Bilgiç, Süreyya Sadi	M	1961	
ParlaMint-TR-en_2019-11-26-tbmm-T27	tbmm-2019-11-26sit01spe0097par0422	The Turkish parliamentary corpus ParlaMint-TR-en, Term 27, Year 3, Session 22	2019-11-26	Unicameralism	27	3	22	-	-	Reference	English	Regular	MP	notMinister	CHP	Republican People's Party	Opposition	Centre-left	Engin.Altay	Altay, Engin	M	1963	
ParlaMint-TR-en_2019-11-26-tbmm-T27	tbmm-2019-11-26sit01spe0096par0423	The Turkish parliamentary corpus ParlaMint-TR-en, Term 27, Year 3, Session 22	2019-11-26	Unicameralism	27	3	22	-	-	Reference	English	Chairperson	MP	notMinister	AKP	Justice and Development Party	Coalition	Right	SüreyyaSadi.Bilgiç	Bilgiç, Süreyya Sadi	M	1961	
ParlaMint-TR-en_2019-11-26-tbmm-T27	tbmm-2019-11-26sit01spe0097par0426	The Turkish parliamentary corpus ParlaMint-TR-en, Term 27, Year 3, Session 22	2019-11-26	Unicameralism	27	3	22	-	-	Reference	English	Regular	MP	notMinister	CHP	Republican People's Party	Opposition	Centre-left	Engin.Altay	Altay, Engin	M	1963	
ParlaMint-TR-en_2019-11-26-tbmm-T27	tbmm-2019-11-26sit01spe0098par0428	The Turkish parliamentary corpus ParlaMint-TR-en, Term 27, Year 3, Session 22	2019-11-26	Unicameralism	27	3	22	-	-	Reference	English	Regular	MP	notMinister	AKP	Justice and Development Party	Coalition	Right	MihrimahBelma.Satır	Satır, Mihrimah Belma	M	1961	
ParlaMint-TR-en_2019-11-26-tbmm-T27	tbmm-2019-11-26sit01spe0099par0429	The Turkish parliamentary corpus ParlaMint-TR-en, Term 27, Year 3, Session 22	2019-11-26	Unicameralism	27	3	22	-	-	Reference	English	Chairperson	MP	notMinister	AKP	Justice and Development Party	Coalition	Right	SüreyyaSadi.Bilgiç	Bilgiç, Süreyya Sadi	M	1961	
ParlaMint-TR-en_2019-11-26-tbmm-T27	tbmm-2019-11-26sit01spe0098par0430	The Turkish parliamentary corpus ParlaMint-TR-en, Term 27, Year 3, Session 22	2019-11-26	Unicameralism	27	3	22	-	-	Reference	English	Regular	MP	notMinister	AKP	Justice and Development Party	Coalition	Right	MihrimahBelma.Satır	Satır, Mihrimah Belma	M	1961	
ParlaMint-TR-en_2019-11-26-tbmm-T27	tbmm-2019-11-26sit01spe0100par0431	The Turkish parliamentary corpus ParlaMint-TR-en, Term 27, Year 3, Session 22	2019-11-26	Unicameralism	27	3	22	-	-	Reference	English	Regular	MP	notMinister	CHP	Republican People's Party	Opposition	Centre-left	Engin.Altay	Altay, Engin	M	1963	
ParlaMint-TR-en_2019-11-26-tbmm-T27	tbmm-2019-11-26sit01spe0098par0432	The Turkish parliamentary corpus ParlaMint-TR-en, Term 27, Year 3, Session 22	2019-11-26	Unicameralism	27	3	22	-	-	Reference	English	Regular	MP	notMinister	AKP	Justice and Development Party	Coalition	Right	MihrimahBelma.Satır	Satır, Mihrimah Belma	M	1961	
ParlaMint-TR-en_2019-11-26-tbmm-T27	tbmm-2019-11-26sit01spe0100par0433	The Turkish parliamentary corpus ParlaMint-TR-en, Term 27, Year 3, Session 22	2019-11-26	Unicameralism	27	3	22	-	-	Reference	English	Regular	MP	notMinister	CHP	Republican People's Party	Opposition	Centre-left	Engin.Altay	Altay, Engin	M	1963	
ParlaMint-TR-en_2019-11-26-tbmm-T27	tbmm-2019-11-26sit01spe0098par0434	The Turkish parliamentary corpus ParlaMint-TR-en, Term 27, Year 3, Session 22	2019-11-26	Unicameralism	27	3	22	-	-	Reference	English	Regular	MP	notMinister	AKP	Justice and Development Party	Coalition	Right	MihrimahBelma.Satır	Satır, Mihrimah Belma	M	1961	
ParlaMint-TR-en_2019-11-26-tbmm-T27	tbmm-2019-11-26sit01spe0101par0435	The Turkish parliamentary corpus ParlaMint-TR-en, Term 27, Year 3, Session 22	2019-11-26	Unicameralism	27	3	22	-	-	Reference	English	Chairperson	MP	notMinister	AKP	Justice and Development Party	Coalition	Right	SüreyyaSadi.Bilgiç	Bilgiç, Süreyya Sadi	M	1961	
ParlaMint-TR-en_2019-11-26-tbmm-T27	tbmm-2019-11-26sit01spe0102par0437	The Turkish parliamentary corpus ParlaMint-TR-en, Term 27, Year 3, Session 22	2019-11-26	Unicameralism	27	3	22	-	-	Reference	English	Regular	MP	notMinister	CHP	Republican People's Party	Opposition	Centre-left	Engin.Altay	Altay, Engin	M	1963	
ParlaMint-TR-en_2019-11-26-tbmm-T27	tbmm-2019-11-26sit01spe0103par0438	The Turkish parliamentary corpus ParlaMint-TR-en, Term 27, Year 3, Session 22	2019-11-26	Unicameralism	27	3	22	-	-	Reference	English	Regular	MP	notMinister	AKP	Justice and Development Party	Coalition	Right	MihrimahBelma.Satır	Satır, Mihrimah Belma	M	1961	
ParlaMint-TR-en_2019-11-26-tbmm-T27	tbmm-2019-11-26sit01spe0104par0439	The Turkish parliamentary corpus ParlaMint-TR-en, Term 27, Year 3, Session 22	2019-11-26	Unicameralism	27	3	22	-	-	Reference	English	Regular	MP	notMinister	AKP	Justice and Development Party	Coalition	Right	Yelda.Erol	Erol Gökcan, Yelda	M	1976	
ParlaMint-TR-en_2019-11-26-tbmm-T27	tbmm-2019-11-26sit01spe0103par0440	The Turkish parliamentary corpus ParlaMint-TR-en, Term 27, Year 3, Session 22	2019-11-26	Unicameralism	27	3	22	-	-	Reference	English	Regular	MP	notMinister	AKP	Justice and Development Party	Coalition	Right	MihrimahBelma.Satır	Satır, Mihrimah Belma	M	1961	
ParlaMint-TR-en_2019-11-26-tbmm-T27	tbmm-2019-11-26sit01spe0104par0441	The Turkish parliamentary corpus ParlaMint-TR-en, Term 27, Year 3, Session 22	2019-11-26	Unicameralism	27	3	22	-	-	Reference	English	Regular	MP	notMinister	AKP	Justice and Development Party	Coalition	Right	Yelda.Erol	Erol Gökcan, Yelda	M	1976	
ParlaMint-TR-en_2019-11-26-tbmm-T27	tbmm-2019-11-26sit01spe0105par0442	The Turkish parliamentary corpus ParlaMint-TR-en, Term 27, Year 3, Session 22	2019-11-26	Unicameralism	27	3	22	-	-	Reference	English	Regular	MP	notMinister	CHP	Republican People's Party	Opposition	Centre-left	Mahmut.Tanal	Tanal, Mahmut	M	1961	
ParlaMint-TR-en_2019-11-26-tbmm-T27	tbmm-2019-11-26sit01spe0106par0443	The Turkish parliamentary corpus ParlaMint-TR-en, Term 27, Year 3, Session 22	2019-11-26	Unicameralism	27	3	22	-	-	Reference	English	Regular	MP	notMinister	CHP	Republican People's Party	Opposition	Centre-left	Engin.Altay	Altay, Engin	M	1963	
ParlaMint-TR-en_2019-11-26-tbmm-T27	tbmm-2019-11-26sit01spe0104par0444	The Turkish parliamentary corpus ParlaMint-TR-en, Term 27, Year 3, Session 22	2019-11-26	Unicameralism	27	3	22	-	-	Reference	English	Regular	MP	notMinister	AKP	Justice and Development Party	Coalition	Right	Yelda.Erol	Erol Gökcan, Yelda	M	1976	
ParlaMint-TR-en_2019-11-26-tbmm-T27	tbmm-2019-11-26sit01spe0106par0445	The Turkish parliamentary corpus ParlaMint-TR-en, Term 27, Year 3, Session 22	2019-11-26	Unicameralism	27	3	22	-	-	Reference	English	Regular	MP	notMinister	CHP	Republican People's Party	Opposition	Centre-left	Engin.Altay	Altay, Engin	M	1963	
ParlaMint-TR-en_2019-11-26-tbmm-T27	tbmm-2019-11-26sit01spe0104par0446	The Turkish parliamentary corpus ParlaMint-TR-en, Term 27, Year 3, Session 22	2019-11-26	Unicameralism	27	3	22	-	-	Reference	English	Regular	MP	notMinister	AKP	Justice and Development Party	Coalition	Right	Yelda.Erol	Erol Gökcan, Yelda	M	1976	
ParlaMint-TR-en_2019-11-26-tbmm-T27	tbmm-2019-11-26sit01spe0107par0447	The Turkish parliamentary corpus ParlaMint-TR-en, Term 27, Year 3, Session 22	2019-11-26	Unicameralism	27	3	22	-	-	Reference	English	Chairperson	MP	notMinister	AKP	Justice and Development Party	Coalition	Right	SüreyyaSadi.Bilgiç	Bilgiç, Süreyya Sadi	M	1961	
ParlaMint-TR-en_2019-11-26-tbmm-T27	tbmm-2019-11-26sit01spe0108par0448	The Turkish parliamentary corpus ParlaMint-TR-en, Term 27, Year 3, Session 22	2019-11-26	Unicameralism	27	3	22	-	-	Reference	English	Regular	MP	notMinister	AKP	Justice and Development Party	Coalition	Right	MihrimahBelma.Satır	Satır, Mihrimah Belma	M	1961	
ParlaMint-TR-en_2019-11-26-tbmm-T27	tbmm-2019-11-26sit01spe0107par0449	The Turkish parliamentary corpus ParlaMint-TR-en, Term 27, Year 3, Session 22	2019-11-26	Unicameralism	27	3	22	-	-	Reference	English	Chairperson	MP	notMinister	AKP	Justice and Development Party	Coalition	Right	SüreyyaSadi.Bilgiç	Bilgiç, Süreyya Sadi	M	1961	
ParlaMint-TR-en_2019-11-26-tbmm-T27	tbmm-2019-11-26sit01spe0109par0450	The Turkish parliamentary corpus ParlaMint-TR-en, Term 27, Year 3, Session 22	2019-11-26	Unicameralism	27	3	22	-	-	Reference	English	Regular	MP	notMinister	CHP	Republican People's Party	Opposition	Centre-left	Engin.Altay	Altay, Engin	M	1963	
ParlaMint-TR-en_2019-11-26-tbmm-T27	tbmm-2019-11-26sit01spe0110par0451	The Turkish parliamentary corpus ParlaMint-TR-en, Term 27, Year 3, Session 22	2019-11-26	Unicameralism	27	3	22	-	-	Reference	English	Regular	MP	notMinister	AKP	Justice and Development Party	Coalition	Right	Ali.Özkaya	Özkaya, Ali	M	1970	
ParlaMint-TR-en_2019-11-26-tbmm-T27	tbmm-2019-11-26sit01spe0109par0452	The Turkish parliamentary corpus ParlaMint-TR-en, Term 27, Year 3, Session 22	2019-11-26	Unicameralism	27	3	22	-	-	Reference	English	Regular	MP	notMinister	CHP	Republican People's Party	Opposition	Centre-left	Engin.Altay	Altay, Engin	M	1963	
ParlaMint-TR-en_2019-11-26-tbmm-T27	tbmm-2019-11-26sit01spe0110par0453	The Turkish parliamentary corpus ParlaMint-TR-en, Term 27, Year 3, Session 22	2019-11-26	Unicameralism	27	3	22	-	-	Reference	English	Regular	MP	notMinister	AKP	Justice and Development Party	Coalition	Right	Ali.Özkaya	Özkaya, Ali	M	1970	
ParlaMint-TR-en_2019-11-26-tbmm-T27	tbmm-2019-11-26sit01spe0109par0454	The Turkish parliamentary corpus ParlaMint-TR-en, Term 27, Year 3, Session 22	2019-11-26	Unicameralism	27	3	22	-	-	Reference	English	Regular	MP	notMinister	CHP	Republican People's Party	Opposition	Centre-left	Engin.Altay	Altay, Engin	M	1963	
ParlaMint-TR-en_2019-11-26-tbmm-T27	tbmm-2019-11-26sit01spe0110par0457	The Turkish parliamentary corpus ParlaMint-TR-en, Term 27, Year 3, Session 22	2019-11-26	Unicameralism	27	3	22	-	-	Reference	English	Regular	MP	notMinister	AKP	Justice and Development Party	Coalition	Right	Ali.Özkaya	Özkaya, Ali	M	1970	
ParlaMint-TR-en_2019-11-26-tbmm-T27	tbmm-2019-11-26sit01spe0109par0458	The Turkish parliamentary corpus ParlaMint-TR-en, Term 27, Year 3, Session 22	2019-11-26	Unicameralism	27	3	22	-	-	Reference	English	Regular	MP	notMinister	CHP	Republican People's Party	Opposition	Centre-left	Engin.Altay	Altay, Engin	M	1963	
ParlaMint-TR-en_2019-11-26-tbmm-T27	tbmm-2019-11-26sit01spe0110par0459	The Turkish parliamentary corpus ParlaMint-TR-en, Term 27, Year 3, Session 22	2019-11-26	Unicameralism	27	3	22	-	-	Reference	English	Regular	MP	notMinister	AKP	Justice and Development Party	Coalition	Right	Ali.Özkaya	Özkaya, Ali	M	1970	
ParlaMint-TR-en_2019-11-26-tbmm-T27	tbmm-2019-11-26sit01spe0111par0460	The Turkish parliamentary corpus ParlaMint-TR-en, Term 27, Year 3, Session 22	2019-11-26	Unicameralism	27	3	22	-	-	Reference	English	Regular	MP	notMinister	CHP	Republican People's Party	Opposition	Centre-left	Faruk.Sarıaslan	Sarıaslan, Faruk	M	1953	
ParlaMint-TR-en_2019-11-26-tbmm-T27	tbmm-2019-11-26sit01spe0109par0461	The Turkish parliamentary corpus ParlaMint-TR-en, Term 27, Year 3, Session 22	2019-11-26	Unicameralism	27	3	22	-	-	Reference	English	Regular	MP	notMinister	CHP	Republican People's Party	Opposition	Centre-left	Engin.Altay	Altay, Engin	M	1963	
ParlaMint-TR-en_2019-11-26-tbmm-T27	tbmm-2019-11-26sit01spe0110par0462	The Turkish parliamentary corpus ParlaMint-TR-en, Term 27, Year 3, Session 22	2019-11-26	Unicameralism	27	3	22	-	-	Reference	English	Regular	MP	notMinister	AKP	Justice and Development Party	Coalition	Right	Ali.Özkaya	Özkaya, Ali	M	1970	
ParlaMint-TR-en_2019-11-26-tbmm-T27	tbmm-2019-11-26sit01spe0109par0463	The Turkish parliamentary corpus ParlaMint-TR-en, Term 27, Year 3, Session 22	2019-11-26	Unicameralism	27	3	22	-	-	Reference	English	Regular	MP	notMinister	CHP	Republican People's Party	Opposition	Centre-left	Engin.Altay	Altay, Engin	M	1963	
ParlaMint-TR-en_2019-11-26-tbmm-T27	tbmm-2019-11-26sit01spe0110par0464	The Turkish parliamentary corpus ParlaMint-TR-en, Term 27, Year 3, Session 22	2019-11-26	Unicameralism	27	3	22	-	-	Reference	English	Regular	MP	notMinister	AKP	Justice and Development Party	Coalition	Right	Ali.Özkaya	Özkaya, Ali	M	1970	
ParlaMint-TR-en_2019-11-26-tbmm-T27	tbmm-2019-11-26sit01spe0109par0465	The Turkish parliamentary corpus ParlaMint-TR-en, Term 27, Year 3, Session 22	2019-11-26	Unicameralism	27	3	22	-	-	Reference	English	Regular	MP	notMinister	CHP	Republican People's Party	Opposition	Centre-left	Engin.Altay	Altay, Engin	M	1963	
ParlaMint-TR-en_2019-11-26-tbmm-T27	tbmm-2019-11-26sit01spe0112par0466	The Turkish parliamentary corpus ParlaMint-TR-en, Term 27, Year 3, Session 22	2019-11-26	Unicameralism	27	3	22	-	-	Reference	English	Regular	MP	notMinister	CHP	Republican People's Party	Opposition	Centre-left	Faruk.Sarıaslan	Sarıaslan, Faruk	M	1953	
ParlaMint-TR-en_2019-11-26-tbmm-T27	tbmm-2019-11-26sit01spe0110par0467	The Turkish parliamentary corpus ParlaMint-TR-en, Term 27, Year 3, Session 22	2019-11-26	Unicameralism	27	3	22	-	-	Reference	English	Regular	MP	notMinister	AKP	Justice and Development Party	Coalition	Right	Ali.Özkaya	Özkaya, Ali	M	1970	
ParlaMint-TR-en_2019-11-26-tbmm-T27	tbmm-2019-11-26sit01spe0109par0468	The Turkish parliamentary corpus ParlaMint-TR-en, Term 27, Year 3, Session 22	2019-11-26	Unicameralism	27	3	22	-	-	Reference	English	Regular	MP	notMinister	CHP	Republican People's Party	Opposition	Centre-left	Engin.Altay	Altay, Engin	M	1963	
ParlaMint-TR-en_2019-11-26-tbmm-T27	tbmm-2019-11-26sit01spe0110par0469	The Turkish parliamentary corpus ParlaMint-TR-en, Term 27, Year 3, Session 22	2019-11-26	Unicameralism	27	3	22	-	-	Reference	English	Regular	MP	notMinister	AKP	Justice and Development Party	Coalition	Right	Ali.Özkaya	Özkaya, Ali	M	1970	
ParlaMint-TR-en_2019-11-26-tbmm-T27	tbmm-2019-11-26sit01spe0113par0470	The Turkish parliamentary corpus ParlaMint-TR-en, Term 27, Year 3, Session 22	2019-11-26	Unicameralism	27	3	22	-	-	Reference	English	Regular	MP	notMinister	CHP	Republican People's Party	Opposition	Centre-left	Kemal.Zeybek	Zeybek, Kemal	M	1962	
ParlaMint-TR-en_2019-11-26-tbmm-T27	tbmm-2019-11-26sit01spe0114par0471	The Turkish parliamentary corpus ParlaMint-TR-en, Term 27, Year 3, Session 22	2019-11-26	Unicameralism	27	3	22	-	-	Reference	English	Regular	MP	notMinister	CHP	Republican People's Party	Opposition	Centre-left	Ali.Şeker	Şeker, Ali	M	1968	
ParlaMint-TR-en_2019-11-26-tbmm-T27	tbmm-2019-11-26sit01spe0115par0472	The Turkish parliamentary corpus ParlaMint-TR-en, Term 27, Year 3, Session 22	2019-11-26	Unicameralism	27	3	22	-	-	Reference	English	Regular	MP	notMinister	CHP	Republican People's Party	Opposition	Centre-left	Ali.Öztunç	Öztunç, Ali	M	1976	
ParlaMint-TR-en_2019-11-26-tbmm-T27	tbmm-2019-11-26sit01spe0116par0473	The Turkish parliamentary corpus ParlaMint-TR-en, Term 27, Year 3, Session 22	2019-11-26	Unicameralism	27	3	22	-	-	Reference	English	Regular	MP	notMinister	AKP	Justice and Development Party	Coalition	Right	Ali.Özkaya	Özkaya, Ali	M	1970	
ParlaMint-TR-en_2019-11-26-tbmm-T27	tbmm-2019-11-26sit01spe0115par0474	The Turkish parliamentary corpus ParlaMint-TR-en, Term 27, Year 3, Session 22	2019-11-26	Unicameralism	27	3	22	-	-	Reference	English	Regular	MP	notMinister	CHP	Republican People's Party	Opposition	Centre-left	Ali.Öztunç	Öztunç, Ali	M	1976	
ParlaMint-TR-en_2019-11-26-tbmm-T27	tbmm-2019-11-26sit01spe0116par0475	The Turkish parliamentary corpus ParlaMint-TR-en, Term 27, Year 3, Session 22	2019-11-26	Unicameralism	27	3	22	-	-	Reference	English	Regular	MP	notMinister	AKP	Justice and Development Party	Coalition	Right	Ali.Özkaya	Özkaya, Ali	M	1970	
ParlaMint-TR-en_2019-11-26-tbmm-T27	tbmm-2019-11-26sit01spe0117par0476	The Turkish parliamentary corpus ParlaMint-TR-en, Term 27, Year 3, Session 22	2019-11-26	Unicameralism	27	3	22	-	-	Reference	English	Regular	MP	notMinister	CHP	Republican People's Party	Opposition	Centre-left	Engin.Altay	Altay, Engin	M	1963	
ParlaMint-TR-en_2019-11-26-tbmm-T27	tbmm-2019-11-26sit01spe0118par0478	The Turkish parliamentary corpus ParlaMint-TR-en, Term 27, Year 3, Session 22	2019-11-26	Unicameralism	27	3	22	-	-	Reference	English	Regular	MP	notMinister	CHP	Republican People's Party	Opposition	Centre-left	Kemal.Zeybek	Zeybek, Kemal	M	1962	
ParlaMint-TR-en_2019-11-26-tbmm-T27	tbmm-2019-11-26sit01spe0116par0479	The Turkish parliamentary corpus ParlaMint-TR-en, Term 27, Year 3, Session 22	2019-11-26	Unicameralism	27	3	22	-	-	Reference	English	Regular	MP	notMinister	AKP	Justice and Development Party	Coalition	Right	Ali.Özkaya	Özkaya, Ali	M	1970	
ParlaMint-TR-en_2019-11-26-tbmm-T27	tbmm-2019-11-26sit01spe0119par0480	The Turkish parliamentary corpus ParlaMint-TR-en, Term 27, Year 3, Session 22	2019-11-26	Unicameralism	27	3	22	-	-	Reference	English	Chairperson	MP	notMinister	AKP	Justice and Development Party	Coalition	Right	SüreyyaSadi.Bilgiç	Bilgiç, Süreyya Sadi	M	1961	
ParlaMint-TR-en_2019-11-26-tbmm-T27	tbmm-2019-11-26sit01spe0116par0481	The Turkish parliamentary corpus ParlaMint-TR-en, Term 27, Year 3, Session 22	2019-11-26	Unicameralism	27	3	22	-	-	Reference	English	Regular	MP	notMinister	AKP	Justice and Development Party	Coalition	Right	Ali.Özkaya	Özkaya, Ali	M	1970	
ParlaMint-TR-en_2019-11-26-tbmm-T27	tbmm-2019-11-26sit01spe0120par0482	The Turkish parliamentary corpus ParlaMint-TR-en, Term 27, Year 3, Session 22	2019-11-26	Unicameralism	27	3	22	-	-	Reference	English	Regular	MP	notMinister	CHP	Republican People's Party	Opposition	Centre-left	Mehmet.Göker	Göker, Mehmet	M	1967	
ParlaMint-TR-en_2019-11-26-tbmm-T27	tbmm-2019-11-26sit01spe0116par0483	The Turkish parliamentary corpus ParlaMint-TR-en, Term 27, Year 3, Session 22	2019-11-26	Unicameralism	27	3	22	-	-	Reference	English	Regular	MP	notMinister	AKP	Justice and Development Party	Coalition	Right	Ali.Özkaya	Özkaya, Ali	M	1970	
ParlaMint-TR-en_2019-11-26-tbmm-T27	tbmm-2019-11-26sit01spe0120par0484	The Turkish parliamentary corpus ParlaMint-TR-en, Term 27, Year 3, Session 22	2019-11-26	Unicameralism	27	3	22	-	-	Reference	English	Regular	MP	notMinister	CHP	Republican People's Party	Opposition	Centre-left	Mehmet.Göker	Göker, Mehmet	M	1967	
ParlaMint-TR-en_2019-11-26-tbmm-T27	tbmm-2019-11-26sit01spe0116par0485	The Turkish parliamentary corpus ParlaMint-TR-en, Term 27, Year 3, Session 22	2019-11-26	Unicameralism	27	3	22	-	-	Reference	English	Regular	MP	notMinister	AKP	Justice and Development Party	Coalition	Right	Ali.Özkaya	Özkaya, Ali	M	1970	
ParlaMint-TR-en_2019-11-26-tbmm-T27	tbmm-2019-11-26sit01spe0121par0486	The Turkish parliamentary corpus ParlaMint-TR-en, Term 27, Year 3, Session 22	2019-11-26	Unicameralism	27	3	22	-	-	Reference	English	Chairperson	MP	notMinister	AKP	Justice and Development Party	Coalition	Right	SüreyyaSadi.Bilgiç	Bilgiç, Süreyya Sadi	M	1961	
ParlaMint-TR-en_2019-11-26-tbmm-T27	tbmm-2019-11-26sit01spe0122par0487	The Turkish parliamentary corpus ParlaMint-TR-en, Term 27, Year 3, Session 22	2019-11-26	Unicameralism	27	3	22	-	-	Reference	English	Regular	MP	notMinister	CHP	Republican People's Party	Opposition	Centre-left	Engin.Altay	Altay, Engin	M	1963	
ParlaMint-TR-en_2019-11-26-tbmm-T27	tbmm-2019-11-26sit01spe0123par0489	The Turkish parliamentary corpus ParlaMint-TR-en, Term 27, Year 3, Session 22	2019-11-26	Unicameralism	27	3	22	-	-	Reference	English	Regular	MP	notMinister	AKP	Justice and Development Party	Coalition	Right	Ali.Özkaya	Özkaya, Ali	M	1970	
ParlaMint-TR-en_2019-11-26-tbmm-T27	tbmm-2019-11-26sit01spe0122par0490	The Turkish parliamentary corpus ParlaMint-TR-en, Term 27, Year 3, Session 22	2019-11-26	Unicameralism	27	3	22	-	-	Reference	English	Regular	MP	notMinister	CHP	Republican People's Party	Opposition	Centre-left	Engin.Altay	Altay, Engin	M	1963	
ParlaMint-TR-en_2019-11-26-tbmm-T27	tbmm-2019-11-26sit01spe0123par0493	The Turkish parliamentary corpus ParlaMint-TR-en, Term 27, Year 3, Session 22	2019-11-26	Unicameralism	27	3	22	-	-	Reference	English	Regular	MP	notMinister	AKP	Justice and Development Party	Coalition	Right	Ali.Özkaya	Özkaya, Ali	M	1970	
ParlaMint-TR-en_2019-11-26-tbmm-T27	tbmm-2019-11-26sit01spe0122par0494	The Turkish parliamentary corpus ParlaMint-TR-en, Term 27, Year 3, Session 22	2019-11-26	Unicameralism	27	3	22	-	-	Reference	English	Regular	MP	notMinister	CHP	Republican People's Party	Opposition	Centre-left	Engin.Altay	Altay, Engin	M	1963	
ParlaMint-TR-en_2019-11-26-tbmm-T27	tbmm-2019-11-26sit01spe0123par0495	The Turkish parliamentary corpus ParlaMint-TR-en, Term 27, Year 3, Session 22	2019-11-26	Unicameralism	27	3	22	-	-	Reference	English	Regular	MP	notMinister	AKP	Justice and Development Party	Coalition	Right	Ali.Özkaya	Özkaya, Ali	M	1970	
ParlaMint-TR-en_2019-11-26-tbmm-T27	tbmm-2019-11-26sit01spe0122par0496	The Turkish parliamentary corpus ParlaMint-TR-en, Term 27, Year 3, Session 22	2019-11-26	Unicameralism	27	3	22	-	-	Reference	English	Regular	MP	notMinister	CHP	Republican People's Party	Opposition	Centre-left	Engin.Altay	Altay, Engin	M	1963	
ParlaMint-TR-en_2019-11-26-tbmm-T27	tbmm-2019-11-26sit01spe0123par0497	The Turkish parliamentary corpus ParlaMint-TR-en, Term 27, Year 3, Session 22	2019-11-26	Unicameralism	27	3	22	-	-	Reference	English	Regular	MP	notMinister	AKP	Justice and Development Party	Coalition	Right	Ali.Özkaya	Özkaya, Ali	M	1970	
ParlaMint-TR-en_2019-11-26-tbmm-T27	tbmm-2019-11-26sit01spe0122par0498	The Turkish parliamentary corpus ParlaMint-TR-en, Term 27, Year 3, Session 22	2019-11-26	Unicameralism	27	3	22	-	-	Reference	English	Regular	MP	notMinister	CHP	Republican People's Party	Opposition	Centre-left	Engin.Altay	Altay, Engin	M	1963	
ParlaMint-TR-en_2019-11-26-tbmm-T27	tbmm-2019-11-26sit01spe0123par0499	The Turkish parliamentary corpus ParlaMint-TR-en, Term 27, Year 3, Session 22	2019-11-26	Unicameralism	27	3	22	-	-	Reference	English	Regular	MP	notMinister	AKP	Justice and Development Party	Coalition	Right	Ali.Özkaya	Özkaya, Ali	M	1970	
ParlaMint-TR-en_2019-11-26-tbmm-T27	tbmm-2019-11-26sit01spe0122par0500	The Turkish parliamentary corpus ParlaMint-TR-en, Term 27, Year 3, Session 22	2019-11-26	Unicameralism	27	3	22	-	-	Reference	English	Regular	MP	notMinister	CHP	Republican People's Party	Opposition	Centre-left	Engin.Altay	Altay, Engin	M	1963	
ParlaMint-TR-en_2019-11-26-tbmm-T27	tbmm-2019-11-26sit01spe0123par0501	The Turkish parliamentary corpus ParlaMint-TR-en, Term 27, Year 3, Session 22	2019-11-26	Unicameralism	27	3	22	-	-	Reference	English	Regular	MP	notMinister	AKP	Justice and Development Party	Coalition	Right	Ali.Özkaya	Özkaya, Ali	M	1970	
ParlaMint-TR-en_2019-11-26-tbmm-T27	tbmm-2019-11-26sit01spe0124par0502	The Turkish parliamentary corpus ParlaMint-TR-en, Term 27, Year 3, Session 22	2019-11-26	Unicameralism	27	3	22	-	-	Reference	English	Chairperson	MP	notMinister	AKP	Justice and Development Party	Coalition	Right	SüreyyaSadi.Bilgiç	Bilgiç, Süreyya Sadi	M	1961	
ParlaMint-TR-en_2019-11-26-tbmm-T27	tbmm-2019-11-26sit02spe0124par0001	The Turkish parliamentary corpus ParlaMint-TR-en, Term 27, Year 3, Session 22	2019-11-26	Unicameralism	27	3	22	-	-	Reference	English	Chairperson	MP	notMinister	AKP	Justice and Development Party	Coalition	Right	SüreyyaSadi.Bilgiç	Bilgiç, Süreyya Sadi	M	1961	
ParlaMint-TR-en_2019-11-26-tbmm-T27	tbmm-2019-11-26sit02spe0125par0030	The Turkish parliamentary corpus ParlaMint-TR-en, Term 27, Year 3, Session 22	2019-11-26	Unicameralism	27	3	22	-	-	Reference	English	Regular	MP	notMinister	IYI	İYİ Party	Opposition	Centre-right	AbdulAhat.Andican	Andican, Abdul Ahat	M	1950	
ParlaMint-TR-en_2019-11-26-tbmm-T27	tbmm-2019-11-26sit02spe0126par0037	The Turkish parliamentary corpus ParlaMint-TR-en, Term 27, Year 3, Session 22	2019-11-26	Unicameralism	27	3	22	-	-	Reference	English	Chairperson	MP	notMinister	AKP	Justice and Development Party	Coalition	Right	SüreyyaSadi.Bilgiç	Bilgiç, Süreyya Sadi	M	1961	
ParlaMint-TR-en_2019-11-26-tbmm-T27	tbmm-2019-11-26sit02spe0125par0038	The Turkish parliamentary corpus ParlaMint-TR-en, Term 27, Year 3, Session 22	2019-11-26	Unicameralism	27	3	22	-	-	Reference	English	Regular	MP	notMinister	IYI	İYİ Party	Opposition	Centre-right	AbdulAhat.Andican	Andican, Abdul Ahat	M	1950	
ParlaMint-TR-en_2019-11-26-tbmm-T27	tbmm-2019-11-26sit02spe0127par0042	The Turkish parliamentary corpus ParlaMint-TR-en, Term 27, Year 3, Session 22	2019-11-26	Unicameralism	27	3	22	-	-	Reference	English	Chairperson	MP	notMinister	AKP	Justice and Development Party	Coalition	Right	SüreyyaSadi.Bilgiç	Bilgiç, Süreyya Sadi	M	1961	
ParlaMint-TR-en_2019-11-26-tbmm-T27	tbmm-2019-11-26sit02spe0125par0044	The Turkish parliamentary corpus ParlaMint-TR-en, Term 27, Year 3, Session 22	2019-11-26	Unicameralism	27	3	22	-	-	Reference	English	Regular	MP	notMinister	IYI	İYİ Party	Opposition	Centre-right	AbdulAhat.Andican	Andican, Abdul Ahat	M	1950	
ParlaMint-TR-en_2019-11-26-tbmm-T27	tbmm-2019-11-26sit02spe0127par0047	The Turkish parliamentary corpus ParlaMint-TR-en, Term 27, Year 3, Session 22	2019-11-26	Unicameralism	27	3	22	-	-	Reference	English	Chairperson	MP	notMinister	AKP	Justice and Development Party	Coalition	Right	SüreyyaSadi.Bilgiç	Bilgiç, Süreyya Sadi	M	1961	
ParlaMint-TR-en_2019-11-26-tbmm-T27	tbmm-2019-11-26sit02spe0128par0049	The Turkish parliamentary corpus ParlaMint-TR-en, Term 27, Year 3, Session 22	2019-11-26	Unicameralism	27	3	22	-	-	Reference	English	Regular	MP	notMinister	CHP	Republican People's Party	Opposition	Centre-left	Faruk.Sarıaslan	Sarıaslan, Faruk	M	1953	
ParlaMint-TR-en_2019-11-26-tbmm-T27	tbmm-2019-11-26sit02spe0129par0056	The Turkish parliamentary corpus ParlaMint-TR-en, Term 27, Year 3, Session 22	2019-11-26	Unicameralism	27	3	22	-	-	Reference	English	Chairperson	MP	notMinister	AKP	Justice and Development Party	Coalition	Right	SüreyyaSadi.Bilgiç	Bilgiç, Süreyya Sadi	M	1961	
ParlaMint-TR-en_2019-11-26-tbmm-T27	tbmm-2019-11-26sit02spe0128par0057	The Turkish parliamentary corpus ParlaMint-TR-en, Term 27, Year 3, Session 22	2019-11-26	Unicameralism	27	3	22	-	-	Reference	English	Regular	MP	notMinister	CHP	Republican People's Party	Opposition	Centre-left	Faruk.Sarıaslan	Sarıaslan, Faruk	M	1953	
ParlaMint-TR-en_2019-11-26-tbmm-T27	tbmm-2019-11-26sit02spe0130par0062	The Turkish parliamentary corpus ParlaMint-TR-en, Term 27, Year 3, Session 22	2019-11-26	Unicameralism	27	3	22	-	-	Reference	English	Chairperson	MP	notMinister	AKP	Justice and Development Party	Coalition	Right	SüreyyaSadi.Bilgiç	Bilgiç, Süreyya Sadi	M	1961	
ParlaMint-TR-en_2019-11-26-tbmm-T27	tbmm-2019-11-26sit02spe0131par0065	The Turkish parliamentary corpus ParlaMint-TR-en, Term 27, Year 3, Session 22	2019-11-26	Unicameralism	27	3	22	-	-	Reference	English	Regular	MP	notMinister	AKP	Justice and Development Party	Coalition	Right	HacıAhmet.Özdemir	Özdemir, Hacı Ahmet	M	1961	
ParlaMint-TR-en_2019-11-26-tbmm-T27	tbmm-2019-11-26sit02spe0132par0068	The Turkish parliamentary corpus ParlaMint-TR-en, Term 27, Year 3, Session 22	2019-11-26	Unicameralism	27	3	22	-	-	Reference	English	Regular	MP	notMinister	CHP	Republican People's Party	Opposition	Centre-left	Engin.Altay	Altay, Engin	M	1963	
ParlaMint-TR-en_2019-11-26-tbmm-T27	tbmm-2019-11-26sit02spe0131par0069	The Turkish parliamentary corpus ParlaMint-TR-en, Term 27, Year 3, Session 22	2019-11-26	Unicameralism	27	3	22	-	-	Reference	English	Regular	MP	notMinister	AKP	Justice and Development Party	Coalition	Right	HacıAhmet.Özdemir	Özdemir, Hacı Ahmet	M	1961	
ParlaMint-TR-en_2019-11-26-tbmm-T27	tbmm-2019-11-26sit02spe0133par0072	The Turkish parliamentary corpus ParlaMint-TR-en, Term 27, Year 3, Session 22	2019-11-26	Unicameralism	27	3	22	-	-	Reference	English	Chairperson	MP	notMinister	AKP	Justice and Development Party	Coalition	Right	SüreyyaSadi.Bilgiç	Bilgiç, Süreyya Sadi	M	1961	
ParlaMint-TR-en_2019-11-26-tbmm-T27	tbmm-2019-11-26sit02spe0131par0073	The Turkish parliamentary corpus ParlaMint-TR-en, Term 27, Year 3, Session 22	2019-11-26	Unicameralism	27	3	22	-	-	Reference	English	Regular	MP	notMinister	AKP	Justice and Development Party	Coalition	Right	HacıAhmet.Özdemir	Özdemir, Hacı Ahmet	M	1961	
ParlaMint-TR-en_2019-11-26-tbmm-T27	tbmm-2019-11-26sit02spe0134par0077	The Turkish parliamentary corpus ParlaMint-TR-en, Term 27, Year 3, Session 22	2019-11-26	Unicameralism	27	3	22	-	-	Reference	English	Chairperson	MP	notMinister	AKP	Justice and Development Party	Coalition	Right	SüreyyaSadi.Bilgiç	Bilgiç, Süreyya Sadi	M	1961	
ParlaMint-TR-en_2019-11-26-tbmm-T27	tbmm-2019-11-26sit02spe0131par0078	The Turkish parliamentary corpus ParlaMint-TR-en, Term 27, Year 3, Session 22	2019-11-26	Unicameralism	27	3	22	-	-	Reference	English	Regular	MP	notMinister	AKP	Justice and Development Party	Coalition	Right	HacıAhmet.Özdemir	Özdemir, Hacı Ahmet	M	1961	
ParlaMint-TR-en_2019-11-26-tbmm-T27	tbmm-2019-11-26sit02spe0135par0082	The Turkish parliamentary corpus ParlaMint-TR-en, Term 27, Year 3, Session 22	2019-11-26	Unicameralism	27	3	22	-	-	Reference	English	Regular	MP	notMinister	IYI	İYİ Party	Opposition	Centre-right	Fahrettin.Yokuş	Yokuş, Fahrettin	M	1958	
ParlaMint-TR-en_2019-11-26-tbmm-T27	tbmm-2019-11-26sit02spe0136par0083	The Turkish parliamentary corpus ParlaMint-TR-en, Term 27, Year 3, Session 22	2019-11-26	Unicameralism	27	3	22	-	-	Reference	English	Chairperson	MP	notMinister	AKP	Justice and Development Party	Coalition	Right	SüreyyaSadi.Bilgiç	Bilgiç, Süreyya Sadi	M	1961	
ParlaMint-TR-en_2019-11-26-tbmm-T27	tbmm-2019-11-26sit02spe0137par0098	The Turkish parliamentary corpus ParlaMint-TR-en, Term 27, Year 3, Session 22	2019-11-26	Unicameralism	27	3	22	-	-	Reference	English	Regular	MP	notMinister	HDP	Peoples' Democratic Party	Opposition	Centre-left to left	Necdet.İpekyüz	İpekyüz, Necdet	M	1964	
ParlaMint-TR-en_2019-11-26-tbmm-T27	tbmm-2019-11-26sit02spe0138par0108	The Turkish parliamentary corpus ParlaMint-TR-en, Term 27, Year 3, Session 22	2019-11-26	Unicameralism	27	3	22	-	-	Reference	English	Chairperson	MP	notMinister	AKP	Justice and Development Party	Coalition	Right	SüreyyaSadi.Bilgiç	Bilgiç, Süreyya Sadi	M	1961	
ParlaMint-TR-en_2019-11-26-tbmm-T27	tbmm-2019-11-26sit02spe0137par0109	The Turkish parliamentary corpus ParlaMint-TR-en, Term 27, Year 3, Session 22	2019-11-26	Unicameralism	27	3	22	-	-	Reference	English	Regular	MP	notMinister	HDP	Peoples' Democratic Party	Opposition	Centre-left to left	Necdet.İpekyüz	İpekyüz, Necdet	M	1964	
ParlaMint-TR-en_2019-11-26-tbmm-T27	tbmm-2019-11-26sit02spe0139par0116	The Turkish parliamentary corpus ParlaMint-TR-en, Term 27, Year 3, Session 22	2019-11-26	Unicameralism	27	3	22	-	-	Reference	English	Chairperson	MP	notMinister	AKP	Justice and Development Party	Coalition	Right	SüreyyaSadi.Bilgiç	Bilgiç, Süreyya Sadi	M	1961	
ParlaMint-TR-en_2019-11-26-tbmm-T27	tbmm-2019-11-26sit02spe0140par0118	The Turkish parliamentary corpus ParlaMint-TR-en, Term 27, Year 3, Session 22	2019-11-26	Unicameralism	27	3	22	-	-	Reference	English	Regular	MP	notMinister	CHP	Republican People's Party	Opposition	Centre-left	Özgür.Karabat	Karabat, Özgür	M	1974	
ParlaMint-TR-en_2019-11-26-tbmm-T27	tbmm-2019-11-26sit02spe0141par0127	The Turkish parliamentary corpus ParlaMint-TR-en, Term 27, Year 3, Session 22	2019-11-26	Unicameralism	27	3	22	-	-	Reference	English	Chairperson	MP	notMinister	AKP	Justice and Development Party	Coalition	Right	SüreyyaSadi.Bilgiç	Bilgiç, Süreyya Sadi	M	1961	
ParlaMint-TR-en_2019-11-26-tbmm-T27	tbmm-2019-11-26sit02spe0140par0128	The Turkish parliamentary corpus ParlaMint-TR-en, Term 27, Year 3, Session 22	2019-11-26	Unicameralism	27	3	22	-	-	Reference	English	Regular	MP	notMinister	CHP	Republican People's Party	Opposition	Centre-left	Özgür.Karabat	Karabat, Özgür	M	1974	
ParlaMint-TR-en_2019-11-26-tbmm-T27	tbmm-2019-11-26sit02spe0141par0131	The Turkish parliamentary corpus ParlaMint-TR-en, Term 27, Year 3, Session 22	2019-11-26	Unicameralism	27	3	22	-	-	Reference	English	Chairperson	MP	notMinister	AKP	Justice and Development Party	Coalition	Right	SüreyyaSadi.Bilgiç	Bilgiç, Süreyya Sadi	M	1961	
ParlaMint-TR-en_2019-11-26-tbmm-T27	tbmm-2019-11-26sit02spe0142par0134	The Turkish parliamentary corpus ParlaMint-TR-en, Term 27, Year 3, Session 22	2019-11-26	Unicameralism	27	3	22	-	-	Reference	English	Regular	MP	notMinister	AKP	Justice and Development Party	Coalition	Right	MehmetŞükrü.Erdinç	Erdinç, Mehmet Şükrü	M	1976	
ParlaMint-TR-en_2019-11-26-tbmm-T27	tbmm-2019-11-26sit02spe0143par0141	The Turkish parliamentary corpus ParlaMint-TR-en, Term 27, Year 3, Session 22	2019-11-26	Unicameralism	27	3	22	-	-	Reference	English	Chairperson	MP	notMinister	AKP	Justice and Development Party	Coalition	Right	SüreyyaSadi.Bilgiç	Bilgiç, Süreyya Sadi	M	1961	
ParlaMint-TR-en_2019-11-26-tbmm-T27	tbmm-2019-11-26sit02spe0142par0142	The Turkish parliamentary corpus ParlaMint-TR-en, Term 27, Year 3, Session 22	2019-11-26	Unicameralism	27	3	22	-	-	Reference	English	Regular	MP	notMinister	AKP	Justice and Development Party	Coalition	Right	MehmetŞükrü.Erdinç	Erdinç, Mehmet Şükrü	M	1976	
ParlaMint-TR-en_2019-11-26-tbmm-T27	tbmm-2019-11-26sit02spe0144par0147	The Turkish parliamentary corpus ParlaMint-TR-en, Term 27, Year 3, Session 22	2019-11-26	Unicameralism	27	3	22	-	-	Reference	English	Chairperson	MP	notMinister	AKP	Justice and Development Party	Coalition	Right	SüreyyaSadi.Bilgiç	Bilgiç, Süreyya Sadi	M	1961	
ParlaMint-TR-en_2019-11-26-tbmm-T27	tbmm-2019-11-26sit02spe0145par0161	The Turkish parliamentary corpus ParlaMint-TR-en, Term 27, Year 3, Session 22	2019-11-26	Unicameralism	27	3	22	-	-	Reference	English	Regular	MP	notMinister	CHP	Republican People's Party	Opposition	Centre-left	Yıldırım.Kaya	Kaya, Yıldırım	M	1958	
ParlaMint-TR-en_2019-11-26-tbmm-T27	tbmm-2019-11-26sit02spe0146par0173	The Turkish parliamentary corpus ParlaMint-TR-en, Term 27, Year 3, Session 22	2019-11-26	Unicameralism	27	3	22	-	-	Reference	English	Chairperson	MP	notMinister	AKP	Justice and Development Party	Coalition	Right	SüreyyaSadi.Bilgiç	Bilgiç, Süreyya Sadi	M	1961	
ParlaMint-TR-en_2019-11-26-tbmm-T27	tbmm-2019-11-26sit02spe0145par0174	The Turkish parliamentary corpus ParlaMint-TR-en, Term 27, Year 3, Session 22	2019-11-26	Unicameralism	27	3	22	-	-	Reference	English	Regular	MP	notMinister	CHP	Republican People's Party	Opposition	Centre-left	Yıldırım.Kaya	Kaya, Yıldırım	M	1958	
ParlaMint-TR-en_2019-11-26-tbmm-T27	tbmm-2019-11-26sit02spe0147par0176	The Turkish parliamentary corpus ParlaMint-TR-en, Term 27, Year 3, Session 22	2019-11-26	Unicameralism	27	3	22	-	-	Reference	English	Regular	MP	notMinister	CHP	Republican People's Party	Opposition	Centre-left	Mahmut.Tanal	Tanal, Mahmut	M	1961	
ParlaMint-TR-en_2019-11-26-tbmm-T27	tbmm-2019-11-26sit02spe0145par0177	The Turkish parliamentary corpus ParlaMint-TR-en, Term 27, Year 3, Session 22	2019-11-26	Unicameralism	27	3	22	-	-	Reference	English	Regular	MP	notMinister	CHP	Republican People's Party	Opposition	Centre-left	Yıldırım.Kaya	Kaya, Yıldırım	M	1958	
ParlaMint-TR-en_2019-11-26-tbmm-T27	tbmm-2019-11-26sit02spe0147par0178	The Turkish parliamentary corpus ParlaMint-TR-en, Term 27, Year 3, Session 22	2019-11-26	Unicameralism	27	3	22	-	-	Reference	English	Regular	MP	notMinister	CHP	Republican People's Party	Opposition	Centre-left	Mahmut.Tanal	Tanal, Mahmut	M	1961	
ParlaMint-TR-en_2019-11-26-tbmm-T27	tbmm-2019-11-26sit02spe0145par0179	The Turkish parliamentary corpus ParlaMint-TR-en, Term 27, Year 3, Session 22	2019-11-26	Unicameralism	27	3	22	-	-	Reference	English	Regular	MP	notMinister	CHP	Republican People's Party	Opposition	Centre-left	Yıldırım.Kaya	Kaya, Yıldırım	M	1958	
ParlaMint-TR-en_2019-11-26-tbmm-T27	tbmm-2019-11-26sit02spe0148par0183	The Turkish parliamentary corpus ParlaMint-TR-en, Term 27, Year 3, Session 22	2019-11-26	Unicameralism	27	3	22	-	-	Reference	English	Chairperson	MP	notMinister	AKP	Justice and Development Party	Coalition	Right	SüreyyaSadi.Bilgiç	Bilgiç, Süreyya Sadi	M	1961	
ParlaMint-TR-en_2019-11-26-tbmm-T27	tbmm-2019-11-26sit02spe0149par0185	The Turkish parliamentary corpus ParlaMint-TR-en, Term 27, Year 3, Session 22	2019-11-26	Unicameralism	27	3	22	-	-	Reference	English	Regular	MP	notMinister	IYI	İYİ Party	Opposition	Centre-right	İsmail.Koncuk	Koncuk, İsmail	M	1959	
ParlaMint-TR-en_2019-11-26-tbmm-T27	tbmm-2019-11-26sit02spe0150par0193	The Turkish parliamentary corpus ParlaMint-TR-en, Term 27, Year 3, Session 22	2019-11-26	Unicameralism	27	3	22	-	-	Reference	English	Chairperson	MP	notMinister	AKP	Justice and Development Party	Coalition	Right	SüreyyaSadi.Bilgiç	Bilgiç, Süreyya Sadi	M	1961	
ParlaMint-TR-en_2019-11-26-tbmm-T27	tbmm-2019-11-26sit02spe0149par0194	The Turkish parliamentary corpus ParlaMint-TR-en, Term 27, Year 3, Session 22	2019-11-26	Unicameralism	27	3	22	-	-	Reference	English	Regular	MP	notMinister	IYI	İYİ Party	Opposition	Centre-right	İsmail.Koncuk	Koncuk, İsmail	M	1959	
ParlaMint-TR-en_2019-11-26-tbmm-T27	tbmm-2019-11-26sit02spe0151par0199	The Turkish parliamentary corpus ParlaMint-TR-en, Term 27, Year 3, Session 22	2019-11-26	Unicameralism	27	3	22	-	-	Reference	English	Chairperson	MP	notMinister	AKP	Justice and Development Party	Coalition	Right	SüreyyaSadi.Bilgiç	Bilgiç, Süreyya Sadi	M	1961	
ParlaMint-TR-en_2019-11-26-tbmm-T27	tbmm-2019-11-26sit02spe0152par0201	The Turkish parliamentary corpus ParlaMint-TR-en, Term 27, Year 3, Session 22	2019-11-26	Unicameralism	27	3	22	-	-	Reference	English	Regular	MP	notMinister	HDP	Peoples' Democratic Party	Opposition	Centre-left to left	Ali.Kenanoğlu	Kenanoğlu, Ali	M	1971	
ParlaMint-TR-en_2019-11-26-tbmm-T27	tbmm-2019-11-26sit02spe0153par0209	The Turkish parliamentary corpus ParlaMint-TR-en, Term 27, Year 3, Session 22	2019-11-26	Unicameralism	27	3	22	-	-	Reference	English	Chairperson	MP	notMinister	AKP	Justice and Development Party	Coalition	Right	SüreyyaSadi.Bilgiç	Bilgiç, Süreyya Sadi	M	1961	
ParlaMint-TR-en_2019-11-26-tbmm-T27	tbmm-2019-11-26sit02spe0152par0210	The Turkish parliamentary corpus ParlaMint-TR-en, Term 27, Year 3, Session 22	2019-11-26	Unicameralism	27	3	22	-	-	Reference	English	Regular	MP	notMinister	HDP	Peoples' Democratic Party	Opposition	Centre-left to left	Ali.Kenanoğlu	Kenanoğlu, Ali	M	1971	
ParlaMint-TR-en_2019-11-26-tbmm-T27	tbmm-2019-11-26sit02spe0154par0214	The Turkish parliamentary corpus ParlaMint-TR-en, Term 27, Year 3, Session 22	2019-11-26	Unicameralism	27	3	22	-	-	Reference	English	Chairperson	MP	notMinister	AKP	Justice and Development Party	Coalition	Right	SüreyyaSadi.Bilgiç	Bilgiç, Süreyya Sadi	M	1961	
ParlaMint-TR-en_2019-11-26-tbmm-T27	tbmm-2019-11-26sit02spe0155par0215	The Turkish parliamentary corpus ParlaMint-TR-en, Term 27, Year 3, Session 22	2019-11-26	Unicameralism	27	3	22	-	-	Reference	English	Regular	MP	notMinister	AKP	Justice and Development Party	Coalition	Right	Nazım.Maviş	Maviş, Nazım	M	1971	
ParlaMint-TR-en_2019-11-26-tbmm-T27	tbmm-2019-11-26sit02spe0156par0223	The Turkish parliamentary corpus ParlaMint-TR-en, Term 27, Year 3, Session 22	2019-11-26	Unicameralism	27	3	22	-	-	Reference	English	Chairperson	MP	notMinister	AKP	Justice and Development Party	Coalition	Right	SüreyyaSadi.Bilgiç	Bilgiç, Süreyya Sadi	M	1961	
ParlaMint-TR-en_2019-11-26-tbmm-T27	tbmm-2019-11-26sit02spe0155par0224	The Turkish parliamentary corpus ParlaMint-TR-en, Term 27, Year 3, Session 22	2019-11-26	Unicameralism	27	3	22	-	-	Reference	English	Regular	MP	notMinister	AKP	Justice and Development Party	Coalition	Right	Nazım.Maviş	Maviş, Nazım	M	1971	
ParlaMint-TR-en_2019-11-26-tbmm-T27	tbmm-2019-11-26sit02spe0157par0225	The Turkish parliamentary corpus ParlaMint-TR-en, Term 27, Year 3, Session 22	2019-11-26	Unicameralism	27	3	22	-	-	Reference	English	Regular	MP	notMinister	CHP	Republican People's Party	Opposition	Centre-left	Yıldırım.Kaya	Kaya, Yıldırım	M	1958	
ParlaMint-TR-en_2019-11-26-tbmm-T27	tbmm-2019-11-26sit02spe0155par0226	The Turkish parliamentary corpus ParlaMint-TR-en, Term 27, Year 3, Session 22	2019-11-26	Unicameralism	27	3	22	-	-	Reference	English	Regular	MP	notMinister	AKP	Justice and Development Party	Coalition	Right	Nazım.Maviş	Maviş, Nazım	M	1971	
ParlaMint-TR-en_2019-11-26-tbmm-T27	tbmm-2019-11-26sit02spe0157par0227	The Turkish parliamentary corpus ParlaMint-TR-en, Term 27, Year 3, Session 22	2019-11-26	Unicameralism	27	3	22	-	-	Reference	English	Regular	MP	notMinister	CHP	Republican People's Party	Opposition	Centre-left	Yıldırım.Kaya	Kaya, Yıldırım	M	1958	
ParlaMint-TR-en_2019-11-26-tbmm-T27	tbmm-2019-11-26sit02spe0155par0228	The Turkish parliamentary corpus ParlaMint-TR-en, Term 27, Year 3, Session 22	2019-11-26	Unicameralism	27	3	22	-	-	Reference	English	Regular	MP	notMinister	AKP	Justice and Development Party	Coalition	Right	Nazım.Maviş	Maviş, Nazım	M	1971	
ParlaMint-TR-en_2019-11-26-tbmm-T27	tbmm-2019-11-26sit02spe0158par0233	The Turkish parliamentary corpus ParlaMint-TR-en, Term 27, Year 3, Session 22	2019-11-26	Unicameralism	27	3	22	-	-	Reference	English	Chairperson	MP	notMinister	AKP	Justice and Development Party	Coalition	Right	SüreyyaSadi.Bilgiç	Bilgiç, Süreyya Sadi	M	1961	
ParlaMint-TR-en_2019-11-26-tbmm-T27	tbmm-2019-11-26sit02spe0159par0258	The Turkish parliamentary corpus ParlaMint-TR-en, Term 27, Year 3, Session 22	2019-11-26	Unicameralism	27	3	22	-	-	Reference	English	Regular	MP	notMinister	CHP	Republican People's Party	Opposition	Centre-left	Engin.Altay	Altay, Engin	M	1963	
ParlaMint-TR-en_2019-11-26-tbmm-T27	tbmm-2019-11-26sit02spe0160par0264	The Turkish parliamentary corpus ParlaMint-TR-en, Term 27, Year 3, Session 22	2019-11-26	Unicameralism	27	3	22	-	-	Reference	English	Chairperson	MP	notMinister	AKP	Justice and Development Party	Coalition	Right	SüreyyaSadi.Bilgiç	Bilgiç, Süreyya Sadi	M	1961	
ParlaMint-TR-en_2019-11-26-tbmm-T27	tbmm-2019-11-26sit02spe0159par0265	The Turkish parliamentary corpus ParlaMint-TR-en, Term 27, Year 3, Session 22	2019-11-26	Unicameralism	27	3	22	-	-	Reference	English	Regular	MP	notMinister	CHP	Republican People's Party	Opposition	Centre-left	Engin.Altay	Altay, Engin	M	1963	
ParlaMint-TR-en_2019-11-26-tbmm-T27	tbmm-2019-11-26sit02spe0161par0269	The Turkish parliamentary corpus ParlaMint-TR-en, Term 27, Year 3, Session 22	2019-11-26	Unicameralism	27	3	22	-	-	Reference	English	Chairperson	MP	notMinister	AKP	Justice and Development Party	Coalition	Right	SüreyyaSadi.Bilgiç	Bilgiç, Süreyya Sadi	M	1961	
ParlaMint-TR-en_2019-11-26-tbmm-T27	tbmm-2019-11-26sit02spe0159par0270	The Turkish parliamentary corpus ParlaMint-TR-en, Term 27, Year 3, Session 22	2019-11-26	Unicameralism	27	3	22	-	-	Reference	English	Regular	MP	notMinister	CHP	Republican People's Party	Opposition	Centre-left	Engin.Altay	Altay, Engin	M	1963	
ParlaMint-TR-en_2019-11-26-tbmm-T27	tbmm-2019-11-26sit02spe0161par0271	The Turkish parliamentary corpus ParlaMint-TR-en, Term 27, Year 3, Session 22	2019-11-26	Unicameralism	27	3	22	-	-	Reference	English	Chairperson	MP	notMinister	AKP	Justice and Development Party	Coalition	Right	SüreyyaSadi.Bilgiç	Bilgiç, Süreyya Sadi	M	1961	
ParlaMint-TR-en_2019-11-26-tbmm-T27	tbmm-2019-11-26sit02spe0159par0273	The Turkish parliamentary corpus ParlaMint-TR-en, Term 27, Year 3, Session 22	2019-11-26	Unicameralism	27	3	22	-	-	Reference	English	Regular	MP	notMinister	CHP	Republican People's Party	Opposition	Centre-left	Engin.Altay	Altay, Engin	M	1963	
ParlaMint-TR-en_2019-11-26-tbmm-T27	tbmm-2019-11-26sit02spe0162par0278	The Turkish parliamentary corpus ParlaMint-TR-en, Term 27, Year 3, Session 22	2019-11-26	Unicameralism	27	3	22	-	-	Reference	English	Chairperson	MP	notMinister	AKP	Justice and Development Party	Coalition	Right	SüreyyaSadi.Bilgiç	Bilgiç, Süreyya Sadi	M	1961	
ParlaMint-TR-en_2019-11-26-tbmm-T27	tbmm-2019-11-26sit02spe0159par0280	The Turkish parliamentary corpus ParlaMint-TR-en, Term 27, Year 3, Session 22	2019-11-26	Unicameralism	27	3	22	-	-	Reference	English	Regular	MP	notMinister	CHP	Republican People's Party	Opposition	Centre-left	Engin.Altay	Altay, Engin	M	1963	
ParlaMint-TR-en_2019-11-26-tbmm-T27	tbmm-2019-11-26sit02spe0163par0281	The Turkish parliamentary corpus ParlaMint-TR-en, Term 27, Year 3, Session 22	2019-11-26	Unicameralism	27	3	22	-	-	Reference	English	Regular	MP	notMinister	AKP	Justice and Development Party	Coalition	Right	MuhammetEmin.Akbaşoğlu	Akbaşoğlu, Muhammet Emin	M	1968	
ParlaMint-TR-en_2019-11-26-tbmm-T27	tbmm-2019-11-26sit02spe0159par0282	The Turkish parliamentary corpus ParlaMint-TR-en, Term 27, Year 3, Session 22	2019-11-26	Unicameralism	27	3	22	-	-	Reference	English	Regular	MP	notMinister	CHP	Republican People's Party	Opposition	Centre-left	Engin.Altay	Altay, Engin	M	1963	
ParlaMint-TR-en_2019-11-26-tbmm-T27	tbmm-2019-11-26sit02spe0164par0283	The Turkish parliamentary corpus ParlaMint-TR-en, Term 27, Year 3, Session 22	2019-11-26	Unicameralism	27	3	22	-	-	Reference	English	Chairperson	MP	notMinister	AKP	Justice and Development Party	Coalition	Right	SüreyyaSadi.Bilgiç	Bilgiç, Süreyya Sadi	M	1961	
ParlaMint-TR-en_2019-11-26-tbmm-T27	tbmm-2019-11-26sit02spe0163par0286	The Turkish parliamentary corpus ParlaMint-TR-en, Term 27, Year 3, Session 22	2019-11-26	Unicameralism	27	3	22	-	-	Reference	English	Regular	MP	notMinister	AKP	Justice and Development Party	Coalition	Right	MuhammetEmin.Akbaşoğlu	Akbaşoğlu, Muhammet Emin	M	1968	
ParlaMint-TR-en_2019-11-26-tbmm-T27	tbmm-2019-11-26sit02spe0164par0287	The Turkish parliamentary corpus ParlaMint-TR-en, Term 27, Year 3, Session 22	2019-11-26	Unicameralism	27	3	22	-	-	Reference	English	Chairperson	MP	notMinister	AKP	Justice and Development Party	Coalition	Right	SüreyyaSadi.Bilgiç	Bilgiç, Süreyya Sadi	M	1961	
ParlaMint-TR-en_2019-11-26-tbmm-T27	tbmm-2019-11-26sit02spe0163par0288	The Turkish parliamentary corpus ParlaMint-TR-en, Term 27, Year 3, Session 22	2019-11-26	Unicameralism	27	3	22	-	-	Reference	English	Regular	MP	notMinister	AKP	Justice and Development Party	Coalition	Right	MuhammetEmin.Akbaşoğlu	Akbaşoğlu, Muhammet Emin	M	1968	
ParlaMint-TR-en_2019-11-26-tbmm-T27	tbmm-2019-11-26sit02spe0165par0292	The Turkish parliamentary corpus ParlaMint-TR-en, Term 27, Year 3, Session 22	2019-11-26	Unicameralism	27	3	22	-	-	Reference	English	Chairperson	MP	notMinister	AKP	Justice and Development Party	Coalition	Right	SüreyyaSadi.Bilgiç	Bilgiç, Süreyya Sadi	M	1961	
ParlaMint-TR-en_2019-11-26-tbmm-T27	tbmm-2019-11-26sit02spe0163par0293	The Turkish parliamentary corpus ParlaMint-TR-en, Term 27, Year 3, Session 22	2019-11-26	Unicameralism	27	3	22	-	-	Reference	English	Regular	MP	notMinister	AKP	Justice and Development Party	Coalition	Right	MuhammetEmin.Akbaşoğlu	Akbaşoğlu, Muhammet Emin	M	1968	
ParlaMint-TR-en_2019-11-26-tbmm-T27	tbmm-2019-11-26sit02spe0166par0295	The Turkish parliamentary corpus ParlaMint-TR-en, Term 27, Year 3, Session 22	2019-11-26	Unicameralism	27	3	22	-	-	Reference	English	Regular	MP	notMinister	CHP	Republican People's Party	Opposition	Centre-left	Engin.Altay	Altay, Engin	M	1963	
ParlaMint-TR-en_2019-11-26-tbmm-T27	tbmm-2019-11-26sit02spe0163par0296	The Turkish parliamentary corpus ParlaMint-TR-en, Term 27, Year 3, Session 22	2019-11-26	Unicameralism	27	3	22	-	-	Reference	English	Regular	MP	notMinister	AKP	Justice and Development Party	Coalition	Right	MuhammetEmin.Akbaşoğlu	Akbaşoğlu, Muhammet Emin	M	1968	
ParlaMint-TR-en_2019-11-26-tbmm-T27	tbmm-2019-11-26sit02spe0167par0297	The Turkish parliamentary corpus ParlaMint-TR-en, Term 27, Year 3, Session 22	2019-11-26	Unicameralism	27	3	22	-	-	Reference	English	Regular	MP	notMinister	CHP	Republican People's Party	Opposition	Centre-left	Haydar.Akar	Akar, Haydar	M	1963	
ParlaMint-TR-en_2019-11-26-tbmm-T27	tbmm-2019-11-26sit02spe0168par0298	The Turkish parliamentary corpus ParlaMint-TR-en, Term 27, Year 3, Session 22	2019-11-26	Unicameralism	27	3	22	-	-	Reference	English	Regular	MP	notMinister	CHP	Republican People's Party	Opposition	Centre-left	Murat.Emir	Emir, Murat	M	1969	
ParlaMint-TR-en_2019-11-26-tbmm-T27	tbmm-2019-11-26sit02spe0163par0299	The Turkish parliamentary corpus ParlaMint-TR-en, Term 27, Year 3, Session 22	2019-11-26	Unicameralism	27	3	22	-	-	Reference	English	Regular	MP	notMinister	AKP	Justice and Development Party	Coalition	Right	MuhammetEmin.Akbaşoğlu	Akbaşoğlu, Muhammet Emin	M	1968	
ParlaMint-TR-en_2019-11-26-tbmm-T27	tbmm-2019-11-26sit02spe0168par0301	The Turkish parliamentary corpus ParlaMint-TR-en, Term 27, Year 3, Session 22	2019-11-26	Unicameralism	27	3	22	-	-	Reference	English	Regular	MP	notMinister	CHP	Republican People's Party	Opposition	Centre-left	Murat.Emir	Emir, Murat	M	1969	
ParlaMint-TR-en_2019-11-26-tbmm-T27	tbmm-2019-11-26sit02spe0169par0302	The Turkish parliamentary corpus ParlaMint-TR-en, Term 27, Year 3, Session 22	2019-11-26	Unicameralism	27	3	22	-	-	Reference	English	Regular	MP	notMinister	CHP	Republican People's Party	Opposition	Centre-left	Haydar.Akar	Akar, Haydar	M	1963	
ParlaMint-TR-en_2019-11-26-tbmm-T27	tbmm-2019-11-26sit02spe0170par0303	The Turkish parliamentary corpus ParlaMint-TR-en, Term 27, Year 3, Session 22	2019-11-26	Unicameralism	27	3	22	-	-	Reference	English	Chairperson	MP	notMinister	AKP	Justice and Development Party	Coalition	Right	SüreyyaSadi.Bilgiç	Bilgiç, Süreyya Sadi	M	1961	
ParlaMint-TR-en_2019-11-26-tbmm-T27	tbmm-2019-11-26sit02spe0171par0305	The Turkish parliamentary corpus ParlaMint-TR-en, Term 27, Year 3, Session 22	2019-11-26	Unicameralism	27	3	22	-	-	Reference	English	Regular	MP	notMinister	AKP	Justice and Development Party	Coalition	Right	MuhammetEmin.Akbaşoğlu	Akbaşoğlu, Muhammet Emin	M	1968	
ParlaMint-TR-en_2019-11-26-tbmm-T27	tbmm-2019-11-26sit02spe0172par0306	The Turkish parliamentary corpus ParlaMint-TR-en, Term 27, Year 3, Session 22	2019-11-26	Unicameralism	27	3	22	-	-	Reference	English	Regular	MP	notMinister	CHP	Republican People's Party	Opposition	Centre-left	Engin.Altay	Altay, Engin	M	1963	
ParlaMint-TR-en_2019-11-26-tbmm-T27	tbmm-2019-11-26sit02spe0171par0307	The Turkish parliamentary corpus ParlaMint-TR-en, Term 27, Year 3, Session 22	2019-11-26	Unicameralism	27	3	22	-	-	Reference	English	Regular	MP	notMinister	AKP	Justice and Development Party	Coalition	Right	MuhammetEmin.Akbaşoğlu	Akbaşoğlu, Muhammet Emin	M	1968	
ParlaMint-TR-en_2019-11-26-tbmm-T27	tbmm-2019-11-26sit02spe0173par0310	The Turkish parliamentary corpus ParlaMint-TR-en, Term 27, Year 3, Session 22	2019-11-26	Unicameralism	27	3	22	-	-	Reference	English	Chairperson	MP	notMinister	AKP	Justice and Development Party	Coalition	Right	SüreyyaSadi.Bilgiç	Bilgiç, Süreyya Sadi	M	1961	
ParlaMint-TR-en_2019-11-26-tbmm-T27	tbmm-2019-11-26sit02spe0171par0311	The Turkish parliamentary corpus ParlaMint-TR-en, Term 27, Year 3, Session 22	2019-11-26	Unicameralism	27	3	22	-	-	Reference	English	Regular	MP	notMinister	AKP	Justice and Development Party	Coalition	Right	MuhammetEmin.Akbaşoğlu	Akbaşoğlu, Muhammet Emin	M	1968	
ParlaMint-TR-en_2019-11-26-tbmm-T27	tbmm-2019-11-26sit02spe0174par0313	The Turkish parliamentary corpus ParlaMint-TR-en, Term 27, Year 3, Session 22	2019-11-26	Unicameralism	27	3	22	-	-	Reference	English	Regular	MP	notMinister	CHP	Republican People's Party	Opposition	Centre-left	Engin.Altay	Altay, Engin	M	1963	
ParlaMint-TR-en_2019-11-26-tbmm-T27	tbmm-2019-11-26sit02spe0173par0314	The Turkish parliamentary corpus ParlaMint-TR-en, Term 27, Year 3, Session 22	2019-11-26	Unicameralism	27	3	22	-	-	Reference	English	Chairperson	MP	notMinister	AKP	Justice and Development Party	Coalition	Right	SüreyyaSadi.Bilgiç	Bilgiç, Süreyya Sadi	M	1961	
ParlaMint-TR-en_2019-11-26-tbmm-T27	tbmm-2019-11-26sit02spe0175par0316	The Turkish parliamentary corpus ParlaMint-TR-en, Term 27, Year 3, Session 22	2019-11-26	Unicameralism	27	3	22	-	-	Reference	English	Regular	MP	notMinister	AKP	Justice and Development Party	Coalition	Right	MuhammetEmin.Akbaşoğlu	Akbaşoğlu, Muhammet Emin	M	1968	
ParlaMint-TR-en_2019-11-26-tbmm-T27	tbmm-2019-11-26sit02spe0173par0319	The Turkish parliamentary corpus ParlaMint-TR-en, Term 27, Year 3, Session 22	2019-11-26	Unicameralism	27	3	22	-	-	Reference	English	Chairperson	MP	notMinister	AKP	Justice and Development Party	Coalition	Right	SüreyyaSadi.Bilgiç	Bilgiç, Süreyya Sadi	M	1961	
ParlaMint-TR-en_2019-11-26-tbmm-T27	tbmm-2019-11-26sit02spe0175par0320	The Turkish parliamentary corpus ParlaMint-TR-en, Term 27, Year 3, Session 22	2019-11-26	Unicameralism	27	3	22	-	-	Reference	English	Regular	MP	notMinister	AKP	Justice and Development Party	Coalition	Right	MuhammetEmin.Akbaşoğlu	Akbaşoğlu, Muhammet Emin	M	1968	
ParlaMint-TR-en_2019-11-26-tbmm-T27	tbmm-2019-11-26sit02spe0173par0323	The Turkish parliamentary corpus ParlaMint-TR-en, Term 27, Year 3, Session 22	2019-11-26	Unicameralism	27	3	22	-	-	Reference	English	Chairperson	MP	notMinister	AKP	Justice and Development Party	Coalition	Right	SüreyyaSadi.Bilgiç	Bilgiç, Süreyya Sadi	M	1961	
ParlaMint-TR-en_2019-11-26-tbmm-T27	tbmm-2019-11-26sit02spe0175par0324	The Turkish parliamentary corpus ParlaMint-TR-en, Term 27, Year 3, Session 22	2019-11-26	Unicameralism	27	3	22	-	-	Reference	English	Regular	MP	notMinister	AKP	Justice and Development Party	Coalition	Right	MuhammetEmin.Akbaşoğlu	Akbaşoğlu, Muhammet Emin	M	1968	
ParlaMint-TR-en_2019-11-26-tbmm-T27	tbmm-2019-11-26sit02spe0176par0327	The Turkish parliamentary corpus ParlaMint-TR-en, Term 27, Year 3, Session 22	2019-11-26	Unicameralism	27	3	22	-	-	Reference	English	Regular	MP	notMinister	CHP	Republican People's Party	Opposition	Centre-left	Engin.Altay	Altay, Engin	M	1963	
ParlaMint-TR-en_2019-11-26-tbmm-T27	tbmm-2019-11-26sit02spe0177par0328	The Turkish parliamentary corpus ParlaMint-TR-en, Term 27, Year 3, Session 22	2019-11-26	Unicameralism	27	3	22	-	-	Reference	English	Chairperson	MP	notMinister	AKP	Justice and Development Party	Coalition	Right	SüreyyaSadi.Bilgiç	Bilgiç, Süreyya Sadi	M	1961	
ParlaMint-TR-en_2019-11-26-tbmm-T27	tbmm-2019-11-26sit02spe0176par0329	The Turkish parliamentary corpus ParlaMint-TR-en, Term 27, Year 3, Session 22	2019-11-26	Unicameralism	27	3	22	-	-	Reference	English	Regular	MP	notMinister	CHP	Republican People's Party	Opposition	Centre-left	Engin.Altay	Altay, Engin	M	1963	
ParlaMint-TR-en_2019-11-26-tbmm-T27	tbmm-2019-11-26sit02spe0177par0330	The Turkish parliamentary corpus ParlaMint-TR-en, Term 27, Year 3, Session 22	2019-11-26	Unicameralism	27	3	22	-	-	Reference	English	Chairperson	MP	notMinister	AKP	Justice and Development Party	Coalition	Right	SüreyyaSadi.Bilgiç	Bilgiç, Süreyya Sadi	M	1961	
ParlaMint-TR-en_2019-11-26-tbmm-T27	tbmm-2019-11-26sit02spe0176par0331	The Turkish parliamentary corpus ParlaMint-TR-en, Term 27, Year 3, Session 22	2019-11-26	Unicameralism	27	3	22	-	-	Reference	English	Regular	MP	notMinister	CHP	Republican People's Party	Opposition	Centre-left	Engin.Altay	Altay, Engin	M	1963	
ParlaMint-TR-en_2019-11-26-tbmm-T27	tbmm-2019-11-26sit02spe0178par0332	The Turkish parliamentary corpus ParlaMint-TR-en, Term 27, Year 3, Session 22	2019-11-26	Unicameralism	27	3	22	-	-	Reference	English	Regular	MP	notMinister	AKP	Justice and Development Party	Coalition	Right	MuhammetEmin.Akbaşoğlu	Akbaşoğlu, Muhammet Emin	M	1968	
ParlaMint-TR-en_2019-11-26-tbmm-T27	tbmm-2019-11-26sit02spe0176par0333	The Turkish parliamentary corpus ParlaMint-TR-en, Term 27, Year 3, Session 22	2019-11-26	Unicameralism	27	3	22	-	-	Reference	English	Regular	MP	notMinister	CHP	Republican People's Party	Opposition	Centre-left	Engin.Altay	Altay, Engin	M	1963	
ParlaMint-TR-en_2019-11-26-tbmm-T27	tbmm-2019-11-26sit02spe0178par0334	The Turkish parliamentary corpus ParlaMint-TR-en, Term 27, Year 3, Session 22	2019-11-26	Unicameralism	27	3	22	-	-	Reference	English	Regular	MP	notMinister	AKP	Justice and Development Party	Coalition	Right	MuhammetEmin.Akbaşoğlu	Akbaşoğlu, Muhammet Emin	M	1968	
ParlaMint-TR-en_2019-11-26-tbmm-T27	tbmm-2019-11-26sit02spe0176par0335	The Turkish parliamentary corpus ParlaMint-TR-en, Term 27, Year 3, Session 22	2019-11-26	Unicameralism	27	3	22	-	-	Reference	English	Regular	MP	notMinister	CHP	Republican People's Party	Opposition	Centre-left	Engin.Altay	Altay, Engin	M	1963	
ParlaMint-TR-en_2019-11-26-tbmm-T27	tbmm-2019-11-26sit02spe0179par0336	The Turkish parliamentary corpus ParlaMint-TR-en, Term 27, Year 3, Session 22	2019-11-26	Unicameralism	27	3	22	-	-	Reference	English	Chairperson	MP	notMinister	AKP	Justice and Development Party	Coalition	Right	SüreyyaSadi.Bilgiç	Bilgiç, Süreyya Sadi	M	1961	
ParlaMint-TR-en_2019-11-26-tbmm-T27	tbmm-2019-11-26sit02spe0180par0337	The Turkish parliamentary corpus ParlaMint-TR-en, Term 27, Year 3, Session 22	2019-11-26	Unicameralism	27	3	22	-	-	Reference	English	Regular	MP	notMinister	AKP	Justice and Development Party	Coalition	Right	MehmetDoğan.Kubat	Kubat, Mehmet Doğan	M	1969	
ParlaMint-TR-en_2019-11-26-tbmm-T27	tbmm-2019-11-26sit02spe0181par0338	The Turkish parliamentary corpus ParlaMint-TR-en, Term 27, Year 3, Session 22	2019-11-26	Unicameralism	27	3	22	-	-	Reference	English	Regular	MP	notMinister	AKP	Justice and Development Party	Coalition	Right	MuhammetEmin.Akbaşoğlu	Akbaşoğlu, Muhammet Emin	M	1968	
ParlaMint-TR-en_2019-11-26-tbmm-T27	tbmm-2019-11-26sit02spe0182par0339	The Turkish parliamentary corpus ParlaMint-TR-en, Term 27, Year 3, Session 22	2019-11-26	Unicameralism	27	3	22	-	-	Reference	English	Regular	MP	notMinister	CHP	Republican People's Party	Opposition	Centre-left	Engin.Altay	Altay, Engin	M	1963	
ParlaMint-TR-en_2019-11-26-tbmm-T27	tbmm-2019-11-26sit02spe0181par0340	The Turkish parliamentary corpus ParlaMint-TR-en, Term 27, Year 3, Session 22	2019-11-26	Unicameralism	27	3	22	-	-	Reference	English	Regular	MP	notMinister	AKP	Justice and Development Party	Coalition	Right	MuhammetEmin.Akbaşoğlu	Akbaşoğlu, Muhammet Emin	M	1968	
ParlaMint-TR-en_2019-11-26-tbmm-T27	tbmm-2019-11-26sit02spe0182par0342	The Turkish parliamentary corpus ParlaMint-TR-en, Term 27, Year 3, Session 22	2019-11-26	Unicameralism	27	3	22	-	-	Reference	English	Regular	MP	notMinister	CHP	Republican People's Party	Opposition	Centre-left	Engin.Altay	Altay, Engin	M	1963	
ParlaMint-TR-en_2019-11-26-tbmm-T27	tbmm-2019-11-26sit02spe0181par0343	The Turkish parliamentary corpus ParlaMint-TR-en, Term 27, Year 3, Session 22	2019-11-26	Unicameralism	27	3	22	-	-	Reference	English	Regular	MP	notMinister	AKP	Justice and Development Party	Coalition	Right	MuhammetEmin.Akbaşoğlu	Akbaşoğlu, Muhammet Emin	M	1968	
ParlaMint-TR-en_2019-11-26-tbmm-T27	tbmm-2019-11-26sit02spe0182par0344	The Turkish parliamentary corpus ParlaMint-TR-en, Term 27, Year 3, Session 22	2019-11-26	Unicameralism	27	3	22	-	-	Reference	English	Regular	MP	notMinister	CHP	Republican People's Party	Opposition	Centre-left	Engin.Altay	Altay, Engin	M	1963	
ParlaMint-TR-en_2019-11-26-tbmm-T27	tbmm-2019-11-26sit02spe0183par0346	The Turkish parliamentary corpus ParlaMint-TR-en, Term 27, Year 3, Session 22	2019-11-26	Unicameralism	27	3	22	-	-	Reference	English	Chairperson	MP	notMinister	AKP	Justice and Development Party	Coalition	Right	SüreyyaSadi.Bilgiç	Bilgiç, Süreyya Sadi	M	1961	
ParlaMint-TR-en_2019-11-26-tbmm-T27	tbmm-2019-11-26sit02spe0182par0347	The Turkish parliamentary corpus ParlaMint-TR-en, Term 27, Year 3, Session 22	2019-11-26	Unicameralism	27	3	22	-	-	Reference	English	Regular	MP	notMinister	CHP	Republican People's Party	Opposition	Centre-left	Engin.Altay	Altay, Engin	M	1963	
ParlaMint-TR-en_2019-11-26-tbmm-T27	tbmm-2019-11-26sit02spe0183par0348	The Turkish parliamentary corpus ParlaMint-TR-en, Term 27, Year 3, Session 22	2019-11-26	Unicameralism	27	3	22	-	-	Reference	English	Chairperson	MP	notMinister	AKP	Justice and Development Party	Coalition	Right	SüreyyaSadi.Bilgiç	Bilgiç, Süreyya Sadi	M	1961	
ParlaMint-TR-en_2019-11-26-tbmm-T27	tbmm-2019-11-26sit02spe0182par0349	The Turkish parliamentary corpus ParlaMint-TR-en, Term 27, Year 3, Session 22	2019-11-26	Unicameralism	27	3	22	-	-	Reference	English	Regular	MP	notMinister	CHP	Republican People's Party	Opposition	Centre-left	Engin.Altay	Altay, Engin	M	1963	
ParlaMint-TR-en_2019-11-26-tbmm-T27	tbmm-2019-11-26sit02spe0183par0350	The Turkish parliamentary corpus ParlaMint-TR-en, Term 27, Year 3, Session 22	2019-11-26	Unicameralism	27	3	22	-	-	Reference	English	Chairperson	MP	notMinister	AKP	Justice and Development Party	Coalition	Right	SüreyyaSadi.Bilgiç	Bilgiç, Süreyya Sadi	M	1961	
ParlaMint-TR-en_2019-11-26-tbmm-T27	tbmm-2019-11-26sit02spe0182par0351	The Turkish parliamentary corpus ParlaMint-TR-en, Term 27, Year 3, Session 22	2019-11-26	Unicameralism	27	3	22	-	-	Reference	English	Regular	MP	notMinister	CHP	Republican People's Party	Opposition	Centre-left	Engin.Altay	Altay, Engin	M	1963	
ParlaMint-TR-en_2019-11-26-tbmm-T27	tbmm-2019-11-26sit02spe0184par0356	The Turkish parliamentary corpus ParlaMint-TR-en, Term 27, Year 3, Session 22	2019-11-26	Unicameralism	27	3	22	-	-	Reference	English	Chairperson	MP	notMinister	AKP	Justice and Development Party	Coalition	Right	SüreyyaSadi.Bilgiç	Bilgiç, Süreyya Sadi	M	1961	
ParlaMint-TR-en_2019-11-26-tbmm-T27	tbmm-2019-11-26sit02spe0182par0357	The Turkish parliamentary corpus ParlaMint-TR-en, Term 27, Year 3, Session 22	2019-11-26	Unicameralism	27	3	22	-	-	Reference	English	Regular	MP	notMinister	CHP	Republican People's Party	Opposition	Centre-left	Engin.Altay	Altay, Engin	M	1963	
ParlaMint-TR-en_2019-11-26-tbmm-T27	tbmm-2019-11-26sit02spe0184par0360	The Turkish parliamentary corpus ParlaMint-TR-en, Term 27, Year 3, Session 22	2019-11-26	Unicameralism	27	3	22	-	-	Reference	English	Chairperson	MP	notMinister	AKP	Justice and Development Party	Coalition	Right	SüreyyaSadi.Bilgiç	Bilgiç, Süreyya Sadi	M	1961	
ParlaMint-TR-en_2019-11-26-tbmm-T27	tbmm-2019-11-26sit02spe0182par0361	The Turkish parliamentary corpus ParlaMint-TR-en, Term 27, Year 3, Session 22	2019-11-26	Unicameralism	27	3	22	-	-	Reference	English	Regular	MP	notMinister	CHP	Republican People's Party	Opposition	Centre-left	Engin.Altay	Altay, Engin	M	1963	
ParlaMint-TR-en_2019-11-26-tbmm-T27	tbmm-2019-11-26sit02spe0185par0362	The Turkish parliamentary corpus ParlaMint-TR-en, Term 27, Year 3, Session 22	2019-11-26	Unicameralism	27	3	22	-	-	Reference	English	Regular	MP	notMinister	AKP	Justice and Development Party	Coalition	Right	Asuman.Erdoğan	Erdoğan, Asuman	F	1980	
ParlaMint-TR-en_2019-11-26-tbmm-T27	tbmm-2019-11-26sit02spe0182par0363	The Turkish parliamentary corpus ParlaMint-TR-en, Term 27, Year 3, Session 22	2019-11-26	Unicameralism	27	3	22	-	-	Reference	English	Regular	MP	notMinister	CHP	Republican People's Party	Opposition	Centre-left	Engin.Altay	Altay, Engin	M	1963	
ParlaMint-TR-en_2019-11-26-tbmm-T27	tbmm-2019-11-26sit02spe0186par0365	The Turkish parliamentary corpus ParlaMint-TR-en, Term 27, Year 3, Session 22	2019-11-26	Unicameralism	27	3	22	-	-	Reference	English	Chairperson	MP	notMinister	AKP	Justice and Development Party	Coalition	Right	SüreyyaSadi.Bilgiç	Bilgiç, Süreyya Sadi	M	1961	
ParlaMint-TR-en_2019-11-26-tbmm-T27	tbmm-2019-11-26sit02spe0182par0366	The Turkish parliamentary corpus ParlaMint-TR-en, Term 27, Year 3, Session 22	2019-11-26	Unicameralism	27	3	22	-	-	Reference	English	Regular	MP	notMinister	CHP	Republican People's Party	Opposition	Centre-left	Engin.Altay	Altay, Engin	M	1963	
ParlaMint-TR-en_2019-11-26-tbmm-T27	tbmm-2019-11-26sit02spe0186par0367	The Turkish parliamentary corpus ParlaMint-TR-en, Term 27, Year 3, Session 22	2019-11-26	Unicameralism	27	3	22	-	-	Reference	English	Chairperson	MP	notMinister	AKP	Justice and Development Party	Coalition	Right	SüreyyaSadi.Bilgiç	Bilgiç, Süreyya Sadi	M	1961	
ParlaMint-TR-en_2019-11-26-tbmm-T27	tbmm-2019-11-26sit02spe0182par0368	The Turkish parliamentary corpus ParlaMint-TR-en, Term 27, Year 3, Session 22	2019-11-26	Unicameralism	27	3	22	-	-	Reference	English	Regular	MP	notMinister	CHP	Republican People's Party	Opposition	Centre-left	Engin.Altay	Altay, Engin	M	1963	
ParlaMint-TR-en_2019-11-26-tbmm-T27	tbmm-2019-11-26sit02spe0187par0371	The Turkish parliamentary corpus ParlaMint-TR-en, Term 27, Year 3, Session 22	2019-11-26	Unicameralism	27	3	22	-	-	Reference	English	Regular	MP	notMinister	AKP	Justice and Development Party	Coalition	Right	MuhammetEmin.Akbaşoğlu	Akbaşoğlu, Muhammet Emin	M	1968	
ParlaMint-TR-en_2019-11-26-tbmm-T27	tbmm-2019-11-26sit02spe0188par0372	The Turkish parliamentary corpus ParlaMint-TR-en, Term 27, Year 3, Session 22	2019-11-26	Unicameralism	27	3	22	-	-	Reference	English	Chairperson	MP	notMinister	AKP	Justice and Development Party	Coalition	Right	SüreyyaSadi.Bilgiç	Bilgiç, Süreyya Sadi	M	1961	
ParlaMint-TR-en_2019-11-26-tbmm-T27	tbmm-2019-11-26sit02spe0187par0374	The Turkish parliamentary corpus ParlaMint-TR-en, Term 27, Year 3, Session 22	2019-11-26	Unicameralism	27	3	22	-	-	Reference	English	Regular	MP	notMinister	AKP	Justice and Development Party	Coalition	Right	MuhammetEmin.Akbaşoğlu	Akbaşoğlu, Muhammet Emin	M	1968	
ParlaMint-TR-en_2019-11-26-tbmm-T27	tbmm-2019-11-26sit02spe0189par0376	The Turkish parliamentary corpus ParlaMint-TR-en, Term 27, Year 3, Session 22	2019-11-26	Unicameralism	27	3	22	-	-	Reference	English	Regular	MP	notMinister	CHP	Republican People's Party	Opposition	Centre-left	Engin.Altay	Altay, Engin	M	1963	
ParlaMint-TR-en_2019-11-26-tbmm-T27	tbmm-2019-11-26sit02spe0187par0377	The Turkish parliamentary corpus ParlaMint-TR-en, Term 27, Year 3, Session 22	2019-11-26	Unicameralism	27	3	22	-	-	Reference	English	Regular	MP	notMinister	AKP	Justice and Development Party	Coalition	Right	MuhammetEmin.Akbaşoğlu	Akbaşoğlu, Muhammet Emin	M	1968	
ParlaMint-TR-en_2019-11-26-tbmm-T27	tbmm-2019-11-26sit02spe0190par0378	The Turkish parliamentary corpus ParlaMint-TR-en, Term 27, Year 3, Session 22	2019-11-26	Unicameralism	27	3	22	-	-	Reference	English	Chairperson	MP	notMinister	AKP	Justice and Development Party	Coalition	Right	SüreyyaSadi.Bilgiç	Bilgiç, Süreyya Sadi	M	1961	
ParlaMint-TR-en_2019-11-26-tbmm-T27	tbmm-2019-11-26sit02spe0187par0379	The Turkish parliamentary corpus ParlaMint-TR-en, Term 27, Year 3, Session 22	2019-11-26	Unicameralism	27	3	22	-	-	Reference	English	Regular	MP	notMinister	AKP	Justice and Development Party	Coalition	Right	MuhammetEmin.Akbaşoğlu	Akbaşoğlu, Muhammet Emin	M	1968	
ParlaMint-TR-en_2019-11-26-tbmm-T27	tbmm-2019-11-26sit02spe0191par0383	The Turkish parliamentary corpus ParlaMint-TR-en, Term 27, Year 3, Session 22	2019-11-26	Unicameralism	27	3	22	-	-	Reference	English	Regular	MP	notMinister	CHP	Republican People's Party	Opposition	Centre-left	Haydar.Akar	Akar, Haydar	M	1963	
ParlaMint-TR-en_2019-11-26-tbmm-T27	tbmm-2019-11-26sit02spe0192par0384	The Turkish parliamentary corpus ParlaMint-TR-en, Term 27, Year 3, Session 22	2019-11-26	Unicameralism	27	3	22	-	-	Reference	English	Chairperson	MP	notMinister	AKP	Justice and Development Party	Coalition	Right	SüreyyaSadi.Bilgiç	Bilgiç, Süreyya Sadi	M	1961	
ParlaMint-TR-en_2019-11-26-tbmm-T27	tbmm-2019-11-26sit02spe0187par0385	The Turkish parliamentary corpus ParlaMint-TR-en, Term 27, Year 3, Session 22	2019-11-26	Unicameralism	27	3	22	-	-	Reference	English	Regular	MP	notMinister	AKP	Justice and Development Party	Coalition	Right	MuhammetEmin.Akbaşoğlu	Akbaşoğlu, Muhammet Emin	M	1968	
ParlaMint-TR-en_2019-11-26-tbmm-T27	tbmm-2019-11-26sit02spe0191par0386	The Turkish parliamentary corpus ParlaMint-TR-en, Term 27, Year 3, Session 22	2019-11-26	Unicameralism	27	3	22	-	-	Reference	English	Regular	MP	notMinister	CHP	Republican People's Party	Opposition	Centre-left	Haydar.Akar	Akar, Haydar	M	1963	
ParlaMint-TR-en_2019-11-26-tbmm-T27	tbmm-2019-11-26sit02spe0187par0387	The Turkish parliamentary corpus ParlaMint-TR-en, Term 27, Year 3, Session 22	2019-11-26	Unicameralism	27	3	22	-	-	Reference	English	Regular	MP	notMinister	AKP	Justice and Development Party	Coalition	Right	MuhammetEmin.Akbaşoğlu	Akbaşoğlu, Muhammet Emin	M	1968	
ParlaMint-TR-en_2019-11-26-tbmm-T27	tbmm-2019-11-26sit02spe0191par0389	The Turkish parliamentary corpus ParlaMint-TR-en, Term 27, Year 3, Session 22	2019-11-26	Unicameralism	27	3	22	-	-	Reference	English	Regular	MP	notMinister	CHP	Republican People's Party	Opposition	Centre-left	Haydar.Akar	Akar, Haydar	M	1963	
ParlaMint-TR-en_2019-11-26-tbmm-T27	tbmm-2019-11-26sit02spe0187par0390	The Turkish parliamentary corpus ParlaMint-TR-en, Term 27, Year 3, Session 22	2019-11-26	Unicameralism	27	3	22	-	-	Reference	English	Regular	MP	notMinister	AKP	Justice and Development Party	Coalition	Right	MuhammetEmin.Akbaşoğlu	Akbaşoğlu, Muhammet Emin	M	1968	
ParlaMint-TR-en_2019-11-26-tbmm-T27	tbmm-2019-11-26sit02spe0191par0391	The Turkish parliamentary corpus ParlaMint-TR-en, Term 27, Year 3, Session 22	2019-11-26	Unicameralism	27	3	22	-	-	Reference	English	Regular	MP	notMinister	CHP	Republican People's Party	Opposition	Centre-left	Haydar.Akar	Akar, Haydar	M	1963	
ParlaMint-TR-en_2019-11-26-tbmm-T27	tbmm-2019-11-26sit02spe0187par0392	The Turkish parliamentary corpus ParlaMint-TR-en, Term 27, Year 3, Session 22	2019-11-26	Unicameralism	27	3	22	-	-	Reference	English	Regular	MP	notMinister	AKP	Justice and Development Party	Coalition	Right	MuhammetEmin.Akbaşoğlu	Akbaşoğlu, Muhammet Emin	M	1968	
ParlaMint-TR-en_2019-11-26-tbmm-T27	tbmm-2019-11-26sit02spe0191par0393	The Turkish parliamentary corpus ParlaMint-TR-en, Term 27, Year 3, Session 22	2019-11-26	Unicameralism	27	3	22	-	-	Reference	English	Regular	MP	notMinister	CHP	Republican People's Party	Opposition	Centre-left	Haydar.Akar	Akar, Haydar	M	1963	
ParlaMint-TR-en_2019-11-26-tbmm-T27	tbmm-2019-11-26sit02spe0193par0394	The Turkish parliamentary corpus ParlaMint-TR-en, Term 27, Year 3, Session 22	2019-11-26	Unicameralism	27	3	22	-	-	Reference	English	Chairperson	MP	notMinister	AKP	Justice and Development Party	Coalition	Right	SüreyyaSadi.Bilgiç	Bilgiç, Süreyya Sadi	M	1961	
ParlaMint-TR-en_2019-11-26-tbmm-T27	tbmm-2019-11-26sit02spe0187par0395	The Turkish parliamentary corpus ParlaMint-TR-en, Term 27, Year 3, Session 22	2019-11-26	Unicameralism	27	3	22	-	-	Reference	English	Regular	MP	notMinister	AKP	Justice and Development Party	Coalition	Right	MuhammetEmin.Akbaşoğlu	Akbaşoğlu, Muhammet Emin	M	1968	
ParlaMint-TR-en_2019-11-26-tbmm-T27	tbmm-2019-11-26sit02spe0193par0397	The Turkish parliamentary corpus ParlaMint-TR-en, Term 27, Year 3, Session 22	2019-11-26	Unicameralism	27	3	22	-	-	Reference	English	Chairperson	MP	notMinister	AKP	Justice and Development Party	Coalition	Right	SüreyyaSadi.Bilgiç	Bilgiç, Süreyya Sadi	M	1961	
ParlaMint-TR-en_2019-11-26-tbmm-T27	tbmm-2019-11-26sit02spe0194par0398	The Turkish parliamentary corpus ParlaMint-TR-en, Term 27, Year 3, Session 22	2019-11-26	Unicameralism	27	3	22	-	-	Reference	English	Regular	MP	notMinister	CHP	Republican People's Party	Opposition	Centre-left	Haydar.Akar	Akar, Haydar	M	1963	
ParlaMint-TR-en_2019-11-26-tbmm-T27	tbmm-2019-11-26sit02spe0187par0399	The Turkish parliamentary corpus ParlaMint-TR-en, Term 27, Year 3, Session 22	2019-11-26	Unicameralism	27	3	22	-	-	Reference	English	Regular	MP	notMinister	AKP	Justice and Development Party	Coalition	Right	MuhammetEmin.Akbaşoğlu	Akbaşoğlu, Muhammet Emin	M	1968	
ParlaMint-TR-en_2019-11-26-tbmm-T27	tbmm-2019-11-26sit02spe0195par0401	The Turkish parliamentary corpus ParlaMint-TR-en, Term 27, Year 3, Session 22	2019-11-26	Unicameralism	27	3	22	-	-	Reference	English	Regular	MP	notMinister	CHP	Republican People's Party	Opposition	Centre-left	Engin.Altay	Altay, Engin	M	1963	
ParlaMint-TR-en_2019-11-26-tbmm-T27	tbmm-2019-11-26sit02spe0196par0402	The Turkish parliamentary corpus ParlaMint-TR-en, Term 27, Year 3, Session 22	2019-11-26	Unicameralism	27	3	22	-	-	Reference	English	Chairperson	MP	notMinister	AKP	Justice and Development Party	Coalition	Right	SüreyyaSadi.Bilgiç	Bilgiç, Süreyya Sadi	M	1961	
ParlaMint-TR-en_2019-11-26-tbmm-T27	tbmm-2019-11-26sit02spe0195par0403	The Turkish parliamentary corpus ParlaMint-TR-en, Term 27, Year 3, Session 22	2019-11-26	Unicameralism	27	3	22	-	-	Reference	English	Regular	MP	notMinister	CHP	Republican People's Party	Opposition	Centre-left	Engin.Altay	Altay, Engin	M	1963	
ParlaMint-TR-en_2019-11-26-tbmm-T27	tbmm-2019-11-26sit02spe0196par0404	The Turkish parliamentary corpus ParlaMint-TR-en, Term 27, Year 3, Session 22	2019-11-26	Unicameralism	27	3	22	-	-	Reference	English	Chairperson	MP	notMinister	AKP	Justice and Development Party	Coalition	Right	SüreyyaSadi.Bilgiç	Bilgiç, Süreyya Sadi	M	1961	
ParlaMint-TR-en_2019-11-26-tbmm-T27	tbmm-2019-11-26sit02spe0195par0405	The Turkish parliamentary corpus ParlaMint-TR-en, Term 27, Year 3, Session 22	2019-11-26	Unicameralism	27	3	22	-	-	Reference	English	Regular	MP	notMinister	CHP	Republican People's Party	Opposition	Centre-left	Engin.Altay	Altay, Engin	M	1963	
ParlaMint-TR-en_2019-11-26-tbmm-T27	tbmm-2019-11-26sit02spe0196par0406	The Turkish parliamentary corpus ParlaMint-TR-en, Term 27, Year 3, Session 22	2019-11-26	Unicameralism	27	3	22	-	-	Reference	English	Chairperson	MP	notMinister	AKP	Justice and Development Party	Coalition	Right	SüreyyaSadi.Bilgiç	Bilgiç, Süreyya Sadi	M	1961	
ParlaMint-TR-en_2019-11-26-tbmm-T27	tbmm-2019-11-26sit02spe0195par0411	The Turkish parliamentary corpus ParlaMint-TR-en, Term 27, Year 3, Session 22	2019-11-26	Unicameralism	27	3	22	-	-	Reference	English	Regular	MP	notMinister	CHP	Republican People's Party	Opposition	Centre-left	Engin.Altay	Altay, Engin	M	1963	
ParlaMint-TR-en_2019-11-26-tbmm-T27	tbmm-2019-11-26sit02spe0197par0412	The Turkish parliamentary corpus ParlaMint-TR-en, Term 27, Year 3, Session 22	2019-11-26	Unicameralism	27	3	22	-	-	Reference	English	Regular	MP	notMinister	AKP	Justice and Development Party	Coalition	Right	MuhammetEmin.Akbaşoğlu	Akbaşoğlu, Muhammet Emin	M	1968	
ParlaMint-TR-en_2019-11-26-tbmm-T27	tbmm-2019-11-26sit02spe0195par0413	The Turkish parliamentary corpus ParlaMint-TR-en, Term 27, Year 3, Session 22	2019-11-26	Unicameralism	27	3	22	-	-	Reference	English	Regular	MP	notMinister	CHP	Republican People's Party	Opposition	Centre-left	Engin.Altay	Altay, Engin	M	1963	
ParlaMint-TR-en_2019-11-26-tbmm-T27	tbmm-2019-11-26sit02spe0198par0421	The Turkish parliamentary corpus ParlaMint-TR-en, Term 27, Year 3, Session 22	2019-11-26	Unicameralism	27	3	22	-	-	Reference	English	Regular	MP	notMinister	AKP	Justice and Development Party	Coalition	Right	MuhammetEmin.Akbaşoğlu	Akbaşoğlu, Muhammet Emin	M	1968	
ParlaMint-TR-en_2019-11-26-tbmm-T27	tbmm-2019-11-26sit02spe0199par0422	The Turkish parliamentary corpus ParlaMint-TR-en, Term 27, Year 3, Session 22	2019-11-26	Unicameralism	27	3	22	-	-	Reference	English	Chairperson	MP	notMinister	AKP	Justice and Development Party	Coalition	Right	SüreyyaSadi.Bilgiç	Bilgiç, Süreyya Sadi	M	1961	
ParlaMint-TR-en_2019-11-26-tbmm-T27	tbmm-2019-11-26sit02spe0198par0423	The Turkish parliamentary corpus ParlaMint-TR-en, Term 27, Year 3, Session 22	2019-11-26	Unicameralism	27	3	22	-	-	Reference	English	Regular	MP	notMinister	AKP	Justice and Development Party	Coalition	Right	MuhammetEmin.Akbaşoğlu	Akbaşoğlu, Muhammet Emin	M	1968	
ParlaMint-TR-en_2019-11-26-tbmm-T27	tbmm-2019-11-26sit02spe0200par0424	The Turkish parliamentary corpus ParlaMint-TR-en, Term 27, Year 3, Session 22	2019-11-26	Unicameralism	27	3	22	-	-	Reference	English	Regular	MP	notMinister	AKP	Justice and Development Party	Coalition	Right	Bülent.Turan	Turan, Bülent	M	1975	
ParlaMint-TR-en_2019-11-26-tbmm-T27	tbmm-2019-11-26sit02spe0201par0425	The Turkish parliamentary corpus ParlaMint-TR-en, Term 27, Year 3, Session 22	2019-11-26	Unicameralism	27	3	22	-	-	Reference	English	Regular	MP	notMinister	CHP	Republican People's Party	Opposition	Centre-left	Engin.Altay	Altay, Engin	M	1963	
ParlaMint-TR-en_2019-11-26-tbmm-T27	tbmm-2019-11-26sit02spe0202par0426	The Turkish parliamentary corpus ParlaMint-TR-en, Term 27, Year 3, Session 22	2019-11-26	Unicameralism	27	3	22	-	-	Reference	English	Chairperson	MP	notMinister	AKP	Justice and Development Party	Coalition	Right	SüreyyaSadi.Bilgiç	Bilgiç, Süreyya Sadi	M	1961	
ParlaMint-TR-en_2019-11-26-tbmm-T27	tbmm-2019-11-26sit02spe0203par0428	The Turkish parliamentary corpus ParlaMint-TR-en, Term 27, Year 3, Session 22	2019-11-26	Unicameralism	27	3	22	-	-	Reference	English	Regular	MP	notMinister	AKP	Justice and Development Party	Coalition	Right	MuhammetEmin.Akbaşoğlu	Akbaşoğlu, Muhammet Emin	M	1968	
ParlaMint-TR-en_2019-11-26-tbmm-T27	tbmm-2019-11-26sit02spe0204par0431	The Turkish parliamentary corpus ParlaMint-TR-en, Term 27, Year 3, Session 22	2019-11-26	Unicameralism	27	3	22	-	-	Reference	English	Regular	MP	notMinister	CHP	Republican People's Party	Opposition	Centre-left	HaşimTeoman.Sancar	Sancar, Haşim Teoman	M	1970	
ParlaMint-TR-en_2019-11-26-tbmm-T27	tbmm-2019-11-26sit02spe0203par0432	The Turkish parliamentary corpus ParlaMint-TR-en, Term 27, Year 3, Session 22	2019-11-26	Unicameralism	27	3	22	-	-	Reference	English	Regular	MP	notMinister	AKP	Justice and Development Party	Coalition	Right	MuhammetEmin.Akbaşoğlu	Akbaşoğlu, Muhammet Emin	M	1968	
ParlaMint-TR-en_2019-11-26-tbmm-T27	tbmm-2019-11-26sit02spe0205par0433	The Turkish parliamentary corpus ParlaMint-TR-en, Term 27, Year 3, Session 22	2019-11-26	Unicameralism	27	3	22	-	-	Reference	English	Regular	MP	notMinister	CHP	Republican People's Party	Opposition	Centre-left	Ali.Öztunç	Öztunç, Ali	M	1976	
ParlaMint-TR-en_2019-11-26-tbmm-T27	tbmm-2019-11-26sit02spe0206par0434	The Turkish parliamentary corpus ParlaMint-TR-en, Term 27, Year 3, Session 22	2019-11-26	Unicameralism	27	3	22	-	-	Reference	English	Chairperson	MP	notMinister	AKP	Justice and Development Party	Coalition	Right	SüreyyaSadi.Bilgiç	Bilgiç, Süreyya Sadi	M	1961	
ParlaMint-TR-en_2019-11-26-tbmm-T27	tbmm-2019-11-26sit02spe0203par0435	The Turkish parliamentary corpus ParlaMint-TR-en, Term 27, Year 3, Session 22	2019-11-26	Unicameralism	27	3	22	-	-	Reference	English	Regular	MP	notMinister	AKP	Justice and Development Party	Coalition	Right	MuhammetEmin.Akbaşoğlu	Akbaşoğlu, Muhammet Emin	M	1968	
ParlaMint-TR-en_2019-11-26-tbmm-T27	tbmm-2019-11-26sit02spe0207par0436	The Turkish parliamentary corpus ParlaMint-TR-en, Term 27, Year 3, Session 22	2019-11-26	Unicameralism	27	3	22	-	-	Reference	English	Regular	MP	notMinister	CHP	Republican People's Party	Opposition	Centre-left	Engin.Altay	Altay, Engin	M	1963	
ParlaMint-TR-en_2019-11-26-tbmm-T27	tbmm-2019-11-26sit02spe0208par0437	The Turkish parliamentary corpus ParlaMint-TR-en, Term 27, Year 3, Session 22	2019-11-26	Unicameralism	27	3	22	-	-	Reference	English	Regular	MP	notMinister	CHP	Republican People's Party	Opposition	Centre-left	Ali.Öztunç	Öztunç, Ali	M	1976	
ParlaMint-TR-en_2019-11-26-tbmm-T27	tbmm-2019-11-26sit02spe0209par0438	The Turkish parliamentary corpus ParlaMint-TR-en, Term 27, Year 3, Session 22	2019-11-26	Unicameralism	27	3	22	-	-	Reference	English	Regular	MP	notMinister	CHP	Republican People's Party	Opposition	Centre-left	Haydar.Akar	Akar, Haydar	M	1963	
ParlaMint-TR-en_2019-11-26-tbmm-T27	tbmm-2019-11-26sit02spe0210par0439	The Turkish parliamentary corpus ParlaMint-TR-en, Term 27, Year 3, Session 22	2019-11-26	Unicameralism	27	3	22	-	-	Reference	English	Regular	MP	notMinister	AKP	Justice and Development Party	Coalition	Right	MuhammetEmin.Akbaşoğlu	Akbaşoğlu, Muhammet Emin	M	1968	
ParlaMint-TR-en_2019-11-26-tbmm-T27	tbmm-2019-11-26sit02spe0211par0440	The Turkish parliamentary corpus ParlaMint-TR-en, Term 27, Year 3, Session 22	2019-11-26	Unicameralism	27	3	22	-	-	Reference	English	Regular	MP	notMinister	CHP	Republican People's Party	Opposition	Centre-left	Ali.Şeker	Şeker, Ali	M	1968	
ParlaMint-TR-en_2019-11-26-tbmm-T27	tbmm-2019-11-26sit02spe0210par0441	The Turkish parliamentary corpus ParlaMint-TR-en, Term 27, Year 3, Session 22	2019-11-26	Unicameralism	27	3	22	-	-	Reference	English	Regular	MP	notMinister	AKP	Justice and Development Party	Coalition	Right	MuhammetEmin.Akbaşoğlu	Akbaşoğlu, Muhammet Emin	M	1968	
ParlaMint-TR-en_2019-11-26-tbmm-T27	tbmm-2019-11-26sit02spe0212par0442	The Turkish parliamentary corpus ParlaMint-TR-en, Term 27, Year 3, Session 22	2019-11-26	Unicameralism	27	3	22	-	-	Reference	English	Regular	MP	notMinister	CHP	Republican People's Party	Opposition	Centre-left	SalihaSera.Kadıgil	Kadıgil Sütlü, Saliha Sera	F	1984	
ParlaMint-TR-en_2019-11-26-tbmm-T27	tbmm-2019-11-26sit02spe0210par0443	The Turkish parliamentary corpus ParlaMint-TR-en, Term 27, Year 3, Session 22	2019-11-26	Unicameralism	27	3	22	-	-	Reference	English	Regular	MP	notMinister	AKP	Justice and Development Party	Coalition	Right	MuhammetEmin.Akbaşoğlu	Akbaşoğlu, Muhammet Emin	M	1968	
ParlaMint-TR-en_2019-11-26-tbmm-T27	tbmm-2019-11-26sit02spe0213par0445	The Turkish parliamentary corpus ParlaMint-TR-en, Term 27, Year 3, Session 22	2019-11-26	Unicameralism	27	3	22	-	-	Reference	English	Regular	MP	notMinister	CHP	Republican People's Party	Opposition	Centre-left	Ali.Öztunç	Öztunç, Ali	M	1976	
ParlaMint-TR-en_2019-11-26-tbmm-T27	tbmm-2019-11-26sit02spe0210par0446	The Turkish parliamentary corpus ParlaMint-TR-en, Term 27, Year 3, Session 22	2019-11-26	Unicameralism	27	3	22	-	-	Reference	English	Regular	MP	notMinister	AKP	Justice and Development Party	Coalition	Right	MuhammetEmin.Akbaşoğlu	Akbaşoğlu, Muhammet Emin	M	1968	
ParlaMint-TR-en_2019-11-26-tbmm-T27	tbmm-2019-11-26sit02spe0214par0447	The Turkish parliamentary corpus ParlaMint-TR-en, Term 27, Year 3, Session 22	2019-11-26	Unicameralism	27	3	22	-	-	Reference	English	Regular	MP	notMinister	CHP	Republican People's Party	Opposition	Centre-left	Haydar.Akar	Akar, Haydar	M	1963	
ParlaMint-TR-en_2019-11-26-tbmm-T27	tbmm-2019-11-26sit02spe0215par0448	The Turkish parliamentary corpus ParlaMint-TR-en, Term 27, Year 3, Session 22	2019-11-26	Unicameralism	27	3	22	-	-	Reference	English	Chairperson	MP	notMinister	AKP	Justice and Development Party	Coalition	Right	SüreyyaSadi.Bilgiç	Bilgiç, Süreyya Sadi	M	1961	
ParlaMint-TR-en_2019-11-26-tbmm-T27	tbmm-2019-11-26sit02spe0214par0449	The Turkish parliamentary corpus ParlaMint-TR-en, Term 27, Year 3, Session 22	2019-11-26	Unicameralism	27	3	22	-	-	Reference	English	Regular	MP	notMinister	CHP	Republican People's Party	Opposition	Centre-left	Haydar.Akar	Akar, Haydar	M	1963	
ParlaMint-TR-en_2019-11-26-tbmm-T27	tbmm-2019-11-26sit02spe0215par0450	The Turkish parliamentary corpus ParlaMint-TR-en, Term 27, Year 3, Session 22	2019-11-26	Unicameralism	27	3	22	-	-	Reference	English	Chairperson	MP	notMinister	AKP	Justice and Development Party	Coalition	Right	SüreyyaSadi.Bilgiç	Bilgiç, Süreyya Sadi	M	1961	
ParlaMint-TR-en_2019-11-26-tbmm-T27	tbmm-2019-11-26sit02spe0214par0451	The Turkish parliamentary corpus ParlaMint-TR-en, Term 27, Year 3, Session 22	2019-11-26	Unicameralism	27	3	22	-	-	Reference	English	Regular	MP	notMinister	CHP	Republican People's Party	Opposition	Centre-left	Haydar.Akar	Akar, Haydar	M	1963	
ParlaMint-TR-en_2019-11-26-tbmm-T27	tbmm-2019-11-26sit02spe0215par0452	The Turkish parliamentary corpus ParlaMint-TR-en, Term 27, Year 3, Session 22	2019-11-26	Unicameralism	27	3	22	-	-	Reference	English	Chairperson	MP	notMinister	AKP	Justice and Development Party	Coalition	Right	SüreyyaSadi.Bilgiç	Bilgiç, Süreyya Sadi	M	1961	
ParlaMint-TR-en_2019-11-26-tbmm-T27	tbmm-2019-11-26sit02spe0214par0453	The Turkish parliamentary corpus ParlaMint-TR-en, Term 27, Year 3, Session 22	2019-11-26	Unicameralism	27	3	22	-	-	Reference	English	Regular	MP	notMinister	CHP	Republican People's Party	Opposition	Centre-left	Haydar.Akar	Akar, Haydar	M	1963	
ParlaMint-TR-en_2019-11-26-tbmm-T27	tbmm-2019-11-26sit02spe0215par0454	The Turkish parliamentary corpus ParlaMint-TR-en, Term 27, Year 3, Session 22	2019-11-26	Unicameralism	27	3	22	-	-	Reference	English	Chairperson	MP	notMinister	AKP	Justice and Development Party	Coalition	Right	SüreyyaSadi.Bilgiç	Bilgiç, Süreyya Sadi	M	1961	
ParlaMint-TR-en_2019-11-26-tbmm-T27	tbmm-2019-11-26sit02spe0214par0455	The Turkish parliamentary corpus ParlaMint-TR-en, Term 27, Year 3, Session 22	2019-11-26	Unicameralism	27	3	22	-	-	Reference	English	Regular	MP	notMinister	CHP	Republican People's Party	Opposition	Centre-left	Haydar.Akar	Akar, Haydar	M	1963	
ParlaMint-TR-en_2019-11-26-tbmm-T27	tbmm-2019-11-26sit02spe0216par0456	The Turkish parliamentary corpus ParlaMint-TR-en, Term 27, Year 3, Session 22	2019-11-26	Unicameralism	27	3	22	-	-	Reference	English	Regular	MP	notMinister	AKP	Justice and Development Party	Coalition	Right	MuhammetEmin.Akbaşoğlu	Akbaşoğlu, Muhammet Emin	M	1968	
ParlaMint-TR-en_2019-11-26-tbmm-T27	tbmm-2019-11-26sit02spe0217par0459	The Turkish parliamentary corpus ParlaMint-TR-en, Term 27, Year 3, Session 22	2019-11-26	Unicameralism	27	3	22	-	-	Reference	English	Chairperson	MP	notMinister	AKP	Justice and Development Party	Coalition	Right	SüreyyaSadi.Bilgiç	Bilgiç, Süreyya Sadi	M	1961	
ParlaMint-TR-en_2019-11-26-tbmm-T27	tbmm-2019-11-26sit02spe0216par0460	The Turkish parliamentary corpus ParlaMint-TR-en, Term 27, Year 3, Session 22	2019-11-26	Unicameralism	27	3	22	-	-	Reference	English	Regular	MP	notMinister	AKP	Justice and Development Party	Coalition	Right	MuhammetEmin.Akbaşoğlu	Akbaşoğlu, Muhammet Emin	M	1968	
ParlaMint-TR-en_2019-11-26-tbmm-T27	tbmm-2019-11-26sit02spe0217par0461	The Turkish parliamentary corpus ParlaMint-TR-en, Term 27, Year 3, Session 22	2019-11-26	Unicameralism	27	3	22	-	-	Reference	English	Chairperson	MP	notMinister	AKP	Justice and Development Party	Coalition	Right	SüreyyaSadi.Bilgiç	Bilgiç, Süreyya Sadi	M	1961	
ParlaMint-TR-en_2019-11-26-tbmm-T27	tbmm-2019-11-26sit02spe0216par0462	The Turkish parliamentary corpus ParlaMint-TR-en, Term 27, Year 3, Session 22	2019-11-26	Unicameralism	27	3	22	-	-	Reference	English	Regular	MP	notMinister	AKP	Justice and Development Party	Coalition	Right	MuhammetEmin.Akbaşoğlu	Akbaşoğlu, Muhammet Emin	M	1968	
ParlaMint-TR-en_2019-11-26-tbmm-T27	tbmm-2019-11-26sit02spe0217par0463	The Turkish parliamentary corpus ParlaMint-TR-en, Term 27, Year 3, Session 22	2019-11-26	Unicameralism	27	3	22	-	-	Reference	English	Chairperson	MP	notMinister	AKP	Justice and Development Party	Coalition	Right	SüreyyaSadi.Bilgiç	Bilgiç, Süreyya Sadi	M	1961	
ParlaMint-TR-en_2019-11-26-tbmm-T27	tbmm-2019-11-26sit02spe0216par0464	The Turkish parliamentary corpus ParlaMint-TR-en, Term 27, Year 3, Session 22	2019-11-26	Unicameralism	27	3	22	-	-	Reference	English	Regular	MP	notMinister	AKP	Justice and Development Party	Coalition	Right	MuhammetEmin.Akbaşoğlu	Akbaşoğlu, Muhammet Emin	M	1968	
ParlaMint-TR-en_2019-11-26-tbmm-T27	tbmm-2019-11-26sit02spe0218par0467	The Turkish parliamentary corpus ParlaMint-TR-en, Term 27, Year 3, Session 22	2019-11-26	Unicameralism	27	3	22	-	-	Reference	English	Regular	MP	notMinister	CHP	Republican People's Party	Opposition	Centre-left	Engin.Altay	Altay, Engin	M	1963	
ParlaMint-TR-en_2019-11-26-tbmm-T27	tbmm-2019-11-26sit02spe0219par0468	The Turkish parliamentary corpus ParlaMint-TR-en, Term 27, Year 3, Session 22	2019-11-26	Unicameralism	27	3	22	-	-	Reference	English	Chairperson	MP	notMinister	AKP	Justice and Development Party	Coalition	Right	SüreyyaSadi.Bilgiç	Bilgiç, Süreyya Sadi	M	1961	
ParlaMint-TR-en_2019-11-26-tbmm-T27	tbmm-2019-11-26sit02spe0220par0474	The Turkish parliamentary corpus ParlaMint-TR-en, Term 27, Year 3, Session 22	2019-11-26	Unicameralism	27	3	22	-	-	Reference	English	Regular	MP	notMinister	CHP	Republican People's Party	Opposition	Centre-left	Ali.Şeker	Şeker, Ali	M	1968	
ParlaMint-TR-en_2019-11-26-tbmm-T27	tbmm-2019-11-26sit02spe0219par0475	The Turkish parliamentary corpus ParlaMint-TR-en, Term 27, Year 3, Session 22	2019-11-26	Unicameralism	27	3	22	-	-	Reference	English	Chairperson	MP	notMinister	AKP	Justice and Development Party	Coalition	Right	SüreyyaSadi.Bilgiç	Bilgiç, Süreyya Sadi	M	1961	
ParlaMint-TR-en_2019-11-26-tbmm-T27	tbmm-2019-11-26sit02spe0221par0476	The Turkish parliamentary corpus ParlaMint-TR-en, Term 27, Year 3, Session 22	2019-11-26	Unicameralism	27	3	22	-	-	Reference	English	Regular	MP	notMinister	CHP	Republican People's Party	Opposition	Centre-left	Engin.Altay	Altay, Engin	M	1963	
ParlaMint-TR-en_2019-11-26-tbmm-T27	tbmm-2019-11-26sit02spe0219par0477	The Turkish parliamentary corpus ParlaMint-TR-en, Term 27, Year 3, Session 22	2019-11-26	Unicameralism	27	3	22	-	-	Reference	English	Chairperson	MP	notMinister	AKP	Justice and Development Party	Coalition	Right	SüreyyaSadi.Bilgiç	Bilgiç, Süreyya Sadi	M	1961	
ParlaMint-TR-en_2019-11-26-tbmm-T27	tbmm-2019-11-26sit02spe0221par0479	The Turkish parliamentary corpus ParlaMint-TR-en, Term 27, Year 3, Session 22	2019-11-26	Unicameralism	27	3	22	-	-	Reference	English	Regular	MP	notMinister	CHP	Republican People's Party	Opposition	Centre-left	Engin.Altay	Altay, Engin	M	1963	
ParlaMint-TR-en_2019-11-26-tbmm-T27	tbmm-2019-11-26sit02spe0219par0480	The Turkish parliamentary corpus ParlaMint-TR-en, Term 27, Year 3, Session 22	2019-11-26	Unicameralism	27	3	22	-	-	Reference	English	Chairperson	MP	notMinister	AKP	Justice and Development Party	Coalition	Right	SüreyyaSadi.Bilgiç	Bilgiç, Süreyya Sadi	M	1961	
ParlaMint-TR-en_2019-11-26-tbmm-T27	tbmm-2019-11-26sit02spe0221par0481	The Turkish parliamentary corpus ParlaMint-TR-en, Term 27, Year 3, Session 22	2019-11-26	Unicameralism	27	3	22	-	-	Reference	English	Regular	MP	notMinister	CHP	Republican People's Party	Opposition	Centre-left	Engin.Altay	Altay, Engin	M	1963	
ParlaMint-TR-en_2019-11-26-tbmm-T27	tbmm-2019-11-26sit02spe0219par0482	The Turkish parliamentary corpus ParlaMint-TR-en, Term 27, Year 3, Session 22	2019-11-26	Unicameralism	27	3	22	-	-	Reference	English	Chairperson	MP	notMinister	AKP	Justice and Development Party	Coalition	Right	SüreyyaSadi.Bilgiç	Bilgiç, Süreyya Sadi	M	1961	
ParlaMint-TR-en_2019-11-26-tbmm-T27	tbmm-2019-11-26sit02spe0221par0483	The Turkish parliamentary corpus ParlaMint-TR-en, Term 27, Year 3, Session 22	2019-11-26	Unicameralism	27	3	22	-	-	Reference	English	Regular	MP	notMinister	CHP	Republican People's Party	Opposition	Centre-left	Engin.Altay	Altay, Engin	M	1963	
ParlaMint-TR-en_2019-11-26-tbmm-T27	tbmm-2019-11-26sit02spe0219par0484	The Turkish parliamentary corpus ParlaMint-TR-en, Term 27, Year 3, Session 22	2019-11-26	Unicameralism	27	3	22	-	-	Reference	English	Chairperson	MP	notMinister	AKP	Justice and Development Party	Coalition	Right	SüreyyaSadi.Bilgiç	Bilgiç, Süreyya Sadi	M	1961	
ParlaMint-TR-en_2019-11-26-tbmm-T27	tbmm-2019-11-26sit02spe0221par0485	The Turkish parliamentary corpus ParlaMint-TR-en, Term 27, Year 3, Session 22	2019-11-26	Unicameralism	27	3	22	-	-	Reference	English	Regular	MP	notMinister	CHP	Republican People's Party	Opposition	Centre-left	Engin.Altay	Altay, Engin	M	1963	
ParlaMint-TR-en_2019-11-26-tbmm-T27	tbmm-2019-11-26sit02spe0219par0486	The Turkish parliamentary corpus ParlaMint-TR-en, Term 27, Year 3, Session 22	2019-11-26	Unicameralism	27	3	22	-	-	Reference	English	Chairperson	MP	notMinister	AKP	Justice and Development Party	Coalition	Right	SüreyyaSadi.Bilgiç	Bilgiç, Süreyya Sadi	M	1961	
ParlaMint-TR-en_2019-11-26-tbmm-T27	tbmm-2019-11-26sit02spe0221par0487	The Turkish parliamentary corpus ParlaMint-TR-en, Term 27, Year 3, Session 22	2019-11-26	Unicameralism	27	3	22	-	-	Reference	English	Regular	MP	notMinister	CHP	Republican People's Party	Opposition	Centre-left	Engin.Altay	Altay, Engin	M	1963	
ParlaMint-TR-en_2019-11-26-tbmm-T27	tbmm-2019-11-26sit02spe0219par0488	The Turkish parliamentary corpus ParlaMint-TR-en, Term 27, Year 3, Session 22	2019-11-26	Unicameralism	27	3	22	-	-	Reference	English	Chairperson	MP	notMinister	AKP	Justice and Development Party	Coalition	Right	SüreyyaSadi.Bilgiç	Bilgiç, Süreyya Sadi	M	1961	
ParlaMint-TR-en_2019-11-26-tbmm-T27	tbmm-2019-11-26sit02spe0221par0489	The Turkish parliamentary corpus ParlaMint-TR-en, Term 27, Year 3, Session 22	2019-11-26	Unicameralism	27	3	22	-	-	Reference	English	Regular	MP	notMinister	CHP	Republican People's Party	Opposition	Centre-left	Engin.Altay	Altay, Engin	M	1963	
ParlaMint-TR-en_2019-11-26-tbmm-T27	tbmm-2019-11-26sit02spe0219par0490	The Turkish parliamentary corpus ParlaMint-TR-en, Term 27, Year 3, Session 22	2019-11-26	Unicameralism	27	3	22	-	-	Reference	English	Chairperson	MP	notMinister	AKP	Justice and Development Party	Coalition	Right	SüreyyaSadi.Bilgiç	Bilgiç, Süreyya Sadi	M	1961	
ParlaMint-TR-en_2019-11-26-tbmm-T27	tbmm-2019-11-26sit03spe0219par0001	The Turkish parliamentary corpus ParlaMint-TR-en, Term 27, Year 3, Session 22	2019-11-26	Unicameralism	27	3	22	-	-	Reference	English	Chairperson	MP	notMinister	AKP	Justice and Development Party	Coalition	Right	SüreyyaSadi.Bilgiç	Bilgiç, Süreyya Sadi	M	1961	
ParlaMint-TR-en_2019-11-26-tbmm-T27	tbmm-2019-11-26sit03spe0222par0015	The Turkish parliamentary corpus ParlaMint-TR-en, Term 27, Year 3, Session 22	2019-11-26	Unicameralism	27	3	22	-	-	Reference	English	Regular	MP	notMinister	CHP	Republican People's Party	Opposition	Centre-left	Aydın.Özer	Özer, Aydın	M	1962	
ParlaMint-TR-en_2019-11-26-tbmm-T27	tbmm-2019-11-26sit03spe0223par0026	The Turkish parliamentary corpus ParlaMint-TR-en, Term 27, Year 3, Session 22	2019-11-26	Unicameralism	27	3	22	-	-	Reference	English	Chairperson	MP	notMinister	AKP	Justice and Development Party	Coalition	Right	SüreyyaSadi.Bilgiç	Bilgiç, Süreyya Sadi	M	1961	
ParlaMint-TR-en_2019-11-26-tbmm-T27	tbmm-2019-11-26sit03spe0224par0038	The Turkish parliamentary corpus ParlaMint-TR-en, Term 27, Year 3, Session 22	2019-11-26	Unicameralism	27	3	22	-	-	Reference	English	Regular	MP	notMinister	IYI	İYİ Party	Opposition	Centre-right	DursunMüsavat.Dervişoğlu	Dervişoğlu, Dursun Müsavat	M	1960	
ParlaMint-TR-en_2019-11-26-tbmm-T27	tbmm-2019-11-26sit03spe0225par0061	The Turkish parliamentary corpus ParlaMint-TR-en, Term 27, Year 3, Session 22	2019-11-26	Unicameralism	27	3	22	-	-	Reference	English	Chairperson	MP	notMinister	AKP	Justice and Development Party	Coalition	Right	SüreyyaSadi.Bilgiç	Bilgiç, Süreyya Sadi	M	1961	
ParlaMint-TR-en_2019-11-26-tbmm-T27	tbmm-2019-11-26sit03spe0226par0063	The Turkish parliamentary corpus ParlaMint-TR-en, Term 27, Year 3, Session 22	2019-11-26	Unicameralism	27	3	22	-	-	Reference	English	Regular	MP	notMinister	MHP	Nationalist Movement Party	-	Right to far-right	Sermet.Atay	Atay, Sermet	M	1964	
ParlaMint-TR-en_2019-11-26-tbmm-T27	tbmm-2019-11-26sit03spe0227par0102	The Turkish parliamentary corpus ParlaMint-TR-en, Term 27, Year 3, Session 22	2019-11-26	Unicameralism	27	3	22	-	-	Reference	English	Chairperson	MP	notMinister	AKP	Justice and Development Party	Coalition	Right	SüreyyaSadi.Bilgiç	Bilgiç, Süreyya Sadi	M	1961	
ParlaMint-TR-en_2019-11-26-tbmm-T27	tbmm-2019-11-26sit03spe0226par0103	The Turkish parliamentary corpus ParlaMint-TR-en, Term 27, Year 3, Session 22	2019-11-26	Unicameralism	27	3	22	-	-	Reference	English	Regular	MP	notMinister	MHP	Nationalist Movement Party	-	Right to far-right	Sermet.Atay	Atay, Sermet	M	1964	
ParlaMint-TR-en_2019-11-26-tbmm-T27	tbmm-2019-11-26sit03spe0228par0108	The Turkish parliamentary corpus ParlaMint-TR-en, Term 27, Year 3, Session 22	2019-11-26	Unicameralism	27	3	22	-	-	Reference	English	Chairperson	MP	notMinister	AKP	Justice and Development Party	Coalition	Right	SüreyyaSadi.Bilgiç	Bilgiç, Süreyya Sadi	M	1961	
ParlaMint-TR-en_2019-11-26-tbmm-T27	tbmm-2019-11-26sit03spe0229par0110	The Turkish parliamentary corpus ParlaMint-TR-en, Term 27, Year 3, Session 22	2019-11-26	Unicameralism	27	3	22	-	-	Reference	English	Regular	MP	notMinister	HDP	Peoples' Democratic Party	Opposition	Centre-left to left	HakkıSaruhan.Oluç	Oluç, Hakkı Saruhan	M	1958	
ParlaMint-TR-en_2019-11-26-tbmm-T27	tbmm-2019-11-26sit03spe0230par0132	The Turkish parliamentary corpus ParlaMint-TR-en, Term 27, Year 3, Session 22	2019-11-26	Unicameralism	27	3	22	-	-	Reference	English	Chairperson	MP	notMinister	AKP	Justice and Development Party	Coalition	Right	SüreyyaSadi.Bilgiç	Bilgiç, Süreyya Sadi	M	1961	
ParlaMint-TR-en_2019-11-26-tbmm-T27	tbmm-2019-11-26sit03spe0229par0133	The Turkish parliamentary corpus ParlaMint-TR-en, Term 27, Year 3, Session 22	2019-11-26	Unicameralism	27	3	22	-	-	Reference	English	Regular	MP	notMinister	HDP	Peoples' Democratic Party	Opposition	Centre-left to left	HakkıSaruhan.Oluç	Oluç, Hakkı Saruhan	M	1958	
ParlaMint-TR-en_2019-11-26-tbmm-T27	tbmm-2019-11-26sit03spe0231par0137	The Turkish parliamentary corpus ParlaMint-TR-en, Term 27, Year 3, Session 22	2019-11-26	Unicameralism	27	3	22	-	-	Reference	English	Chairperson	MP	notMinister	AKP	Justice and Development Party	Coalition	Right	SüreyyaSadi.Bilgiç	Bilgiç, Süreyya Sadi	M	1961	
ParlaMint-TR-en_2019-11-26-tbmm-T27	tbmm-2019-11-26sit03spe0232par0140	The Turkish parliamentary corpus ParlaMint-TR-en, Term 27, Year 3, Session 22	2019-11-26	Unicameralism	27	3	22	-	-	Reference	English	Regular	MP	notMinister	AKP	Justice and Development Party	Coalition	Right	MuhammetEmin.Akbaşoğlu	Akbaşoğlu, Muhammet Emin	M	1968	
ParlaMint-TR-en_2019-11-26-tbmm-T27	tbmm-2019-11-26sit03spe0233par0146	The Turkish parliamentary corpus ParlaMint-TR-en, Term 27, Year 3, Session 22	2019-11-26	Unicameralism	27	3	22	-	-	Reference	English	Chairperson	MP	notMinister	AKP	Justice and Development Party	Coalition	Right	SüreyyaSadi.Bilgiç	Bilgiç, Süreyya Sadi	M	1961	
ParlaMint-TR-en_2019-11-26-tbmm-T27	tbmm-2019-11-26sit03spe0232par0147	The Turkish parliamentary corpus ParlaMint-TR-en, Term 27, Year 3, Session 22	2019-11-26	Unicameralism	27	3	22	-	-	Reference	English	Regular	MP	notMinister	AKP	Justice and Development Party	Coalition	Right	MuhammetEmin.Akbaşoğlu	Akbaşoğlu, Muhammet Emin	M	1968	
ParlaMint-TR-en_2019-11-26-tbmm-T27	tbmm-2019-11-26sit03spe0233par0149	The Turkish parliamentary corpus ParlaMint-TR-en, Term 27, Year 3, Session 22	2019-11-26	Unicameralism	27	3	22	-	-	Reference	English	Chairperson	MP	notMinister	AKP	Justice and Development Party	Coalition	Right	SüreyyaSadi.Bilgiç	Bilgiç, Süreyya Sadi	M	1961	
ParlaMint-TR-en_2019-11-26-tbmm-T27	tbmm-2019-11-26sit03spe0234par0150	The Turkish parliamentary corpus ParlaMint-TR-en, Term 27, Year 3, Session 22	2019-11-26	Unicameralism	27	3	22	-	-	Reference	English	Regular	MP	notMinister	HDP	Peoples' Democratic Party	Opposition	Centre-left to left	HakkıSaruhan.Oluç	Oluç, Hakkı Saruhan	M	1958	
ParlaMint-TR-en_2019-11-26-tbmm-T27	tbmm-2019-11-26sit03spe0233par0151	The Turkish parliamentary corpus ParlaMint-TR-en, Term 27, Year 3, Session 22	2019-11-26	Unicameralism	27	3	22	-	-	Reference	English	Chairperson	MP	notMinister	AKP	Justice and Development Party	Coalition	Right	SüreyyaSadi.Bilgiç	Bilgiç, Süreyya Sadi	M	1961	
ParlaMint-TR-en_2019-11-26-tbmm-T27	tbmm-2019-11-26sit03spe0234par0153	The Turkish parliamentary corpus ParlaMint-TR-en, Term 27, Year 3, Session 22	2019-11-26	Unicameralism	27	3	22	-	-	Reference	English	Regular	MP	notMinister	HDP	Peoples' Democratic Party	Opposition	Centre-left to left	HakkıSaruhan.Oluç	Oluç, Hakkı Saruhan	M	1958	
ParlaMint-TR-en_2019-11-26-tbmm-T27	tbmm-2019-11-26sit03spe0235par0161	The Turkish parliamentary corpus ParlaMint-TR-en, Term 27, Year 3, Session 22	2019-11-26	Unicameralism	27	3	22	-	-	Reference	English	Chairperson	MP	notMinister	AKP	Justice and Development Party	Coalition	Right	SüreyyaSadi.Bilgiç	Bilgiç, Süreyya Sadi	M	1961	
ParlaMint-TR-en_2019-11-26-tbmm-T27	tbmm-2019-11-26sit03spe0234par0162	The Turkish parliamentary corpus ParlaMint-TR-en, Term 27, Year 3, Session 22	2019-11-26	Unicameralism	27	3	22	-	-	Reference	English	Regular	MP	notMinister	HDP	Peoples' Democratic Party	Opposition	Centre-left to left	HakkıSaruhan.Oluç	Oluç, Hakkı Saruhan	M	1958	
ParlaMint-TR-en_2019-11-26-tbmm-T27	tbmm-2019-11-26sit03spe0235par0164	The Turkish parliamentary corpus ParlaMint-TR-en, Term 27, Year 3, Session 22	2019-11-26	Unicameralism	27	3	22	-	-	Reference	English	Chairperson	MP	notMinister	AKP	Justice and Development Party	Coalition	Right	SüreyyaSadi.Bilgiç	Bilgiç, Süreyya Sadi	M	1961	
ParlaMint-TR-en_2019-11-26-tbmm-T27	tbmm-2019-11-26sit03spe0234par0165	The Turkish parliamentary corpus ParlaMint-TR-en, Term 27, Year 3, Session 22	2019-11-26	Unicameralism	27	3	22	-	-	Reference	English	Regular	MP	notMinister	HDP	Peoples' Democratic Party	Opposition	Centre-left to left	HakkıSaruhan.Oluç	Oluç, Hakkı Saruhan	M	1958	
ParlaMint-TR-en_2019-11-26-tbmm-T27	tbmm-2019-11-26sit03spe0235par0167	The Turkish parliamentary corpus ParlaMint-TR-en, Term 27, Year 3, Session 22	2019-11-26	Unicameralism	27	3	22	-	-	Reference	English	Chairperson	MP	notMinister	AKP	Justice and Development Party	Coalition	Right	SüreyyaSadi.Bilgiç	Bilgiç, Süreyya Sadi	M	1961	
ParlaMint-TR-en_2019-11-26-tbmm-T27	tbmm-2019-11-26sit03spe0236par0170	The Turkish parliamentary corpus ParlaMint-TR-en, Term 27, Year 3, Session 22	2019-11-26	Unicameralism	27	3	22	-	-	Reference	English	Regular	MP	notMinister	CHP	Republican People's Party	Opposition	Centre-left	Engin.Altay	Altay, Engin	M	1963	
ParlaMint-TR-en_2019-11-26-tbmm-T27	tbmm-2019-11-26sit03spe0237par0176	The Turkish parliamentary corpus ParlaMint-TR-en, Term 27, Year 3, Session 22	2019-11-26	Unicameralism	27	3	22	-	-	Reference	English	Regular	MP	notMinister	AKP	Justice and Development Party	Coalition	Right	MuhammetEmin.Akbaşoğlu	Akbaşoğlu, Muhammet Emin	M	1968	
ParlaMint-TR-en_2019-11-26-tbmm-T27	tbmm-2019-11-26sit03spe0238par0177	The Turkish parliamentary corpus ParlaMint-TR-en, Term 27, Year 3, Session 22	2019-11-26	Unicameralism	27	3	22	-	-	Reference	English	Chairperson	MP	notMinister	AKP	Justice and Development Party	Coalition	Right	SüreyyaSadi.Bilgiç	Bilgiç, Süreyya Sadi	M	1961	
ParlaMint-TR-en_2019-11-26-tbmm-T27	tbmm-2019-11-26sit03spe0237par0179	The Turkish parliamentary corpus ParlaMint-TR-en, Term 27, Year 3, Session 22	2019-11-26	Unicameralism	27	3	22	-	-	Reference	English	Regular	MP	notMinister	AKP	Justice and Development Party	Coalition	Right	MuhammetEmin.Akbaşoğlu	Akbaşoğlu, Muhammet Emin	M	1968	
ParlaMint-TR-en_2019-11-26-tbmm-T27	tbmm-2019-11-26sit03spe0239par0181	The Turkish parliamentary corpus ParlaMint-TR-en, Term 27, Year 3, Session 22	2019-11-26	Unicameralism	27	3	22	-	-	Reference	English	Regular	MP	notMinister	HDP	Peoples' Democratic Party	Opposition	Centre-left to left	Ayşe.AcarBaşaran	Acar Başaran, Ayşe	F	1985	
ParlaMint-TR-en_2019-11-26-tbmm-T27	tbmm-2019-11-26sit03spe0240par0182	The Turkish parliamentary corpus ParlaMint-TR-en, Term 27, Year 3, Session 22	2019-11-26	Unicameralism	27	3	22	-	-	Reference	English	Regular	MP	notMinister	CHP	Republican People's Party	Opposition	Centre-left	Engin.Altay	Altay, Engin	M	1963	
ParlaMint-TR-en_2019-11-26-tbmm-T27	tbmm-2019-11-26sit03spe0237par0183	The Turkish parliamentary corpus ParlaMint-TR-en, Term 27, Year 3, Session 22	2019-11-26	Unicameralism	27	3	22	-	-	Reference	English	Regular	MP	notMinister	AKP	Justice and Development Party	Coalition	Right	MuhammetEmin.Akbaşoğlu	Akbaşoğlu, Muhammet Emin	M	1968	
ParlaMint-TR-en_2019-11-26-tbmm-T27	tbmm-2019-11-26sit03spe0241par0186	The Turkish parliamentary corpus ParlaMint-TR-en, Term 27, Year 3, Session 22	2019-11-26	Unicameralism	27	3	22	-	-	Reference	English	Regular	MP	notMinister	HDP	Peoples' Democratic Party	Opposition	Centre-left to left	Ayşe.AcarBaşaran	Acar Başaran, Ayşe	F	1985	
ParlaMint-TR-en_2019-11-26-tbmm-T27	tbmm-2019-11-26sit03spe0237par0187	The Turkish parliamentary corpus ParlaMint-TR-en, Term 27, Year 3, Session 22	2019-11-26	Unicameralism	27	3	22	-	-	Reference	English	Regular	MP	notMinister	AKP	Justice and Development Party	Coalition	Right	MuhammetEmin.Akbaşoğlu	Akbaşoğlu, Muhammet Emin	M	1968	
ParlaMint-TR-en_2019-11-26-tbmm-T27	tbmm-2019-11-26sit03spe0241par0188	The Turkish parliamentary corpus ParlaMint-TR-en, Term 27, Year 3, Session 22	2019-11-26	Unicameralism	27	3	22	-	-	Reference	English	Regular	MP	notMinister	HDP	Peoples' Democratic Party	Opposition	Centre-left to left	Ayşe.AcarBaşaran	Acar Başaran, Ayşe	F	1985	
ParlaMint-TR-en_2019-11-26-tbmm-T27	tbmm-2019-11-26sit03spe0242par0189	The Turkish parliamentary corpus ParlaMint-TR-en, Term 27, Year 3, Session 22	2019-11-26	Unicameralism	27	3	22	-	-	Reference	English	Chairperson	MP	notMinister	AKP	Justice and Development Party	Coalition	Right	SüreyyaSadi.Bilgiç	Bilgiç, Süreyya Sadi	M	1961	
ParlaMint-TR-en_2019-11-26-tbmm-T27	tbmm-2019-11-26sit03spe0237par0190	The Turkish parliamentary corpus ParlaMint-TR-en, Term 27, Year 3, Session 22	2019-11-26	Unicameralism	27	3	22	-	-	Reference	English	Regular	MP	notMinister	AKP	Justice and Development Party	Coalition	Right	MuhammetEmin.Akbaşoğlu	Akbaşoğlu, Muhammet Emin	M	1968	
ParlaMint-TR-en_2019-11-26-tbmm-T27	tbmm-2019-11-26sit03spe0242par0192	The Turkish parliamentary corpus ParlaMint-TR-en, Term 27, Year 3, Session 22	2019-11-26	Unicameralism	27	3	22	-	-	Reference	English	Chairperson	MP	notMinister	AKP	Justice and Development Party	Coalition	Right	SüreyyaSadi.Bilgiç	Bilgiç, Süreyya Sadi	M	1961	
ParlaMint-TR-en_2019-11-26-tbmm-T27	tbmm-2019-11-26sit04spe0242par0001	The Turkish parliamentary corpus ParlaMint-TR-en, Term 27, Year 3, Session 22	2019-11-26	Unicameralism	27	3	22	-	-	Reference	English	Chairperson	MP	notMinister	AKP	Justice and Development Party	Coalition	Right	SüreyyaSadi.Bilgiç	Bilgiç, Süreyya Sadi	M	1961	
ParlaMint-TR-en_2019-11-26-tbmm-T27	tbmm-2019-11-26sit04spe0243par0010	The Turkish parliamentary corpus ParlaMint-TR-en, Term 27, Year 3, Session 22	2019-11-26	Unicameralism	27	3	22	-	-	Reference	English	Regular	MP	notMinister	CHP	Republican People's Party	Opposition	Centre-left	Yaşar.Tüzün	Tüzün, Yaşar	M	1966	
ParlaMint-TR-en_2019-11-26-tbmm-T27	tbmm-2019-11-26sit04spe0244par0021	The Turkish parliamentary corpus ParlaMint-TR-en, Term 27, Year 3, Session 22	2019-11-26	Unicameralism	27	3	22	-	-	Reference	English	Regular	MP	notMinister	CHP	Republican People's Party	Opposition	Centre-left	Mahmut.Tanal	Tanal, Mahmut	M	1961	
ParlaMint-TR-en_2019-11-26-tbmm-T27	tbmm-2019-11-26sit04spe0243par0022	The Turkish parliamentary corpus ParlaMint-TR-en, Term 27, Year 3, Session 22	2019-11-26	Unicameralism	27	3	22	-	-	Reference	English	Regular	MP	notMinister	CHP	Republican People's Party	Opposition	Centre-left	Yaşar.Tüzün	Tüzün, Yaşar	M	1966	
ParlaMint-TR-en_2019-11-26-tbmm-T27	tbmm-2019-11-26sit04spe0245par0039	The Turkish parliamentary corpus ParlaMint-TR-en, Term 27, Year 3, Session 22	2019-11-26	Unicameralism	27	3	22	-	-	Reference	English	Chairperson	MP	notMinister	AKP	Justice and Development Party	Coalition	Right	SüreyyaSadi.Bilgiç	Bilgiç, Süreyya Sadi	M	1961	
ParlaMint-TR-en_2019-11-26-tbmm-T27	tbmm-2019-11-26sit04spe0243par0041	The Turkish parliamentary corpus ParlaMint-TR-en, Term 27, Year 3, Session 22	2019-11-26	Unicameralism	27	3	22	-	-	Reference	English	Regular	MP	notMinister	CHP	Republican People's Party	Opposition	Centre-left	Yaşar.Tüzün	Tüzün, Yaşar	M	1966	
ParlaMint-TR-en_2019-11-26-tbmm-T27	tbmm-2019-11-26sit04spe0246par0046	The Turkish parliamentary corpus ParlaMint-TR-en, Term 27, Year 3, Session 22	2019-11-26	Unicameralism	27	3	22	-	-	Reference	English	Chairperson	MP	notMinister	AKP	Justice and Development Party	Coalition	Right	SüreyyaSadi.Bilgiç	Bilgiç, Süreyya Sadi	M	1961	
ParlaMint-TR-en_2019-11-26-tbmm-T27	tbmm-2019-11-26sit04spe0243par0047	The Turkish parliamentary corpus ParlaMint-TR-en, Term 27, Year 3, Session 22	2019-11-26	Unicameralism	27	3	22	-	-	Reference	English	Regular	MP	notMinister	CHP	Republican People's Party	Opposition	Centre-left	Yaşar.Tüzün	Tüzün, Yaşar	M	1966	
ParlaMint-TR-en_2019-11-26-tbmm-T27	tbmm-2019-11-26sit04spe0246par0050	The Turkish parliamentary corpus ParlaMint-TR-en, Term 27, Year 3, Session 22	2019-11-26	Unicameralism	27	3	22	-	-	Reference	English	Chairperson	MP	notMinister	AKP	Justice and Development Party	Coalition	Right	SüreyyaSadi.Bilgiç	Bilgiç, Süreyya Sadi	M	1961	
ParlaMint-TR-en_2019-11-26-tbmm-T27	tbmm-2019-11-26sit04spe0243par0051	The Turkish parliamentary corpus ParlaMint-TR-en, Term 27, Year 3, Session 22	2019-11-26	Unicameralism	27	3	22	-	-	Reference	English	Regular	MP	notMinister	CHP	Republican People's Party	Opposition	Centre-left	Yaşar.Tüzün	Tüzün, Yaşar	M	1966	
ParlaMint-TR-en_2019-11-26-tbmm-T27	tbmm-2019-11-26sit04spe0246par0053	The Turkish parliamentary corpus ParlaMint-TR-en, Term 27, Year 3, Session 22	2019-11-26	Unicameralism	27	3	22	-	-	Reference	English	Chairperson	MP	notMinister	AKP	Justice and Development Party	Coalition	Right	SüreyyaSadi.Bilgiç	Bilgiç, Süreyya Sadi	M	1961	
ParlaMint-TR-en_2019-11-26-tbmm-T27	tbmm-2019-11-26sit04spe0247par0055	The Turkish parliamentary corpus ParlaMint-TR-en, Term 27, Year 3, Session 22	2019-11-26	Unicameralism	27	3	22	-	-	Reference	English	Regular	MP	notMinister	CHP	Republican People's Party	Opposition	Centre-left	Faruk.Sarıaslan	Sarıaslan, Faruk	M	1953	
ParlaMint-TR-en_2019-11-26-tbmm-T27	tbmm-2019-11-26sit04spe0248par0057	The Turkish parliamentary corpus ParlaMint-TR-en, Term 27, Year 3, Session 22	2019-11-26	Unicameralism	27	3	22	-	-	Reference	English	Regular	MP	notMinister	AKP	Justice and Development Party	Coalition	Right	Erol.Kavuncu	Kavuncu, Erol	M	1963	
ParlaMint-TR-en_2019-11-26-tbmm-T27	tbmm-2019-11-26sit04spe0247par0058	The Turkish parliamentary corpus ParlaMint-TR-en, Term 27, Year 3, Session 22	2019-11-26	Unicameralism	27	3	22	-	-	Reference	English	Regular	MP	notMinister	CHP	Republican People's Party	Opposition	Centre-left	Faruk.Sarıaslan	Sarıaslan, Faruk	M	1953	
ParlaMint-TR-en_2019-11-26-tbmm-T27	tbmm-2019-11-26sit04spe0249par0061	The Turkish parliamentary corpus ParlaMint-TR-en, Term 27, Year 3, Session 22	2019-11-26	Unicameralism	27	3	22	-	-	Reference	English	Regular	MP	notMinister	AKP	Justice and Development Party	Coalition	Right	Selami.Altınok	Altınok, Selami	M	1966	
ParlaMint-TR-en_2019-11-26-tbmm-T27	tbmm-2019-11-26sit04spe0247par0062	The Turkish parliamentary corpus ParlaMint-TR-en, Term 27, Year 3, Session 22	2019-11-26	Unicameralism	27	3	22	-	-	Reference	English	Regular	MP	notMinister	CHP	Republican People's Party	Opposition	Centre-left	Faruk.Sarıaslan	Sarıaslan, Faruk	M	1953	
ParlaMint-TR-en_2019-11-26-tbmm-T27	tbmm-2019-11-26sit04spe0249par0063	The Turkish parliamentary corpus ParlaMint-TR-en, Term 27, Year 3, Session 22	2019-11-26	Unicameralism	27	3	22	-	-	Reference	English	Regular	MP	notMinister	AKP	Justice and Development Party	Coalition	Right	Selami.Altınok	Altınok, Selami	M	1966	
ParlaMint-TR-en_2019-11-26-tbmm-T27	tbmm-2019-11-26sit04spe0247par0064	The Turkish parliamentary corpus ParlaMint-TR-en, Term 27, Year 3, Session 22	2019-11-26	Unicameralism	27	3	22	-	-	Reference	English	Regular	MP	notMinister	CHP	Republican People's Party	Opposition	Centre-left	Faruk.Sarıaslan	Sarıaslan, Faruk	M	1953	
ParlaMint-TR-en_2019-11-26-tbmm-T27	tbmm-2019-11-26sit04spe0249par0065	The Turkish parliamentary corpus ParlaMint-TR-en, Term 27, Year 3, Session 22	2019-11-26	Unicameralism	27	3	22	-	-	Reference	English	Regular	MP	notMinister	AKP	Justice and Development Party	Coalition	Right	Selami.Altınok	Altınok, Selami	M	1966	
ParlaMint-TR-en_2019-11-26-tbmm-T27	tbmm-2019-11-26sit04spe0247par0066	The Turkish parliamentary corpus ParlaMint-TR-en, Term 27, Year 3, Session 22	2019-11-26	Unicameralism	27	3	22	-	-	Reference	English	Regular	MP	notMinister	CHP	Republican People's Party	Opposition	Centre-left	Faruk.Sarıaslan	Sarıaslan, Faruk	M	1953	
ParlaMint-TR-en_2019-11-26-tbmm-T27	tbmm-2019-11-26sit04spe0250par0074	The Turkish parliamentary corpus ParlaMint-TR-en, Term 27, Year 3, Session 22	2019-11-26	Unicameralism	27	3	22	-	-	Reference	English	Chairperson	MP	notMinister	AKP	Justice and Development Party	Coalition	Right	SüreyyaSadi.Bilgiç	Bilgiç, Süreyya Sadi	M	1961	
ParlaMint-TR-en_2019-11-26-tbmm-T27	tbmm-2019-11-26sit04spe0251par0077	The Turkish parliamentary corpus ParlaMint-TR-en, Term 27, Year 3, Session 22	2019-11-26	Unicameralism	27	3	22	-	-	Reference	English	Regular	MP	notMinister	AKP	Justice and Development Party	Coalition	Right	Kemal.Çelik	Çelik, Kemal	M	1956	
ParlaMint-TR-en_2019-11-26-tbmm-T27	tbmm-2019-11-26sit04spe0252par0093	The Turkish parliamentary corpus ParlaMint-TR-en, Term 27, Year 3, Session 22	2019-11-26	Unicameralism	27	3	22	-	-	Reference	English	Chairperson	MP	notMinister	AKP	Justice and Development Party	Coalition	Right	SüreyyaSadi.Bilgiç	Bilgiç, Süreyya Sadi	M	1961	
ParlaMint-TR-en_2019-11-26-tbmm-T27	tbmm-2019-11-26sit04spe0251par0095	The Turkish parliamentary corpus ParlaMint-TR-en, Term 27, Year 3, Session 22	2019-11-26	Unicameralism	27	3	22	-	-	Reference	English	Regular	MP	notMinister	AKP	Justice and Development Party	Coalition	Right	Kemal.Çelik	Çelik, Kemal	M	1956	
ParlaMint-TR-en_2019-11-26-tbmm-T27	tbmm-2019-11-26sit04spe0252par0097	The Turkish parliamentary corpus ParlaMint-TR-en, Term 27, Year 3, Session 22	2019-11-26	Unicameralism	27	3	22	-	-	Reference	English	Chairperson	MP	notMinister	AKP	Justice and Development Party	Coalition	Right	SüreyyaSadi.Bilgiç	Bilgiç, Süreyya Sadi	M	1961	
ParlaMint-TR-en_2019-11-26-tbmm-T27	tbmm-2019-11-26sit04spe0253par0104	The Turkish parliamentary corpus ParlaMint-TR-en, Term 27, Year 3, Session 22	2019-11-26	Unicameralism	27	3	22	-	-	Reference	English	Regular	MP	notMinister	IYI	İYİ Party	Opposition	Centre-right	Aytun.Çıray	Çıray, Aytun	M	1957	
ParlaMint-TR-en_2019-11-26-tbmm-T27	tbmm-2019-11-26sit04spe0254par0115	The Turkish parliamentary corpus ParlaMint-TR-en, Term 27, Year 3, Session 22	2019-11-26	Unicameralism	27	3	22	-	-	Reference	English	Chairperson	MP	notMinister	AKP	Justice and Development Party	Coalition	Right	SüreyyaSadi.Bilgiç	Bilgiç, Süreyya Sadi	M	1961	
ParlaMint-TR-en_2019-11-26-tbmm-T27	tbmm-2019-11-26sit04spe0255par0117	The Turkish parliamentary corpus ParlaMint-TR-en, Term 27, Year 3, Session 22	2019-11-26	Unicameralism	27	3	22	-	-	Reference	English	Regular	MP	notMinister	MHP	Nationalist Movement Party	-	Right to far-right	Ümit.Yılmaz	Yılmaz, Ümit	M	1971	
ParlaMint-TR-en_2019-11-26-tbmm-T27	tbmm-2019-11-26sit04spe0256par0132	The Turkish parliamentary corpus ParlaMint-TR-en, Term 27, Year 3, Session 22	2019-11-26	Unicameralism	27	3	22	-	-	Reference	English	Chairperson	MP	notMinister	AKP	Justice and Development Party	Coalition	Right	SüreyyaSadi.Bilgiç	Bilgiç, Süreyya Sadi	M	1961	
ParlaMint-TR-en_2019-11-26-tbmm-T27	tbmm-2019-11-26sit04spe0255par0133	The Turkish parliamentary corpus ParlaMint-TR-en, Term 27, Year 3, Session 22	2019-11-26	Unicameralism	27	3	22	-	-	Reference	English	Regular	MP	notMinister	MHP	Nationalist Movement Party	-	Right to far-right	Ümit.Yılmaz	Yılmaz, Ümit	M	1971	
ParlaMint-TR-en_2019-11-26-tbmm-T27	tbmm-2019-11-26sit04spe0257par0137	The Turkish parliamentary corpus ParlaMint-TR-en, Term 27, Year 3, Session 22	2019-11-26	Unicameralism	27	3	22	-	-	Reference	English	Chairperson	MP	notMinister	AKP	Justice and Development Party	Coalition	Right	SüreyyaSadi.Bilgiç	Bilgiç, Süreyya Sadi	M	1961	
ParlaMint-TR-en_2019-11-26-tbmm-T27	tbmm-2019-11-26sit04spe0258par0140	The Turkish parliamentary corpus ParlaMint-TR-en, Term 27, Year 3, Session 22	2019-11-26	Unicameralism	27	3	22	-	-	Reference	English	Regular	MP	notMinister	HDP	Peoples' Democratic Party	Opposition	Centre-left to left	Mensur.Işık	Işık, Mensur	M	1975	
ParlaMint-TR-en_2019-11-26-tbmm-T27	tbmm-2019-11-26sit04spe0259par0155	The Turkish parliamentary corpus ParlaMint-TR-en, Term 27, Year 3, Session 22	2019-11-26	Unicameralism	27	3	22	-	-	Reference	English	Chairperson	MP	notMinister	AKP	Justice and Development Party	Coalition	Right	SüreyyaSadi.Bilgiç	Bilgiç, Süreyya Sadi	M	1961	
ParlaMint-TR-en_2019-11-26-tbmm-T27	tbmm-2019-11-26sit04spe0258par0156	The Turkish parliamentary corpus ParlaMint-TR-en, Term 27, Year 3, Session 22	2019-11-26	Unicameralism	27	3	22	-	-	Reference	English	Regular	MP	notMinister	HDP	Peoples' Democratic Party	Opposition	Centre-left to left	Mensur.Işık	Işık, Mensur	M	1975	
ParlaMint-TR-en_2019-11-26-tbmm-T27	tbmm-2019-11-26sit04spe0259par0158	The Turkish parliamentary corpus ParlaMint-TR-en, Term 27, Year 3, Session 22	2019-11-26	Unicameralism	27	3	22	-	-	Reference	English	Chairperson	MP	notMinister	AKP	Justice and Development Party	Coalition	Right	SüreyyaSadi.Bilgiç	Bilgiç, Süreyya Sadi	M	1961	
ParlaMint-TR-en_2019-11-26-tbmm-T27	tbmm-2019-11-26sit04spe0258par0159	The Turkish parliamentary corpus ParlaMint-TR-en, Term 27, Year 3, Session 22	2019-11-26	Unicameralism	27	3	22	-	-	Reference	English	Regular	MP	notMinister	HDP	Peoples' Democratic Party	Opposition	Centre-left to left	Mensur.Işık	Işık, Mensur	M	1975	
ParlaMint-TR-en_2019-11-26-tbmm-T27	tbmm-2019-11-26sit04spe0260par0166	The Turkish parliamentary corpus ParlaMint-TR-en, Term 27, Year 3, Session 22	2019-11-26	Unicameralism	27	3	22	-	-	Reference	English	Chairperson	MP	notMinister	AKP	Justice and Development Party	Coalition	Right	SüreyyaSadi.Bilgiç	Bilgiç, Süreyya Sadi	M	1961	
ParlaMint-TR-en_2019-11-26-tbmm-T27	tbmm-2019-11-26sit04spe0261par0169	The Turkish parliamentary corpus ParlaMint-TR-en, Term 27, Year 3, Session 22	2019-11-26	Unicameralism	27	3	22	-	-	Reference	English	Regular	MP	notMinister	AKP	Justice and Development Party	Coalition	Right	MuhammetEmin.Akbaşoğlu	Akbaşoğlu, Muhammet Emin	M	1968	
ParlaMint-TR-en_2019-11-26-tbmm-T27	tbmm-2019-11-26sit04spe0262par0171	The Turkish parliamentary corpus ParlaMint-TR-en, Term 27, Year 3, Session 22	2019-11-26	Unicameralism	27	3	22	-	-	Reference	English	Regular	MP	notMinister	HDP	Peoples' Democratic Party	Opposition	Centre-left to left	Mensur.Işık	Işık, Mensur	M	1975	
ParlaMint-TR-en_2019-11-26-tbmm-T27	tbmm-2019-11-26sit04spe0261par0172	The Turkish parliamentary corpus ParlaMint-TR-en, Term 27, Year 3, Session 22	2019-11-26	Unicameralism	27	3	22	-	-	Reference	English	Regular	MP	notMinister	AKP	Justice and Development Party	Coalition	Right	MuhammetEmin.Akbaşoğlu	Akbaşoğlu, Muhammet Emin	M	1968	
ParlaMint-TR-en_2019-11-26-tbmm-T27	tbmm-2019-11-26sit04spe0263par0176	The Turkish parliamentary corpus ParlaMint-TR-en, Term 27, Year 3, Session 22	2019-11-26	Unicameralism	27	3	22	-	-	Reference	English	Chairperson	MP	notMinister	AKP	Justice and Development Party	Coalition	Right	SüreyyaSadi.Bilgiç	Bilgiç, Süreyya Sadi	M	1961	
ParlaMint-TR-en_2019-11-26-tbmm-T27	tbmm-2019-11-26sit04spe0261par0177	The Turkish parliamentary corpus ParlaMint-TR-en, Term 27, Year 3, Session 22	2019-11-26	Unicameralism	27	3	22	-	-	Reference	English	Regular	MP	notMinister	AKP	Justice and Development Party	Coalition	Right	MuhammetEmin.Akbaşoğlu	Akbaşoğlu, Muhammet Emin	M	1968	
ParlaMint-TR-en_2019-11-26-tbmm-T27	tbmm-2019-11-26sit04spe0263par0179	The Turkish parliamentary corpus ParlaMint-TR-en, Term 27, Year 3, Session 22	2019-11-26	Unicameralism	27	3	22	-	-	Reference	English	Chairperson	MP	notMinister	AKP	Justice and Development Party	Coalition	Right	SüreyyaSadi.Bilgiç	Bilgiç, Süreyya Sadi	M	1961	
ParlaMint-TR-en_2019-11-26-tbmm-T27	tbmm-2019-11-26sit04spe0261par0180	The Turkish parliamentary corpus ParlaMint-TR-en, Term 27, Year 3, Session 22	2019-11-26	Unicameralism	27	3	22	-	-	Reference	English	Regular	MP	notMinister	AKP	Justice and Development Party	Coalition	Right	MuhammetEmin.Akbaşoğlu	Akbaşoğlu, Muhammet Emin	M	1968	
ParlaMint-TR-en_2019-11-26-tbmm-T27	tbmm-2019-11-26sit04spe0263par0182	The Turkish parliamentary corpus ParlaMint-TR-en, Term 27, Year 3, Session 22	2019-11-26	Unicameralism	27	3	22	-	-	Reference	English	Chairperson	MP	notMinister	AKP	Justice and Development Party	Coalition	Right	SüreyyaSadi.Bilgiç	Bilgiç, Süreyya Sadi	M	1961	
ParlaMint-TR-en_2019-11-26-tbmm-T27	tbmm-2019-11-26sit04spe0261par0183	The Turkish parliamentary corpus ParlaMint-TR-en, Term 27, Year 3, Session 22	2019-11-26	Unicameralism	27	3	22	-	-	Reference	English	Regular	MP	notMinister	AKP	Justice and Development Party	Coalition	Right	MuhammetEmin.Akbaşoğlu	Akbaşoğlu, Muhammet Emin	M	1968	
ParlaMint-TR-en_2019-11-26-tbmm-T27	tbmm-2019-11-26sit04spe0263par0188	The Turkish parliamentary corpus ParlaMint-TR-en, Term 27, Year 3, Session 22	2019-11-26	Unicameralism	27	3	22	-	-	Reference	English	Chairperson	MP	notMinister	AKP	Justice and Development Party	Coalition	Right	SüreyyaSadi.Bilgiç	Bilgiç, Süreyya Sadi	M	1961	
ParlaMint-TR-en_2019-11-26-tbmm-T27	tbmm-2019-11-26sit04spe0264par0190	The Turkish parliamentary corpus ParlaMint-TR-en, Term 27, Year 3, Session 22	2019-11-26	Unicameralism	27	3	22	-	-	Reference	English	Regular	MP	notMinister	CHP	Republican People's Party	Opposition	Centre-left	Ali.Öztunç	Öztunç, Ali	M	1976	
ParlaMint-TR-en_2019-11-26-tbmm-T27	tbmm-2019-11-26sit04spe0265par0196	The Turkish parliamentary corpus ParlaMint-TR-en, Term 27, Year 3, Session 22	2019-11-26	Unicameralism	27	3	22	-	-	Reference	English	Regular	MP	notMinister	AKP	Justice and Development Party	Coalition	Right	AhmetBerat.Çonkar	Çonkar, Ahmet Berat	M	1976	
ParlaMint-TR-en_2019-11-26-tbmm-T27	tbmm-2019-11-26sit04spe0264par0197	The Turkish parliamentary corpus ParlaMint-TR-en, Term 27, Year 3, Session 22	2019-11-26	Unicameralism	27	3	22	-	-	Reference	English	Regular	MP	notMinister	CHP	Republican People's Party	Opposition	Centre-left	Ali.Öztunç	Öztunç, Ali	M	1976	
ParlaMint-TR-en_2019-11-26-tbmm-T27	tbmm-2019-11-26sit04spe0266par0198	The Turkish parliamentary corpus ParlaMint-TR-en, Term 27, Year 3, Session 22	2019-11-26	Unicameralism	27	3	22	-	-	Reference	English	Regular	MP	notMinister	AKP	Justice and Development Party	Coalition	Right	Ramazan.Can	Can, Ramazan	M	1970	
ParlaMint-TR-en_2019-11-26-tbmm-T27	tbmm-2019-11-26sit04spe0264par0199	The Turkish parliamentary corpus ParlaMint-TR-en, Term 27, Year 3, Session 22	2019-11-26	Unicameralism	27	3	22	-	-	Reference	English	Regular	MP	notMinister	CHP	Republican People's Party	Opposition	Centre-left	Ali.Öztunç	Öztunç, Ali	M	1976	
ParlaMint-TR-en_2019-11-26-tbmm-T27	tbmm-2019-11-26sit04spe0267par0200	The Turkish parliamentary corpus ParlaMint-TR-en, Term 27, Year 3, Session 22	2019-11-26	Unicameralism	27	3	22	-	-	Reference	English	Chairperson	MP	notMinister	AKP	Justice and Development Party	Coalition	Right	SüreyyaSadi.Bilgiç	Bilgiç, Süreyya Sadi	M	1961	
ParlaMint-TR-en_2019-11-26-tbmm-T27	tbmm-2019-11-26sit04spe0264par0202	The Turkish parliamentary corpus ParlaMint-TR-en, Term 27, Year 3, Session 22	2019-11-26	Unicameralism	27	3	22	-	-	Reference	English	Regular	MP	notMinister	CHP	Republican People's Party	Opposition	Centre-left	Ali.Öztunç	Öztunç, Ali	M	1976	
ParlaMint-TR-en_2019-11-26-tbmm-T27	tbmm-2019-11-26sit04spe0268par0207	The Turkish parliamentary corpus ParlaMint-TR-en, Term 27, Year 3, Session 22	2019-11-26	Unicameralism	27	3	22	-	-	Reference	English	Regular	MP	notMinister	CHP	Republican People's Party	Opposition	Centre-left	Engin.Altay	Altay, Engin	M	1963	
ParlaMint-TR-en_2019-11-26-tbmm-T27	tbmm-2019-11-26sit04spe0264par0208	The Turkish parliamentary corpus ParlaMint-TR-en, Term 27, Year 3, Session 22	2019-11-26	Unicameralism	27	3	22	-	-	Reference	English	Regular	MP	notMinister	CHP	Republican People's Party	Opposition	Centre-left	Ali.Öztunç	Öztunç, Ali	M	1976	
ParlaMint-TR-en_2019-11-26-tbmm-T27	tbmm-2019-11-26sit04spe0268par0209	The Turkish parliamentary corpus ParlaMint-TR-en, Term 27, Year 3, Session 22	2019-11-26	Unicameralism	27	3	22	-	-	Reference	English	Regular	MP	notMinister	CHP	Republican People's Party	Opposition	Centre-left	Engin.Altay	Altay, Engin	M	1963	
ParlaMint-TR-en_2019-11-26-tbmm-T27	tbmm-2019-11-26sit04spe0264par0210	The Turkish parliamentary corpus ParlaMint-TR-en, Term 27, Year 3, Session 22	2019-11-26	Unicameralism	27	3	22	-	-	Reference	English	Regular	MP	notMinister	CHP	Republican People's Party	Opposition	Centre-left	Ali.Öztunç	Öztunç, Ali	M	1976	
ParlaMint-TR-en_2019-11-26-tbmm-T27	tbmm-2019-11-26sit04spe0269par0212	The Turkish parliamentary corpus ParlaMint-TR-en, Term 27, Year 3, Session 22	2019-11-26	Unicameralism	27	3	22	-	-	Reference	English	Regular	MP	notMinister	IYI	İYİ Party	Opposition	Centre-right	Aytun.Çıray	Çıray, Aytun	M	1957	
ParlaMint-TR-en_2019-11-26-tbmm-T27	tbmm-2019-11-26sit04spe0264par0213	The Turkish parliamentary corpus ParlaMint-TR-en, Term 27, Year 3, Session 22	2019-11-26	Unicameralism	27	3	22	-	-	Reference	English	Regular	MP	notMinister	CHP	Republican People's Party	Opposition	Centre-left	Ali.Öztunç	Öztunç, Ali	M	1976	
ParlaMint-TR-en_2019-11-26-tbmm-T27	tbmm-2019-11-26sit04spe0270par0222	The Turkish parliamentary corpus ParlaMint-TR-en, Term 27, Year 3, Session 22	2019-11-26	Unicameralism	27	3	22	-	-	Reference	English	Chairperson	MP	notMinister	AKP	Justice and Development Party	Coalition	Right	SüreyyaSadi.Bilgiç	Bilgiç, Süreyya Sadi	M	1961	
ParlaMint-TR-en_2019-11-26-tbmm-T27	tbmm-2019-11-26sit04spe0264par0223	The Turkish parliamentary corpus ParlaMint-TR-en, Term 27, Year 3, Session 22	2019-11-26	Unicameralism	27	3	22	-	-	Reference	English	Regular	MP	notMinister	CHP	Republican People's Party	Opposition	Centre-left	Ali.Öztunç	Öztunç, Ali	M	1976	
ParlaMint-TR-en_2019-11-26-tbmm-T27	tbmm-2019-11-26sit04spe0271par0224	The Turkish parliamentary corpus ParlaMint-TR-en, Term 27, Year 3, Session 22	2019-11-26	Unicameralism	27	3	22	-	-	Reference	English	Regular	MP	notMinister	CHP	Republican People's Party	Opposition	Centre-left	Yaşar.Tüzün	Tüzün, Yaşar	M	1966	
ParlaMint-TR-en_2019-11-26-tbmm-T27	tbmm-2019-11-26sit04spe0264par0225	The Turkish parliamentary corpus ParlaMint-TR-en, Term 27, Year 3, Session 22	2019-11-26	Unicameralism	27	3	22	-	-	Reference	English	Regular	MP	notMinister	CHP	Republican People's Party	Opposition	Centre-left	Ali.Öztunç	Öztunç, Ali	M	1976	
ParlaMint-TR-en_2019-11-26-tbmm-T27	tbmm-2019-11-26sit04spe0272par0229	The Turkish parliamentary corpus ParlaMint-TR-en, Term 27, Year 3, Session 22	2019-11-26	Unicameralism	27	3	22	-	-	Reference	English	Regular	MP	notMinister	MHP	Nationalist Movement Party	-	Right to far-right	Erkan.Akçay	Akçay, Erkan	M	1961	
ParlaMint-TR-en_2019-11-26-tbmm-T27	tbmm-2019-11-26sit04spe0273par0230	The Turkish parliamentary corpus ParlaMint-TR-en, Term 27, Year 3, Session 22	2019-11-26	Unicameralism	27	3	22	-	-	Reference	English	Chairperson	MP	notMinister	AKP	Justice and Development Party	Coalition	Right	SüreyyaSadi.Bilgiç	Bilgiç, Süreyya Sadi	M	1961	
ParlaMint-TR-en_2019-11-26-tbmm-T27	tbmm-2019-11-26sit04spe0274par0233	The Turkish parliamentary corpus ParlaMint-TR-en, Term 27, Year 3, Session 22	2019-11-26	Unicameralism	27	3	22	-	-	Reference	English	Regular	MP	notMinister	CHP	Republican People's Party	Opposition	Centre-left	İbrahimÖzden.Kaboğlu	Kaboğlu, İbrahim Özden	M	1950	
ParlaMint-TR-en_2019-11-26-tbmm-T27	tbmm-2019-11-26sit04spe0275par0245	The Turkish parliamentary corpus ParlaMint-TR-en, Term 27, Year 3, Session 22	2019-11-26	Unicameralism	27	3	22	-	-	Reference	English	Chairperson	MP	notMinister	AKP	Justice and Development Party	Coalition	Right	SüreyyaSadi.Bilgiç	Bilgiç, Süreyya Sadi	M	1961	
ParlaMint-TR-en_2019-11-26-tbmm-T27	tbmm-2019-11-26sit04spe0274par0246	The Turkish parliamentary corpus ParlaMint-TR-en, Term 27, Year 3, Session 22	2019-11-26	Unicameralism	27	3	22	-	-	Reference	English	Regular	MP	notMinister	CHP	Republican People's Party	Opposition	Centre-left	İbrahimÖzden.Kaboğlu	Kaboğlu, İbrahim Özden	M	1950	
ParlaMint-TR-en_2019-11-26-tbmm-T27	tbmm-2019-11-26sit04spe0276par0251	The Turkish parliamentary corpus ParlaMint-TR-en, Term 27, Year 3, Session 22	2019-11-26	Unicameralism	27	3	22	-	-	Reference	English	Chairperson	MP	notMinister	AKP	Justice and Development Party	Coalition	Right	SüreyyaSadi.Bilgiç	Bilgiç, Süreyya Sadi	M	1961	
ParlaMint-TR-en_2019-11-26-tbmm-T27	tbmm-2019-11-26sit04spe0274par0252	The Turkish parliamentary corpus ParlaMint-TR-en, Term 27, Year 3, Session 22	2019-11-26	Unicameralism	27	3	22	-	-	Reference	English	Regular	MP	notMinister	CHP	Republican People's Party	Opposition	Centre-left	İbrahimÖzden.Kaboğlu	Kaboğlu, İbrahim Özden	M	1950	
ParlaMint-TR-en_2019-11-26-tbmm-T27	tbmm-2019-11-26sit04spe0277par0255	The Turkish parliamentary corpus ParlaMint-TR-en, Term 27, Year 3, Session 22	2019-11-26	Unicameralism	27	3	22	-	-	Reference	English	Regular	MP	notMinister	AKP	Justice and Development Party	Coalition	Right	MuhammetEmin.Akbaşoğlu	Akbaşoğlu, Muhammet Emin	M	1968	
ParlaMint-TR-en_2019-11-26-tbmm-T27	tbmm-2019-11-26sit04spe0278par0256	The Turkish parliamentary corpus ParlaMint-TR-en, Term 27, Year 3, Session 22	2019-11-26	Unicameralism	27	3	22	-	-	Reference	English	Chairperson	MP	notMinister	AKP	Justice and Development Party	Coalition	Right	SüreyyaSadi.Bilgiç	Bilgiç, Süreyya Sadi	M	1961	
ParlaMint-TR-en_2019-11-26-tbmm-T27	tbmm-2019-11-26sit04spe0277par0259	The Turkish parliamentary corpus ParlaMint-TR-en, Term 27, Year 3, Session 22	2019-11-26	Unicameralism	27	3	22	-	-	Reference	English	Regular	MP	notMinister	AKP	Justice and Development Party	Coalition	Right	MuhammetEmin.Akbaşoğlu	Akbaşoğlu, Muhammet Emin	M	1968	
ParlaMint-TR-en_2019-11-26-tbmm-T27	tbmm-2019-11-26sit04spe0279par0262	The Turkish parliamentary corpus ParlaMint-TR-en, Term 27, Year 3, Session 22	2019-11-26	Unicameralism	27	3	22	-	-	Reference	English	Chairperson	MP	notMinister	AKP	Justice and Development Party	Coalition	Right	SüreyyaSadi.Bilgiç	Bilgiç, Süreyya Sadi	M	1961	
ParlaMint-TR-en_2019-11-26-tbmm-T27	tbmm-2019-11-26sit04spe0280par0264	The Turkish parliamentary corpus ParlaMint-TR-en, Term 27, Year 3, Session 22	2019-11-26	Unicameralism	27	3	22	-	-	Reference	English	Regular	MP	notMinister	CHP	Republican People's Party	Opposition	Centre-left	Engin.Altay	Altay, Engin	M	1963	
ParlaMint-TR-en_2019-11-26-tbmm-T27	tbmm-2019-11-26sit04spe0281par0267	The Turkish parliamentary corpus ParlaMint-TR-en, Term 27, Year 3, Session 22	2019-11-26	Unicameralism	27	3	22	-	-	Reference	English	Chairperson	MP	notMinister	AKP	Justice and Development Party	Coalition	Right	SüreyyaSadi.Bilgiç	Bilgiç, Süreyya Sadi	M	1961	
ParlaMint-TR-en_2019-11-26-tbmm-T27	tbmm-2019-11-26sit04spe0282par0269	The Turkish parliamentary corpus ParlaMint-TR-en, Term 27, Year 3, Session 22	2019-11-26	Unicameralism	27	3	22	-	-	Reference	English	Regular	MP	notMinister	CHP	Republican People's Party	Opposition	Centre-left	İbrahimÖzden.Kaboğlu	Kaboğlu, İbrahim Özden	M	1950	
ParlaMint-TR-en_2019-11-26-tbmm-T27	tbmm-2019-11-26sit04spe0283par0274	The Turkish parliamentary corpus ParlaMint-TR-en, Term 27, Year 3, Session 22	2019-11-26	Unicameralism	27	3	22	-	-	Reference	English	Chairperson	MP	notMinister	AKP	Justice and Development Party	Coalition	Right	SüreyyaSadi.Bilgiç	Bilgiç, Süreyya Sadi	M	1961	
ParlaMint-TR-en_2019-11-26-tbmm-T27	tbmm-2019-11-26sit04spe0282par0275	The Turkish parliamentary corpus ParlaMint-TR-en, Term 27, Year 3, Session 22	2019-11-26	Unicameralism	27	3	22	-	-	Reference	English	Regular	MP	notMinister	CHP	Republican People's Party	Opposition	Centre-left	İbrahimÖzden.Kaboğlu	Kaboğlu, İbrahim Özden	M	1950	
ParlaMint-TR-en_2019-11-26-tbmm-T27	tbmm-2019-11-26sit04spe0283par0277	The Turkish parliamentary corpus ParlaMint-TR-en, Term 27, Year 3, Session 22	2019-11-26	Unicameralism	27	3	22	-	-	Reference	English	Chairperson	MP	notMinister	AKP	Justice and Development Party	Coalition	Right	SüreyyaSadi.Bilgiç	Bilgiç, Süreyya Sadi	M	1961	
ParlaMint-TR-en_2019-11-26-tbmm-T27	tbmm-2019-11-26sit04spe0284par0278	The Turkish parliamentary corpus ParlaMint-TR-en, Term 27, Year 3, Session 22	2019-11-26	Unicameralism	27	3	22	-	-	Reference	English	Regular	MP	notMinister	AKP	Justice and Development Party	Coalition	Right	MuhammetEmin.Akbaşoğlu	Akbaşoğlu, Muhammet Emin	M	1968	
ParlaMint-TR-en_2019-11-26-tbmm-T27	tbmm-2019-11-26sit04spe0283par0279	The Turkish parliamentary corpus ParlaMint-TR-en, Term 27, Year 3, Session 22	2019-11-26	Unicameralism	27	3	22	-	-	Reference	English	Chairperson	MP	notMinister	AKP	Justice and Development Party	Coalition	Right	SüreyyaSadi.Bilgiç	Bilgiç, Süreyya Sadi	M	1961	
ParlaMint-TR-en_2019-11-26-tbmm-T27	tbmm-2019-11-26sit04spe0284par0280	The Turkish parliamentary corpus ParlaMint-TR-en, Term 27, Year 3, Session 22	2019-11-26	Unicameralism	27	3	22	-	-	Reference	English	Regular	MP	notMinister	AKP	Justice and Development Party	Coalition	Right	MuhammetEmin.Akbaşoğlu	Akbaşoğlu, Muhammet Emin	M	1968	
ParlaMint-TR-en_2019-11-26-tbmm-T27	tbmm-2019-11-26sit04spe0283par0281	The Turkish parliamentary corpus ParlaMint-TR-en, Term 27, Year 3, Session 22	2019-11-26	Unicameralism	27	3	22	-	-	Reference	English	Chairperson	MP	notMinister	AKP	Justice and Development Party	Coalition	Right	SüreyyaSadi.Bilgiç	Bilgiç, Süreyya Sadi	M	1961	
ParlaMint-TR-en_2019-11-26-tbmm-T27	tbmm-2019-11-26sit04spe0284par0284	The Turkish parliamentary corpus ParlaMint-TR-en, Term 27, Year 3, Session 22	2019-11-26	Unicameralism	27	3	22	-	-	Reference	English	Regular	MP	notMinister	AKP	Justice and Development Party	Coalition	Right	MuhammetEmin.Akbaşoğlu	Akbaşoğlu, Muhammet Emin	M	1968	
ParlaMint-TR-en_2019-11-26-tbmm-T27	tbmm-2019-11-26sit04spe0285par0286	The Turkish parliamentary corpus ParlaMint-TR-en, Term 27, Year 3, Session 22	2019-11-26	Unicameralism	27	3	22	-	-	Reference	English	Regular	MP	notMinister	CHP	Republican People's Party	Opposition	Centre-left	Engin.Altay	Altay, Engin	M	1963	
ParlaMint-TR-en_2019-11-26-tbmm-T27	tbmm-2019-11-26sit04spe0284par0287	The Turkish parliamentary corpus ParlaMint-TR-en, Term 27, Year 3, Session 22	2019-11-26	Unicameralism	27	3	22	-	-	Reference	English	Regular	MP	notMinister	AKP	Justice and Development Party	Coalition	Right	MuhammetEmin.Akbaşoğlu	Akbaşoğlu, Muhammet Emin	M	1968	
ParlaMint-TR-en_2019-11-26-tbmm-T27	tbmm-2019-11-26sit04spe0286par0293	The Turkish parliamentary corpus ParlaMint-TR-en, Term 27, Year 3, Session 22	2019-11-26	Unicameralism	27	3	22	-	-	Reference	English	Chairperson	MP	notMinister	AKP	Justice and Development Party	Coalition	Right	SüreyyaSadi.Bilgiç	Bilgiç, Süreyya Sadi	M	1961	
ParlaMint-TR-en_2019-11-26-tbmm-T27	tbmm-2019-11-26sit04spe0284par0294	The Turkish parliamentary corpus ParlaMint-TR-en, Term 27, Year 3, Session 22	2019-11-26	Unicameralism	27	3	22	-	-	Reference	English	Regular	MP	notMinister	AKP	Justice and Development Party	Coalition	Right	MuhammetEmin.Akbaşoğlu	Akbaşoğlu, Muhammet Emin	M	1968	
ParlaMint-TR-en_2019-11-26-tbmm-T27	tbmm-2019-11-26sit04spe0286par0295	The Turkish parliamentary corpus ParlaMint-TR-en, Term 27, Year 3, Session 22	2019-11-26	Unicameralism	27	3	22	-	-	Reference	English	Chairperson	MP	notMinister	AKP	Justice and Development Party	Coalition	Right	SüreyyaSadi.Bilgiç	Bilgiç, Süreyya Sadi	M	1961	
ParlaMint-TR-en_2019-11-26-tbmm-T27	tbmm-2019-11-26sit04spe0287par0296	The Turkish parliamentary corpus ParlaMint-TR-en, Term 27, Year 3, Session 22	2019-11-26	Unicameralism	27	3	22	-	-	Reference	English	Regular	MP	notMinister	CHP	Republican People's Party	Opposition	Centre-left	Engin.Altay	Altay, Engin	M	1963	
ParlaMint-TR-en_2019-11-26-tbmm-T27	tbmm-2019-11-26sit04spe0286par0297	The Turkish parliamentary corpus ParlaMint-TR-en, Term 27, Year 3, Session 22	2019-11-26	Unicameralism	27	3	22	-	-	Reference	English	Chairperson	MP	notMinister	AKP	Justice and Development Party	Coalition	Right	SüreyyaSadi.Bilgiç	Bilgiç, Süreyya Sadi	M	1961	
ParlaMint-TR-en_2019-11-26-tbmm-T27	tbmm-2019-11-26sit04spe0287par0300	The Turkish parliamentary corpus ParlaMint-TR-en, Term 27, Year 3, Session 22	2019-11-26	Unicameralism	27	3	22	-	-	Reference	English	Regular	MP	notMinister	CHP	Republican People's Party	Opposition	Centre-left	Engin.Altay	Altay, Engin	M	1963	
ParlaMint-TR-en_2019-11-26-tbmm-T27	tbmm-2019-11-26sit04spe0288par0301	The Turkish parliamentary corpus ParlaMint-TR-en, Term 27, Year 3, Session 22	2019-11-26	Unicameralism	27	3	22	-	-	Reference	English	Regular	MP	notMinister	AKP	Justice and Development Party	Coalition	Right	MuhammetEmin.Akbaşoğlu	Akbaşoğlu, Muhammet Emin	M	1968	
ParlaMint-TR-en_2019-11-26-tbmm-T27	tbmm-2019-11-26sit04spe0287par0302	The Turkish parliamentary corpus ParlaMint-TR-en, Term 27, Year 3, Session 22	2019-11-26	Unicameralism	27	3	22	-	-	Reference	English	Regular	MP	notMinister	CHP	Republican People's Party	Opposition	Centre-left	Engin.Altay	Altay, Engin	M	1963	
ParlaMint-TR-en_2019-11-26-tbmm-T27	tbmm-2019-11-26sit04spe0289par0304	The Turkish parliamentary corpus ParlaMint-TR-en, Term 27, Year 3, Session 22	2019-11-26	Unicameralism	27	3	22	-	-	Reference	English	Chairperson	MP	notMinister	AKP	Justice and Development Party	Coalition	Right	SüreyyaSadi.Bilgiç	Bilgiç, Süreyya Sadi	M	1961	
ParlaMint-TR-en_2019-11-26-tbmm-T27	tbmm-2019-11-26sit04spe0288par0305	The Turkish parliamentary corpus ParlaMint-TR-en, Term 27, Year 3, Session 22	2019-11-26	Unicameralism	27	3	22	-	-	Reference	English	Regular	MP	notMinister	AKP	Justice and Development Party	Coalition	Right	MuhammetEmin.Akbaşoğlu	Akbaşoğlu, Muhammet Emin	M	1968	
ParlaMint-TR-en_2019-11-26-tbmm-T27	tbmm-2019-11-26sit04spe0289par0306	The Turkish parliamentary corpus ParlaMint-TR-en, Term 27, Year 3, Session 22	2019-11-26	Unicameralism	27	3	22	-	-	Reference	English	Chairperson	MP	notMinister	AKP	Justice and Development Party	Coalition	Right	SüreyyaSadi.Bilgiç	Bilgiç, Süreyya Sadi	M	1961	
ParlaMint-TR-en_2019-11-26-tbmm-T27	tbmm-2019-11-26sit04spe0288par0308	The Turkish parliamentary corpus ParlaMint-TR-en, Term 27, Year 3, Session 22	2019-11-26	Unicameralism	27	3	22	-	-	Reference	English	Regular	MP	notMinister	AKP	Justice and Development Party	Coalition	Right	MuhammetEmin.Akbaşoğlu	Akbaşoğlu, Muhammet Emin	M	1968	
ParlaMint-TR-en_2019-11-26-tbmm-T27	tbmm-2019-11-26sit04spe0290par0312	The Turkish parliamentary corpus ParlaMint-TR-en, Term 27, Year 3, Session 22	2019-11-26	Unicameralism	27	3	22	-	-	Reference	English	Chairperson	MP	notMinister	AKP	Justice and Development Party	Coalition	Right	SüreyyaSadi.Bilgiç	Bilgiç, Süreyya Sadi	M	1961	
ParlaMint-TR-en_2019-11-26-tbmm-T27	tbmm-2019-11-26sit04spe0291par0319	The Turkish parliamentary corpus ParlaMint-TR-en, Term 27, Year 3, Session 22	2019-11-26	Unicameralism	27	3	22	-	-	Reference	English	Regular	MP	notMinister	AKP	Justice and Development Party	Coalition	Right	Selami.Altınok	Altınok, Selami	M	1966	
ParlaMint-TR-en_2019-11-26-tbmm-T27	tbmm-2019-11-26sit04spe0292par0321	The Turkish parliamentary corpus ParlaMint-TR-en, Term 27, Year 3, Session 22	2019-11-26	Unicameralism	27	3	22	-	-	Reference	English	Regular	MP	notMinister	CHP	Republican People's Party	Opposition	Centre-left	Ahmet.Kaya	Kaya, Ahmet	M	1971	
ParlaMint-TR-en_2019-11-26-tbmm-T27	tbmm-2019-11-26sit04spe0293par0322	The Turkish parliamentary corpus ParlaMint-TR-en, Term 27, Year 3, Session 22	2019-11-26	Unicameralism	27	3	22	-	-	Reference	English	Regular	MP	notMinister	CHP	Republican People's Party	Opposition	Centre-left	Yaşar.Tüzün	Tüzün, Yaşar	M	1966	
ParlaMint-TR-en_2019-11-26-tbmm-T27	tbmm-2019-11-26sit04spe0291par0323	The Turkish parliamentary corpus ParlaMint-TR-en, Term 27, Year 3, Session 22	2019-11-26	Unicameralism	27	3	22	-	-	Reference	English	Regular	MP	notMinister	AKP	Justice and Development Party	Coalition	Right	Selami.Altınok	Altınok, Selami	M	1966	
ParlaMint-TR-en_2019-11-26-tbmm-T27	tbmm-2019-11-26sit04spe0294par0327	The Turkish parliamentary corpus ParlaMint-TR-en, Term 27, Year 3, Session 22	2019-11-26	Unicameralism	27	3	22	-	-	Reference	English	Regular	MP	notMinister	CHP	Republican People's Party	Opposition	Centre-left	Erkan.Aydın	Aydın, Erkan	M	1974	
ParlaMint-TR-en_2019-11-26-tbmm-T27	tbmm-2019-11-26sit04spe0295par0328	The Turkish parliamentary corpus ParlaMint-TR-en, Term 27, Year 3, Session 22	2019-11-26	Unicameralism	27	3	22	-	-	Reference	English	Regular	MP	notMinister	CHP	Republican People's Party	Opposition	Centre-left	Engin.Altay	Altay, Engin	M	1963	
ParlaMint-TR-en_2019-11-26-tbmm-T27	tbmm-2019-11-26sit04spe0296par0329	The Turkish parliamentary corpus ParlaMint-TR-en, Term 27, Year 3, Session 22	2019-11-26	Unicameralism	27	3	22	-	-	Reference	English	Chairperson	MP	notMinister	AKP	Justice and Development Party	Coalition	Right	SüreyyaSadi.Bilgiç	Bilgiç, Süreyya Sadi	M	1961	
ParlaMint-TR-en_2019-11-26-tbmm-T27	tbmm-2019-11-26sit04spe0297par0330	The Turkish parliamentary corpus ParlaMint-TR-en, Term 27, Year 3, Session 22	2019-11-26	Unicameralism	27	3	22	-	-	Reference	English	Regular	MP	notMinister	AKP	Justice and Development Party	Coalition	Right	Selami.Altınok	Altınok, Selami	M	1966	
ParlaMint-TR-en_2019-11-26-tbmm-T27	tbmm-2019-11-26sit04spe0298par0334	The Turkish parliamentary corpus ParlaMint-TR-en, Term 27, Year 3, Session 22	2019-11-26	Unicameralism	27	3	22	-	-	Reference	English	Chairperson	MP	notMinister	AKP	Justice and Development Party	Coalition	Right	SüreyyaSadi.Bilgiç	Bilgiç, Süreyya Sadi	M	1961	
ParlaMint-TR-en_2019-11-26-tbmm-T27	tbmm-2019-11-26sit04spe0297par0335	The Turkish parliamentary corpus ParlaMint-TR-en, Term 27, Year 3, Session 22	2019-11-26	Unicameralism	27	3	22	-	-	Reference	English	Regular	MP	notMinister	AKP	Justice and Development Party	Coalition	Right	Selami.Altınok	Altınok, Selami	M	1966	
ParlaMint-TR-en_2019-11-26-tbmm-T27	tbmm-2019-11-26sit04spe0298par0338	The Turkish parliamentary corpus ParlaMint-TR-en, Term 27, Year 3, Session 22	2019-11-26	Unicameralism	27	3	22	-	-	Reference	English	Chairperson	MP	notMinister	AKP	Justice and Development Party	Coalition	Right	SüreyyaSadi.Bilgiç	Bilgiç, Süreyya Sadi	M	1961	
ParlaMint-TR-en_2019-11-26-tbmm-T27	tbmm-2019-11-26sit04spe0299par0341	The Turkish parliamentary corpus ParlaMint-TR-en, Term 27, Year 3, Session 22	2019-11-26	Unicameralism	27	3	22	-	-	Reference	English	Regular	MP	notMinister	CHP	Republican People's Party	Opposition	Centre-left	İbrahimÖzden.Kaboğlu	Kaboğlu, İbrahim Özden	M	1950	
ParlaMint-TR-en_2019-11-26-tbmm-T27	tbmm-2019-11-26sit04spe0298par0343	The Turkish parliamentary corpus ParlaMint-TR-en, Term 27, Year 3, Session 22	2019-11-26	Unicameralism	27	3	22	-	-	Reference	English	Chairperson	MP	notMinister	AKP	Justice and Development Party	Coalition	Right	SüreyyaSadi.Bilgiç	Bilgiç, Süreyya Sadi	M	1961	
ParlaMint-TR-en_2019-11-26-tbmm-T27	tbmm-2019-11-26sit04spe0300par0345	The Turkish parliamentary corpus ParlaMint-TR-en, Term 27, Year 3, Session 22	2019-11-26	Unicameralism	27	3	22	-	-	Reference	English	Regular	MP	notMinister	AKP	Justice and Development Party	Coalition	Right	Selami.Altınok	Altınok, Selami	M	1966	
ParlaMint-TR-en_2019-11-26-tbmm-T27	tbmm-2019-11-26sit04spe0301par0346	The Turkish parliamentary corpus ParlaMint-TR-en, Term 27, Year 3, Session 22	2019-11-26	Unicameralism	27	3	22	-	-	Reference	English	Regular	MP	notMinister	CHP	Republican People's Party	Opposition	Centre-left	İbrahimÖzden.Kaboğlu	Kaboğlu, İbrahim Özden	M	1950	
ParlaMint-TR-en_2019-11-26-tbmm-T27	tbmm-2019-11-26sit04spe0302par0349	The Turkish parliamentary corpus ParlaMint-TR-en, Term 27, Year 3, Session 22	2019-11-26	Unicameralism	27	3	22	-	-	Reference	English	Chairperson	MP	notMinister	AKP	Justice and Development Party	Coalition	Right	SüreyyaSadi.Bilgiç	Bilgiç, Süreyya Sadi	M	1961	
ParlaMint-TR-en_2019-11-26-tbmm-T27	tbmm-2019-11-26sit04spe0303par0350	The Turkish parliamentary corpus ParlaMint-TR-en, Term 27, Year 3, Session 22	2019-11-26	Unicameralism	27	3	22	-	-	Reference	English	Regular	MP	notMinister	CHP	Republican People's Party	Opposition	Centre-left	Engin.Altay	Altay, Engin	M	1963	
ParlaMint-TR-en_2019-11-26-tbmm-T27	tbmm-2019-11-26sit04spe0302par0351	The Turkish parliamentary corpus ParlaMint-TR-en, Term 27, Year 3, Session 22	2019-11-26	Unicameralism	27	3	22	-	-	Reference	English	Chairperson	MP	notMinister	AKP	Justice and Development Party	Coalition	Right	SüreyyaSadi.Bilgiç	Bilgiç, Süreyya Sadi	M	1961	
ParlaMint-TR-en_2019-11-26-tbmm-T27	tbmm-2019-11-26sit04spe0303par0353	The Turkish parliamentary corpus ParlaMint-TR-en, Term 27, Year 3, Session 22	2019-11-26	Unicameralism	27	3	22	-	-	Reference	English	Regular	MP	notMinister	CHP	Republican People's Party	Opposition	Centre-left	Engin.Altay	Altay, Engin	M	1963	
ParlaMint-TR-en_2019-11-26-tbmm-T27	tbmm-2019-11-26sit04spe0304par0359	The Turkish parliamentary corpus ParlaMint-TR-en, Term 27, Year 3, Session 22	2019-11-26	Unicameralism	27	3	22	-	-	Reference	English	Chairperson	MP	notMinister	AKP	Justice and Development Party	Coalition	Right	SüreyyaSadi.Bilgiç	Bilgiç, Süreyya Sadi	M	1961	
ParlaMint-TR-en_2019-11-26-tbmm-T27	tbmm-2019-11-26sit05spe0304par0001	The Turkish parliamentary corpus ParlaMint-TR-en, Term 27, Year 3, Session 22	2019-11-26	Unicameralism	27	3	22	-	-	Reference	English	Chairperson	MP	notMinister	AKP	Justice and Development Party	Coalition	Right	SüreyyaSadi.Bilgiç	Bilgiç, Süreyya Sadi	M	1961	
