Text_ID	ID	Title	Date	Body	Term	Session	Meeting	Sitting	Agenda	Subcorpus	Lang	Speaker_role	Speaker_MP	Speaker_minister	Speaker_party	Speaker_party_name	Party_status	Party_orientation	Speaker_ID	Speaker_name	Speaker_gender	Speaker_birth
ParlaMint-DK-en_2016-04-14-20151-M76	ParlaMint-DK_20160414100012	Hansard of the session of the Danish Parliament (Folketinget), 20151, M76 (2016-04-14), final version	2016-04-14	Unicameralism	Regeringen Lars Løkke Rasmussen II	20151	M76	-	-	Reference	English	Chairperson	MP	notMinister	DF	Dansk Folkeparti	-	Right	KjærsgaardPia	Kjærsgaard, Pia	F	1947	
ParlaMint-DK-en_2016-04-14-20151-M76	ParlaMint-DK_20160414100045	Hansard of the session of the Danish Parliament (Folketinget), 20151, M76 (2016-04-14), final version	2016-04-14	Unicameralism	Regeringen Lars Løkke Rasmussen II	20151	M76	-	-	Reference	English	Chairperson	MP	notMinister	DF	Dansk Folkeparti	-	Right	KjærsgaardPia	Kjærsgaard, Pia	F	1947	
ParlaMint-DK-en_2016-04-14-20151-M76	ParlaMint-DK_20160414100108	Hansard of the session of the Danish Parliament (Folketinget), 20151, M76 (2016-04-14), final version	2016-04-14	Unicameralism	Regeringen Lars Løkke Rasmussen II	20151	M76	-	-	Reference	English	Chairperson	MP	notMinister	DF	Dansk Folkeparti	-	Right	KjærsgaardPia	Kjærsgaard, Pia	F	1947	
ParlaMint-DK-en_2016-04-14-20151-M76	ParlaMint-DK_20160414100142	Hansard of the session of the Danish Parliament (Folketinget), 20151, M76 (2016-04-14), final version	2016-04-14	Unicameralism	Regeringen Lars Løkke Rasmussen II	20151	M76	-	-	Reference	English	Chairperson	MP	notMinister	DF	Dansk Folkeparti	-	Right	KjærsgaardPia	Kjærsgaard, Pia	F	1947	
ParlaMint-DK-en_2016-04-14-20151-M76	ParlaMint-DK_20160414100210	Hansard of the session of the Danish Parliament (Folketinget), 20151, M76 (2016-04-14), final version	2016-04-14	Unicameralism	Regeringen Lars Løkke Rasmussen II	20151	M76	-	-	Reference	English	Chairperson	MP	notMinister	DF	Dansk Folkeparti	-	Right	KjærsgaardPia	Kjærsgaard, Pia	F	1947	
ParlaMint-DK-en_2016-04-14-20151-M76	ParlaMint-DK_20160414100244	Hansard of the session of the Danish Parliament (Folketinget), 20151, M76 (2016-04-14), final version	2016-04-14	Unicameralism	Regeringen Lars Løkke Rasmussen II	20151	M76	-	-	Reference	English	Chairperson	MP	notMinister	DF	Dansk Folkeparti	-	Right	KjærsgaardPia	Kjærsgaard, Pia	F	1947	
ParlaMint-DK-en_2016-04-14-20151-M76	ParlaMint-DK_20160414100303	Hansard of the session of the Danish Parliament (Folketinget), 20151, M76 (2016-04-14), final version	2016-04-14	Unicameralism	Regeringen Lars Løkke Rasmussen II	20151	M76	-	-	Reference	English	Chairperson	MP	notMinister	DF	Dansk Folkeparti	-	Right	KjærsgaardPia	Kjærsgaard, Pia	F	1947	
ParlaMint-DK-en_2016-04-14-20151-M76	ParlaMint-DK_20160414100338	Hansard of the session of the Danish Parliament (Folketinget), 20151, M76 (2016-04-14), final version	2016-04-14	Unicameralism	Regeringen Lars Løkke Rasmussen II	20151	M76	-	-	Reference	English	Chairperson	MP	notMinister	DF	Dansk Folkeparti	-	Right	KjærsgaardPia	Kjærsgaard, Pia	F	1947	
ParlaMint-DK-en_2016-04-14-20151-M76	ParlaMint-DK_20160414100352	Hansard of the session of the Danish Parliament (Folketinget), 20151, M76 (2016-04-14), final version	2016-04-14	Unicameralism	Regeringen Lars Løkke Rasmussen II	20151	M76	-	-	Reference	English	Regular	MP	notMinister	S	Socialdemokratiet	Opposition	Centre-left	ReissmannMette	Reissmann, Mette	F	1963	
ParlaMint-DK-en_2016-04-14-20151-M76	ParlaMint-DK_20160414100700	Hansard of the session of the Danish Parliament (Folketinget), 20151, M76 (2016-04-14), final version	2016-04-14	Unicameralism	Regeringen Lars Løkke Rasmussen II	20151	M76	-	-	Reference	English	Chairperson	MP	notMinister	DF	Dansk Folkeparti	-	Right	KjærsgaardPia	Kjærsgaard, Pia	F	1947	
ParlaMint-DK-en_2016-04-14-20151-M76	ParlaMint-DK_20160414100719	Hansard of the session of the Danish Parliament (Folketinget), 20151, M76 (2016-04-14), final version	2016-04-14	Unicameralism	Regeringen Lars Løkke Rasmussen II	20151	M76	-	-	Reference	English	Regular	MP	notMinister	DF	Dansk Folkeparti	-	Right	PoulsenPeterKofod	Poulsen, Peter Kofod	M	1990	
ParlaMint-DK-en_2016-04-14-20151-M76	ParlaMint-DK_20160414101009	Hansard of the session of the Danish Parliament (Folketinget), 20151, M76 (2016-04-14), final version	2016-04-14	Unicameralism	Regeringen Lars Løkke Rasmussen II	20151	M76	-	-	Reference	English	Chairperson	MP	notMinister	DF	Dansk Folkeparti	-	Right	KjærsgaardPia	Kjærsgaard, Pia	F	1947	
ParlaMint-DK-en_2016-04-14-20151-M76	ParlaMint-DK_20160414101026	Hansard of the session of the Danish Parliament (Folketinget), 20151, M76 (2016-04-14), final version	2016-04-14	Unicameralism	Regeringen Lars Løkke Rasmussen II	20151	M76	-	-	Reference	English	Regular	MP	notMinister	V	Venstre	Coalition	Centre-right	JørgensenJanE	Jørgensen, Jan E.	M	1965	
ParlaMint-DK-en_2016-04-14-20151-M76	ParlaMint-DK_20160414101243	Hansard of the session of the Danish Parliament (Folketinget), 20151, M76 (2016-04-14), final version	2016-04-14	Unicameralism	Regeringen Lars Løkke Rasmussen II	20151	M76	-	-	Reference	English	Chairperson	MP	notMinister	DF	Dansk Folkeparti	-	Right	KjærsgaardPia	Kjærsgaard, Pia	F	1947	
ParlaMint-DK-en_2016-04-14-20151-M76	ParlaMint-DK_20160414101320	Hansard of the session of the Danish Parliament (Folketinget), 20151, M76 (2016-04-14), final version	2016-04-14	Unicameralism	Regeringen Lars Løkke Rasmussen II	20151	M76	-	-	Reference	English	Regular	MP	notMinister	EL	Enhedslisten	Opposition	Left to far-left	GlerupSarah	Glerup, Sarah	F	1985	
ParlaMint-DK-en_2016-04-14-20151-M76	ParlaMint-DK_20160414101605	Hansard of the session of the Danish Parliament (Folketinget), 20151, M76 (2016-04-14), final version	2016-04-14	Unicameralism	Regeringen Lars Løkke Rasmussen II	20151	M76	-	-	Reference	English	Chairperson	MP	notMinister	DF	Dansk Folkeparti	-	Right	KjærsgaardPia	Kjærsgaard, Pia	F	1947	
ParlaMint-DK-en_2016-04-14-20151-M76	ParlaMint-DK_20160414101617	Hansard of the session of the Danish Parliament (Folketinget), 20151, M76 (2016-04-14), final version	2016-04-14	Unicameralism	Regeringen Lars Løkke Rasmussen II	20151	M76	-	-	Reference	English	Regular	MP	notMinister	LA	Liberal Alliance	-	Centre-right to right	AmmitzbøllSimonEmil	Ammitzbøll, Simon Emil	M	1977	
ParlaMint-DK-en_2016-04-14-20151-M76	ParlaMint-DK_20160414101945	Hansard of the session of the Danish Parliament (Folketinget), 20151, M76 (2016-04-14), final version	2016-04-14	Unicameralism	Regeringen Lars Løkke Rasmussen II	20151	M76	-	-	Reference	English	Chairperson	MP	notMinister	DF	Dansk Folkeparti	-	Right	KjærsgaardPia	Kjærsgaard, Pia	F	1947	
ParlaMint-DK-en_2016-04-14-20151-M76	ParlaMint-DK_20160414101953	Hansard of the session of the Danish Parliament (Folketinget), 20151, M76 (2016-04-14), final version	2016-04-14	Unicameralism	Regeringen Lars Løkke Rasmussen II	20151	M76	-	-	Reference	English	Regular	MP	notMinister	ALT	Alternativet	Opposition	Centre to centre-left	FockJosephine	Fock, Josephine	F	1965	
ParlaMint-DK-en_2016-04-14-20151-M76	ParlaMint-DK_20160414102028	Hansard of the session of the Danish Parliament (Folketinget), 20151, M76 (2016-04-14), final version	2016-04-14	Unicameralism	Regeringen Lars Løkke Rasmussen II	20151	M76	-	-	Reference	English	Chairperson	MP	notMinister	DF	Dansk Folkeparti	-	Right	KjærsgaardPia	Kjærsgaard, Pia	F	1947	
ParlaMint-DK-en_2016-04-14-20151-M76	ParlaMint-DK_20160414102029	Hansard of the session of the Danish Parliament (Folketinget), 20151, M76 (2016-04-14), final version	2016-04-14	Unicameralism	Regeringen Lars Løkke Rasmussen II	20151	M76	-	-	Reference	English	Regular	MP	notMinister	LA	Liberal Alliance	-	Centre-right to right	AmmitzbøllSimonEmil	Ammitzbøll, Simon Emil	M	1977	
ParlaMint-DK-en_2016-04-14-20151-M76	ParlaMint-DK_20160414102112	Hansard of the session of the Danish Parliament (Folketinget), 20151, M76 (2016-04-14), final version	2016-04-14	Unicameralism	Regeringen Lars Løkke Rasmussen II	20151	M76	-	-	Reference	English	Chairperson	MP	notMinister	DF	Dansk Folkeparti	-	Right	KjærsgaardPia	Kjærsgaard, Pia	F	1947	
ParlaMint-DK-en_2016-04-14-20151-M76	ParlaMint-DK_20160414102116	Hansard of the session of the Danish Parliament (Folketinget), 20151, M76 (2016-04-14), final version	2016-04-14	Unicameralism	Regeringen Lars Løkke Rasmussen II	20151	M76	-	-	Reference	English	Regular	MP	notMinister	ALT	Alternativet	Opposition	Centre to centre-left	FockJosephine	Fock, Josephine	F	1965	
ParlaMint-DK-en_2016-04-14-20151-M76	ParlaMint-DK_20160414102138	Hansard of the session of the Danish Parliament (Folketinget), 20151, M76 (2016-04-14), final version	2016-04-14	Unicameralism	Regeringen Lars Løkke Rasmussen II	20151	M76	-	-	Reference	English	Chairperson	MP	notMinister	DF	Dansk Folkeparti	-	Right	KjærsgaardPia	Kjærsgaard, Pia	F	1947	
ParlaMint-DK-en_2016-04-14-20151-M76	ParlaMint-DK_20160414102142	Hansard of the session of the Danish Parliament (Folketinget), 20151, M76 (2016-04-14), final version	2016-04-14	Unicameralism	Regeringen Lars Løkke Rasmussen II	20151	M76	-	-	Reference	English	Regular	MP	notMinister	LA	Liberal Alliance	-	Centre-right to right	AmmitzbøllSimonEmil	Ammitzbøll, Simon Emil	M	1977	
ParlaMint-DK-en_2016-04-14-20151-M76	ParlaMint-DK_20160414102227	Hansard of the session of the Danish Parliament (Folketinget), 20151, M76 (2016-04-14), final version	2016-04-14	Unicameralism	Regeringen Lars Løkke Rasmussen II	20151	M76	-	-	Reference	English	Chairperson	MP	notMinister	DF	Dansk Folkeparti	-	Right	KjærsgaardPia	Kjærsgaard, Pia	F	1947	
ParlaMint-DK-en_2016-04-14-20151-M76	ParlaMint-DK_20160414102231	Hansard of the session of the Danish Parliament (Folketinget), 20151, M76 (2016-04-14), final version	2016-04-14	Unicameralism	Regeringen Lars Løkke Rasmussen II	20151	M76	-	-	Reference	English	Regular	MP	notMinister	SF	Socialistisk Folkeparti	Opposition	Centre-left to left	PoulsenLisbethBech	Poulsen, Lisbeth Bech	F	1982	
ParlaMint-DK-en_2016-04-14-20151-M76	ParlaMint-DK_20160414102320	Hansard of the session of the Danish Parliament (Folketinget), 20151, M76 (2016-04-14), final version	2016-04-14	Unicameralism	Regeringen Lars Løkke Rasmussen II	20151	M76	-	-	Reference	English	Chairperson	MP	notMinister	DF	Dansk Folkeparti	-	Right	KjærsgaardPia	Kjærsgaard, Pia	F	1947	
ParlaMint-DK-en_2016-04-14-20151-M76	ParlaMint-DK_20160414102321	Hansard of the session of the Danish Parliament (Folketinget), 20151, M76 (2016-04-14), final version	2016-04-14	Unicameralism	Regeringen Lars Løkke Rasmussen II	20151	M76	-	-	Reference	English	Regular	MP	notMinister	LA	Liberal Alliance	-	Centre-right to right	AmmitzbøllSimonEmil	Ammitzbøll, Simon Emil	M	1977	
ParlaMint-DK-en_2016-04-14-20151-M76	ParlaMint-DK_20160414102359	Hansard of the session of the Danish Parliament (Folketinget), 20151, M76 (2016-04-14), final version	2016-04-14	Unicameralism	Regeringen Lars Løkke Rasmussen II	20151	M76	-	-	Reference	English	Chairperson	MP	notMinister	DF	Dansk Folkeparti	-	Right	KjærsgaardPia	Kjærsgaard, Pia	F	1947	
ParlaMint-DK-en_2016-04-14-20151-M76	ParlaMint-DK_20160414102401	Hansard of the session of the Danish Parliament (Folketinget), 20151, M76 (2016-04-14), final version	2016-04-14	Unicameralism	Regeringen Lars Løkke Rasmussen II	20151	M76	-	-	Reference	English	Regular	MP	notMinister	SF	Socialistisk Folkeparti	Opposition	Centre-left to left	PoulsenLisbethBech	Poulsen, Lisbeth Bech	F	1982	
ParlaMint-DK-en_2016-04-14-20151-M76	ParlaMint-DK_20160414102445	Hansard of the session of the Danish Parliament (Folketinget), 20151, M76 (2016-04-14), final version	2016-04-14	Unicameralism	Regeringen Lars Løkke Rasmussen II	20151	M76	-	-	Reference	English	Chairperson	MP	notMinister	DF	Dansk Folkeparti	-	Right	KjærsgaardPia	Kjærsgaard, Pia	F	1947	
ParlaMint-DK-en_2016-04-14-20151-M76	ParlaMint-DK_20160414102446	Hansard of the session of the Danish Parliament (Folketinget), 20151, M76 (2016-04-14), final version	2016-04-14	Unicameralism	Regeringen Lars Løkke Rasmussen II	20151	M76	-	-	Reference	English	Regular	MP	notMinister	LA	Liberal Alliance	-	Centre-right to right	AmmitzbøllSimonEmil	Ammitzbøll, Simon Emil	M	1977	
ParlaMint-DK-en_2016-04-14-20151-M76	ParlaMint-DK_20160414102535	Hansard of the session of the Danish Parliament (Folketinget), 20151, M76 (2016-04-14), final version	2016-04-14	Unicameralism	Regeringen Lars Løkke Rasmussen II	20151	M76	-	-	Reference	English	Chairperson	MP	notMinister	DF	Dansk Folkeparti	-	Right	KjærsgaardPia	Kjærsgaard, Pia	F	1947	
ParlaMint-DK-en_2016-04-14-20151-M76	ParlaMint-DK_20160414102538	Hansard of the session of the Danish Parliament (Folketinget), 20151, M76 (2016-04-14), final version	2016-04-14	Unicameralism	Regeringen Lars Løkke Rasmussen II	20151	M76	-	-	Reference	English	Regular	MP	notMinister	S	Socialdemokratiet	Opposition	Centre-left	ReissmannMette	Reissmann, Mette	F	1963	
ParlaMint-DK-en_2016-04-14-20151-M76	ParlaMint-DK_20160414102608	Hansard of the session of the Danish Parliament (Folketinget), 20151, M76 (2016-04-14), final version	2016-04-14	Unicameralism	Regeringen Lars Løkke Rasmussen II	20151	M76	-	-	Reference	English	Chairperson	MP	notMinister	DF	Dansk Folkeparti	-	Right	KjærsgaardPia	Kjærsgaard, Pia	F	1947	
ParlaMint-DK-en_2016-04-14-20151-M76	ParlaMint-DK_20160414102610	Hansard of the session of the Danish Parliament (Folketinget), 20151, M76 (2016-04-14), final version	2016-04-14	Unicameralism	Regeringen Lars Løkke Rasmussen II	20151	M76	-	-	Reference	English	Regular	MP	notMinister	LA	Liberal Alliance	-	Centre-right to right	AmmitzbøllSimonEmil	Ammitzbøll, Simon Emil	M	1977	
ParlaMint-DK-en_2016-04-14-20151-M76	ParlaMint-DK_20160414102634	Hansard of the session of the Danish Parliament (Folketinget), 20151, M76 (2016-04-14), final version	2016-04-14	Unicameralism	Regeringen Lars Løkke Rasmussen II	20151	M76	-	-	Reference	English	Chairperson	MP	notMinister	DF	Dansk Folkeparti	-	Right	KjærsgaardPia	Kjærsgaard, Pia	F	1947	
ParlaMint-DK-en_2016-04-14-20151-M76	ParlaMint-DK_20160414102637	Hansard of the session of the Danish Parliament (Folketinget), 20151, M76 (2016-04-14), final version	2016-04-14	Unicameralism	Regeringen Lars Løkke Rasmussen II	20151	M76	-	-	Reference	English	Regular	MP	notMinister	S	Socialdemokratiet	Opposition	Centre-left	ReissmannMette	Reissmann, Mette	F	1963	
ParlaMint-DK-en_2016-04-14-20151-M76	ParlaMint-DK_20160414102731	Hansard of the session of the Danish Parliament (Folketinget), 20151, M76 (2016-04-14), final version	2016-04-14	Unicameralism	Regeringen Lars Løkke Rasmussen II	20151	M76	-	-	Reference	English	Chairperson	MP	notMinister	DF	Dansk Folkeparti	-	Right	KjærsgaardPia	Kjærsgaard, Pia	F	1947	
ParlaMint-DK-en_2016-04-14-20151-M76	ParlaMint-DK_20160414102732	Hansard of the session of the Danish Parliament (Folketinget), 20151, M76 (2016-04-14), final version	2016-04-14	Unicameralism	Regeringen Lars Løkke Rasmussen II	20151	M76	-	-	Reference	English	Regular	MP	notMinister	LA	Liberal Alliance	-	Centre-right to right	AmmitzbøllSimonEmil	Ammitzbøll, Simon Emil	M	1977	
ParlaMint-DK-en_2016-04-14-20151-M76	ParlaMint-DK_20160414102815	Hansard of the session of the Danish Parliament (Folketinget), 20151, M76 (2016-04-14), final version	2016-04-14	Unicameralism	Regeringen Lars Løkke Rasmussen II	20151	M76	-	-	Reference	English	Chairperson	MP	notMinister	DF	Dansk Folkeparti	-	Right	KjærsgaardPia	Kjærsgaard, Pia	F	1947	
ParlaMint-DK-en_2016-04-14-20151-M76	ParlaMint-DK_20160414102819	Hansard of the session of the Danish Parliament (Folketinget), 20151, M76 (2016-04-14), final version	2016-04-14	Unicameralism	Regeringen Lars Løkke Rasmussen II	20151	M76	-	-	Reference	English	Regular	MP	notMinister	RV	Radikale Venstre	Opposition	Centre to centre-left	StampeZenia	Stampe, Zenia	F	1979	
ParlaMint-DK-en_2016-04-14-20151-M76	ParlaMint-DK_20160414102910	Hansard of the session of the Danish Parliament (Folketinget), 20151, M76 (2016-04-14), final version	2016-04-14	Unicameralism	Regeringen Lars Løkke Rasmussen II	20151	M76	-	-	Reference	English	Chairperson	MP	notMinister	DF	Dansk Folkeparti	-	Right	KjærsgaardPia	Kjærsgaard, Pia	F	1947	
ParlaMint-DK-en_2016-04-14-20151-M76	ParlaMint-DK_20160414102911	Hansard of the session of the Danish Parliament (Folketinget), 20151, M76 (2016-04-14), final version	2016-04-14	Unicameralism	Regeringen Lars Løkke Rasmussen II	20151	M76	-	-	Reference	English	Regular	MP	notMinister	LA	Liberal Alliance	-	Centre-right to right	AmmitzbøllSimonEmil	Ammitzbøll, Simon Emil	M	1977	
ParlaMint-DK-en_2016-04-14-20151-M76	ParlaMint-DK_20160414103010	Hansard of the session of the Danish Parliament (Folketinget), 20151, M76 (2016-04-14), final version	2016-04-14	Unicameralism	Regeringen Lars Løkke Rasmussen II	20151	M76	-	-	Reference	English	Chairperson	MP	notMinister	DF	Dansk Folkeparti	-	Right	KjærsgaardPia	Kjærsgaard, Pia	F	1947	
ParlaMint-DK-en_2016-04-14-20151-M76	ParlaMint-DK_20160414103011	Hansard of the session of the Danish Parliament (Folketinget), 20151, M76 (2016-04-14), final version	2016-04-14	Unicameralism	Regeringen Lars Løkke Rasmussen II	20151	M76	-	-	Reference	English	Regular	MP	notMinister	RV	Radikale Venstre	Opposition	Centre to centre-left	StampeZenia	Stampe, Zenia	F	1979	
ParlaMint-DK-en_2016-04-14-20151-M76	ParlaMint-DK_20160414103037	Hansard of the session of the Danish Parliament (Folketinget), 20151, M76 (2016-04-14), final version	2016-04-14	Unicameralism	Regeringen Lars Løkke Rasmussen II	20151	M76	-	-	Reference	English	Chairperson	MP	notMinister	DF	Dansk Folkeparti	-	Right	KjærsgaardPia	Kjærsgaard, Pia	F	1947	
ParlaMint-DK-en_2016-04-14-20151-M76	ParlaMint-DK_20160414103038	Hansard of the session of the Danish Parliament (Folketinget), 20151, M76 (2016-04-14), final version	2016-04-14	Unicameralism	Regeringen Lars Løkke Rasmussen II	20151	M76	-	-	Reference	English	Regular	MP	notMinister	LA	Liberal Alliance	-	Centre-right to right	AmmitzbøllSimonEmil	Ammitzbøll, Simon Emil	M	1977	
ParlaMint-DK-en_2016-04-14-20151-M76	ParlaMint-DK_20160414103111	Hansard of the session of the Danish Parliament (Folketinget), 20151, M76 (2016-04-14), final version	2016-04-14	Unicameralism	Regeringen Lars Løkke Rasmussen II	20151	M76	-	-	Reference	English	Chairperson	MP	notMinister	DF	Dansk Folkeparti	-	Right	KjærsgaardPia	Kjærsgaard, Pia	F	1947	
ParlaMint-DK-en_2016-04-14-20151-M76	ParlaMint-DK_20160414103121	Hansard of the session of the Danish Parliament (Folketinget), 20151, M76 (2016-04-14), final version	2016-04-14	Unicameralism	Regeringen Lars Løkke Rasmussen II	20151	M76	-	-	Reference	English	Regular	MP	notMinister	V	Venstre	Coalition	Centre-right	JørgensenJanE	Jørgensen, Jan E.	M	1965	
ParlaMint-DK-en_2016-04-14-20151-M76	ParlaMint-DK_20160414103208	Hansard of the session of the Danish Parliament (Folketinget), 20151, M76 (2016-04-14), final version	2016-04-14	Unicameralism	Regeringen Lars Løkke Rasmussen II	20151	M76	-	-	Reference	English	Chairperson	MP	notMinister	DF	Dansk Folkeparti	-	Right	KjærsgaardPia	Kjærsgaard, Pia	F	1947	
ParlaMint-DK-en_2016-04-14-20151-M76	ParlaMint-DK_20160414103209	Hansard of the session of the Danish Parliament (Folketinget), 20151, M76 (2016-04-14), final version	2016-04-14	Unicameralism	Regeringen Lars Løkke Rasmussen II	20151	M76	-	-	Reference	English	Regular	MP	notMinister	LA	Liberal Alliance	-	Centre-right to right	AmmitzbøllSimonEmil	Ammitzbøll, Simon Emil	M	1977	
ParlaMint-DK-en_2016-04-14-20151-M76	ParlaMint-DK_20160414103233	Hansard of the session of the Danish Parliament (Folketinget), 20151, M76 (2016-04-14), final version	2016-04-14	Unicameralism	Regeringen Lars Løkke Rasmussen II	20151	M76	-	-	Reference	English	Chairperson	MP	notMinister	DF	Dansk Folkeparti	-	Right	KjærsgaardPia	Kjærsgaard, Pia	F	1947	
ParlaMint-DK-en_2016-04-14-20151-M76	ParlaMint-DK_20160414103235	Hansard of the session of the Danish Parliament (Folketinget), 20151, M76 (2016-04-14), final version	2016-04-14	Unicameralism	Regeringen Lars Løkke Rasmussen II	20151	M76	-	-	Reference	English	Regular	MP	notMinister	V	Venstre	Coalition	Centre-right	JørgensenJanE	Jørgensen, Jan E.	M	1965	
ParlaMint-DK-en_2016-04-14-20151-M76	ParlaMint-DK_20160414103321	Hansard of the session of the Danish Parliament (Folketinget), 20151, M76 (2016-04-14), final version	2016-04-14	Unicameralism	Regeringen Lars Løkke Rasmussen II	20151	M76	-	-	Reference	English	Chairperson	MP	notMinister	DF	Dansk Folkeparti	-	Right	KjærsgaardPia	Kjærsgaard, Pia	F	1947	
ParlaMint-DK-en_2016-04-14-20151-M76	ParlaMint-DK_20160414103322	Hansard of the session of the Danish Parliament (Folketinget), 20151, M76 (2016-04-14), final version	2016-04-14	Unicameralism	Regeringen Lars Løkke Rasmussen II	20151	M76	-	-	Reference	English	Regular	MP	notMinister	LA	Liberal Alliance	-	Centre-right to right	AmmitzbøllSimonEmil	Ammitzbøll, Simon Emil	M	1977	
ParlaMint-DK-en_2016-04-14-20151-M76	ParlaMint-DK_20160414103411	Hansard of the session of the Danish Parliament (Folketinget), 20151, M76 (2016-04-14), final version	2016-04-14	Unicameralism	Regeringen Lars Løkke Rasmussen II	20151	M76	-	-	Reference	English	Chairperson	MP	notMinister	DF	Dansk Folkeparti	-	Right	KjærsgaardPia	Kjærsgaard, Pia	F	1947	
ParlaMint-DK-en_2016-04-14-20151-M76	ParlaMint-DK_20160414103419	Hansard of the session of the Danish Parliament (Folketinget), 20151, M76 (2016-04-14), final version	2016-04-14	Unicameralism	Regeringen Lars Løkke Rasmussen II	20151	M76	-	-	Reference	English	Regular	MP	notMinister	ALT	Alternativet	Opposition	Centre to centre-left	FockJosephine	Fock, Josephine	F	1965	
ParlaMint-DK-en_2016-04-14-20151-M76	ParlaMint-DK_20160414103612	Hansard of the session of the Danish Parliament (Folketinget), 20151, M76 (2016-04-14), final version	2016-04-14	Unicameralism	Regeringen Lars Løkke Rasmussen II	20151	M76	-	-	Reference	English	Chairperson	MP	notMinister	DF	Dansk Folkeparti	-	Right	KjærsgaardPia	Kjærsgaard, Pia	F	1947	
ParlaMint-DK-en_2016-04-14-20151-M76	ParlaMint-DK_20160414103621	Hansard of the session of the Danish Parliament (Folketinget), 20151, M76 (2016-04-14), final version	2016-04-14	Unicameralism	Regeringen Lars Løkke Rasmussen II	20151	M76	-	-	Reference	English	Regular	MP	notMinister	RV	Radikale Venstre	Opposition	Centre to centre-left	StampeZenia	Stampe, Zenia	F	1979	
ParlaMint-DK-en_2016-04-14-20151-M76	ParlaMint-DK_20160414103745	Hansard of the session of the Danish Parliament (Folketinget), 20151, M76 (2016-04-14), final version	2016-04-14	Unicameralism	Regeringen Lars Løkke Rasmussen II	20151	M76	-	-	Reference	English	Chairperson	MP	notMinister	DF	Dansk Folkeparti	-	Right	KjærsgaardPia	Kjærsgaard, Pia	F	1947	
ParlaMint-DK-en_2016-04-14-20151-M76	ParlaMint-DK_20160414103748	Hansard of the session of the Danish Parliament (Folketinget), 20151, M76 (2016-04-14), final version	2016-04-14	Unicameralism	Regeringen Lars Løkke Rasmussen II	20151	M76	-	-	Reference	English	Regular	MP	notMinister	SF	Socialistisk Folkeparti	Opposition	Centre-left to left	PoulsenLisbethBech	Poulsen, Lisbeth Bech	F	1982	
ParlaMint-DK-en_2016-04-14-20151-M76	ParlaMint-DK_20160414103800	Hansard of the session of the Danish Parliament (Folketinget), 20151, M76 (2016-04-14), final version	2016-04-14	Unicameralism	Regeringen Lars Løkke Rasmussen II	20151	M76	-	-	Reference	English	Chairperson	MP	notMinister	DF	Dansk Folkeparti	-	Right	KjærsgaardPia	Kjærsgaard, Pia	F	1947	
ParlaMint-DK-en_2016-04-14-20151-M76	ParlaMint-DK_20160414103801	Hansard of the session of the Danish Parliament (Folketinget), 20151, M76 (2016-04-14), final version	2016-04-14	Unicameralism	Regeringen Lars Løkke Rasmussen II	20151	M76	-	-	Reference	English	Regular	MP	notMinister	RV	Radikale Venstre	Opposition	Centre to centre-left	StampeZenia	Stampe, Zenia	F	1979	
ParlaMint-DK-en_2016-04-14-20151-M76	ParlaMint-DK_20160414103848	Hansard of the session of the Danish Parliament (Folketinget), 20151, M76 (2016-04-14), final version	2016-04-14	Unicameralism	Regeringen Lars Løkke Rasmussen II	20151	M76	-	-	Reference	English	Chairperson	MP	notMinister	DF	Dansk Folkeparti	-	Right	KjærsgaardPia	Kjærsgaard, Pia	F	1947	
ParlaMint-DK-en_2016-04-14-20151-M76	ParlaMint-DK_20160414103904	Hansard of the session of the Danish Parliament (Folketinget), 20151, M76 (2016-04-14), final version	2016-04-14	Unicameralism	Regeringen Lars Løkke Rasmussen II	20151	M76	-	-	Reference	English	Regular	MP	notMinister	SF	Socialistisk Folkeparti	Opposition	Centre-left to left	PoulsenLisbethBech	Poulsen, Lisbeth Bech	F	1982	
ParlaMint-DK-en_2016-04-14-20151-M76	ParlaMint-DK_20160414104243	Hansard of the session of the Danish Parliament (Folketinget), 20151, M76 (2016-04-14), final version	2016-04-14	Unicameralism	Regeringen Lars Løkke Rasmussen II	20151	M76	-	-	Reference	English	Chairperson	MP	notMinister	DF	Dansk Folkeparti	-	Right	BøgstedBent	Bøgsted, Bent	M	1956	
ParlaMint-DK-en_2016-04-14-20151-M76	ParlaMint-DK_20160414104254	Hansard of the session of the Danish Parliament (Folketinget), 20151, M76 (2016-04-14), final version	2016-04-14	Unicameralism	Regeringen Lars Løkke Rasmussen II	20151	M76	-	-	Reference	English	Regular	MP	notMinister	KF	Det Konservative Folkeparti	-	Centre-right	PoulsenSørenPape	Poulsen, Søren Pape	M	1971	
ParlaMint-DK-en_2016-04-14-20151-M76	ParlaMint-DK_20160414104610	Hansard of the session of the Danish Parliament (Folketinget), 20151, M76 (2016-04-14), final version	2016-04-14	Unicameralism	Regeringen Lars Løkke Rasmussen II	20151	M76	-	-	Reference	English	Chairperson	MP	notMinister	DF	Dansk Folkeparti	-	Right	BøgstedBent	Bøgsted, Bent	M	1956	
ParlaMint-DK-en_2016-04-14-20151-M76	ParlaMint-DK_20160414104616	Hansard of the session of the Danish Parliament (Folketinget), 20151, M76 (2016-04-14), final version	2016-04-14	Unicameralism	Regeringen Lars Løkke Rasmussen II	20151	M76	-	-	Reference	English	Regular	MP	notMinister	EL	Enhedslisten	Opposition	Left to far-left	GlerupSarah	Glerup, Sarah	F	1985	
ParlaMint-DK-en_2016-04-14-20151-M76	ParlaMint-DK_20160414104631	Hansard of the session of the Danish Parliament (Folketinget), 20151, M76 (2016-04-14), final version	2016-04-14	Unicameralism	Regeringen Lars Løkke Rasmussen II	20151	M76	-	-	Reference	English	Chairperson	MP	notMinister	DF	Dansk Folkeparti	-	Right	BøgstedBent	Bøgsted, Bent	M	1956	
ParlaMint-DK-en_2016-04-14-20151-M76	ParlaMint-DK_20160414104632	Hansard of the session of the Danish Parliament (Folketinget), 20151, M76 (2016-04-14), final version	2016-04-14	Unicameralism	Regeringen Lars Løkke Rasmussen II	20151	M76	-	-	Reference	English	Regular	MP	notMinister	KF	Det Konservative Folkeparti	-	Centre-right	PoulsenSørenPape	Poulsen, Søren Pape	M	1971	
ParlaMint-DK-en_2016-04-14-20151-M76	ParlaMint-DK_20160414104707	Hansard of the session of the Danish Parliament (Folketinget), 20151, M76 (2016-04-14), final version	2016-04-14	Unicameralism	Regeringen Lars Løkke Rasmussen II	20151	M76	-	-	Reference	English	Chairperson	MP	notMinister	DF	Dansk Folkeparti	-	Right	BøgstedBent	Bøgsted, Bent	M	1956	
ParlaMint-DK-en_2016-04-14-20151-M76	ParlaMint-DK_20160414104713	Hansard of the session of the Danish Parliament (Folketinget), 20151, M76 (2016-04-14), final version	2016-04-14	Unicameralism	Regeringen Lars Løkke Rasmussen II	20151	M76	-	-	Reference	English	Regular	MP	notMinister	SF	Socialistisk Folkeparti	Opposition	Centre-left to left	PoulsenLisbethBech	Poulsen, Lisbeth Bech	F	1982	
ParlaMint-DK-en_2016-04-14-20151-M76	ParlaMint-DK_20160414104721	Hansard of the session of the Danish Parliament (Folketinget), 20151, M76 (2016-04-14), final version	2016-04-14	Unicameralism	Regeringen Lars Løkke Rasmussen II	20151	M76	-	-	Reference	English	Chairperson	MP	notMinister	DF	Dansk Folkeparti	-	Right	BøgstedBent	Bøgsted, Bent	M	1956	
ParlaMint-DK-en_2016-04-14-20151-M76	ParlaMint-DK_20160414104722	Hansard of the session of the Danish Parliament (Folketinget), 20151, M76 (2016-04-14), final version	2016-04-14	Unicameralism	Regeringen Lars Løkke Rasmussen II	20151	M76	-	-	Reference	English	Regular	MP	notMinister	KF	Det Konservative Folkeparti	-	Centre-right	PoulsenSørenPape	Poulsen, Søren Pape	M	1971	
ParlaMint-DK-en_2016-04-14-20151-M76	ParlaMint-DK_20160414104745	Hansard of the session of the Danish Parliament (Folketinget), 20151, M76 (2016-04-14), final version	2016-04-14	Unicameralism	Regeringen Lars Løkke Rasmussen II	20151	M76	-	-	Reference	English	Chairperson	MP	notMinister	DF	Dansk Folkeparti	-	Right	BøgstedBent	Bøgsted, Bent	M	1956	
ParlaMint-DK-en_2016-04-14-20151-M76	ParlaMint-DK_20160414104747	Hansard of the session of the Danish Parliament (Folketinget), 20151, M76 (2016-04-14), final version	2016-04-14	Unicameralism	Regeringen Lars Løkke Rasmussen II	20151	M76	-	-	Reference	English	Regular	MP	notMinister	SF	Socialistisk Folkeparti	Opposition	Centre-left to left	PoulsenLisbethBech	Poulsen, Lisbeth Bech	F	1982	
ParlaMint-DK-en_2016-04-14-20151-M76	ParlaMint-DK_20160414104921	Hansard of the session of the Danish Parliament (Folketinget), 20151, M76 (2016-04-14), final version	2016-04-14	Unicameralism	Regeringen Lars Løkke Rasmussen II	20151	M76	-	-	Reference	English	Chairperson	MP	notMinister	DF	Dansk Folkeparti	-	Right	BøgstedBent	Bøgsted, Bent	M	1956	
ParlaMint-DK-en_2016-04-14-20151-M76	ParlaMint-DK_20160414104923	Hansard of the session of the Danish Parliament (Folketinget), 20151, M76 (2016-04-14), final version	2016-04-14	Unicameralism	Regeringen Lars Løkke Rasmussen II	20151	M76	-	-	Reference	English	Regular	MP	notMinister	KF	Det Konservative Folkeparti	-	Centre-right	PoulsenSørenPape	Poulsen, Søren Pape	M	1971	
ParlaMint-DK-en_2016-04-14-20151-M76	ParlaMint-DK_20160414105018	Hansard of the session of the Danish Parliament (Folketinget), 20151, M76 (2016-04-14), final version	2016-04-14	Unicameralism	Regeringen Lars Løkke Rasmussen II	20151	M76	-	-	Reference	English	Chairperson	MP	notMinister	DF	Dansk Folkeparti	-	Right	BøgstedBent	Bøgsted, Bent	M	1956	
ParlaMint-DK-en_2016-04-14-20151-M76	ParlaMint-DK_20160414105020	Hansard of the session of the Danish Parliament (Folketinget), 20151, M76 (2016-04-14), final version	2016-04-14	Unicameralism	Regeringen Lars Løkke Rasmussen II	20151	M76	-	-	Reference	English	Regular	MP	notMinister	S	Socialdemokratiet	Opposition	Centre-left	ReissmannMette	Reissmann, Mette	F	1963	
ParlaMint-DK-en_2016-04-14-20151-M76	ParlaMint-DK_20160414105131	Hansard of the session of the Danish Parliament (Folketinget), 20151, M76 (2016-04-14), final version	2016-04-14	Unicameralism	Regeringen Lars Løkke Rasmussen II	20151	M76	-	-	Reference	English	Chairperson	MP	notMinister	DF	Dansk Folkeparti	-	Right	BøgstedBent	Bøgsted, Bent	M	1956	
ParlaMint-DK-en_2016-04-14-20151-M76	ParlaMint-DK_20160414105132	Hansard of the session of the Danish Parliament (Folketinget), 20151, M76 (2016-04-14), final version	2016-04-14	Unicameralism	Regeringen Lars Løkke Rasmussen II	20151	M76	-	-	Reference	English	Regular	MP	notMinister	KF	Det Konservative Folkeparti	-	Centre-right	PoulsenSørenPape	Poulsen, Søren Pape	M	1971	
ParlaMint-DK-en_2016-04-14-20151-M76	ParlaMint-DK_20160414105253	Hansard of the session of the Danish Parliament (Folketinget), 20151, M76 (2016-04-14), final version	2016-04-14	Unicameralism	Regeringen Lars Løkke Rasmussen II	20151	M76	-	-	Reference	English	Chairperson	MP	notMinister	DF	Dansk Folkeparti	-	Right	BøgstedBent	Bøgsted, Bent	M	1956	
ParlaMint-DK-en_2016-04-14-20151-M76	ParlaMint-DK_20160414105256	Hansard of the session of the Danish Parliament (Folketinget), 20151, M76 (2016-04-14), final version	2016-04-14	Unicameralism	Regeringen Lars Løkke Rasmussen II	20151	M76	-	-	Reference	English	Regular	MP	notMinister	S	Socialdemokratiet	Opposition	Centre-left	ReissmannMette	Reissmann, Mette	F	1963	
ParlaMint-DK-en_2016-04-14-20151-M76	ParlaMint-DK_20160414105404	Hansard of the session of the Danish Parliament (Folketinget), 20151, M76 (2016-04-14), final version	2016-04-14	Unicameralism	Regeringen Lars Løkke Rasmussen II	20151	M76	-	-	Reference	English	Chairperson	MP	notMinister	DF	Dansk Folkeparti	-	Right	BøgstedBent	Bøgsted, Bent	M	1956	
ParlaMint-DK-en_2016-04-14-20151-M76	ParlaMint-DK_20160414105407	Hansard of the session of the Danish Parliament (Folketinget), 20151, M76 (2016-04-14), final version	2016-04-14	Unicameralism	Regeringen Lars Løkke Rasmussen II	20151	M76	-	-	Reference	English	Regular	MP	notMinister	KF	Det Konservative Folkeparti	-	Centre-right	PoulsenSørenPape	Poulsen, Søren Pape	M	1971	
ParlaMint-DK-en_2016-04-14-20151-M76	ParlaMint-DK_20160414105455	Hansard of the session of the Danish Parliament (Folketinget), 20151, M76 (2016-04-14), final version	2016-04-14	Unicameralism	Regeringen Lars Løkke Rasmussen II	20151	M76	-	-	Reference	English	Chairperson	MP	notMinister	DF	Dansk Folkeparti	-	Right	BøgstedBent	Bøgsted, Bent	M	1956	
ParlaMint-DK-en_2016-04-14-20151-M76	ParlaMint-DK_20160414105510	Hansard of the session of the Danish Parliament (Folketinget), 20151, M76 (2016-04-14), final version	2016-04-14	Unicameralism	Regeringen Lars Løkke Rasmussen II	20151	M76	-	-	Reference	English	Regular	MP	Minister	V	Venstre	Coalition	Centre-right	PindSøren	Pind, Søren	M	1969	
ParlaMint-DK-en_2016-04-14-20151-M76	ParlaMint-DK_20160414105900	Hansard of the session of the Danish Parliament (Folketinget), 20151, M76 (2016-04-14), final version	2016-04-14	Unicameralism	Regeringen Lars Løkke Rasmussen II	20151	M76	-	-	Reference	English	Chairperson	MP	notMinister	DF	Dansk Folkeparti	-	Right	BøgstedBent	Bøgsted, Bent	M	1956	
ParlaMint-DK-en_2016-04-14-20151-M76	ParlaMint-DK_20160414105914	Hansard of the session of the Danish Parliament (Folketinget), 20151, M76 (2016-04-14), final version	2016-04-14	Unicameralism	Regeringen Lars Løkke Rasmussen II	20151	M76	-	-	Reference	English	Chairperson	MP	notMinister	DF	Dansk Folkeparti	-	Right	BøgstedBent	Bøgsted, Bent	M	1956	
ParlaMint-DK-en_2016-04-14-20151-M76	ParlaMint-DK_20160414105935	Hansard of the session of the Danish Parliament (Folketinget), 20151, M76 (2016-04-14), final version	2016-04-14	Unicameralism	Regeringen Lars Løkke Rasmussen II	20151	M76	-	-	Reference	English	Regular	MP	notMinister	S	Socialdemokratiet	Opposition	Centre-left	ReissmannMette	Reissmann, Mette	F	1963	
ParlaMint-DK-en_2016-04-14-20151-M76	ParlaMint-DK_20160414110137	Hansard of the session of the Danish Parliament (Folketinget), 20151, M76 (2016-04-14), final version	2016-04-14	Unicameralism	Regeringen Lars Løkke Rasmussen II	20151	M76	-	-	Reference	English	Chairperson	MP	notMinister	DF	Dansk Folkeparti	-	Right	BøgstedBent	Bøgsted, Bent	M	1956	
ParlaMint-DK-en_2016-04-14-20151-M76	ParlaMint-DK_20160414110146	Hansard of the session of the Danish Parliament (Folketinget), 20151, M76 (2016-04-14), final version	2016-04-14	Unicameralism	Regeringen Lars Løkke Rasmussen II	20151	M76	-	-	Reference	English	Regular	MP	notMinister	DF	Dansk Folkeparti	-	Right	PoulsenPeterKofod	Poulsen, Peter Kofod	M	1990	
ParlaMint-DK-en_2016-04-14-20151-M76	ParlaMint-DK_20160414110257	Hansard of the session of the Danish Parliament (Folketinget), 20151, M76 (2016-04-14), final version	2016-04-14	Unicameralism	Regeringen Lars Løkke Rasmussen II	20151	M76	-	-	Reference	English	Chairperson	MP	notMinister	DF	Dansk Folkeparti	-	Right	BøgstedBent	Bøgsted, Bent	M	1956	
ParlaMint-DK-en_2016-04-14-20151-M76	ParlaMint-DK_20160414110304	Hansard of the session of the Danish Parliament (Folketinget), 20151, M76 (2016-04-14), final version	2016-04-14	Unicameralism	Regeringen Lars Løkke Rasmussen II	20151	M76	-	-	Reference	English	Regular	MP	notMinister	V	Venstre	Coalition	Centre-right	HenriksenPrebenBang	Henriksen, Preben Bang	M	1954	
ParlaMint-DK-en_2016-04-14-20151-M76	ParlaMint-DK_20160414110503	Hansard of the session of the Danish Parliament (Folketinget), 20151, M76 (2016-04-14), final version	2016-04-14	Unicameralism	Regeringen Lars Løkke Rasmussen II	20151	M76	-	-	Reference	English	Chairperson	MP	notMinister	DF	Dansk Folkeparti	-	Right	BøgstedBent	Bøgsted, Bent	M	1956	
ParlaMint-DK-en_2016-04-14-20151-M76	ParlaMint-DK_20160414110520	Hansard of the session of the Danish Parliament (Folketinget), 20151, M76 (2016-04-14), final version	2016-04-14	Unicameralism	Regeringen Lars Løkke Rasmussen II	20151	M76	-	-	Reference	English	Regular	MP	notMinister	EL	Enhedslisten	Opposition	Left to far-left	GlerupSarah	Glerup, Sarah	F	1985	
ParlaMint-DK-en_2016-04-14-20151-M76	ParlaMint-DK_20160414110825	Hansard of the session of the Danish Parliament (Folketinget), 20151, M76 (2016-04-14), final version	2016-04-14	Unicameralism	Regeringen Lars Løkke Rasmussen II	20151	M76	-	-	Reference	English	Chairperson	MP	notMinister	DF	Dansk Folkeparti	-	Right	BøgstedBent	Bøgsted, Bent	M	1956	
ParlaMint-DK-en_2016-04-14-20151-M76	ParlaMint-DK_20160414110840	Hansard of the session of the Danish Parliament (Folketinget), 20151, M76 (2016-04-14), final version	2016-04-14	Unicameralism	Regeringen Lars Løkke Rasmussen II	20151	M76	-	-	Reference	English	Regular	MP	notMinister	LA	Liberal Alliance	-	Centre-right to right	AmmitzbøllSimonEmil	Ammitzbøll, Simon Emil	M	1977	
ParlaMint-DK-en_2016-04-14-20151-M76	ParlaMint-DK_20160414111219	Hansard of the session of the Danish Parliament (Folketinget), 20151, M76 (2016-04-14), final version	2016-04-14	Unicameralism	Regeringen Lars Løkke Rasmussen II	20151	M76	-	-	Reference	English	Chairperson	MP	notMinister	DF	Dansk Folkeparti	-	Right	BøgstedBent	Bøgsted, Bent	M	1956	
ParlaMint-DK-en_2016-04-14-20151-M76	ParlaMint-DK_20160414111232	Hansard of the session of the Danish Parliament (Folketinget), 20151, M76 (2016-04-14), final version	2016-04-14	Unicameralism	Regeringen Lars Løkke Rasmussen II	20151	M76	-	-	Reference	English	Regular	MP	notMinister	ALT	Alternativet	Opposition	Centre to centre-left	FockJosephine	Fock, Josephine	F	1965	
ParlaMint-DK-en_2016-04-14-20151-M76	ParlaMint-DK_20160414111402	Hansard of the session of the Danish Parliament (Folketinget), 20151, M76 (2016-04-14), final version	2016-04-14	Unicameralism	Regeringen Lars Løkke Rasmussen II	20151	M76	-	-	Reference	English	Chairperson	MP	notMinister	DF	Dansk Folkeparti	-	Right	BøgstedBent	Bøgsted, Bent	M	1956	
ParlaMint-DK-en_2016-04-14-20151-M76	ParlaMint-DK_20160414111411	Hansard of the session of the Danish Parliament (Folketinget), 20151, M76 (2016-04-14), final version	2016-04-14	Unicameralism	Regeringen Lars Løkke Rasmussen II	20151	M76	-	-	Reference	English	Regular	MP	notMinister	RV	Radikale Venstre	Opposition	Centre to centre-left	StampeZenia	Stampe, Zenia	F	1979	
ParlaMint-DK-en_2016-04-14-20151-M76	ParlaMint-DK_20160414111523	Hansard of the session of the Danish Parliament (Folketinget), 20151, M76 (2016-04-14), final version	2016-04-14	Unicameralism	Regeringen Lars Løkke Rasmussen II	20151	M76	-	-	Reference	English	Chairperson	MP	notMinister	DF	Dansk Folkeparti	-	Right	BøgstedBent	Bøgsted, Bent	M	1956	
ParlaMint-DK-en_2016-04-14-20151-M76	ParlaMint-DK_20160414111531	Hansard of the session of the Danish Parliament (Folketinget), 20151, M76 (2016-04-14), final version	2016-04-14	Unicameralism	Regeringen Lars Løkke Rasmussen II	20151	M76	-	-	Reference	English	Regular	MP	notMinister	SF	Socialistisk Folkeparti	Opposition	Centre-left to left	PoulsenLisbethBech	Poulsen, Lisbeth Bech	F	1982	
ParlaMint-DK-en_2016-04-14-20151-M76	ParlaMint-DK_20160414111711	Hansard of the session of the Danish Parliament (Folketinget), 20151, M76 (2016-04-14), final version	2016-04-14	Unicameralism	Regeringen Lars Løkke Rasmussen II	20151	M76	-	-	Reference	English	Chairperson	MP	notMinister	DF	Dansk Folkeparti	-	Right	BøgstedBent	Bøgsted, Bent	M	1956	
ParlaMint-DK-en_2016-04-14-20151-M76	ParlaMint-DK_20160414111718	Hansard of the session of the Danish Parliament (Folketinget), 20151, M76 (2016-04-14), final version	2016-04-14	Unicameralism	Regeringen Lars Løkke Rasmussen II	20151	M76	-	-	Reference	English	Regular	MP	notMinister	KF	Det Konservative Folkeparti	-	Centre-right	PoulsenSørenPape	Poulsen, Søren Pape	M	1971	
ParlaMint-DK-en_2016-04-14-20151-M76	ParlaMint-DK_20160414111749	Hansard of the session of the Danish Parliament (Folketinget), 20151, M76 (2016-04-14), final version	2016-04-14	Unicameralism	Regeringen Lars Løkke Rasmussen II	20151	M76	-	-	Reference	English	Chairperson	MP	notMinister	DF	Dansk Folkeparti	-	Right	BøgstedBent	Bøgsted, Bent	M	1956	
ParlaMint-DK-en_2016-04-14-20151-M76	ParlaMint-DK_20160414111754	Hansard of the session of the Danish Parliament (Folketinget), 20151, M76 (2016-04-14), final version	2016-04-14	Unicameralism	Regeringen Lars Løkke Rasmussen II	20151	M76	-	-	Reference	English	Regular	MP	Minister	V	Venstre	Coalition	Centre-right	PindSøren	Pind, Søren	M	1969	
ParlaMint-DK-en_2016-04-14-20151-M76	ParlaMint-DK_20160414112046	Hansard of the session of the Danish Parliament (Folketinget), 20151, M76 (2016-04-14), final version	2016-04-14	Unicameralism	Regeringen Lars Løkke Rasmussen II	20151	M76	-	-	Reference	English	Chairperson	MP	notMinister	DF	Dansk Folkeparti	-	Right	BøgstedBent	Bøgsted, Bent	M	1956	
ParlaMint-DK-en_2016-04-14-20151-M76	ParlaMint-DK_20160414112113	Hansard of the session of the Danish Parliament (Folketinget), 20151, M76 (2016-04-14), final version	2016-04-14	Unicameralism	Regeringen Lars Løkke Rasmussen II	20151	M76	-	-	Reference	English	Chairperson	MP	notMinister	DF	Dansk Folkeparti	-	Right	BøgstedBent	Bøgsted, Bent	M	1956	
ParlaMint-DK-en_2016-04-14-20151-M76	ParlaMint-DK_20160414112141	Hansard of the session of the Danish Parliament (Folketinget), 20151, M76 (2016-04-14), final version	2016-04-14	Unicameralism	Regeringen Lars Løkke Rasmussen II	20151	M76	-	-	Reference	English	Regular	MP	Minister	V	Venstre	Coalition	Centre-right	SchmidtHansChristian	Schmidt, Hans Christian	M	1953	
ParlaMint-DK-en_2016-04-14-20151-M76	ParlaMint-DK_20160414112631	Hansard of the session of the Danish Parliament (Folketinget), 20151, M76 (2016-04-14), final version	2016-04-14	Unicameralism	Regeringen Lars Løkke Rasmussen II	20151	M76	-	-	Reference	English	Chairperson	MP	notMinister	DF	Dansk Folkeparti	-	Right	BøgstedBent	Bøgsted, Bent	M	1956	
ParlaMint-DK-en_2016-04-14-20151-M76	ParlaMint-DK_20160414112636	Hansard of the session of the Danish Parliament (Folketinget), 20151, M76 (2016-04-14), final version	2016-04-14	Unicameralism	Regeringen Lars Løkke Rasmussen II	20151	M76	-	-	Reference	English	Regular	MP	notMinister	EL	Enhedslisten	Opposition	Left to far-left	HyllestedHenning	Hyllested, Henning	M	1954	
ParlaMint-DK-en_2016-04-14-20151-M76	ParlaMint-DK_20160414112719	Hansard of the session of the Danish Parliament (Folketinget), 20151, M76 (2016-04-14), final version	2016-04-14	Unicameralism	Regeringen Lars Løkke Rasmussen II	20151	M76	-	-	Reference	English	Chairperson	MP	notMinister	DF	Dansk Folkeparti	-	Right	BøgstedBent	Bøgsted, Bent	M	1956	
ParlaMint-DK-en_2016-04-14-20151-M76	ParlaMint-DK_20160414112722	Hansard of the session of the Danish Parliament (Folketinget), 20151, M76 (2016-04-14), final version	2016-04-14	Unicameralism	Regeringen Lars Løkke Rasmussen II	20151	M76	-	-	Reference	English	Regular	MP	Minister	V	Venstre	Coalition	Centre-right	SchmidtHansChristian	Schmidt, Hans Christian	M	1953	
ParlaMint-DK-en_2016-04-14-20151-M76	ParlaMint-DK_20160414112809	Hansard of the session of the Danish Parliament (Folketinget), 20151, M76 (2016-04-14), final version	2016-04-14	Unicameralism	Regeringen Lars Løkke Rasmussen II	20151	M76	-	-	Reference	English	Chairperson	MP	notMinister	DF	Dansk Folkeparti	-	Right	BøgstedBent	Bøgsted, Bent	M	1956	
ParlaMint-DK-en_2016-04-14-20151-M76	ParlaMint-DK_20160414112826	Hansard of the session of the Danish Parliament (Folketinget), 20151, M76 (2016-04-14), final version	2016-04-14	Unicameralism	Regeringen Lars Løkke Rasmussen II	20151	M76	-	-	Reference	English	Regular	MP	notMinister	S	Socialdemokratiet	Opposition	Centre-left	PrehnRasmus	Prehn, Rasmus	M	1973	
ParlaMint-DK-en_2016-04-14-20151-M76	ParlaMint-DK_20160414113759	Hansard of the session of the Danish Parliament (Folketinget), 20151, M76 (2016-04-14), final version	2016-04-14	Unicameralism	Regeringen Lars Løkke Rasmussen II	20151	M76	-	-	Reference	English	Chairperson	MP	notMinister	DF	Dansk Folkeparti	-	Right	BøgstedBent	Bøgsted, Bent	M	1956	
ParlaMint-DK-en_2016-04-14-20151-M76	ParlaMint-DK_20160414113805	Hansard of the session of the Danish Parliament (Folketinget), 20151, M76 (2016-04-14), final version	2016-04-14	Unicameralism	Regeringen Lars Løkke Rasmussen II	20151	M76	-	-	Reference	English	Regular	MP	notMinister	EL	Enhedslisten	Opposition	Left to far-left	HyllestedHenning	Hyllested, Henning	M	1954	
ParlaMint-DK-en_2016-04-14-20151-M76	ParlaMint-DK_20160414113922	Hansard of the session of the Danish Parliament (Folketinget), 20151, M76 (2016-04-14), final version	2016-04-14	Unicameralism	Regeringen Lars Løkke Rasmussen II	20151	M76	-	-	Reference	English	Chairperson	MP	notMinister	DF	Dansk Folkeparti	-	Right	BøgstedBent	Bøgsted, Bent	M	1956	
ParlaMint-DK-en_2016-04-14-20151-M76	ParlaMint-DK_20160414113925	Hansard of the session of the Danish Parliament (Folketinget), 20151, M76 (2016-04-14), final version	2016-04-14	Unicameralism	Regeringen Lars Løkke Rasmussen II	20151	M76	-	-	Reference	English	Regular	MP	notMinister	S	Socialdemokratiet	Opposition	Centre-left	PrehnRasmus	Prehn, Rasmus	M	1973	
ParlaMint-DK-en_2016-04-14-20151-M76	ParlaMint-DK_20160414114050	Hansard of the session of the Danish Parliament (Folketinget), 20151, M76 (2016-04-14), final version	2016-04-14	Unicameralism	Regeringen Lars Løkke Rasmussen II	20151	M76	-	-	Reference	English	Chairperson	MP	notMinister	DF	Dansk Folkeparti	-	Right	BøgstedBent	Bøgsted, Bent	M	1956	
ParlaMint-DK-en_2016-04-14-20151-M76	ParlaMint-DK_20160414114053	Hansard of the session of the Danish Parliament (Folketinget), 20151, M76 (2016-04-14), final version	2016-04-14	Unicameralism	Regeringen Lars Løkke Rasmussen II	20151	M76	-	-	Reference	English	Regular	MP	notMinister	EL	Enhedslisten	Opposition	Left to far-left	HyllestedHenning	Hyllested, Henning	M	1954	
ParlaMint-DK-en_2016-04-14-20151-M76	ParlaMint-DK_20160414114152	Hansard of the session of the Danish Parliament (Folketinget), 20151, M76 (2016-04-14), final version	2016-04-14	Unicameralism	Regeringen Lars Løkke Rasmussen II	20151	M76	-	-	Reference	English	Chairperson	MP	notMinister	DF	Dansk Folkeparti	-	Right	BøgstedBent	Bøgsted, Bent	M	1956	
ParlaMint-DK-en_2016-04-14-20151-M76	ParlaMint-DK_20160414114155	Hansard of the session of the Danish Parliament (Folketinget), 20151, M76 (2016-04-14), final version	2016-04-14	Unicameralism	Regeringen Lars Løkke Rasmussen II	20151	M76	-	-	Reference	English	Regular	MP	notMinister	S	Socialdemokratiet	Opposition	Centre-left	PrehnRasmus	Prehn, Rasmus	M	1973	
ParlaMint-DK-en_2016-04-14-20151-M76	ParlaMint-DK_20160414114245	Hansard of the session of the Danish Parliament (Folketinget), 20151, M76 (2016-04-14), final version	2016-04-14	Unicameralism	Regeringen Lars Løkke Rasmussen II	20151	M76	-	-	Reference	English	Chairperson	MP	notMinister	DF	Dansk Folkeparti	-	Right	BøgstedBent	Bøgsted, Bent	M	1956	
ParlaMint-DK-en_2016-04-14-20151-M76	ParlaMint-DK_20160414114251	Hansard of the session of the Danish Parliament (Folketinget), 20151, M76 (2016-04-14), final version	2016-04-14	Unicameralism	Regeringen Lars Løkke Rasmussen II	20151	M76	-	-	Reference	English	Regular	MP	notMinister	DF	Dansk Folkeparti	-	Right	ChristiansenKim	Christiansen, Kim	M	1956	
ParlaMint-DK-en_2016-04-14-20151-M76	ParlaMint-DK_20160414114325	Hansard of the session of the Danish Parliament (Folketinget), 20151, M76 (2016-04-14), final version	2016-04-14	Unicameralism	Regeringen Lars Løkke Rasmussen II	20151	M76	-	-	Reference	English	Chairperson	MP	notMinister	DF	Dansk Folkeparti	-	Right	BøgstedBent	Bøgsted, Bent	M	1956	
ParlaMint-DK-en_2016-04-14-20151-M76	ParlaMint-DK_20160414114329	Hansard of the session of the Danish Parliament (Folketinget), 20151, M76 (2016-04-14), final version	2016-04-14	Unicameralism	Regeringen Lars Løkke Rasmussen II	20151	M76	-	-	Reference	English	Regular	MP	notMinister	S	Socialdemokratiet	Opposition	Centre-left	PrehnRasmus	Prehn, Rasmus	M	1973	
ParlaMint-DK-en_2016-04-14-20151-M76	ParlaMint-DK_20160414114454	Hansard of the session of the Danish Parliament (Folketinget), 20151, M76 (2016-04-14), final version	2016-04-14	Unicameralism	Regeringen Lars Løkke Rasmussen II	20151	M76	-	-	Reference	English	Chairperson	MP	notMinister	DF	Dansk Folkeparti	-	Right	BøgstedBent	Bøgsted, Bent	M	1956	
ParlaMint-DK-en_2016-04-14-20151-M76	ParlaMint-DK_20160414114457	Hansard of the session of the Danish Parliament (Folketinget), 20151, M76 (2016-04-14), final version	2016-04-14	Unicameralism	Regeringen Lars Løkke Rasmussen II	20151	M76	-	-	Reference	English	Regular	MP	notMinister	DF	Dansk Folkeparti	-	Right	ChristiansenKim	Christiansen, Kim	M	1956	
ParlaMint-DK-en_2016-04-14-20151-M76	ParlaMint-DK_20160414114549	Hansard of the session of the Danish Parliament (Folketinget), 20151, M76 (2016-04-14), final version	2016-04-14	Unicameralism	Regeringen Lars Løkke Rasmussen II	20151	M76	-	-	Reference	English	Chairperson	MP	notMinister	DF	Dansk Folkeparti	-	Right	BøgstedBent	Bøgsted, Bent	M	1956	
ParlaMint-DK-en_2016-04-14-20151-M76	ParlaMint-DK_20160414114553	Hansard of the session of the Danish Parliament (Folketinget), 20151, M76 (2016-04-14), final version	2016-04-14	Unicameralism	Regeringen Lars Løkke Rasmussen II	20151	M76	-	-	Reference	English	Regular	MP	notMinister	S	Socialdemokratiet	Opposition	Centre-left	PrehnRasmus	Prehn, Rasmus	M	1973	
ParlaMint-DK-en_2016-04-14-20151-M76	ParlaMint-DK_20160414114658	Hansard of the session of the Danish Parliament (Folketinget), 20151, M76 (2016-04-14), final version	2016-04-14	Unicameralism	Regeringen Lars Løkke Rasmussen II	20151	M76	-	-	Reference	English	Chairperson	MP	notMinister	DF	Dansk Folkeparti	-	Right	BøgstedBent	Bøgsted, Bent	M	1956	
ParlaMint-DK-en_2016-04-14-20151-M76	ParlaMint-DK_20160414114711	Hansard of the session of the Danish Parliament (Folketinget), 20151, M76 (2016-04-14), final version	2016-04-14	Unicameralism	Regeringen Lars Løkke Rasmussen II	20151	M76	-	-	Reference	English	Regular	MP	notMinister	V	Venstre	Coalition	Centre-right	LorentzenKristianPihl	Lorentzen, Kristian Pihl	M	1961	
ParlaMint-DK-en_2016-04-14-20151-M76	ParlaMint-DK_20160414115756	Hansard of the session of the Danish Parliament (Folketinget), 20151, M76 (2016-04-14), final version	2016-04-14	Unicameralism	Regeringen Lars Løkke Rasmussen II	20151	M76	-	-	Reference	English	Chairperson	MP	notMinister	DF	Dansk Folkeparti	-	Right	BøgstedBent	Bøgsted, Bent	M	1956	
ParlaMint-DK-en_2016-04-14-20151-M76	ParlaMint-DK_20160414115800	Hansard of the session of the Danish Parliament (Folketinget), 20151, M76 (2016-04-14), final version	2016-04-14	Unicameralism	Regeringen Lars Løkke Rasmussen II	20151	M76	-	-	Reference	English	Regular	MP	notMinister	EL	Enhedslisten	Opposition	Left to far-left	HyllestedHenning	Hyllested, Henning	M	1954	
ParlaMint-DK-en_2016-04-14-20151-M76	ParlaMint-DK_20160414115917	Hansard of the session of the Danish Parliament (Folketinget), 20151, M76 (2016-04-14), final version	2016-04-14	Unicameralism	Regeringen Lars Løkke Rasmussen II	20151	M76	-	-	Reference	English	Chairperson	MP	notMinister	DF	Dansk Folkeparti	-	Right	BøgstedBent	Bøgsted, Bent	M	1956	
ParlaMint-DK-en_2016-04-14-20151-M76	ParlaMint-DK_20160414115920	Hansard of the session of the Danish Parliament (Folketinget), 20151, M76 (2016-04-14), final version	2016-04-14	Unicameralism	Regeringen Lars Løkke Rasmussen II	20151	M76	-	-	Reference	English	Regular	MP	notMinister	V	Venstre	Coalition	Centre-right	LorentzenKristianPihl	Lorentzen, Kristian Pihl	M	1961	
ParlaMint-DK-en_2016-04-14-20151-M76	ParlaMint-DK_20160414120036	Hansard of the session of the Danish Parliament (Folketinget), 20151, M76 (2016-04-14), final version	2016-04-14	Unicameralism	Regeringen Lars Løkke Rasmussen II	20151	M76	-	-	Reference	English	Chairperson	MP	notMinister	DF	Dansk Folkeparti	-	Right	BøgstedBent	Bøgsted, Bent	M	1956	
ParlaMint-DK-en_2016-04-14-20151-M76	ParlaMint-DK_20160414120039	Hansard of the session of the Danish Parliament (Folketinget), 20151, M76 (2016-04-14), final version	2016-04-14	Unicameralism	Regeringen Lars Løkke Rasmussen II	20151	M76	-	-	Reference	English	Regular	MP	notMinister	EL	Enhedslisten	Opposition	Left to far-left	HyllestedHenning	Hyllested, Henning	M	1954	
ParlaMint-DK-en_2016-04-14-20151-M76	ParlaMint-DK_20160414120139	Hansard of the session of the Danish Parliament (Folketinget), 20151, M76 (2016-04-14), final version	2016-04-14	Unicameralism	Regeringen Lars Løkke Rasmussen II	20151	M76	-	-	Reference	English	Chairperson	MP	notMinister	DF	Dansk Folkeparti	-	Right	BøgstedBent	Bøgsted, Bent	M	1956	
ParlaMint-DK-en_2016-04-14-20151-M76	ParlaMint-DK_20160414120143	Hansard of the session of the Danish Parliament (Folketinget), 20151, M76 (2016-04-14), final version	2016-04-14	Unicameralism	Regeringen Lars Løkke Rasmussen II	20151	M76	-	-	Reference	English	Regular	MP	notMinister	V	Venstre	Coalition	Centre-right	LorentzenKristianPihl	Lorentzen, Kristian Pihl	M	1961	
ParlaMint-DK-en_2016-04-14-20151-M76	ParlaMint-DK_20160414120232	Hansard of the session of the Danish Parliament (Folketinget), 20151, M76 (2016-04-14), final version	2016-04-14	Unicameralism	Regeringen Lars Løkke Rasmussen II	20151	M76	-	-	Reference	English	Chairperson	MP	notMinister	DF	Dansk Folkeparti	-	Right	BøgstedBent	Bøgsted, Bent	M	1956	
ParlaMint-DK-en_2016-04-14-20151-M76	ParlaMint-DK_20160414130114	Hansard of the session of the Danish Parliament (Folketinget), 20151, M76 (2016-04-14), final version	2016-04-14	Unicameralism	Regeringen Lars Løkke Rasmussen II	20151	M76	-	-	Reference	English	Chairperson	MP	notMinister	EL	Enhedslisten	Opposition	Left to far-left	JuhlChristian	Juhl, Christian	M	1953	
ParlaMint-DK-en_2016-04-14-20151-M76	ParlaMint-DK_20160414130133	Hansard of the session of the Danish Parliament (Folketinget), 20151, M76 (2016-04-14), final version	2016-04-14	Unicameralism	Regeringen Lars Løkke Rasmussen II	20151	M76	-	-	Reference	English	Regular	MP	notMinister	EL	Enhedslisten	Opposition	Left to far-left	HyllestedHenning	Hyllested, Henning	M	1954	
ParlaMint-DK-en_2016-04-14-20151-M76	ParlaMint-DK_20160414131240	Hansard of the session of the Danish Parliament (Folketinget), 20151, M76 (2016-04-14), final version	2016-04-14	Unicameralism	Regeringen Lars Løkke Rasmussen II	20151	M76	-	-	Reference	English	Chairperson	MP	notMinister	EL	Enhedslisten	Opposition	Left to far-left	JuhlChristian	Juhl, Christian	M	1953	
ParlaMint-DK-en_2016-04-14-20151-M76	ParlaMint-DK_20160414131245	Hansard of the session of the Danish Parliament (Folketinget), 20151, M76 (2016-04-14), final version	2016-04-14	Unicameralism	Regeringen Lars Løkke Rasmussen II	20151	M76	-	-	Reference	English	Regular	MP	notMinister	V	Venstre	Coalition	Centre-right	LorentzenKristianPihl	Lorentzen, Kristian Pihl	M	1961	
ParlaMint-DK-en_2016-04-14-20151-M76	ParlaMint-DK_20160414131348	Hansard of the session of the Danish Parliament (Folketinget), 20151, M76 (2016-04-14), final version	2016-04-14	Unicameralism	Regeringen Lars Løkke Rasmussen II	20151	M76	-	-	Reference	English	Chairperson	MP	notMinister	EL	Enhedslisten	Opposition	Left to far-left	JuhlChristian	Juhl, Christian	M	1953	
ParlaMint-DK-en_2016-04-14-20151-M76	ParlaMint-DK_20160414131349	Hansard of the session of the Danish Parliament (Folketinget), 20151, M76 (2016-04-14), final version	2016-04-14	Unicameralism	Regeringen Lars Løkke Rasmussen II	20151	M76	-	-	Reference	English	Regular	MP	notMinister	EL	Enhedslisten	Opposition	Left to far-left	HyllestedHenning	Hyllested, Henning	M	1954	
ParlaMint-DK-en_2016-04-14-20151-M76	ParlaMint-DK_20160414131521	Hansard of the session of the Danish Parliament (Folketinget), 20151, M76 (2016-04-14), final version	2016-04-14	Unicameralism	Regeringen Lars Løkke Rasmussen II	20151	M76	-	-	Reference	English	Chairperson	MP	notMinister	EL	Enhedslisten	Opposition	Left to far-left	JuhlChristian	Juhl, Christian	M	1953	
ParlaMint-DK-en_2016-04-14-20151-M76	ParlaMint-DK_20160414131523	Hansard of the session of the Danish Parliament (Folketinget), 20151, M76 (2016-04-14), final version	2016-04-14	Unicameralism	Regeringen Lars Løkke Rasmussen II	20151	M76	-	-	Reference	English	Regular	MP	notMinister	V	Venstre	Coalition	Centre-right	LorentzenKristianPihl	Lorentzen, Kristian Pihl	M	1961	
ParlaMint-DK-en_2016-04-14-20151-M76	ParlaMint-DK_20160414131611	Hansard of the session of the Danish Parliament (Folketinget), 20151, M76 (2016-04-14), final version	2016-04-14	Unicameralism	Regeringen Lars Løkke Rasmussen II	20151	M76	-	-	Reference	English	Chairperson	MP	notMinister	EL	Enhedslisten	Opposition	Left to far-left	JuhlChristian	Juhl, Christian	M	1953	
ParlaMint-DK-en_2016-04-14-20151-M76	ParlaMint-DK_20160414131612	Hansard of the session of the Danish Parliament (Folketinget), 20151, M76 (2016-04-14), final version	2016-04-14	Unicameralism	Regeringen Lars Løkke Rasmussen II	20151	M76	-	-	Reference	English	Regular	MP	notMinister	EL	Enhedslisten	Opposition	Left to far-left	HyllestedHenning	Hyllested, Henning	M	1954	
ParlaMint-DK-en_2016-04-14-20151-M76	ParlaMint-DK_20160414131710	Hansard of the session of the Danish Parliament (Folketinget), 20151, M76 (2016-04-14), final version	2016-04-14	Unicameralism	Regeringen Lars Løkke Rasmussen II	20151	M76	-	-	Reference	English	Chairperson	MP	notMinister	EL	Enhedslisten	Opposition	Left to far-left	JuhlChristian	Juhl, Christian	M	1953	
ParlaMint-DK-en_2016-04-14-20151-M76	ParlaMint-DK_20160414131720	Hansard of the session of the Danish Parliament (Folketinget), 20151, M76 (2016-04-14), final version	2016-04-14	Unicameralism	Regeringen Lars Løkke Rasmussen II	20151	M76	-	-	Reference	English	Regular	MP	notMinister	LA	Liberal Alliance	-	Centre-right to right	MikkelsenLeif	Mikkelsen, Leif	M	1945	
ParlaMint-DK-en_2016-04-14-20151-M76	ParlaMint-DK_20160414132303	Hansard of the session of the Danish Parliament (Folketinget), 20151, M76 (2016-04-14), final version	2016-04-14	Unicameralism	Regeringen Lars Løkke Rasmussen II	20151	M76	-	-	Reference	English	Chairperson	MP	notMinister	EL	Enhedslisten	Opposition	Left to far-left	JuhlChristian	Juhl, Christian	M	1953	
ParlaMint-DK-en_2016-04-14-20151-M76	ParlaMint-DK_20160414132306	Hansard of the session of the Danish Parliament (Folketinget), 20151, M76 (2016-04-14), final version	2016-04-14	Unicameralism	Regeringen Lars Løkke Rasmussen II	20151	M76	-	-	Reference	English	Regular	MP	notMinister	S	Socialdemokratiet	Opposition	Centre-left	PrehnRasmus	Prehn, Rasmus	M	1973	
ParlaMint-DK-en_2016-04-14-20151-M76	ParlaMint-DK_20160414132404	Hansard of the session of the Danish Parliament (Folketinget), 20151, M76 (2016-04-14), final version	2016-04-14	Unicameralism	Regeringen Lars Løkke Rasmussen II	20151	M76	-	-	Reference	English	Chairperson	MP	notMinister	EL	Enhedslisten	Opposition	Left to far-left	JuhlChristian	Juhl, Christian	M	1953	
ParlaMint-DK-en_2016-04-14-20151-M76	ParlaMint-DK_20160414132405	Hansard of the session of the Danish Parliament (Folketinget), 20151, M76 (2016-04-14), final version	2016-04-14	Unicameralism	Regeringen Lars Løkke Rasmussen II	20151	M76	-	-	Reference	English	Regular	MP	notMinister	LA	Liberal Alliance	-	Centre-right to right	MikkelsenLeif	Mikkelsen, Leif	M	1945	
ParlaMint-DK-en_2016-04-14-20151-M76	ParlaMint-DK_20160414132524	Hansard of the session of the Danish Parliament (Folketinget), 20151, M76 (2016-04-14), final version	2016-04-14	Unicameralism	Regeringen Lars Løkke Rasmussen II	20151	M76	-	-	Reference	English	Chairperson	MP	notMinister	EL	Enhedslisten	Opposition	Left to far-left	JuhlChristian	Juhl, Christian	M	1953	
ParlaMint-DK-en_2016-04-14-20151-M76	ParlaMint-DK_20160414132525	Hansard of the session of the Danish Parliament (Folketinget), 20151, M76 (2016-04-14), final version	2016-04-14	Unicameralism	Regeringen Lars Løkke Rasmussen II	20151	M76	-	-	Reference	English	Regular	MP	notMinister	S	Socialdemokratiet	Opposition	Centre-left	PrehnRasmus	Prehn, Rasmus	M	1973	
ParlaMint-DK-en_2016-04-14-20151-M76	ParlaMint-DK_20160414132607	Hansard of the session of the Danish Parliament (Folketinget), 20151, M76 (2016-04-14), final version	2016-04-14	Unicameralism	Regeringen Lars Løkke Rasmussen II	20151	M76	-	-	Reference	English	Chairperson	MP	notMinister	EL	Enhedslisten	Opposition	Left to far-left	JuhlChristian	Juhl, Christian	M	1953	
ParlaMint-DK-en_2016-04-14-20151-M76	ParlaMint-DK_20160414132608	Hansard of the session of the Danish Parliament (Folketinget), 20151, M76 (2016-04-14), final version	2016-04-14	Unicameralism	Regeringen Lars Løkke Rasmussen II	20151	M76	-	-	Reference	English	Regular	MP	notMinister	LA	Liberal Alliance	-	Centre-right to right	MikkelsenLeif	Mikkelsen, Leif	M	1945	
ParlaMint-DK-en_2016-04-14-20151-M76	ParlaMint-DK_20160414132713	Hansard of the session of the Danish Parliament (Folketinget), 20151, M76 (2016-04-14), final version	2016-04-14	Unicameralism	Regeringen Lars Løkke Rasmussen II	20151	M76	-	-	Reference	English	Chairperson	MP	notMinister	EL	Enhedslisten	Opposition	Left to far-left	JuhlChristian	Juhl, Christian	M	1953	
ParlaMint-DK-en_2016-04-14-20151-M76	ParlaMint-DK_20160414132720	Hansard of the session of the Danish Parliament (Folketinget), 20151, M76 (2016-04-14), final version	2016-04-14	Unicameralism	Regeringen Lars Løkke Rasmussen II	20151	M76	-	-	Reference	English	Regular	MP	notMinister	ALT	Alternativet	Opposition	Centre to centre-left	AmstrupNikolaj	Amstrup, Nikolaj	M	1973	
ParlaMint-DK-en_2016-04-14-20151-M76	ParlaMint-DK_20160414133046	Hansard of the session of the Danish Parliament (Folketinget), 20151, M76 (2016-04-14), final version	2016-04-14	Unicameralism	Regeringen Lars Løkke Rasmussen II	20151	M76	-	-	Reference	English	Chairperson	MP	notMinister	EL	Enhedslisten	Opposition	Left to far-left	JuhlChristian	Juhl, Christian	M	1953	
ParlaMint-DK-en_2016-04-14-20151-M76	ParlaMint-DK_20160414133105	Hansard of the session of the Danish Parliament (Folketinget), 20151, M76 (2016-04-14), final version	2016-04-14	Unicameralism	Regeringen Lars Løkke Rasmussen II	20151	M76	-	-	Reference	English	Regular	MP	notMinister	SF	Socialistisk Folkeparti	Opposition	Centre-left to left	HøngeKarsten	Hønge, Karsten	M	1958	
ParlaMint-DK-en_2016-04-14-20151-M76	ParlaMint-DK_20160414133352	Hansard of the session of the Danish Parliament (Folketinget), 20151, M76 (2016-04-14), final version	2016-04-14	Unicameralism	Regeringen Lars Løkke Rasmussen II	20151	M76	-	-	Reference	English	Chairperson	MP	notMinister	EL	Enhedslisten	Opposition	Left to far-left	JuhlChristian	Juhl, Christian	M	1953	
ParlaMint-DK-en_2016-04-14-20151-M76	ParlaMint-DK_20160414133404	Hansard of the session of the Danish Parliament (Folketinget), 20151, M76 (2016-04-14), final version	2016-04-14	Unicameralism	Regeringen Lars Løkke Rasmussen II	20151	M76	-	-	Reference	English	Regular	MP	notMinister	RV	Radikale Venstre	Opposition	Centre to centre-left	SteenbergAndreas	Steenberg, Andreas	M	1983	
ParlaMint-DK-en_2016-04-14-20151-M76	ParlaMint-DK_20160414133608	Hansard of the session of the Danish Parliament (Folketinget), 20151, M76 (2016-04-14), final version	2016-04-14	Unicameralism	Regeringen Lars Løkke Rasmussen II	20151	M76	-	-	Reference	English	Chairperson	MP	notMinister	EL	Enhedslisten	Opposition	Left to far-left	JuhlChristian	Juhl, Christian	M	1953	
ParlaMint-DK-en_2016-04-14-20151-M76	ParlaMint-DK_20160414133615	Hansard of the session of the Danish Parliament (Folketinget), 20151, M76 (2016-04-14), final version	2016-04-14	Unicameralism	Regeringen Lars Løkke Rasmussen II	20151	M76	-	-	Reference	English	Regular	MP	notMinister	KF	Det Konservative Folkeparti	-	Centre-right	JarlovRasmus	Jarlov, Rasmus	M	1977	
ParlaMint-DK-en_2016-04-14-20151-M76	ParlaMint-DK_20160414133854	Hansard of the session of the Danish Parliament (Folketinget), 20151, M76 (2016-04-14), final version	2016-04-14	Unicameralism	Regeringen Lars Løkke Rasmussen II	20151	M76	-	-	Reference	English	Chairperson	MP	notMinister	EL	Enhedslisten	Opposition	Left to far-left	JuhlChristian	Juhl, Christian	M	1953	
ParlaMint-DK-en_2016-04-14-20151-M76	ParlaMint-DK_20160414133912	Hansard of the session of the Danish Parliament (Folketinget), 20151, M76 (2016-04-14), final version	2016-04-14	Unicameralism	Regeringen Lars Løkke Rasmussen II	20151	M76	-	-	Reference	English	Regular	MP	notMinister	DF	Dansk Folkeparti	-	Right	ChristiansenKim	Christiansen, Kim	M	1956	
ParlaMint-DK-en_2016-04-14-20151-M76	ParlaMint-DK_20160414134351	Hansard of the session of the Danish Parliament (Folketinget), 20151, M76 (2016-04-14), final version	2016-04-14	Unicameralism	Regeringen Lars Løkke Rasmussen II	20151	M76	-	-	Reference	English	Chairperson	MP	notMinister	EL	Enhedslisten	Opposition	Left to far-left	JuhlChristian	Juhl, Christian	M	1953	
ParlaMint-DK-en_2016-04-14-20151-M76	ParlaMint-DK_20160414134419	Hansard of the session of the Danish Parliament (Folketinget), 20151, M76 (2016-04-14), final version	2016-04-14	Unicameralism	Regeringen Lars Løkke Rasmussen II	20151	M76	-	-	Reference	English	Regular	MP	notMinister	SF	Socialistisk Folkeparti	Opposition	Centre-left to left	HøngeKarsten	Hønge, Karsten	M	1958	
ParlaMint-DK-en_2016-04-14-20151-M76	ParlaMint-DK_20160414134445	Hansard of the session of the Danish Parliament (Folketinget), 20151, M76 (2016-04-14), final version	2016-04-14	Unicameralism	Regeringen Lars Løkke Rasmussen II	20151	M76	-	-	Reference	English	Chairperson	MP	notMinister	EL	Enhedslisten	Opposition	Left to far-left	JuhlChristian	Juhl, Christian	M	1953	
ParlaMint-DK-en_2016-04-14-20151-M76	ParlaMint-DK_20160414134446	Hansard of the session of the Danish Parliament (Folketinget), 20151, M76 (2016-04-14), final version	2016-04-14	Unicameralism	Regeringen Lars Løkke Rasmussen II	20151	M76	-	-	Reference	English	Regular	MP	notMinister	DF	Dansk Folkeparti	-	Right	ChristiansenKim	Christiansen, Kim	M	1956	
ParlaMint-DK-en_2016-04-14-20151-M76	ParlaMint-DK_20160414134541	Hansard of the session of the Danish Parliament (Folketinget), 20151, M76 (2016-04-14), final version	2016-04-14	Unicameralism	Regeringen Lars Løkke Rasmussen II	20151	M76	-	-	Reference	English	Chairperson	MP	notMinister	EL	Enhedslisten	Opposition	Left to far-left	JuhlChristian	Juhl, Christian	M	1953	
ParlaMint-DK-en_2016-04-14-20151-M76	ParlaMint-DK_20160414134543	Hansard of the session of the Danish Parliament (Folketinget), 20151, M76 (2016-04-14), final version	2016-04-14	Unicameralism	Regeringen Lars Løkke Rasmussen II	20151	M76	-	-	Reference	English	Regular	MP	notMinister	SF	Socialistisk Folkeparti	Opposition	Centre-left to left	HøngeKarsten	Hønge, Karsten	M	1958	
ParlaMint-DK-en_2016-04-14-20151-M76	ParlaMint-DK_20160414134627	Hansard of the session of the Danish Parliament (Folketinget), 20151, M76 (2016-04-14), final version	2016-04-14	Unicameralism	Regeringen Lars Løkke Rasmussen II	20151	M76	-	-	Reference	English	Chairperson	MP	notMinister	EL	Enhedslisten	Opposition	Left to far-left	JuhlChristian	Juhl, Christian	M	1953	
ParlaMint-DK-en_2016-04-14-20151-M76	ParlaMint-DK_20160414134628	Hansard of the session of the Danish Parliament (Folketinget), 20151, M76 (2016-04-14), final version	2016-04-14	Unicameralism	Regeringen Lars Løkke Rasmussen II	20151	M76	-	-	Reference	English	Regular	MP	notMinister	DF	Dansk Folkeparti	-	Right	ChristiansenKim	Christiansen, Kim	M	1956	
ParlaMint-DK-en_2016-04-14-20151-M76	ParlaMint-DK_20160414134714	Hansard of the session of the Danish Parliament (Folketinget), 20151, M76 (2016-04-14), final version	2016-04-14	Unicameralism	Regeringen Lars Løkke Rasmussen II	20151	M76	-	-	Reference	English	Chairperson	MP	notMinister	EL	Enhedslisten	Opposition	Left to far-left	JuhlChristian	Juhl, Christian	M	1953	
ParlaMint-DK-en_2016-04-14-20151-M76	ParlaMint-DK_20160414134720	Hansard of the session of the Danish Parliament (Folketinget), 20151, M76 (2016-04-14), final version	2016-04-14	Unicameralism	Regeringen Lars Løkke Rasmussen II	20151	M76	-	-	Reference	English	Regular	MP	notMinister	EL	Enhedslisten	Opposition	Left to far-left	HyllestedHenning	Hyllested, Henning	M	1954	
ParlaMint-DK-en_2016-04-14-20151-M76	ParlaMint-DK_20160414134834	Hansard of the session of the Danish Parliament (Folketinget), 20151, M76 (2016-04-14), final version	2016-04-14	Unicameralism	Regeringen Lars Løkke Rasmussen II	20151	M76	-	-	Reference	English	Chairperson	MP	notMinister	EL	Enhedslisten	Opposition	Left to far-left	JuhlChristian	Juhl, Christian	M	1953	
ParlaMint-DK-en_2016-04-14-20151-M76	ParlaMint-DK_20160414134836	Hansard of the session of the Danish Parliament (Folketinget), 20151, M76 (2016-04-14), final version	2016-04-14	Unicameralism	Regeringen Lars Løkke Rasmussen II	20151	M76	-	-	Reference	English	Regular	MP	notMinister	DF	Dansk Folkeparti	-	Right	ChristiansenKim	Christiansen, Kim	M	1956	
ParlaMint-DK-en_2016-04-14-20151-M76	ParlaMint-DK_20160414134948	Hansard of the session of the Danish Parliament (Folketinget), 20151, M76 (2016-04-14), final version	2016-04-14	Unicameralism	Regeringen Lars Løkke Rasmussen II	20151	M76	-	-	Reference	English	Chairperson	MP	notMinister	EL	Enhedslisten	Opposition	Left to far-left	JuhlChristian	Juhl, Christian	M	1953	
ParlaMint-DK-en_2016-04-14-20151-M76	ParlaMint-DK_20160414134949	Hansard of the session of the Danish Parliament (Folketinget), 20151, M76 (2016-04-14), final version	2016-04-14	Unicameralism	Regeringen Lars Løkke Rasmussen II	20151	M76	-	-	Reference	English	Regular	MP	notMinister	EL	Enhedslisten	Opposition	Left to far-left	HyllestedHenning	Hyllested, Henning	M	1954	
ParlaMint-DK-en_2016-04-14-20151-M76	ParlaMint-DK_20160414135025	Hansard of the session of the Danish Parliament (Folketinget), 20151, M76 (2016-04-14), final version	2016-04-14	Unicameralism	Regeringen Lars Løkke Rasmussen II	20151	M76	-	-	Reference	English	Chairperson	MP	notMinister	EL	Enhedslisten	Opposition	Left to far-left	JuhlChristian	Juhl, Christian	M	1953	
ParlaMint-DK-en_2016-04-14-20151-M76	ParlaMint-DK_20160414135026	Hansard of the session of the Danish Parliament (Folketinget), 20151, M76 (2016-04-14), final version	2016-04-14	Unicameralism	Regeringen Lars Løkke Rasmussen II	20151	M76	-	-	Reference	English	Regular	MP	notMinister	DF	Dansk Folkeparti	-	Right	ChristiansenKim	Christiansen, Kim	M	1956	
ParlaMint-DK-en_2016-04-14-20151-M76	ParlaMint-DK_20160414135110	Hansard of the session of the Danish Parliament (Folketinget), 20151, M76 (2016-04-14), final version	2016-04-14	Unicameralism	Regeringen Lars Løkke Rasmussen II	20151	M76	-	-	Reference	English	Chairperson	MP	notMinister	EL	Enhedslisten	Opposition	Left to far-left	JuhlChristian	Juhl, Christian	M	1953	
ParlaMint-DK-en_2016-04-14-20151-M76	ParlaMint-DK_20160414135120	Hansard of the session of the Danish Parliament (Folketinget), 20151, M76 (2016-04-14), final version	2016-04-14	Unicameralism	Regeringen Lars Løkke Rasmussen II	20151	M76	-	-	Reference	English	Regular	MP	Minister	V	Venstre	Coalition	Centre-right	SchmidtHansChristian	Schmidt, Hans Christian	M	1953	
ParlaMint-DK-en_2016-04-14-20151-M76	ParlaMint-DK_20160414135741	Hansard of the session of the Danish Parliament (Folketinget), 20151, M76 (2016-04-14), final version	2016-04-14	Unicameralism	Regeringen Lars Løkke Rasmussen II	20151	M76	-	-	Reference	English	Chairperson	MP	notMinister	EL	Enhedslisten	Opposition	Left to far-left	JuhlChristian	Juhl, Christian	M	1953	
ParlaMint-DK-en_2016-04-14-20151-M76	ParlaMint-DK_20160414135745	Hansard of the session of the Danish Parliament (Folketinget), 20151, M76 (2016-04-14), final version	2016-04-14	Unicameralism	Regeringen Lars Løkke Rasmussen II	20151	M76	-	-	Reference	English	Regular	MP	notMinister	KF	Det Konservative Folkeparti	-	Centre-right	JarlovRasmus	Jarlov, Rasmus	M	1977	
ParlaMint-DK-en_2016-04-14-20151-M76	ParlaMint-DK_20160414135819	Hansard of the session of the Danish Parliament (Folketinget), 20151, M76 (2016-04-14), final version	2016-04-14	Unicameralism	Regeringen Lars Løkke Rasmussen II	20151	M76	-	-	Reference	English	Chairperson	MP	notMinister	EL	Enhedslisten	Opposition	Left to far-left	JuhlChristian	Juhl, Christian	M	1953	
ParlaMint-DK-en_2016-04-14-20151-M76	ParlaMint-DK_20160414135820	Hansard of the session of the Danish Parliament (Folketinget), 20151, M76 (2016-04-14), final version	2016-04-14	Unicameralism	Regeringen Lars Løkke Rasmussen II	20151	M76	-	-	Reference	English	Regular	MP	Minister	V	Venstre	Coalition	Centre-right	SchmidtHansChristian	Schmidt, Hans Christian	M	1953	
ParlaMint-DK-en_2016-04-14-20151-M76	ParlaMint-DK_20160414135839	Hansard of the session of the Danish Parliament (Folketinget), 20151, M76 (2016-04-14), final version	2016-04-14	Unicameralism	Regeringen Lars Løkke Rasmussen II	20151	M76	-	-	Reference	English	Chairperson	MP	notMinister	EL	Enhedslisten	Opposition	Left to far-left	JuhlChristian	Juhl, Christian	M	1953	
ParlaMint-DK-en_2016-04-14-20151-M76	ParlaMint-DK_20160414135841	Hansard of the session of the Danish Parliament (Folketinget), 20151, M76 (2016-04-14), final version	2016-04-14	Unicameralism	Regeringen Lars Løkke Rasmussen II	20151	M76	-	-	Reference	English	Regular	MP	notMinister	EL	Enhedslisten	Opposition	Left to far-left	HyllestedHenning	Hyllested, Henning	M	1954	
ParlaMint-DK-en_2016-04-14-20151-M76	ParlaMint-DK_20160414140008	Hansard of the session of the Danish Parliament (Folketinget), 20151, M76 (2016-04-14), final version	2016-04-14	Unicameralism	Regeringen Lars Løkke Rasmussen II	20151	M76	-	-	Reference	English	Chairperson	MP	notMinister	EL	Enhedslisten	Opposition	Left to far-left	JuhlChristian	Juhl, Christian	M	1953	
ParlaMint-DK-en_2016-04-14-20151-M76	ParlaMint-DK_20160414140008-2	Hansard of the session of the Danish Parliament (Folketinget), 20151, M76 (2016-04-14), final version	2016-04-14	Unicameralism	Regeringen Lars Løkke Rasmussen II	20151	M76	-	-	Reference	English	Regular	MP	Minister	V	Venstre	Coalition	Centre-right	SchmidtHansChristian	Schmidt, Hans Christian	M	1953	
ParlaMint-DK-en_2016-04-14-20151-M76	ParlaMint-DK_20160414140119	Hansard of the session of the Danish Parliament (Folketinget), 20151, M76 (2016-04-14), final version	2016-04-14	Unicameralism	Regeringen Lars Løkke Rasmussen II	20151	M76	-	-	Reference	English	Chairperson	MP	notMinister	EL	Enhedslisten	Opposition	Left to far-left	JuhlChristian	Juhl, Christian	M	1953	
ParlaMint-DK-en_2016-04-14-20151-M76	ParlaMint-DK_20160414140120	Hansard of the session of the Danish Parliament (Folketinget), 20151, M76 (2016-04-14), final version	2016-04-14	Unicameralism	Regeringen Lars Løkke Rasmussen II	20151	M76	-	-	Reference	English	Regular	MP	notMinister	EL	Enhedslisten	Opposition	Left to far-left	HyllestedHenning	Hyllested, Henning	M	1954	
ParlaMint-DK-en_2016-04-14-20151-M76	ParlaMint-DK_20160414140214	Hansard of the session of the Danish Parliament (Folketinget), 20151, M76 (2016-04-14), final version	2016-04-14	Unicameralism	Regeringen Lars Løkke Rasmussen II	20151	M76	-	-	Reference	English	Chairperson	MP	notMinister	EL	Enhedslisten	Opposition	Left to far-left	JuhlChristian	Juhl, Christian	M	1953	
ParlaMint-DK-en_2016-04-14-20151-M76	ParlaMint-DK_20160414140216	Hansard of the session of the Danish Parliament (Folketinget), 20151, M76 (2016-04-14), final version	2016-04-14	Unicameralism	Regeringen Lars Løkke Rasmussen II	20151	M76	-	-	Reference	English	Regular	MP	Minister	V	Venstre	Coalition	Centre-right	SchmidtHansChristian	Schmidt, Hans Christian	M	1953	
ParlaMint-DK-en_2016-04-14-20151-M76	ParlaMint-DK_20160414140311	Hansard of the session of the Danish Parliament (Folketinget), 20151, M76 (2016-04-14), final version	2016-04-14	Unicameralism	Regeringen Lars Løkke Rasmussen II	20151	M76	-	-	Reference	English	Chairperson	MP	notMinister	EL	Enhedslisten	Opposition	Left to far-left	JuhlChristian	Juhl, Christian	M	1953	
ParlaMint-DK-en_2016-04-14-20151-M76	ParlaMint-DK_20160414140313	Hansard of the session of the Danish Parliament (Folketinget), 20151, M76 (2016-04-14), final version	2016-04-14	Unicameralism	Regeringen Lars Løkke Rasmussen II	20151	M76	-	-	Reference	English	Regular	MP	notMinister	ALT	Alternativet	Opposition	Centre to centre-left	AmstrupNikolaj	Amstrup, Nikolaj	M	1973	
ParlaMint-DK-en_2016-04-14-20151-M76	ParlaMint-DK_20160414140432	Hansard of the session of the Danish Parliament (Folketinget), 20151, M76 (2016-04-14), final version	2016-04-14	Unicameralism	Regeringen Lars Løkke Rasmussen II	20151	M76	-	-	Reference	English	Chairperson	MP	notMinister	EL	Enhedslisten	Opposition	Left to far-left	JuhlChristian	Juhl, Christian	M	1953	
ParlaMint-DK-en_2016-04-14-20151-M76	ParlaMint-DK_20160414140433	Hansard of the session of the Danish Parliament (Folketinget), 20151, M76 (2016-04-14), final version	2016-04-14	Unicameralism	Regeringen Lars Løkke Rasmussen II	20151	M76	-	-	Reference	English	Regular	MP	Minister	V	Venstre	Coalition	Centre-right	SchmidtHansChristian	Schmidt, Hans Christian	M	1953	
ParlaMint-DK-en_2016-04-14-20151-M76	ParlaMint-DK_20160414140436	Hansard of the session of the Danish Parliament (Folketinget), 20151, M76 (2016-04-14), final version	2016-04-14	Unicameralism	Regeringen Lars Løkke Rasmussen II	20151	M76	-	-	Reference	English	Chairperson	MP	notMinister	EL	Enhedslisten	Opposition	Left to far-left	JuhlChristian	Juhl, Christian	M	1953	
ParlaMint-DK-en_2016-04-14-20151-M76	ParlaMint-DK_20160414140438	Hansard of the session of the Danish Parliament (Folketinget), 20151, M76 (2016-04-14), final version	2016-04-14	Unicameralism	Regeringen Lars Løkke Rasmussen II	20151	M76	-	-	Reference	English	Regular	MP	notMinister	ALT	Alternativet	Opposition	Centre to centre-left	AmstrupNikolaj	Amstrup, Nikolaj	M	1973	
ParlaMint-DK-en_2016-04-14-20151-M76	ParlaMint-DK_20160414140442	Hansard of the session of the Danish Parliament (Folketinget), 20151, M76 (2016-04-14), final version	2016-04-14	Unicameralism	Regeringen Lars Løkke Rasmussen II	20151	M76	-	-	Reference	English	Chairperson	MP	notMinister	EL	Enhedslisten	Opposition	Left to far-left	JuhlChristian	Juhl, Christian	M	1953	
ParlaMint-DK-en_2016-04-14-20151-M76	ParlaMint-DK_20160414140511	Hansard of the session of the Danish Parliament (Folketinget), 20151, M76 (2016-04-14), final version	2016-04-14	Unicameralism	Regeringen Lars Løkke Rasmussen II	20151	M76	-	-	Reference	English	Chairperson	MP	notMinister	EL	Enhedslisten	Opposition	Left to far-left	JuhlChristian	Juhl, Christian	M	1953	
ParlaMint-DK-en_2016-04-14-20151-M76	ParlaMint-DK_20160414140536	Hansard of the session of the Danish Parliament (Folketinget), 20151, M76 (2016-04-14), final version	2016-04-14	Unicameralism	Regeringen Lars Løkke Rasmussen II	20151	M76	-	-	Reference	English	Regular	MP	notMinister	S	Socialdemokratiet	Opposition	Centre-left	JohansenJan	Johansen, Jan	M	1955	
ParlaMint-DK-en_2016-04-14-20151-M76	ParlaMint-DK_20160414140739	Hansard of the session of the Danish Parliament (Folketinget), 20151, M76 (2016-04-14), final version	2016-04-14	Unicameralism	Regeringen Lars Løkke Rasmussen II	20151	M76	-	-	Reference	English	Chairperson	MP	notMinister	EL	Enhedslisten	Opposition	Left to far-left	JuhlChristian	Juhl, Christian	M	1953	
ParlaMint-DK-en_2016-04-14-20151-M76	ParlaMint-DK_20160414140758	Hansard of the session of the Danish Parliament (Folketinget), 20151, M76 (2016-04-14), final version	2016-04-14	Unicameralism	Regeringen Lars Løkke Rasmussen II	20151	M76	-	-	Reference	English	Regular	MP	notMinister	DF	Dansk Folkeparti	-	Right	LarsenMereteDea	Larsen, Merete Dea	F	1978	
ParlaMint-DK-en_2016-04-14-20151-M76	ParlaMint-DK_20160414140919	Hansard of the session of the Danish Parliament (Folketinget), 20151, M76 (2016-04-14), final version	2016-04-14	Unicameralism	Regeringen Lars Løkke Rasmussen II	20151	M76	-	-	Reference	English	Chairperson	MP	notMinister	EL	Enhedslisten	Opposition	Left to far-left	JuhlChristian	Juhl, Christian	M	1953	
ParlaMint-DK-en_2016-04-14-20151-M76	ParlaMint-DK_20160414140944	Hansard of the session of the Danish Parliament (Folketinget), 20151, M76 (2016-04-14), final version	2016-04-14	Unicameralism	Regeringen Lars Løkke Rasmussen II	20151	M76	-	-	Reference	English	Regular	MP	notMinister	V	Venstre	Coalition	Centre-right	BagerBritt	Bager, Britt	F	1976	
ParlaMint-DK-en_2016-04-14-20151-M76	ParlaMint-DK_20160414141056	Hansard of the session of the Danish Parliament (Folketinget), 20151, M76 (2016-04-14), final version	2016-04-14	Unicameralism	Regeringen Lars Løkke Rasmussen II	20151	M76	-	-	Reference	English	Chairperson	MP	notMinister	EL	Enhedslisten	Opposition	Left to far-left	JuhlChristian	Juhl, Christian	M	1953	
ParlaMint-DK-en_2016-04-14-20151-M76	ParlaMint-DK_20160414141110	Hansard of the session of the Danish Parliament (Folketinget), 20151, M76 (2016-04-14), final version	2016-04-14	Unicameralism	Regeringen Lars Løkke Rasmussen II	20151	M76	-	-	Reference	English	Regular	MP	notMinister	EL	Enhedslisten	Opposition	Left to far-left	RasmussenSørenEgge	Rasmussen, Søren Egge	M	1961	
ParlaMint-DK-en_2016-04-14-20151-M76	ParlaMint-DK_20160414141456	Hansard of the session of the Danish Parliament (Folketinget), 20151, M76 (2016-04-14), final version	2016-04-14	Unicameralism	Regeringen Lars Løkke Rasmussen II	20151	M76	-	-	Reference	English	Chairperson	MP	notMinister	EL	Enhedslisten	Opposition	Left to far-left	JuhlChristian	Juhl, Christian	M	1953	
ParlaMint-DK-en_2016-04-14-20151-M76	ParlaMint-DK_20160414141508	Hansard of the session of the Danish Parliament (Folketinget), 20151, M76 (2016-04-14), final version	2016-04-14	Unicameralism	Regeringen Lars Løkke Rasmussen II	20151	M76	-	-	Reference	English	Regular	MP	notMinister	ALT	Alternativet	Opposition	Centre to centre-left	AmstrupNikolaj	Amstrup, Nikolaj	M	1973	
ParlaMint-DK-en_2016-04-14-20151-M76	ParlaMint-DK_20160414141716	Hansard of the session of the Danish Parliament (Folketinget), 20151, M76 (2016-04-14), final version	2016-04-14	Unicameralism	Regeringen Lars Løkke Rasmussen II	20151	M76	-	-	Reference	English	Chairperson	MP	notMinister	EL	Enhedslisten	Opposition	Left to far-left	JuhlChristian	Juhl, Christian	M	1953	
ParlaMint-DK-en_2016-04-14-20151-M76	ParlaMint-DK_20160414141727	Hansard of the session of the Danish Parliament (Folketinget), 20151, M76 (2016-04-14), final version	2016-04-14	Unicameralism	Regeringen Lars Løkke Rasmussen II	20151	M76	-	-	Reference	English	Regular	MP	notMinister	LA	Liberal Alliance	-	Centre-right to right	OlesenOleBirk	Olesen, Ole Birk	M	1972	
ParlaMint-DK-en_2016-04-14-20151-M76	ParlaMint-DK_20160414141745	Hansard of the session of the Danish Parliament (Folketinget), 20151, M76 (2016-04-14), final version	2016-04-14	Unicameralism	Regeringen Lars Løkke Rasmussen II	20151	M76	-	-	Reference	English	Chairperson	MP	notMinister	EL	Enhedslisten	Opposition	Left to far-left	JuhlChristian	Juhl, Christian	M	1953	
ParlaMint-DK-en_2016-04-14-20151-M76	ParlaMint-DK_20160414141756	Hansard of the session of the Danish Parliament (Folketinget), 20151, M76 (2016-04-14), final version	2016-04-14	Unicameralism	Regeringen Lars Løkke Rasmussen II	20151	M76	-	-	Reference	English	Regular	MP	notMinister	KF	Det Konservative Folkeparti	-	Centre-right	KhaderNaser	Khader, Naser	M	1963	
ParlaMint-DK-en_2016-04-14-20151-M76	ParlaMint-DK_20160414141812	Hansard of the session of the Danish Parliament (Folketinget), 20151, M76 (2016-04-14), final version	2016-04-14	Unicameralism	Regeringen Lars Løkke Rasmussen II	20151	M76	-	-	Reference	English	Chairperson	MP	notMinister	EL	Enhedslisten	Opposition	Left to far-left	JuhlChristian	Juhl, Christian	M	1953	
ParlaMint-DK-en_2016-04-14-20151-M76	ParlaMint-DK_20160414141825	Hansard of the session of the Danish Parliament (Folketinget), 20151, M76 (2016-04-14), final version	2016-04-14	Unicameralism	Regeringen Lars Løkke Rasmussen II	20151	M76	-	-	Reference	English	Regular	MP	Minister	V	Venstre	Coalition	Centre-right	StøjbergInger	Støjberg, Inger	F	1973	
ParlaMint-DK-en_2016-04-14-20151-M76	ParlaMint-DK_20160414142054	Hansard of the session of the Danish Parliament (Folketinget), 20151, M76 (2016-04-14), final version	2016-04-14	Unicameralism	Regeringen Lars Løkke Rasmussen II	20151	M76	-	-	Reference	English	Chairperson	MP	notMinister	EL	Enhedslisten	Opposition	Left to far-left	JuhlChristian	Juhl, Christian	M	1953	
ParlaMint-DK-en_2016-04-14-20151-M76	ParlaMint-DK_20160414142117	Hansard of the session of the Danish Parliament (Folketinget), 20151, M76 (2016-04-14), final version	2016-04-14	Unicameralism	Regeringen Lars Løkke Rasmussen II	20151	M76	-	-	Reference	English	Chairperson	MP	notMinister	EL	Enhedslisten	Opposition	Left to far-left	JuhlChristian	Juhl, Christian	M	1953	
ParlaMint-DK-en_2016-04-14-20151-M76	ParlaMint-DK_20160414142136	Hansard of the session of the Danish Parliament (Folketinget), 20151, M76 (2016-04-14), final version	2016-04-14	Unicameralism	Regeringen Lars Løkke Rasmussen II	20151	M76	-	-	Reference	English	Regular	MP	notMinister	S	Socialdemokratiet	Opposition	Centre-left	JohansenJan	Johansen, Jan	M	1955	
ParlaMint-DK-en_2016-04-14-20151-M76	ParlaMint-DK_20160414142325	Hansard of the session of the Danish Parliament (Folketinget), 20151, M76 (2016-04-14), final version	2016-04-14	Unicameralism	Regeringen Lars Løkke Rasmussen II	20151	M76	-	-	Reference	English	Chairperson	MP	notMinister	EL	Enhedslisten	Opposition	Left to far-left	JuhlChristian	Juhl, Christian	M	1953	
ParlaMint-DK-en_2016-04-14-20151-M76	ParlaMint-DK_20160414142329	Hansard of the session of the Danish Parliament (Folketinget), 20151, M76 (2016-04-14), final version	2016-04-14	Unicameralism	Regeringen Lars Løkke Rasmussen II	20151	M76	-	-	Reference	English	Regular	MP	notMinister	LA	Liberal Alliance	-	Centre-right to right	OlesenOleBirk	Olesen, Ole Birk	M	1972	
ParlaMint-DK-en_2016-04-14-20151-M76	ParlaMint-DK_20160414142343	Hansard of the session of the Danish Parliament (Folketinget), 20151, M76 (2016-04-14), final version	2016-04-14	Unicameralism	Regeringen Lars Løkke Rasmussen II	20151	M76	-	-	Reference	English	Regular	MP	notMinister	S	Socialdemokratiet	Opposition	Centre-left	JohansenJan	Johansen, Jan	M	1955	
ParlaMint-DK-en_2016-04-14-20151-M76	ParlaMint-DK_20160414142359	Hansard of the session of the Danish Parliament (Folketinget), 20151, M76 (2016-04-14), final version	2016-04-14	Unicameralism	Regeringen Lars Løkke Rasmussen II	20151	M76	-	-	Reference	English	Chairperson	MP	notMinister	EL	Enhedslisten	Opposition	Left to far-left	JuhlChristian	Juhl, Christian	M	1953	
ParlaMint-DK-en_2016-04-14-20151-M76	ParlaMint-DK_20160414142401	Hansard of the session of the Danish Parliament (Folketinget), 20151, M76 (2016-04-14), final version	2016-04-14	Unicameralism	Regeringen Lars Løkke Rasmussen II	20151	M76	-	-	Reference	English	Regular	MP	notMinister	LA	Liberal Alliance	-	Centre-right to right	OlesenOleBirk	Olesen, Ole Birk	M	1972	
ParlaMint-DK-en_2016-04-14-20151-M76	ParlaMint-DK_20160414142434	Hansard of the session of the Danish Parliament (Folketinget), 20151, M76 (2016-04-14), final version	2016-04-14	Unicameralism	Regeringen Lars Løkke Rasmussen II	20151	M76	-	-	Reference	English	Chairperson	MP	notMinister	EL	Enhedslisten	Opposition	Left to far-left	JuhlChristian	Juhl, Christian	M	1953	
ParlaMint-DK-en_2016-04-14-20151-M76	ParlaMint-DK_20160414142434-2	Hansard of the session of the Danish Parliament (Folketinget), 20151, M76 (2016-04-14), final version	2016-04-14	Unicameralism	Regeringen Lars Løkke Rasmussen II	20151	M76	-	-	Reference	English	Regular	MP	notMinister	S	Socialdemokratiet	Opposition	Centre-left	JohansenJan	Johansen, Jan	M	1955	
ParlaMint-DK-en_2016-04-14-20151-M76	ParlaMint-DK_20160414142521	Hansard of the session of the Danish Parliament (Folketinget), 20151, M76 (2016-04-14), final version	2016-04-14	Unicameralism	Regeringen Lars Løkke Rasmussen II	20151	M76	-	-	Reference	English	Chairperson	MP	notMinister	EL	Enhedslisten	Opposition	Left to far-left	JuhlChristian	Juhl, Christian	M	1953	
ParlaMint-DK-en_2016-04-14-20151-M76	ParlaMint-DK_20160414142531	Hansard of the session of the Danish Parliament (Folketinget), 20151, M76 (2016-04-14), final version	2016-04-14	Unicameralism	Regeringen Lars Løkke Rasmussen II	20151	M76	-	-	Reference	English	Regular	MP	notMinister	DF	Dansk Folkeparti	-	Right	LarsenMereteDea	Larsen, Merete Dea	F	1978	
ParlaMint-DK-en_2016-04-14-20151-M76	ParlaMint-DK_20160414142625	Hansard of the session of the Danish Parliament (Folketinget), 20151, M76 (2016-04-14), final version	2016-04-14	Unicameralism	Regeringen Lars Løkke Rasmussen II	20151	M76	-	-	Reference	English	Chairperson	MP	notMinister	EL	Enhedslisten	Opposition	Left to far-left	JuhlChristian	Juhl, Christian	M	1953	
ParlaMint-DK-en_2016-04-14-20151-M76	ParlaMint-DK_20160414142647	Hansard of the session of the Danish Parliament (Folketinget), 20151, M76 (2016-04-14), final version	2016-04-14	Unicameralism	Regeringen Lars Løkke Rasmussen II	20151	M76	-	-	Reference	English	Regular	MP	notMinister	LA	Liberal Alliance	-	Centre-right to right	OlesenOleBirk	Olesen, Ole Birk	M	1972	
ParlaMint-DK-en_2016-04-14-20151-M76	ParlaMint-DK_20160414142712	Hansard of the session of the Danish Parliament (Folketinget), 20151, M76 (2016-04-14), final version	2016-04-14	Unicameralism	Regeringen Lars Løkke Rasmussen II	20151	M76	-	-	Reference	English	Chairperson	MP	notMinister	EL	Enhedslisten	Opposition	Left to far-left	JuhlChristian	Juhl, Christian	M	1953	
ParlaMint-DK-en_2016-04-14-20151-M76	ParlaMint-DK_20160414142713	Hansard of the session of the Danish Parliament (Folketinget), 20151, M76 (2016-04-14), final version	2016-04-14	Unicameralism	Regeringen Lars Løkke Rasmussen II	20151	M76	-	-	Reference	English	Regular	MP	notMinister	DF	Dansk Folkeparti	-	Right	LarsenMereteDea	Larsen, Merete Dea	F	1978	
ParlaMint-DK-en_2016-04-14-20151-M76	ParlaMint-DK_20160414142722	Hansard of the session of the Danish Parliament (Folketinget), 20151, M76 (2016-04-14), final version	2016-04-14	Unicameralism	Regeringen Lars Løkke Rasmussen II	20151	M76	-	-	Reference	English	Chairperson	MP	notMinister	EL	Enhedslisten	Opposition	Left to far-left	JuhlChristian	Juhl, Christian	M	1953	
ParlaMint-DK-en_2016-04-14-20151-M76	ParlaMint-DK_20160414142724	Hansard of the session of the Danish Parliament (Folketinget), 20151, M76 (2016-04-14), final version	2016-04-14	Unicameralism	Regeringen Lars Løkke Rasmussen II	20151	M76	-	-	Reference	English	Regular	MP	notMinister	LA	Liberal Alliance	-	Centre-right to right	OlesenOleBirk	Olesen, Ole Birk	M	1972	
ParlaMint-DK-en_2016-04-14-20151-M76	ParlaMint-DK_20160414142730	Hansard of the session of the Danish Parliament (Folketinget), 20151, M76 (2016-04-14), final version	2016-04-14	Unicameralism	Regeringen Lars Løkke Rasmussen II	20151	M76	-	-	Reference	English	Chairperson	MP	notMinister	EL	Enhedslisten	Opposition	Left to far-left	JuhlChristian	Juhl, Christian	M	1953	
ParlaMint-DK-en_2016-04-14-20151-M76	ParlaMint-DK_20160414142733	Hansard of the session of the Danish Parliament (Folketinget), 20151, M76 (2016-04-14), final version	2016-04-14	Unicameralism	Regeringen Lars Løkke Rasmussen II	20151	M76	-	-	Reference	English	Regular	MP	notMinister	DF	Dansk Folkeparti	-	Right	LarsenMereteDea	Larsen, Merete Dea	F	1978	
ParlaMint-DK-en_2016-04-14-20151-M76	ParlaMint-DK_20160414142743	Hansard of the session of the Danish Parliament (Folketinget), 20151, M76 (2016-04-14), final version	2016-04-14	Unicameralism	Regeringen Lars Løkke Rasmussen II	20151	M76	-	-	Reference	English	Chairperson	MP	notMinister	EL	Enhedslisten	Opposition	Left to far-left	JuhlChristian	Juhl, Christian	M	1953	
ParlaMint-DK-en_2016-04-14-20151-M76	ParlaMint-DK_20160414142751	Hansard of the session of the Danish Parliament (Folketinget), 20151, M76 (2016-04-14), final version	2016-04-14	Unicameralism	Regeringen Lars Løkke Rasmussen II	20151	M76	-	-	Reference	English	Regular	MP	notMinister	V	Venstre	Coalition	Centre-right	BagerBritt	Bager, Britt	F	1976	
ParlaMint-DK-en_2016-04-14-20151-M76	ParlaMint-DK_20160414142939	Hansard of the session of the Danish Parliament (Folketinget), 20151, M76 (2016-04-14), final version	2016-04-14	Unicameralism	Regeringen Lars Løkke Rasmussen II	20151	M76	-	-	Reference	English	Chairperson	MP	notMinister	EL	Enhedslisten	Opposition	Left to far-left	JuhlChristian	Juhl, Christian	M	1953	
ParlaMint-DK-en_2016-04-14-20151-M76	ParlaMint-DK_20160414142942	Hansard of the session of the Danish Parliament (Folketinget), 20151, M76 (2016-04-14), final version	2016-04-14	Unicameralism	Regeringen Lars Løkke Rasmussen II	20151	M76	-	-	Reference	English	Regular	MP	notMinister	LA	Liberal Alliance	-	Centre-right to right	OlesenOleBirk	Olesen, Ole Birk	M	1972	
ParlaMint-DK-en_2016-04-14-20151-M76	ParlaMint-DK_20160414143000	Hansard of the session of the Danish Parliament (Folketinget), 20151, M76 (2016-04-14), final version	2016-04-14	Unicameralism	Regeringen Lars Løkke Rasmussen II	20151	M76	-	-	Reference	English	Chairperson	MP	notMinister	EL	Enhedslisten	Opposition	Left to far-left	JuhlChristian	Juhl, Christian	M	1953	
ParlaMint-DK-en_2016-04-14-20151-M76	ParlaMint-DK_20160414143001	Hansard of the session of the Danish Parliament (Folketinget), 20151, M76 (2016-04-14), final version	2016-04-14	Unicameralism	Regeringen Lars Løkke Rasmussen II	20151	M76	-	-	Reference	English	Regular	MP	notMinister	V	Venstre	Coalition	Centre-right	BagerBritt	Bager, Britt	F	1976	
ParlaMint-DK-en_2016-04-14-20151-M76	ParlaMint-DK_20160414143023	Hansard of the session of the Danish Parliament (Folketinget), 20151, M76 (2016-04-14), final version	2016-04-14	Unicameralism	Regeringen Lars Løkke Rasmussen II	20151	M76	-	-	Reference	English	Chairperson	MP	notMinister	EL	Enhedslisten	Opposition	Left to far-left	JuhlChristian	Juhl, Christian	M	1953	
ParlaMint-DK-en_2016-04-14-20151-M76	ParlaMint-DK_20160414143023-2	Hansard of the session of the Danish Parliament (Folketinget), 20151, M76 (2016-04-14), final version	2016-04-14	Unicameralism	Regeringen Lars Løkke Rasmussen II	20151	M76	-	-	Reference	English	Regular	MP	notMinister	LA	Liberal Alliance	-	Centre-right to right	OlesenOleBirk	Olesen, Ole Birk	M	1972	
ParlaMint-DK-en_2016-04-14-20151-M76	ParlaMint-DK_20160414143042	Hansard of the session of the Danish Parliament (Folketinget), 20151, M76 (2016-04-14), final version	2016-04-14	Unicameralism	Regeringen Lars Løkke Rasmussen II	20151	M76	-	-	Reference	English	Chairperson	MP	notMinister	EL	Enhedslisten	Opposition	Left to far-left	JuhlChristian	Juhl, Christian	M	1953	
ParlaMint-DK-en_2016-04-14-20151-M76	ParlaMint-DK_20160414143043	Hansard of the session of the Danish Parliament (Folketinget), 20151, M76 (2016-04-14), final version	2016-04-14	Unicameralism	Regeringen Lars Løkke Rasmussen II	20151	M76	-	-	Reference	English	Regular	MP	notMinister	V	Venstre	Coalition	Centre-right	BagerBritt	Bager, Britt	F	1976	
ParlaMint-DK-en_2016-04-14-20151-M76	ParlaMint-DK_20160414143113	Hansard of the session of the Danish Parliament (Folketinget), 20151, M76 (2016-04-14), final version	2016-04-14	Unicameralism	Regeringen Lars Løkke Rasmussen II	20151	M76	-	-	Reference	English	Chairperson	MP	notMinister	EL	Enhedslisten	Opposition	Left to far-left	JuhlChristian	Juhl, Christian	M	1953	
ParlaMint-DK-en_2016-04-14-20151-M76	ParlaMint-DK_20160414143125	Hansard of the session of the Danish Parliament (Folketinget), 20151, M76 (2016-04-14), final version	2016-04-14	Unicameralism	Regeringen Lars Løkke Rasmussen II	20151	M76	-	-	Reference	English	Regular	MP	notMinister	EL	Enhedslisten	Opposition	Left to far-left	RasmussenSørenEgge	Rasmussen, Søren Egge	M	1961	
ParlaMint-DK-en_2016-04-14-20151-M76	ParlaMint-DK_20160414143518	Hansard of the session of the Danish Parliament (Folketinget), 20151, M76 (2016-04-14), final version	2016-04-14	Unicameralism	Regeringen Lars Løkke Rasmussen II	20151	M76	-	-	Reference	English	Chairperson	MP	notMinister	EL	Enhedslisten	Opposition	Left to far-left	JuhlChristian	Juhl, Christian	M	1953	
ParlaMint-DK-en_2016-04-14-20151-M76	ParlaMint-DK_20160414143527	Hansard of the session of the Danish Parliament (Folketinget), 20151, M76 (2016-04-14), final version	2016-04-14	Unicameralism	Regeringen Lars Løkke Rasmussen II	20151	M76	-	-	Reference	English	Regular	MP	notMinister	LA	Liberal Alliance	-	Centre-right to right	OlesenOleBirk	Olesen, Ole Birk	M	1972	
ParlaMint-DK-en_2016-04-14-20151-M76	ParlaMint-DK_20160414143853	Hansard of the session of the Danish Parliament (Folketinget), 20151, M76 (2016-04-14), final version	2016-04-14	Unicameralism	Regeringen Lars Løkke Rasmussen II	20151	M76	-	-	Reference	English	Chairperson	MP	notMinister	EL	Enhedslisten	Opposition	Left to far-left	JuhlChristian	Juhl, Christian	M	1953	
ParlaMint-DK-en_2016-04-14-20151-M76	ParlaMint-DK_20160414143911	Hansard of the session of the Danish Parliament (Folketinget), 20151, M76 (2016-04-14), final version	2016-04-14	Unicameralism	Regeringen Lars Løkke Rasmussen II	20151	M76	-	-	Reference	English	Regular	MP	notMinister	ALT	Alternativet	Opposition	Centre to centre-left	AmstrupNikolaj	Amstrup, Nikolaj	M	1973	
ParlaMint-DK-en_2016-04-14-20151-M76	ParlaMint-DK_20160414144147	Hansard of the session of the Danish Parliament (Folketinget), 20151, M76 (2016-04-14), final version	2016-04-14	Unicameralism	Regeringen Lars Løkke Rasmussen II	20151	M76	-	-	Reference	English	Chairperson	MP	notMinister	EL	Enhedslisten	Opposition	Left to far-left	JuhlChristian	Juhl, Christian	M	1953	
ParlaMint-DK-en_2016-04-14-20151-M76	ParlaMint-DK_20160414144207	Hansard of the session of the Danish Parliament (Folketinget), 20151, M76 (2016-04-14), final version	2016-04-14	Unicameralism	Regeringen Lars Løkke Rasmussen II	20151	M76	-	-	Reference	English	Regular	MP	Minister	V	Venstre	Coalition	Centre-right	StøjbergInger	Støjberg, Inger	F	1973	
ParlaMint-DK-en_2016-04-14-20151-M76	ParlaMint-DK_20160414144536	Hansard of the session of the Danish Parliament (Folketinget), 20151, M76 (2016-04-14), final version	2016-04-14	Unicameralism	Regeringen Lars Løkke Rasmussen II	20151	M76	-	-	Reference	English	Chairperson	MP	notMinister	EL	Enhedslisten	Opposition	Left to far-left	JuhlChristian	Juhl, Christian	M	1953	
ParlaMint-DK-en_2016-04-14-20151-M76	ParlaMint-DK_20160414144540	Hansard of the session of the Danish Parliament (Folketinget), 20151, M76 (2016-04-14), final version	2016-04-14	Unicameralism	Regeringen Lars Løkke Rasmussen II	20151	M76	-	-	Reference	English	Regular	MP	notMinister	LA	Liberal Alliance	-	Centre-right to right	OlesenOleBirk	Olesen, Ole Birk	M	1972	
ParlaMint-DK-en_2016-04-14-20151-M76	ParlaMint-DK_20160414144620	Hansard of the session of the Danish Parliament (Folketinget), 20151, M76 (2016-04-14), final version	2016-04-14	Unicameralism	Regeringen Lars Løkke Rasmussen II	20151	M76	-	-	Reference	English	Chairperson	MP	notMinister	EL	Enhedslisten	Opposition	Left to far-left	JuhlChristian	Juhl, Christian	M	1953	
ParlaMint-DK-en_2016-04-14-20151-M76	ParlaMint-DK_20160414144621	Hansard of the session of the Danish Parliament (Folketinget), 20151, M76 (2016-04-14), final version	2016-04-14	Unicameralism	Regeringen Lars Løkke Rasmussen II	20151	M76	-	-	Reference	English	Regular	MP	Minister	V	Venstre	Coalition	Centre-right	StøjbergInger	Støjberg, Inger	F	1973	
ParlaMint-DK-en_2016-04-14-20151-M76	ParlaMint-DK_20160414144736	Hansard of the session of the Danish Parliament (Folketinget), 20151, M76 (2016-04-14), final version	2016-04-14	Unicameralism	Regeringen Lars Løkke Rasmussen II	20151	M76	-	-	Reference	English	Chairperson	MP	notMinister	EL	Enhedslisten	Opposition	Left to far-left	JuhlChristian	Juhl, Christian	M	1953	
ParlaMint-DK-en_2016-04-14-20151-M76	ParlaMint-DK_20160414144737	Hansard of the session of the Danish Parliament (Folketinget), 20151, M76 (2016-04-14), final version	2016-04-14	Unicameralism	Regeringen Lars Løkke Rasmussen II	20151	M76	-	-	Reference	English	Regular	MP	notMinister	LA	Liberal Alliance	-	Centre-right to right	OlesenOleBirk	Olesen, Ole Birk	M	1972	
ParlaMint-DK-en_2016-04-14-20151-M76	ParlaMint-DK_20160414144826	Hansard of the session of the Danish Parliament (Folketinget), 20151, M76 (2016-04-14), final version	2016-04-14	Unicameralism	Regeringen Lars Løkke Rasmussen II	20151	M76	-	-	Reference	English	Chairperson	MP	notMinister	EL	Enhedslisten	Opposition	Left to far-left	JuhlChristian	Juhl, Christian	M	1953	
ParlaMint-DK-en_2016-04-14-20151-M76	ParlaMint-DK_20160414144827	Hansard of the session of the Danish Parliament (Folketinget), 20151, M76 (2016-04-14), final version	2016-04-14	Unicameralism	Regeringen Lars Løkke Rasmussen II	20151	M76	-	-	Reference	English	Regular	MP	Minister	V	Venstre	Coalition	Centre-right	StøjbergInger	Støjberg, Inger	F	1973	
ParlaMint-DK-en_2016-04-14-20151-M76	ParlaMint-DK_20160414144920	Hansard of the session of the Danish Parliament (Folketinget), 20151, M76 (2016-04-14), final version	2016-04-14	Unicameralism	Regeringen Lars Løkke Rasmussen II	20151	M76	-	-	Reference	English	Chairperson	MP	notMinister	EL	Enhedslisten	Opposition	Left to far-left	JuhlChristian	Juhl, Christian	M	1953	
ParlaMint-DK-en_2016-04-14-20151-M76	ParlaMint-DK_20160414144924	Hansard of the session of the Danish Parliament (Folketinget), 20151, M76 (2016-04-14), final version	2016-04-14	Unicameralism	Regeringen Lars Løkke Rasmussen II	20151	M76	-	-	Reference	English	Regular	MP	notMinister	EL	Enhedslisten	Opposition	Left to far-left	RasmussenSørenEgge	Rasmussen, Søren Egge	M	1961	
ParlaMint-DK-en_2016-04-14-20151-M76	ParlaMint-DK_20160414145027	Hansard of the session of the Danish Parliament (Folketinget), 20151, M76 (2016-04-14), final version	2016-04-14	Unicameralism	Regeringen Lars Løkke Rasmussen II	20151	M76	-	-	Reference	English	Chairperson	MP	notMinister	EL	Enhedslisten	Opposition	Left to far-left	JuhlChristian	Juhl, Christian	M	1953	
ParlaMint-DK-en_2016-04-14-20151-M76	ParlaMint-DK_20160414145028	Hansard of the session of the Danish Parliament (Folketinget), 20151, M76 (2016-04-14), final version	2016-04-14	Unicameralism	Regeringen Lars Løkke Rasmussen II	20151	M76	-	-	Reference	English	Regular	MP	Minister	V	Venstre	Coalition	Centre-right	StøjbergInger	Støjberg, Inger	F	1973	
ParlaMint-DK-en_2016-04-14-20151-M76	ParlaMint-DK_20160414145042	Hansard of the session of the Danish Parliament (Folketinget), 20151, M76 (2016-04-14), final version	2016-04-14	Unicameralism	Regeringen Lars Løkke Rasmussen II	20151	M76	-	-	Reference	English	Chairperson	MP	notMinister	EL	Enhedslisten	Opposition	Left to far-left	JuhlChristian	Juhl, Christian	M	1953	
ParlaMint-DK-en_2016-04-14-20151-M76	ParlaMint-DK_20160414145044	Hansard of the session of the Danish Parliament (Folketinget), 20151, M76 (2016-04-14), final version	2016-04-14	Unicameralism	Regeringen Lars Løkke Rasmussen II	20151	M76	-	-	Reference	English	Regular	MP	notMinister	EL	Enhedslisten	Opposition	Left to far-left	RasmussenSørenEgge	Rasmussen, Søren Egge	M	1961	
ParlaMint-DK-en_2016-04-14-20151-M76	ParlaMint-DK_20160414145119	Hansard of the session of the Danish Parliament (Folketinget), 20151, M76 (2016-04-14), final version	2016-04-14	Unicameralism	Regeringen Lars Løkke Rasmussen II	20151	M76	-	-	Reference	English	Chairperson	MP	notMinister	EL	Enhedslisten	Opposition	Left to far-left	JuhlChristian	Juhl, Christian	M	1953	
ParlaMint-DK-en_2016-04-14-20151-M76	ParlaMint-DK_20160414145120	Hansard of the session of the Danish Parliament (Folketinget), 20151, M76 (2016-04-14), final version	2016-04-14	Unicameralism	Regeringen Lars Løkke Rasmussen II	20151	M76	-	-	Reference	English	Regular	MP	Minister	V	Venstre	Coalition	Centre-right	StøjbergInger	Støjberg, Inger	F	1973	
ParlaMint-DK-en_2016-04-14-20151-M76	ParlaMint-DK_20160414145159	Hansard of the session of the Danish Parliament (Folketinget), 20151, M76 (2016-04-14), final version	2016-04-14	Unicameralism	Regeringen Lars Løkke Rasmussen II	20151	M76	-	-	Reference	English	Chairperson	MP	notMinister	EL	Enhedslisten	Opposition	Left to far-left	JuhlChristian	Juhl, Christian	M	1953	
ParlaMint-DK-en_2016-04-14-20151-M76	ParlaMint-DK_20160414145222	Hansard of the session of the Danish Parliament (Folketinget), 20151, M76 (2016-04-14), final version	2016-04-14	Unicameralism	Regeringen Lars Løkke Rasmussen II	20151	M76	-	-	Reference	English	Chairperson	MP	notMinister	EL	Enhedslisten	Opposition	Left to far-left	JuhlChristian	Juhl, Christian	M	1953	
