Text_ID	ID	Title	Date	Body	Term	Session	Meeting	Sitting	Agenda	Subcorpus	Lang	Speaker_role	Speaker_MP	Speaker_minister	Speaker_party	Speaker_party_name	Party_status	Party_orientation	Speaker_ID	Speaker_name	Speaker_gender	Speaker_birth
ParlaMint-HR-en_2008-02-27-0	ParlaMint-HR_2008-02-27-0.u1230	Minutes of the National Assembly of the Republic of Croatia, Term 6, Session 3	2008-02-27	Unicameralism	6. mandat	-	Zasedanje 3	2008-03-28	-	Reference	English	Regular	MP	notMinister	nezavisni	nezavisni	-	-	SanaderIvo	Sanader, Ivo	M	1953	
ParlaMint-HR-en_2008-02-27-0	ParlaMint-HR_2008-02-27-0.u1231	Minutes of the National Assembly of the Republic of Croatia, Term 6, Session 3	2008-02-27	Unicameralism	6. mandat	-	Zasedanje 3	2008-03-28	-	Reference	English	Chairperson	MP	notMinister	HDZ	Hrvatska demokratska zajednica	Opposition	Centre-right	BebićLuka	Bebić, Luka	M	1937	
ParlaMint-HR-en_2008-02-27-0	ParlaMint-HR_2008-02-27-0.u1232	Minutes of the National Assembly of the Republic of Croatia, Term 6, Session 3	2008-02-27	Unicameralism	6. mandat	-	Zasedanje 3	2008-03-28	-	Reference	English	Regular	MP	notMinister	HDZ	Hrvatska demokratska zajednica	Opposition	Centre-right	ŠukerIvan	Šuker, Ivan	M	1957	
ParlaMint-HR-en_2008-02-27-0	ParlaMint-HR_2008-02-27-0.u1233	Minutes of the National Assembly of the Republic of Croatia, Term 6, Session 3	2008-02-27	Unicameralism	6. mandat	-	Zasedanje 3	2008-03-28	-	Reference	English	Chairperson	MP	notMinister	HDZ	Hrvatska demokratska zajednica	Opposition	Centre-right	BebićLuka	Bebić, Luka	M	1937	
ParlaMint-HR-en_2008-02-27-0	ParlaMint-HR_2008-02-27-0.u1234	Minutes of the National Assembly of the Republic of Croatia, Term 6, Session 3	2008-02-27	Unicameralism	6. mandat	-	Zasedanje 3	2008-03-28	-	Reference	English	Regular	MP	notMinister	HDZ	Hrvatska demokratska zajednica	Opposition	Centre-right	ŠukerIvan	Šuker, Ivan	M	1957	
ParlaMint-HR-en_2008-02-27-0	ParlaMint-HR_2008-02-27-0.u1235	Minutes of the National Assembly of the Republic of Croatia, Term 6, Session 3	2008-02-27	Unicameralism	6. mandat	-	Zasedanje 3	2008-03-28	-	Reference	English	Chairperson	MP	notMinister	HDZ	Hrvatska demokratska zajednica	Opposition	Centre-right	BebićLuka	Bebić, Luka	M	1937	
ParlaMint-HR-en_2008-02-27-0	ParlaMint-HR_2008-02-27-0.u1236	Minutes of the National Assembly of the Republic of Croatia, Term 6, Session 3	2008-02-27	Unicameralism	6. mandat	-	Zasedanje 3	2008-03-28	-	Reference	English	Regular	MP	notMinister	HDZ	Hrvatska demokratska zajednica	Opposition	Centre-right	HebrangAndrija	Hebrang, Andrija	F	1946	
ParlaMint-HR-en_2008-02-27-0	ParlaMint-HR_2008-02-27-0.u1237	Minutes of the National Assembly of the Republic of Croatia, Term 6, Session 3	2008-02-27	Unicameralism	6. mandat	-	Zasedanje 3	2008-03-28	-	Reference	English	Chairperson	MP	notMinister	HDZ	Hrvatska demokratska zajednica	Opposition	Centre-right	BebićLuka	Bebić, Luka	M	1937	
ParlaMint-HR-en_2008-02-27-0	ParlaMint-HR_2008-02-27-0.u1238	Minutes of the National Assembly of the Republic of Croatia, Term 6, Session 3	2008-02-27	Unicameralism	6. mandat	-	Zasedanje 3	2008-03-28	-	Reference	English	Regular	MP	notMinister	HDZ	Hrvatska demokratska zajednica	Opposition	Centre-right	MarićGoran	Marić, Goran	M	1959	
ParlaMint-HR-en_2008-02-27-0	ParlaMint-HR_2008-02-27-0.u1239	Minutes of the National Assembly of the Republic of Croatia, Term 6, Session 3	2008-02-27	Unicameralism	6. mandat	-	Zasedanje 3	2008-03-28	-	Reference	English	Chairperson	MP	notMinister	HDZ	Hrvatska demokratska zajednica	Opposition	Centre-right	BebićLuka	Bebić, Luka	M	1937	
ParlaMint-HR-en_2008-02-27-0	ParlaMint-HR_2008-02-27-0.u1240	Minutes of the National Assembly of the Republic of Croatia, Term 6, Session 3	2008-02-27	Unicameralism	6. mandat	-	Zasedanje 3	2008-03-28	-	Reference	English	Regular	MP	notMinister	HNS	Hrvatska narodna stranka	Coalition	Centre to centre-left	KoračevićZlatko	Koračević, Zlatko	M	1955	
ParlaMint-HR-en_2008-02-27-0	ParlaMint-HR_2008-02-27-0.u1241	Minutes of the National Assembly of the Republic of Croatia, Term 6, Session 3	2008-02-27	Unicameralism	6. mandat	-	Zasedanje 3	2008-03-28	-	Reference	English	Chairperson	MP	notMinister	HDZ	Hrvatska demokratska zajednica	Opposition	Centre-right	BebićLuka	Bebić, Luka	M	1937	
ParlaMint-HR-en_2008-02-27-0	ParlaMint-HR_2008-02-27-0.u1242	Minutes of the National Assembly of the Republic of Croatia, Term 6, Session 3	2008-02-27	Unicameralism	6. mandat	-	Zasedanje 3	2008-03-28	-	Reference	English	Regular	MP	notMinister	HDZ	Hrvatska demokratska zajednica	Opposition	Centre-right	GrbićIvo	Grbić, Ivo	M	1949	
ParlaMint-HR-en_2008-02-27-0	ParlaMint-HR_2008-02-27-0.u1243	Minutes of the National Assembly of the Republic of Croatia, Term 6, Session 3	2008-02-27	Unicameralism	6. mandat	-	Zasedanje 3	2008-03-28	-	Reference	English	Chairperson	MP	notMinister	HDZ	Hrvatska demokratska zajednica	Opposition	Centre-right	BebićLuka	Bebić, Luka	M	1937	
ParlaMint-HR-en_2008-02-27-0	ParlaMint-HR_2008-02-27-0.u1244	Minutes of the National Assembly of the Republic of Croatia, Term 6, Session 3	2008-02-27	Unicameralism	6. mandat	-	Zasedanje 3	2008-03-28	-	Reference	English	Regular	MP	notMinister	IDS	Istarski demokratski sabor	Opposition	Centre to centre-left	BrkarićMarin	Brkarić, Marin	M	1955	
ParlaMint-HR-en_2008-02-27-0	ParlaMint-HR_2008-02-27-0.u1245	Minutes of the National Assembly of the Republic of Croatia, Term 6, Session 3	2008-02-27	Unicameralism	6. mandat	-	Zasedanje 3	2008-03-28	-	Reference	English	Chairperson	MP	notMinister	HDZ	Hrvatska demokratska zajednica	Opposition	Centre-right	BebićLuka	Bebić, Luka	M	1937	
ParlaMint-HR-en_2008-02-27-0	ParlaMint-HR_2008-02-27-0.u1246	Minutes of the National Assembly of the Republic of Croatia, Term 6, Session 3	2008-02-27	Unicameralism	6. mandat	-	Zasedanje 3	2008-03-28	-	Reference	English	Regular	MP	notMinister	SDP	Socijaldemokratska partija Hrvatske	Opposition	Centre-left	LučinŠime	Lučin, Šime	M	1958	
ParlaMint-HR-en_2008-02-27-0	ParlaMint-HR_2008-02-27-0.u1247	Minutes of the National Assembly of the Republic of Croatia, Term 6, Session 3	2008-02-27	Unicameralism	6. mandat	-	Zasedanje 3	2008-03-28	-	Reference	English	Chairperson	MP	notMinister	HDZ	Hrvatska demokratska zajednica	Opposition	Centre-right	BebićLuka	Bebić, Luka	M	1937	
ParlaMint-HR-en_2008-02-27-0	ParlaMint-HR_2008-02-27-0.u1248	Minutes of the National Assembly of the Republic of Croatia, Term 6, Session 3	2008-02-27	Unicameralism	6. mandat	-	Zasedanje 3	2008-03-28	-	Reference	English	Regular	MP	notMinister	HNS	Hrvatska narodna stranka	Coalition	Centre to centre-left	BeusRichemberghGoran	Beus Richembergh, Goran	M	1965	
ParlaMint-HR-en_2008-02-27-0	ParlaMint-HR_2008-02-27-0.u1249	Minutes of the National Assembly of the Republic of Croatia, Term 6, Session 3	2008-02-27	Unicameralism	6. mandat	-	Zasedanje 3	2008-03-28	-	Reference	English	Chairperson	MP	notMinister	HDZ	Hrvatska demokratska zajednica	Opposition	Centre-right	ŠeksVladimir	Šeks, Vladimir	M	1943	
ParlaMint-HR-en_2008-02-27-0	ParlaMint-HR_2008-02-27-0.u1250	Minutes of the National Assembly of the Republic of Croatia, Term 6, Session 3	2008-02-27	Unicameralism	6. mandat	-	Zasedanje 3	2008-03-28	-	Reference	English	Regular	MP	notMinister	HDZ	Hrvatska demokratska zajednica	Opposition	Centre-right	ŠuicaDubravka	Šuica, Dubravka	F	1957	
ParlaMint-HR-en_2008-02-27-0	ParlaMint-HR_2008-02-27-0.u1251	Minutes of the National Assembly of the Republic of Croatia, Term 6, Session 3	2008-02-27	Unicameralism	6. mandat	-	Zasedanje 3	2008-03-28	-	Reference	English	Chairperson	MP	notMinister	HDZ	Hrvatska demokratska zajednica	Opposition	Centre-right	ŠeksVladimir	Šeks, Vladimir	M	1943	
ParlaMint-HR-en_2008-02-27-0	ParlaMint-HR_2008-02-27-0.u1252	Minutes of the National Assembly of the Republic of Croatia, Term 6, Session 3	2008-02-27	Unicameralism	6. mandat	-	Zasedanje 3	2008-03-28	-	Reference	English	Regular	MP	notMinister	HDZ	Hrvatska demokratska zajednica	Opposition	Centre-right	HebrangAndrija	Hebrang, Andrija	F	1946	
ParlaMint-HR-en_2008-02-27-0	ParlaMint-HR_2008-02-27-0.u1253	Minutes of the National Assembly of the Republic of Croatia, Term 6, Session 3	2008-02-27	Unicameralism	6. mandat	-	Zasedanje 3	2008-03-28	-	Reference	English	Chairperson	MP	notMinister	HDZ	Hrvatska demokratska zajednica	Opposition	Centre-right	ŠeksVladimir	Šeks, Vladimir	M	1943	
ParlaMint-HR-en_2008-02-27-0	ParlaMint-HR_2008-02-27-0.u1254	Minutes of the National Assembly of the Republic of Croatia, Term 6, Session 3	2008-02-27	Unicameralism	6. mandat	-	Zasedanje 3	2008-03-28	-	Reference	English	Regular	MP	notMinister	HDZ	Hrvatska demokratska zajednica	Opposition	Centre-right	MatušićFrano	Matušić, Frano	M	1961	
ParlaMint-HR-en_2008-02-27-0	ParlaMint-HR_2008-02-27-0.u1255	Minutes of the National Assembly of the Republic of Croatia, Term 6, Session 3	2008-02-27	Unicameralism	6. mandat	-	Zasedanje 3	2008-03-28	-	Reference	English	Chairperson	MP	notMinister	HDZ	Hrvatska demokratska zajednica	Opposition	Centre-right	ŠeksVladimir	Šeks, Vladimir	M	1943	
ParlaMint-HR-en_2008-02-27-0	ParlaMint-HR_2008-02-27-0.u1256	Minutes of the National Assembly of the Republic of Croatia, Term 6, Session 3	2008-02-27	Unicameralism	6. mandat	-	Zasedanje 3	2008-03-28	-	Reference	English	Regular	MP	notMinister	HDZ	Hrvatska demokratska zajednica	Opposition	Centre-right	MarkovinovićKrunoslav	Markovinović, Krunoslav	M	1945	
ParlaMint-HR-en_2008-02-27-0	ParlaMint-HR_2008-02-27-0.u1257	Minutes of the National Assembly of the Republic of Croatia, Term 6, Session 3	2008-02-27	Unicameralism	6. mandat	-	Zasedanje 3	2008-03-28	-	Reference	English	Chairperson	MP	notMinister	HDZ	Hrvatska demokratska zajednica	Opposition	Centre-right	ŠeksVladimir	Šeks, Vladimir	M	1943	
ParlaMint-HR-en_2008-02-27-0	ParlaMint-HR_2008-02-27-0.u1258	Minutes of the National Assembly of the Republic of Croatia, Term 6, Session 3	2008-02-27	Unicameralism	6. mandat	-	Zasedanje 3	2008-03-28	-	Reference	English	Regular	MP	notMinister	HDZ	Hrvatska demokratska zajednica	Opposition	Centre-right	ŠukerIvan	Šuker, Ivan	M	1957	
ParlaMint-HR-en_2008-02-27-0	ParlaMint-HR_2008-02-27-0.u1259	Minutes of the National Assembly of the Republic of Croatia, Term 6, Session 3	2008-02-27	Unicameralism	6. mandat	-	Zasedanje 3	2008-03-28	-	Reference	English	Chairperson	MP	notMinister	HDZ	Hrvatska demokratska zajednica	Opposition	Centre-right	ŠeksVladimir	Šeks, Vladimir	M	1943	
ParlaMint-HR-en_2008-02-27-0	ParlaMint-HR_2008-02-27-0.u1260	Minutes of the National Assembly of the Republic of Croatia, Term 6, Session 3	2008-02-27	Unicameralism	6. mandat	-	Zasedanje 3	2008-03-28	-	Reference	English	Regular	MP	notMinister	HNS	Hrvatska narodna stranka	Coalition	Centre to centre-left	BeusRichemberghGoran	Beus Richembergh, Goran	M	1965	
ParlaMint-HR-en_2008-02-27-0	ParlaMint-HR_2008-02-27-0.u1261	Minutes of the National Assembly of the Republic of Croatia, Term 6, Session 3	2008-02-27	Unicameralism	6. mandat	-	Zasedanje 3	2008-03-28	-	Reference	English	Chairperson	MP	notMinister	HDZ	Hrvatska demokratska zajednica	Opposition	Centre-right	ŠeksVladimir	Šeks, Vladimir	M	1943	
ParlaMint-HR-en_2008-02-27-0	ParlaMint-HR_2008-02-27-0.u1262	Minutes of the National Assembly of the Republic of Croatia, Term 6, Session 3	2008-02-27	Unicameralism	6. mandat	-	Zasedanje 3	2008-03-28	-	Reference	English	Regular	MP	notMinister	SDP	Socijaldemokratska partija Hrvatske	Opposition	Centre-left	MršićZvonimir	Mršić, Zvonimir	M	1966	
ParlaMint-HR-en_2008-02-27-0	ParlaMint-HR_2008-02-27-0.u1263	Minutes of the National Assembly of the Republic of Croatia, Term 6, Session 3	2008-02-27	Unicameralism	6. mandat	-	Zasedanje 3	2008-03-28	-	Reference	English	Chairperson	MP	notMinister	HDZ	Hrvatska demokratska zajednica	Opposition	Centre-right	ŠeksVladimir	Šeks, Vladimir	M	1943	
ParlaMint-HR-en_2008-02-27-0	ParlaMint-HR_2008-02-27-0.u1264	Minutes of the National Assembly of the Republic of Croatia, Term 6, Session 3	2008-02-27	Unicameralism	6. mandat	-	Zasedanje 3	2008-03-28	-	Reference	English	Regular	MP	notMinister	SDP	Socijaldemokratska partija Hrvatske	Opposition	Centre-left	StazićNenad	Stazić, Nenad	M	1957	
ParlaMint-HR-en_2008-02-27-0	ParlaMint-HR_2008-02-27-0.u1265	Minutes of the National Assembly of the Republic of Croatia, Term 6, Session 3	2008-02-27	Unicameralism	6. mandat	-	Zasedanje 3	2008-03-28	-	Reference	English	Chairperson	MP	notMinister	HDZ	Hrvatska demokratska zajednica	Opposition	Centre-right	ŠeksVladimir	Šeks, Vladimir	M	1943	
ParlaMint-HR-en_2008-02-27-0	ParlaMint-HR_2008-02-27-0.u1266	Minutes of the National Assembly of the Republic of Croatia, Term 6, Session 3	2008-02-27	Unicameralism	6. mandat	-	Zasedanje 3	2008-03-28	-	Reference	English	Regular	MP	notMinister	SDP	Socijaldemokratska partija Hrvatske	Opposition	Centre-left	AntičevićMarinovićIngrid	Antičević Marinović, Ingrid	F	1957	
ParlaMint-HR-en_2008-02-27-0	ParlaMint-HR_2008-02-27-0.u1267	Minutes of the National Assembly of the Republic of Croatia, Term 6, Session 3	2008-02-27	Unicameralism	6. mandat	-	Zasedanje 3	2008-03-28	-	Reference	English	Chairperson	MP	notMinister	HDZ	Hrvatska demokratska zajednica	Opposition	Centre-right	ŠeksVladimir	Šeks, Vladimir	M	1943	
ParlaMint-HR-en_2008-02-27-0	ParlaMint-HR_2008-02-27-0.u1268	Minutes of the National Assembly of the Republic of Croatia, Term 6, Session 3	2008-02-27	Unicameralism	6. mandat	-	Zasedanje 3	2008-03-28	-	Reference	English	Regular	MP	notMinister	SDP	Socijaldemokratska partija Hrvatske	Opposition	Centre-left	FlegoGvozdenSrećko	Flego, Gvozden Srećko	M	1946	
ParlaMint-HR-en_2008-02-27-0	ParlaMint-HR_2008-02-27-0.u1269	Minutes of the National Assembly of the Republic of Croatia, Term 6, Session 3	2008-02-27	Unicameralism	6. mandat	-	Zasedanje 3	2008-03-28	-	Reference	English	Chairperson	MP	notMinister	HDZ	Hrvatska demokratska zajednica	Opposition	Centre-right	ŠeksVladimir	Šeks, Vladimir	M	1943	
ParlaMint-HR-en_2008-02-27-0	ParlaMint-HR_2008-02-27-0.u1270	Minutes of the National Assembly of the Republic of Croatia, Term 6, Session 3	2008-02-27	Unicameralism	6. mandat	-	Zasedanje 3	2008-03-28	-	Reference	English	Regular	MP	notMinister	IDS	Istarski demokratski sabor	Opposition	Centre to centre-left	KajinDamir	Kajin, Damir	M	1962	
ParlaMint-HR-en_2008-02-27-0	ParlaMint-HR_2008-02-27-0.u1271	Minutes of the National Assembly of the Republic of Croatia, Term 6, Session 3	2008-02-27	Unicameralism	6. mandat	-	Zasedanje 3	2008-03-28	-	Reference	English	Chairperson	MP	notMinister	HDZ	Hrvatska demokratska zajednica	Opposition	Centre-right	ŠeksVladimir	Šeks, Vladimir	M	1943	
ParlaMint-HR-en_2008-02-27-0	ParlaMint-HR_2008-02-27-0.u1272	Minutes of the National Assembly of the Republic of Croatia, Term 6, Session 3	2008-02-27	Unicameralism	6. mandat	-	Zasedanje 3	2008-03-28	-	Reference	English	Regular	MP	notMinister	HDZ	Hrvatska demokratska zajednica	Opposition	Centre-right	HebrangAndrija	Hebrang, Andrija	F	1946	
ParlaMint-HR-en_2008-02-27-0	ParlaMint-HR_2008-02-27-0.u1273	Minutes of the National Assembly of the Republic of Croatia, Term 6, Session 3	2008-02-27	Unicameralism	6. mandat	-	Zasedanje 3	2008-03-28	-	Reference	English	Chairperson	MP	notMinister	HDZ	Hrvatska demokratska zajednica	Opposition	Centre-right	ŠeksVladimir	Šeks, Vladimir	M	1943	
ParlaMint-HR-en_2008-02-27-0	ParlaMint-HR_2008-02-27-0.u1274	Minutes of the National Assembly of the Republic of Croatia, Term 6, Session 3	2008-02-27	Unicameralism	6. mandat	-	Zasedanje 3	2008-03-28	-	Reference	English	Regular	MP	notMinister	HDZ	Hrvatska demokratska zajednica	Opposition	Centre-right	MatkovićBorislav	Matković, Borislav	M	1951	
ParlaMint-HR-en_2008-02-27-0	ParlaMint-HR_2008-02-27-0.u1275	Minutes of the National Assembly of the Republic of Croatia, Term 6, Session 3	2008-02-27	Unicameralism	6. mandat	-	Zasedanje 3	2008-03-28	-	Reference	English	Chairperson	MP	notMinister	HDZ	Hrvatska demokratska zajednica	Opposition	Centre-right	ŠeksVladimir	Šeks, Vladimir	M	1943	
ParlaMint-HR-en_2008-02-27-0	ParlaMint-HR_2008-02-27-0.u1276	Minutes of the National Assembly of the Republic of Croatia, Term 6, Session 3	2008-02-27	Unicameralism	6. mandat	-	Zasedanje 3	2008-03-28	-	Reference	English	Regular	MP	notMinister	HDZ	Hrvatska demokratska zajednica	Opposition	Centre-right	KunstBoris	Kunst, Boris	M	1957	
ParlaMint-HR-en_2008-02-27-0	ParlaMint-HR_2008-02-27-0.u1277	Minutes of the National Assembly of the Republic of Croatia, Term 6, Session 3	2008-02-27	Unicameralism	6. mandat	-	Zasedanje 3	2008-03-28	-	Reference	English	Chairperson	MP	notMinister	HDZ	Hrvatska demokratska zajednica	Opposition	Centre-right	ŠeksVladimir	Šeks, Vladimir	M	1943	
ParlaMint-HR-en_2008-02-27-0	ParlaMint-HR_2008-02-27-0.u1278	Minutes of the National Assembly of the Republic of Croatia, Term 6, Session 3	2008-02-27	Unicameralism	6. mandat	-	Zasedanje 3	2008-03-28	-	Reference	English	Regular	MP	notMinister	HDZ	Hrvatska demokratska zajednica	Opposition	Centre-right	ĐakićJosip	Đakić, Josip	M	1960	
ParlaMint-HR-en_2008-02-27-0	ParlaMint-HR_2008-02-27-0.u1279	Minutes of the National Assembly of the Republic of Croatia, Term 6, Session 3	2008-02-27	Unicameralism	6. mandat	-	Zasedanje 3	2008-03-28	-	Reference	English	Chairperson	MP	notMinister	HDZ	Hrvatska demokratska zajednica	Opposition	Centre-right	ŠeksVladimir	Šeks, Vladimir	M	1943	
ParlaMint-HR-en_2008-02-27-0	ParlaMint-HR_2008-02-27-0.u1280	Minutes of the National Assembly of the Republic of Croatia, Term 6, Session 3	2008-02-27	Unicameralism	6. mandat	-	Zasedanje 3	2008-03-28	-	Reference	English	Regular	MP	notMinister	HDZ	Hrvatska demokratska zajednica	Opposition	Centre-right	ŠetićNevio	Šetić, Nevio	M	1958	
ParlaMint-HR-en_2008-02-27-0	ParlaMint-HR_2008-02-27-0.u1281	Minutes of the National Assembly of the Republic of Croatia, Term 6, Session 3	2008-02-27	Unicameralism	6. mandat	-	Zasedanje 3	2008-03-28	-	Reference	English	Chairperson	MP	notMinister	HDZ	Hrvatska demokratska zajednica	Opposition	Centre-right	ŠeksVladimir	Šeks, Vladimir	M	1943	
ParlaMint-HR-en_2008-02-27-0	ParlaMint-HR_2008-02-27-0.u1282	Minutes of the National Assembly of the Republic of Croatia, Term 6, Session 3	2008-02-27	Unicameralism	6. mandat	-	Zasedanje 3	2008-03-28	-	Reference	English	Regular	MP	notMinister	nezavisni	nezavisni	-	-	SanaderIvo	Sanader, Ivo	M	1953	
ParlaMint-HR-en_2008-02-27-0	ParlaMint-HR_2008-02-27-0.u1283	Minutes of the National Assembly of the Republic of Croatia, Term 6, Session 3	2008-02-27	Unicameralism	6. mandat	-	Zasedanje 3	2008-03-28	-	Reference	English	Chairperson	MP	notMinister	HDZ	Hrvatska demokratska zajednica	Opposition	Centre-right	ŠeksVladimir	Šeks, Vladimir	M	1943	
ParlaMint-HR-en_2008-02-27-0	ParlaMint-HR_2008-02-27-0.u1284	Minutes of the National Assembly of the Republic of Croatia, Term 6, Session 3	2008-02-27	Unicameralism	6. mandat	-	Zasedanje 3	2008-03-28	-	Reference	English	Regular	MP	notMinister	SDP	Socijaldemokratska partija Hrvatske	Opposition	Centre-left	JurjevićMarin	Jurjević, Marin	M	1952	
ParlaMint-HR-en_2008-02-27-0	ParlaMint-HR_2008-02-27-0.u1285	Minutes of the National Assembly of the Republic of Croatia, Term 6, Session 3	2008-02-27	Unicameralism	6. mandat	-	Zasedanje 3	2008-03-28	-	Reference	English	Chairperson	MP	notMinister	HDZ	Hrvatska demokratska zajednica	Opposition	Centre-right	ŠeksVladimir	Šeks, Vladimir	M	1943	
ParlaMint-HR-en_2008-02-27-0	ParlaMint-HR_2008-02-27-0.u1286	Minutes of the National Assembly of the Republic of Croatia, Term 6, Session 3	2008-02-27	Unicameralism	6. mandat	-	Zasedanje 3	2008-03-28	-	Reference	English	Regular	MP	notMinister	IDS	Istarski demokratski sabor	Opposition	Centre to centre-left	KajinDamir	Kajin, Damir	M	1962	
ParlaMint-HR-en_2008-02-27-0	ParlaMint-HR_2008-02-27-0.u1287	Minutes of the National Assembly of the Republic of Croatia, Term 6, Session 3	2008-02-27	Unicameralism	6. mandat	-	Zasedanje 3	2008-03-28	-	Reference	English	Chairperson	MP	notMinister	HDZ	Hrvatska demokratska zajednica	Opposition	Centre-right	ŠeksVladimir	Šeks, Vladimir	M	1943	
ParlaMint-HR-en_2008-02-27-0	ParlaMint-HR_2008-02-27-0.u1288	Minutes of the National Assembly of the Republic of Croatia, Term 6, Session 3	2008-02-27	Unicameralism	6. mandat	-	Zasedanje 3	2008-03-28	-	Reference	English	Regular	MP	notMinister	SDP	Socijaldemokratska partija Hrvatske	Opposition	Centre-left	StazićNenad	Stazić, Nenad	M	1957	
ParlaMint-HR-en_2008-02-27-0	ParlaMint-HR_2008-02-27-0.u1289	Minutes of the National Assembly of the Republic of Croatia, Term 6, Session 3	2008-02-27	Unicameralism	6. mandat	-	Zasedanje 3	2008-03-28	-	Reference	English	Chairperson	MP	notMinister	HDZ	Hrvatska demokratska zajednica	Opposition	Centre-right	ŠeksVladimir	Šeks, Vladimir	M	1943	
ParlaMint-HR-en_2008-02-27-0	ParlaMint-HR_2008-02-27-0.u1290	Minutes of the National Assembly of the Republic of Croatia, Term 6, Session 3	2008-02-27	Unicameralism	6. mandat	-	Zasedanje 3	2008-03-28	-	Reference	English	Regular	MP	notMinister	nezavisni	nezavisni	-	-	SanaderIvo	Sanader, Ivo	M	1953	
ParlaMint-HR-en_2008-02-27-0	ParlaMint-HR_2008-02-27-0.u1291	Minutes of the National Assembly of the Republic of Croatia, Term 6, Session 3	2008-02-27	Unicameralism	6. mandat	-	Zasedanje 3	2008-03-28	-	Reference	English	Chairperson	MP	notMinister	HDZ	Hrvatska demokratska zajednica	Opposition	Centre-right	ŠeksVladimir	Šeks, Vladimir	M	1943	
ParlaMint-HR-en_2008-02-27-0	ParlaMint-HR_2008-02-27-0.u1292	Minutes of the National Assembly of the Republic of Croatia, Term 6, Session 3	2008-02-27	Unicameralism	6. mandat	-	Zasedanje 3	2008-03-28	-	Reference	English	Regular	MP	notMinister	nezavisni	nezavisni	-	-	SanaderIvo	Sanader, Ivo	M	1953	
ParlaMint-HR-en_2008-02-27-0	ParlaMint-HR_2008-02-27-0.u1293	Minutes of the National Assembly of the Republic of Croatia, Term 6, Session 3	2008-02-27	Unicameralism	6. mandat	-	Zasedanje 3	2008-03-28	-	Reference	English	Chairperson	MP	notMinister	HDZ	Hrvatska demokratska zajednica	Opposition	Centre-right	ŠeksVladimir	Šeks, Vladimir	M	1943	
ParlaMint-HR-en_2008-02-27-0	ParlaMint-HR_2008-02-27-0.u1294	Minutes of the National Assembly of the Republic of Croatia, Term 6, Session 3	2008-02-27	Unicameralism	6. mandat	-	Zasedanje 3	2008-03-28	-	Reference	English	Regular	MP	notMinister	IDS	Istarski demokratski sabor	Opposition	Centre to centre-left	KajinDamir	Kajin, Damir	M	1962	
ParlaMint-HR-en_2008-02-27-0	ParlaMint-HR_2008-02-27-0.u1295	Minutes of the National Assembly of the Republic of Croatia, Term 6, Session 3	2008-02-27	Unicameralism	6. mandat	-	Zasedanje 3	2008-03-28	-	Reference	English	Chairperson	MP	notMinister	HDZ	Hrvatska demokratska zajednica	Opposition	Centre-right	ŠeksVladimir	Šeks, Vladimir	M	1943	
ParlaMint-HR-en_2008-02-27-0	ParlaMint-HR_2008-02-27-0.u1296	Minutes of the National Assembly of the Republic of Croatia, Term 6, Session 3	2008-02-27	Unicameralism	6. mandat	-	Zasedanje 3	2008-03-28	-	Reference	English	Regular	MP	notMinister	HDZ	Hrvatska demokratska zajednica	Opposition	Centre-right	MarićGoran	Marić, Goran	M	1959	
ParlaMint-HR-en_2008-02-27-0	ParlaMint-HR_2008-02-27-0.u1297	Minutes of the National Assembly of the Republic of Croatia, Term 6, Session 3	2008-02-27	Unicameralism	6. mandat	-	Zasedanje 3	2008-03-28	-	Reference	English	Chairperson	MP	notMinister	HDZ	Hrvatska demokratska zajednica	Opposition	Centre-right	ŠeksVladimir	Šeks, Vladimir	M	1943	
ParlaMint-HR-en_2008-02-27-0	ParlaMint-HR_2008-02-27-0.u1298	Minutes of the National Assembly of the Republic of Croatia, Term 6, Session 3	2008-02-27	Unicameralism	6. mandat	-	Zasedanje 3	2008-03-28	-	Reference	English	Regular	MP	notMinister	SDP	Socijaldemokratska partija Hrvatske	Opposition	Centre-left	AntičevićMarinovićIngrid	Antičević Marinović, Ingrid	F	1957	
ParlaMint-HR-en_2008-02-27-0	ParlaMint-HR_2008-02-27-0.u1299	Minutes of the National Assembly of the Republic of Croatia, Term 6, Session 3	2008-02-27	Unicameralism	6. mandat	-	Zasedanje 3	2008-03-28	-	Reference	English	Chairperson	MP	notMinister	HDZ	Hrvatska demokratska zajednica	Opposition	Centre-right	ŠeksVladimir	Šeks, Vladimir	M	1943	
ParlaMint-HR-en_2008-02-27-0	ParlaMint-HR_2008-02-27-0.u1300	Minutes of the National Assembly of the Republic of Croatia, Term 6, Session 3	2008-02-27	Unicameralism	6. mandat	-	Zasedanje 3	2008-03-28	-	Reference	English	Regular	MP	notMinister	SDP	Socijaldemokratska partija Hrvatske	Opposition	Centre-left	FlegoGvozdenSrećko	Flego, Gvozden Srećko	M	1946	
ParlaMint-HR-en_2008-02-27-0	ParlaMint-HR_2008-02-27-0.u1301	Minutes of the National Assembly of the Republic of Croatia, Term 6, Session 3	2008-02-27	Unicameralism	6. mandat	-	Zasedanje 3	2008-03-28	-	Reference	English	Chairperson	MP	notMinister	HDZ	Hrvatska demokratska zajednica	Opposition	Centre-right	ŠeksVladimir	Šeks, Vladimir	M	1943	
ParlaMint-HR-en_2008-02-27-0	ParlaMint-HR_2008-02-27-0.u1302	Minutes of the National Assembly of the Republic of Croatia, Term 6, Session 3	2008-02-27	Unicameralism	6. mandat	-	Zasedanje 3	2008-03-28	-	Reference	English	Regular	MP	notMinister	HSS	Hrvatska seljačka stranka	Coalition	Centre to centre-right	PetirMarijana	Petir, Marijana	F	1975	
ParlaMint-HR-en_2008-02-27-0	ParlaMint-HR_2008-02-27-0.u1303	Minutes of the National Assembly of the Republic of Croatia, Term 6, Session 3	2008-02-27	Unicameralism	6. mandat	-	Zasedanje 3	2008-03-28	-	Reference	English	Chairperson	MP	notMinister	HDZ	Hrvatska demokratska zajednica	Opposition	Centre-right	ŠeksVladimir	Šeks, Vladimir	M	1943	
ParlaMint-HR-en_2008-02-27-0	ParlaMint-HR_2008-02-27-0.u1304	Minutes of the National Assembly of the Republic of Croatia, Term 6, Session 3	2008-02-27	Unicameralism	6. mandat	-	Zasedanje 3	2008-03-28	-	Reference	English	Regular	MP	notMinister	nezavisni	nezavisni	-	-	ČehokIvan	Čehok, Ivan	M	1965	
ParlaMint-HR-en_2008-02-27-0	ParlaMint-HR_2008-02-27-0.u1305	Minutes of the National Assembly of the Republic of Croatia, Term 6, Session 3	2008-02-27	Unicameralism	6. mandat	-	Zasedanje 3	2008-03-28	-	Reference	English	Chairperson	MP	notMinister	SDP	Socijaldemokratska partija Hrvatske	Opposition	Centre-left	AntunovićŽeljka	Antunović, Željka	F	1955	
ParlaMint-HR-en_2008-02-27-0	ParlaMint-HR_2008-02-27-0.u1306	Minutes of the National Assembly of the Republic of Croatia, Term 6, Session 3	2008-02-27	Unicameralism	6. mandat	-	Zasedanje 3	2008-03-28	-	Reference	English	Regular	MP	notMinister	SDP	Socijaldemokratska partija Hrvatske	Opposition	Centre-left	LugarićMarija	Lugarić, Marija	F	1978	
ParlaMint-HR-en_2008-02-27-0	ParlaMint-HR_2008-02-27-0.u1307	Minutes of the National Assembly of the Republic of Croatia, Term 6, Session 3	2008-02-27	Unicameralism	6. mandat	-	Zasedanje 3	2008-03-28	-	Reference	English	Chairperson	MP	notMinister	SDP	Socijaldemokratska partija Hrvatske	Opposition	Centre-left	AntunovićŽeljka	Antunović, Željka	F	1955	
ParlaMint-HR-en_2008-02-27-0	ParlaMint-HR_2008-02-27-0.u1308	Minutes of the National Assembly of the Republic of Croatia, Term 6, Session 3	2008-02-27	Unicameralism	6. mandat	-	Zasedanje 3	2008-03-28	-	Reference	English	Regular	MP	notMinister	SDP	Socijaldemokratska partija Hrvatske	Opposition	Centre-left	MršićZvonimir	Mršić, Zvonimir	M	1966	
ParlaMint-HR-en_2008-02-27-0	ParlaMint-HR_2008-02-27-0.u1309	Minutes of the National Assembly of the Republic of Croatia, Term 6, Session 3	2008-02-27	Unicameralism	6. mandat	-	Zasedanje 3	2008-03-28	-	Reference	English	Chairperson	MP	notMinister	SDP	Socijaldemokratska partija Hrvatske	Opposition	Centre-left	AntunovićŽeljka	Antunović, Željka	F	1955	
ParlaMint-HR-en_2008-02-27-0	ParlaMint-HR_2008-02-27-0.u1310	Minutes of the National Assembly of the Republic of Croatia, Term 6, Session 3	2008-02-27	Unicameralism	6. mandat	-	Zasedanje 3	2008-03-28	-	Reference	English	Regular	MP	notMinister	nezavisni	nezavisni	-	-	ČehokIvan	Čehok, Ivan	M	1965	
ParlaMint-HR-en_2008-02-27-0	ParlaMint-HR_2008-02-27-0.u1311	Minutes of the National Assembly of the Republic of Croatia, Term 6, Session 3	2008-02-27	Unicameralism	6. mandat	-	Zasedanje 3	2008-03-28	-	Reference	English	Chairperson	MP	notMinister	SDP	Socijaldemokratska partija Hrvatske	Opposition	Centre-left	AntunovićŽeljka	Antunović, Željka	F	1955	
ParlaMint-HR-en_2008-02-27-0	ParlaMint-HR_2008-02-27-0.u1312	Minutes of the National Assembly of the Republic of Croatia, Term 6, Session 3	2008-02-27	Unicameralism	6. mandat	-	Zasedanje 3	2008-03-28	-	Reference	English	Regular	MP	notMinister	HDSSB	Hrvatski demokratski savez Slavonije i Baranje	Opposition	Centre-right	VinkovićZoran	Vinković, Zoran	M	1966	
ParlaMint-HR-en_2008-02-27-0	ParlaMint-HR_2008-02-27-0.u1313	Minutes of the National Assembly of the Republic of Croatia, Term 6, Session 3	2008-02-27	Unicameralism	6. mandat	-	Zasedanje 3	2008-03-28	-	Reference	English	Chairperson	MP	notMinister	SDP	Socijaldemokratska partija Hrvatske	Opposition	Centre-left	AntunovićŽeljka	Antunović, Željka	F	1955	
ParlaMint-HR-en_2008-02-27-0	ParlaMint-HR_2008-02-27-0.u1314	Minutes of the National Assembly of the Republic of Croatia, Term 6, Session 3	2008-02-27	Unicameralism	6. mandat	-	Zasedanje 3	2008-03-28	-	Reference	English	Regular	MP	notMinister	nezavisni	nezavisni	-	-	RadinFurio	Radin, Furio	M	1950	
ParlaMint-HR-en_2008-02-27-0	ParlaMint-HR_2008-02-27-0.u1315	Minutes of the National Assembly of the Republic of Croatia, Term 6, Session 3	2008-02-27	Unicameralism	6. mandat	-	Zasedanje 3	2008-03-28	-	Reference	English	Chairperson	MP	notMinister	SDP	Socijaldemokratska partija Hrvatske	Opposition	Centre-left	AntunovićŽeljka	Antunović, Željka	F	1955	
ParlaMint-HR-en_2008-02-27-0	ParlaMint-HR_2008-02-27-0.u1316	Minutes of the National Assembly of the Republic of Croatia, Term 6, Session 3	2008-02-27	Unicameralism	6. mandat	-	Zasedanje 3	2008-03-28	-	Reference	English	Regular	MP	notMinister	SDP	Socijaldemokratska partija Hrvatske	Opposition	Centre-left	MilanovićZoran	Milanović, Zoran	M	1966	
ParlaMint-HR-en_2008-02-27-0	ParlaMint-HR_2008-02-27-0.u1317	Minutes of the National Assembly of the Republic of Croatia, Term 6, Session 3	2008-02-27	Unicameralism	6. mandat	-	Zasedanje 3	2008-03-28	-	Reference	English	Chairperson	MP	notMinister	SDP	Socijaldemokratska partija Hrvatske	Opposition	Centre-left	AntunovićŽeljka	Antunović, Željka	F	1955	
ParlaMint-HR-en_2008-02-27-0	ParlaMint-HR_2008-02-27-0.u1318	Minutes of the National Assembly of the Republic of Croatia, Term 6, Session 3	2008-02-27	Unicameralism	6. mandat	-	Zasedanje 3	2008-03-28	-	Reference	English	Regular	MP	notMinister	HDZ	Hrvatska demokratska zajednica	Opposition	Centre-right	MatušićFrano	Matušić, Frano	M	1961	
ParlaMint-HR-en_2008-02-27-0	ParlaMint-HR_2008-02-27-0.u1319	Minutes of the National Assembly of the Republic of Croatia, Term 6, Session 3	2008-02-27	Unicameralism	6. mandat	-	Zasedanje 3	2008-03-28	-	Reference	English	Chairperson	MP	notMinister	SDP	Socijaldemokratska partija Hrvatske	Opposition	Centre-left	AntunovićŽeljka	Antunović, Željka	F	1955	
ParlaMint-HR-en_2008-02-27-0	ParlaMint-HR_2008-02-27-0.u1320	Minutes of the National Assembly of the Republic of Croatia, Term 6, Session 3	2008-02-27	Unicameralism	6. mandat	-	Zasedanje 3	2008-03-28	-	Reference	English	Regular	MP	notMinister	HDZ	Hrvatska demokratska zajednica	Opposition	Centre-right	FilipovićKrešo	Filipović, Krešo	M	1962	
ParlaMint-HR-en_2008-02-27-0	ParlaMint-HR_2008-02-27-0.u1321	Minutes of the National Assembly of the Republic of Croatia, Term 6, Session 3	2008-02-27	Unicameralism	6. mandat	-	Zasedanje 3	2008-03-28	-	Reference	English	Chairperson	MP	notMinister	SDP	Socijaldemokratska partija Hrvatske	Opposition	Centre-left	AntunovićŽeljka	Antunović, Željka	F	1955	
ParlaMint-HR-en_2008-02-27-0	ParlaMint-HR_2008-02-27-0.u1322	Minutes of the National Assembly of the Republic of Croatia, Term 6, Session 3	2008-02-27	Unicameralism	6. mandat	-	Zasedanje 3	2008-03-28	-	Reference	English	Regular	MP	notMinister	HDZ	Hrvatska demokratska zajednica	Opposition	Centre-right	RoksandićIvanka	Roksandić, Ivanka	F	1954	
ParlaMint-HR-en_2008-02-27-0	ParlaMint-HR_2008-02-27-0.u1323	Minutes of the National Assembly of the Republic of Croatia, Term 6, Session 3	2008-02-27	Unicameralism	6. mandat	-	Zasedanje 3	2008-03-28	-	Reference	English	Chairperson	MP	notMinister	SDP	Socijaldemokratska partija Hrvatske	Opposition	Centre-left	AntunovićŽeljka	Antunović, Željka	F	1955	
ParlaMint-HR-en_2008-02-27-0	ParlaMint-HR_2008-02-27-0.u1324	Minutes of the National Assembly of the Republic of Croatia, Term 6, Session 3	2008-02-27	Unicameralism	6. mandat	-	Zasedanje 3	2008-03-28	-	Reference	English	Regular	MP	notMinister	HDZ	Hrvatska demokratska zajednica	Opposition	Centre-right	RoksandićIvanka	Roksandić, Ivanka	F	1954	
ParlaMint-HR-en_2008-02-27-0	ParlaMint-HR_2008-02-27-0.u1325	Minutes of the National Assembly of the Republic of Croatia, Term 6, Session 3	2008-02-27	Unicameralism	6. mandat	-	Zasedanje 3	2008-03-28	-	Reference	English	Chairperson	MP	notMinister	SDP	Socijaldemokratska partija Hrvatske	Opposition	Centre-left	AntunovićŽeljka	Antunović, Željka	F	1955	
ParlaMint-HR-en_2008-02-27-0	ParlaMint-HR_2008-02-27-0.u1326	Minutes of the National Assembly of the Republic of Croatia, Term 6, Session 3	2008-02-27	Unicameralism	6. mandat	-	Zasedanje 3	2008-03-28	-	Reference	English	Regular	MP	notMinister	HDZ	Hrvatska demokratska zajednica	Opposition	Centre-right	ŠolićBožica	Šolić, Božica	F	1956	
ParlaMint-HR-en_2008-02-27-0	ParlaMint-HR_2008-02-27-0.u1327	Minutes of the National Assembly of the Republic of Croatia, Term 6, Session 3	2008-02-27	Unicameralism	6. mandat	-	Zasedanje 3	2008-03-28	-	Reference	English	Chairperson	MP	notMinister	SDP	Socijaldemokratska partija Hrvatske	Opposition	Centre-left	AntunovićŽeljka	Antunović, Željka	F	1955	
ParlaMint-HR-en_2008-02-27-0	ParlaMint-HR_2008-02-27-0.u1328	Minutes of the National Assembly of the Republic of Croatia, Term 6, Session 3	2008-02-27	Unicameralism	6. mandat	-	Zasedanje 3	2008-03-28	-	Reference	English	Regular	MP	notMinister	HDZ	Hrvatska demokratska zajednica	Opposition	Centre-right	ŠolićBožica	Šolić, Božica	F	1956	
ParlaMint-HR-en_2008-02-27-0	ParlaMint-HR_2008-02-27-0.u1329	Minutes of the National Assembly of the Republic of Croatia, Term 6, Session 3	2008-02-27	Unicameralism	6. mandat	-	Zasedanje 3	2008-03-28	-	Reference	English	Chairperson	MP	notMinister	SDP	Socijaldemokratska partija Hrvatske	Opposition	Centre-left	AntunovićŽeljka	Antunović, Željka	F	1955	
ParlaMint-HR-en_2008-02-27-0	ParlaMint-HR_2008-02-27-0.u1330	Minutes of the National Assembly of the Republic of Croatia, Term 6, Session 3	2008-02-27	Unicameralism	6. mandat	-	Zasedanje 3	2008-03-28	-	Reference	English	Regular	MP	notMinister	HDZ	Hrvatska demokratska zajednica	Opposition	Centre-right	MarkovinovićKrunoslav	Markovinović, Krunoslav	M	1945	
ParlaMint-HR-en_2008-02-27-0	ParlaMint-HR_2008-02-27-0.u1331	Minutes of the National Assembly of the Republic of Croatia, Term 6, Session 3	2008-02-27	Unicameralism	6. mandat	-	Zasedanje 3	2008-03-28	-	Reference	English	Chairperson	MP	notMinister	SDP	Socijaldemokratska partija Hrvatske	Opposition	Centre-left	AntunovićŽeljka	Antunović, Željka	F	1955	
ParlaMint-HR-en_2008-02-27-0	ParlaMint-HR_2008-02-27-0.u1332	Minutes of the National Assembly of the Republic of Croatia, Term 6, Session 3	2008-02-27	Unicameralism	6. mandat	-	Zasedanje 3	2008-03-28	-	Reference	English	Regular	MP	notMinister	HDZ	Hrvatska demokratska zajednica	Opposition	Centre-right	MatkovićBorislav	Matković, Borislav	M	1951	
ParlaMint-HR-en_2008-02-27-0	ParlaMint-HR_2008-02-27-0.u1333	Minutes of the National Assembly of the Republic of Croatia, Term 6, Session 3	2008-02-27	Unicameralism	6. mandat	-	Zasedanje 3	2008-03-28	-	Reference	English	Chairperson	MP	notMinister	SDP	Socijaldemokratska partija Hrvatske	Opposition	Centre-left	AntunovićŽeljka	Antunović, Željka	F	1955	
ParlaMint-HR-en_2008-02-27-0	ParlaMint-HR_2008-02-27-0.u1334	Minutes of the National Assembly of the Republic of Croatia, Term 6, Session 3	2008-02-27	Unicameralism	6. mandat	-	Zasedanje 3	2008-03-28	-	Reference	English	Regular	MP	notMinister	HDZ	Hrvatska demokratska zajednica	Opposition	Centre-right	BagarićIvan	Bagarić, Ivan	M	1961	
ParlaMint-HR-en_2008-02-27-0	ParlaMint-HR_2008-02-27-0.u1335	Minutes of the National Assembly of the Republic of Croatia, Term 6, Session 3	2008-02-27	Unicameralism	6. mandat	-	Zasedanje 3	2008-03-28	-	Reference	English	Chairperson	MP	notMinister	SDP	Socijaldemokratska partija Hrvatske	Opposition	Centre-left	AntunovićŽeljka	Antunović, Željka	F	1955	
ParlaMint-HR-en_2008-02-27-0	ParlaMint-HR_2008-02-27-0.u1336	Minutes of the National Assembly of the Republic of Croatia, Term 6, Session 3	2008-02-27	Unicameralism	6. mandat	-	Zasedanje 3	2008-03-28	-	Reference	English	Regular	MP	notMinister	HDZ	Hrvatska demokratska zajednica	Opposition	Centre-right	ŠukerIvan	Šuker, Ivan	M	1957	
ParlaMint-HR-en_2008-02-27-0	ParlaMint-HR_2008-02-27-0.u1337	Minutes of the National Assembly of the Republic of Croatia, Term 6, Session 3	2008-02-27	Unicameralism	6. mandat	-	Zasedanje 3	2008-03-28	-	Reference	English	Chairperson	MP	notMinister	SDP	Socijaldemokratska partija Hrvatske	Opposition	Centre-left	AntunovićŽeljka	Antunović, Željka	F	1955	
ParlaMint-HR-en_2008-02-27-0	ParlaMint-HR_2008-02-27-0.u1338	Minutes of the National Assembly of the Republic of Croatia, Term 6, Session 3	2008-02-27	Unicameralism	6. mandat	-	Zasedanje 3	2008-03-28	-	Reference	English	Regular	MP	notMinister	HDZ	Hrvatska demokratska zajednica	Opposition	Centre-right	PrimoracDragan	Primorac, Dragan	M	1965	
ParlaMint-HR-en_2008-02-27-0	ParlaMint-HR_2008-02-27-0.u1339	Minutes of the National Assembly of the Republic of Croatia, Term 6, Session 3	2008-02-27	Unicameralism	6. mandat	-	Zasedanje 3	2008-03-28	-	Reference	English	Chairperson	MP	notMinister	SDP	Socijaldemokratska partija Hrvatske	Opposition	Centre-left	AntunovićŽeljka	Antunović, Željka	F	1955	
ParlaMint-HR-en_2008-02-27-0	ParlaMint-HR_2008-02-27-0.u1340	Minutes of the National Assembly of the Republic of Croatia, Term 6, Session 3	2008-02-27	Unicameralism	6. mandat	-	Zasedanje 3	2008-03-28	-	Reference	English	Regular	MP	notMinister	SDP	Socijaldemokratska partija Hrvatske	Opposition	Centre-left	LinićSlavko	Linić, Slavko	M	1949	
ParlaMint-HR-en_2008-02-27-0	ParlaMint-HR_2008-02-27-0.u1341	Minutes of the National Assembly of the Republic of Croatia, Term 6, Session 3	2008-02-27	Unicameralism	6. mandat	-	Zasedanje 3	2008-03-28	-	Reference	English	Chairperson	MP	notMinister	SDP	Socijaldemokratska partija Hrvatske	Opposition	Centre-left	AntunovićŽeljka	Antunović, Željka	F	1955	
ParlaMint-HR-en_2008-02-27-0	ParlaMint-HR_2008-02-27-0.u1342	Minutes of the National Assembly of the Republic of Croatia, Term 6, Session 3	2008-02-27	Unicameralism	6. mandat	-	Zasedanje 3	2008-03-28	-	Reference	English	Regular	MP	notMinister	SDP	Socijaldemokratska partija Hrvatske	Opposition	Centre-left	ZgrebecDragica	Zgrebec, Dragica	F	1950	
ParlaMint-HR-en_2008-02-27-0	ParlaMint-HR_2008-02-27-0.u1343	Minutes of the National Assembly of the Republic of Croatia, Term 6, Session 3	2008-02-27	Unicameralism	6. mandat	-	Zasedanje 3	2008-03-28	-	Reference	English	Chairperson	MP	notMinister	SDP	Socijaldemokratska partija Hrvatske	Opposition	Centre-left	AntunovićŽeljka	Antunović, Željka	F	1955	
ParlaMint-HR-en_2008-02-27-0	ParlaMint-HR_2008-02-27-0.u1344	Minutes of the National Assembly of the Republic of Croatia, Term 6, Session 3	2008-02-27	Unicameralism	6. mandat	-	Zasedanje 3	2008-03-28	-	Reference	English	Regular	MP	notMinister	HDSSB	Hrvatski demokratski savez Slavonije i Baranje	Opposition	Centre-right	VinkovićZoran	Vinković, Zoran	M	1966	
ParlaMint-HR-en_2008-02-27-0	ParlaMint-HR_2008-02-27-0.u1345	Minutes of the National Assembly of the Republic of Croatia, Term 6, Session 3	2008-02-27	Unicameralism	6. mandat	-	Zasedanje 3	2008-03-28	-	Reference	English	Chairperson	MP	notMinister	SDP	Socijaldemokratska partija Hrvatske	Opposition	Centre-left	AntunovićŽeljka	Antunović, Željka	F	1955	
ParlaMint-HR-en_2008-02-27-0	ParlaMint-HR_2008-02-27-0.u1346	Minutes of the National Assembly of the Republic of Croatia, Term 6, Session 3	2008-02-27	Unicameralism	6. mandat	-	Zasedanje 3	2008-03-28	-	Reference	English	Regular	MP	notMinister	HDZ	Hrvatska demokratska zajednica	Opposition	Centre-right	BagarićIvan	Bagarić, Ivan	M	1961	
ParlaMint-HR-en_2008-02-27-0	ParlaMint-HR_2008-02-27-0.u1347	Minutes of the National Assembly of the Republic of Croatia, Term 6, Session 3	2008-02-27	Unicameralism	6. mandat	-	Zasedanje 3	2008-03-28	-	Reference	English	Chairperson	MP	notMinister	SDP	Socijaldemokratska partija Hrvatske	Opposition	Centre-left	AntunovićŽeljka	Antunović, Željka	F	1955	
ParlaMint-HR-en_2008-02-27-0	ParlaMint-HR_2008-02-27-0.u1348	Minutes of the National Assembly of the Republic of Croatia, Term 6, Session 3	2008-02-27	Unicameralism	6. mandat	-	Zasedanje 3	2008-03-28	-	Reference	English	Regular	MP	notMinister	SDP	Socijaldemokratska partija Hrvatske	Opposition	Centre-left	FlegoGvozdenSrećko	Flego, Gvozden Srećko	M	1946	
ParlaMint-HR-en_2008-02-27-0	ParlaMint-HR_2008-02-27-0.u1349	Minutes of the National Assembly of the Republic of Croatia, Term 6, Session 3	2008-02-27	Unicameralism	6. mandat	-	Zasedanje 3	2008-03-28	-	Reference	English	Chairperson	MP	notMinister	SDP	Socijaldemokratska partija Hrvatske	Opposition	Centre-left	AntunovićŽeljka	Antunović, Željka	F	1955	
ParlaMint-HR-en_2008-02-27-0	ParlaMint-HR_2008-02-27-0.u1350	Minutes of the National Assembly of the Republic of Croatia, Term 6, Session 3	2008-02-27	Unicameralism	6. mandat	-	Zasedanje 3	2008-03-28	-	Reference	English	Regular	MP	notMinister	HDZ	Hrvatska demokratska zajednica	Opposition	Centre-right	BilonjićMato	Bilonjić, Mato	M	1961	
ParlaMint-HR-en_2008-02-27-0	ParlaMint-HR_2008-02-27-0.u1351	Minutes of the National Assembly of the Republic of Croatia, Term 6, Session 3	2008-02-27	Unicameralism	6. mandat	-	Zasedanje 3	2008-03-28	-	Reference	English	Chairperson	MP	notMinister	HDZ	Hrvatska demokratska zajednica	Opposition	Centre-right	BebićLuka	Bebić, Luka	M	1937	
ParlaMint-HR-en_2008-02-27-0	ParlaMint-HR_2008-02-27-0.u1352	Minutes of the National Assembly of the Republic of Croatia, Term 6, Session 3	2008-02-27	Unicameralism	6. mandat	-	Zasedanje 3	2008-03-28	-	Reference	English	Regular	MP	notMinister	HDZ	Hrvatska demokratska zajednica	Opposition	Centre-right	KulušićAnte	Kulušić, Ante	M	1958	
ParlaMint-HR-en_2008-02-27-0	ParlaMint-HR_2008-02-27-0.u1353	Minutes of the National Assembly of the Republic of Croatia, Term 6, Session 3	2008-02-27	Unicameralism	6. mandat	-	Zasedanje 3	2008-03-28	-	Reference	English	Chairperson	MP	notMinister	HDZ	Hrvatska demokratska zajednica	Opposition	Centre-right	BebićLuka	Bebić, Luka	M	1937	
ParlaMint-HR-en_2008-02-27-0	ParlaMint-HR_2008-02-27-0.u1354	Minutes of the National Assembly of the Republic of Croatia, Term 6, Session 3	2008-02-27	Unicameralism	6. mandat	-	Zasedanje 3	2008-03-28	-	Reference	English	Regular	MP	notMinister	HDZ	Hrvatska demokratska zajednica	Opposition	Centre-right	PrimoracDragan	Primorac, Dragan	M	1965	
ParlaMint-HR-en_2008-02-27-0	ParlaMint-HR_2008-02-27-0.u1355	Minutes of the National Assembly of the Republic of Croatia, Term 6, Session 3	2008-02-27	Unicameralism	6. mandat	-	Zasedanje 3	2008-03-28	-	Reference	English	Chairperson	MP	notMinister	HDZ	Hrvatska demokratska zajednica	Opposition	Centre-right	BebićLuka	Bebić, Luka	M	1937	
ParlaMint-HR-en_2008-02-27-0	ParlaMint-HR_2008-02-27-0.u1356	Minutes of the National Assembly of the Republic of Croatia, Term 6, Session 3	2008-02-27	Unicameralism	6. mandat	-	Zasedanje 3	2008-03-28	-	Reference	English	Regular	MP	notMinister	SDP	Socijaldemokratska partija Hrvatske	Opposition	Centre-left	FlegoGvozdenSrećko	Flego, Gvozden Srećko	M	1946	
ParlaMint-HR-en_2008-02-27-0	ParlaMint-HR_2008-02-27-0.u1357	Minutes of the National Assembly of the Republic of Croatia, Term 6, Session 3	2008-02-27	Unicameralism	6. mandat	-	Zasedanje 3	2008-03-28	-	Reference	English	Chairperson	MP	notMinister	HDZ	Hrvatska demokratska zajednica	Opposition	Centre-right	BebićLuka	Bebić, Luka	M	1937	
ParlaMint-HR-en_2008-02-27-0	ParlaMint-HR_2008-02-27-0.u1358	Minutes of the National Assembly of the Republic of Croatia, Term 6, Session 3	2008-02-27	Unicameralism	6. mandat	-	Zasedanje 3	2008-03-28	-	Reference	English	Regular	MP	notMinister	HDZ	Hrvatska demokratska zajednica	Opposition	Centre-right	HebrangAndrija	Hebrang, Andrija	F	1946	
ParlaMint-HR-en_2008-02-27-0	ParlaMint-HR_2008-02-27-0.u1359	Minutes of the National Assembly of the Republic of Croatia, Term 6, Session 3	2008-02-27	Unicameralism	6. mandat	-	Zasedanje 3	2008-03-28	-	Reference	English	Chairperson	MP	notMinister	HDZ	Hrvatska demokratska zajednica	Opposition	Centre-right	BebićLuka	Bebić, Luka	M	1937	
ParlaMint-HR-en_2008-02-27-0	ParlaMint-HR_2008-02-27-0.u1360	Minutes of the National Assembly of the Republic of Croatia, Term 6, Session 3	2008-02-27	Unicameralism	6. mandat	-	Zasedanje 3	2008-03-28	-	Reference	English	Regular	MP	notMinister	SDP	Socijaldemokratska partija Hrvatske	Opposition	Centre-left	AntičevićMarinovićIngrid	Antičević Marinović, Ingrid	F	1957	
ParlaMint-HR-en_2008-02-27-0	ParlaMint-HR_2008-02-27-0.u1361	Minutes of the National Assembly of the Republic of Croatia, Term 6, Session 3	2008-02-27	Unicameralism	6. mandat	-	Zasedanje 3	2008-03-28	-	Reference	English	Chairperson	MP	notMinister	HDZ	Hrvatska demokratska zajednica	Opposition	Centre-right	BebićLuka	Bebić, Luka	M	1937	
ParlaMint-HR-en_2008-02-27-0	ParlaMint-HR_2008-02-27-0.u1362	Minutes of the National Assembly of the Republic of Croatia, Term 6, Session 3	2008-02-27	Unicameralism	6. mandat	-	Zasedanje 3	2008-03-28	-	Reference	English	Regular	MP	notMinister	SDP	Socijaldemokratska partija Hrvatske	Opposition	Centre-left	JurjevićMarin	Jurjević, Marin	M	1952	
ParlaMint-HR-en_2008-02-27-0	ParlaMint-HR_2008-02-27-0.u1363	Minutes of the National Assembly of the Republic of Croatia, Term 6, Session 3	2008-02-27	Unicameralism	6. mandat	-	Zasedanje 3	2008-03-28	-	Reference	English	Chairperson	MP	notMinister	HDZ	Hrvatska demokratska zajednica	Opposition	Centre-right	BebićLuka	Bebić, Luka	M	1937	
ParlaMint-HR-en_2008-02-27-0	ParlaMint-HR_2008-02-27-0.u1364	Minutes of the National Assembly of the Republic of Croatia, Term 6, Session 3	2008-02-27	Unicameralism	6. mandat	-	Zasedanje 3	2008-03-28	-	Reference	English	Regular	MP	notMinister	SDP	Socijaldemokratska partija Hrvatske	Opposition	Centre-left	JurjevićMarin	Jurjević, Marin	M	1952	
ParlaMint-HR-en_2008-02-27-0	ParlaMint-HR_2008-02-27-0.u1365	Minutes of the National Assembly of the Republic of Croatia, Term 6, Session 3	2008-02-27	Unicameralism	6. mandat	-	Zasedanje 3	2008-03-28	-	Reference	English	Chairperson	MP	notMinister	HDZ	Hrvatska demokratska zajednica	Opposition	Centre-right	BebićLuka	Bebić, Luka	M	1937	
ParlaMint-HR-en_2008-02-27-0	ParlaMint-HR_2008-02-27-0.u1366	Minutes of the National Assembly of the Republic of Croatia, Term 6, Session 3	2008-02-27	Unicameralism	6. mandat	-	Zasedanje 3	2008-03-28	-	Reference	English	Regular	MP	notMinister	SDP	Socijaldemokratska partija Hrvatske	Opposition	Centre-left	ZgrebecDragica	Zgrebec, Dragica	F	1950	
ParlaMint-HR-en_2008-02-27-0	ParlaMint-HR_2008-02-27-0.u1367	Minutes of the National Assembly of the Republic of Croatia, Term 6, Session 3	2008-02-27	Unicameralism	6. mandat	-	Zasedanje 3	2008-03-28	-	Reference	English	Chairperson	MP	notMinister	HDZ	Hrvatska demokratska zajednica	Opposition	Centre-right	BebićLuka	Bebić, Luka	M	1937	
ParlaMint-HR-en_2008-02-27-0	ParlaMint-HR_2008-02-27-0.u1368	Minutes of the National Assembly of the Republic of Croatia, Term 6, Session 3	2008-02-27	Unicameralism	6. mandat	-	Zasedanje 3	2008-03-28	-	Reference	English	Regular	MP	notMinister	SDP	Socijaldemokratska partija Hrvatske	Opposition	Centre-left	AntičevićMarinovićIngrid	Antičević Marinović, Ingrid	F	1957	
ParlaMint-HR-en_2008-02-27-0	ParlaMint-HR_2008-02-27-0.u1369	Minutes of the National Assembly of the Republic of Croatia, Term 6, Session 3	2008-02-27	Unicameralism	6. mandat	-	Zasedanje 3	2008-03-28	-	Reference	English	Chairperson	MP	notMinister	HDZ	Hrvatska demokratska zajednica	Opposition	Centre-right	BebićLuka	Bebić, Luka	M	1937	
ParlaMint-HR-en_2008-02-27-0	ParlaMint-HR_2008-02-27-0.u1370	Minutes of the National Assembly of the Republic of Croatia, Term 6, Session 3	2008-02-27	Unicameralism	6. mandat	-	Zasedanje 3	2008-03-28	-	Reference	English	Regular	MP	notMinister	SDP	Socijaldemokratska partija Hrvatske	Opposition	Centre-left	JurjevićMarin	Jurjević, Marin	M	1952	
ParlaMint-HR-en_2008-02-27-0	ParlaMint-HR_2008-02-27-0.u1371	Minutes of the National Assembly of the Republic of Croatia, Term 6, Session 3	2008-02-27	Unicameralism	6. mandat	-	Zasedanje 3	2008-03-28	-	Reference	English	Chairperson	MP	notMinister	HDZ	Hrvatska demokratska zajednica	Opposition	Centre-right	BebićLuka	Bebić, Luka	M	1937	
ParlaMint-HR-en_2008-02-27-0	ParlaMint-HR_2008-02-27-0.u1372	Minutes of the National Assembly of the Republic of Croatia, Term 6, Session 3	2008-02-27	Unicameralism	6. mandat	-	Zasedanje 3	2008-03-28	-	Reference	English	Regular	MP	notMinister	SDP	Socijaldemokratska partija Hrvatske	Opposition	Centre-left	JurjevićMarin	Jurjević, Marin	M	1952	
ParlaMint-HR-en_2008-02-27-0	ParlaMint-HR_2008-02-27-0.u1373	Minutes of the National Assembly of the Republic of Croatia, Term 6, Session 3	2008-02-27	Unicameralism	6. mandat	-	Zasedanje 3	2008-03-28	-	Reference	English	Chairperson	MP	notMinister	HDZ	Hrvatska demokratska zajednica	Opposition	Centre-right	BebićLuka	Bebić, Luka	M	1937	
ParlaMint-HR-en_2008-02-27-0	ParlaMint-HR_2008-02-27-0.u1374	Minutes of the National Assembly of the Republic of Croatia, Term 6, Session 3	2008-02-27	Unicameralism	6. mandat	-	Zasedanje 3	2008-03-28	-	Reference	English	Regular	MP	notMinister	SDP	Socijaldemokratska partija Hrvatske	Opposition	Centre-left	AntičevićMarinovićIngrid	Antičević Marinović, Ingrid	F	1957	
ParlaMint-HR-en_2008-02-27-0	ParlaMint-HR_2008-02-27-0.u1375	Minutes of the National Assembly of the Republic of Croatia, Term 6, Session 3	2008-02-27	Unicameralism	6. mandat	-	Zasedanje 3	2008-03-28	-	Reference	English	Chairperson	MP	notMinister	HDZ	Hrvatska demokratska zajednica	Opposition	Centre-right	BebićLuka	Bebić, Luka	M	1937	
ParlaMint-HR-en_2008-02-27-0	ParlaMint-HR_2008-02-27-0.u1376	Minutes of the National Assembly of the Republic of Croatia, Term 6, Session 3	2008-02-27	Unicameralism	6. mandat	-	Zasedanje 3	2008-03-28	-	Reference	English	Regular	MP	notMinister	HDZ	Hrvatska demokratska zajednica	Opposition	Centre-right	HebrangAndrija	Hebrang, Andrija	F	1946	
ParlaMint-HR-en_2008-02-27-0	ParlaMint-HR_2008-02-27-0.u1377	Minutes of the National Assembly of the Republic of Croatia, Term 6, Session 3	2008-02-27	Unicameralism	6. mandat	-	Zasedanje 3	2008-03-28	-	Reference	English	Chairperson	MP	notMinister	HDZ	Hrvatska demokratska zajednica	Opposition	Centre-right	BebićLuka	Bebić, Luka	M	1937	
ParlaMint-HR-en_2008-02-27-0	ParlaMint-HR_2008-02-27-0.u1378	Minutes of the National Assembly of the Republic of Croatia, Term 6, Session 3	2008-02-27	Unicameralism	6. mandat	-	Zasedanje 3	2008-03-28	-	Reference	English	Regular	MP	notMinister	SDP	Socijaldemokratska partija Hrvatske	Opposition	Centre-left	LinićSlavko	Linić, Slavko	M	1949	
ParlaMint-HR-en_2008-02-27-0	ParlaMint-HR_2008-02-27-0.u1379	Minutes of the National Assembly of the Republic of Croatia, Term 6, Session 3	2008-02-27	Unicameralism	6. mandat	-	Zasedanje 3	2008-03-28	-	Reference	English	Chairperson	MP	notMinister	HDZ	Hrvatska demokratska zajednica	Opposition	Centre-right	BebićLuka	Bebić, Luka	M	1937	
ParlaMint-HR-en_2008-02-27-0	ParlaMint-HR_2008-02-27-0.u1380	Minutes of the National Assembly of the Republic of Croatia, Term 6, Session 3	2008-02-27	Unicameralism	6. mandat	-	Zasedanje 3	2008-03-28	-	Reference	English	Regular	MP	notMinister	HDZ	Hrvatska demokratska zajednica	Opposition	Centre-right	StrikićNedjeljko	Strikić, Nedjeljko	M	1961	
ParlaMint-HR-en_2008-02-27-0	ParlaMint-HR_2008-02-27-0.u1381	Minutes of the National Assembly of the Republic of Croatia, Term 6, Session 3	2008-02-27	Unicameralism	6. mandat	-	Zasedanje 3	2008-03-28	-	Reference	English	Chairperson	MP	notMinister	HDZ	Hrvatska demokratska zajednica	Opposition	Centre-right	BebićLuka	Bebić, Luka	M	1937	
ParlaMint-HR-en_2008-02-27-0	ParlaMint-HR_2008-02-27-0.u1382	Minutes of the National Assembly of the Republic of Croatia, Term 6, Session 3	2008-02-27	Unicameralism	6. mandat	-	Zasedanje 3	2008-03-28	-	Reference	English	Regular	MP	notMinister	HDZ	Hrvatska demokratska zajednica	Opposition	Centre-right	TomljanovićEmil	Tomljanović, Emil	M	1963	
ParlaMint-HR-en_2008-02-27-0	ParlaMint-HR_2008-02-27-0.u1383	Minutes of the National Assembly of the Republic of Croatia, Term 6, Session 3	2008-02-27	Unicameralism	6. mandat	-	Zasedanje 3	2008-03-28	-	Reference	English	Chairperson	MP	notMinister	HDZ	Hrvatska demokratska zajednica	Opposition	Centre-right	BebićLuka	Bebić, Luka	M	1937	
ParlaMint-HR-en_2008-02-27-0	ParlaMint-HR_2008-02-27-0.u1384	Minutes of the National Assembly of the Republic of Croatia, Term 6, Session 3	2008-02-27	Unicameralism	6. mandat	-	Zasedanje 3	2008-03-28	-	Reference	English	Regular	MP	notMinister	HDZ	Hrvatska demokratska zajednica	Opposition	Centre-right	MilinkovićStjepan	Milinković, Stjepan	M	1954	
ParlaMint-HR-en_2008-02-27-0	ParlaMint-HR_2008-02-27-0.u1385	Minutes of the National Assembly of the Republic of Croatia, Term 6, Session 3	2008-02-27	Unicameralism	6. mandat	-	Zasedanje 3	2008-03-28	-	Reference	English	Chairperson	MP	notMinister	HDZ	Hrvatska demokratska zajednica	Opposition	Centre-right	BebićLuka	Bebić, Luka	M	1937	
ParlaMint-HR-en_2008-02-27-0	ParlaMint-HR_2008-02-27-0.u1386	Minutes of the National Assembly of the Republic of Croatia, Term 6, Session 3	2008-02-27	Unicameralism	6. mandat	-	Zasedanje 3	2008-03-28	-	Reference	English	Regular	MP	notMinister	SDP	Socijaldemokratska partija Hrvatske	Opposition	Centre-left	AntičevićMarinovićIngrid	Antičević Marinović, Ingrid	F	1957	
ParlaMint-HR-en_2008-02-27-0	ParlaMint-HR_2008-02-27-0.u1387	Minutes of the National Assembly of the Republic of Croatia, Term 6, Session 3	2008-02-27	Unicameralism	6. mandat	-	Zasedanje 3	2008-03-28	-	Reference	English	Chairperson	MP	notMinister	HDZ	Hrvatska demokratska zajednica	Opposition	Centre-right	BebićLuka	Bebić, Luka	M	1937	
ParlaMint-HR-en_2008-02-27-0	ParlaMint-HR_2008-02-27-0.u1388	Minutes of the National Assembly of the Republic of Croatia, Term 6, Session 3	2008-02-27	Unicameralism	6. mandat	-	Zasedanje 3	2008-03-28	-	Reference	English	Regular	MP	notMinister	SDP	Socijaldemokratska partija Hrvatske	Opposition	Centre-left	LinićSlavko	Linić, Slavko	M	1949	
ParlaMint-HR-en_2008-02-27-0	ParlaMint-HR_2008-02-27-0.u1389	Minutes of the National Assembly of the Republic of Croatia, Term 6, Session 3	2008-02-27	Unicameralism	6. mandat	-	Zasedanje 3	2008-03-28	-	Reference	English	Chairperson	MP	notMinister	HDZ	Hrvatska demokratska zajednica	Opposition	Centre-right	BebićLuka	Bebić, Luka	M	1937	
ParlaMint-HR-en_2008-02-27-0	ParlaMint-HR_2008-02-27-0.u1390	Minutes of the National Assembly of the Republic of Croatia, Term 6, Session 3	2008-02-27	Unicameralism	6. mandat	-	Zasedanje 3	2008-03-28	-	Reference	English	Regular	MP	notMinister	SDP	Socijaldemokratska partija Hrvatske	Opposition	Centre-left	JurčićLjubo	Jurčić, Ljubo	M	1954	
ParlaMint-HR-en_2008-02-27-0	ParlaMint-HR_2008-02-27-0.u1391	Minutes of the National Assembly of the Republic of Croatia, Term 6, Session 3	2008-02-27	Unicameralism	6. mandat	-	Zasedanje 3	2008-03-28	-	Reference	English	Chairperson	MP	notMinister	HDZ	Hrvatska demokratska zajednica	Opposition	Centre-right	BebićLuka	Bebić, Luka	M	1937	
ParlaMint-HR-en_2008-02-27-0	ParlaMint-HR_2008-02-27-0.u1392	Minutes of the National Assembly of the Republic of Croatia, Term 6, Session 3	2008-02-27	Unicameralism	6. mandat	-	Zasedanje 3	2008-03-28	-	Reference	English	Regular	MP	notMinister	HDZ	Hrvatska demokratska zajednica	Opposition	Centre-right	ĆosićKrešimir	Ćosić, Krešimir	M	1949	
ParlaMint-HR-en_2008-02-27-0	ParlaMint-HR_2008-02-27-0.u1393	Minutes of the National Assembly of the Republic of Croatia, Term 6, Session 3	2008-02-27	Unicameralism	6. mandat	-	Zasedanje 3	2008-03-28	-	Reference	English	Chairperson	MP	notMinister	HDZ	Hrvatska demokratska zajednica	Opposition	Centre-right	BebićLuka	Bebić, Luka	M	1937	
ParlaMint-HR-en_2008-02-27-0	ParlaMint-HR_2008-02-27-0.u1394	Minutes of the National Assembly of the Republic of Croatia, Term 6, Session 3	2008-02-27	Unicameralism	6. mandat	-	Zasedanje 3	2008-03-28	-	Reference	English	Regular	MP	notMinister	SDP	Socijaldemokratska partija Hrvatske	Opposition	Centre-left	GrčićBranko	Grčić, Branko	M	1964	
ParlaMint-HR-en_2008-02-27-0	ParlaMint-HR_2008-02-27-0.u1395	Minutes of the National Assembly of the Republic of Croatia, Term 6, Session 3	2008-02-27	Unicameralism	6. mandat	-	Zasedanje 3	2008-03-28	-	Reference	English	Chairperson	MP	notMinister	SDP	Socijaldemokratska partija Hrvatske	Opposition	Centre-left	MimicaNeven	Mimica, Neven	M	1953	
ParlaMint-HR-en_2008-02-27-0	ParlaMint-HR_2008-02-27-0.u1396	Minutes of the National Assembly of the Republic of Croatia, Term 6, Session 3	2008-02-27	Unicameralism	6. mandat	-	Zasedanje 3	2008-03-28	-	Reference	English	Regular	MP	notMinister	SDP	Socijaldemokratska partija Hrvatske	Opposition	Centre-left	GrčićBranko	Grčić, Branko	M	1964	
ParlaMint-HR-en_2008-02-27-0	ParlaMint-HR_2008-02-27-0.u1397	Minutes of the National Assembly of the Republic of Croatia, Term 6, Session 3	2008-02-27	Unicameralism	6. mandat	-	Zasedanje 3	2008-03-28	-	Reference	English	Chairperson	MP	notMinister	SDP	Socijaldemokratska partija Hrvatske	Opposition	Centre-left	MimicaNeven	Mimica, Neven	M	1953	
ParlaMint-HR-en_2008-02-27-0	ParlaMint-HR_2008-02-27-0.u1398	Minutes of the National Assembly of the Republic of Croatia, Term 6, Session 3	2008-02-27	Unicameralism	6. mandat	-	Zasedanje 3	2008-03-28	-	Reference	English	Regular	MP	notMinister	SDP	Socijaldemokratska partija Hrvatske	Opposition	Centre-left	JurjevićMarin	Jurjević, Marin	M	1952	
ParlaMint-HR-en_2008-02-27-0	ParlaMint-HR_2008-02-27-0.u1399	Minutes of the National Assembly of the Republic of Croatia, Term 6, Session 3	2008-02-27	Unicameralism	6. mandat	-	Zasedanje 3	2008-03-28	-	Reference	English	Chairperson	MP	notMinister	SDP	Socijaldemokratska partija Hrvatske	Opposition	Centre-left	MimicaNeven	Mimica, Neven	M	1953	
ParlaMint-HR-en_2008-02-27-0	ParlaMint-HR_2008-02-27-0.u1400	Minutes of the National Assembly of the Republic of Croatia, Term 6, Session 3	2008-02-27	Unicameralism	6. mandat	-	Zasedanje 3	2008-03-28	-	Reference	English	Regular	MP	notMinister	HDZ	Hrvatska demokratska zajednica	Opposition	Centre-right	NenadićŽivko	Nenadić, Živko	M	1956	
ParlaMint-HR-en_2008-02-27-0	ParlaMint-HR_2008-02-27-0.u1401	Minutes of the National Assembly of the Republic of Croatia, Term 6, Session 3	2008-02-27	Unicameralism	6. mandat	-	Zasedanje 3	2008-03-28	-	Reference	English	Chairperson	MP	notMinister	SDP	Socijaldemokratska partija Hrvatske	Opposition	Centre-left	MimicaNeven	Mimica, Neven	M	1953	
ParlaMint-HR-en_2008-02-27-0	ParlaMint-HR_2008-02-27-0.u1402	Minutes of the National Assembly of the Republic of Croatia, Term 6, Session 3	2008-02-27	Unicameralism	6. mandat	-	Zasedanje 3	2008-03-28	-	Reference	English	Regular	MP	notMinister	SDP	Socijaldemokratska partija Hrvatske	Opposition	Centre-left	JurjevićMarin	Jurjević, Marin	M	1952	
ParlaMint-HR-en_2008-02-27-0	ParlaMint-HR_2008-02-27-0.u1403	Minutes of the National Assembly of the Republic of Croatia, Term 6, Session 3	2008-02-27	Unicameralism	6. mandat	-	Zasedanje 3	2008-03-28	-	Reference	English	Chairperson	MP	notMinister	SDP	Socijaldemokratska partija Hrvatske	Opposition	Centre-left	MimicaNeven	Mimica, Neven	M	1953	
ParlaMint-HR-en_2008-02-27-0	ParlaMint-HR_2008-02-27-0.u1404	Minutes of the National Assembly of the Republic of Croatia, Term 6, Session 3	2008-02-27	Unicameralism	6. mandat	-	Zasedanje 3	2008-03-28	-	Reference	English	Regular	MP	notMinister	SDP	Socijaldemokratska partija Hrvatske	Opposition	Centre-left	CrljenkoBrankica	Crljenko, Brankica	F	1965	
ParlaMint-HR-en_2008-02-27-0	ParlaMint-HR_2008-02-27-0.u1405	Minutes of the National Assembly of the Republic of Croatia, Term 6, Session 3	2008-02-27	Unicameralism	6. mandat	-	Zasedanje 3	2008-03-28	-	Reference	English	Chairperson	MP	notMinister	SDP	Socijaldemokratska partija Hrvatske	Opposition	Centre-left	MimicaNeven	Mimica, Neven	M	1953	
ParlaMint-HR-en_2008-02-27-0	ParlaMint-HR_2008-02-27-0.u1406	Minutes of the National Assembly of the Republic of Croatia, Term 6, Session 3	2008-02-27	Unicameralism	6. mandat	-	Zasedanje 3	2008-03-28	-	Reference	English	Regular	MP	notMinister	HDZ	Hrvatska demokratska zajednica	Opposition	Centre-right	ĆosićKrešimir	Ćosić, Krešimir	M	1949	
ParlaMint-HR-en_2008-02-27-0	ParlaMint-HR_2008-02-27-0.u1407	Minutes of the National Assembly of the Republic of Croatia, Term 6, Session 3	2008-02-27	Unicameralism	6. mandat	-	Zasedanje 3	2008-03-28	-	Reference	English	Chairperson	MP	notMinister	SDP	Socijaldemokratska partija Hrvatske	Opposition	Centre-left	MimicaNeven	Mimica, Neven	M	1953	
ParlaMint-HR-en_2008-02-27-0	ParlaMint-HR_2008-02-27-0.u1408	Minutes of the National Assembly of the Republic of Croatia, Term 6, Session 3	2008-02-27	Unicameralism	6. mandat	-	Zasedanje 3	2008-03-28	-	Reference	English	Regular	MP	notMinister	SDP	Socijaldemokratska partija Hrvatske	Opposition	Centre-left	LugarićMarija	Lugarić, Marija	F	1978	
ParlaMint-HR-en_2008-02-27-0	ParlaMint-HR_2008-02-27-0.u1409	Minutes of the National Assembly of the Republic of Croatia, Term 6, Session 3	2008-02-27	Unicameralism	6. mandat	-	Zasedanje 3	2008-03-28	-	Reference	English	Chairperson	MP	notMinister	SDP	Socijaldemokratska partija Hrvatske	Opposition	Centre-left	MimicaNeven	Mimica, Neven	M	1953	
ParlaMint-HR-en_2008-02-27-0	ParlaMint-HR_2008-02-27-0.u1410	Minutes of the National Assembly of the Republic of Croatia, Term 6, Session 3	2008-02-27	Unicameralism	6. mandat	-	Zasedanje 3	2008-03-28	-	Reference	English	Regular	MP	notMinister	HDZ	Hrvatska demokratska zajednica	Opposition	Centre-right	ĆosićKrešimir	Ćosić, Krešimir	M	1949	
ParlaMint-HR-en_2008-02-27-0	ParlaMint-HR_2008-02-27-0.u1411	Minutes of the National Assembly of the Republic of Croatia, Term 6, Session 3	2008-02-27	Unicameralism	6. mandat	-	Zasedanje 3	2008-03-28	-	Reference	English	Chairperson	MP	notMinister	SDP	Socijaldemokratska partija Hrvatske	Opposition	Centre-left	MimicaNeven	Mimica, Neven	M	1953	
ParlaMint-HR-en_2008-02-27-0	ParlaMint-HR_2008-02-27-0.u1412	Minutes of the National Assembly of the Republic of Croatia, Term 6, Session 3	2008-02-27	Unicameralism	6. mandat	-	Zasedanje 3	2008-03-28	-	Reference	English	Regular	MP	notMinister	SDP	Socijaldemokratska partija Hrvatske	Opposition	Centre-left	ZgrebecDragica	Zgrebec, Dragica	F	1950	
ParlaMint-HR-en_2008-02-27-0	ParlaMint-HR_2008-02-27-0.u1413	Minutes of the National Assembly of the Republic of Croatia, Term 6, Session 3	2008-02-27	Unicameralism	6. mandat	-	Zasedanje 3	2008-03-28	-	Reference	English	Chairperson	MP	notMinister	SDP	Socijaldemokratska partija Hrvatske	Opposition	Centre-left	MimicaNeven	Mimica, Neven	M	1953	
ParlaMint-HR-en_2008-02-27-0	ParlaMint-HR_2008-02-27-0.u1414	Minutes of the National Assembly of the Republic of Croatia, Term 6, Session 3	2008-02-27	Unicameralism	6. mandat	-	Zasedanje 3	2008-03-28	-	Reference	English	Regular	MP	notMinister	SDP	Socijaldemokratska partija Hrvatske	Opposition	Centre-left	AntičevićMarinovićIngrid	Antičević Marinović, Ingrid	F	1957	
ParlaMint-HR-en_2008-02-27-0	ParlaMint-HR_2008-02-27-0.u1415	Minutes of the National Assembly of the Republic of Croatia, Term 6, Session 3	2008-02-27	Unicameralism	6. mandat	-	Zasedanje 3	2008-03-28	-	Reference	English	Chairperson	MP	notMinister	SDP	Socijaldemokratska partija Hrvatske	Opposition	Centre-left	MimicaNeven	Mimica, Neven	M	1953	
ParlaMint-HR-en_2008-02-27-0	ParlaMint-HR_2008-02-27-0.u1416	Minutes of the National Assembly of the Republic of Croatia, Term 6, Session 3	2008-02-27	Unicameralism	6. mandat	-	Zasedanje 3	2008-03-28	-	Reference	English	Regular	MP	notMinister	SDP	Socijaldemokratska partija Hrvatske	Opposition	Centre-left	ZgrebecDragica	Zgrebec, Dragica	F	1950	
ParlaMint-HR-en_2008-02-27-0	ParlaMint-HR_2008-02-27-0.u1417	Minutes of the National Assembly of the Republic of Croatia, Term 6, Session 3	2008-02-27	Unicameralism	6. mandat	-	Zasedanje 3	2008-03-28	-	Reference	English	Chairperson	MP	notMinister	SDP	Socijaldemokratska partija Hrvatske	Opposition	Centre-left	MimicaNeven	Mimica, Neven	M	1953	
ParlaMint-HR-en_2008-02-27-0	ParlaMint-HR_2008-02-27-0.u1418	Minutes of the National Assembly of the Republic of Croatia, Term 6, Session 3	2008-02-27	Unicameralism	6. mandat	-	Zasedanje 3	2008-03-28	-	Reference	English	Regular	MP	notMinister	HDZ	Hrvatska demokratska zajednica	Opposition	Centre-right	ŠetićNevio	Šetić, Nevio	M	1958	
ParlaMint-HR-en_2008-02-27-0	ParlaMint-HR_2008-02-27-0.u1419	Minutes of the National Assembly of the Republic of Croatia, Term 6, Session 3	2008-02-27	Unicameralism	6. mandat	-	Zasedanje 3	2008-03-28	-	Reference	English	Chairperson	MP	notMinister	SDP	Socijaldemokratska partija Hrvatske	Opposition	Centre-left	MimicaNeven	Mimica, Neven	M	1953	
ParlaMint-HR-en_2008-02-27-0	ParlaMint-HR_2008-02-27-0.u1420	Minutes of the National Assembly of the Republic of Croatia, Term 6, Session 3	2008-02-27	Unicameralism	6. mandat	-	Zasedanje 3	2008-03-28	-	Reference	English	Regular	MP	notMinister	SDP	Socijaldemokratska partija Hrvatske	Opposition	Centre-left	ZgrebecDragica	Zgrebec, Dragica	F	1950	
ParlaMint-HR-en_2008-02-27-0	ParlaMint-HR_2008-02-27-0.u1421	Minutes of the National Assembly of the Republic of Croatia, Term 6, Session 3	2008-02-27	Unicameralism	6. mandat	-	Zasedanje 3	2008-03-28	-	Reference	English	Chairperson	MP	notMinister	HDZ	Hrvatska demokratska zajednica	Opposition	Centre-right	ŠeksVladimir	Šeks, Vladimir	M	1943	
ParlaMint-HR-en_2008-02-27-0	ParlaMint-HR_2008-02-27-0.u1422	Minutes of the National Assembly of the Republic of Croatia, Term 6, Session 3	2008-02-27	Unicameralism	6. mandat	-	Zasedanje 3	2008-03-28	-	Reference	English	Regular	MP	notMinister	SDP	Socijaldemokratska partija Hrvatske	Opposition	Centre-left	OpačićMilanka	Opačić, Milanka	F	1968	
ParlaMint-HR-en_2008-02-27-0	ParlaMint-HR_2008-02-27-0.u1423	Minutes of the National Assembly of the Republic of Croatia, Term 6, Session 3	2008-02-27	Unicameralism	6. mandat	-	Zasedanje 3	2008-03-28	-	Reference	English	Chairperson	MP	notMinister	HDZ	Hrvatska demokratska zajednica	Opposition	Centre-right	ŠeksVladimir	Šeks, Vladimir	M	1943	
ParlaMint-HR-en_2008-02-27-0	ParlaMint-HR_2008-02-27-0.u1424	Minutes of the National Assembly of the Republic of Croatia, Term 6, Session 3	2008-02-27	Unicameralism	6. mandat	-	Zasedanje 3	2008-03-28	-	Reference	English	Regular	MP	notMinister	HDZ	Hrvatska demokratska zajednica	Opposition	Centre-right	MarkovinovićKrunoslav	Markovinović, Krunoslav	M	1945	
ParlaMint-HR-en_2008-02-27-0	ParlaMint-HR_2008-02-27-0.u1425	Minutes of the National Assembly of the Republic of Croatia, Term 6, Session 3	2008-02-27	Unicameralism	6. mandat	-	Zasedanje 3	2008-03-28	-	Reference	English	Chairperson	MP	notMinister	HDZ	Hrvatska demokratska zajednica	Opposition	Centre-right	ŠeksVladimir	Šeks, Vladimir	M	1943	
ParlaMint-HR-en_2008-02-27-0	ParlaMint-HR_2008-02-27-0.u1426	Minutes of the National Assembly of the Republic of Croatia, Term 6, Session 3	2008-02-27	Unicameralism	6. mandat	-	Zasedanje 3	2008-03-28	-	Reference	English	Regular	MP	notMinister	HDZ	Hrvatska demokratska zajednica	Opposition	Centre-right	BilićVardićSuzana	Bilić Vardić, Suzana	F	1964	
ParlaMint-HR-en_2008-02-27-0	ParlaMint-HR_2008-02-27-0.u1427	Minutes of the National Assembly of the Republic of Croatia, Term 6, Session 3	2008-02-27	Unicameralism	6. mandat	-	Zasedanje 3	2008-03-28	-	Reference	English	Chairperson	MP	notMinister	HDZ	Hrvatska demokratska zajednica	Opposition	Centre-right	ŠeksVladimir	Šeks, Vladimir	M	1943	
ParlaMint-HR-en_2008-02-27-0	ParlaMint-HR_2008-02-27-0.u1428	Minutes of the National Assembly of the Republic of Croatia, Term 6, Session 3	2008-02-27	Unicameralism	6. mandat	-	Zasedanje 3	2008-03-28	-	Reference	English	Regular	MP	notMinister	HDZ	Hrvatska demokratska zajednica	Opposition	Centre-right	FilipovićKrešo	Filipović, Krešo	M	1962	
ParlaMint-HR-en_2008-02-27-0	ParlaMint-HR_2008-02-27-0.u1429	Minutes of the National Assembly of the Republic of Croatia, Term 6, Session 3	2008-02-27	Unicameralism	6. mandat	-	Zasedanje 3	2008-03-28	-	Reference	English	Chairperson	MP	notMinister	HDZ	Hrvatska demokratska zajednica	Opposition	Centre-right	ŠeksVladimir	Šeks, Vladimir	M	1943	
ParlaMint-HR-en_2008-02-27-0	ParlaMint-HR_2008-02-27-0.u1430	Minutes of the National Assembly of the Republic of Croatia, Term 6, Session 3	2008-02-27	Unicameralism	6. mandat	-	Zasedanje 3	2008-03-28	-	Reference	English	Regular	MP	notMinister	HDZ	Hrvatska demokratska zajednica	Opposition	Centre-right	CaparinKarmela	Caparin, Karmela	F	1954	
ParlaMint-HR-en_2008-02-27-0	ParlaMint-HR_2008-02-27-0.u1431	Minutes of the National Assembly of the Republic of Croatia, Term 6, Session 3	2008-02-27	Unicameralism	6. mandat	-	Zasedanje 3	2008-03-28	-	Reference	English	Chairperson	MP	notMinister	HDZ	Hrvatska demokratska zajednica	Opposition	Centre-right	ŠeksVladimir	Šeks, Vladimir	M	1943	
ParlaMint-HR-en_2008-02-27-0	ParlaMint-HR_2008-02-27-0.u1432	Minutes of the National Assembly of the Republic of Croatia, Term 6, Session 3	2008-02-27	Unicameralism	6. mandat	-	Zasedanje 3	2008-03-28	-	Reference	English	Regular	MP	notMinister	HDZ	Hrvatska demokratska zajednica	Opposition	Centre-right	MatušićFrano	Matušić, Frano	M	1961	
ParlaMint-HR-en_2008-02-27-0	ParlaMint-HR_2008-02-27-0.u1433	Minutes of the National Assembly of the Republic of Croatia, Term 6, Session 3	2008-02-27	Unicameralism	6. mandat	-	Zasedanje 3	2008-03-28	-	Reference	English	Chairperson	MP	notMinister	HDZ	Hrvatska demokratska zajednica	Opposition	Centre-right	ŠeksVladimir	Šeks, Vladimir	M	1943	
ParlaMint-HR-en_2008-02-27-0	ParlaMint-HR_2008-02-27-0.u1434	Minutes of the National Assembly of the Republic of Croatia, Term 6, Session 3	2008-02-27	Unicameralism	6. mandat	-	Zasedanje 3	2008-03-28	-	Reference	English	Regular	MP	notMinister	SDP	Socijaldemokratska partija Hrvatske	Opposition	Centre-left	DragovanIgor	Dragovan, Igor	M	1968	
ParlaMint-HR-en_2008-02-27-0	ParlaMint-HR_2008-02-27-0.u1435	Minutes of the National Assembly of the Republic of Croatia, Term 6, Session 3	2008-02-27	Unicameralism	6. mandat	-	Zasedanje 3	2008-03-28	-	Reference	English	Chairperson	MP	notMinister	HDZ	Hrvatska demokratska zajednica	Opposition	Centre-right	ŠeksVladimir	Šeks, Vladimir	M	1943	
ParlaMint-HR-en_2008-02-27-0	ParlaMint-HR_2008-02-27-0.u1436	Minutes of the National Assembly of the Republic of Croatia, Term 6, Session 3	2008-02-27	Unicameralism	6. mandat	-	Zasedanje 3	2008-03-28	-	Reference	English	Regular	MP	notMinister	HDZ	Hrvatska demokratska zajednica	Opposition	Centre-right	HebrangAndrija	Hebrang, Andrija	F	1946	
ParlaMint-HR-en_2008-02-27-0	ParlaMint-HR_2008-02-27-0.u1437	Minutes of the National Assembly of the Republic of Croatia, Term 6, Session 3	2008-02-27	Unicameralism	6. mandat	-	Zasedanje 3	2008-03-28	-	Reference	English	Chairperson	MP	notMinister	HDZ	Hrvatska demokratska zajednica	Opposition	Centre-right	ŠeksVladimir	Šeks, Vladimir	M	1943	
ParlaMint-HR-en_2008-02-27-0	ParlaMint-HR_2008-02-27-0.u1438	Minutes of the National Assembly of the Republic of Croatia, Term 6, Session 3	2008-02-27	Unicameralism	6. mandat	-	Zasedanje 3	2008-03-28	-	Reference	English	Regular	MP	notMinister	HDZ	Hrvatska demokratska zajednica	Opposition	Centre-right	MatušićFrano	Matušić, Frano	M	1961	
ParlaMint-HR-en_2008-02-27-0	ParlaMint-HR_2008-02-27-0.u1439	Minutes of the National Assembly of the Republic of Croatia, Term 6, Session 3	2008-02-27	Unicameralism	6. mandat	-	Zasedanje 3	2008-03-28	-	Reference	English	Chairperson	MP	notMinister	HDZ	Hrvatska demokratska zajednica	Opposition	Centre-right	ŠeksVladimir	Šeks, Vladimir	M	1943	
ParlaMint-HR-en_2008-02-27-0	ParlaMint-HR_2008-02-27-0.u1440	Minutes of the National Assembly of the Republic of Croatia, Term 6, Session 3	2008-02-27	Unicameralism	6. mandat	-	Zasedanje 3	2008-03-28	-	Reference	English	Regular	MP	notMinister	HDZ	Hrvatska demokratska zajednica	Opposition	Centre-right	RoksandićIvanka	Roksandić, Ivanka	F	1954	
ParlaMint-HR-en_2008-02-27-0	ParlaMint-HR_2008-02-27-0.u1441	Minutes of the National Assembly of the Republic of Croatia, Term 6, Session 3	2008-02-27	Unicameralism	6. mandat	-	Zasedanje 3	2008-03-28	-	Reference	English	Chairperson	MP	notMinister	HDZ	Hrvatska demokratska zajednica	Opposition	Centre-right	ŠeksVladimir	Šeks, Vladimir	M	1943	
ParlaMint-HR-en_2008-02-27-0	ParlaMint-HR_2008-02-27-0.u1442	Minutes of the National Assembly of the Republic of Croatia, Term 6, Session 3	2008-02-27	Unicameralism	6. mandat	-	Zasedanje 3	2008-03-28	-	Reference	English	Regular	MP	notMinister	HDZ	Hrvatska demokratska zajednica	Opposition	Centre-right	MarkovinovićKrunoslav	Markovinović, Krunoslav	M	1945	
ParlaMint-HR-en_2008-02-27-0	ParlaMint-HR_2008-02-27-0.u1443	Minutes of the National Assembly of the Republic of Croatia, Term 6, Session 3	2008-02-27	Unicameralism	6. mandat	-	Zasedanje 3	2008-03-28	-	Reference	English	Chairperson	MP	notMinister	HDZ	Hrvatska demokratska zajednica	Opposition	Centre-right	ŠeksVladimir	Šeks, Vladimir	M	1943	
ParlaMint-HR-en_2008-02-27-0	ParlaMint-HR_2008-02-27-0.u1444	Minutes of the National Assembly of the Republic of Croatia, Term 6, Session 3	2008-02-27	Unicameralism	6. mandat	-	Zasedanje 3	2008-03-28	-	Reference	English	Regular	MP	notMinister	SDP	Socijaldemokratska partija Hrvatske	Opposition	Centre-left	DragovanIgor	Dragovan, Igor	M	1968	
ParlaMint-HR-en_2008-02-27-0	ParlaMint-HR_2008-02-27-0.u1445	Minutes of the National Assembly of the Republic of Croatia, Term 6, Session 3	2008-02-27	Unicameralism	6. mandat	-	Zasedanje 3	2008-03-28	-	Reference	English	Chairperson	MP	notMinister	HDZ	Hrvatska demokratska zajednica	Opposition	Centre-right	ŠeksVladimir	Šeks, Vladimir	M	1943	
ParlaMint-HR-en_2008-02-27-0	ParlaMint-HR_2008-02-27-0.u1446	Minutes of the National Assembly of the Republic of Croatia, Term 6, Session 3	2008-02-27	Unicameralism	6. mandat	-	Zasedanje 3	2008-03-28	-	Reference	English	Regular	MP	notMinister	SDP	Socijaldemokratska partija Hrvatske	Opposition	Centre-left	MarasGordan	Maras, Gordan	M	1974	
ParlaMint-HR-en_2008-02-27-0	ParlaMint-HR_2008-02-27-0.u1447	Minutes of the National Assembly of the Republic of Croatia, Term 6, Session 3	2008-02-27	Unicameralism	6. mandat	-	Zasedanje 3	2008-03-28	-	Reference	English	Chairperson	MP	notMinister	HDZ	Hrvatska demokratska zajednica	Opposition	Centre-right	ŠeksVladimir	Šeks, Vladimir	M	1943	
ParlaMint-HR-en_2008-02-27-0	ParlaMint-HR_2008-02-27-0.u1448	Minutes of the National Assembly of the Republic of Croatia, Term 6, Session 3	2008-02-27	Unicameralism	6. mandat	-	Zasedanje 3	2008-03-28	-	Reference	English	Regular	MP	notMinister	HDZ	Hrvatska demokratska zajednica	Opposition	Centre-right	TurkŽeljko	Turk, Željko	M	1962	
ParlaMint-HR-en_2008-02-27-0	ParlaMint-HR_2008-02-27-0.u1449	Minutes of the National Assembly of the Republic of Croatia, Term 6, Session 3	2008-02-27	Unicameralism	6. mandat	-	Zasedanje 3	2008-03-28	-	Reference	English	Chairperson	MP	notMinister	HDZ	Hrvatska demokratska zajednica	Opposition	Centre-right	ŠeksVladimir	Šeks, Vladimir	M	1943	
ParlaMint-HR-en_2008-02-27-0	ParlaMint-HR_2008-02-27-0.u1450	Minutes of the National Assembly of the Republic of Croatia, Term 6, Session 3	2008-02-27	Unicameralism	6. mandat	-	Zasedanje 3	2008-03-28	-	Reference	English	Regular	MP	notMinister	HDZ	Hrvatska demokratska zajednica	Opposition	Centre-right	FilipovićKrešo	Filipović, Krešo	M	1962	
ParlaMint-HR-en_2008-02-27-0	ParlaMint-HR_2008-02-27-0.u1451	Minutes of the National Assembly of the Republic of Croatia, Term 6, Session 3	2008-02-27	Unicameralism	6. mandat	-	Zasedanje 3	2008-03-28	-	Reference	English	Chairperson	MP	notMinister	HDZ	Hrvatska demokratska zajednica	Opposition	Centre-right	ŠeksVladimir	Šeks, Vladimir	M	1943	
ParlaMint-HR-en_2008-02-27-0	ParlaMint-HR_2008-02-27-0.u1452	Minutes of the National Assembly of the Republic of Croatia, Term 6, Session 3	2008-02-27	Unicameralism	6. mandat	-	Zasedanje 3	2008-03-28	-	Reference	English	Regular	MP	notMinister	SDP	Socijaldemokratska partija Hrvatske	Opposition	Centre-left	DragovanIgor	Dragovan, Igor	M	1968	
ParlaMint-HR-en_2008-02-27-0	ParlaMint-HR_2008-02-27-0.u1453	Minutes of the National Assembly of the Republic of Croatia, Term 6, Session 3	2008-02-27	Unicameralism	6. mandat	-	Zasedanje 3	2008-03-28	-	Reference	English	Chairperson	MP	notMinister	HDZ	Hrvatska demokratska zajednica	Opposition	Centre-right	ŠeksVladimir	Šeks, Vladimir	M	1943	
ParlaMint-HR-en_2008-02-27-0	ParlaMint-HR_2008-02-27-0.u1454	Minutes of the National Assembly of the Republic of Croatia, Term 6, Session 3	2008-02-27	Unicameralism	6. mandat	-	Zasedanje 3	2008-03-28	-	Reference	English	Regular	MP	notMinister	HDZ	Hrvatska demokratska zajednica	Opposition	Centre-right	KunstBoris	Kunst, Boris	M	1957	
ParlaMint-HR-en_2008-02-27-0	ParlaMint-HR_2008-02-27-0.u1455	Minutes of the National Assembly of the Republic of Croatia, Term 6, Session 3	2008-02-27	Unicameralism	6. mandat	-	Zasedanje 3	2008-03-28	-	Reference	English	Chairperson	MP	notMinister	HDZ	Hrvatska demokratska zajednica	Opposition	Centre-right	ŠeksVladimir	Šeks, Vladimir	M	1943	
ParlaMint-HR-en_2008-02-27-0	ParlaMint-HR_2008-02-27-0.u1456	Minutes of the National Assembly of the Republic of Croatia, Term 6, Session 3	2008-02-27	Unicameralism	6. mandat	-	Zasedanje 3	2008-03-28	-	Reference	English	Regular	MP	notMinister	HDZ	Hrvatska demokratska zajednica	Opposition	Centre-right	KunstBoris	Kunst, Boris	M	1957	
ParlaMint-HR-en_2008-02-27-0	ParlaMint-HR_2008-02-27-0.u1457	Minutes of the National Assembly of the Republic of Croatia, Term 6, Session 3	2008-02-27	Unicameralism	6. mandat	-	Zasedanje 3	2008-03-28	-	Reference	English	Chairperson	MP	notMinister	HDZ	Hrvatska demokratska zajednica	Opposition	Centre-right	ŠeksVladimir	Šeks, Vladimir	M	1943	
ParlaMint-HR-en_2008-02-27-0	ParlaMint-HR_2008-02-27-0.u1458	Minutes of the National Assembly of the Republic of Croatia, Term 6, Session 3	2008-02-27	Unicameralism	6. mandat	-	Zasedanje 3	2008-03-28	-	Reference	English	Regular	MP	notMinister	SDP	Socijaldemokratska partija Hrvatske	Opposition	Centre-left	DragovanIgor	Dragovan, Igor	M	1968	
ParlaMint-HR-en_2008-02-27-0	ParlaMint-HR_2008-02-27-0.u1459	Minutes of the National Assembly of the Republic of Croatia, Term 6, Session 3	2008-02-27	Unicameralism	6. mandat	-	Zasedanje 3	2008-03-28	-	Reference	English	Chairperson	MP	notMinister	HDZ	Hrvatska demokratska zajednica	Opposition	Centre-right	ŠeksVladimir	Šeks, Vladimir	M	1943	
ParlaMint-HR-en_2008-02-27-0	ParlaMint-HR_2008-02-27-0.u1460	Minutes of the National Assembly of the Republic of Croatia, Term 6, Session 3	2008-02-27	Unicameralism	6. mandat	-	Zasedanje 3	2008-03-28	-	Reference	English	Regular	MP	notMinister	HDZ	Hrvatska demokratska zajednica	Opposition	Centre-right	MatušićFrano	Matušić, Frano	M	1961	
ParlaMint-HR-en_2008-02-27-0	ParlaMint-HR_2008-02-27-0.u1461	Minutes of the National Assembly of the Republic of Croatia, Term 6, Session 3	2008-02-27	Unicameralism	6. mandat	-	Zasedanje 3	2008-03-28	-	Reference	English	Chairperson	MP	notMinister	HDZ	Hrvatska demokratska zajednica	Opposition	Centre-right	ŠeksVladimir	Šeks, Vladimir	M	1943	
ParlaMint-HR-en_2008-02-27-0	ParlaMint-HR_2008-02-27-0.u1462	Minutes of the National Assembly of the Republic of Croatia, Term 6, Session 3	2008-02-27	Unicameralism	6. mandat	-	Zasedanje 3	2008-03-28	-	Reference	English	Regular	MP	notMinister	SDP	Socijaldemokratska partija Hrvatske	Opposition	Centre-left	LugarićMarija	Lugarić, Marija	F	1978	
ParlaMint-HR-en_2008-02-27-0	ParlaMint-HR_2008-02-27-0.u1463	Minutes of the National Assembly of the Republic of Croatia, Term 6, Session 3	2008-02-27	Unicameralism	6. mandat	-	Zasedanje 3	2008-03-28	-	Reference	English	Chairperson	MP	notMinister	HDZ	Hrvatska demokratska zajednica	Opposition	Centre-right	ŠeksVladimir	Šeks, Vladimir	M	1943	
ParlaMint-HR-en_2008-02-27-0	ParlaMint-HR_2008-02-27-0.u1464	Minutes of the National Assembly of the Republic of Croatia, Term 6, Session 3	2008-02-27	Unicameralism	6. mandat	-	Zasedanje 3	2008-03-28	-	Reference	English	Regular	notMP	notMinister	-	-	-	-	LesarDragutin	Lesar, Dragutin	M	1956	
ParlaMint-HR-en_2008-02-27-0	ParlaMint-HR_2008-02-27-0.u1465	Minutes of the National Assembly of the Republic of Croatia, Term 6, Session 3	2008-02-27	Unicameralism	6. mandat	-	Zasedanje 3	2008-03-28	-	Reference	English	Chairperson	MP	notMinister	HDZ	Hrvatska demokratska zajednica	Opposition	Centre-right	ŠeksVladimir	Šeks, Vladimir	M	1943	
ParlaMint-HR-en_2008-02-27-0	ParlaMint-HR_2008-02-27-0.u1466	Minutes of the National Assembly of the Republic of Croatia, Term 6, Session 3	2008-02-27	Unicameralism	6. mandat	-	Zasedanje 3	2008-03-28	-	Reference	English	Regular	MP	notMinister	SDP	Socijaldemokratska partija Hrvatske	Opposition	Centre-left	StazićNenad	Stazić, Nenad	M	1957	
ParlaMint-HR-en_2008-02-27-0	ParlaMint-HR_2008-02-27-0.u1467	Minutes of the National Assembly of the Republic of Croatia, Term 6, Session 3	2008-02-27	Unicameralism	6. mandat	-	Zasedanje 3	2008-03-28	-	Reference	English	Chairperson	MP	notMinister	HDZ	Hrvatska demokratska zajednica	Opposition	Centre-right	ŠeksVladimir	Šeks, Vladimir	M	1943	
ParlaMint-HR-en_2008-02-27-0	ParlaMint-HR_2008-02-27-0.u1468	Minutes of the National Assembly of the Republic of Croatia, Term 6, Session 3	2008-02-27	Unicameralism	6. mandat	-	Zasedanje 3	2008-03-28	-	Reference	English	Regular	MP	notMinister	HDZ	Hrvatska demokratska zajednica	Opposition	Centre-right	MatušićFrano	Matušić, Frano	M	1961	
ParlaMint-HR-en_2008-02-27-0	ParlaMint-HR_2008-02-27-0.u1469	Minutes of the National Assembly of the Republic of Croatia, Term 6, Session 3	2008-02-27	Unicameralism	6. mandat	-	Zasedanje 3	2008-03-28	-	Reference	English	Chairperson	MP	notMinister	HDZ	Hrvatska demokratska zajednica	Opposition	Centre-right	ŠeksVladimir	Šeks, Vladimir	M	1943	
ParlaMint-HR-en_2008-02-27-0	ParlaMint-HR_2008-02-27-0.u1470	Minutes of the National Assembly of the Republic of Croatia, Term 6, Session 3	2008-02-27	Unicameralism	6. mandat	-	Zasedanje 3	2008-03-28	-	Reference	English	Regular	MP	notMinister	HDZ	Hrvatska demokratska zajednica	Opposition	Centre-right	KunstBoris	Kunst, Boris	M	1957	
ParlaMint-HR-en_2008-02-27-0	ParlaMint-HR_2008-02-27-0.u1471	Minutes of the National Assembly of the Republic of Croatia, Term 6, Session 3	2008-02-27	Unicameralism	6. mandat	-	Zasedanje 3	2008-03-28	-	Reference	English	Chairperson	MP	notMinister	HDZ	Hrvatska demokratska zajednica	Opposition	Centre-right	ŠeksVladimir	Šeks, Vladimir	M	1943	
ParlaMint-HR-en_2008-02-27-0	ParlaMint-HR_2008-02-27-0.u1472	Minutes of the National Assembly of the Republic of Croatia, Term 6, Session 3	2008-02-27	Unicameralism	6. mandat	-	Zasedanje 3	2008-03-28	-	Reference	English	Regular	MP	notMinister	HDZ	Hrvatska demokratska zajednica	Opposition	Centre-right	MatušićFrano	Matušić, Frano	M	1961	
ParlaMint-HR-en_2008-02-27-0	ParlaMint-HR_2008-02-27-0.u1473	Minutes of the National Assembly of the Republic of Croatia, Term 6, Session 3	2008-02-27	Unicameralism	6. mandat	-	Zasedanje 3	2008-03-28	-	Reference	English	Chairperson	MP	notMinister	HDZ	Hrvatska demokratska zajednica	Opposition	Centre-right	ŠeksVladimir	Šeks, Vladimir	M	1943	
ParlaMint-HR-en_2008-02-27-0	ParlaMint-HR_2008-02-27-0.u1474	Minutes of the National Assembly of the Republic of Croatia, Term 6, Session 3	2008-02-27	Unicameralism	6. mandat	-	Zasedanje 3	2008-03-28	-	Reference	English	Regular	MP	notMinister	SDP	Socijaldemokratska partija Hrvatske	Opposition	Centre-left	LugarićMarija	Lugarić, Marija	F	1978	
ParlaMint-HR-en_2008-02-27-0	ParlaMint-HR_2008-02-27-0.u1475	Minutes of the National Assembly of the Republic of Croatia, Term 6, Session 3	2008-02-27	Unicameralism	6. mandat	-	Zasedanje 3	2008-03-28	-	Reference	English	Chairperson	MP	notMinister	HDZ	Hrvatska demokratska zajednica	Opposition	Centre-right	ŠeksVladimir	Šeks, Vladimir	M	1943	
ParlaMint-HR-en_2008-02-27-0	ParlaMint-HR_2008-02-27-0.u1476	Minutes of the National Assembly of the Republic of Croatia, Term 6, Session 3	2008-02-27	Unicameralism	6. mandat	-	Zasedanje 3	2008-03-28	-	Reference	English	Regular	MP	notMinister	HDZ	Hrvatska demokratska zajednica	Opposition	Centre-right	MatušićFrano	Matušić, Frano	M	1961	
ParlaMint-HR-en_2008-02-27-0	ParlaMint-HR_2008-02-27-0.u1477	Minutes of the National Assembly of the Republic of Croatia, Term 6, Session 3	2008-02-27	Unicameralism	6. mandat	-	Zasedanje 3	2008-03-28	-	Reference	English	Chairperson	MP	notMinister	HDZ	Hrvatska demokratska zajednica	Opposition	Centre-right	ŠeksVladimir	Šeks, Vladimir	M	1943	
ParlaMint-HR-en_2008-02-27-0	ParlaMint-HR_2008-02-27-0.u1478	Minutes of the National Assembly of the Republic of Croatia, Term 6, Session 3	2008-02-27	Unicameralism	6. mandat	-	Zasedanje 3	2008-03-28	-	Reference	English	Regular	MP	notMinister	SDP	Socijaldemokratska partija Hrvatske	Opposition	Centre-left	LinićSlavko	Linić, Slavko	M	1949	
ParlaMint-HR-en_2008-02-27-0	ParlaMint-HR_2008-02-27-0.u1479	Minutes of the National Assembly of the Republic of Croatia, Term 6, Session 3	2008-02-27	Unicameralism	6. mandat	-	Zasedanje 3	2008-03-28	-	Reference	English	Chairperson	MP	notMinister	HDZ	Hrvatska demokratska zajednica	Opposition	Centre-right	ŠeksVladimir	Šeks, Vladimir	M	1943	
ParlaMint-HR-en_2008-02-27-0	ParlaMint-HR_2008-02-27-0.u1480	Minutes of the National Assembly of the Republic of Croatia, Term 6, Session 3	2008-02-27	Unicameralism	6. mandat	-	Zasedanje 3	2008-03-28	-	Reference	English	Regular	MP	notMinister	SDP	Socijaldemokratska partija Hrvatske	Opposition	Centre-left	LinićSlavko	Linić, Slavko	M	1949	
ParlaMint-HR-en_2008-02-27-0	ParlaMint-HR_2008-02-27-0.u1481	Minutes of the National Assembly of the Republic of Croatia, Term 6, Session 3	2008-02-27	Unicameralism	6. mandat	-	Zasedanje 3	2008-03-28	-	Reference	English	Chairperson	MP	notMinister	HDZ	Hrvatska demokratska zajednica	Opposition	Centre-right	ŠeksVladimir	Šeks, Vladimir	M	1943	
ParlaMint-HR-en_2008-02-27-0	ParlaMint-HR_2008-02-27-0.u1482	Minutes of the National Assembly of the Republic of Croatia, Term 6, Session 3	2008-02-27	Unicameralism	6. mandat	-	Zasedanje 3	2008-03-28	-	Reference	English	Regular	MP	notMinister	HDZ	Hrvatska demokratska zajednica	Opposition	Centre-right	MatušićFrano	Matušić, Frano	M	1961	
ParlaMint-HR-en_2008-02-27-0	ParlaMint-HR_2008-02-27-0.u1483	Minutes of the National Assembly of the Republic of Croatia, Term 6, Session 3	2008-02-27	Unicameralism	6. mandat	-	Zasedanje 3	2008-03-28	-	Reference	English	Chairperson	MP	notMinister	HDZ	Hrvatska demokratska zajednica	Opposition	Centre-right	ŠeksVladimir	Šeks, Vladimir	M	1943	
ParlaMint-HR-en_2008-02-27-0	ParlaMint-HR_2008-02-27-0.u1484	Minutes of the National Assembly of the Republic of Croatia, Term 6, Session 3	2008-02-27	Unicameralism	6. mandat	-	Zasedanje 3	2008-03-28	-	Reference	English	Regular	MP	notMinister	SDP	Socijaldemokratska partija Hrvatske	Opposition	Centre-left	MršićZvonimir	Mršić, Zvonimir	M	1966	
ParlaMint-HR-en_2008-02-27-0	ParlaMint-HR_2008-02-27-0.u1485	Minutes of the National Assembly of the Republic of Croatia, Term 6, Session 3	2008-02-27	Unicameralism	6. mandat	-	Zasedanje 3	2008-03-28	-	Reference	English	Chairperson	MP	notMinister	HDZ	Hrvatska demokratska zajednica	Opposition	Centre-right	ŠeksVladimir	Šeks, Vladimir	M	1943	
ParlaMint-HR-en_2008-02-27-0	ParlaMint-HR_2008-02-27-0.u1486	Minutes of the National Assembly of the Republic of Croatia, Term 6, Session 3	2008-02-27	Unicameralism	6. mandat	-	Zasedanje 3	2008-03-28	-	Reference	English	Regular	MP	notMinister	SDP	Socijaldemokratska partija Hrvatske	Opposition	Centre-left	FlegoGvozdenSrećko	Flego, Gvozden Srećko	M	1946	
ParlaMint-HR-en_2008-02-27-0	ParlaMint-HR_2008-02-27-0.u1487	Minutes of the National Assembly of the Republic of Croatia, Term 6, Session 3	2008-02-27	Unicameralism	6. mandat	-	Zasedanje 3	2008-03-28	-	Reference	English	Chairperson	MP	notMinister	HDZ	Hrvatska demokratska zajednica	Opposition	Centre-right	ŠeksVladimir	Šeks, Vladimir	M	1943	
ParlaMint-HR-en_2008-02-27-0	ParlaMint-HR_2008-02-27-0.u1488	Minutes of the National Assembly of the Republic of Croatia, Term 6, Session 3	2008-02-27	Unicameralism	6. mandat	-	Zasedanje 3	2008-03-28	-	Reference	English	Regular	MP	notMinister	HDZ	Hrvatska demokratska zajednica	Opposition	Centre-right	MatušićFrano	Matušić, Frano	M	1961	
ParlaMint-HR-en_2008-02-27-0	ParlaMint-HR_2008-02-27-0.u1489	Minutes of the National Assembly of the Republic of Croatia, Term 6, Session 3	2008-02-27	Unicameralism	6. mandat	-	Zasedanje 3	2008-03-28	-	Reference	English	Chairperson	MP	notMinister	HDZ	Hrvatska demokratska zajednica	Opposition	Centre-right	ŠeksVladimir	Šeks, Vladimir	M	1943	
ParlaMint-HR-en_2008-02-27-0	ParlaMint-HR_2008-02-27-0.u1490	Minutes of the National Assembly of the Republic of Croatia, Term 6, Session 3	2008-02-27	Unicameralism	6. mandat	-	Zasedanje 3	2008-03-28	-	Reference	English	Regular	MP	notMinister	SDP	Socijaldemokratska partija Hrvatske	Opposition	Centre-left	FerićVacMirjana	Ferić-Vac, Mirjana	F	1946	
ParlaMint-HR-en_2008-02-27-0	ParlaMint-HR_2008-02-27-0.u1491	Minutes of the National Assembly of the Republic of Croatia, Term 6, Session 3	2008-02-27	Unicameralism	6. mandat	-	Zasedanje 3	2008-03-28	-	Reference	English	Chairperson	MP	notMinister	HDZ	Hrvatska demokratska zajednica	Opposition	Centre-right	ŠeksVladimir	Šeks, Vladimir	M	1943	
ParlaMint-HR-en_2008-02-27-0	ParlaMint-HR_2008-02-27-0.u1492	Minutes of the National Assembly of the Republic of Croatia, Term 6, Session 3	2008-02-27	Unicameralism	6. mandat	-	Zasedanje 3	2008-03-28	-	Reference	English	Regular	MP	notMinister	SDP	Socijaldemokratska partija Hrvatske	Opposition	Centre-left	SobolGordana	Sobol, Gordana	F	1961	
ParlaMint-HR-en_2008-02-27-0	ParlaMint-HR_2008-02-27-0.u1493	Minutes of the National Assembly of the Republic of Croatia, Term 6, Session 3	2008-02-27	Unicameralism	6. mandat	-	Zasedanje 3	2008-03-28	-	Reference	English	Chairperson	MP	notMinister	HDZ	Hrvatska demokratska zajednica	Opposition	Centre-right	ŠeksVladimir	Šeks, Vladimir	M	1943	
ParlaMint-HR-en_2008-02-27-0	ParlaMint-HR_2008-02-27-0.u1494	Minutes of the National Assembly of the Republic of Croatia, Term 6, Session 3	2008-02-27	Unicameralism	6. mandat	-	Zasedanje 3	2008-03-28	-	Reference	English	Regular	MP	notMinister	HDZ	Hrvatska demokratska zajednica	Opposition	Centre-right	CaparinKarmela	Caparin, Karmela	F	1954	
ParlaMint-HR-en_2008-02-27-0	ParlaMint-HR_2008-02-27-0.u1495	Minutes of the National Assembly of the Republic of Croatia, Term 6, Session 3	2008-02-27	Unicameralism	6. mandat	-	Zasedanje 3	2008-03-28	-	Reference	English	Chairperson	MP	notMinister	HDZ	Hrvatska demokratska zajednica	Opposition	Centre-right	ŠeksVladimir	Šeks, Vladimir	M	1943	
ParlaMint-HR-en_2008-02-27-0	ParlaMint-HR_2008-02-27-0.u1496	Minutes of the National Assembly of the Republic of Croatia, Term 6, Session 3	2008-02-27	Unicameralism	6. mandat	-	Zasedanje 3	2008-03-28	-	Reference	English	Regular	MP	notMinister	HDZ	Hrvatska demokratska zajednica	Opposition	Centre-right	KovačevićDragan	Kovačević, Dragan	M	1968	
ParlaMint-HR-en_2008-02-27-0	ParlaMint-HR_2008-02-27-0.u1497	Minutes of the National Assembly of the Republic of Croatia, Term 6, Session 3	2008-02-27	Unicameralism	6. mandat	-	Zasedanje 3	2008-03-28	-	Reference	English	Chairperson	MP	notMinister	HDZ	Hrvatska demokratska zajednica	Opposition	Centre-right	ŠeksVladimir	Šeks, Vladimir	M	1943	
ParlaMint-HR-en_2008-02-27-0	ParlaMint-HR_2008-02-27-0.u1498	Minutes of the National Assembly of the Republic of Croatia, Term 6, Session 3	2008-02-27	Unicameralism	6. mandat	-	Zasedanje 3	2008-03-28	-	Reference	English	Regular	MP	notMinister	SDP	Socijaldemokratska partija Hrvatske	Opposition	Centre-left	ŠkulićVesna	Škulić, Vesna	F	1961	
ParlaMint-HR-en_2008-02-27-0	ParlaMint-HR_2008-02-27-0.u1499	Minutes of the National Assembly of the Republic of Croatia, Term 6, Session 3	2008-02-27	Unicameralism	6. mandat	-	Zasedanje 3	2008-03-28	-	Reference	English	Chairperson	MP	notMinister	HDZ	Hrvatska demokratska zajednica	Opposition	Centre-right	ŠeksVladimir	Šeks, Vladimir	M	1943	
ParlaMint-HR-en_2008-02-27-0	ParlaMint-HR_2008-02-27-0.u1500	Minutes of the National Assembly of the Republic of Croatia, Term 6, Session 3	2008-02-27	Unicameralism	6. mandat	-	Zasedanje 3	2008-03-28	-	Reference	English	Regular	MP	notMinister	HDZ	Hrvatska demokratska zajednica	Opposition	Centre-right	LukačićLjubica	Lukačić, Ljubica	F	1966	
ParlaMint-HR-en_2008-02-27-0	ParlaMint-HR_2008-02-27-0.u1501	Minutes of the National Assembly of the Republic of Croatia, Term 6, Session 3	2008-02-27	Unicameralism	6. mandat	-	Zasedanje 3	2008-03-28	-	Reference	English	Chairperson	MP	notMinister	HDZ	Hrvatska demokratska zajednica	Opposition	Centre-right	ŠeksVladimir	Šeks, Vladimir	M	1943	
ParlaMint-HR-en_2008-02-27-0	ParlaMint-HR_2008-02-27-0.u1502	Minutes of the National Assembly of the Republic of Croatia, Term 6, Session 3	2008-02-27	Unicameralism	6. mandat	-	Zasedanje 3	2008-03-28	-	Reference	English	Regular	MP	notMinister	SDP	Socijaldemokratska partija Hrvatske	Opposition	Centre-left	ŠkulićVesna	Škulić, Vesna	F	1961	
ParlaMint-HR-en_2008-02-27-0	ParlaMint-HR_2008-02-27-0.u1503	Minutes of the National Assembly of the Republic of Croatia, Term 6, Session 3	2008-02-27	Unicameralism	6. mandat	-	Zasedanje 3	2008-03-28	-	Reference	English	Chairperson	MP	notMinister	HDZ	Hrvatska demokratska zajednica	Opposition	Centre-right	ŠeksVladimir	Šeks, Vladimir	M	1943	
ParlaMint-HR-en_2008-02-27-0	ParlaMint-HR_2008-02-27-0.u1504	Minutes of the National Assembly of the Republic of Croatia, Term 6, Session 3	2008-02-27	Unicameralism	6. mandat	-	Zasedanje 3	2008-03-28	-	Reference	English	Regular	notMP	notMinister	-	-	-	-	KovačevićZrinka	Kovačević, Zrinka	U	-	
ParlaMint-HR-en_2008-02-27-0	ParlaMint-HR_2008-02-27-0.u1505	Minutes of the National Assembly of the Republic of Croatia, Term 6, Session 3	2008-02-27	Unicameralism	6. mandat	-	Zasedanje 3	2008-03-28	-	Reference	English	Chairperson	MP	notMinister	HDZ	Hrvatska demokratska zajednica	Opposition	Centre-right	ŠeksVladimir	Šeks, Vladimir	M	1943	
ParlaMint-HR-en_2008-02-27-0	ParlaMint-HR_2008-02-27-0.u1506	Minutes of the National Assembly of the Republic of Croatia, Term 6, Session 3	2008-02-27	Unicameralism	6. mandat	-	Zasedanje 3	2008-03-28	-	Reference	English	Regular	MP	notMinister	SDP	Socijaldemokratska partija Hrvatske	Opposition	Centre-left	RonkoZdravko	Ronko, Zdravko	M	1949	
ParlaMint-HR-en_2008-02-27-0	ParlaMint-HR_2008-02-27-0.u1507	Minutes of the National Assembly of the Republic of Croatia, Term 6, Session 3	2008-02-27	Unicameralism	6. mandat	-	Zasedanje 3	2008-03-28	-	Reference	English	Chairperson	MP	notMinister	HDZ	Hrvatska demokratska zajednica	Opposition	Centre-right	ŠeksVladimir	Šeks, Vladimir	M	1943	
ParlaMint-HR-en_2008-02-27-0	ParlaMint-HR_2008-02-27-0.u1508	Minutes of the National Assembly of the Republic of Croatia, Term 6, Session 3	2008-02-27	Unicameralism	6. mandat	-	Zasedanje 3	2008-03-28	-	Reference	English	Regular	MP	notMinister	SDP	Socijaldemokratska partija Hrvatske	Opposition	Centre-left	RonkoZdravko	Ronko, Zdravko	M	1949	
ParlaMint-HR-en_2008-02-27-0	ParlaMint-HR_2008-02-27-0.u1509	Minutes of the National Assembly of the Republic of Croatia, Term 6, Session 3	2008-02-27	Unicameralism	6. mandat	-	Zasedanje 3	2008-03-28	-	Reference	English	Chairperson	MP	notMinister	HDZ	Hrvatska demokratska zajednica	Opposition	Centre-right	ŠeksVladimir	Šeks, Vladimir	M	1943	
ParlaMint-HR-en_2008-02-27-0	ParlaMint-HR_2008-02-27-0.u1510	Minutes of the National Assembly of the Republic of Croatia, Term 6, Session 3	2008-02-27	Unicameralism	6. mandat	-	Zasedanje 3	2008-03-28	-	Reference	English	Regular	MP	notMinister	SDP	Socijaldemokratska partija Hrvatske	Opposition	Centre-left	RonkoZdravko	Ronko, Zdravko	M	1949	
ParlaMint-HR-en_2008-02-27-0	ParlaMint-HR_2008-02-27-0.u1511	Minutes of the National Assembly of the Republic of Croatia, Term 6, Session 3	2008-02-27	Unicameralism	6. mandat	-	Zasedanje 3	2008-03-28	-	Reference	English	Chairperson	MP	notMinister	HDZ	Hrvatska demokratska zajednica	Opposition	Centre-right	BebićLuka	Bebić, Luka	M	1937	
ParlaMint-HR-en_2008-02-27-0	ParlaMint-HR_2008-02-27-0.u1512	Minutes of the National Assembly of the Republic of Croatia, Term 6, Session 3	2008-02-27	Unicameralism	6. mandat	-	Zasedanje 3	2008-03-28	-	Reference	English	Regular	MP	notMinister	HDZ	Hrvatska demokratska zajednica	Opposition	Centre-right	RoksandićIvanka	Roksandić, Ivanka	F	1954	
ParlaMint-HR-en_2008-02-27-0	ParlaMint-HR_2008-02-27-0.u1513	Minutes of the National Assembly of the Republic of Croatia, Term 6, Session 3	2008-02-27	Unicameralism	6. mandat	-	Zasedanje 3	2008-03-28	-	Reference	English	Chairperson	MP	notMinister	HDZ	Hrvatska demokratska zajednica	Opposition	Centre-right	BebićLuka	Bebić, Luka	M	1937	
ParlaMint-HR-en_2008-02-27-0	ParlaMint-HR_2008-02-27-0.u1514	Minutes of the National Assembly of the Republic of Croatia, Term 6, Session 3	2008-02-27	Unicameralism	6. mandat	-	Zasedanje 3	2008-03-28	-	Reference	English	Regular	MP	notMinister	HDZ	Hrvatska demokratska zajednica	Opposition	Centre-right	HuškaDavor	Huška, Davor	M	1965	
ParlaMint-HR-en_2008-02-27-0	ParlaMint-HR_2008-02-27-0.u1515	Minutes of the National Assembly of the Republic of Croatia, Term 6, Session 3	2008-02-27	Unicameralism	6. mandat	-	Zasedanje 3	2008-03-28	-	Reference	English	Chairperson	MP	notMinister	HDZ	Hrvatska demokratska zajednica	Opposition	Centre-right	BebićLuka	Bebić, Luka	M	1937	
ParlaMint-HR-en_2008-02-27-0	ParlaMint-HR_2008-02-27-0.u1516	Minutes of the National Assembly of the Republic of Croatia, Term 6, Session 3	2008-02-27	Unicameralism	6. mandat	-	Zasedanje 3	2008-03-28	-	Reference	English	Regular	MP	notMinister	HDZ	Hrvatska demokratska zajednica	Opposition	Centre-right	MatkovićBorislav	Matković, Borislav	M	1951	
ParlaMint-HR-en_2008-02-27-0	ParlaMint-HR_2008-02-27-0.u1517	Minutes of the National Assembly of the Republic of Croatia, Term 6, Session 3	2008-02-27	Unicameralism	6. mandat	-	Zasedanje 3	2008-03-28	-	Reference	English	Chairperson	MP	notMinister	HDZ	Hrvatska demokratska zajednica	Opposition	Centre-right	BebićLuka	Bebić, Luka	M	1937	
ParlaMint-HR-en_2008-02-27-0	ParlaMint-HR_2008-02-27-0.u1518	Minutes of the National Assembly of the Republic of Croatia, Term 6, Session 3	2008-02-27	Unicameralism	6. mandat	-	Zasedanje 3	2008-03-28	-	Reference	English	Regular	MP	notMinister	SDP	Socijaldemokratska partija Hrvatske	Opposition	Centre-left	AntičevićMarinovićIngrid	Antičević Marinović, Ingrid	F	1957	
ParlaMint-HR-en_2008-02-27-0	ParlaMint-HR_2008-02-27-0.u1519	Minutes of the National Assembly of the Republic of Croatia, Term 6, Session 3	2008-02-27	Unicameralism	6. mandat	-	Zasedanje 3	2008-03-28	-	Reference	English	Chairperson	MP	notMinister	HDZ	Hrvatska demokratska zajednica	Opposition	Centre-right	BebićLuka	Bebić, Luka	M	1937	
ParlaMint-HR-en_2008-02-27-0	ParlaMint-HR_2008-02-27-0.u1520	Minutes of the National Assembly of the Republic of Croatia, Term 6, Session 3	2008-02-27	Unicameralism	6. mandat	-	Zasedanje 3	2008-03-28	-	Reference	English	Regular	MP	notMinister	SDP	Socijaldemokratska partija Hrvatske	Opposition	Centre-left	RonkoZdravko	Ronko, Zdravko	M	1949	
ParlaMint-HR-en_2008-02-27-0	ParlaMint-HR_2008-02-27-0.u1521	Minutes of the National Assembly of the Republic of Croatia, Term 6, Session 3	2008-02-27	Unicameralism	6. mandat	-	Zasedanje 3	2008-03-28	-	Reference	English	Chairperson	MP	notMinister	HDZ	Hrvatska demokratska zajednica	Opposition	Centre-right	BebićLuka	Bebić, Luka	M	1937	
ParlaMint-HR-en_2008-02-27-0	ParlaMint-HR_2008-02-27-0.u1522	Minutes of the National Assembly of the Republic of Croatia, Term 6, Session 3	2008-02-27	Unicameralism	6. mandat	-	Zasedanje 3	2008-03-28	-	Reference	English	Regular	MP	notMinister	HDZ	Hrvatska demokratska zajednica	Opposition	Centre-right	ŠukerIvan	Šuker, Ivan	M	1957	
ParlaMint-HR-en_2008-02-27-0	ParlaMint-HR_2008-02-27-0.u1523	Minutes of the National Assembly of the Republic of Croatia, Term 6, Session 3	2008-02-27	Unicameralism	6. mandat	-	Zasedanje 3	2008-03-28	-	Reference	English	Chairperson	MP	notMinister	HDZ	Hrvatska demokratska zajednica	Opposition	Centre-right	BebićLuka	Bebić, Luka	M	1937	
ParlaMint-HR-en_2008-02-27-0	ParlaMint-HR_2008-02-27-0.u1524	Minutes of the National Assembly of the Republic of Croatia, Term 6, Session 3	2008-02-27	Unicameralism	6. mandat	-	Zasedanje 3	2008-03-28	-	Reference	English	Regular	MP	notMinister	SDP	Socijaldemokratska partija Hrvatske	Opposition	Centre-left	RonkoZdravko	Ronko, Zdravko	M	1949	
ParlaMint-HR-en_2008-02-27-0	ParlaMint-HR_2008-02-27-0.u1525	Minutes of the National Assembly of the Republic of Croatia, Term 6, Session 3	2008-02-27	Unicameralism	6. mandat	-	Zasedanje 3	2008-03-28	-	Reference	English	Chairperson	MP	notMinister	HDZ	Hrvatska demokratska zajednica	Opposition	Centre-right	BebićLuka	Bebić, Luka	M	1937	
ParlaMint-HR-en_2008-02-27-0	ParlaMint-HR_2008-02-27-0.u1526	Minutes of the National Assembly of the Republic of Croatia, Term 6, Session 3	2008-02-27	Unicameralism	6. mandat	-	Zasedanje 3	2008-03-28	-	Reference	English	Regular	MP	notMinister	SDP	Socijaldemokratska partija Hrvatske	Opposition	Centre-left	AntičevićMarinovićIngrid	Antičević Marinović, Ingrid	F	1957	
ParlaMint-HR-en_2008-02-27-0	ParlaMint-HR_2008-02-27-0.u1527	Minutes of the National Assembly of the Republic of Croatia, Term 6, Session 3	2008-02-27	Unicameralism	6. mandat	-	Zasedanje 3	2008-03-28	-	Reference	English	Chairperson	MP	notMinister	HDZ	Hrvatska demokratska zajednica	Opposition	Centre-right	BebićLuka	Bebić, Luka	M	1937	
ParlaMint-HR-en_2008-02-27-0	ParlaMint-HR_2008-02-27-0.u1528	Minutes of the National Assembly of the Republic of Croatia, Term 6, Session 3	2008-02-27	Unicameralism	6. mandat	-	Zasedanje 3	2008-03-28	-	Reference	English	Regular	MP	notMinister	SDP	Socijaldemokratska partija Hrvatske	Opposition	Centre-left	LekoJosip	Leko, Josip	M	1948	
ParlaMint-HR-en_2008-02-27-0	ParlaMint-HR_2008-02-27-0.u1529	Minutes of the National Assembly of the Republic of Croatia, Term 6, Session 3	2008-02-27	Unicameralism	6. mandat	-	Zasedanje 3	2008-03-28	-	Reference	English	Chairperson	MP	notMinister	HDZ	Hrvatska demokratska zajednica	Opposition	Centre-right	BebićLuka	Bebić, Luka	M	1937	
ParlaMint-HR-en_2008-02-27-0	ParlaMint-HR_2008-02-27-0.u1530	Minutes of the National Assembly of the Republic of Croatia, Term 6, Session 3	2008-02-27	Unicameralism	6. mandat	-	Zasedanje 3	2008-03-28	-	Reference	English	Regular	MP	notMinister	SDP	Socijaldemokratska partija Hrvatske	Opposition	Centre-left	KozlevacDino	Kozlevac, Dino	M	1960	
ParlaMint-HR-en_2008-02-27-0	ParlaMint-HR_2008-02-27-0.u1531	Minutes of the National Assembly of the Republic of Croatia, Term 6, Session 3	2008-02-27	Unicameralism	6. mandat	-	Zasedanje 3	2008-03-28	-	Reference	English	Chairperson	MP	notMinister	HDZ	Hrvatska demokratska zajednica	Opposition	Centre-right	BebićLuka	Bebić, Luka	M	1937	
ParlaMint-HR-en_2008-02-27-0	ParlaMint-HR_2008-02-27-0.u1532	Minutes of the National Assembly of the Republic of Croatia, Term 6, Session 3	2008-02-27	Unicameralism	6. mandat	-	Zasedanje 3	2008-03-28	-	Reference	English	Regular	MP	notMinister	HDZ	Hrvatska demokratska zajednica	Opposition	Centre-right	ŠetićNevio	Šetić, Nevio	M	1958	
ParlaMint-HR-en_2008-02-27-0	ParlaMint-HR_2008-02-27-0.u1533	Minutes of the National Assembly of the Republic of Croatia, Term 6, Session 3	2008-02-27	Unicameralism	6. mandat	-	Zasedanje 3	2008-03-28	-	Reference	English	Chairperson	MP	notMinister	HDZ	Hrvatska demokratska zajednica	Opposition	Centre-right	BebićLuka	Bebić, Luka	M	1937	
ParlaMint-HR-en_2008-02-27-0	ParlaMint-HR_2008-02-27-0.u1534	Minutes of the National Assembly of the Republic of Croatia, Term 6, Session 3	2008-02-27	Unicameralism	6. mandat	-	Zasedanje 3	2008-03-28	-	Reference	English	Regular	MP	notMinister	SDP	Socijaldemokratska partija Hrvatske	Opposition	Centre-left	MršićZvonimir	Mršić, Zvonimir	M	1966	
ParlaMint-HR-en_2008-02-27-0	ParlaMint-HR_2008-02-27-0.u1535	Minutes of the National Assembly of the Republic of Croatia, Term 6, Session 3	2008-02-27	Unicameralism	6. mandat	-	Zasedanje 3	2008-03-28	-	Reference	English	Chairperson	MP	notMinister	HDZ	Hrvatska demokratska zajednica	Opposition	Centre-right	BebićLuka	Bebić, Luka	M	1937	
ParlaMint-HR-en_2008-02-27-0	ParlaMint-HR_2008-02-27-0.u1536	Minutes of the National Assembly of the Republic of Croatia, Term 6, Session 3	2008-02-27	Unicameralism	6. mandat	-	Zasedanje 3	2008-03-28	-	Reference	English	Regular	MP	notMinister	HDZ	Hrvatska demokratska zajednica	Opposition	Centre-right	ŠetićNevio	Šetić, Nevio	M	1958	
ParlaMint-HR-en_2008-02-27-0	ParlaMint-HR_2008-02-27-0.u1537	Minutes of the National Assembly of the Republic of Croatia, Term 6, Session 3	2008-02-27	Unicameralism	6. mandat	-	Zasedanje 3	2008-03-28	-	Reference	English	Chairperson	MP	notMinister	HDZ	Hrvatska demokratska zajednica	Opposition	Centre-right	BebićLuka	Bebić, Luka	M	1937	
ParlaMint-HR-en_2008-02-27-0	ParlaMint-HR_2008-02-27-0.u1538	Minutes of the National Assembly of the Republic of Croatia, Term 6, Session 3	2008-02-27	Unicameralism	6. mandat	-	Zasedanje 3	2008-03-28	-	Reference	English	Regular	MP	notMinister	SDP	Socijaldemokratska partija Hrvatske	Opposition	Centre-left	FlegoGvozdenSrećko	Flego, Gvozden Srećko	M	1946	
ParlaMint-HR-en_2008-02-27-0	ParlaMint-HR_2008-02-27-0.u1539	Minutes of the National Assembly of the Republic of Croatia, Term 6, Session 3	2008-02-27	Unicameralism	6. mandat	-	Zasedanje 3	2008-03-28	-	Reference	English	Chairperson	MP	notMinister	HDZ	Hrvatska demokratska zajednica	Opposition	Centre-right	BebićLuka	Bebić, Luka	M	1937	
ParlaMint-HR-en_2008-02-27-0	ParlaMint-HR_2008-02-27-0.u1540	Minutes of the National Assembly of the Republic of Croatia, Term 6, Session 3	2008-02-27	Unicameralism	6. mandat	-	Zasedanje 3	2008-03-28	-	Reference	English	Regular	MP	notMinister	HDZ	Hrvatska demokratska zajednica	Opposition	Centre-right	ŠetićNevio	Šetić, Nevio	M	1958	
ParlaMint-HR-en_2008-02-27-0	ParlaMint-HR_2008-02-27-0.u1541	Minutes of the National Assembly of the Republic of Croatia, Term 6, Session 3	2008-02-27	Unicameralism	6. mandat	-	Zasedanje 3	2008-03-28	-	Reference	English	Chairperson	MP	notMinister	HDZ	Hrvatska demokratska zajednica	Opposition	Centre-right	BebićLuka	Bebić, Luka	M	1937	
ParlaMint-HR-en_2008-02-27-0	ParlaMint-HR_2008-02-27-0.u1542	Minutes of the National Assembly of the Republic of Croatia, Term 6, Session 3	2008-02-27	Unicameralism	6. mandat	-	Zasedanje 3	2008-03-28	-	Reference	English	Regular	MP	notMinister	SDP	Socijaldemokratska partija Hrvatske	Opposition	Centre-left	LugarićMarija	Lugarić, Marija	F	1978	
ParlaMint-HR-en_2008-02-27-0	ParlaMint-HR_2008-02-27-0.u1543	Minutes of the National Assembly of the Republic of Croatia, Term 6, Session 3	2008-02-27	Unicameralism	6. mandat	-	Zasedanje 3	2008-03-28	-	Reference	English	Regular	MP	notMinister	HDZ	Hrvatska demokratska zajednica	Opposition	Centre-right	ŠetićNevio	Šetić, Nevio	M	1958	
ParlaMint-HR-en_2008-02-27-0	ParlaMint-HR_2008-02-27-0.u1544	Minutes of the National Assembly of the Republic of Croatia, Term 6, Session 3	2008-02-27	Unicameralism	6. mandat	-	Zasedanje 3	2008-03-28	-	Reference	English	Chairperson	MP	notMinister	HDZ	Hrvatska demokratska zajednica	Opposition	Centre-right	BebićLuka	Bebić, Luka	M	1937	
ParlaMint-HR-en_2008-02-27-0	ParlaMint-HR_2008-02-27-0.u1545	Minutes of the National Assembly of the Republic of Croatia, Term 6, Session 3	2008-02-27	Unicameralism	6. mandat	-	Zasedanje 3	2008-03-28	-	Reference	English	Regular	MP	notMinister	SDP	Socijaldemokratska partija Hrvatske	Opposition	Centre-left	LugarićMarija	Lugarić, Marija	F	1978	
ParlaMint-HR-en_2008-02-27-0	ParlaMint-HR_2008-02-27-0.u1546	Minutes of the National Assembly of the Republic of Croatia, Term 6, Session 3	2008-02-27	Unicameralism	6. mandat	-	Zasedanje 3	2008-03-28	-	Reference	English	Chairperson	MP	notMinister	HDZ	Hrvatska demokratska zajednica	Opposition	Centre-right	BebićLuka	Bebić, Luka	M	1937	
ParlaMint-HR-en_2008-02-27-0	ParlaMint-HR_2008-02-27-0.u1547	Minutes of the National Assembly of the Republic of Croatia, Term 6, Session 3	2008-02-27	Unicameralism	6. mandat	-	Zasedanje 3	2008-03-28	-	Reference	English	Regular	MP	notMinister	SDP	Socijaldemokratska partija Hrvatske	Opposition	Centre-left	BodakošDragutin	Bodakoš, Dragutin	M	1946	
ParlaMint-HR-en_2008-02-27-0	ParlaMint-HR_2008-02-27-0.u1548	Minutes of the National Assembly of the Republic of Croatia, Term 6, Session 3	2008-02-27	Unicameralism	6. mandat	-	Zasedanje 3	2008-03-28	-	Reference	English	Chairperson	MP	notMinister	HDZ	Hrvatska demokratska zajednica	Opposition	Centre-right	BebićLuka	Bebić, Luka	M	1937	
ParlaMint-HR-en_2008-02-27-0	ParlaMint-HR_2008-02-27-0.u1549	Minutes of the National Assembly of the Republic of Croatia, Term 6, Session 3	2008-02-27	Unicameralism	6. mandat	-	Zasedanje 3	2008-03-28	-	Reference	English	Regular	MP	notMinister	HDZ	Hrvatska demokratska zajednica	Opposition	Centre-right	MilinkovićStjepan	Milinković, Stjepan	M	1954	
ParlaMint-HR-en_2008-02-27-0	ParlaMint-HR_2008-02-27-0.u1550	Minutes of the National Assembly of the Republic of Croatia, Term 6, Session 3	2008-02-27	Unicameralism	6. mandat	-	Zasedanje 3	2008-03-28	-	Reference	English	Chairperson	MP	notMinister	HDZ	Hrvatska demokratska zajednica	Opposition	Centre-right	BebićLuka	Bebić, Luka	M	1937	
ParlaMint-HR-en_2008-02-27-0	ParlaMint-HR_2008-02-27-0.u1551	Minutes of the National Assembly of the Republic of Croatia, Term 6, Session 3	2008-02-27	Unicameralism	6. mandat	-	Zasedanje 3	2008-03-28	-	Reference	English	Regular	MP	notMinister	HNS	Hrvatska narodna stranka	Coalition	Centre to centre-left	VinceljŽeljko	Vincelj, Željko	M	1960	
ParlaMint-HR-en_2008-02-27-0	ParlaMint-HR_2008-02-27-0.u1552	Minutes of the National Assembly of the Republic of Croatia, Term 6, Session 3	2008-02-27	Unicameralism	6. mandat	-	Zasedanje 3	2008-03-28	-	Reference	English	Chairperson	MP	notMinister	HDZ	Hrvatska demokratska zajednica	Opposition	Centre-right	BebićLuka	Bebić, Luka	M	1937	
ParlaMint-HR-en_2008-02-27-0	ParlaMint-HR_2008-02-27-0.u1553	Minutes of the National Assembly of the Republic of Croatia, Term 6, Session 3	2008-02-27	Unicameralism	6. mandat	-	Zasedanje 3	2008-03-28	-	Reference	English	Regular	MP	notMinister	HDZ	Hrvatska demokratska zajednica	Opposition	Centre-right	GulićKrešimir	Gulić, Krešimir	M	1963	
ParlaMint-HR-en_2008-02-27-0	ParlaMint-HR_2008-02-27-0.u1554	Minutes of the National Assembly of the Republic of Croatia, Term 6, Session 3	2008-02-27	Unicameralism	6. mandat	-	Zasedanje 3	2008-03-28	-	Reference	English	Chairperson	MP	notMinister	HDZ	Hrvatska demokratska zajednica	Opposition	Centre-right	BebićLuka	Bebić, Luka	M	1937	
ParlaMint-HR-en_2008-02-27-0	ParlaMint-HR_2008-02-27-0.u1555	Minutes of the National Assembly of the Republic of Croatia, Term 6, Session 3	2008-02-27	Unicameralism	6. mandat	-	Zasedanje 3	2008-03-28	-	Reference	English	Regular	MP	notMinister	HDZ	Hrvatska demokratska zajednica	Opposition	Centre-right	ŠkvorcMilivoj	Škvorc, Milivoj	M	1960	
ParlaMint-HR-en_2008-02-27-0	ParlaMint-HR_2008-02-27-0.u1556	Minutes of the National Assembly of the Republic of Croatia, Term 6, Session 3	2008-02-27	Unicameralism	6. mandat	-	Zasedanje 3	2008-03-28	-	Reference	English	Chairperson	MP	notMinister	HDZ	Hrvatska demokratska zajednica	Opposition	Centre-right	BebićLuka	Bebić, Luka	M	1937	
ParlaMint-HR-en_2008-02-27-0	ParlaMint-HR_2008-02-27-0.u1557	Minutes of the National Assembly of the Republic of Croatia, Term 6, Session 3	2008-02-27	Unicameralism	6. mandat	-	Zasedanje 3	2008-03-28	-	Reference	English	Regular	MP	notMinister	SDP	Socijaldemokratska partija Hrvatske	Opposition	Centre-left	MršićZvonimir	Mršić, Zvonimir	M	1966	
ParlaMint-HR-en_2008-02-27-0	ParlaMint-HR_2008-02-27-0.u1558	Minutes of the National Assembly of the Republic of Croatia, Term 6, Session 3	2008-02-27	Unicameralism	6. mandat	-	Zasedanje 3	2008-03-28	-	Reference	English	Chairperson	MP	notMinister	HDZ	Hrvatska demokratska zajednica	Opposition	Centre-right	BebićLuka	Bebić, Luka	M	1937	
ParlaMint-HR-en_2008-02-27-0	ParlaMint-HR_2008-02-27-0.u1559	Minutes of the National Assembly of the Republic of Croatia, Term 6, Session 3	2008-02-27	Unicameralism	6. mandat	-	Zasedanje 3	2008-03-28	-	Reference	English	Regular	MP	notMinister	HNS	Hrvatska narodna stranka	Coalition	Centre to centre-left	VinceljŽeljko	Vincelj, Željko	M	1960	
ParlaMint-HR-en_2008-02-27-0	ParlaMint-HR_2008-02-27-0.u1560	Minutes of the National Assembly of the Republic of Croatia, Term 6, Session 3	2008-02-27	Unicameralism	6. mandat	-	Zasedanje 3	2008-03-28	-	Reference	English	Chairperson	MP	notMinister	HDZ	Hrvatska demokratska zajednica	Opposition	Centre-right	BebićLuka	Bebić, Luka	M	1937	
ParlaMint-HR-en_2008-02-27-0	ParlaMint-HR_2008-02-27-0.u1561	Minutes of the National Assembly of the Republic of Croatia, Term 6, Session 3	2008-02-27	Unicameralism	6. mandat	-	Zasedanje 3	2008-03-28	-	Reference	English	Regular	MP	notMinister	HNS	Hrvatska narodna stranka	Coalition	Centre to centre-left	DorićMiljenko	Dorić, Miljenko	M	1950	
ParlaMint-HR-en_2008-02-27-0	ParlaMint-HR_2008-02-27-0.u1562	Minutes of the National Assembly of the Republic of Croatia, Term 6, Session 3	2008-02-27	Unicameralism	6. mandat	-	Zasedanje 3	2008-03-28	-	Reference	English	Chairperson	MP	notMinister	HDZ	Hrvatska demokratska zajednica	Opposition	Centre-right	BebićLuka	Bebić, Luka	M	1937	
ParlaMint-HR-en_2008-02-27-0	ParlaMint-HR_2008-02-27-0.u1563	Minutes of the National Assembly of the Republic of Croatia, Term 6, Session 3	2008-02-27	Unicameralism	6. mandat	-	Zasedanje 3	2008-03-28	-	Reference	English	Regular	MP	notMinister	HDZ	Hrvatska demokratska zajednica	Opposition	Centre-right	MatušićFrano	Matušić, Frano	M	1961	
ParlaMint-HR-en_2008-02-27-0	ParlaMint-HR_2008-02-27-0.u1564	Minutes of the National Assembly of the Republic of Croatia, Term 6, Session 3	2008-02-27	Unicameralism	6. mandat	-	Zasedanje 3	2008-03-28	-	Reference	English	Chairperson	MP	notMinister	HDZ	Hrvatska demokratska zajednica	Opposition	Centre-right	BebićLuka	Bebić, Luka	M	1937	
ParlaMint-HR-en_2008-02-27-0	ParlaMint-HR_2008-02-27-0.u1565	Minutes of the National Assembly of the Republic of Croatia, Term 6, Session 3	2008-02-27	Unicameralism	6. mandat	-	Zasedanje 3	2008-03-28	-	Reference	English	Regular	MP	notMinister	HDZ	Hrvatska demokratska zajednica	Opposition	Centre-right	TurkŽeljko	Turk, Željko	M	1962	
ParlaMint-HR-en_2008-02-27-0	ParlaMint-HR_2008-02-27-0.u1566	Minutes of the National Assembly of the Republic of Croatia, Term 6, Session 3	2008-02-27	Unicameralism	6. mandat	-	Zasedanje 3	2008-03-28	-	Reference	English	Chairperson	MP	notMinister	HDZ	Hrvatska demokratska zajednica	Opposition	Centre-right	BebićLuka	Bebić, Luka	M	1937	
ParlaMint-HR-en_2008-02-27-0	ParlaMint-HR_2008-02-27-0.u1567	Minutes of the National Assembly of the Republic of Croatia, Term 6, Session 3	2008-02-27	Unicameralism	6. mandat	-	Zasedanje 3	2008-03-28	-	Reference	English	Regular	MP	notMinister	HDZ	Hrvatska demokratska zajednica	Opposition	Centre-right	MatkovićBorislav	Matković, Borislav	M	1951	
ParlaMint-HR-en_2008-02-27-0	ParlaMint-HR_2008-02-27-0.u1568	Minutes of the National Assembly of the Republic of Croatia, Term 6, Session 3	2008-02-27	Unicameralism	6. mandat	-	Zasedanje 3	2008-03-28	-	Reference	English	Chairperson	MP	notMinister	HDZ	Hrvatska demokratska zajednica	Opposition	Centre-right	BebićLuka	Bebić, Luka	M	1937	
ParlaMint-HR-en_2008-02-27-0	ParlaMint-HR_2008-02-27-0.u1569	Minutes of the National Assembly of the Republic of Croatia, Term 6, Session 3	2008-02-27	Unicameralism	6. mandat	-	Zasedanje 3	2008-03-28	-	Reference	English	Regular	MP	notMinister	SDP	Socijaldemokratska partija Hrvatske	Opposition	Centre-left	KotromanovićAnte	Kotromanović, Ante	M	1968	
ParlaMint-HR-en_2008-02-27-0	ParlaMint-HR_2008-02-27-0.u1570	Minutes of the National Assembly of the Republic of Croatia, Term 6, Session 3	2008-02-27	Unicameralism	6. mandat	-	Zasedanje 3	2008-03-28	-	Reference	English	Chairperson	MP	notMinister	HDZ	Hrvatska demokratska zajednica	Opposition	Centre-right	BebićLuka	Bebić, Luka	M	1937	
ParlaMint-HR-en_2008-02-27-0	ParlaMint-HR_2008-02-27-0.u1571	Minutes of the National Assembly of the Republic of Croatia, Term 6, Session 3	2008-02-27	Unicameralism	6. mandat	-	Zasedanje 3	2008-03-28	-	Reference	English	Regular	MP	notMinister	HDZ	Hrvatska demokratska zajednica	Opposition	Centre-right	MatkovićBorislav	Matković, Borislav	M	1951	
ParlaMint-HR-en_2008-02-27-0	ParlaMint-HR_2008-02-27-0.u1572	Minutes of the National Assembly of the Republic of Croatia, Term 6, Session 3	2008-02-27	Unicameralism	6. mandat	-	Zasedanje 3	2008-03-28	-	Reference	English	Chairperson	MP	notMinister	HDZ	Hrvatska demokratska zajednica	Opposition	Centre-right	BebićLuka	Bebić, Luka	M	1937	
ParlaMint-HR-en_2008-02-27-0	ParlaMint-HR_2008-02-27-0.u1573	Minutes of the National Assembly of the Republic of Croatia, Term 6, Session 3	2008-02-27	Unicameralism	6. mandat	-	Zasedanje 3	2008-03-28	-	Reference	English	Regular	MP	notMinister	HNS	Hrvatska narodna stranka	Coalition	Centre to centre-left	DorićMiljenko	Dorić, Miljenko	M	1950	
ParlaMint-HR-en_2008-02-27-0	ParlaMint-HR_2008-02-27-0.u1574	Minutes of the National Assembly of the Republic of Croatia, Term 6, Session 3	2008-02-27	Unicameralism	6. mandat	-	Zasedanje 3	2008-03-28	-	Reference	English	Chairperson	MP	notMinister	HDZ	Hrvatska demokratska zajednica	Opposition	Centre-right	BebićLuka	Bebić, Luka	M	1937	
ParlaMint-HR-en_2008-02-27-0	ParlaMint-HR_2008-02-27-0.u1575	Minutes of the National Assembly of the Republic of Croatia, Term 6, Session 3	2008-02-27	Unicameralism	6. mandat	-	Zasedanje 3	2008-03-28	-	Reference	English	Regular	MP	notMinister	SDP	Socijaldemokratska partija Hrvatske	Opposition	Centre-left	KotromanovićAnte	Kotromanović, Ante	M	1968	
ParlaMint-HR-en_2008-02-27-0	ParlaMint-HR_2008-02-27-0.u1576	Minutes of the National Assembly of the Republic of Croatia, Term 6, Session 3	2008-02-27	Unicameralism	6. mandat	-	Zasedanje 3	2008-03-28	-	Reference	English	Chairperson	MP	notMinister	HDZ	Hrvatska demokratska zajednica	Opposition	Centre-right	BebićLuka	Bebić, Luka	M	1937	
ParlaMint-HR-en_2008-02-27-0	ParlaMint-HR_2008-02-27-0.u1577	Minutes of the National Assembly of the Republic of Croatia, Term 6, Session 3	2008-02-27	Unicameralism	6. mandat	-	Zasedanje 3	2008-03-28	-	Reference	English	Regular	MP	notMinister	HDZ	Hrvatska demokratska zajednica	Opposition	Centre-right	MatkovićBorislav	Matković, Borislav	M	1951	
ParlaMint-HR-en_2008-02-27-0	ParlaMint-HR_2008-02-27-0.u1578	Minutes of the National Assembly of the Republic of Croatia, Term 6, Session 3	2008-02-27	Unicameralism	6. mandat	-	Zasedanje 3	2008-03-28	-	Reference	English	Chairperson	MP	notMinister	HDZ	Hrvatska demokratska zajednica	Opposition	Centre-right	BebićLuka	Bebić, Luka	M	1937	
ParlaMint-HR-en_2008-02-27-0	ParlaMint-HR_2008-02-27-0.u1579	Minutes of the National Assembly of the Republic of Croatia, Term 6, Session 3	2008-02-27	Unicameralism	6. mandat	-	Zasedanje 3	2008-03-28	-	Reference	English	Regular	MP	notMinister	SDP	Socijaldemokratska partija Hrvatske	Opposition	Centre-left	DenonaLuka	Denona, Luka	M	1950	
ParlaMint-HR-en_2008-02-27-0	ParlaMint-HR_2008-02-27-0.u1580	Minutes of the National Assembly of the Republic of Croatia, Term 6, Session 3	2008-02-27	Unicameralism	6. mandat	-	Zasedanje 3	2008-03-28	-	Reference	English	Chairperson	MP	notMinister	SDP	Socijaldemokratska partija Hrvatske	Opposition	Centre-left	MimicaNeven	Mimica, Neven	M	1953	
ParlaMint-HR-en_2008-02-27-0	ParlaMint-HR_2008-02-27-0.u1581	Minutes of the National Assembly of the Republic of Croatia, Term 6, Session 3	2008-02-27	Unicameralism	6. mandat	-	Zasedanje 3	2008-03-28	-	Reference	English	Regular	MP	notMinister	HDZ	Hrvatska demokratska zajednica	Opposition	Centre-right	MatušićFrano	Matušić, Frano	M	1961	
ParlaMint-HR-en_2008-02-27-0	ParlaMint-HR_2008-02-27-0.u1582	Minutes of the National Assembly of the Republic of Croatia, Term 6, Session 3	2008-02-27	Unicameralism	6. mandat	-	Zasedanje 3	2008-03-28	-	Reference	English	Chairperson	MP	notMinister	SDP	Socijaldemokratska partija Hrvatske	Opposition	Centre-left	MimicaNeven	Mimica, Neven	M	1953	
ParlaMint-HR-en_2008-02-27-0	ParlaMint-HR_2008-02-27-0.u1583	Minutes of the National Assembly of the Republic of Croatia, Term 6, Session 3	2008-02-27	Unicameralism	6. mandat	-	Zasedanje 3	2008-03-28	-	Reference	English	Regular	MP	notMinister	SDP	Socijaldemokratska partija Hrvatske	Opposition	Centre-left	LugarićMarija	Lugarić, Marija	F	1978	
ParlaMint-HR-en_2008-02-27-0	ParlaMint-HR_2008-02-27-0.u1584	Minutes of the National Assembly of the Republic of Croatia, Term 6, Session 3	2008-02-27	Unicameralism	6. mandat	-	Zasedanje 3	2008-03-28	-	Reference	English	Chairperson	MP	notMinister	SDP	Socijaldemokratska partija Hrvatske	Opposition	Centre-left	MimicaNeven	Mimica, Neven	M	1953	
ParlaMint-HR-en_2008-02-27-0	ParlaMint-HR_2008-02-27-0.u1585	Minutes of the National Assembly of the Republic of Croatia, Term 6, Session 3	2008-02-27	Unicameralism	6. mandat	-	Zasedanje 3	2008-03-28	-	Reference	English	Regular	MP	notMinister	HDZ	Hrvatska demokratska zajednica	Opposition	Centre-right	CaparinKarmela	Caparin, Karmela	F	1954	
ParlaMint-HR-en_2008-02-27-0	ParlaMint-HR_2008-02-27-0.u1586	Minutes of the National Assembly of the Republic of Croatia, Term 6, Session 3	2008-02-27	Unicameralism	6. mandat	-	Zasedanje 3	2008-03-28	-	Reference	English	Chairperson	MP	notMinister	SDP	Socijaldemokratska partija Hrvatske	Opposition	Centre-left	MimicaNeven	Mimica, Neven	M	1953	
ParlaMint-HR-en_2008-02-27-0	ParlaMint-HR_2008-02-27-0.u1587	Minutes of the National Assembly of the Republic of Croatia, Term 6, Session 3	2008-02-27	Unicameralism	6. mandat	-	Zasedanje 3	2008-03-28	-	Reference	English	Regular	MP	notMinister	SDP	Socijaldemokratska partija Hrvatske	Opposition	Centre-left	MršićZvonimir	Mršić, Zvonimir	M	1966	
ParlaMint-HR-en_2008-02-27-0	ParlaMint-HR_2008-02-27-0.u1588	Minutes of the National Assembly of the Republic of Croatia, Term 6, Session 3	2008-02-27	Unicameralism	6. mandat	-	Zasedanje 3	2008-03-28	-	Reference	English	Chairperson	MP	notMinister	SDP	Socijaldemokratska partija Hrvatske	Opposition	Centre-left	MimicaNeven	Mimica, Neven	M	1953	
ParlaMint-HR-en_2008-02-27-0	ParlaMint-HR_2008-02-27-0.u1589	Minutes of the National Assembly of the Republic of Croatia, Term 6, Session 3	2008-02-27	Unicameralism	6. mandat	-	Zasedanje 3	2008-03-28	-	Reference	English	Regular	MP	notMinister	HDZ	Hrvatska demokratska zajednica	Opposition	Centre-right	CaparinKarmela	Caparin, Karmela	F	1954	
ParlaMint-HR-en_2008-02-27-0	ParlaMint-HR_2008-02-27-0.u1590	Minutes of the National Assembly of the Republic of Croatia, Term 6, Session 3	2008-02-27	Unicameralism	6. mandat	-	Zasedanje 3	2008-03-28	-	Reference	English	Chairperson	MP	notMinister	SDP	Socijaldemokratska partija Hrvatske	Opposition	Centre-left	MimicaNeven	Mimica, Neven	M	1953	
ParlaMint-HR-en_2008-02-27-0	ParlaMint-HR_2008-02-27-0.u1591	Minutes of the National Assembly of the Republic of Croatia, Term 6, Session 3	2008-02-27	Unicameralism	6. mandat	-	Zasedanje 3	2008-03-28	-	Reference	English	Regular	MP	notMinister	SDP	Socijaldemokratska partija Hrvatske	Opposition	Centre-left	OstojićRajko	Ostojić, Rajko	M	1962	
ParlaMint-HR-en_2008-02-27-0	ParlaMint-HR_2008-02-27-0.u1592	Minutes of the National Assembly of the Republic of Croatia, Term 6, Session 3	2008-02-27	Unicameralism	6. mandat	-	Zasedanje 3	2008-03-28	-	Reference	English	Chairperson	MP	notMinister	SDP	Socijaldemokratska partija Hrvatske	Opposition	Centre-left	MimicaNeven	Mimica, Neven	M	1953	
ParlaMint-HR-en_2008-02-27-0	ParlaMint-HR_2008-02-27-0.u1593	Minutes of the National Assembly of the Republic of Croatia, Term 6, Session 3	2008-02-27	Unicameralism	6. mandat	-	Zasedanje 3	2008-03-28	-	Reference	English	Regular	MP	notMinister	HDZ	Hrvatska demokratska zajednica	Opposition	Centre-right	HebrangAndrija	Hebrang, Andrija	F	1946	
ParlaMint-HR-en_2008-02-27-0	ParlaMint-HR_2008-02-27-0.u1594	Minutes of the National Assembly of the Republic of Croatia, Term 6, Session 3	2008-02-27	Unicameralism	6. mandat	-	Zasedanje 3	2008-03-28	-	Reference	English	Chairperson	MP	notMinister	SDP	Socijaldemokratska partija Hrvatske	Opposition	Centre-left	MimicaNeven	Mimica, Neven	M	1953	
ParlaMint-HR-en_2008-02-27-0	ParlaMint-HR_2008-02-27-0.u1595	Minutes of the National Assembly of the Republic of Croatia, Term 6, Session 3	2008-02-27	Unicameralism	6. mandat	-	Zasedanje 3	2008-03-28	-	Reference	English	Regular	MP	notMinister	HDZ	Hrvatska demokratska zajednica	Opposition	Centre-right	StrikićNedjeljko	Strikić, Nedjeljko	M	1961	
ParlaMint-HR-en_2008-02-27-0	ParlaMint-HR_2008-02-27-0.u1596	Minutes of the National Assembly of the Republic of Croatia, Term 6, Session 3	2008-02-27	Unicameralism	6. mandat	-	Zasedanje 3	2008-03-28	-	Reference	English	Chairperson	MP	notMinister	SDP	Socijaldemokratska partija Hrvatske	Opposition	Centre-left	MimicaNeven	Mimica, Neven	M	1953	
ParlaMint-HR-en_2008-02-27-0	ParlaMint-HR_2008-02-27-0.u1597	Minutes of the National Assembly of the Republic of Croatia, Term 6, Session 3	2008-02-27	Unicameralism	6. mandat	-	Zasedanje 3	2008-03-28	-	Reference	English	Regular	MP	notMinister	SDP	Socijaldemokratska partija Hrvatske	Opposition	Centre-left	JerkovićRomana	Jerković, Romana	F	1964	
ParlaMint-HR-en_2008-02-27-0	ParlaMint-HR_2008-02-27-0.u1598	Minutes of the National Assembly of the Republic of Croatia, Term 6, Session 3	2008-02-27	Unicameralism	6. mandat	-	Zasedanje 3	2008-03-28	-	Reference	English	Chairperson	MP	notMinister	SDP	Socijaldemokratska partija Hrvatske	Opposition	Centre-left	MimicaNeven	Mimica, Neven	M	1953	
ParlaMint-HR-en_2008-02-27-0	ParlaMint-HR_2008-02-27-0.u1599	Minutes of the National Assembly of the Republic of Croatia, Term 6, Session 3	2008-02-27	Unicameralism	6. mandat	-	Zasedanje 3	2008-03-28	-	Reference	English	Regular	MP	notMinister	HDZ	Hrvatska demokratska zajednica	Opposition	Centre-right	HebrangAndrija	Hebrang, Andrija	F	1946	
ParlaMint-HR-en_2008-02-27-0	ParlaMint-HR_2008-02-27-0.u1600	Minutes of the National Assembly of the Republic of Croatia, Term 6, Session 3	2008-02-27	Unicameralism	6. mandat	-	Zasedanje 3	2008-03-28	-	Reference	English	Chairperson	MP	notMinister	SDP	Socijaldemokratska partija Hrvatske	Opposition	Centre-left	MimicaNeven	Mimica, Neven	M	1953	
ParlaMint-HR-en_2008-02-27-0	ParlaMint-HR_2008-02-27-0.u1601	Minutes of the National Assembly of the Republic of Croatia, Term 6, Session 3	2008-02-27	Unicameralism	6. mandat	-	Zasedanje 3	2008-03-28	-	Reference	English	Regular	MP	notMinister	HDZ	Hrvatska demokratska zajednica	Opposition	Centre-right	MatkovićBorislav	Matković, Borislav	M	1951	
ParlaMint-HR-en_2008-02-27-0	ParlaMint-HR_2008-02-27-0.u1602	Minutes of the National Assembly of the Republic of Croatia, Term 6, Session 3	2008-02-27	Unicameralism	6. mandat	-	Zasedanje 3	2008-03-28	-	Reference	English	Chairperson	MP	notMinister	SDP	Socijaldemokratska partija Hrvatske	Opposition	Centre-left	MimicaNeven	Mimica, Neven	M	1953	
ParlaMint-HR-en_2008-02-27-0	ParlaMint-HR_2008-02-27-0.u1603	Minutes of the National Assembly of the Republic of Croatia, Term 6, Session 3	2008-02-27	Unicameralism	6. mandat	-	Zasedanje 3	2008-03-28	-	Reference	English	Regular	MP	notMinister	HDZ	Hrvatska demokratska zajednica	Opposition	Centre-right	MatkovićBorislav	Matković, Borislav	M	1951	
ParlaMint-HR-en_2008-02-27-0	ParlaMint-HR_2008-02-27-0.u1604	Minutes of the National Assembly of the Republic of Croatia, Term 6, Session 3	2008-02-27	Unicameralism	6. mandat	-	Zasedanje 3	2008-03-28	-	Reference	English	Chairperson	MP	notMinister	SDP	Socijaldemokratska partija Hrvatske	Opposition	Centre-left	MimicaNeven	Mimica, Neven	M	1953	
ParlaMint-HR-en_2008-02-27-0	ParlaMint-HR_2008-02-27-0.u1605	Minutes of the National Assembly of the Republic of Croatia, Term 6, Session 3	2008-02-27	Unicameralism	6. mandat	-	Zasedanje 3	2008-03-28	-	Reference	English	Regular	MP	notMinister	HDZ	Hrvatska demokratska zajednica	Opposition	Centre-right	KunstBoris	Kunst, Boris	M	1957	
ParlaMint-HR-en_2008-02-27-0	ParlaMint-HR_2008-02-27-0.u1606	Minutes of the National Assembly of the Republic of Croatia, Term 6, Session 3	2008-02-27	Unicameralism	6. mandat	-	Zasedanje 3	2008-03-28	-	Reference	English	Chairperson	MP	notMinister	SDP	Socijaldemokratska partija Hrvatske	Opposition	Centre-left	MimicaNeven	Mimica, Neven	M	1953	
ParlaMint-HR-en_2008-02-27-0	ParlaMint-HR_2008-02-27-0.u1607	Minutes of the National Assembly of the Republic of Croatia, Term 6, Session 3	2008-02-27	Unicameralism	6. mandat	-	Zasedanje 3	2008-03-28	-	Reference	English	Regular	MP	notMinister	SDP	Socijaldemokratska partija Hrvatske	Opposition	Centre-left	DenonaLuka	Denona, Luka	M	1950	
ParlaMint-HR-en_2008-02-27-0	ParlaMint-HR_2008-02-27-0.u1608	Minutes of the National Assembly of the Republic of Croatia, Term 6, Session 3	2008-02-27	Unicameralism	6. mandat	-	Zasedanje 3	2008-03-28	-	Reference	English	Chairperson	MP	notMinister	SDP	Socijaldemokratska partija Hrvatske	Opposition	Centre-left	MimicaNeven	Mimica, Neven	M	1953	
ParlaMint-HR-en_2008-02-27-0	ParlaMint-HR_2008-02-27-0.u1609	Minutes of the National Assembly of the Republic of Croatia, Term 6, Session 3	2008-02-27	Unicameralism	6. mandat	-	Zasedanje 3	2008-03-28	-	Reference	English	Regular	MP	notMinister	HDZ	Hrvatska demokratska zajednica	Opposition	Centre-right	TurkŽeljko	Turk, Željko	M	1962	
ParlaMint-HR-en_2008-02-27-0	ParlaMint-HR_2008-02-27-0.u1610	Minutes of the National Assembly of the Republic of Croatia, Term 6, Session 3	2008-02-27	Unicameralism	6. mandat	-	Zasedanje 3	2008-03-28	-	Reference	English	Chairperson	MP	notMinister	SDP	Socijaldemokratska partija Hrvatske	Opposition	Centre-left	MimicaNeven	Mimica, Neven	M	1953	
ParlaMint-HR-en_2008-02-27-0	ParlaMint-HR_2008-02-27-0.u1611	Minutes of the National Assembly of the Republic of Croatia, Term 6, Session 3	2008-02-27	Unicameralism	6. mandat	-	Zasedanje 3	2008-03-28	-	Reference	English	Regular	notMP	notMinister	-	-	-	-	LesarDragutin	Lesar, Dragutin	M	1956	
ParlaMint-HR-en_2008-02-27-0	ParlaMint-HR_2008-02-27-0.u1612	Minutes of the National Assembly of the Republic of Croatia, Term 6, Session 3	2008-02-27	Unicameralism	6. mandat	-	Zasedanje 3	2008-03-28	-	Reference	English	Chairperson	MP	notMinister	SDP	Socijaldemokratska partija Hrvatske	Opposition	Centre-left	MimicaNeven	Mimica, Neven	M	1953	
ParlaMint-HR-en_2008-02-27-0	ParlaMint-HR_2008-02-27-0.u1613	Minutes of the National Assembly of the Republic of Croatia, Term 6, Session 3	2008-02-27	Unicameralism	6. mandat	-	Zasedanje 3	2008-03-28	-	Reference	English	Regular	MP	notMinister	SDP	Socijaldemokratska partija Hrvatske	Opposition	Centre-left	JovanovićŽeljko	Jovanović, Željko	M	1965	
ParlaMint-HR-en_2008-02-27-0	ParlaMint-HR_2008-02-27-0.u1614	Minutes of the National Assembly of the Republic of Croatia, Term 6, Session 3	2008-02-27	Unicameralism	6. mandat	-	Zasedanje 3	2008-03-28	-	Reference	English	Chairperson	MP	notMinister	SDP	Socijaldemokratska partija Hrvatske	Opposition	Centre-left	MimicaNeven	Mimica, Neven	M	1953	
ParlaMint-HR-en_2008-02-27-0	ParlaMint-HR_2008-02-27-0.u1615	Minutes of the National Assembly of the Republic of Croatia, Term 6, Session 3	2008-02-27	Unicameralism	6. mandat	-	Zasedanje 3	2008-03-28	-	Reference	English	Regular	MP	notMinister	HDZ	Hrvatska demokratska zajednica	Opposition	Centre-right	StrikićNedjeljko	Strikić, Nedjeljko	M	1961	
ParlaMint-HR-en_2008-02-27-0	ParlaMint-HR_2008-02-27-0.u1616	Minutes of the National Assembly of the Republic of Croatia, Term 6, Session 3	2008-02-27	Unicameralism	6. mandat	-	Zasedanje 3	2008-03-28	-	Reference	English	Chairperson	MP	notMinister	SDP	Socijaldemokratska partija Hrvatske	Opposition	Centre-left	MimicaNeven	Mimica, Neven	M	1953	
ParlaMint-HR-en_2008-02-27-0	ParlaMint-HR_2008-02-27-0.u1617	Minutes of the National Assembly of the Republic of Croatia, Term 6, Session 3	2008-02-27	Unicameralism	6. mandat	-	Zasedanje 3	2008-03-28	-	Reference	English	Regular	notMP	notMinister	-	-	-	-	LesarDragutin	Lesar, Dragutin	M	1956	
ParlaMint-HR-en_2008-02-27-0	ParlaMint-HR_2008-02-27-0.u1618	Minutes of the National Assembly of the Republic of Croatia, Term 6, Session 3	2008-02-27	Unicameralism	6. mandat	-	Zasedanje 3	2008-03-28	-	Reference	English	Chairperson	MP	notMinister	HDZ	Hrvatska demokratska zajednica	Opposition	Centre-right	BebićLuka	Bebić, Luka	M	1937	
ParlaMint-HR-en_2008-02-27-0	ParlaMint-HR_2008-02-27-0.u1619	Minutes of the National Assembly of the Republic of Croatia, Term 6, Session 3	2008-02-27	Unicameralism	6. mandat	-	Zasedanje 3	2008-03-28	-	Reference	English	Regular	notMP	notMinister	-	-	-	-	LesarDragutin	Lesar, Dragutin	M	1956	
ParlaMint-HR-en_2008-02-27-0	ParlaMint-HR_2008-02-27-0.u1620	Minutes of the National Assembly of the Republic of Croatia, Term 6, Session 3	2008-02-27	Unicameralism	6. mandat	-	Zasedanje 3	2008-03-28	-	Reference	English	Chairperson	MP	notMinister	HDZ	Hrvatska demokratska zajednica	Opposition	Centre-right	BebićLuka	Bebić, Luka	M	1937	
ParlaMint-HR-en_2008-02-27-0	ParlaMint-HR_2008-02-27-0.u1621	Minutes of the National Assembly of the Republic of Croatia, Term 6, Session 3	2008-02-27	Unicameralism	6. mandat	-	Zasedanje 3	2008-03-28	-	Reference	English	Regular	MP	notMinister	SDP	Socijaldemokratska partija Hrvatske	Opposition	Centre-left	JelašNadica	Jelaš, Nadica	F	1957	
ParlaMint-HR-en_2008-02-27-0	ParlaMint-HR_2008-02-27-0.u1622	Minutes of the National Assembly of the Republic of Croatia, Term 6, Session 3	2008-02-27	Unicameralism	6. mandat	-	Zasedanje 3	2008-03-28	-	Reference	English	Chairperson	MP	notMinister	HDZ	Hrvatska demokratska zajednica	Opposition	Centre-right	BebićLuka	Bebić, Luka	M	1937	
ParlaMint-HR-en_2008-02-27-0	ParlaMint-HR_2008-02-27-0.u1623	Minutes of the National Assembly of the Republic of Croatia, Term 6, Session 3	2008-02-27	Unicameralism	6. mandat	-	Zasedanje 3	2008-03-28	-	Reference	English	Regular	MP	notMinister	SDP	Socijaldemokratska partija Hrvatske	Opposition	Centre-left	VrbatGrgićTanja	Vrbat Grgić, Tanja	F	1979	
ParlaMint-HR-en_2008-02-27-0	ParlaMint-HR_2008-02-27-0.u1624	Minutes of the National Assembly of the Republic of Croatia, Term 6, Session 3	2008-02-27	Unicameralism	6. mandat	-	Zasedanje 3	2008-03-28	-	Reference	English	Chairperson	MP	notMinister	HDZ	Hrvatska demokratska zajednica	Opposition	Centre-right	BebićLuka	Bebić, Luka	M	1937	
ParlaMint-HR-en_2008-02-27-0	ParlaMint-HR_2008-02-27-0.u1625	Minutes of the National Assembly of the Republic of Croatia, Term 6, Session 3	2008-02-27	Unicameralism	6. mandat	-	Zasedanje 3	2008-03-28	-	Reference	English	Regular	MP	notMinister	HDZ	Hrvatska demokratska zajednica	Opposition	Centre-right	MatkovićBorislav	Matković, Borislav	M	1951	
ParlaMint-HR-en_2008-02-27-0	ParlaMint-HR_2008-02-27-0.u1626	Minutes of the National Assembly of the Republic of Croatia, Term 6, Session 3	2008-02-27	Unicameralism	6. mandat	-	Zasedanje 3	2008-03-28	-	Reference	English	Chairperson	MP	notMinister	HDZ	Hrvatska demokratska zajednica	Opposition	Centre-right	BebićLuka	Bebić, Luka	M	1937	
ParlaMint-HR-en_2008-02-27-0	ParlaMint-HR_2008-02-27-0.u1627	Minutes of the National Assembly of the Republic of Croatia, Term 6, Session 3	2008-02-27	Unicameralism	6. mandat	-	Zasedanje 3	2008-03-28	-	Reference	English	Regular	MP	notMinister	SDP	Socijaldemokratska partija Hrvatske	Opposition	Centre-left	VrbatGrgićTanja	Vrbat Grgić, Tanja	F	1979	
ParlaMint-HR-en_2008-02-27-0	ParlaMint-HR_2008-02-27-0.u1628	Minutes of the National Assembly of the Republic of Croatia, Term 6, Session 3	2008-02-27	Unicameralism	6. mandat	-	Zasedanje 3	2008-03-28	-	Reference	English	Chairperson	MP	notMinister	HDZ	Hrvatska demokratska zajednica	Opposition	Centre-right	BebićLuka	Bebić, Luka	M	1937	
ParlaMint-HR-en_2008-02-27-0	ParlaMint-HR_2008-02-27-0.u1629	Minutes of the National Assembly of the Republic of Croatia, Term 6, Session 3	2008-02-27	Unicameralism	6. mandat	-	Zasedanje 3	2008-03-28	-	Reference	English	Regular	MP	notMinister	HDZ	Hrvatska demokratska zajednica	Opposition	Centre-right	ŠuicaDubravka	Šuica, Dubravka	F	1957	
ParlaMint-HR-en_2008-02-27-0	ParlaMint-HR_2008-02-27-0.u1630	Minutes of the National Assembly of the Republic of Croatia, Term 6, Session 3	2008-02-27	Unicameralism	6. mandat	-	Zasedanje 3	2008-03-28	-	Reference	English	Chairperson	MP	notMinister	HDZ	Hrvatska demokratska zajednica	Opposition	Centre-right	ŠeksVladimir	Šeks, Vladimir	M	1943	
ParlaMint-HR-en_2008-02-27-0	ParlaMint-HR_2008-02-27-0.u1631	Minutes of the National Assembly of the Republic of Croatia, Term 6, Session 3	2008-02-27	Unicameralism	6. mandat	-	Zasedanje 3	2008-03-28	-	Reference	English	Regular	MP	notMinister	HDSSB	Hrvatski demokratski savez Slavonije i Baranje	Opposition	Centre-right	VinkovićZoran	Vinković, Zoran	M	1966	
ParlaMint-HR-en_2008-02-27-0	ParlaMint-HR_2008-02-27-0.u1632	Minutes of the National Assembly of the Republic of Croatia, Term 6, Session 3	2008-02-27	Unicameralism	6. mandat	-	Zasedanje 3	2008-03-28	-	Reference	English	Chairperson	MP	notMinister	HDZ	Hrvatska demokratska zajednica	Opposition	Centre-right	ŠeksVladimir	Šeks, Vladimir	M	1943	
ParlaMint-HR-en_2008-02-27-0	ParlaMint-HR_2008-02-27-0.u1633	Minutes of the National Assembly of the Republic of Croatia, Term 6, Session 3	2008-02-27	Unicameralism	6. mandat	-	Zasedanje 3	2008-03-28	-	Reference	English	Regular	MP	notMinister	SDP	Socijaldemokratska partija Hrvatske	Opposition	Centre-left	StazićNenad	Stazić, Nenad	M	1957	
ParlaMint-HR-en_2008-02-27-0	ParlaMint-HR_2008-02-27-0.u1634	Minutes of the National Assembly of the Republic of Croatia, Term 6, Session 3	2008-02-27	Unicameralism	6. mandat	-	Zasedanje 3	2008-03-28	-	Reference	English	Chairperson	MP	notMinister	HDZ	Hrvatska demokratska zajednica	Opposition	Centre-right	ŠeksVladimir	Šeks, Vladimir	M	1943	
ParlaMint-HR-en_2008-02-27-0	ParlaMint-HR_2008-02-27-0.u1635	Minutes of the National Assembly of the Republic of Croatia, Term 6, Session 3	2008-02-27	Unicameralism	6. mandat	-	Zasedanje 3	2008-03-28	-	Reference	English	Regular	MP	notMinister	HDZ	Hrvatska demokratska zajednica	Opposition	Centre-right	MatušićFrano	Matušić, Frano	M	1961	
ParlaMint-HR-en_2008-02-27-0	ParlaMint-HR_2008-02-27-0.u1636	Minutes of the National Assembly of the Republic of Croatia, Term 6, Session 3	2008-02-27	Unicameralism	6. mandat	-	Zasedanje 3	2008-03-28	-	Reference	English	Chairperson	MP	notMinister	HDZ	Hrvatska demokratska zajednica	Opposition	Centre-right	ŠeksVladimir	Šeks, Vladimir	M	1943	
ParlaMint-HR-en_2008-02-27-0	ParlaMint-HR_2008-02-27-0.u1637	Minutes of the National Assembly of the Republic of Croatia, Term 6, Session 3	2008-02-27	Unicameralism	6. mandat	-	Zasedanje 3	2008-03-28	-	Reference	English	Regular	MP	notMinister	SDP	Socijaldemokratska partija Hrvatske	Opposition	Centre-left	StazićNenad	Stazić, Nenad	M	1957	
ParlaMint-HR-en_2008-02-27-0	ParlaMint-HR_2008-02-27-0.u1638	Minutes of the National Assembly of the Republic of Croatia, Term 6, Session 3	2008-02-27	Unicameralism	6. mandat	-	Zasedanje 3	2008-03-28	-	Reference	English	Chairperson	MP	notMinister	HDZ	Hrvatska demokratska zajednica	Opposition	Centre-right	ŠeksVladimir	Šeks, Vladimir	M	1943	
ParlaMint-HR-en_2008-02-27-0	ParlaMint-HR_2008-02-27-0.u1639	Minutes of the National Assembly of the Republic of Croatia, Term 6, Session 3	2008-02-27	Unicameralism	6. mandat	-	Zasedanje 3	2008-03-28	-	Reference	English	Regular	MP	notMinister	SDP	Socijaldemokratska partija Hrvatske	Opposition	Centre-left	StazićNenad	Stazić, Nenad	M	1957	
ParlaMint-HR-en_2008-02-27-0	ParlaMint-HR_2008-02-27-0.u1640	Minutes of the National Assembly of the Republic of Croatia, Term 6, Session 3	2008-02-27	Unicameralism	6. mandat	-	Zasedanje 3	2008-03-28	-	Reference	English	Chairperson	MP	notMinister	HDZ	Hrvatska demokratska zajednica	Opposition	Centre-right	ŠeksVladimir	Šeks, Vladimir	M	1943	
ParlaMint-HR-en_2008-02-27-0	ParlaMint-HR_2008-02-27-0.u1641	Minutes of the National Assembly of the Republic of Croatia, Term 6, Session 3	2008-02-27	Unicameralism	6. mandat	-	Zasedanje 3	2008-03-28	-	Reference	English	Regular	MP	notMinister	SDP	Socijaldemokratska partija Hrvatske	Opposition	Centre-left	StazićNenad	Stazić, Nenad	M	1957	
ParlaMint-HR-en_2008-02-27-0	ParlaMint-HR_2008-02-27-0.u1642	Minutes of the National Assembly of the Republic of Croatia, Term 6, Session 3	2008-02-27	Unicameralism	6. mandat	-	Zasedanje 3	2008-03-28	-	Reference	English	Chairperson	MP	notMinister	HDZ	Hrvatska demokratska zajednica	Opposition	Centre-right	ŠeksVladimir	Šeks, Vladimir	M	1943	
ParlaMint-HR-en_2008-02-27-0	ParlaMint-HR_2008-02-27-0.u1643	Minutes of the National Assembly of the Republic of Croatia, Term 6, Session 3	2008-02-27	Unicameralism	6. mandat	-	Zasedanje 3	2008-03-28	-	Reference	English	Regular	MP	notMinister	SDP	Socijaldemokratska partija Hrvatske	Opposition	Centre-left	StazićNenad	Stazić, Nenad	M	1957	
ParlaMint-HR-en_2008-02-27-0	ParlaMint-HR_2008-02-27-0.u1644	Minutes of the National Assembly of the Republic of Croatia, Term 6, Session 3	2008-02-27	Unicameralism	6. mandat	-	Zasedanje 3	2008-03-28	-	Reference	English	Chairperson	MP	notMinister	HDZ	Hrvatska demokratska zajednica	Opposition	Centre-right	ŠeksVladimir	Šeks, Vladimir	M	1943	
ParlaMint-HR-en_2008-02-27-0	ParlaMint-HR_2008-02-27-0.u1645	Minutes of the National Assembly of the Republic of Croatia, Term 6, Session 3	2008-02-27	Unicameralism	6. mandat	-	Zasedanje 3	2008-03-28	-	Reference	English	Regular	MP	notMinister	HDZ	Hrvatska demokratska zajednica	Opposition	Centre-right	HuškaDavor	Huška, Davor	M	1965	
ParlaMint-HR-en_2008-02-27-0	ParlaMint-HR_2008-02-27-0.u1646	Minutes of the National Assembly of the Republic of Croatia, Term 6, Session 3	2008-02-27	Unicameralism	6. mandat	-	Zasedanje 3	2008-03-28	-	Reference	English	Chairperson	MP	notMinister	HDZ	Hrvatska demokratska zajednica	Opposition	Centre-right	ŠeksVladimir	Šeks, Vladimir	M	1943	
ParlaMint-HR-en_2008-02-27-0	ParlaMint-HR_2008-02-27-0.u1647	Minutes of the National Assembly of the Republic of Croatia, Term 6, Session 3	2008-02-27	Unicameralism	6. mandat	-	Zasedanje 3	2008-03-28	-	Reference	English	Regular	MP	notMinister	SDP	Socijaldemokratska partija Hrvatske	Opposition	Centre-left	MarasGordan	Maras, Gordan	M	1974	
ParlaMint-HR-en_2008-02-27-0	ParlaMint-HR_2008-02-27-0.u1648	Minutes of the National Assembly of the Republic of Croatia, Term 6, Session 3	2008-02-27	Unicameralism	6. mandat	-	Zasedanje 3	2008-03-28	-	Reference	English	Chairperson	MP	notMinister	HDZ	Hrvatska demokratska zajednica	Opposition	Centre-right	ŠeksVladimir	Šeks, Vladimir	M	1943	
ParlaMint-HR-en_2008-02-27-0	ParlaMint-HR_2008-02-27-0.u1649	Minutes of the National Assembly of the Republic of Croatia, Term 6, Session 3	2008-02-27	Unicameralism	6. mandat	-	Zasedanje 3	2008-03-28	-	Reference	English	Regular	MP	notMinister	SDP	Socijaldemokratska partija Hrvatske	Opposition	Centre-left	StazićNenad	Stazić, Nenad	M	1957	
ParlaMint-HR-en_2008-02-27-0	ParlaMint-HR_2008-02-27-0.u1650	Minutes of the National Assembly of the Republic of Croatia, Term 6, Session 3	2008-02-27	Unicameralism	6. mandat	-	Zasedanje 3	2008-03-28	-	Reference	English	Chairperson	MP	notMinister	HDZ	Hrvatska demokratska zajednica	Opposition	Centre-right	ŠeksVladimir	Šeks, Vladimir	M	1943	
ParlaMint-HR-en_2008-02-27-0	ParlaMint-HR_2008-02-27-0.u1651	Minutes of the National Assembly of the Republic of Croatia, Term 6, Session 3	2008-02-27	Unicameralism	6. mandat	-	Zasedanje 3	2008-03-28	-	Reference	English	Regular	MP	notMinister	SDP	Socijaldemokratska partija Hrvatske	Opposition	Centre-left	OstojićRanko	Ostojić, Ranko	M	1962	
ParlaMint-HR-en_2008-02-27-0	ParlaMint-HR_2008-02-27-0.u1652	Minutes of the National Assembly of the Republic of Croatia, Term 6, Session 3	2008-02-27	Unicameralism	6. mandat	-	Zasedanje 3	2008-03-28	-	Reference	English	Chairperson	MP	notMinister	HDZ	Hrvatska demokratska zajednica	Opposition	Centre-right	ŠeksVladimir	Šeks, Vladimir	M	1943	
ParlaMint-HR-en_2008-02-27-0	ParlaMint-HR_2008-02-27-0.u1653	Minutes of the National Assembly of the Republic of Croatia, Term 6, Session 3	2008-02-27	Unicameralism	6. mandat	-	Zasedanje 3	2008-03-28	-	Reference	English	Regular	MP	notMinister	SDP	Socijaldemokratska partija Hrvatske	Opposition	Centre-left	MimicaNeven	Mimica, Neven	M	1953	
ParlaMint-HR-en_2008-02-27-0	ParlaMint-HR_2008-02-27-0.u1654	Minutes of the National Assembly of the Republic of Croatia, Term 6, Session 3	2008-02-27	Unicameralism	6. mandat	-	Zasedanje 3	2008-03-28	-	Reference	English	Chairperson	MP	notMinister	HDZ	Hrvatska demokratska zajednica	Opposition	Centre-right	ŠeksVladimir	Šeks, Vladimir	M	1943	
ParlaMint-HR-en_2008-02-27-0	ParlaMint-HR_2008-02-27-0.u1655	Minutes of the National Assembly of the Republic of Croatia, Term 6, Session 3	2008-02-27	Unicameralism	6. mandat	-	Zasedanje 3	2008-03-28	-	Reference	English	Regular	MP	notMinister	HDZ	Hrvatska demokratska zajednica	Opposition	Centre-right	ĐakićJosip	Đakić, Josip	M	1960	
ParlaMint-HR-en_2008-02-27-0	ParlaMint-HR_2008-02-27-0.u1656	Minutes of the National Assembly of the Republic of Croatia, Term 6, Session 3	2008-02-27	Unicameralism	6. mandat	-	Zasedanje 3	2008-03-28	-	Reference	English	Chairperson	MP	notMinister	HDZ	Hrvatska demokratska zajednica	Opposition	Centre-right	ŠeksVladimir	Šeks, Vladimir	M	1943	
ParlaMint-HR-en_2008-02-27-0	ParlaMint-HR_2008-02-27-0.u1657	Minutes of the National Assembly of the Republic of Croatia, Term 6, Session 3	2008-02-27	Unicameralism	6. mandat	-	Zasedanje 3	2008-03-28	-	Reference	English	Regular	MP	notMinister	nezavisni	nezavisni	-	-	HorvatZlatko	Horvat, Zlatko	M	1948	
ParlaMint-HR-en_2008-02-27-0	ParlaMint-HR_2008-02-27-0.u1658	Minutes of the National Assembly of the Republic of Croatia, Term 6, Session 3	2008-02-27	Unicameralism	6. mandat	-	Zasedanje 3	2008-03-28	-	Reference	English	Chairperson	MP	notMinister	HDZ	Hrvatska demokratska zajednica	Opposition	Centre-right	ŠeksVladimir	Šeks, Vladimir	M	1943	
ParlaMint-HR-en_2008-02-27-0	ParlaMint-HR_2008-02-27-0.u1659	Minutes of the National Assembly of the Republic of Croatia, Term 6, Session 3	2008-02-27	Unicameralism	6. mandat	-	Zasedanje 3	2008-03-28	-	Reference	English	Regular	MP	notMinister	HDZ	Hrvatska demokratska zajednica	Opposition	Centre-right	MihalićAnđelko	Mihalić, Anđelko	M	1959	
ParlaMint-HR-en_2008-02-27-0	ParlaMint-HR_2008-02-27-0.u1660	Minutes of the National Assembly of the Republic of Croatia, Term 6, Session 3	2008-02-27	Unicameralism	6. mandat	-	Zasedanje 3	2008-03-28	-	Reference	English	Chairperson	MP	notMinister	HDZ	Hrvatska demokratska zajednica	Opposition	Centre-right	ŠeksVladimir	Šeks, Vladimir	M	1943	
ParlaMint-HR-en_2008-02-27-0	ParlaMint-HR_2008-02-27-0.u1661	Minutes of the National Assembly of the Republic of Croatia, Term 6, Session 3	2008-02-27	Unicameralism	6. mandat	-	Zasedanje 3	2008-03-28	-	Reference	English	Regular	MP	notMinister	HDZ	Hrvatska demokratska zajednica	Opposition	Centre-right	MihalićAnđelko	Mihalić, Anđelko	M	1959	
ParlaMint-HR-en_2008-02-27-0	ParlaMint-HR_2008-02-27-0.u1662	Minutes of the National Assembly of the Republic of Croatia, Term 6, Session 3	2008-02-27	Unicameralism	6. mandat	-	Zasedanje 3	2008-03-28	-	Reference	English	Chairperson	MP	notMinister	HDZ	Hrvatska demokratska zajednica	Opposition	Centre-right	ŠeksVladimir	Šeks, Vladimir	M	1943	
ParlaMint-HR-en_2008-02-27-0	ParlaMint-HR_2008-02-27-0.u1663	Minutes of the National Assembly of the Republic of Croatia, Term 6, Session 3	2008-02-27	Unicameralism	6. mandat	-	Zasedanje 3	2008-03-28	-	Reference	English	Regular	MP	notMinister	HSS	Hrvatska seljačka stranka	Coalition	Centre to centre-right	PetirMarijana	Petir, Marijana	F	1975	
ParlaMint-HR-en_2008-02-27-0	ParlaMint-HR_2008-02-27-0.u1664	Minutes of the National Assembly of the Republic of Croatia, Term 6, Session 3	2008-02-27	Unicameralism	6. mandat	-	Zasedanje 3	2008-03-28	-	Reference	English	Chairperson	MP	notMinister	HDZ	Hrvatska demokratska zajednica	Opposition	Centre-right	ŠeksVladimir	Šeks, Vladimir	M	1943	
ParlaMint-HR-en_2008-02-27-0	ParlaMint-HR_2008-02-27-0.u1665	Minutes of the National Assembly of the Republic of Croatia, Term 6, Session 3	2008-02-27	Unicameralism	6. mandat	-	Zasedanje 3	2008-03-28	-	Reference	English	Regular	MP	notMinister	SDP	Socijaldemokratska partija Hrvatske	Opposition	Centre-left	HabekMario	Habek, Mario	M	1972	
ParlaMint-HR-en_2008-02-27-0	ParlaMint-HR_2008-02-27-0.u1666	Minutes of the National Assembly of the Republic of Croatia, Term 6, Session 3	2008-02-27	Unicameralism	6. mandat	-	Zasedanje 3	2008-03-28	-	Reference	English	Chairperson	MP	notMinister	HDZ	Hrvatska demokratska zajednica	Opposition	Centre-right	ŠeksVladimir	Šeks, Vladimir	M	1943	
ParlaMint-HR-en_2008-02-27-0	ParlaMint-HR_2008-02-27-0.u1667	Minutes of the National Assembly of the Republic of Croatia, Term 6, Session 3	2008-02-27	Unicameralism	6. mandat	-	Zasedanje 3	2008-03-28	-	Reference	English	Regular	MP	notMinister	SDP	Socijaldemokratska partija Hrvatske	Opposition	Centre-left	HanžekIvan	Hanžek, Ivan	M	1948	
ParlaMint-HR-en_2008-02-27-0	ParlaMint-HR_2008-02-27-0.u1668	Minutes of the National Assembly of the Republic of Croatia, Term 6, Session 3	2008-02-27	Unicameralism	6. mandat	-	Zasedanje 3	2008-03-28	-	Reference	English	Chairperson	MP	notMinister	HDZ	Hrvatska demokratska zajednica	Opposition	Centre-right	ŠeksVladimir	Šeks, Vladimir	M	1943	
ParlaMint-HR-en_2008-02-27-0	ParlaMint-HR_2008-02-27-0.u1669	Minutes of the National Assembly of the Republic of Croatia, Term 6, Session 3	2008-02-27	Unicameralism	6. mandat	-	Zasedanje 3	2008-03-28	-	Reference	English	Regular	MP	notMinister	HDZ	Hrvatska demokratska zajednica	Opposition	Centre-right	ĐakićJosip	Đakić, Josip	M	1960	
ParlaMint-HR-en_2008-02-27-0	ParlaMint-HR_2008-02-27-0.u1670	Minutes of the National Assembly of the Republic of Croatia, Term 6, Session 3	2008-02-27	Unicameralism	6. mandat	-	Zasedanje 3	2008-03-28	-	Reference	English	Chairperson	MP	notMinister	HDZ	Hrvatska demokratska zajednica	Opposition	Centre-right	ŠeksVladimir	Šeks, Vladimir	M	1943	
ParlaMint-HR-en_2008-02-27-0	ParlaMint-HR_2008-02-27-0.u1671	Minutes of the National Assembly of the Republic of Croatia, Term 6, Session 3	2008-02-27	Unicameralism	6. mandat	-	Zasedanje 3	2008-03-28	-	Reference	English	Regular	MP	notMinister	HDZ	Hrvatska demokratska zajednica	Opposition	Centre-right	ŠolićBožica	Šolić, Božica	F	1956	
ParlaMint-HR-en_2008-02-27-0	ParlaMint-HR_2008-02-27-0.u1672	Minutes of the National Assembly of the Republic of Croatia, Term 6, Session 3	2008-02-27	Unicameralism	6. mandat	-	Zasedanje 3	2008-03-28	-	Reference	English	Chairperson	MP	notMinister	HDZ	Hrvatska demokratska zajednica	Opposition	Centre-right	ŠeksVladimir	Šeks, Vladimir	M	1943	
ParlaMint-HR-en_2008-02-27-0	ParlaMint-HR_2008-02-27-0.u1673	Minutes of the National Assembly of the Republic of Croatia, Term 6, Session 3	2008-02-27	Unicameralism	6. mandat	-	Zasedanje 3	2008-03-28	-	Reference	English	Regular	MP	notMinister	SDP	Socijaldemokratska partija Hrvatske	Opposition	Centre-left	FlegoGvozdenSrećko	Flego, Gvozden Srećko	M	1946	
ParlaMint-HR-en_2008-02-27-0	ParlaMint-HR_2008-02-27-0.u1674	Minutes of the National Assembly of the Republic of Croatia, Term 6, Session 3	2008-02-27	Unicameralism	6. mandat	-	Zasedanje 3	2008-03-28	-	Reference	English	Chairperson	MP	notMinister	HDZ	Hrvatska demokratska zajednica	Opposition	Centre-right	ŠeksVladimir	Šeks, Vladimir	M	1943	
ParlaMint-HR-en_2008-02-27-0	ParlaMint-HR_2008-02-27-0.u1675	Minutes of the National Assembly of the Republic of Croatia, Term 6, Session 3	2008-02-27	Unicameralism	6. mandat	-	Zasedanje 3	2008-03-28	-	Reference	English	Regular	MP	notMinister	HDZ	Hrvatska demokratska zajednica	Opposition	Centre-right	BilićVardićSuzana	Bilić Vardić, Suzana	F	1964	
ParlaMint-HR-en_2008-02-27-0	ParlaMint-HR_2008-02-27-0.u1676	Minutes of the National Assembly of the Republic of Croatia, Term 6, Session 3	2008-02-27	Unicameralism	6. mandat	-	Zasedanje 3	2008-03-28	-	Reference	English	Chairperson	MP	notMinister	HDZ	Hrvatska demokratska zajednica	Opposition	Centre-right	BebićLuka	Bebić, Luka	M	1937	
ParlaMint-HR-en_2008-02-27-0	ParlaMint-HR_2008-02-27-0.u1677	Minutes of the National Assembly of the Republic of Croatia, Term 6, Session 3	2008-02-27	Unicameralism	6. mandat	-	Zasedanje 3	2008-03-28	-	Reference	English	Regular	MP	notMinister	SDP	Socijaldemokratska partija Hrvatske	Opposition	Centre-left	VranićBiserka	Vranić, Biserka	F	1966	
ParlaMint-HR-en_2008-02-27-0	ParlaMint-HR_2008-02-27-0.u1678	Minutes of the National Assembly of the Republic of Croatia, Term 6, Session 3	2008-02-27	Unicameralism	6. mandat	-	Zasedanje 3	2008-03-28	-	Reference	English	Chairperson	MP	notMinister	HDZ	Hrvatska demokratska zajednica	Opposition	Centre-right	BebićLuka	Bebić, Luka	M	1937	
ParlaMint-HR-en_2008-02-27-0	ParlaMint-HR_2008-02-27-0.u1679	Minutes of the National Assembly of the Republic of Croatia, Term 6, Session 3	2008-02-27	Unicameralism	6. mandat	-	Zasedanje 3	2008-03-28	-	Reference	English	Regular	MP	notMinister	SDP	Socijaldemokratska partija Hrvatske	Opposition	Centre-left	KurelićBruno	Kurelić, Bruno	M	1953	
ParlaMint-HR-en_2008-02-27-0	ParlaMint-HR_2008-02-27-0.u1680	Minutes of the National Assembly of the Republic of Croatia, Term 6, Session 3	2008-02-27	Unicameralism	6. mandat	-	Zasedanje 3	2008-03-28	-	Reference	English	Chairperson	MP	notMinister	HDZ	Hrvatska demokratska zajednica	Opposition	Centre-right	BebićLuka	Bebić, Luka	M	1937	
ParlaMint-HR-en_2008-02-27-0	ParlaMint-HR_2008-02-27-0.u1681	Minutes of the National Assembly of the Republic of Croatia, Term 6, Session 3	2008-02-27	Unicameralism	6. mandat	-	Zasedanje 3	2008-03-28	-	Reference	English	Regular	MP	notMinister	SDP	Socijaldemokratska partija Hrvatske	Opposition	Centre-left	MršićZvonimir	Mršić, Zvonimir	M	1966	
ParlaMint-HR-en_2008-02-27-0	ParlaMint-HR_2008-02-27-0.u1682	Minutes of the National Assembly of the Republic of Croatia, Term 6, Session 3	2008-02-27	Unicameralism	6. mandat	-	Zasedanje 3	2008-03-28	-	Reference	English	Chairperson	MP	notMinister	HDZ	Hrvatska demokratska zajednica	Opposition	Centre-right	BebićLuka	Bebić, Luka	M	1937	
ParlaMint-HR-en_2008-02-27-0	ParlaMint-HR_2008-02-27-0.u1683	Minutes of the National Assembly of the Republic of Croatia, Term 6, Session 3	2008-02-27	Unicameralism	6. mandat	-	Zasedanje 3	2008-03-28	-	Reference	English	Regular	MP	notMinister	SDP	Socijaldemokratska partija Hrvatske	Opposition	Centre-left	MršićZvonimir	Mršić, Zvonimir	M	1966	
ParlaMint-HR-en_2008-02-27-0	ParlaMint-HR_2008-02-27-0.u1684	Minutes of the National Assembly of the Republic of Croatia, Term 6, Session 3	2008-02-27	Unicameralism	6. mandat	-	Zasedanje 3	2008-03-28	-	Reference	English	Chairperson	MP	notMinister	HDZ	Hrvatska demokratska zajednica	Opposition	Centre-right	BebićLuka	Bebić, Luka	M	1937	
ParlaMint-HR-en_2008-02-27-0	ParlaMint-HR_2008-02-27-0.u1685	Minutes of the National Assembly of the Republic of Croatia, Term 6, Session 3	2008-02-27	Unicameralism	6. mandat	-	Zasedanje 3	2008-03-28	-	Reference	English	Regular	MP	notMinister	HDZ	Hrvatska demokratska zajednica	Opposition	Centre-right	ĐakićJosip	Đakić, Josip	M	1960	
ParlaMint-HR-en_2008-02-27-0	ParlaMint-HR_2008-02-27-0.u1686	Minutes of the National Assembly of the Republic of Croatia, Term 6, Session 3	2008-02-27	Unicameralism	6. mandat	-	Zasedanje 3	2008-03-28	-	Reference	English	Chairperson	MP	notMinister	HDZ	Hrvatska demokratska zajednica	Opposition	Centre-right	BebićLuka	Bebić, Luka	M	1937	
ParlaMint-HR-en_2008-02-27-0	ParlaMint-HR_2008-02-27-0.u1687	Minutes of the National Assembly of the Republic of Croatia, Term 6, Session 3	2008-02-27	Unicameralism	6. mandat	-	Zasedanje 3	2008-03-28	-	Reference	English	Regular	MP	notMinister	SDP	Socijaldemokratska partija Hrvatske	Opposition	Centre-left	MarasGordan	Maras, Gordan	M	1974	
ParlaMint-HR-en_2008-02-27-0	ParlaMint-HR_2008-02-27-0.u1688	Minutes of the National Assembly of the Republic of Croatia, Term 6, Session 3	2008-02-27	Unicameralism	6. mandat	-	Zasedanje 3	2008-03-28	-	Reference	English	Chairperson	MP	notMinister	HDZ	Hrvatska demokratska zajednica	Opposition	Centre-right	BebićLuka	Bebić, Luka	M	1937	
ParlaMint-HR-en_2008-02-27-0	ParlaMint-HR_2008-02-27-0.u1689	Minutes of the National Assembly of the Republic of Croatia, Term 6, Session 3	2008-02-27	Unicameralism	6. mandat	-	Zasedanje 3	2008-03-28	-	Reference	English	Regular	MP	notMinister	SDP	Socijaldemokratska partija Hrvatske	Opposition	Centre-left	MršićZvonimir	Mršić, Zvonimir	M	1966	
ParlaMint-HR-en_2008-02-27-0	ParlaMint-HR_2008-02-27-0.u1690	Minutes of the National Assembly of the Republic of Croatia, Term 6, Session 3	2008-02-27	Unicameralism	6. mandat	-	Zasedanje 3	2008-03-28	-	Reference	English	Chairperson	MP	notMinister	HDZ	Hrvatska demokratska zajednica	Opposition	Centre-right	BebićLuka	Bebić, Luka	M	1937	
ParlaMint-HR-en_2008-02-27-0	ParlaMint-HR_2008-02-27-0.u1691	Minutes of the National Assembly of the Republic of Croatia, Term 6, Session 3	2008-02-27	Unicameralism	6. mandat	-	Zasedanje 3	2008-03-28	-	Reference	English	Regular	MP	notMinister	nezavisni	nezavisni	-	-	ČuhnilZdenka	Čuhnil, Zdenka	F	1949	
ParlaMint-HR-en_2008-02-27-0	ParlaMint-HR_2008-02-27-0.u1692	Minutes of the National Assembly of the Republic of Croatia, Term 6, Session 3	2008-02-27	Unicameralism	6. mandat	-	Zasedanje 3	2008-03-28	-	Reference	English	Chairperson	MP	notMinister	HDZ	Hrvatska demokratska zajednica	Opposition	Centre-right	BebićLuka	Bebić, Luka	M	1937	
ParlaMint-HR-en_2008-02-27-0	ParlaMint-HR_2008-02-27-0.u1693	Minutes of the National Assembly of the Republic of Croatia, Term 6, Session 3	2008-02-27	Unicameralism	6. mandat	-	Zasedanje 3	2008-03-28	-	Reference	English	Regular	MP	notMinister	SDP	Socijaldemokratska partija Hrvatske	Opposition	Centre-left	StazićNenad	Stazić, Nenad	M	1957	
ParlaMint-HR-en_2008-02-27-0	ParlaMint-HR_2008-02-27-0.u1694	Minutes of the National Assembly of the Republic of Croatia, Term 6, Session 3	2008-02-27	Unicameralism	6. mandat	-	Zasedanje 3	2008-03-28	-	Reference	English	Chairperson	MP	notMinister	HDZ	Hrvatska demokratska zajednica	Opposition	Centre-right	BebićLuka	Bebić, Luka	M	1937	
ParlaMint-HR-en_2008-02-27-0	ParlaMint-HR_2008-02-27-0.u1695	Minutes of the National Assembly of the Republic of Croatia, Term 6, Session 3	2008-02-27	Unicameralism	6. mandat	-	Zasedanje 3	2008-03-28	-	Reference	English	Regular	MP	notMinister	nezavisni	nezavisni	-	-	ČuhnilZdenka	Čuhnil, Zdenka	F	1949	
ParlaMint-HR-en_2008-02-27-0	ParlaMint-HR_2008-02-27-0.u1696	Minutes of the National Assembly of the Republic of Croatia, Term 6, Session 3	2008-02-27	Unicameralism	6. mandat	-	Zasedanje 3	2008-03-28	-	Reference	English	Chairperson	MP	notMinister	HDZ	Hrvatska demokratska zajednica	Opposition	Centre-right	BebićLuka	Bebić, Luka	M	1937	
ParlaMint-HR-en_2008-02-27-0	ParlaMint-HR_2008-02-27-0.u1697	Minutes of the National Assembly of the Republic of Croatia, Term 6, Session 3	2008-02-27	Unicameralism	6. mandat	-	Zasedanje 3	2008-03-28	-	Reference	English	Regular	MP	notMinister	SDP	Socijaldemokratska partija Hrvatske	Opposition	Centre-left	MarasGordan	Maras, Gordan	M	1974	
ParlaMint-HR-en_2008-02-27-0	ParlaMint-HR_2008-02-27-0.u1698	Minutes of the National Assembly of the Republic of Croatia, Term 6, Session 3	2008-02-27	Unicameralism	6. mandat	-	Zasedanje 3	2008-03-28	-	Reference	English	Chairperson	MP	notMinister	HDZ	Hrvatska demokratska zajednica	Opposition	Centre-right	BebićLuka	Bebić, Luka	M	1937	
ParlaMint-HR-en_2008-02-27-0	ParlaMint-HR_2008-02-27-0.u1699	Minutes of the National Assembly of the Republic of Croatia, Term 6, Session 3	2008-02-27	Unicameralism	6. mandat	-	Zasedanje 3	2008-03-28	-	Reference	English	Regular	MP	notMinister	SDP	Socijaldemokratska partija Hrvatske	Opposition	Centre-left	HolyMirela	Holy, Mirela	F	1971	
ParlaMint-HR-en_2008-02-27-0	ParlaMint-HR_2008-02-27-0.u1700	Minutes of the National Assembly of the Republic of Croatia, Term 6, Session 3	2008-02-27	Unicameralism	6. mandat	-	Zasedanje 3	2008-03-28	-	Reference	English	Chairperson	MP	notMinister	HDZ	Hrvatska demokratska zajednica	Opposition	Centre-right	BebićLuka	Bebić, Luka	M	1937	
ParlaMint-HR-en_2008-02-27-0	ParlaMint-HR_2008-02-27-0.u1701	Minutes of the National Assembly of the Republic of Croatia, Term 6, Session 3	2008-02-27	Unicameralism	6. mandat	-	Zasedanje 3	2008-03-28	-	Reference	English	Regular	MP	notMinister	SDP	Socijaldemokratska partija Hrvatske	Opposition	Centre-left	MrsićMirando	Mrsić, Mirando	M	1959	
ParlaMint-HR-en_2008-02-27-0	ParlaMint-HR_2008-02-27-0.u1702	Minutes of the National Assembly of the Republic of Croatia, Term 6, Session 3	2008-02-27	Unicameralism	6. mandat	-	Zasedanje 3	2008-03-28	-	Reference	English	Chairperson	MP	notMinister	HDZ	Hrvatska demokratska zajednica	Opposition	Centre-right	ŠeksVladimir	Šeks, Vladimir	M	1943	
ParlaMint-HR-en_2008-02-27-0	ParlaMint-HR_2008-02-27-0.u1703	Minutes of the National Assembly of the Republic of Croatia, Term 6, Session 3	2008-02-27	Unicameralism	6. mandat	-	Zasedanje 3	2008-03-28	-	Reference	English	Regular	MP	notMinister	SDP	Socijaldemokratska partija Hrvatske	Opposition	Centre-left	ČavlovićSmiljanecNada	Čavlović Smiljanec, Nada	F	1959	
ParlaMint-HR-en_2008-02-27-0	ParlaMint-HR_2008-02-27-0.u1704	Minutes of the National Assembly of the Republic of Croatia, Term 6, Session 3	2008-02-27	Unicameralism	6. mandat	-	Zasedanje 3	2008-03-28	-	Reference	English	Chairperson	MP	notMinister	HDZ	Hrvatska demokratska zajednica	Opposition	Centre-right	ŠeksVladimir	Šeks, Vladimir	M	1943	
ParlaMint-HR-en_2008-02-27-0	ParlaMint-HR_2008-02-27-0.u1705	Minutes of the National Assembly of the Republic of Croatia, Term 6, Session 3	2008-02-27	Unicameralism	6. mandat	-	Zasedanje 3	2008-03-28	-	Reference	English	Regular	MP	notMinister	HDZ	Hrvatska demokratska zajednica	Opposition	Centre-right	ĐakićJosip	Đakić, Josip	M	1960	
ParlaMint-HR-en_2008-02-27-0	ParlaMint-HR_2008-02-27-0.u1706	Minutes of the National Assembly of the Republic of Croatia, Term 6, Session 3	2008-02-27	Unicameralism	6. mandat	-	Zasedanje 3	2008-03-28	-	Reference	English	Chairperson	MP	notMinister	HDZ	Hrvatska demokratska zajednica	Opposition	Centre-right	ŠeksVladimir	Šeks, Vladimir	M	1943	
ParlaMint-HR-en_2008-02-27-0	ParlaMint-HR_2008-02-27-0.u1707	Minutes of the National Assembly of the Republic of Croatia, Term 6, Session 3	2008-02-27	Unicameralism	6. mandat	-	Zasedanje 3	2008-03-28	-	Reference	English	Regular	MP	notMinister	SDP	Socijaldemokratska partija Hrvatske	Opposition	Centre-left	AntunovićŽeljka	Antunović, Željka	F	1955	
ParlaMint-HR-en_2008-02-27-0	ParlaMint-HR_2008-02-27-0.u1708	Minutes of the National Assembly of the Republic of Croatia, Term 6, Session 3	2008-02-27	Unicameralism	6. mandat	-	Zasedanje 3	2008-03-28	-	Reference	English	Chairperson	MP	notMinister	HDZ	Hrvatska demokratska zajednica	Opposition	Centre-right	ŠeksVladimir	Šeks, Vladimir	M	1943	
ParlaMint-HR-en_2008-02-27-0	ParlaMint-HR_2008-02-27-0.u1709	Minutes of the National Assembly of the Republic of Croatia, Term 6, Session 3	2008-02-27	Unicameralism	6. mandat	-	Zasedanje 3	2008-03-28	-	Reference	English	Regular	MP	notMinister	SDP	Socijaldemokratska partija Hrvatske	Opposition	Centre-left	ČavlovićSmiljanecNada	Čavlović Smiljanec, Nada	F	1959	
ParlaMint-HR-en_2008-02-27-0	ParlaMint-HR_2008-02-27-0.u1710	Minutes of the National Assembly of the Republic of Croatia, Term 6, Session 3	2008-02-27	Unicameralism	6. mandat	-	Zasedanje 3	2008-03-28	-	Reference	English	Chairperson	MP	notMinister	HDZ	Hrvatska demokratska zajednica	Opposition	Centre-right	ŠeksVladimir	Šeks, Vladimir	M	1943	
ParlaMint-HR-en_2008-02-27-0	ParlaMint-HR_2008-02-27-0.u1711	Minutes of the National Assembly of the Republic of Croatia, Term 6, Session 3	2008-02-27	Unicameralism	6. mandat	-	Zasedanje 3	2008-03-28	-	Reference	English	Regular	MP	notMinister	SDP	Socijaldemokratska partija Hrvatske	Opposition	Centre-left	BernardićDavor	Bernardić, Davor	M	1980	
ParlaMint-HR-en_2008-02-27-0	ParlaMint-HR_2008-02-27-0.u1712	Minutes of the National Assembly of the Republic of Croatia, Term 6, Session 3	2008-02-27	Unicameralism	6. mandat	-	Zasedanje 3	2008-03-28	-	Reference	English	Chairperson	MP	notMinister	HDZ	Hrvatska demokratska zajednica	Opposition	Centre-right	ŠeksVladimir	Šeks, Vladimir	M	1943	
ParlaMint-HR-en_2008-02-27-0	ParlaMint-HR_2008-02-27-0.u1713	Minutes of the National Assembly of the Republic of Croatia, Term 6, Session 3	2008-02-27	Unicameralism	6. mandat	-	Zasedanje 3	2008-03-28	-	Reference	English	Regular	MP	notMinister	SDP	Socijaldemokratska partija Hrvatske	Opposition	Centre-left	HefferGoran	Heffer, Goran	M	1959	
ParlaMint-HR-en_2008-02-27-0	ParlaMint-HR_2008-02-27-0.u1714	Minutes of the National Assembly of the Republic of Croatia, Term 6, Session 3	2008-02-27	Unicameralism	6. mandat	-	Zasedanje 3	2008-03-28	-	Reference	English	Chairperson	MP	notMinister	HDZ	Hrvatska demokratska zajednica	Opposition	Centre-right	ŠeksVladimir	Šeks, Vladimir	M	1943	
ParlaMint-HR-en_2008-02-27-0	ParlaMint-HR_2008-02-27-0.u1715	Minutes of the National Assembly of the Republic of Croatia, Term 6, Session 3	2008-02-27	Unicameralism	6. mandat	-	Zasedanje 3	2008-03-28	-	Reference	English	Regular	MP	notMinister	HDZ	Hrvatska demokratska zajednica	Opposition	Centre-right	MlinarićPetar	Mlinarić, Petar	M	1944	
ParlaMint-HR-en_2008-02-27-0	ParlaMint-HR_2008-02-27-0.u1716	Minutes of the National Assembly of the Republic of Croatia, Term 6, Session 3	2008-02-27	Unicameralism	6. mandat	-	Zasedanje 3	2008-03-28	-	Reference	English	Chairperson	MP	notMinister	HDZ	Hrvatska demokratska zajednica	Opposition	Centre-right	ŠeksVladimir	Šeks, Vladimir	M	1943	
ParlaMint-HR-en_2008-02-27-0	ParlaMint-HR_2008-02-27-0.u1717	Minutes of the National Assembly of the Republic of Croatia, Term 6, Session 3	2008-02-27	Unicameralism	6. mandat	-	Zasedanje 3	2008-03-28	-	Reference	English	Regular	MP	notMinister	SDP	Socijaldemokratska partija Hrvatske	Opposition	Centre-left	HefferGoran	Heffer, Goran	M	1959	
ParlaMint-HR-en_2008-02-27-0	ParlaMint-HR_2008-02-27-0.u1718	Minutes of the National Assembly of the Republic of Croatia, Term 6, Session 3	2008-02-27	Unicameralism	6. mandat	-	Zasedanje 3	2008-03-28	-	Reference	English	Chairperson	MP	notMinister	HDZ	Hrvatska demokratska zajednica	Opposition	Centre-right	ŠeksVladimir	Šeks, Vladimir	M	1943	
ParlaMint-HR-en_2008-02-27-0	ParlaMint-HR_2008-02-27-0.u1719	Minutes of the National Assembly of the Republic of Croatia, Term 6, Session 3	2008-02-27	Unicameralism	6. mandat	-	Zasedanje 3	2008-03-28	-	Reference	English	Regular	MP	notMinister	SDP	Socijaldemokratska partija Hrvatske	Opposition	Centre-left	AntunovićŽeljka	Antunović, Željka	F	1955	
ParlaMint-HR-en_2008-02-27-0	ParlaMint-HR_2008-02-27-0.u1720	Minutes of the National Assembly of the Republic of Croatia, Term 6, Session 3	2008-02-27	Unicameralism	6. mandat	-	Zasedanje 3	2008-03-28	-	Reference	English	Chairperson	MP	notMinister	HDZ	Hrvatska demokratska zajednica	Opposition	Centre-right	ŠeksVladimir	Šeks, Vladimir	M	1943	
ParlaMint-HR-en_2008-02-27-0	ParlaMint-HR_2008-02-27-0.u1721	Minutes of the National Assembly of the Republic of Croatia, Term 6, Session 3	2008-02-27	Unicameralism	6. mandat	-	Zasedanje 3	2008-03-28	-	Reference	English	Regular	MP	notMinister	HDZ	Hrvatska demokratska zajednica	Opposition	Centre-right	MatkovićBorislav	Matković, Borislav	M	1951	
ParlaMint-HR-en_2008-02-27-0	ParlaMint-HR_2008-02-27-0.u1722	Minutes of the National Assembly of the Republic of Croatia, Term 6, Session 3	2008-02-27	Unicameralism	6. mandat	-	Zasedanje 3	2008-03-28	-	Reference	English	Chairperson	MP	notMinister	HDZ	Hrvatska demokratska zajednica	Opposition	Centre-right	ŠeksVladimir	Šeks, Vladimir	M	1943	
ParlaMint-HR-en_2008-02-27-0	ParlaMint-HR_2008-02-27-0.u1723	Minutes of the National Assembly of the Republic of Croatia, Term 6, Session 3	2008-02-27	Unicameralism	6. mandat	-	Zasedanje 3	2008-03-28	-	Reference	English	Regular	MP	notMinister	HDZ	Hrvatska demokratska zajednica	Opposition	Centre-right	ĐakićJosip	Đakić, Josip	M	1960	
ParlaMint-HR-en_2008-02-27-0	ParlaMint-HR_2008-02-27-0.u1724	Minutes of the National Assembly of the Republic of Croatia, Term 6, Session 3	2008-02-27	Unicameralism	6. mandat	-	Zasedanje 3	2008-03-28	-	Reference	English	Chairperson	MP	notMinister	HDZ	Hrvatska demokratska zajednica	Opposition	Centre-right	ŠeksVladimir	Šeks, Vladimir	M	1943	
ParlaMint-HR-en_2008-02-27-0	ParlaMint-HR_2008-02-27-0.u1725	Minutes of the National Assembly of the Republic of Croatia, Term 6, Session 3	2008-02-27	Unicameralism	6. mandat	-	Zasedanje 3	2008-03-28	-	Reference	English	Regular	MP	notMinister	SDP	Socijaldemokratska partija Hrvatske	Opposition	Centre-left	AntunovićŽeljka	Antunović, Željka	F	1955	
ParlaMint-HR-en_2008-02-27-0	ParlaMint-HR_2008-02-27-0.u1726	Minutes of the National Assembly of the Republic of Croatia, Term 6, Session 3	2008-02-27	Unicameralism	6. mandat	-	Zasedanje 3	2008-03-28	-	Reference	English	Chairperson	MP	notMinister	HDZ	Hrvatska demokratska zajednica	Opposition	Centre-right	ŠeksVladimir	Šeks, Vladimir	M	1943	
ParlaMint-HR-en_2008-02-27-0	ParlaMint-HR_2008-02-27-0.u1727	Minutes of the National Assembly of the Republic of Croatia, Term 6, Session 3	2008-02-27	Unicameralism	6. mandat	-	Zasedanje 3	2008-03-28	-	Reference	English	Regular	MP	notMinister	SDP	Socijaldemokratska partija Hrvatske	Opposition	Centre-left	OstojićRanko	Ostojić, Ranko	M	1962	
ParlaMint-HR-en_2008-02-27-0	ParlaMint-HR_2008-02-27-0.u1728	Minutes of the National Assembly of the Republic of Croatia, Term 6, Session 3	2008-02-27	Unicameralism	6. mandat	-	Zasedanje 3	2008-03-28	-	Reference	English	Chairperson	MP	notMinister	HDZ	Hrvatska demokratska zajednica	Opposition	Centre-right	ŠeksVladimir	Šeks, Vladimir	M	1943	
ParlaMint-HR-en_2008-02-27-0	ParlaMint-HR_2008-02-27-0.u1729	Minutes of the National Assembly of the Republic of Croatia, Term 6, Session 3	2008-02-27	Unicameralism	6. mandat	-	Zasedanje 3	2008-03-28	-	Reference	English	Regular	MP	notMinister	SDP	Socijaldemokratska partija Hrvatske	Opposition	Centre-left	PiculaTonino	Picula, Tonino	M	1961	
ParlaMint-HR-en_2008-02-27-0	ParlaMint-HR_2008-02-27-0.u1730	Minutes of the National Assembly of the Republic of Croatia, Term 6, Session 3	2008-02-27	Unicameralism	6. mandat	-	Zasedanje 3	2008-03-28	-	Reference	English	Chairperson	MP	notMinister	HDZ	Hrvatska demokratska zajednica	Opposition	Centre-right	ŠeksVladimir	Šeks, Vladimir	M	1943	
ParlaMint-HR-en_2008-02-27-0	ParlaMint-HR_2008-02-27-0.u1731	Minutes of the National Assembly of the Republic of Croatia, Term 6, Session 3	2008-02-27	Unicameralism	6. mandat	-	Zasedanje 3	2008-03-28	-	Reference	English	Regular	MP	notMinister	SDP	Socijaldemokratska partija Hrvatske	Opposition	Centre-left	BaukArsen	Bauk, Arsen	M	1973	
ParlaMint-HR-en_2008-02-27-0	ParlaMint-HR_2008-02-27-0.u1732	Minutes of the National Assembly of the Republic of Croatia, Term 6, Session 3	2008-02-27	Unicameralism	6. mandat	-	Zasedanje 3	2008-03-28	-	Reference	English	Chairperson	MP	notMinister	HDZ	Hrvatska demokratska zajednica	Opposition	Centre-right	ŠeksVladimir	Šeks, Vladimir	M	1943	
ParlaMint-HR-en_2008-02-27-0	ParlaMint-HR_2008-02-27-0.u1733	Minutes of the National Assembly of the Republic of Croatia, Term 6, Session 3	2008-02-27	Unicameralism	6. mandat	-	Zasedanje 3	2008-03-28	-	Reference	English	Regular	MP	notMinister	SDP	Socijaldemokratska partija Hrvatske	Opposition	Centre-left	ŠimunovićSonja	Šimunović, Sonja	F	1978	
ParlaMint-HR-en_2008-02-27-0	ParlaMint-HR_2008-02-27-0.u1734	Minutes of the National Assembly of the Republic of Croatia, Term 6, Session 3	2008-02-27	Unicameralism	6. mandat	-	Zasedanje 3	2008-03-28	-	Reference	English	Chairperson	MP	notMinister	HDZ	Hrvatska demokratska zajednica	Opposition	Centre-right	ŠeksVladimir	Šeks, Vladimir	M	1943	
ParlaMint-HR-en_2008-02-27-0	ParlaMint-HR_2008-02-27-0.u1735	Minutes of the National Assembly of the Republic of Croatia, Term 6, Session 3	2008-02-27	Unicameralism	6. mandat	-	Zasedanje 3	2008-03-28	-	Reference	English	Regular	MP	notMinister	HDZ	Hrvatska demokratska zajednica	Opposition	Centre-right	BilonjićMato	Bilonjić, Mato	M	1961	
ParlaMint-HR-en_2008-02-27-0	ParlaMint-HR_2008-02-27-0.u1736	Minutes of the National Assembly of the Republic of Croatia, Term 6, Session 3	2008-02-27	Unicameralism	6. mandat	-	Zasedanje 3	2008-03-28	-	Reference	English	Chairperson	MP	notMinister	HDZ	Hrvatska demokratska zajednica	Opposition	Centre-right	ŠeksVladimir	Šeks, Vladimir	M	1943	
ParlaMint-HR-en_2008-02-27-0	ParlaMint-HR_2008-02-27-0.u1737	Minutes of the National Assembly of the Republic of Croatia, Term 6, Session 3	2008-02-27	Unicameralism	6. mandat	-	Zasedanje 3	2008-03-28	-	Reference	English	Regular	MP	notMinister	HDZ	Hrvatska demokratska zajednica	Opposition	Centre-right	BilićVardićSuzana	Bilić Vardić, Suzana	F	1964	
ParlaMint-HR-en_2008-02-27-0	ParlaMint-HR_2008-02-27-0.u1738	Minutes of the National Assembly of the Republic of Croatia, Term 6, Session 3	2008-02-27	Unicameralism	6. mandat	-	Zasedanje 3	2008-03-28	-	Reference	English	Chairperson	MP	notMinister	HDZ	Hrvatska demokratska zajednica	Opposition	Centre-right	ŠeksVladimir	Šeks, Vladimir	M	1943	
ParlaMint-HR-en_2008-02-27-0	ParlaMint-HR_2008-02-27-0.u1739	Minutes of the National Assembly of the Republic of Croatia, Term 6, Session 3	2008-02-27	Unicameralism	6. mandat	-	Zasedanje 3	2008-03-28	-	Reference	English	Regular	MP	notMinister	SDP	Socijaldemokratska partija Hrvatske	Opposition	Centre-left	VujićAntun	Vujić, Antun	M	1945	
ParlaMint-HR-en_2008-02-27-0	ParlaMint-HR_2008-02-27-0.u1740	Minutes of the National Assembly of the Republic of Croatia, Term 6, Session 3	2008-02-27	Unicameralism	6. mandat	-	Zasedanje 3	2008-03-28	-	Reference	English	Chairperson	MP	notMinister	HDZ	Hrvatska demokratska zajednica	Opposition	Centre-right	BebićLuka	Bebić, Luka	M	1937	
ParlaMint-HR-en_2008-02-27-0	ParlaMint-HR_2008-02-27-0.u1741	Minutes of the National Assembly of the Republic of Croatia, Term 6, Session 3	2008-02-27	Unicameralism	6. mandat	-	Zasedanje 3	2008-03-28	-	Reference	English	Regular	MP	notMinister	SDP	Socijaldemokratska partija Hrvatske	Opposition	Centre-left	MondekarDaniel	Mondekar, Daniel	M	1978	
ParlaMint-HR-en_2008-02-27-0	ParlaMint-HR_2008-02-27-0.u1742	Minutes of the National Assembly of the Republic of Croatia, Term 6, Session 3	2008-02-27	Unicameralism	6. mandat	-	Zasedanje 3	2008-03-28	-	Reference	English	Chairperson	MP	notMinister	HDZ	Hrvatska demokratska zajednica	Opposition	Centre-right	BebićLuka	Bebić, Luka	M	1937	
ParlaMint-HR-en_2008-02-27-0	ParlaMint-HR_2008-02-27-0.u1743	Minutes of the National Assembly of the Republic of Croatia, Term 6, Session 3	2008-02-27	Unicameralism	6. mandat	-	Zasedanje 3	2008-03-28	-	Reference	English	Regular	MP	notMinister	SDP	Socijaldemokratska partija Hrvatske	Opposition	Centre-left	ŠimacBonačićTatjana	Šimac Bonačić, Tatjana	F	1957	
ParlaMint-HR-en_2008-02-27-0	ParlaMint-HR_2008-02-27-0.u1744	Minutes of the National Assembly of the Republic of Croatia, Term 6, Session 3	2008-02-27	Unicameralism	6. mandat	-	Zasedanje 3	2008-03-28	-	Reference	English	Chairperson	MP	notMinister	HDZ	Hrvatska demokratska zajednica	Opposition	Centre-right	BebićLuka	Bebić, Luka	M	1937	
ParlaMint-HR-en_2008-02-27-0	ParlaMint-HR_2008-02-27-0.u1745	Minutes of the National Assembly of the Republic of Croatia, Term 6, Session 3	2008-02-27	Unicameralism	6. mandat	-	Zasedanje 3	2008-03-28	-	Reference	English	Regular	MP	notMinister	SDP	Socijaldemokratska partija Hrvatske	Opposition	Centre-left	MondekarDaniel	Mondekar, Daniel	M	1978	
ParlaMint-HR-en_2008-02-27-0	ParlaMint-HR_2008-02-27-0.u1746	Minutes of the National Assembly of the Republic of Croatia, Term 6, Session 3	2008-02-27	Unicameralism	6. mandat	-	Zasedanje 3	2008-03-28	-	Reference	English	Chairperson	MP	notMinister	HDZ	Hrvatska demokratska zajednica	Opposition	Centre-right	BebićLuka	Bebić, Luka	M	1937	
ParlaMint-HR-en_2008-02-27-0	ParlaMint-HR_2008-02-27-0.u1747	Minutes of the National Assembly of the Republic of Croatia, Term 6, Session 3	2008-02-27	Unicameralism	6. mandat	-	Zasedanje 3	2008-03-28	-	Reference	English	Regular	MP	notMinister	HDSSB	Hrvatski demokratski savez Slavonije i Baranje	Opposition	Centre-right	VinkovićZoran	Vinković, Zoran	M	1966	
ParlaMint-HR-en_2008-02-27-0	ParlaMint-HR_2008-02-27-0.u1748	Minutes of the National Assembly of the Republic of Croatia, Term 6, Session 3	2008-02-27	Unicameralism	6. mandat	-	Zasedanje 3	2008-03-28	-	Reference	English	Chairperson	MP	notMinister	HDZ	Hrvatska demokratska zajednica	Opposition	Centre-right	BebićLuka	Bebić, Luka	M	1937	
ParlaMint-HR-en_2008-02-27-0	ParlaMint-HR_2008-02-27-0.u1749	Minutes of the National Assembly of the Republic of Croatia, Term 6, Session 3	2008-02-27	Unicameralism	6. mandat	-	Zasedanje 3	2008-03-28	-	Reference	English	Regular	MP	notMinister	HDSSB	Hrvatski demokratski savez Slavonije i Baranje	Opposition	Centre-right	VinkovićZoran	Vinković, Zoran	M	1966	
ParlaMint-HR-en_2008-02-27-0	ParlaMint-HR_2008-02-27-0.u1750	Minutes of the National Assembly of the Republic of Croatia, Term 6, Session 3	2008-02-27	Unicameralism	6. mandat	-	Zasedanje 3	2008-03-28	-	Reference	English	Chairperson	MP	notMinister	HDZ	Hrvatska demokratska zajednica	Opposition	Centre-right	BebićLuka	Bebić, Luka	M	1937	
ParlaMint-HR-en_2008-02-27-0	ParlaMint-HR_2008-02-27-0.u1751	Minutes of the National Assembly of the Republic of Croatia, Term 6, Session 3	2008-02-27	Unicameralism	6. mandat	-	Zasedanje 3	2008-03-28	-	Reference	English	Regular	MP	notMinister	HDZ	Hrvatska demokratska zajednica	Opposition	Centre-right	MlinarićPetar	Mlinarić, Petar	M	1944	
ParlaMint-HR-en_2008-02-27-0	ParlaMint-HR_2008-02-27-0.u1752	Minutes of the National Assembly of the Republic of Croatia, Term 6, Session 3	2008-02-27	Unicameralism	6. mandat	-	Zasedanje 3	2008-03-28	-	Reference	English	Chairperson	MP	notMinister	HDZ	Hrvatska demokratska zajednica	Opposition	Centre-right	BebićLuka	Bebić, Luka	M	1937	
ParlaMint-HR-en_2008-02-27-0	ParlaMint-HR_2008-02-27-0.u1753	Minutes of the National Assembly of the Republic of Croatia, Term 6, Session 3	2008-02-27	Unicameralism	6. mandat	-	Zasedanje 3	2008-03-28	-	Reference	English	Regular	MP	notMinister	HDZ	Hrvatska demokratska zajednica	Opposition	Centre-right	BagarićIvan	Bagarić, Ivan	M	1961	
ParlaMint-HR-en_2008-02-27-0	ParlaMint-HR_2008-02-27-0.u1754	Minutes of the National Assembly of the Republic of Croatia, Term 6, Session 3	2008-02-27	Unicameralism	6. mandat	-	Zasedanje 3	2008-03-28	-	Reference	English	Chairperson	MP	notMinister	HDZ	Hrvatska demokratska zajednica	Opposition	Centre-right	BebićLuka	Bebić, Luka	M	1937	
ParlaMint-HR-en_2008-02-27-0	ParlaMint-HR_2008-02-27-0.u1755	Minutes of the National Assembly of the Republic of Croatia, Term 6, Session 3	2008-02-27	Unicameralism	6. mandat	-	Zasedanje 3	2008-03-28	-	Reference	English	Regular	MP	notMinister	nezavisni	nezavisni	-	-	ŠojaDeneš	Šoja, Deneš	M	1943	
ParlaMint-HR-en_2008-02-27-0	ParlaMint-HR_2008-02-27-0.u1756	Minutes of the National Assembly of the Republic of Croatia, Term 6, Session 3	2008-02-27	Unicameralism	6. mandat	-	Zasedanje 3	2008-03-28	-	Reference	English	Chairperson	MP	notMinister	HDZ	Hrvatska demokratska zajednica	Opposition	Centre-right	BebićLuka	Bebić, Luka	M	1937	
ParlaMint-HR-en_2008-02-27-0	ParlaMint-HR_2008-02-27-0.u1757	Minutes of the National Assembly of the Republic of Croatia, Term 6, Session 3	2008-02-27	Unicameralism	6. mandat	-	Zasedanje 3	2008-03-28	-	Reference	English	Regular	MP	notMinister	HDZ	Hrvatska demokratska zajednica	Opposition	Centre-right	ŠukerIvan	Šuker, Ivan	M	1957	
ParlaMint-HR-en_2008-02-27-0	ParlaMint-HR_2008-02-27-0.u1758	Minutes of the National Assembly of the Republic of Croatia, Term 6, Session 3	2008-02-27	Unicameralism	6. mandat	-	Zasedanje 3	2008-03-28	-	Reference	English	Chairperson	MP	notMinister	HDZ	Hrvatska demokratska zajednica	Opposition	Centre-right	BebićLuka	Bebić, Luka	M	1937	
ParlaMint-HR-en_2008-02-27-0	ParlaMint-HR_2008-02-27-0.u1760	Minutes of the National Assembly of the Republic of Croatia, Term 6, Session 3	2008-02-27	Unicameralism	6. mandat	-	Zasedanje 3	2008-03-28	-	Reference	English	Regular	MP	notMinister	HDZ	Hrvatska demokratska zajednica	Opposition	Centre-right	HebrangAndrija	Hebrang, Andrija	F	1946	
ParlaMint-HR-en_2008-02-27-0	ParlaMint-HR_2008-02-27-0.u1761	Minutes of the National Assembly of the Republic of Croatia, Term 6, Session 3	2008-02-27	Unicameralism	6. mandat	-	Zasedanje 3	2008-03-28	-	Reference	English	Chairperson	MP	notMinister	HDZ	Hrvatska demokratska zajednica	Opposition	Centre-right	BebićLuka	Bebić, Luka	M	1937	
ParlaMint-HR-en_2008-02-27-0	ParlaMint-HR_2008-02-27-0.u1762	Minutes of the National Assembly of the Republic of Croatia, Term 6, Session 3	2008-02-27	Unicameralism	6. mandat	-	Zasedanje 3	2008-03-28	-	Reference	English	Regular	MP	notMinister	HDZ	Hrvatska demokratska zajednica	Opposition	Centre-right	ŠukerIvan	Šuker, Ivan	M	1957	
ParlaMint-HR-en_2008-02-27-0	ParlaMint-HR_2008-02-27-0.u1763	Minutes of the National Assembly of the Republic of Croatia, Term 6, Session 3	2008-02-27	Unicameralism	6. mandat	-	Zasedanje 3	2008-03-28	-	Reference	English	Chairperson	MP	notMinister	HDZ	Hrvatska demokratska zajednica	Opposition	Centre-right	BebićLuka	Bebić, Luka	M	1937	
ParlaMint-HR-en_2008-02-27-0	ParlaMint-HR_2008-02-27-0.u1764	Minutes of the National Assembly of the Republic of Croatia, Term 6, Session 3	2008-02-27	Unicameralism	6. mandat	-	Zasedanje 3	2008-03-28	-	Reference	English	Regular	MP	notMinister	SDP	Socijaldemokratska partija Hrvatske	Opposition	Centre-left	MrsićMirando	Mrsić, Mirando	M	1959	
ParlaMint-HR-en_2008-02-27-0	ParlaMint-HR_2008-02-27-0.u1765	Minutes of the National Assembly of the Republic of Croatia, Term 6, Session 3	2008-02-27	Unicameralism	6. mandat	-	Zasedanje 3	2008-03-28	-	Reference	English	Chairperson	MP	notMinister	HDZ	Hrvatska demokratska zajednica	Opposition	Centre-right	BebićLuka	Bebić, Luka	M	1937	
ParlaMint-HR-en_2008-02-27-0	ParlaMint-HR_2008-02-27-0.u1766	Minutes of the National Assembly of the Republic of Croatia, Term 6, Session 3	2008-02-27	Unicameralism	6. mandat	-	Zasedanje 3	2008-03-28	-	Reference	English	Regular	MP	notMinister	HDZ	Hrvatska demokratska zajednica	Opposition	Centre-right	ŠukerIvan	Šuker, Ivan	M	1957	
ParlaMint-HR-en_2008-02-27-0	ParlaMint-HR_2008-02-27-0.u1767	Minutes of the National Assembly of the Republic of Croatia, Term 6, Session 3	2008-02-27	Unicameralism	6. mandat	-	Zasedanje 3	2008-03-28	-	Reference	English	Chairperson	MP	notMinister	HDZ	Hrvatska demokratska zajednica	Opposition	Centre-right	BebićLuka	Bebić, Luka	M	1937	
ParlaMint-HR-en_2008-02-27-0	ParlaMint-HR_2008-02-27-0.u1768	Minutes of the National Assembly of the Republic of Croatia, Term 6, Session 3	2008-02-27	Unicameralism	6. mandat	-	Zasedanje 3	2008-03-28	-	Reference	English	Regular	MP	notMinister	SDP	Socijaldemokratska partija Hrvatske	Opposition	Centre-left	LinićSlavko	Linić, Slavko	M	1949	
ParlaMint-HR-en_2008-02-27-0	ParlaMint-HR_2008-02-27-0.u1769	Minutes of the National Assembly of the Republic of Croatia, Term 6, Session 3	2008-02-27	Unicameralism	6. mandat	-	Zasedanje 3	2008-03-28	-	Reference	English	Chairperson	MP	notMinister	HDZ	Hrvatska demokratska zajednica	Opposition	Centre-right	BebićLuka	Bebić, Luka	M	1937	
ParlaMint-HR-en_2008-02-27-0	ParlaMint-HR_2008-02-27-0.u1770	Minutes of the National Assembly of the Republic of Croatia, Term 6, Session 3	2008-02-27	Unicameralism	6. mandat	-	Zasedanje 3	2008-03-28	-	Reference	English	Regular	MP	notMinister	HDZ	Hrvatska demokratska zajednica	Opposition	Centre-right	ŠukerIvan	Šuker, Ivan	M	1957	
ParlaMint-HR-en_2008-02-27-0	ParlaMint-HR_2008-02-27-0.u1771	Minutes of the National Assembly of the Republic of Croatia, Term 6, Session 3	2008-02-27	Unicameralism	6. mandat	-	Zasedanje 3	2008-03-28	-	Reference	English	Chairperson	MP	notMinister	HDZ	Hrvatska demokratska zajednica	Opposition	Centre-right	BebićLuka	Bebić, Luka	M	1937	
ParlaMint-HR-en_2008-02-27-0	ParlaMint-HR_2008-02-27-0.u1772	Minutes of the National Assembly of the Republic of Croatia, Term 6, Session 3	2008-02-27	Unicameralism	6. mandat	-	Zasedanje 3	2008-03-28	-	Reference	English	Regular	MP	notMinister	SDP	Socijaldemokratska partija Hrvatske	Opposition	Centre-left	VidovićDavorko	Vidović, Davorko	M	1956	
ParlaMint-HR-en_2008-02-27-0	ParlaMint-HR_2008-02-27-0.u1773	Minutes of the National Assembly of the Republic of Croatia, Term 6, Session 3	2008-02-27	Unicameralism	6. mandat	-	Zasedanje 3	2008-03-28	-	Reference	English	Chairperson	MP	notMinister	HDZ	Hrvatska demokratska zajednica	Opposition	Centre-right	BebićLuka	Bebić, Luka	M	1937	
ParlaMint-HR-en_2008-02-27-0	ParlaMint-HR_2008-02-27-0.u1774	Minutes of the National Assembly of the Republic of Croatia, Term 6, Session 3	2008-02-27	Unicameralism	6. mandat	-	Zasedanje 3	2008-03-28	-	Reference	English	Regular	MP	notMinister	HDZ	Hrvatska demokratska zajednica	Opposition	Centre-right	ŠukerIvan	Šuker, Ivan	M	1957	
ParlaMint-HR-en_2008-02-27-0	ParlaMint-HR_2008-02-27-0.u1775	Minutes of the National Assembly of the Republic of Croatia, Term 6, Session 3	2008-02-27	Unicameralism	6. mandat	-	Zasedanje 3	2008-03-28	-	Reference	English	Chairperson	MP	notMinister	HDZ	Hrvatska demokratska zajednica	Opposition	Centre-right	BebićLuka	Bebić, Luka	M	1937	
ParlaMint-HR-en_2008-02-27-0	ParlaMint-HR_2008-02-27-0.u1776	Minutes of the National Assembly of the Republic of Croatia, Term 6, Session 3	2008-02-27	Unicameralism	6. mandat	-	Zasedanje 3	2008-03-28	-	Reference	English	Regular	MP	notMinister	SDP	Socijaldemokratska partija Hrvatske	Opposition	Centre-left	OstojićRanko	Ostojić, Ranko	M	1962	
ParlaMint-HR-en_2008-02-27-0	ParlaMint-HR_2008-02-27-0.u1777	Minutes of the National Assembly of the Republic of Croatia, Term 6, Session 3	2008-02-27	Unicameralism	6. mandat	-	Zasedanje 3	2008-03-28	-	Reference	English	Chairperson	MP	notMinister	HDZ	Hrvatska demokratska zajednica	Opposition	Centre-right	BebićLuka	Bebić, Luka	M	1937	
ParlaMint-HR-en_2008-02-27-0	ParlaMint-HR_2008-02-27-0.u1778	Minutes of the National Assembly of the Republic of Croatia, Term 6, Session 3	2008-02-27	Unicameralism	6. mandat	-	Zasedanje 3	2008-03-28	-	Reference	English	Regular	MP	notMinister	HDZ	Hrvatska demokratska zajednica	Opposition	Centre-right	ŠukerIvan	Šuker, Ivan	M	1957	
ParlaMint-HR-en_2008-02-27-0	ParlaMint-HR_2008-02-27-0.u1779	Minutes of the National Assembly of the Republic of Croatia, Term 6, Session 3	2008-02-27	Unicameralism	6. mandat	-	Zasedanje 3	2008-03-28	-	Reference	English	Chairperson	MP	notMinister	HDZ	Hrvatska demokratska zajednica	Opposition	Centre-right	BebićLuka	Bebić, Luka	M	1937	
ParlaMint-HR-en_2008-02-27-0	ParlaMint-HR_2008-02-27-0.u1780	Minutes of the National Assembly of the Republic of Croatia, Term 6, Session 3	2008-02-27	Unicameralism	6. mandat	-	Zasedanje 3	2008-03-28	-	Reference	English	Regular	MP	notMinister	HDZ	Hrvatska demokratska zajednica	Opposition	Centre-right	ŠukerIvan	Šuker, Ivan	M	1957	
ParlaMint-HR-en_2008-02-27-0	ParlaMint-HR_2008-02-27-0.u1781	Minutes of the National Assembly of the Republic of Croatia, Term 6, Session 3	2008-02-27	Unicameralism	6. mandat	-	Zasedanje 3	2008-03-28	-	Reference	English	Chairperson	MP	notMinister	HDZ	Hrvatska demokratska zajednica	Opposition	Centre-right	BebićLuka	Bebić, Luka	M	1937	
ParlaMint-HR-en_2008-02-27-0	ParlaMint-HR_2008-02-27-0.u1782	Minutes of the National Assembly of the Republic of Croatia, Term 6, Session 3	2008-02-27	Unicameralism	6. mandat	-	Zasedanje 3	2008-03-28	-	Reference	English	Regular	MP	notMinister	SDP	Socijaldemokratska partija Hrvatske	Opposition	Centre-left	AntičevićMarinovićIngrid	Antičević Marinović, Ingrid	F	1957	
ParlaMint-HR-en_2008-02-27-0	ParlaMint-HR_2008-02-27-0.u1783	Minutes of the National Assembly of the Republic of Croatia, Term 6, Session 3	2008-02-27	Unicameralism	6. mandat	-	Zasedanje 3	2008-03-28	-	Reference	English	Chairperson	MP	notMinister	HDZ	Hrvatska demokratska zajednica	Opposition	Centre-right	BebićLuka	Bebić, Luka	M	1937	
ParlaMint-HR-en_2008-02-27-0	ParlaMint-HR_2008-02-27-0.u1784	Minutes of the National Assembly of the Republic of Croatia, Term 6, Session 3	2008-02-27	Unicameralism	6. mandat	-	Zasedanje 3	2008-03-28	-	Reference	English	Regular	MP	notMinister	HDZ	Hrvatska demokratska zajednica	Opposition	Centre-right	ŠukerIvan	Šuker, Ivan	M	1957	
ParlaMint-HR-en_2008-02-27-0	ParlaMint-HR_2008-02-27-0.u1785	Minutes of the National Assembly of the Republic of Croatia, Term 6, Session 3	2008-02-27	Unicameralism	6. mandat	-	Zasedanje 3	2008-03-28	-	Reference	English	Chairperson	MP	notMinister	HDZ	Hrvatska demokratska zajednica	Opposition	Centre-right	BebićLuka	Bebić, Luka	M	1937	
ParlaMint-HR-en_2008-02-27-0	ParlaMint-HR_2008-02-27-0.u1786	Minutes of the National Assembly of the Republic of Croatia, Term 6, Session 3	2008-02-27	Unicameralism	6. mandat	-	Zasedanje 3	2008-03-28	-	Reference	English	Regular	MP	notMinister	SDP	Socijaldemokratska partija Hrvatske	Opposition	Centre-left	AntičevićMarinovićIngrid	Antičević Marinović, Ingrid	F	1957	
ParlaMint-HR-en_2008-02-27-0	ParlaMint-HR_2008-02-27-0.u1787	Minutes of the National Assembly of the Republic of Croatia, Term 6, Session 3	2008-02-27	Unicameralism	6. mandat	-	Zasedanje 3	2008-03-28	-	Reference	English	Chairperson	MP	notMinister	HDZ	Hrvatska demokratska zajednica	Opposition	Centre-right	BebićLuka	Bebić, Luka	M	1937	
ParlaMint-HR-en_2008-02-27-0	ParlaMint-HR_2008-02-27-0.u1788	Minutes of the National Assembly of the Republic of Croatia, Term 6, Session 3	2008-02-27	Unicameralism	6. mandat	-	Zasedanje 3	2008-03-28	-	Reference	English	Regular	MP	notMinister	HDZ	Hrvatska demokratska zajednica	Opposition	Centre-right	ŠukerIvan	Šuker, Ivan	M	1957	
ParlaMint-HR-en_2008-02-27-0	ParlaMint-HR_2008-02-27-0.u1789	Minutes of the National Assembly of the Republic of Croatia, Term 6, Session 3	2008-02-27	Unicameralism	6. mandat	-	Zasedanje 3	2008-03-28	-	Reference	English	Chairperson	MP	notMinister	HDZ	Hrvatska demokratska zajednica	Opposition	Centre-right	BebićLuka	Bebić, Luka	M	1937	
ParlaMint-HR-en_2008-02-27-0	ParlaMint-HR_2008-02-27-0.u1790	Minutes of the National Assembly of the Republic of Croatia, Term 6, Session 3	2008-02-27	Unicameralism	6. mandat	-	Zasedanje 3	2008-03-28	-	Reference	English	Regular	MP	notMinister	HNS	Hrvatska narodna stranka	Coalition	Centre to centre-left	KoračevićZlatko	Koračević, Zlatko	M	1955	
ParlaMint-HR-en_2008-02-27-0	ParlaMint-HR_2008-02-27-0.u1791	Minutes of the National Assembly of the Republic of Croatia, Term 6, Session 3	2008-02-27	Unicameralism	6. mandat	-	Zasedanje 3	2008-03-28	-	Reference	English	Chairperson	MP	notMinister	HDZ	Hrvatska demokratska zajednica	Opposition	Centre-right	BebićLuka	Bebić, Luka	M	1937	
ParlaMint-HR-en_2008-02-27-0	ParlaMint-HR_2008-02-27-0.u1792	Minutes of the National Assembly of the Republic of Croatia, Term 6, Session 3	2008-02-27	Unicameralism	6. mandat	-	Zasedanje 3	2008-03-28	-	Reference	English	Regular	MP	notMinister	HDZ	Hrvatska demokratska zajednica	Opposition	Centre-right	ŠukerIvan	Šuker, Ivan	M	1957	
ParlaMint-HR-en_2008-02-27-0	ParlaMint-HR_2008-02-27-0.u1793	Minutes of the National Assembly of the Republic of Croatia, Term 6, Session 3	2008-02-27	Unicameralism	6. mandat	-	Zasedanje 3	2008-03-28	-	Reference	English	Chairperson	MP	notMinister	HDZ	Hrvatska demokratska zajednica	Opposition	Centre-right	BebićLuka	Bebić, Luka	M	1937	
ParlaMint-HR-en_2008-02-27-0	ParlaMint-HR_2008-02-27-0.u1794	Minutes of the National Assembly of the Republic of Croatia, Term 6, Session 3	2008-02-27	Unicameralism	6. mandat	-	Zasedanje 3	2008-03-28	-	Reference	English	Regular	MP	notMinister	SDP	Socijaldemokratska partija Hrvatske	Opposition	Centre-left	AntičevićMarinovićIngrid	Antičević Marinović, Ingrid	F	1957	
ParlaMint-HR-en_2008-02-27-0	ParlaMint-HR_2008-02-27-0.u1795	Minutes of the National Assembly of the Republic of Croatia, Term 6, Session 3	2008-02-27	Unicameralism	6. mandat	-	Zasedanje 3	2008-03-28	-	Reference	English	Chairperson	MP	notMinister	HDZ	Hrvatska demokratska zajednica	Opposition	Centre-right	BebićLuka	Bebić, Luka	M	1937	
ParlaMint-HR-en_2008-02-27-0	ParlaMint-HR_2008-02-27-0.u1796	Minutes of the National Assembly of the Republic of Croatia, Term 6, Session 3	2008-02-27	Unicameralism	6. mandat	-	Zasedanje 3	2008-03-28	-	Reference	English	Regular	MP	notMinister	HDZ	Hrvatska demokratska zajednica	Opposition	Centre-right	ŠukerIvan	Šuker, Ivan	M	1957	
ParlaMint-HR-en_2008-02-27-0	ParlaMint-HR_2008-02-27-0.u1797	Minutes of the National Assembly of the Republic of Croatia, Term 6, Session 3	2008-02-27	Unicameralism	6. mandat	-	Zasedanje 3	2008-03-28	-	Reference	English	Chairperson	MP	notMinister	HDZ	Hrvatska demokratska zajednica	Opposition	Centre-right	BebićLuka	Bebić, Luka	M	1937	
ParlaMint-HR-en_2008-02-27-0	ParlaMint-HR_2008-02-27-0.u1798	Minutes of the National Assembly of the Republic of Croatia, Term 6, Session 3	2008-02-27	Unicameralism	6. mandat	-	Zasedanje 3	2008-03-28	-	Reference	English	Regular	MP	notMinister	SDP	Socijaldemokratska partija Hrvatske	Opposition	Centre-left	AntičevićMarinovićIngrid	Antičević Marinović, Ingrid	F	1957	
ParlaMint-HR-en_2008-02-27-0	ParlaMint-HR_2008-02-27-0.u1799	Minutes of the National Assembly of the Republic of Croatia, Term 6, Session 3	2008-02-27	Unicameralism	6. mandat	-	Zasedanje 3	2008-03-28	-	Reference	English	Chairperson	MP	notMinister	HDZ	Hrvatska demokratska zajednica	Opposition	Centre-right	BebićLuka	Bebić, Luka	M	1937	
ParlaMint-HR-en_2008-02-27-0	ParlaMint-HR_2008-02-27-0.u1800	Minutes of the National Assembly of the Republic of Croatia, Term 6, Session 3	2008-02-27	Unicameralism	6. mandat	-	Zasedanje 3	2008-03-28	-	Reference	English	Regular	MP	notMinister	HDZ	Hrvatska demokratska zajednica	Opposition	Centre-right	ŠukerIvan	Šuker, Ivan	M	1957	
ParlaMint-HR-en_2008-02-27-0	ParlaMint-HR_2008-02-27-0.u1801	Minutes of the National Assembly of the Republic of Croatia, Term 6, Session 3	2008-02-27	Unicameralism	6. mandat	-	Zasedanje 3	2008-03-28	-	Reference	English	Chairperson	MP	notMinister	HDZ	Hrvatska demokratska zajednica	Opposition	Centre-right	BebićLuka	Bebić, Luka	M	1937	
ParlaMint-HR-en_2008-02-27-0	ParlaMint-HR_2008-02-27-0.u1802	Minutes of the National Assembly of the Republic of Croatia, Term 6, Session 3	2008-02-27	Unicameralism	6. mandat	-	Zasedanje 3	2008-03-28	-	Reference	English	Regular	MP	notMinister	SDP	Socijaldemokratska partija Hrvatske	Opposition	Centre-left	AntičevićMarinovićIngrid	Antičević Marinović, Ingrid	F	1957	
ParlaMint-HR-en_2008-02-27-0	ParlaMint-HR_2008-02-27-0.u1803	Minutes of the National Assembly of the Republic of Croatia, Term 6, Session 3	2008-02-27	Unicameralism	6. mandat	-	Zasedanje 3	2008-03-28	-	Reference	English	Chairperson	MP	notMinister	HDZ	Hrvatska demokratska zajednica	Opposition	Centre-right	BebićLuka	Bebić, Luka	M	1937	
ParlaMint-HR-en_2008-02-27-0	ParlaMint-HR_2008-02-27-0.u1804	Minutes of the National Assembly of the Republic of Croatia, Term 6, Session 3	2008-02-27	Unicameralism	6. mandat	-	Zasedanje 3	2008-03-28	-	Reference	English	Regular	MP	notMinister	HDZ	Hrvatska demokratska zajednica	Opposition	Centre-right	ŠukerIvan	Šuker, Ivan	M	1957	
ParlaMint-HR-en_2008-02-27-0	ParlaMint-HR_2008-02-27-0.u1805	Minutes of the National Assembly of the Republic of Croatia, Term 6, Session 3	2008-02-27	Unicameralism	6. mandat	-	Zasedanje 3	2008-03-28	-	Reference	English	Chairperson	MP	notMinister	HDZ	Hrvatska demokratska zajednica	Opposition	Centre-right	BebićLuka	Bebić, Luka	M	1937	
ParlaMint-HR-en_2008-02-27-0	ParlaMint-HR_2008-02-27-0.u1806	Minutes of the National Assembly of the Republic of Croatia, Term 6, Session 3	2008-02-27	Unicameralism	6. mandat	-	Zasedanje 3	2008-03-28	-	Reference	English	Regular	MP	notMinister	SDP	Socijaldemokratska partija Hrvatske	Opposition	Centre-left	AntičevićMarinovićIngrid	Antičević Marinović, Ingrid	F	1957	
ParlaMint-HR-en_2008-02-27-0	ParlaMint-HR_2008-02-27-0.u1807	Minutes of the National Assembly of the Republic of Croatia, Term 6, Session 3	2008-02-27	Unicameralism	6. mandat	-	Zasedanje 3	2008-03-28	-	Reference	English	Chairperson	MP	notMinister	HDZ	Hrvatska demokratska zajednica	Opposition	Centre-right	BebićLuka	Bebić, Luka	M	1937	
ParlaMint-HR-en_2008-02-27-0	ParlaMint-HR_2008-02-27-0.u1808	Minutes of the National Assembly of the Republic of Croatia, Term 6, Session 3	2008-02-27	Unicameralism	6. mandat	-	Zasedanje 3	2008-03-28	-	Reference	English	Regular	MP	notMinister	HDZ	Hrvatska demokratska zajednica	Opposition	Centre-right	ŠukerIvan	Šuker, Ivan	M	1957	
ParlaMint-HR-en_2008-02-27-0	ParlaMint-HR_2008-02-27-0.u1809	Minutes of the National Assembly of the Republic of Croatia, Term 6, Session 3	2008-02-27	Unicameralism	6. mandat	-	Zasedanje 3	2008-03-28	-	Reference	English	Chairperson	MP	notMinister	HDZ	Hrvatska demokratska zajednica	Opposition	Centre-right	BebićLuka	Bebić, Luka	M	1937	
ParlaMint-HR-en_2008-02-27-0	ParlaMint-HR_2008-02-27-0.u1810	Minutes of the National Assembly of the Republic of Croatia, Term 6, Session 3	2008-02-27	Unicameralism	6. mandat	-	Zasedanje 3	2008-03-28	-	Reference	English	Regular	MP	notMinister	SDP	Socijaldemokratska partija Hrvatske	Opposition	Centre-left	LugarićMarija	Lugarić, Marija	F	1978	
ParlaMint-HR-en_2008-02-27-0	ParlaMint-HR_2008-02-27-0.u1811	Minutes of the National Assembly of the Republic of Croatia, Term 6, Session 3	2008-02-27	Unicameralism	6. mandat	-	Zasedanje 3	2008-03-28	-	Reference	English	Chairperson	MP	notMinister	HDZ	Hrvatska demokratska zajednica	Opposition	Centre-right	BebićLuka	Bebić, Luka	M	1937	
ParlaMint-HR-en_2008-02-27-0	ParlaMint-HR_2008-02-27-0.u1812	Minutes of the National Assembly of the Republic of Croatia, Term 6, Session 3	2008-02-27	Unicameralism	6. mandat	-	Zasedanje 3	2008-03-28	-	Reference	English	Regular	MP	notMinister	HDZ	Hrvatska demokratska zajednica	Opposition	Centre-right	ŠukerIvan	Šuker, Ivan	M	1957	
ParlaMint-HR-en_2008-02-27-0	ParlaMint-HR_2008-02-27-0.u1813	Minutes of the National Assembly of the Republic of Croatia, Term 6, Session 3	2008-02-27	Unicameralism	6. mandat	-	Zasedanje 3	2008-03-28	-	Reference	English	Chairperson	MP	notMinister	HDZ	Hrvatska demokratska zajednica	Opposition	Centre-right	BebićLuka	Bebić, Luka	M	1937	
ParlaMint-HR-en_2008-02-27-0	ParlaMint-HR_2008-02-27-0.u1814	Minutes of the National Assembly of the Republic of Croatia, Term 6, Session 3	2008-02-27	Unicameralism	6. mandat	-	Zasedanje 3	2008-03-28	-	Reference	English	Regular	MP	notMinister	SDP	Socijaldemokratska partija Hrvatske	Opposition	Centre-left	ZgrebecDragica	Zgrebec, Dragica	F	1950	
ParlaMint-HR-en_2008-02-27-0	ParlaMint-HR_2008-02-27-0.u1815	Minutes of the National Assembly of the Republic of Croatia, Term 6, Session 3	2008-02-27	Unicameralism	6. mandat	-	Zasedanje 3	2008-03-28	-	Reference	English	Chairperson	MP	notMinister	HDZ	Hrvatska demokratska zajednica	Opposition	Centre-right	BebićLuka	Bebić, Luka	M	1937	
ParlaMint-HR-en_2008-02-27-0	ParlaMint-HR_2008-02-27-0.u1816	Minutes of the National Assembly of the Republic of Croatia, Term 6, Session 3	2008-02-27	Unicameralism	6. mandat	-	Zasedanje 3	2008-03-28	-	Reference	English	Regular	MP	notMinister	HDZ	Hrvatska demokratska zajednica	Opposition	Centre-right	ŠukerIvan	Šuker, Ivan	M	1957	
ParlaMint-HR-en_2008-02-27-0	ParlaMint-HR_2008-02-27-0.u1817	Minutes of the National Assembly of the Republic of Croatia, Term 6, Session 3	2008-02-27	Unicameralism	6. mandat	-	Zasedanje 3	2008-03-28	-	Reference	English	Chairperson	MP	notMinister	HDZ	Hrvatska demokratska zajednica	Opposition	Centre-right	BebićLuka	Bebić, Luka	M	1937	
ParlaMint-HR-en_2008-02-27-0	ParlaMint-HR_2008-02-27-0.u1818	Minutes of the National Assembly of the Republic of Croatia, Term 6, Session 3	2008-02-27	Unicameralism	6. mandat	-	Zasedanje 3	2008-03-28	-	Reference	English	Regular	MP	notMinister	SDP	Socijaldemokratska partija Hrvatske	Opposition	Centre-left	MršićZvonimir	Mršić, Zvonimir	M	1966	
ParlaMint-HR-en_2008-02-27-0	ParlaMint-HR_2008-02-27-0.u1819	Minutes of the National Assembly of the Republic of Croatia, Term 6, Session 3	2008-02-27	Unicameralism	6. mandat	-	Zasedanje 3	2008-03-28	-	Reference	English	Chairperson	MP	notMinister	HDZ	Hrvatska demokratska zajednica	Opposition	Centre-right	BebićLuka	Bebić, Luka	M	1937	
ParlaMint-HR-en_2008-02-27-0	ParlaMint-HR_2008-02-27-0.u1820	Minutes of the National Assembly of the Republic of Croatia, Term 6, Session 3	2008-02-27	Unicameralism	6. mandat	-	Zasedanje 3	2008-03-28	-	Reference	English	Regular	MP	notMinister	HDZ	Hrvatska demokratska zajednica	Opposition	Centre-right	ŠukerIvan	Šuker, Ivan	M	1957	
ParlaMint-HR-en_2008-02-27-0	ParlaMint-HR_2008-02-27-0.u1821	Minutes of the National Assembly of the Republic of Croatia, Term 6, Session 3	2008-02-27	Unicameralism	6. mandat	-	Zasedanje 3	2008-03-28	-	Reference	English	Chairperson	MP	notMinister	HDZ	Hrvatska demokratska zajednica	Opposition	Centre-right	BebićLuka	Bebić, Luka	M	1937	
ParlaMint-HR-en_2008-02-27-0	ParlaMint-HR_2008-02-27-0.u1822	Minutes of the National Assembly of the Republic of Croatia, Term 6, Session 3	2008-02-27	Unicameralism	6. mandat	-	Zasedanje 3	2008-03-28	-	Reference	English	Regular	MP	notMinister	HDSSB	Hrvatski demokratski savez Slavonije i Baranje	Opposition	Centre-right	VinkovićZoran	Vinković, Zoran	M	1966	
ParlaMint-HR-en_2008-02-27-0	ParlaMint-HR_2008-02-27-0.u1823	Minutes of the National Assembly of the Republic of Croatia, Term 6, Session 3	2008-02-27	Unicameralism	6. mandat	-	Zasedanje 3	2008-03-28	-	Reference	English	Chairperson	MP	notMinister	HDZ	Hrvatska demokratska zajednica	Opposition	Centre-right	BebićLuka	Bebić, Luka	M	1937	
ParlaMint-HR-en_2008-02-27-0	ParlaMint-HR_2008-02-27-0.u1824	Minutes of the National Assembly of the Republic of Croatia, Term 6, Session 3	2008-02-27	Unicameralism	6. mandat	-	Zasedanje 3	2008-03-28	-	Reference	English	Regular	MP	notMinister	HDZ	Hrvatska demokratska zajednica	Opposition	Centre-right	ŠukerIvan	Šuker, Ivan	M	1957	
ParlaMint-HR-en_2008-02-27-0	ParlaMint-HR_2008-02-27-0.u1825	Minutes of the National Assembly of the Republic of Croatia, Term 6, Session 3	2008-02-27	Unicameralism	6. mandat	-	Zasedanje 3	2008-03-28	-	Reference	English	Chairperson	MP	notMinister	HDZ	Hrvatska demokratska zajednica	Opposition	Centre-right	BebićLuka	Bebić, Luka	M	1937	
ParlaMint-HR-en_2008-02-27-0	ParlaMint-HR_2008-02-27-0.u1826	Minutes of the National Assembly of the Republic of Croatia, Term 6, Session 3	2008-02-27	Unicameralism	6. mandat	-	Zasedanje 3	2008-03-28	-	Reference	English	Regular	MP	notMinister	HDSSB	Hrvatski demokratski savez Slavonije i Baranje	Opposition	Centre-right	VinkovićZoran	Vinković, Zoran	M	1966	
ParlaMint-HR-en_2008-02-27-0	ParlaMint-HR_2008-02-27-0.u1827	Minutes of the National Assembly of the Republic of Croatia, Term 6, Session 3	2008-02-27	Unicameralism	6. mandat	-	Zasedanje 3	2008-03-28	-	Reference	English	Chairperson	MP	notMinister	HDZ	Hrvatska demokratska zajednica	Opposition	Centre-right	BebićLuka	Bebić, Luka	M	1937	
ParlaMint-HR-en_2008-02-27-0	ParlaMint-HR_2008-02-27-0.u1828	Minutes of the National Assembly of the Republic of Croatia, Term 6, Session 3	2008-02-27	Unicameralism	6. mandat	-	Zasedanje 3	2008-03-28	-	Reference	English	Regular	MP	notMinister	HDZ	Hrvatska demokratska zajednica	Opposition	Centre-right	ŠukerIvan	Šuker, Ivan	M	1957	
ParlaMint-HR-en_2008-02-27-0	ParlaMint-HR_2008-02-27-0.u1829	Minutes of the National Assembly of the Republic of Croatia, Term 6, Session 3	2008-02-27	Unicameralism	6. mandat	-	Zasedanje 3	2008-03-28	-	Reference	English	Chairperson	MP	notMinister	HDZ	Hrvatska demokratska zajednica	Opposition	Centre-right	BebićLuka	Bebić, Luka	M	1937	
ParlaMint-HR-en_2008-02-27-0	ParlaMint-HR_2008-02-27-0.u1830	Minutes of the National Assembly of the Republic of Croatia, Term 6, Session 3	2008-02-27	Unicameralism	6. mandat	-	Zasedanje 3	2008-03-28	-	Reference	English	Regular	MP	notMinister	SDP	Socijaldemokratska partija Hrvatske	Opposition	Centre-left	StazićNenad	Stazić, Nenad	M	1957	
ParlaMint-HR-en_2008-02-27-0	ParlaMint-HR_2008-02-27-0.u1831	Minutes of the National Assembly of the Republic of Croatia, Term 6, Session 3	2008-02-27	Unicameralism	6. mandat	-	Zasedanje 3	2008-03-28	-	Reference	English	Chairperson	MP	notMinister	HDZ	Hrvatska demokratska zajednica	Opposition	Centre-right	BebićLuka	Bebić, Luka	M	1937	
ParlaMint-HR-en_2008-02-27-0	ParlaMint-HR_2008-02-27-0.u1832	Minutes of the National Assembly of the Republic of Croatia, Term 6, Session 3	2008-02-27	Unicameralism	6. mandat	-	Zasedanje 3	2008-03-28	-	Reference	English	Regular	MP	notMinister	HDZ	Hrvatska demokratska zajednica	Opposition	Centre-right	ŠukerIvan	Šuker, Ivan	M	1957	
ParlaMint-HR-en_2008-02-27-0	ParlaMint-HR_2008-02-27-0.u1833	Minutes of the National Assembly of the Republic of Croatia, Term 6, Session 3	2008-02-27	Unicameralism	6. mandat	-	Zasedanje 3	2008-03-28	-	Reference	English	Chairperson	MP	notMinister	HDZ	Hrvatska demokratska zajednica	Opposition	Centre-right	BebićLuka	Bebić, Luka	M	1937	
ParlaMint-HR-en_2008-02-27-0	ParlaMint-HR_2008-02-27-0.u1834	Minutes of the National Assembly of the Republic of Croatia, Term 6, Session 3	2008-02-27	Unicameralism	6. mandat	-	Zasedanje 3	2008-03-28	-	Reference	English	Regular	MP	notMinister	IDS	Istarski demokratski sabor	Opposition	Centre to centre-left	BrkarićMarin	Brkarić, Marin	M	1955	
ParlaMint-HR-en_2008-02-27-0	ParlaMint-HR_2008-02-27-0.u1835	Minutes of the National Assembly of the Republic of Croatia, Term 6, Session 3	2008-02-27	Unicameralism	6. mandat	-	Zasedanje 3	2008-03-28	-	Reference	English	Chairperson	MP	notMinister	HDZ	Hrvatska demokratska zajednica	Opposition	Centre-right	BebićLuka	Bebić, Luka	M	1937	
ParlaMint-HR-en_2008-02-27-0	ParlaMint-HR_2008-02-27-0.u1836	Minutes of the National Assembly of the Republic of Croatia, Term 6, Session 3	2008-02-27	Unicameralism	6. mandat	-	Zasedanje 3	2008-03-28	-	Reference	English	Regular	MP	notMinister	HDZ	Hrvatska demokratska zajednica	Opposition	Centre-right	ŠukerIvan	Šuker, Ivan	M	1957	
ParlaMint-HR-en_2008-02-27-0	ParlaMint-HR_2008-02-27-0.u1837	Minutes of the National Assembly of the Republic of Croatia, Term 6, Session 3	2008-02-27	Unicameralism	6. mandat	-	Zasedanje 3	2008-03-28	-	Reference	English	Chairperson	MP	notMinister	HDZ	Hrvatska demokratska zajednica	Opposition	Centre-right	BebićLuka	Bebić, Luka	M	1937	
ParlaMint-HR-en_2008-02-27-0	ParlaMint-HR_2008-02-27-0.u1838	Minutes of the National Assembly of the Republic of Croatia, Term 6, Session 3	2008-02-27	Unicameralism	6. mandat	-	Zasedanje 3	2008-03-28	-	Reference	English	Regular	MP	notMinister	HNS	Hrvatska narodna stranka	Coalition	Centre to centre-left	KoračevićZlatko	Koračević, Zlatko	M	1955	
ParlaMint-HR-en_2008-02-27-0	ParlaMint-HR_2008-02-27-0.u1839	Minutes of the National Assembly of the Republic of Croatia, Term 6, Session 3	2008-02-27	Unicameralism	6. mandat	-	Zasedanje 3	2008-03-28	-	Reference	English	Chairperson	MP	notMinister	HDZ	Hrvatska demokratska zajednica	Opposition	Centre-right	BebićLuka	Bebić, Luka	M	1937	
ParlaMint-HR-en_2008-02-27-0	ParlaMint-HR_2008-02-27-0.u1840	Minutes of the National Assembly of the Republic of Croatia, Term 6, Session 3	2008-02-27	Unicameralism	6. mandat	-	Zasedanje 3	2008-03-28	-	Reference	English	Regular	MP	notMinister	HDZ	Hrvatska demokratska zajednica	Opposition	Centre-right	ŠukerIvan	Šuker, Ivan	M	1957	
ParlaMint-HR-en_2008-02-27-0	ParlaMint-HR_2008-02-27-0.u1841	Minutes of the National Assembly of the Republic of Croatia, Term 6, Session 3	2008-02-27	Unicameralism	6. mandat	-	Zasedanje 3	2008-03-28	-	Reference	English	Chairperson	MP	notMinister	HDZ	Hrvatska demokratska zajednica	Opposition	Centre-right	BebićLuka	Bebić, Luka	M	1937	
ParlaMint-HR-en_2008-02-27-0	ParlaMint-HR_2008-02-27-0.u1842	Minutes of the National Assembly of the Republic of Croatia, Term 6, Session 3	2008-02-27	Unicameralism	6. mandat	-	Zasedanje 3	2008-03-28	-	Reference	English	Regular	MP	notMinister	SDP	Socijaldemokratska partija Hrvatske	Opposition	Centre-left	RonkoZdravko	Ronko, Zdravko	M	1949	
ParlaMint-HR-en_2008-02-27-0	ParlaMint-HR_2008-02-27-0.u1843	Minutes of the National Assembly of the Republic of Croatia, Term 6, Session 3	2008-02-27	Unicameralism	6. mandat	-	Zasedanje 3	2008-03-28	-	Reference	English	Chairperson	MP	notMinister	HDZ	Hrvatska demokratska zajednica	Opposition	Centre-right	BebićLuka	Bebić, Luka	M	1937	
ParlaMint-HR-en_2008-02-27-0	ParlaMint-HR_2008-02-27-0.u1844	Minutes of the National Assembly of the Republic of Croatia, Term 6, Session 3	2008-02-27	Unicameralism	6. mandat	-	Zasedanje 3	2008-03-28	-	Reference	English	Regular	MP	notMinister	HDZ	Hrvatska demokratska zajednica	Opposition	Centre-right	ŠukerIvan	Šuker, Ivan	M	1957	
ParlaMint-HR-en_2008-02-27-0	ParlaMint-HR_2008-02-27-0.u1845	Minutes of the National Assembly of the Republic of Croatia, Term 6, Session 3	2008-02-27	Unicameralism	6. mandat	-	Zasedanje 3	2008-03-28	-	Reference	English	Chairperson	MP	notMinister	HDZ	Hrvatska demokratska zajednica	Opposition	Centre-right	BebićLuka	Bebić, Luka	M	1937	
ParlaMint-HR-en_2008-02-27-0	ParlaMint-HR_2008-02-27-0.u1846	Minutes of the National Assembly of the Republic of Croatia, Term 6, Session 3	2008-02-27	Unicameralism	6. mandat	-	Zasedanje 3	2008-03-28	-	Reference	English	Regular	MP	notMinister	SDP	Socijaldemokratska partija Hrvatske	Opposition	Centre-left	RonkoZdravko	Ronko, Zdravko	M	1949	
ParlaMint-HR-en_2008-02-27-0	ParlaMint-HR_2008-02-27-0.u1847	Minutes of the National Assembly of the Republic of Croatia, Term 6, Session 3	2008-02-27	Unicameralism	6. mandat	-	Zasedanje 3	2008-03-28	-	Reference	English	Chairperson	MP	notMinister	HDZ	Hrvatska demokratska zajednica	Opposition	Centre-right	BebićLuka	Bebić, Luka	M	1937	
ParlaMint-HR-en_2008-02-27-0	ParlaMint-HR_2008-02-27-0.u1848	Minutes of the National Assembly of the Republic of Croatia, Term 6, Session 3	2008-02-27	Unicameralism	6. mandat	-	Zasedanje 3	2008-03-28	-	Reference	English	Regular	MP	notMinister	HDZ	Hrvatska demokratska zajednica	Opposition	Centre-right	ŠukerIvan	Šuker, Ivan	M	1957	
ParlaMint-HR-en_2008-02-27-0	ParlaMint-HR_2008-02-27-0.u1849	Minutes of the National Assembly of the Republic of Croatia, Term 6, Session 3	2008-02-27	Unicameralism	6. mandat	-	Zasedanje 3	2008-03-28	-	Reference	English	Chairperson	MP	notMinister	HDZ	Hrvatska demokratska zajednica	Opposition	Centre-right	BebićLuka	Bebić, Luka	M	1937	
ParlaMint-HR-en_2008-02-27-0	ParlaMint-HR_2008-02-27-0.u1850	Minutes of the National Assembly of the Republic of Croatia, Term 6, Session 3	2008-02-27	Unicameralism	6. mandat	-	Zasedanje 3	2008-03-28	-	Reference	English	Regular	MP	notMinister	SDP	Socijaldemokratska partija Hrvatske	Opposition	Centre-left	RonkoZdravko	Ronko, Zdravko	M	1949	
ParlaMint-HR-en_2008-02-27-0	ParlaMint-HR_2008-02-27-0.u1851	Minutes of the National Assembly of the Republic of Croatia, Term 6, Session 3	2008-02-27	Unicameralism	6. mandat	-	Zasedanje 3	2008-03-28	-	Reference	English	Chairperson	MP	notMinister	HDZ	Hrvatska demokratska zajednica	Opposition	Centre-right	BebićLuka	Bebić, Luka	M	1937	
ParlaMint-HR-en_2008-02-27-0	ParlaMint-HR_2008-02-27-0.u1852	Minutes of the National Assembly of the Republic of Croatia, Term 6, Session 3	2008-02-27	Unicameralism	6. mandat	-	Zasedanje 3	2008-03-28	-	Reference	English	Regular	MP	notMinister	HDZ	Hrvatska demokratska zajednica	Opposition	Centre-right	ŠukerIvan	Šuker, Ivan	M	1957	
ParlaMint-HR-en_2008-02-27-0	ParlaMint-HR_2008-02-27-0.u1853	Minutes of the National Assembly of the Republic of Croatia, Term 6, Session 3	2008-02-27	Unicameralism	6. mandat	-	Zasedanje 3	2008-03-28	-	Reference	English	Chairperson	MP	notMinister	HDZ	Hrvatska demokratska zajednica	Opposition	Centre-right	BebićLuka	Bebić, Luka	M	1937	
ParlaMint-HR-en_2008-02-27-0	ParlaMint-HR_2008-02-27-0.u1854	Minutes of the National Assembly of the Republic of Croatia, Term 6, Session 3	2008-02-27	Unicameralism	6. mandat	-	Zasedanje 3	2008-03-28	-	Reference	English	Regular	MP	notMinister	SDP	Socijaldemokratska partija Hrvatske	Opposition	Centre-left	SobolGordana	Sobol, Gordana	F	1961	
ParlaMint-HR-en_2008-02-27-0	ParlaMint-HR_2008-02-27-0.u1855	Minutes of the National Assembly of the Republic of Croatia, Term 6, Session 3	2008-02-27	Unicameralism	6. mandat	-	Zasedanje 3	2008-03-28	-	Reference	English	Chairperson	MP	notMinister	HDZ	Hrvatska demokratska zajednica	Opposition	Centre-right	BebićLuka	Bebić, Luka	M	1937	
ParlaMint-HR-en_2008-02-27-0	ParlaMint-HR_2008-02-27-0.u1856	Minutes of the National Assembly of the Republic of Croatia, Term 6, Session 3	2008-02-27	Unicameralism	6. mandat	-	Zasedanje 3	2008-03-28	-	Reference	English	Regular	MP	notMinister	HDZ	Hrvatska demokratska zajednica	Opposition	Centre-right	VukelićBranko	Vukelić, Branko	M	1958	
ParlaMint-HR-en_2008-02-27-0	ParlaMint-HR_2008-02-27-0.u1857	Minutes of the National Assembly of the Republic of Croatia, Term 6, Session 3	2008-02-27	Unicameralism	6. mandat	-	Zasedanje 3	2008-03-28	-	Reference	English	Chairperson	MP	notMinister	HDZ	Hrvatska demokratska zajednica	Opposition	Centre-right	BebićLuka	Bebić, Luka	M	1937	
ParlaMint-HR-en_2008-02-27-0	ParlaMint-HR_2008-02-27-0.u1858	Minutes of the National Assembly of the Republic of Croatia, Term 6, Session 3	2008-02-27	Unicameralism	6. mandat	-	Zasedanje 3	2008-03-28	-	Reference	English	Regular	MP	notMinister	SDP	Socijaldemokratska partija Hrvatske	Opposition	Centre-left	HolyMirela	Holy, Mirela	F	1971	
ParlaMint-HR-en_2008-02-27-0	ParlaMint-HR_2008-02-27-0.u1859	Minutes of the National Assembly of the Republic of Croatia, Term 6, Session 3	2008-02-27	Unicameralism	6. mandat	-	Zasedanje 3	2008-03-28	-	Reference	English	Chairperson	MP	notMinister	HDZ	Hrvatska demokratska zajednica	Opposition	Centre-right	BebićLuka	Bebić, Luka	M	1937	
ParlaMint-HR-en_2008-02-27-0	ParlaMint-HR_2008-02-27-0.u1860	Minutes of the National Assembly of the Republic of Croatia, Term 6, Session 3	2008-02-27	Unicameralism	6. mandat	-	Zasedanje 3	2008-03-28	-	Reference	English	Regular	MP	notMinister	HDZ	Hrvatska demokratska zajednica	Opposition	Centre-right	VukelićBranko	Vukelić, Branko	M	1958	
ParlaMint-HR-en_2008-02-27-0	ParlaMint-HR_2008-02-27-0.u1861	Minutes of the National Assembly of the Republic of Croatia, Term 6, Session 3	2008-02-27	Unicameralism	6. mandat	-	Zasedanje 3	2008-03-28	-	Reference	English	Chairperson	MP	notMinister	HDZ	Hrvatska demokratska zajednica	Opposition	Centre-right	BebićLuka	Bebić, Luka	M	1937	
ParlaMint-HR-en_2008-02-27-0	ParlaMint-HR_2008-02-27-0.u1862	Minutes of the National Assembly of the Republic of Croatia, Term 6, Session 3	2008-02-27	Unicameralism	6. mandat	-	Zasedanje 3	2008-03-28	-	Reference	English	Regular	MP	notMinister	SDP	Socijaldemokratska partija Hrvatske	Opposition	Centre-left	SobolGordana	Sobol, Gordana	F	1961	
ParlaMint-HR-en_2008-02-27-0	ParlaMint-HR_2008-02-27-0.u1863	Minutes of the National Assembly of the Republic of Croatia, Term 6, Session 3	2008-02-27	Unicameralism	6. mandat	-	Zasedanje 3	2008-03-28	-	Reference	English	Chairperson	MP	notMinister	HDZ	Hrvatska demokratska zajednica	Opposition	Centre-right	BebićLuka	Bebić, Luka	M	1937	
ParlaMint-HR-en_2008-02-27-0	ParlaMint-HR_2008-02-27-0.u1864	Minutes of the National Assembly of the Republic of Croatia, Term 6, Session 3	2008-02-27	Unicameralism	6. mandat	-	Zasedanje 3	2008-03-28	-	Reference	English	Regular	MP	notMinister	HDZ	Hrvatska demokratska zajednica	Opposition	Centre-right	RončevićBerislav	Rončević, Berislav	M	1960	
ParlaMint-HR-en_2008-02-27-0	ParlaMint-HR_2008-02-27-0.u1865	Minutes of the National Assembly of the Republic of Croatia, Term 6, Session 3	2008-02-27	Unicameralism	6. mandat	-	Zasedanje 3	2008-03-28	-	Reference	English	Chairperson	MP	notMinister	HDZ	Hrvatska demokratska zajednica	Opposition	Centre-right	BebićLuka	Bebić, Luka	M	1937	
ParlaMint-HR-en_2008-02-27-0	ParlaMint-HR_2008-02-27-0.u1866	Minutes of the National Assembly of the Republic of Croatia, Term 6, Session 3	2008-02-27	Unicameralism	6. mandat	-	Zasedanje 3	2008-03-28	-	Reference	English	Regular	MP	notMinister	SDP	Socijaldemokratska partija Hrvatske	Opposition	Centre-left	VidovićDavorko	Vidović, Davorko	M	1956	
ParlaMint-HR-en_2008-02-27-0	ParlaMint-HR_2008-02-27-0.u1867	Minutes of the National Assembly of the Republic of Croatia, Term 6, Session 3	2008-02-27	Unicameralism	6. mandat	-	Zasedanje 3	2008-03-28	-	Reference	English	Regular	MP	notMinister	HDZ	Hrvatska demokratska zajednica	Opposition	Centre-right	RončevićBerislav	Rončević, Berislav	M	1960	
ParlaMint-HR-en_2008-02-27-0	ParlaMint-HR_2008-02-27-0.u1868	Minutes of the National Assembly of the Republic of Croatia, Term 6, Session 3	2008-02-27	Unicameralism	6. mandat	-	Zasedanje 3	2008-03-28	-	Reference	English	Regular	MP	notMinister	SDP	Socijaldemokratska partija Hrvatske	Opposition	Centre-left	VidovićDavorko	Vidović, Davorko	M	1956	
ParlaMint-HR-en_2008-02-27-0	ParlaMint-HR_2008-02-27-0.u1869	Minutes of the National Assembly of the Republic of Croatia, Term 6, Session 3	2008-02-27	Unicameralism	6. mandat	-	Zasedanje 3	2008-03-28	-	Reference	English	Regular	MP	notMinister	HDZ	Hrvatska demokratska zajednica	Opposition	Centre-right	RončevićBerislav	Rončević, Berislav	M	1960	
ParlaMint-HR-en_2008-02-27-0	ParlaMint-HR_2008-02-27-0.u1870	Minutes of the National Assembly of the Republic of Croatia, Term 6, Session 3	2008-02-27	Unicameralism	6. mandat	-	Zasedanje 3	2008-03-28	-	Reference	English	Chairperson	MP	notMinister	HDZ	Hrvatska demokratska zajednica	Opposition	Centre-right	BebićLuka	Bebić, Luka	M	1937	
ParlaMint-HR-en_2008-02-27-0	ParlaMint-HR_2008-02-27-0.u1871	Minutes of the National Assembly of the Republic of Croatia, Term 6, Session 3	2008-02-27	Unicameralism	6. mandat	-	Zasedanje 3	2008-03-28	-	Reference	English	Regular	MP	notMinister	HDZ	Hrvatska demokratska zajednica	Opposition	Centre-right	RončevićBerislav	Rončević, Berislav	M	1960	
ParlaMint-HR-en_2008-02-27-0	ParlaMint-HR_2008-02-27-0.u1872	Minutes of the National Assembly of the Republic of Croatia, Term 6, Session 3	2008-02-27	Unicameralism	6. mandat	-	Zasedanje 3	2008-03-28	-	Reference	English	Chairperson	MP	notMinister	HDZ	Hrvatska demokratska zajednica	Opposition	Centre-right	BebićLuka	Bebić, Luka	M	1937	
ParlaMint-HR-en_2008-02-27-0	ParlaMint-HR_2008-02-27-0.u1873	Minutes of the National Assembly of the Republic of Croatia, Term 6, Session 3	2008-02-27	Unicameralism	6. mandat	-	Zasedanje 3	2008-03-28	-	Reference	English	Regular	MP	notMinister	SDP	Socijaldemokratska partija Hrvatske	Opposition	Centre-left	DragovanIgor	Dragovan, Igor	M	1968	
ParlaMint-HR-en_2008-02-27-0	ParlaMint-HR_2008-02-27-0.u1874	Minutes of the National Assembly of the Republic of Croatia, Term 6, Session 3	2008-02-27	Unicameralism	6. mandat	-	Zasedanje 3	2008-03-28	-	Reference	English	Chairperson	MP	notMinister	HDZ	Hrvatska demokratska zajednica	Opposition	Centre-right	BebićLuka	Bebić, Luka	M	1937	
ParlaMint-HR-en_2008-02-27-0	ParlaMint-HR_2008-02-27-0.u1875	Minutes of the National Assembly of the Republic of Croatia, Term 6, Session 3	2008-02-27	Unicameralism	6. mandat	-	Zasedanje 3	2008-03-28	-	Reference	English	Regular	MP	notMinister	HDZ	Hrvatska demokratska zajednica	Opposition	Centre-right	RončevićBerislav	Rončević, Berislav	M	1960	
ParlaMint-HR-en_2008-02-27-0	ParlaMint-HR_2008-02-27-0.u1876	Minutes of the National Assembly of the Republic of Croatia, Term 6, Session 3	2008-02-27	Unicameralism	6. mandat	-	Zasedanje 3	2008-03-28	-	Reference	English	Chairperson	MP	notMinister	HDZ	Hrvatska demokratska zajednica	Opposition	Centre-right	BebićLuka	Bebić, Luka	M	1937	
ParlaMint-HR-en_2008-02-27-0	ParlaMint-HR_2008-02-27-0.u1877	Minutes of the National Assembly of the Republic of Croatia, Term 6, Session 3	2008-02-27	Unicameralism	6. mandat	-	Zasedanje 3	2008-03-28	-	Reference	English	Regular	MP	notMinister	SDP	Socijaldemokratska partija Hrvatske	Opposition	Centre-left	OstojićRanko	Ostojić, Ranko	M	1962	
ParlaMint-HR-en_2008-02-27-0	ParlaMint-HR_2008-02-27-0.u1878	Minutes of the National Assembly of the Republic of Croatia, Term 6, Session 3	2008-02-27	Unicameralism	6. mandat	-	Zasedanje 3	2008-03-28	-	Reference	English	Chairperson	MP	notMinister	HDZ	Hrvatska demokratska zajednica	Opposition	Centre-right	BebićLuka	Bebić, Luka	M	1937	
ParlaMint-HR-en_2008-02-27-0	ParlaMint-HR_2008-02-27-0.u1879	Minutes of the National Assembly of the Republic of Croatia, Term 6, Session 3	2008-02-27	Unicameralism	6. mandat	-	Zasedanje 3	2008-03-28	-	Reference	English	Regular	MP	notMinister	HDZ	Hrvatska demokratska zajednica	Opposition	Centre-right	RončevićBerislav	Rončević, Berislav	M	1960	
ParlaMint-HR-en_2008-02-27-0	ParlaMint-HR_2008-02-27-0.u1880	Minutes of the National Assembly of the Republic of Croatia, Term 6, Session 3	2008-02-27	Unicameralism	6. mandat	-	Zasedanje 3	2008-03-28	-	Reference	English	Chairperson	MP	notMinister	HDZ	Hrvatska demokratska zajednica	Opposition	Centre-right	BebićLuka	Bebić, Luka	M	1937	
ParlaMint-HR-en_2008-02-27-0	ParlaMint-HR_2008-02-27-0.u1881	Minutes of the National Assembly of the Republic of Croatia, Term 6, Session 3	2008-02-27	Unicameralism	6. mandat	-	Zasedanje 3	2008-03-28	-	Reference	English	Regular	MP	notMinister	SDP	Socijaldemokratska partija Hrvatske	Opposition	Centre-left	SobolGordana	Sobol, Gordana	F	1961	
ParlaMint-HR-en_2008-02-27-0	ParlaMint-HR_2008-02-27-0.u1882	Minutes of the National Assembly of the Republic of Croatia, Term 6, Session 3	2008-02-27	Unicameralism	6. mandat	-	Zasedanje 3	2008-03-28	-	Reference	English	Chairperson	MP	notMinister	HDZ	Hrvatska demokratska zajednica	Opposition	Centre-right	BebićLuka	Bebić, Luka	M	1937	
ParlaMint-HR-en_2008-02-27-0	ParlaMint-HR_2008-02-27-0.u1883	Minutes of the National Assembly of the Republic of Croatia, Term 6, Session 3	2008-02-27	Unicameralism	6. mandat	-	Zasedanje 3	2008-03-28	-	Reference	English	Regular	MP	notMinister	HDZ	Hrvatska demokratska zajednica	Opposition	Centre-right	KosorJadranka	Kosor, Jadranka	F	1953	
ParlaMint-HR-en_2008-02-27-0	ParlaMint-HR_2008-02-27-0.u1884	Minutes of the National Assembly of the Republic of Croatia, Term 6, Session 3	2008-02-27	Unicameralism	6. mandat	-	Zasedanje 3	2008-03-28	-	Reference	English	Chairperson	MP	notMinister	HDZ	Hrvatska demokratska zajednica	Opposition	Centre-right	BebićLuka	Bebić, Luka	M	1937	
ParlaMint-HR-en_2008-02-27-0	ParlaMint-HR_2008-02-27-0.u1885	Minutes of the National Assembly of the Republic of Croatia, Term 6, Session 3	2008-02-27	Unicameralism	6. mandat	-	Zasedanje 3	2008-03-28	-	Reference	English	Regular	MP	notMinister	HSD	Hrvatski socijaldemokrati	Opposition	Centre-left	PančićIvica	Pančić, Ivica	M	1968	
ParlaMint-HR-en_2008-02-27-0	ParlaMint-HR_2008-02-27-0.u1886	Minutes of the National Assembly of the Republic of Croatia, Term 6, Session 3	2008-02-27	Unicameralism	6. mandat	-	Zasedanje 3	2008-03-28	-	Reference	English	Chairperson	MP	notMinister	HDZ	Hrvatska demokratska zajednica	Opposition	Centre-right	BebićLuka	Bebić, Luka	M	1937	
ParlaMint-HR-en_2008-02-27-0	ParlaMint-HR_2008-02-27-0.u1887	Minutes of the National Assembly of the Republic of Croatia, Term 6, Session 3	2008-02-27	Unicameralism	6. mandat	-	Zasedanje 3	2008-03-28	-	Reference	English	Regular	MP	notMinister	HDZ	Hrvatska demokratska zajednica	Opposition	Centre-right	KosorJadranka	Kosor, Jadranka	F	1953	
ParlaMint-HR-en_2008-02-27-0	ParlaMint-HR_2008-02-27-0.u1888	Minutes of the National Assembly of the Republic of Croatia, Term 6, Session 3	2008-02-27	Unicameralism	6. mandat	-	Zasedanje 3	2008-03-28	-	Reference	English	Chairperson	MP	notMinister	HDZ	Hrvatska demokratska zajednica	Opposition	Centre-right	BebićLuka	Bebić, Luka	M	1937	
ParlaMint-HR-en_2008-02-27-0	ParlaMint-HR_2008-02-27-0.u1889	Minutes of the National Assembly of the Republic of Croatia, Term 6, Session 3	2008-02-27	Unicameralism	6. mandat	-	Zasedanje 3	2008-03-28	-	Reference	English	Regular	MP	notMinister	HSD	Hrvatski socijaldemokrati	Opposition	Centre-left	PančićIvica	Pančić, Ivica	M	1968	
ParlaMint-HR-en_2008-02-27-0	ParlaMint-HR_2008-02-27-0.u1890	Minutes of the National Assembly of the Republic of Croatia, Term 6, Session 3	2008-02-27	Unicameralism	6. mandat	-	Zasedanje 3	2008-03-28	-	Reference	English	Chairperson	MP	notMinister	HDZ	Hrvatska demokratska zajednica	Opposition	Centre-right	BebićLuka	Bebić, Luka	M	1937	
ParlaMint-HR-en_2008-02-27-0	ParlaMint-HR_2008-02-27-0.u1891	Minutes of the National Assembly of the Republic of Croatia, Term 6, Session 3	2008-02-27	Unicameralism	6. mandat	-	Zasedanje 3	2008-03-28	-	Reference	English	Regular	MP	notMinister	HDZ	Hrvatska demokratska zajednica	Opposition	Centre-right	KosorJadranka	Kosor, Jadranka	F	1953	
ParlaMint-HR-en_2008-02-27-0	ParlaMint-HR_2008-02-27-0.u1892	Minutes of the National Assembly of the Republic of Croatia, Term 6, Session 3	2008-02-27	Unicameralism	6. mandat	-	Zasedanje 3	2008-03-28	-	Reference	English	Chairperson	MP	notMinister	HDZ	Hrvatska demokratska zajednica	Opposition	Centre-right	BebićLuka	Bebić, Luka	M	1937	
ParlaMint-HR-en_2008-02-27-0	ParlaMint-HR_2008-02-27-0.u1893	Minutes of the National Assembly of the Republic of Croatia, Term 6, Session 3	2008-02-27	Unicameralism	6. mandat	-	Zasedanje 3	2008-03-28	-	Reference	English	Regular	MP	notMinister	HSD	Hrvatski socijaldemokrati	Opposition	Centre-left	PančićIvica	Pančić, Ivica	M	1968	
ParlaMint-HR-en_2008-02-27-0	ParlaMint-HR_2008-02-27-0.u1894	Minutes of the National Assembly of the Republic of Croatia, Term 6, Session 3	2008-02-27	Unicameralism	6. mandat	-	Zasedanje 3	2008-03-28	-	Reference	English	Chairperson	MP	notMinister	HDZ	Hrvatska demokratska zajednica	Opposition	Centre-right	BebićLuka	Bebić, Luka	M	1937	
ParlaMint-HR-en_2008-02-27-0	ParlaMint-HR_2008-02-27-0.u1895	Minutes of the National Assembly of the Republic of Croatia, Term 6, Session 3	2008-02-27	Unicameralism	6. mandat	-	Zasedanje 3	2008-03-28	-	Reference	English	Regular	MP	notMinister	HDZ	Hrvatska demokratska zajednica	Opposition	Centre-right	KosorJadranka	Kosor, Jadranka	F	1953	
ParlaMint-HR-en_2008-02-27-0	ParlaMint-HR_2008-02-27-0.u1896	Minutes of the National Assembly of the Republic of Croatia, Term 6, Session 3	2008-02-27	Unicameralism	6. mandat	-	Zasedanje 3	2008-03-28	-	Reference	English	Chairperson	MP	notMinister	HDZ	Hrvatska demokratska zajednica	Opposition	Centre-right	BebićLuka	Bebić, Luka	M	1937	
ParlaMint-HR-en_2008-02-27-0	ParlaMint-HR_2008-02-27-0.u1897	Minutes of the National Assembly of the Republic of Croatia, Term 6, Session 3	2008-02-27	Unicameralism	6. mandat	-	Zasedanje 3	2008-03-28	-	Reference	English	Regular	MP	notMinister	HSD	Hrvatski socijaldemokrati	Opposition	Centre-left	PančićIvica	Pančić, Ivica	M	1968	
ParlaMint-HR-en_2008-02-27-0	ParlaMint-HR_2008-02-27-0.u1898	Minutes of the National Assembly of the Republic of Croatia, Term 6, Session 3	2008-02-27	Unicameralism	6. mandat	-	Zasedanje 3	2008-03-28	-	Reference	English	Chairperson	MP	notMinister	HDZ	Hrvatska demokratska zajednica	Opposition	Centre-right	BebićLuka	Bebić, Luka	M	1937	
ParlaMint-HR-en_2008-02-27-0	ParlaMint-HR_2008-02-27-0.u1899	Minutes of the National Assembly of the Republic of Croatia, Term 6, Session 3	2008-02-27	Unicameralism	6. mandat	-	Zasedanje 3	2008-03-28	-	Reference	English	Regular	MP	notMinister	HDZ	Hrvatska demokratska zajednica	Opposition	Centre-right	KosorJadranka	Kosor, Jadranka	F	1953	
ParlaMint-HR-en_2008-02-27-0	ParlaMint-HR_2008-02-27-0.u1900	Minutes of the National Assembly of the Republic of Croatia, Term 6, Session 3	2008-02-27	Unicameralism	6. mandat	-	Zasedanje 3	2008-03-28	-	Reference	English	Chairperson	MP	notMinister	HDZ	Hrvatska demokratska zajednica	Opposition	Centre-right	BebićLuka	Bebić, Luka	M	1937	
ParlaMint-HR-en_2008-02-27-0	ParlaMint-HR_2008-02-27-0.u1901	Minutes of the National Assembly of the Republic of Croatia, Term 6, Session 3	2008-02-27	Unicameralism	6. mandat	-	Zasedanje 3	2008-03-28	-	Reference	English	Regular	MP	notMinister	HDSSB	Hrvatski demokratski savez Slavonije i Baranje	Opposition	Centre-right	VinkovićZoran	Vinković, Zoran	M	1966	
ParlaMint-HR-en_2008-02-27-0	ParlaMint-HR_2008-02-27-0.u1902	Minutes of the National Assembly of the Republic of Croatia, Term 6, Session 3	2008-02-27	Unicameralism	6. mandat	-	Zasedanje 3	2008-03-28	-	Reference	English	Chairperson	MP	notMinister	HDZ	Hrvatska demokratska zajednica	Opposition	Centre-right	BebićLuka	Bebić, Luka	M	1937	
ParlaMint-HR-en_2008-02-27-0	ParlaMint-HR_2008-02-27-0.u1903	Minutes of the National Assembly of the Republic of Croatia, Term 6, Session 3	2008-02-27	Unicameralism	6. mandat	-	Zasedanje 3	2008-03-28	-	Reference	English	Regular	MP	notMinister	HDZ	Hrvatska demokratska zajednica	Opposition	Centre-right	KosorJadranka	Kosor, Jadranka	F	1953	
ParlaMint-HR-en_2008-02-27-0	ParlaMint-HR_2008-02-27-0.u1904	Minutes of the National Assembly of the Republic of Croatia, Term 6, Session 3	2008-02-27	Unicameralism	6. mandat	-	Zasedanje 3	2008-03-28	-	Reference	English	Chairperson	MP	notMinister	HDZ	Hrvatska demokratska zajednica	Opposition	Centre-right	BebićLuka	Bebić, Luka	M	1937	
ParlaMint-HR-en_2008-02-27-0	ParlaMint-HR_2008-02-27-0.u1905	Minutes of the National Assembly of the Republic of Croatia, Term 6, Session 3	2008-02-27	Unicameralism	6. mandat	-	Zasedanje 3	2008-03-28	-	Reference	English	Regular	MP	notMinister	SDP	Socijaldemokratska partija Hrvatske	Opposition	Centre-left	KotromanovićAnte	Kotromanović, Ante	M	1968	
ParlaMint-HR-en_2008-02-27-0	ParlaMint-HR_2008-02-27-0.u1906	Minutes of the National Assembly of the Republic of Croatia, Term 6, Session 3	2008-02-27	Unicameralism	6. mandat	-	Zasedanje 3	2008-03-28	-	Reference	English	Chairperson	MP	notMinister	HDZ	Hrvatska demokratska zajednica	Opposition	Centre-right	BebićLuka	Bebić, Luka	M	1937	
ParlaMint-HR-en_2008-02-27-0	ParlaMint-HR_2008-02-27-0.u1907	Minutes of the National Assembly of the Republic of Croatia, Term 6, Session 3	2008-02-27	Unicameralism	6. mandat	-	Zasedanje 3	2008-03-28	-	Reference	English	Regular	MP	notMinister	HDZ	Hrvatska demokratska zajednica	Opposition	Centre-right	KosorJadranka	Kosor, Jadranka	F	1953	
ParlaMint-HR-en_2008-02-27-0	ParlaMint-HR_2008-02-27-0.u1908	Minutes of the National Assembly of the Republic of Croatia, Term 6, Session 3	2008-02-27	Unicameralism	6. mandat	-	Zasedanje 3	2008-03-28	-	Reference	English	Chairperson	MP	notMinister	HDZ	Hrvatska demokratska zajednica	Opposition	Centre-right	BebićLuka	Bebić, Luka	M	1937	
ParlaMint-HR-en_2008-02-27-0	ParlaMint-HR_2008-02-27-0.u1909	Minutes of the National Assembly of the Republic of Croatia, Term 6, Session 3	2008-02-27	Unicameralism	6. mandat	-	Zasedanje 3	2008-03-28	-	Reference	English	Regular	MP	notMinister	SDP	Socijaldemokratska partija Hrvatske	Opposition	Centre-left	KotromanovićAnte	Kotromanović, Ante	M	1968	
ParlaMint-HR-en_2008-02-27-0	ParlaMint-HR_2008-02-27-0.u1910	Minutes of the National Assembly of the Republic of Croatia, Term 6, Session 3	2008-02-27	Unicameralism	6. mandat	-	Zasedanje 3	2008-03-28	-	Reference	English	Chairperson	MP	notMinister	HDZ	Hrvatska demokratska zajednica	Opposition	Centre-right	BebićLuka	Bebić, Luka	M	1937	
ParlaMint-HR-en_2008-02-27-0	ParlaMint-HR_2008-02-27-0.u1911	Minutes of the National Assembly of the Republic of Croatia, Term 6, Session 3	2008-02-27	Unicameralism	6. mandat	-	Zasedanje 3	2008-03-28	-	Reference	English	Regular	MP	notMinister	HDZ	Hrvatska demokratska zajednica	Opposition	Centre-right	KosorJadranka	Kosor, Jadranka	F	1953	
ParlaMint-HR-en_2008-02-27-0	ParlaMint-HR_2008-02-27-0.u1912	Minutes of the National Assembly of the Republic of Croatia, Term 6, Session 3	2008-02-27	Unicameralism	6. mandat	-	Zasedanje 3	2008-03-28	-	Reference	English	Chairperson	MP	notMinister	HDZ	Hrvatska demokratska zajednica	Opposition	Centre-right	ŠeksVladimir	Šeks, Vladimir	M	1943	
ParlaMint-HR-en_2008-02-27-0	ParlaMint-HR_2008-02-27-0.u1913	Minutes of the National Assembly of the Republic of Croatia, Term 6, Session 3	2008-02-27	Unicameralism	6. mandat	-	Zasedanje 3	2008-03-28	-	Reference	English	Regular	MP	notMinister	SDP	Socijaldemokratska partija Hrvatske	Opposition	Centre-left	KotromanovićAnte	Kotromanović, Ante	M	1968	
ParlaMint-HR-en_2008-02-27-0	ParlaMint-HR_2008-02-27-0.u1914	Minutes of the National Assembly of the Republic of Croatia, Term 6, Session 3	2008-02-27	Unicameralism	6. mandat	-	Zasedanje 3	2008-03-28	-	Reference	English	Chairperson	MP	notMinister	HDZ	Hrvatska demokratska zajednica	Opposition	Centre-right	ŠeksVladimir	Šeks, Vladimir	M	1943	
ParlaMint-HR-en_2008-02-27-0	ParlaMint-HR_2008-02-27-0.u1915	Minutes of the National Assembly of the Republic of Croatia, Term 6, Session 3	2008-02-27	Unicameralism	6. mandat	-	Zasedanje 3	2008-03-28	-	Reference	English	Regular	MP	notMinister	HDZ	Hrvatska demokratska zajednica	Opposition	Centre-right	KosorJadranka	Kosor, Jadranka	F	1953	
ParlaMint-HR-en_2008-02-27-0	ParlaMint-HR_2008-02-27-0.u1916	Minutes of the National Assembly of the Republic of Croatia, Term 6, Session 3	2008-02-27	Unicameralism	6. mandat	-	Zasedanje 3	2008-03-28	-	Reference	English	Chairperson	MP	notMinister	HDZ	Hrvatska demokratska zajednica	Opposition	Centre-right	ŠeksVladimir	Šeks, Vladimir	M	1943	
ParlaMint-HR-en_2008-02-27-0	ParlaMint-HR_2008-02-27-0.u1917	Minutes of the National Assembly of the Republic of Croatia, Term 6, Session 3	2008-02-27	Unicameralism	6. mandat	-	Zasedanje 3	2008-03-28	-	Reference	English	Regular	MP	notMinister	SDP	Socijaldemokratska partija Hrvatske	Opposition	Centre-left	LugarićMarija	Lugarić, Marija	F	1978	
ParlaMint-HR-en_2008-02-27-0	ParlaMint-HR_2008-02-27-0.u1918	Minutes of the National Assembly of the Republic of Croatia, Term 6, Session 3	2008-02-27	Unicameralism	6. mandat	-	Zasedanje 3	2008-03-28	-	Reference	English	Chairperson	MP	notMinister	HDZ	Hrvatska demokratska zajednica	Opposition	Centre-right	ŠeksVladimir	Šeks, Vladimir	M	1943	
ParlaMint-HR-en_2008-02-27-0	ParlaMint-HR_2008-02-27-0.u1919	Minutes of the National Assembly of the Republic of Croatia, Term 6, Session 3	2008-02-27	Unicameralism	6. mandat	-	Zasedanje 3	2008-03-28	-	Reference	English	Regular	MP	notMinister	HDZ	Hrvatska demokratska zajednica	Opposition	Centre-right	KosorJadranka	Kosor, Jadranka	F	1953	
ParlaMint-HR-en_2008-02-27-0	ParlaMint-HR_2008-02-27-0.u1920	Minutes of the National Assembly of the Republic of Croatia, Term 6, Session 3	2008-02-27	Unicameralism	6. mandat	-	Zasedanje 3	2008-03-28	-	Reference	English	Chairperson	MP	notMinister	HDZ	Hrvatska demokratska zajednica	Opposition	Centre-right	ŠeksVladimir	Šeks, Vladimir	M	1943	
ParlaMint-HR-en_2008-02-27-0	ParlaMint-HR_2008-02-27-0.u1921	Minutes of the National Assembly of the Republic of Croatia, Term 6, Session 3	2008-02-27	Unicameralism	6. mandat	-	Zasedanje 3	2008-03-28	-	Reference	English	Regular	MP	notMinister	SDP	Socijaldemokratska partija Hrvatske	Opposition	Centre-left	ŠkulićVesna	Škulić, Vesna	F	1961	
ParlaMint-HR-en_2008-02-27-0	ParlaMint-HR_2008-02-27-0.u1922	Minutes of the National Assembly of the Republic of Croatia, Term 6, Session 3	2008-02-27	Unicameralism	6. mandat	-	Zasedanje 3	2008-03-28	-	Reference	English	Chairperson	MP	notMinister	HDZ	Hrvatska demokratska zajednica	Opposition	Centre-right	ŠeksVladimir	Šeks, Vladimir	M	1943	
ParlaMint-HR-en_2008-02-27-0	ParlaMint-HR_2008-02-27-0.u1923	Minutes of the National Assembly of the Republic of Croatia, Term 6, Session 3	2008-02-27	Unicameralism	6. mandat	-	Zasedanje 3	2008-03-28	-	Reference	English	Regular	MP	notMinister	HDZ	Hrvatska demokratska zajednica	Opposition	Centre-right	KosorJadranka	Kosor, Jadranka	F	1953	
ParlaMint-HR-en_2008-02-27-0	ParlaMint-HR_2008-02-27-0.u1924	Minutes of the National Assembly of the Republic of Croatia, Term 6, Session 3	2008-02-27	Unicameralism	6. mandat	-	Zasedanje 3	2008-03-28	-	Reference	English	Chairperson	MP	notMinister	HDZ	Hrvatska demokratska zajednica	Opposition	Centre-right	ŠeksVladimir	Šeks, Vladimir	M	1943	
ParlaMint-HR-en_2008-02-27-0	ParlaMint-HR_2008-02-27-0.u1925	Minutes of the National Assembly of the Republic of Croatia, Term 6, Session 3	2008-02-27	Unicameralism	6. mandat	-	Zasedanje 3	2008-03-28	-	Reference	English	Regular	MP	notMinister	SDP	Socijaldemokratska partija Hrvatske	Opposition	Centre-left	LugarićMarija	Lugarić, Marija	F	1978	
ParlaMint-HR-en_2008-02-27-0	ParlaMint-HR_2008-02-27-0.u1926	Minutes of the National Assembly of the Republic of Croatia, Term 6, Session 3	2008-02-27	Unicameralism	6. mandat	-	Zasedanje 3	2008-03-28	-	Reference	English	Regular	MP	notMinister	HDZ	Hrvatska demokratska zajednica	Opposition	Centre-right	KosorJadranka	Kosor, Jadranka	F	1953	
ParlaMint-HR-en_2008-02-27-0	ParlaMint-HR_2008-02-27-0.u1927	Minutes of the National Assembly of the Republic of Croatia, Term 6, Session 3	2008-02-27	Unicameralism	6. mandat	-	Zasedanje 3	2008-03-28	-	Reference	English	Regular	MP	notMinister	SDP	Socijaldemokratska partija Hrvatske	Opposition	Centre-left	LugarićMarija	Lugarić, Marija	F	1978	
ParlaMint-HR-en_2008-02-27-0	ParlaMint-HR_2008-02-27-0.u1928	Minutes of the National Assembly of the Republic of Croatia, Term 6, Session 3	2008-02-27	Unicameralism	6. mandat	-	Zasedanje 3	2008-03-28	-	Reference	English	Chairperson	MP	notMinister	HDZ	Hrvatska demokratska zajednica	Opposition	Centre-right	ŠeksVladimir	Šeks, Vladimir	M	1943	
ParlaMint-HR-en_2008-02-27-0	ParlaMint-HR_2008-02-27-0.u1929	Minutes of the National Assembly of the Republic of Croatia, Term 6, Session 3	2008-02-27	Unicameralism	6. mandat	-	Zasedanje 3	2008-03-28	-	Reference	English	Regular	MP	notMinister	HDZ	Hrvatska demokratska zajednica	Opposition	Centre-right	KosorJadranka	Kosor, Jadranka	F	1953	
ParlaMint-HR-en_2008-02-27-0	ParlaMint-HR_2008-02-27-0.u1930	Minutes of the National Assembly of the Republic of Croatia, Term 6, Session 3	2008-02-27	Unicameralism	6. mandat	-	Zasedanje 3	2008-03-28	-	Reference	English	Chairperson	MP	notMinister	HDZ	Hrvatska demokratska zajednica	Opposition	Centre-right	ŠeksVladimir	Šeks, Vladimir	M	1943	
ParlaMint-HR-en_2008-02-27-0	ParlaMint-HR_2008-02-27-0.u1931	Minutes of the National Assembly of the Republic of Croatia, Term 6, Session 3	2008-02-27	Unicameralism	6. mandat	-	Zasedanje 3	2008-03-28	-	Reference	English	Regular	MP	notMinister	SDP	Socijaldemokratska partija Hrvatske	Opposition	Centre-left	JelašNadica	Jelaš, Nadica	F	1957	
ParlaMint-HR-en_2008-02-27-0	ParlaMint-HR_2008-02-27-0.u1932	Minutes of the National Assembly of the Republic of Croatia, Term 6, Session 3	2008-02-27	Unicameralism	6. mandat	-	Zasedanje 3	2008-03-28	-	Reference	English	Chairperson	MP	notMinister	HDZ	Hrvatska demokratska zajednica	Opposition	Centre-right	ŠeksVladimir	Šeks, Vladimir	M	1943	
ParlaMint-HR-en_2008-02-27-0	ParlaMint-HR_2008-02-27-0.u1933	Minutes of the National Assembly of the Republic of Croatia, Term 6, Session 3	2008-02-27	Unicameralism	6. mandat	-	Zasedanje 3	2008-03-28	-	Reference	English	Regular	MP	notMinister	HDZ	Hrvatska demokratska zajednica	Opposition	Centre-right	MatkovićBianca	Matković, Bianca	F	1974	
ParlaMint-HR-en_2008-02-27-0	ParlaMint-HR_2008-02-27-0.u1934	Minutes of the National Assembly of the Republic of Croatia, Term 6, Session 3	2008-02-27	Unicameralism	6. mandat	-	Zasedanje 3	2008-03-28	-	Reference	English	Regular	MP	notMinister	HDZ	Hrvatska demokratska zajednica	Opposition	Centre-right	BebićLuka	Bebić, Luka	M	1937	
ParlaMint-HR-en_2008-02-27-0	ParlaMint-HR_2008-02-27-0.u1935	Minutes of the National Assembly of the Republic of Croatia, Term 6, Session 3	2008-02-27	Unicameralism	6. mandat	-	Zasedanje 3	2008-03-28	-	Reference	English	Regular	MP	notMinister	IDS	Istarski demokratski sabor	Opposition	Centre to centre-left	BrkarićMarin	Brkarić, Marin	M	1955	
ParlaMint-HR-en_2008-02-27-0	ParlaMint-HR_2008-02-27-0.u1936	Minutes of the National Assembly of the Republic of Croatia, Term 6, Session 3	2008-02-27	Unicameralism	6. mandat	-	Zasedanje 3	2008-03-28	-	Reference	English	Chairperson	MP	notMinister	HDZ	Hrvatska demokratska zajednica	Opposition	Centre-right	ŠeksVladimir	Šeks, Vladimir	M	1943	
ParlaMint-HR-en_2008-02-27-0	ParlaMint-HR_2008-02-27-0.u1937	Minutes of the National Assembly of the Republic of Croatia, Term 6, Session 3	2008-02-27	Unicameralism	6. mandat	-	Zasedanje 3	2008-03-28	-	Reference	English	Regular	MP	notMinister	HDZ	Hrvatska demokratska zajednica	Opposition	Centre-right	MatkovićBianca	Matković, Bianca	F	1974	
ParlaMint-HR-en_2008-02-27-0	ParlaMint-HR_2008-02-27-0.u1938	Minutes of the National Assembly of the Republic of Croatia, Term 6, Session 3	2008-02-27	Unicameralism	6. mandat	-	Zasedanje 3	2008-03-28	-	Reference	English	Chairperson	MP	notMinister	HDZ	Hrvatska demokratska zajednica	Opposition	Centre-right	ŠeksVladimir	Šeks, Vladimir	M	1943	
ParlaMint-HR-en_2008-02-27-0	ParlaMint-HR_2008-02-27-0.u1939	Minutes of the National Assembly of the Republic of Croatia, Term 6, Session 3	2008-02-27	Unicameralism	6. mandat	-	Zasedanje 3	2008-03-28	-	Reference	English	Regular	MP	notMinister	SDP	Socijaldemokratska partija Hrvatske	Opposition	Centre-left	SobolGordana	Sobol, Gordana	F	1961	
ParlaMint-HR-en_2008-02-27-0	ParlaMint-HR_2008-02-27-0.u1940	Minutes of the National Assembly of the Republic of Croatia, Term 6, Session 3	2008-02-27	Unicameralism	6. mandat	-	Zasedanje 3	2008-03-28	-	Reference	English	Chairperson	MP	notMinister	HDZ	Hrvatska demokratska zajednica	Opposition	Centre-right	ŠeksVladimir	Šeks, Vladimir	M	1943	
ParlaMint-HR-en_2008-02-27-0	ParlaMint-HR_2008-02-27-0.u1941	Minutes of the National Assembly of the Republic of Croatia, Term 6, Session 3	2008-02-27	Unicameralism	6. mandat	-	Zasedanje 3	2008-03-28	-	Reference	English	Regular	MP	notMinister	HDZ	Hrvatska demokratska zajednica	Opposition	Centre-right	PolančecDamir	Polančec, Damir	M	1967	
ParlaMint-HR-en_2008-02-27-0	ParlaMint-HR_2008-02-27-0.u1942	Minutes of the National Assembly of the Republic of Croatia, Term 6, Session 3	2008-02-27	Unicameralism	6. mandat	-	Zasedanje 3	2008-03-28	-	Reference	English	Chairperson	MP	notMinister	HDZ	Hrvatska demokratska zajednica	Opposition	Centre-right	ŠeksVladimir	Šeks, Vladimir	M	1943	
ParlaMint-HR-en_2008-02-27-0	ParlaMint-HR_2008-02-27-0.u1943	Minutes of the National Assembly of the Republic of Croatia, Term 6, Session 3	2008-02-27	Unicameralism	6. mandat	-	Zasedanje 3	2008-03-28	-	Reference	English	Regular	MP	notMinister	SDP	Socijaldemokratska partija Hrvatske	Opposition	Centre-left	HolyMirela	Holy, Mirela	F	1971	
ParlaMint-HR-en_2008-02-27-0	ParlaMint-HR_2008-02-27-0.u1944	Minutes of the National Assembly of the Republic of Croatia, Term 6, Session 3	2008-02-27	Unicameralism	6. mandat	-	Zasedanje 3	2008-03-28	-	Reference	English	Chairperson	MP	notMinister	HDZ	Hrvatska demokratska zajednica	Opposition	Centre-right	ŠeksVladimir	Šeks, Vladimir	M	1943	
ParlaMint-HR-en_2008-02-27-0	ParlaMint-HR_2008-02-27-0.u1945	Minutes of the National Assembly of the Republic of Croatia, Term 6, Session 3	2008-02-27	Unicameralism	6. mandat	-	Zasedanje 3	2008-03-28	-	Reference	English	Regular	MP	notMinister	HDZ	Hrvatska demokratska zajednica	Opposition	Centre-right	PolančecDamir	Polančec, Damir	M	1967	
ParlaMint-HR-en_2008-02-27-0	ParlaMint-HR_2008-02-27-0.u1946	Minutes of the National Assembly of the Republic of Croatia, Term 6, Session 3	2008-02-27	Unicameralism	6. mandat	-	Zasedanje 3	2008-03-28	-	Reference	English	Chairperson	MP	notMinister	HDZ	Hrvatska demokratska zajednica	Opposition	Centre-right	ŠeksVladimir	Šeks, Vladimir	M	1943	
ParlaMint-HR-en_2008-02-27-0	ParlaMint-HR_2008-02-27-0.u1947	Minutes of the National Assembly of the Republic of Croatia, Term 6, Session 3	2008-02-27	Unicameralism	6. mandat	-	Zasedanje 3	2008-03-28	-	Reference	English	Regular	MP	notMinister	SDP	Socijaldemokratska partija Hrvatske	Opposition	Centre-left	HolyMirela	Holy, Mirela	F	1971	
ParlaMint-HR-en_2008-02-27-0	ParlaMint-HR_2008-02-27-0.u1948	Minutes of the National Assembly of the Republic of Croatia, Term 6, Session 3	2008-02-27	Unicameralism	6. mandat	-	Zasedanje 3	2008-03-28	-	Reference	English	Chairperson	MP	notMinister	HDZ	Hrvatska demokratska zajednica	Opposition	Centre-right	ŠeksVladimir	Šeks, Vladimir	M	1943	
ParlaMint-HR-en_2008-02-27-0	ParlaMint-HR_2008-02-27-0.u1949	Minutes of the National Assembly of the Republic of Croatia, Term 6, Session 3	2008-02-27	Unicameralism	6. mandat	-	Zasedanje 3	2008-03-28	-	Reference	English	Regular	MP	notMinister	HDZ	Hrvatska demokratska zajednica	Opposition	Centre-right	PolančecDamir	Polančec, Damir	M	1967	
ParlaMint-HR-en_2008-02-27-0	ParlaMint-HR_2008-02-27-0.u1950	Minutes of the National Assembly of the Republic of Croatia, Term 6, Session 3	2008-02-27	Unicameralism	6. mandat	-	Zasedanje 3	2008-03-28	-	Reference	English	Chairperson	MP	notMinister	HDZ	Hrvatska demokratska zajednica	Opposition	Centre-right	ŠeksVladimir	Šeks, Vladimir	M	1943	
ParlaMint-HR-en_2008-02-27-0	ParlaMint-HR_2008-02-27-0.u1951	Minutes of the National Assembly of the Republic of Croatia, Term 6, Session 3	2008-02-27	Unicameralism	6. mandat	-	Zasedanje 3	2008-03-28	-	Reference	English	Regular	MP	notMinister	SDP	Socijaldemokratska partija Hrvatske	Opposition	Centre-left	BernardićDavor	Bernardić, Davor	M	1980	
ParlaMint-HR-en_2008-02-27-0	ParlaMint-HR_2008-02-27-0.u1952	Minutes of the National Assembly of the Republic of Croatia, Term 6, Session 3	2008-02-27	Unicameralism	6. mandat	-	Zasedanje 3	2008-03-28	-	Reference	English	Chairperson	MP	notMinister	HDZ	Hrvatska demokratska zajednica	Opposition	Centre-right	ŠeksVladimir	Šeks, Vladimir	M	1943	
ParlaMint-HR-en_2008-02-27-0	ParlaMint-HR_2008-02-27-0.u1953	Minutes of the National Assembly of the Republic of Croatia, Term 6, Session 3	2008-02-27	Unicameralism	6. mandat	-	Zasedanje 3	2008-03-28	-	Reference	English	Regular	MP	notMinister	HDZ	Hrvatska demokratska zajednica	Opposition	Centre-right	PolančecDamir	Polančec, Damir	M	1967	
ParlaMint-HR-en_2008-02-27-0	ParlaMint-HR_2008-02-27-0.u1954	Minutes of the National Assembly of the Republic of Croatia, Term 6, Session 3	2008-02-27	Unicameralism	6. mandat	-	Zasedanje 3	2008-03-28	-	Reference	English	Chairperson	MP	notMinister	HDZ	Hrvatska demokratska zajednica	Opposition	Centre-right	ŠeksVladimir	Šeks, Vladimir	M	1943	
ParlaMint-HR-en_2008-02-27-0	ParlaMint-HR_2008-02-27-0.u1955	Minutes of the National Assembly of the Republic of Croatia, Term 6, Session 3	2008-02-27	Unicameralism	6. mandat	-	Zasedanje 3	2008-03-28	-	Reference	English	Regular	MP	notMinister	SDP	Socijaldemokratska partija Hrvatske	Opposition	Centre-left	BernardićDavor	Bernardić, Davor	M	1980	
ParlaMint-HR-en_2008-02-27-0	ParlaMint-HR_2008-02-27-0.u1956	Minutes of the National Assembly of the Republic of Croatia, Term 6, Session 3	2008-02-27	Unicameralism	6. mandat	-	Zasedanje 3	2008-03-28	-	Reference	English	Chairperson	MP	notMinister	HDZ	Hrvatska demokratska zajednica	Opposition	Centre-right	ŠeksVladimir	Šeks, Vladimir	M	1943	
ParlaMint-HR-en_2008-02-27-0	ParlaMint-HR_2008-02-27-0.u1957	Minutes of the National Assembly of the Republic of Croatia, Term 6, Session 3	2008-02-27	Unicameralism	6. mandat	-	Zasedanje 3	2008-03-28	-	Reference	English	Regular	MP	notMinister	HDZ	Hrvatska demokratska zajednica	Opposition	Centre-right	PolančecDamir	Polančec, Damir	M	1967	
ParlaMint-HR-en_2008-02-27-0	ParlaMint-HR_2008-02-27-0.u1958	Minutes of the National Assembly of the Republic of Croatia, Term 6, Session 3	2008-02-27	Unicameralism	6. mandat	-	Zasedanje 3	2008-03-28	-	Reference	English	Chairperson	MP	notMinister	HDZ	Hrvatska demokratska zajednica	Opposition	Centre-right	ŠeksVladimir	Šeks, Vladimir	M	1943	
ParlaMint-HR-en_2008-02-27-0	ParlaMint-HR_2008-02-27-0.u1959	Minutes of the National Assembly of the Republic of Croatia, Term 6, Session 3	2008-02-27	Unicameralism	6. mandat	-	Zasedanje 3	2008-03-28	-	Reference	English	Regular	MP	notMinister	SDP	Socijaldemokratska partija Hrvatske	Opposition	Centre-left	BernardićDavor	Bernardić, Davor	M	1980	
ParlaMint-HR-en_2008-02-27-0	ParlaMint-HR_2008-02-27-0.u1960	Minutes of the National Assembly of the Republic of Croatia, Term 6, Session 3	2008-02-27	Unicameralism	6. mandat	-	Zasedanje 3	2008-03-28	-	Reference	English	Chairperson	MP	notMinister	HDZ	Hrvatska demokratska zajednica	Opposition	Centre-right	ŠeksVladimir	Šeks, Vladimir	M	1943	
ParlaMint-HR-en_2008-02-27-0	ParlaMint-HR_2008-02-27-0.u1961	Minutes of the National Assembly of the Republic of Croatia, Term 6, Session 3	2008-02-27	Unicameralism	6. mandat	-	Zasedanje 3	2008-03-28	-	Reference	English	Regular	MP	notMinister	HDZ	Hrvatska demokratska zajednica	Opposition	Centre-right	PolančecDamir	Polančec, Damir	M	1967	
ParlaMint-HR-en_2008-02-27-0	ParlaMint-HR_2008-02-27-0.u1962	Minutes of the National Assembly of the Republic of Croatia, Term 6, Session 3	2008-02-27	Unicameralism	6. mandat	-	Zasedanje 3	2008-03-28	-	Reference	English	Chairperson	MP	notMinister	HDZ	Hrvatska demokratska zajednica	Opposition	Centre-right	ŠeksVladimir	Šeks, Vladimir	M	1943	
ParlaMint-HR-en_2008-02-27-0	ParlaMint-HR_2008-02-27-0.u1963	Minutes of the National Assembly of the Republic of Croatia, Term 6, Session 3	2008-02-27	Unicameralism	6. mandat	-	Zasedanje 3	2008-03-28	-	Reference	English	Regular	MP	notMinister	SDP	Socijaldemokratska partija Hrvatske	Opposition	Centre-left	BernardićDavor	Bernardić, Davor	M	1980	
ParlaMint-HR-en_2008-02-27-0	ParlaMint-HR_2008-02-27-0.u1964	Minutes of the National Assembly of the Republic of Croatia, Term 6, Session 3	2008-02-27	Unicameralism	6. mandat	-	Zasedanje 3	2008-03-28	-	Reference	English	Chairperson	MP	notMinister	HDZ	Hrvatska demokratska zajednica	Opposition	Centre-right	ŠeksVladimir	Šeks, Vladimir	M	1943	
ParlaMint-HR-en_2008-02-27-0	ParlaMint-HR_2008-02-27-0.u1965	Minutes of the National Assembly of the Republic of Croatia, Term 6, Session 3	2008-02-27	Unicameralism	6. mandat	-	Zasedanje 3	2008-03-28	-	Reference	English	Regular	MP	notMinister	HDZ	Hrvatska demokratska zajednica	Opposition	Centre-right	PolančecDamir	Polančec, Damir	M	1967	
ParlaMint-HR-en_2008-02-27-0	ParlaMint-HR_2008-02-27-0.u1966	Minutes of the National Assembly of the Republic of Croatia, Term 6, Session 3	2008-02-27	Unicameralism	6. mandat	-	Zasedanje 3	2008-03-28	-	Reference	English	Chairperson	MP	notMinister	HDZ	Hrvatska demokratska zajednica	Opposition	Centre-right	ŠeksVladimir	Šeks, Vladimir	M	1943	
ParlaMint-HR-en_2008-02-27-0	ParlaMint-HR_2008-02-27-0.u1967	Minutes of the National Assembly of the Republic of Croatia, Term 6, Session 3	2008-02-27	Unicameralism	6. mandat	-	Zasedanje 3	2008-03-28	-	Reference	English	Regular	MP	notMinister	SDP	Socijaldemokratska partija Hrvatske	Opposition	Centre-left	BernardićDavor	Bernardić, Davor	M	1980	
ParlaMint-HR-en_2008-02-27-0	ParlaMint-HR_2008-02-27-0.u1968	Minutes of the National Assembly of the Republic of Croatia, Term 6, Session 3	2008-02-27	Unicameralism	6. mandat	-	Zasedanje 3	2008-03-28	-	Reference	English	Chairperson	MP	notMinister	HDZ	Hrvatska demokratska zajednica	Opposition	Centre-right	ŠeksVladimir	Šeks, Vladimir	M	1943	
ParlaMint-HR-en_2008-02-27-0	ParlaMint-HR_2008-02-27-0.u1969	Minutes of the National Assembly of the Republic of Croatia, Term 6, Session 3	2008-02-27	Unicameralism	6. mandat	-	Zasedanje 3	2008-03-28	-	Reference	English	Regular	MP	notMinister	HDZ	Hrvatska demokratska zajednica	Opposition	Centre-right	PolančecDamir	Polančec, Damir	M	1967	
ParlaMint-HR-en_2008-02-27-0	ParlaMint-HR_2008-02-27-0.u1970	Minutes of the National Assembly of the Republic of Croatia, Term 6, Session 3	2008-02-27	Unicameralism	6. mandat	-	Zasedanje 3	2008-03-28	-	Reference	English	Chairperson	MP	notMinister	HDZ	Hrvatska demokratska zajednica	Opposition	Centre-right	ŠeksVladimir	Šeks, Vladimir	M	1943	
ParlaMint-HR-en_2008-02-27-0	ParlaMint-HR_2008-02-27-0.u1971	Minutes of the National Assembly of the Republic of Croatia, Term 6, Session 3	2008-02-27	Unicameralism	6. mandat	-	Zasedanje 3	2008-03-28	-	Reference	English	Regular	MP	notMinister	SDP	Socijaldemokratska partija Hrvatske	Opposition	Centre-left	MarasGordan	Maras, Gordan	M	1974	
ParlaMint-HR-en_2008-02-27-0	ParlaMint-HR_2008-02-27-0.u1972	Minutes of the National Assembly of the Republic of Croatia, Term 6, Session 3	2008-02-27	Unicameralism	6. mandat	-	Zasedanje 3	2008-03-28	-	Reference	English	Chairperson	MP	notMinister	HDZ	Hrvatska demokratska zajednica	Opposition	Centre-right	ŠeksVladimir	Šeks, Vladimir	M	1943	
ParlaMint-HR-en_2008-02-27-0	ParlaMint-HR_2008-02-27-0.u1973	Minutes of the National Assembly of the Republic of Croatia, Term 6, Session 3	2008-02-27	Unicameralism	6. mandat	-	Zasedanje 3	2008-03-28	-	Reference	English	Regular	MP	notMinister	HDZ	Hrvatska demokratska zajednica	Opposition	Centre-right	PolančecDamir	Polančec, Damir	M	1967	
ParlaMint-HR-en_2008-02-27-0	ParlaMint-HR_2008-02-27-0.u1974	Minutes of the National Assembly of the Republic of Croatia, Term 6, Session 3	2008-02-27	Unicameralism	6. mandat	-	Zasedanje 3	2008-03-28	-	Reference	English	Chairperson	MP	notMinister	HDZ	Hrvatska demokratska zajednica	Opposition	Centre-right	ŠeksVladimir	Šeks, Vladimir	M	1943	
ParlaMint-HR-en_2008-02-27-0	ParlaMint-HR_2008-02-27-0.u1975	Minutes of the National Assembly of the Republic of Croatia, Term 6, Session 3	2008-02-27	Unicameralism	6. mandat	-	Zasedanje 3	2008-03-28	-	Reference	English	Regular	MP	notMinister	SDP	Socijaldemokratska partija Hrvatske	Opposition	Centre-left	BernardićDavor	Bernardić, Davor	M	1980	
ParlaMint-HR-en_2008-02-27-0	ParlaMint-HR_2008-02-27-0.u1976	Minutes of the National Assembly of the Republic of Croatia, Term 6, Session 3	2008-02-27	Unicameralism	6. mandat	-	Zasedanje 3	2008-03-28	-	Reference	English	Chairperson	MP	notMinister	HDZ	Hrvatska demokratska zajednica	Opposition	Centre-right	ŠeksVladimir	Šeks, Vladimir	M	1943	
ParlaMint-HR-en_2008-02-27-0	ParlaMint-HR_2008-02-27-0.u1977	Minutes of the National Assembly of the Republic of Croatia, Term 6, Session 3	2008-02-27	Unicameralism	6. mandat	-	Zasedanje 3	2008-03-28	-	Reference	English	Regular	MP	notMinister	SDP	Socijaldemokratska partija Hrvatske	Opposition	Centre-left	KotromanovićAnte	Kotromanović, Ante	M	1968	
ParlaMint-HR-en_2008-02-27-0	ParlaMint-HR_2008-02-27-0.u1978	Minutes of the National Assembly of the Republic of Croatia, Term 6, Session 3	2008-02-27	Unicameralism	6. mandat	-	Zasedanje 3	2008-03-28	-	Reference	English	Chairperson	MP	notMinister	HDZ	Hrvatska demokratska zajednica	Opposition	Centre-right	ŠeksVladimir	Šeks, Vladimir	M	1943	
ParlaMint-HR-en_2008-02-27-0	ParlaMint-HR_2008-02-27-0.u1979	Minutes of the National Assembly of the Republic of Croatia, Term 6, Session 3	2008-02-27	Unicameralism	6. mandat	-	Zasedanje 3	2008-03-28	-	Reference	English	Regular	MP	notMinister	SDP	Socijaldemokratska partija Hrvatske	Opposition	Centre-left	KotromanovićAnte	Kotromanović, Ante	M	1968	
ParlaMint-HR-en_2008-02-27-0	ParlaMint-HR_2008-02-27-0.u1980	Minutes of the National Assembly of the Republic of Croatia, Term 6, Session 3	2008-02-27	Unicameralism	6. mandat	-	Zasedanje 3	2008-03-28	-	Reference	English	Chairperson	MP	notMinister	HDZ	Hrvatska demokratska zajednica	Opposition	Centre-right	ŠeksVladimir	Šeks, Vladimir	M	1943	
ParlaMint-HR-en_2008-02-27-0	ParlaMint-HR_2008-02-27-0.u1981	Minutes of the National Assembly of the Republic of Croatia, Term 6, Session 3	2008-02-27	Unicameralism	6. mandat	-	Zasedanje 3	2008-03-28	-	Reference	English	Regular	MP	notMinister	HDZ	Hrvatska demokratska zajednica	Opposition	Centre-right	PolančecDamir	Polančec, Damir	M	1967	
ParlaMint-HR-en_2008-02-27-0	ParlaMint-HR_2008-02-27-0.u1982	Minutes of the National Assembly of the Republic of Croatia, Term 6, Session 3	2008-02-27	Unicameralism	6. mandat	-	Zasedanje 3	2008-03-28	-	Reference	English	Chairperson	MP	notMinister	HDZ	Hrvatska demokratska zajednica	Opposition	Centre-right	ŠeksVladimir	Šeks, Vladimir	M	1943	
ParlaMint-HR-en_2008-02-27-0	ParlaMint-HR_2008-02-27-0.u1983	Minutes of the National Assembly of the Republic of Croatia, Term 6, Session 3	2008-02-27	Unicameralism	6. mandat	-	Zasedanje 3	2008-03-28	-	Reference	English	Regular	MP	notMinister	SDP	Socijaldemokratska partija Hrvatske	Opposition	Centre-left	KozlevacDino	Kozlevac, Dino	M	1960	
ParlaMint-HR-en_2008-02-27-0	ParlaMint-HR_2008-02-27-0.u1984	Minutes of the National Assembly of the Republic of Croatia, Term 6, Session 3	2008-02-27	Unicameralism	6. mandat	-	Zasedanje 3	2008-03-28	-	Reference	English	Chairperson	MP	notMinister	HDZ	Hrvatska demokratska zajednica	Opposition	Centre-right	ŠeksVladimir	Šeks, Vladimir	M	1943	
ParlaMint-HR-en_2008-02-27-0	ParlaMint-HR_2008-02-27-0.u1985	Minutes of the National Assembly of the Republic of Croatia, Term 6, Session 3	2008-02-27	Unicameralism	6. mandat	-	Zasedanje 3	2008-03-28	-	Reference	English	Regular	MP	notMinister	HDZ	Hrvatska demokratska zajednica	Opposition	Centre-right	PolančecDamir	Polančec, Damir	M	1967	
ParlaMint-HR-en_2008-02-27-0	ParlaMint-HR_2008-02-27-0.u1986	Minutes of the National Assembly of the Republic of Croatia, Term 6, Session 3	2008-02-27	Unicameralism	6. mandat	-	Zasedanje 3	2008-03-28	-	Reference	English	Chairperson	MP	notMinister	HDZ	Hrvatska demokratska zajednica	Opposition	Centre-right	ŠeksVladimir	Šeks, Vladimir	M	1943	
ParlaMint-HR-en_2008-02-27-0	ParlaMint-HR_2008-02-27-0.u1987	Minutes of the National Assembly of the Republic of Croatia, Term 6, Session 3	2008-02-27	Unicameralism	6. mandat	-	Zasedanje 3	2008-03-28	-	Reference	English	Regular	MP	notMinister	SDP	Socijaldemokratska partija Hrvatske	Opposition	Centre-left	KozlevacDino	Kozlevac, Dino	M	1960	
ParlaMint-HR-en_2008-02-27-0	ParlaMint-HR_2008-02-27-0.u1988	Minutes of the National Assembly of the Republic of Croatia, Term 6, Session 3	2008-02-27	Unicameralism	6. mandat	-	Zasedanje 3	2008-03-28	-	Reference	English	Chairperson	MP	notMinister	HDZ	Hrvatska demokratska zajednica	Opposition	Centre-right	ŠeksVladimir	Šeks, Vladimir	M	1943	
ParlaMint-HR-en_2008-02-27-0	ParlaMint-HR_2008-02-27-0.u1989	Minutes of the National Assembly of the Republic of Croatia, Term 6, Session 3	2008-02-27	Unicameralism	6. mandat	-	Zasedanje 3	2008-03-28	-	Reference	English	Regular	MP	notMinister	HDZ	Hrvatska demokratska zajednica	Opposition	Centre-right	PolančecDamir	Polančec, Damir	M	1967	
ParlaMint-HR-en_2008-02-27-0	ParlaMint-HR_2008-02-27-0.u1990	Minutes of the National Assembly of the Republic of Croatia, Term 6, Session 3	2008-02-27	Unicameralism	6. mandat	-	Zasedanje 3	2008-03-28	-	Reference	English	Chairperson	MP	notMinister	HDZ	Hrvatska demokratska zajednica	Opposition	Centre-right	ŠeksVladimir	Šeks, Vladimir	M	1943	
ParlaMint-HR-en_2008-02-27-0	ParlaMint-HR_2008-02-27-0.u1991	Minutes of the National Assembly of the Republic of Croatia, Term 6, Session 3	2008-02-27	Unicameralism	6. mandat	-	Zasedanje 3	2008-03-28	-	Reference	English	Regular	MP	notMinister	SDP	Socijaldemokratska partija Hrvatske	Opposition	Centre-left	KozlevacDino	Kozlevac, Dino	M	1960	
ParlaMint-HR-en_2008-02-27-0	ParlaMint-HR_2008-02-27-0.u1992	Minutes of the National Assembly of the Republic of Croatia, Term 6, Session 3	2008-02-27	Unicameralism	6. mandat	-	Zasedanje 3	2008-03-28	-	Reference	English	Chairperson	MP	notMinister	HDZ	Hrvatska demokratska zajednica	Opposition	Centre-right	ŠeksVladimir	Šeks, Vladimir	M	1943	
ParlaMint-HR-en_2008-02-27-0	ParlaMint-HR_2008-02-27-0.u1993	Minutes of the National Assembly of the Republic of Croatia, Term 6, Session 3	2008-02-27	Unicameralism	6. mandat	-	Zasedanje 3	2008-03-28	-	Reference	English	Regular	MP	notMinister	HDZ	Hrvatska demokratska zajednica	Opposition	Centre-right	PolančecDamir	Polančec, Damir	M	1967	
ParlaMint-HR-en_2008-02-27-0	ParlaMint-HR_2008-02-27-0.u1994	Minutes of the National Assembly of the Republic of Croatia, Term 6, Session 3	2008-02-27	Unicameralism	6. mandat	-	Zasedanje 3	2008-03-28	-	Reference	English	Chairperson	MP	notMinister	HDZ	Hrvatska demokratska zajednica	Opposition	Centre-right	ŠeksVladimir	Šeks, Vladimir	M	1943	
ParlaMint-HR-en_2008-02-27-0	ParlaMint-HR_2008-02-27-0.u1995	Minutes of the National Assembly of the Republic of Croatia, Term 6, Session 3	2008-02-27	Unicameralism	6. mandat	-	Zasedanje 3	2008-03-28	-	Reference	English	Regular	MP	notMinister	SDP	Socijaldemokratska partija Hrvatske	Opposition	Centre-left	KozlevacDino	Kozlevac, Dino	M	1960	
ParlaMint-HR-en_2008-02-27-0	ParlaMint-HR_2008-02-27-0.u1996	Minutes of the National Assembly of the Republic of Croatia, Term 6, Session 3	2008-02-27	Unicameralism	6. mandat	-	Zasedanje 3	2008-03-28	-	Reference	English	Chairperson	MP	notMinister	HDZ	Hrvatska demokratska zajednica	Opposition	Centre-right	ŠeksVladimir	Šeks, Vladimir	M	1943	
ParlaMint-HR-en_2008-02-27-0	ParlaMint-HR_2008-02-27-0.u1997	Minutes of the National Assembly of the Republic of Croatia, Term 6, Session 3	2008-02-27	Unicameralism	6. mandat	-	Zasedanje 3	2008-03-28	-	Reference	English	Regular	MP	notMinister	HDZ	Hrvatska demokratska zajednica	Opposition	Centre-right	PolančecDamir	Polančec, Damir	M	1967	
ParlaMint-HR-en_2008-02-27-0	ParlaMint-HR_2008-02-27-0.u1998	Minutes of the National Assembly of the Republic of Croatia, Term 6, Session 3	2008-02-27	Unicameralism	6. mandat	-	Zasedanje 3	2008-03-28	-	Reference	English	Chairperson	MP	notMinister	HDZ	Hrvatska demokratska zajednica	Opposition	Centre-right	ŠeksVladimir	Šeks, Vladimir	M	1943	
ParlaMint-HR-en_2008-02-27-0	ParlaMint-HR_2008-02-27-0.u1999	Minutes of the National Assembly of the Republic of Croatia, Term 6, Session 3	2008-02-27	Unicameralism	6. mandat	-	Zasedanje 3	2008-03-28	-	Reference	English	Regular	MP	notMinister	SDP	Socijaldemokratska partija Hrvatske	Opposition	Centre-left	StazićNenad	Stazić, Nenad	M	1957	
ParlaMint-HR-en_2008-02-27-0	ParlaMint-HR_2008-02-27-0.u2000	Minutes of the National Assembly of the Republic of Croatia, Term 6, Session 3	2008-02-27	Unicameralism	6. mandat	-	Zasedanje 3	2008-03-28	-	Reference	English	Chairperson	MP	notMinister	HDZ	Hrvatska demokratska zajednica	Opposition	Centre-right	ŠeksVladimir	Šeks, Vladimir	M	1943	
ParlaMint-HR-en_2008-02-27-0	ParlaMint-HR_2008-02-27-0.u2001	Minutes of the National Assembly of the Republic of Croatia, Term 6, Session 3	2008-02-27	Unicameralism	6. mandat	-	Zasedanje 3	2008-03-28	-	Reference	English	Regular	MP	notMinister	HDZ	Hrvatska demokratska zajednica	Opposition	Centre-right	PolančecDamir	Polančec, Damir	M	1967	
ParlaMint-HR-en_2008-02-27-0	ParlaMint-HR_2008-02-27-0.u2002	Minutes of the National Assembly of the Republic of Croatia, Term 6, Session 3	2008-02-27	Unicameralism	6. mandat	-	Zasedanje 3	2008-03-28	-	Reference	English	Chairperson	MP	notMinister	HDZ	Hrvatska demokratska zajednica	Opposition	Centre-right	ŠeksVladimir	Šeks, Vladimir	M	1943	
ParlaMint-HR-en_2008-02-27-0	ParlaMint-HR_2008-02-27-0.u2003	Minutes of the National Assembly of the Republic of Croatia, Term 6, Session 3	2008-02-27	Unicameralism	6. mandat	-	Zasedanje 3	2008-03-28	-	Reference	English	Regular	MP	notMinister	IDS	Istarski demokratski sabor	Opposition	Centre to centre-left	MiletićBoris	Miletić, Boris	M	1975	
ParlaMint-HR-en_2008-02-27-0	ParlaMint-HR_2008-02-27-0.u2004	Minutes of the National Assembly of the Republic of Croatia, Term 6, Session 3	2008-02-27	Unicameralism	6. mandat	-	Zasedanje 3	2008-03-28	-	Reference	English	Chairperson	MP	notMinister	HDZ	Hrvatska demokratska zajednica	Opposition	Centre-right	ŠeksVladimir	Šeks, Vladimir	M	1943	
ParlaMint-HR-en_2008-02-27-0	ParlaMint-HR_2008-02-27-0.u2005	Minutes of the National Assembly of the Republic of Croatia, Term 6, Session 3	2008-02-27	Unicameralism	6. mandat	-	Zasedanje 3	2008-03-28	-	Reference	English	Regular	MP	notMinister	HDZ	Hrvatska demokratska zajednica	Opposition	Centre-right	PolančecDamir	Polančec, Damir	M	1967	
ParlaMint-HR-en_2008-02-27-0	ParlaMint-HR_2008-02-27-0.u2006	Minutes of the National Assembly of the Republic of Croatia, Term 6, Session 3	2008-02-27	Unicameralism	6. mandat	-	Zasedanje 3	2008-03-28	-	Reference	English	Chairperson	MP	notMinister	HDZ	Hrvatska demokratska zajednica	Opposition	Centre-right	ŠeksVladimir	Šeks, Vladimir	M	1943	
ParlaMint-HR-en_2008-02-27-0	ParlaMint-HR_2008-02-27-0.u2007	Minutes of the National Assembly of the Republic of Croatia, Term 6, Session 3	2008-02-27	Unicameralism	6. mandat	-	Zasedanje 3	2008-03-28	-	Reference	English	Regular	MP	notMinister	SDP	Socijaldemokratska partija Hrvatske	Opposition	Centre-left	BernardićDavor	Bernardić, Davor	M	1980	
ParlaMint-HR-en_2008-02-27-0	ParlaMint-HR_2008-02-27-0.u2008	Minutes of the National Assembly of the Republic of Croatia, Term 6, Session 3	2008-02-27	Unicameralism	6. mandat	-	Zasedanje 3	2008-03-28	-	Reference	English	Chairperson	MP	notMinister	HDZ	Hrvatska demokratska zajednica	Opposition	Centre-right	ŠeksVladimir	Šeks, Vladimir	M	1943	
ParlaMint-HR-en_2008-02-27-0	ParlaMint-HR_2008-02-27-0.u2009	Minutes of the National Assembly of the Republic of Croatia, Term 6, Session 3	2008-02-27	Unicameralism	6. mandat	-	Zasedanje 3	2008-03-28	-	Reference	English	Regular	MP	notMinister	HDZ	Hrvatska demokratska zajednica	Opposition	Centre-right	PolančecDamir	Polančec, Damir	M	1967	
ParlaMint-HR-en_2008-02-27-0	ParlaMint-HR_2008-02-27-0.u2010	Minutes of the National Assembly of the Republic of Croatia, Term 6, Session 3	2008-02-27	Unicameralism	6. mandat	-	Zasedanje 3	2008-03-28	-	Reference	English	Chairperson	MP	notMinister	HDZ	Hrvatska demokratska zajednica	Opposition	Centre-right	ŠeksVladimir	Šeks, Vladimir	M	1943	
ParlaMint-HR-en_2008-02-27-0	ParlaMint-HR_2008-02-27-0.u2011	Minutes of the National Assembly of the Republic of Croatia, Term 6, Session 3	2008-02-27	Unicameralism	6. mandat	-	Zasedanje 3	2008-03-28	-	Reference	English	Regular	MP	notMinister	SDP	Socijaldemokratska partija Hrvatske	Opposition	Centre-left	BernardićDavor	Bernardić, Davor	M	1980	
ParlaMint-HR-en_2008-02-27-0	ParlaMint-HR_2008-02-27-0.u2012	Minutes of the National Assembly of the Republic of Croatia, Term 6, Session 3	2008-02-27	Unicameralism	6. mandat	-	Zasedanje 3	2008-03-28	-	Reference	English	Chairperson	MP	notMinister	HDZ	Hrvatska demokratska zajednica	Opposition	Centre-right	ŠeksVladimir	Šeks, Vladimir	M	1943	
ParlaMint-HR-en_2008-02-27-0	ParlaMint-HR_2008-02-27-0.u2013	Minutes of the National Assembly of the Republic of Croatia, Term 6, Session 3	2008-02-27	Unicameralism	6. mandat	-	Zasedanje 3	2008-03-28	-	Reference	English	Regular	MP	notMinister	HDZ	Hrvatska demokratska zajednica	Opposition	Centre-right	PolančecDamir	Polančec, Damir	M	1967	
ParlaMint-HR-en_2008-02-27-0	ParlaMint-HR_2008-02-27-0.u2014	Minutes of the National Assembly of the Republic of Croatia, Term 6, Session 3	2008-02-27	Unicameralism	6. mandat	-	Zasedanje 3	2008-03-28	-	Reference	English	Chairperson	MP	notMinister	HDZ	Hrvatska demokratska zajednica	Opposition	Centre-right	ŠeksVladimir	Šeks, Vladimir	M	1943	
ParlaMint-HR-en_2008-02-27-0	ParlaMint-HR_2008-02-27-0.u2015	Minutes of the National Assembly of the Republic of Croatia, Term 6, Session 3	2008-02-27	Unicameralism	6. mandat	-	Zasedanje 3	2008-03-28	-	Reference	English	Regular	MP	notMinister	IDS	Istarski demokratski sabor	Opposition	Centre to centre-left	MiletićBoris	Miletić, Boris	M	1975	
ParlaMint-HR-en_2008-02-27-0	ParlaMint-HR_2008-02-27-0.u2016	Minutes of the National Assembly of the Republic of Croatia, Term 6, Session 3	2008-02-27	Unicameralism	6. mandat	-	Zasedanje 3	2008-03-28	-	Reference	English	Chairperson	MP	notMinister	HDZ	Hrvatska demokratska zajednica	Opposition	Centre-right	ŠeksVladimir	Šeks, Vladimir	M	1943	
ParlaMint-HR-en_2008-02-27-0	ParlaMint-HR_2008-02-27-0.u2017	Minutes of the National Assembly of the Republic of Croatia, Term 6, Session 3	2008-02-27	Unicameralism	6. mandat	-	Zasedanje 3	2008-03-28	-	Reference	English	Regular	MP	notMinister	HDZ	Hrvatska demokratska zajednica	Opposition	Centre-right	PolančecDamir	Polančec, Damir	M	1967	
ParlaMint-HR-en_2008-02-27-0	ParlaMint-HR_2008-02-27-0.u2018	Minutes of the National Assembly of the Republic of Croatia, Term 6, Session 3	2008-02-27	Unicameralism	6. mandat	-	Zasedanje 3	2008-03-28	-	Reference	English	Chairperson	MP	notMinister	HDZ	Hrvatska demokratska zajednica	Opposition	Centre-right	ŠeksVladimir	Šeks, Vladimir	M	1943	
ParlaMint-HR-en_2008-02-27-0	ParlaMint-HR_2008-02-27-0.u2019	Minutes of the National Assembly of the Republic of Croatia, Term 6, Session 3	2008-02-27	Unicameralism	6. mandat	-	Zasedanje 3	2008-03-28	-	Reference	English	Regular	MP	notMinister	IDS	Istarski demokratski sabor	Opposition	Centre to centre-left	MiletićBoris	Miletić, Boris	M	1975	
ParlaMint-HR-en_2008-02-27-0	ParlaMint-HR_2008-02-27-0.u2020	Minutes of the National Assembly of the Republic of Croatia, Term 6, Session 3	2008-02-27	Unicameralism	6. mandat	-	Zasedanje 3	2008-03-28	-	Reference	English	Chairperson	MP	notMinister	HDZ	Hrvatska demokratska zajednica	Opposition	Centre-right	ŠeksVladimir	Šeks, Vladimir	M	1943	
ParlaMint-HR-en_2008-02-27-0	ParlaMint-HR_2008-02-27-0.u2021	Minutes of the National Assembly of the Republic of Croatia, Term 6, Session 3	2008-02-27	Unicameralism	6. mandat	-	Zasedanje 3	2008-03-28	-	Reference	English	Regular	MP	notMinister	HDZ	Hrvatska demokratska zajednica	Opposition	Centre-right	PolančecDamir	Polančec, Damir	M	1967	
ParlaMint-HR-en_2008-02-27-0	ParlaMint-HR_2008-02-27-0.u2022	Minutes of the National Assembly of the Republic of Croatia, Term 6, Session 3	2008-02-27	Unicameralism	6. mandat	-	Zasedanje 3	2008-03-28	-	Reference	English	Chairperson	MP	notMinister	HDZ	Hrvatska demokratska zajednica	Opposition	Centre-right	ŠeksVladimir	Šeks, Vladimir	M	1943	
ParlaMint-HR-en_2008-02-27-0	ParlaMint-HR_2008-02-27-0.u2023	Minutes of the National Assembly of the Republic of Croatia, Term 6, Session 3	2008-02-27	Unicameralism	6. mandat	-	Zasedanje 3	2008-03-28	-	Reference	English	Regular	MP	notMinister	SDP	Socijaldemokratska partija Hrvatske	Opposition	Centre-left	LugarićMarija	Lugarić, Marija	F	1978	
ParlaMint-HR-en_2008-02-27-0	ParlaMint-HR_2008-02-27-0.u2024	Minutes of the National Assembly of the Republic of Croatia, Term 6, Session 3	2008-02-27	Unicameralism	6. mandat	-	Zasedanje 3	2008-03-28	-	Reference	English	Chairperson	MP	notMinister	HDZ	Hrvatska demokratska zajednica	Opposition	Centre-right	ŠeksVladimir	Šeks, Vladimir	M	1943	
ParlaMint-HR-en_2008-02-27-0	ParlaMint-HR_2008-02-27-0.u2025	Minutes of the National Assembly of the Republic of Croatia, Term 6, Session 3	2008-02-27	Unicameralism	6. mandat	-	Zasedanje 3	2008-03-28	-	Reference	English	Regular	MP	notMinister	HDZ	Hrvatska demokratska zajednica	Opposition	Centre-right	PolančecDamir	Polančec, Damir	M	1967	
ParlaMint-HR-en_2008-02-27-0	ParlaMint-HR_2008-02-27-0.u2026	Minutes of the National Assembly of the Republic of Croatia, Term 6, Session 3	2008-02-27	Unicameralism	6. mandat	-	Zasedanje 3	2008-03-28	-	Reference	English	Chairperson	MP	notMinister	HDZ	Hrvatska demokratska zajednica	Opposition	Centre-right	ŠeksVladimir	Šeks, Vladimir	M	1943	
ParlaMint-HR-en_2008-02-27-0	ParlaMint-HR_2008-02-27-0.u2027	Minutes of the National Assembly of the Republic of Croatia, Term 6, Session 3	2008-02-27	Unicameralism	6. mandat	-	Zasedanje 3	2008-03-28	-	Reference	English	Regular	MP	notMinister	SDP	Socijaldemokratska partija Hrvatske	Opposition	Centre-left	SobolGordana	Sobol, Gordana	F	1961	
ParlaMint-HR-en_2008-02-27-0	ParlaMint-HR_2008-02-27-0.u2028	Minutes of the National Assembly of the Republic of Croatia, Term 6, Session 3	2008-02-27	Unicameralism	6. mandat	-	Zasedanje 3	2008-03-28	-	Reference	English	Chairperson	MP	notMinister	HDZ	Hrvatska demokratska zajednica	Opposition	Centre-right	ŠeksVladimir	Šeks, Vladimir	M	1943	
ParlaMint-HR-en_2008-02-27-0	ParlaMint-HR_2008-02-27-0.u2029	Minutes of the National Assembly of the Republic of Croatia, Term 6, Session 3	2008-02-27	Unicameralism	6. mandat	-	Zasedanje 3	2008-03-28	-	Reference	English	Regular	MP	notMinister	HDZ	Hrvatska demokratska zajednica	Opposition	Centre-right	PolančecDamir	Polančec, Damir	M	1967	
ParlaMint-HR-en_2008-02-27-0	ParlaMint-HR_2008-02-27-0.u2030	Minutes of the National Assembly of the Republic of Croatia, Term 6, Session 3	2008-02-27	Unicameralism	6. mandat	-	Zasedanje 3	2008-03-28	-	Reference	English	Chairperson	MP	notMinister	HDZ	Hrvatska demokratska zajednica	Opposition	Centre-right	ŠeksVladimir	Šeks, Vladimir	M	1943	
ParlaMint-HR-en_2008-02-27-0	ParlaMint-HR_2008-02-27-0.u2031	Minutes of the National Assembly of the Republic of Croatia, Term 6, Session 3	2008-02-27	Unicameralism	6. mandat	-	Zasedanje 3	2008-03-28	-	Reference	English	Regular	MP	notMinister	SDP	Socijaldemokratska partija Hrvatske	Opposition	Centre-left	BernardićDavor	Bernardić, Davor	M	1980	
ParlaMint-HR-en_2008-02-27-0	ParlaMint-HR_2008-02-27-0.u2032	Minutes of the National Assembly of the Republic of Croatia, Term 6, Session 3	2008-02-27	Unicameralism	6. mandat	-	Zasedanje 3	2008-03-28	-	Reference	English	Chairperson	MP	notMinister	HDZ	Hrvatska demokratska zajednica	Opposition	Centre-right	ŠeksVladimir	Šeks, Vladimir	M	1943	
ParlaMint-HR-en_2008-02-27-0	ParlaMint-HR_2008-02-27-0.u2033	Minutes of the National Assembly of the Republic of Croatia, Term 6, Session 3	2008-02-27	Unicameralism	6. mandat	-	Zasedanje 3	2008-03-28	-	Reference	English	Regular	MP	notMinister	HDZ	Hrvatska demokratska zajednica	Opposition	Centre-right	PolančecDamir	Polančec, Damir	M	1967	
ParlaMint-HR-en_2008-02-27-0	ParlaMint-HR_2008-02-27-0.u2034	Minutes of the National Assembly of the Republic of Croatia, Term 6, Session 3	2008-02-27	Unicameralism	6. mandat	-	Zasedanje 3	2008-03-28	-	Reference	English	Chairperson	MP	notMinister	HDZ	Hrvatska demokratska zajednica	Opposition	Centre-right	ŠeksVladimir	Šeks, Vladimir	M	1943	
ParlaMint-HR-en_2008-02-27-0	ParlaMint-HR_2008-02-27-0.u2035	Minutes of the National Assembly of the Republic of Croatia, Term 6, Session 3	2008-02-27	Unicameralism	6. mandat	-	Zasedanje 3	2008-03-28	-	Reference	English	Regular	MP	notMinister	SDP	Socijaldemokratska partija Hrvatske	Opposition	Centre-left	BernardićDavor	Bernardić, Davor	M	1980	
ParlaMint-HR-en_2008-02-27-0	ParlaMint-HR_2008-02-27-0.u2036	Minutes of the National Assembly of the Republic of Croatia, Term 6, Session 3	2008-02-27	Unicameralism	6. mandat	-	Zasedanje 3	2008-03-28	-	Reference	English	Chairperson	MP	notMinister	HDZ	Hrvatska demokratska zajednica	Opposition	Centre-right	ŠeksVladimir	Šeks, Vladimir	M	1943	
ParlaMint-HR-en_2008-02-27-0	ParlaMint-HR_2008-02-27-0.u2037	Minutes of the National Assembly of the Republic of Croatia, Term 6, Session 3	2008-02-27	Unicameralism	6. mandat	-	Zasedanje 3	2008-03-28	-	Reference	English	Regular	MP	notMinister	HDZ	Hrvatska demokratska zajednica	Opposition	Centre-right	PolančecDamir	Polančec, Damir	M	1967	
ParlaMint-HR-en_2008-02-27-0	ParlaMint-HR_2008-02-27-0.u2038	Minutes of the National Assembly of the Republic of Croatia, Term 6, Session 3	2008-02-27	Unicameralism	6. mandat	-	Zasedanje 3	2008-03-28	-	Reference	English	Chairperson	MP	notMinister	HDZ	Hrvatska demokratska zajednica	Opposition	Centre-right	ŠeksVladimir	Šeks, Vladimir	M	1943	
ParlaMint-HR-en_2008-02-27-0	ParlaMint-HR_2008-02-27-0.u2039	Minutes of the National Assembly of the Republic of Croatia, Term 6, Session 3	2008-02-27	Unicameralism	6. mandat	-	Zasedanje 3	2008-03-28	-	Reference	English	Regular	MP	notMinister	SDP	Socijaldemokratska partija Hrvatske	Opposition	Centre-left	MarasGordan	Maras, Gordan	M	1974	
ParlaMint-HR-en_2008-02-27-0	ParlaMint-HR_2008-02-27-0.u2040	Minutes of the National Assembly of the Republic of Croatia, Term 6, Session 3	2008-02-27	Unicameralism	6. mandat	-	Zasedanje 3	2008-03-28	-	Reference	English	Chairperson	MP	notMinister	HDZ	Hrvatska demokratska zajednica	Opposition	Centre-right	ŠeksVladimir	Šeks, Vladimir	M	1943	
ParlaMint-HR-en_2008-02-27-0	ParlaMint-HR_2008-02-27-0.u2041	Minutes of the National Assembly of the Republic of Croatia, Term 6, Session 3	2008-02-27	Unicameralism	6. mandat	-	Zasedanje 3	2008-03-28	-	Reference	English	Regular	MP	notMinister	HDZ	Hrvatska demokratska zajednica	Opposition	Centre-right	PolančecDamir	Polančec, Damir	M	1967	
ParlaMint-HR-en_2008-02-27-0	ParlaMint-HR_2008-02-27-0.u2042	Minutes of the National Assembly of the Republic of Croatia, Term 6, Session 3	2008-02-27	Unicameralism	6. mandat	-	Zasedanje 3	2008-03-28	-	Reference	English	Chairperson	MP	notMinister	HDZ	Hrvatska demokratska zajednica	Opposition	Centre-right	ŠeksVladimir	Šeks, Vladimir	M	1943	
ParlaMint-HR-en_2008-02-27-0	ParlaMint-HR_2008-02-27-0.u2043	Minutes of the National Assembly of the Republic of Croatia, Term 6, Session 3	2008-02-27	Unicameralism	6. mandat	-	Zasedanje 3	2008-03-28	-	Reference	English	Regular	MP	notMinister	SDP	Socijaldemokratska partija Hrvatske	Opposition	Centre-left	VidovićDavorko	Vidović, Davorko	M	1956	
ParlaMint-HR-en_2008-02-27-0	ParlaMint-HR_2008-02-27-0.u2044	Minutes of the National Assembly of the Republic of Croatia, Term 6, Session 3	2008-02-27	Unicameralism	6. mandat	-	Zasedanje 3	2008-03-28	-	Reference	English	Chairperson	MP	notMinister	HDZ	Hrvatska demokratska zajednica	Opposition	Centre-right	ŠeksVladimir	Šeks, Vladimir	M	1943	
ParlaMint-HR-en_2008-02-27-0	ParlaMint-HR_2008-02-27-0.u2045	Minutes of the National Assembly of the Republic of Croatia, Term 6, Session 3	2008-02-27	Unicameralism	6. mandat	-	Zasedanje 3	2008-03-28	-	Reference	English	Regular	MP	notMinister	HDZ	Hrvatska demokratska zajednica	Opposition	Centre-right	PolančecDamir	Polančec, Damir	M	1967	
ParlaMint-HR-en_2008-02-27-0	ParlaMint-HR_2008-02-27-0.u2046	Minutes of the National Assembly of the Republic of Croatia, Term 6, Session 3	2008-02-27	Unicameralism	6. mandat	-	Zasedanje 3	2008-03-28	-	Reference	English	Chairperson	MP	notMinister	HDZ	Hrvatska demokratska zajednica	Opposition	Centre-right	ŠeksVladimir	Šeks, Vladimir	M	1943	
ParlaMint-HR-en_2008-02-27-0	ParlaMint-HR_2008-02-27-0.u2047	Minutes of the National Assembly of the Republic of Croatia, Term 6, Session 3	2008-02-27	Unicameralism	6. mandat	-	Zasedanje 3	2008-03-28	-	Reference	English	Regular	MP	notMinister	SDP	Socijaldemokratska partija Hrvatske	Opposition	Centre-left	LugarićMarija	Lugarić, Marija	F	1978	
ParlaMint-HR-en_2008-02-27-0	ParlaMint-HR_2008-02-27-0.u2048	Minutes of the National Assembly of the Republic of Croatia, Term 6, Session 3	2008-02-27	Unicameralism	6. mandat	-	Zasedanje 3	2008-03-28	-	Reference	English	Chairperson	MP	notMinister	HDZ	Hrvatska demokratska zajednica	Opposition	Centre-right	ŠeksVladimir	Šeks, Vladimir	M	1943	
ParlaMint-HR-en_2008-02-27-0	ParlaMint-HR_2008-02-27-0.u2049	Minutes of the National Assembly of the Republic of Croatia, Term 6, Session 3	2008-02-27	Unicameralism	6. mandat	-	Zasedanje 3	2008-03-28	-	Reference	English	Regular	MP	notMinister	HDZ	Hrvatska demokratska zajednica	Opposition	Centre-right	PolančecDamir	Polančec, Damir	M	1967	
ParlaMint-HR-en_2008-02-27-0	ParlaMint-HR_2008-02-27-0.u2050	Minutes of the National Assembly of the Republic of Croatia, Term 6, Session 3	2008-02-27	Unicameralism	6. mandat	-	Zasedanje 3	2008-03-28	-	Reference	English	Chairperson	MP	notMinister	HDZ	Hrvatska demokratska zajednica	Opposition	Centre-right	ŠeksVladimir	Šeks, Vladimir	M	1943	
ParlaMint-HR-en_2008-02-27-0	ParlaMint-HR_2008-02-27-0.u2051	Minutes of the National Assembly of the Republic of Croatia, Term 6, Session 3	2008-02-27	Unicameralism	6. mandat	-	Zasedanje 3	2008-03-28	-	Reference	English	Regular	MP	notMinister	SDP	Socijaldemokratska partija Hrvatske	Opposition	Centre-left	LugarićMarija	Lugarić, Marija	F	1978	
ParlaMint-HR-en_2008-02-27-0	ParlaMint-HR_2008-02-27-0.u2052	Minutes of the National Assembly of the Republic of Croatia, Term 6, Session 3	2008-02-27	Unicameralism	6. mandat	-	Zasedanje 3	2008-03-28	-	Reference	English	Chairperson	MP	notMinister	HDZ	Hrvatska demokratska zajednica	Opposition	Centre-right	ŠeksVladimir	Šeks, Vladimir	M	1943	
ParlaMint-HR-en_2008-02-27-0	ParlaMint-HR_2008-02-27-0.u2053	Minutes of the National Assembly of the Republic of Croatia, Term 6, Session 3	2008-02-27	Unicameralism	6. mandat	-	Zasedanje 3	2008-03-28	-	Reference	English	Regular	MP	notMinister	HDZ	Hrvatska demokratska zajednica	Opposition	Centre-right	BiškupićBožo	Biškupić, Božo	M	1938	
ParlaMint-HR-en_2008-02-27-0	ParlaMint-HR_2008-02-27-0.u2054	Minutes of the National Assembly of the Republic of Croatia, Term 6, Session 3	2008-02-27	Unicameralism	6. mandat	-	Zasedanje 3	2008-03-28	-	Reference	English	Chairperson	MP	notMinister	HDZ	Hrvatska demokratska zajednica	Opposition	Centre-right	ŠeksVladimir	Šeks, Vladimir	M	1943	
ParlaMint-HR-en_2008-02-27-0	ParlaMint-HR_2008-02-27-0.u2055	Minutes of the National Assembly of the Republic of Croatia, Term 6, Session 3	2008-02-27	Unicameralism	6. mandat	-	Zasedanje 3	2008-03-28	-	Reference	English	Regular	MP	notMinister	SDP	Socijaldemokratska partija Hrvatske	Opposition	Centre-left	HabekMario	Habek, Mario	M	1972	
ParlaMint-HR-en_2008-02-27-0	ParlaMint-HR_2008-02-27-0.u2056	Minutes of the National Assembly of the Republic of Croatia, Term 6, Session 3	2008-02-27	Unicameralism	6. mandat	-	Zasedanje 3	2008-03-28	-	Reference	English	Chairperson	MP	notMinister	HDZ	Hrvatska demokratska zajednica	Opposition	Centre-right	ŠeksVladimir	Šeks, Vladimir	M	1943	
ParlaMint-HR-en_2008-02-27-0	ParlaMint-HR_2008-02-27-0.u2057	Minutes of the National Assembly of the Republic of Croatia, Term 6, Session 3	2008-02-27	Unicameralism	6. mandat	-	Zasedanje 3	2008-03-28	-	Reference	English	Regular	MP	notMinister	HDZ	Hrvatska demokratska zajednica	Opposition	Centre-right	BiškupićBožo	Biškupić, Božo	M	1938	
ParlaMint-HR-en_2008-02-27-0	ParlaMint-HR_2008-02-27-0.u2058	Minutes of the National Assembly of the Republic of Croatia, Term 6, Session 3	2008-02-27	Unicameralism	6. mandat	-	Zasedanje 3	2008-03-28	-	Reference	English	Chairperson	MP	notMinister	HDZ	Hrvatska demokratska zajednica	Opposition	Centre-right	ŠeksVladimir	Šeks, Vladimir	M	1943	
ParlaMint-HR-en_2008-02-27-0	ParlaMint-HR_2008-02-27-0.u2059	Minutes of the National Assembly of the Republic of Croatia, Term 6, Session 3	2008-02-27	Unicameralism	6. mandat	-	Zasedanje 3	2008-03-28	-	Reference	English	Regular	MP	notMinister	HDSSB	Hrvatski demokratski savez Slavonije i Baranje	Opposition	Centre-right	VinkovićZoran	Vinković, Zoran	M	1966	
ParlaMint-HR-en_2008-02-27-0	ParlaMint-HR_2008-02-27-0.u2060	Minutes of the National Assembly of the Republic of Croatia, Term 6, Session 3	2008-02-27	Unicameralism	6. mandat	-	Zasedanje 3	2008-03-28	-	Reference	English	Chairperson	MP	notMinister	HDZ	Hrvatska demokratska zajednica	Opposition	Centre-right	ŠeksVladimir	Šeks, Vladimir	M	1943	
ParlaMint-HR-en_2008-02-27-0	ParlaMint-HR_2008-02-27-0.u2061	Minutes of the National Assembly of the Republic of Croatia, Term 6, Session 3	2008-02-27	Unicameralism	6. mandat	-	Zasedanje 3	2008-03-28	-	Reference	English	Regular	MP	notMinister	HDZ	Hrvatska demokratska zajednica	Opposition	Centre-right	BiškupićBožo	Biškupić, Božo	M	1938	
ParlaMint-HR-en_2008-02-27-0	ParlaMint-HR_2008-02-27-0.u2062	Minutes of the National Assembly of the Republic of Croatia, Term 6, Session 3	2008-02-27	Unicameralism	6. mandat	-	Zasedanje 3	2008-03-28	-	Reference	English	Chairperson	MP	notMinister	HDZ	Hrvatska demokratska zajednica	Opposition	Centre-right	ŠeksVladimir	Šeks, Vladimir	M	1943	
ParlaMint-HR-en_2008-02-27-0	ParlaMint-HR_2008-02-27-0.u2063	Minutes of the National Assembly of the Republic of Croatia, Term 6, Session 3	2008-02-27	Unicameralism	6. mandat	-	Zasedanje 3	2008-03-28	-	Reference	English	Regular	MP	notMinister	HDSSB	Hrvatski demokratski savez Slavonije i Baranje	Opposition	Centre-right	VinkovićZoran	Vinković, Zoran	M	1966	
ParlaMint-HR-en_2008-02-27-0	ParlaMint-HR_2008-02-27-0.u2064	Minutes of the National Assembly of the Republic of Croatia, Term 6, Session 3	2008-02-27	Unicameralism	6. mandat	-	Zasedanje 3	2008-03-28	-	Reference	English	Chairperson	MP	notMinister	HDZ	Hrvatska demokratska zajednica	Opposition	Centre-right	ŠeksVladimir	Šeks, Vladimir	M	1943	
ParlaMint-HR-en_2008-02-27-0	ParlaMint-HR_2008-02-27-0.u2065	Minutes of the National Assembly of the Republic of Croatia, Term 6, Session 3	2008-02-27	Unicameralism	6. mandat	-	Zasedanje 3	2008-03-28	-	Reference	English	Regular	MP	notMinister	HDZ	Hrvatska demokratska zajednica	Opposition	Centre-right	BiškupićBožo	Biškupić, Božo	M	1938	
ParlaMint-HR-en_2008-02-27-0	ParlaMint-HR_2008-02-27-0.u2066	Minutes of the National Assembly of the Republic of Croatia, Term 6, Session 3	2008-02-27	Unicameralism	6. mandat	-	Zasedanje 3	2008-03-28	-	Reference	English	Chairperson	MP	notMinister	HDZ	Hrvatska demokratska zajednica	Opposition	Centre-right	ŠeksVladimir	Šeks, Vladimir	M	1943	
ParlaMint-HR-en_2008-02-27-0	ParlaMint-HR_2008-02-27-0.u2067	Minutes of the National Assembly of the Republic of Croatia, Term 6, Session 3	2008-02-27	Unicameralism	6. mandat	-	Zasedanje 3	2008-03-28	-	Reference	English	Regular	MP	notMinister	SDP	Socijaldemokratska partija Hrvatske	Opposition	Centre-left	ŠimunovićSonja	Šimunović, Sonja	F	1978	
ParlaMint-HR-en_2008-02-27-0	ParlaMint-HR_2008-02-27-0.u2068	Minutes of the National Assembly of the Republic of Croatia, Term 6, Session 3	2008-02-27	Unicameralism	6. mandat	-	Zasedanje 3	2008-03-28	-	Reference	English	Chairperson	MP	notMinister	HDZ	Hrvatska demokratska zajednica	Opposition	Centre-right	ŠeksVladimir	Šeks, Vladimir	M	1943	
ParlaMint-HR-en_2008-02-27-0	ParlaMint-HR_2008-02-27-0.u2069	Minutes of the National Assembly of the Republic of Croatia, Term 6, Session 3	2008-02-27	Unicameralism	6. mandat	-	Zasedanje 3	2008-03-28	-	Reference	English	Regular	MP	notMinister	HDZ	Hrvatska demokratska zajednica	Opposition	Centre-right	BiškupićBožo	Biškupić, Božo	M	1938	
ParlaMint-HR-en_2008-02-27-0	ParlaMint-HR_2008-02-27-0.u2070	Minutes of the National Assembly of the Republic of Croatia, Term 6, Session 3	2008-02-27	Unicameralism	6. mandat	-	Zasedanje 3	2008-03-28	-	Reference	English	Chairperson	MP	notMinister	HDZ	Hrvatska demokratska zajednica	Opposition	Centre-right	ŠeksVladimir	Šeks, Vladimir	M	1943	
ParlaMint-HR-en_2008-02-27-0	ParlaMint-HR_2008-02-27-0.u2071	Minutes of the National Assembly of the Republic of Croatia, Term 6, Session 3	2008-02-27	Unicameralism	6. mandat	-	Zasedanje 3	2008-03-28	-	Reference	English	Regular	MP	notMinister	SDP	Socijaldemokratska partija Hrvatske	Opposition	Centre-left	JelašNadica	Jelaš, Nadica	F	1957	
ParlaMint-HR-en_2008-02-27-0	ParlaMint-HR_2008-02-27-0.u2072	Minutes of the National Assembly of the Republic of Croatia, Term 6, Session 3	2008-02-27	Unicameralism	6. mandat	-	Zasedanje 3	2008-03-28	-	Reference	English	Chairperson	MP	notMinister	HDZ	Hrvatska demokratska zajednica	Opposition	Centre-right	ŠeksVladimir	Šeks, Vladimir	M	1943	
ParlaMint-HR-en_2008-02-27-0	ParlaMint-HR_2008-02-27-0.u2073	Minutes of the National Assembly of the Republic of Croatia, Term 6, Session 3	2008-02-27	Unicameralism	6. mandat	-	Zasedanje 3	2008-03-28	-	Reference	English	Regular	MP	notMinister	HDZ	Hrvatska demokratska zajednica	Opposition	Centre-right	BiškupićBožo	Biškupić, Božo	M	1938	
ParlaMint-HR-en_2008-02-27-0	ParlaMint-HR_2008-02-27-0.u2074	Minutes of the National Assembly of the Republic of Croatia, Term 6, Session 3	2008-02-27	Unicameralism	6. mandat	-	Zasedanje 3	2008-03-28	-	Reference	English	Chairperson	MP	notMinister	HDZ	Hrvatska demokratska zajednica	Opposition	Centre-right	ŠeksVladimir	Šeks, Vladimir	M	1943	
ParlaMint-HR-en_2008-02-27-0	ParlaMint-HR_2008-02-27-0.u2075	Minutes of the National Assembly of the Republic of Croatia, Term 6, Session 3	2008-02-27	Unicameralism	6. mandat	-	Zasedanje 3	2008-03-28	-	Reference	English	Regular	MP	notMinister	SDP	Socijaldemokratska partija Hrvatske	Opposition	Centre-left	ZgrebecDragica	Zgrebec, Dragica	F	1950	
ParlaMint-HR-en_2008-02-27-0	ParlaMint-HR_2008-02-27-0.u2076	Minutes of the National Assembly of the Republic of Croatia, Term 6, Session 3	2008-02-27	Unicameralism	6. mandat	-	Zasedanje 3	2008-03-28	-	Reference	English	Chairperson	MP	notMinister	HDZ	Hrvatska demokratska zajednica	Opposition	Centre-right	ŠeksVladimir	Šeks, Vladimir	M	1943	
ParlaMint-HR-en_2008-02-27-0	ParlaMint-HR_2008-02-27-0.u2077	Minutes of the National Assembly of the Republic of Croatia, Term 6, Session 3	2008-02-27	Unicameralism	6. mandat	-	Zasedanje 3	2008-03-28	-	Reference	English	Regular	MP	notMinister	HDZ	Hrvatska demokratska zajednica	Opposition	Centre-right	BiškupićBožo	Biškupić, Božo	M	1938	
ParlaMint-HR-en_2008-02-27-0	ParlaMint-HR_2008-02-27-0.u2078	Minutes of the National Assembly of the Republic of Croatia, Term 6, Session 3	2008-02-27	Unicameralism	6. mandat	-	Zasedanje 3	2008-03-28	-	Reference	English	Chairperson	MP	notMinister	HDZ	Hrvatska demokratska zajednica	Opposition	Centre-right	ŠeksVladimir	Šeks, Vladimir	M	1943	
ParlaMint-HR-en_2008-02-27-0	ParlaMint-HR_2008-02-27-0.u2079	Minutes of the National Assembly of the Republic of Croatia, Term 6, Session 3	2008-02-27	Unicameralism	6. mandat	-	Zasedanje 3	2008-03-28	-	Reference	English	Regular	MP	notMinister	IDS	Istarski demokratski sabor	Opposition	Centre to centre-left	BrkarićMarin	Brkarić, Marin	M	1955	
ParlaMint-HR-en_2008-02-27-0	ParlaMint-HR_2008-02-27-0.u2080	Minutes of the National Assembly of the Republic of Croatia, Term 6, Session 3	2008-02-27	Unicameralism	6. mandat	-	Zasedanje 3	2008-03-28	-	Reference	English	Chairperson	MP	notMinister	HDZ	Hrvatska demokratska zajednica	Opposition	Centre-right	ŠeksVladimir	Šeks, Vladimir	M	1943	
ParlaMint-HR-en_2008-02-27-0	ParlaMint-HR_2008-02-27-0.u2081	Minutes of the National Assembly of the Republic of Croatia, Term 6, Session 3	2008-02-27	Unicameralism	6. mandat	-	Zasedanje 3	2008-03-28	-	Reference	English	Regular	MP	notMinister	HDZ	Hrvatska demokratska zajednica	Opposition	Centre-right	BiškupićBožo	Biškupić, Božo	M	1938	
ParlaMint-HR-en_2008-02-27-0	ParlaMint-HR_2008-02-27-0.u2082	Minutes of the National Assembly of the Republic of Croatia, Term 6, Session 3	2008-02-27	Unicameralism	6. mandat	-	Zasedanje 3	2008-03-28	-	Reference	English	Chairperson	MP	notMinister	HDZ	Hrvatska demokratska zajednica	Opposition	Centre-right	ŠeksVladimir	Šeks, Vladimir	M	1943	
ParlaMint-HR-en_2008-02-27-0	ParlaMint-HR_2008-02-27-0.u2083	Minutes of the National Assembly of the Republic of Croatia, Term 6, Session 3	2008-02-27	Unicameralism	6. mandat	-	Zasedanje 3	2008-03-28	-	Reference	English	Regular	MP	notMinister	IDS	Istarski demokratski sabor	Opposition	Centre to centre-left	BrkarićMarin	Brkarić, Marin	M	1955	
ParlaMint-HR-en_2008-02-27-0	ParlaMint-HR_2008-02-27-0.u2084	Minutes of the National Assembly of the Republic of Croatia, Term 6, Session 3	2008-02-27	Unicameralism	6. mandat	-	Zasedanje 3	2008-03-28	-	Reference	English	Chairperson	MP	notMinister	HDZ	Hrvatska demokratska zajednica	Opposition	Centre-right	ŠeksVladimir	Šeks, Vladimir	M	1943	
ParlaMint-HR-en_2008-02-27-0	ParlaMint-HR_2008-02-27-0.u2085	Minutes of the National Assembly of the Republic of Croatia, Term 6, Session 3	2008-02-27	Unicameralism	6. mandat	-	Zasedanje 3	2008-03-28	-	Reference	English	Regular	MP	notMinister	HDZ	Hrvatska demokratska zajednica	Opposition	Centre-right	BiškupićBožo	Biškupić, Božo	M	1938	
ParlaMint-HR-en_2008-02-27-0	ParlaMint-HR_2008-02-27-0.u2086	Minutes of the National Assembly of the Republic of Croatia, Term 6, Session 3	2008-02-27	Unicameralism	6. mandat	-	Zasedanje 3	2008-03-28	-	Reference	English	Chairperson	MP	notMinister	HDZ	Hrvatska demokratska zajednica	Opposition	Centre-right	ŠeksVladimir	Šeks, Vladimir	M	1943	
ParlaMint-HR-en_2008-02-27-0	ParlaMint-HR_2008-02-27-0.u2087	Minutes of the National Assembly of the Republic of Croatia, Term 6, Session 3	2008-02-27	Unicameralism	6. mandat	-	Zasedanje 3	2008-03-28	-	Reference	English	Regular	MP	notMinister	IDS	Istarski demokratski sabor	Opposition	Centre to centre-left	BrkarićMarin	Brkarić, Marin	M	1955	
ParlaMint-HR-en_2008-02-27-0	ParlaMint-HR_2008-02-27-0.u2088	Minutes of the National Assembly of the Republic of Croatia, Term 6, Session 3	2008-02-27	Unicameralism	6. mandat	-	Zasedanje 3	2008-03-28	-	Reference	English	Chairperson	MP	notMinister	HDZ	Hrvatska demokratska zajednica	Opposition	Centre-right	ŠeksVladimir	Šeks, Vladimir	M	1943	
ParlaMint-HR-en_2008-02-27-0	ParlaMint-HR_2008-02-27-0.u2089	Minutes of the National Assembly of the Republic of Croatia, Term 6, Session 3	2008-02-27	Unicameralism	6. mandat	-	Zasedanje 3	2008-03-28	-	Reference	English	Regular	MP	notMinister	HDZ	Hrvatska demokratska zajednica	Opposition	Centre-right	BiškupićBožo	Biškupić, Božo	M	1938	
ParlaMint-HR-en_2008-02-27-0	ParlaMint-HR_2008-02-27-0.u2090	Minutes of the National Assembly of the Republic of Croatia, Term 6, Session 3	2008-02-27	Unicameralism	6. mandat	-	Zasedanje 3	2008-03-28	-	Reference	English	Chairperson	MP	notMinister	HDZ	Hrvatska demokratska zajednica	Opposition	Centre-right	ŠeksVladimir	Šeks, Vladimir	M	1943	
ParlaMint-HR-en_2008-02-27-0	ParlaMint-HR_2008-02-27-0.u2091	Minutes of the National Assembly of the Republic of Croatia, Term 6, Session 3	2008-02-27	Unicameralism	6. mandat	-	Zasedanje 3	2008-03-28	-	Reference	English	Regular	MP	notMinister	IDS	Istarski demokratski sabor	Opposition	Centre to centre-left	MiletićBoris	Miletić, Boris	M	1975	
ParlaMint-HR-en_2008-02-27-0	ParlaMint-HR_2008-02-27-0.u2092	Minutes of the National Assembly of the Republic of Croatia, Term 6, Session 3	2008-02-27	Unicameralism	6. mandat	-	Zasedanje 3	2008-03-28	-	Reference	English	Chairperson	MP	notMinister	HDZ	Hrvatska demokratska zajednica	Opposition	Centre-right	ŠeksVladimir	Šeks, Vladimir	M	1943	
ParlaMint-HR-en_2008-02-27-0	ParlaMint-HR_2008-02-27-0.u2093	Minutes of the National Assembly of the Republic of Croatia, Term 6, Session 3	2008-02-27	Unicameralism	6. mandat	-	Zasedanje 3	2008-03-28	-	Reference	English	Regular	MP	notMinister	HDZ	Hrvatska demokratska zajednica	Opposition	Centre-right	BiškupićBožo	Biškupić, Božo	M	1938	
ParlaMint-HR-en_2008-02-27-0	ParlaMint-HR_2008-02-27-0.u2094	Minutes of the National Assembly of the Republic of Croatia, Term 6, Session 3	2008-02-27	Unicameralism	6. mandat	-	Zasedanje 3	2008-03-28	-	Reference	English	Chairperson	MP	notMinister	HDZ	Hrvatska demokratska zajednica	Opposition	Centre-right	ŠeksVladimir	Šeks, Vladimir	M	1943	
ParlaMint-HR-en_2008-02-27-0	ParlaMint-HR_2008-02-27-0.u2095	Minutes of the National Assembly of the Republic of Croatia, Term 6, Session 3	2008-02-27	Unicameralism	6. mandat	-	Zasedanje 3	2008-03-28	-	Reference	English	Regular	MP	notMinister	SDP	Socijaldemokratska partija Hrvatske	Opposition	Centre-left	HabekMario	Habek, Mario	M	1972	
ParlaMint-HR-en_2008-02-27-0	ParlaMint-HR_2008-02-27-0.u2096	Minutes of the National Assembly of the Republic of Croatia, Term 6, Session 3	2008-02-27	Unicameralism	6. mandat	-	Zasedanje 3	2008-03-28	-	Reference	English	Chairperson	MP	notMinister	HDZ	Hrvatska demokratska zajednica	Opposition	Centre-right	ŠeksVladimir	Šeks, Vladimir	M	1943	
ParlaMint-HR-en_2008-02-27-0	ParlaMint-HR_2008-02-27-0.u2097	Minutes of the National Assembly of the Republic of Croatia, Term 6, Session 3	2008-02-27	Unicameralism	6. mandat	-	Zasedanje 3	2008-03-28	-	Reference	English	Regular	MP	notMinister	HDZ	Hrvatska demokratska zajednica	Opposition	Centre-right	BiškupićBožo	Biškupić, Božo	M	1938	
ParlaMint-HR-en_2008-02-27-0	ParlaMint-HR_2008-02-27-0.u2098	Minutes of the National Assembly of the Republic of Croatia, Term 6, Session 3	2008-02-27	Unicameralism	6. mandat	-	Zasedanje 3	2008-03-28	-	Reference	English	Chairperson	MP	notMinister	HDZ	Hrvatska demokratska zajednica	Opposition	Centre-right	ŠeksVladimir	Šeks, Vladimir	M	1943	
ParlaMint-HR-en_2008-02-27-0	ParlaMint-HR_2008-02-27-0.u2099	Minutes of the National Assembly of the Republic of Croatia, Term 6, Session 3	2008-02-27	Unicameralism	6. mandat	-	Zasedanje 3	2008-03-28	-	Reference	English	Regular	MP	notMinister	SDP	Socijaldemokratska partija Hrvatske	Opposition	Centre-left	CrljenkoBrankica	Crljenko, Brankica	F	1965	
ParlaMint-HR-en_2008-02-27-0	ParlaMint-HR_2008-02-27-0.u2100	Minutes of the National Assembly of the Republic of Croatia, Term 6, Session 3	2008-02-27	Unicameralism	6. mandat	-	Zasedanje 3	2008-03-28	-	Reference	English	Chairperson	MP	notMinister	HDZ	Hrvatska demokratska zajednica	Opposition	Centre-right	ŠeksVladimir	Šeks, Vladimir	M	1943	
ParlaMint-HR-en_2008-02-27-0	ParlaMint-HR_2008-02-27-0.u2101	Minutes of the National Assembly of the Republic of Croatia, Term 6, Session 3	2008-02-27	Unicameralism	6. mandat	-	Zasedanje 3	2008-03-28	-	Reference	English	Regular	MP	notMinister	HDZ	Hrvatska demokratska zajednica	Opposition	Centre-right	BiškupićBožo	Biškupić, Božo	M	1938	
ParlaMint-HR-en_2008-02-27-0	ParlaMint-HR_2008-02-27-0.u2102	Minutes of the National Assembly of the Republic of Croatia, Term 6, Session 3	2008-02-27	Unicameralism	6. mandat	-	Zasedanje 3	2008-03-28	-	Reference	English	Chairperson	MP	notMinister	HDZ	Hrvatska demokratska zajednica	Opposition	Centre-right	ŠeksVladimir	Šeks, Vladimir	M	1943	
ParlaMint-HR-en_2008-02-27-0	ParlaMint-HR_2008-02-27-0.u2103	Minutes of the National Assembly of the Republic of Croatia, Term 6, Session 3	2008-02-27	Unicameralism	6. mandat	-	Zasedanje 3	2008-03-28	-	Reference	English	Regular	MP	notMinister	SDP	Socijaldemokratska partija Hrvatske	Opposition	Centre-left	DenonaLuka	Denona, Luka	M	1950	
ParlaMint-HR-en_2008-02-27-0	ParlaMint-HR_2008-02-27-0.u2104	Minutes of the National Assembly of the Republic of Croatia, Term 6, Session 3	2008-02-27	Unicameralism	6. mandat	-	Zasedanje 3	2008-03-28	-	Reference	English	Chairperson	MP	notMinister	HDZ	Hrvatska demokratska zajednica	Opposition	Centre-right	ŠeksVladimir	Šeks, Vladimir	M	1943	
ParlaMint-HR-en_2008-02-27-0	ParlaMint-HR_2008-02-27-0.u2105	Minutes of the National Assembly of the Republic of Croatia, Term 6, Session 3	2008-02-27	Unicameralism	6. mandat	-	Zasedanje 3	2008-03-28	-	Reference	English	Regular	MP	notMinister	HDZ	Hrvatska demokratska zajednica	Opposition	Centre-right	BiškupićBožo	Biškupić, Božo	M	1938	
ParlaMint-HR-en_2008-02-27-0	ParlaMint-HR_2008-02-27-0.u2106	Minutes of the National Assembly of the Republic of Croatia, Term 6, Session 3	2008-02-27	Unicameralism	6. mandat	-	Zasedanje 3	2008-03-28	-	Reference	English	Chairperson	MP	notMinister	HDZ	Hrvatska demokratska zajednica	Opposition	Centre-right	ŠeksVladimir	Šeks, Vladimir	M	1943	
ParlaMint-HR-en_2008-02-27-0	ParlaMint-HR_2008-02-27-0.u2107	Minutes of the National Assembly of the Republic of Croatia, Term 6, Session 3	2008-02-27	Unicameralism	6. mandat	-	Zasedanje 3	2008-03-28	-	Reference	English	Regular	MP	notMinister	IDS	Istarski demokratski sabor	Opposition	Centre to centre-left	BrkarićMarin	Brkarić, Marin	M	1955	
ParlaMint-HR-en_2008-02-27-0	ParlaMint-HR_2008-02-27-0.u2108	Minutes of the National Assembly of the Republic of Croatia, Term 6, Session 3	2008-02-27	Unicameralism	6. mandat	-	Zasedanje 3	2008-03-28	-	Reference	English	Chairperson	MP	notMinister	HDZ	Hrvatska demokratska zajednica	Opposition	Centre-right	ŠeksVladimir	Šeks, Vladimir	M	1943	
ParlaMint-HR-en_2008-02-27-0	ParlaMint-HR_2008-02-27-0.u2109	Minutes of the National Assembly of the Republic of Croatia, Term 6, Session 3	2008-02-27	Unicameralism	6. mandat	-	Zasedanje 3	2008-03-28	-	Reference	English	Regular	MP	notMinister	HDZ	Hrvatska demokratska zajednica	Opposition	Centre-right	BiškupićBožo	Biškupić, Božo	M	1938	
ParlaMint-HR-en_2008-02-27-0	ParlaMint-HR_2008-02-27-0.u2110	Minutes of the National Assembly of the Republic of Croatia, Term 6, Session 3	2008-02-27	Unicameralism	6. mandat	-	Zasedanje 3	2008-03-28	-	Reference	English	Chairperson	MP	notMinister	HDZ	Hrvatska demokratska zajednica	Opposition	Centre-right	ŠeksVladimir	Šeks, Vladimir	M	1943	
ParlaMint-HR-en_2008-02-27-0	ParlaMint-HR_2008-02-27-0.u2111	Minutes of the National Assembly of the Republic of Croatia, Term 6, Session 3	2008-02-27	Unicameralism	6. mandat	-	Zasedanje 3	2008-03-28	-	Reference	English	Regular	MP	notMinister	SDP	Socijaldemokratska partija Hrvatske	Opposition	Centre-left	ŠimunovićSonja	Šimunović, Sonja	F	1978	
ParlaMint-HR-en_2008-02-27-0	ParlaMint-HR_2008-02-27-0.u2112	Minutes of the National Assembly of the Republic of Croatia, Term 6, Session 3	2008-02-27	Unicameralism	6. mandat	-	Zasedanje 3	2008-03-28	-	Reference	English	Chairperson	MP	notMinister	HDZ	Hrvatska demokratska zajednica	Opposition	Centre-right	ŠeksVladimir	Šeks, Vladimir	M	1943	
ParlaMint-HR-en_2008-02-27-0	ParlaMint-HR_2008-02-27-0.u2113	Minutes of the National Assembly of the Republic of Croatia, Term 6, Session 3	2008-02-27	Unicameralism	6. mandat	-	Zasedanje 3	2008-03-28	-	Reference	English	Regular	MP	notMinister	HDZ	Hrvatska demokratska zajednica	Opposition	Centre-right	BiškupićBožo	Biškupić, Božo	M	1938	
ParlaMint-HR-en_2008-02-27-0	ParlaMint-HR_2008-02-27-0.u2114	Minutes of the National Assembly of the Republic of Croatia, Term 6, Session 3	2008-02-27	Unicameralism	6. mandat	-	Zasedanje 3	2008-03-28	-	Reference	English	Chairperson	MP	notMinister	HDZ	Hrvatska demokratska zajednica	Opposition	Centre-right	ŠeksVladimir	Šeks, Vladimir	M	1943	
ParlaMint-HR-en_2008-02-27-0	ParlaMint-HR_2008-02-27-0.u2115	Minutes of the National Assembly of the Republic of Croatia, Term 6, Session 3	2008-02-27	Unicameralism	6. mandat	-	Zasedanje 3	2008-03-28	-	Reference	English	Regular	MP	notMinister	SDP	Socijaldemokratska partija Hrvatske	Opposition	Centre-left	ŠimunovićSonja	Šimunović, Sonja	F	1978	
ParlaMint-HR-en_2008-02-27-0	ParlaMint-HR_2008-02-27-0.u2116	Minutes of the National Assembly of the Republic of Croatia, Term 6, Session 3	2008-02-27	Unicameralism	6. mandat	-	Zasedanje 3	2008-03-28	-	Reference	English	Chairperson	MP	notMinister	HDZ	Hrvatska demokratska zajednica	Opposition	Centre-right	ŠeksVladimir	Šeks, Vladimir	M	1943	
ParlaMint-HR-en_2008-02-27-0	ParlaMint-HR_2008-02-27-0.u2117	Minutes of the National Assembly of the Republic of Croatia, Term 6, Session 3	2008-02-27	Unicameralism	6. mandat	-	Zasedanje 3	2008-03-28	-	Reference	English	Regular	MP	notMinister	SDP	Socijaldemokratska partija Hrvatske	Opposition	Centre-left	ŠimunovićSonja	Šimunović, Sonja	F	1978	
ParlaMint-HR-en_2008-02-27-0	ParlaMint-HR_2008-02-27-0.u2118	Minutes of the National Assembly of the Republic of Croatia, Term 6, Session 3	2008-02-27	Unicameralism	6. mandat	-	Zasedanje 3	2008-03-28	-	Reference	English	Chairperson	MP	notMinister	HDZ	Hrvatska demokratska zajednica	Opposition	Centre-right	ŠeksVladimir	Šeks, Vladimir	M	1943	
ParlaMint-HR-en_2008-02-27-0	ParlaMint-HR_2008-02-27-0.u2119	Minutes of the National Assembly of the Republic of Croatia, Term 6, Session 3	2008-02-27	Unicameralism	6. mandat	-	Zasedanje 3	2008-03-28	-	Reference	English	Regular	MP	notMinister	HDZ	Hrvatska demokratska zajednica	Opposition	Centre-right	BiškupićBožo	Biškupić, Božo	M	1938	
ParlaMint-HR-en_2008-02-27-0	ParlaMint-HR_2008-02-27-0.u2120	Minutes of the National Assembly of the Republic of Croatia, Term 6, Session 3	2008-02-27	Unicameralism	6. mandat	-	Zasedanje 3	2008-03-28	-	Reference	English	Chairperson	MP	notMinister	HDZ	Hrvatska demokratska zajednica	Opposition	Centre-right	ŠeksVladimir	Šeks, Vladimir	M	1943	
ParlaMint-HR-en_2008-02-27-0	ParlaMint-HR_2008-02-27-0.u2121	Minutes of the National Assembly of the Republic of Croatia, Term 6, Session 3	2008-02-27	Unicameralism	6. mandat	-	Zasedanje 3	2008-03-28	-	Reference	English	Regular	MP	notMinister	SDP	Socijaldemokratska partija Hrvatske	Opposition	Centre-left	ŠimunovićSonja	Šimunović, Sonja	F	1978	
ParlaMint-HR-en_2008-02-27-0	ParlaMint-HR_2008-02-27-0.u2122	Minutes of the National Assembly of the Republic of Croatia, Term 6, Session 3	2008-02-27	Unicameralism	6. mandat	-	Zasedanje 3	2008-03-28	-	Reference	English	Chairperson	MP	notMinister	HDZ	Hrvatska demokratska zajednica	Opposition	Centre-right	ŠeksVladimir	Šeks, Vladimir	M	1943	
ParlaMint-HR-en_2008-02-27-0	ParlaMint-HR_2008-02-27-0.u2123	Minutes of the National Assembly of the Republic of Croatia, Term 6, Session 3	2008-02-27	Unicameralism	6. mandat	-	Zasedanje 3	2008-03-28	-	Reference	English	Regular	MP	notMinister	HDZ	Hrvatska demokratska zajednica	Opposition	Centre-right	BiškupićBožo	Biškupić, Božo	M	1938	
ParlaMint-HR-en_2008-02-27-0	ParlaMint-HR_2008-02-27-0.u2124	Minutes of the National Assembly of the Republic of Croatia, Term 6, Session 3	2008-02-27	Unicameralism	6. mandat	-	Zasedanje 3	2008-03-28	-	Reference	English	Chairperson	MP	notMinister	HDZ	Hrvatska demokratska zajednica	Opposition	Centre-right	ŠeksVladimir	Šeks, Vladimir	M	1943	
ParlaMint-HR-en_2008-02-27-0	ParlaMint-HR_2008-02-27-0.u2125	Minutes of the National Assembly of the Republic of Croatia, Term 6, Session 3	2008-02-27	Unicameralism	6. mandat	-	Zasedanje 3	2008-03-28	-	Reference	English	Regular	MP	notMinister	HNS	Hrvatska narodna stranka	Coalition	Centre to centre-left	BeusRichemberghGoran	Beus Richembergh, Goran	M	1965	
ParlaMint-HR-en_2008-02-27-0	ParlaMint-HR_2008-02-27-0.u2126	Minutes of the National Assembly of the Republic of Croatia, Term 6, Session 3	2008-02-27	Unicameralism	6. mandat	-	Zasedanje 3	2008-03-28	-	Reference	English	Chairperson	MP	notMinister	HDZ	Hrvatska demokratska zajednica	Opposition	Centre-right	ŠeksVladimir	Šeks, Vladimir	M	1943	
ParlaMint-HR-en_2008-02-27-0	ParlaMint-HR_2008-02-27-0.u2127	Minutes of the National Assembly of the Republic of Croatia, Term 6, Session 3	2008-02-27	Unicameralism	6. mandat	-	Zasedanje 3	2008-03-28	-	Reference	English	Regular	MP	notMinister	HDZ	Hrvatska demokratska zajednica	Opposition	Centre-right	BiškupićBožo	Biškupić, Božo	M	1938	
ParlaMint-HR-en_2008-02-27-0	ParlaMint-HR_2008-02-27-0.u2128	Minutes of the National Assembly of the Republic of Croatia, Term 6, Session 3	2008-02-27	Unicameralism	6. mandat	-	Zasedanje 3	2008-03-28	-	Reference	English	Chairperson	MP	notMinister	HDZ	Hrvatska demokratska zajednica	Opposition	Centre-right	ŠeksVladimir	Šeks, Vladimir	M	1943	
ParlaMint-HR-en_2008-02-27-0	ParlaMint-HR_2008-02-27-0.u2129	Minutes of the National Assembly of the Republic of Croatia, Term 6, Session 3	2008-02-27	Unicameralism	6. mandat	-	Zasedanje 3	2008-03-28	-	Reference	English	Regular	MP	notMinister	SDP	Socijaldemokratska partija Hrvatske	Opposition	Centre-left	ZgrebecDragica	Zgrebec, Dragica	F	1950	
ParlaMint-HR-en_2008-02-27-0	ParlaMint-HR_2008-02-27-0.u2130	Minutes of the National Assembly of the Republic of Croatia, Term 6, Session 3	2008-02-27	Unicameralism	6. mandat	-	Zasedanje 3	2008-03-28	-	Reference	English	Chairperson	MP	notMinister	HDZ	Hrvatska demokratska zajednica	Opposition	Centre-right	ŠeksVladimir	Šeks, Vladimir	M	1943	
ParlaMint-HR-en_2008-02-27-0	ParlaMint-HR_2008-02-27-0.u2131	Minutes of the National Assembly of the Republic of Croatia, Term 6, Session 3	2008-02-27	Unicameralism	6. mandat	-	Zasedanje 3	2008-03-28	-	Reference	English	Regular	MP	notMinister	HDZ	Hrvatska demokratska zajednica	Opposition	Centre-right	BiškupićBožo	Biškupić, Božo	M	1938	
ParlaMint-HR-en_2008-02-27-0	ParlaMint-HR_2008-02-27-0.u2132	Minutes of the National Assembly of the Republic of Croatia, Term 6, Session 3	2008-02-27	Unicameralism	6. mandat	-	Zasedanje 3	2008-03-28	-	Reference	English	Chairperson	MP	notMinister	HDZ	Hrvatska demokratska zajednica	Opposition	Centre-right	ŠeksVladimir	Šeks, Vladimir	M	1943	
ParlaMint-HR-en_2008-02-27-0	ParlaMint-HR_2008-02-27-0.u2133	Minutes of the National Assembly of the Republic of Croatia, Term 6, Session 3	2008-02-27	Unicameralism	6. mandat	-	Zasedanje 3	2008-03-28	-	Reference	English	Regular	MP	notMinister	SDP	Socijaldemokratska partija Hrvatske	Opposition	Centre-left	MondekarDaniel	Mondekar, Daniel	M	1978	
ParlaMint-HR-en_2008-02-27-0	ParlaMint-HR_2008-02-27-0.u2134	Minutes of the National Assembly of the Republic of Croatia, Term 6, Session 3	2008-02-27	Unicameralism	6. mandat	-	Zasedanje 3	2008-03-28	-	Reference	English	Chairperson	MP	notMinister	HDZ	Hrvatska demokratska zajednica	Opposition	Centre-right	ŠeksVladimir	Šeks, Vladimir	M	1943	
ParlaMint-HR-en_2008-02-27-0	ParlaMint-HR_2008-02-27-0.u2135	Minutes of the National Assembly of the Republic of Croatia, Term 6, Session 3	2008-02-27	Unicameralism	6. mandat	-	Zasedanje 3	2008-03-28	-	Reference	English	Regular	MP	notMinister	HDZ	Hrvatska demokratska zajednica	Opposition	Centre-right	BiškupićBožo	Biškupić, Božo	M	1938	
ParlaMint-HR-en_2008-02-27-0	ParlaMint-HR_2008-02-27-0.u2136	Minutes of the National Assembly of the Republic of Croatia, Term 6, Session 3	2008-02-27	Unicameralism	6. mandat	-	Zasedanje 3	2008-03-28	-	Reference	English	Chairperson	MP	notMinister	HDZ	Hrvatska demokratska zajednica	Opposition	Centre-right	ŠeksVladimir	Šeks, Vladimir	M	1943	
ParlaMint-HR-en_2008-02-27-0	ParlaMint-HR_2008-02-27-0.u2137	Minutes of the National Assembly of the Republic of Croatia, Term 6, Session 3	2008-02-27	Unicameralism	6. mandat	-	Zasedanje 3	2008-03-28	-	Reference	English	Regular	MP	notMinister	SDP	Socijaldemokratska partija Hrvatske	Opposition	Centre-left	ZgrebecDragica	Zgrebec, Dragica	F	1950	
ParlaMint-HR-en_2008-02-27-0	ParlaMint-HR_2008-02-27-0.u2138	Minutes of the National Assembly of the Republic of Croatia, Term 6, Session 3	2008-02-27	Unicameralism	6. mandat	-	Zasedanje 3	2008-03-28	-	Reference	English	Chairperson	MP	notMinister	HDZ	Hrvatska demokratska zajednica	Opposition	Centre-right	ŠeksVladimir	Šeks, Vladimir	M	1943	
ParlaMint-HR-en_2008-02-27-0	ParlaMint-HR_2008-02-27-0.u2139	Minutes of the National Assembly of the Republic of Croatia, Term 6, Session 3	2008-02-27	Unicameralism	6. mandat	-	Zasedanje 3	2008-03-28	-	Reference	English	Regular	MP	notMinister	HDZ	Hrvatska demokratska zajednica	Opposition	Centre-right	BiškupićBožo	Biškupić, Božo	M	1938	
ParlaMint-HR-en_2008-02-27-0	ParlaMint-HR_2008-02-27-0.u2140	Minutes of the National Assembly of the Republic of Croatia, Term 6, Session 3	2008-02-27	Unicameralism	6. mandat	-	Zasedanje 3	2008-03-28	-	Reference	English	Chairperson	MP	notMinister	HDZ	Hrvatska demokratska zajednica	Opposition	Centre-right	ŠeksVladimir	Šeks, Vladimir	M	1943	
ParlaMint-HR-en_2008-02-27-0	ParlaMint-HR_2008-02-27-0.u2141	Minutes of the National Assembly of the Republic of Croatia, Term 6, Session 3	2008-02-27	Unicameralism	6. mandat	-	Zasedanje 3	2008-03-28	-	Reference	English	Regular	MP	notMinister	IDS	Istarski demokratski sabor	Opposition	Centre to centre-left	BrkarićMarin	Brkarić, Marin	M	1955	
ParlaMint-HR-en_2008-02-27-0	ParlaMint-HR_2008-02-27-0.u2142	Minutes of the National Assembly of the Republic of Croatia, Term 6, Session 3	2008-02-27	Unicameralism	6. mandat	-	Zasedanje 3	2008-03-28	-	Reference	English	Chairperson	MP	notMinister	HDZ	Hrvatska demokratska zajednica	Opposition	Centre-right	ŠeksVladimir	Šeks, Vladimir	M	1943	
ParlaMint-HR-en_2008-02-27-0	ParlaMint-HR_2008-02-27-0.u2143	Minutes of the National Assembly of the Republic of Croatia, Term 6, Session 3	2008-02-27	Unicameralism	6. mandat	-	Zasedanje 3	2008-03-28	-	Reference	English	Regular	MP	notMinister	HDZ	Hrvatska demokratska zajednica	Opposition	Centre-right	BiškupićBožo	Biškupić, Božo	M	1938	
ParlaMint-HR-en_2008-02-27-0	ParlaMint-HR_2008-02-27-0.u2144	Minutes of the National Assembly of the Republic of Croatia, Term 6, Session 3	2008-02-27	Unicameralism	6. mandat	-	Zasedanje 3	2008-03-28	-	Reference	English	Chairperson	MP	notMinister	HDZ	Hrvatska demokratska zajednica	Opposition	Centre-right	ŠeksVladimir	Šeks, Vladimir	M	1943	
ParlaMint-HR-en_2008-02-27-0	ParlaMint-HR_2008-02-27-0.u2145	Minutes of the National Assembly of the Republic of Croatia, Term 6, Session 3	2008-02-27	Unicameralism	6. mandat	-	Zasedanje 3	2008-03-28	-	Reference	English	Regular	MP	notMinister	IDS	Istarski demokratski sabor	Opposition	Centre to centre-left	MiletićBoris	Miletić, Boris	M	1975	
ParlaMint-HR-en_2008-02-27-0	ParlaMint-HR_2008-02-27-0.u2146	Minutes of the National Assembly of the Republic of Croatia, Term 6, Session 3	2008-02-27	Unicameralism	6. mandat	-	Zasedanje 3	2008-03-28	-	Reference	English	Chairperson	MP	notMinister	HDZ	Hrvatska demokratska zajednica	Opposition	Centre-right	ŠeksVladimir	Šeks, Vladimir	M	1943	
ParlaMint-HR-en_2008-02-27-0	ParlaMint-HR_2008-02-27-0.u2147	Minutes of the National Assembly of the Republic of Croatia, Term 6, Session 3	2008-02-27	Unicameralism	6. mandat	-	Zasedanje 3	2008-03-28	-	Reference	English	Regular	MP	notMinister	HDZ	Hrvatska demokratska zajednica	Opposition	Centre-right	BiškupićBožo	Biškupić, Božo	M	1938	
ParlaMint-HR-en_2008-02-27-0	ParlaMint-HR_2008-02-27-0.u2148	Minutes of the National Assembly of the Republic of Croatia, Term 6, Session 3	2008-02-27	Unicameralism	6. mandat	-	Zasedanje 3	2008-03-28	-	Reference	English	Chairperson	MP	notMinister	HDZ	Hrvatska demokratska zajednica	Opposition	Centre-right	ŠeksVladimir	Šeks, Vladimir	M	1943	
ParlaMint-HR-en_2008-02-27-0	ParlaMint-HR_2008-02-27-0.u2149	Minutes of the National Assembly of the Republic of Croatia, Term 6, Session 3	2008-02-27	Unicameralism	6. mandat	-	Zasedanje 3	2008-03-28	-	Reference	English	Regular	MP	notMinister	IDS	Istarski demokratski sabor	Opposition	Centre to centre-left	MiletićBoris	Miletić, Boris	M	1975	
ParlaMint-HR-en_2008-02-27-0	ParlaMint-HR_2008-02-27-0.u2150	Minutes of the National Assembly of the Republic of Croatia, Term 6, Session 3	2008-02-27	Unicameralism	6. mandat	-	Zasedanje 3	2008-03-28	-	Reference	English	Chairperson	MP	notMinister	HDZ	Hrvatska demokratska zajednica	Opposition	Centre-right	ŠeksVladimir	Šeks, Vladimir	M	1943	
ParlaMint-HR-en_2008-02-27-0	ParlaMint-HR_2008-02-27-0.u2151	Minutes of the National Assembly of the Republic of Croatia, Term 6, Session 3	2008-02-27	Unicameralism	6. mandat	-	Zasedanje 3	2008-03-28	-	Reference	English	Regular	MP	notMinister	HDZ	Hrvatska demokratska zajednica	Opposition	Centre-right	BiškupićBožo	Biškupić, Božo	M	1938	
ParlaMint-HR-en_2008-02-27-0	ParlaMint-HR_2008-02-27-0.u2152	Minutes of the National Assembly of the Republic of Croatia, Term 6, Session 3	2008-02-27	Unicameralism	6. mandat	-	Zasedanje 3	2008-03-28	-	Reference	English	Chairperson	MP	notMinister	HDZ	Hrvatska demokratska zajednica	Opposition	Centre-right	ŠeksVladimir	Šeks, Vladimir	M	1943	
ParlaMint-HR-en_2008-02-27-0	ParlaMint-HR_2008-02-27-0.u2153	Minutes of the National Assembly of the Republic of Croatia, Term 6, Session 3	2008-02-27	Unicameralism	6. mandat	-	Zasedanje 3	2008-03-28	-	Reference	English	Regular	MP	notMinister	IDS	Istarski demokratski sabor	Opposition	Centre to centre-left	BrkarićMarin	Brkarić, Marin	M	1955	
ParlaMint-HR-en_2008-02-27-0	ParlaMint-HR_2008-02-27-0.u2154	Minutes of the National Assembly of the Republic of Croatia, Term 6, Session 3	2008-02-27	Unicameralism	6. mandat	-	Zasedanje 3	2008-03-28	-	Reference	English	Chairperson	MP	notMinister	HDZ	Hrvatska demokratska zajednica	Opposition	Centre-right	ŠeksVladimir	Šeks, Vladimir	M	1943	
ParlaMint-HR-en_2008-02-27-0	ParlaMint-HR_2008-02-27-0.u2155	Minutes of the National Assembly of the Republic of Croatia, Term 6, Session 3	2008-02-27	Unicameralism	6. mandat	-	Zasedanje 3	2008-03-28	-	Reference	English	Regular	MP	notMinister	HDZ	Hrvatska demokratska zajednica	Opposition	Centre-right	BiškupićBožo	Biškupić, Božo	M	1938	
ParlaMint-HR-en_2008-02-27-0	ParlaMint-HR_2008-02-27-0.u2156	Minutes of the National Assembly of the Republic of Croatia, Term 6, Session 3	2008-02-27	Unicameralism	6. mandat	-	Zasedanje 3	2008-03-28	-	Reference	English	Chairperson	MP	notMinister	HDZ	Hrvatska demokratska zajednica	Opposition	Centre-right	ŠeksVladimir	Šeks, Vladimir	M	1943	
ParlaMint-HR-en_2008-02-27-0	ParlaMint-HR_2008-02-27-0.u2157	Minutes of the National Assembly of the Republic of Croatia, Term 6, Session 3	2008-02-27	Unicameralism	6. mandat	-	Zasedanje 3	2008-03-28	-	Reference	English	Regular	MP	notMinister	IDS	Istarski demokratski sabor	Opposition	Centre to centre-left	BrkarićMarin	Brkarić, Marin	M	1955	
ParlaMint-HR-en_2008-02-27-0	ParlaMint-HR_2008-02-27-0.u2158	Minutes of the National Assembly of the Republic of Croatia, Term 6, Session 3	2008-02-27	Unicameralism	6. mandat	-	Zasedanje 3	2008-03-28	-	Reference	English	Chairperson	MP	notMinister	HDZ	Hrvatska demokratska zajednica	Opposition	Centre-right	ŠeksVladimir	Šeks, Vladimir	M	1943	
ParlaMint-HR-en_2008-02-27-0	ParlaMint-HR_2008-02-27-0.u2159	Minutes of the National Assembly of the Republic of Croatia, Term 6, Session 3	2008-02-27	Unicameralism	6. mandat	-	Zasedanje 3	2008-03-28	-	Reference	English	Regular	MP	notMinister	HDZ	Hrvatska demokratska zajednica	Opposition	Centre-right	BiškupićBožo	Biškupić, Božo	M	1938	
ParlaMint-HR-en_2008-02-27-0	ParlaMint-HR_2008-02-27-0.u2160	Minutes of the National Assembly of the Republic of Croatia, Term 6, Session 3	2008-02-27	Unicameralism	6. mandat	-	Zasedanje 3	2008-03-28	-	Reference	English	Chairperson	MP	notMinister	HDZ	Hrvatska demokratska zajednica	Opposition	Centre-right	ŠeksVladimir	Šeks, Vladimir	M	1943	
ParlaMint-HR-en_2008-02-27-0	ParlaMint-HR_2008-02-27-0.u2161	Minutes of the National Assembly of the Republic of Croatia, Term 6, Session 3	2008-02-27	Unicameralism	6. mandat	-	Zasedanje 3	2008-03-28	-	Reference	English	Regular	MP	notMinister	IDS	Istarski demokratski sabor	Opposition	Centre to centre-left	BrkarićMarin	Brkarić, Marin	M	1955	
ParlaMint-HR-en_2008-02-27-0	ParlaMint-HR_2008-02-27-0.u2162	Minutes of the National Assembly of the Republic of Croatia, Term 6, Session 3	2008-02-27	Unicameralism	6. mandat	-	Zasedanje 3	2008-03-28	-	Reference	English	Chairperson	MP	notMinister	HDZ	Hrvatska demokratska zajednica	Opposition	Centre-right	ŠeksVladimir	Šeks, Vladimir	M	1943	
ParlaMint-HR-en_2008-02-27-0	ParlaMint-HR_2008-02-27-0.u2163	Minutes of the National Assembly of the Republic of Croatia, Term 6, Session 3	2008-02-27	Unicameralism	6. mandat	-	Zasedanje 3	2008-03-28	-	Reference	English	Regular	MP	notMinister	HDZ	Hrvatska demokratska zajednica	Opposition	Centre-right	BiškupićBožo	Biškupić, Božo	M	1938	
ParlaMint-HR-en_2008-02-27-0	ParlaMint-HR_2008-02-27-0.u2164	Minutes of the National Assembly of the Republic of Croatia, Term 6, Session 3	2008-02-27	Unicameralism	6. mandat	-	Zasedanje 3	2008-03-28	-	Reference	English	Chairperson	MP	notMinister	HDZ	Hrvatska demokratska zajednica	Opposition	Centre-right	ŠeksVladimir	Šeks, Vladimir	M	1943	
ParlaMint-HR-en_2008-02-27-0	ParlaMint-HR_2008-02-27-0.u2165	Minutes of the National Assembly of the Republic of Croatia, Term 6, Session 3	2008-02-27	Unicameralism	6. mandat	-	Zasedanje 3	2008-03-28	-	Reference	English	Regular	MP	notMinister	IDS	Istarski demokratski sabor	Opposition	Centre to centre-left	BrkarićMarin	Brkarić, Marin	M	1955	
ParlaMint-HR-en_2008-02-27-0	ParlaMint-HR_2008-02-27-0.u2166	Minutes of the National Assembly of the Republic of Croatia, Term 6, Session 3	2008-02-27	Unicameralism	6. mandat	-	Zasedanje 3	2008-03-28	-	Reference	English	Chairperson	MP	notMinister	HDZ	Hrvatska demokratska zajednica	Opposition	Centre-right	ŠeksVladimir	Šeks, Vladimir	M	1943	
ParlaMint-HR-en_2008-02-27-0	ParlaMint-HR_2008-02-27-0.u2167	Minutes of the National Assembly of the Republic of Croatia, Term 6, Session 3	2008-02-27	Unicameralism	6. mandat	-	Zasedanje 3	2008-03-28	-	Reference	English	Regular	MP	notMinister	HDZ	Hrvatska demokratska zajednica	Opposition	Centre-right	BiškupićBožo	Biškupić, Božo	M	1938	
ParlaMint-HR-en_2008-02-27-0	ParlaMint-HR_2008-02-27-0.u2168	Minutes of the National Assembly of the Republic of Croatia, Term 6, Session 3	2008-02-27	Unicameralism	6. mandat	-	Zasedanje 3	2008-03-28	-	Reference	English	Chairperson	MP	notMinister	HDZ	Hrvatska demokratska zajednica	Opposition	Centre-right	ŠeksVladimir	Šeks, Vladimir	M	1943	
ParlaMint-HR-en_2008-02-27-0	ParlaMint-HR_2008-02-27-0.u2169	Minutes of the National Assembly of the Republic of Croatia, Term 6, Session 3	2008-02-27	Unicameralism	6. mandat	-	Zasedanje 3	2008-03-28	-	Reference	English	Regular	MP	notMinister	IDS	Istarski demokratski sabor	Opposition	Centre to centre-left	BrkarićMarin	Brkarić, Marin	M	1955	
ParlaMint-HR-en_2008-02-27-0	ParlaMint-HR_2008-02-27-0.u2170	Minutes of the National Assembly of the Republic of Croatia, Term 6, Session 3	2008-02-27	Unicameralism	6. mandat	-	Zasedanje 3	2008-03-28	-	Reference	English	Chairperson	MP	notMinister	HDZ	Hrvatska demokratska zajednica	Opposition	Centre-right	ŠeksVladimir	Šeks, Vladimir	M	1943	
ParlaMint-HR-en_2008-02-27-0	ParlaMint-HR_2008-02-27-0.u2171	Minutes of the National Assembly of the Republic of Croatia, Term 6, Session 3	2008-02-27	Unicameralism	6. mandat	-	Zasedanje 3	2008-03-28	-	Reference	English	Regular	MP	notMinister	HDZ	Hrvatska demokratska zajednica	Opposition	Centre-right	BiškupićBožo	Biškupić, Božo	M	1938	
ParlaMint-HR-en_2008-02-27-0	ParlaMint-HR_2008-02-27-0.u2172	Minutes of the National Assembly of the Republic of Croatia, Term 6, Session 3	2008-02-27	Unicameralism	6. mandat	-	Zasedanje 3	2008-03-28	-	Reference	English	Chairperson	MP	notMinister	HDZ	Hrvatska demokratska zajednica	Opposition	Centre-right	ŠeksVladimir	Šeks, Vladimir	M	1943	
ParlaMint-HR-en_2008-02-27-0	ParlaMint-HR_2008-02-27-0.u2173	Minutes of the National Assembly of the Republic of Croatia, Term 6, Session 3	2008-02-27	Unicameralism	6. mandat	-	Zasedanje 3	2008-03-28	-	Reference	English	Regular	MP	notMinister	IDS	Istarski demokratski sabor	Opposition	Centre to centre-left	BrkarićMarin	Brkarić, Marin	M	1955	
ParlaMint-HR-en_2008-02-27-0	ParlaMint-HR_2008-02-27-0.u2174	Minutes of the National Assembly of the Republic of Croatia, Term 6, Session 3	2008-02-27	Unicameralism	6. mandat	-	Zasedanje 3	2008-03-28	-	Reference	English	Chairperson	MP	notMinister	HDZ	Hrvatska demokratska zajednica	Opposition	Centre-right	ŠeksVladimir	Šeks, Vladimir	M	1943	
ParlaMint-HR-en_2008-02-27-0	ParlaMint-HR_2008-02-27-0.u2175	Minutes of the National Assembly of the Republic of Croatia, Term 6, Session 3	2008-02-27	Unicameralism	6. mandat	-	Zasedanje 3	2008-03-28	-	Reference	English	Regular	MP	notMinister	HDZ	Hrvatska demokratska zajednica	Opposition	Centre-right	BiškupićBožo	Biškupić, Božo	M	1938	
ParlaMint-HR-en_2008-02-27-0	ParlaMint-HR_2008-02-27-0.u2176	Minutes of the National Assembly of the Republic of Croatia, Term 6, Session 3	2008-02-27	Unicameralism	6. mandat	-	Zasedanje 3	2008-03-28	-	Reference	English	Chairperson	MP	notMinister	HDZ	Hrvatska demokratska zajednica	Opposition	Centre-right	ŠeksVladimir	Šeks, Vladimir	M	1943	
ParlaMint-HR-en_2008-02-27-0	ParlaMint-HR_2008-02-27-0.u2177	Minutes of the National Assembly of the Republic of Croatia, Term 6, Session 3	2008-02-27	Unicameralism	6. mandat	-	Zasedanje 3	2008-03-28	-	Reference	English	Regular	MP	notMinister	IDS	Istarski demokratski sabor	Opposition	Centre to centre-left	BrkarićMarin	Brkarić, Marin	M	1955	
ParlaMint-HR-en_2008-02-27-0	ParlaMint-HR_2008-02-27-0.u2178	Minutes of the National Assembly of the Republic of Croatia, Term 6, Session 3	2008-02-27	Unicameralism	6. mandat	-	Zasedanje 3	2008-03-28	-	Reference	English	Chairperson	MP	notMinister	HDZ	Hrvatska demokratska zajednica	Opposition	Centre-right	ŠeksVladimir	Šeks, Vladimir	M	1943	
ParlaMint-HR-en_2008-02-27-0	ParlaMint-HR_2008-02-27-0.u2179	Minutes of the National Assembly of the Republic of Croatia, Term 6, Session 3	2008-02-27	Unicameralism	6. mandat	-	Zasedanje 3	2008-03-28	-	Reference	English	Regular	MP	notMinister	HDZ	Hrvatska demokratska zajednica	Opposition	Centre-right	BiškupićBožo	Biškupić, Božo	M	1938	
ParlaMint-HR-en_2008-02-27-0	ParlaMint-HR_2008-02-27-0.u2180	Minutes of the National Assembly of the Republic of Croatia, Term 6, Session 3	2008-02-27	Unicameralism	6. mandat	-	Zasedanje 3	2008-03-28	-	Reference	English	Chairperson	MP	notMinister	HDZ	Hrvatska demokratska zajednica	Opposition	Centre-right	ŠeksVladimir	Šeks, Vladimir	M	1943	
ParlaMint-HR-en_2008-02-27-0	ParlaMint-HR_2008-02-27-0.u2181	Minutes of the National Assembly of the Republic of Croatia, Term 6, Session 3	2008-02-27	Unicameralism	6. mandat	-	Zasedanje 3	2008-03-28	-	Reference	English	Regular	MP	notMinister	IDS	Istarski demokratski sabor	Opposition	Centre to centre-left	BrkarićMarin	Brkarić, Marin	M	1955	
ParlaMint-HR-en_2008-02-27-0	ParlaMint-HR_2008-02-27-0.u2182	Minutes of the National Assembly of the Republic of Croatia, Term 6, Session 3	2008-02-27	Unicameralism	6. mandat	-	Zasedanje 3	2008-03-28	-	Reference	English	Chairperson	MP	notMinister	HDZ	Hrvatska demokratska zajednica	Opposition	Centre-right	ŠeksVladimir	Šeks, Vladimir	M	1943	
ParlaMint-HR-en_2008-02-27-0	ParlaMint-HR_2008-02-27-0.u2183	Minutes of the National Assembly of the Republic of Croatia, Term 6, Session 3	2008-02-27	Unicameralism	6. mandat	-	Zasedanje 3	2008-03-28	-	Reference	English	Regular	MP	notMinister	HDZ	Hrvatska demokratska zajednica	Opposition	Centre-right	BiškupićBožo	Biškupić, Božo	M	1938	
ParlaMint-HR-en_2008-02-27-0	ParlaMint-HR_2008-02-27-0.u2184	Minutes of the National Assembly of the Republic of Croatia, Term 6, Session 3	2008-02-27	Unicameralism	6. mandat	-	Zasedanje 3	2008-03-28	-	Reference	English	Chairperson	MP	notMinister	HDZ	Hrvatska demokratska zajednica	Opposition	Centre-right	ŠeksVladimir	Šeks, Vladimir	M	1943	
ParlaMint-HR-en_2008-02-27-0	ParlaMint-HR_2008-02-27-0.u2185	Minutes of the National Assembly of the Republic of Croatia, Term 6, Session 3	2008-02-27	Unicameralism	6. mandat	-	Zasedanje 3	2008-03-28	-	Reference	English	Regular	MP	notMinister	IDS	Istarski demokratski sabor	Opposition	Centre to centre-left	BrkarićMarin	Brkarić, Marin	M	1955	
ParlaMint-HR-en_2008-02-27-0	ParlaMint-HR_2008-02-27-0.u2186	Minutes of the National Assembly of the Republic of Croatia, Term 6, Session 3	2008-02-27	Unicameralism	6. mandat	-	Zasedanje 3	2008-03-28	-	Reference	English	Chairperson	MP	notMinister	HDZ	Hrvatska demokratska zajednica	Opposition	Centre-right	ŠeksVladimir	Šeks, Vladimir	M	1943	
ParlaMint-HR-en_2008-02-27-0	ParlaMint-HR_2008-02-27-0.u2187	Minutes of the National Assembly of the Republic of Croatia, Term 6, Session 3	2008-02-27	Unicameralism	6. mandat	-	Zasedanje 3	2008-03-28	-	Reference	English	Regular	MP	notMinister	HDZ	Hrvatska demokratska zajednica	Opposition	Centre-right	BiškupićBožo	Biškupić, Božo	M	1938	
ParlaMint-HR-en_2008-02-27-0	ParlaMint-HR_2008-02-27-0.u2188	Minutes of the National Assembly of the Republic of Croatia, Term 6, Session 3	2008-02-27	Unicameralism	6. mandat	-	Zasedanje 3	2008-03-28	-	Reference	English	Chairperson	MP	notMinister	HDZ	Hrvatska demokratska zajednica	Opposition	Centre-right	ŠeksVladimir	Šeks, Vladimir	M	1943	
ParlaMint-HR-en_2008-02-27-0	ParlaMint-HR_2008-02-27-0.u2189	Minutes of the National Assembly of the Republic of Croatia, Term 6, Session 3	2008-02-27	Unicameralism	6. mandat	-	Zasedanje 3	2008-03-28	-	Reference	English	Regular	MP	notMinister	IDS	Istarski demokratski sabor	Opposition	Centre to centre-left	BrkarićMarin	Brkarić, Marin	M	1955	
ParlaMint-HR-en_2008-02-27-0	ParlaMint-HR_2008-02-27-0.u2190	Minutes of the National Assembly of the Republic of Croatia, Term 6, Session 3	2008-02-27	Unicameralism	6. mandat	-	Zasedanje 3	2008-03-28	-	Reference	English	Chairperson	MP	notMinister	HDZ	Hrvatska demokratska zajednica	Opposition	Centre-right	ŠeksVladimir	Šeks, Vladimir	M	1943	
ParlaMint-HR-en_2008-02-27-0	ParlaMint-HR_2008-02-27-0.u2191	Minutes of the National Assembly of the Republic of Croatia, Term 6, Session 3	2008-02-27	Unicameralism	6. mandat	-	Zasedanje 3	2008-03-28	-	Reference	English	Regular	MP	notMinister	IDS	Istarski demokratski sabor	Opposition	Centre to centre-left	BrkarićMarin	Brkarić, Marin	M	1955	
ParlaMint-HR-en_2008-02-27-0	ParlaMint-HR_2008-02-27-0.u2192	Minutes of the National Assembly of the Republic of Croatia, Term 6, Session 3	2008-02-27	Unicameralism	6. mandat	-	Zasedanje 3	2008-03-28	-	Reference	English	Chairperson	MP	notMinister	HDZ	Hrvatska demokratska zajednica	Opposition	Centre-right	ŠeksVladimir	Šeks, Vladimir	M	1943	
ParlaMint-HR-en_2008-02-27-0	ParlaMint-HR_2008-02-27-0.u2193	Minutes of the National Assembly of the Republic of Croatia, Term 6, Session 3	2008-02-27	Unicameralism	6. mandat	-	Zasedanje 3	2008-03-28	-	Reference	English	Regular	MP	notMinister	HDZ	Hrvatska demokratska zajednica	Opposition	Centre-right	BiškupićBožo	Biškupić, Božo	M	1938	
ParlaMint-HR-en_2008-02-27-0	ParlaMint-HR_2008-02-27-0.u2194	Minutes of the National Assembly of the Republic of Croatia, Term 6, Session 3	2008-02-27	Unicameralism	6. mandat	-	Zasedanje 3	2008-03-28	-	Reference	English	Chairperson	MP	notMinister	HDZ	Hrvatska demokratska zajednica	Opposition	Centre-right	ŠeksVladimir	Šeks, Vladimir	M	1943	
ParlaMint-HR-en_2008-02-27-0	ParlaMint-HR_2008-02-27-0.u2195	Minutes of the National Assembly of the Republic of Croatia, Term 6, Session 3	2008-02-27	Unicameralism	6. mandat	-	Zasedanje 3	2008-03-28	-	Reference	English	Regular	MP	notMinister	IDS	Istarski demokratski sabor	Opposition	Centre to centre-left	BrkarićMarin	Brkarić, Marin	M	1955	
ParlaMint-HR-en_2008-02-27-0	ParlaMint-HR_2008-02-27-0.u2196	Minutes of the National Assembly of the Republic of Croatia, Term 6, Session 3	2008-02-27	Unicameralism	6. mandat	-	Zasedanje 3	2008-03-28	-	Reference	English	Chairperson	MP	notMinister	HDZ	Hrvatska demokratska zajednica	Opposition	Centre-right	ŠeksVladimir	Šeks, Vladimir	M	1943	
ParlaMint-HR-en_2008-02-27-0	ParlaMint-HR_2008-02-27-0.u2197	Minutes of the National Assembly of the Republic of Croatia, Term 6, Session 3	2008-02-27	Unicameralism	6. mandat	-	Zasedanje 3	2008-03-28	-	Reference	English	Regular	MP	notMinister	HDZ	Hrvatska demokratska zajednica	Opposition	Centre-right	BiškupićBožo	Biškupić, Božo	M	1938	
ParlaMint-HR-en_2008-02-27-0	ParlaMint-HR_2008-02-27-0.u2198	Minutes of the National Assembly of the Republic of Croatia, Term 6, Session 3	2008-02-27	Unicameralism	6. mandat	-	Zasedanje 3	2008-03-28	-	Reference	English	Chairperson	MP	notMinister	HDZ	Hrvatska demokratska zajednica	Opposition	Centre-right	ŠeksVladimir	Šeks, Vladimir	M	1943	
ParlaMint-HR-en_2008-02-27-0	ParlaMint-HR_2008-02-27-0.u2199	Minutes of the National Assembly of the Republic of Croatia, Term 6, Session 3	2008-02-27	Unicameralism	6. mandat	-	Zasedanje 3	2008-03-28	-	Reference	English	Regular	MP	notMinister	SDP	Socijaldemokratska partija Hrvatske	Opposition	Centre-left	HolyMirela	Holy, Mirela	F	1971	
ParlaMint-HR-en_2008-02-27-0	ParlaMint-HR_2008-02-27-0.u2200	Minutes of the National Assembly of the Republic of Croatia, Term 6, Session 3	2008-02-27	Unicameralism	6. mandat	-	Zasedanje 3	2008-03-28	-	Reference	English	Chairperson	MP	notMinister	HDZ	Hrvatska demokratska zajednica	Opposition	Centre-right	BebićLuka	Bebić, Luka	M	1937	
ParlaMint-HR-en_2008-02-27-0	ParlaMint-HR_2008-02-27-0.u2201	Minutes of the National Assembly of the Republic of Croatia, Term 6, Session 3	2008-02-27	Unicameralism	6. mandat	-	Zasedanje 3	2008-03-28	-	Reference	English	Regular	MP	notMinister	HDZ	Hrvatska demokratska zajednica	Opposition	Centre-right	BiškupićBožo	Biškupić, Božo	M	1938	
ParlaMint-HR-en_2008-02-27-0	ParlaMint-HR_2008-02-27-0.u2202	Minutes of the National Assembly of the Republic of Croatia, Term 6, Session 3	2008-02-27	Unicameralism	6. mandat	-	Zasedanje 3	2008-03-28	-	Reference	English	Chairperson	MP	notMinister	HDZ	Hrvatska demokratska zajednica	Opposition	Centre-right	BebićLuka	Bebić, Luka	M	1937	
ParlaMint-HR-en_2008-02-27-0	ParlaMint-HR_2008-02-27-0.u2203	Minutes of the National Assembly of the Republic of Croatia, Term 6, Session 3	2008-02-27	Unicameralism	6. mandat	-	Zasedanje 3	2008-03-28	-	Reference	English	Regular	MP	notMinister	SDP	Socijaldemokratska partija Hrvatske	Opposition	Centre-left	JurjevićMarin	Jurjević, Marin	M	1952	
ParlaMint-HR-en_2008-02-27-0	ParlaMint-HR_2008-02-27-0.u2204	Minutes of the National Assembly of the Republic of Croatia, Term 6, Session 3	2008-02-27	Unicameralism	6. mandat	-	Zasedanje 3	2008-03-28	-	Reference	English	Chairperson	MP	notMinister	HDZ	Hrvatska demokratska zajednica	Opposition	Centre-right	BebićLuka	Bebić, Luka	M	1937	
ParlaMint-HR-en_2008-02-27-0	ParlaMint-HR_2008-02-27-0.u2205	Minutes of the National Assembly of the Republic of Croatia, Term 6, Session 3	2008-02-27	Unicameralism	6. mandat	-	Zasedanje 3	2008-03-28	-	Reference	English	Regular	MP	notMinister	HDZ	Hrvatska demokratska zajednica	Opposition	Centre-right	BiškupićBožo	Biškupić, Božo	M	1938	
ParlaMint-HR-en_2008-02-27-0	ParlaMint-HR_2008-02-27-0.u2206	Minutes of the National Assembly of the Republic of Croatia, Term 6, Session 3	2008-02-27	Unicameralism	6. mandat	-	Zasedanje 3	2008-03-28	-	Reference	English	Chairperson	MP	notMinister	HDZ	Hrvatska demokratska zajednica	Opposition	Centre-right	BebićLuka	Bebić, Luka	M	1937	
ParlaMint-HR-en_2008-02-27-0	ParlaMint-HR_2008-02-27-0.u2207	Minutes of the National Assembly of the Republic of Croatia, Term 6, Session 3	2008-02-27	Unicameralism	6. mandat	-	Zasedanje 3	2008-03-28	-	Reference	English	Regular	MP	notMinister	HDSSB	Hrvatski demokratski savez Slavonije i Baranje	Opposition	Centre-right	VinkovićZoran	Vinković, Zoran	M	1966	
ParlaMint-HR-en_2008-02-27-0	ParlaMint-HR_2008-02-27-0.u2208	Minutes of the National Assembly of the Republic of Croatia, Term 6, Session 3	2008-02-27	Unicameralism	6. mandat	-	Zasedanje 3	2008-03-28	-	Reference	English	Chairperson	MP	notMinister	HDZ	Hrvatska demokratska zajednica	Opposition	Centre-right	BebićLuka	Bebić, Luka	M	1937	
ParlaMint-HR-en_2008-02-27-0	ParlaMint-HR_2008-02-27-0.u2209	Minutes of the National Assembly of the Republic of Croatia, Term 6, Session 3	2008-02-27	Unicameralism	6. mandat	-	Zasedanje 3	2008-03-28	-	Reference	English	Regular	MP	notMinister	HDZ	Hrvatska demokratska zajednica	Opposition	Centre-right	BiškupićBožo	Biškupić, Božo	M	1938	
ParlaMint-HR-en_2008-02-27-0	ParlaMint-HR_2008-02-27-0.u2210	Minutes of the National Assembly of the Republic of Croatia, Term 6, Session 3	2008-02-27	Unicameralism	6. mandat	-	Zasedanje 3	2008-03-28	-	Reference	English	Chairperson	MP	notMinister	HDZ	Hrvatska demokratska zajednica	Opposition	Centre-right	BebićLuka	Bebić, Luka	M	1937	
ParlaMint-HR-en_2008-02-27-0	ParlaMint-HR_2008-02-27-0.u2211	Minutes of the National Assembly of the Republic of Croatia, Term 6, Session 3	2008-02-27	Unicameralism	6. mandat	-	Zasedanje 3	2008-03-28	-	Reference	English	Regular	MP	notMinister	HNS	Hrvatska narodna stranka	Coalition	Centre to centre-left	BeusRichemberghGoran	Beus Richembergh, Goran	M	1965	
ParlaMint-HR-en_2008-02-27-0	ParlaMint-HR_2008-02-27-0.u2212	Minutes of the National Assembly of the Republic of Croatia, Term 6, Session 3	2008-02-27	Unicameralism	6. mandat	-	Zasedanje 3	2008-03-28	-	Reference	English	Chairperson	MP	notMinister	HDZ	Hrvatska demokratska zajednica	Opposition	Centre-right	BebićLuka	Bebić, Luka	M	1937	
ParlaMint-HR-en_2008-02-27-0	ParlaMint-HR_2008-02-27-0.u2213	Minutes of the National Assembly of the Republic of Croatia, Term 6, Session 3	2008-02-27	Unicameralism	6. mandat	-	Zasedanje 3	2008-03-28	-	Reference	English	Regular	MP	notMinister	HDZ	Hrvatska demokratska zajednica	Opposition	Centre-right	BiškupićBožo	Biškupić, Božo	M	1938	
ParlaMint-HR-en_2008-02-27-0	ParlaMint-HR_2008-02-27-0.u2214	Minutes of the National Assembly of the Republic of Croatia, Term 6, Session 3	2008-02-27	Unicameralism	6. mandat	-	Zasedanje 3	2008-03-28	-	Reference	English	Chairperson	MP	notMinister	HDZ	Hrvatska demokratska zajednica	Opposition	Centre-right	BebićLuka	Bebić, Luka	M	1937	
ParlaMint-HR-en_2008-02-27-0	ParlaMint-HR_2008-02-27-0.u2215	Minutes of the National Assembly of the Republic of Croatia, Term 6, Session 3	2008-02-27	Unicameralism	6. mandat	-	Zasedanje 3	2008-03-28	-	Reference	English	Regular	MP	notMinister	HNS	Hrvatska narodna stranka	Coalition	Centre to centre-left	KoračevićZlatko	Koračević, Zlatko	M	1955	
ParlaMint-HR-en_2008-02-27-0	ParlaMint-HR_2008-02-27-0.u2216	Minutes of the National Assembly of the Republic of Croatia, Term 6, Session 3	2008-02-27	Unicameralism	6. mandat	-	Zasedanje 3	2008-03-28	-	Reference	English	Chairperson	MP	notMinister	HDZ	Hrvatska demokratska zajednica	Opposition	Centre-right	BebićLuka	Bebić, Luka	M	1937	
ParlaMint-HR-en_2008-02-27-0	ParlaMint-HR_2008-02-27-0.u2217	Minutes of the National Assembly of the Republic of Croatia, Term 6, Session 3	2008-02-27	Unicameralism	6. mandat	-	Zasedanje 3	2008-03-28	-	Reference	English	Regular	MP	notMinister	HDZ	Hrvatska demokratska zajednica	Opposition	Centre-right	BiškupićBožo	Biškupić, Božo	M	1938	
ParlaMint-HR-en_2008-02-27-0	ParlaMint-HR_2008-02-27-0.u2218	Minutes of the National Assembly of the Republic of Croatia, Term 6, Session 3	2008-02-27	Unicameralism	6. mandat	-	Zasedanje 3	2008-03-28	-	Reference	English	Regular	MP	notMinister	IDS	Istarski demokratski sabor	Opposition	Centre to centre-left	BrkarićMarin	Brkarić, Marin	M	1955	
ParlaMint-HR-en_2008-02-27-0	ParlaMint-HR_2008-02-27-0.u2219	Minutes of the National Assembly of the Republic of Croatia, Term 6, Session 3	2008-02-27	Unicameralism	6. mandat	-	Zasedanje 3	2008-03-28	-	Reference	English	Chairperson	MP	notMinister	HDZ	Hrvatska demokratska zajednica	Opposition	Centre-right	BebićLuka	Bebić, Luka	M	1937	
ParlaMint-HR-en_2008-02-27-0	ParlaMint-HR_2008-02-27-0.u2220	Minutes of the National Assembly of the Republic of Croatia, Term 6, Session 3	2008-02-27	Unicameralism	6. mandat	-	Zasedanje 3	2008-03-28	-	Reference	English	Regular	MP	notMinister	HDZ	Hrvatska demokratska zajednica	Opposition	Centre-right	BiškupićBožo	Biškupić, Božo	M	1938	
ParlaMint-HR-en_2008-02-27-0	ParlaMint-HR_2008-02-27-0.u2221	Minutes of the National Assembly of the Republic of Croatia, Term 6, Session 3	2008-02-27	Unicameralism	6. mandat	-	Zasedanje 3	2008-03-28	-	Reference	English	Regular	MP	notMinister	IDS	Istarski demokratski sabor	Opposition	Centre to centre-left	MiletićBoris	Miletić, Boris	M	1975	
ParlaMint-HR-en_2008-02-27-0	ParlaMint-HR_2008-02-27-0.u2222	Minutes of the National Assembly of the Republic of Croatia, Term 6, Session 3	2008-02-27	Unicameralism	6. mandat	-	Zasedanje 3	2008-03-28	-	Reference	English	Chairperson	MP	notMinister	HDZ	Hrvatska demokratska zajednica	Opposition	Centre-right	BebićLuka	Bebić, Luka	M	1937	
ParlaMint-HR-en_2008-02-27-0	ParlaMint-HR_2008-02-27-0.u2223	Minutes of the National Assembly of the Republic of Croatia, Term 6, Session 3	2008-02-27	Unicameralism	6. mandat	-	Zasedanje 3	2008-03-28	-	Reference	English	Regular	MP	notMinister	HDZ	Hrvatska demokratska zajednica	Opposition	Centre-right	BiškupićBožo	Biškupić, Božo	M	1938	
ParlaMint-HR-en_2008-02-27-0	ParlaMint-HR_2008-02-27-0.u2224	Minutes of the National Assembly of the Republic of Croatia, Term 6, Session 3	2008-02-27	Unicameralism	6. mandat	-	Zasedanje 3	2008-03-28	-	Reference	English	Chairperson	MP	notMinister	HDZ	Hrvatska demokratska zajednica	Opposition	Centre-right	BebićLuka	Bebić, Luka	M	1937	
ParlaMint-HR-en_2008-02-27-0	ParlaMint-HR_2008-02-27-0.u2225	Minutes of the National Assembly of the Republic of Croatia, Term 6, Session 3	2008-02-27	Unicameralism	6. mandat	-	Zasedanje 3	2008-03-28	-	Reference	English	Regular	MP	notMinister	IDS	Istarski demokratski sabor	Opposition	Centre to centre-left	BrkarićMarin	Brkarić, Marin	M	1955	
ParlaMint-HR-en_2008-02-27-0	ParlaMint-HR_2008-02-27-0.u2226	Minutes of the National Assembly of the Republic of Croatia, Term 6, Session 3	2008-02-27	Unicameralism	6. mandat	-	Zasedanje 3	2008-03-28	-	Reference	English	Chairperson	MP	notMinister	HDZ	Hrvatska demokratska zajednica	Opposition	Centre-right	BebićLuka	Bebić, Luka	M	1937	
ParlaMint-HR-en_2008-02-27-0	ParlaMint-HR_2008-02-27-0.u2227	Minutes of the National Assembly of the Republic of Croatia, Term 6, Session 3	2008-02-27	Unicameralism	6. mandat	-	Zasedanje 3	2008-03-28	-	Reference	English	Regular	MP	notMinister	HDZ	Hrvatska demokratska zajednica	Opposition	Centre-right	BiškupićBožo	Biškupić, Božo	M	1938	
ParlaMint-HR-en_2008-02-27-0	ParlaMint-HR_2008-02-27-0.u2228	Minutes of the National Assembly of the Republic of Croatia, Term 6, Session 3	2008-02-27	Unicameralism	6. mandat	-	Zasedanje 3	2008-03-28	-	Reference	English	Chairperson	MP	notMinister	HDZ	Hrvatska demokratska zajednica	Opposition	Centre-right	BebićLuka	Bebić, Luka	M	1937	
ParlaMint-HR-en_2008-02-27-0	ParlaMint-HR_2008-02-27-0.u2229	Minutes of the National Assembly of the Republic of Croatia, Term 6, Session 3	2008-02-27	Unicameralism	6. mandat	-	Zasedanje 3	2008-03-28	-	Reference	English	Regular	MP	notMinister	SDP	Socijaldemokratska partija Hrvatske	Opposition	Centre-left	ZgrebecDragica	Zgrebec, Dragica	F	1950	
ParlaMint-HR-en_2008-02-27-0	ParlaMint-HR_2008-02-27-0.u2230	Minutes of the National Assembly of the Republic of Croatia, Term 6, Session 3	2008-02-27	Unicameralism	6. mandat	-	Zasedanje 3	2008-03-28	-	Reference	English	Chairperson	MP	notMinister	HDZ	Hrvatska demokratska zajednica	Opposition	Centre-right	BebićLuka	Bebić, Luka	M	1937	
ParlaMint-HR-en_2008-02-27-0	ParlaMint-HR_2008-02-27-0.u2231	Minutes of the National Assembly of the Republic of Croatia, Term 6, Session 3	2008-02-27	Unicameralism	6. mandat	-	Zasedanje 3	2008-03-28	-	Reference	English	Regular	MP	notMinister	HDZ	Hrvatska demokratska zajednica	Opposition	Centre-right	BiškupićBožo	Biškupić, Božo	M	1938	
ParlaMint-HR-en_2008-02-27-0	ParlaMint-HR_2008-02-27-0.u2232	Minutes of the National Assembly of the Republic of Croatia, Term 6, Session 3	2008-02-27	Unicameralism	6. mandat	-	Zasedanje 3	2008-03-28	-	Reference	English	Regular	MP	notMinister	IDS	Istarski demokratski sabor	Opposition	Centre to centre-left	BrkarićMarin	Brkarić, Marin	M	1955	
ParlaMint-HR-en_2008-02-27-0	ParlaMint-HR_2008-02-27-0.u2233	Minutes of the National Assembly of the Republic of Croatia, Term 6, Session 3	2008-02-27	Unicameralism	6. mandat	-	Zasedanje 3	2008-03-28	-	Reference	English	Chairperson	MP	notMinister	HDZ	Hrvatska demokratska zajednica	Opposition	Centre-right	BebićLuka	Bebić, Luka	M	1937	
ParlaMint-HR-en_2008-02-27-0	ParlaMint-HR_2008-02-27-0.u2234	Minutes of the National Assembly of the Republic of Croatia, Term 6, Session 3	2008-02-27	Unicameralism	6. mandat	-	Zasedanje 3	2008-03-28	-	Reference	English	Regular	MP	notMinister	HDZ	Hrvatska demokratska zajednica	Opposition	Centre-right	BiškupićBožo	Biškupić, Božo	M	1938	
ParlaMint-HR-en_2008-02-27-0	ParlaMint-HR_2008-02-27-0.u2235	Minutes of the National Assembly of the Republic of Croatia, Term 6, Session 3	2008-02-27	Unicameralism	6. mandat	-	Zasedanje 3	2008-03-28	-	Reference	English	Regular	MP	notMinister	IDS	Istarski demokratski sabor	Opposition	Centre to centre-left	BrkarićMarin	Brkarić, Marin	M	1955	
ParlaMint-HR-en_2008-02-27-0	ParlaMint-HR_2008-02-27-0.u2236	Minutes of the National Assembly of the Republic of Croatia, Term 6, Session 3	2008-02-27	Unicameralism	6. mandat	-	Zasedanje 3	2008-03-28	-	Reference	English	Chairperson	MP	notMinister	HDZ	Hrvatska demokratska zajednica	Opposition	Centre-right	BebićLuka	Bebić, Luka	M	1937	
ParlaMint-HR-en_2008-02-27-0	ParlaMint-HR_2008-02-27-0.u2237	Minutes of the National Assembly of the Republic of Croatia, Term 6, Session 3	2008-02-27	Unicameralism	6. mandat	-	Zasedanje 3	2008-03-28	-	Reference	English	Regular	MP	notMinister	HDZ	Hrvatska demokratska zajednica	Opposition	Centre-right	BiškupićBožo	Biškupić, Božo	M	1938	
ParlaMint-HR-en_2008-02-27-0	ParlaMint-HR_2008-02-27-0.u2238	Minutes of the National Assembly of the Republic of Croatia, Term 6, Session 3	2008-02-27	Unicameralism	6. mandat	-	Zasedanje 3	2008-03-28	-	Reference	English	Chairperson	MP	notMinister	HDZ	Hrvatska demokratska zajednica	Opposition	Centre-right	BebićLuka	Bebić, Luka	M	1937	
ParlaMint-HR-en_2008-02-27-0	ParlaMint-HR_2008-02-27-0.u2239	Minutes of the National Assembly of the Republic of Croatia, Term 6, Session 3	2008-02-27	Unicameralism	6. mandat	-	Zasedanje 3	2008-03-28	-	Reference	English	Regular	MP	notMinister	IDS	Istarski demokratski sabor	Opposition	Centre to centre-left	BrkarićMarin	Brkarić, Marin	M	1955	
ParlaMint-HR-en_2008-02-27-0	ParlaMint-HR_2008-02-27-0.u2240	Minutes of the National Assembly of the Republic of Croatia, Term 6, Session 3	2008-02-27	Unicameralism	6. mandat	-	Zasedanje 3	2008-03-28	-	Reference	English	Chairperson	MP	notMinister	HDZ	Hrvatska demokratska zajednica	Opposition	Centre-right	BebićLuka	Bebić, Luka	M	1937	
ParlaMint-HR-en_2008-02-27-0	ParlaMint-HR_2008-02-27-0.u2241	Minutes of the National Assembly of the Republic of Croatia, Term 6, Session 3	2008-02-27	Unicameralism	6. mandat	-	Zasedanje 3	2008-03-28	-	Reference	English	Regular	MP	notMinister	HDZ	Hrvatska demokratska zajednica	Opposition	Centre-right	BiškupićBožo	Biškupić, Božo	M	1938	
ParlaMint-HR-en_2008-02-27-0	ParlaMint-HR_2008-02-27-0.u2242	Minutes of the National Assembly of the Republic of Croatia, Term 6, Session 3	2008-02-27	Unicameralism	6. mandat	-	Zasedanje 3	2008-03-28	-	Reference	English	Chairperson	MP	notMinister	HDZ	Hrvatska demokratska zajednica	Opposition	Centre-right	BebićLuka	Bebić, Luka	M	1937	
ParlaMint-HR-en_2008-02-27-0	ParlaMint-HR_2008-02-27-0.u2243	Minutes of the National Assembly of the Republic of Croatia, Term 6, Session 3	2008-02-27	Unicameralism	6. mandat	-	Zasedanje 3	2008-03-28	-	Reference	English	Regular	MP	notMinister	SDP	Socijaldemokratska partija Hrvatske	Opposition	Centre-left	ZgrebecDragica	Zgrebec, Dragica	F	1950	
ParlaMint-HR-en_2008-02-27-0	ParlaMint-HR_2008-02-27-0.u2244	Minutes of the National Assembly of the Republic of Croatia, Term 6, Session 3	2008-02-27	Unicameralism	6. mandat	-	Zasedanje 3	2008-03-28	-	Reference	English	Chairperson	MP	notMinister	HDZ	Hrvatska demokratska zajednica	Opposition	Centre-right	BebićLuka	Bebić, Luka	M	1937	
ParlaMint-HR-en_2008-02-27-0	ParlaMint-HR_2008-02-27-0.u2245	Minutes of the National Assembly of the Republic of Croatia, Term 6, Session 3	2008-02-27	Unicameralism	6. mandat	-	Zasedanje 3	2008-03-28	-	Reference	English	Regular	MP	notMinister	HDZ	Hrvatska demokratska zajednica	Opposition	Centre-right	BiškupićBožo	Biškupić, Božo	M	1938	
ParlaMint-HR-en_2008-02-27-0	ParlaMint-HR_2008-02-27-0.u2246	Minutes of the National Assembly of the Republic of Croatia, Term 6, Session 3	2008-02-27	Unicameralism	6. mandat	-	Zasedanje 3	2008-03-28	-	Reference	English	Chairperson	MP	notMinister	HDZ	Hrvatska demokratska zajednica	Opposition	Centre-right	BebićLuka	Bebić, Luka	M	1937	
ParlaMint-HR-en_2008-02-27-0	ParlaMint-HR_2008-02-27-0.u2247	Minutes of the National Assembly of the Republic of Croatia, Term 6, Session 3	2008-02-27	Unicameralism	6. mandat	-	Zasedanje 3	2008-03-28	-	Reference	English	Regular	MP	notMinister	SDP	Socijaldemokratska partija Hrvatske	Opposition	Centre-left	DenonaLuka	Denona, Luka	M	1950	
ParlaMint-HR-en_2008-02-27-0	ParlaMint-HR_2008-02-27-0.u2248	Minutes of the National Assembly of the Republic of Croatia, Term 6, Session 3	2008-02-27	Unicameralism	6. mandat	-	Zasedanje 3	2008-03-28	-	Reference	English	Chairperson	MP	notMinister	HDZ	Hrvatska demokratska zajednica	Opposition	Centre-right	BebićLuka	Bebić, Luka	M	1937	
ParlaMint-HR-en_2008-02-27-0	ParlaMint-HR_2008-02-27-0.u2249	Minutes of the National Assembly of the Republic of Croatia, Term 6, Session 3	2008-02-27	Unicameralism	6. mandat	-	Zasedanje 3	2008-03-28	-	Reference	English	Regular	MP	notMinister	HDZ	Hrvatska demokratska zajednica	Opposition	Centre-right	BiškupićBožo	Biškupić, Božo	M	1938	
ParlaMint-HR-en_2008-02-27-0	ParlaMint-HR_2008-02-27-0.u2250	Minutes of the National Assembly of the Republic of Croatia, Term 6, Session 3	2008-02-27	Unicameralism	6. mandat	-	Zasedanje 3	2008-03-28	-	Reference	English	Chairperson	MP	notMinister	HDZ	Hrvatska demokratska zajednica	Opposition	Centre-right	BebićLuka	Bebić, Luka	M	1937	
ParlaMint-HR-en_2008-02-27-0	ParlaMint-HR_2008-02-27-0.u2251	Minutes of the National Assembly of the Republic of Croatia, Term 6, Session 3	2008-02-27	Unicameralism	6. mandat	-	Zasedanje 3	2008-03-28	-	Reference	English	Regular	MP	notMinister	HDSSB	Hrvatski demokratski savez Slavonije i Baranje	Opposition	Centre-right	VinkovićZoran	Vinković, Zoran	M	1966	
ParlaMint-HR-en_2008-02-27-0	ParlaMint-HR_2008-02-27-0.u2252	Minutes of the National Assembly of the Republic of Croatia, Term 6, Session 3	2008-02-27	Unicameralism	6. mandat	-	Zasedanje 3	2008-03-28	-	Reference	English	Chairperson	MP	notMinister	HDZ	Hrvatska demokratska zajednica	Opposition	Centre-right	BebićLuka	Bebić, Luka	M	1937	
ParlaMint-HR-en_2008-02-27-0	ParlaMint-HR_2008-02-27-0.u2253	Minutes of the National Assembly of the Republic of Croatia, Term 6, Session 3	2008-02-27	Unicameralism	6. mandat	-	Zasedanje 3	2008-03-28	-	Reference	English	Regular	MP	notMinister	HDZ	Hrvatska demokratska zajednica	Opposition	Centre-right	BiškupićBožo	Biškupić, Božo	M	1938	
ParlaMint-HR-en_2008-02-27-0	ParlaMint-HR_2008-02-27-0.u2254	Minutes of the National Assembly of the Republic of Croatia, Term 6, Session 3	2008-02-27	Unicameralism	6. mandat	-	Zasedanje 3	2008-03-28	-	Reference	English	Chairperson	MP	notMinister	HDZ	Hrvatska demokratska zajednica	Opposition	Centre-right	BebićLuka	Bebić, Luka	M	1937	
ParlaMint-HR-en_2008-02-27-0	ParlaMint-HR_2008-02-27-0.u2255	Minutes of the National Assembly of the Republic of Croatia, Term 6, Session 3	2008-02-27	Unicameralism	6. mandat	-	Zasedanje 3	2008-03-28	-	Reference	English	Regular	MP	notMinister	HDSSB	Hrvatski demokratski savez Slavonije i Baranje	Opposition	Centre-right	VinkovićZoran	Vinković, Zoran	M	1966	
ParlaMint-HR-en_2008-02-27-0	ParlaMint-HR_2008-02-27-0.u2256	Minutes of the National Assembly of the Republic of Croatia, Term 6, Session 3	2008-02-27	Unicameralism	6. mandat	-	Zasedanje 3	2008-03-28	-	Reference	English	Chairperson	MP	notMinister	HDZ	Hrvatska demokratska zajednica	Opposition	Centre-right	BebićLuka	Bebić, Luka	M	1937	
ParlaMint-HR-en_2008-02-27-0	ParlaMint-HR_2008-02-27-0.u2257	Minutes of the National Assembly of the Republic of Croatia, Term 6, Session 3	2008-02-27	Unicameralism	6. mandat	-	Zasedanje 3	2008-03-28	-	Reference	English	Regular	MP	notMinister	HDZ	Hrvatska demokratska zajednica	Opposition	Centre-right	BiškupićBožo	Biškupić, Božo	M	1938	
ParlaMint-HR-en_2008-02-27-0	ParlaMint-HR_2008-02-27-0.u2258	Minutes of the National Assembly of the Republic of Croatia, Term 6, Session 3	2008-02-27	Unicameralism	6. mandat	-	Zasedanje 3	2008-03-28	-	Reference	English	Chairperson	MP	notMinister	HDZ	Hrvatska demokratska zajednica	Opposition	Centre-right	BebićLuka	Bebić, Luka	M	1937	
ParlaMint-HR-en_2008-02-27-0	ParlaMint-HR_2008-02-27-0.u2259	Minutes of the National Assembly of the Republic of Croatia, Term 6, Session 3	2008-02-27	Unicameralism	6. mandat	-	Zasedanje 3	2008-03-28	-	Reference	English	Regular	MP	notMinister	SDP	Socijaldemokratska partija Hrvatske	Opposition	Centre-left	KozlevacDino	Kozlevac, Dino	M	1960	
ParlaMint-HR-en_2008-02-27-0	ParlaMint-HR_2008-02-27-0.u2260	Minutes of the National Assembly of the Republic of Croatia, Term 6, Session 3	2008-02-27	Unicameralism	6. mandat	-	Zasedanje 3	2008-03-28	-	Reference	English	Chairperson	MP	notMinister	HDZ	Hrvatska demokratska zajednica	Opposition	Centre-right	BebićLuka	Bebić, Luka	M	1937	
ParlaMint-HR-en_2008-02-27-0	ParlaMint-HR_2008-02-27-0.u2261	Minutes of the National Assembly of the Republic of Croatia, Term 6, Session 3	2008-02-27	Unicameralism	6. mandat	-	Zasedanje 3	2008-03-28	-	Reference	English	Regular	MP	notMinister	HDZ	Hrvatska demokratska zajednica	Opposition	Centre-right	BiškupićBožo	Biškupić, Božo	M	1938	
ParlaMint-HR-en_2008-02-27-0	ParlaMint-HR_2008-02-27-0.u2262	Minutes of the National Assembly of the Republic of Croatia, Term 6, Session 3	2008-02-27	Unicameralism	6. mandat	-	Zasedanje 3	2008-03-28	-	Reference	English	Chairperson	MP	notMinister	HDZ	Hrvatska demokratska zajednica	Opposition	Centre-right	BebićLuka	Bebić, Luka	M	1937	
ParlaMint-HR-en_2008-02-27-0	ParlaMint-HR_2008-02-27-0.u2263	Minutes of the National Assembly of the Republic of Croatia, Term 6, Session 3	2008-02-27	Unicameralism	6. mandat	-	Zasedanje 3	2008-03-28	-	Reference	English	Regular	MP	notMinister	IDS	Istarski demokratski sabor	Opposition	Centre to centre-left	MiletićBoris	Miletić, Boris	M	1975	
ParlaMint-HR-en_2008-02-27-0	ParlaMint-HR_2008-02-27-0.u2264	Minutes of the National Assembly of the Republic of Croatia, Term 6, Session 3	2008-02-27	Unicameralism	6. mandat	-	Zasedanje 3	2008-03-28	-	Reference	English	Chairperson	MP	notMinister	HDZ	Hrvatska demokratska zajednica	Opposition	Centre-right	BebićLuka	Bebić, Luka	M	1937	
ParlaMint-HR-en_2008-02-27-0	ParlaMint-HR_2008-02-27-0.u2265	Minutes of the National Assembly of the Republic of Croatia, Term 6, Session 3	2008-02-27	Unicameralism	6. mandat	-	Zasedanje 3	2008-03-28	-	Reference	English	Regular	MP	notMinister	HDZ	Hrvatska demokratska zajednica	Opposition	Centre-right	BiškupićBožo	Biškupić, Božo	M	1938	
ParlaMint-HR-en_2008-02-27-0	ParlaMint-HR_2008-02-27-0.u2266	Minutes of the National Assembly of the Republic of Croatia, Term 6, Session 3	2008-02-27	Unicameralism	6. mandat	-	Zasedanje 3	2008-03-28	-	Reference	English	Chairperson	MP	notMinister	HDZ	Hrvatska demokratska zajednica	Opposition	Centre-right	BebićLuka	Bebić, Luka	M	1937	
ParlaMint-HR-en_2008-02-27-0	ParlaMint-HR_2008-02-27-0.u2267	Minutes of the National Assembly of the Republic of Croatia, Term 6, Session 3	2008-02-27	Unicameralism	6. mandat	-	Zasedanje 3	2008-03-28	-	Reference	English	Regular	MP	notMinister	SDP	Socijaldemokratska partija Hrvatske	Opposition	Centre-left	SobolGordana	Sobol, Gordana	F	1961	
ParlaMint-HR-en_2008-02-27-0	ParlaMint-HR_2008-02-27-0.u2268	Minutes of the National Assembly of the Republic of Croatia, Term 6, Session 3	2008-02-27	Unicameralism	6. mandat	-	Zasedanje 3	2008-03-28	-	Reference	English	Chairperson	MP	notMinister	HDZ	Hrvatska demokratska zajednica	Opposition	Centre-right	BebićLuka	Bebić, Luka	M	1937	
ParlaMint-HR-en_2008-02-27-0	ParlaMint-HR_2008-02-27-0.u2269	Minutes of the National Assembly of the Republic of Croatia, Term 6, Session 3	2008-02-27	Unicameralism	6. mandat	-	Zasedanje 3	2008-03-28	-	Reference	English	Regular	MP	notMinister	HSS	Hrvatska seljačka stranka	Coalition	Centre to centre-right	PankretićBožidar	Pankretić, Božidar	M	1964	
ParlaMint-HR-en_2008-02-27-0	ParlaMint-HR_2008-02-27-0.u2270	Minutes of the National Assembly of the Republic of Croatia, Term 6, Session 3	2008-02-27	Unicameralism	6. mandat	-	Zasedanje 3	2008-03-28	-	Reference	English	Chairperson	MP	notMinister	HDZ	Hrvatska demokratska zajednica	Opposition	Centre-right	BebićLuka	Bebić, Luka	M	1937	
ParlaMint-HR-en_2008-02-27-0	ParlaMint-HR_2008-02-27-0.u2271	Minutes of the National Assembly of the Republic of Croatia, Term 6, Session 3	2008-02-27	Unicameralism	6. mandat	-	Zasedanje 3	2008-03-28	-	Reference	English	Regular	MP	notMinister	HDSSB	Hrvatski demokratski savez Slavonije i Baranje	Opposition	Centre-right	VinkovićZoran	Vinković, Zoran	M	1966	
ParlaMint-HR-en_2008-02-27-0	ParlaMint-HR_2008-02-27-0.u2272	Minutes of the National Assembly of the Republic of Croatia, Term 6, Session 3	2008-02-27	Unicameralism	6. mandat	-	Zasedanje 3	2008-03-28	-	Reference	English	Chairperson	MP	notMinister	HDZ	Hrvatska demokratska zajednica	Opposition	Centre-right	BebićLuka	Bebić, Luka	M	1937	
ParlaMint-HR-en_2008-02-27-0	ParlaMint-HR_2008-02-27-0.u2273	Minutes of the National Assembly of the Republic of Croatia, Term 6, Session 3	2008-02-27	Unicameralism	6. mandat	-	Zasedanje 3	2008-03-28	-	Reference	English	Regular	MP	notMinister	HSS	Hrvatska seljačka stranka	Coalition	Centre to centre-right	PankretićBožidar	Pankretić, Božidar	M	1964	
ParlaMint-HR-en_2008-02-27-0	ParlaMint-HR_2008-02-27-0.u2274	Minutes of the National Assembly of the Republic of Croatia, Term 6, Session 3	2008-02-27	Unicameralism	6. mandat	-	Zasedanje 3	2008-03-28	-	Reference	English	Chairperson	MP	notMinister	HDZ	Hrvatska demokratska zajednica	Opposition	Centre-right	BebićLuka	Bebić, Luka	M	1937	
ParlaMint-HR-en_2008-02-27-0	ParlaMint-HR_2008-02-27-0.u2275	Minutes of the National Assembly of the Republic of Croatia, Term 6, Session 3	2008-02-27	Unicameralism	6. mandat	-	Zasedanje 3	2008-03-28	-	Reference	English	Regular	MP	notMinister	IDS	Istarski demokratski sabor	Opposition	Centre to centre-left	BrkarićMarin	Brkarić, Marin	M	1955	
ParlaMint-HR-en_2008-02-27-0	ParlaMint-HR_2008-02-27-0.u2276	Minutes of the National Assembly of the Republic of Croatia, Term 6, Session 3	2008-02-27	Unicameralism	6. mandat	-	Zasedanje 3	2008-03-28	-	Reference	English	Chairperson	MP	notMinister	HDZ	Hrvatska demokratska zajednica	Opposition	Centre-right	BebićLuka	Bebić, Luka	M	1937	
ParlaMint-HR-en_2008-02-27-0	ParlaMint-HR_2008-02-27-0.u2277	Minutes of the National Assembly of the Republic of Croatia, Term 6, Session 3	2008-02-27	Unicameralism	6. mandat	-	Zasedanje 3	2008-03-28	-	Reference	English	Regular	MP	notMinister	HSS	Hrvatska seljačka stranka	Coalition	Centre to centre-right	PankretićBožidar	Pankretić, Božidar	M	1964	
ParlaMint-HR-en_2008-02-27-0	ParlaMint-HR_2008-02-27-0.u2278	Minutes of the National Assembly of the Republic of Croatia, Term 6, Session 3	2008-02-27	Unicameralism	6. mandat	-	Zasedanje 3	2008-03-28	-	Reference	English	Chairperson	MP	notMinister	HDZ	Hrvatska demokratska zajednica	Opposition	Centre-right	BebićLuka	Bebić, Luka	M	1937	
ParlaMint-HR-en_2008-02-27-0	ParlaMint-HR_2008-02-27-0.u2279	Minutes of the National Assembly of the Republic of Croatia, Term 6, Session 3	2008-02-27	Unicameralism	6. mandat	-	Zasedanje 3	2008-03-28	-	Reference	English	Regular	MP	notMinister	SDP	Socijaldemokratska partija Hrvatske	Opposition	Centre-left	StazićNenad	Stazić, Nenad	M	1957	
ParlaMint-HR-en_2008-02-27-0	ParlaMint-HR_2008-02-27-0.u2280	Minutes of the National Assembly of the Republic of Croatia, Term 6, Session 3	2008-02-27	Unicameralism	6. mandat	-	Zasedanje 3	2008-03-28	-	Reference	English	Chairperson	MP	notMinister	HDZ	Hrvatska demokratska zajednica	Opposition	Centre-right	BebićLuka	Bebić, Luka	M	1937	
ParlaMint-HR-en_2008-02-27-0	ParlaMint-HR_2008-02-27-0.u2281	Minutes of the National Assembly of the Republic of Croatia, Term 6, Session 3	2008-02-27	Unicameralism	6. mandat	-	Zasedanje 3	2008-03-28	-	Reference	English	Regular	MP	notMinister	HDZ	Hrvatska demokratska zajednica	Opposition	Centre-right	JarnjakIvan	Jarnjak, Ivan	M	1941	
ParlaMint-HR-en_2008-02-27-0	ParlaMint-HR_2008-02-27-0.u2282	Minutes of the National Assembly of the Republic of Croatia, Term 6, Session 3	2008-02-27	Unicameralism	6. mandat	-	Zasedanje 3	2008-03-28	-	Reference	English	Chairperson	MP	notMinister	HDZ	Hrvatska demokratska zajednica	Opposition	Centre-right	BebićLuka	Bebić, Luka	M	1937	
ParlaMint-HR-en_2008-02-27-0	ParlaMint-HR_2008-02-27-0.u2283	Minutes of the National Assembly of the Republic of Croatia, Term 6, Session 3	2008-02-27	Unicameralism	6. mandat	-	Zasedanje 3	2008-03-28	-	Reference	English	Regular	MP	notMinister	SDP	Socijaldemokratska partija Hrvatske	Opposition	Centre-left	StazićNenad	Stazić, Nenad	M	1957	
ParlaMint-HR-en_2008-02-27-0	ParlaMint-HR_2008-02-27-0.u2284	Minutes of the National Assembly of the Republic of Croatia, Term 6, Session 3	2008-02-27	Unicameralism	6. mandat	-	Zasedanje 3	2008-03-28	-	Reference	English	Chairperson	MP	notMinister	HDZ	Hrvatska demokratska zajednica	Opposition	Centre-right	BebićLuka	Bebić, Luka	M	1937	
ParlaMint-HR-en_2008-02-27-0	ParlaMint-HR_2008-02-27-0.u2285	Minutes of the National Assembly of the Republic of Croatia, Term 6, Session 3	2008-02-27	Unicameralism	6. mandat	-	Zasedanje 3	2008-03-28	-	Reference	English	Regular	MP	notMinister	SDP	Socijaldemokratska partija Hrvatske	Opposition	Centre-left	StazićNenad	Stazić, Nenad	M	1957	
ParlaMint-HR-en_2008-02-27-0	ParlaMint-HR_2008-02-27-0.u2286	Minutes of the National Assembly of the Republic of Croatia, Term 6, Session 3	2008-02-27	Unicameralism	6. mandat	-	Zasedanje 3	2008-03-28	-	Reference	English	Chairperson	MP	notMinister	HDZ	Hrvatska demokratska zajednica	Opposition	Centre-right	BebićLuka	Bebić, Luka	M	1937	
ParlaMint-HR-en_2008-02-27-0	ParlaMint-HR_2008-02-27-0.u2287	Minutes of the National Assembly of the Republic of Croatia, Term 6, Session 3	2008-02-27	Unicameralism	6. mandat	-	Zasedanje 3	2008-03-28	-	Reference	English	Regular	MP	notMinister	HSS	Hrvatska seljačka stranka	Coalition	Centre to centre-right	PankretićBožidar	Pankretić, Božidar	M	1964	
ParlaMint-HR-en_2008-02-27-0	ParlaMint-HR_2008-02-27-0.u2288	Minutes of the National Assembly of the Republic of Croatia, Term 6, Session 3	2008-02-27	Unicameralism	6. mandat	-	Zasedanje 3	2008-03-28	-	Reference	English	Chairperson	MP	notMinister	HDZ	Hrvatska demokratska zajednica	Opposition	Centre-right	BebićLuka	Bebić, Luka	M	1937	
ParlaMint-HR-en_2008-02-27-0	ParlaMint-HR_2008-02-27-0.u2289	Minutes of the National Assembly of the Republic of Croatia, Term 6, Session 3	2008-02-27	Unicameralism	6. mandat	-	Zasedanje 3	2008-03-28	-	Reference	English	Regular	MP	notMinister	HSS	Hrvatska seljačka stranka	Coalition	Centre to centre-right	PankretićBožidar	Pankretić, Božidar	M	1964	
ParlaMint-HR-en_2008-02-27-0	ParlaMint-HR_2008-02-27-0.u2290	Minutes of the National Assembly of the Republic of Croatia, Term 6, Session 3	2008-02-27	Unicameralism	6. mandat	-	Zasedanje 3	2008-03-28	-	Reference	English	Chairperson	MP	notMinister	HDZ	Hrvatska demokratska zajednica	Opposition	Centre-right	BebićLuka	Bebić, Luka	M	1937	
ParlaMint-HR-en_2008-02-27-0	ParlaMint-HR_2008-02-27-0.u2291	Minutes of the National Assembly of the Republic of Croatia, Term 6, Session 3	2008-02-27	Unicameralism	6. mandat	-	Zasedanje 3	2008-03-28	-	Reference	English	Regular	MP	notMinister	IDS	Istarski demokratski sabor	Opposition	Centre to centre-left	MiletićBoris	Miletić, Boris	M	1975	
ParlaMint-HR-en_2008-02-27-0	ParlaMint-HR_2008-02-27-0.u2292	Minutes of the National Assembly of the Republic of Croatia, Term 6, Session 3	2008-02-27	Unicameralism	6. mandat	-	Zasedanje 3	2008-03-28	-	Reference	English	Chairperson	MP	notMinister	HDZ	Hrvatska demokratska zajednica	Opposition	Centre-right	BebićLuka	Bebić, Luka	M	1937	
ParlaMint-HR-en_2008-02-27-0	ParlaMint-HR_2008-02-27-0.u2293	Minutes of the National Assembly of the Republic of Croatia, Term 6, Session 3	2008-02-27	Unicameralism	6. mandat	-	Zasedanje 3	2008-03-28	-	Reference	English	Regular	MP	notMinister	HSS	Hrvatska seljačka stranka	Coalition	Centre to centre-right	PankretićBožidar	Pankretić, Božidar	M	1964	
ParlaMint-HR-en_2008-02-27-0	ParlaMint-HR_2008-02-27-0.u2294	Minutes of the National Assembly of the Republic of Croatia, Term 6, Session 3	2008-02-27	Unicameralism	6. mandat	-	Zasedanje 3	2008-03-28	-	Reference	English	Chairperson	MP	notMinister	HDZ	Hrvatska demokratska zajednica	Opposition	Centre-right	BebićLuka	Bebić, Luka	M	1937	
ParlaMint-HR-en_2008-02-27-0	ParlaMint-HR_2008-02-27-0.u2295	Minutes of the National Assembly of the Republic of Croatia, Term 6, Session 3	2008-02-27	Unicameralism	6. mandat	-	Zasedanje 3	2008-03-28	-	Reference	English	Regular	MP	notMinister	SDP	Socijaldemokratska partija Hrvatske	Opposition	Centre-left	BodakošDragutin	Bodakoš, Dragutin	M	1946	
ParlaMint-HR-en_2008-02-27-0	ParlaMint-HR_2008-02-27-0.u2296	Minutes of the National Assembly of the Republic of Croatia, Term 6, Session 3	2008-02-27	Unicameralism	6. mandat	-	Zasedanje 3	2008-03-28	-	Reference	English	Chairperson	MP	notMinister	HDZ	Hrvatska demokratska zajednica	Opposition	Centre-right	BebićLuka	Bebić, Luka	M	1937	
ParlaMint-HR-en_2008-02-27-0	ParlaMint-HR_2008-02-27-0.u2297	Minutes of the National Assembly of the Republic of Croatia, Term 6, Session 3	2008-02-27	Unicameralism	6. mandat	-	Zasedanje 3	2008-03-28	-	Reference	English	Regular	MP	notMinister	HSS	Hrvatska seljačka stranka	Coalition	Centre to centre-right	PankretićBožidar	Pankretić, Božidar	M	1964	
ParlaMint-HR-en_2008-02-27-0	ParlaMint-HR_2008-02-27-0.u2298	Minutes of the National Assembly of the Republic of Croatia, Term 6, Session 3	2008-02-27	Unicameralism	6. mandat	-	Zasedanje 3	2008-03-28	-	Reference	English	Chairperson	MP	notMinister	HDZ	Hrvatska demokratska zajednica	Opposition	Centre-right	BebićLuka	Bebić, Luka	M	1937	
ParlaMint-HR-en_2008-02-27-0	ParlaMint-HR_2008-02-27-0.u2299	Minutes of the National Assembly of the Republic of Croatia, Term 6, Session 3	2008-02-27	Unicameralism	6. mandat	-	Zasedanje 3	2008-03-28	-	Reference	English	Regular	MP	notMinister	SDP	Socijaldemokratska partija Hrvatske	Opposition	Centre-left	AntičevićMarinovićIngrid	Antičević Marinović, Ingrid	F	1957	
ParlaMint-HR-en_2008-02-27-0	ParlaMint-HR_2008-02-27-0.u2300	Minutes of the National Assembly of the Republic of Croatia, Term 6, Session 3	2008-02-27	Unicameralism	6. mandat	-	Zasedanje 3	2008-03-28	-	Reference	English	Chairperson	MP	notMinister	HDZ	Hrvatska demokratska zajednica	Opposition	Centre-right	BebićLuka	Bebić, Luka	M	1937	
ParlaMint-HR-en_2008-02-27-0	ParlaMint-HR_2008-02-27-0.u2301	Minutes of the National Assembly of the Republic of Croatia, Term 6, Session 3	2008-02-27	Unicameralism	6. mandat	-	Zasedanje 3	2008-03-28	-	Reference	English	Regular	MP	notMinister	HSS	Hrvatska seljačka stranka	Coalition	Centre to centre-right	PankretićBožidar	Pankretić, Božidar	M	1964	
ParlaMint-HR-en_2008-02-27-0	ParlaMint-HR_2008-02-27-0.u2302	Minutes of the National Assembly of the Republic of Croatia, Term 6, Session 3	2008-02-27	Unicameralism	6. mandat	-	Zasedanje 3	2008-03-28	-	Reference	English	Chairperson	MP	notMinister	HDZ	Hrvatska demokratska zajednica	Opposition	Centre-right	BebićLuka	Bebić, Luka	M	1937	
ParlaMint-HR-en_2008-02-27-0	ParlaMint-HR_2008-02-27-0.u2303	Minutes of the National Assembly of the Republic of Croatia, Term 6, Session 3	2008-02-27	Unicameralism	6. mandat	-	Zasedanje 3	2008-03-28	-	Reference	English	Regular	MP	notMinister	IDS	Istarski demokratski sabor	Opposition	Centre to centre-left	BrkarićMarin	Brkarić, Marin	M	1955	
ParlaMint-HR-en_2008-02-27-0	ParlaMint-HR_2008-02-27-0.u2304	Minutes of the National Assembly of the Republic of Croatia, Term 6, Session 3	2008-02-27	Unicameralism	6. mandat	-	Zasedanje 3	2008-03-28	-	Reference	English	Chairperson	MP	notMinister	HDZ	Hrvatska demokratska zajednica	Opposition	Centre-right	BebićLuka	Bebić, Luka	M	1937	
ParlaMint-HR-en_2008-02-27-0	ParlaMint-HR_2008-02-27-0.u2305	Minutes of the National Assembly of the Republic of Croatia, Term 6, Session 3	2008-02-27	Unicameralism	6. mandat	-	Zasedanje 3	2008-03-28	-	Reference	English	Regular	MP	notMinister	HSS	Hrvatska seljačka stranka	Coalition	Centre to centre-right	PankretićBožidar	Pankretić, Božidar	M	1964	
ParlaMint-HR-en_2008-02-27-0	ParlaMint-HR_2008-02-27-0.u2306	Minutes of the National Assembly of the Republic of Croatia, Term 6, Session 3	2008-02-27	Unicameralism	6. mandat	-	Zasedanje 3	2008-03-28	-	Reference	English	Chairperson	MP	notMinister	HDZ	Hrvatska demokratska zajednica	Opposition	Centre-right	BebićLuka	Bebić, Luka	M	1937	
ParlaMint-HR-en_2008-02-27-0	ParlaMint-HR_2008-02-27-0.u2307	Minutes of the National Assembly of the Republic of Croatia, Term 6, Session 3	2008-02-27	Unicameralism	6. mandat	-	Zasedanje 3	2008-03-28	-	Reference	English	Regular	MP	notMinister	HNS	Hrvatska narodna stranka	Coalition	Centre to centre-left	BeusRichemberghGoran	Beus Richembergh, Goran	M	1965	
ParlaMint-HR-en_2008-02-27-0	ParlaMint-HR_2008-02-27-0.u2308	Minutes of the National Assembly of the Republic of Croatia, Term 6, Session 3	2008-02-27	Unicameralism	6. mandat	-	Zasedanje 3	2008-03-28	-	Reference	English	Chairperson	MP	notMinister	HDZ	Hrvatska demokratska zajednica	Opposition	Centre-right	BebićLuka	Bebić, Luka	M	1937	
ParlaMint-HR-en_2008-02-27-0	ParlaMint-HR_2008-02-27-0.u2309	Minutes of the National Assembly of the Republic of Croatia, Term 6, Session 3	2008-02-27	Unicameralism	6. mandat	-	Zasedanje 3	2008-03-28	-	Reference	English	Regular	MP	notMinister	HSS	Hrvatska seljačka stranka	Coalition	Centre to centre-right	PankretićBožidar	Pankretić, Božidar	M	1964	
ParlaMint-HR-en_2008-02-27-0	ParlaMint-HR_2008-02-27-0.u2310	Minutes of the National Assembly of the Republic of Croatia, Term 6, Session 3	2008-02-27	Unicameralism	6. mandat	-	Zasedanje 3	2008-03-28	-	Reference	English	Chairperson	MP	notMinister	HDZ	Hrvatska demokratska zajednica	Opposition	Centre-right	BebićLuka	Bebić, Luka	M	1937	
ParlaMint-HR-en_2008-02-27-0	ParlaMint-HR_2008-02-27-0.u2311	Minutes of the National Assembly of the Republic of Croatia, Term 6, Session 3	2008-02-27	Unicameralism	6. mandat	-	Zasedanje 3	2008-03-28	-	Reference	English	Regular	MP	notMinister	IDS	Istarski demokratski sabor	Opposition	Centre to centre-left	BrkarićMarin	Brkarić, Marin	M	1955	
ParlaMint-HR-en_2008-02-27-0	ParlaMint-HR_2008-02-27-0.u2312	Minutes of the National Assembly of the Republic of Croatia, Term 6, Session 3	2008-02-27	Unicameralism	6. mandat	-	Zasedanje 3	2008-03-28	-	Reference	English	Chairperson	MP	notMinister	HDZ	Hrvatska demokratska zajednica	Opposition	Centre-right	BebićLuka	Bebić, Luka	M	1937	
ParlaMint-HR-en_2008-02-27-0	ParlaMint-HR_2008-02-27-0.u2313	Minutes of the National Assembly of the Republic of Croatia, Term 6, Session 3	2008-02-27	Unicameralism	6. mandat	-	Zasedanje 3	2008-03-28	-	Reference	English	Regular	MP	notMinister	HSS	Hrvatska seljačka stranka	Coalition	Centre to centre-right	PankretićBožidar	Pankretić, Božidar	M	1964	
ParlaMint-HR-en_2008-02-27-0	ParlaMint-HR_2008-02-27-0.u2314	Minutes of the National Assembly of the Republic of Croatia, Term 6, Session 3	2008-02-27	Unicameralism	6. mandat	-	Zasedanje 3	2008-03-28	-	Reference	English	Chairperson	MP	notMinister	HDZ	Hrvatska demokratska zajednica	Opposition	Centre-right	BebićLuka	Bebić, Luka	M	1937	
ParlaMint-HR-en_2008-02-27-0	ParlaMint-HR_2008-02-27-0.u2315	Minutes of the National Assembly of the Republic of Croatia, Term 6, Session 3	2008-02-27	Unicameralism	6. mandat	-	Zasedanje 3	2008-03-28	-	Reference	English	Regular	MP	notMinister	SDP	Socijaldemokratska partija Hrvatske	Opposition	Centre-left	HolyMirela	Holy, Mirela	F	1971	
ParlaMint-HR-en_2008-02-27-0	ParlaMint-HR_2008-02-27-0.u2316	Minutes of the National Assembly of the Republic of Croatia, Term 6, Session 3	2008-02-27	Unicameralism	6. mandat	-	Zasedanje 3	2008-03-28	-	Reference	English	Chairperson	MP	notMinister	HDZ	Hrvatska demokratska zajednica	Opposition	Centre-right	BebićLuka	Bebić, Luka	M	1937	
ParlaMint-HR-en_2008-02-27-0	ParlaMint-HR_2008-02-27-0.u2317	Minutes of the National Assembly of the Republic of Croatia, Term 6, Session 3	2008-02-27	Unicameralism	6. mandat	-	Zasedanje 3	2008-03-28	-	Reference	English	Regular	MP	notMinister	HSS	Hrvatska seljačka stranka	Coalition	Centre to centre-right	PankretićBožidar	Pankretić, Božidar	M	1964	
ParlaMint-HR-en_2008-02-27-0	ParlaMint-HR_2008-02-27-0.u2318	Minutes of the National Assembly of the Republic of Croatia, Term 6, Session 3	2008-02-27	Unicameralism	6. mandat	-	Zasedanje 3	2008-03-28	-	Reference	English	Chairperson	MP	notMinister	HDZ	Hrvatska demokratska zajednica	Opposition	Centre-right	BebićLuka	Bebić, Luka	M	1937	
ParlaMint-HR-en_2008-02-27-0	ParlaMint-HR_2008-02-27-0.u2319	Minutes of the National Assembly of the Republic of Croatia, Term 6, Session 3	2008-02-27	Unicameralism	6. mandat	-	Zasedanje 3	2008-03-28	-	Reference	English	Regular	MP	notMinister	IDS	Istarski demokratski sabor	Opposition	Centre to centre-left	BrkarićMarin	Brkarić, Marin	M	1955	
ParlaMint-HR-en_2008-02-27-0	ParlaMint-HR_2008-02-27-0.u2320	Minutes of the National Assembly of the Republic of Croatia, Term 6, Session 3	2008-02-27	Unicameralism	6. mandat	-	Zasedanje 3	2008-03-28	-	Reference	English	Chairperson	MP	notMinister	HDZ	Hrvatska demokratska zajednica	Opposition	Centre-right	BebićLuka	Bebić, Luka	M	1937	
ParlaMint-HR-en_2008-02-27-0	ParlaMint-HR_2008-02-27-0.u2321	Minutes of the National Assembly of the Republic of Croatia, Term 6, Session 3	2008-02-27	Unicameralism	6. mandat	-	Zasedanje 3	2008-03-28	-	Reference	English	Regular	MP	notMinister	HSS	Hrvatska seljačka stranka	Coalition	Centre to centre-right	PankretićBožidar	Pankretić, Božidar	M	1964	
ParlaMint-HR-en_2008-02-27-0	ParlaMint-HR_2008-02-27-0.u2322	Minutes of the National Assembly of the Republic of Croatia, Term 6, Session 3	2008-02-27	Unicameralism	6. mandat	-	Zasedanje 3	2008-03-28	-	Reference	English	Chairperson	MP	notMinister	HDZ	Hrvatska demokratska zajednica	Opposition	Centre-right	BebićLuka	Bebić, Luka	M	1937	
ParlaMint-HR-en_2008-02-27-0	ParlaMint-HR_2008-02-27-0.u2324	Minutes of the National Assembly of the Republic of Croatia, Term 6, Session 3	2008-02-27	Unicameralism	6. mandat	-	Zasedanje 3	2008-03-28	-	Reference	English	Regular	MP	notMinister	HSS	Hrvatska seljačka stranka	Coalition	Centre to centre-right	PankretićBožidar	Pankretić, Božidar	M	1964	
ParlaMint-HR-en_2008-02-27-0	ParlaMint-HR_2008-02-27-0.u2325	Minutes of the National Assembly of the Republic of Croatia, Term 6, Session 3	2008-02-27	Unicameralism	6. mandat	-	Zasedanje 3	2008-03-28	-	Reference	English	Chairperson	MP	notMinister	HDZ	Hrvatska demokratska zajednica	Opposition	Centre-right	BebićLuka	Bebić, Luka	M	1937	
ParlaMint-HR-en_2008-02-27-0	ParlaMint-HR_2008-02-27-0.u2326	Minutes of the National Assembly of the Republic of Croatia, Term 6, Session 3	2008-02-27	Unicameralism	6. mandat	-	Zasedanje 3	2008-03-28	-	Reference	English	Regular	MP	notMinister	IDS	Istarski demokratski sabor	Opposition	Centre to centre-left	BrkarićMarin	Brkarić, Marin	M	1955	
ParlaMint-HR-en_2008-02-27-0	ParlaMint-HR_2008-02-27-0.u2327	Minutes of the National Assembly of the Republic of Croatia, Term 6, Session 3	2008-02-27	Unicameralism	6. mandat	-	Zasedanje 3	2008-03-28	-	Reference	English	Chairperson	MP	notMinister	HDZ	Hrvatska demokratska zajednica	Opposition	Centre-right	BebićLuka	Bebić, Luka	M	1937	
ParlaMint-HR-en_2008-02-27-0	ParlaMint-HR_2008-02-27-0.u2328	Minutes of the National Assembly of the Republic of Croatia, Term 6, Session 3	2008-02-27	Unicameralism	6. mandat	-	Zasedanje 3	2008-03-28	-	Reference	English	Regular	MP	notMinister	HSS	Hrvatska seljačka stranka	Coalition	Centre to centre-right	PankretićBožidar	Pankretić, Božidar	M	1964	
ParlaMint-HR-en_2008-02-27-0	ParlaMint-HR_2008-02-27-0.u2329	Minutes of the National Assembly of the Republic of Croatia, Term 6, Session 3	2008-02-27	Unicameralism	6. mandat	-	Zasedanje 3	2008-03-28	-	Reference	English	Chairperson	MP	notMinister	HDZ	Hrvatska demokratska zajednica	Opposition	Centre-right	BebićLuka	Bebić, Luka	M	1937	
ParlaMint-HR-en_2008-02-27-0	ParlaMint-HR_2008-02-27-0.u2330	Minutes of the National Assembly of the Republic of Croatia, Term 6, Session 3	2008-02-27	Unicameralism	6. mandat	-	Zasedanje 3	2008-03-28	-	Reference	English	Regular	MP	notMinister	SDP	Socijaldemokratska partija Hrvatske	Opposition	Centre-left	HefferGoran	Heffer, Goran	M	1959	
ParlaMint-HR-en_2008-02-27-0	ParlaMint-HR_2008-02-27-0.u2331	Minutes of the National Assembly of the Republic of Croatia, Term 6, Session 3	2008-02-27	Unicameralism	6. mandat	-	Zasedanje 3	2008-03-28	-	Reference	English	Chairperson	MP	notMinister	HDZ	Hrvatska demokratska zajednica	Opposition	Centre-right	BebićLuka	Bebić, Luka	M	1937	
ParlaMint-HR-en_2008-02-27-0	ParlaMint-HR_2008-02-27-0.u2332	Minutes of the National Assembly of the Republic of Croatia, Term 6, Session 3	2008-02-27	Unicameralism	6. mandat	-	Zasedanje 3	2008-03-28	-	Reference	English	Regular	MP	notMinister	HSS	Hrvatska seljačka stranka	Coalition	Centre to centre-right	PankretićBožidar	Pankretić, Božidar	M	1964	
ParlaMint-HR-en_2008-02-27-0	ParlaMint-HR_2008-02-27-0.u2333	Minutes of the National Assembly of the Republic of Croatia, Term 6, Session 3	2008-02-27	Unicameralism	6. mandat	-	Zasedanje 3	2008-03-28	-	Reference	English	Chairperson	MP	notMinister	HDZ	Hrvatska demokratska zajednica	Opposition	Centre-right	BebićLuka	Bebić, Luka	M	1937	
ParlaMint-HR-en_2008-02-27-0	ParlaMint-HR_2008-02-27-0.u2334	Minutes of the National Assembly of the Republic of Croatia, Term 6, Session 3	2008-02-27	Unicameralism	6. mandat	-	Zasedanje 3	2008-03-28	-	Reference	English	Regular	MP	notMinister	SDP	Socijaldemokratska partija Hrvatske	Opposition	Centre-left	SobolGordana	Sobol, Gordana	F	1961	
ParlaMint-HR-en_2008-02-27-0	ParlaMint-HR_2008-02-27-0.u2335	Minutes of the National Assembly of the Republic of Croatia, Term 6, Session 3	2008-02-27	Unicameralism	6. mandat	-	Zasedanje 3	2008-03-28	-	Reference	English	Chairperson	MP	notMinister	HDZ	Hrvatska demokratska zajednica	Opposition	Centre-right	BebićLuka	Bebić, Luka	M	1937	
ParlaMint-HR-en_2008-02-27-0	ParlaMint-HR_2008-02-27-0.u2336	Minutes of the National Assembly of the Republic of Croatia, Term 6, Session 3	2008-02-27	Unicameralism	6. mandat	-	Zasedanje 3	2008-03-28	-	Reference	English	Regular	notMP	notMinister	-	-	-	-	MikulićMilivoj	Mikulić, Milivoj	U	-	
ParlaMint-HR-en_2008-02-27-0	ParlaMint-HR_2008-02-27-0.u2337	Minutes of the National Assembly of the Republic of Croatia, Term 6, Session 3	2008-02-27	Unicameralism	6. mandat	-	Zasedanje 3	2008-03-28	-	Reference	English	Chairperson	MP	notMinister	HDZ	Hrvatska demokratska zajednica	Opposition	Centre-right	BebićLuka	Bebić, Luka	M	1937	
ParlaMint-HR-en_2008-02-27-0	ParlaMint-HR_2008-02-27-0.u2338	Minutes of the National Assembly of the Republic of Croatia, Term 6, Session 3	2008-02-27	Unicameralism	6. mandat	-	Zasedanje 3	2008-03-28	-	Reference	English	Regular	MP	notMinister	SDP	Socijaldemokratska partija Hrvatske	Opposition	Centre-left	DenonaLuka	Denona, Luka	M	1950	
ParlaMint-HR-en_2008-02-27-0	ParlaMint-HR_2008-02-27-0.u2339	Minutes of the National Assembly of the Republic of Croatia, Term 6, Session 3	2008-02-27	Unicameralism	6. mandat	-	Zasedanje 3	2008-03-28	-	Reference	English	Chairperson	MP	notMinister	HDZ	Hrvatska demokratska zajednica	Opposition	Centre-right	BebićLuka	Bebić, Luka	M	1937	
ParlaMint-HR-en_2008-02-27-0	ParlaMint-HR_2008-02-27-0.u2340	Minutes of the National Assembly of the Republic of Croatia, Term 6, Session 3	2008-02-27	Unicameralism	6. mandat	-	Zasedanje 3	2008-03-28	-	Reference	English	Regular	notMP	notMinister	-	-	-	-	MikulićMilivoj	Mikulić, Milivoj	U	-	
ParlaMint-HR-en_2008-02-27-0	ParlaMint-HR_2008-02-27-0.u2341	Minutes of the National Assembly of the Republic of Croatia, Term 6, Session 3	2008-02-27	Unicameralism	6. mandat	-	Zasedanje 3	2008-03-28	-	Reference	English	Chairperson	MP	notMinister	HDZ	Hrvatska demokratska zajednica	Opposition	Centre-right	BebićLuka	Bebić, Luka	M	1937	
ParlaMint-HR-en_2008-02-27-0	ParlaMint-HR_2008-02-27-0.u2342	Minutes of the National Assembly of the Republic of Croatia, Term 6, Session 3	2008-02-27	Unicameralism	6. mandat	-	Zasedanje 3	2008-03-28	-	Reference	English	Regular	MP	notMinister	IDS	Istarski demokratski sabor	Opposition	Centre to centre-left	BrkarićMarin	Brkarić, Marin	M	1955	
ParlaMint-HR-en_2008-02-27-0	ParlaMint-HR_2008-02-27-0.u2343	Minutes of the National Assembly of the Republic of Croatia, Term 6, Session 3	2008-02-27	Unicameralism	6. mandat	-	Zasedanje 3	2008-03-28	-	Reference	English	Chairperson	MP	notMinister	HDZ	Hrvatska demokratska zajednica	Opposition	Centre-right	BebićLuka	Bebić, Luka	M	1937	
ParlaMint-HR-en_2008-02-27-0	ParlaMint-HR_2008-02-27-0.u2344	Minutes of the National Assembly of the Republic of Croatia, Term 6, Session 3	2008-02-27	Unicameralism	6. mandat	-	Zasedanje 3	2008-03-28	-	Reference	English	Regular	notMP	notMinister	-	-	-	-	MikulićMilivoj	Mikulić, Milivoj	U	-	
ParlaMint-HR-en_2008-02-27-0	ParlaMint-HR_2008-02-27-0.u2345	Minutes of the National Assembly of the Republic of Croatia, Term 6, Session 3	2008-02-27	Unicameralism	6. mandat	-	Zasedanje 3	2008-03-28	-	Reference	English	Chairperson	MP	notMinister	HDZ	Hrvatska demokratska zajednica	Opposition	Centre-right	BebićLuka	Bebić, Luka	M	1937	
ParlaMint-HR-en_2008-02-27-0	ParlaMint-HR_2008-02-27-0.u2346	Minutes of the National Assembly of the Republic of Croatia, Term 6, Session 3	2008-02-27	Unicameralism	6. mandat	-	Zasedanje 3	2008-03-28	-	Reference	English	Regular	MP	notMinister	IDS	Istarski demokratski sabor	Opposition	Centre to centre-left	MiletićBoris	Miletić, Boris	M	1975	
ParlaMint-HR-en_2008-02-27-0	ParlaMint-HR_2008-02-27-0.u2347	Minutes of the National Assembly of the Republic of Croatia, Term 6, Session 3	2008-02-27	Unicameralism	6. mandat	-	Zasedanje 3	2008-03-28	-	Reference	English	Chairperson	MP	notMinister	HDZ	Hrvatska demokratska zajednica	Opposition	Centre-right	BebićLuka	Bebić, Luka	M	1937	
ParlaMint-HR-en_2008-02-27-0	ParlaMint-HR_2008-02-27-0.u2348	Minutes of the National Assembly of the Republic of Croatia, Term 6, Session 3	2008-02-27	Unicameralism	6. mandat	-	Zasedanje 3	2008-03-28	-	Reference	English	Regular	notMP	notMinister	-	-	-	-	MikulićMilivoj	Mikulić, Milivoj	U	-	
ParlaMint-HR-en_2008-02-27-0	ParlaMint-HR_2008-02-27-0.u2349	Minutes of the National Assembly of the Republic of Croatia, Term 6, Session 3	2008-02-27	Unicameralism	6. mandat	-	Zasedanje 3	2008-03-28	-	Reference	English	Chairperson	MP	notMinister	HDZ	Hrvatska demokratska zajednica	Opposition	Centre-right	BebićLuka	Bebić, Luka	M	1937	
ParlaMint-HR-en_2008-02-27-0	ParlaMint-HR_2008-02-27-0.u2350	Minutes of the National Assembly of the Republic of Croatia, Term 6, Session 3	2008-02-27	Unicameralism	6. mandat	-	Zasedanje 3	2008-03-28	-	Reference	English	Regular	MP	notMinister	SDP	Socijaldemokratska partija Hrvatske	Opposition	Centre-left	KozlevacDino	Kozlevac, Dino	M	1960	
ParlaMint-HR-en_2008-02-27-0	ParlaMint-HR_2008-02-27-0.u2351	Minutes of the National Assembly of the Republic of Croatia, Term 6, Session 3	2008-02-27	Unicameralism	6. mandat	-	Zasedanje 3	2008-03-28	-	Reference	English	Chairperson	MP	notMinister	HDZ	Hrvatska demokratska zajednica	Opposition	Centre-right	BebićLuka	Bebić, Luka	M	1937	
ParlaMint-HR-en_2008-02-27-0	ParlaMint-HR_2008-02-27-0.u2352	Minutes of the National Assembly of the Republic of Croatia, Term 6, Session 3	2008-02-27	Unicameralism	6. mandat	-	Zasedanje 3	2008-03-28	-	Reference	English	Regular	notMP	notMinister	-	-	-	-	MikulićMilivoj	Mikulić, Milivoj	U	-	
ParlaMint-HR-en_2008-02-27-0	ParlaMint-HR_2008-02-27-0.u2353	Minutes of the National Assembly of the Republic of Croatia, Term 6, Session 3	2008-02-27	Unicameralism	6. mandat	-	Zasedanje 3	2008-03-28	-	Reference	English	Chairperson	MP	notMinister	HDZ	Hrvatska demokratska zajednica	Opposition	Centre-right	BebićLuka	Bebić, Luka	M	1937	
ParlaMint-HR-en_2008-02-27-0	ParlaMint-HR_2008-02-27-0.u2354	Minutes of the National Assembly of the Republic of Croatia, Term 6, Session 3	2008-02-27	Unicameralism	6. mandat	-	Zasedanje 3	2008-03-28	-	Reference	English	Regular	MP	notMinister	SDP	Socijaldemokratska partija Hrvatske	Opposition	Centre-left	KozlevacDino	Kozlevac, Dino	M	1960	
ParlaMint-HR-en_2008-02-27-0	ParlaMint-HR_2008-02-27-0.u2355	Minutes of the National Assembly of the Republic of Croatia, Term 6, Session 3	2008-02-27	Unicameralism	6. mandat	-	Zasedanje 3	2008-03-28	-	Reference	English	Chairperson	MP	notMinister	HDZ	Hrvatska demokratska zajednica	Opposition	Centre-right	BebićLuka	Bebić, Luka	M	1937	
ParlaMint-HR-en_2008-02-27-0	ParlaMint-HR_2008-02-27-0.u2356	Minutes of the National Assembly of the Republic of Croatia, Term 6, Session 3	2008-02-27	Unicameralism	6. mandat	-	Zasedanje 3	2008-03-28	-	Reference	English	Regular	notMP	notMinister	-	-	-	-	MikulićMilivoj	Mikulić, Milivoj	U	-	
ParlaMint-HR-en_2008-02-27-0	ParlaMint-HR_2008-02-27-0.u2357	Minutes of the National Assembly of the Republic of Croatia, Term 6, Session 3	2008-02-27	Unicameralism	6. mandat	-	Zasedanje 3	2008-03-28	-	Reference	English	Chairperson	MP	notMinister	HDZ	Hrvatska demokratska zajednica	Opposition	Centre-right	BebićLuka	Bebić, Luka	M	1937	
ParlaMint-HR-en_2008-02-27-0	ParlaMint-HR_2008-02-27-0.u2358	Minutes of the National Assembly of the Republic of Croatia, Term 6, Session 3	2008-02-27	Unicameralism	6. mandat	-	Zasedanje 3	2008-03-28	-	Reference	English	Regular	MP	notMinister	SDP	Socijaldemokratska partija Hrvatske	Opposition	Centre-left	DenonaLuka	Denona, Luka	M	1950	
ParlaMint-HR-en_2008-02-27-0	ParlaMint-HR_2008-02-27-0.u2359	Minutes of the National Assembly of the Republic of Croatia, Term 6, Session 3	2008-02-27	Unicameralism	6. mandat	-	Zasedanje 3	2008-03-28	-	Reference	English	Chairperson	MP	notMinister	HDZ	Hrvatska demokratska zajednica	Opposition	Centre-right	BebićLuka	Bebić, Luka	M	1937	
ParlaMint-HR-en_2008-02-27-0	ParlaMint-HR_2008-02-27-0.u2360	Minutes of the National Assembly of the Republic of Croatia, Term 6, Session 3	2008-02-27	Unicameralism	6. mandat	-	Zasedanje 3	2008-03-28	-	Reference	English	Regular	notMP	notMinister	-	-	-	-	MikulićMilivoj	Mikulić, Milivoj	U	-	
ParlaMint-HR-en_2008-02-27-0	ParlaMint-HR_2008-02-27-0.u2361	Minutes of the National Assembly of the Republic of Croatia, Term 6, Session 3	2008-02-27	Unicameralism	6. mandat	-	Zasedanje 3	2008-03-28	-	Reference	English	Chairperson	MP	notMinister	HDZ	Hrvatska demokratska zajednica	Opposition	Centre-right	BebićLuka	Bebić, Luka	M	1937	
ParlaMint-HR-en_2008-02-27-0	ParlaMint-HR_2008-02-27-0.u2362	Minutes of the National Assembly of the Republic of Croatia, Term 6, Session 3	2008-02-27	Unicameralism	6. mandat	-	Zasedanje 3	2008-03-28	-	Reference	English	Regular	MP	notMinister	IDS	Istarski demokratski sabor	Opposition	Centre to centre-left	BrkarićMarin	Brkarić, Marin	M	1955	
ParlaMint-HR-en_2008-02-27-0	ParlaMint-HR_2008-02-27-0.u2363	Minutes of the National Assembly of the Republic of Croatia, Term 6, Session 3	2008-02-27	Unicameralism	6. mandat	-	Zasedanje 3	2008-03-28	-	Reference	English	Chairperson	MP	notMinister	HDZ	Hrvatska demokratska zajednica	Opposition	Centre-right	BebićLuka	Bebić, Luka	M	1937	
ParlaMint-HR-en_2008-02-27-0	ParlaMint-HR_2008-02-27-0.u2364	Minutes of the National Assembly of the Republic of Croatia, Term 6, Session 3	2008-02-27	Unicameralism	6. mandat	-	Zasedanje 3	2008-03-28	-	Reference	English	Regular	notMP	notMinister	-	-	-	-	MikulićMilivoj	Mikulić, Milivoj	U	-	
ParlaMint-HR-en_2008-02-27-0	ParlaMint-HR_2008-02-27-0.u2365	Minutes of the National Assembly of the Republic of Croatia, Term 6, Session 3	2008-02-27	Unicameralism	6. mandat	-	Zasedanje 3	2008-03-28	-	Reference	English	Chairperson	MP	notMinister	HDZ	Hrvatska demokratska zajednica	Opposition	Centre-right	BebićLuka	Bebić, Luka	M	1937	
ParlaMint-HR-en_2008-02-27-0	ParlaMint-HR_2008-02-27-0.u2366	Minutes of the National Assembly of the Republic of Croatia, Term 6, Session 3	2008-02-27	Unicameralism	6. mandat	-	Zasedanje 3	2008-03-28	-	Reference	English	Regular	MP	notMinister	IDS	Istarski demokratski sabor	Opposition	Centre to centre-left	BrkarićMarin	Brkarić, Marin	M	1955	
ParlaMint-HR-en_2008-02-27-0	ParlaMint-HR_2008-02-27-0.u2367	Minutes of the National Assembly of the Republic of Croatia, Term 6, Session 3	2008-02-27	Unicameralism	6. mandat	-	Zasedanje 3	2008-03-28	-	Reference	English	Chairperson	MP	notMinister	HDZ	Hrvatska demokratska zajednica	Opposition	Centre-right	BebićLuka	Bebić, Luka	M	1937	
ParlaMint-HR-en_2008-02-27-0	ParlaMint-HR_2008-02-27-0.u2368	Minutes of the National Assembly of the Republic of Croatia, Term 6, Session 3	2008-02-27	Unicameralism	6. mandat	-	Zasedanje 3	2008-03-28	-	Reference	English	Regular	notMP	notMinister	-	-	-	-	MikulićMilivoj	Mikulić, Milivoj	U	-	
ParlaMint-HR-en_2008-02-27-0	ParlaMint-HR_2008-02-27-0.u2369	Minutes of the National Assembly of the Republic of Croatia, Term 6, Session 3	2008-02-27	Unicameralism	6. mandat	-	Zasedanje 3	2008-03-28	-	Reference	English	Chairperson	MP	notMinister	HDZ	Hrvatska demokratska zajednica	Opposition	Centre-right	BebićLuka	Bebić, Luka	M	1937	
ParlaMint-HR-en_2008-02-27-0	ParlaMint-HR_2008-02-27-0.u2370	Minutes of the National Assembly of the Republic of Croatia, Term 6, Session 3	2008-02-27	Unicameralism	6. mandat	-	Zasedanje 3	2008-03-28	-	Reference	English	Regular	MP	notMinister	IDS	Istarski demokratski sabor	Opposition	Centre to centre-left	BrkarićMarin	Brkarić, Marin	M	1955	
ParlaMint-HR-en_2008-02-27-0	ParlaMint-HR_2008-02-27-0.u2371	Minutes of the National Assembly of the Republic of Croatia, Term 6, Session 3	2008-02-27	Unicameralism	6. mandat	-	Zasedanje 3	2008-03-28	-	Reference	English	Chairperson	MP	notMinister	HDZ	Hrvatska demokratska zajednica	Opposition	Centre-right	BebićLuka	Bebić, Luka	M	1937	
ParlaMint-HR-en_2008-02-27-0	ParlaMint-HR_2008-02-27-0.u2372	Minutes of the National Assembly of the Republic of Croatia, Term 6, Session 3	2008-02-27	Unicameralism	6. mandat	-	Zasedanje 3	2008-03-28	-	Reference	English	Regular	notMP	notMinister	-	-	-	-	MikulićMilivoj	Mikulić, Milivoj	U	-	
ParlaMint-HR-en_2008-02-27-0	ParlaMint-HR_2008-02-27-0.u2373	Minutes of the National Assembly of the Republic of Croatia, Term 6, Session 3	2008-02-27	Unicameralism	6. mandat	-	Zasedanje 3	2008-03-28	-	Reference	English	Chairperson	MP	notMinister	HDZ	Hrvatska demokratska zajednica	Opposition	Centre-right	BebićLuka	Bebić, Luka	M	1937	
ParlaMint-HR-en_2008-02-27-0	ParlaMint-HR_2008-02-27-0.u2374	Minutes of the National Assembly of the Republic of Croatia, Term 6, Session 3	2008-02-27	Unicameralism	6. mandat	-	Zasedanje 3	2008-03-28	-	Reference	English	Regular	MP	notMinister	HNS	Hrvatska narodna stranka	Coalition	Centre to centre-left	BeusRichemberghGoran	Beus Richembergh, Goran	M	1965	
ParlaMint-HR-en_2008-02-27-0	ParlaMint-HR_2008-02-27-0.u2375	Minutes of the National Assembly of the Republic of Croatia, Term 6, Session 3	2008-02-27	Unicameralism	6. mandat	-	Zasedanje 3	2008-03-28	-	Reference	English	Chairperson	MP	notMinister	HDZ	Hrvatska demokratska zajednica	Opposition	Centre-right	BebićLuka	Bebić, Luka	M	1937	
ParlaMint-HR-en_2008-02-27-0	ParlaMint-HR_2008-02-27-0.u2376	Minutes of the National Assembly of the Republic of Croatia, Term 6, Session 3	2008-02-27	Unicameralism	6. mandat	-	Zasedanje 3	2008-03-28	-	Reference	English	Regular	notMP	notMinister	-	-	-	-	MikulićMilivoj	Mikulić, Milivoj	U	-	
ParlaMint-HR-en_2008-02-27-0	ParlaMint-HR_2008-02-27-0.u2377	Minutes of the National Assembly of the Republic of Croatia, Term 6, Session 3	2008-02-27	Unicameralism	6. mandat	-	Zasedanje 3	2008-03-28	-	Reference	English	Chairperson	MP	notMinister	HDZ	Hrvatska demokratska zajednica	Opposition	Centre-right	BebićLuka	Bebić, Luka	M	1937	
ParlaMint-HR-en_2008-02-27-0	ParlaMint-HR_2008-02-27-0.u2378	Minutes of the National Assembly of the Republic of Croatia, Term 6, Session 3	2008-02-27	Unicameralism	6. mandat	-	Zasedanje 3	2008-03-28	-	Reference	English	Regular	MP	notMinister	HNS	Hrvatska narodna stranka	Coalition	Centre to centre-left	BeusRichemberghGoran	Beus Richembergh, Goran	M	1965	
ParlaMint-HR-en_2008-02-27-0	ParlaMint-HR_2008-02-27-0.u2379	Minutes of the National Assembly of the Republic of Croatia, Term 6, Session 3	2008-02-27	Unicameralism	6. mandat	-	Zasedanje 3	2008-03-28	-	Reference	English	Chairperson	MP	notMinister	HDZ	Hrvatska demokratska zajednica	Opposition	Centre-right	BebićLuka	Bebić, Luka	M	1937	
ParlaMint-HR-en_2008-02-27-0	ParlaMint-HR_2008-02-27-0.u2380	Minutes of the National Assembly of the Republic of Croatia, Term 6, Session 3	2008-02-27	Unicameralism	6. mandat	-	Zasedanje 3	2008-03-28	-	Reference	English	Regular	notMP	notMinister	-	-	-	-	MikulićMilivoj	Mikulić, Milivoj	U	-	
ParlaMint-HR-en_2008-02-27-0	ParlaMint-HR_2008-02-27-0.u2381	Minutes of the National Assembly of the Republic of Croatia, Term 6, Session 3	2008-02-27	Unicameralism	6. mandat	-	Zasedanje 3	2008-03-28	-	Reference	English	Chairperson	MP	notMinister	HDZ	Hrvatska demokratska zajednica	Opposition	Centre-right	BebićLuka	Bebić, Luka	M	1937	
ParlaMint-HR-en_2008-02-27-0	ParlaMint-HR_2008-02-27-0.u2382	Minutes of the National Assembly of the Republic of Croatia, Term 6, Session 3	2008-02-27	Unicameralism	6. mandat	-	Zasedanje 3	2008-03-28	-	Reference	English	Regular	MP	notMinister	IDS	Istarski demokratski sabor	Opposition	Centre to centre-left	MiletićBoris	Miletić, Boris	M	1975	
ParlaMint-HR-en_2008-02-27-0	ParlaMint-HR_2008-02-27-0.u2383	Minutes of the National Assembly of the Republic of Croatia, Term 6, Session 3	2008-02-27	Unicameralism	6. mandat	-	Zasedanje 3	2008-03-28	-	Reference	English	Chairperson	MP	notMinister	HDZ	Hrvatska demokratska zajednica	Opposition	Centre-right	BebićLuka	Bebić, Luka	M	1937	
ParlaMint-HR-en_2008-02-27-0	ParlaMint-HR_2008-02-27-0.u2384	Minutes of the National Assembly of the Republic of Croatia, Term 6, Session 3	2008-02-27	Unicameralism	6. mandat	-	Zasedanje 3	2008-03-28	-	Reference	English	Regular	notMP	notMinister	-	-	-	-	MikulićMilivoj	Mikulić, Milivoj	U	-	
ParlaMint-HR-en_2008-02-27-0	ParlaMint-HR_2008-02-27-0.u2385	Minutes of the National Assembly of the Republic of Croatia, Term 6, Session 3	2008-02-27	Unicameralism	6. mandat	-	Zasedanje 3	2008-03-28	-	Reference	English	Chairperson	MP	notMinister	HDZ	Hrvatska demokratska zajednica	Opposition	Centre-right	BebićLuka	Bebić, Luka	M	1937	
ParlaMint-HR-en_2008-02-27-0	ParlaMint-HR_2008-02-27-0.u2386	Minutes of the National Assembly of the Republic of Croatia, Term 6, Session 3	2008-02-27	Unicameralism	6. mandat	-	Zasedanje 3	2008-03-28	-	Reference	English	Regular	MP	notMinister	IDS	Istarski demokratski sabor	Opposition	Centre to centre-left	MiletićBoris	Miletić, Boris	M	1975	
ParlaMint-HR-en_2008-02-27-0	ParlaMint-HR_2008-02-27-0.u2387	Minutes of the National Assembly of the Republic of Croatia, Term 6, Session 3	2008-02-27	Unicameralism	6. mandat	-	Zasedanje 3	2008-03-28	-	Reference	English	Chairperson	MP	notMinister	HDZ	Hrvatska demokratska zajednica	Opposition	Centre-right	BebićLuka	Bebić, Luka	M	1937	
ParlaMint-HR-en_2008-02-27-0	ParlaMint-HR_2008-02-27-0.u2388	Minutes of the National Assembly of the Republic of Croatia, Term 6, Session 3	2008-02-27	Unicameralism	6. mandat	-	Zasedanje 3	2008-03-28	-	Reference	English	Regular	notMP	notMinister	-	-	-	-	MikulićMilivoj	Mikulić, Milivoj	U	-	
ParlaMint-HR-en_2008-02-27-0	ParlaMint-HR_2008-02-27-0.u2389	Minutes of the National Assembly of the Republic of Croatia, Term 6, Session 3	2008-02-27	Unicameralism	6. mandat	-	Zasedanje 3	2008-03-28	-	Reference	English	Chairperson	MP	notMinister	HDZ	Hrvatska demokratska zajednica	Opposition	Centre-right	BebićLuka	Bebić, Luka	M	1937	
ParlaMint-HR-en_2008-02-27-0	ParlaMint-HR_2008-02-27-0.u2390	Minutes of the National Assembly of the Republic of Croatia, Term 6, Session 3	2008-02-27	Unicameralism	6. mandat	-	Zasedanje 3	2008-03-28	-	Reference	English	Regular	MP	notMinister	IDS	Istarski demokratski sabor	Opposition	Centre to centre-left	MiletićBoris	Miletić, Boris	M	1975	
ParlaMint-HR-en_2008-02-27-0	ParlaMint-HR_2008-02-27-0.u2391	Minutes of the National Assembly of the Republic of Croatia, Term 6, Session 3	2008-02-27	Unicameralism	6. mandat	-	Zasedanje 3	2008-03-28	-	Reference	English	Chairperson	MP	notMinister	HDZ	Hrvatska demokratska zajednica	Opposition	Centre-right	BebićLuka	Bebić, Luka	M	1937	
ParlaMint-HR-en_2008-02-27-0	ParlaMint-HR_2008-02-27-0.u2392	Minutes of the National Assembly of the Republic of Croatia, Term 6, Session 3	2008-02-27	Unicameralism	6. mandat	-	Zasedanje 3	2008-03-28	-	Reference	English	Regular	notMP	notMinister	-	-	-	-	MikulićMilivoj	Mikulić, Milivoj	U	-	
ParlaMint-HR-en_2008-02-27-0	ParlaMint-HR_2008-02-27-0.u2393	Minutes of the National Assembly of the Republic of Croatia, Term 6, Session 3	2008-02-27	Unicameralism	6. mandat	-	Zasedanje 3	2008-03-28	-	Reference	English	Chairperson	MP	notMinister	HDZ	Hrvatska demokratska zajednica	Opposition	Centre-right	BebićLuka	Bebić, Luka	M	1937	
ParlaMint-HR-en_2008-02-27-0	ParlaMint-HR_2008-02-27-0.u2394	Minutes of the National Assembly of the Republic of Croatia, Term 6, Session 3	2008-02-27	Unicameralism	6. mandat	-	Zasedanje 3	2008-03-28	-	Reference	English	Regular	MP	notMinister	IDS	Istarski demokratski sabor	Opposition	Centre to centre-left	MiletićBoris	Miletić, Boris	M	1975	
ParlaMint-HR-en_2008-02-27-0	ParlaMint-HR_2008-02-27-0.u2395	Minutes of the National Assembly of the Republic of Croatia, Term 6, Session 3	2008-02-27	Unicameralism	6. mandat	-	Zasedanje 3	2008-03-28	-	Reference	English	Chairperson	MP	notMinister	HDZ	Hrvatska demokratska zajednica	Opposition	Centre-right	BebićLuka	Bebić, Luka	M	1937	
ParlaMint-HR-en_2008-02-27-0	ParlaMint-HR_2008-02-27-0.u2396	Minutes of the National Assembly of the Republic of Croatia, Term 6, Session 3	2008-02-27	Unicameralism	6. mandat	-	Zasedanje 3	2008-03-28	-	Reference	English	Regular	notMP	notMinister	-	-	-	-	MikulićMilivoj	Mikulić, Milivoj	U	-	
ParlaMint-HR-en_2008-02-27-0	ParlaMint-HR_2008-02-27-0.u2397	Minutes of the National Assembly of the Republic of Croatia, Term 6, Session 3	2008-02-27	Unicameralism	6. mandat	-	Zasedanje 3	2008-03-28	-	Reference	English	Chairperson	MP	notMinister	HDZ	Hrvatska demokratska zajednica	Opposition	Centre-right	BebićLuka	Bebić, Luka	M	1937	
ParlaMint-HR-en_2008-02-27-0	ParlaMint-HR_2008-02-27-0.u2398	Minutes of the National Assembly of the Republic of Croatia, Term 6, Session 3	2008-02-27	Unicameralism	6. mandat	-	Zasedanje 3	2008-03-28	-	Reference	English	Regular	MP	notMinister	IDS	Istarski demokratski sabor	Opposition	Centre to centre-left	BrkarićMarin	Brkarić, Marin	M	1955	
ParlaMint-HR-en_2008-02-27-0	ParlaMint-HR_2008-02-27-0.u2399	Minutes of the National Assembly of the Republic of Croatia, Term 6, Session 3	2008-02-27	Unicameralism	6. mandat	-	Zasedanje 3	2008-03-28	-	Reference	English	Chairperson	MP	notMinister	HDZ	Hrvatska demokratska zajednica	Opposition	Centre-right	BebićLuka	Bebić, Luka	M	1937	
ParlaMint-HR-en_2008-02-27-0	ParlaMint-HR_2008-02-27-0.u2400	Minutes of the National Assembly of the Republic of Croatia, Term 6, Session 3	2008-02-27	Unicameralism	6. mandat	-	Zasedanje 3	2008-03-28	-	Reference	English	Regular	notMP	notMinister	-	-	-	-	MikulićMilivoj	Mikulić, Milivoj	U	-	
ParlaMint-HR-en_2008-02-27-0	ParlaMint-HR_2008-02-27-0.u2401	Minutes of the National Assembly of the Republic of Croatia, Term 6, Session 3	2008-02-27	Unicameralism	6. mandat	-	Zasedanje 3	2008-03-28	-	Reference	English	Chairperson	MP	notMinister	HDZ	Hrvatska demokratska zajednica	Opposition	Centre-right	BebićLuka	Bebić, Luka	M	1937	
ParlaMint-HR-en_2008-02-27-0	ParlaMint-HR_2008-02-27-0.u2402	Minutes of the National Assembly of the Republic of Croatia, Term 6, Session 3	2008-02-27	Unicameralism	6. mandat	-	Zasedanje 3	2008-03-28	-	Reference	English	Regular	MP	notMinister	IDS	Istarski demokratski sabor	Opposition	Centre to centre-left	BrkarićMarin	Brkarić, Marin	M	1955	
ParlaMint-HR-en_2008-02-27-0	ParlaMint-HR_2008-02-27-0.u2403	Minutes of the National Assembly of the Republic of Croatia, Term 6, Session 3	2008-02-27	Unicameralism	6. mandat	-	Zasedanje 3	2008-03-28	-	Reference	English	Chairperson	MP	notMinister	HDZ	Hrvatska demokratska zajednica	Opposition	Centre-right	BebićLuka	Bebić, Luka	M	1937	
ParlaMint-HR-en_2008-02-27-0	ParlaMint-HR_2008-02-27-0.u2404	Minutes of the National Assembly of the Republic of Croatia, Term 6, Session 3	2008-02-27	Unicameralism	6. mandat	-	Zasedanje 3	2008-03-28	-	Reference	English	Regular	notMP	notMinister	-	-	-	-	MikulićMilivoj	Mikulić, Milivoj	U	-	
ParlaMint-HR-en_2008-02-27-0	ParlaMint-HR_2008-02-27-0.u2405	Minutes of the National Assembly of the Republic of Croatia, Term 6, Session 3	2008-02-27	Unicameralism	6. mandat	-	Zasedanje 3	2008-03-28	-	Reference	English	Chairperson	MP	notMinister	HDZ	Hrvatska demokratska zajednica	Opposition	Centre-right	BebićLuka	Bebić, Luka	M	1937	
ParlaMint-HR-en_2008-02-27-0	ParlaMint-HR_2008-02-27-0.u2406	Minutes of the National Assembly of the Republic of Croatia, Term 6, Session 3	2008-02-27	Unicameralism	6. mandat	-	Zasedanje 3	2008-03-28	-	Reference	English	Regular	MP	notMinister	IDS	Istarski demokratski sabor	Opposition	Centre to centre-left	BrkarićMarin	Brkarić, Marin	M	1955	
ParlaMint-HR-en_2008-02-27-0	ParlaMint-HR_2008-02-27-0.u2407	Minutes of the National Assembly of the Republic of Croatia, Term 6, Session 3	2008-02-27	Unicameralism	6. mandat	-	Zasedanje 3	2008-03-28	-	Reference	English	Chairperson	MP	notMinister	HDZ	Hrvatska demokratska zajednica	Opposition	Centre-right	BebićLuka	Bebić, Luka	M	1937	
ParlaMint-HR-en_2008-02-27-0	ParlaMint-HR_2008-02-27-0.u2408	Minutes of the National Assembly of the Republic of Croatia, Term 6, Session 3	2008-02-27	Unicameralism	6. mandat	-	Zasedanje 3	2008-03-28	-	Reference	English	Regular	notMP	notMinister	-	-	-	-	MikulićMilivoj	Mikulić, Milivoj	U	-	
ParlaMint-HR-en_2008-02-27-0	ParlaMint-HR_2008-02-27-0.u2409	Minutes of the National Assembly of the Republic of Croatia, Term 6, Session 3	2008-02-27	Unicameralism	6. mandat	-	Zasedanje 3	2008-03-28	-	Reference	English	Chairperson	MP	notMinister	HDZ	Hrvatska demokratska zajednica	Opposition	Centre-right	BebićLuka	Bebić, Luka	M	1937	
ParlaMint-HR-en_2008-02-27-0	ParlaMint-HR_2008-02-27-0.u2410	Minutes of the National Assembly of the Republic of Croatia, Term 6, Session 3	2008-02-27	Unicameralism	6. mandat	-	Zasedanje 3	2008-03-28	-	Reference	English	Regular	MP	notMinister	IDS	Istarski demokratski sabor	Opposition	Centre to centre-left	BrkarićMarin	Brkarić, Marin	M	1955	
ParlaMint-HR-en_2008-02-27-0	ParlaMint-HR_2008-02-27-0.u2411	Minutes of the National Assembly of the Republic of Croatia, Term 6, Session 3	2008-02-27	Unicameralism	6. mandat	-	Zasedanje 3	2008-03-28	-	Reference	English	Chairperson	MP	notMinister	HDZ	Hrvatska demokratska zajednica	Opposition	Centre-right	BebićLuka	Bebić, Luka	M	1937	
ParlaMint-HR-en_2008-02-27-0	ParlaMint-HR_2008-02-27-0.u2412	Minutes of the National Assembly of the Republic of Croatia, Term 6, Session 3	2008-02-27	Unicameralism	6. mandat	-	Zasedanje 3	2008-03-28	-	Reference	English	Regular	notMP	notMinister	-	-	-	-	MikulićMilivoj	Mikulić, Milivoj	U	-	
ParlaMint-HR-en_2008-02-27-0	ParlaMint-HR_2008-02-27-0.u2413	Minutes of the National Assembly of the Republic of Croatia, Term 6, Session 3	2008-02-27	Unicameralism	6. mandat	-	Zasedanje 3	2008-03-28	-	Reference	English	Chairperson	MP	notMinister	HDZ	Hrvatska demokratska zajednica	Opposition	Centre-right	BebićLuka	Bebić, Luka	M	1937	
ParlaMint-HR-en_2008-02-27-0	ParlaMint-HR_2008-02-27-0.u2414	Minutes of the National Assembly of the Republic of Croatia, Term 6, Session 3	2008-02-27	Unicameralism	6. mandat	-	Zasedanje 3	2008-03-28	-	Reference	English	Regular	MP	notMinister	IDS	Istarski demokratski sabor	Opposition	Centre to centre-left	BrkarićMarin	Brkarić, Marin	M	1955	
ParlaMint-HR-en_2008-02-27-0	ParlaMint-HR_2008-02-27-0.u2415	Minutes of the National Assembly of the Republic of Croatia, Term 6, Session 3	2008-02-27	Unicameralism	6. mandat	-	Zasedanje 3	2008-03-28	-	Reference	English	Chairperson	MP	notMinister	HDZ	Hrvatska demokratska zajednica	Opposition	Centre-right	BebićLuka	Bebić, Luka	M	1937	
ParlaMint-HR-en_2008-02-27-0	ParlaMint-HR_2008-02-27-0.u2416	Minutes of the National Assembly of the Republic of Croatia, Term 6, Session 3	2008-02-27	Unicameralism	6. mandat	-	Zasedanje 3	2008-03-28	-	Reference	English	Regular	notMP	notMinister	-	-	-	-	MikulićMilivoj	Mikulić, Milivoj	U	-	
ParlaMint-HR-en_2008-02-27-0	ParlaMint-HR_2008-02-27-0.u2417	Minutes of the National Assembly of the Republic of Croatia, Term 6, Session 3	2008-02-27	Unicameralism	6. mandat	-	Zasedanje 3	2008-03-28	-	Reference	English	Chairperson	MP	notMinister	HDZ	Hrvatska demokratska zajednica	Opposition	Centre-right	BebićLuka	Bebić, Luka	M	1937	
ParlaMint-HR-en_2008-02-27-0	ParlaMint-HR_2008-02-27-0.u2418	Minutes of the National Assembly of the Republic of Croatia, Term 6, Session 3	2008-02-27	Unicameralism	6. mandat	-	Zasedanje 3	2008-03-28	-	Reference	English	Regular	MP	notMinister	IDS	Istarski demokratski sabor	Opposition	Centre to centre-left	BrkarićMarin	Brkarić, Marin	M	1955	
ParlaMint-HR-en_2008-02-27-0	ParlaMint-HR_2008-02-27-0.u2419	Minutes of the National Assembly of the Republic of Croatia, Term 6, Session 3	2008-02-27	Unicameralism	6. mandat	-	Zasedanje 3	2008-03-28	-	Reference	English	Chairperson	MP	notMinister	HDZ	Hrvatska demokratska zajednica	Opposition	Centre-right	BebićLuka	Bebić, Luka	M	1937	
ParlaMint-HR-en_2008-02-27-0	ParlaMint-HR_2008-02-27-0.u2420	Minutes of the National Assembly of the Republic of Croatia, Term 6, Session 3	2008-02-27	Unicameralism	6. mandat	-	Zasedanje 3	2008-03-28	-	Reference	English	Regular	notMP	notMinister	-	-	-	-	MikulićMilivoj	Mikulić, Milivoj	U	-	
ParlaMint-HR-en_2008-02-27-0	ParlaMint-HR_2008-02-27-0.u2421	Minutes of the National Assembly of the Republic of Croatia, Term 6, Session 3	2008-02-27	Unicameralism	6. mandat	-	Zasedanje 3	2008-03-28	-	Reference	English	Chairperson	MP	notMinister	HDZ	Hrvatska demokratska zajednica	Opposition	Centre-right	BebićLuka	Bebić, Luka	M	1937	
ParlaMint-HR-en_2008-02-27-0	ParlaMint-HR_2008-02-27-0.u2422	Minutes of the National Assembly of the Republic of Croatia, Term 6, Session 3	2008-02-27	Unicameralism	6. mandat	-	Zasedanje 3	2008-03-28	-	Reference	English	Regular	MP	notMinister	IDS	Istarski demokratski sabor	Opposition	Centre to centre-left	BrkarićMarin	Brkarić, Marin	M	1955	
ParlaMint-HR-en_2008-02-27-0	ParlaMint-HR_2008-02-27-0.u2423	Minutes of the National Assembly of the Republic of Croatia, Term 6, Session 3	2008-02-27	Unicameralism	6. mandat	-	Zasedanje 3	2008-03-28	-	Reference	English	Chairperson	MP	notMinister	HDZ	Hrvatska demokratska zajednica	Opposition	Centre-right	BebićLuka	Bebić, Luka	M	1937	
ParlaMint-HR-en_2008-02-27-0	ParlaMint-HR_2008-02-27-0.u2424	Minutes of the National Assembly of the Republic of Croatia, Term 6, Session 3	2008-02-27	Unicameralism	6. mandat	-	Zasedanje 3	2008-03-28	-	Reference	English	Regular	notMP	notMinister	-	-	-	-	MikulićMilivoj	Mikulić, Milivoj	U	-	
ParlaMint-HR-en_2008-02-27-0	ParlaMint-HR_2008-02-27-0.u2425	Minutes of the National Assembly of the Republic of Croatia, Term 6, Session 3	2008-02-27	Unicameralism	6. mandat	-	Zasedanje 3	2008-03-28	-	Reference	English	Chairperson	MP	notMinister	HDZ	Hrvatska demokratska zajednica	Opposition	Centre-right	BebićLuka	Bebić, Luka	M	1937	
ParlaMint-HR-en_2008-02-27-0	ParlaMint-HR_2008-02-27-0.u2426	Minutes of the National Assembly of the Republic of Croatia, Term 6, Session 3	2008-02-27	Unicameralism	6. mandat	-	Zasedanje 3	2008-03-28	-	Reference	English	Regular	MP	notMinister	IDS	Istarski demokratski sabor	Opposition	Centre to centre-left	BrkarićMarin	Brkarić, Marin	M	1955	
ParlaMint-HR-en_2008-02-27-0	ParlaMint-HR_2008-02-27-0.u2427	Minutes of the National Assembly of the Republic of Croatia, Term 6, Session 3	2008-02-27	Unicameralism	6. mandat	-	Zasedanje 3	2008-03-28	-	Reference	English	Chairperson	MP	notMinister	HDZ	Hrvatska demokratska zajednica	Opposition	Centre-right	BebićLuka	Bebić, Luka	M	1937	
ParlaMint-HR-en_2008-02-27-0	ParlaMint-HR_2008-02-27-0.u2428	Minutes of the National Assembly of the Republic of Croatia, Term 6, Session 3	2008-02-27	Unicameralism	6. mandat	-	Zasedanje 3	2008-03-28	-	Reference	English	Regular	notMP	notMinister	-	-	-	-	MikulićMilivoj	Mikulić, Milivoj	U	-	
ParlaMint-HR-en_2008-02-27-0	ParlaMint-HR_2008-02-27-0.u2429	Minutes of the National Assembly of the Republic of Croatia, Term 6, Session 3	2008-02-27	Unicameralism	6. mandat	-	Zasedanje 3	2008-03-28	-	Reference	English	Chairperson	MP	notMinister	HDZ	Hrvatska demokratska zajednica	Opposition	Centre-right	BebićLuka	Bebić, Luka	M	1937	
ParlaMint-HR-en_2008-02-27-0	ParlaMint-HR_2008-02-27-0.u2430	Minutes of the National Assembly of the Republic of Croatia, Term 6, Session 3	2008-02-27	Unicameralism	6. mandat	-	Zasedanje 3	2008-03-28	-	Reference	English	Regular	MP	notMinister	IDS	Istarski demokratski sabor	Opposition	Centre to centre-left	BrkarićMarin	Brkarić, Marin	M	1955	
ParlaMint-HR-en_2008-02-27-0	ParlaMint-HR_2008-02-27-0.u2431	Minutes of the National Assembly of the Republic of Croatia, Term 6, Session 3	2008-02-27	Unicameralism	6. mandat	-	Zasedanje 3	2008-03-28	-	Reference	English	Chairperson	MP	notMinister	HDZ	Hrvatska demokratska zajednica	Opposition	Centre-right	BebićLuka	Bebić, Luka	M	1937	
ParlaMint-HR-en_2008-02-27-0	ParlaMint-HR_2008-02-27-0.u2432	Minutes of the National Assembly of the Republic of Croatia, Term 6, Session 3	2008-02-27	Unicameralism	6. mandat	-	Zasedanje 3	2008-03-28	-	Reference	English	Regular	notMP	notMinister	-	-	-	-	MikulićMilivoj	Mikulić, Milivoj	U	-	
ParlaMint-HR-en_2008-02-27-0	ParlaMint-HR_2008-02-27-0.u2433	Minutes of the National Assembly of the Republic of Croatia, Term 6, Session 3	2008-02-27	Unicameralism	6. mandat	-	Zasedanje 3	2008-03-28	-	Reference	English	Chairperson	MP	notMinister	HDZ	Hrvatska demokratska zajednica	Opposition	Centre-right	BebićLuka	Bebić, Luka	M	1937	
ParlaMint-HR-en_2008-02-27-0	ParlaMint-HR_2008-02-27-0.u2434	Minutes of the National Assembly of the Republic of Croatia, Term 6, Session 3	2008-02-27	Unicameralism	6. mandat	-	Zasedanje 3	2008-03-28	-	Reference	English	Regular	MP	notMinister	IDS	Istarski demokratski sabor	Opposition	Centre to centre-left	MiletićBoris	Miletić, Boris	M	1975	
ParlaMint-HR-en_2008-02-27-0	ParlaMint-HR_2008-02-27-0.u2435	Minutes of the National Assembly of the Republic of Croatia, Term 6, Session 3	2008-02-27	Unicameralism	6. mandat	-	Zasedanje 3	2008-03-28	-	Reference	English	Chairperson	MP	notMinister	HDZ	Hrvatska demokratska zajednica	Opposition	Centre-right	BebićLuka	Bebić, Luka	M	1937	
ParlaMint-HR-en_2008-02-27-0	ParlaMint-HR_2008-02-27-0.u2436	Minutes of the National Assembly of the Republic of Croatia, Term 6, Session 3	2008-02-27	Unicameralism	6. mandat	-	Zasedanje 3	2008-03-28	-	Reference	English	Regular	notMP	notMinister	-	-	-	-	MikulićMilivoj	Mikulić, Milivoj	U	-	
ParlaMint-HR-en_2008-02-27-0	ParlaMint-HR_2008-02-27-0.u2437	Minutes of the National Assembly of the Republic of Croatia, Term 6, Session 3	2008-02-27	Unicameralism	6. mandat	-	Zasedanje 3	2008-03-28	-	Reference	English	Chairperson	MP	notMinister	HDZ	Hrvatska demokratska zajednica	Opposition	Centre-right	BebićLuka	Bebić, Luka	M	1937	
ParlaMint-HR-en_2008-02-27-0	ParlaMint-HR_2008-02-27-0.u2438	Minutes of the National Assembly of the Republic of Croatia, Term 6, Session 3	2008-02-27	Unicameralism	6. mandat	-	Zasedanje 3	2008-03-28	-	Reference	English	Regular	MP	notMinister	IDS	Istarski demokratski sabor	Opposition	Centre to centre-left	BrkarićMarin	Brkarić, Marin	M	1955	
ParlaMint-HR-en_2008-02-27-0	ParlaMint-HR_2008-02-27-0.u2439	Minutes of the National Assembly of the Republic of Croatia, Term 6, Session 3	2008-02-27	Unicameralism	6. mandat	-	Zasedanje 3	2008-03-28	-	Reference	English	Chairperson	MP	notMinister	HDZ	Hrvatska demokratska zajednica	Opposition	Centre-right	BebićLuka	Bebić, Luka	M	1937	
ParlaMint-HR-en_2008-02-27-0	ParlaMint-HR_2008-02-27-0.u2440	Minutes of the National Assembly of the Republic of Croatia, Term 6, Session 3	2008-02-27	Unicameralism	6. mandat	-	Zasedanje 3	2008-03-28	-	Reference	English	Regular	notMP	notMinister	-	-	-	-	MikulićMilivoj	Mikulić, Milivoj	U	-	
ParlaMint-HR-en_2008-02-27-0	ParlaMint-HR_2008-02-27-0.u2441	Minutes of the National Assembly of the Republic of Croatia, Term 6, Session 3	2008-02-27	Unicameralism	6. mandat	-	Zasedanje 3	2008-03-28	-	Reference	English	Chairperson	MP	notMinister	HDZ	Hrvatska demokratska zajednica	Opposition	Centre-right	BebićLuka	Bebić, Luka	M	1937	
ParlaMint-HR-en_2008-02-27-0	ParlaMint-HR_2008-02-27-0.u2442	Minutes of the National Assembly of the Republic of Croatia, Term 6, Session 3	2008-02-27	Unicameralism	6. mandat	-	Zasedanje 3	2008-03-28	-	Reference	English	Regular	MP	notMinister	HNS	Hrvatska narodna stranka	Coalition	Centre to centre-left	BeusRichemberghGoran	Beus Richembergh, Goran	M	1965	
ParlaMint-HR-en_2008-02-27-0	ParlaMint-HR_2008-02-27-0.u2443	Minutes of the National Assembly of the Republic of Croatia, Term 6, Session 3	2008-02-27	Unicameralism	6. mandat	-	Zasedanje 3	2008-03-28	-	Reference	English	Chairperson	MP	notMinister	HDZ	Hrvatska demokratska zajednica	Opposition	Centre-right	BebićLuka	Bebić, Luka	M	1937	
ParlaMint-HR-en_2008-02-27-0	ParlaMint-HR_2008-02-27-0.u2444	Minutes of the National Assembly of the Republic of Croatia, Term 6, Session 3	2008-02-27	Unicameralism	6. mandat	-	Zasedanje 3	2008-03-28	-	Reference	English	Regular	notMP	notMinister	-	-	-	-	MikulićMilivoj	Mikulić, Milivoj	U	-	
ParlaMint-HR-en_2008-02-27-0	ParlaMint-HR_2008-02-27-0.u2445	Minutes of the National Assembly of the Republic of Croatia, Term 6, Session 3	2008-02-27	Unicameralism	6. mandat	-	Zasedanje 3	2008-03-28	-	Reference	English	Chairperson	MP	notMinister	HDZ	Hrvatska demokratska zajednica	Opposition	Centre-right	BebićLuka	Bebić, Luka	M	1937	
ParlaMint-HR-en_2008-02-27-0	ParlaMint-HR_2008-02-27-0.u2446	Minutes of the National Assembly of the Republic of Croatia, Term 6, Session 3	2008-02-27	Unicameralism	6. mandat	-	Zasedanje 3	2008-03-28	-	Reference	English	Regular	MP	notMinister	IDS	Istarski demokratski sabor	Opposition	Centre to centre-left	BrkarićMarin	Brkarić, Marin	M	1955	
ParlaMint-HR-en_2008-02-27-0	ParlaMint-HR_2008-02-27-0.u2447	Minutes of the National Assembly of the Republic of Croatia, Term 6, Session 3	2008-02-27	Unicameralism	6. mandat	-	Zasedanje 3	2008-03-28	-	Reference	English	Chairperson	MP	notMinister	HDZ	Hrvatska demokratska zajednica	Opposition	Centre-right	BebićLuka	Bebić, Luka	M	1937	
ParlaMint-HR-en_2008-02-27-0	ParlaMint-HR_2008-02-27-0.u2448	Minutes of the National Assembly of the Republic of Croatia, Term 6, Session 3	2008-02-27	Unicameralism	6. mandat	-	Zasedanje 3	2008-03-28	-	Reference	English	Regular	notMP	notMinister	-	-	-	-	MikulićMilivoj	Mikulić, Milivoj	U	-	
ParlaMint-HR-en_2008-02-27-0	ParlaMint-HR_2008-02-27-0.u2449	Minutes of the National Assembly of the Republic of Croatia, Term 6, Session 3	2008-02-27	Unicameralism	6. mandat	-	Zasedanje 3	2008-03-28	-	Reference	English	Chairperson	MP	notMinister	HDZ	Hrvatska demokratska zajednica	Opposition	Centre-right	BebićLuka	Bebić, Luka	M	1937	
ParlaMint-HR-en_2008-02-27-0	ParlaMint-HR_2008-02-27-0.u2450	Minutes of the National Assembly of the Republic of Croatia, Term 6, Session 3	2008-02-27	Unicameralism	6. mandat	-	Zasedanje 3	2008-03-28	-	Reference	English	Regular	MP	notMinister	IDS	Istarski demokratski sabor	Opposition	Centre to centre-left	BrkarićMarin	Brkarić, Marin	M	1955	
ParlaMint-HR-en_2008-02-27-0	ParlaMint-HR_2008-02-27-0.u2451	Minutes of the National Assembly of the Republic of Croatia, Term 6, Session 3	2008-02-27	Unicameralism	6. mandat	-	Zasedanje 3	2008-03-28	-	Reference	English	Chairperson	MP	notMinister	HDZ	Hrvatska demokratska zajednica	Opposition	Centre-right	BebićLuka	Bebić, Luka	M	1937	
ParlaMint-HR-en_2008-02-27-0	ParlaMint-HR_2008-02-27-0.u2452	Minutes of the National Assembly of the Republic of Croatia, Term 6, Session 3	2008-02-27	Unicameralism	6. mandat	-	Zasedanje 3	2008-03-28	-	Reference	English	Regular	notMP	notMinister	-	-	-	-	MikulićMilivoj	Mikulić, Milivoj	U	-	
ParlaMint-HR-en_2008-02-27-0	ParlaMint-HR_2008-02-27-0.u2453	Minutes of the National Assembly of the Republic of Croatia, Term 6, Session 3	2008-02-27	Unicameralism	6. mandat	-	Zasedanje 3	2008-03-28	-	Reference	English	Chairperson	MP	notMinister	HDZ	Hrvatska demokratska zajednica	Opposition	Centre-right	BebićLuka	Bebić, Luka	M	1937	
ParlaMint-HR-en_2008-02-27-0	ParlaMint-HR_2008-02-27-0.u2454	Minutes of the National Assembly of the Republic of Croatia, Term 6, Session 3	2008-02-27	Unicameralism	6. mandat	-	Zasedanje 3	2008-03-28	-	Reference	English	Regular	MP	notMinister	IDS	Istarski demokratski sabor	Opposition	Centre to centre-left	BrkarićMarin	Brkarić, Marin	M	1955	
ParlaMint-HR-en_2008-02-27-0	ParlaMint-HR_2008-02-27-0.u2455	Minutes of the National Assembly of the Republic of Croatia, Term 6, Session 3	2008-02-27	Unicameralism	6. mandat	-	Zasedanje 3	2008-03-28	-	Reference	English	Chairperson	MP	notMinister	HDZ	Hrvatska demokratska zajednica	Opposition	Centre-right	BebićLuka	Bebić, Luka	M	1937	
ParlaMint-HR-en_2008-02-27-0	ParlaMint-HR_2008-02-27-0.u2456	Minutes of the National Assembly of the Republic of Croatia, Term 6, Session 3	2008-02-27	Unicameralism	6. mandat	-	Zasedanje 3	2008-03-28	-	Reference	English	Regular	notMP	notMinister	-	-	-	-	MikulićMilivoj	Mikulić, Milivoj	U	-	
ParlaMint-HR-en_2008-02-27-0	ParlaMint-HR_2008-02-27-0.u2457	Minutes of the National Assembly of the Republic of Croatia, Term 6, Session 3	2008-02-27	Unicameralism	6. mandat	-	Zasedanje 3	2008-03-28	-	Reference	English	Chairperson	MP	notMinister	HDZ	Hrvatska demokratska zajednica	Opposition	Centre-right	BebićLuka	Bebić, Luka	M	1937	
ParlaMint-HR-en_2008-02-27-0	ParlaMint-HR_2008-02-27-0.u2458	Minutes of the National Assembly of the Republic of Croatia, Term 6, Session 3	2008-02-27	Unicameralism	6. mandat	-	Zasedanje 3	2008-03-28	-	Reference	English	Regular	MP	notMinister	IDS	Istarski demokratski sabor	Opposition	Centre to centre-left	BrkarićMarin	Brkarić, Marin	M	1955	
ParlaMint-HR-en_2008-02-27-0	ParlaMint-HR_2008-02-27-0.u2459	Minutes of the National Assembly of the Republic of Croatia, Term 6, Session 3	2008-02-27	Unicameralism	6. mandat	-	Zasedanje 3	2008-03-28	-	Reference	English	Chairperson	MP	notMinister	HDZ	Hrvatska demokratska zajednica	Opposition	Centre-right	BebićLuka	Bebić, Luka	M	1937	
ParlaMint-HR-en_2008-02-27-0	ParlaMint-HR_2008-02-27-0.u2460	Minutes of the National Assembly of the Republic of Croatia, Term 6, Session 3	2008-02-27	Unicameralism	6. mandat	-	Zasedanje 3	2008-03-28	-	Reference	English	Regular	notMP	notMinister	-	-	-	-	MikulićMilivoj	Mikulić, Milivoj	U	-	
ParlaMint-HR-en_2008-02-27-0	ParlaMint-HR_2008-02-27-0.u2461	Minutes of the National Assembly of the Republic of Croatia, Term 6, Session 3	2008-02-27	Unicameralism	6. mandat	-	Zasedanje 3	2008-03-28	-	Reference	English	Chairperson	MP	notMinister	HDZ	Hrvatska demokratska zajednica	Opposition	Centre-right	BebićLuka	Bebić, Luka	M	1937	
ParlaMint-HR-en_2008-02-27-0	ParlaMint-HR_2008-02-27-0.u2462	Minutes of the National Assembly of the Republic of Croatia, Term 6, Session 3	2008-02-27	Unicameralism	6. mandat	-	Zasedanje 3	2008-03-28	-	Reference	English	Regular	MP	notMinister	HNS	Hrvatska narodna stranka	Coalition	Centre to centre-left	VinceljŽeljko	Vincelj, Željko	M	1960	
ParlaMint-HR-en_2008-02-27-0	ParlaMint-HR_2008-02-27-0.u2463	Minutes of the National Assembly of the Republic of Croatia, Term 6, Session 3	2008-02-27	Unicameralism	6. mandat	-	Zasedanje 3	2008-03-28	-	Reference	English	Chairperson	MP	notMinister	HDZ	Hrvatska demokratska zajednica	Opposition	Centre-right	BebićLuka	Bebić, Luka	M	1937	
ParlaMint-HR-en_2008-02-27-0	ParlaMint-HR_2008-02-27-0.u2464	Minutes of the National Assembly of the Republic of Croatia, Term 6, Session 3	2008-02-27	Unicameralism	6. mandat	-	Zasedanje 3	2008-03-28	-	Reference	English	Regular	notMP	notMinister	-	-	-	-	MikulićMilivoj	Mikulić, Milivoj	U	-	
ParlaMint-HR-en_2008-02-27-0	ParlaMint-HR_2008-02-27-0.u2465	Minutes of the National Assembly of the Republic of Croatia, Term 6, Session 3	2008-02-27	Unicameralism	6. mandat	-	Zasedanje 3	2008-03-28	-	Reference	English	Chairperson	MP	notMinister	HDZ	Hrvatska demokratska zajednica	Opposition	Centre-right	BebićLuka	Bebić, Luka	M	1937	
ParlaMint-HR-en_2008-02-27-0	ParlaMint-HR_2008-02-27-0.u2466	Minutes of the National Assembly of the Republic of Croatia, Term 6, Session 3	2008-02-27	Unicameralism	6. mandat	-	Zasedanje 3	2008-03-28	-	Reference	English	Regular	MP	notMinister	SDP	Socijaldemokratska partija Hrvatske	Opposition	Centre-left	DenonaLuka	Denona, Luka	M	1950	
ParlaMint-HR-en_2008-02-27-0	ParlaMint-HR_2008-02-27-0.u2467	Minutes of the National Assembly of the Republic of Croatia, Term 6, Session 3	2008-02-27	Unicameralism	6. mandat	-	Zasedanje 3	2008-03-28	-	Reference	English	Chairperson	MP	notMinister	HDZ	Hrvatska demokratska zajednica	Opposition	Centre-right	BebićLuka	Bebić, Luka	M	1937	
ParlaMint-HR-en_2008-02-27-0	ParlaMint-HR_2008-02-27-0.u2468	Minutes of the National Assembly of the Republic of Croatia, Term 6, Session 3	2008-02-27	Unicameralism	6. mandat	-	Zasedanje 3	2008-03-28	-	Reference	English	Regular	notMP	notMinister	-	-	-	-	MikulićMilivoj	Mikulić, Milivoj	U	-	
ParlaMint-HR-en_2008-02-27-0	ParlaMint-HR_2008-02-27-0.u2469	Minutes of the National Assembly of the Republic of Croatia, Term 6, Session 3	2008-02-27	Unicameralism	6. mandat	-	Zasedanje 3	2008-03-28	-	Reference	English	Chairperson	MP	notMinister	HDZ	Hrvatska demokratska zajednica	Opposition	Centre-right	BebićLuka	Bebić, Luka	M	1937	
ParlaMint-HR-en_2008-02-27-0	ParlaMint-HR_2008-02-27-0.u2470	Minutes of the National Assembly of the Republic of Croatia, Term 6, Session 3	2008-02-27	Unicameralism	6. mandat	-	Zasedanje 3	2008-03-28	-	Reference	English	Regular	MP	notMinister	HNS	Hrvatska narodna stranka	Coalition	Centre to centre-left	KoračevićZlatko	Koračević, Zlatko	M	1955	
ParlaMint-HR-en_2008-02-27-0	ParlaMint-HR_2008-02-27-0.u2471	Minutes of the National Assembly of the Republic of Croatia, Term 6, Session 3	2008-02-27	Unicameralism	6. mandat	-	Zasedanje 3	2008-03-28	-	Reference	English	Chairperson	MP	notMinister	HDZ	Hrvatska demokratska zajednica	Opposition	Centre-right	BebićLuka	Bebić, Luka	M	1937	
ParlaMint-HR-en_2008-02-27-0	ParlaMint-HR_2008-02-27-0.u2472	Minutes of the National Assembly of the Republic of Croatia, Term 6, Session 3	2008-02-27	Unicameralism	6. mandat	-	Zasedanje 3	2008-03-28	-	Reference	English	Regular	notMP	notMinister	-	-	-	-	MikulićMilivoj	Mikulić, Milivoj	U	-	
ParlaMint-HR-en_2008-02-27-0	ParlaMint-HR_2008-02-27-0.u2473	Minutes of the National Assembly of the Republic of Croatia, Term 6, Session 3	2008-02-27	Unicameralism	6. mandat	-	Zasedanje 3	2008-03-28	-	Reference	English	Chairperson	MP	notMinister	HDZ	Hrvatska demokratska zajednica	Opposition	Centre-right	BebićLuka	Bebić, Luka	M	1937	
ParlaMint-HR-en_2008-02-27-0	ParlaMint-HR_2008-02-27-0.u2474	Minutes of the National Assembly of the Republic of Croatia, Term 6, Session 3	2008-02-27	Unicameralism	6. mandat	-	Zasedanje 3	2008-03-28	-	Reference	English	Regular	MP	notMinister	HNS	Hrvatska narodna stranka	Coalition	Centre to centre-left	KoračevićZlatko	Koračević, Zlatko	M	1955	
ParlaMint-HR-en_2008-02-27-0	ParlaMint-HR_2008-02-27-0.u2475	Minutes of the National Assembly of the Republic of Croatia, Term 6, Session 3	2008-02-27	Unicameralism	6. mandat	-	Zasedanje 3	2008-03-28	-	Reference	English	Chairperson	MP	notMinister	HDZ	Hrvatska demokratska zajednica	Opposition	Centre-right	BebićLuka	Bebić, Luka	M	1937	
ParlaMint-HR-en_2008-02-27-0	ParlaMint-HR_2008-02-27-0.u2476	Minutes of the National Assembly of the Republic of Croatia, Term 6, Session 3	2008-02-27	Unicameralism	6. mandat	-	Zasedanje 3	2008-03-28	-	Reference	English	Regular	notMP	notMinister	-	-	-	-	MikulićMilivoj	Mikulić, Milivoj	U	-	
ParlaMint-HR-en_2008-02-27-0	ParlaMint-HR_2008-02-27-0.u2477	Minutes of the National Assembly of the Republic of Croatia, Term 6, Session 3	2008-02-27	Unicameralism	6. mandat	-	Zasedanje 3	2008-03-28	-	Reference	English	Chairperson	MP	notMinister	HDZ	Hrvatska demokratska zajednica	Opposition	Centre-right	BebićLuka	Bebić, Luka	M	1937	
ParlaMint-HR-en_2008-02-27-0	ParlaMint-HR_2008-02-27-0.u2478	Minutes of the National Assembly of the Republic of Croatia, Term 6, Session 3	2008-02-27	Unicameralism	6. mandat	-	Zasedanje 3	2008-03-28	-	Reference	English	Regular	MP	notMinister	SDP	Socijaldemokratska partija Hrvatske	Opposition	Centre-left	CrljenkoBrankica	Crljenko, Brankica	F	1965	
ParlaMint-HR-en_2008-02-27-0	ParlaMint-HR_2008-02-27-0.u2479	Minutes of the National Assembly of the Republic of Croatia, Term 6, Session 3	2008-02-27	Unicameralism	6. mandat	-	Zasedanje 3	2008-03-28	-	Reference	English	Chairperson	MP	notMinister	HDZ	Hrvatska demokratska zajednica	Opposition	Centre-right	BebićLuka	Bebić, Luka	M	1937	
ParlaMint-HR-en_2008-02-27-0	ParlaMint-HR_2008-02-27-0.u2480	Minutes of the National Assembly of the Republic of Croatia, Term 6, Session 3	2008-02-27	Unicameralism	6. mandat	-	Zasedanje 3	2008-03-28	-	Reference	English	Regular	notMP	notMinister	-	-	-	-	MikulićMilivoj	Mikulić, Milivoj	U	-	
ParlaMint-HR-en_2008-02-27-0	ParlaMint-HR_2008-02-27-0.u2481	Minutes of the National Assembly of the Republic of Croatia, Term 6, Session 3	2008-02-27	Unicameralism	6. mandat	-	Zasedanje 3	2008-03-28	-	Reference	English	Chairperson	MP	notMinister	HDZ	Hrvatska demokratska zajednica	Opposition	Centre-right	BebićLuka	Bebić, Luka	M	1937	
ParlaMint-HR-en_2008-02-27-0	ParlaMint-HR_2008-02-27-0.u2482	Minutes of the National Assembly of the Republic of Croatia, Term 6, Session 3	2008-02-27	Unicameralism	6. mandat	-	Zasedanje 3	2008-03-28	-	Reference	English	Regular	MP	notMinister	SDP	Socijaldemokratska partija Hrvatske	Opposition	Centre-left	VidovićDavorko	Vidović, Davorko	M	1956	
ParlaMint-HR-en_2008-02-27-0	ParlaMint-HR_2008-02-27-0.u2483	Minutes of the National Assembly of the Republic of Croatia, Term 6, Session 3	2008-02-27	Unicameralism	6. mandat	-	Zasedanje 3	2008-03-28	-	Reference	English	Chairperson	MP	notMinister	HDZ	Hrvatska demokratska zajednica	Opposition	Centre-right	BebićLuka	Bebić, Luka	M	1937	
ParlaMint-HR-en_2008-02-27-0	ParlaMint-HR_2008-02-27-0.u2484	Minutes of the National Assembly of the Republic of Croatia, Term 6, Session 3	2008-02-27	Unicameralism	6. mandat	-	Zasedanje 3	2008-03-28	-	Reference	English	Regular	notMP	notMinister	-	-	-	-	MikulićMilivoj	Mikulić, Milivoj	U	-	
ParlaMint-HR-en_2008-02-27-0	ParlaMint-HR_2008-02-27-0.u2485	Minutes of the National Assembly of the Republic of Croatia, Term 6, Session 3	2008-02-27	Unicameralism	6. mandat	-	Zasedanje 3	2008-03-28	-	Reference	English	Chairperson	MP	notMinister	HDZ	Hrvatska demokratska zajednica	Opposition	Centre-right	BebićLuka	Bebić, Luka	M	1937	
ParlaMint-HR-en_2008-02-27-0	ParlaMint-HR_2008-02-27-0.u2486	Minutes of the National Assembly of the Republic of Croatia, Term 6, Session 3	2008-02-27	Unicameralism	6. mandat	-	Zasedanje 3	2008-03-28	-	Reference	English	Regular	MP	notMinister	SDP	Socijaldemokratska partija Hrvatske	Opposition	Centre-left	PiculaTonino	Picula, Tonino	M	1961	
ParlaMint-HR-en_2008-02-27-0	ParlaMint-HR_2008-02-27-0.u2487	Minutes of the National Assembly of the Republic of Croatia, Term 6, Session 3	2008-02-27	Unicameralism	6. mandat	-	Zasedanje 3	2008-03-28	-	Reference	English	Chairperson	MP	notMinister	HDZ	Hrvatska demokratska zajednica	Opposition	Centre-right	BebićLuka	Bebić, Luka	M	1937	
ParlaMint-HR-en_2008-02-27-0	ParlaMint-HR_2008-02-27-0.u2488	Minutes of the National Assembly of the Republic of Croatia, Term 6, Session 3	2008-02-27	Unicameralism	6. mandat	-	Zasedanje 3	2008-03-28	-	Reference	English	Regular	notMP	notMinister	-	-	-	-	MikulićMilivoj	Mikulić, Milivoj	U	-	
ParlaMint-HR-en_2008-02-27-0	ParlaMint-HR_2008-02-27-0.u2489	Minutes of the National Assembly of the Republic of Croatia, Term 6, Session 3	2008-02-27	Unicameralism	6. mandat	-	Zasedanje 3	2008-03-28	-	Reference	English	Chairperson	MP	notMinister	HDZ	Hrvatska demokratska zajednica	Opposition	Centre-right	BebićLuka	Bebić, Luka	M	1937	
ParlaMint-HR-en_2008-02-27-0	ParlaMint-HR_2008-02-27-0.u2490	Minutes of the National Assembly of the Republic of Croatia, Term 6, Session 3	2008-02-27	Unicameralism	6. mandat	-	Zasedanje 3	2008-03-28	-	Reference	English	Regular	MP	notMinister	SDP	Socijaldemokratska partija Hrvatske	Opposition	Centre-left	PiculaTonino	Picula, Tonino	M	1961	
ParlaMint-HR-en_2008-02-27-0	ParlaMint-HR_2008-02-27-0.u2491	Minutes of the National Assembly of the Republic of Croatia, Term 6, Session 3	2008-02-27	Unicameralism	6. mandat	-	Zasedanje 3	2008-03-28	-	Reference	English	Chairperson	MP	notMinister	HDZ	Hrvatska demokratska zajednica	Opposition	Centre-right	BebićLuka	Bebić, Luka	M	1937	
ParlaMint-HR-en_2008-02-27-0	ParlaMint-HR_2008-02-27-0.u2492	Minutes of the National Assembly of the Republic of Croatia, Term 6, Session 3	2008-02-27	Unicameralism	6. mandat	-	Zasedanje 3	2008-03-28	-	Reference	English	Regular	notMP	notMinister	-	-	-	-	MikulićMilivoj	Mikulić, Milivoj	U	-	
ParlaMint-HR-en_2008-02-27-0	ParlaMint-HR_2008-02-27-0.u2493	Minutes of the National Assembly of the Republic of Croatia, Term 6, Session 3	2008-02-27	Unicameralism	6. mandat	-	Zasedanje 3	2008-03-28	-	Reference	English	Chairperson	MP	notMinister	HDZ	Hrvatska demokratska zajednica	Opposition	Centre-right	BebićLuka	Bebić, Luka	M	1937	
ParlaMint-HR-en_2008-02-27-0	ParlaMint-HR_2008-02-27-0.u2494	Minutes of the National Assembly of the Republic of Croatia, Term 6, Session 3	2008-02-27	Unicameralism	6. mandat	-	Zasedanje 3	2008-03-28	-	Reference	English	Regular	MP	notMinister	SDP	Socijaldemokratska partija Hrvatske	Opposition	Centre-left	DragovanIgor	Dragovan, Igor	M	1968	
ParlaMint-HR-en_2008-02-27-0	ParlaMint-HR_2008-02-27-0.u2495	Minutes of the National Assembly of the Republic of Croatia, Term 6, Session 3	2008-02-27	Unicameralism	6. mandat	-	Zasedanje 3	2008-03-28	-	Reference	English	Chairperson	MP	notMinister	HDZ	Hrvatska demokratska zajednica	Opposition	Centre-right	BebićLuka	Bebić, Luka	M	1937	
ParlaMint-HR-en_2008-02-27-0	ParlaMint-HR_2008-02-27-0.u2496	Minutes of the National Assembly of the Republic of Croatia, Term 6, Session 3	2008-02-27	Unicameralism	6. mandat	-	Zasedanje 3	2008-03-28	-	Reference	English	Regular	notMP	notMinister	-	-	-	-	MikulićMilivoj	Mikulić, Milivoj	U	-	
ParlaMint-HR-en_2008-02-27-0	ParlaMint-HR_2008-02-27-0.u2497	Minutes of the National Assembly of the Republic of Croatia, Term 6, Session 3	2008-02-27	Unicameralism	6. mandat	-	Zasedanje 3	2008-03-28	-	Reference	English	Chairperson	MP	notMinister	HDZ	Hrvatska demokratska zajednica	Opposition	Centre-right	BebićLuka	Bebić, Luka	M	1937	
ParlaMint-HR-en_2008-02-27-0	ParlaMint-HR_2008-02-27-0.u2498	Minutes of the National Assembly of the Republic of Croatia, Term 6, Session 3	2008-02-27	Unicameralism	6. mandat	-	Zasedanje 3	2008-03-28	-	Reference	English	Regular	MP	notMinister	HNS	Hrvatska narodna stranka	Coalition	Centre to centre-left	KoračevićZlatko	Koračević, Zlatko	M	1955	
ParlaMint-HR-en_2008-02-27-0	ParlaMint-HR_2008-02-27-0.u2499	Minutes of the National Assembly of the Republic of Croatia, Term 6, Session 3	2008-02-27	Unicameralism	6. mandat	-	Zasedanje 3	2008-03-28	-	Reference	English	Chairperson	MP	notMinister	HDZ	Hrvatska demokratska zajednica	Opposition	Centre-right	BebićLuka	Bebić, Luka	M	1937	
ParlaMint-HR-en_2008-02-27-0	ParlaMint-HR_2008-02-27-0.u2500	Minutes of the National Assembly of the Republic of Croatia, Term 6, Session 3	2008-02-27	Unicameralism	6. mandat	-	Zasedanje 3	2008-03-28	-	Reference	English	Regular	notMP	notMinister	-	-	-	-	MikulićMilivoj	Mikulić, Milivoj	U	-	
ParlaMint-HR-en_2008-02-27-0	ParlaMint-HR_2008-02-27-0.u2501	Minutes of the National Assembly of the Republic of Croatia, Term 6, Session 3	2008-02-27	Unicameralism	6. mandat	-	Zasedanje 3	2008-03-28	-	Reference	English	Chairperson	MP	notMinister	HDZ	Hrvatska demokratska zajednica	Opposition	Centre-right	BebićLuka	Bebić, Luka	M	1937	
ParlaMint-HR-en_2008-02-27-0	ParlaMint-HR_2008-02-27-0.u2502	Minutes of the National Assembly of the Republic of Croatia, Term 6, Session 3	2008-02-27	Unicameralism	6. mandat	-	Zasedanje 3	2008-03-28	-	Reference	English	Regular	MP	notMinister	HNS	Hrvatska narodna stranka	Coalition	Centre to centre-left	KoračevićZlatko	Koračević, Zlatko	M	1955	
ParlaMint-HR-en_2008-02-27-0	ParlaMint-HR_2008-02-27-0.u2503	Minutes of the National Assembly of the Republic of Croatia, Term 6, Session 3	2008-02-27	Unicameralism	6. mandat	-	Zasedanje 3	2008-03-28	-	Reference	English	Chairperson	MP	notMinister	HDZ	Hrvatska demokratska zajednica	Opposition	Centre-right	BebićLuka	Bebić, Luka	M	1937	
ParlaMint-HR-en_2008-02-27-0	ParlaMint-HR_2008-02-27-0.u2504	Minutes of the National Assembly of the Republic of Croatia, Term 6, Session 3	2008-02-27	Unicameralism	6. mandat	-	Zasedanje 3	2008-03-28	-	Reference	English	Regular	notMP	notMinister	-	-	-	-	MikulićMilivoj	Mikulić, Milivoj	U	-	
ParlaMint-HR-en_2008-02-27-0	ParlaMint-HR_2008-02-27-0.u2505	Minutes of the National Assembly of the Republic of Croatia, Term 6, Session 3	2008-02-27	Unicameralism	6. mandat	-	Zasedanje 3	2008-03-28	-	Reference	English	Chairperson	MP	notMinister	HDZ	Hrvatska demokratska zajednica	Opposition	Centre-right	BebićLuka	Bebić, Luka	M	1937	
ParlaMint-HR-en_2008-02-27-0	ParlaMint-HR_2008-02-27-0.u2506	Minutes of the National Assembly of the Republic of Croatia, Term 6, Session 3	2008-02-27	Unicameralism	6. mandat	-	Zasedanje 3	2008-03-28	-	Reference	English	Regular	MP	notMinister	SDP	Socijaldemokratska partija Hrvatske	Opposition	Centre-left	LekoJosip	Leko, Josip	M	1948	
ParlaMint-HR-en_2008-02-27-0	ParlaMint-HR_2008-02-27-0.u2507	Minutes of the National Assembly of the Republic of Croatia, Term 6, Session 3	2008-02-27	Unicameralism	6. mandat	-	Zasedanje 3	2008-03-28	-	Reference	English	Chairperson	MP	notMinister	HDZ	Hrvatska demokratska zajednica	Opposition	Centre-right	BebićLuka	Bebić, Luka	M	1937	
ParlaMint-HR-en_2008-02-27-0	ParlaMint-HR_2008-02-27-0.u2508	Minutes of the National Assembly of the Republic of Croatia, Term 6, Session 3	2008-02-27	Unicameralism	6. mandat	-	Zasedanje 3	2008-03-28	-	Reference	English	Regular	notMP	notMinister	-	-	-	-	MikulićMilivoj	Mikulić, Milivoj	U	-	
ParlaMint-HR-en_2008-02-27-0	ParlaMint-HR_2008-02-27-0.u2509	Minutes of the National Assembly of the Republic of Croatia, Term 6, Session 3	2008-02-27	Unicameralism	6. mandat	-	Zasedanje 3	2008-03-28	-	Reference	English	Chairperson	MP	notMinister	HDZ	Hrvatska demokratska zajednica	Opposition	Centre-right	BebićLuka	Bebić, Luka	M	1937	
ParlaMint-HR-en_2008-02-27-0	ParlaMint-HR_2008-02-27-0.u2510	Minutes of the National Assembly of the Republic of Croatia, Term 6, Session 3	2008-02-27	Unicameralism	6. mandat	-	Zasedanje 3	2008-03-28	-	Reference	English	Regular	MP	notMinister	IDS	Istarski demokratski sabor	Opposition	Centre to centre-left	BrkarićMarin	Brkarić, Marin	M	1955	
ParlaMint-HR-en_2008-02-27-0	ParlaMint-HR_2008-02-27-0.u2511	Minutes of the National Assembly of the Republic of Croatia, Term 6, Session 3	2008-02-27	Unicameralism	6. mandat	-	Zasedanje 3	2008-03-28	-	Reference	English	Chairperson	MP	notMinister	HDZ	Hrvatska demokratska zajednica	Opposition	Centre-right	BebićLuka	Bebić, Luka	M	1937	
ParlaMint-HR-en_2008-02-27-0	ParlaMint-HR_2008-02-27-0.u2512	Minutes of the National Assembly of the Republic of Croatia, Term 6, Session 3	2008-02-27	Unicameralism	6. mandat	-	Zasedanje 3	2008-03-28	-	Reference	English	Regular	notMP	notMinister	-	-	-	-	MikulićMilivoj	Mikulić, Milivoj	U	-	
ParlaMint-HR-en_2008-02-27-0	ParlaMint-HR_2008-02-27-0.u2513	Minutes of the National Assembly of the Republic of Croatia, Term 6, Session 3	2008-02-27	Unicameralism	6. mandat	-	Zasedanje 3	2008-03-28	-	Reference	English	Chairperson	MP	notMinister	HDZ	Hrvatska demokratska zajednica	Opposition	Centre-right	BebićLuka	Bebić, Luka	M	1937	
ParlaMint-HR-en_2008-02-27-0	ParlaMint-HR_2008-02-27-0.u2514	Minutes of the National Assembly of the Republic of Croatia, Term 6, Session 3	2008-02-27	Unicameralism	6. mandat	-	Zasedanje 3	2008-03-28	-	Reference	English	Regular	MP	notMinister	SDP	Socijaldemokratska partija Hrvatske	Opposition	Centre-left	HolyMirela	Holy, Mirela	F	1971	
ParlaMint-HR-en_2008-02-27-0	ParlaMint-HR_2008-02-27-0.u2515	Minutes of the National Assembly of the Republic of Croatia, Term 6, Session 3	2008-02-27	Unicameralism	6. mandat	-	Zasedanje 3	2008-03-28	-	Reference	English	Chairperson	MP	notMinister	HDZ	Hrvatska demokratska zajednica	Opposition	Centre-right	BebićLuka	Bebić, Luka	M	1937	
ParlaMint-HR-en_2008-02-27-0	ParlaMint-HR_2008-02-27-0.u2516	Minutes of the National Assembly of the Republic of Croatia, Term 6, Session 3	2008-02-27	Unicameralism	6. mandat	-	Zasedanje 3	2008-03-28	-	Reference	English	Regular	notMP	notMinister	-	-	-	-	MikulićMilivoj	Mikulić, Milivoj	U	-	
ParlaMint-HR-en_2008-02-27-0	ParlaMint-HR_2008-02-27-0.u2517	Minutes of the National Assembly of the Republic of Croatia, Term 6, Session 3	2008-02-27	Unicameralism	6. mandat	-	Zasedanje 3	2008-03-28	-	Reference	English	Chairperson	MP	notMinister	HDZ	Hrvatska demokratska zajednica	Opposition	Centre-right	BebićLuka	Bebić, Luka	M	1937	
ParlaMint-HR-en_2008-02-27-0	ParlaMint-HR_2008-02-27-0.u2518	Minutes of the National Assembly of the Republic of Croatia, Term 6, Session 3	2008-02-27	Unicameralism	6. mandat	-	Zasedanje 3	2008-03-28	-	Reference	English	Regular	MP	notMinister	SDP	Socijaldemokratska partija Hrvatske	Opposition	Centre-left	SobolGordana	Sobol, Gordana	F	1961	
ParlaMint-HR-en_2008-02-27-0	ParlaMint-HR_2008-02-27-0.u2519	Minutes of the National Assembly of the Republic of Croatia, Term 6, Session 3	2008-02-27	Unicameralism	6. mandat	-	Zasedanje 3	2008-03-28	-	Reference	English	Chairperson	MP	notMinister	HDZ	Hrvatska demokratska zajednica	Opposition	Centre-right	BebićLuka	Bebić, Luka	M	1937	
ParlaMint-HR-en_2008-02-27-0	ParlaMint-HR_2008-02-27-0.u2520	Minutes of the National Assembly of the Republic of Croatia, Term 6, Session 3	2008-02-27	Unicameralism	6. mandat	-	Zasedanje 3	2008-03-28	-	Reference	English	Regular	MP	notMinister	HDZ	Hrvatska demokratska zajednica	Opposition	Centre-right	KalmetaBožidar	Kalmeta, Božidar	M	1958	
ParlaMint-HR-en_2008-02-27-0	ParlaMint-HR_2008-02-27-0.u2521	Minutes of the National Assembly of the Republic of Croatia, Term 6, Session 3	2008-02-27	Unicameralism	6. mandat	-	Zasedanje 3	2008-03-28	-	Reference	English	Chairperson	MP	notMinister	HDZ	Hrvatska demokratska zajednica	Opposition	Centre-right	BebićLuka	Bebić, Luka	M	1937	
ParlaMint-HR-en_2008-02-27-0	ParlaMint-HR_2008-02-27-0.u2522	Minutes of the National Assembly of the Republic of Croatia, Term 6, Session 3	2008-02-27	Unicameralism	6. mandat	-	Zasedanje 3	2008-03-28	-	Reference	English	Regular	MP	notMinister	IDS	Istarski demokratski sabor	Opposition	Centre to centre-left	KajinDamir	Kajin, Damir	M	1962	
ParlaMint-HR-en_2008-02-27-0	ParlaMint-HR_2008-02-27-0.u2523	Minutes of the National Assembly of the Republic of Croatia, Term 6, Session 3	2008-02-27	Unicameralism	6. mandat	-	Zasedanje 3	2008-03-28	-	Reference	English	Chairperson	MP	notMinister	HDZ	Hrvatska demokratska zajednica	Opposition	Centre-right	BebićLuka	Bebić, Luka	M	1937	
ParlaMint-HR-en_2008-02-27-0	ParlaMint-HR_2008-02-27-0.u2524	Minutes of the National Assembly of the Republic of Croatia, Term 6, Session 3	2008-02-27	Unicameralism	6. mandat	-	Zasedanje 3	2008-03-28	-	Reference	English	Regular	MP	notMinister	HDZ	Hrvatska demokratska zajednica	Opposition	Centre-right	KalmetaBožidar	Kalmeta, Božidar	M	1958	
ParlaMint-HR-en_2008-02-27-0	ParlaMint-HR_2008-02-27-0.u2525	Minutes of the National Assembly of the Republic of Croatia, Term 6, Session 3	2008-02-27	Unicameralism	6. mandat	-	Zasedanje 3	2008-03-28	-	Reference	English	Chairperson	MP	notMinister	HDZ	Hrvatska demokratska zajednica	Opposition	Centre-right	BebićLuka	Bebić, Luka	M	1937	
ParlaMint-HR-en_2008-02-27-0	ParlaMint-HR_2008-02-27-0.u2526	Minutes of the National Assembly of the Republic of Croatia, Term 6, Session 3	2008-02-27	Unicameralism	6. mandat	-	Zasedanje 3	2008-03-28	-	Reference	English	Regular	MP	notMinister	SDP	Socijaldemokratska partija Hrvatske	Opposition	Centre-left	MršićZvonimir	Mršić, Zvonimir	M	1966	
ParlaMint-HR-en_2008-02-27-0	ParlaMint-HR_2008-02-27-0.u2527	Minutes of the National Assembly of the Republic of Croatia, Term 6, Session 3	2008-02-27	Unicameralism	6. mandat	-	Zasedanje 3	2008-03-28	-	Reference	English	Chairperson	MP	notMinister	HDZ	Hrvatska demokratska zajednica	Opposition	Centre-right	BebićLuka	Bebić, Luka	M	1937	
ParlaMint-HR-en_2008-02-27-0	ParlaMint-HR_2008-02-27-0.u2528	Minutes of the National Assembly of the Republic of Croatia, Term 6, Session 3	2008-02-27	Unicameralism	6. mandat	-	Zasedanje 3	2008-03-28	-	Reference	English	Regular	MP	notMinister	HDZ	Hrvatska demokratska zajednica	Opposition	Centre-right	KalmetaBožidar	Kalmeta, Božidar	M	1958	
ParlaMint-HR-en_2008-02-27-0	ParlaMint-HR_2008-02-27-0.u2529	Minutes of the National Assembly of the Republic of Croatia, Term 6, Session 3	2008-02-27	Unicameralism	6. mandat	-	Zasedanje 3	2008-03-28	-	Reference	English	Chairperson	MP	notMinister	HDZ	Hrvatska demokratska zajednica	Opposition	Centre-right	BebićLuka	Bebić, Luka	M	1937	
ParlaMint-HR-en_2008-02-27-0	ParlaMint-HR_2008-02-27-0.u2530	Minutes of the National Assembly of the Republic of Croatia, Term 6, Session 3	2008-02-27	Unicameralism	6. mandat	-	Zasedanje 3	2008-03-28	-	Reference	English	Regular	MP	notMinister	HNS	Hrvatska narodna stranka	Coalition	Centre to centre-left	VinceljŽeljko	Vincelj, Željko	M	1960	
ParlaMint-HR-en_2008-02-27-0	ParlaMint-HR_2008-02-27-0.u2531	Minutes of the National Assembly of the Republic of Croatia, Term 6, Session 3	2008-02-27	Unicameralism	6. mandat	-	Zasedanje 3	2008-03-28	-	Reference	English	Chairperson	MP	notMinister	HDZ	Hrvatska demokratska zajednica	Opposition	Centre-right	BebićLuka	Bebić, Luka	M	1937	
ParlaMint-HR-en_2008-02-27-0	ParlaMint-HR_2008-02-27-0.u2532	Minutes of the National Assembly of the Republic of Croatia, Term 6, Session 3	2008-02-27	Unicameralism	6. mandat	-	Zasedanje 3	2008-03-28	-	Reference	English	Regular	MP	notMinister	HDZ	Hrvatska demokratska zajednica	Opposition	Centre-right	KalmetaBožidar	Kalmeta, Božidar	M	1958	
ParlaMint-HR-en_2008-02-27-0	ParlaMint-HR_2008-02-27-0.u2533	Minutes of the National Assembly of the Republic of Croatia, Term 6, Session 3	2008-02-27	Unicameralism	6. mandat	-	Zasedanje 3	2008-03-28	-	Reference	English	Chairperson	MP	notMinister	HDZ	Hrvatska demokratska zajednica	Opposition	Centre-right	BebićLuka	Bebić, Luka	M	1937	
ParlaMint-HR-en_2008-02-27-0	ParlaMint-HR_2008-02-27-0.u2534	Minutes of the National Assembly of the Republic of Croatia, Term 6, Session 3	2008-02-27	Unicameralism	6. mandat	-	Zasedanje 3	2008-03-28	-	Reference	English	Regular	MP	notMinister	SDP	Socijaldemokratska partija Hrvatske	Opposition	Centre-left	VidovićDavorko	Vidović, Davorko	M	1956	
ParlaMint-HR-en_2008-02-27-0	ParlaMint-HR_2008-02-27-0.u2535	Minutes of the National Assembly of the Republic of Croatia, Term 6, Session 3	2008-02-27	Unicameralism	6. mandat	-	Zasedanje 3	2008-03-28	-	Reference	English	Chairperson	MP	notMinister	HDZ	Hrvatska demokratska zajednica	Opposition	Centre-right	BebićLuka	Bebić, Luka	M	1937	
ParlaMint-HR-en_2008-02-27-0	ParlaMint-HR_2008-02-27-0.u2536	Minutes of the National Assembly of the Republic of Croatia, Term 6, Session 3	2008-02-27	Unicameralism	6. mandat	-	Zasedanje 3	2008-03-28	-	Reference	English	Chairperson	MP	notMinister	HDZ	Hrvatska demokratska zajednica	Opposition	Centre-right	ŠeksVladimir	Šeks, Vladimir	M	1943	
ParlaMint-HR-en_2008-02-27-0	ParlaMint-HR_2008-02-27-0.u2537	Minutes of the National Assembly of the Republic of Croatia, Term 6, Session 3	2008-02-27	Unicameralism	6. mandat	-	Zasedanje 3	2008-03-28	-	Reference	English	Regular	MP	notMinister	HDZ	Hrvatska demokratska zajednica	Opposition	Centre-right	KalmetaBožidar	Kalmeta, Božidar	M	1958	
ParlaMint-HR-en_2008-02-27-0	ParlaMint-HR_2008-02-27-0.u2538	Minutes of the National Assembly of the Republic of Croatia, Term 6, Session 3	2008-02-27	Unicameralism	6. mandat	-	Zasedanje 3	2008-03-28	-	Reference	English	Chairperson	MP	notMinister	HDZ	Hrvatska demokratska zajednica	Opposition	Centre-right	ŠeksVladimir	Šeks, Vladimir	M	1943	
ParlaMint-HR-en_2008-02-27-0	ParlaMint-HR_2008-02-27-0.u2539	Minutes of the National Assembly of the Republic of Croatia, Term 6, Session 3	2008-02-27	Unicameralism	6. mandat	-	Zasedanje 3	2008-03-28	-	Reference	English	Regular	MP	notMinister	SDP	Socijaldemokratska partija Hrvatske	Opposition	Centre-left	MršićZvonimir	Mršić, Zvonimir	M	1966	
ParlaMint-HR-en_2008-02-27-0	ParlaMint-HR_2008-02-27-0.u2540	Minutes of the National Assembly of the Republic of Croatia, Term 6, Session 3	2008-02-27	Unicameralism	6. mandat	-	Zasedanje 3	2008-03-28	-	Reference	English	Chairperson	MP	notMinister	HDZ	Hrvatska demokratska zajednica	Opposition	Centre-right	ŠeksVladimir	Šeks, Vladimir	M	1943	
ParlaMint-HR-en_2008-02-27-0	ParlaMint-HR_2008-02-27-0.u2541	Minutes of the National Assembly of the Republic of Croatia, Term 6, Session 3	2008-02-27	Unicameralism	6. mandat	-	Zasedanje 3	2008-03-28	-	Reference	English	Regular	MP	notMinister	HDZ	Hrvatska demokratska zajednica	Opposition	Centre-right	KalmetaBožidar	Kalmeta, Božidar	M	1958	
ParlaMint-HR-en_2008-02-27-0	ParlaMint-HR_2008-02-27-0.u2542	Minutes of the National Assembly of the Republic of Croatia, Term 6, Session 3	2008-02-27	Unicameralism	6. mandat	-	Zasedanje 3	2008-03-28	-	Reference	English	Chairperson	MP	notMinister	HDZ	Hrvatska demokratska zajednica	Opposition	Centre-right	ŠeksVladimir	Šeks, Vladimir	M	1943	
ParlaMint-HR-en_2008-02-27-0	ParlaMint-HR_2008-02-27-0.u2543	Minutes of the National Assembly of the Republic of Croatia, Term 6, Session 3	2008-02-27	Unicameralism	6. mandat	-	Zasedanje 3	2008-03-28	-	Reference	English	Regular	MP	notMinister	HNS	Hrvatska narodna stranka	Coalition	Centre to centre-left	KoračevićZlatko	Koračević, Zlatko	M	1955	
ParlaMint-HR-en_2008-02-27-0	ParlaMint-HR_2008-02-27-0.u2544	Minutes of the National Assembly of the Republic of Croatia, Term 6, Session 3	2008-02-27	Unicameralism	6. mandat	-	Zasedanje 3	2008-03-28	-	Reference	English	Chairperson	MP	notMinister	HDZ	Hrvatska demokratska zajednica	Opposition	Centre-right	ŠeksVladimir	Šeks, Vladimir	M	1943	
ParlaMint-HR-en_2008-02-27-0	ParlaMint-HR_2008-02-27-0.u2545	Minutes of the National Assembly of the Republic of Croatia, Term 6, Session 3	2008-02-27	Unicameralism	6. mandat	-	Zasedanje 3	2008-03-28	-	Reference	English	Regular	MP	notMinister	HDZ	Hrvatska demokratska zajednica	Opposition	Centre-right	KalmetaBožidar	Kalmeta, Božidar	M	1958	
ParlaMint-HR-en_2008-02-27-0	ParlaMint-HR_2008-02-27-0.u2546	Minutes of the National Assembly of the Republic of Croatia, Term 6, Session 3	2008-02-27	Unicameralism	6. mandat	-	Zasedanje 3	2008-03-28	-	Reference	English	Chairperson	MP	notMinister	HDZ	Hrvatska demokratska zajednica	Opposition	Centre-right	ŠeksVladimir	Šeks, Vladimir	M	1943	
ParlaMint-HR-en_2008-02-27-0	ParlaMint-HR_2008-02-27-0.u2547	Minutes of the National Assembly of the Republic of Croatia, Term 6, Session 3	2008-02-27	Unicameralism	6. mandat	-	Zasedanje 3	2008-03-28	-	Reference	English	Regular	MP	notMinister	SDP	Socijaldemokratska partija Hrvatske	Opposition	Centre-left	DenonaLuka	Denona, Luka	M	1950	
ParlaMint-HR-en_2008-02-27-0	ParlaMint-HR_2008-02-27-0.u2548	Minutes of the National Assembly of the Republic of Croatia, Term 6, Session 3	2008-02-27	Unicameralism	6. mandat	-	Zasedanje 3	2008-03-28	-	Reference	English	Chairperson	MP	notMinister	HDZ	Hrvatska demokratska zajednica	Opposition	Centre-right	ŠeksVladimir	Šeks, Vladimir	M	1943	
ParlaMint-HR-en_2008-02-27-0	ParlaMint-HR_2008-02-27-0.u2549	Minutes of the National Assembly of the Republic of Croatia, Term 6, Session 3	2008-02-27	Unicameralism	6. mandat	-	Zasedanje 3	2008-03-28	-	Reference	English	Regular	MP	notMinister	HDZ	Hrvatska demokratska zajednica	Opposition	Centre-right	KalmetaBožidar	Kalmeta, Božidar	M	1958	
ParlaMint-HR-en_2008-02-27-0	ParlaMint-HR_2008-02-27-0.u2550	Minutes of the National Assembly of the Republic of Croatia, Term 6, Session 3	2008-02-27	Unicameralism	6. mandat	-	Zasedanje 3	2008-03-28	-	Reference	English	Chairperson	MP	notMinister	HDZ	Hrvatska demokratska zajednica	Opposition	Centre-right	ŠeksVladimir	Šeks, Vladimir	M	1943	
ParlaMint-HR-en_2008-02-27-0	ParlaMint-HR_2008-02-27-0.u2551	Minutes of the National Assembly of the Republic of Croatia, Term 6, Session 3	2008-02-27	Unicameralism	6. mandat	-	Zasedanje 3	2008-03-28	-	Reference	English	Regular	MP	notMinister	SDP	Socijaldemokratska partija Hrvatske	Opposition	Centre-left	JurjevićMarin	Jurjević, Marin	M	1952	
ParlaMint-HR-en_2008-02-27-0	ParlaMint-HR_2008-02-27-0.u2552	Minutes of the National Assembly of the Republic of Croatia, Term 6, Session 3	2008-02-27	Unicameralism	6. mandat	-	Zasedanje 3	2008-03-28	-	Reference	English	Regular	MP	notMinister	HDZ	Hrvatska demokratska zajednica	Opposition	Centre-right	KalmetaBožidar	Kalmeta, Božidar	M	1958	
ParlaMint-HR-en_2008-02-27-0	ParlaMint-HR_2008-02-27-0.u2553	Minutes of the National Assembly of the Republic of Croatia, Term 6, Session 3	2008-02-27	Unicameralism	6. mandat	-	Zasedanje 3	2008-03-28	-	Reference	English	Regular	MP	notMinister	SDP	Socijaldemokratska partija Hrvatske	Opposition	Centre-left	JurjevićMarin	Jurjević, Marin	M	1952	
ParlaMint-HR-en_2008-02-27-0	ParlaMint-HR_2008-02-27-0.u2554	Minutes of the National Assembly of the Republic of Croatia, Term 6, Session 3	2008-02-27	Unicameralism	6. mandat	-	Zasedanje 3	2008-03-28	-	Reference	English	Chairperson	MP	notMinister	HDZ	Hrvatska demokratska zajednica	Opposition	Centre-right	ŠeksVladimir	Šeks, Vladimir	M	1943	
ParlaMint-HR-en_2008-02-27-0	ParlaMint-HR_2008-02-27-0.u2555	Minutes of the National Assembly of the Republic of Croatia, Term 6, Session 3	2008-02-27	Unicameralism	6. mandat	-	Zasedanje 3	2008-03-28	-	Reference	English	Regular	MP	notMinister	HDZ	Hrvatska demokratska zajednica	Opposition	Centre-right	KalmetaBožidar	Kalmeta, Božidar	M	1958	
ParlaMint-HR-en_2008-02-27-0	ParlaMint-HR_2008-02-27-0.u2556	Minutes of the National Assembly of the Republic of Croatia, Term 6, Session 3	2008-02-27	Unicameralism	6. mandat	-	Zasedanje 3	2008-03-28	-	Reference	English	Chairperson	MP	notMinister	HDZ	Hrvatska demokratska zajednica	Opposition	Centre-right	ŠeksVladimir	Šeks, Vladimir	M	1943	
ParlaMint-HR-en_2008-02-27-0	ParlaMint-HR_2008-02-27-0.u2557	Minutes of the National Assembly of the Republic of Croatia, Term 6, Session 3	2008-02-27	Unicameralism	6. mandat	-	Zasedanje 3	2008-03-28	-	Reference	English	Regular	MP	notMinister	IDS	Istarski demokratski sabor	Opposition	Centre to centre-left	MiletićBoris	Miletić, Boris	M	1975	
ParlaMint-HR-en_2008-02-27-0	ParlaMint-HR_2008-02-27-0.u2558	Minutes of the National Assembly of the Republic of Croatia, Term 6, Session 3	2008-02-27	Unicameralism	6. mandat	-	Zasedanje 3	2008-03-28	-	Reference	English	Chairperson	MP	notMinister	HDZ	Hrvatska demokratska zajednica	Opposition	Centre-right	ŠeksVladimir	Šeks, Vladimir	M	1943	
ParlaMint-HR-en_2008-02-27-0	ParlaMint-HR_2008-02-27-0.u2559	Minutes of the National Assembly of the Republic of Croatia, Term 6, Session 3	2008-02-27	Unicameralism	6. mandat	-	Zasedanje 3	2008-03-28	-	Reference	English	Regular	MP	notMinister	HDZ	Hrvatska demokratska zajednica	Opposition	Centre-right	KalmetaBožidar	Kalmeta, Božidar	M	1958	
ParlaMint-HR-en_2008-02-27-0	ParlaMint-HR_2008-02-27-0.u2560	Minutes of the National Assembly of the Republic of Croatia, Term 6, Session 3	2008-02-27	Unicameralism	6. mandat	-	Zasedanje 3	2008-03-28	-	Reference	English	Chairperson	MP	notMinister	HDZ	Hrvatska demokratska zajednica	Opposition	Centre-right	ŠeksVladimir	Šeks, Vladimir	M	1943	
ParlaMint-HR-en_2008-02-27-0	ParlaMint-HR_2008-02-27-0.u2561	Minutes of the National Assembly of the Republic of Croatia, Term 6, Session 3	2008-02-27	Unicameralism	6. mandat	-	Zasedanje 3	2008-03-28	-	Reference	English	Regular	MP	notMinister	IDS	Istarski demokratski sabor	Opposition	Centre to centre-left	MiletićBoris	Miletić, Boris	M	1975	
ParlaMint-HR-en_2008-02-27-0	ParlaMint-HR_2008-02-27-0.u2562	Minutes of the National Assembly of the Republic of Croatia, Term 6, Session 3	2008-02-27	Unicameralism	6. mandat	-	Zasedanje 3	2008-03-28	-	Reference	English	Chairperson	MP	notMinister	HDZ	Hrvatska demokratska zajednica	Opposition	Centre-right	ŠeksVladimir	Šeks, Vladimir	M	1943	
ParlaMint-HR-en_2008-02-27-0	ParlaMint-HR_2008-02-27-0.u2563	Minutes of the National Assembly of the Republic of Croatia, Term 6, Session 3	2008-02-27	Unicameralism	6. mandat	-	Zasedanje 3	2008-03-28	-	Reference	English	Regular	MP	notMinister	HDZ	Hrvatska demokratska zajednica	Opposition	Centre-right	KalmetaBožidar	Kalmeta, Božidar	M	1958	
ParlaMint-HR-en_2008-02-27-0	ParlaMint-HR_2008-02-27-0.u2564	Minutes of the National Assembly of the Republic of Croatia, Term 6, Session 3	2008-02-27	Unicameralism	6. mandat	-	Zasedanje 3	2008-03-28	-	Reference	English	Chairperson	MP	notMinister	HDZ	Hrvatska demokratska zajednica	Opposition	Centre-right	ŠeksVladimir	Šeks, Vladimir	M	1943	
ParlaMint-HR-en_2008-02-27-0	ParlaMint-HR_2008-02-27-0.u2565	Minutes of the National Assembly of the Republic of Croatia, Term 6, Session 3	2008-02-27	Unicameralism	6. mandat	-	Zasedanje 3	2008-03-28	-	Reference	English	Regular	MP	notMinister	SDP	Socijaldemokratska partija Hrvatske	Opposition	Centre-left	ŠimacBonačićTatjana	Šimac Bonačić, Tatjana	F	1957	
ParlaMint-HR-en_2008-02-27-0	ParlaMint-HR_2008-02-27-0.u2566	Minutes of the National Assembly of the Republic of Croatia, Term 6, Session 3	2008-02-27	Unicameralism	6. mandat	-	Zasedanje 3	2008-03-28	-	Reference	English	Chairperson	MP	notMinister	HDZ	Hrvatska demokratska zajednica	Opposition	Centre-right	ŠeksVladimir	Šeks, Vladimir	M	1943	
ParlaMint-HR-en_2008-02-27-0	ParlaMint-HR_2008-02-27-0.u2567	Minutes of the National Assembly of the Republic of Croatia, Term 6, Session 3	2008-02-27	Unicameralism	6. mandat	-	Zasedanje 3	2008-03-28	-	Reference	English	Regular	MP	notMinister	HDZ	Hrvatska demokratska zajednica	Opposition	Centre-right	KalmetaBožidar	Kalmeta, Božidar	M	1958	
ParlaMint-HR-en_2008-02-27-0	ParlaMint-HR_2008-02-27-0.u2568	Minutes of the National Assembly of the Republic of Croatia, Term 6, Session 3	2008-02-27	Unicameralism	6. mandat	-	Zasedanje 3	2008-03-28	-	Reference	English	Chairperson	MP	notMinister	HDZ	Hrvatska demokratska zajednica	Opposition	Centre-right	ŠeksVladimir	Šeks, Vladimir	M	1943	
ParlaMint-HR-en_2008-02-27-0	ParlaMint-HR_2008-02-27-0.u2569	Minutes of the National Assembly of the Republic of Croatia, Term 6, Session 3	2008-02-27	Unicameralism	6. mandat	-	Zasedanje 3	2008-03-28	-	Reference	English	Regular	MP	notMinister	SDP	Socijaldemokratska partija Hrvatske	Opposition	Centre-left	JovanovićŽeljko	Jovanović, Željko	M	1965	
ParlaMint-HR-en_2008-02-27-0	ParlaMint-HR_2008-02-27-0.u2570	Minutes of the National Assembly of the Republic of Croatia, Term 6, Session 3	2008-02-27	Unicameralism	6. mandat	-	Zasedanje 3	2008-03-28	-	Reference	English	Chairperson	MP	notMinister	HDZ	Hrvatska demokratska zajednica	Opposition	Centre-right	ŠeksVladimir	Šeks, Vladimir	M	1943	
ParlaMint-HR-en_2008-02-27-0	ParlaMint-HR_2008-02-27-0.u2571	Minutes of the National Assembly of the Republic of Croatia, Term 6, Session 3	2008-02-27	Unicameralism	6. mandat	-	Zasedanje 3	2008-03-28	-	Reference	English	Regular	MP	notMinister	HDZ	Hrvatska demokratska zajednica	Opposition	Centre-right	KalmetaBožidar	Kalmeta, Božidar	M	1958	
ParlaMint-HR-en_2008-02-27-0	ParlaMint-HR_2008-02-27-0.u2572	Minutes of the National Assembly of the Republic of Croatia, Term 6, Session 3	2008-02-27	Unicameralism	6. mandat	-	Zasedanje 3	2008-03-28	-	Reference	English	Chairperson	MP	notMinister	HDZ	Hrvatska demokratska zajednica	Opposition	Centre-right	ŠeksVladimir	Šeks, Vladimir	M	1943	
ParlaMint-HR-en_2008-02-27-0	ParlaMint-HR_2008-02-27-0.u2573	Minutes of the National Assembly of the Republic of Croatia, Term 6, Session 3	2008-02-27	Unicameralism	6. mandat	-	Zasedanje 3	2008-03-28	-	Reference	English	Regular	MP	notMinister	SDP	Socijaldemokratska partija Hrvatske	Opposition	Centre-left	MršićZvonimir	Mršić, Zvonimir	M	1966	
ParlaMint-HR-en_2008-02-27-0	ParlaMint-HR_2008-02-27-0.u2574	Minutes of the National Assembly of the Republic of Croatia, Term 6, Session 3	2008-02-27	Unicameralism	6. mandat	-	Zasedanje 3	2008-03-28	-	Reference	English	Chairperson	MP	notMinister	HDZ	Hrvatska demokratska zajednica	Opposition	Centre-right	ŠeksVladimir	Šeks, Vladimir	M	1943	
ParlaMint-HR-en_2008-02-27-0	ParlaMint-HR_2008-02-27-0.u2575	Minutes of the National Assembly of the Republic of Croatia, Term 6, Session 3	2008-02-27	Unicameralism	6. mandat	-	Zasedanje 3	2008-03-28	-	Reference	English	Regular	MP	notMinister	HDZ	Hrvatska demokratska zajednica	Opposition	Centre-right	KalmetaBožidar	Kalmeta, Božidar	M	1958	
ParlaMint-HR-en_2008-02-27-0	ParlaMint-HR_2008-02-27-0.u2576	Minutes of the National Assembly of the Republic of Croatia, Term 6, Session 3	2008-02-27	Unicameralism	6. mandat	-	Zasedanje 3	2008-03-28	-	Reference	English	Chairperson	MP	notMinister	HDZ	Hrvatska demokratska zajednica	Opposition	Centre-right	ŠeksVladimir	Šeks, Vladimir	M	1943	
ParlaMint-HR-en_2008-02-27-0	ParlaMint-HR_2008-02-27-0.u2577	Minutes of the National Assembly of the Republic of Croatia, Term 6, Session 3	2008-02-27	Unicameralism	6. mandat	-	Zasedanje 3	2008-03-28	-	Reference	English	Regular	MP	notMinister	SDP	Socijaldemokratska partija Hrvatske	Opposition	Centre-left	BaukArsen	Bauk, Arsen	M	1973	
ParlaMint-HR-en_2008-02-27-0	ParlaMint-HR_2008-02-27-0.u2578	Minutes of the National Assembly of the Republic of Croatia, Term 6, Session 3	2008-02-27	Unicameralism	6. mandat	-	Zasedanje 3	2008-03-28	-	Reference	English	Chairperson	MP	notMinister	HDZ	Hrvatska demokratska zajednica	Opposition	Centre-right	ŠeksVladimir	Šeks, Vladimir	M	1943	
ParlaMint-HR-en_2008-02-27-0	ParlaMint-HR_2008-02-27-0.u2579	Minutes of the National Assembly of the Republic of Croatia, Term 6, Session 3	2008-02-27	Unicameralism	6. mandat	-	Zasedanje 3	2008-03-28	-	Reference	English	Regular	MP	notMinister	HDZ	Hrvatska demokratska zajednica	Opposition	Centre-right	KalmetaBožidar	Kalmeta, Božidar	M	1958	
ParlaMint-HR-en_2008-02-27-0	ParlaMint-HR_2008-02-27-0.u2580	Minutes of the National Assembly of the Republic of Croatia, Term 6, Session 3	2008-02-27	Unicameralism	6. mandat	-	Zasedanje 3	2008-03-28	-	Reference	English	Chairperson	MP	notMinister	HDZ	Hrvatska demokratska zajednica	Opposition	Centre-right	ŠeksVladimir	Šeks, Vladimir	M	1943	
ParlaMint-HR-en_2008-02-27-0	ParlaMint-HR_2008-02-27-0.u2581	Minutes of the National Assembly of the Republic of Croatia, Term 6, Session 3	2008-02-27	Unicameralism	6. mandat	-	Zasedanje 3	2008-03-28	-	Reference	English	Regular	MP	notMinister	SDP	Socijaldemokratska partija Hrvatske	Opposition	Centre-left	KozlevacDino	Kozlevac, Dino	M	1960	
ParlaMint-HR-en_2008-02-27-0	ParlaMint-HR_2008-02-27-0.u2582	Minutes of the National Assembly of the Republic of Croatia, Term 6, Session 3	2008-02-27	Unicameralism	6. mandat	-	Zasedanje 3	2008-03-28	-	Reference	English	Chairperson	MP	notMinister	HDZ	Hrvatska demokratska zajednica	Opposition	Centre-right	ŠeksVladimir	Šeks, Vladimir	M	1943	
ParlaMint-HR-en_2008-02-27-0	ParlaMint-HR_2008-02-27-0.u2583	Minutes of the National Assembly of the Republic of Croatia, Term 6, Session 3	2008-02-27	Unicameralism	6. mandat	-	Zasedanje 3	2008-03-28	-	Reference	English	Regular	MP	notMinister	HDZ	Hrvatska demokratska zajednica	Opposition	Centre-right	KalmetaBožidar	Kalmeta, Božidar	M	1958	
ParlaMint-HR-en_2008-02-27-0	ParlaMint-HR_2008-02-27-0.u2584	Minutes of the National Assembly of the Republic of Croatia, Term 6, Session 3	2008-02-27	Unicameralism	6. mandat	-	Zasedanje 3	2008-03-28	-	Reference	English	Chairperson	MP	notMinister	HDZ	Hrvatska demokratska zajednica	Opposition	Centre-right	ŠeksVladimir	Šeks, Vladimir	M	1943	
ParlaMint-HR-en_2008-02-27-0	ParlaMint-HR_2008-02-27-0.u2585	Minutes of the National Assembly of the Republic of Croatia, Term 6, Session 3	2008-02-27	Unicameralism	6. mandat	-	Zasedanje 3	2008-03-28	-	Reference	English	Regular	MP	notMinister	SDP	Socijaldemokratska partija Hrvatske	Opposition	Centre-left	BaukArsen	Bauk, Arsen	M	1973	
ParlaMint-HR-en_2008-02-27-0	ParlaMint-HR_2008-02-27-0.u2586	Minutes of the National Assembly of the Republic of Croatia, Term 6, Session 3	2008-02-27	Unicameralism	6. mandat	-	Zasedanje 3	2008-03-28	-	Reference	English	Chairperson	MP	notMinister	HDZ	Hrvatska demokratska zajednica	Opposition	Centre-right	ŠeksVladimir	Šeks, Vladimir	M	1943	
ParlaMint-HR-en_2008-02-27-0	ParlaMint-HR_2008-02-27-0.u2587	Minutes of the National Assembly of the Republic of Croatia, Term 6, Session 3	2008-02-27	Unicameralism	6. mandat	-	Zasedanje 3	2008-03-28	-	Reference	English	Regular	MP	notMinister	HDZ	Hrvatska demokratska zajednica	Opposition	Centre-right	KalmetaBožidar	Kalmeta, Božidar	M	1958	
ParlaMint-HR-en_2008-02-27-0	ParlaMint-HR_2008-02-27-0.u2588	Minutes of the National Assembly of the Republic of Croatia, Term 6, Session 3	2008-02-27	Unicameralism	6. mandat	-	Zasedanje 3	2008-03-28	-	Reference	English	Chairperson	MP	notMinister	HDZ	Hrvatska demokratska zajednica	Opposition	Centre-right	ŠeksVladimir	Šeks, Vladimir	M	1943	
ParlaMint-HR-en_2008-02-27-0	ParlaMint-HR_2008-02-27-0.u2589	Minutes of the National Assembly of the Republic of Croatia, Term 6, Session 3	2008-02-27	Unicameralism	6. mandat	-	Zasedanje 3	2008-03-28	-	Reference	English	Regular	MP	notMinister	HNS	Hrvatska narodna stranka	Coalition	Centre to centre-left	VinceljŽeljko	Vincelj, Željko	M	1960	
ParlaMint-HR-en_2008-02-27-0	ParlaMint-HR_2008-02-27-0.u2590	Minutes of the National Assembly of the Republic of Croatia, Term 6, Session 3	2008-02-27	Unicameralism	6. mandat	-	Zasedanje 3	2008-03-28	-	Reference	English	Chairperson	MP	notMinister	HDZ	Hrvatska demokratska zajednica	Opposition	Centre-right	ŠeksVladimir	Šeks, Vladimir	M	1943	
ParlaMint-HR-en_2008-02-27-0	ParlaMint-HR_2008-02-27-0.u2591	Minutes of the National Assembly of the Republic of Croatia, Term 6, Session 3	2008-02-27	Unicameralism	6. mandat	-	Zasedanje 3	2008-03-28	-	Reference	English	Regular	MP	notMinister	HDZ	Hrvatska demokratska zajednica	Opposition	Centre-right	KalmetaBožidar	Kalmeta, Božidar	M	1958	
ParlaMint-HR-en_2008-02-27-0	ParlaMint-HR_2008-02-27-0.u2592	Minutes of the National Assembly of the Republic of Croatia, Term 6, Session 3	2008-02-27	Unicameralism	6. mandat	-	Zasedanje 3	2008-03-28	-	Reference	English	Chairperson	MP	notMinister	HDZ	Hrvatska demokratska zajednica	Opposition	Centre-right	ŠeksVladimir	Šeks, Vladimir	M	1943	
ParlaMint-HR-en_2008-02-27-0	ParlaMint-HR_2008-02-27-0.u2593	Minutes of the National Assembly of the Republic of Croatia, Term 6, Session 3	2008-02-27	Unicameralism	6. mandat	-	Zasedanje 3	2008-03-28	-	Reference	English	Regular	MP	notMinister	SDP	Socijaldemokratska partija Hrvatske	Opposition	Centre-left	BaukArsen	Bauk, Arsen	M	1973	
ParlaMint-HR-en_2008-02-27-0	ParlaMint-HR_2008-02-27-0.u2594	Minutes of the National Assembly of the Republic of Croatia, Term 6, Session 3	2008-02-27	Unicameralism	6. mandat	-	Zasedanje 3	2008-03-28	-	Reference	English	Chairperson	MP	notMinister	HDZ	Hrvatska demokratska zajednica	Opposition	Centre-right	ŠeksVladimir	Šeks, Vladimir	M	1943	
ParlaMint-HR-en_2008-02-27-0	ParlaMint-HR_2008-02-27-0.u2595	Minutes of the National Assembly of the Republic of Croatia, Term 6, Session 3	2008-02-27	Unicameralism	6. mandat	-	Zasedanje 3	2008-03-28	-	Reference	English	Regular	MP	notMinister	HDZ	Hrvatska demokratska zajednica	Opposition	Centre-right	KalmetaBožidar	Kalmeta, Božidar	M	1958	
ParlaMint-HR-en_2008-02-27-0	ParlaMint-HR_2008-02-27-0.u2596	Minutes of the National Assembly of the Republic of Croatia, Term 6, Session 3	2008-02-27	Unicameralism	6. mandat	-	Zasedanje 3	2008-03-28	-	Reference	English	Chairperson	MP	notMinister	HDZ	Hrvatska demokratska zajednica	Opposition	Centre-right	ŠeksVladimir	Šeks, Vladimir	M	1943	
ParlaMint-HR-en_2008-02-27-0	ParlaMint-HR_2008-02-27-0.u2597	Minutes of the National Assembly of the Republic of Croatia, Term 6, Session 3	2008-02-27	Unicameralism	6. mandat	-	Zasedanje 3	2008-03-28	-	Reference	English	Regular	MP	notMinister	SDP	Socijaldemokratska partija Hrvatske	Opposition	Centre-left	DenonaLuka	Denona, Luka	M	1950	
ParlaMint-HR-en_2008-02-27-0	ParlaMint-HR_2008-02-27-0.u2598	Minutes of the National Assembly of the Republic of Croatia, Term 6, Session 3	2008-02-27	Unicameralism	6. mandat	-	Zasedanje 3	2008-03-28	-	Reference	English	Chairperson	MP	notMinister	HDZ	Hrvatska demokratska zajednica	Opposition	Centre-right	ŠeksVladimir	Šeks, Vladimir	M	1943	
ParlaMint-HR-en_2008-02-27-0	ParlaMint-HR_2008-02-27-0.u2599	Minutes of the National Assembly of the Republic of Croatia, Term 6, Session 3	2008-02-27	Unicameralism	6. mandat	-	Zasedanje 3	2008-03-28	-	Reference	English	Regular	MP	notMinister	HDZ	Hrvatska demokratska zajednica	Opposition	Centre-right	KalmetaBožidar	Kalmeta, Božidar	M	1958	
ParlaMint-HR-en_2008-02-27-0	ParlaMint-HR_2008-02-27-0.u2600	Minutes of the National Assembly of the Republic of Croatia, Term 6, Session 3	2008-02-27	Unicameralism	6. mandat	-	Zasedanje 3	2008-03-28	-	Reference	English	Chairperson	MP	notMinister	HDZ	Hrvatska demokratska zajednica	Opposition	Centre-right	ŠeksVladimir	Šeks, Vladimir	M	1943	
ParlaMint-HR-en_2008-02-27-0	ParlaMint-HR_2008-02-27-0.u2601	Minutes of the National Assembly of the Republic of Croatia, Term 6, Session 3	2008-02-27	Unicameralism	6. mandat	-	Zasedanje 3	2008-03-28	-	Reference	English	Regular	MP	notMinister	SDP	Socijaldemokratska partija Hrvatske	Opposition	Centre-left	JovanovićŽeljko	Jovanović, Željko	M	1965	
ParlaMint-HR-en_2008-02-27-0	ParlaMint-HR_2008-02-27-0.u2602	Minutes of the National Assembly of the Republic of Croatia, Term 6, Session 3	2008-02-27	Unicameralism	6. mandat	-	Zasedanje 3	2008-03-28	-	Reference	English	Regular	MP	notMinister	HDZ	Hrvatska demokratska zajednica	Opposition	Centre-right	KalmetaBožidar	Kalmeta, Božidar	M	1958	
ParlaMint-HR-en_2008-02-27-0	ParlaMint-HR_2008-02-27-0.u2603	Minutes of the National Assembly of the Republic of Croatia, Term 6, Session 3	2008-02-27	Unicameralism	6. mandat	-	Zasedanje 3	2008-03-28	-	Reference	English	Regular	MP	notMinister	SDP	Socijaldemokratska partija Hrvatske	Opposition	Centre-left	JovanovićŽeljko	Jovanović, Željko	M	1965	
ParlaMint-HR-en_2008-02-27-0	ParlaMint-HR_2008-02-27-0.u2604	Minutes of the National Assembly of the Republic of Croatia, Term 6, Session 3	2008-02-27	Unicameralism	6. mandat	-	Zasedanje 3	2008-03-28	-	Reference	English	Chairperson	MP	notMinister	HDZ	Hrvatska demokratska zajednica	Opposition	Centre-right	ŠeksVladimir	Šeks, Vladimir	M	1943	
ParlaMint-HR-en_2008-02-27-0	ParlaMint-HR_2008-02-27-0.u2605	Minutes of the National Assembly of the Republic of Croatia, Term 6, Session 3	2008-02-27	Unicameralism	6. mandat	-	Zasedanje 3	2008-03-28	-	Reference	English	Regular	MP	notMinister	HDZ	Hrvatska demokratska zajednica	Opposition	Centre-right	KalmetaBožidar	Kalmeta, Božidar	M	1958	
ParlaMint-HR-en_2008-02-27-0	ParlaMint-HR_2008-02-27-0.u2606	Minutes of the National Assembly of the Republic of Croatia, Term 6, Session 3	2008-02-27	Unicameralism	6. mandat	-	Zasedanje 3	2008-03-28	-	Reference	English	Chairperson	MP	notMinister	HDZ	Hrvatska demokratska zajednica	Opposition	Centre-right	ŠeksVladimir	Šeks, Vladimir	M	1943	
ParlaMint-HR-en_2008-02-27-0	ParlaMint-HR_2008-02-27-0.u2607	Minutes of the National Assembly of the Republic of Croatia, Term 6, Session 3	2008-02-27	Unicameralism	6. mandat	-	Zasedanje 3	2008-03-28	-	Reference	English	Regular	MP	notMinister	SDP	Socijaldemokratska partija Hrvatske	Opposition	Centre-left	BaukArsen	Bauk, Arsen	M	1973	
ParlaMint-HR-en_2008-02-27-0	ParlaMint-HR_2008-02-27-0.u2608	Minutes of the National Assembly of the Republic of Croatia, Term 6, Session 3	2008-02-27	Unicameralism	6. mandat	-	Zasedanje 3	2008-03-28	-	Reference	English	Chairperson	MP	notMinister	HDZ	Hrvatska demokratska zajednica	Opposition	Centre-right	ŠeksVladimir	Šeks, Vladimir	M	1943	
ParlaMint-HR-en_2008-02-27-0	ParlaMint-HR_2008-02-27-0.u2609	Minutes of the National Assembly of the Republic of Croatia, Term 6, Session 3	2008-02-27	Unicameralism	6. mandat	-	Zasedanje 3	2008-03-28	-	Reference	English	Regular	MP	notMinister	HDZ	Hrvatska demokratska zajednica	Opposition	Centre-right	KalmetaBožidar	Kalmeta, Božidar	M	1958	
ParlaMint-HR-en_2008-02-27-0	ParlaMint-HR_2008-02-27-0.u2610	Minutes of the National Assembly of the Republic of Croatia, Term 6, Session 3	2008-02-27	Unicameralism	6. mandat	-	Zasedanje 3	2008-03-28	-	Reference	English	Chairperson	MP	notMinister	HDZ	Hrvatska demokratska zajednica	Opposition	Centre-right	ŠeksVladimir	Šeks, Vladimir	M	1943	
ParlaMint-HR-en_2008-02-27-0	ParlaMint-HR_2008-02-27-0.u2611	Minutes of the National Assembly of the Republic of Croatia, Term 6, Session 3	2008-02-27	Unicameralism	6. mandat	-	Zasedanje 3	2008-03-28	-	Reference	English	Regular	MP	notMinister	HNS	Hrvatska narodna stranka	Coalition	Centre to centre-left	VinceljŽeljko	Vincelj, Željko	M	1960	
ParlaMint-HR-en_2008-02-27-0	ParlaMint-HR_2008-02-27-0.u2612	Minutes of the National Assembly of the Republic of Croatia, Term 6, Session 3	2008-02-27	Unicameralism	6. mandat	-	Zasedanje 3	2008-03-28	-	Reference	English	Chairperson	MP	notMinister	HDZ	Hrvatska demokratska zajednica	Opposition	Centre-right	ŠeksVladimir	Šeks, Vladimir	M	1943	
ParlaMint-HR-en_2008-02-27-0	ParlaMint-HR_2008-02-27-0.u2613	Minutes of the National Assembly of the Republic of Croatia, Term 6, Session 3	2008-02-27	Unicameralism	6. mandat	-	Zasedanje 3	2008-03-28	-	Reference	English	Regular	MP	notMinister	HDZ	Hrvatska demokratska zajednica	Opposition	Centre-right	KalmetaBožidar	Kalmeta, Božidar	M	1958	
ParlaMint-HR-en_2008-02-27-0	ParlaMint-HR_2008-02-27-0.u2614	Minutes of the National Assembly of the Republic of Croatia, Term 6, Session 3	2008-02-27	Unicameralism	6. mandat	-	Zasedanje 3	2008-03-28	-	Reference	English	Chairperson	MP	notMinister	HDZ	Hrvatska demokratska zajednica	Opposition	Centre-right	ŠeksVladimir	Šeks, Vladimir	M	1943	
ParlaMint-HR-en_2008-02-27-0	ParlaMint-HR_2008-02-27-0.u2615	Minutes of the National Assembly of the Republic of Croatia, Term 6, Session 3	2008-02-27	Unicameralism	6. mandat	-	Zasedanje 3	2008-03-28	-	Reference	English	Regular	MP	notMinister	SDP	Socijaldemokratska partija Hrvatske	Opposition	Centre-left	MršićZvonimir	Mršić, Zvonimir	M	1966	
ParlaMint-HR-en_2008-02-27-0	ParlaMint-HR_2008-02-27-0.u2616	Minutes of the National Assembly of the Republic of Croatia, Term 6, Session 3	2008-02-27	Unicameralism	6. mandat	-	Zasedanje 3	2008-03-28	-	Reference	English	Chairperson	MP	notMinister	HDZ	Hrvatska demokratska zajednica	Opposition	Centre-right	ŠeksVladimir	Šeks, Vladimir	M	1943	
ParlaMint-HR-en_2008-02-27-0	ParlaMint-HR_2008-02-27-0.u2617	Minutes of the National Assembly of the Republic of Croatia, Term 6, Session 3	2008-02-27	Unicameralism	6. mandat	-	Zasedanje 3	2008-03-28	-	Reference	English	Regular	MP	notMinister	HDZ	Hrvatska demokratska zajednica	Opposition	Centre-right	KalmetaBožidar	Kalmeta, Božidar	M	1958	
ParlaMint-HR-en_2008-02-27-0	ParlaMint-HR_2008-02-27-0.u2618	Minutes of the National Assembly of the Republic of Croatia, Term 6, Session 3	2008-02-27	Unicameralism	6. mandat	-	Zasedanje 3	2008-03-28	-	Reference	English	Chairperson	MP	notMinister	HDZ	Hrvatska demokratska zajednica	Opposition	Centre-right	ŠeksVladimir	Šeks, Vladimir	M	1943	
ParlaMint-HR-en_2008-02-27-0	ParlaMint-HR_2008-02-27-0.u2619	Minutes of the National Assembly of the Republic of Croatia, Term 6, Session 3	2008-02-27	Unicameralism	6. mandat	-	Zasedanje 3	2008-03-28	-	Reference	English	Regular	MP	notMinister	SDP	Socijaldemokratska partija Hrvatske	Opposition	Centre-left	MršićZvonimir	Mršić, Zvonimir	M	1966	
ParlaMint-HR-en_2008-02-27-0	ParlaMint-HR_2008-02-27-0.u2620	Minutes of the National Assembly of the Republic of Croatia, Term 6, Session 3	2008-02-27	Unicameralism	6. mandat	-	Zasedanje 3	2008-03-28	-	Reference	English	Chairperson	MP	notMinister	HDZ	Hrvatska demokratska zajednica	Opposition	Centre-right	ŠeksVladimir	Šeks, Vladimir	M	1943	
ParlaMint-HR-en_2008-02-27-0	ParlaMint-HR_2008-02-27-0.u2621	Minutes of the National Assembly of the Republic of Croatia, Term 6, Session 3	2008-02-27	Unicameralism	6. mandat	-	Zasedanje 3	2008-03-28	-	Reference	English	Regular	MP	notMinister	HDZ	Hrvatska demokratska zajednica	Opposition	Centre-right	KalmetaBožidar	Kalmeta, Božidar	M	1958	
ParlaMint-HR-en_2008-02-27-0	ParlaMint-HR_2008-02-27-0.u2622	Minutes of the National Assembly of the Republic of Croatia, Term 6, Session 3	2008-02-27	Unicameralism	6. mandat	-	Zasedanje 3	2008-03-28	-	Reference	English	Chairperson	MP	notMinister	HDZ	Hrvatska demokratska zajednica	Opposition	Centre-right	ŠeksVladimir	Šeks, Vladimir	M	1943	
ParlaMint-HR-en_2008-02-27-0	ParlaMint-HR_2008-02-27-0.u2623	Minutes of the National Assembly of the Republic of Croatia, Term 6, Session 3	2008-02-27	Unicameralism	6. mandat	-	Zasedanje 3	2008-03-28	-	Reference	English	Regular	MP	notMinister	SDP	Socijaldemokratska partija Hrvatske	Opposition	Centre-left	CrljenkoBrankica	Crljenko, Brankica	F	1965	
ParlaMint-HR-en_2008-02-27-0	ParlaMint-HR_2008-02-27-0.u2624	Minutes of the National Assembly of the Republic of Croatia, Term 6, Session 3	2008-02-27	Unicameralism	6. mandat	-	Zasedanje 3	2008-03-28	-	Reference	English	Chairperson	MP	notMinister	HDZ	Hrvatska demokratska zajednica	Opposition	Centre-right	ŠeksVladimir	Šeks, Vladimir	M	1943	
ParlaMint-HR-en_2008-02-27-0	ParlaMint-HR_2008-02-27-0.u2625	Minutes of the National Assembly of the Republic of Croatia, Term 6, Session 3	2008-02-27	Unicameralism	6. mandat	-	Zasedanje 3	2008-03-28	-	Reference	English	Regular	MP	notMinister	HDZ	Hrvatska demokratska zajednica	Opposition	Centre-right	KalmetaBožidar	Kalmeta, Božidar	M	1958	
ParlaMint-HR-en_2008-02-27-0	ParlaMint-HR_2008-02-27-0.u2626	Minutes of the National Assembly of the Republic of Croatia, Term 6, Session 3	2008-02-27	Unicameralism	6. mandat	-	Zasedanje 3	2008-03-28	-	Reference	English	Chairperson	MP	notMinister	HDZ	Hrvatska demokratska zajednica	Opposition	Centre-right	ŠeksVladimir	Šeks, Vladimir	M	1943	
ParlaMint-HR-en_2008-02-27-0	ParlaMint-HR_2008-02-27-0.u2627	Minutes of the National Assembly of the Republic of Croatia, Term 6, Session 3	2008-02-27	Unicameralism	6. mandat	-	Zasedanje 3	2008-03-28	-	Reference	English	Regular	MP	notMinister	SDP	Socijaldemokratska partija Hrvatske	Opposition	Centre-left	MršićZvonimir	Mršić, Zvonimir	M	1966	
ParlaMint-HR-en_2008-02-27-0	ParlaMint-HR_2008-02-27-0.u2628	Minutes of the National Assembly of the Republic of Croatia, Term 6, Session 3	2008-02-27	Unicameralism	6. mandat	-	Zasedanje 3	2008-03-28	-	Reference	English	Chairperson	MP	notMinister	HDZ	Hrvatska demokratska zajednica	Opposition	Centre-right	ŠeksVladimir	Šeks, Vladimir	M	1943	
ParlaMint-HR-en_2008-02-27-0	ParlaMint-HR_2008-02-27-0.u2629	Minutes of the National Assembly of the Republic of Croatia, Term 6, Session 3	2008-02-27	Unicameralism	6. mandat	-	Zasedanje 3	2008-03-28	-	Reference	English	Regular	MP	notMinister	HDZ	Hrvatska demokratska zajednica	Opposition	Centre-right	KalmetaBožidar	Kalmeta, Božidar	M	1958	
ParlaMint-HR-en_2008-02-27-0	ParlaMint-HR_2008-02-27-0.u2630	Minutes of the National Assembly of the Republic of Croatia, Term 6, Session 3	2008-02-27	Unicameralism	6. mandat	-	Zasedanje 3	2008-03-28	-	Reference	English	Regular	MP	notMinister	SDP	Socijaldemokratska partija Hrvatske	Opposition	Centre-left	BaukArsen	Bauk, Arsen	M	1973	
ParlaMint-HR-en_2008-02-27-0	ParlaMint-HR_2008-02-27-0.u2631	Minutes of the National Assembly of the Republic of Croatia, Term 6, Session 3	2008-02-27	Unicameralism	6. mandat	-	Zasedanje 3	2008-03-28	-	Reference	English	Chairperson	MP	notMinister	HDZ	Hrvatska demokratska zajednica	Opposition	Centre-right	ŠeksVladimir	Šeks, Vladimir	M	1943	
ParlaMint-HR-en_2008-02-27-0	ParlaMint-HR_2008-02-27-0.u2632	Minutes of the National Assembly of the Republic of Croatia, Term 6, Session 3	2008-02-27	Unicameralism	6. mandat	-	Zasedanje 3	2008-03-28	-	Reference	English	Regular	MP	notMinister	HDZ	Hrvatska demokratska zajednica	Opposition	Centre-right	KalmetaBožidar	Kalmeta, Božidar	M	1958	
ParlaMint-HR-en_2008-02-27-0	ParlaMint-HR_2008-02-27-0.u2633	Minutes of the National Assembly of the Republic of Croatia, Term 6, Session 3	2008-02-27	Unicameralism	6. mandat	-	Zasedanje 3	2008-03-28	-	Reference	English	Chairperson	MP	notMinister	HDZ	Hrvatska demokratska zajednica	Opposition	Centre-right	ŠeksVladimir	Šeks, Vladimir	M	1943	
ParlaMint-HR-en_2008-02-27-0	ParlaMint-HR_2008-02-27-0.u2634	Minutes of the National Assembly of the Republic of Croatia, Term 6, Session 3	2008-02-27	Unicameralism	6. mandat	-	Zasedanje 3	2008-03-28	-	Reference	English	Regular	MP	notMinister	SDP	Socijaldemokratska partija Hrvatske	Opposition	Centre-left	BaukArsen	Bauk, Arsen	M	1973	
ParlaMint-HR-en_2008-02-27-0	ParlaMint-HR_2008-02-27-0.u2635	Minutes of the National Assembly of the Republic of Croatia, Term 6, Session 3	2008-02-27	Unicameralism	6. mandat	-	Zasedanje 3	2008-03-28	-	Reference	English	Chairperson	MP	notMinister	HDZ	Hrvatska demokratska zajednica	Opposition	Centre-right	ŠeksVladimir	Šeks, Vladimir	M	1943	
ParlaMint-HR-en_2008-02-27-0	ParlaMint-HR_2008-02-27-0.u2636	Minutes of the National Assembly of the Republic of Croatia, Term 6, Session 3	2008-02-27	Unicameralism	6. mandat	-	Zasedanje 3	2008-03-28	-	Reference	English	Regular	MP	notMinister	HDZ	Hrvatska demokratska zajednica	Opposition	Centre-right	KalmetaBožidar	Kalmeta, Božidar	M	1958	
ParlaMint-HR-en_2008-02-27-0	ParlaMint-HR_2008-02-27-0.u2637	Minutes of the National Assembly of the Republic of Croatia, Term 6, Session 3	2008-02-27	Unicameralism	6. mandat	-	Zasedanje 3	2008-03-28	-	Reference	English	Chairperson	MP	notMinister	HDZ	Hrvatska demokratska zajednica	Opposition	Centre-right	ŠeksVladimir	Šeks, Vladimir	M	1943	
ParlaMint-HR-en_2008-02-27-0	ParlaMint-HR_2008-02-27-0.u2638	Minutes of the National Assembly of the Republic of Croatia, Term 6, Session 3	2008-02-27	Unicameralism	6. mandat	-	Zasedanje 3	2008-03-28	-	Reference	English	Regular	MP	notMinister	SDP	Socijaldemokratska partija Hrvatske	Opposition	Centre-left	BaukArsen	Bauk, Arsen	M	1973	
ParlaMint-HR-en_2008-02-27-0	ParlaMint-HR_2008-02-27-0.u2639	Minutes of the National Assembly of the Republic of Croatia, Term 6, Session 3	2008-02-27	Unicameralism	6. mandat	-	Zasedanje 3	2008-03-28	-	Reference	English	Chairperson	MP	notMinister	HDZ	Hrvatska demokratska zajednica	Opposition	Centre-right	ŠeksVladimir	Šeks, Vladimir	M	1943	
ParlaMint-HR-en_2008-02-27-0	ParlaMint-HR_2008-02-27-0.u2640	Minutes of the National Assembly of the Republic of Croatia, Term 6, Session 3	2008-02-27	Unicameralism	6. mandat	-	Zasedanje 3	2008-03-28	-	Reference	English	Regular	MP	notMinister	HDZ	Hrvatska demokratska zajednica	Opposition	Centre-right	KalmetaBožidar	Kalmeta, Božidar	M	1958	
ParlaMint-HR-en_2008-02-27-0	ParlaMint-HR_2008-02-27-0.u2641	Minutes of the National Assembly of the Republic of Croatia, Term 6, Session 3	2008-02-27	Unicameralism	6. mandat	-	Zasedanje 3	2008-03-28	-	Reference	English	Regular	MP	notMinister	SDP	Socijaldemokratska partija Hrvatske	Opposition	Centre-left	JovanovićŽeljko	Jovanović, Željko	M	1965	
ParlaMint-HR-en_2008-02-27-0	ParlaMint-HR_2008-02-27-0.u2642	Minutes of the National Assembly of the Republic of Croatia, Term 6, Session 3	2008-02-27	Unicameralism	6. mandat	-	Zasedanje 3	2008-03-28	-	Reference	English	Chairperson	MP	notMinister	HDZ	Hrvatska demokratska zajednica	Opposition	Centre-right	ŠeksVladimir	Šeks, Vladimir	M	1943	
ParlaMint-HR-en_2008-02-27-0	ParlaMint-HR_2008-02-27-0.u2643	Minutes of the National Assembly of the Republic of Croatia, Term 6, Session 3	2008-02-27	Unicameralism	6. mandat	-	Zasedanje 3	2008-03-28	-	Reference	English	Regular	MP	notMinister	HDZ	Hrvatska demokratska zajednica	Opposition	Centre-right	KalmetaBožidar	Kalmeta, Božidar	M	1958	
ParlaMint-HR-en_2008-02-27-0	ParlaMint-HR_2008-02-27-0.u2644	Minutes of the National Assembly of the Republic of Croatia, Term 6, Session 3	2008-02-27	Unicameralism	6. mandat	-	Zasedanje 3	2008-03-28	-	Reference	English	Chairperson	MP	notMinister	HDZ	Hrvatska demokratska zajednica	Opposition	Centre-right	ŠeksVladimir	Šeks, Vladimir	M	1943	
ParlaMint-HR-en_2008-02-27-0	ParlaMint-HR_2008-02-27-0.u2645	Minutes of the National Assembly of the Republic of Croatia, Term 6, Session 3	2008-02-27	Unicameralism	6. mandat	-	Zasedanje 3	2008-03-28	-	Reference	English	Regular	MP	notMinister	SDP	Socijaldemokratska partija Hrvatske	Opposition	Centre-left	SobolGordana	Sobol, Gordana	F	1961	
ParlaMint-HR-en_2008-02-27-0	ParlaMint-HR_2008-02-27-0.u2646	Minutes of the National Assembly of the Republic of Croatia, Term 6, Session 3	2008-02-27	Unicameralism	6. mandat	-	Zasedanje 3	2008-03-28	-	Reference	English	Chairperson	MP	notMinister	HDZ	Hrvatska demokratska zajednica	Opposition	Centre-right	ŠeksVladimir	Šeks, Vladimir	M	1943	
ParlaMint-HR-en_2008-02-27-0	ParlaMint-HR_2008-02-27-0.u2647	Minutes of the National Assembly of the Republic of Croatia, Term 6, Session 3	2008-02-27	Unicameralism	6. mandat	-	Zasedanje 3	2008-03-28	-	Reference	English	Regular	MP	notMinister	HDZ	Hrvatska demokratska zajednica	Opposition	Centre-right	KalmetaBožidar	Kalmeta, Božidar	M	1958	
ParlaMint-HR-en_2008-02-27-0	ParlaMint-HR_2008-02-27-0.u2648	Minutes of the National Assembly of the Republic of Croatia, Term 6, Session 3	2008-02-27	Unicameralism	6. mandat	-	Zasedanje 3	2008-03-28	-	Reference	English	Chairperson	MP	notMinister	HDZ	Hrvatska demokratska zajednica	Opposition	Centre-right	ŠeksVladimir	Šeks, Vladimir	M	1943	
ParlaMint-HR-en_2008-02-27-0	ParlaMint-HR_2008-02-27-0.u2649	Minutes of the National Assembly of the Republic of Croatia, Term 6, Session 3	2008-02-27	Unicameralism	6. mandat	-	Zasedanje 3	2008-03-28	-	Reference	English	Regular	MP	notMinister	SDP	Socijaldemokratska partija Hrvatske	Opposition	Centre-left	MarasGordan	Maras, Gordan	M	1974	
ParlaMint-HR-en_2008-02-27-0	ParlaMint-HR_2008-02-27-0.u2650	Minutes of the National Assembly of the Republic of Croatia, Term 6, Session 3	2008-02-27	Unicameralism	6. mandat	-	Zasedanje 3	2008-03-28	-	Reference	English	Chairperson	MP	notMinister	HDZ	Hrvatska demokratska zajednica	Opposition	Centre-right	ŠeksVladimir	Šeks, Vladimir	M	1943	
ParlaMint-HR-en_2008-02-27-0	ParlaMint-HR_2008-02-27-0.u2651	Minutes of the National Assembly of the Republic of Croatia, Term 6, Session 3	2008-02-27	Unicameralism	6. mandat	-	Zasedanje 3	2008-03-28	-	Reference	English	Regular	MP	notMinister	HDZ	Hrvatska demokratska zajednica	Opposition	Centre-right	KalmetaBožidar	Kalmeta, Božidar	M	1958	
ParlaMint-HR-en_2008-02-27-0	ParlaMint-HR_2008-02-27-0.u2652	Minutes of the National Assembly of the Republic of Croatia, Term 6, Session 3	2008-02-27	Unicameralism	6. mandat	-	Zasedanje 3	2008-03-28	-	Reference	English	Chairperson	MP	notMinister	HDZ	Hrvatska demokratska zajednica	Opposition	Centre-right	ŠeksVladimir	Šeks, Vladimir	M	1943	
ParlaMint-HR-en_2008-02-27-0	ParlaMint-HR_2008-02-27-0.u2653	Minutes of the National Assembly of the Republic of Croatia, Term 6, Session 3	2008-02-27	Unicameralism	6. mandat	-	Zasedanje 3	2008-03-28	-	Reference	English	Regular	MP	notMinister	SDP	Socijaldemokratska partija Hrvatske	Opposition	Centre-left	BaukArsen	Bauk, Arsen	M	1973	
ParlaMint-HR-en_2008-02-27-0	ParlaMint-HR_2008-02-27-0.u2654	Minutes of the National Assembly of the Republic of Croatia, Term 6, Session 3	2008-02-27	Unicameralism	6. mandat	-	Zasedanje 3	2008-03-28	-	Reference	English	Chairperson	MP	notMinister	HDZ	Hrvatska demokratska zajednica	Opposition	Centre-right	ŠeksVladimir	Šeks, Vladimir	M	1943	
ParlaMint-HR-en_2008-02-27-0	ParlaMint-HR_2008-02-27-0.u2655	Minutes of the National Assembly of the Republic of Croatia, Term 6, Session 3	2008-02-27	Unicameralism	6. mandat	-	Zasedanje 3	2008-03-28	-	Reference	English	Regular	MP	notMinister	HDZ	Hrvatska demokratska zajednica	Opposition	Centre-right	KalmetaBožidar	Kalmeta, Božidar	M	1958	
ParlaMint-HR-en_2008-02-27-0	ParlaMint-HR_2008-02-27-0.u2656	Minutes of the National Assembly of the Republic of Croatia, Term 6, Session 3	2008-02-27	Unicameralism	6. mandat	-	Zasedanje 3	2008-03-28	-	Reference	English	Chairperson	MP	notMinister	HDZ	Hrvatska demokratska zajednica	Opposition	Centre-right	ŠeksVladimir	Šeks, Vladimir	M	1943	
ParlaMint-HR-en_2008-02-27-0	ParlaMint-HR_2008-02-27-0.u2657	Minutes of the National Assembly of the Republic of Croatia, Term 6, Session 3	2008-02-27	Unicameralism	6. mandat	-	Zasedanje 3	2008-03-28	-	Reference	English	Regular	MP	notMinister	SDP	Socijaldemokratska partija Hrvatske	Opposition	Centre-left	BaukArsen	Bauk, Arsen	M	1973	
ParlaMint-HR-en_2008-02-27-0	ParlaMint-HR_2008-02-27-0.u2658	Minutes of the National Assembly of the Republic of Croatia, Term 6, Session 3	2008-02-27	Unicameralism	6. mandat	-	Zasedanje 3	2008-03-28	-	Reference	English	Chairperson	MP	notMinister	HDZ	Hrvatska demokratska zajednica	Opposition	Centre-right	ŠeksVladimir	Šeks, Vladimir	M	1943	
ParlaMint-HR-en_2008-02-27-0	ParlaMint-HR_2008-02-27-0.u2659	Minutes of the National Assembly of the Republic of Croatia, Term 6, Session 3	2008-02-27	Unicameralism	6. mandat	-	Zasedanje 3	2008-03-28	-	Reference	English	Regular	notMP	notMinister	-	-	-	-	MrduljašDavor	Mrduljaš, Davor	U	-	
ParlaMint-HR-en_2008-02-27-0	ParlaMint-HR_2008-02-27-0.u2660	Minutes of the National Assembly of the Republic of Croatia, Term 6, Session 3	2008-02-27	Unicameralism	6. mandat	-	Zasedanje 3	2008-03-28	-	Reference	English	Chairperson	MP	notMinister	HDZ	Hrvatska demokratska zajednica	Opposition	Centre-right	ŠeksVladimir	Šeks, Vladimir	M	1943	
ParlaMint-HR-en_2008-02-27-0	ParlaMint-HR_2008-02-27-0.u2661	Minutes of the National Assembly of the Republic of Croatia, Term 6, Session 3	2008-02-27	Unicameralism	6. mandat	-	Zasedanje 3	2008-03-28	-	Reference	English	Regular	MP	notMinister	IDS	Istarski demokratski sabor	Opposition	Centre to centre-left	MiletićBoris	Miletić, Boris	M	1975	
ParlaMint-HR-en_2008-02-27-0	ParlaMint-HR_2008-02-27-0.u2662	Minutes of the National Assembly of the Republic of Croatia, Term 6, Session 3	2008-02-27	Unicameralism	6. mandat	-	Zasedanje 3	2008-03-28	-	Reference	English	Chairperson	MP	notMinister	HDZ	Hrvatska demokratska zajednica	Opposition	Centre-right	ŠeksVladimir	Šeks, Vladimir	M	1943	
ParlaMint-HR-en_2008-02-27-0	ParlaMint-HR_2008-02-27-0.u2663	Minutes of the National Assembly of the Republic of Croatia, Term 6, Session 3	2008-02-27	Unicameralism	6. mandat	-	Zasedanje 3	2008-03-28	-	Reference	English	Regular	notMP	notMinister	-	-	-	-	MrduljašDavor	Mrduljaš, Davor	U	-	
ParlaMint-HR-en_2008-02-27-0	ParlaMint-HR_2008-02-27-0.u2664	Minutes of the National Assembly of the Republic of Croatia, Term 6, Session 3	2008-02-27	Unicameralism	6. mandat	-	Zasedanje 3	2008-03-28	-	Reference	English	Chairperson	MP	notMinister	HDZ	Hrvatska demokratska zajednica	Opposition	Centre-right	ŠeksVladimir	Šeks, Vladimir	M	1943	
ParlaMint-HR-en_2008-02-27-0	ParlaMint-HR_2008-02-27-0.u2665	Minutes of the National Assembly of the Republic of Croatia, Term 6, Session 3	2008-02-27	Unicameralism	6. mandat	-	Zasedanje 3	2008-03-28	-	Reference	English	Regular	MP	notMinister	IDS	Istarski demokratski sabor	Opposition	Centre to centre-left	MiletićBoris	Miletić, Boris	M	1975	
ParlaMint-HR-en_2008-02-27-0	ParlaMint-HR_2008-02-27-0.u2666	Minutes of the National Assembly of the Republic of Croatia, Term 6, Session 3	2008-02-27	Unicameralism	6. mandat	-	Zasedanje 3	2008-03-28	-	Reference	English	Chairperson	MP	notMinister	HDZ	Hrvatska demokratska zajednica	Opposition	Centre-right	ŠeksVladimir	Šeks, Vladimir	M	1943	
ParlaMint-HR-en_2008-02-27-0	ParlaMint-HR_2008-02-27-0.u2667	Minutes of the National Assembly of the Republic of Croatia, Term 6, Session 3	2008-02-27	Unicameralism	6. mandat	-	Zasedanje 3	2008-03-28	-	Reference	English	Regular	notMP	notMinister	-	-	-	-	MrduljašDavor	Mrduljaš, Davor	U	-	
ParlaMint-HR-en_2008-02-27-0	ParlaMint-HR_2008-02-27-0.u2668	Minutes of the National Assembly of the Republic of Croatia, Term 6, Session 3	2008-02-27	Unicameralism	6. mandat	-	Zasedanje 3	2008-03-28	-	Reference	English	Chairperson	MP	notMinister	HDZ	Hrvatska demokratska zajednica	Opposition	Centre-right	ŠeksVladimir	Šeks, Vladimir	M	1943	
ParlaMint-HR-en_2008-02-27-0	ParlaMint-HR_2008-02-27-0.u2669	Minutes of the National Assembly of the Republic of Croatia, Term 6, Session 3	2008-02-27	Unicameralism	6. mandat	-	Zasedanje 3	2008-03-28	-	Reference	English	Regular	MP	notMinister	SDP	Socijaldemokratska partija Hrvatske	Opposition	Centre-left	HolyMirela	Holy, Mirela	F	1971	
ParlaMint-HR-en_2008-02-27-0	ParlaMint-HR_2008-02-27-0.u2670	Minutes of the National Assembly of the Republic of Croatia, Term 6, Session 3	2008-02-27	Unicameralism	6. mandat	-	Zasedanje 3	2008-03-28	-	Reference	English	Chairperson	MP	notMinister	HDZ	Hrvatska demokratska zajednica	Opposition	Centre-right	ŠeksVladimir	Šeks, Vladimir	M	1943	
ParlaMint-HR-en_2008-02-27-0	ParlaMint-HR_2008-02-27-0.u2671	Minutes of the National Assembly of the Republic of Croatia, Term 6, Session 3	2008-02-27	Unicameralism	6. mandat	-	Zasedanje 3	2008-03-28	-	Reference	English	Regular	notMP	notMinister	-	-	-	-	MrduljašDavor	Mrduljaš, Davor	U	-	
ParlaMint-HR-en_2008-02-27-0	ParlaMint-HR_2008-02-27-0.u2672	Minutes of the National Assembly of the Republic of Croatia, Term 6, Session 3	2008-02-27	Unicameralism	6. mandat	-	Zasedanje 3	2008-03-28	-	Reference	English	Chairperson	MP	notMinister	HDZ	Hrvatska demokratska zajednica	Opposition	Centre-right	ŠeksVladimir	Šeks, Vladimir	M	1943	
ParlaMint-HR-en_2008-02-27-0	ParlaMint-HR_2008-02-27-0.u2673	Minutes of the National Assembly of the Republic of Croatia, Term 6, Session 3	2008-02-27	Unicameralism	6. mandat	-	Zasedanje 3	2008-03-28	-	Reference	English	Regular	MP	notMinister	SDP	Socijaldemokratska partija Hrvatske	Opposition	Centre-left	DenonaLuka	Denona, Luka	M	1950	
ParlaMint-HR-en_2008-02-27-0	ParlaMint-HR_2008-02-27-0.u2674	Minutes of the National Assembly of the Republic of Croatia, Term 6, Session 3	2008-02-27	Unicameralism	6. mandat	-	Zasedanje 3	2008-03-28	-	Reference	English	Chairperson	MP	notMinister	HDZ	Hrvatska demokratska zajednica	Opposition	Centre-right	ŠeksVladimir	Šeks, Vladimir	M	1943	
ParlaMint-HR-en_2008-02-27-0	ParlaMint-HR_2008-02-27-0.u2675	Minutes of the National Assembly of the Republic of Croatia, Term 6, Session 3	2008-02-27	Unicameralism	6. mandat	-	Zasedanje 3	2008-03-28	-	Reference	English	Regular	notMP	notMinister	-	-	-	-	MrduljašDavor	Mrduljaš, Davor	U	-	
ParlaMint-HR-en_2008-02-27-0	ParlaMint-HR_2008-02-27-0.u2676	Minutes of the National Assembly of the Republic of Croatia, Term 6, Session 3	2008-02-27	Unicameralism	6. mandat	-	Zasedanje 3	2008-03-28	-	Reference	English	Chairperson	MP	notMinister	HDZ	Hrvatska demokratska zajednica	Opposition	Centre-right	ŠeksVladimir	Šeks, Vladimir	M	1943	
ParlaMint-HR-en_2008-02-27-0	ParlaMint-HR_2008-02-27-0.u2677	Minutes of the National Assembly of the Republic of Croatia, Term 6, Session 3	2008-02-27	Unicameralism	6. mandat	-	Zasedanje 3	2008-03-28	-	Reference	English	Regular	MP	notMinister	SDP	Socijaldemokratska partija Hrvatske	Opposition	Centre-left	DenonaLuka	Denona, Luka	M	1950	
ParlaMint-HR-en_2008-02-27-0	ParlaMint-HR_2008-02-27-0.u2678	Minutes of the National Assembly of the Republic of Croatia, Term 6, Session 3	2008-02-27	Unicameralism	6. mandat	-	Zasedanje 3	2008-03-28	-	Reference	English	Chairperson	MP	notMinister	HDZ	Hrvatska demokratska zajednica	Opposition	Centre-right	ŠeksVladimir	Šeks, Vladimir	M	1943	
ParlaMint-HR-en_2008-02-27-0	ParlaMint-HR_2008-02-27-0.u2679	Minutes of the National Assembly of the Republic of Croatia, Term 6, Session 3	2008-02-27	Unicameralism	6. mandat	-	Zasedanje 3	2008-03-28	-	Reference	English	Regular	notMP	notMinister	-	-	-	-	MrduljašDavor	Mrduljaš, Davor	U	-	
ParlaMint-HR-en_2008-02-27-0	ParlaMint-HR_2008-02-27-0.u2680	Minutes of the National Assembly of the Republic of Croatia, Term 6, Session 3	2008-02-27	Unicameralism	6. mandat	-	Zasedanje 3	2008-03-28	-	Reference	English	Chairperson	MP	notMinister	HDZ	Hrvatska demokratska zajednica	Opposition	Centre-right	ŠeksVladimir	Šeks, Vladimir	M	1943	
ParlaMint-HR-en_2008-02-27-0	ParlaMint-HR_2008-02-27-0.u2681	Minutes of the National Assembly of the Republic of Croatia, Term 6, Session 3	2008-02-27	Unicameralism	6. mandat	-	Zasedanje 3	2008-03-28	-	Reference	English	Regular	MP	notMinister	SDP	Socijaldemokratska partija Hrvatske	Opposition	Centre-left	HolyMirela	Holy, Mirela	F	1971	
ParlaMint-HR-en_2008-02-27-0	ParlaMint-HR_2008-02-27-0.u2682	Minutes of the National Assembly of the Republic of Croatia, Term 6, Session 3	2008-02-27	Unicameralism	6. mandat	-	Zasedanje 3	2008-03-28	-	Reference	English	Chairperson	MP	notMinister	HDZ	Hrvatska demokratska zajednica	Opposition	Centre-right	ŠeksVladimir	Šeks, Vladimir	M	1943	
ParlaMint-HR-en_2008-02-27-0	ParlaMint-HR_2008-02-27-0.u2683	Minutes of the National Assembly of the Republic of Croatia, Term 6, Session 3	2008-02-27	Unicameralism	6. mandat	-	Zasedanje 3	2008-03-28	-	Reference	English	Regular	notMP	notMinister	-	-	-	-	MrduljašDavor	Mrduljaš, Davor	U	-	
ParlaMint-HR-en_2008-02-27-0	ParlaMint-HR_2008-02-27-0.u2684	Minutes of the National Assembly of the Republic of Croatia, Term 6, Session 3	2008-02-27	Unicameralism	6. mandat	-	Zasedanje 3	2008-03-28	-	Reference	English	Chairperson	MP	notMinister	HDZ	Hrvatska demokratska zajednica	Opposition	Centre-right	ŠeksVladimir	Šeks, Vladimir	M	1943	
ParlaMint-HR-en_2008-02-27-0	ParlaMint-HR_2008-02-27-0.u2685	Minutes of the National Assembly of the Republic of Croatia, Term 6, Session 3	2008-02-27	Unicameralism	6. mandat	-	Zasedanje 3	2008-03-28	-	Reference	English	Regular	MP	notMinister	SDP	Socijaldemokratska partija Hrvatske	Opposition	Centre-left	SobolGordana	Sobol, Gordana	F	1961	
ParlaMint-HR-en_2008-02-27-0	ParlaMint-HR_2008-02-27-0.u2686	Minutes of the National Assembly of the Republic of Croatia, Term 6, Session 3	2008-02-27	Unicameralism	6. mandat	-	Zasedanje 3	2008-03-28	-	Reference	English	Chairperson	MP	notMinister	HDZ	Hrvatska demokratska zajednica	Opposition	Centre-right	ŠeksVladimir	Šeks, Vladimir	M	1943	
ParlaMint-HR-en_2008-02-27-0	ParlaMint-HR_2008-02-27-0.u2687	Minutes of the National Assembly of the Republic of Croatia, Term 6, Session 3	2008-02-27	Unicameralism	6. mandat	-	Zasedanje 3	2008-03-28	-	Reference	English	Regular	notMP	notMinister	-	-	-	-	MrduljašDavor	Mrduljaš, Davor	U	-	
ParlaMint-HR-en_2008-02-27-0	ParlaMint-HR_2008-02-27-0.u2688	Minutes of the National Assembly of the Republic of Croatia, Term 6, Session 3	2008-02-27	Unicameralism	6. mandat	-	Zasedanje 3	2008-03-28	-	Reference	English	Regular	MP	notMinister	IDS	Istarski demokratski sabor	Opposition	Centre to centre-left	MiletićBoris	Miletić, Boris	M	1975	
ParlaMint-HR-en_2008-02-27-0	ParlaMint-HR_2008-02-27-0.u2689	Minutes of the National Assembly of the Republic of Croatia, Term 6, Session 3	2008-02-27	Unicameralism	6. mandat	-	Zasedanje 3	2008-03-28	-	Reference	English	Chairperson	MP	notMinister	HDZ	Hrvatska demokratska zajednica	Opposition	Centre-right	ŠeksVladimir	Šeks, Vladimir	M	1943	
ParlaMint-HR-en_2008-02-27-0	ParlaMint-HR_2008-02-27-0.u2690	Minutes of the National Assembly of the Republic of Croatia, Term 6, Session 3	2008-02-27	Unicameralism	6. mandat	-	Zasedanje 3	2008-03-28	-	Reference	English	Regular	MP	notMinister	HDZ	Hrvatska demokratska zajednica	Opposition	Centre-right	PrimoracDragan	Primorac, Dragan	M	1965	
ParlaMint-HR-en_2008-02-27-0	ParlaMint-HR_2008-02-27-0.u2691	Minutes of the National Assembly of the Republic of Croatia, Term 6, Session 3	2008-02-27	Unicameralism	6. mandat	-	Zasedanje 3	2008-03-28	-	Reference	English	Chairperson	MP	notMinister	HDZ	Hrvatska demokratska zajednica	Opposition	Centre-right	ŠeksVladimir	Šeks, Vladimir	M	1943	
ParlaMint-HR-en_2008-02-27-0	ParlaMint-HR_2008-02-27-0.u2692	Minutes of the National Assembly of the Republic of Croatia, Term 6, Session 3	2008-02-27	Unicameralism	6. mandat	-	Zasedanje 3	2008-03-28	-	Reference	English	Regular	MP	notMinister	HDZ	Hrvatska demokratska zajednica	Opposition	Centre-right	PrimoracDragan	Primorac, Dragan	M	1965	
ParlaMint-HR-en_2008-02-27-0	ParlaMint-HR_2008-02-27-0.u2693	Minutes of the National Assembly of the Republic of Croatia, Term 6, Session 3	2008-02-27	Unicameralism	6. mandat	-	Zasedanje 3	2008-03-28	-	Reference	English	Chairperson	MP	notMinister	HDZ	Hrvatska demokratska zajednica	Opposition	Centre-right	ŠeksVladimir	Šeks, Vladimir	M	1943	
ParlaMint-HR-en_2008-02-27-0	ParlaMint-HR_2008-02-27-0.u2694	Minutes of the National Assembly of the Republic of Croatia, Term 6, Session 3	2008-02-27	Unicameralism	6. mandat	-	Zasedanje 3	2008-03-28	-	Reference	English	Regular	MP	notMinister	HDZ	Hrvatska demokratska zajednica	Opposition	Centre-right	PrimoracDragan	Primorac, Dragan	M	1965	
ParlaMint-HR-en_2008-02-27-0	ParlaMint-HR_2008-02-27-0.u2695	Minutes of the National Assembly of the Republic of Croatia, Term 6, Session 3	2008-02-27	Unicameralism	6. mandat	-	Zasedanje 3	2008-03-28	-	Reference	English	Chairperson	MP	notMinister	HDZ	Hrvatska demokratska zajednica	Opposition	Centre-right	ŠeksVladimir	Šeks, Vladimir	M	1943	
ParlaMint-HR-en_2008-02-27-0	ParlaMint-HR_2008-02-27-0.u2696	Minutes of the National Assembly of the Republic of Croatia, Term 6, Session 3	2008-02-27	Unicameralism	6. mandat	-	Zasedanje 3	2008-03-28	-	Reference	English	Regular	MP	notMinister	SDP	Socijaldemokratska partija Hrvatske	Opposition	Centre-left	KozlevacDino	Kozlevac, Dino	M	1960	
ParlaMint-HR-en_2008-02-27-0	ParlaMint-HR_2008-02-27-0.u2697	Minutes of the National Assembly of the Republic of Croatia, Term 6, Session 3	2008-02-27	Unicameralism	6. mandat	-	Zasedanje 3	2008-03-28	-	Reference	English	Chairperson	MP	notMinister	HDZ	Hrvatska demokratska zajednica	Opposition	Centre-right	ŠeksVladimir	Šeks, Vladimir	M	1943	
ParlaMint-HR-en_2008-02-27-0	ParlaMint-HR_2008-02-27-0.u2698	Minutes of the National Assembly of the Republic of Croatia, Term 6, Session 3	2008-02-27	Unicameralism	6. mandat	-	Zasedanje 3	2008-03-28	-	Reference	English	Regular	MP	notMinister	HDZ	Hrvatska demokratska zajednica	Opposition	Centre-right	PrimoracDragan	Primorac, Dragan	M	1965	
ParlaMint-HR-en_2008-02-27-0	ParlaMint-HR_2008-02-27-0.u2699	Minutes of the National Assembly of the Republic of Croatia, Term 6, Session 3	2008-02-27	Unicameralism	6. mandat	-	Zasedanje 3	2008-03-28	-	Reference	English	Chairperson	MP	notMinister	HDZ	Hrvatska demokratska zajednica	Opposition	Centre-right	ŠeksVladimir	Šeks, Vladimir	M	1943	
ParlaMint-HR-en_2008-02-27-0	ParlaMint-HR_2008-02-27-0.u2700	Minutes of the National Assembly of the Republic of Croatia, Term 6, Session 3	2008-02-27	Unicameralism	6. mandat	-	Zasedanje 3	2008-03-28	-	Reference	English	Regular	MP	notMinister	SDP	Socijaldemokratska partija Hrvatske	Opposition	Centre-left	LugarićMarija	Lugarić, Marija	F	1978	
ParlaMint-HR-en_2008-02-27-0	ParlaMint-HR_2008-02-27-0.u2701	Minutes of the National Assembly of the Republic of Croatia, Term 6, Session 3	2008-02-27	Unicameralism	6. mandat	-	Zasedanje 3	2008-03-28	-	Reference	English	Regular	MP	notMinister	HDZ	Hrvatska demokratska zajednica	Opposition	Centre-right	PrimoracDragan	Primorac, Dragan	M	1965	
ParlaMint-HR-en_2008-02-27-0	ParlaMint-HR_2008-02-27-0.u2702	Minutes of the National Assembly of the Republic of Croatia, Term 6, Session 3	2008-02-27	Unicameralism	6. mandat	-	Zasedanje 3	2008-03-28	-	Reference	English	Regular	MP	notMinister	SDP	Socijaldemokratska partija Hrvatske	Opposition	Centre-left	LugarićMarija	Lugarić, Marija	F	1978	
ParlaMint-HR-en_2008-02-27-0	ParlaMint-HR_2008-02-27-0.u2703	Minutes of the National Assembly of the Republic of Croatia, Term 6, Session 3	2008-02-27	Unicameralism	6. mandat	-	Zasedanje 3	2008-03-28	-	Reference	English	Chairperson	MP	notMinister	HDZ	Hrvatska demokratska zajednica	Opposition	Centre-right	ŠeksVladimir	Šeks, Vladimir	M	1943	
ParlaMint-HR-en_2008-02-27-0	ParlaMint-HR_2008-02-27-0.u2704	Minutes of the National Assembly of the Republic of Croatia, Term 6, Session 3	2008-02-27	Unicameralism	6. mandat	-	Zasedanje 3	2008-03-28	-	Reference	English	Regular	MP	notMinister	HDZ	Hrvatska demokratska zajednica	Opposition	Centre-right	PrimoracDragan	Primorac, Dragan	M	1965	
ParlaMint-HR-en_2008-02-27-0	ParlaMint-HR_2008-02-27-0.u2705	Minutes of the National Assembly of the Republic of Croatia, Term 6, Session 3	2008-02-27	Unicameralism	6. mandat	-	Zasedanje 3	2008-03-28	-	Reference	English	Chairperson	MP	notMinister	HDZ	Hrvatska demokratska zajednica	Opposition	Centre-right	ŠeksVladimir	Šeks, Vladimir	M	1943	
ParlaMint-HR-en_2008-02-27-0	ParlaMint-HR_2008-02-27-0.u2706	Minutes of the National Assembly of the Republic of Croatia, Term 6, Session 3	2008-02-27	Unicameralism	6. mandat	-	Zasedanje 3	2008-03-28	-	Reference	English	Regular	MP	notMinister	SDP	Socijaldemokratska partija Hrvatske	Opposition	Centre-left	KozlevacDino	Kozlevac, Dino	M	1960	
ParlaMint-HR-en_2008-02-27-0	ParlaMint-HR_2008-02-27-0.u2707	Minutes of the National Assembly of the Republic of Croatia, Term 6, Session 3	2008-02-27	Unicameralism	6. mandat	-	Zasedanje 3	2008-03-28	-	Reference	English	Chairperson	MP	notMinister	HDZ	Hrvatska demokratska zajednica	Opposition	Centre-right	ŠeksVladimir	Šeks, Vladimir	M	1943	
ParlaMint-HR-en_2008-02-27-0	ParlaMint-HR_2008-02-27-0.u2708	Minutes of the National Assembly of the Republic of Croatia, Term 6, Session 3	2008-02-27	Unicameralism	6. mandat	-	Zasedanje 3	2008-03-28	-	Reference	English	Regular	MP	notMinister	HDZ	Hrvatska demokratska zajednica	Opposition	Centre-right	PrimoracDragan	Primorac, Dragan	M	1965	
ParlaMint-HR-en_2008-02-27-0	ParlaMint-HR_2008-02-27-0.u2709	Minutes of the National Assembly of the Republic of Croatia, Term 6, Session 3	2008-02-27	Unicameralism	6. mandat	-	Zasedanje 3	2008-03-28	-	Reference	English	Chairperson	MP	notMinister	HDZ	Hrvatska demokratska zajednica	Opposition	Centre-right	ŠeksVladimir	Šeks, Vladimir	M	1943	
ParlaMint-HR-en_2008-02-27-0	ParlaMint-HR_2008-02-27-0.u2710	Minutes of the National Assembly of the Republic of Croatia, Term 6, Session 3	2008-02-27	Unicameralism	6. mandat	-	Zasedanje 3	2008-03-28	-	Reference	English	Regular	MP	notMinister	SDP	Socijaldemokratska partija Hrvatske	Opposition	Centre-left	LugarićMarija	Lugarić, Marija	F	1978	
ParlaMint-HR-en_2008-02-27-0	ParlaMint-HR_2008-02-27-0.u2711	Minutes of the National Assembly of the Republic of Croatia, Term 6, Session 3	2008-02-27	Unicameralism	6. mandat	-	Zasedanje 3	2008-03-28	-	Reference	English	Chairperson	MP	notMinister	HDZ	Hrvatska demokratska zajednica	Opposition	Centre-right	ŠeksVladimir	Šeks, Vladimir	M	1943	
ParlaMint-HR-en_2008-02-27-0	ParlaMint-HR_2008-02-27-0.u2712	Minutes of the National Assembly of the Republic of Croatia, Term 6, Session 3	2008-02-27	Unicameralism	6. mandat	-	Zasedanje 3	2008-03-28	-	Reference	English	Regular	MP	notMinister	HDZ	Hrvatska demokratska zajednica	Opposition	Centre-right	PrimoracDragan	Primorac, Dragan	M	1965	
ParlaMint-HR-en_2008-02-27-0	ParlaMint-HR_2008-02-27-0.u2713	Minutes of the National Assembly of the Republic of Croatia, Term 6, Session 3	2008-02-27	Unicameralism	6. mandat	-	Zasedanje 3	2008-03-28	-	Reference	English	Chairperson	MP	notMinister	HDZ	Hrvatska demokratska zajednica	Opposition	Centre-right	ŠeksVladimir	Šeks, Vladimir	M	1943	
ParlaMint-HR-en_2008-02-27-0	ParlaMint-HR_2008-02-27-0.u2714	Minutes of the National Assembly of the Republic of Croatia, Term 6, Session 3	2008-02-27	Unicameralism	6. mandat	-	Zasedanje 3	2008-03-28	-	Reference	English	Regular	MP	notMinister	SDP	Socijaldemokratska partija Hrvatske	Opposition	Centre-left	LugarićMarija	Lugarić, Marija	F	1978	
ParlaMint-HR-en_2008-02-27-0	ParlaMint-HR_2008-02-27-0.u2715	Minutes of the National Assembly of the Republic of Croatia, Term 6, Session 3	2008-02-27	Unicameralism	6. mandat	-	Zasedanje 3	2008-03-28	-	Reference	English	Chairperson	MP	notMinister	HDZ	Hrvatska demokratska zajednica	Opposition	Centre-right	ŠeksVladimir	Šeks, Vladimir	M	1943	
ParlaMint-HR-en_2008-02-27-0	ParlaMint-HR_2008-02-27-0.u2716	Minutes of the National Assembly of the Republic of Croatia, Term 6, Session 3	2008-02-27	Unicameralism	6. mandat	-	Zasedanje 3	2008-03-28	-	Reference	English	Regular	MP	notMinister	HDZ	Hrvatska demokratska zajednica	Opposition	Centre-right	PrimoracDragan	Primorac, Dragan	M	1965	
ParlaMint-HR-en_2008-02-27-0	ParlaMint-HR_2008-02-27-0.u2717	Minutes of the National Assembly of the Republic of Croatia, Term 6, Session 3	2008-02-27	Unicameralism	6. mandat	-	Zasedanje 3	2008-03-28	-	Reference	English	Chairperson	MP	notMinister	HDZ	Hrvatska demokratska zajednica	Opposition	Centre-right	ŠeksVladimir	Šeks, Vladimir	M	1943	
ParlaMint-HR-en_2008-02-27-0	ParlaMint-HR_2008-02-27-0.u2718	Minutes of the National Assembly of the Republic of Croatia, Term 6, Session 3	2008-02-27	Unicameralism	6. mandat	-	Zasedanje 3	2008-03-28	-	Reference	English	Regular	MP	notMinister	SDP	Socijaldemokratska partija Hrvatske	Opposition	Centre-left	LugarićMarija	Lugarić, Marija	F	1978	
ParlaMint-HR-en_2008-02-27-0	ParlaMint-HR_2008-02-27-0.u2719	Minutes of the National Assembly of the Republic of Croatia, Term 6, Session 3	2008-02-27	Unicameralism	6. mandat	-	Zasedanje 3	2008-03-28	-	Reference	English	Chairperson	MP	notMinister	HDZ	Hrvatska demokratska zajednica	Opposition	Centre-right	ŠeksVladimir	Šeks, Vladimir	M	1943	
ParlaMint-HR-en_2008-02-27-0	ParlaMint-HR_2008-02-27-0.u2720	Minutes of the National Assembly of the Republic of Croatia, Term 6, Session 3	2008-02-27	Unicameralism	6. mandat	-	Zasedanje 3	2008-03-28	-	Reference	English	Regular	MP	notMinister	HDZ	Hrvatska demokratska zajednica	Opposition	Centre-right	PrimoracDragan	Primorac, Dragan	M	1965	
ParlaMint-HR-en_2008-02-27-0	ParlaMint-HR_2008-02-27-0.u2721	Minutes of the National Assembly of the Republic of Croatia, Term 6, Session 3	2008-02-27	Unicameralism	6. mandat	-	Zasedanje 3	2008-03-28	-	Reference	English	Chairperson	MP	notMinister	HDZ	Hrvatska demokratska zajednica	Opposition	Centre-right	ŠeksVladimir	Šeks, Vladimir	M	1943	
ParlaMint-HR-en_2008-02-27-0	ParlaMint-HR_2008-02-27-0.u2722	Minutes of the National Assembly of the Republic of Croatia, Term 6, Session 3	2008-02-27	Unicameralism	6. mandat	-	Zasedanje 3	2008-03-28	-	Reference	English	Regular	MP	notMinister	HDZ	Hrvatska demokratska zajednica	Opposition	Centre-right	PrimoracDragan	Primorac, Dragan	M	1965	
ParlaMint-HR-en_2008-02-27-0	ParlaMint-HR_2008-02-27-0.u2723	Minutes of the National Assembly of the Republic of Croatia, Term 6, Session 3	2008-02-27	Unicameralism	6. mandat	-	Zasedanje 3	2008-03-28	-	Reference	English	Chairperson	MP	notMinister	HDZ	Hrvatska demokratska zajednica	Opposition	Centre-right	ŠeksVladimir	Šeks, Vladimir	M	1943	
ParlaMint-HR-en_2008-02-27-0	ParlaMint-HR_2008-02-27-0.u2724	Minutes of the National Assembly of the Republic of Croatia, Term 6, Session 3	2008-02-27	Unicameralism	6. mandat	-	Zasedanje 3	2008-03-28	-	Reference	English	Regular	MP	notMinister	HDZ	Hrvatska demokratska zajednica	Opposition	Centre-right	PrimoracDragan	Primorac, Dragan	M	1965	
ParlaMint-HR-en_2008-02-27-0	ParlaMint-HR_2008-02-27-0.u2725	Minutes of the National Assembly of the Republic of Croatia, Term 6, Session 3	2008-02-27	Unicameralism	6. mandat	-	Zasedanje 3	2008-03-28	-	Reference	English	Chairperson	MP	notMinister	HDZ	Hrvatska demokratska zajednica	Opposition	Centre-right	ŠeksVladimir	Šeks, Vladimir	M	1943	
ParlaMint-HR-en_2008-02-27-0	ParlaMint-HR_2008-02-27-0.u2726	Minutes of the National Assembly of the Republic of Croatia, Term 6, Session 3	2008-02-27	Unicameralism	6. mandat	-	Zasedanje 3	2008-03-28	-	Reference	English	Regular	MP	notMinister	IDS	Istarski demokratski sabor	Opposition	Centre to centre-left	KajinDamir	Kajin, Damir	M	1962	
ParlaMint-HR-en_2008-02-27-0	ParlaMint-HR_2008-02-27-0.u2727	Minutes of the National Assembly of the Republic of Croatia, Term 6, Session 3	2008-02-27	Unicameralism	6. mandat	-	Zasedanje 3	2008-03-28	-	Reference	English	Chairperson	MP	notMinister	HDZ	Hrvatska demokratska zajednica	Opposition	Centre-right	ŠeksVladimir	Šeks, Vladimir	M	1943	
ParlaMint-HR-en_2008-02-27-0	ParlaMint-HR_2008-02-27-0.u2728	Minutes of the National Assembly of the Republic of Croatia, Term 6, Session 3	2008-02-27	Unicameralism	6. mandat	-	Zasedanje 3	2008-03-28	-	Reference	English	Regular	MP	notMinister	HDZ	Hrvatska demokratska zajednica	Opposition	Centre-right	PrimoracDragan	Primorac, Dragan	M	1965	
ParlaMint-HR-en_2008-02-27-0	ParlaMint-HR_2008-02-27-0.u2729	Minutes of the National Assembly of the Republic of Croatia, Term 6, Session 3	2008-02-27	Unicameralism	6. mandat	-	Zasedanje 3	2008-03-28	-	Reference	English	Chairperson	MP	notMinister	HDZ	Hrvatska demokratska zajednica	Opposition	Centre-right	ŠeksVladimir	Šeks, Vladimir	M	1943	
ParlaMint-HR-en_2008-02-27-0	ParlaMint-HR_2008-02-27-0.u2730	Minutes of the National Assembly of the Republic of Croatia, Term 6, Session 3	2008-02-27	Unicameralism	6. mandat	-	Zasedanje 3	2008-03-28	-	Reference	English	Regular	MP	notMinister	SDP	Socijaldemokratska partija Hrvatske	Opposition	Centre-left	HefferGoran	Heffer, Goran	M	1959	
ParlaMint-HR-en_2008-02-27-0	ParlaMint-HR_2008-02-27-0.u2731	Minutes of the National Assembly of the Republic of Croatia, Term 6, Session 3	2008-02-27	Unicameralism	6. mandat	-	Zasedanje 3	2008-03-28	-	Reference	English	Chairperson	MP	notMinister	HDZ	Hrvatska demokratska zajednica	Opposition	Centre-right	ŠeksVladimir	Šeks, Vladimir	M	1943	
ParlaMint-HR-en_2008-02-27-0	ParlaMint-HR_2008-02-27-0.u2732	Minutes of the National Assembly of the Republic of Croatia, Term 6, Session 3	2008-02-27	Unicameralism	6. mandat	-	Zasedanje 3	2008-03-28	-	Reference	English	Regular	MP	notMinister	HDZ	Hrvatska demokratska zajednica	Opposition	Centre-right	PrimoracDragan	Primorac, Dragan	M	1965	
ParlaMint-HR-en_2008-02-27-0	ParlaMint-HR_2008-02-27-0.u2733	Minutes of the National Assembly of the Republic of Croatia, Term 6, Session 3	2008-02-27	Unicameralism	6. mandat	-	Zasedanje 3	2008-03-28	-	Reference	English	Chairperson	MP	notMinister	HDZ	Hrvatska demokratska zajednica	Opposition	Centre-right	ŠeksVladimir	Šeks, Vladimir	M	1943	
ParlaMint-HR-en_2008-02-27-0	ParlaMint-HR_2008-02-27-0.u2734	Minutes of the National Assembly of the Republic of Croatia, Term 6, Session 3	2008-02-27	Unicameralism	6. mandat	-	Zasedanje 3	2008-03-28	-	Reference	English	Regular	MP	notMinister	SDP	Socijaldemokratska partija Hrvatske	Opposition	Centre-left	MršićZvonimir	Mršić, Zvonimir	M	1966	
ParlaMint-HR-en_2008-02-27-0	ParlaMint-HR_2008-02-27-0.u2735	Minutes of the National Assembly of the Republic of Croatia, Term 6, Session 3	2008-02-27	Unicameralism	6. mandat	-	Zasedanje 3	2008-03-28	-	Reference	English	Chairperson	MP	notMinister	HDZ	Hrvatska demokratska zajednica	Opposition	Centre-right	ŠeksVladimir	Šeks, Vladimir	M	1943	
ParlaMint-HR-en_2008-02-27-0	ParlaMint-HR_2008-02-27-0.u2736	Minutes of the National Assembly of the Republic of Croatia, Term 6, Session 3	2008-02-27	Unicameralism	6. mandat	-	Zasedanje 3	2008-03-28	-	Reference	English	Regular	MP	notMinister	HDZ	Hrvatska demokratska zajednica	Opposition	Centre-right	PrimoracDragan	Primorac, Dragan	M	1965	
ParlaMint-HR-en_2008-02-27-0	ParlaMint-HR_2008-02-27-0.u2737	Minutes of the National Assembly of the Republic of Croatia, Term 6, Session 3	2008-02-27	Unicameralism	6. mandat	-	Zasedanje 3	2008-03-28	-	Reference	English	Chairperson	MP	notMinister	HDZ	Hrvatska demokratska zajednica	Opposition	Centre-right	ŠeksVladimir	Šeks, Vladimir	M	1943	
ParlaMint-HR-en_2008-02-27-0	ParlaMint-HR_2008-02-27-0.u2738	Minutes of the National Assembly of the Republic of Croatia, Term 6, Session 3	2008-02-27	Unicameralism	6. mandat	-	Zasedanje 3	2008-03-28	-	Reference	English	Regular	MP	notMinister	SDP	Socijaldemokratska partija Hrvatske	Opposition	Centre-left	LugarićMarija	Lugarić, Marija	F	1978	
ParlaMint-HR-en_2008-02-27-0	ParlaMint-HR_2008-02-27-0.u2739	Minutes of the National Assembly of the Republic of Croatia, Term 6, Session 3	2008-02-27	Unicameralism	6. mandat	-	Zasedanje 3	2008-03-28	-	Reference	English	Chairperson	MP	notMinister	HDZ	Hrvatska demokratska zajednica	Opposition	Centre-right	ŠeksVladimir	Šeks, Vladimir	M	1943	
ParlaMint-HR-en_2008-02-27-0	ParlaMint-HR_2008-02-27-0.u2740	Minutes of the National Assembly of the Republic of Croatia, Term 6, Session 3	2008-02-27	Unicameralism	6. mandat	-	Zasedanje 3	2008-03-28	-	Reference	English	Regular	MP	notMinister	HDZ	Hrvatska demokratska zajednica	Opposition	Centre-right	PrimoracDragan	Primorac, Dragan	M	1965	
ParlaMint-HR-en_2008-02-27-0	ParlaMint-HR_2008-02-27-0.u2741	Minutes of the National Assembly of the Republic of Croatia, Term 6, Session 3	2008-02-27	Unicameralism	6. mandat	-	Zasedanje 3	2008-03-28	-	Reference	English	Chairperson	MP	notMinister	HDZ	Hrvatska demokratska zajednica	Opposition	Centre-right	ŠeksVladimir	Šeks, Vladimir	M	1943	
ParlaMint-HR-en_2008-02-27-0	ParlaMint-HR_2008-02-27-0.u2742	Minutes of the National Assembly of the Republic of Croatia, Term 6, Session 3	2008-02-27	Unicameralism	6. mandat	-	Zasedanje 3	2008-03-28	-	Reference	English	Regular	MP	notMinister	SDP	Socijaldemokratska partija Hrvatske	Opposition	Centre-left	MršićZvonimir	Mršić, Zvonimir	M	1966	
ParlaMint-HR-en_2008-02-27-0	ParlaMint-HR_2008-02-27-0.u2743	Minutes of the National Assembly of the Republic of Croatia, Term 6, Session 3	2008-02-27	Unicameralism	6. mandat	-	Zasedanje 3	2008-03-28	-	Reference	English	Chairperson	MP	notMinister	HDZ	Hrvatska demokratska zajednica	Opposition	Centre-right	BebićLuka	Bebić, Luka	M	1937	
ParlaMint-HR-en_2008-02-27-0	ParlaMint-HR_2008-02-27-0.u2744	Minutes of the National Assembly of the Republic of Croatia, Term 6, Session 3	2008-02-27	Unicameralism	6. mandat	-	Zasedanje 3	2008-03-28	-	Reference	English	Regular	MP	notMinister	HDZ	Hrvatska demokratska zajednica	Opposition	Centre-right	PrimoracDragan	Primorac, Dragan	M	1965	
ParlaMint-HR-en_2008-02-27-0	ParlaMint-HR_2008-02-27-0.u2745	Minutes of the National Assembly of the Republic of Croatia, Term 6, Session 3	2008-02-27	Unicameralism	6. mandat	-	Zasedanje 3	2008-03-28	-	Reference	English	Chairperson	MP	notMinister	HDZ	Hrvatska demokratska zajednica	Opposition	Centre-right	BebićLuka	Bebić, Luka	M	1937	
ParlaMint-HR-en_2008-02-27-0	ParlaMint-HR_2008-02-27-0.u2746	Minutes of the National Assembly of the Republic of Croatia, Term 6, Session 3	2008-02-27	Unicameralism	6. mandat	-	Zasedanje 3	2008-03-28	-	Reference	English	Regular	MP	notMinister	SDP	Socijaldemokratska partija Hrvatske	Opposition	Centre-left	MarasGordan	Maras, Gordan	M	1974	
ParlaMint-HR-en_2008-02-27-0	ParlaMint-HR_2008-02-27-0.u2747	Minutes of the National Assembly of the Republic of Croatia, Term 6, Session 3	2008-02-27	Unicameralism	6. mandat	-	Zasedanje 3	2008-03-28	-	Reference	English	Chairperson	MP	notMinister	HDZ	Hrvatska demokratska zajednica	Opposition	Centre-right	BebićLuka	Bebić, Luka	M	1937	
ParlaMint-HR-en_2008-02-27-0	ParlaMint-HR_2008-02-27-0.u2748	Minutes of the National Assembly of the Republic of Croatia, Term 6, Session 3	2008-02-27	Unicameralism	6. mandat	-	Zasedanje 3	2008-03-28	-	Reference	English	Regular	MP	notMinister	HDZ	Hrvatska demokratska zajednica	Opposition	Centre-right	PrimoracDragan	Primorac, Dragan	M	1965	
ParlaMint-HR-en_2008-02-27-0	ParlaMint-HR_2008-02-27-0.u2749	Minutes of the National Assembly of the Republic of Croatia, Term 6, Session 3	2008-02-27	Unicameralism	6. mandat	-	Zasedanje 3	2008-03-28	-	Reference	English	Chairperson	MP	notMinister	HDZ	Hrvatska demokratska zajednica	Opposition	Centre-right	BebićLuka	Bebić, Luka	M	1937	
ParlaMint-HR-en_2008-02-27-0	ParlaMint-HR_2008-02-27-0.u2750	Minutes of the National Assembly of the Republic of Croatia, Term 6, Session 3	2008-02-27	Unicameralism	6. mandat	-	Zasedanje 3	2008-03-28	-	Reference	English	Regular	MP	notMinister	HNS	Hrvatska narodna stranka	Coalition	Centre to centre-left	KoračevićZlatko	Koračević, Zlatko	M	1955	
ParlaMint-HR-en_2008-02-27-0	ParlaMint-HR_2008-02-27-0.u2751	Minutes of the National Assembly of the Republic of Croatia, Term 6, Session 3	2008-02-27	Unicameralism	6. mandat	-	Zasedanje 3	2008-03-28	-	Reference	English	Regular	MP	notMinister	HDZ	Hrvatska demokratska zajednica	Opposition	Centre-right	PrimoracDragan	Primorac, Dragan	M	1965	
ParlaMint-HR-en_2008-02-27-0	ParlaMint-HR_2008-02-27-0.u2752	Minutes of the National Assembly of the Republic of Croatia, Term 6, Session 3	2008-02-27	Unicameralism	6. mandat	-	Zasedanje 3	2008-03-28	-	Reference	English	Regular	MP	notMinister	HNS	Hrvatska narodna stranka	Coalition	Centre to centre-left	KoračevićZlatko	Koračević, Zlatko	M	1955	
ParlaMint-HR-en_2008-02-27-0	ParlaMint-HR_2008-02-27-0.u2753	Minutes of the National Assembly of the Republic of Croatia, Term 6, Session 3	2008-02-27	Unicameralism	6. mandat	-	Zasedanje 3	2008-03-28	-	Reference	English	Chairperson	MP	notMinister	HDZ	Hrvatska demokratska zajednica	Opposition	Centre-right	BebićLuka	Bebić, Luka	M	1937	
ParlaMint-HR-en_2008-02-27-0	ParlaMint-HR_2008-02-27-0.u2754	Minutes of the National Assembly of the Republic of Croatia, Term 6, Session 3	2008-02-27	Unicameralism	6. mandat	-	Zasedanje 3	2008-03-28	-	Reference	English	Regular	MP	notMinister	HNS	Hrvatska narodna stranka	Coalition	Centre to centre-left	KoračevićZlatko	Koračević, Zlatko	M	1955	
ParlaMint-HR-en_2008-02-27-0	ParlaMint-HR_2008-02-27-0.u2755	Minutes of the National Assembly of the Republic of Croatia, Term 6, Session 3	2008-02-27	Unicameralism	6. mandat	-	Zasedanje 3	2008-03-28	-	Reference	English	Chairperson	MP	notMinister	HDZ	Hrvatska demokratska zajednica	Opposition	Centre-right	BebićLuka	Bebić, Luka	M	1937	
ParlaMint-HR-en_2008-02-27-0	ParlaMint-HR_2008-02-27-0.u2756	Minutes of the National Assembly of the Republic of Croatia, Term 6, Session 3	2008-02-27	Unicameralism	6. mandat	-	Zasedanje 3	2008-03-28	-	Reference	English	Regular	MP	notMinister	HDZ	Hrvatska demokratska zajednica	Opposition	Centre-right	PrimoracDragan	Primorac, Dragan	M	1965	
ParlaMint-HR-en_2008-02-27-0	ParlaMint-HR_2008-02-27-0.u2757	Minutes of the National Assembly of the Republic of Croatia, Term 6, Session 3	2008-02-27	Unicameralism	6. mandat	-	Zasedanje 3	2008-03-28	-	Reference	English	Chairperson	MP	notMinister	HDZ	Hrvatska demokratska zajednica	Opposition	Centre-right	BebićLuka	Bebić, Luka	M	1937	
ParlaMint-HR-en_2008-02-27-0	ParlaMint-HR_2008-02-27-0.u2758	Minutes of the National Assembly of the Republic of Croatia, Term 6, Session 3	2008-02-27	Unicameralism	6. mandat	-	Zasedanje 3	2008-03-28	-	Reference	English	Regular	MP	notMinister	SDP	Socijaldemokratska partija Hrvatske	Opposition	Centre-left	KotromanovićAnte	Kotromanović, Ante	M	1968	
ParlaMint-HR-en_2008-02-27-0	ParlaMint-HR_2008-02-27-0.u2759	Minutes of the National Assembly of the Republic of Croatia, Term 6, Session 3	2008-02-27	Unicameralism	6. mandat	-	Zasedanje 3	2008-03-28	-	Reference	English	Chairperson	MP	notMinister	HDZ	Hrvatska demokratska zajednica	Opposition	Centre-right	BebićLuka	Bebić, Luka	M	1937	
ParlaMint-HR-en_2008-02-27-0	ParlaMint-HR_2008-02-27-0.u2760	Minutes of the National Assembly of the Republic of Croatia, Term 6, Session 3	2008-02-27	Unicameralism	6. mandat	-	Zasedanje 3	2008-03-28	-	Reference	English	Regular	MP	notMinister	HDZ	Hrvatska demokratska zajednica	Opposition	Centre-right	PrimoracDragan	Primorac, Dragan	M	1965	
ParlaMint-HR-en_2008-02-27-0	ParlaMint-HR_2008-02-27-0.u2761	Minutes of the National Assembly of the Republic of Croatia, Term 6, Session 3	2008-02-27	Unicameralism	6. mandat	-	Zasedanje 3	2008-03-28	-	Reference	English	Chairperson	MP	notMinister	HDZ	Hrvatska demokratska zajednica	Opposition	Centre-right	BebićLuka	Bebić, Luka	M	1937	
ParlaMint-HR-en_2008-02-27-0	ParlaMint-HR_2008-02-27-0.u2762	Minutes of the National Assembly of the Republic of Croatia, Term 6, Session 3	2008-02-27	Unicameralism	6. mandat	-	Zasedanje 3	2008-03-28	-	Reference	English	Regular	MP	notMinister	SDP	Socijaldemokratska partija Hrvatske	Opposition	Centre-left	KotromanovićAnte	Kotromanović, Ante	M	1968	
ParlaMint-HR-en_2008-02-27-0	ParlaMint-HR_2008-02-27-0.u2763	Minutes of the National Assembly of the Republic of Croatia, Term 6, Session 3	2008-02-27	Unicameralism	6. mandat	-	Zasedanje 3	2008-03-28	-	Reference	English	Regular	MP	notMinister	HDZ	Hrvatska demokratska zajednica	Opposition	Centre-right	PrimoracDragan	Primorac, Dragan	M	1965	
ParlaMint-HR-en_2008-02-27-0	ParlaMint-HR_2008-02-27-0.u2764	Minutes of the National Assembly of the Republic of Croatia, Term 6, Session 3	2008-02-27	Unicameralism	6. mandat	-	Zasedanje 3	2008-03-28	-	Reference	English	Regular	MP	notMinister	SDP	Socijaldemokratska partija Hrvatske	Opposition	Centre-left	KotromanovićAnte	Kotromanović, Ante	M	1968	
ParlaMint-HR-en_2008-02-27-0	ParlaMint-HR_2008-02-27-0.u2765	Minutes of the National Assembly of the Republic of Croatia, Term 6, Session 3	2008-02-27	Unicameralism	6. mandat	-	Zasedanje 3	2008-03-28	-	Reference	English	Regular	MP	notMinister	HDZ	Hrvatska demokratska zajednica	Opposition	Centre-right	PrimoracDragan	Primorac, Dragan	M	1965	
ParlaMint-HR-en_2008-02-27-0	ParlaMint-HR_2008-02-27-0.u2766	Minutes of the National Assembly of the Republic of Croatia, Term 6, Session 3	2008-02-27	Unicameralism	6. mandat	-	Zasedanje 3	2008-03-28	-	Reference	English	Regular	MP	notMinister	SDP	Socijaldemokratska partija Hrvatske	Opposition	Centre-left	KotromanovićAnte	Kotromanović, Ante	M	1968	
ParlaMint-HR-en_2008-02-27-0	ParlaMint-HR_2008-02-27-0.u2767	Minutes of the National Assembly of the Republic of Croatia, Term 6, Session 3	2008-02-27	Unicameralism	6. mandat	-	Zasedanje 3	2008-03-28	-	Reference	English	Chairperson	MP	notMinister	HDZ	Hrvatska demokratska zajednica	Opposition	Centre-right	BebićLuka	Bebić, Luka	M	1937	
ParlaMint-HR-en_2008-02-27-0	ParlaMint-HR_2008-02-27-0.u2768	Minutes of the National Assembly of the Republic of Croatia, Term 6, Session 3	2008-02-27	Unicameralism	6. mandat	-	Zasedanje 3	2008-03-28	-	Reference	English	Regular	MP	notMinister	HDZ	Hrvatska demokratska zajednica	Opposition	Centre-right	PrimoracDragan	Primorac, Dragan	M	1965	
ParlaMint-HR-en_2008-02-27-0	ParlaMint-HR_2008-02-27-0.u2769	Minutes of the National Assembly of the Republic of Croatia, Term 6, Session 3	2008-02-27	Unicameralism	6. mandat	-	Zasedanje 3	2008-03-28	-	Reference	English	Chairperson	MP	notMinister	HDZ	Hrvatska demokratska zajednica	Opposition	Centre-right	BebićLuka	Bebić, Luka	M	1937	
ParlaMint-HR-en_2008-02-27-0	ParlaMint-HR_2008-02-27-0.u2770	Minutes of the National Assembly of the Republic of Croatia, Term 6, Session 3	2008-02-27	Unicameralism	6. mandat	-	Zasedanje 3	2008-03-28	-	Reference	English	Regular	MP	notMinister	SDP	Socijaldemokratska partija Hrvatske	Opposition	Centre-left	MršićZvonimir	Mršić, Zvonimir	M	1966	
ParlaMint-HR-en_2008-02-27-0	ParlaMint-HR_2008-02-27-0.u2771	Minutes of the National Assembly of the Republic of Croatia, Term 6, Session 3	2008-02-27	Unicameralism	6. mandat	-	Zasedanje 3	2008-03-28	-	Reference	English	Chairperson	MP	notMinister	HDZ	Hrvatska demokratska zajednica	Opposition	Centre-right	BebićLuka	Bebić, Luka	M	1937	
ParlaMint-HR-en_2008-02-27-0	ParlaMint-HR_2008-02-27-0.u2772	Minutes of the National Assembly of the Republic of Croatia, Term 6, Session 3	2008-02-27	Unicameralism	6. mandat	-	Zasedanje 3	2008-03-28	-	Reference	English	Regular	MP	notMinister	SDP	Socijaldemokratska partija Hrvatske	Opposition	Centre-left	MršićZvonimir	Mršić, Zvonimir	M	1966	
ParlaMint-HR-en_2008-02-27-0	ParlaMint-HR_2008-02-27-0.u2773	Minutes of the National Assembly of the Republic of Croatia, Term 6, Session 3	2008-02-27	Unicameralism	6. mandat	-	Zasedanje 3	2008-03-28	-	Reference	English	Chairperson	MP	notMinister	HDZ	Hrvatska demokratska zajednica	Opposition	Centre-right	BebićLuka	Bebić, Luka	M	1937	
ParlaMint-HR-en_2008-02-27-0	ParlaMint-HR_2008-02-27-0.u2774	Minutes of the National Assembly of the Republic of Croatia, Term 6, Session 3	2008-02-27	Unicameralism	6. mandat	-	Zasedanje 3	2008-03-28	-	Reference	English	Regular	MP	notMinister	HDZ	Hrvatska demokratska zajednica	Opposition	Centre-right	PrimoracDragan	Primorac, Dragan	M	1965	
ParlaMint-HR-en_2008-02-27-0	ParlaMint-HR_2008-02-27-0.u2775	Minutes of the National Assembly of the Republic of Croatia, Term 6, Session 3	2008-02-27	Unicameralism	6. mandat	-	Zasedanje 3	2008-03-28	-	Reference	English	Chairperson	MP	notMinister	HDZ	Hrvatska demokratska zajednica	Opposition	Centre-right	BebićLuka	Bebić, Luka	M	1937	
ParlaMint-HR-en_2008-02-27-0	ParlaMint-HR_2008-02-27-0.u2776	Minutes of the National Assembly of the Republic of Croatia, Term 6, Session 3	2008-02-27	Unicameralism	6. mandat	-	Zasedanje 3	2008-03-28	-	Reference	English	Regular	MP	notMinister	SDP	Socijaldemokratska partija Hrvatske	Opposition	Centre-left	MondekarDaniel	Mondekar, Daniel	M	1978	
ParlaMint-HR-en_2008-02-27-0	ParlaMint-HR_2008-02-27-0.u2777	Minutes of the National Assembly of the Republic of Croatia, Term 6, Session 3	2008-02-27	Unicameralism	6. mandat	-	Zasedanje 3	2008-03-28	-	Reference	English	Chairperson	MP	notMinister	HDZ	Hrvatska demokratska zajednica	Opposition	Centre-right	BebićLuka	Bebić, Luka	M	1937	
ParlaMint-HR-en_2008-02-27-0	ParlaMint-HR_2008-02-27-0.u2778	Minutes of the National Assembly of the Republic of Croatia, Term 6, Session 3	2008-02-27	Unicameralism	6. mandat	-	Zasedanje 3	2008-03-28	-	Reference	English	Regular	MP	notMinister	HDZ	Hrvatska demokratska zajednica	Opposition	Centre-right	PrimoracDragan	Primorac, Dragan	M	1965	
ParlaMint-HR-en_2008-02-27-0	ParlaMint-HR_2008-02-27-0.u2779	Minutes of the National Assembly of the Republic of Croatia, Term 6, Session 3	2008-02-27	Unicameralism	6. mandat	-	Zasedanje 3	2008-03-28	-	Reference	English	Chairperson	MP	notMinister	HDZ	Hrvatska demokratska zajednica	Opposition	Centre-right	BebićLuka	Bebić, Luka	M	1937	
ParlaMint-HR-en_2008-02-27-0	ParlaMint-HR_2008-02-27-0.u2780	Minutes of the National Assembly of the Republic of Croatia, Term 6, Session 3	2008-02-27	Unicameralism	6. mandat	-	Zasedanje 3	2008-03-28	-	Reference	English	Regular	MP	notMinister	SDP	Socijaldemokratska partija Hrvatske	Opposition	Centre-left	MondekarDaniel	Mondekar, Daniel	M	1978	
ParlaMint-HR-en_2008-02-27-0	ParlaMint-HR_2008-02-27-0.u2781	Minutes of the National Assembly of the Republic of Croatia, Term 6, Session 3	2008-02-27	Unicameralism	6. mandat	-	Zasedanje 3	2008-03-28	-	Reference	English	Chairperson	MP	notMinister	HDZ	Hrvatska demokratska zajednica	Opposition	Centre-right	BebićLuka	Bebić, Luka	M	1937	
ParlaMint-HR-en_2008-02-27-0	ParlaMint-HR_2008-02-27-0.u2782	Minutes of the National Assembly of the Republic of Croatia, Term 6, Session 3	2008-02-27	Unicameralism	6. mandat	-	Zasedanje 3	2008-03-28	-	Reference	English	Regular	MP	notMinister	HDZ	Hrvatska demokratska zajednica	Opposition	Centre-right	PrimoracDragan	Primorac, Dragan	M	1965	
ParlaMint-HR-en_2008-02-27-0	ParlaMint-HR_2008-02-27-0.u2783	Minutes of the National Assembly of the Republic of Croatia, Term 6, Session 3	2008-02-27	Unicameralism	6. mandat	-	Zasedanje 3	2008-03-28	-	Reference	English	Chairperson	MP	notMinister	HDZ	Hrvatska demokratska zajednica	Opposition	Centre-right	BebićLuka	Bebić, Luka	M	1937	
ParlaMint-HR-en_2008-02-27-0	ParlaMint-HR_2008-02-27-0.u2784	Minutes of the National Assembly of the Republic of Croatia, Term 6, Session 3	2008-02-27	Unicameralism	6. mandat	-	Zasedanje 3	2008-03-28	-	Reference	English	Regular	MP	notMinister	SDP	Socijaldemokratska partija Hrvatske	Opposition	Centre-left	ŠimunovićSonja	Šimunović, Sonja	F	1978	
ParlaMint-HR-en_2008-02-27-0	ParlaMint-HR_2008-02-27-0.u2785	Minutes of the National Assembly of the Republic of Croatia, Term 6, Session 3	2008-02-27	Unicameralism	6. mandat	-	Zasedanje 3	2008-03-28	-	Reference	English	Chairperson	MP	notMinister	HDZ	Hrvatska demokratska zajednica	Opposition	Centre-right	BebićLuka	Bebić, Luka	M	1937	
ParlaMint-HR-en_2008-02-27-0	ParlaMint-HR_2008-02-27-0.u2786	Minutes of the National Assembly of the Republic of Croatia, Term 6, Session 3	2008-02-27	Unicameralism	6. mandat	-	Zasedanje 3	2008-03-28	-	Reference	English	Regular	MP	notMinister	HDZ	Hrvatska demokratska zajednica	Opposition	Centre-right	PrimoracDragan	Primorac, Dragan	M	1965	
ParlaMint-HR-en_2008-02-27-0	ParlaMint-HR_2008-02-27-0.u2787	Minutes of the National Assembly of the Republic of Croatia, Term 6, Session 3	2008-02-27	Unicameralism	6. mandat	-	Zasedanje 3	2008-03-28	-	Reference	English	Chairperson	MP	notMinister	HDZ	Hrvatska demokratska zajednica	Opposition	Centre-right	BebićLuka	Bebić, Luka	M	1937	
ParlaMint-HR-en_2008-02-27-0	ParlaMint-HR_2008-02-27-0.u2788	Minutes of the National Assembly of the Republic of Croatia, Term 6, Session 3	2008-02-27	Unicameralism	6. mandat	-	Zasedanje 3	2008-03-28	-	Reference	English	Regular	MP	notMinister	SDP	Socijaldemokratska partija Hrvatske	Opposition	Centre-left	ŠimunovićSonja	Šimunović, Sonja	F	1978	
ParlaMint-HR-en_2008-02-27-0	ParlaMint-HR_2008-02-27-0.u2789	Minutes of the National Assembly of the Republic of Croatia, Term 6, Session 3	2008-02-27	Unicameralism	6. mandat	-	Zasedanje 3	2008-03-28	-	Reference	English	Chairperson	MP	notMinister	HDZ	Hrvatska demokratska zajednica	Opposition	Centre-right	BebićLuka	Bebić, Luka	M	1937	
ParlaMint-HR-en_2008-02-27-0	ParlaMint-HR_2008-02-27-0.u2790	Minutes of the National Assembly of the Republic of Croatia, Term 6, Session 3	2008-02-27	Unicameralism	6. mandat	-	Zasedanje 3	2008-03-28	-	Reference	English	Regular	MP	notMinister	SDP	Socijaldemokratska partija Hrvatske	Opposition	Centre-left	ŠimunovićSonja	Šimunović, Sonja	F	1978	
ParlaMint-HR-en_2008-02-27-0	ParlaMint-HR_2008-02-27-0.u2791	Minutes of the National Assembly of the Republic of Croatia, Term 6, Session 3	2008-02-27	Unicameralism	6. mandat	-	Zasedanje 3	2008-03-28	-	Reference	English	Chairperson	MP	notMinister	HDZ	Hrvatska demokratska zajednica	Opposition	Centre-right	BebićLuka	Bebić, Luka	M	1937	
ParlaMint-HR-en_2008-02-27-0	ParlaMint-HR_2008-02-27-0.u2792	Minutes of the National Assembly of the Republic of Croatia, Term 6, Session 3	2008-02-27	Unicameralism	6. mandat	-	Zasedanje 3	2008-03-28	-	Reference	English	Regular	MP	notMinister	HDZ	Hrvatska demokratska zajednica	Opposition	Centre-right	PrimoracDragan	Primorac, Dragan	M	1965	
ParlaMint-HR-en_2008-02-27-0	ParlaMint-HR_2008-02-27-0.u2793	Minutes of the National Assembly of the Republic of Croatia, Term 6, Session 3	2008-02-27	Unicameralism	6. mandat	-	Zasedanje 3	2008-03-28	-	Reference	English	Chairperson	MP	notMinister	HDZ	Hrvatska demokratska zajednica	Opposition	Centre-right	BebićLuka	Bebić, Luka	M	1937	
ParlaMint-HR-en_2008-02-27-0	ParlaMint-HR_2008-02-27-0.u2794	Minutes of the National Assembly of the Republic of Croatia, Term 6, Session 3	2008-02-27	Unicameralism	6. mandat	-	Zasedanje 3	2008-03-28	-	Reference	English	Regular	MP	notMinister	SDP	Socijaldemokratska partija Hrvatske	Opposition	Centre-left	ŠimunovićSonja	Šimunović, Sonja	F	1978	
ParlaMint-HR-en_2008-02-27-0	ParlaMint-HR_2008-02-27-0.u2795	Minutes of the National Assembly of the Republic of Croatia, Term 6, Session 3	2008-02-27	Unicameralism	6. mandat	-	Zasedanje 3	2008-03-28	-	Reference	English	Chairperson	MP	notMinister	HDZ	Hrvatska demokratska zajednica	Opposition	Centre-right	BebićLuka	Bebić, Luka	M	1937	
ParlaMint-HR-en_2008-02-27-0	ParlaMint-HR_2008-02-27-0.u2796	Minutes of the National Assembly of the Republic of Croatia, Term 6, Session 3	2008-02-27	Unicameralism	6. mandat	-	Zasedanje 3	2008-03-28	-	Reference	English	Regular	MP	notMinister	HDZ	Hrvatska demokratska zajednica	Opposition	Centre-right	PrimoracDragan	Primorac, Dragan	M	1965	
ParlaMint-HR-en_2008-02-27-0	ParlaMint-HR_2008-02-27-0.u2797	Minutes of the National Assembly of the Republic of Croatia, Term 6, Session 3	2008-02-27	Unicameralism	6. mandat	-	Zasedanje 3	2008-03-28	-	Reference	English	Chairperson	MP	notMinister	HDZ	Hrvatska demokratska zajednica	Opposition	Centre-right	BebićLuka	Bebić, Luka	M	1937	
ParlaMint-HR-en_2008-02-27-0	ParlaMint-HR_2008-02-27-0.u2798	Minutes of the National Assembly of the Republic of Croatia, Term 6, Session 3	2008-02-27	Unicameralism	6. mandat	-	Zasedanje 3	2008-03-28	-	Reference	English	Regular	MP	notMinister	IDS	Istarski demokratski sabor	Opposition	Centre to centre-left	KajinDamir	Kajin, Damir	M	1962	
ParlaMint-HR-en_2008-02-27-0	ParlaMint-HR_2008-02-27-0.u2799	Minutes of the National Assembly of the Republic of Croatia, Term 6, Session 3	2008-02-27	Unicameralism	6. mandat	-	Zasedanje 3	2008-03-28	-	Reference	English	Chairperson	MP	notMinister	HDZ	Hrvatska demokratska zajednica	Opposition	Centre-right	BebićLuka	Bebić, Luka	M	1937	
ParlaMint-HR-en_2008-02-27-0	ParlaMint-HR_2008-02-27-0.u2800	Minutes of the National Assembly of the Republic of Croatia, Term 6, Session 3	2008-02-27	Unicameralism	6. mandat	-	Zasedanje 3	2008-03-28	-	Reference	English	Regular	MP	notMinister	HDZ	Hrvatska demokratska zajednica	Opposition	Centre-right	PrimoracDragan	Primorac, Dragan	M	1965	
ParlaMint-HR-en_2008-02-27-0	ParlaMint-HR_2008-02-27-0.u2801	Minutes of the National Assembly of the Republic of Croatia, Term 6, Session 3	2008-02-27	Unicameralism	6. mandat	-	Zasedanje 3	2008-03-28	-	Reference	English	Chairperson	MP	notMinister	HDZ	Hrvatska demokratska zajednica	Opposition	Centre-right	BebićLuka	Bebić, Luka	M	1937	
ParlaMint-HR-en_2008-02-27-0	ParlaMint-HR_2008-02-27-0.u2802	Minutes of the National Assembly of the Republic of Croatia, Term 6, Session 3	2008-02-27	Unicameralism	6. mandat	-	Zasedanje 3	2008-03-28	-	Reference	English	Regular	MP	notMinister	IDS	Istarski demokratski sabor	Opposition	Centre to centre-left	BrkarićMarin	Brkarić, Marin	M	1955	
ParlaMint-HR-en_2008-02-27-0	ParlaMint-HR_2008-02-27-0.u2803	Minutes of the National Assembly of the Republic of Croatia, Term 6, Session 3	2008-02-27	Unicameralism	6. mandat	-	Zasedanje 3	2008-03-28	-	Reference	English	Chairperson	MP	notMinister	HDZ	Hrvatska demokratska zajednica	Opposition	Centre-right	BebićLuka	Bebić, Luka	M	1937	
ParlaMint-HR-en_2008-02-27-0	ParlaMint-HR_2008-02-27-0.u2804	Minutes of the National Assembly of the Republic of Croatia, Term 6, Session 3	2008-02-27	Unicameralism	6. mandat	-	Zasedanje 3	2008-03-28	-	Reference	English	Regular	MP	notMinister	HDZ	Hrvatska demokratska zajednica	Opposition	Centre-right	PrimoracDragan	Primorac, Dragan	M	1965	
ParlaMint-HR-en_2008-02-27-0	ParlaMint-HR_2008-02-27-0.u2805	Minutes of the National Assembly of the Republic of Croatia, Term 6, Session 3	2008-02-27	Unicameralism	6. mandat	-	Zasedanje 3	2008-03-28	-	Reference	English	Chairperson	MP	notMinister	HDZ	Hrvatska demokratska zajednica	Opposition	Centre-right	BebićLuka	Bebić, Luka	M	1937	
ParlaMint-HR-en_2008-02-27-0	ParlaMint-HR_2008-02-27-0.u2806	Minutes of the National Assembly of the Republic of Croatia, Term 6, Session 3	2008-02-27	Unicameralism	6. mandat	-	Zasedanje 3	2008-03-28	-	Reference	English	Regular	MP	notMinister	IDS	Istarski demokratski sabor	Opposition	Centre to centre-left	BrkarićMarin	Brkarić, Marin	M	1955	
ParlaMint-HR-en_2008-02-27-0	ParlaMint-HR_2008-02-27-0.u2807	Minutes of the National Assembly of the Republic of Croatia, Term 6, Session 3	2008-02-27	Unicameralism	6. mandat	-	Zasedanje 3	2008-03-28	-	Reference	English	Regular	MP	notMinister	HDZ	Hrvatska demokratska zajednica	Opposition	Centre-right	PrimoracDragan	Primorac, Dragan	M	1965	
ParlaMint-HR-en_2008-02-27-0	ParlaMint-HR_2008-02-27-0.u2808	Minutes of the National Assembly of the Republic of Croatia, Term 6, Session 3	2008-02-27	Unicameralism	6. mandat	-	Zasedanje 3	2008-03-28	-	Reference	English	Regular	MP	notMinister	IDS	Istarski demokratski sabor	Opposition	Centre to centre-left	BrkarićMarin	Brkarić, Marin	M	1955	
ParlaMint-HR-en_2008-02-27-0	ParlaMint-HR_2008-02-27-0.u2809	Minutes of the National Assembly of the Republic of Croatia, Term 6, Session 3	2008-02-27	Unicameralism	6. mandat	-	Zasedanje 3	2008-03-28	-	Reference	English	Regular	MP	notMinister	HDZ	Hrvatska demokratska zajednica	Opposition	Centre-right	PrimoracDragan	Primorac, Dragan	M	1965	
ParlaMint-HR-en_2008-02-27-0	ParlaMint-HR_2008-02-27-0.u2810	Minutes of the National Assembly of the Republic of Croatia, Term 6, Session 3	2008-02-27	Unicameralism	6. mandat	-	Zasedanje 3	2008-03-28	-	Reference	English	Regular	MP	notMinister	IDS	Istarski demokratski sabor	Opposition	Centre to centre-left	BrkarićMarin	Brkarić, Marin	M	1955	
ParlaMint-HR-en_2008-02-27-0	ParlaMint-HR_2008-02-27-0.u2811	Minutes of the National Assembly of the Republic of Croatia, Term 6, Session 3	2008-02-27	Unicameralism	6. mandat	-	Zasedanje 3	2008-03-28	-	Reference	English	Chairperson	MP	notMinister	HDZ	Hrvatska demokratska zajednica	Opposition	Centre-right	BebićLuka	Bebić, Luka	M	1937	
ParlaMint-HR-en_2008-02-27-0	ParlaMint-HR_2008-02-27-0.u2812	Minutes of the National Assembly of the Republic of Croatia, Term 6, Session 3	2008-02-27	Unicameralism	6. mandat	-	Zasedanje 3	2008-03-28	-	Reference	English	Regular	MP	notMinister	HDZ	Hrvatska demokratska zajednica	Opposition	Centre-right	PrimoracDragan	Primorac, Dragan	M	1965	
ParlaMint-HR-en_2008-02-27-0	ParlaMint-HR_2008-02-27-0.u2813	Minutes of the National Assembly of the Republic of Croatia, Term 6, Session 3	2008-02-27	Unicameralism	6. mandat	-	Zasedanje 3	2008-03-28	-	Reference	English	Chairperson	MP	notMinister	HDZ	Hrvatska demokratska zajednica	Opposition	Centre-right	BebićLuka	Bebić, Luka	M	1937	
ParlaMint-HR-en_2008-02-27-0	ParlaMint-HR_2008-02-27-0.u2814	Minutes of the National Assembly of the Republic of Croatia, Term 6, Session 3	2008-02-27	Unicameralism	6. mandat	-	Zasedanje 3	2008-03-28	-	Reference	English	Regular	MP	notMinister	IDS	Istarski demokratski sabor	Opposition	Centre to centre-left	BrkarićMarin	Brkarić, Marin	M	1955	
ParlaMint-HR-en_2008-02-27-0	ParlaMint-HR_2008-02-27-0.u2815	Minutes of the National Assembly of the Republic of Croatia, Term 6, Session 3	2008-02-27	Unicameralism	6. mandat	-	Zasedanje 3	2008-03-28	-	Reference	English	Chairperson	MP	notMinister	HDZ	Hrvatska demokratska zajednica	Opposition	Centre-right	BebićLuka	Bebić, Luka	M	1937	
ParlaMint-HR-en_2008-02-27-0	ParlaMint-HR_2008-02-27-0.u2816	Minutes of the National Assembly of the Republic of Croatia, Term 6, Session 3	2008-02-27	Unicameralism	6. mandat	-	Zasedanje 3	2008-03-28	-	Reference	English	Regular	MP	notMinister	HDZ	Hrvatska demokratska zajednica	Opposition	Centre-right	PrimoracDragan	Primorac, Dragan	M	1965	
ParlaMint-HR-en_2008-02-27-0	ParlaMint-HR_2008-02-27-0.u2817	Minutes of the National Assembly of the Republic of Croatia, Term 6, Session 3	2008-02-27	Unicameralism	6. mandat	-	Zasedanje 3	2008-03-28	-	Reference	English	Chairperson	MP	notMinister	HDZ	Hrvatska demokratska zajednica	Opposition	Centre-right	BebićLuka	Bebić, Luka	M	1937	
ParlaMint-HR-en_2008-02-27-0	ParlaMint-HR_2008-02-27-0.u2818	Minutes of the National Assembly of the Republic of Croatia, Term 6, Session 3	2008-02-27	Unicameralism	6. mandat	-	Zasedanje 3	2008-03-28	-	Reference	English	Regular	MP	notMinister	IDS	Istarski demokratski sabor	Opposition	Centre to centre-left	MiletićBoris	Miletić, Boris	M	1975	
ParlaMint-HR-en_2008-02-27-0	ParlaMint-HR_2008-02-27-0.u2819	Minutes of the National Assembly of the Republic of Croatia, Term 6, Session 3	2008-02-27	Unicameralism	6. mandat	-	Zasedanje 3	2008-03-28	-	Reference	English	Chairperson	MP	notMinister	HDZ	Hrvatska demokratska zajednica	Opposition	Centre-right	BebićLuka	Bebić, Luka	M	1937	
ParlaMint-HR-en_2008-02-27-0	ParlaMint-HR_2008-02-27-0.u2820	Minutes of the National Assembly of the Republic of Croatia, Term 6, Session 3	2008-02-27	Unicameralism	6. mandat	-	Zasedanje 3	2008-03-28	-	Reference	English	Regular	MP	notMinister	HDZ	Hrvatska demokratska zajednica	Opposition	Centre-right	PrimoracDragan	Primorac, Dragan	M	1965	
ParlaMint-HR-en_2008-02-27-0	ParlaMint-HR_2008-02-27-0.u2821	Minutes of the National Assembly of the Republic of Croatia, Term 6, Session 3	2008-02-27	Unicameralism	6. mandat	-	Zasedanje 3	2008-03-28	-	Reference	English	Chairperson	MP	notMinister	HDZ	Hrvatska demokratska zajednica	Opposition	Centre-right	BebićLuka	Bebić, Luka	M	1937	
ParlaMint-HR-en_2008-02-27-0	ParlaMint-HR_2008-02-27-0.u2822	Minutes of the National Assembly of the Republic of Croatia, Term 6, Session 3	2008-02-27	Unicameralism	6. mandat	-	Zasedanje 3	2008-03-28	-	Reference	English	Regular	MP	notMinister	IDS	Istarski demokratski sabor	Opposition	Centre to centre-left	KajinDamir	Kajin, Damir	M	1962	
ParlaMint-HR-en_2008-02-27-0	ParlaMint-HR_2008-02-27-0.u2823	Minutes of the National Assembly of the Republic of Croatia, Term 6, Session 3	2008-02-27	Unicameralism	6. mandat	-	Zasedanje 3	2008-03-28	-	Reference	English	Chairperson	MP	notMinister	HDZ	Hrvatska demokratska zajednica	Opposition	Centre-right	BebićLuka	Bebić, Luka	M	1937	
ParlaMint-HR-en_2008-02-27-0	ParlaMint-HR_2008-02-27-0.u2824	Minutes of the National Assembly of the Republic of Croatia, Term 6, Session 3	2008-02-27	Unicameralism	6. mandat	-	Zasedanje 3	2008-03-28	-	Reference	English	Regular	MP	notMinister	HDZ	Hrvatska demokratska zajednica	Opposition	Centre-right	PrimoracDragan	Primorac, Dragan	M	1965	
ParlaMint-HR-en_2008-02-27-0	ParlaMint-HR_2008-02-27-0.u2825	Minutes of the National Assembly of the Republic of Croatia, Term 6, Session 3	2008-02-27	Unicameralism	6. mandat	-	Zasedanje 3	2008-03-28	-	Reference	English	Chairperson	MP	notMinister	HDZ	Hrvatska demokratska zajednica	Opposition	Centre-right	BebićLuka	Bebić, Luka	M	1937	
ParlaMint-HR-en_2008-02-27-0	ParlaMint-HR_2008-02-27-0.u2826	Minutes of the National Assembly of the Republic of Croatia, Term 6, Session 3	2008-02-27	Unicameralism	6. mandat	-	Zasedanje 3	2008-03-28	-	Reference	English	Regular	MP	notMinister	IDS	Istarski demokratski sabor	Opposition	Centre to centre-left	KajinDamir	Kajin, Damir	M	1962	
ParlaMint-HR-en_2008-02-27-0	ParlaMint-HR_2008-02-27-0.u2827	Minutes of the National Assembly of the Republic of Croatia, Term 6, Session 3	2008-02-27	Unicameralism	6. mandat	-	Zasedanje 3	2008-03-28	-	Reference	English	Chairperson	MP	notMinister	HDZ	Hrvatska demokratska zajednica	Opposition	Centre-right	BebićLuka	Bebić, Luka	M	1937	
ParlaMint-HR-en_2008-02-27-0	ParlaMint-HR_2008-02-27-0.u2828	Minutes of the National Assembly of the Republic of Croatia, Term 6, Session 3	2008-02-27	Unicameralism	6. mandat	-	Zasedanje 3	2008-03-28	-	Reference	English	Regular	MP	notMinister	HDZ	Hrvatska demokratska zajednica	Opposition	Centre-right	PrimoracDragan	Primorac, Dragan	M	1965	
ParlaMint-HR-en_2008-02-27-0	ParlaMint-HR_2008-02-27-0.u2829	Minutes of the National Assembly of the Republic of Croatia, Term 6, Session 3	2008-02-27	Unicameralism	6. mandat	-	Zasedanje 3	2008-03-28	-	Reference	English	Chairperson	MP	notMinister	HDZ	Hrvatska demokratska zajednica	Opposition	Centre-right	BebićLuka	Bebić, Luka	M	1937	
ParlaMint-HR-en_2008-02-27-0	ParlaMint-HR_2008-02-27-0.u2830	Minutes of the National Assembly of the Republic of Croatia, Term 6, Session 3	2008-02-27	Unicameralism	6. mandat	-	Zasedanje 3	2008-03-28	-	Reference	English	Regular	MP	notMinister	SDP	Socijaldemokratska partija Hrvatske	Opposition	Centre-left	StazićNenad	Stazić, Nenad	M	1957	
ParlaMint-HR-en_2008-02-27-0	ParlaMint-HR_2008-02-27-0.u2831	Minutes of the National Assembly of the Republic of Croatia, Term 6, Session 3	2008-02-27	Unicameralism	6. mandat	-	Zasedanje 3	2008-03-28	-	Reference	English	Regular	MP	notMinister	HDZ	Hrvatska demokratska zajednica	Opposition	Centre-right	PrimoracDragan	Primorac, Dragan	M	1965	
ParlaMint-HR-en_2008-02-27-0	ParlaMint-HR_2008-02-27-0.u2832	Minutes of the National Assembly of the Republic of Croatia, Term 6, Session 3	2008-02-27	Unicameralism	6. mandat	-	Zasedanje 3	2008-03-28	-	Reference	English	Regular	MP	notMinister	SDP	Socijaldemokratska partija Hrvatske	Opposition	Centre-left	StazićNenad	Stazić, Nenad	M	1957	
ParlaMint-HR-en_2008-02-27-0	ParlaMint-HR_2008-02-27-0.u2833	Minutes of the National Assembly of the Republic of Croatia, Term 6, Session 3	2008-02-27	Unicameralism	6. mandat	-	Zasedanje 3	2008-03-28	-	Reference	English	Chairperson	MP	notMinister	HDZ	Hrvatska demokratska zajednica	Opposition	Centre-right	BebićLuka	Bebić, Luka	M	1937	
ParlaMint-HR-en_2008-02-27-0	ParlaMint-HR_2008-02-27-0.u2834	Minutes of the National Assembly of the Republic of Croatia, Term 6, Session 3	2008-02-27	Unicameralism	6. mandat	-	Zasedanje 3	2008-03-28	-	Reference	English	Regular	MP	notMinister	HDZ	Hrvatska demokratska zajednica	Opposition	Centre-right	PrimoracDragan	Primorac, Dragan	M	1965	
ParlaMint-HR-en_2008-02-27-0	ParlaMint-HR_2008-02-27-0.u2835	Minutes of the National Assembly of the Republic of Croatia, Term 6, Session 3	2008-02-27	Unicameralism	6. mandat	-	Zasedanje 3	2008-03-28	-	Reference	English	Chairperson	MP	notMinister	HDZ	Hrvatska demokratska zajednica	Opposition	Centre-right	BebićLuka	Bebić, Luka	M	1937	
ParlaMint-HR-en_2008-02-27-0	ParlaMint-HR_2008-02-27-0.u2836	Minutes of the National Assembly of the Republic of Croatia, Term 6, Session 3	2008-02-27	Unicameralism	6. mandat	-	Zasedanje 3	2008-03-28	-	Reference	English	Regular	MP	notMinister	SDP	Socijaldemokratska partija Hrvatske	Opposition	Centre-left	LugarićMarija	Lugarić, Marija	F	1978	
ParlaMint-HR-en_2008-02-27-0	ParlaMint-HR_2008-02-27-0.u2837	Minutes of the National Assembly of the Republic of Croatia, Term 6, Session 3	2008-02-27	Unicameralism	6. mandat	-	Zasedanje 3	2008-03-28	-	Reference	English	Chairperson	MP	notMinister	HDZ	Hrvatska demokratska zajednica	Opposition	Centre-right	BebićLuka	Bebić, Luka	M	1937	
ParlaMint-HR-en_2008-02-27-0	ParlaMint-HR_2008-02-27-0.u2838	Minutes of the National Assembly of the Republic of Croatia, Term 6, Session 3	2008-02-27	Unicameralism	6. mandat	-	Zasedanje 3	2008-03-28	-	Reference	English	Regular	MP	notMinister	HDZ	Hrvatska demokratska zajednica	Opposition	Centre-right	PrimoracDragan	Primorac, Dragan	M	1965	
ParlaMint-HR-en_2008-02-27-0	ParlaMint-HR_2008-02-27-0.u2839	Minutes of the National Assembly of the Republic of Croatia, Term 6, Session 3	2008-02-27	Unicameralism	6. mandat	-	Zasedanje 3	2008-03-28	-	Reference	English	Chairperson	MP	notMinister	HDZ	Hrvatska demokratska zajednica	Opposition	Centre-right	BebićLuka	Bebić, Luka	M	1937	
ParlaMint-HR-en_2008-02-27-0	ParlaMint-HR_2008-02-27-0.u2840	Minutes of the National Assembly of the Republic of Croatia, Term 6, Session 3	2008-02-27	Unicameralism	6. mandat	-	Zasedanje 3	2008-03-28	-	Reference	English	Regular	MP	notMinister	SDP	Socijaldemokratska partija Hrvatske	Opposition	Centre-left	MršićZvonimir	Mršić, Zvonimir	M	1966	
ParlaMint-HR-en_2008-02-27-0	ParlaMint-HR_2008-02-27-0.u2841	Minutes of the National Assembly of the Republic of Croatia, Term 6, Session 3	2008-02-27	Unicameralism	6. mandat	-	Zasedanje 3	2008-03-28	-	Reference	English	Chairperson	MP	notMinister	HDZ	Hrvatska demokratska zajednica	Opposition	Centre-right	BebićLuka	Bebić, Luka	M	1937	
ParlaMint-HR-en_2008-02-27-0	ParlaMint-HR_2008-02-27-0.u2842	Minutes of the National Assembly of the Republic of Croatia, Term 6, Session 3	2008-02-27	Unicameralism	6. mandat	-	Zasedanje 3	2008-03-28	-	Reference	English	Regular	MP	notMinister	HDZ	Hrvatska demokratska zajednica	Opposition	Centre-right	PrimoracDragan	Primorac, Dragan	M	1965	
ParlaMint-HR-en_2008-02-27-0	ParlaMint-HR_2008-02-27-0.u2843	Minutes of the National Assembly of the Republic of Croatia, Term 6, Session 3	2008-02-27	Unicameralism	6. mandat	-	Zasedanje 3	2008-03-28	-	Reference	English	Chairperson	MP	notMinister	HDZ	Hrvatska demokratska zajednica	Opposition	Centre-right	BebićLuka	Bebić, Luka	M	1937	
ParlaMint-HR-en_2008-02-27-0	ParlaMint-HR_2008-02-27-0.u2844	Minutes of the National Assembly of the Republic of Croatia, Term 6, Session 3	2008-02-27	Unicameralism	6. mandat	-	Zasedanje 3	2008-03-28	-	Reference	English	Regular	MP	notMinister	SDP	Socijaldemokratska partija Hrvatske	Opposition	Centre-left	MršićZvonimir	Mršić, Zvonimir	M	1966	
ParlaMint-HR-en_2008-02-27-0	ParlaMint-HR_2008-02-27-0.u2845	Minutes of the National Assembly of the Republic of Croatia, Term 6, Session 3	2008-02-27	Unicameralism	6. mandat	-	Zasedanje 3	2008-03-28	-	Reference	English	Chairperson	MP	notMinister	HDZ	Hrvatska demokratska zajednica	Opposition	Centre-right	BebićLuka	Bebić, Luka	M	1937	
ParlaMint-HR-en_2008-02-27-0	ParlaMint-HR_2008-02-27-0.u2846	Minutes of the National Assembly of the Republic of Croatia, Term 6, Session 3	2008-02-27	Unicameralism	6. mandat	-	Zasedanje 3	2008-03-28	-	Reference	English	Regular	MP	notMinister	HDZ	Hrvatska demokratska zajednica	Opposition	Centre-right	PrimoracDragan	Primorac, Dragan	M	1965	
ParlaMint-HR-en_2008-02-27-0	ParlaMint-HR_2008-02-27-0.u2847	Minutes of the National Assembly of the Republic of Croatia, Term 6, Session 3	2008-02-27	Unicameralism	6. mandat	-	Zasedanje 3	2008-03-28	-	Reference	English	Chairperson	MP	notMinister	HDZ	Hrvatska demokratska zajednica	Opposition	Centre-right	BebićLuka	Bebić, Luka	M	1937	
ParlaMint-HR-en_2008-02-27-0	ParlaMint-HR_2008-02-27-0.u2848	Minutes of the National Assembly of the Republic of Croatia, Term 6, Session 3	2008-02-27	Unicameralism	6. mandat	-	Zasedanje 3	2008-03-28	-	Reference	English	Regular	MP	notMinister	SDP	Socijaldemokratska partija Hrvatske	Opposition	Centre-left	MršićZvonimir	Mršić, Zvonimir	M	1966	
ParlaMint-HR-en_2008-02-27-0	ParlaMint-HR_2008-02-27-0.u2849	Minutes of the National Assembly of the Republic of Croatia, Term 6, Session 3	2008-02-27	Unicameralism	6. mandat	-	Zasedanje 3	2008-03-28	-	Reference	English	Chairperson	MP	notMinister	HDZ	Hrvatska demokratska zajednica	Opposition	Centre-right	BebićLuka	Bebić, Luka	M	1937	
ParlaMint-HR-en_2008-02-27-0	ParlaMint-HR_2008-02-27-0.u2850	Minutes of the National Assembly of the Republic of Croatia, Term 6, Session 3	2008-02-27	Unicameralism	6. mandat	-	Zasedanje 3	2008-03-28	-	Reference	English	Regular	MP	notMinister	HDZ	Hrvatska demokratska zajednica	Opposition	Centre-right	PrimoracDragan	Primorac, Dragan	M	1965	
ParlaMint-HR-en_2008-02-27-0	ParlaMint-HR_2008-02-27-0.u2851	Minutes of the National Assembly of the Republic of Croatia, Term 6, Session 3	2008-02-27	Unicameralism	6. mandat	-	Zasedanje 3	2008-03-28	-	Reference	English	Chairperson	MP	notMinister	HDZ	Hrvatska demokratska zajednica	Opposition	Centre-right	BebićLuka	Bebić, Luka	M	1937	
ParlaMint-HR-en_2008-02-27-0	ParlaMint-HR_2008-02-27-0.u2852	Minutes of the National Assembly of the Republic of Croatia, Term 6, Session 3	2008-02-27	Unicameralism	6. mandat	-	Zasedanje 3	2008-03-28	-	Reference	English	Regular	MP	notMinister	SDP	Socijaldemokratska partija Hrvatske	Opposition	Centre-left	KozlevacDino	Kozlevac, Dino	M	1960	
ParlaMint-HR-en_2008-02-27-0	ParlaMint-HR_2008-02-27-0.u2853	Minutes of the National Assembly of the Republic of Croatia, Term 6, Session 3	2008-02-27	Unicameralism	6. mandat	-	Zasedanje 3	2008-03-28	-	Reference	English	Chairperson	MP	notMinister	HDZ	Hrvatska demokratska zajednica	Opposition	Centre-right	BebićLuka	Bebić, Luka	M	1937	
ParlaMint-HR-en_2008-02-27-0	ParlaMint-HR_2008-02-27-0.u2854	Minutes of the National Assembly of the Republic of Croatia, Term 6, Session 3	2008-02-27	Unicameralism	6. mandat	-	Zasedanje 3	2008-03-28	-	Reference	English	Regular	MP	notMinister	HDZ	Hrvatska demokratska zajednica	Opposition	Centre-right	PrimoracDragan	Primorac, Dragan	M	1965	
ParlaMint-HR-en_2008-02-27-0	ParlaMint-HR_2008-02-27-0.u2855	Minutes of the National Assembly of the Republic of Croatia, Term 6, Session 3	2008-02-27	Unicameralism	6. mandat	-	Zasedanje 3	2008-03-28	-	Reference	English	Chairperson	MP	notMinister	HDZ	Hrvatska demokratska zajednica	Opposition	Centre-right	BebićLuka	Bebić, Luka	M	1937	
ParlaMint-HR-en_2008-02-27-0	ParlaMint-HR_2008-02-27-0.u2856	Minutes of the National Assembly of the Republic of Croatia, Term 6, Session 3	2008-02-27	Unicameralism	6. mandat	-	Zasedanje 3	2008-03-28	-	Reference	English	Regular	MP	notMinister	SDP	Socijaldemokratska partija Hrvatske	Opposition	Centre-left	ŠimacBonačićTatjana	Šimac Bonačić, Tatjana	F	1957	
ParlaMint-HR-en_2008-02-27-0	ParlaMint-HR_2008-02-27-0.u2857	Minutes of the National Assembly of the Republic of Croatia, Term 6, Session 3	2008-02-27	Unicameralism	6. mandat	-	Zasedanje 3	2008-03-28	-	Reference	English	Chairperson	MP	notMinister	HDZ	Hrvatska demokratska zajednica	Opposition	Centre-right	BebićLuka	Bebić, Luka	M	1937	
ParlaMint-HR-en_2008-02-27-0	ParlaMint-HR_2008-02-27-0.u2858	Minutes of the National Assembly of the Republic of Croatia, Term 6, Session 3	2008-02-27	Unicameralism	6. mandat	-	Zasedanje 3	2008-03-28	-	Reference	English	Regular	MP	notMinister	HDZ	Hrvatska demokratska zajednica	Opposition	Centre-right	PrimoracDragan	Primorac, Dragan	M	1965	
ParlaMint-HR-en_2008-02-27-0	ParlaMint-HR_2008-02-27-0.u2859	Minutes of the National Assembly of the Republic of Croatia, Term 6, Session 3	2008-02-27	Unicameralism	6. mandat	-	Zasedanje 3	2008-03-28	-	Reference	English	Chairperson	MP	notMinister	HDZ	Hrvatska demokratska zajednica	Opposition	Centre-right	BebićLuka	Bebić, Luka	M	1937	
ParlaMint-HR-en_2008-02-27-0	ParlaMint-HR_2008-02-27-0.u2860	Minutes of the National Assembly of the Republic of Croatia, Term 6, Session 3	2008-02-27	Unicameralism	6. mandat	-	Zasedanje 3	2008-03-28	-	Reference	English	Regular	MP	notMinister	SDP	Socijaldemokratska partija Hrvatske	Opposition	Centre-left	ZgrebecDragica	Zgrebec, Dragica	F	1950	
ParlaMint-HR-en_2008-02-27-0	ParlaMint-HR_2008-02-27-0.u2861	Minutes of the National Assembly of the Republic of Croatia, Term 6, Session 3	2008-02-27	Unicameralism	6. mandat	-	Zasedanje 3	2008-03-28	-	Reference	English	Regular	MP	notMinister	HDZ	Hrvatska demokratska zajednica	Opposition	Centre-right	PrimoracDragan	Primorac, Dragan	M	1965	
ParlaMint-HR-en_2008-02-27-0	ParlaMint-HR_2008-02-27-0.u2862	Minutes of the National Assembly of the Republic of Croatia, Term 6, Session 3	2008-02-27	Unicameralism	6. mandat	-	Zasedanje 3	2008-03-28	-	Reference	English	Regular	MP	notMinister	SDP	Socijaldemokratska partija Hrvatske	Opposition	Centre-left	ZgrebecDragica	Zgrebec, Dragica	F	1950	
ParlaMint-HR-en_2008-02-27-0	ParlaMint-HR_2008-02-27-0.u2863	Minutes of the National Assembly of the Republic of Croatia, Term 6, Session 3	2008-02-27	Unicameralism	6. mandat	-	Zasedanje 3	2008-03-28	-	Reference	English	Regular	MP	notMinister	HDZ	Hrvatska demokratska zajednica	Opposition	Centre-right	PrimoracDragan	Primorac, Dragan	M	1965	
ParlaMint-HR-en_2008-02-27-0	ParlaMint-HR_2008-02-27-0.u2864	Minutes of the National Assembly of the Republic of Croatia, Term 6, Session 3	2008-02-27	Unicameralism	6. mandat	-	Zasedanje 3	2008-03-28	-	Reference	English	Regular	MP	notMinister	SDP	Socijaldemokratska partija Hrvatske	Opposition	Centre-left	ZgrebecDragica	Zgrebec, Dragica	F	1950	
ParlaMint-HR-en_2008-02-27-0	ParlaMint-HR_2008-02-27-0.u2865	Minutes of the National Assembly of the Republic of Croatia, Term 6, Session 3	2008-02-27	Unicameralism	6. mandat	-	Zasedanje 3	2008-03-28	-	Reference	English	Chairperson	MP	notMinister	HDZ	Hrvatska demokratska zajednica	Opposition	Centre-right	BebićLuka	Bebić, Luka	M	1937	
ParlaMint-HR-en_2008-02-27-0	ParlaMint-HR_2008-02-27-0.u2866	Minutes of the National Assembly of the Republic of Croatia, Term 6, Session 3	2008-02-27	Unicameralism	6. mandat	-	Zasedanje 3	2008-03-28	-	Reference	English	Regular	MP	notMinister	HDZ	Hrvatska demokratska zajednica	Opposition	Centre-right	PrimoracDragan	Primorac, Dragan	M	1965	
ParlaMint-HR-en_2008-02-27-0	ParlaMint-HR_2008-02-27-0.u2867	Minutes of the National Assembly of the Republic of Croatia, Term 6, Session 3	2008-02-27	Unicameralism	6. mandat	-	Zasedanje 3	2008-03-28	-	Reference	English	Chairperson	MP	notMinister	HDZ	Hrvatska demokratska zajednica	Opposition	Centre-right	BebićLuka	Bebić, Luka	M	1937	
ParlaMint-HR-en_2008-02-27-0	ParlaMint-HR_2008-02-27-0.u2868	Minutes of the National Assembly of the Republic of Croatia, Term 6, Session 3	2008-02-27	Unicameralism	6. mandat	-	Zasedanje 3	2008-03-28	-	Reference	English	Regular	MP	notMinister	SDP	Socijaldemokratska partija Hrvatske	Opposition	Centre-left	JelašNadica	Jelaš, Nadica	F	1957	
ParlaMint-HR-en_2008-02-27-0	ParlaMint-HR_2008-02-27-0.u2869	Minutes of the National Assembly of the Republic of Croatia, Term 6, Session 3	2008-02-27	Unicameralism	6. mandat	-	Zasedanje 3	2008-03-28	-	Reference	English	Chairperson	MP	notMinister	HDZ	Hrvatska demokratska zajednica	Opposition	Centre-right	BebićLuka	Bebić, Luka	M	1937	
ParlaMint-HR-en_2008-02-27-0	ParlaMint-HR_2008-02-27-0.u2870	Minutes of the National Assembly of the Republic of Croatia, Term 6, Session 3	2008-02-27	Unicameralism	6. mandat	-	Zasedanje 3	2008-03-28	-	Reference	English	Regular	MP	notMinister	HDZ	Hrvatska demokratska zajednica	Opposition	Centre-right	PrimoracDragan	Primorac, Dragan	M	1965	
ParlaMint-HR-en_2008-02-27-0	ParlaMint-HR_2008-02-27-0.u2871	Minutes of the National Assembly of the Republic of Croatia, Term 6, Session 3	2008-02-27	Unicameralism	6. mandat	-	Zasedanje 3	2008-03-28	-	Reference	English	Chairperson	MP	notMinister	HDZ	Hrvatska demokratska zajednica	Opposition	Centre-right	BebićLuka	Bebić, Luka	M	1937	
ParlaMint-HR-en_2008-02-27-0	ParlaMint-HR_2008-02-27-0.u2872	Minutes of the National Assembly of the Republic of Croatia, Term 6, Session 3	2008-02-27	Unicameralism	6. mandat	-	Zasedanje 3	2008-03-28	-	Reference	English	Regular	MP	notMinister	SDP	Socijaldemokratska partija Hrvatske	Opposition	Centre-left	JelašNadica	Jelaš, Nadica	F	1957	
ParlaMint-HR-en_2008-02-27-0	ParlaMint-HR_2008-02-27-0.u2873	Minutes of the National Assembly of the Republic of Croatia, Term 6, Session 3	2008-02-27	Unicameralism	6. mandat	-	Zasedanje 3	2008-03-28	-	Reference	English	Chairperson	MP	notMinister	HDZ	Hrvatska demokratska zajednica	Opposition	Centre-right	BebićLuka	Bebić, Luka	M	1937	
ParlaMint-HR-en_2008-02-27-0	ParlaMint-HR_2008-02-27-0.u2874	Minutes of the National Assembly of the Republic of Croatia, Term 6, Session 3	2008-02-27	Unicameralism	6. mandat	-	Zasedanje 3	2008-03-28	-	Reference	English	Regular	MP	notMinister	HDZ	Hrvatska demokratska zajednica	Opposition	Centre-right	PrimoracDragan	Primorac, Dragan	M	1965	
ParlaMint-HR-en_2008-02-27-0	ParlaMint-HR_2008-02-27-0.u2875	Minutes of the National Assembly of the Republic of Croatia, Term 6, Session 3	2008-02-27	Unicameralism	6. mandat	-	Zasedanje 3	2008-03-28	-	Reference	English	Chairperson	MP	notMinister	HDZ	Hrvatska demokratska zajednica	Opposition	Centre-right	BebićLuka	Bebić, Luka	M	1937	
ParlaMint-HR-en_2008-02-27-0	ParlaMint-HR_2008-02-27-0.u2876	Minutes of the National Assembly of the Republic of Croatia, Term 6, Session 3	2008-02-27	Unicameralism	6. mandat	-	Zasedanje 3	2008-03-28	-	Reference	English	Regular	MP	notMinister	SDP	Socijaldemokratska partija Hrvatske	Opposition	Centre-left	ZgrebecDragica	Zgrebec, Dragica	F	1950	
ParlaMint-HR-en_2008-02-27-0	ParlaMint-HR_2008-02-27-0.u2877	Minutes of the National Assembly of the Republic of Croatia, Term 6, Session 3	2008-02-27	Unicameralism	6. mandat	-	Zasedanje 3	2008-03-28	-	Reference	English	Chairperson	MP	notMinister	HDZ	Hrvatska demokratska zajednica	Opposition	Centre-right	BebićLuka	Bebić, Luka	M	1937	
ParlaMint-HR-en_2008-02-27-0	ParlaMint-HR_2008-02-27-0.u2878	Minutes of the National Assembly of the Republic of Croatia, Term 6, Session 3	2008-02-27	Unicameralism	6. mandat	-	Zasedanje 3	2008-03-28	-	Reference	English	Regular	MP	notMinister	HDZ	Hrvatska demokratska zajednica	Opposition	Centre-right	PrimoracDragan	Primorac, Dragan	M	1965	
ParlaMint-HR-en_2008-02-27-0	ParlaMint-HR_2008-02-27-0.u2879	Minutes of the National Assembly of the Republic of Croatia, Term 6, Session 3	2008-02-27	Unicameralism	6. mandat	-	Zasedanje 3	2008-03-28	-	Reference	English	Chairperson	MP	notMinister	HDZ	Hrvatska demokratska zajednica	Opposition	Centre-right	BebićLuka	Bebić, Luka	M	1937	
ParlaMint-HR-en_2008-02-27-0	ParlaMint-HR_2008-02-27-0.u2880	Minutes of the National Assembly of the Republic of Croatia, Term 6, Session 3	2008-02-27	Unicameralism	6. mandat	-	Zasedanje 3	2008-03-28	-	Reference	English	Regular	MP	notMinister	HDZ	Hrvatska demokratska zajednica	Opposition	Centre-right	PrimoracDragan	Primorac, Dragan	M	1965	
ParlaMint-HR-en_2008-02-27-0	ParlaMint-HR_2008-02-27-0.u2881	Minutes of the National Assembly of the Republic of Croatia, Term 6, Session 3	2008-02-27	Unicameralism	6. mandat	-	Zasedanje 3	2008-03-28	-	Reference	English	Chairperson	MP	notMinister	HDZ	Hrvatska demokratska zajednica	Opposition	Centre-right	BebićLuka	Bebić, Luka	M	1937	
ParlaMint-HR-en_2008-02-27-0	ParlaMint-HR_2008-02-27-0.u2882	Minutes of the National Assembly of the Republic of Croatia, Term 6, Session 3	2008-02-27	Unicameralism	6. mandat	-	Zasedanje 3	2008-03-28	-	Reference	English	Regular	MP	notMinister	SDP	Socijaldemokratska partija Hrvatske	Opposition	Centre-left	ZgrebecDragica	Zgrebec, Dragica	F	1950	
ParlaMint-HR-en_2008-02-27-0	ParlaMint-HR_2008-02-27-0.u2883	Minutes of the National Assembly of the Republic of Croatia, Term 6, Session 3	2008-02-27	Unicameralism	6. mandat	-	Zasedanje 3	2008-03-28	-	Reference	English	Chairperson	MP	notMinister	HDZ	Hrvatska demokratska zajednica	Opposition	Centre-right	BebićLuka	Bebić, Luka	M	1937	
ParlaMint-HR-en_2008-02-27-0	ParlaMint-HR_2008-02-27-0.u2884	Minutes of the National Assembly of the Republic of Croatia, Term 6, Session 3	2008-02-27	Unicameralism	6. mandat	-	Zasedanje 3	2008-03-28	-	Reference	English	Regular	MP	notMinister	HDZ	Hrvatska demokratska zajednica	Opposition	Centre-right	PrimoracDragan	Primorac, Dragan	M	1965	
ParlaMint-HR-en_2008-02-27-0	ParlaMint-HR_2008-02-27-0.u2885	Minutes of the National Assembly of the Republic of Croatia, Term 6, Session 3	2008-02-27	Unicameralism	6. mandat	-	Zasedanje 3	2008-03-28	-	Reference	English	Chairperson	MP	notMinister	HDZ	Hrvatska demokratska zajednica	Opposition	Centre-right	BebićLuka	Bebić, Luka	M	1937	
ParlaMint-HR-en_2008-02-27-0	ParlaMint-HR_2008-02-27-0.u2886	Minutes of the National Assembly of the Republic of Croatia, Term 6, Session 3	2008-02-27	Unicameralism	6. mandat	-	Zasedanje 3	2008-03-28	-	Reference	English	Regular	MP	notMinister	SDP	Socijaldemokratska partija Hrvatske	Opposition	Centre-left	JelašNadica	Jelaš, Nadica	F	1957	
ParlaMint-HR-en_2008-02-27-0	ParlaMint-HR_2008-02-27-0.u2887	Minutes of the National Assembly of the Republic of Croatia, Term 6, Session 3	2008-02-27	Unicameralism	6. mandat	-	Zasedanje 3	2008-03-28	-	Reference	English	Chairperson	MP	notMinister	HDZ	Hrvatska demokratska zajednica	Opposition	Centre-right	BebićLuka	Bebić, Luka	M	1937	
ParlaMint-HR-en_2008-02-27-0	ParlaMint-HR_2008-02-27-0.u2888	Minutes of the National Assembly of the Republic of Croatia, Term 6, Session 3	2008-02-27	Unicameralism	6. mandat	-	Zasedanje 3	2008-03-28	-	Reference	English	Regular	MP	notMinister	HDZ	Hrvatska demokratska zajednica	Opposition	Centre-right	PrimoracDragan	Primorac, Dragan	M	1965	
ParlaMint-HR-en_2008-02-27-0	ParlaMint-HR_2008-02-27-0.u2889	Minutes of the National Assembly of the Republic of Croatia, Term 6, Session 3	2008-02-27	Unicameralism	6. mandat	-	Zasedanje 3	2008-03-28	-	Reference	English	Chairperson	MP	notMinister	HDZ	Hrvatska demokratska zajednica	Opposition	Centre-right	BebićLuka	Bebić, Luka	M	1937	
ParlaMint-HR-en_2008-02-27-0	ParlaMint-HR_2008-02-27-0.u2890	Minutes of the National Assembly of the Republic of Croatia, Term 6, Session 3	2008-02-27	Unicameralism	6. mandat	-	Zasedanje 3	2008-03-28	-	Reference	English	Regular	MP	notMinister	SDP	Socijaldemokratska partija Hrvatske	Opposition	Centre-left	JelašNadica	Jelaš, Nadica	F	1957	
ParlaMint-HR-en_2008-02-27-0	ParlaMint-HR_2008-02-27-0.u2891	Minutes of the National Assembly of the Republic of Croatia, Term 6, Session 3	2008-02-27	Unicameralism	6. mandat	-	Zasedanje 3	2008-03-28	-	Reference	English	Chairperson	MP	notMinister	HDZ	Hrvatska demokratska zajednica	Opposition	Centre-right	BebićLuka	Bebić, Luka	M	1937	
ParlaMint-HR-en_2008-02-27-0	ParlaMint-HR_2008-02-27-0.u2892	Minutes of the National Assembly of the Republic of Croatia, Term 6, Session 3	2008-02-27	Unicameralism	6. mandat	-	Zasedanje 3	2008-03-28	-	Reference	English	Regular	MP	notMinister	HDZ	Hrvatska demokratska zajednica	Opposition	Centre-right	PrimoracDragan	Primorac, Dragan	M	1965	
ParlaMint-HR-en_2008-02-27-0	ParlaMint-HR_2008-02-27-0.u2893	Minutes of the National Assembly of the Republic of Croatia, Term 6, Session 3	2008-02-27	Unicameralism	6. mandat	-	Zasedanje 3	2008-03-28	-	Reference	English	Chairperson	MP	notMinister	HDZ	Hrvatska demokratska zajednica	Opposition	Centre-right	BebićLuka	Bebić, Luka	M	1937	
ParlaMint-HR-en_2008-02-27-0	ParlaMint-HR_2008-02-27-0.u2894	Minutes of the National Assembly of the Republic of Croatia, Term 6, Session 3	2008-02-27	Unicameralism	6. mandat	-	Zasedanje 3	2008-03-28	-	Reference	English	Regular	MP	notMinister	SDP	Socijaldemokratska partija Hrvatske	Opposition	Centre-left	ZgrebecDragica	Zgrebec, Dragica	F	1950	
ParlaMint-HR-en_2008-02-27-0	ParlaMint-HR_2008-02-27-0.u2895	Minutes of the National Assembly of the Republic of Croatia, Term 6, Session 3	2008-02-27	Unicameralism	6. mandat	-	Zasedanje 3	2008-03-28	-	Reference	English	Chairperson	MP	notMinister	HDZ	Hrvatska demokratska zajednica	Opposition	Centre-right	BebićLuka	Bebić, Luka	M	1937	
ParlaMint-HR-en_2008-02-27-0	ParlaMint-HR_2008-02-27-0.u2896	Minutes of the National Assembly of the Republic of Croatia, Term 6, Session 3	2008-02-27	Unicameralism	6. mandat	-	Zasedanje 3	2008-03-28	-	Reference	English	Regular	MP	notMinister	HDZ	Hrvatska demokratska zajednica	Opposition	Centre-right	PrimoracDragan	Primorac, Dragan	M	1965	
ParlaMint-HR-en_2008-02-27-0	ParlaMint-HR_2008-02-27-0.u2897	Minutes of the National Assembly of the Republic of Croatia, Term 6, Session 3	2008-02-27	Unicameralism	6. mandat	-	Zasedanje 3	2008-03-28	-	Reference	English	Chairperson	MP	notMinister	HDZ	Hrvatska demokratska zajednica	Opposition	Centre-right	BebićLuka	Bebić, Luka	M	1937	
ParlaMint-HR-en_2008-02-27-0	ParlaMint-HR_2008-02-27-0.u2898	Minutes of the National Assembly of the Republic of Croatia, Term 6, Session 3	2008-02-27	Unicameralism	6. mandat	-	Zasedanje 3	2008-03-28	-	Reference	English	Regular	MP	notMinister	HDSSB	Hrvatski demokratski savez Slavonije i Baranje	Opposition	Centre-right	VinkovićZoran	Vinković, Zoran	M	1966	
ParlaMint-HR-en_2008-02-27-0	ParlaMint-HR_2008-02-27-0.u2899	Minutes of the National Assembly of the Republic of Croatia, Term 6, Session 3	2008-02-27	Unicameralism	6. mandat	-	Zasedanje 3	2008-03-28	-	Reference	English	Chairperson	MP	notMinister	HDZ	Hrvatska demokratska zajednica	Opposition	Centre-right	BebićLuka	Bebić, Luka	M	1937	
ParlaMint-HR-en_2008-02-27-0	ParlaMint-HR_2008-02-27-0.u2900	Minutes of the National Assembly of the Republic of Croatia, Term 6, Session 3	2008-02-27	Unicameralism	6. mandat	-	Zasedanje 3	2008-03-28	-	Reference	English	Regular	MP	notMinister	HDSSB	Hrvatski demokratski savez Slavonije i Baranje	Opposition	Centre-right	VinkovićZoran	Vinković, Zoran	M	1966	
ParlaMint-HR-en_2008-02-27-0	ParlaMint-HR_2008-02-27-0.u2901	Minutes of the National Assembly of the Republic of Croatia, Term 6, Session 3	2008-02-27	Unicameralism	6. mandat	-	Zasedanje 3	2008-03-28	-	Reference	English	Chairperson	MP	notMinister	HDZ	Hrvatska demokratska zajednica	Opposition	Centre-right	BebićLuka	Bebić, Luka	M	1937	
ParlaMint-HR-en_2008-02-27-0	ParlaMint-HR_2008-02-27-0.u2902	Minutes of the National Assembly of the Republic of Croatia, Term 6, Session 3	2008-02-27	Unicameralism	6. mandat	-	Zasedanje 3	2008-03-28	-	Reference	English	Regular	MP	notMinister	HDZ	Hrvatska demokratska zajednica	Opposition	Centre-right	PrimoracDragan	Primorac, Dragan	M	1965	
ParlaMint-HR-en_2008-02-27-0	ParlaMint-HR_2008-02-27-0.u2903	Minutes of the National Assembly of the Republic of Croatia, Term 6, Session 3	2008-02-27	Unicameralism	6. mandat	-	Zasedanje 3	2008-03-28	-	Reference	English	Chairperson	MP	notMinister	HDZ	Hrvatska demokratska zajednica	Opposition	Centre-right	BebićLuka	Bebić, Luka	M	1937	
ParlaMint-HR-en_2008-02-27-0	ParlaMint-HR_2008-02-27-0.u2904	Minutes of the National Assembly of the Republic of Croatia, Term 6, Session 3	2008-02-27	Unicameralism	6. mandat	-	Zasedanje 3	2008-03-28	-	Reference	English	Regular	MP	notMinister	SDP	Socijaldemokratska partija Hrvatske	Opposition	Centre-left	MršićZvonimir	Mršić, Zvonimir	M	1966	
ParlaMint-HR-en_2008-02-27-0	ParlaMint-HR_2008-02-27-0.u2905	Minutes of the National Assembly of the Republic of Croatia, Term 6, Session 3	2008-02-27	Unicameralism	6. mandat	-	Zasedanje 3	2008-03-28	-	Reference	English	Chairperson	MP	notMinister	HDZ	Hrvatska demokratska zajednica	Opposition	Centre-right	BebićLuka	Bebić, Luka	M	1937	
ParlaMint-HR-en_2008-02-27-0	ParlaMint-HR_2008-02-27-0.u2906	Minutes of the National Assembly of the Republic of Croatia, Term 6, Session 3	2008-02-27	Unicameralism	6. mandat	-	Zasedanje 3	2008-03-28	-	Reference	English	Regular	MP	notMinister	HDZ	Hrvatska demokratska zajednica	Opposition	Centre-right	PrimoracDragan	Primorac, Dragan	M	1965	
ParlaMint-HR-en_2008-02-27-0	ParlaMint-HR_2008-02-27-0.u2907	Minutes of the National Assembly of the Republic of Croatia, Term 6, Session 3	2008-02-27	Unicameralism	6. mandat	-	Zasedanje 3	2008-03-28	-	Reference	English	Chairperson	MP	notMinister	HDZ	Hrvatska demokratska zajednica	Opposition	Centre-right	BebićLuka	Bebić, Luka	M	1937	
ParlaMint-HR-en_2008-02-27-0	ParlaMint-HR_2008-02-27-0.u2908	Minutes of the National Assembly of the Republic of Croatia, Term 6, Session 3	2008-02-27	Unicameralism	6. mandat	-	Zasedanje 3	2008-03-28	-	Reference	English	Regular	MP	notMinister	SDP	Socijaldemokratska partija Hrvatske	Opposition	Centre-left	MarasGordan	Maras, Gordan	M	1974	
ParlaMint-HR-en_2008-02-27-0	ParlaMint-HR_2008-02-27-0.u2909	Minutes of the National Assembly of the Republic of Croatia, Term 6, Session 3	2008-02-27	Unicameralism	6. mandat	-	Zasedanje 3	2008-03-28	-	Reference	English	Chairperson	MP	notMinister	HDZ	Hrvatska demokratska zajednica	Opposition	Centre-right	BebićLuka	Bebić, Luka	M	1937	
ParlaMint-HR-en_2008-02-27-0	ParlaMint-HR_2008-02-27-0.u2910	Minutes of the National Assembly of the Republic of Croatia, Term 6, Session 3	2008-02-27	Unicameralism	6. mandat	-	Zasedanje 3	2008-03-28	-	Reference	English	Regular	MP	notMinister	HDZ	Hrvatska demokratska zajednica	Opposition	Centre-right	PrimoracDragan	Primorac, Dragan	M	1965	
ParlaMint-HR-en_2008-02-27-0	ParlaMint-HR_2008-02-27-0.u2911	Minutes of the National Assembly of the Republic of Croatia, Term 6, Session 3	2008-02-27	Unicameralism	6. mandat	-	Zasedanje 3	2008-03-28	-	Reference	English	Chairperson	MP	notMinister	HDZ	Hrvatska demokratska zajednica	Opposition	Centre-right	BebićLuka	Bebić, Luka	M	1937	
ParlaMint-HR-en_2008-02-27-0	ParlaMint-HR_2008-02-27-0.u2912	Minutes of the National Assembly of the Republic of Croatia, Term 6, Session 3	2008-02-27	Unicameralism	6. mandat	-	Zasedanje 3	2008-03-28	-	Reference	English	Regular	MP	notMinister	SDP	Socijaldemokratska partija Hrvatske	Opposition	Centre-left	HefferGoran	Heffer, Goran	M	1959	
ParlaMint-HR-en_2008-02-27-0	ParlaMint-HR_2008-02-27-0.u2913	Minutes of the National Assembly of the Republic of Croatia, Term 6, Session 3	2008-02-27	Unicameralism	6. mandat	-	Zasedanje 3	2008-03-28	-	Reference	English	Chairperson	MP	notMinister	HDZ	Hrvatska demokratska zajednica	Opposition	Centre-right	BebićLuka	Bebić, Luka	M	1937	
ParlaMint-HR-en_2008-02-27-0	ParlaMint-HR_2008-02-27-0.u2914	Minutes of the National Assembly of the Republic of Croatia, Term 6, Session 3	2008-02-27	Unicameralism	6. mandat	-	Zasedanje 3	2008-03-28	-	Reference	English	Regular	MP	notMinister	SDP	Socijaldemokratska partija Hrvatske	Opposition	Centre-left	HefferGoran	Heffer, Goran	M	1959	
ParlaMint-HR-en_2008-02-27-0	ParlaMint-HR_2008-02-27-0.u2915	Minutes of the National Assembly of the Republic of Croatia, Term 6, Session 3	2008-02-27	Unicameralism	6. mandat	-	Zasedanje 3	2008-03-28	-	Reference	English	Chairperson	MP	notMinister	HDZ	Hrvatska demokratska zajednica	Opposition	Centre-right	BebićLuka	Bebić, Luka	M	1937	
ParlaMint-HR-en_2008-02-27-0	ParlaMint-HR_2008-02-27-0.u2916	Minutes of the National Assembly of the Republic of Croatia, Term 6, Session 3	2008-02-27	Unicameralism	6. mandat	-	Zasedanje 3	2008-03-28	-	Reference	English	Regular	MP	notMinister	HDZ	Hrvatska demokratska zajednica	Opposition	Centre-right	PrimoracDragan	Primorac, Dragan	M	1965	
ParlaMint-HR-en_2008-02-27-0	ParlaMint-HR_2008-02-27-0.u2917	Minutes of the National Assembly of the Republic of Croatia, Term 6, Session 3	2008-02-27	Unicameralism	6. mandat	-	Zasedanje 3	2008-03-28	-	Reference	English	Chairperson	MP	notMinister	HDZ	Hrvatska demokratska zajednica	Opposition	Centre-right	BebićLuka	Bebić, Luka	M	1937	
ParlaMint-HR-en_2008-02-27-0	ParlaMint-HR_2008-02-27-0.u2918	Minutes of the National Assembly of the Republic of Croatia, Term 6, Session 3	2008-02-27	Unicameralism	6. mandat	-	Zasedanje 3	2008-03-28	-	Reference	English	Regular	MP	notMinister	HDZ	Hrvatska demokratska zajednica	Opposition	Centre-right	PrimoracDragan	Primorac, Dragan	M	1965	
ParlaMint-HR-en_2008-02-27-0	ParlaMint-HR_2008-02-27-0.u2919	Minutes of the National Assembly of the Republic of Croatia, Term 6, Session 3	2008-02-27	Unicameralism	6. mandat	-	Zasedanje 3	2008-03-28	-	Reference	English	Chairperson	MP	notMinister	HDZ	Hrvatska demokratska zajednica	Opposition	Centre-right	BebićLuka	Bebić, Luka	M	1937	
ParlaMint-HR-en_2008-02-27-0	ParlaMint-HR_2008-02-27-0.u2920	Minutes of the National Assembly of the Republic of Croatia, Term 6, Session 3	2008-02-27	Unicameralism	6. mandat	-	Zasedanje 3	2008-03-28	-	Reference	English	Regular	MP	notMinister	HDZ	Hrvatska demokratska zajednica	Opposition	Centre-right	PrimoracDragan	Primorac, Dragan	M	1965	
ParlaMint-HR-en_2008-02-27-0	ParlaMint-HR_2008-02-27-0.u2921	Minutes of the National Assembly of the Republic of Croatia, Term 6, Session 3	2008-02-27	Unicameralism	6. mandat	-	Zasedanje 3	2008-03-28	-	Reference	English	Chairperson	MP	notMinister	HDZ	Hrvatska demokratska zajednica	Opposition	Centre-right	BebićLuka	Bebić, Luka	M	1937	
ParlaMint-HR-en_2008-02-27-0	ParlaMint-HR_2008-02-27-0.u2922	Minutes of the National Assembly of the Republic of Croatia, Term 6, Session 3	2008-02-27	Unicameralism	6. mandat	-	Zasedanje 3	2008-03-28	-	Reference	English	Regular	MP	notMinister	SDP	Socijaldemokratska partija Hrvatske	Opposition	Centre-left	MršićZvonimir	Mršić, Zvonimir	M	1966	
ParlaMint-HR-en_2008-02-27-0	ParlaMint-HR_2008-02-27-0.u2923	Minutes of the National Assembly of the Republic of Croatia, Term 6, Session 3	2008-02-27	Unicameralism	6. mandat	-	Zasedanje 3	2008-03-28	-	Reference	English	Chairperson	MP	notMinister	HDZ	Hrvatska demokratska zajednica	Opposition	Centre-right	BebićLuka	Bebić, Luka	M	1937	
ParlaMint-HR-en_2008-02-27-0	ParlaMint-HR_2008-02-27-0.u2924	Minutes of the National Assembly of the Republic of Croatia, Term 6, Session 3	2008-02-27	Unicameralism	6. mandat	-	Zasedanje 3	2008-03-28	-	Reference	English	Regular	MP	notMinister	SDP	Socijaldemokratska partija Hrvatske	Opposition	Centre-left	MršićZvonimir	Mršić, Zvonimir	M	1966	
ParlaMint-HR-en_2008-02-27-0	ParlaMint-HR_2008-02-27-0.u2925	Minutes of the National Assembly of the Republic of Croatia, Term 6, Session 3	2008-02-27	Unicameralism	6. mandat	-	Zasedanje 3	2008-03-28	-	Reference	English	Chairperson	MP	notMinister	HDZ	Hrvatska demokratska zajednica	Opposition	Centre-right	BebićLuka	Bebić, Luka	M	1937	
ParlaMint-HR-en_2008-02-27-0	ParlaMint-HR_2008-02-27-0.u2926	Minutes of the National Assembly of the Republic of Croatia, Term 6, Session 3	2008-02-27	Unicameralism	6. mandat	-	Zasedanje 3	2008-03-28	-	Reference	English	Regular	MP	notMinister	SDP	Socijaldemokratska partija Hrvatske	Opposition	Centre-left	MršićZvonimir	Mršić, Zvonimir	M	1966	
ParlaMint-HR-en_2008-02-27-0	ParlaMint-HR_2008-02-27-0.u2927	Minutes of the National Assembly of the Republic of Croatia, Term 6, Session 3	2008-02-27	Unicameralism	6. mandat	-	Zasedanje 3	2008-03-28	-	Reference	English	Chairperson	MP	notMinister	HDZ	Hrvatska demokratska zajednica	Opposition	Centre-right	BebićLuka	Bebić, Luka	M	1937	
ParlaMint-HR-en_2008-02-27-0	ParlaMint-HR_2008-02-27-0.u2928	Minutes of the National Assembly of the Republic of Croatia, Term 6, Session 3	2008-02-27	Unicameralism	6. mandat	-	Zasedanje 3	2008-03-28	-	Reference	English	Regular	MP	notMinister	SDP	Socijaldemokratska partija Hrvatske	Opposition	Centre-left	MršićZvonimir	Mršić, Zvonimir	M	1966	
ParlaMint-HR-en_2008-02-27-0	ParlaMint-HR_2008-02-27-0.u2929	Minutes of the National Assembly of the Republic of Croatia, Term 6, Session 3	2008-02-27	Unicameralism	6. mandat	-	Zasedanje 3	2008-03-28	-	Reference	English	Chairperson	MP	notMinister	HDZ	Hrvatska demokratska zajednica	Opposition	Centre-right	BebićLuka	Bebić, Luka	M	1937	
ParlaMint-HR-en_2008-02-27-0	ParlaMint-HR_2008-02-27-0.u2930	Minutes of the National Assembly of the Republic of Croatia, Term 6, Session 3	2008-02-27	Unicameralism	6. mandat	-	Zasedanje 3	2008-03-28	-	Reference	English	Regular	MP	notMinister	SDP	Socijaldemokratska partija Hrvatske	Opposition	Centre-left	MršićZvonimir	Mršić, Zvonimir	M	1966	
ParlaMint-HR-en_2008-02-27-0	ParlaMint-HR_2008-02-27-0.u2931	Minutes of the National Assembly of the Republic of Croatia, Term 6, Session 3	2008-02-27	Unicameralism	6. mandat	-	Zasedanje 3	2008-03-28	-	Reference	English	Chairperson	MP	notMinister	HDZ	Hrvatska demokratska zajednica	Opposition	Centre-right	BebićLuka	Bebić, Luka	M	1937	
ParlaMint-HR-en_2008-02-27-0	ParlaMint-HR_2008-02-27-0.u2932	Minutes of the National Assembly of the Republic of Croatia, Term 6, Session 3	2008-02-27	Unicameralism	6. mandat	-	Zasedanje 3	2008-03-28	-	Reference	English	Regular	MP	notMinister	HDZ	Hrvatska demokratska zajednica	Opposition	Centre-right	PrimoracDragan	Primorac, Dragan	M	1965	
ParlaMint-HR-en_2008-02-27-0	ParlaMint-HR_2008-02-27-0.u2933	Minutes of the National Assembly of the Republic of Croatia, Term 6, Session 3	2008-02-27	Unicameralism	6. mandat	-	Zasedanje 3	2008-03-28	-	Reference	English	Chairperson	MP	notMinister	HDZ	Hrvatska demokratska zajednica	Opposition	Centre-right	BebićLuka	Bebić, Luka	M	1937	
ParlaMint-HR-en_2008-02-27-0	ParlaMint-HR_2008-02-27-0.u2934	Minutes of the National Assembly of the Republic of Croatia, Term 6, Session 3	2008-02-27	Unicameralism	6. mandat	-	Zasedanje 3	2008-03-28	-	Reference	English	Regular	MP	notMinister	SDP	Socijaldemokratska partija Hrvatske	Opposition	Centre-left	MršićZvonimir	Mršić, Zvonimir	M	1966	
ParlaMint-HR-en_2008-02-27-0	ParlaMint-HR_2008-02-27-0.u2935	Minutes of the National Assembly of the Republic of Croatia, Term 6, Session 3	2008-02-27	Unicameralism	6. mandat	-	Zasedanje 3	2008-03-28	-	Reference	English	Chairperson	MP	notMinister	HDZ	Hrvatska demokratska zajednica	Opposition	Centre-right	BebićLuka	Bebić, Luka	M	1937	
ParlaMint-HR-en_2008-02-27-0	ParlaMint-HR_2008-02-27-0.u2936	Minutes of the National Assembly of the Republic of Croatia, Term 6, Session 3	2008-02-27	Unicameralism	6. mandat	-	Zasedanje 3	2008-03-28	-	Reference	English	Regular	MP	notMinister	HDZ	Hrvatska demokratska zajednica	Opposition	Centre-right	PrimoracDragan	Primorac, Dragan	M	1965	
ParlaMint-HR-en_2008-02-27-0	ParlaMint-HR_2008-02-27-0.u2937	Minutes of the National Assembly of the Republic of Croatia, Term 6, Session 3	2008-02-27	Unicameralism	6. mandat	-	Zasedanje 3	2008-03-28	-	Reference	English	Chairperson	MP	notMinister	HDZ	Hrvatska demokratska zajednica	Opposition	Centre-right	BebićLuka	Bebić, Luka	M	1937	
ParlaMint-HR-en_2008-02-27-0	ParlaMint-HR_2008-02-27-0.u2938	Minutes of the National Assembly of the Republic of Croatia, Term 6, Session 3	2008-02-27	Unicameralism	6. mandat	-	Zasedanje 3	2008-03-28	-	Reference	English	Regular	MP	notMinister	SDP	Socijaldemokratska partija Hrvatske	Opposition	Centre-left	KozlevacDino	Kozlevac, Dino	M	1960	
ParlaMint-HR-en_2008-02-27-0	ParlaMint-HR_2008-02-27-0.u2939	Minutes of the National Assembly of the Republic of Croatia, Term 6, Session 3	2008-02-27	Unicameralism	6. mandat	-	Zasedanje 3	2008-03-28	-	Reference	English	Chairperson	MP	notMinister	HDZ	Hrvatska demokratska zajednica	Opposition	Centre-right	BebićLuka	Bebić, Luka	M	1937	
ParlaMint-HR-en_2008-02-27-0	ParlaMint-HR_2008-02-27-0.u2940	Minutes of the National Assembly of the Republic of Croatia, Term 6, Session 3	2008-02-27	Unicameralism	6. mandat	-	Zasedanje 3	2008-03-28	-	Reference	English	Regular	MP	notMinister	HDZ	Hrvatska demokratska zajednica	Opposition	Centre-right	PrimoracDragan	Primorac, Dragan	M	1965	
ParlaMint-HR-en_2008-02-27-0	ParlaMint-HR_2008-02-27-0.u2941	Minutes of the National Assembly of the Republic of Croatia, Term 6, Session 3	2008-02-27	Unicameralism	6. mandat	-	Zasedanje 3	2008-03-28	-	Reference	English	Chairperson	MP	notMinister	HDZ	Hrvatska demokratska zajednica	Opposition	Centre-right	BebićLuka	Bebić, Luka	M	1937	
ParlaMint-HR-en_2008-02-27-0	ParlaMint-HR_2008-02-27-0.u2942	Minutes of the National Assembly of the Republic of Croatia, Term 6, Session 3	2008-02-27	Unicameralism	6. mandat	-	Zasedanje 3	2008-03-28	-	Reference	English	Regular	MP	notMinister	SDP	Socijaldemokratska partija Hrvatske	Opposition	Centre-left	MarasGordan	Maras, Gordan	M	1974	
ParlaMint-HR-en_2008-02-27-0	ParlaMint-HR_2008-02-27-0.u2943	Minutes of the National Assembly of the Republic of Croatia, Term 6, Session 3	2008-02-27	Unicameralism	6. mandat	-	Zasedanje 3	2008-03-28	-	Reference	English	Chairperson	MP	notMinister	HDZ	Hrvatska demokratska zajednica	Opposition	Centre-right	BebićLuka	Bebić, Luka	M	1937	
ParlaMint-HR-en_2008-02-27-0	ParlaMint-HR_2008-02-27-0.u2944	Minutes of the National Assembly of the Republic of Croatia, Term 6, Session 3	2008-02-27	Unicameralism	6. mandat	-	Zasedanje 3	2008-03-28	-	Reference	English	Regular	MP	notMinister	HDZ	Hrvatska demokratska zajednica	Opposition	Centre-right	PrimoracDragan	Primorac, Dragan	M	1965	
ParlaMint-HR-en_2008-02-27-0	ParlaMint-HR_2008-02-27-0.u2945	Minutes of the National Assembly of the Republic of Croatia, Term 6, Session 3	2008-02-27	Unicameralism	6. mandat	-	Zasedanje 3	2008-03-28	-	Reference	English	Regular	MP	notMinister	SDP	Socijaldemokratska partija Hrvatske	Opposition	Centre-left	MarasGordan	Maras, Gordan	M	1974	
ParlaMint-HR-en_2008-02-27-0	ParlaMint-HR_2008-02-27-0.u2946	Minutes of the National Assembly of the Republic of Croatia, Term 6, Session 3	2008-02-27	Unicameralism	6. mandat	-	Zasedanje 3	2008-03-28	-	Reference	English	Chairperson	MP	notMinister	HDZ	Hrvatska demokratska zajednica	Opposition	Centre-right	BebićLuka	Bebić, Luka	M	1937	
ParlaMint-HR-en_2008-02-27-0	ParlaMint-HR_2008-02-27-0.u2947	Minutes of the National Assembly of the Republic of Croatia, Term 6, Session 3	2008-02-27	Unicameralism	6. mandat	-	Zasedanje 3	2008-03-28	-	Reference	English	Regular	MP	notMinister	SDP	Socijaldemokratska partija Hrvatske	Opposition	Centre-left	MarasGordan	Maras, Gordan	M	1974	
ParlaMint-HR-en_2008-02-27-0	ParlaMint-HR_2008-02-27-0.u2948	Minutes of the National Assembly of the Republic of Croatia, Term 6, Session 3	2008-02-27	Unicameralism	6. mandat	-	Zasedanje 3	2008-03-28	-	Reference	English	Chairperson	MP	notMinister	HDZ	Hrvatska demokratska zajednica	Opposition	Centre-right	BebićLuka	Bebić, Luka	M	1937	
ParlaMint-HR-en_2008-02-27-0	ParlaMint-HR_2008-02-27-0.u2949	Minutes of the National Assembly of the Republic of Croatia, Term 6, Session 3	2008-02-27	Unicameralism	6. mandat	-	Zasedanje 3	2008-03-28	-	Reference	English	Regular	MP	notMinister	HDZ	Hrvatska demokratska zajednica	Opposition	Centre-right	PrimoracDragan	Primorac, Dragan	M	1965	
ParlaMint-HR-en_2008-02-27-0	ParlaMint-HR_2008-02-27-0.u2950	Minutes of the National Assembly of the Republic of Croatia, Term 6, Session 3	2008-02-27	Unicameralism	6. mandat	-	Zasedanje 3	2008-03-28	-	Reference	English	Chairperson	MP	notMinister	HDZ	Hrvatska demokratska zajednica	Opposition	Centre-right	BebićLuka	Bebić, Luka	M	1937	
ParlaMint-HR-en_2008-02-27-0	ParlaMint-HR_2008-02-27-0.u2951	Minutes of the National Assembly of the Republic of Croatia, Term 6, Session 3	2008-02-27	Unicameralism	6. mandat	-	Zasedanje 3	2008-03-28	-	Reference	English	Regular	MP	notMinister	SDP	Socijaldemokratska partija Hrvatske	Opposition	Centre-left	MršićZvonimir	Mršić, Zvonimir	M	1966	
ParlaMint-HR-en_2008-02-27-0	ParlaMint-HR_2008-02-27-0.u2952	Minutes of the National Assembly of the Republic of Croatia, Term 6, Session 3	2008-02-27	Unicameralism	6. mandat	-	Zasedanje 3	2008-03-28	-	Reference	English	Chairperson	MP	notMinister	HDZ	Hrvatska demokratska zajednica	Opposition	Centre-right	BebićLuka	Bebić, Luka	M	1937	
ParlaMint-HR-en_2008-02-27-0	ParlaMint-HR_2008-02-27-0.u2953	Minutes of the National Assembly of the Republic of Croatia, Term 6, Session 3	2008-02-27	Unicameralism	6. mandat	-	Zasedanje 3	2008-03-28	-	Reference	English	Regular	MP	notMinister	HDZ	Hrvatska demokratska zajednica	Opposition	Centre-right	PrimoracDragan	Primorac, Dragan	M	1965	
ParlaMint-HR-en_2008-02-27-0	ParlaMint-HR_2008-02-27-0.u2954	Minutes of the National Assembly of the Republic of Croatia, Term 6, Session 3	2008-02-27	Unicameralism	6. mandat	-	Zasedanje 3	2008-03-28	-	Reference	English	Chairperson	MP	notMinister	HDZ	Hrvatska demokratska zajednica	Opposition	Centre-right	BebićLuka	Bebić, Luka	M	1937	
ParlaMint-HR-en_2008-02-27-0	ParlaMint-HR_2008-02-27-0.u2955	Minutes of the National Assembly of the Republic of Croatia, Term 6, Session 3	2008-02-27	Unicameralism	6. mandat	-	Zasedanje 3	2008-03-28	-	Reference	English	Regular	MP	notMinister	SDP	Socijaldemokratska partija Hrvatske	Opposition	Centre-left	LugarićMarija	Lugarić, Marija	F	1978	
ParlaMint-HR-en_2008-02-27-0	ParlaMint-HR_2008-02-27-0.u2956	Minutes of the National Assembly of the Republic of Croatia, Term 6, Session 3	2008-02-27	Unicameralism	6. mandat	-	Zasedanje 3	2008-03-28	-	Reference	English	Regular	MP	notMinister	HDZ	Hrvatska demokratska zajednica	Opposition	Centre-right	PrimoracDragan	Primorac, Dragan	M	1965	
ParlaMint-HR-en_2008-02-27-0	ParlaMint-HR_2008-02-27-0.u2957	Minutes of the National Assembly of the Republic of Croatia, Term 6, Session 3	2008-02-27	Unicameralism	6. mandat	-	Zasedanje 3	2008-03-28	-	Reference	English	Regular	MP	notMinister	SDP	Socijaldemokratska partija Hrvatske	Opposition	Centre-left	LugarićMarija	Lugarić, Marija	F	1978	
ParlaMint-HR-en_2008-02-27-0	ParlaMint-HR_2008-02-27-0.u2958	Minutes of the National Assembly of the Republic of Croatia, Term 6, Session 3	2008-02-27	Unicameralism	6. mandat	-	Zasedanje 3	2008-03-28	-	Reference	English	Chairperson	MP	notMinister	HDZ	Hrvatska demokratska zajednica	Opposition	Centre-right	BebićLuka	Bebić, Luka	M	1937	
ParlaMint-HR-en_2008-02-27-0	ParlaMint-HR_2008-02-27-0.u2959	Minutes of the National Assembly of the Republic of Croatia, Term 6, Session 3	2008-02-27	Unicameralism	6. mandat	-	Zasedanje 3	2008-03-28	-	Reference	English	Regular	MP	notMinister	SDP	Socijaldemokratska partija Hrvatske	Opposition	Centre-left	LugarićMarija	Lugarić, Marija	F	1978	
ParlaMint-HR-en_2008-02-27-0	ParlaMint-HR_2008-02-27-0.u2960	Minutes of the National Assembly of the Republic of Croatia, Term 6, Session 3	2008-02-27	Unicameralism	6. mandat	-	Zasedanje 3	2008-03-28	-	Reference	English	Chairperson	MP	notMinister	HDZ	Hrvatska demokratska zajednica	Opposition	Centre-right	BebićLuka	Bebić, Luka	M	1937	
ParlaMint-HR-en_2008-02-27-0	ParlaMint-HR_2008-02-27-0.u2961	Minutes of the National Assembly of the Republic of Croatia, Term 6, Session 3	2008-02-27	Unicameralism	6. mandat	-	Zasedanje 3	2008-03-28	-	Reference	English	Regular	MP	notMinister	HDZ	Hrvatska demokratska zajednica	Opposition	Centre-right	PrimoracDragan	Primorac, Dragan	M	1965	
ParlaMint-HR-en_2008-02-27-0	ParlaMint-HR_2008-02-27-0.u2962	Minutes of the National Assembly of the Republic of Croatia, Term 6, Session 3	2008-02-27	Unicameralism	6. mandat	-	Zasedanje 3	2008-03-28	-	Reference	English	Chairperson	MP	notMinister	HDZ	Hrvatska demokratska zajednica	Opposition	Centre-right	BebićLuka	Bebić, Luka	M	1937	
ParlaMint-HR-en_2008-02-27-0	ParlaMint-HR_2008-02-27-0.u2963	Minutes of the National Assembly of the Republic of Croatia, Term 6, Session 3	2008-02-27	Unicameralism	6. mandat	-	Zasedanje 3	2008-03-28	-	Reference	English	Regular	MP	notMinister	SDP	Socijaldemokratska partija Hrvatske	Opposition	Centre-left	FlegoGvozdenSrećko	Flego, Gvozden Srećko	M	1946	
ParlaMint-HR-en_2008-02-27-0	ParlaMint-HR_2008-02-27-0.u2964	Minutes of the National Assembly of the Republic of Croatia, Term 6, Session 3	2008-02-27	Unicameralism	6. mandat	-	Zasedanje 3	2008-03-28	-	Reference	English	Chairperson	MP	notMinister	HDZ	Hrvatska demokratska zajednica	Opposition	Centre-right	BebićLuka	Bebić, Luka	M	1937	
ParlaMint-HR-en_2008-02-27-0	ParlaMint-HR_2008-02-27-0.u2965	Minutes of the National Assembly of the Republic of Croatia, Term 6, Session 3	2008-02-27	Unicameralism	6. mandat	-	Zasedanje 3	2008-03-28	-	Reference	English	Regular	MP	notMinister	HDZ	Hrvatska demokratska zajednica	Opposition	Centre-right	PrimoracDragan	Primorac, Dragan	M	1965	
ParlaMint-HR-en_2008-02-27-0	ParlaMint-HR_2008-02-27-0.u2966	Minutes of the National Assembly of the Republic of Croatia, Term 6, Session 3	2008-02-27	Unicameralism	6. mandat	-	Zasedanje 3	2008-03-28	-	Reference	English	Chairperson	MP	notMinister	HDZ	Hrvatska demokratska zajednica	Opposition	Centre-right	BebićLuka	Bebić, Luka	M	1937	
ParlaMint-HR-en_2008-02-27-0	ParlaMint-HR_2008-02-27-0.u2967	Minutes of the National Assembly of the Republic of Croatia, Term 6, Session 3	2008-02-27	Unicameralism	6. mandat	-	Zasedanje 3	2008-03-28	-	Reference	English	Regular	MP	notMinister	SDP	Socijaldemokratska partija Hrvatske	Opposition	Centre-left	MršićZvonimir	Mršić, Zvonimir	M	1966	
ParlaMint-HR-en_2008-02-27-0	ParlaMint-HR_2008-02-27-0.u2968	Minutes of the National Assembly of the Republic of Croatia, Term 6, Session 3	2008-02-27	Unicameralism	6. mandat	-	Zasedanje 3	2008-03-28	-	Reference	English	Chairperson	MP	notMinister	HDZ	Hrvatska demokratska zajednica	Opposition	Centre-right	BebićLuka	Bebić, Luka	M	1937	
ParlaMint-HR-en_2008-02-27-0	ParlaMint-HR_2008-02-27-0.u2969	Minutes of the National Assembly of the Republic of Croatia, Term 6, Session 3	2008-02-27	Unicameralism	6. mandat	-	Zasedanje 3	2008-03-28	-	Reference	English	Regular	MP	notMinister	HDZ	Hrvatska demokratska zajednica	Opposition	Centre-right	PrimoracDragan	Primorac, Dragan	M	1965	
ParlaMint-HR-en_2008-02-27-0	ParlaMint-HR_2008-02-27-0.u2970	Minutes of the National Assembly of the Republic of Croatia, Term 6, Session 3	2008-02-27	Unicameralism	6. mandat	-	Zasedanje 3	2008-03-28	-	Reference	English	Chairperson	MP	notMinister	HDZ	Hrvatska demokratska zajednica	Opposition	Centre-right	BebićLuka	Bebić, Luka	M	1937	
ParlaMint-HR-en_2008-02-27-0	ParlaMint-HR_2008-02-27-0.u2971	Minutes of the National Assembly of the Republic of Croatia, Term 6, Session 3	2008-02-27	Unicameralism	6. mandat	-	Zasedanje 3	2008-03-28	-	Reference	English	Regular	MP	notMinister	nezavisni	nezavisni	-	-	HorvatZlatko	Horvat, Zlatko	M	1948	
ParlaMint-HR-en_2008-02-27-0	ParlaMint-HR_2008-02-27-0.u2972	Minutes of the National Assembly of the Republic of Croatia, Term 6, Session 3	2008-02-27	Unicameralism	6. mandat	-	Zasedanje 3	2008-03-28	-	Reference	English	Chairperson	MP	notMinister	HDZ	Hrvatska demokratska zajednica	Opposition	Centre-right	BebićLuka	Bebić, Luka	M	1937	
ParlaMint-HR-en_2008-02-27-0	ParlaMint-HR_2008-02-27-0.u2973	Minutes of the National Assembly of the Republic of Croatia, Term 6, Session 3	2008-02-27	Unicameralism	6. mandat	-	Zasedanje 3	2008-03-28	-	Reference	English	Regular	MP	notMinister	HDZ	Hrvatska demokratska zajednica	Opposition	Centre-right	PrimoracDragan	Primorac, Dragan	M	1965	
ParlaMint-HR-en_2008-02-27-0	ParlaMint-HR_2008-02-27-0.u2974	Minutes of the National Assembly of the Republic of Croatia, Term 6, Session 3	2008-02-27	Unicameralism	6. mandat	-	Zasedanje 3	2008-03-28	-	Reference	English	Chairperson	MP	notMinister	HDZ	Hrvatska demokratska zajednica	Opposition	Centre-right	BebićLuka	Bebić, Luka	M	1937	
ParlaMint-HR-en_2008-02-27-0	ParlaMint-HR_2008-02-27-0.u2975	Minutes of the National Assembly of the Republic of Croatia, Term 6, Session 3	2008-02-27	Unicameralism	6. mandat	-	Zasedanje 3	2008-03-28	-	Reference	English	Regular	MP	notMinister	SDP	Socijaldemokratska partija Hrvatske	Opposition	Centre-left	LugarićMarija	Lugarić, Marija	F	1978	
ParlaMint-HR-en_2008-02-27-0	ParlaMint-HR_2008-02-27-0.u2976	Minutes of the National Assembly of the Republic of Croatia, Term 6, Session 3	2008-02-27	Unicameralism	6. mandat	-	Zasedanje 3	2008-03-28	-	Reference	English	Chairperson	MP	notMinister	HDZ	Hrvatska demokratska zajednica	Opposition	Centre-right	BebićLuka	Bebić, Luka	M	1937	
ParlaMint-HR-en_2008-02-27-0	ParlaMint-HR_2008-02-27-0.u2977	Minutes of the National Assembly of the Republic of Croatia, Term 6, Session 3	2008-02-27	Unicameralism	6. mandat	-	Zasedanje 3	2008-03-28	-	Reference	English	Regular	MP	notMinister	HDZ	Hrvatska demokratska zajednica	Opposition	Centre-right	PrimoracDragan	Primorac, Dragan	M	1965	
ParlaMint-HR-en_2008-02-27-0	ParlaMint-HR_2008-02-27-0.u2978	Minutes of the National Assembly of the Republic of Croatia, Term 6, Session 3	2008-02-27	Unicameralism	6. mandat	-	Zasedanje 3	2008-03-28	-	Reference	English	Chairperson	MP	notMinister	HDZ	Hrvatska demokratska zajednica	Opposition	Centre-right	BebićLuka	Bebić, Luka	M	1937	
ParlaMint-HR-en_2008-02-27-0	ParlaMint-HR_2008-02-27-0.u2979	Minutes of the National Assembly of the Republic of Croatia, Term 6, Session 3	2008-02-27	Unicameralism	6. mandat	-	Zasedanje 3	2008-03-28	-	Reference	English	Regular	MP	notMinister	SDP	Socijaldemokratska partija Hrvatske	Opposition	Centre-left	MršićZvonimir	Mršić, Zvonimir	M	1966	
ParlaMint-HR-en_2008-02-27-0	ParlaMint-HR_2008-02-27-0.u2980	Minutes of the National Assembly of the Republic of Croatia, Term 6, Session 3	2008-02-27	Unicameralism	6. mandat	-	Zasedanje 3	2008-03-28	-	Reference	English	Regular	MP	notMinister	HDZ	Hrvatska demokratska zajednica	Opposition	Centre-right	PrimoracDragan	Primorac, Dragan	M	1965	
ParlaMint-HR-en_2008-02-27-0	ParlaMint-HR_2008-02-27-0.u2981	Minutes of the National Assembly of the Republic of Croatia, Term 6, Session 3	2008-02-27	Unicameralism	6. mandat	-	Zasedanje 3	2008-03-28	-	Reference	English	Regular	MP	notMinister	SDP	Socijaldemokratska partija Hrvatske	Opposition	Centre-left	MršićZvonimir	Mršić, Zvonimir	M	1966	
ParlaMint-HR-en_2008-02-27-0	ParlaMint-HR_2008-02-27-0.u2982	Minutes of the National Assembly of the Republic of Croatia, Term 6, Session 3	2008-02-27	Unicameralism	6. mandat	-	Zasedanje 3	2008-03-28	-	Reference	English	Regular	MP	notMinister	HDZ	Hrvatska demokratska zajednica	Opposition	Centre-right	PrimoracDragan	Primorac, Dragan	M	1965	
ParlaMint-HR-en_2008-02-27-0	ParlaMint-HR_2008-02-27-0.u2983	Minutes of the National Assembly of the Republic of Croatia, Term 6, Session 3	2008-02-27	Unicameralism	6. mandat	-	Zasedanje 3	2008-03-28	-	Reference	English	Regular	MP	notMinister	SDP	Socijaldemokratska partija Hrvatske	Opposition	Centre-left	MršićZvonimir	Mršić, Zvonimir	M	1966	
ParlaMint-HR-en_2008-02-27-0	ParlaMint-HR_2008-02-27-0.u2984	Minutes of the National Assembly of the Republic of Croatia, Term 6, Session 3	2008-02-27	Unicameralism	6. mandat	-	Zasedanje 3	2008-03-28	-	Reference	English	Regular	MP	notMinister	HDZ	Hrvatska demokratska zajednica	Opposition	Centre-right	PrimoracDragan	Primorac, Dragan	M	1965	
ParlaMint-HR-en_2008-02-27-0	ParlaMint-HR_2008-02-27-0.u2985	Minutes of the National Assembly of the Republic of Croatia, Term 6, Session 3	2008-02-27	Unicameralism	6. mandat	-	Zasedanje 3	2008-03-28	-	Reference	English	Regular	MP	notMinister	SDP	Socijaldemokratska partija Hrvatske	Opposition	Centre-left	MršićZvonimir	Mršić, Zvonimir	M	1966	
ParlaMint-HR-en_2008-02-27-0	ParlaMint-HR_2008-02-27-0.u2986	Minutes of the National Assembly of the Republic of Croatia, Term 6, Session 3	2008-02-27	Unicameralism	6. mandat	-	Zasedanje 3	2008-03-28	-	Reference	English	Chairperson	MP	notMinister	HDZ	Hrvatska demokratska zajednica	Opposition	Centre-right	BebićLuka	Bebić, Luka	M	1937	
ParlaMint-HR-en_2008-02-27-0	ParlaMint-HR_2008-02-27-0.u2987	Minutes of the National Assembly of the Republic of Croatia, Term 6, Session 3	2008-02-27	Unicameralism	6. mandat	-	Zasedanje 3	2008-03-28	-	Reference	English	Regular	MP	notMinister	SDP	Socijaldemokratska partija Hrvatske	Opposition	Centre-left	MršićZvonimir	Mršić, Zvonimir	M	1966	
ParlaMint-HR-en_2008-02-27-0	ParlaMint-HR_2008-02-27-0.u2988	Minutes of the National Assembly of the Republic of Croatia, Term 6, Session 3	2008-02-27	Unicameralism	6. mandat	-	Zasedanje 3	2008-03-28	-	Reference	English	Chairperson	MP	notMinister	HDZ	Hrvatska demokratska zajednica	Opposition	Centre-right	BebićLuka	Bebić, Luka	M	1937	
ParlaMint-HR-en_2008-02-27-0	ParlaMint-HR_2008-02-27-0.u2989	Minutes of the National Assembly of the Republic of Croatia, Term 6, Session 3	2008-02-27	Unicameralism	6. mandat	-	Zasedanje 3	2008-03-28	-	Reference	English	Regular	MP	notMinister	HDZ	Hrvatska demokratska zajednica	Opposition	Centre-right	PrimoracDragan	Primorac, Dragan	M	1965	
ParlaMint-HR-en_2008-02-27-0	ParlaMint-HR_2008-02-27-0.u2990	Minutes of the National Assembly of the Republic of Croatia, Term 6, Session 3	2008-02-27	Unicameralism	6. mandat	-	Zasedanje 3	2008-03-28	-	Reference	English	Chairperson	MP	notMinister	HDZ	Hrvatska demokratska zajednica	Opposition	Centre-right	BebićLuka	Bebić, Luka	M	1937	
ParlaMint-HR-en_2008-02-27-0	ParlaMint-HR_2008-02-27-0.u2991	Minutes of the National Assembly of the Republic of Croatia, Term 6, Session 3	2008-02-27	Unicameralism	6. mandat	-	Zasedanje 3	2008-03-28	-	Reference	English	Regular	MP	notMinister	IDS	Istarski demokratski sabor	Opposition	Centre to centre-left	BrkarićMarin	Brkarić, Marin	M	1955	
ParlaMint-HR-en_2008-02-27-0	ParlaMint-HR_2008-02-27-0.u2992	Minutes of the National Assembly of the Republic of Croatia, Term 6, Session 3	2008-02-27	Unicameralism	6. mandat	-	Zasedanje 3	2008-03-28	-	Reference	English	Chairperson	MP	notMinister	HDZ	Hrvatska demokratska zajednica	Opposition	Centre-right	BebićLuka	Bebić, Luka	M	1937	
ParlaMint-HR-en_2008-02-27-0	ParlaMint-HR_2008-02-27-0.u2993	Minutes of the National Assembly of the Republic of Croatia, Term 6, Session 3	2008-02-27	Unicameralism	6. mandat	-	Zasedanje 3	2008-03-28	-	Reference	English	Regular	MP	notMinister	HDZ	Hrvatska demokratska zajednica	Opposition	Centre-right	PrimoracDragan	Primorac, Dragan	M	1965	
ParlaMint-HR-en_2008-02-27-0	ParlaMint-HR_2008-02-27-0.u2994	Minutes of the National Assembly of the Republic of Croatia, Term 6, Session 3	2008-02-27	Unicameralism	6. mandat	-	Zasedanje 3	2008-03-28	-	Reference	English	Chairperson	MP	notMinister	HDZ	Hrvatska demokratska zajednica	Opposition	Centre-right	BebićLuka	Bebić, Luka	M	1937	
ParlaMint-HR-en_2008-02-27-0	ParlaMint-HR_2008-02-27-0.u2995	Minutes of the National Assembly of the Republic of Croatia, Term 6, Session 3	2008-02-27	Unicameralism	6. mandat	-	Zasedanje 3	2008-03-28	-	Reference	English	Regular	MP	notMinister	IDS	Istarski demokratski sabor	Opposition	Centre to centre-left	MiletićBoris	Miletić, Boris	M	1975	
ParlaMint-HR-en_2008-02-27-0	ParlaMint-HR_2008-02-27-0.u2996	Minutes of the National Assembly of the Republic of Croatia, Term 6, Session 3	2008-02-27	Unicameralism	6. mandat	-	Zasedanje 3	2008-03-28	-	Reference	English	Chairperson	MP	notMinister	HDZ	Hrvatska demokratska zajednica	Opposition	Centre-right	BebićLuka	Bebić, Luka	M	1937	
ParlaMint-HR-en_2008-02-27-0	ParlaMint-HR_2008-02-27-0.u2997	Minutes of the National Assembly of the Republic of Croatia, Term 6, Session 3	2008-02-27	Unicameralism	6. mandat	-	Zasedanje 3	2008-03-28	-	Reference	English	Regular	MP	notMinister	HDZ	Hrvatska demokratska zajednica	Opposition	Centre-right	PrimoracDragan	Primorac, Dragan	M	1965	
ParlaMint-HR-en_2008-02-27-0	ParlaMint-HR_2008-02-27-0.u2998	Minutes of the National Assembly of the Republic of Croatia, Term 6, Session 3	2008-02-27	Unicameralism	6. mandat	-	Zasedanje 3	2008-03-28	-	Reference	English	Chairperson	MP	notMinister	HDZ	Hrvatska demokratska zajednica	Opposition	Centre-right	BebićLuka	Bebić, Luka	M	1937	
ParlaMint-HR-en_2008-02-27-0	ParlaMint-HR_2008-02-27-0.u2999	Minutes of the National Assembly of the Republic of Croatia, Term 6, Session 3	2008-02-27	Unicameralism	6. mandat	-	Zasedanje 3	2008-03-28	-	Reference	English	Regular	MP	notMinister	SDP	Socijaldemokratska partija Hrvatske	Opposition	Centre-left	LugarićMarija	Lugarić, Marija	F	1978	
ParlaMint-HR-en_2008-02-27-0	ParlaMint-HR_2008-02-27-0.u3000	Minutes of the National Assembly of the Republic of Croatia, Term 6, Session 3	2008-02-27	Unicameralism	6. mandat	-	Zasedanje 3	2008-03-28	-	Reference	English	Chairperson	MP	notMinister	HDZ	Hrvatska demokratska zajednica	Opposition	Centre-right	BebićLuka	Bebić, Luka	M	1937	
ParlaMint-HR-en_2008-02-27-0	ParlaMint-HR_2008-02-27-0.u3001	Minutes of the National Assembly of the Republic of Croatia, Term 6, Session 3	2008-02-27	Unicameralism	6. mandat	-	Zasedanje 3	2008-03-28	-	Reference	English	Regular	MP	notMinister	HDZ	Hrvatska demokratska zajednica	Opposition	Centre-right	PrimoracDragan	Primorac, Dragan	M	1965	
ParlaMint-HR-en_2008-02-27-0	ParlaMint-HR_2008-02-27-0.u3002	Minutes of the National Assembly of the Republic of Croatia, Term 6, Session 3	2008-02-27	Unicameralism	6. mandat	-	Zasedanje 3	2008-03-28	-	Reference	English	Chairperson	MP	notMinister	HDZ	Hrvatska demokratska zajednica	Opposition	Centre-right	BebićLuka	Bebić, Luka	M	1937	
ParlaMint-HR-en_2008-02-27-0	ParlaMint-HR_2008-02-27-0.u3003	Minutes of the National Assembly of the Republic of Croatia, Term 6, Session 3	2008-02-27	Unicameralism	6. mandat	-	Zasedanje 3	2008-03-28	-	Reference	English	Regular	MP	notMinister	SDP	Socijaldemokratska partija Hrvatske	Opposition	Centre-left	LugarićMarija	Lugarić, Marija	F	1978	
ParlaMint-HR-en_2008-02-27-0	ParlaMint-HR_2008-02-27-0.u3004	Minutes of the National Assembly of the Republic of Croatia, Term 6, Session 3	2008-02-27	Unicameralism	6. mandat	-	Zasedanje 3	2008-03-28	-	Reference	English	Chairperson	MP	notMinister	HDZ	Hrvatska demokratska zajednica	Opposition	Centre-right	BebićLuka	Bebić, Luka	M	1937	
ParlaMint-HR-en_2008-02-27-0	ParlaMint-HR_2008-02-27-0.u3005	Minutes of the National Assembly of the Republic of Croatia, Term 6, Session 3	2008-02-27	Unicameralism	6. mandat	-	Zasedanje 3	2008-03-28	-	Reference	English	Regular	MP	notMinister	HDZ	Hrvatska demokratska zajednica	Opposition	Centre-right	PrimoracDragan	Primorac, Dragan	M	1965	
ParlaMint-HR-en_2008-02-27-0	ParlaMint-HR_2008-02-27-0.u3006	Minutes of the National Assembly of the Republic of Croatia, Term 6, Session 3	2008-02-27	Unicameralism	6. mandat	-	Zasedanje 3	2008-03-28	-	Reference	English	Chairperson	MP	notMinister	HDZ	Hrvatska demokratska zajednica	Opposition	Centre-right	BebićLuka	Bebić, Luka	M	1937	
ParlaMint-HR-en_2008-02-27-0	ParlaMint-HR_2008-02-27-0.u3007	Minutes of the National Assembly of the Republic of Croatia, Term 6, Session 3	2008-02-27	Unicameralism	6. mandat	-	Zasedanje 3	2008-03-28	-	Reference	English	Regular	MP	notMinister	SDP	Socijaldemokratska partija Hrvatske	Opposition	Centre-left	LugarićMarija	Lugarić, Marija	F	1978	
ParlaMint-HR-en_2008-02-27-0	ParlaMint-HR_2008-02-27-0.u3008	Minutes of the National Assembly of the Republic of Croatia, Term 6, Session 3	2008-02-27	Unicameralism	6. mandat	-	Zasedanje 3	2008-03-28	-	Reference	English	Regular	MP	notMinister	HDZ	Hrvatska demokratska zajednica	Opposition	Centre-right	PrimoracDragan	Primorac, Dragan	M	1965	
ParlaMint-HR-en_2008-02-27-0	ParlaMint-HR_2008-02-27-0.u3009	Minutes of the National Assembly of the Republic of Croatia, Term 6, Session 3	2008-02-27	Unicameralism	6. mandat	-	Zasedanje 3	2008-03-28	-	Reference	English	Regular	MP	notMinister	SDP	Socijaldemokratska partija Hrvatske	Opposition	Centre-left	LugarićMarija	Lugarić, Marija	F	1978	
ParlaMint-HR-en_2008-02-27-0	ParlaMint-HR_2008-02-27-0.u3010	Minutes of the National Assembly of the Republic of Croatia, Term 6, Session 3	2008-02-27	Unicameralism	6. mandat	-	Zasedanje 3	2008-03-28	-	Reference	English	Chairperson	MP	notMinister	HDZ	Hrvatska demokratska zajednica	Opposition	Centre-right	BebićLuka	Bebić, Luka	M	1937	
ParlaMint-HR-en_2008-02-27-0	ParlaMint-HR_2008-02-27-0.u3011	Minutes of the National Assembly of the Republic of Croatia, Term 6, Session 3	2008-02-27	Unicameralism	6. mandat	-	Zasedanje 3	2008-03-28	-	Reference	English	Regular	MP	notMinister	SDP	Socijaldemokratska partija Hrvatske	Opposition	Centre-left	LugarićMarija	Lugarić, Marija	F	1978	
ParlaMint-HR-en_2008-02-27-0	ParlaMint-HR_2008-02-27-0.u3012	Minutes of the National Assembly of the Republic of Croatia, Term 6, Session 3	2008-02-27	Unicameralism	6. mandat	-	Zasedanje 3	2008-03-28	-	Reference	English	Chairperson	MP	notMinister	HDZ	Hrvatska demokratska zajednica	Opposition	Centre-right	BebićLuka	Bebić, Luka	M	1937	
ParlaMint-HR-en_2008-02-27-0	ParlaMint-HR_2008-02-27-0.u3013	Minutes of the National Assembly of the Republic of Croatia, Term 6, Session 3	2008-02-27	Unicameralism	6. mandat	-	Zasedanje 3	2008-03-28	-	Reference	English	Regular	MP	notMinister	HDZ	Hrvatska demokratska zajednica	Opposition	Centre-right	PrimoracDragan	Primorac, Dragan	M	1965	
ParlaMint-HR-en_2008-02-27-0	ParlaMint-HR_2008-02-27-0.u3014	Minutes of the National Assembly of the Republic of Croatia, Term 6, Session 3	2008-02-27	Unicameralism	6. mandat	-	Zasedanje 3	2008-03-28	-	Reference	English	Chairperson	MP	notMinister	HDZ	Hrvatska demokratska zajednica	Opposition	Centre-right	BebićLuka	Bebić, Luka	M	1937	
ParlaMint-HR-en_2008-02-27-0	ParlaMint-HR_2008-02-27-0.u3015	Minutes of the National Assembly of the Republic of Croatia, Term 6, Session 3	2008-02-27	Unicameralism	6. mandat	-	Zasedanje 3	2008-03-28	-	Reference	English	Regular	MP	notMinister	SDP	Socijaldemokratska partija Hrvatske	Opposition	Centre-left	LugarićMarija	Lugarić, Marija	F	1978	
ParlaMint-HR-en_2008-02-27-0	ParlaMint-HR_2008-02-27-0.u3016	Minutes of the National Assembly of the Republic of Croatia, Term 6, Session 3	2008-02-27	Unicameralism	6. mandat	-	Zasedanje 3	2008-03-28	-	Reference	English	Regular	MP	notMinister	HDZ	Hrvatska demokratska zajednica	Opposition	Centre-right	PrimoracDragan	Primorac, Dragan	M	1965	
ParlaMint-HR-en_2008-02-27-0	ParlaMint-HR_2008-02-27-0.u3017	Minutes of the National Assembly of the Republic of Croatia, Term 6, Session 3	2008-02-27	Unicameralism	6. mandat	-	Zasedanje 3	2008-03-28	-	Reference	English	Regular	MP	notMinister	SDP	Socijaldemokratska partija Hrvatske	Opposition	Centre-left	LugarićMarija	Lugarić, Marija	F	1978	
ParlaMint-HR-en_2008-02-27-0	ParlaMint-HR_2008-02-27-0.u3018	Minutes of the National Assembly of the Republic of Croatia, Term 6, Session 3	2008-02-27	Unicameralism	6. mandat	-	Zasedanje 3	2008-03-28	-	Reference	English	Chairperson	MP	notMinister	HDZ	Hrvatska demokratska zajednica	Opposition	Centre-right	BebićLuka	Bebić, Luka	M	1937	
ParlaMint-HR-en_2008-02-27-0	ParlaMint-HR_2008-02-27-0.u3019	Minutes of the National Assembly of the Republic of Croatia, Term 6, Session 3	2008-02-27	Unicameralism	6. mandat	-	Zasedanje 3	2008-03-28	-	Reference	English	Regular	MP	notMinister	HDZ	Hrvatska demokratska zajednica	Opposition	Centre-right	PrimoracDragan	Primorac, Dragan	M	1965	
ParlaMint-HR-en_2008-02-27-0	ParlaMint-HR_2008-02-27-0.u3020	Minutes of the National Assembly of the Republic of Croatia, Term 6, Session 3	2008-02-27	Unicameralism	6. mandat	-	Zasedanje 3	2008-03-28	-	Reference	English	Chairperson	MP	notMinister	HDZ	Hrvatska demokratska zajednica	Opposition	Centre-right	BebićLuka	Bebić, Luka	M	1937	
ParlaMint-HR-en_2008-02-27-0	ParlaMint-HR_2008-02-27-0.u3021	Minutes of the National Assembly of the Republic of Croatia, Term 6, Session 3	2008-02-27	Unicameralism	6. mandat	-	Zasedanje 3	2008-03-28	-	Reference	English	Regular	MP	notMinister	SDP	Socijaldemokratska partija Hrvatske	Opposition	Centre-left	LugarićMarija	Lugarić, Marija	F	1978	
ParlaMint-HR-en_2008-02-27-0	ParlaMint-HR_2008-02-27-0.u3022	Minutes of the National Assembly of the Republic of Croatia, Term 6, Session 3	2008-02-27	Unicameralism	6. mandat	-	Zasedanje 3	2008-03-28	-	Reference	English	Chairperson	MP	notMinister	HDZ	Hrvatska demokratska zajednica	Opposition	Centre-right	BebićLuka	Bebić, Luka	M	1937	
ParlaMint-HR-en_2008-02-27-0	ParlaMint-HR_2008-02-27-0.u3023	Minutes of the National Assembly of the Republic of Croatia, Term 6, Session 3	2008-02-27	Unicameralism	6. mandat	-	Zasedanje 3	2008-03-28	-	Reference	English	Regular	MP	notMinister	HDZ	Hrvatska demokratska zajednica	Opposition	Centre-right	PrimoracDragan	Primorac, Dragan	M	1965	
ParlaMint-HR-en_2008-02-27-0	ParlaMint-HR_2008-02-27-0.u3024	Minutes of the National Assembly of the Republic of Croatia, Term 6, Session 3	2008-02-27	Unicameralism	6. mandat	-	Zasedanje 3	2008-03-28	-	Reference	English	Chairperson	MP	notMinister	HDZ	Hrvatska demokratska zajednica	Opposition	Centre-right	BebićLuka	Bebić, Luka	M	1937	
ParlaMint-HR-en_2008-02-27-0	ParlaMint-HR_2008-02-27-0.u3025	Minutes of the National Assembly of the Republic of Croatia, Term 6, Session 3	2008-02-27	Unicameralism	6. mandat	-	Zasedanje 3	2008-03-28	-	Reference	English	Regular	MP	notMinister	SDP	Socijaldemokratska partija Hrvatske	Opposition	Centre-left	MršićZvonimir	Mršić, Zvonimir	M	1966	
ParlaMint-HR-en_2008-02-27-0	ParlaMint-HR_2008-02-27-0.u3026	Minutes of the National Assembly of the Republic of Croatia, Term 6, Session 3	2008-02-27	Unicameralism	6. mandat	-	Zasedanje 3	2008-03-28	-	Reference	English	Chairperson	MP	notMinister	HDZ	Hrvatska demokratska zajednica	Opposition	Centre-right	BebićLuka	Bebić, Luka	M	1937	
ParlaMint-HR-en_2008-02-27-0	ParlaMint-HR_2008-02-27-0.u3027	Minutes of the National Assembly of the Republic of Croatia, Term 6, Session 3	2008-02-27	Unicameralism	6. mandat	-	Zasedanje 3	2008-03-28	-	Reference	English	Regular	MP	notMinister	HDZ	Hrvatska demokratska zajednica	Opposition	Centre-right	PrimoracDragan	Primorac, Dragan	M	1965	
ParlaMint-HR-en_2008-02-27-0	ParlaMint-HR_2008-02-27-0.u3028	Minutes of the National Assembly of the Republic of Croatia, Term 6, Session 3	2008-02-27	Unicameralism	6. mandat	-	Zasedanje 3	2008-03-28	-	Reference	English	Chairperson	MP	notMinister	HDZ	Hrvatska demokratska zajednica	Opposition	Centre-right	BebićLuka	Bebić, Luka	M	1937	
ParlaMint-HR-en_2008-02-27-0	ParlaMint-HR_2008-02-27-0.u3029	Minutes of the National Assembly of the Republic of Croatia, Term 6, Session 3	2008-02-27	Unicameralism	6. mandat	-	Zasedanje 3	2008-03-28	-	Reference	English	Regular	MP	notMinister	SDP	Socijaldemokratska partija Hrvatske	Opposition	Centre-left	LugarićMarija	Lugarić, Marija	F	1978	
ParlaMint-HR-en_2008-02-27-0	ParlaMint-HR_2008-02-27-0.u3030	Minutes of the National Assembly of the Republic of Croatia, Term 6, Session 3	2008-02-27	Unicameralism	6. mandat	-	Zasedanje 3	2008-03-28	-	Reference	English	Chairperson	MP	notMinister	HDZ	Hrvatska demokratska zajednica	Opposition	Centre-right	BebićLuka	Bebić, Luka	M	1937	
ParlaMint-HR-en_2008-02-27-0	ParlaMint-HR_2008-02-27-0.u3031	Minutes of the National Assembly of the Republic of Croatia, Term 6, Session 3	2008-02-27	Unicameralism	6. mandat	-	Zasedanje 3	2008-03-28	-	Reference	English	Regular	MP	notMinister	HDZ	Hrvatska demokratska zajednica	Opposition	Centre-right	PrimoracDragan	Primorac, Dragan	M	1965	
ParlaMint-HR-en_2008-02-27-0	ParlaMint-HR_2008-02-27-0.u3032	Minutes of the National Assembly of the Republic of Croatia, Term 6, Session 3	2008-02-27	Unicameralism	6. mandat	-	Zasedanje 3	2008-03-28	-	Reference	English	Chairperson	MP	notMinister	HDZ	Hrvatska demokratska zajednica	Opposition	Centre-right	BebićLuka	Bebić, Luka	M	1937	
ParlaMint-HR-en_2008-02-27-0	ParlaMint-HR_2008-02-27-0.u3033	Minutes of the National Assembly of the Republic of Croatia, Term 6, Session 3	2008-02-27	Unicameralism	6. mandat	-	Zasedanje 3	2008-03-28	-	Reference	English	Regular	MP	notMinister	SDP	Socijaldemokratska partija Hrvatske	Opposition	Centre-left	LugarićMarija	Lugarić, Marija	F	1978	
ParlaMint-HR-en_2008-02-27-0	ParlaMint-HR_2008-02-27-0.u3034	Minutes of the National Assembly of the Republic of Croatia, Term 6, Session 3	2008-02-27	Unicameralism	6. mandat	-	Zasedanje 3	2008-03-28	-	Reference	English	Chairperson	MP	notMinister	HDZ	Hrvatska demokratska zajednica	Opposition	Centre-right	BebićLuka	Bebić, Luka	M	1937	
ParlaMint-HR-en_2008-02-27-0	ParlaMint-HR_2008-02-27-0.u3035	Minutes of the National Assembly of the Republic of Croatia, Term 6, Session 3	2008-02-27	Unicameralism	6. mandat	-	Zasedanje 3	2008-03-28	-	Reference	English	Regular	MP	notMinister	HDZ	Hrvatska demokratska zajednica	Opposition	Centre-right	PrimoracDragan	Primorac, Dragan	M	1965	
ParlaMint-HR-en_2008-02-27-0	ParlaMint-HR_2008-02-27-0.u3036	Minutes of the National Assembly of the Republic of Croatia, Term 6, Session 3	2008-02-27	Unicameralism	6. mandat	-	Zasedanje 3	2008-03-28	-	Reference	English	Chairperson	MP	notMinister	HDZ	Hrvatska demokratska zajednica	Opposition	Centre-right	BebićLuka	Bebić, Luka	M	1937	
ParlaMint-HR-en_2008-02-27-0	ParlaMint-HR_2008-02-27-0.u3037	Minutes of the National Assembly of the Republic of Croatia, Term 6, Session 3	2008-02-27	Unicameralism	6. mandat	-	Zasedanje 3	2008-03-28	-	Reference	English	Regular	MP	notMinister	SDP	Socijaldemokratska partija Hrvatske	Opposition	Centre-left	LugarićMarija	Lugarić, Marija	F	1978	
ParlaMint-HR-en_2008-02-27-0	ParlaMint-HR_2008-02-27-0.u3038	Minutes of the National Assembly of the Republic of Croatia, Term 6, Session 3	2008-02-27	Unicameralism	6. mandat	-	Zasedanje 3	2008-03-28	-	Reference	English	Chairperson	MP	notMinister	HDZ	Hrvatska demokratska zajednica	Opposition	Centre-right	BebićLuka	Bebić, Luka	M	1937	
ParlaMint-HR-en_2008-02-27-0	ParlaMint-HR_2008-02-27-0.u3039	Minutes of the National Assembly of the Republic of Croatia, Term 6, Session 3	2008-02-27	Unicameralism	6. mandat	-	Zasedanje 3	2008-03-28	-	Reference	English	Regular	MP	notMinister	HDZ	Hrvatska demokratska zajednica	Opposition	Centre-right	PrimoracDragan	Primorac, Dragan	M	1965	
ParlaMint-HR-en_2008-02-27-0	ParlaMint-HR_2008-02-27-0.u3040	Minutes of the National Assembly of the Republic of Croatia, Term 6, Session 3	2008-02-27	Unicameralism	6. mandat	-	Zasedanje 3	2008-03-28	-	Reference	English	Chairperson	MP	notMinister	HDZ	Hrvatska demokratska zajednica	Opposition	Centre-right	BebićLuka	Bebić, Luka	M	1937	
ParlaMint-HR-en_2008-02-27-0	ParlaMint-HR_2008-02-27-0.u3041	Minutes of the National Assembly of the Republic of Croatia, Term 6, Session 3	2008-02-27	Unicameralism	6. mandat	-	Zasedanje 3	2008-03-28	-	Reference	English	Regular	MP	notMinister	SDP	Socijaldemokratska partija Hrvatske	Opposition	Centre-left	SobolGordana	Sobol, Gordana	F	1961	
ParlaMint-HR-en_2008-02-27-0	ParlaMint-HR_2008-02-27-0.u3042	Minutes of the National Assembly of the Republic of Croatia, Term 6, Session 3	2008-02-27	Unicameralism	6. mandat	-	Zasedanje 3	2008-03-28	-	Reference	English	Chairperson	MP	notMinister	HDZ	Hrvatska demokratska zajednica	Opposition	Centre-right	BebićLuka	Bebić, Luka	M	1937	
ParlaMint-HR-en_2008-02-27-0	ParlaMint-HR_2008-02-27-0.u3043	Minutes of the National Assembly of the Republic of Croatia, Term 6, Session 3	2008-02-27	Unicameralism	6. mandat	-	Zasedanje 3	2008-03-28	-	Reference	English	Regular	MP	notMinister	HDZ	Hrvatska demokratska zajednica	Opposition	Centre-right	PrimoracDragan	Primorac, Dragan	M	1965	
ParlaMint-HR-en_2008-02-27-0	ParlaMint-HR_2008-02-27-0.u3044	Minutes of the National Assembly of the Republic of Croatia, Term 6, Session 3	2008-02-27	Unicameralism	6. mandat	-	Zasedanje 3	2008-03-28	-	Reference	English	Chairperson	MP	notMinister	HDZ	Hrvatska demokratska zajednica	Opposition	Centre-right	BebićLuka	Bebić, Luka	M	1937	
ParlaMint-HR-en_2008-02-27-0	ParlaMint-HR_2008-02-27-0.u3045	Minutes of the National Assembly of the Republic of Croatia, Term 6, Session 3	2008-02-27	Unicameralism	6. mandat	-	Zasedanje 3	2008-03-28	-	Reference	English	Regular	notMP	notMinister	-	-	-	-	GrgićBranko	Grgić, Branko	U	-	
ParlaMint-HR-en_2008-02-27-0	ParlaMint-HR_2008-02-27-0.u3046	Minutes of the National Assembly of the Republic of Croatia, Term 6, Session 3	2008-02-27	Unicameralism	6. mandat	-	Zasedanje 3	2008-03-28	-	Reference	English	Chairperson	MP	notMinister	HDZ	Hrvatska demokratska zajednica	Opposition	Centre-right	BebićLuka	Bebić, Luka	M	1937	
ParlaMint-HR-en_2008-02-27-0	ParlaMint-HR_2008-02-27-0.u3047	Minutes of the National Assembly of the Republic of Croatia, Term 6, Session 3	2008-02-27	Unicameralism	6. mandat	-	Zasedanje 3	2008-03-28	-	Reference	English	Regular	MP	notMinister	SDP	Socijaldemokratska partija Hrvatske	Opposition	Centre-left	MarasGordan	Maras, Gordan	M	1974	
ParlaMint-HR-en_2008-02-27-0	ParlaMint-HR_2008-02-27-0.u3048	Minutes of the National Assembly of the Republic of Croatia, Term 6, Session 3	2008-02-27	Unicameralism	6. mandat	-	Zasedanje 3	2008-03-28	-	Reference	English	Chairperson	MP	notMinister	HDZ	Hrvatska demokratska zajednica	Opposition	Centre-right	BebićLuka	Bebić, Luka	M	1937	
ParlaMint-HR-en_2008-02-27-0	ParlaMint-HR_2008-02-27-0.u3049	Minutes of the National Assembly of the Republic of Croatia, Term 6, Session 3	2008-02-27	Unicameralism	6. mandat	-	Zasedanje 3	2008-03-28	-	Reference	English	Regular	notMP	notMinister	-	-	-	-	GrgićBranko	Grgić, Branko	U	-	
ParlaMint-HR-en_2008-02-27-0	ParlaMint-HR_2008-02-27-0.u3050	Minutes of the National Assembly of the Republic of Croatia, Term 6, Session 3	2008-02-27	Unicameralism	6. mandat	-	Zasedanje 3	2008-03-28	-	Reference	English	Chairperson	MP	notMinister	HDZ	Hrvatska demokratska zajednica	Opposition	Centre-right	BebićLuka	Bebić, Luka	M	1937	
ParlaMint-HR-en_2008-02-27-0	ParlaMint-HR_2008-02-27-0.u3051	Minutes of the National Assembly of the Republic of Croatia, Term 6, Session 3	2008-02-27	Unicameralism	6. mandat	-	Zasedanje 3	2008-03-28	-	Reference	English	Regular	MP	notMinister	SDP	Socijaldemokratska partija Hrvatske	Opposition	Centre-left	BodakošDragutin	Bodakoš, Dragutin	M	1946	
ParlaMint-HR-en_2008-02-27-0	ParlaMint-HR_2008-02-27-0.u3052	Minutes of the National Assembly of the Republic of Croatia, Term 6, Session 3	2008-02-27	Unicameralism	6. mandat	-	Zasedanje 3	2008-03-28	-	Reference	English	Chairperson	MP	notMinister	HDZ	Hrvatska demokratska zajednica	Opposition	Centre-right	BebićLuka	Bebić, Luka	M	1937	
ParlaMint-HR-en_2008-02-27-0	ParlaMint-HR_2008-02-27-0.u3053	Minutes of the National Assembly of the Republic of Croatia, Term 6, Session 3	2008-02-27	Unicameralism	6. mandat	-	Zasedanje 3	2008-03-28	-	Reference	English	Regular	notMP	notMinister	-	-	-	-	GrgićBranko	Grgić, Branko	U	-	
ParlaMint-HR-en_2008-02-27-0	ParlaMint-HR_2008-02-27-0.u3054	Minutes of the National Assembly of the Republic of Croatia, Term 6, Session 3	2008-02-27	Unicameralism	6. mandat	-	Zasedanje 3	2008-03-28	-	Reference	English	Chairperson	MP	notMinister	HDZ	Hrvatska demokratska zajednica	Opposition	Centre-right	BebićLuka	Bebić, Luka	M	1937	
ParlaMint-HR-en_2008-02-27-0	ParlaMint-HR_2008-02-27-0.u3055	Minutes of the National Assembly of the Republic of Croatia, Term 6, Session 3	2008-02-27	Unicameralism	6. mandat	-	Zasedanje 3	2008-03-28	-	Reference	English	Regular	MP	notMinister	SDP	Socijaldemokratska partija Hrvatske	Opposition	Centre-left	KozlevacDino	Kozlevac, Dino	M	1960	
ParlaMint-HR-en_2008-02-27-0	ParlaMint-HR_2008-02-27-0.u3056	Minutes of the National Assembly of the Republic of Croatia, Term 6, Session 3	2008-02-27	Unicameralism	6. mandat	-	Zasedanje 3	2008-03-28	-	Reference	English	Chairperson	MP	notMinister	HDZ	Hrvatska demokratska zajednica	Opposition	Centre-right	BebićLuka	Bebić, Luka	M	1937	
ParlaMint-HR-en_2008-02-27-0	ParlaMint-HR_2008-02-27-0.u3057	Minutes of the National Assembly of the Republic of Croatia, Term 6, Session 3	2008-02-27	Unicameralism	6. mandat	-	Zasedanje 3	2008-03-28	-	Reference	English	Regular	notMP	notMinister	-	-	-	-	GrgićBranko	Grgić, Branko	U	-	
ParlaMint-HR-en_2008-02-27-0	ParlaMint-HR_2008-02-27-0.u3058	Minutes of the National Assembly of the Republic of Croatia, Term 6, Session 3	2008-02-27	Unicameralism	6. mandat	-	Zasedanje 3	2008-03-28	-	Reference	English	Chairperson	MP	notMinister	HDZ	Hrvatska demokratska zajednica	Opposition	Centre-right	BebićLuka	Bebić, Luka	M	1937	
ParlaMint-HR-en_2008-02-27-0	ParlaMint-HR_2008-02-27-0.u3059	Minutes of the National Assembly of the Republic of Croatia, Term 6, Session 3	2008-02-27	Unicameralism	6. mandat	-	Zasedanje 3	2008-03-28	-	Reference	English	Regular	MP	notMinister	IDS	Istarski demokratski sabor	Opposition	Centre to centre-left	BrkarićMarin	Brkarić, Marin	M	1955	
ParlaMint-HR-en_2008-02-27-0	ParlaMint-HR_2008-02-27-0.u3060	Minutes of the National Assembly of the Republic of Croatia, Term 6, Session 3	2008-02-27	Unicameralism	6. mandat	-	Zasedanje 3	2008-03-28	-	Reference	English	Chairperson	MP	notMinister	HDZ	Hrvatska demokratska zajednica	Opposition	Centre-right	BebićLuka	Bebić, Luka	M	1937	
ParlaMint-HR-en_2008-02-27-0	ParlaMint-HR_2008-02-27-0.u3061	Minutes of the National Assembly of the Republic of Croatia, Term 6, Session 3	2008-02-27	Unicameralism	6. mandat	-	Zasedanje 3	2008-03-28	-	Reference	English	Regular	notMP	notMinister	-	-	-	-	GrgićBranko	Grgić, Branko	U	-	
ParlaMint-HR-en_2008-02-27-0	ParlaMint-HR_2008-02-27-0.u3062	Minutes of the National Assembly of the Republic of Croatia, Term 6, Session 3	2008-02-27	Unicameralism	6. mandat	-	Zasedanje 3	2008-03-28	-	Reference	English	Chairperson	MP	notMinister	HDZ	Hrvatska demokratska zajednica	Opposition	Centre-right	BebićLuka	Bebić, Luka	M	1937	
ParlaMint-HR-en_2008-02-27-0	ParlaMint-HR_2008-02-27-0.u3063	Minutes of the National Assembly of the Republic of Croatia, Term 6, Session 3	2008-02-27	Unicameralism	6. mandat	-	Zasedanje 3	2008-03-28	-	Reference	English	Regular	MP	notMinister	IDS	Istarski demokratski sabor	Opposition	Centre to centre-left	BrkarićMarin	Brkarić, Marin	M	1955	
ParlaMint-HR-en_2008-02-27-0	ParlaMint-HR_2008-02-27-0.u3064	Minutes of the National Assembly of the Republic of Croatia, Term 6, Session 3	2008-02-27	Unicameralism	6. mandat	-	Zasedanje 3	2008-03-28	-	Reference	English	Chairperson	MP	notMinister	HDZ	Hrvatska demokratska zajednica	Opposition	Centre-right	BebićLuka	Bebić, Luka	M	1937	
ParlaMint-HR-en_2008-02-27-0	ParlaMint-HR_2008-02-27-0.u3065	Minutes of the National Assembly of the Republic of Croatia, Term 6, Session 3	2008-02-27	Unicameralism	6. mandat	-	Zasedanje 3	2008-03-28	-	Reference	English	Regular	notMP	notMinister	-	-	-	-	GrgićBranko	Grgić, Branko	U	-	
ParlaMint-HR-en_2008-02-27-0	ParlaMint-HR_2008-02-27-0.u3066	Minutes of the National Assembly of the Republic of Croatia, Term 6, Session 3	2008-02-27	Unicameralism	6. mandat	-	Zasedanje 3	2008-03-28	-	Reference	English	Chairperson	MP	notMinister	HDZ	Hrvatska demokratska zajednica	Opposition	Centre-right	BebićLuka	Bebić, Luka	M	1937	
ParlaMint-HR-en_2008-02-27-0	ParlaMint-HR_2008-02-27-0.u3067	Minutes of the National Assembly of the Republic of Croatia, Term 6, Session 3	2008-02-27	Unicameralism	6. mandat	-	Zasedanje 3	2008-03-28	-	Reference	English	Regular	MP	notMinister	SDP	Socijaldemokratska partija Hrvatske	Opposition	Centre-left	SobolGordana	Sobol, Gordana	F	1961	
ParlaMint-HR-en_2008-02-27-0	ParlaMint-HR_2008-02-27-0.u3068	Minutes of the National Assembly of the Republic of Croatia, Term 6, Session 3	2008-02-27	Unicameralism	6. mandat	-	Zasedanje 3	2008-03-28	-	Reference	English	Chairperson	MP	notMinister	HDZ	Hrvatska demokratska zajednica	Opposition	Centre-right	BebićLuka	Bebić, Luka	M	1937	
ParlaMint-HR-en_2008-02-27-0	ParlaMint-HR_2008-02-27-0.u3069	Minutes of the National Assembly of the Republic of Croatia, Term 6, Session 3	2008-02-27	Unicameralism	6. mandat	-	Zasedanje 3	2008-03-28	-	Reference	English	Regular	MP	notMinister	HDZ	Hrvatska demokratska zajednica	Opposition	Centre-right	MilinovićDarko	Milinović, Darko	M	1963	
ParlaMint-HR-en_2008-02-27-0	ParlaMint-HR_2008-02-27-0.u3070	Minutes of the National Assembly of the Republic of Croatia, Term 6, Session 3	2008-02-27	Unicameralism	6. mandat	-	Zasedanje 3	2008-03-28	-	Reference	English	Chairperson	MP	notMinister	HDZ	Hrvatska demokratska zajednica	Opposition	Centre-right	BebićLuka	Bebić, Luka	M	1937	
ParlaMint-HR-en_2008-02-27-0	ParlaMint-HR_2008-02-27-0.u3071	Minutes of the National Assembly of the Republic of Croatia, Term 6, Session 3	2008-02-27	Unicameralism	6. mandat	-	Zasedanje 3	2008-03-28	-	Reference	English	Regular	MP	notMinister	SDP	Socijaldemokratska partija Hrvatske	Opposition	Centre-left	MršićZvonimir	Mršić, Zvonimir	M	1966	
ParlaMint-HR-en_2008-02-27-0	ParlaMint-HR_2008-02-27-0.u3073	Minutes of the National Assembly of the Republic of Croatia, Term 6, Session 3	2008-02-27	Unicameralism	6. mandat	-	Zasedanje 3	2008-03-28	-	Reference	English	Regular	MP	notMinister	HDZ	Hrvatska demokratska zajednica	Opposition	Centre-right	MilinovićDarko	Milinović, Darko	M	1963	
ParlaMint-HR-en_2008-02-27-0	ParlaMint-HR_2008-02-27-0.u3074	Minutes of the National Assembly of the Republic of Croatia, Term 6, Session 3	2008-02-27	Unicameralism	6. mandat	-	Zasedanje 3	2008-03-28	-	Reference	English	Chairperson	MP	notMinister	HDZ	Hrvatska demokratska zajednica	Opposition	Centre-right	BebićLuka	Bebić, Luka	M	1937	
ParlaMint-HR-en_2008-02-27-0	ParlaMint-HR_2008-02-27-0.u3075	Minutes of the National Assembly of the Republic of Croatia, Term 6, Session 3	2008-02-27	Unicameralism	6. mandat	-	Zasedanje 3	2008-03-28	-	Reference	English	Regular	MP	notMinister	SDP	Socijaldemokratska partija Hrvatske	Opposition	Centre-left	CrljenkoBrankica	Crljenko, Brankica	F	1965	
ParlaMint-HR-en_2008-02-27-0	ParlaMint-HR_2008-02-27-0.u3076	Minutes of the National Assembly of the Republic of Croatia, Term 6, Session 3	2008-02-27	Unicameralism	6. mandat	-	Zasedanje 3	2008-03-28	-	Reference	English	Chairperson	MP	notMinister	HDZ	Hrvatska demokratska zajednica	Opposition	Centre-right	BebićLuka	Bebić, Luka	M	1937	
ParlaMint-HR-en_2008-02-27-0	ParlaMint-HR_2008-02-27-0.u3077	Minutes of the National Assembly of the Republic of Croatia, Term 6, Session 3	2008-02-27	Unicameralism	6. mandat	-	Zasedanje 3	2008-03-28	-	Reference	English	Regular	MP	notMinister	HDZ	Hrvatska demokratska zajednica	Opposition	Centre-right	MilinovićDarko	Milinović, Darko	M	1963	
ParlaMint-HR-en_2008-02-27-0	ParlaMint-HR_2008-02-27-0.u3078	Minutes of the National Assembly of the Republic of Croatia, Term 6, Session 3	2008-02-27	Unicameralism	6. mandat	-	Zasedanje 3	2008-03-28	-	Reference	English	Chairperson	MP	notMinister	HDZ	Hrvatska demokratska zajednica	Opposition	Centre-right	BebićLuka	Bebić, Luka	M	1937	
ParlaMint-HR-en_2008-02-27-0	ParlaMint-HR_2008-02-27-0.u3079	Minutes of the National Assembly of the Republic of Croatia, Term 6, Session 3	2008-02-27	Unicameralism	6. mandat	-	Zasedanje 3	2008-03-28	-	Reference	English	Regular	MP	notMinister	SDP	Socijaldemokratska partija Hrvatske	Opposition	Centre-left	LučinŠime	Lučin, Šime	M	1958	
ParlaMint-HR-en_2008-02-27-0	ParlaMint-HR_2008-02-27-0.u3080	Minutes of the National Assembly of the Republic of Croatia, Term 6, Session 3	2008-02-27	Unicameralism	6. mandat	-	Zasedanje 3	2008-03-28	-	Reference	English	Chairperson	MP	notMinister	HDZ	Hrvatska demokratska zajednica	Opposition	Centre-right	BebićLuka	Bebić, Luka	M	1937	
ParlaMint-HR-en_2008-02-27-0	ParlaMint-HR_2008-02-27-0.u3081	Minutes of the National Assembly of the Republic of Croatia, Term 6, Session 3	2008-02-27	Unicameralism	6. mandat	-	Zasedanje 3	2008-03-28	-	Reference	English	Regular	MP	notMinister	HDZ	Hrvatska demokratska zajednica	Opposition	Centre-right	MilinovićDarko	Milinović, Darko	M	1963	
ParlaMint-HR-en_2008-02-27-0	ParlaMint-HR_2008-02-27-0.u3082	Minutes of the National Assembly of the Republic of Croatia, Term 6, Session 3	2008-02-27	Unicameralism	6. mandat	-	Zasedanje 3	2008-03-28	-	Reference	English	Chairperson	MP	notMinister	HDZ	Hrvatska demokratska zajednica	Opposition	Centre-right	BebićLuka	Bebić, Luka	M	1937	
ParlaMint-HR-en_2008-02-27-0	ParlaMint-HR_2008-02-27-0.u3083	Minutes of the National Assembly of the Republic of Croatia, Term 6, Session 3	2008-02-27	Unicameralism	6. mandat	-	Zasedanje 3	2008-03-28	-	Reference	English	Regular	MP	notMinister	SDP	Socijaldemokratska partija Hrvatske	Opposition	Centre-left	ŠkulićVesna	Škulić, Vesna	F	1961	
ParlaMint-HR-en_2008-02-27-0	ParlaMint-HR_2008-02-27-0.u3084	Minutes of the National Assembly of the Republic of Croatia, Term 6, Session 3	2008-02-27	Unicameralism	6. mandat	-	Zasedanje 3	2008-03-28	-	Reference	English	Chairperson	MP	notMinister	HDZ	Hrvatska demokratska zajednica	Opposition	Centre-right	BebićLuka	Bebić, Luka	M	1937	
ParlaMint-HR-en_2008-02-27-0	ParlaMint-HR_2008-02-27-0.u3085	Minutes of the National Assembly of the Republic of Croatia, Term 6, Session 3	2008-02-27	Unicameralism	6. mandat	-	Zasedanje 3	2008-03-28	-	Reference	English	Regular	MP	notMinister	HDZ	Hrvatska demokratska zajednica	Opposition	Centre-right	MilinovićDarko	Milinović, Darko	M	1963	
ParlaMint-HR-en_2008-02-27-0	ParlaMint-HR_2008-02-27-0.u3086	Minutes of the National Assembly of the Republic of Croatia, Term 6, Session 3	2008-02-27	Unicameralism	6. mandat	-	Zasedanje 3	2008-03-28	-	Reference	English	Chairperson	MP	notMinister	HDZ	Hrvatska demokratska zajednica	Opposition	Centre-right	BebićLuka	Bebić, Luka	M	1937	
ParlaMint-HR-en_2008-02-27-0	ParlaMint-HR_2008-02-27-0.u3087	Minutes of the National Assembly of the Republic of Croatia, Term 6, Session 3	2008-02-27	Unicameralism	6. mandat	-	Zasedanje 3	2008-03-28	-	Reference	English	Regular	MP	notMinister	SDP	Socijaldemokratska partija Hrvatske	Opposition	Centre-left	ŠkulićVesna	Škulić, Vesna	F	1961	
ParlaMint-HR-en_2008-02-27-0	ParlaMint-HR_2008-02-27-0.u3088	Minutes of the National Assembly of the Republic of Croatia, Term 6, Session 3	2008-02-27	Unicameralism	6. mandat	-	Zasedanje 3	2008-03-28	-	Reference	English	Chairperson	MP	notMinister	HDZ	Hrvatska demokratska zajednica	Opposition	Centre-right	BebićLuka	Bebić, Luka	M	1937	
ParlaMint-HR-en_2008-02-27-0	ParlaMint-HR_2008-02-27-0.u3089	Minutes of the National Assembly of the Republic of Croatia, Term 6, Session 3	2008-02-27	Unicameralism	6. mandat	-	Zasedanje 3	2008-03-28	-	Reference	English	Regular	MP	notMinister	HDZ	Hrvatska demokratska zajednica	Opposition	Centre-right	MilinovićDarko	Milinović, Darko	M	1963	
ParlaMint-HR-en_2008-02-27-0	ParlaMint-HR_2008-02-27-0.u3090	Minutes of the National Assembly of the Republic of Croatia, Term 6, Session 3	2008-02-27	Unicameralism	6. mandat	-	Zasedanje 3	2008-03-28	-	Reference	English	Chairperson	MP	notMinister	HDZ	Hrvatska demokratska zajednica	Opposition	Centre-right	BebićLuka	Bebić, Luka	M	1937	
ParlaMint-HR-en_2008-02-27-0	ParlaMint-HR_2008-02-27-0.u3091	Minutes of the National Assembly of the Republic of Croatia, Term 6, Session 3	2008-02-27	Unicameralism	6. mandat	-	Zasedanje 3	2008-03-28	-	Reference	English	Regular	MP	notMinister	SDP	Socijaldemokratska partija Hrvatske	Opposition	Centre-left	MršićZvonimir	Mršić, Zvonimir	M	1966	
ParlaMint-HR-en_2008-02-27-0	ParlaMint-HR_2008-02-27-0.u3092	Minutes of the National Assembly of the Republic of Croatia, Term 6, Session 3	2008-02-27	Unicameralism	6. mandat	-	Zasedanje 3	2008-03-28	-	Reference	English	Chairperson	MP	notMinister	HDZ	Hrvatska demokratska zajednica	Opposition	Centre-right	BebićLuka	Bebić, Luka	M	1937	
ParlaMint-HR-en_2008-02-27-0	ParlaMint-HR_2008-02-27-0.u3093	Minutes of the National Assembly of the Republic of Croatia, Term 6, Session 3	2008-02-27	Unicameralism	6. mandat	-	Zasedanje 3	2008-03-28	-	Reference	English	Regular	MP	notMinister	SDP	Socijaldemokratska partija Hrvatske	Opposition	Centre-left	MršićZvonimir	Mršić, Zvonimir	M	1966	
ParlaMint-HR-en_2008-02-27-0	ParlaMint-HR_2008-02-27-0.u3094	Minutes of the National Assembly of the Republic of Croatia, Term 6, Session 3	2008-02-27	Unicameralism	6. mandat	-	Zasedanje 3	2008-03-28	-	Reference	English	Chairperson	MP	notMinister	HDZ	Hrvatska demokratska zajednica	Opposition	Centre-right	BebićLuka	Bebić, Luka	M	1937	
ParlaMint-HR-en_2008-02-27-0	ParlaMint-HR_2008-02-27-0.u3095	Minutes of the National Assembly of the Republic of Croatia, Term 6, Session 3	2008-02-27	Unicameralism	6. mandat	-	Zasedanje 3	2008-03-28	-	Reference	English	Regular	MP	notMinister	HDZ	Hrvatska demokratska zajednica	Opposition	Centre-right	MilinovićDarko	Milinović, Darko	M	1963	
ParlaMint-HR-en_2008-02-27-0	ParlaMint-HR_2008-02-27-0.u3096	Minutes of the National Assembly of the Republic of Croatia, Term 6, Session 3	2008-02-27	Unicameralism	6. mandat	-	Zasedanje 3	2008-03-28	-	Reference	English	Chairperson	MP	notMinister	HDZ	Hrvatska demokratska zajednica	Opposition	Centre-right	BebićLuka	Bebić, Luka	M	1937	
ParlaMint-HR-en_2008-02-27-0	ParlaMint-HR_2008-02-27-0.u3097	Minutes of the National Assembly of the Republic of Croatia, Term 6, Session 3	2008-02-27	Unicameralism	6. mandat	-	Zasedanje 3	2008-03-28	-	Reference	English	Regular	MP	notMinister	SDP	Socijaldemokratska partija Hrvatske	Opposition	Centre-left	LučinŠime	Lučin, Šime	M	1958	
ParlaMint-HR-en_2008-02-27-0	ParlaMint-HR_2008-02-27-0.u3098	Minutes of the National Assembly of the Republic of Croatia, Term 6, Session 3	2008-02-27	Unicameralism	6. mandat	-	Zasedanje 3	2008-03-28	-	Reference	English	Chairperson	MP	notMinister	HDZ	Hrvatska demokratska zajednica	Opposition	Centre-right	BebićLuka	Bebić, Luka	M	1937	
ParlaMint-HR-en_2008-02-27-0	ParlaMint-HR_2008-02-27-0.u3099	Minutes of the National Assembly of the Republic of Croatia, Term 6, Session 3	2008-02-27	Unicameralism	6. mandat	-	Zasedanje 3	2008-03-28	-	Reference	English	Regular	MP	notMinister	HDZ	Hrvatska demokratska zajednica	Opposition	Centre-right	MilinovićDarko	Milinović, Darko	M	1963	
ParlaMint-HR-en_2008-02-27-0	ParlaMint-HR_2008-02-27-0.u3100	Minutes of the National Assembly of the Republic of Croatia, Term 6, Session 3	2008-02-27	Unicameralism	6. mandat	-	Zasedanje 3	2008-03-28	-	Reference	English	Chairperson	MP	notMinister	HDZ	Hrvatska demokratska zajednica	Opposition	Centre-right	BebićLuka	Bebić, Luka	M	1937	
ParlaMint-HR-en_2008-02-27-0	ParlaMint-HR_2008-02-27-0.u3101	Minutes of the National Assembly of the Republic of Croatia, Term 6, Session 3	2008-02-27	Unicameralism	6. mandat	-	Zasedanje 3	2008-03-28	-	Reference	English	Regular	MP	notMinister	SDP	Socijaldemokratska partija Hrvatske	Opposition	Centre-left	MršićZvonimir	Mršić, Zvonimir	M	1966	
ParlaMint-HR-en_2008-02-27-0	ParlaMint-HR_2008-02-27-0.u3102	Minutes of the National Assembly of the Republic of Croatia, Term 6, Session 3	2008-02-27	Unicameralism	6. mandat	-	Zasedanje 3	2008-03-28	-	Reference	English	Chairperson	MP	notMinister	HDZ	Hrvatska demokratska zajednica	Opposition	Centre-right	BebićLuka	Bebić, Luka	M	1937	
ParlaMint-HR-en_2008-02-27-0	ParlaMint-HR_2008-02-27-0.u3103	Minutes of the National Assembly of the Republic of Croatia, Term 6, Session 3	2008-02-27	Unicameralism	6. mandat	-	Zasedanje 3	2008-03-28	-	Reference	English	Regular	MP	notMinister	HDZ	Hrvatska demokratska zajednica	Opposition	Centre-right	MilinovićDarko	Milinović, Darko	M	1963	
ParlaMint-HR-en_2008-02-27-0	ParlaMint-HR_2008-02-27-0.u3104	Minutes of the National Assembly of the Republic of Croatia, Term 6, Session 3	2008-02-27	Unicameralism	6. mandat	-	Zasedanje 3	2008-03-28	-	Reference	English	Chairperson	MP	notMinister	HDZ	Hrvatska demokratska zajednica	Opposition	Centre-right	BebićLuka	Bebić, Luka	M	1937	
ParlaMint-HR-en_2008-02-27-0	ParlaMint-HR_2008-02-27-0.u3105	Minutes of the National Assembly of the Republic of Croatia, Term 6, Session 3	2008-02-27	Unicameralism	6. mandat	-	Zasedanje 3	2008-03-28	-	Reference	English	Regular	MP	notMinister	SDP	Socijaldemokratska partija Hrvatske	Opposition	Centre-left	VrbatGrgićTanja	Vrbat Grgić, Tanja	F	1979	
ParlaMint-HR-en_2008-02-27-0	ParlaMint-HR_2008-02-27-0.u3106	Minutes of the National Assembly of the Republic of Croatia, Term 6, Session 3	2008-02-27	Unicameralism	6. mandat	-	Zasedanje 3	2008-03-28	-	Reference	English	Chairperson	MP	notMinister	HDZ	Hrvatska demokratska zajednica	Opposition	Centre-right	BebićLuka	Bebić, Luka	M	1937	
ParlaMint-HR-en_2008-02-27-0	ParlaMint-HR_2008-02-27-0.u3107	Minutes of the National Assembly of the Republic of Croatia, Term 6, Session 3	2008-02-27	Unicameralism	6. mandat	-	Zasedanje 3	2008-03-28	-	Reference	English	Regular	MP	notMinister	HDZ	Hrvatska demokratska zajednica	Opposition	Centre-right	MilinovićDarko	Milinović, Darko	M	1963	
ParlaMint-HR-en_2008-02-27-0	ParlaMint-HR_2008-02-27-0.u3108	Minutes of the National Assembly of the Republic of Croatia, Term 6, Session 3	2008-02-27	Unicameralism	6. mandat	-	Zasedanje 3	2008-03-28	-	Reference	English	Chairperson	MP	notMinister	HDZ	Hrvatska demokratska zajednica	Opposition	Centre-right	BebićLuka	Bebić, Luka	M	1937	
ParlaMint-HR-en_2008-02-27-0	ParlaMint-HR_2008-02-27-0.u3109	Minutes of the National Assembly of the Republic of Croatia, Term 6, Session 3	2008-02-27	Unicameralism	6. mandat	-	Zasedanje 3	2008-03-28	-	Reference	English	Regular	MP	notMinister	IDS	Istarski demokratski sabor	Opposition	Centre to centre-left	BrkarićMarin	Brkarić, Marin	M	1955	
ParlaMint-HR-en_2008-02-27-0	ParlaMint-HR_2008-02-27-0.u3110	Minutes of the National Assembly of the Republic of Croatia, Term 6, Session 3	2008-02-27	Unicameralism	6. mandat	-	Zasedanje 3	2008-03-28	-	Reference	English	Chairperson	MP	notMinister	HDZ	Hrvatska demokratska zajednica	Opposition	Centre-right	BebićLuka	Bebić, Luka	M	1937	
ParlaMint-HR-en_2008-02-27-0	ParlaMint-HR_2008-02-27-0.u3111	Minutes of the National Assembly of the Republic of Croatia, Term 6, Session 3	2008-02-27	Unicameralism	6. mandat	-	Zasedanje 3	2008-03-28	-	Reference	English	Regular	MP	notMinister	HDZ	Hrvatska demokratska zajednica	Opposition	Centre-right	MilinovićDarko	Milinović, Darko	M	1963	
ParlaMint-HR-en_2008-02-27-0	ParlaMint-HR_2008-02-27-0.u3112	Minutes of the National Assembly of the Republic of Croatia, Term 6, Session 3	2008-02-27	Unicameralism	6. mandat	-	Zasedanje 3	2008-03-28	-	Reference	English	Regular	MP	notMinister	IDS	Istarski demokratski sabor	Opposition	Centre to centre-left	BrkarićMarin	Brkarić, Marin	M	1955	
ParlaMint-HR-en_2008-02-27-0	ParlaMint-HR_2008-02-27-0.u3113	Minutes of the National Assembly of the Republic of Croatia, Term 6, Session 3	2008-02-27	Unicameralism	6. mandat	-	Zasedanje 3	2008-03-28	-	Reference	English	Chairperson	MP	notMinister	HDZ	Hrvatska demokratska zajednica	Opposition	Centre-right	BebićLuka	Bebić, Luka	M	1937	
ParlaMint-HR-en_2008-02-27-0	ParlaMint-HR_2008-02-27-0.u3114	Minutes of the National Assembly of the Republic of Croatia, Term 6, Session 3	2008-02-27	Unicameralism	6. mandat	-	Zasedanje 3	2008-03-28	-	Reference	English	Regular	MP	notMinister	HDZ	Hrvatska demokratska zajednica	Opposition	Centre-right	MilinovićDarko	Milinović, Darko	M	1963	
ParlaMint-HR-en_2008-02-27-0	ParlaMint-HR_2008-02-27-0.u3115	Minutes of the National Assembly of the Republic of Croatia, Term 6, Session 3	2008-02-27	Unicameralism	6. mandat	-	Zasedanje 3	2008-03-28	-	Reference	English	Chairperson	MP	notMinister	HDZ	Hrvatska demokratska zajednica	Opposition	Centre-right	BebićLuka	Bebić, Luka	M	1937	
ParlaMint-HR-en_2008-02-27-0	ParlaMint-HR_2008-02-27-0.u3116	Minutes of the National Assembly of the Republic of Croatia, Term 6, Session 3	2008-02-27	Unicameralism	6. mandat	-	Zasedanje 3	2008-03-28	-	Reference	English	Regular	MP	notMinister	IDS	Istarski demokratski sabor	Opposition	Centre to centre-left	MiletićBoris	Miletić, Boris	M	1975	
ParlaMint-HR-en_2008-02-27-0	ParlaMint-HR_2008-02-27-0.u3117	Minutes of the National Assembly of the Republic of Croatia, Term 6, Session 3	2008-02-27	Unicameralism	6. mandat	-	Zasedanje 3	2008-03-28	-	Reference	English	Chairperson	MP	notMinister	HDZ	Hrvatska demokratska zajednica	Opposition	Centre-right	BebićLuka	Bebić, Luka	M	1937	
ParlaMint-HR-en_2008-02-27-0	ParlaMint-HR_2008-02-27-0.u3118	Minutes of the National Assembly of the Republic of Croatia, Term 6, Session 3	2008-02-27	Unicameralism	6. mandat	-	Zasedanje 3	2008-03-28	-	Reference	English	Regular	MP	notMinister	HDZ	Hrvatska demokratska zajednica	Opposition	Centre-right	MilinovićDarko	Milinović, Darko	M	1963	
ParlaMint-HR-en_2008-02-27-0	ParlaMint-HR_2008-02-27-0.u3119	Minutes of the National Assembly of the Republic of Croatia, Term 6, Session 3	2008-02-27	Unicameralism	6. mandat	-	Zasedanje 3	2008-03-28	-	Reference	English	Chairperson	MP	notMinister	HDZ	Hrvatska demokratska zajednica	Opposition	Centre-right	BebićLuka	Bebić, Luka	M	1937	
ParlaMint-HR-en_2008-02-27-0	ParlaMint-HR_2008-02-27-0.u3120	Minutes of the National Assembly of the Republic of Croatia, Term 6, Session 3	2008-02-27	Unicameralism	6. mandat	-	Zasedanje 3	2008-03-28	-	Reference	English	Regular	MP	notMinister	nezavisni	nezavisni	-	-	HorvatZlatko	Horvat, Zlatko	M	1948	
ParlaMint-HR-en_2008-02-27-0	ParlaMint-HR_2008-02-27-0.u3121	Minutes of the National Assembly of the Republic of Croatia, Term 6, Session 3	2008-02-27	Unicameralism	6. mandat	-	Zasedanje 3	2008-03-28	-	Reference	English	Chairperson	MP	notMinister	HDZ	Hrvatska demokratska zajednica	Opposition	Centre-right	BebićLuka	Bebić, Luka	M	1937	
ParlaMint-HR-en_2008-02-27-0	ParlaMint-HR_2008-02-27-0.u3122	Minutes of the National Assembly of the Republic of Croatia, Term 6, Session 3	2008-02-27	Unicameralism	6. mandat	-	Zasedanje 3	2008-03-28	-	Reference	English	Regular	MP	notMinister	HDZ	Hrvatska demokratska zajednica	Opposition	Centre-right	MilinovićDarko	Milinović, Darko	M	1963	
ParlaMint-HR-en_2008-02-27-0	ParlaMint-HR_2008-02-27-0.u3123	Minutes of the National Assembly of the Republic of Croatia, Term 6, Session 3	2008-02-27	Unicameralism	6. mandat	-	Zasedanje 3	2008-03-28	-	Reference	English	Chairperson	MP	notMinister	HDZ	Hrvatska demokratska zajednica	Opposition	Centre-right	BebićLuka	Bebić, Luka	M	1937	
ParlaMint-HR-en_2008-02-27-0	ParlaMint-HR_2008-02-27-0.u3124	Minutes of the National Assembly of the Republic of Croatia, Term 6, Session 3	2008-02-27	Unicameralism	6. mandat	-	Zasedanje 3	2008-03-28	-	Reference	English	Regular	MP	notMinister	SDP	Socijaldemokratska partija Hrvatske	Opposition	Centre-left	MrsićMirando	Mrsić, Mirando	M	1959	
ParlaMint-HR-en_2008-02-27-0	ParlaMint-HR_2008-02-27-0.u3125	Minutes of the National Assembly of the Republic of Croatia, Term 6, Session 3	2008-02-27	Unicameralism	6. mandat	-	Zasedanje 3	2008-03-28	-	Reference	English	Chairperson	MP	notMinister	HDZ	Hrvatska demokratska zajednica	Opposition	Centre-right	BebićLuka	Bebić, Luka	M	1937	
ParlaMint-HR-en_2008-02-27-0	ParlaMint-HR_2008-02-27-0.u3126	Minutes of the National Assembly of the Republic of Croatia, Term 6, Session 3	2008-02-27	Unicameralism	6. mandat	-	Zasedanje 3	2008-03-28	-	Reference	English	Regular	MP	notMinister	HDZ	Hrvatska demokratska zajednica	Opposition	Centre-right	MilinovićDarko	Milinović, Darko	M	1963	
ParlaMint-HR-en_2008-02-27-0	ParlaMint-HR_2008-02-27-0.u3127	Minutes of the National Assembly of the Republic of Croatia, Term 6, Session 3	2008-02-27	Unicameralism	6. mandat	-	Zasedanje 3	2008-03-28	-	Reference	English	Chairperson	MP	notMinister	HDZ	Hrvatska demokratska zajednica	Opposition	Centre-right	BebićLuka	Bebić, Luka	M	1937	
ParlaMint-HR-en_2008-02-27-0	ParlaMint-HR_2008-02-27-0.u3128	Minutes of the National Assembly of the Republic of Croatia, Term 6, Session 3	2008-02-27	Unicameralism	6. mandat	-	Zasedanje 3	2008-03-28	-	Reference	English	Regular	MP	notMinister	SDP	Socijaldemokratska partija Hrvatske	Opposition	Centre-left	MrsićMirando	Mrsić, Mirando	M	1959	
ParlaMint-HR-en_2008-02-27-0	ParlaMint-HR_2008-02-27-0.u3129	Minutes of the National Assembly of the Republic of Croatia, Term 6, Session 3	2008-02-27	Unicameralism	6. mandat	-	Zasedanje 3	2008-03-28	-	Reference	English	Chairperson	MP	notMinister	HDZ	Hrvatska demokratska zajednica	Opposition	Centre-right	BebićLuka	Bebić, Luka	M	1937	
ParlaMint-HR-en_2008-02-27-0	ParlaMint-HR_2008-02-27-0.u3130	Minutes of the National Assembly of the Republic of Croatia, Term 6, Session 3	2008-02-27	Unicameralism	6. mandat	-	Zasedanje 3	2008-03-28	-	Reference	English	Regular	MP	notMinister	HDZ	Hrvatska demokratska zajednica	Opposition	Centre-right	MilinovićDarko	Milinović, Darko	M	1963	
ParlaMint-HR-en_2008-02-27-0	ParlaMint-HR_2008-02-27-0.u3131	Minutes of the National Assembly of the Republic of Croatia, Term 6, Session 3	2008-02-27	Unicameralism	6. mandat	-	Zasedanje 3	2008-03-28	-	Reference	English	Chairperson	MP	notMinister	HDZ	Hrvatska demokratska zajednica	Opposition	Centre-right	BebićLuka	Bebić, Luka	M	1937	
ParlaMint-HR-en_2008-02-27-0	ParlaMint-HR_2008-02-27-0.u3132	Minutes of the National Assembly of the Republic of Croatia, Term 6, Session 3	2008-02-27	Unicameralism	6. mandat	-	Zasedanje 3	2008-03-28	-	Reference	English	Regular	MP	notMinister	SDP	Socijaldemokratska partija Hrvatske	Opposition	Centre-left	MrsićMirando	Mrsić, Mirando	M	1959	
ParlaMint-HR-en_2008-02-27-0	ParlaMint-HR_2008-02-27-0.u3133	Minutes of the National Assembly of the Republic of Croatia, Term 6, Session 3	2008-02-27	Unicameralism	6. mandat	-	Zasedanje 3	2008-03-28	-	Reference	English	Chairperson	MP	notMinister	HDZ	Hrvatska demokratska zajednica	Opposition	Centre-right	BebićLuka	Bebić, Luka	M	1937	
ParlaMint-HR-en_2008-02-27-0	ParlaMint-HR_2008-02-27-0.u3134	Minutes of the National Assembly of the Republic of Croatia, Term 6, Session 3	2008-02-27	Unicameralism	6. mandat	-	Zasedanje 3	2008-03-28	-	Reference	English	Regular	MP	notMinister	HDZ	Hrvatska demokratska zajednica	Opposition	Centre-right	MilinovićDarko	Milinović, Darko	M	1963	
ParlaMint-HR-en_2008-02-27-0	ParlaMint-HR_2008-02-27-0.u3135	Minutes of the National Assembly of the Republic of Croatia, Term 6, Session 3	2008-02-27	Unicameralism	6. mandat	-	Zasedanje 3	2008-03-28	-	Reference	English	Chairperson	MP	notMinister	HDZ	Hrvatska demokratska zajednica	Opposition	Centre-right	BebićLuka	Bebić, Luka	M	1937	
ParlaMint-HR-en_2008-02-27-0	ParlaMint-HR_2008-02-27-0.u3136	Minutes of the National Assembly of the Republic of Croatia, Term 6, Session 3	2008-02-27	Unicameralism	6. mandat	-	Zasedanje 3	2008-03-28	-	Reference	English	Regular	MP	notMinister	SDP	Socijaldemokratska partija Hrvatske	Opposition	Centre-left	JovanovićŽeljko	Jovanović, Željko	M	1965	
ParlaMint-HR-en_2008-02-27-0	ParlaMint-HR_2008-02-27-0.u3137	Minutes of the National Assembly of the Republic of Croatia, Term 6, Session 3	2008-02-27	Unicameralism	6. mandat	-	Zasedanje 3	2008-03-28	-	Reference	English	Chairperson	MP	notMinister	HDZ	Hrvatska demokratska zajednica	Opposition	Centre-right	BebićLuka	Bebić, Luka	M	1937	
ParlaMint-HR-en_2008-02-27-0	ParlaMint-HR_2008-02-27-0.u3138	Minutes of the National Assembly of the Republic of Croatia, Term 6, Session 3	2008-02-27	Unicameralism	6. mandat	-	Zasedanje 3	2008-03-28	-	Reference	English	Regular	MP	notMinister	HDZ	Hrvatska demokratska zajednica	Opposition	Centre-right	MilinovićDarko	Milinović, Darko	M	1963	
ParlaMint-HR-en_2008-02-27-0	ParlaMint-HR_2008-02-27-0.u3139	Minutes of the National Assembly of the Republic of Croatia, Term 6, Session 3	2008-02-27	Unicameralism	6. mandat	-	Zasedanje 3	2008-03-28	-	Reference	English	Chairperson	MP	notMinister	HDZ	Hrvatska demokratska zajednica	Opposition	Centre-right	BebićLuka	Bebić, Luka	M	1937	
ParlaMint-HR-en_2008-02-27-0	ParlaMint-HR_2008-02-27-0.u3140	Minutes of the National Assembly of the Republic of Croatia, Term 6, Session 3	2008-02-27	Unicameralism	6. mandat	-	Zasedanje 3	2008-03-28	-	Reference	English	Regular	MP	notMinister	HDZ	Hrvatska demokratska zajednica	Opposition	Centre-right	MilinovićDarko	Milinović, Darko	M	1963	
ParlaMint-HR-en_2008-02-27-0	ParlaMint-HR_2008-02-27-0.u3141	Minutes of the National Assembly of the Republic of Croatia, Term 6, Session 3	2008-02-27	Unicameralism	6. mandat	-	Zasedanje 3	2008-03-28	-	Reference	English	Chairperson	MP	notMinister	HDZ	Hrvatska demokratska zajednica	Opposition	Centre-right	BebićLuka	Bebić, Luka	M	1937	
ParlaMint-HR-en_2008-02-27-0	ParlaMint-HR_2008-02-27-0.u3142	Minutes of the National Assembly of the Republic of Croatia, Term 6, Session 3	2008-02-27	Unicameralism	6. mandat	-	Zasedanje 3	2008-03-28	-	Reference	English	Regular	MP	notMinister	HNS	Hrvatska narodna stranka	Coalition	Centre to centre-left	VinceljŽeljko	Vincelj, Željko	M	1960	
ParlaMint-HR-en_2008-02-27-0	ParlaMint-HR_2008-02-27-0.u3143	Minutes of the National Assembly of the Republic of Croatia, Term 6, Session 3	2008-02-27	Unicameralism	6. mandat	-	Zasedanje 3	2008-03-28	-	Reference	English	Chairperson	MP	notMinister	HDZ	Hrvatska demokratska zajednica	Opposition	Centre-right	BebićLuka	Bebić, Luka	M	1937	
ParlaMint-HR-en_2008-02-27-0	ParlaMint-HR_2008-02-27-0.u3144	Minutes of the National Assembly of the Republic of Croatia, Term 6, Session 3	2008-02-27	Unicameralism	6. mandat	-	Zasedanje 3	2008-03-28	-	Reference	English	Regular	MP	notMinister	HDZ	Hrvatska demokratska zajednica	Opposition	Centre-right	MilinovićDarko	Milinović, Darko	M	1963	
ParlaMint-HR-en_2008-02-27-0	ParlaMint-HR_2008-02-27-0.u3145	Minutes of the National Assembly of the Republic of Croatia, Term 6, Session 3	2008-02-27	Unicameralism	6. mandat	-	Zasedanje 3	2008-03-28	-	Reference	English	Chairperson	MP	notMinister	HDZ	Hrvatska demokratska zajednica	Opposition	Centre-right	BebićLuka	Bebić, Luka	M	1937	
ParlaMint-HR-en_2008-02-27-0	ParlaMint-HR_2008-02-27-0.u3146	Minutes of the National Assembly of the Republic of Croatia, Term 6, Session 3	2008-02-27	Unicameralism	6. mandat	-	Zasedanje 3	2008-03-28	-	Reference	English	Regular	MP	notMinister	HDZ	Hrvatska demokratska zajednica	Opposition	Centre-right	MilinovićDarko	Milinović, Darko	M	1963	
ParlaMint-HR-en_2008-02-27-0	ParlaMint-HR_2008-02-27-0.u3147	Minutes of the National Assembly of the Republic of Croatia, Term 6, Session 3	2008-02-27	Unicameralism	6. mandat	-	Zasedanje 3	2008-03-28	-	Reference	English	Chairperson	MP	notMinister	HDZ	Hrvatska demokratska zajednica	Opposition	Centre-right	BebićLuka	Bebić, Luka	M	1937	
ParlaMint-HR-en_2008-02-27-0	ParlaMint-HR_2008-02-27-0.u3148	Minutes of the National Assembly of the Republic of Croatia, Term 6, Session 3	2008-02-27	Unicameralism	6. mandat	-	Zasedanje 3	2008-03-28	-	Reference	English	Regular	MP	notMinister	HDZ	Hrvatska demokratska zajednica	Opposition	Centre-right	MilinovićDarko	Milinović, Darko	M	1963	
ParlaMint-HR-en_2008-02-27-0	ParlaMint-HR_2008-02-27-0.u3149	Minutes of the National Assembly of the Republic of Croatia, Term 6, Session 3	2008-02-27	Unicameralism	6. mandat	-	Zasedanje 3	2008-03-28	-	Reference	English	Chairperson	MP	notMinister	HDZ	Hrvatska demokratska zajednica	Opposition	Centre-right	BebićLuka	Bebić, Luka	M	1937	
ParlaMint-HR-en_2008-02-27-0	ParlaMint-HR_2008-02-27-0.u3150	Minutes of the National Assembly of the Republic of Croatia, Term 6, Session 3	2008-02-27	Unicameralism	6. mandat	-	Zasedanje 3	2008-03-28	-	Reference	English	Regular	MP	notMinister	SDP	Socijaldemokratska partija Hrvatske	Opposition	Centre-left	MršićZvonimir	Mršić, Zvonimir	M	1966	
ParlaMint-HR-en_2008-02-27-0	ParlaMint-HR_2008-02-27-0.u3151	Minutes of the National Assembly of the Republic of Croatia, Term 6, Session 3	2008-02-27	Unicameralism	6. mandat	-	Zasedanje 3	2008-03-28	-	Reference	English	Chairperson	MP	notMinister	HDZ	Hrvatska demokratska zajednica	Opposition	Centre-right	BebićLuka	Bebić, Luka	M	1937	
ParlaMint-HR-en_2008-02-27-0	ParlaMint-HR_2008-02-27-0.u3152	Minutes of the National Assembly of the Republic of Croatia, Term 6, Session 3	2008-02-27	Unicameralism	6. mandat	-	Zasedanje 3	2008-03-28	-	Reference	English	Regular	MP	notMinister	SDP	Socijaldemokratska partija Hrvatske	Opposition	Centre-left	MršićZvonimir	Mršić, Zvonimir	M	1966	
ParlaMint-HR-en_2008-02-27-0	ParlaMint-HR_2008-02-27-0.u3153	Minutes of the National Assembly of the Republic of Croatia, Term 6, Session 3	2008-02-27	Unicameralism	6. mandat	-	Zasedanje 3	2008-03-28	-	Reference	English	Chairperson	MP	notMinister	HDZ	Hrvatska demokratska zajednica	Opposition	Centre-right	BebićLuka	Bebić, Luka	M	1937	
ParlaMint-HR-en_2008-02-27-0	ParlaMint-HR_2008-02-27-0.u3154	Minutes of the National Assembly of the Republic of Croatia, Term 6, Session 3	2008-02-27	Unicameralism	6. mandat	-	Zasedanje 3	2008-03-28	-	Reference	English	Regular	MP	notMinister	HDZ	Hrvatska demokratska zajednica	Opposition	Centre-right	MilinovićDarko	Milinović, Darko	M	1963	
ParlaMint-HR-en_2008-02-27-0	ParlaMint-HR_2008-02-27-0.u3155	Minutes of the National Assembly of the Republic of Croatia, Term 6, Session 3	2008-02-27	Unicameralism	6. mandat	-	Zasedanje 3	2008-03-28	-	Reference	English	Chairperson	MP	notMinister	HDZ	Hrvatska demokratska zajednica	Opposition	Centre-right	BebićLuka	Bebić, Luka	M	1937	
ParlaMint-HR-en_2008-02-27-0	ParlaMint-HR_2008-02-27-0.u3156	Minutes of the National Assembly of the Republic of Croatia, Term 6, Session 3	2008-02-27	Unicameralism	6. mandat	-	Zasedanje 3	2008-03-28	-	Reference	English	Regular	MP	notMinister	SDP	Socijaldemokratska partija Hrvatske	Opposition	Centre-left	HanžekIvan	Hanžek, Ivan	M	1948	
ParlaMint-HR-en_2008-02-27-0	ParlaMint-HR_2008-02-27-0.u3157	Minutes of the National Assembly of the Republic of Croatia, Term 6, Session 3	2008-02-27	Unicameralism	6. mandat	-	Zasedanje 3	2008-03-28	-	Reference	English	Chairperson	MP	notMinister	HDZ	Hrvatska demokratska zajednica	Opposition	Centre-right	BebićLuka	Bebić, Luka	M	1937	
ParlaMint-HR-en_2008-02-27-0	ParlaMint-HR_2008-02-27-0.u3158	Minutes of the National Assembly of the Republic of Croatia, Term 6, Session 3	2008-02-27	Unicameralism	6. mandat	-	Zasedanje 3	2008-03-28	-	Reference	English	Regular	MP	notMinister	HDZ	Hrvatska demokratska zajednica	Opposition	Centre-right	MilinovićDarko	Milinović, Darko	M	1963	
ParlaMint-HR-en_2008-02-27-0	ParlaMint-HR_2008-02-27-0.u3159	Minutes of the National Assembly of the Republic of Croatia, Term 6, Session 3	2008-02-27	Unicameralism	6. mandat	-	Zasedanje 3	2008-03-28	-	Reference	English	Chairperson	MP	notMinister	HDZ	Hrvatska demokratska zajednica	Opposition	Centre-right	BebićLuka	Bebić, Luka	M	1937	
ParlaMint-HR-en_2008-02-27-0	ParlaMint-HR_2008-02-27-0.u3160	Minutes of the National Assembly of the Republic of Croatia, Term 6, Session 3	2008-02-27	Unicameralism	6. mandat	-	Zasedanje 3	2008-03-28	-	Reference	English	Regular	MP	notMinister	HDZ	Hrvatska demokratska zajednica	Opposition	Centre-right	MilinovićDarko	Milinović, Darko	M	1963	
ParlaMint-HR-en_2008-02-27-0	ParlaMint-HR_2008-02-27-0.u3161	Minutes of the National Assembly of the Republic of Croatia, Term 6, Session 3	2008-02-27	Unicameralism	6. mandat	-	Zasedanje 3	2008-03-28	-	Reference	English	Chairperson	MP	notMinister	HDZ	Hrvatska demokratska zajednica	Opposition	Centre-right	BebićLuka	Bebić, Luka	M	1937	
ParlaMint-HR-en_2008-02-27-0	ParlaMint-HR_2008-02-27-0.u3162	Minutes of the National Assembly of the Republic of Croatia, Term 6, Session 3	2008-02-27	Unicameralism	6. mandat	-	Zasedanje 3	2008-03-28	-	Reference	English	Regular	MP	notMinister	IDS	Istarski demokratski sabor	Opposition	Centre to centre-left	BrkarićMarin	Brkarić, Marin	M	1955	
ParlaMint-HR-en_2008-02-27-0	ParlaMint-HR_2008-02-27-0.u3163	Minutes of the National Assembly of the Republic of Croatia, Term 6, Session 3	2008-02-27	Unicameralism	6. mandat	-	Zasedanje 3	2008-03-28	-	Reference	English	Chairperson	MP	notMinister	HDZ	Hrvatska demokratska zajednica	Opposition	Centre-right	BebićLuka	Bebić, Luka	M	1937	
ParlaMint-HR-en_2008-02-27-0	ParlaMint-HR_2008-02-27-0.u3164	Minutes of the National Assembly of the Republic of Croatia, Term 6, Session 3	2008-02-27	Unicameralism	6. mandat	-	Zasedanje 3	2008-03-28	-	Reference	English	Regular	MP	notMinister	HDZ	Hrvatska demokratska zajednica	Opposition	Centre-right	MilinovićDarko	Milinović, Darko	M	1963	
ParlaMint-HR-en_2008-02-27-0	ParlaMint-HR_2008-02-27-0.u3165	Minutes of the National Assembly of the Republic of Croatia, Term 6, Session 3	2008-02-27	Unicameralism	6. mandat	-	Zasedanje 3	2008-03-28	-	Reference	English	Chairperson	MP	notMinister	HDZ	Hrvatska demokratska zajednica	Opposition	Centre-right	BebićLuka	Bebić, Luka	M	1937	
ParlaMint-HR-en_2008-02-27-0	ParlaMint-HR_2008-02-27-0.u3166	Minutes of the National Assembly of the Republic of Croatia, Term 6, Session 3	2008-02-27	Unicameralism	6. mandat	-	Zasedanje 3	2008-03-28	-	Reference	English	Regular	MP	notMinister	IDS	Istarski demokratski sabor	Opposition	Centre to centre-left	BrkarićMarin	Brkarić, Marin	M	1955	
ParlaMint-HR-en_2008-02-27-0	ParlaMint-HR_2008-02-27-0.u3167	Minutes of the National Assembly of the Republic of Croatia, Term 6, Session 3	2008-02-27	Unicameralism	6. mandat	-	Zasedanje 3	2008-03-28	-	Reference	English	Chairperson	MP	notMinister	HDZ	Hrvatska demokratska zajednica	Opposition	Centre-right	BebićLuka	Bebić, Luka	M	1937	
ParlaMint-HR-en_2008-02-27-0	ParlaMint-HR_2008-02-27-0.u3168	Minutes of the National Assembly of the Republic of Croatia, Term 6, Session 3	2008-02-27	Unicameralism	6. mandat	-	Zasedanje 3	2008-03-28	-	Reference	English	Regular	MP	notMinister	HDZ	Hrvatska demokratska zajednica	Opposition	Centre-right	MilinovićDarko	Milinović, Darko	M	1963	
ParlaMint-HR-en_2008-02-27-0	ParlaMint-HR_2008-02-27-0.u3169	Minutes of the National Assembly of the Republic of Croatia, Term 6, Session 3	2008-02-27	Unicameralism	6. mandat	-	Zasedanje 3	2008-03-28	-	Reference	English	Chairperson	MP	notMinister	HDZ	Hrvatska demokratska zajednica	Opposition	Centre-right	BebićLuka	Bebić, Luka	M	1937	
ParlaMint-HR-en_2008-02-27-0	ParlaMint-HR_2008-02-27-0.u3170	Minutes of the National Assembly of the Republic of Croatia, Term 6, Session 3	2008-02-27	Unicameralism	6. mandat	-	Zasedanje 3	2008-03-28	-	Reference	English	Regular	MP	notMinister	SDP	Socijaldemokratska partija Hrvatske	Opposition	Centre-left	CrljenkoBrankica	Crljenko, Brankica	F	1965	
ParlaMint-HR-en_2008-02-27-0	ParlaMint-HR_2008-02-27-0.u3171	Minutes of the National Assembly of the Republic of Croatia, Term 6, Session 3	2008-02-27	Unicameralism	6. mandat	-	Zasedanje 3	2008-03-28	-	Reference	English	Chairperson	MP	notMinister	HDZ	Hrvatska demokratska zajednica	Opposition	Centre-right	BebićLuka	Bebić, Luka	M	1937	
ParlaMint-HR-en_2008-02-27-0	ParlaMint-HR_2008-02-27-0.u3172	Minutes of the National Assembly of the Republic of Croatia, Term 6, Session 3	2008-02-27	Unicameralism	6. mandat	-	Zasedanje 3	2008-03-28	-	Reference	English	Regular	MP	notMinister	HDZ	Hrvatska demokratska zajednica	Opposition	Centre-right	MilinovićDarko	Milinović, Darko	M	1963	
ParlaMint-HR-en_2008-02-27-0	ParlaMint-HR_2008-02-27-0.u3173	Minutes of the National Assembly of the Republic of Croatia, Term 6, Session 3	2008-02-27	Unicameralism	6. mandat	-	Zasedanje 3	2008-03-28	-	Reference	English	Chairperson	MP	notMinister	HDZ	Hrvatska demokratska zajednica	Opposition	Centre-right	BebićLuka	Bebić, Luka	M	1937	
ParlaMint-HR-en_2008-02-27-0	ParlaMint-HR_2008-02-27-0.u3174	Minutes of the National Assembly of the Republic of Croatia, Term 6, Session 3	2008-02-27	Unicameralism	6. mandat	-	Zasedanje 3	2008-03-28	-	Reference	English	Regular	MP	notMinister	SDP	Socijaldemokratska partija Hrvatske	Opposition	Centre-left	MrsićMirando	Mrsić, Mirando	M	1959	
ParlaMint-HR-en_2008-02-27-0	ParlaMint-HR_2008-02-27-0.u3175	Minutes of the National Assembly of the Republic of Croatia, Term 6, Session 3	2008-02-27	Unicameralism	6. mandat	-	Zasedanje 3	2008-03-28	-	Reference	English	Chairperson	MP	notMinister	HDZ	Hrvatska demokratska zajednica	Opposition	Centre-right	BebićLuka	Bebić, Luka	M	1937	
ParlaMint-HR-en_2008-02-27-0	ParlaMint-HR_2008-02-27-0.u3176	Minutes of the National Assembly of the Republic of Croatia, Term 6, Session 3	2008-02-27	Unicameralism	6. mandat	-	Zasedanje 3	2008-03-28	-	Reference	English	Regular	MP	notMinister	HDZ	Hrvatska demokratska zajednica	Opposition	Centre-right	MilinovićDarko	Milinović, Darko	M	1963	
ParlaMint-HR-en_2008-02-27-0	ParlaMint-HR_2008-02-27-0.u3177	Minutes of the National Assembly of the Republic of Croatia, Term 6, Session 3	2008-02-27	Unicameralism	6. mandat	-	Zasedanje 3	2008-03-28	-	Reference	English	Chairperson	MP	notMinister	HDZ	Hrvatska demokratska zajednica	Opposition	Centre-right	BebićLuka	Bebić, Luka	M	1937	
ParlaMint-HR-en_2008-02-27-0	ParlaMint-HR_2008-02-27-0.u3178	Minutes of the National Assembly of the Republic of Croatia, Term 6, Session 3	2008-02-27	Unicameralism	6. mandat	-	Zasedanje 3	2008-03-28	-	Reference	English	Regular	MP	notMinister	SDP	Socijaldemokratska partija Hrvatske	Opposition	Centre-left	LugarićMarija	Lugarić, Marija	F	1978	
ParlaMint-HR-en_2008-02-27-0	ParlaMint-HR_2008-02-27-0.u3179	Minutes of the National Assembly of the Republic of Croatia, Term 6, Session 3	2008-02-27	Unicameralism	6. mandat	-	Zasedanje 3	2008-03-28	-	Reference	English	Chairperson	MP	notMinister	HDZ	Hrvatska demokratska zajednica	Opposition	Centre-right	BebićLuka	Bebić, Luka	M	1937	
ParlaMint-HR-en_2008-02-27-0	ParlaMint-HR_2008-02-27-0.u3180	Minutes of the National Assembly of the Republic of Croatia, Term 6, Session 3	2008-02-27	Unicameralism	6. mandat	-	Zasedanje 3	2008-03-28	-	Reference	English	Regular	MP	notMinister	HDZ	Hrvatska demokratska zajednica	Opposition	Centre-right	MilinovićDarko	Milinović, Darko	M	1963	
ParlaMint-HR-en_2008-02-27-0	ParlaMint-HR_2008-02-27-0.u3181	Minutes of the National Assembly of the Republic of Croatia, Term 6, Session 3	2008-02-27	Unicameralism	6. mandat	-	Zasedanje 3	2008-03-28	-	Reference	English	Chairperson	MP	notMinister	HDZ	Hrvatska demokratska zajednica	Opposition	Centre-right	BebićLuka	Bebić, Luka	M	1937	
ParlaMint-HR-en_2008-02-27-0	ParlaMint-HR_2008-02-27-0.u3182	Minutes of the National Assembly of the Republic of Croatia, Term 6, Session 3	2008-02-27	Unicameralism	6. mandat	-	Zasedanje 3	2008-03-28	-	Reference	English	Regular	MP	notMinister	SDP	Socijaldemokratska partija Hrvatske	Opposition	Centre-left	LugarićMarija	Lugarić, Marija	F	1978	
ParlaMint-HR-en_2008-02-27-0	ParlaMint-HR_2008-02-27-0.u3183	Minutes of the National Assembly of the Republic of Croatia, Term 6, Session 3	2008-02-27	Unicameralism	6. mandat	-	Zasedanje 3	2008-03-28	-	Reference	English	Chairperson	MP	notMinister	HDZ	Hrvatska demokratska zajednica	Opposition	Centre-right	BebićLuka	Bebić, Luka	M	1937	
ParlaMint-HR-en_2008-02-27-0	ParlaMint-HR_2008-02-27-0.u3184	Minutes of the National Assembly of the Republic of Croatia, Term 6, Session 3	2008-02-27	Unicameralism	6. mandat	-	Zasedanje 3	2008-03-28	-	Reference	English	Regular	MP	notMinister	HDZ	Hrvatska demokratska zajednica	Opposition	Centre-right	MilinovićDarko	Milinović, Darko	M	1963	
ParlaMint-HR-en_2008-02-27-0	ParlaMint-HR_2008-02-27-0.u3185	Minutes of the National Assembly of the Republic of Croatia, Term 6, Session 3	2008-02-27	Unicameralism	6. mandat	-	Zasedanje 3	2008-03-28	-	Reference	English	Chairperson	MP	notMinister	HDZ	Hrvatska demokratska zajednica	Opposition	Centre-right	BebićLuka	Bebić, Luka	M	1937	
ParlaMint-HR-en_2008-02-27-0	ParlaMint-HR_2008-02-27-0.u3186	Minutes of the National Assembly of the Republic of Croatia, Term 6, Session 3	2008-02-27	Unicameralism	6. mandat	-	Zasedanje 3	2008-03-28	-	Reference	English	Regular	MP	notMinister	SDP	Socijaldemokratska partija Hrvatske	Opposition	Centre-left	LugarićMarija	Lugarić, Marija	F	1978	
ParlaMint-HR-en_2008-02-27-0	ParlaMint-HR_2008-02-27-0.u3187	Minutes of the National Assembly of the Republic of Croatia, Term 6, Session 3	2008-02-27	Unicameralism	6. mandat	-	Zasedanje 3	2008-03-28	-	Reference	English	Chairperson	MP	notMinister	HDZ	Hrvatska demokratska zajednica	Opposition	Centre-right	BebićLuka	Bebić, Luka	M	1937	
ParlaMint-HR-en_2008-02-27-0	ParlaMint-HR_2008-02-27-0.u3188	Minutes of the National Assembly of the Republic of Croatia, Term 6, Session 3	2008-02-27	Unicameralism	6. mandat	-	Zasedanje 3	2008-03-28	-	Reference	English	Regular	MP	notMinister	HDZ	Hrvatska demokratska zajednica	Opposition	Centre-right	MilinovićDarko	Milinović, Darko	M	1963	
ParlaMint-HR-en_2008-02-27-0	ParlaMint-HR_2008-02-27-0.u3189	Minutes of the National Assembly of the Republic of Croatia, Term 6, Session 3	2008-02-27	Unicameralism	6. mandat	-	Zasedanje 3	2008-03-28	-	Reference	English	Chairperson	MP	notMinister	HDZ	Hrvatska demokratska zajednica	Opposition	Centre-right	BebićLuka	Bebić, Luka	M	1937	
ParlaMint-HR-en_2008-02-27-0	ParlaMint-HR_2008-02-27-0.u3190	Minutes of the National Assembly of the Republic of Croatia, Term 6, Session 3	2008-02-27	Unicameralism	6. mandat	-	Zasedanje 3	2008-03-28	-	Reference	English	Regular	MP	notMinister	SDP	Socijaldemokratska partija Hrvatske	Opposition	Centre-left	SobolGordana	Sobol, Gordana	F	1961	
ParlaMint-HR-en_2008-02-27-0	ParlaMint-HR_2008-02-27-0.u3191	Minutes of the National Assembly of the Republic of Croatia, Term 6, Session 3	2008-02-27	Unicameralism	6. mandat	-	Zasedanje 3	2008-03-28	-	Reference	English	Regular	MP	notMinister	HDZ	Hrvatska demokratska zajednica	Opposition	Centre-right	MilinovićDarko	Milinović, Darko	M	1963	
ParlaMint-HR-en_2008-02-27-0	ParlaMint-HR_2008-02-27-0.u3192	Minutes of the National Assembly of the Republic of Croatia, Term 6, Session 3	2008-02-27	Unicameralism	6. mandat	-	Zasedanje 3	2008-03-28	-	Reference	English	Chairperson	MP	notMinister	HDZ	Hrvatska demokratska zajednica	Opposition	Centre-right	BebićLuka	Bebić, Luka	M	1937	
ParlaMint-HR-en_2008-02-27-0	ParlaMint-HR_2008-02-27-0.u3193	Minutes of the National Assembly of the Republic of Croatia, Term 6, Session 3	2008-02-27	Unicameralism	6. mandat	-	Zasedanje 3	2008-03-28	-	Reference	English	Regular	MP	notMinister	SDP	Socijaldemokratska partija Hrvatske	Opposition	Centre-left	SobolGordana	Sobol, Gordana	F	1961	
ParlaMint-HR-en_2008-02-27-0	ParlaMint-HR_2008-02-27-0.u3194	Minutes of the National Assembly of the Republic of Croatia, Term 6, Session 3	2008-02-27	Unicameralism	6. mandat	-	Zasedanje 3	2008-03-28	-	Reference	English	Chairperson	MP	notMinister	HDZ	Hrvatska demokratska zajednica	Opposition	Centre-right	BebićLuka	Bebić, Luka	M	1937	
ParlaMint-HR-en_2008-02-27-0	ParlaMint-HR_2008-02-27-0.u3195	Minutes of the National Assembly of the Republic of Croatia, Term 6, Session 3	2008-02-27	Unicameralism	6. mandat	-	Zasedanje 3	2008-03-28	-	Reference	English	Regular	MP	notMinister	HDZ	Hrvatska demokratska zajednica	Opposition	Centre-right	MilinovićDarko	Milinović, Darko	M	1963	
ParlaMint-HR-en_2008-02-27-0	ParlaMint-HR_2008-02-27-0.u3196	Minutes of the National Assembly of the Republic of Croatia, Term 6, Session 3	2008-02-27	Unicameralism	6. mandat	-	Zasedanje 3	2008-03-28	-	Reference	English	Chairperson	MP	notMinister	HDZ	Hrvatska demokratska zajednica	Opposition	Centre-right	BebićLuka	Bebić, Luka	M	1937	
ParlaMint-HR-en_2008-02-27-0	ParlaMint-HR_2008-02-27-0.u3197	Minutes of the National Assembly of the Republic of Croatia, Term 6, Session 3	2008-02-27	Unicameralism	6. mandat	-	Zasedanje 3	2008-03-28	-	Reference	English	Regular	MP	notMinister	SDP	Socijaldemokratska partija Hrvatske	Opposition	Centre-left	SobolGordana	Sobol, Gordana	F	1961	
ParlaMint-HR-en_2008-02-27-0	ParlaMint-HR_2008-02-27-0.u3198	Minutes of the National Assembly of the Republic of Croatia, Term 6, Session 3	2008-02-27	Unicameralism	6. mandat	-	Zasedanje 3	2008-03-28	-	Reference	English	Chairperson	MP	notMinister	HDZ	Hrvatska demokratska zajednica	Opposition	Centre-right	BebićLuka	Bebić, Luka	M	1937	
ParlaMint-HR-en_2008-02-27-0	ParlaMint-HR_2008-02-27-0.u3199	Minutes of the National Assembly of the Republic of Croatia, Term 6, Session 3	2008-02-27	Unicameralism	6. mandat	-	Zasedanje 3	2008-03-28	-	Reference	English	Regular	MP	notMinister	HDZ	Hrvatska demokratska zajednica	Opposition	Centre-right	MilinovićDarko	Milinović, Darko	M	1963	
ParlaMint-HR-en_2008-02-27-0	ParlaMint-HR_2008-02-27-0.u3200	Minutes of the National Assembly of the Republic of Croatia, Term 6, Session 3	2008-02-27	Unicameralism	6. mandat	-	Zasedanje 3	2008-03-28	-	Reference	English	Chairperson	MP	notMinister	HDZ	Hrvatska demokratska zajednica	Opposition	Centre-right	BebićLuka	Bebić, Luka	M	1937	
ParlaMint-HR-en_2008-02-27-0	ParlaMint-HR_2008-02-27-0.u3201	Minutes of the National Assembly of the Republic of Croatia, Term 6, Session 3	2008-02-27	Unicameralism	6. mandat	-	Zasedanje 3	2008-03-28	-	Reference	English	Regular	MP	notMinister	SDP	Socijaldemokratska partija Hrvatske	Opposition	Centre-left	LugarićMarija	Lugarić, Marija	F	1978	
ParlaMint-HR-en_2008-02-27-0	ParlaMint-HR_2008-02-27-0.u3202	Minutes of the National Assembly of the Republic of Croatia, Term 6, Session 3	2008-02-27	Unicameralism	6. mandat	-	Zasedanje 3	2008-03-28	-	Reference	English	Chairperson	MP	notMinister	HDZ	Hrvatska demokratska zajednica	Opposition	Centre-right	BebićLuka	Bebić, Luka	M	1937	
ParlaMint-HR-en_2008-02-27-0	ParlaMint-HR_2008-02-27-0.u3203	Minutes of the National Assembly of the Republic of Croatia, Term 6, Session 3	2008-02-27	Unicameralism	6. mandat	-	Zasedanje 3	2008-03-28	-	Reference	English	Regular	MP	notMinister	HDZ	Hrvatska demokratska zajednica	Opposition	Centre-right	MilinovićDarko	Milinović, Darko	M	1963	
ParlaMint-HR-en_2008-02-27-0	ParlaMint-HR_2008-02-27-0.u3204	Minutes of the National Assembly of the Republic of Croatia, Term 6, Session 3	2008-02-27	Unicameralism	6. mandat	-	Zasedanje 3	2008-03-28	-	Reference	English	Chairperson	MP	notMinister	HDZ	Hrvatska demokratska zajednica	Opposition	Centre-right	BebićLuka	Bebić, Luka	M	1937	
ParlaMint-HR-en_2008-02-27-0	ParlaMint-HR_2008-02-27-0.u3205	Minutes of the National Assembly of the Republic of Croatia, Term 6, Session 3	2008-02-27	Unicameralism	6. mandat	-	Zasedanje 3	2008-03-28	-	Reference	English	Regular	MP	notMinister	SDP	Socijaldemokratska partija Hrvatske	Opposition	Centre-left	JovanovićŽeljko	Jovanović, Željko	M	1965	
ParlaMint-HR-en_2008-02-27-0	ParlaMint-HR_2008-02-27-0.u3206	Minutes of the National Assembly of the Republic of Croatia, Term 6, Session 3	2008-02-27	Unicameralism	6. mandat	-	Zasedanje 3	2008-03-28	-	Reference	English	Chairperson	MP	notMinister	HDZ	Hrvatska demokratska zajednica	Opposition	Centre-right	BebićLuka	Bebić, Luka	M	1937	
ParlaMint-HR-en_2008-02-27-0	ParlaMint-HR_2008-02-27-0.u3207	Minutes of the National Assembly of the Republic of Croatia, Term 6, Session 3	2008-02-27	Unicameralism	6. mandat	-	Zasedanje 3	2008-03-28	-	Reference	English	Regular	MP	notMinister	HDZ	Hrvatska demokratska zajednica	Opposition	Centre-right	MilinovićDarko	Milinović, Darko	M	1963	
ParlaMint-HR-en_2008-02-27-0	ParlaMint-HR_2008-02-27-0.u3208	Minutes of the National Assembly of the Republic of Croatia, Term 6, Session 3	2008-02-27	Unicameralism	6. mandat	-	Zasedanje 3	2008-03-28	-	Reference	English	Chairperson	MP	notMinister	HDZ	Hrvatska demokratska zajednica	Opposition	Centre-right	BebićLuka	Bebić, Luka	M	1937	
ParlaMint-HR-en_2008-02-27-0	ParlaMint-HR_2008-02-27-0.u3209	Minutes of the National Assembly of the Republic of Croatia, Term 6, Session 3	2008-02-27	Unicameralism	6. mandat	-	Zasedanje 3	2008-03-28	-	Reference	English	Regular	MP	notMinister	SDP	Socijaldemokratska partija Hrvatske	Opposition	Centre-left	JovanovićŽeljko	Jovanović, Željko	M	1965	
ParlaMint-HR-en_2008-02-27-0	ParlaMint-HR_2008-02-27-0.u3210	Minutes of the National Assembly of the Republic of Croatia, Term 6, Session 3	2008-02-27	Unicameralism	6. mandat	-	Zasedanje 3	2008-03-28	-	Reference	English	Chairperson	MP	notMinister	HDZ	Hrvatska demokratska zajednica	Opposition	Centre-right	BebićLuka	Bebić, Luka	M	1937	
ParlaMint-HR-en_2008-02-27-0	ParlaMint-HR_2008-02-27-0.u3211	Minutes of the National Assembly of the Republic of Croatia, Term 6, Session 3	2008-02-27	Unicameralism	6. mandat	-	Zasedanje 3	2008-03-28	-	Reference	English	Regular	MP	notMinister	HDZ	Hrvatska demokratska zajednica	Opposition	Centre-right	LovrinAna	Lovrin, Ana	F	1953	
ParlaMint-HR-en_2008-02-27-0	ParlaMint-HR_2008-02-27-0.u3212	Minutes of the National Assembly of the Republic of Croatia, Term 6, Session 3	2008-02-27	Unicameralism	6. mandat	-	Zasedanje 3	2008-03-28	-	Reference	English	Chairperson	MP	notMinister	HDZ	Hrvatska demokratska zajednica	Opposition	Centre-right	BebićLuka	Bebić, Luka	M	1937	
ParlaMint-HR-en_2008-02-27-0	ParlaMint-HR_2008-02-27-0.u3213	Minutes of the National Assembly of the Republic of Croatia, Term 6, Session 3	2008-02-27	Unicameralism	6. mandat	-	Zasedanje 3	2008-03-28	-	Reference	English	Regular	MP	notMinister	SDP	Socijaldemokratska partija Hrvatske	Opposition	Centre-left	AntičevićMarinovićIngrid	Antičević Marinović, Ingrid	F	1957	
ParlaMint-HR-en_2008-02-27-0	ParlaMint-HR_2008-02-27-0.u3214	Minutes of the National Assembly of the Republic of Croatia, Term 6, Session 3	2008-02-27	Unicameralism	6. mandat	-	Zasedanje 3	2008-03-28	-	Reference	English	Chairperson	MP	notMinister	HDZ	Hrvatska demokratska zajednica	Opposition	Centre-right	BebićLuka	Bebić, Luka	M	1937	
ParlaMint-HR-en_2008-02-27-0	ParlaMint-HR_2008-02-27-0.u3215	Minutes of the National Assembly of the Republic of Croatia, Term 6, Session 3	2008-02-27	Unicameralism	6. mandat	-	Zasedanje 3	2008-03-28	-	Reference	English	Regular	MP	notMinister	HDZ	Hrvatska demokratska zajednica	Opposition	Centre-right	LovrinAna	Lovrin, Ana	F	1953	
ParlaMint-HR-en_2008-02-27-0	ParlaMint-HR_2008-02-27-0.u3216	Minutes of the National Assembly of the Republic of Croatia, Term 6, Session 3	2008-02-27	Unicameralism	6. mandat	-	Zasedanje 3	2008-03-28	-	Reference	English	Chairperson	MP	notMinister	HDZ	Hrvatska demokratska zajednica	Opposition	Centre-right	BebićLuka	Bebić, Luka	M	1937	
ParlaMint-HR-en_2008-02-27-0	ParlaMint-HR_2008-02-27-0.u3217	Minutes of the National Assembly of the Republic of Croatia, Term 6, Session 3	2008-02-27	Unicameralism	6. mandat	-	Zasedanje 3	2008-03-28	-	Reference	English	Regular	MP	notMinister	SDP	Socijaldemokratska partija Hrvatske	Opposition	Centre-left	AntičevićMarinovićIngrid	Antičević Marinović, Ingrid	F	1957	
ParlaMint-HR-en_2008-02-27-0	ParlaMint-HR_2008-02-27-0.u3218	Minutes of the National Assembly of the Republic of Croatia, Term 6, Session 3	2008-02-27	Unicameralism	6. mandat	-	Zasedanje 3	2008-03-28	-	Reference	English	Chairperson	MP	notMinister	HDZ	Hrvatska demokratska zajednica	Opposition	Centre-right	BebićLuka	Bebić, Luka	M	1937	
ParlaMint-HR-en_2008-02-27-0	ParlaMint-HR_2008-02-27-0.u3219	Minutes of the National Assembly of the Republic of Croatia, Term 6, Session 3	2008-02-27	Unicameralism	6. mandat	-	Zasedanje 3	2008-03-28	-	Reference	English	Regular	MP	notMinister	HDZ	Hrvatska demokratska zajednica	Opposition	Centre-right	LovrinAna	Lovrin, Ana	F	1953	
ParlaMint-HR-en_2008-02-27-0	ParlaMint-HR_2008-02-27-0.u3220	Minutes of the National Assembly of the Republic of Croatia, Term 6, Session 3	2008-02-27	Unicameralism	6. mandat	-	Zasedanje 3	2008-03-28	-	Reference	English	Chairperson	MP	notMinister	HDZ	Hrvatska demokratska zajednica	Opposition	Centre-right	BebićLuka	Bebić, Luka	M	1937	
ParlaMint-HR-en_2008-02-27-0	ParlaMint-HR_2008-02-27-0.u3221	Minutes of the National Assembly of the Republic of Croatia, Term 6, Session 3	2008-02-27	Unicameralism	6. mandat	-	Zasedanje 3	2008-03-28	-	Reference	English	Regular	MP	notMinister	SDP	Socijaldemokratska partija Hrvatske	Opposition	Centre-left	MršićZvonimir	Mršić, Zvonimir	M	1966	
ParlaMint-HR-en_2008-02-27-0	ParlaMint-HR_2008-02-27-0.u3222	Minutes of the National Assembly of the Republic of Croatia, Term 6, Session 3	2008-02-27	Unicameralism	6. mandat	-	Zasedanje 3	2008-03-28	-	Reference	English	Chairperson	MP	notMinister	HDZ	Hrvatska demokratska zajednica	Opposition	Centre-right	BebićLuka	Bebić, Luka	M	1937	
ParlaMint-HR-en_2008-02-27-0	ParlaMint-HR_2008-02-27-0.u3223	Minutes of the National Assembly of the Republic of Croatia, Term 6, Session 3	2008-02-27	Unicameralism	6. mandat	-	Zasedanje 3	2008-03-28	-	Reference	English	Regular	MP	notMinister	HDZ	Hrvatska demokratska zajednica	Opposition	Centre-right	LovrinAna	Lovrin, Ana	F	1953	
ParlaMint-HR-en_2008-02-27-0	ParlaMint-HR_2008-02-27-0.u3224	Minutes of the National Assembly of the Republic of Croatia, Term 6, Session 3	2008-02-27	Unicameralism	6. mandat	-	Zasedanje 3	2008-03-28	-	Reference	English	Chairperson	MP	notMinister	HDZ	Hrvatska demokratska zajednica	Opposition	Centre-right	BebićLuka	Bebić, Luka	M	1937	
ParlaMint-HR-en_2008-02-27-0	ParlaMint-HR_2008-02-27-0.u3225	Minutes of the National Assembly of the Republic of Croatia, Term 6, Session 3	2008-02-27	Unicameralism	6. mandat	-	Zasedanje 3	2008-03-28	-	Reference	English	Regular	MP	notMinister	SDP	Socijaldemokratska partija Hrvatske	Opposition	Centre-left	AntičevićMarinovićIngrid	Antičević Marinović, Ingrid	F	1957	
ParlaMint-HR-en_2008-02-27-0	ParlaMint-HR_2008-02-27-0.u3226	Minutes of the National Assembly of the Republic of Croatia, Term 6, Session 3	2008-02-27	Unicameralism	6. mandat	-	Zasedanje 3	2008-03-28	-	Reference	English	Chairperson	MP	notMinister	HDZ	Hrvatska demokratska zajednica	Opposition	Centre-right	BebićLuka	Bebić, Luka	M	1937	
ParlaMint-HR-en_2008-02-27-0	ParlaMint-HR_2008-02-27-0.u3227	Minutes of the National Assembly of the Republic of Croatia, Term 6, Session 3	2008-02-27	Unicameralism	6. mandat	-	Zasedanje 3	2008-03-28	-	Reference	English	Regular	MP	notMinister	HDZ	Hrvatska demokratska zajednica	Opposition	Centre-right	LovrinAna	Lovrin, Ana	F	1953	
ParlaMint-HR-en_2008-02-27-0	ParlaMint-HR_2008-02-27-0.u3228	Minutes of the National Assembly of the Republic of Croatia, Term 6, Session 3	2008-02-27	Unicameralism	6. mandat	-	Zasedanje 3	2008-03-28	-	Reference	English	Chairperson	MP	notMinister	HDZ	Hrvatska demokratska zajednica	Opposition	Centre-right	BebićLuka	Bebić, Luka	M	1937	
ParlaMint-HR-en_2008-02-27-0	ParlaMint-HR_2008-02-27-0.u3229	Minutes of the National Assembly of the Republic of Croatia, Term 6, Session 3	2008-02-27	Unicameralism	6. mandat	-	Zasedanje 3	2008-03-28	-	Reference	English	Regular	MP	notMinister	SDP	Socijaldemokratska partija Hrvatske	Opposition	Centre-left	AntičevićMarinovićIngrid	Antičević Marinović, Ingrid	F	1957	
ParlaMint-HR-en_2008-02-27-0	ParlaMint-HR_2008-02-27-0.u3230	Minutes of the National Assembly of the Republic of Croatia, Term 6, Session 3	2008-02-27	Unicameralism	6. mandat	-	Zasedanje 3	2008-03-28	-	Reference	English	Chairperson	MP	notMinister	HDZ	Hrvatska demokratska zajednica	Opposition	Centre-right	BebićLuka	Bebić, Luka	M	1937	
ParlaMint-HR-en_2008-02-27-0	ParlaMint-HR_2008-02-27-0.u3231	Minutes of the National Assembly of the Republic of Croatia, Term 6, Session 3	2008-02-27	Unicameralism	6. mandat	-	Zasedanje 3	2008-03-28	-	Reference	English	Regular	MP	notMinister	HDZ	Hrvatska demokratska zajednica	Opposition	Centre-right	LovrinAna	Lovrin, Ana	F	1953	
ParlaMint-HR-en_2008-02-27-0	ParlaMint-HR_2008-02-27-0.u3232	Minutes of the National Assembly of the Republic of Croatia, Term 6, Session 3	2008-02-27	Unicameralism	6. mandat	-	Zasedanje 3	2008-03-28	-	Reference	English	Chairperson	MP	notMinister	HDZ	Hrvatska demokratska zajednica	Opposition	Centre-right	BebićLuka	Bebić, Luka	M	1937	
ParlaMint-HR-en_2008-02-27-0	ParlaMint-HR_2008-02-27-0.u3233	Minutes of the National Assembly of the Republic of Croatia, Term 6, Session 3	2008-02-27	Unicameralism	6. mandat	-	Zasedanje 3	2008-03-28	-	Reference	English	Regular	MP	notMinister	SDP	Socijaldemokratska partija Hrvatske	Opposition	Centre-left	AntičevićMarinovićIngrid	Antičević Marinović, Ingrid	F	1957	
ParlaMint-HR-en_2008-02-27-0	ParlaMint-HR_2008-02-27-0.u3234	Minutes of the National Assembly of the Republic of Croatia, Term 6, Session 3	2008-02-27	Unicameralism	6. mandat	-	Zasedanje 3	2008-03-28	-	Reference	English	Chairperson	MP	notMinister	HDZ	Hrvatska demokratska zajednica	Opposition	Centre-right	BebićLuka	Bebić, Luka	M	1937	
ParlaMint-HR-en_2008-02-27-0	ParlaMint-HR_2008-02-27-0.u3235	Minutes of the National Assembly of the Republic of Croatia, Term 6, Session 3	2008-02-27	Unicameralism	6. mandat	-	Zasedanje 3	2008-03-28	-	Reference	English	Regular	MP	notMinister	HDZ	Hrvatska demokratska zajednica	Opposition	Centre-right	LovrinAna	Lovrin, Ana	F	1953	
ParlaMint-HR-en_2008-02-27-0	ParlaMint-HR_2008-02-27-0.u3236	Minutes of the National Assembly of the Republic of Croatia, Term 6, Session 3	2008-02-27	Unicameralism	6. mandat	-	Zasedanje 3	2008-03-28	-	Reference	English	Chairperson	MP	notMinister	HDZ	Hrvatska demokratska zajednica	Opposition	Centre-right	BebićLuka	Bebić, Luka	M	1937	
ParlaMint-HR-en_2008-02-27-0	ParlaMint-HR_2008-02-27-0.u3237	Minutes of the National Assembly of the Republic of Croatia, Term 6, Session 3	2008-02-27	Unicameralism	6. mandat	-	Zasedanje 3	2008-03-28	-	Reference	English	Regular	MP	notMinister	HDZ	Hrvatska demokratska zajednica	Opposition	Centre-right	LovrinAna	Lovrin, Ana	F	1953	
ParlaMint-HR-en_2008-02-27-0	ParlaMint-HR_2008-02-27-0.u3238	Minutes of the National Assembly of the Republic of Croatia, Term 6, Session 3	2008-02-27	Unicameralism	6. mandat	-	Zasedanje 3	2008-03-28	-	Reference	English	Chairperson	MP	notMinister	HDZ	Hrvatska demokratska zajednica	Opposition	Centre-right	BebićLuka	Bebić, Luka	M	1937	
ParlaMint-HR-en_2008-02-27-0	ParlaMint-HR_2008-02-27-0.u3239	Minutes of the National Assembly of the Republic of Croatia, Term 6, Session 3	2008-02-27	Unicameralism	6. mandat	-	Zasedanje 3	2008-03-28	-	Reference	English	Regular	MP	notMinister	SDP	Socijaldemokratska partija Hrvatske	Opposition	Centre-left	AntičevićMarinovićIngrid	Antičević Marinović, Ingrid	F	1957	
ParlaMint-HR-en_2008-02-27-0	ParlaMint-HR_2008-02-27-0.u3240	Minutes of the National Assembly of the Republic of Croatia, Term 6, Session 3	2008-02-27	Unicameralism	6. mandat	-	Zasedanje 3	2008-03-28	-	Reference	English	Chairperson	MP	notMinister	HDZ	Hrvatska demokratska zajednica	Opposition	Centre-right	BebićLuka	Bebić, Luka	M	1937	
ParlaMint-HR-en_2008-02-27-0	ParlaMint-HR_2008-02-27-0.u3241	Minutes of the National Assembly of the Republic of Croatia, Term 6, Session 3	2008-02-27	Unicameralism	6. mandat	-	Zasedanje 3	2008-03-28	-	Reference	English	Regular	MP	notMinister	HDZ	Hrvatska demokratska zajednica	Opposition	Centre-right	LovrinAna	Lovrin, Ana	F	1953	
ParlaMint-HR-en_2008-02-27-0	ParlaMint-HR_2008-02-27-0.u3242	Minutes of the National Assembly of the Republic of Croatia, Term 6, Session 3	2008-02-27	Unicameralism	6. mandat	-	Zasedanje 3	2008-03-28	-	Reference	English	Chairperson	MP	notMinister	HDZ	Hrvatska demokratska zajednica	Opposition	Centre-right	BebićLuka	Bebić, Luka	M	1937	
ParlaMint-HR-en_2008-02-27-0	ParlaMint-HR_2008-02-27-0.u3243	Minutes of the National Assembly of the Republic of Croatia, Term 6, Session 3	2008-02-27	Unicameralism	6. mandat	-	Zasedanje 3	2008-03-28	-	Reference	English	Regular	MP	notMinister	SDP	Socijaldemokratska partija Hrvatske	Opposition	Centre-left	AntičevićMarinovićIngrid	Antičević Marinović, Ingrid	F	1957	
ParlaMint-HR-en_2008-02-27-0	ParlaMint-HR_2008-02-27-0.u3244	Minutes of the National Assembly of the Republic of Croatia, Term 6, Session 3	2008-02-27	Unicameralism	6. mandat	-	Zasedanje 3	2008-03-28	-	Reference	English	Chairperson	MP	notMinister	HDZ	Hrvatska demokratska zajednica	Opposition	Centre-right	BebićLuka	Bebić, Luka	M	1937	
ParlaMint-HR-en_2008-02-27-0	ParlaMint-HR_2008-02-27-0.u3245	Minutes of the National Assembly of the Republic of Croatia, Term 6, Session 3	2008-02-27	Unicameralism	6. mandat	-	Zasedanje 3	2008-03-28	-	Reference	English	Regular	MP	notMinister	HDZ	Hrvatska demokratska zajednica	Opposition	Centre-right	LovrinAna	Lovrin, Ana	F	1953	
ParlaMint-HR-en_2008-02-27-0	ParlaMint-HR_2008-02-27-0.u3246	Minutes of the National Assembly of the Republic of Croatia, Term 6, Session 3	2008-02-27	Unicameralism	6. mandat	-	Zasedanje 3	2008-03-28	-	Reference	English	Chairperson	MP	notMinister	HDZ	Hrvatska demokratska zajednica	Opposition	Centre-right	BebićLuka	Bebić, Luka	M	1937	
ParlaMint-HR-en_2008-02-27-0	ParlaMint-HR_2008-02-27-0.u3247	Minutes of the National Assembly of the Republic of Croatia, Term 6, Session 3	2008-02-27	Unicameralism	6. mandat	-	Zasedanje 3	2008-03-28	-	Reference	English	Regular	MP	notMinister	SDP	Socijaldemokratska partija Hrvatske	Opposition	Centre-left	AntičevićMarinovićIngrid	Antičević Marinović, Ingrid	F	1957	
ParlaMint-HR-en_2008-02-27-0	ParlaMint-HR_2008-02-27-0.u3248	Minutes of the National Assembly of the Republic of Croatia, Term 6, Session 3	2008-02-27	Unicameralism	6. mandat	-	Zasedanje 3	2008-03-28	-	Reference	English	Chairperson	MP	notMinister	HDZ	Hrvatska demokratska zajednica	Opposition	Centre-right	BebićLuka	Bebić, Luka	M	1937	
ParlaMint-HR-en_2008-02-27-0	ParlaMint-HR_2008-02-27-0.u3249	Minutes of the National Assembly of the Republic of Croatia, Term 6, Session 3	2008-02-27	Unicameralism	6. mandat	-	Zasedanje 3	2008-03-28	-	Reference	English	Regular	MP	notMinister	HDZ	Hrvatska demokratska zajednica	Opposition	Centre-right	LovrinAna	Lovrin, Ana	F	1953	
ParlaMint-HR-en_2008-02-27-0	ParlaMint-HR_2008-02-27-0.u3250	Minutes of the National Assembly of the Republic of Croatia, Term 6, Session 3	2008-02-27	Unicameralism	6. mandat	-	Zasedanje 3	2008-03-28	-	Reference	English	Chairperson	MP	notMinister	HDZ	Hrvatska demokratska zajednica	Opposition	Centre-right	BebićLuka	Bebić, Luka	M	1937	
ParlaMint-HR-en_2008-02-27-0	ParlaMint-HR_2008-02-27-0.u3251	Minutes of the National Assembly of the Republic of Croatia, Term 6, Session 3	2008-02-27	Unicameralism	6. mandat	-	Zasedanje 3	2008-03-28	-	Reference	English	Regular	MP	notMinister	SDP	Socijaldemokratska partija Hrvatske	Opposition	Centre-left	AntičevićMarinovićIngrid	Antičević Marinović, Ingrid	F	1957	
ParlaMint-HR-en_2008-02-27-0	ParlaMint-HR_2008-02-27-0.u3252	Minutes of the National Assembly of the Republic of Croatia, Term 6, Session 3	2008-02-27	Unicameralism	6. mandat	-	Zasedanje 3	2008-03-28	-	Reference	English	Chairperson	MP	notMinister	HDZ	Hrvatska demokratska zajednica	Opposition	Centre-right	BebićLuka	Bebić, Luka	M	1937	
ParlaMint-HR-en_2008-02-27-0	ParlaMint-HR_2008-02-27-0.u3253	Minutes of the National Assembly of the Republic of Croatia, Term 6, Session 3	2008-02-27	Unicameralism	6. mandat	-	Zasedanje 3	2008-03-28	-	Reference	English	Regular	MP	notMinister	HDZ	Hrvatska demokratska zajednica	Opposition	Centre-right	LovrinAna	Lovrin, Ana	F	1953	
ParlaMint-HR-en_2008-02-27-0	ParlaMint-HR_2008-02-27-0.u3254	Minutes of the National Assembly of the Republic of Croatia, Term 6, Session 3	2008-02-27	Unicameralism	6. mandat	-	Zasedanje 3	2008-03-28	-	Reference	English	Chairperson	MP	notMinister	HDZ	Hrvatska demokratska zajednica	Opposition	Centre-right	BebićLuka	Bebić, Luka	M	1937	
ParlaMint-HR-en_2008-02-27-0	ParlaMint-HR_2008-02-27-0.u3255	Minutes of the National Assembly of the Republic of Croatia, Term 6, Session 3	2008-02-27	Unicameralism	6. mandat	-	Zasedanje 3	2008-03-28	-	Reference	English	Regular	MP	notMinister	SDP	Socijaldemokratska partija Hrvatske	Opposition	Centre-left	LučinŠime	Lučin, Šime	M	1958	
ParlaMint-HR-en_2008-02-27-0	ParlaMint-HR_2008-02-27-0.u3256	Minutes of the National Assembly of the Republic of Croatia, Term 6, Session 3	2008-02-27	Unicameralism	6. mandat	-	Zasedanje 3	2008-03-28	-	Reference	English	Chairperson	MP	notMinister	HDZ	Hrvatska demokratska zajednica	Opposition	Centre-right	BebićLuka	Bebić, Luka	M	1937	
ParlaMint-HR-en_2008-02-27-0	ParlaMint-HR_2008-02-27-0.u3257	Minutes of the National Assembly of the Republic of Croatia, Term 6, Session 3	2008-02-27	Unicameralism	6. mandat	-	Zasedanje 3	2008-03-28	-	Reference	English	Regular	MP	notMinister	HDZ	Hrvatska demokratska zajednica	Opposition	Centre-right	LovrinAna	Lovrin, Ana	F	1953	
ParlaMint-HR-en_2008-02-27-0	ParlaMint-HR_2008-02-27-0.u3258	Minutes of the National Assembly of the Republic of Croatia, Term 6, Session 3	2008-02-27	Unicameralism	6. mandat	-	Zasedanje 3	2008-03-28	-	Reference	English	Chairperson	MP	notMinister	HDZ	Hrvatska demokratska zajednica	Opposition	Centre-right	BebićLuka	Bebić, Luka	M	1937	
ParlaMint-HR-en_2008-02-27-0	ParlaMint-HR_2008-02-27-0.u3259	Minutes of the National Assembly of the Republic of Croatia, Term 6, Session 3	2008-02-27	Unicameralism	6. mandat	-	Zasedanje 3	2008-03-28	-	Reference	English	Regular	MP	notMinister	SDP	Socijaldemokratska partija Hrvatske	Opposition	Centre-left	OstojićRanko	Ostojić, Ranko	M	1962	
ParlaMint-HR-en_2008-02-27-0	ParlaMint-HR_2008-02-27-0.u3260	Minutes of the National Assembly of the Republic of Croatia, Term 6, Session 3	2008-02-27	Unicameralism	6. mandat	-	Zasedanje 3	2008-03-28	-	Reference	English	Chairperson	MP	notMinister	HDZ	Hrvatska demokratska zajednica	Opposition	Centre-right	BebićLuka	Bebić, Luka	M	1937	
ParlaMint-HR-en_2008-02-27-0	ParlaMint-HR_2008-02-27-0.u3261	Minutes of the National Assembly of the Republic of Croatia, Term 6, Session 3	2008-02-27	Unicameralism	6. mandat	-	Zasedanje 3	2008-03-28	-	Reference	English	Regular	MP	notMinister	HDZ	Hrvatska demokratska zajednica	Opposition	Centre-right	ŠukerIvan	Šuker, Ivan	M	1957	
ParlaMint-HR-en_2008-02-27-0	ParlaMint-HR_2008-02-27-0.u3262	Minutes of the National Assembly of the Republic of Croatia, Term 6, Session 3	2008-02-27	Unicameralism	6. mandat	-	Zasedanje 3	2008-03-28	-	Reference	English	Chairperson	MP	notMinister	HDZ	Hrvatska demokratska zajednica	Opposition	Centre-right	BebićLuka	Bebić, Luka	M	1937	
ParlaMint-HR-en_2008-02-27-0	ParlaMint-HR_2008-02-27-0.u3263	Minutes of the National Assembly of the Republic of Croatia, Term 6, Session 3	2008-02-27	Unicameralism	6. mandat	-	Zasedanje 3	2008-03-28	-	Reference	English	Regular	MP	notMinister	HNS	Hrvatska narodna stranka	Coalition	Centre to centre-left	VinceljŽeljko	Vincelj, Željko	M	1960	
ParlaMint-HR-en_2008-02-27-0	ParlaMint-HR_2008-02-27-0.u3264	Minutes of the National Assembly of the Republic of Croatia, Term 6, Session 3	2008-02-27	Unicameralism	6. mandat	-	Zasedanje 3	2008-03-28	-	Reference	English	Chairperson	MP	notMinister	HDZ	Hrvatska demokratska zajednica	Opposition	Centre-right	BebićLuka	Bebić, Luka	M	1937	
ParlaMint-HR-en_2008-02-27-0	ParlaMint-HR_2008-02-27-0.u3265	Minutes of the National Assembly of the Republic of Croatia, Term 6, Session 3	2008-02-27	Unicameralism	6. mandat	-	Zasedanje 3	2008-03-28	-	Reference	English	Regular	MP	notMinister	HDZ	Hrvatska demokratska zajednica	Opposition	Centre-right	ŠukerIvan	Šuker, Ivan	M	1957	
ParlaMint-HR-en_2008-02-27-0	ParlaMint-HR_2008-02-27-0.u3266	Minutes of the National Assembly of the Republic of Croatia, Term 6, Session 3	2008-02-27	Unicameralism	6. mandat	-	Zasedanje 3	2008-03-28	-	Reference	English	Chairperson	MP	notMinister	HDZ	Hrvatska demokratska zajednica	Opposition	Centre-right	BebićLuka	Bebić, Luka	M	1937	
ParlaMint-HR-en_2008-02-27-0	ParlaMint-HR_2008-02-27-0.u3267	Minutes of the National Assembly of the Republic of Croatia, Term 6, Session 3	2008-02-27	Unicameralism	6. mandat	-	Zasedanje 3	2008-03-28	-	Reference	English	Regular	MP	notMinister	SDP	Socijaldemokratska partija Hrvatske	Opposition	Centre-left	ZgrebecDragica	Zgrebec, Dragica	F	1950	
ParlaMint-HR-en_2008-02-27-0	ParlaMint-HR_2008-02-27-0.u3268	Minutes of the National Assembly of the Republic of Croatia, Term 6, Session 3	2008-02-27	Unicameralism	6. mandat	-	Zasedanje 3	2008-03-28	-	Reference	English	Chairperson	MP	notMinister	HDZ	Hrvatska demokratska zajednica	Opposition	Centre-right	ŠeksVladimir	Šeks, Vladimir	M	1943	
ParlaMint-HR-en_2008-02-27-0	ParlaMint-HR_2008-02-27-0.u3269	Minutes of the National Assembly of the Republic of Croatia, Term 6, Session 3	2008-02-27	Unicameralism	6. mandat	-	Zasedanje 3	2008-03-28	-	Reference	English	Regular	MP	notMinister	HDZ	Hrvatska demokratska zajednica	Opposition	Centre-right	ŠukerIvan	Šuker, Ivan	M	1957	
ParlaMint-HR-en_2008-02-27-0	ParlaMint-HR_2008-02-27-0.u3270	Minutes of the National Assembly of the Republic of Croatia, Term 6, Session 3	2008-02-27	Unicameralism	6. mandat	-	Zasedanje 3	2008-03-28	-	Reference	English	Chairperson	MP	notMinister	HDZ	Hrvatska demokratska zajednica	Opposition	Centre-right	ŠeksVladimir	Šeks, Vladimir	M	1943	
ParlaMint-HR-en_2008-02-27-0	ParlaMint-HR_2008-02-27-0.u3271	Minutes of the National Assembly of the Republic of Croatia, Term 6, Session 3	2008-02-27	Unicameralism	6. mandat	-	Zasedanje 3	2008-03-28	-	Reference	English	Regular	MP	notMinister	SDP	Socijaldemokratska partija Hrvatske	Opposition	Centre-left	PiculaTonino	Picula, Tonino	M	1961	
ParlaMint-HR-en_2008-02-27-0	ParlaMint-HR_2008-02-27-0.u3272	Minutes of the National Assembly of the Republic of Croatia, Term 6, Session 3	2008-02-27	Unicameralism	6. mandat	-	Zasedanje 3	2008-03-28	-	Reference	English	Regular	MP	notMinister	HDZ	Hrvatska demokratska zajednica	Opposition	Centre-right	ŠukerIvan	Šuker, Ivan	M	1957	
ParlaMint-HR-en_2008-02-27-0	ParlaMint-HR_2008-02-27-0.u3273	Minutes of the National Assembly of the Republic of Croatia, Term 6, Session 3	2008-02-27	Unicameralism	6. mandat	-	Zasedanje 3	2008-03-28	-	Reference	English	Chairperson	MP	notMinister	HDZ	Hrvatska demokratska zajednica	Opposition	Centre-right	ŠeksVladimir	Šeks, Vladimir	M	1943	
ParlaMint-HR-en_2008-02-27-0	ParlaMint-HR_2008-02-27-0.u3274	Minutes of the National Assembly of the Republic of Croatia, Term 6, Session 3	2008-02-27	Unicameralism	6. mandat	-	Zasedanje 3	2008-03-28	-	Reference	English	Regular	MP	notMinister	HDZ	Hrvatska demokratska zajednica	Opposition	Centre-right	ŠukerIvan	Šuker, Ivan	M	1957	
ParlaMint-HR-en_2008-02-27-0	ParlaMint-HR_2008-02-27-0.u3275	Minutes of the National Assembly of the Republic of Croatia, Term 6, Session 3	2008-02-27	Unicameralism	6. mandat	-	Zasedanje 3	2008-03-28	-	Reference	English	Chairperson	MP	notMinister	HDZ	Hrvatska demokratska zajednica	Opposition	Centre-right	ŠeksVladimir	Šeks, Vladimir	M	1943	
ParlaMint-HR-en_2008-02-27-0	ParlaMint-HR_2008-02-27-0.u3276	Minutes of the National Assembly of the Republic of Croatia, Term 6, Session 3	2008-02-27	Unicameralism	6. mandat	-	Zasedanje 3	2008-03-28	-	Reference	English	Regular	MP	notMinister	HNS	Hrvatska narodna stranka	Coalition	Centre to centre-left	VinceljŽeljko	Vincelj, Željko	M	1960	
ParlaMint-HR-en_2008-02-27-0	ParlaMint-HR_2008-02-27-0.u3277	Minutes of the National Assembly of the Republic of Croatia, Term 6, Session 3	2008-02-27	Unicameralism	6. mandat	-	Zasedanje 3	2008-03-28	-	Reference	English	Chairperson	MP	notMinister	HDZ	Hrvatska demokratska zajednica	Opposition	Centre-right	ŠeksVladimir	Šeks, Vladimir	M	1943	
ParlaMint-HR-en_2008-02-27-0	ParlaMint-HR_2008-02-27-0.u3278	Minutes of the National Assembly of the Republic of Croatia, Term 6, Session 3	2008-02-27	Unicameralism	6. mandat	-	Zasedanje 3	2008-03-28	-	Reference	English	Regular	MP	notMinister	HDZ	Hrvatska demokratska zajednica	Opposition	Centre-right	ŠukerIvan	Šuker, Ivan	M	1957	
ParlaMint-HR-en_2008-02-27-0	ParlaMint-HR_2008-02-27-0.u3279	Minutes of the National Assembly of the Republic of Croatia, Term 6, Session 3	2008-02-27	Unicameralism	6. mandat	-	Zasedanje 3	2008-03-28	-	Reference	English	Chairperson	MP	notMinister	HDZ	Hrvatska demokratska zajednica	Opposition	Centre-right	ŠeksVladimir	Šeks, Vladimir	M	1943	
ParlaMint-HR-en_2008-02-27-0	ParlaMint-HR_2008-02-27-0.u3280	Minutes of the National Assembly of the Republic of Croatia, Term 6, Session 3	2008-02-27	Unicameralism	6. mandat	-	Zasedanje 3	2008-03-28	-	Reference	English	Regular	MP	notMinister	SDP	Socijaldemokratska partija Hrvatske	Opposition	Centre-left	VrbatGrgićTanja	Vrbat Grgić, Tanja	F	1979	
ParlaMint-HR-en_2008-02-27-0	ParlaMint-HR_2008-02-27-0.u3281	Minutes of the National Assembly of the Republic of Croatia, Term 6, Session 3	2008-02-27	Unicameralism	6. mandat	-	Zasedanje 3	2008-03-28	-	Reference	English	Chairperson	MP	notMinister	HDZ	Hrvatska demokratska zajednica	Opposition	Centre-right	ŠeksVladimir	Šeks, Vladimir	M	1943	
ParlaMint-HR-en_2008-02-27-0	ParlaMint-HR_2008-02-27-0.u3282	Minutes of the National Assembly of the Republic of Croatia, Term 6, Session 3	2008-02-27	Unicameralism	6. mandat	-	Zasedanje 3	2008-03-28	-	Reference	English	Regular	MP	notMinister	HDZ	Hrvatska demokratska zajednica	Opposition	Centre-right	ŠukerIvan	Šuker, Ivan	M	1957	
ParlaMint-HR-en_2008-02-27-0	ParlaMint-HR_2008-02-27-0.u3283	Minutes of the National Assembly of the Republic of Croatia, Term 6, Session 3	2008-02-27	Unicameralism	6. mandat	-	Zasedanje 3	2008-03-28	-	Reference	English	Chairperson	MP	notMinister	HDZ	Hrvatska demokratska zajednica	Opposition	Centre-right	ŠeksVladimir	Šeks, Vladimir	M	1943	
ParlaMint-HR-en_2008-02-27-0	ParlaMint-HR_2008-02-27-0.u3284	Minutes of the National Assembly of the Republic of Croatia, Term 6, Session 3	2008-02-27	Unicameralism	6. mandat	-	Zasedanje 3	2008-03-28	-	Reference	English	Regular	MP	notMinister	SDP	Socijaldemokratska partija Hrvatske	Opposition	Centre-left	FranićZdenko	Franić, Zdenko	M	1956	
ParlaMint-HR-en_2008-02-27-0	ParlaMint-HR_2008-02-27-0.u3285	Minutes of the National Assembly of the Republic of Croatia, Term 6, Session 3	2008-02-27	Unicameralism	6. mandat	-	Zasedanje 3	2008-03-28	-	Reference	English	Chairperson	MP	notMinister	HDZ	Hrvatska demokratska zajednica	Opposition	Centre-right	ŠeksVladimir	Šeks, Vladimir	M	1943	
ParlaMint-HR-en_2008-02-27-0	ParlaMint-HR_2008-02-27-0.u3286	Minutes of the National Assembly of the Republic of Croatia, Term 6, Session 3	2008-02-27	Unicameralism	6. mandat	-	Zasedanje 3	2008-03-28	-	Reference	English	Regular	MP	notMinister	HDZ	Hrvatska demokratska zajednica	Opposition	Centre-right	ŠukerIvan	Šuker, Ivan	M	1957	
ParlaMint-HR-en_2008-02-27-0	ParlaMint-HR_2008-02-27-0.u3287	Minutes of the National Assembly of the Republic of Croatia, Term 6, Session 3	2008-02-27	Unicameralism	6. mandat	-	Zasedanje 3	2008-03-28	-	Reference	English	Chairperson	MP	notMinister	HDZ	Hrvatska demokratska zajednica	Opposition	Centre-right	ŠeksVladimir	Šeks, Vladimir	M	1943	
ParlaMint-HR-en_2008-02-27-0	ParlaMint-HR_2008-02-27-0.u3288	Minutes of the National Assembly of the Republic of Croatia, Term 6, Session 3	2008-02-27	Unicameralism	6. mandat	-	Zasedanje 3	2008-03-28	-	Reference	English	Regular	MP	notMinister	SDP	Socijaldemokratska partija Hrvatske	Opposition	Centre-left	FranićZdenko	Franić, Zdenko	M	1956	
ParlaMint-HR-en_2008-02-27-0	ParlaMint-HR_2008-02-27-0.u3289	Minutes of the National Assembly of the Republic of Croatia, Term 6, Session 3	2008-02-27	Unicameralism	6. mandat	-	Zasedanje 3	2008-03-28	-	Reference	English	Chairperson	MP	notMinister	HDZ	Hrvatska demokratska zajednica	Opposition	Centre-right	ŠeksVladimir	Šeks, Vladimir	M	1943	
ParlaMint-HR-en_2008-02-27-0	ParlaMint-HR_2008-02-27-0.u3290	Minutes of the National Assembly of the Republic of Croatia, Term 6, Session 3	2008-02-27	Unicameralism	6. mandat	-	Zasedanje 3	2008-03-28	-	Reference	English	Regular	MP	notMinister	HDZ	Hrvatska demokratska zajednica	Opposition	Centre-right	ŠukerIvan	Šuker, Ivan	M	1957	
ParlaMint-HR-en_2008-02-27-0	ParlaMint-HR_2008-02-27-0.u3291	Minutes of the National Assembly of the Republic of Croatia, Term 6, Session 3	2008-02-27	Unicameralism	6. mandat	-	Zasedanje 3	2008-03-28	-	Reference	English	Chairperson	MP	notMinister	HDZ	Hrvatska demokratska zajednica	Opposition	Centre-right	ŠeksVladimir	Šeks, Vladimir	M	1943	
ParlaMint-HR-en_2008-02-27-0	ParlaMint-HR_2008-02-27-0.u3292	Minutes of the National Assembly of the Republic of Croatia, Term 6, Session 3	2008-02-27	Unicameralism	6. mandat	-	Zasedanje 3	2008-03-28	-	Reference	English	Regular	MP	notMinister	SDP	Socijaldemokratska partija Hrvatske	Opposition	Centre-left	FranićZdenko	Franić, Zdenko	M	1956	
ParlaMint-HR-en_2008-02-27-0	ParlaMint-HR_2008-02-27-0.u3293	Minutes of the National Assembly of the Republic of Croatia, Term 6, Session 3	2008-02-27	Unicameralism	6. mandat	-	Zasedanje 3	2008-03-28	-	Reference	English	Chairperson	MP	notMinister	HDZ	Hrvatska demokratska zajednica	Opposition	Centre-right	ŠeksVladimir	Šeks, Vladimir	M	1943	
ParlaMint-HR-en_2008-02-27-0	ParlaMint-HR_2008-02-27-0.u3294	Minutes of the National Assembly of the Republic of Croatia, Term 6, Session 3	2008-02-27	Unicameralism	6. mandat	-	Zasedanje 3	2008-03-28	-	Reference	English	Regular	MP	notMinister	HDZ	Hrvatska demokratska zajednica	Opposition	Centre-right	ŠukerIvan	Šuker, Ivan	M	1957	
ParlaMint-HR-en_2008-02-27-0	ParlaMint-HR_2008-02-27-0.u3295	Minutes of the National Assembly of the Republic of Croatia, Term 6, Session 3	2008-02-27	Unicameralism	6. mandat	-	Zasedanje 3	2008-03-28	-	Reference	English	Regular	MP	notMinister	SDP	Socijaldemokratska partija Hrvatske	Opposition	Centre-left	FranićZdenko	Franić, Zdenko	M	1956	
ParlaMint-HR-en_2008-02-27-0	ParlaMint-HR_2008-02-27-0.u3296	Minutes of the National Assembly of the Republic of Croatia, Term 6, Session 3	2008-02-27	Unicameralism	6. mandat	-	Zasedanje 3	2008-03-28	-	Reference	English	Chairperson	MP	notMinister	HDZ	Hrvatska demokratska zajednica	Opposition	Centre-right	ŠeksVladimir	Šeks, Vladimir	M	1943	
ParlaMint-HR-en_2008-02-27-0	ParlaMint-HR_2008-02-27-0.u3297	Minutes of the National Assembly of the Republic of Croatia, Term 6, Session 3	2008-02-27	Unicameralism	6. mandat	-	Zasedanje 3	2008-03-28	-	Reference	English	Regular	MP	notMinister	HDZ	Hrvatska demokratska zajednica	Opposition	Centre-right	ŠukerIvan	Šuker, Ivan	M	1957	
ParlaMint-HR-en_2008-02-27-0	ParlaMint-HR_2008-02-27-0.u3298	Minutes of the National Assembly of the Republic of Croatia, Term 6, Session 3	2008-02-27	Unicameralism	6. mandat	-	Zasedanje 3	2008-03-28	-	Reference	English	Chairperson	MP	notMinister	HDZ	Hrvatska demokratska zajednica	Opposition	Centre-right	ŠeksVladimir	Šeks, Vladimir	M	1943	
ParlaMint-HR-en_2008-02-27-0	ParlaMint-HR_2008-02-27-0.u3299	Minutes of the National Assembly of the Republic of Croatia, Term 6, Session 3	2008-02-27	Unicameralism	6. mandat	-	Zasedanje 3	2008-03-28	-	Reference	English	Regular	MP	notMinister	SDP	Socijaldemokratska partija Hrvatske	Opposition	Centre-left	KotromanovićAnte	Kotromanović, Ante	M	1968	
ParlaMint-HR-en_2008-02-27-0	ParlaMint-HR_2008-02-27-0.u3300	Minutes of the National Assembly of the Republic of Croatia, Term 6, Session 3	2008-02-27	Unicameralism	6. mandat	-	Zasedanje 3	2008-03-28	-	Reference	English	Chairperson	MP	notMinister	HDZ	Hrvatska demokratska zajednica	Opposition	Centre-right	ŠeksVladimir	Šeks, Vladimir	M	1943	
ParlaMint-HR-en_2008-02-27-0	ParlaMint-HR_2008-02-27-0.u3301	Minutes of the National Assembly of the Republic of Croatia, Term 6, Session 3	2008-02-27	Unicameralism	6. mandat	-	Zasedanje 3	2008-03-28	-	Reference	English	Regular	MP	notMinister	HDZ	Hrvatska demokratska zajednica	Opposition	Centre-right	ŠukerIvan	Šuker, Ivan	M	1957	
ParlaMint-HR-en_2008-02-27-0	ParlaMint-HR_2008-02-27-0.u3302	Minutes of the National Assembly of the Republic of Croatia, Term 6, Session 3	2008-02-27	Unicameralism	6. mandat	-	Zasedanje 3	2008-03-28	-	Reference	English	Chairperson	MP	notMinister	HDZ	Hrvatska demokratska zajednica	Opposition	Centre-right	ŠeksVladimir	Šeks, Vladimir	M	1943	
ParlaMint-HR-en_2008-02-27-0	ParlaMint-HR_2008-02-27-0.u3303	Minutes of the National Assembly of the Republic of Croatia, Term 6, Session 3	2008-02-27	Unicameralism	6. mandat	-	Zasedanje 3	2008-03-28	-	Reference	English	Regular	MP	notMinister	SDP	Socijaldemokratska partija Hrvatske	Opposition	Centre-left	ZgrebecDragica	Zgrebec, Dragica	F	1950	
ParlaMint-HR-en_2008-02-27-0	ParlaMint-HR_2008-02-27-0.u3304	Minutes of the National Assembly of the Republic of Croatia, Term 6, Session 3	2008-02-27	Unicameralism	6. mandat	-	Zasedanje 3	2008-03-28	-	Reference	English	Chairperson	MP	notMinister	HDZ	Hrvatska demokratska zajednica	Opposition	Centre-right	ŠeksVladimir	Šeks, Vladimir	M	1943	
ParlaMint-HR-en_2008-02-27-0	ParlaMint-HR_2008-02-27-0.u3305	Minutes of the National Assembly of the Republic of Croatia, Term 6, Session 3	2008-02-27	Unicameralism	6. mandat	-	Zasedanje 3	2008-03-28	-	Reference	English	Regular	MP	notMinister	HDZ	Hrvatska demokratska zajednica	Opposition	Centre-right	ŠukerIvan	Šuker, Ivan	M	1957	
ParlaMint-HR-en_2008-02-27-0	ParlaMint-HR_2008-02-27-0.u3306	Minutes of the National Assembly of the Republic of Croatia, Term 6, Session 3	2008-02-27	Unicameralism	6. mandat	-	Zasedanje 3	2008-03-28	-	Reference	English	Chairperson	MP	notMinister	HDZ	Hrvatska demokratska zajednica	Opposition	Centre-right	ŠeksVladimir	Šeks, Vladimir	M	1943	
ParlaMint-HR-en_2008-02-27-0	ParlaMint-HR_2008-02-27-0.u3307	Minutes of the National Assembly of the Republic of Croatia, Term 6, Session 3	2008-02-27	Unicameralism	6. mandat	-	Zasedanje 3	2008-03-28	-	Reference	English	Regular	MP	notMinister	SDP	Socijaldemokratska partija Hrvatske	Opposition	Centre-left	VidovićDavorko	Vidović, Davorko	M	1956	
ParlaMint-HR-en_2008-02-27-0	ParlaMint-HR_2008-02-27-0.u3308	Minutes of the National Assembly of the Republic of Croatia, Term 6, Session 3	2008-02-27	Unicameralism	6. mandat	-	Zasedanje 3	2008-03-28	-	Reference	English	Chairperson	MP	notMinister	HDZ	Hrvatska demokratska zajednica	Opposition	Centre-right	ŠeksVladimir	Šeks, Vladimir	M	1943	
ParlaMint-HR-en_2008-02-27-0	ParlaMint-HR_2008-02-27-0.u3309	Minutes of the National Assembly of the Republic of Croatia, Term 6, Session 3	2008-02-27	Unicameralism	6. mandat	-	Zasedanje 3	2008-03-28	-	Reference	English	Regular	MP	notMinister	HDZ	Hrvatska demokratska zajednica	Opposition	Centre-right	ŠukerIvan	Šuker, Ivan	M	1957	
ParlaMint-HR-en_2008-02-27-0	ParlaMint-HR_2008-02-27-0.u3310	Minutes of the National Assembly of the Republic of Croatia, Term 6, Session 3	2008-02-27	Unicameralism	6. mandat	-	Zasedanje 3	2008-03-28	-	Reference	English	Chairperson	MP	notMinister	HDZ	Hrvatska demokratska zajednica	Opposition	Centre-right	ŠeksVladimir	Šeks, Vladimir	M	1943	
ParlaMint-HR-en_2008-02-27-0	ParlaMint-HR_2008-02-27-0.u3311	Minutes of the National Assembly of the Republic of Croatia, Term 6, Session 3	2008-02-27	Unicameralism	6. mandat	-	Zasedanje 3	2008-03-28	-	Reference	English	Regular	MP	notMinister	SDP	Socijaldemokratska partija Hrvatske	Opposition	Centre-left	FranićZdenko	Franić, Zdenko	M	1956	
ParlaMint-HR-en_2008-02-27-0	ParlaMint-HR_2008-02-27-0.u3312	Minutes of the National Assembly of the Republic of Croatia, Term 6, Session 3	2008-02-27	Unicameralism	6. mandat	-	Zasedanje 3	2008-03-28	-	Reference	English	Chairperson	MP	notMinister	HDZ	Hrvatska demokratska zajednica	Opposition	Centre-right	ŠeksVladimir	Šeks, Vladimir	M	1943	
ParlaMint-HR-en_2008-02-27-0	ParlaMint-HR_2008-02-27-0.u3313	Minutes of the National Assembly of the Republic of Croatia, Term 6, Session 3	2008-02-27	Unicameralism	6. mandat	-	Zasedanje 3	2008-03-28	-	Reference	English	Regular	MP	notMinister	HDZ	Hrvatska demokratska zajednica	Opposition	Centre-right	ŠukerIvan	Šuker, Ivan	M	1957	
ParlaMint-HR-en_2008-02-27-0	ParlaMint-HR_2008-02-27-0.u3314	Minutes of the National Assembly of the Republic of Croatia, Term 6, Session 3	2008-02-27	Unicameralism	6. mandat	-	Zasedanje 3	2008-03-28	-	Reference	English	Chairperson	MP	notMinister	HDZ	Hrvatska demokratska zajednica	Opposition	Centre-right	ŠeksVladimir	Šeks, Vladimir	M	1943	
ParlaMint-HR-en_2008-02-27-0	ParlaMint-HR_2008-02-27-0.u3315	Minutes of the National Assembly of the Republic of Croatia, Term 6, Session 3	2008-02-27	Unicameralism	6. mandat	-	Zasedanje 3	2008-03-28	-	Reference	English	Regular	MP	notMinister	SDP	Socijaldemokratska partija Hrvatske	Opposition	Centre-left	FranićZdenko	Franić, Zdenko	M	1956	
ParlaMint-HR-en_2008-02-27-0	ParlaMint-HR_2008-02-27-0.u3316	Minutes of the National Assembly of the Republic of Croatia, Term 6, Session 3	2008-02-27	Unicameralism	6. mandat	-	Zasedanje 3	2008-03-28	-	Reference	English	Chairperson	MP	notMinister	HDZ	Hrvatska demokratska zajednica	Opposition	Centre-right	ŠeksVladimir	Šeks, Vladimir	M	1943	
ParlaMint-HR-en_2008-02-27-0	ParlaMint-HR_2008-02-27-0.u3317	Minutes of the National Assembly of the Republic of Croatia, Term 6, Session 3	2008-02-27	Unicameralism	6. mandat	-	Zasedanje 3	2008-03-28	-	Reference	English	Regular	notMP	notMinister	-	-	-	-	MikulićMilivoj	Mikulić, Milivoj	U	-	
ParlaMint-HR-en_2008-02-27-0	ParlaMint-HR_2008-02-27-0.u3318	Minutes of the National Assembly of the Republic of Croatia, Term 6, Session 3	2008-02-27	Unicameralism	6. mandat	-	Zasedanje 3	2008-03-28	-	Reference	English	Chairperson	MP	notMinister	HDZ	Hrvatska demokratska zajednica	Opposition	Centre-right	ŠeksVladimir	Šeks, Vladimir	M	1943	
ParlaMint-HR-en_2008-02-27-0	ParlaMint-HR_2008-02-27-0.u3319	Minutes of the National Assembly of the Republic of Croatia, Term 6, Session 3	2008-02-27	Unicameralism	6. mandat	-	Zasedanje 3	2008-03-28	-	Reference	English	Regular	MP	notMinister	SDP	Socijaldemokratska partija Hrvatske	Opposition	Centre-left	ZgrebecDragica	Zgrebec, Dragica	F	1950	
ParlaMint-HR-en_2008-02-27-0	ParlaMint-HR_2008-02-27-0.u3320	Minutes of the National Assembly of the Republic of Croatia, Term 6, Session 3	2008-02-27	Unicameralism	6. mandat	-	Zasedanje 3	2008-03-28	-	Reference	English	Regular	notMP	notMinister	-	-	-	-	MikulićMilivoj	Mikulić, Milivoj	U	-	
ParlaMint-HR-en_2008-02-27-0	ParlaMint-HR_2008-02-27-0.u3321	Minutes of the National Assembly of the Republic of Croatia, Term 6, Session 3	2008-02-27	Unicameralism	6. mandat	-	Zasedanje 3	2008-03-28	-	Reference	English	Regular	MP	notMinister	SDP	Socijaldemokratska partija Hrvatske	Opposition	Centre-left	ZgrebecDragica	Zgrebec, Dragica	F	1950	
ParlaMint-HR-en_2008-02-27-0	ParlaMint-HR_2008-02-27-0.u3322	Minutes of the National Assembly of the Republic of Croatia, Term 6, Session 3	2008-02-27	Unicameralism	6. mandat	-	Zasedanje 3	2008-03-28	-	Reference	English	Chairperson	MP	notMinister	HDZ	Hrvatska demokratska zajednica	Opposition	Centre-right	ŠeksVladimir	Šeks, Vladimir	M	1943	
ParlaMint-HR-en_2008-02-27-0	ParlaMint-HR_2008-02-27-0.u3323	Minutes of the National Assembly of the Republic of Croatia, Term 6, Session 3	2008-02-27	Unicameralism	6. mandat	-	Zasedanje 3	2008-03-28	-	Reference	English	Regular	notMP	notMinister	-	-	-	-	TufekčićŽeljko	Tufekčić, Željko	U	-	
ParlaMint-HR-en_2008-02-27-0	ParlaMint-HR_2008-02-27-0.u3324	Minutes of the National Assembly of the Republic of Croatia, Term 6, Session 3	2008-02-27	Unicameralism	6. mandat	-	Zasedanje 3	2008-03-28	-	Reference	English	Chairperson	MP	notMinister	HDZ	Hrvatska demokratska zajednica	Opposition	Centre-right	ŠeksVladimir	Šeks, Vladimir	M	1943	
ParlaMint-HR-en_2008-02-27-0	ParlaMint-HR_2008-02-27-0.u3325	Minutes of the National Assembly of the Republic of Croatia, Term 6, Session 3	2008-02-27	Unicameralism	6. mandat	-	Zasedanje 3	2008-03-28	-	Reference	English	Regular	MP	notMinister	SDP	Socijaldemokratska partija Hrvatske	Opposition	Centre-left	PiculaTonino	Picula, Tonino	M	1961	
ParlaMint-HR-en_2008-02-27-0	ParlaMint-HR_2008-02-27-0.u3326	Minutes of the National Assembly of the Republic of Croatia, Term 6, Session 3	2008-02-27	Unicameralism	6. mandat	-	Zasedanje 3	2008-03-28	-	Reference	English	Chairperson	MP	notMinister	HDZ	Hrvatska demokratska zajednica	Opposition	Centre-right	ŠeksVladimir	Šeks, Vladimir	M	1943	
ParlaMint-HR-en_2008-02-27-0	ParlaMint-HR_2008-02-27-0.u3327	Minutes of the National Assembly of the Republic of Croatia, Term 6, Session 3	2008-02-27	Unicameralism	6. mandat	-	Zasedanje 3	2008-03-28	-	Reference	English	Regular	notMP	notMinister	-	-	-	-	TufekčićŽeljko	Tufekčić, Željko	U	-	
ParlaMint-HR-en_2008-02-27-0	ParlaMint-HR_2008-02-27-0.u3328	Minutes of the National Assembly of the Republic of Croatia, Term 6, Session 3	2008-02-27	Unicameralism	6. mandat	-	Zasedanje 3	2008-03-28	-	Reference	English	Chairperson	MP	notMinister	HDZ	Hrvatska demokratska zajednica	Opposition	Centre-right	ŠeksVladimir	Šeks, Vladimir	M	1943	
ParlaMint-HR-en_2008-02-27-0	ParlaMint-HR_2008-02-27-0.u3329	Minutes of the National Assembly of the Republic of Croatia, Term 6, Session 3	2008-02-27	Unicameralism	6. mandat	-	Zasedanje 3	2008-03-28	-	Reference	English	Regular	MP	notMinister	HNS	Hrvatska narodna stranka	Coalition	Centre to centre-left	VinceljŽeljko	Vincelj, Željko	M	1960	
ParlaMint-HR-en_2008-02-27-0	ParlaMint-HR_2008-02-27-0.u3330	Minutes of the National Assembly of the Republic of Croatia, Term 6, Session 3	2008-02-27	Unicameralism	6. mandat	-	Zasedanje 3	2008-03-28	-	Reference	English	Chairperson	MP	notMinister	HDZ	Hrvatska demokratska zajednica	Opposition	Centre-right	ŠeksVladimir	Šeks, Vladimir	M	1943	
ParlaMint-HR-en_2008-02-27-0	ParlaMint-HR_2008-02-27-0.u3331	Minutes of the National Assembly of the Republic of Croatia, Term 6, Session 3	2008-02-27	Unicameralism	6. mandat	-	Zasedanje 3	2008-03-28	-	Reference	English	Regular	notMP	notMinister	-	-	-	-	TufekčićŽeljko	Tufekčić, Željko	U	-	
ParlaMint-HR-en_2008-02-27-0	ParlaMint-HR_2008-02-27-0.u3332	Minutes of the National Assembly of the Republic of Croatia, Term 6, Session 3	2008-02-27	Unicameralism	6. mandat	-	Zasedanje 3	2008-03-28	-	Reference	English	Chairperson	MP	notMinister	HDZ	Hrvatska demokratska zajednica	Opposition	Centre-right	ŠeksVladimir	Šeks, Vladimir	M	1943	
ParlaMint-HR-en_2008-02-27-0	ParlaMint-HR_2008-02-27-0.u3333	Minutes of the National Assembly of the Republic of Croatia, Term 6, Session 3	2008-02-27	Unicameralism	6. mandat	-	Zasedanje 3	2008-03-28	-	Reference	English	Regular	MP	notMinister	HNS	Hrvatska narodna stranka	Coalition	Centre to centre-left	VinceljŽeljko	Vincelj, Željko	M	1960	
ParlaMint-HR-en_2008-02-27-0	ParlaMint-HR_2008-02-27-0.u3334	Minutes of the National Assembly of the Republic of Croatia, Term 6, Session 3	2008-02-27	Unicameralism	6. mandat	-	Zasedanje 3	2008-03-28	-	Reference	English	Chairperson	MP	notMinister	HDZ	Hrvatska demokratska zajednica	Opposition	Centre-right	ŠeksVladimir	Šeks, Vladimir	M	1943	
ParlaMint-HR-en_2008-02-27-0	ParlaMint-HR_2008-02-27-0.u3335	Minutes of the National Assembly of the Republic of Croatia, Term 6, Session 3	2008-02-27	Unicameralism	6. mandat	-	Zasedanje 3	2008-03-28	-	Reference	English	Regular	notMP	notMinister	-	-	-	-	TufekčićŽeljko	Tufekčić, Željko	U	-	
ParlaMint-HR-en_2008-02-27-0	ParlaMint-HR_2008-02-27-0.u3336	Minutes of the National Assembly of the Republic of Croatia, Term 6, Session 3	2008-02-27	Unicameralism	6. mandat	-	Zasedanje 3	2008-03-28	-	Reference	English	Chairperson	MP	notMinister	HDZ	Hrvatska demokratska zajednica	Opposition	Centre-right	ŠeksVladimir	Šeks, Vladimir	M	1943	
ParlaMint-HR-en_2008-02-27-0	ParlaMint-HR_2008-02-27-0.u3337	Minutes of the National Assembly of the Republic of Croatia, Term 6, Session 3	2008-02-27	Unicameralism	6. mandat	-	Zasedanje 3	2008-03-28	-	Reference	English	Regular	MP	notMinister	HNS	Hrvatska narodna stranka	Coalition	Centre to centre-left	VinceljŽeljko	Vincelj, Željko	M	1960	
ParlaMint-HR-en_2008-02-27-0	ParlaMint-HR_2008-02-27-0.u3338	Minutes of the National Assembly of the Republic of Croatia, Term 6, Session 3	2008-02-27	Unicameralism	6. mandat	-	Zasedanje 3	2008-03-28	-	Reference	English	Chairperson	MP	notMinister	HDZ	Hrvatska demokratska zajednica	Opposition	Centre-right	ŠeksVladimir	Šeks, Vladimir	M	1943	
ParlaMint-HR-en_2008-02-27-0	ParlaMint-HR_2008-02-27-0.u3339	Minutes of the National Assembly of the Republic of Croatia, Term 6, Session 3	2008-02-27	Unicameralism	6. mandat	-	Zasedanje 3	2008-03-28	-	Reference	English	Regular	notMP	notMinister	-	-	-	-	TufekčićŽeljko	Tufekčić, Željko	U	-	
ParlaMint-HR-en_2008-02-27-0	ParlaMint-HR_2008-02-27-0.u3340	Minutes of the National Assembly of the Republic of Croatia, Term 6, Session 3	2008-02-27	Unicameralism	6. mandat	-	Zasedanje 3	2008-03-28	-	Reference	English	Chairperson	MP	notMinister	HDZ	Hrvatska demokratska zajednica	Opposition	Centre-right	ŠeksVladimir	Šeks, Vladimir	M	1943	
ParlaMint-HR-en_2008-02-27-0	ParlaMint-HR_2008-02-27-0.u3341	Minutes of the National Assembly of the Republic of Croatia, Term 6, Session 3	2008-02-27	Unicameralism	6. mandat	-	Zasedanje 3	2008-03-28	-	Reference	English	Regular	MP	notMinister	HDSSB	Hrvatski demokratski savez Slavonije i Baranje	Opposition	Centre-right	VinkovićZoran	Vinković, Zoran	M	1966	
ParlaMint-HR-en_2008-02-27-0	ParlaMint-HR_2008-02-27-0.u3342	Minutes of the National Assembly of the Republic of Croatia, Term 6, Session 3	2008-02-27	Unicameralism	6. mandat	-	Zasedanje 3	2008-03-28	-	Reference	English	Chairperson	MP	notMinister	HDZ	Hrvatska demokratska zajednica	Opposition	Centre-right	ŠeksVladimir	Šeks, Vladimir	M	1943	
ParlaMint-HR-en_2008-02-27-0	ParlaMint-HR_2008-02-27-0.u3343	Minutes of the National Assembly of the Republic of Croatia, Term 6, Session 3	2008-02-27	Unicameralism	6. mandat	-	Zasedanje 3	2008-03-28	-	Reference	English	Regular	notMP	notMinister	-	-	-	-	TufekčićŽeljko	Tufekčić, Željko	U	-	
ParlaMint-HR-en_2008-02-27-0	ParlaMint-HR_2008-02-27-0.u3344	Minutes of the National Assembly of the Republic of Croatia, Term 6, Session 3	2008-02-27	Unicameralism	6. mandat	-	Zasedanje 3	2008-03-28	-	Reference	English	Chairperson	MP	notMinister	HDZ	Hrvatska demokratska zajednica	Opposition	Centre-right	ŠeksVladimir	Šeks, Vladimir	M	1943	
ParlaMint-HR-en_2008-02-27-0	ParlaMint-HR_2008-02-27-0.u3345	Minutes of the National Assembly of the Republic of Croatia, Term 6, Session 3	2008-02-27	Unicameralism	6. mandat	-	Zasedanje 3	2008-03-28	-	Reference	English	Regular	MP	notMinister	SDP	Socijaldemokratska partija Hrvatske	Opposition	Centre-left	JurjevićMarin	Jurjević, Marin	M	1952	
ParlaMint-HR-en_2008-02-27-0	ParlaMint-HR_2008-02-27-0.u3346	Minutes of the National Assembly of the Republic of Croatia, Term 6, Session 3	2008-02-27	Unicameralism	6. mandat	-	Zasedanje 3	2008-03-28	-	Reference	English	Chairperson	MP	notMinister	HDZ	Hrvatska demokratska zajednica	Opposition	Centre-right	ŠeksVladimir	Šeks, Vladimir	M	1943	
ParlaMint-HR-en_2008-02-27-0	ParlaMint-HR_2008-02-27-0.u3347	Minutes of the National Assembly of the Republic of Croatia, Term 6, Session 3	2008-02-27	Unicameralism	6. mandat	-	Zasedanje 3	2008-03-28	-	Reference	English	Regular	notMP	notMinister	-	-	-	-	TufekčićŽeljko	Tufekčić, Željko	U	-	
ParlaMint-HR-en_2008-02-27-0	ParlaMint-HR_2008-02-27-0.u3348	Minutes of the National Assembly of the Republic of Croatia, Term 6, Session 3	2008-02-27	Unicameralism	6. mandat	-	Zasedanje 3	2008-03-28	-	Reference	English	Chairperson	MP	notMinister	HDZ	Hrvatska demokratska zajednica	Opposition	Centre-right	ŠeksVladimir	Šeks, Vladimir	M	1943	
ParlaMint-HR-en_2008-02-27-0	ParlaMint-HR_2008-02-27-0.u3349	Minutes of the National Assembly of the Republic of Croatia, Term 6, Session 3	2008-02-27	Unicameralism	6. mandat	-	Zasedanje 3	2008-03-28	-	Reference	English	Regular	MP	notMinister	SDP	Socijaldemokratska partija Hrvatske	Opposition	Centre-left	VidovićDavorko	Vidović, Davorko	M	1956	
ParlaMint-HR-en_2008-02-27-0	ParlaMint-HR_2008-02-27-0.u3350	Minutes of the National Assembly of the Republic of Croatia, Term 6, Session 3	2008-02-27	Unicameralism	6. mandat	-	Zasedanje 3	2008-03-28	-	Reference	English	Chairperson	MP	notMinister	HDZ	Hrvatska demokratska zajednica	Opposition	Centre-right	ŠeksVladimir	Šeks, Vladimir	M	1943	
ParlaMint-HR-en_2008-02-27-0	ParlaMint-HR_2008-02-27-0.u3351	Minutes of the National Assembly of the Republic of Croatia, Term 6, Session 3	2008-02-27	Unicameralism	6. mandat	-	Zasedanje 3	2008-03-28	-	Reference	English	Regular	notMP	notMinister	-	-	-	-	TufekčićŽeljko	Tufekčić, Željko	U	-	
ParlaMint-HR-en_2008-02-27-0	ParlaMint-HR_2008-02-27-0.u3352	Minutes of the National Assembly of the Republic of Croatia, Term 6, Session 3	2008-02-27	Unicameralism	6. mandat	-	Zasedanje 3	2008-03-28	-	Reference	English	Chairperson	MP	notMinister	HDZ	Hrvatska demokratska zajednica	Opposition	Centre-right	ŠeksVladimir	Šeks, Vladimir	M	1943	
ParlaMint-HR-en_2008-02-27-0	ParlaMint-HR_2008-02-27-0.u3353	Minutes of the National Assembly of the Republic of Croatia, Term 6, Session 3	2008-02-27	Unicameralism	6. mandat	-	Zasedanje 3	2008-03-28	-	Reference	English	Regular	MP	notMinister	SDP	Socijaldemokratska partija Hrvatske	Opposition	Centre-left	VrbatGrgićTanja	Vrbat Grgić, Tanja	F	1979	
ParlaMint-HR-en_2008-02-27-0	ParlaMint-HR_2008-02-27-0.u3354	Minutes of the National Assembly of the Republic of Croatia, Term 6, Session 3	2008-02-27	Unicameralism	6. mandat	-	Zasedanje 3	2008-03-28	-	Reference	English	Chairperson	MP	notMinister	HDZ	Hrvatska demokratska zajednica	Opposition	Centre-right	ŠeksVladimir	Šeks, Vladimir	M	1943	
ParlaMint-HR-en_2008-02-27-0	ParlaMint-HR_2008-02-27-0.u3355	Minutes of the National Assembly of the Republic of Croatia, Term 6, Session 3	2008-02-27	Unicameralism	6. mandat	-	Zasedanje 3	2008-03-28	-	Reference	English	Regular	notMP	notMinister	-	-	-	-	TufekčićŽeljko	Tufekčić, Željko	U	-	
ParlaMint-HR-en_2008-02-27-0	ParlaMint-HR_2008-02-27-0.u3356	Minutes of the National Assembly of the Republic of Croatia, Term 6, Session 3	2008-02-27	Unicameralism	6. mandat	-	Zasedanje 3	2008-03-28	-	Reference	English	Chairperson	MP	notMinister	HDZ	Hrvatska demokratska zajednica	Opposition	Centre-right	ŠeksVladimir	Šeks, Vladimir	M	1943	
ParlaMint-HR-en_2008-02-27-0	ParlaMint-HR_2008-02-27-0.u3357	Minutes of the National Assembly of the Republic of Croatia, Term 6, Session 3	2008-02-27	Unicameralism	6. mandat	-	Zasedanje 3	2008-03-28	-	Reference	English	Regular	MP	notMinister	SDP	Socijaldemokratska partija Hrvatske	Opposition	Centre-left	KotromanovićAnte	Kotromanović, Ante	M	1968	
ParlaMint-HR-en_2008-02-27-0	ParlaMint-HR_2008-02-27-0.u3358	Minutes of the National Assembly of the Republic of Croatia, Term 6, Session 3	2008-02-27	Unicameralism	6. mandat	-	Zasedanje 3	2008-03-28	-	Reference	English	Chairperson	MP	notMinister	HDZ	Hrvatska demokratska zajednica	Opposition	Centre-right	ŠeksVladimir	Šeks, Vladimir	M	1943	
ParlaMint-HR-en_2008-02-27-0	ParlaMint-HR_2008-02-27-0.u3359	Minutes of the National Assembly of the Republic of Croatia, Term 6, Session 3	2008-02-27	Unicameralism	6. mandat	-	Zasedanje 3	2008-03-28	-	Reference	English	Regular	notMP	notMinister	-	-	-	-	TufekčićŽeljko	Tufekčić, Željko	U	-	
ParlaMint-HR-en_2008-02-27-0	ParlaMint-HR_2008-02-27-0.u3360	Minutes of the National Assembly of the Republic of Croatia, Term 6, Session 3	2008-02-27	Unicameralism	6. mandat	-	Zasedanje 3	2008-03-28	-	Reference	English	Chairperson	MP	notMinister	HDZ	Hrvatska demokratska zajednica	Opposition	Centre-right	ŠeksVladimir	Šeks, Vladimir	M	1943	
ParlaMint-HR-en_2008-02-27-0	ParlaMint-HR_2008-02-27-0.u3361	Minutes of the National Assembly of the Republic of Croatia, Term 6, Session 3	2008-02-27	Unicameralism	6. mandat	-	Zasedanje 3	2008-03-28	-	Reference	English	Regular	MP	notMinister	SDP	Socijaldemokratska partija Hrvatske	Opposition	Centre-left	JurjevićMarin	Jurjević, Marin	M	1952	
ParlaMint-HR-en_2008-02-27-0	ParlaMint-HR_2008-02-27-0.u3362	Minutes of the National Assembly of the Republic of Croatia, Term 6, Session 3	2008-02-27	Unicameralism	6. mandat	-	Zasedanje 3	2008-03-28	-	Reference	English	Regular	notMP	notMinister	-	-	-	-	TufekčićŽeljko	Tufekčić, Željko	U	-	
ParlaMint-HR-en_2008-02-27-0	ParlaMint-HR_2008-02-27-0.u3363	Minutes of the National Assembly of the Republic of Croatia, Term 6, Session 3	2008-02-27	Unicameralism	6. mandat	-	Zasedanje 3	2008-03-28	-	Reference	English	Regular	MP	notMinister	SDP	Socijaldemokratska partija Hrvatske	Opposition	Centre-left	JurjevićMarin	Jurjević, Marin	M	1952	
ParlaMint-HR-en_2008-02-27-0	ParlaMint-HR_2008-02-27-0.u3364	Minutes of the National Assembly of the Republic of Croatia, Term 6, Session 3	2008-02-27	Unicameralism	6. mandat	-	Zasedanje 3	2008-03-28	-	Reference	English	Chairperson	MP	notMinister	HDZ	Hrvatska demokratska zajednica	Opposition	Centre-right	ŠeksVladimir	Šeks, Vladimir	M	1943	
ParlaMint-HR-en_2008-02-27-0	ParlaMint-HR_2008-02-27-0.u3365	Minutes of the National Assembly of the Republic of Croatia, Term 6, Session 3	2008-02-27	Unicameralism	6. mandat	-	Zasedanje 3	2008-03-28	-	Reference	English	Regular	notMP	notMinister	-	-	-	-	TufekčićŽeljko	Tufekčić, Željko	U	-	
ParlaMint-HR-en_2008-02-27-0	ParlaMint-HR_2008-02-27-0.u3366	Minutes of the National Assembly of the Republic of Croatia, Term 6, Session 3	2008-02-27	Unicameralism	6. mandat	-	Zasedanje 3	2008-03-28	-	Reference	English	Chairperson	MP	notMinister	HDZ	Hrvatska demokratska zajednica	Opposition	Centre-right	ŠeksVladimir	Šeks, Vladimir	M	1943	
ParlaMint-HR-en_2008-02-27-0	ParlaMint-HR_2008-02-27-0.u3367	Minutes of the National Assembly of the Republic of Croatia, Term 6, Session 3	2008-02-27	Unicameralism	6. mandat	-	Zasedanje 3	2008-03-28	-	Reference	English	Regular	MP	notMinister	SDP	Socijaldemokratska partija Hrvatske	Opposition	Centre-left	JurjevićMarin	Jurjević, Marin	M	1952	
ParlaMint-HR-en_2008-02-27-0	ParlaMint-HR_2008-02-27-0.u3368	Minutes of the National Assembly of the Republic of Croatia, Term 6, Session 3	2008-02-27	Unicameralism	6. mandat	-	Zasedanje 3	2008-03-28	-	Reference	English	Chairperson	MP	notMinister	HDZ	Hrvatska demokratska zajednica	Opposition	Centre-right	ŠeksVladimir	Šeks, Vladimir	M	1943	
ParlaMint-HR-en_2008-02-27-0	ParlaMint-HR_2008-02-27-0.u3369	Minutes of the National Assembly of the Republic of Croatia, Term 6, Session 3	2008-02-27	Unicameralism	6. mandat	-	Zasedanje 3	2008-03-28	-	Reference	English	Regular	notMP	notMinister	-	-	-	-	TufekčićŽeljko	Tufekčić, Željko	U	-	
ParlaMint-HR-en_2008-02-27-0	ParlaMint-HR_2008-02-27-0.u3370	Minutes of the National Assembly of the Republic of Croatia, Term 6, Session 3	2008-02-27	Unicameralism	6. mandat	-	Zasedanje 3	2008-03-28	-	Reference	English	Chairperson	MP	notMinister	HDZ	Hrvatska demokratska zajednica	Opposition	Centre-right	ŠeksVladimir	Šeks, Vladimir	M	1943	
ParlaMint-HR-en_2008-02-27-0	ParlaMint-HR_2008-02-27-0.u3371	Minutes of the National Assembly of the Republic of Croatia, Term 6, Session 3	2008-02-27	Unicameralism	6. mandat	-	Zasedanje 3	2008-03-28	-	Reference	English	Regular	MP	notMinister	SDP	Socijaldemokratska partija Hrvatske	Opposition	Centre-left	VidovićDavorko	Vidović, Davorko	M	1956	
ParlaMint-HR-en_2008-02-27-0	ParlaMint-HR_2008-02-27-0.u3372	Minutes of the National Assembly of the Republic of Croatia, Term 6, Session 3	2008-02-27	Unicameralism	6. mandat	-	Zasedanje 3	2008-03-28	-	Reference	English	Chairperson	MP	notMinister	HDZ	Hrvatska demokratska zajednica	Opposition	Centre-right	ŠeksVladimir	Šeks, Vladimir	M	1943	
ParlaMint-HR-en_2008-02-27-0	ParlaMint-HR_2008-02-27-0.u3373	Minutes of the National Assembly of the Republic of Croatia, Term 6, Session 3	2008-02-27	Unicameralism	6. mandat	-	Zasedanje 3	2008-03-28	-	Reference	English	Regular	notMP	notMinister	-	-	-	-	TufekčićŽeljko	Tufekčić, Željko	U	-	
ParlaMint-HR-en_2008-02-27-0	ParlaMint-HR_2008-02-27-0.u3374	Minutes of the National Assembly of the Republic of Croatia, Term 6, Session 3	2008-02-27	Unicameralism	6. mandat	-	Zasedanje 3	2008-03-28	-	Reference	English	Chairperson	MP	notMinister	HDZ	Hrvatska demokratska zajednica	Opposition	Centre-right	ŠeksVladimir	Šeks, Vladimir	M	1943	
ParlaMint-HR-en_2008-02-27-0	ParlaMint-HR_2008-02-27-0.u3375	Minutes of the National Assembly of the Republic of Croatia, Term 6, Session 3	2008-02-27	Unicameralism	6. mandat	-	Zasedanje 3	2008-03-28	-	Reference	English	Regular	MP	notMinister	SDP	Socijaldemokratska partija Hrvatske	Opposition	Centre-left	DragovanIgor	Dragovan, Igor	M	1968	
ParlaMint-HR-en_2008-02-27-0	ParlaMint-HR_2008-02-27-0.u3376	Minutes of the National Assembly of the Republic of Croatia, Term 6, Session 3	2008-02-27	Unicameralism	6. mandat	-	Zasedanje 3	2008-03-28	-	Reference	English	Chairperson	MP	notMinister	HDZ	Hrvatska demokratska zajednica	Opposition	Centre-right	ŠeksVladimir	Šeks, Vladimir	M	1943	
ParlaMint-HR-en_2008-02-27-0	ParlaMint-HR_2008-02-27-0.u3377	Minutes of the National Assembly of the Republic of Croatia, Term 6, Session 3	2008-02-27	Unicameralism	6. mandat	-	Zasedanje 3	2008-03-28	-	Reference	English	Regular	notMP	notMinister	-	-	-	-	TufekčićŽeljko	Tufekčić, Željko	U	-	
ParlaMint-HR-en_2008-02-27-0	ParlaMint-HR_2008-02-27-0.u3378	Minutes of the National Assembly of the Republic of Croatia, Term 6, Session 3	2008-02-27	Unicameralism	6. mandat	-	Zasedanje 3	2008-03-28	-	Reference	English	Chairperson	MP	notMinister	HDZ	Hrvatska demokratska zajednica	Opposition	Centre-right	ŠeksVladimir	Šeks, Vladimir	M	1943	
ParlaMint-HR-en_2008-02-27-0	ParlaMint-HR_2008-02-27-0.u3379	Minutes of the National Assembly of the Republic of Croatia, Term 6, Session 3	2008-02-27	Unicameralism	6. mandat	-	Zasedanje 3	2008-03-28	-	Reference	English	Regular	MP	notMinister	SDP	Socijaldemokratska partija Hrvatske	Opposition	Centre-left	JurjevićMarin	Jurjević, Marin	M	1952	
ParlaMint-HR-en_2008-02-27-0	ParlaMint-HR_2008-02-27-0.u3380	Minutes of the National Assembly of the Republic of Croatia, Term 6, Session 3	2008-02-27	Unicameralism	6. mandat	-	Zasedanje 3	2008-03-28	-	Reference	English	Chairperson	MP	notMinister	HDZ	Hrvatska demokratska zajednica	Opposition	Centre-right	ŠeksVladimir	Šeks, Vladimir	M	1943	
ParlaMint-HR-en_2008-02-27-0	ParlaMint-HR_2008-02-27-0.u3381	Minutes of the National Assembly of the Republic of Croatia, Term 6, Session 3	2008-02-27	Unicameralism	6. mandat	-	Zasedanje 3	2008-03-28	-	Reference	English	Regular	notMP	notMinister	-	-	-	-	TufekčićŽeljko	Tufekčić, Željko	U	-	
ParlaMint-HR-en_2008-02-27-0	ParlaMint-HR_2008-02-27-0.u3382	Minutes of the National Assembly of the Republic of Croatia, Term 6, Session 3	2008-02-27	Unicameralism	6. mandat	-	Zasedanje 3	2008-03-28	-	Reference	English	Chairperson	MP	notMinister	HDZ	Hrvatska demokratska zajednica	Opposition	Centre-right	ŠeksVladimir	Šeks, Vladimir	M	1943	
ParlaMint-HR-en_2008-02-27-0	ParlaMint-HR_2008-02-27-0.u3383	Minutes of the National Assembly of the Republic of Croatia, Term 6, Session 3	2008-02-27	Unicameralism	6. mandat	-	Zasedanje 3	2008-03-28	-	Reference	English	Regular	MP	notMinister	SDP	Socijaldemokratska partija Hrvatske	Opposition	Centre-left	HanžekIvan	Hanžek, Ivan	M	1948	
ParlaMint-HR-en_2008-02-27-0	ParlaMint-HR_2008-02-27-0.u3384	Minutes of the National Assembly of the Republic of Croatia, Term 6, Session 3	2008-02-27	Unicameralism	6. mandat	-	Zasedanje 3	2008-03-28	-	Reference	English	Chairperson	MP	notMinister	HDZ	Hrvatska demokratska zajednica	Opposition	Centre-right	ŠeksVladimir	Šeks, Vladimir	M	1943	
ParlaMint-HR-en_2008-02-27-0	ParlaMint-HR_2008-02-27-0.u3385	Minutes of the National Assembly of the Republic of Croatia, Term 6, Session 3	2008-02-27	Unicameralism	6. mandat	-	Zasedanje 3	2008-03-28	-	Reference	English	Regular	notMP	notMinister	-	-	-	-	TufekčićŽeljko	Tufekčić, Željko	U	-	
ParlaMint-HR-en_2008-02-27-0	ParlaMint-HR_2008-02-27-0.u3386	Minutes of the National Assembly of the Republic of Croatia, Term 6, Session 3	2008-02-27	Unicameralism	6. mandat	-	Zasedanje 3	2008-03-28	-	Reference	English	Chairperson	MP	notMinister	HDZ	Hrvatska demokratska zajednica	Opposition	Centre-right	ŠeksVladimir	Šeks, Vladimir	M	1943	
ParlaMint-HR-en_2008-02-27-0	ParlaMint-HR_2008-02-27-0.u3387	Minutes of the National Assembly of the Republic of Croatia, Term 6, Session 3	2008-02-27	Unicameralism	6. mandat	-	Zasedanje 3	2008-03-28	-	Reference	English	Regular	MP	notMinister	SDP	Socijaldemokratska partija Hrvatske	Opposition	Centre-left	ZgrebecDragica	Zgrebec, Dragica	F	1950	
ParlaMint-HR-en_2008-02-27-0	ParlaMint-HR_2008-02-27-0.u3388	Minutes of the National Assembly of the Republic of Croatia, Term 6, Session 3	2008-02-27	Unicameralism	6. mandat	-	Zasedanje 3	2008-03-28	-	Reference	English	Chairperson	MP	notMinister	HDZ	Hrvatska demokratska zajednica	Opposition	Centre-right	ŠeksVladimir	Šeks, Vladimir	M	1943	
ParlaMint-HR-en_2008-02-27-0	ParlaMint-HR_2008-02-27-0.u3389	Minutes of the National Assembly of the Republic of Croatia, Term 6, Session 3	2008-02-27	Unicameralism	6. mandat	-	Zasedanje 3	2008-03-28	-	Reference	English	Regular	notMP	notMinister	-	-	-	-	TufekčićŽeljko	Tufekčić, Željko	U	-	
ParlaMint-HR-en_2008-02-27-0	ParlaMint-HR_2008-02-27-0.u3390	Minutes of the National Assembly of the Republic of Croatia, Term 6, Session 3	2008-02-27	Unicameralism	6. mandat	-	Zasedanje 3	2008-03-28	-	Reference	English	Chairperson	MP	notMinister	HDZ	Hrvatska demokratska zajednica	Opposition	Centre-right	ŠeksVladimir	Šeks, Vladimir	M	1943	
ParlaMint-HR-en_2008-02-27-0	ParlaMint-HR_2008-02-27-0.u3391	Minutes of the National Assembly of the Republic of Croatia, Term 6, Session 3	2008-02-27	Unicameralism	6. mandat	-	Zasedanje 3	2008-03-28	-	Reference	English	Regular	MP	notMinister	SDP	Socijaldemokratska partija Hrvatske	Opposition	Centre-left	LučinŠime	Lučin, Šime	M	1958	
ParlaMint-HR-en_2008-02-27-0	ParlaMint-HR_2008-02-27-0.u3392	Minutes of the National Assembly of the Republic of Croatia, Term 6, Session 3	2008-02-27	Unicameralism	6. mandat	-	Zasedanje 3	2008-03-28	-	Reference	English	Chairperson	MP	notMinister	HDZ	Hrvatska demokratska zajednica	Opposition	Centre-right	ŠeksVladimir	Šeks, Vladimir	M	1943	
ParlaMint-HR-en_2008-02-27-0	ParlaMint-HR_2008-02-27-0.u3393	Minutes of the National Assembly of the Republic of Croatia, Term 6, Session 3	2008-02-27	Unicameralism	6. mandat	-	Zasedanje 3	2008-03-28	-	Reference	English	Regular	notMP	notMinister	-	-	-	-	TufekčićŽeljko	Tufekčić, Željko	U	-	
ParlaMint-HR-en_2008-02-27-0	ParlaMint-HR_2008-02-27-0.u3394	Minutes of the National Assembly of the Republic of Croatia, Term 6, Session 3	2008-02-27	Unicameralism	6. mandat	-	Zasedanje 3	2008-03-28	-	Reference	English	Chairperson	MP	notMinister	HDZ	Hrvatska demokratska zajednica	Opposition	Centre-right	ŠeksVladimir	Šeks, Vladimir	M	1943	
ParlaMint-HR-en_2008-02-27-0	ParlaMint-HR_2008-02-27-0.u3395	Minutes of the National Assembly of the Republic of Croatia, Term 6, Session 3	2008-02-27	Unicameralism	6. mandat	-	Zasedanje 3	2008-03-28	-	Reference	English	Regular	MP	notMinister	HDSSB	Hrvatski demokratski savez Slavonije i Baranje	Opposition	Centre-right	VinkovićZoran	Vinković, Zoran	M	1966	
ParlaMint-HR-en_2008-02-27-0	ParlaMint-HR_2008-02-27-0.u3396	Minutes of the National Assembly of the Republic of Croatia, Term 6, Session 3	2008-02-27	Unicameralism	6. mandat	-	Zasedanje 3	2008-03-28	-	Reference	English	Regular	notMP	notMinister	-	-	-	-	TufekčićŽeljko	Tufekčić, Željko	U	-	
ParlaMint-HR-en_2008-02-27-0	ParlaMint-HR_2008-02-27-0.u3397	Minutes of the National Assembly of the Republic of Croatia, Term 6, Session 3	2008-02-27	Unicameralism	6. mandat	-	Zasedanje 3	2008-03-28	-	Reference	English	Regular	MP	notMinister	HDSSB	Hrvatski demokratski savez Slavonije i Baranje	Opposition	Centre-right	VinkovićZoran	Vinković, Zoran	M	1966	
ParlaMint-HR-en_2008-02-27-0	ParlaMint-HR_2008-02-27-0.u3398	Minutes of the National Assembly of the Republic of Croatia, Term 6, Session 3	2008-02-27	Unicameralism	6. mandat	-	Zasedanje 3	2008-03-28	-	Reference	English	Chairperson	MP	notMinister	HDZ	Hrvatska demokratska zajednica	Opposition	Centre-right	ŠeksVladimir	Šeks, Vladimir	M	1943	
ParlaMint-HR-en_2008-02-27-0	ParlaMint-HR_2008-02-27-0.u3399	Minutes of the National Assembly of the Republic of Croatia, Term 6, Session 3	2008-02-27	Unicameralism	6. mandat	-	Zasedanje 3	2008-03-28	-	Reference	English	Regular	notMP	notMinister	-	-	-	-	TufekčićŽeljko	Tufekčić, Željko	U	-	
ParlaMint-HR-en_2008-02-27-0	ParlaMint-HR_2008-02-27-0.u3400	Minutes of the National Assembly of the Republic of Croatia, Term 6, Session 3	2008-02-27	Unicameralism	6. mandat	-	Zasedanje 3	2008-03-28	-	Reference	English	Chairperson	MP	notMinister	HDZ	Hrvatska demokratska zajednica	Opposition	Centre-right	ŠeksVladimir	Šeks, Vladimir	M	1943	
ParlaMint-HR-en_2008-02-27-0	ParlaMint-HR_2008-02-27-0.u3401	Minutes of the National Assembly of the Republic of Croatia, Term 6, Session 3	2008-02-27	Unicameralism	6. mandat	-	Zasedanje 3	2008-03-28	-	Reference	English	Regular	MP	notMinister	SDP	Socijaldemokratska partija Hrvatske	Opposition	Centre-left	MršićZvonimir	Mršić, Zvonimir	M	1966	
ParlaMint-HR-en_2008-02-27-0	ParlaMint-HR_2008-02-27-0.u3402	Minutes of the National Assembly of the Republic of Croatia, Term 6, Session 3	2008-02-27	Unicameralism	6. mandat	-	Zasedanje 3	2008-03-28	-	Reference	English	Chairperson	MP	notMinister	HDZ	Hrvatska demokratska zajednica	Opposition	Centre-right	ŠeksVladimir	Šeks, Vladimir	M	1943	
ParlaMint-HR-en_2008-02-27-0	ParlaMint-HR_2008-02-27-0.u3403	Minutes of the National Assembly of the Republic of Croatia, Term 6, Session 3	2008-02-27	Unicameralism	6. mandat	-	Zasedanje 3	2008-03-28	-	Reference	English	Regular	notMP	notMinister	-	-	-	-	TufekčićŽeljko	Tufekčić, Željko	U	-	
ParlaMint-HR-en_2008-02-27-0	ParlaMint-HR_2008-02-27-0.u3404	Minutes of the National Assembly of the Republic of Croatia, Term 6, Session 3	2008-02-27	Unicameralism	6. mandat	-	Zasedanje 3	2008-03-28	-	Reference	English	Chairperson	MP	notMinister	HDZ	Hrvatska demokratska zajednica	Opposition	Centre-right	ŠeksVladimir	Šeks, Vladimir	M	1943	
ParlaMint-HR-en_2008-02-27-0	ParlaMint-HR_2008-02-27-0.u3405	Minutes of the National Assembly of the Republic of Croatia, Term 6, Session 3	2008-02-27	Unicameralism	6. mandat	-	Zasedanje 3	2008-03-28	-	Reference	English	Regular	MP	notMinister	SDP	Socijaldemokratska partija Hrvatske	Opposition	Centre-left	ZgrebecDragica	Zgrebec, Dragica	F	1950	
ParlaMint-HR-en_2008-02-27-0	ParlaMint-HR_2008-02-27-0.u3406	Minutes of the National Assembly of the Republic of Croatia, Term 6, Session 3	2008-02-27	Unicameralism	6. mandat	-	Zasedanje 3	2008-03-28	-	Reference	English	Chairperson	MP	notMinister	HDZ	Hrvatska demokratska zajednica	Opposition	Centre-right	ŠeksVladimir	Šeks, Vladimir	M	1943	
ParlaMint-HR-en_2008-02-27-0	ParlaMint-HR_2008-02-27-0.u3407	Minutes of the National Assembly of the Republic of Croatia, Term 6, Session 3	2008-02-27	Unicameralism	6. mandat	-	Zasedanje 3	2008-03-28	-	Reference	English	Regular	notMP	notMinister	-	-	-	-	TufekčićŽeljko	Tufekčić, Željko	U	-	
ParlaMint-HR-en_2008-02-27-0	ParlaMint-HR_2008-02-27-0.u3408	Minutes of the National Assembly of the Republic of Croatia, Term 6, Session 3	2008-02-27	Unicameralism	6. mandat	-	Zasedanje 3	2008-03-28	-	Reference	English	Chairperson	MP	notMinister	HDZ	Hrvatska demokratska zajednica	Opposition	Centre-right	ŠeksVladimir	Šeks, Vladimir	M	1943	
ParlaMint-HR-en_2008-02-27-0	ParlaMint-HR_2008-02-27-0.u3409	Minutes of the National Assembly of the Republic of Croatia, Term 6, Session 3	2008-02-27	Unicameralism	6. mandat	-	Zasedanje 3	2008-03-28	-	Reference	English	Regular	MP	notMinister	SDP	Socijaldemokratska partija Hrvatske	Opposition	Centre-left	KurelićBruno	Kurelić, Bruno	M	1953	
ParlaMint-HR-en_2008-02-27-0	ParlaMint-HR_2008-02-27-0.u3410	Minutes of the National Assembly of the Republic of Croatia, Term 6, Session 3	2008-02-27	Unicameralism	6. mandat	-	Zasedanje 3	2008-03-28	-	Reference	English	Chairperson	MP	notMinister	HDZ	Hrvatska demokratska zajednica	Opposition	Centre-right	ŠeksVladimir	Šeks, Vladimir	M	1943	
ParlaMint-HR-en_2008-02-27-0	ParlaMint-HR_2008-02-27-0.u3411	Minutes of the National Assembly of the Republic of Croatia, Term 6, Session 3	2008-02-27	Unicameralism	6. mandat	-	Zasedanje 3	2008-03-28	-	Reference	English	Regular	notMP	notMinister	-	-	-	-	TufekčićŽeljko	Tufekčić, Željko	U	-	
ParlaMint-HR-en_2008-02-27-0	ParlaMint-HR_2008-02-27-0.u3412	Minutes of the National Assembly of the Republic of Croatia, Term 6, Session 3	2008-02-27	Unicameralism	6. mandat	-	Zasedanje 3	2008-03-28	-	Reference	English	Chairperson	MP	notMinister	HDZ	Hrvatska demokratska zajednica	Opposition	Centre-right	ŠeksVladimir	Šeks, Vladimir	M	1943	
ParlaMint-HR-en_2008-02-27-0	ParlaMint-HR_2008-02-27-0.u3413	Minutes of the National Assembly of the Republic of Croatia, Term 6, Session 3	2008-02-27	Unicameralism	6. mandat	-	Zasedanje 3	2008-03-28	-	Reference	English	Regular	MP	notMinister	nezavisni	nezavisni	-	-	HorvatZlatko	Horvat, Zlatko	M	1948	
ParlaMint-HR-en_2008-02-27-0	ParlaMint-HR_2008-02-27-0.u3414	Minutes of the National Assembly of the Republic of Croatia, Term 6, Session 3	2008-02-27	Unicameralism	6. mandat	-	Zasedanje 3	2008-03-28	-	Reference	English	Chairperson	MP	notMinister	HDZ	Hrvatska demokratska zajednica	Opposition	Centre-right	ŠeksVladimir	Šeks, Vladimir	M	1943	
ParlaMint-HR-en_2008-02-27-0	ParlaMint-HR_2008-02-27-0.u3415	Minutes of the National Assembly of the Republic of Croatia, Term 6, Session 3	2008-02-27	Unicameralism	6. mandat	-	Zasedanje 3	2008-03-28	-	Reference	English	Regular	notMP	notMinister	-	-	-	-	TufekčićŽeljko	Tufekčić, Željko	U	-	
ParlaMint-HR-en_2008-02-27-0	ParlaMint-HR_2008-02-27-0.u3416	Minutes of the National Assembly of the Republic of Croatia, Term 6, Session 3	2008-02-27	Unicameralism	6. mandat	-	Zasedanje 3	2008-03-28	-	Reference	English	Chairperson	MP	notMinister	HDZ	Hrvatska demokratska zajednica	Opposition	Centre-right	ŠeksVladimir	Šeks, Vladimir	M	1943	
ParlaMint-HR-en_2008-02-27-0	ParlaMint-HR_2008-02-27-0.u3417	Minutes of the National Assembly of the Republic of Croatia, Term 6, Session 3	2008-02-27	Unicameralism	6. mandat	-	Zasedanje 3	2008-03-28	-	Reference	English	Regular	MP	notMinister	SDP	Socijaldemokratska partija Hrvatske	Opposition	Centre-left	MondekarDaniel	Mondekar, Daniel	M	1978	
ParlaMint-HR-en_2008-02-27-0	ParlaMint-HR_2008-02-27-0.u3418	Minutes of the National Assembly of the Republic of Croatia, Term 6, Session 3	2008-02-27	Unicameralism	6. mandat	-	Zasedanje 3	2008-03-28	-	Reference	English	Chairperson	MP	notMinister	HDZ	Hrvatska demokratska zajednica	Opposition	Centre-right	ŠeksVladimir	Šeks, Vladimir	M	1943	
ParlaMint-HR-en_2008-02-27-0	ParlaMint-HR_2008-02-27-0.u3419	Minutes of the National Assembly of the Republic of Croatia, Term 6, Session 3	2008-02-27	Unicameralism	6. mandat	-	Zasedanje 3	2008-03-28	-	Reference	English	Regular	notMP	notMinister	-	-	-	-	TufekčićŽeljko	Tufekčić, Željko	U	-	
ParlaMint-HR-en_2008-02-27-0	ParlaMint-HR_2008-02-27-0.u3420	Minutes of the National Assembly of the Republic of Croatia, Term 6, Session 3	2008-02-27	Unicameralism	6. mandat	-	Zasedanje 3	2008-03-28	-	Reference	English	Chairperson	MP	notMinister	HDZ	Hrvatska demokratska zajednica	Opposition	Centre-right	ŠeksVladimir	Šeks, Vladimir	M	1943	
ParlaMint-HR-en_2008-02-27-0	ParlaMint-HR_2008-02-27-0.u3421	Minutes of the National Assembly of the Republic of Croatia, Term 6, Session 3	2008-02-27	Unicameralism	6. mandat	-	Zasedanje 3	2008-03-28	-	Reference	English	Regular	MP	notMinister	SDP	Socijaldemokratska partija Hrvatske	Opposition	Centre-left	MondekarDaniel	Mondekar, Daniel	M	1978	
ParlaMint-HR-en_2008-02-27-0	ParlaMint-HR_2008-02-27-0.u3422	Minutes of the National Assembly of the Republic of Croatia, Term 6, Session 3	2008-02-27	Unicameralism	6. mandat	-	Zasedanje 3	2008-03-28	-	Reference	English	Chairperson	MP	notMinister	HDZ	Hrvatska demokratska zajednica	Opposition	Centre-right	ŠeksVladimir	Šeks, Vladimir	M	1943	
ParlaMint-HR-en_2008-02-27-0	ParlaMint-HR_2008-02-27-0.u3423	Minutes of the National Assembly of the Republic of Croatia, Term 6, Session 3	2008-02-27	Unicameralism	6. mandat	-	Zasedanje 3	2008-03-28	-	Reference	English	Regular	notMP	notMinister	-	-	-	-	TufekčićŽeljko	Tufekčić, Željko	U	-	
ParlaMint-HR-en_2008-02-27-0	ParlaMint-HR_2008-02-27-0.u3424	Minutes of the National Assembly of the Republic of Croatia, Term 6, Session 3	2008-02-27	Unicameralism	6. mandat	-	Zasedanje 3	2008-03-28	-	Reference	English	Chairperson	MP	notMinister	HDZ	Hrvatska demokratska zajednica	Opposition	Centre-right	ŠeksVladimir	Šeks, Vladimir	M	1943	
ParlaMint-HR-en_2008-02-27-0	ParlaMint-HR_2008-02-27-0.u3425	Minutes of the National Assembly of the Republic of Croatia, Term 6, Session 3	2008-02-27	Unicameralism	6. mandat	-	Zasedanje 3	2008-03-28	-	Reference	English	Regular	MP	notMinister	SDP	Socijaldemokratska partija Hrvatske	Opposition	Centre-left	MondekarDaniel	Mondekar, Daniel	M	1978	
ParlaMint-HR-en_2008-02-27-0	ParlaMint-HR_2008-02-27-0.u3426	Minutes of the National Assembly of the Republic of Croatia, Term 6, Session 3	2008-02-27	Unicameralism	6. mandat	-	Zasedanje 3	2008-03-28	-	Reference	English	Chairperson	MP	notMinister	HDZ	Hrvatska demokratska zajednica	Opposition	Centre-right	ŠeksVladimir	Šeks, Vladimir	M	1943	
ParlaMint-HR-en_2008-02-27-0	ParlaMint-HR_2008-02-27-0.u3427	Minutes of the National Assembly of the Republic of Croatia, Term 6, Session 3	2008-02-27	Unicameralism	6. mandat	-	Zasedanje 3	2008-03-28	-	Reference	English	Regular	notMP	notMinister	-	-	-	-	TufekčićŽeljko	Tufekčić, Željko	U	-	
ParlaMint-HR-en_2008-02-27-0	ParlaMint-HR_2008-02-27-0.u3428	Minutes of the National Assembly of the Republic of Croatia, Term 6, Session 3	2008-02-27	Unicameralism	6. mandat	-	Zasedanje 3	2008-03-28	-	Reference	English	Chairperson	MP	notMinister	HDZ	Hrvatska demokratska zajednica	Opposition	Centre-right	ŠeksVladimir	Šeks, Vladimir	M	1943	
ParlaMint-HR-en_2008-02-27-0	ParlaMint-HR_2008-02-27-0.u3429	Minutes of the National Assembly of the Republic of Croatia, Term 6, Session 3	2008-02-27	Unicameralism	6. mandat	-	Zasedanje 3	2008-03-28	-	Reference	English	Regular	MP	notMinister	SDP	Socijaldemokratska partija Hrvatske	Opposition	Centre-left	VrbatGrgićTanja	Vrbat Grgić, Tanja	F	1979	
ParlaMint-HR-en_2008-02-27-0	ParlaMint-HR_2008-02-27-0.u3430	Minutes of the National Assembly of the Republic of Croatia, Term 6, Session 3	2008-02-27	Unicameralism	6. mandat	-	Zasedanje 3	2008-03-28	-	Reference	English	Chairperson	MP	notMinister	HDZ	Hrvatska demokratska zajednica	Opposition	Centre-right	ŠeksVladimir	Šeks, Vladimir	M	1943	
ParlaMint-HR-en_2008-02-27-0	ParlaMint-HR_2008-02-27-0.u3431	Minutes of the National Assembly of the Republic of Croatia, Term 6, Session 3	2008-02-27	Unicameralism	6. mandat	-	Zasedanje 3	2008-03-28	-	Reference	English	Regular	notMP	notMinister	-	-	-	-	TufekčićŽeljko	Tufekčić, Željko	U	-	
ParlaMint-HR-en_2008-02-27-0	ParlaMint-HR_2008-02-27-0.u3432	Minutes of the National Assembly of the Republic of Croatia, Term 6, Session 3	2008-02-27	Unicameralism	6. mandat	-	Zasedanje 3	2008-03-28	-	Reference	English	Chairperson	MP	notMinister	HDZ	Hrvatska demokratska zajednica	Opposition	Centre-right	ŠeksVladimir	Šeks, Vladimir	M	1943	
ParlaMint-HR-en_2008-02-27-0	ParlaMint-HR_2008-02-27-0.u3433	Minutes of the National Assembly of the Republic of Croatia, Term 6, Session 3	2008-02-27	Unicameralism	6. mandat	-	Zasedanje 3	2008-03-28	-	Reference	English	Regular	MP	notMinister	SDP	Socijaldemokratska partija Hrvatske	Opposition	Centre-left	VrbatGrgićTanja	Vrbat Grgić, Tanja	F	1979	
ParlaMint-HR-en_2008-02-27-0	ParlaMint-HR_2008-02-27-0.u3434	Minutes of the National Assembly of the Republic of Croatia, Term 6, Session 3	2008-02-27	Unicameralism	6. mandat	-	Zasedanje 3	2008-03-28	-	Reference	English	Chairperson	MP	notMinister	HDZ	Hrvatska demokratska zajednica	Opposition	Centre-right	ŠeksVladimir	Šeks, Vladimir	M	1943	
ParlaMint-HR-en_2008-02-27-0	ParlaMint-HR_2008-02-27-0.u3435	Minutes of the National Assembly of the Republic of Croatia, Term 6, Session 3	2008-02-27	Unicameralism	6. mandat	-	Zasedanje 3	2008-03-28	-	Reference	English	Regular	notMP	notMinister	-	-	-	-	TufekčićŽeljko	Tufekčić, Željko	U	-	
ParlaMint-HR-en_2008-02-27-0	ParlaMint-HR_2008-02-27-0.u3436	Minutes of the National Assembly of the Republic of Croatia, Term 6, Session 3	2008-02-27	Unicameralism	6. mandat	-	Zasedanje 3	2008-03-28	-	Reference	English	Chairperson	MP	notMinister	HDZ	Hrvatska demokratska zajednica	Opposition	Centre-right	ŠeksVladimir	Šeks, Vladimir	M	1943	
ParlaMint-HR-en_2008-02-27-0	ParlaMint-HR_2008-02-27-0.u3437	Minutes of the National Assembly of the Republic of Croatia, Term 6, Session 3	2008-02-27	Unicameralism	6. mandat	-	Zasedanje 3	2008-03-28	-	Reference	English	Regular	MP	notMinister	HDSSB	Hrvatski demokratski savez Slavonije i Baranje	Opposition	Centre-right	VinkovićZoran	Vinković, Zoran	M	1966	
ParlaMint-HR-en_2008-02-27-0	ParlaMint-HR_2008-02-27-0.u3438	Minutes of the National Assembly of the Republic of Croatia, Term 6, Session 3	2008-02-27	Unicameralism	6. mandat	-	Zasedanje 3	2008-03-28	-	Reference	English	Chairperson	MP	notMinister	HDZ	Hrvatska demokratska zajednica	Opposition	Centre-right	ŠeksVladimir	Šeks, Vladimir	M	1943	
ParlaMint-HR-en_2008-02-27-0	ParlaMint-HR_2008-02-27-0.u3439	Minutes of the National Assembly of the Republic of Croatia, Term 6, Session 3	2008-02-27	Unicameralism	6. mandat	-	Zasedanje 3	2008-03-28	-	Reference	English	Regular	MP	notMinister	HDZ	Hrvatska demokratska zajednica	Opposition	Centre-right	HebrangAndrija	Hebrang, Andrija	F	1946	
ParlaMint-HR-en_2008-02-27-0	ParlaMint-HR_2008-02-27-0.u3440	Minutes of the National Assembly of the Republic of Croatia, Term 6, Session 3	2008-02-27	Unicameralism	6. mandat	-	Zasedanje 3	2008-03-28	-	Reference	English	Chairperson	MP	notMinister	HDZ	Hrvatska demokratska zajednica	Opposition	Centre-right	ŠeksVladimir	Šeks, Vladimir	M	1943	
ParlaMint-HR-en_2008-02-27-0	ParlaMint-HR_2008-02-27-0.u3448	Minutes of the National Assembly of the Republic of Croatia, Term 6, Session 3	2008-02-27	Unicameralism	6. mandat	-	Zasedanje 3	2008-03-28	-	Reference	English	Chairperson	MP	notMinister	HDZ	Hrvatska demokratska zajednica	Opposition	Centre-right	BebićLuka	Bebić, Luka	M	1937	
ParlaMint-HR-en_2008-02-27-0	ParlaMint-HR_2008-02-27-0.u3449	Minutes of the National Assembly of the Republic of Croatia, Term 6, Session 3	2008-02-27	Unicameralism	6. mandat	-	Zasedanje 3	2008-03-28	-	Reference	English	Chairperson	MP	notMinister	HDZ	Hrvatska demokratska zajednica	Opposition	Centre-right	ŠeksVladimir	Šeks, Vladimir	M	1943	
ParlaMint-HR-en_2008-02-27-0	ParlaMint-HR_2008-02-27-0.u3450	Minutes of the National Assembly of the Republic of Croatia, Term 6, Session 3	2008-02-27	Unicameralism	6. mandat	-	Zasedanje 3	2008-03-28	-	Reference	English	Regular	MP	notMinister	HDZ	Hrvatska demokratska zajednica	Opposition	Centre-right	ŠukerIvan	Šuker, Ivan	M	1957	
ParlaMint-HR-en_2008-02-27-0	ParlaMint-HR_2008-02-27-0.u3451	Minutes of the National Assembly of the Republic of Croatia, Term 6, Session 3	2008-02-27	Unicameralism	6. mandat	-	Zasedanje 3	2008-03-28	-	Reference	English	Chairperson	MP	notMinister	HDZ	Hrvatska demokratska zajednica	Opposition	Centre-right	ŠeksVladimir	Šeks, Vladimir	M	1943	
ParlaMint-HR-en_2008-02-27-0	ParlaMint-HR_2008-02-27-0.u3452	Minutes of the National Assembly of the Republic of Croatia, Term 6, Session 3	2008-02-27	Unicameralism	6. mandat	-	Zasedanje 3	2008-03-28	-	Reference	English	Regular	MP	notMinister	SDP	Socijaldemokratska partija Hrvatske	Opposition	Centre-left	MršićZvonimir	Mršić, Zvonimir	M	1966	
ParlaMint-HR-en_2008-02-27-0	ParlaMint-HR_2008-02-27-0.u3453	Minutes of the National Assembly of the Republic of Croatia, Term 6, Session 3	2008-02-27	Unicameralism	6. mandat	-	Zasedanje 3	2008-03-28	-	Reference	English	Chairperson	MP	notMinister	HDZ	Hrvatska demokratska zajednica	Opposition	Centre-right	ŠeksVladimir	Šeks, Vladimir	M	1943	
ParlaMint-HR-en_2008-02-27-0	ParlaMint-HR_2008-02-27-0.u3454	Minutes of the National Assembly of the Republic of Croatia, Term 6, Session 3	2008-02-27	Unicameralism	6. mandat	-	Zasedanje 3	2008-03-28	-	Reference	English	Regular	MP	notMinister	HDZ	Hrvatska demokratska zajednica	Opposition	Centre-right	ŠukerIvan	Šuker, Ivan	M	1957	
ParlaMint-HR-en_2008-02-27-0	ParlaMint-HR_2008-02-27-0.u3455	Minutes of the National Assembly of the Republic of Croatia, Term 6, Session 3	2008-02-27	Unicameralism	6. mandat	-	Zasedanje 3	2008-03-28	-	Reference	English	Chairperson	MP	notMinister	HDZ	Hrvatska demokratska zajednica	Opposition	Centre-right	ŠeksVladimir	Šeks, Vladimir	M	1943	
ParlaMint-HR-en_2008-02-27-0	ParlaMint-HR_2008-02-27-0.u3456	Minutes of the National Assembly of the Republic of Croatia, Term 6, Session 3	2008-02-27	Unicameralism	6. mandat	-	Zasedanje 3	2008-03-28	-	Reference	English	Regular	MP	notMinister	SDP	Socijaldemokratska partija Hrvatske	Opposition	Centre-left	MršićZvonimir	Mršić, Zvonimir	M	1966	
ParlaMint-HR-en_2008-02-27-0	ParlaMint-HR_2008-02-27-0.u3457	Minutes of the National Assembly of the Republic of Croatia, Term 6, Session 3	2008-02-27	Unicameralism	6. mandat	-	Zasedanje 3	2008-03-28	-	Reference	English	Chairperson	MP	notMinister	HDZ	Hrvatska demokratska zajednica	Opposition	Centre-right	ŠeksVladimir	Šeks, Vladimir	M	1943	
ParlaMint-HR-en_2008-02-27-0	ParlaMint-HR_2008-02-27-0.u3458	Minutes of the National Assembly of the Republic of Croatia, Term 6, Session 3	2008-02-27	Unicameralism	6. mandat	-	Zasedanje 3	2008-03-28	-	Reference	English	Regular	MP	notMinister	HDZ	Hrvatska demokratska zajednica	Opposition	Centre-right	ŠukerIvan	Šuker, Ivan	M	1957	
ParlaMint-HR-en_2008-02-27-0	ParlaMint-HR_2008-02-27-0.u3459	Minutes of the National Assembly of the Republic of Croatia, Term 6, Session 3	2008-02-27	Unicameralism	6. mandat	-	Zasedanje 3	2008-03-28	-	Reference	English	Chairperson	MP	notMinister	HDZ	Hrvatska demokratska zajednica	Opposition	Centre-right	ŠeksVladimir	Šeks, Vladimir	M	1943	
ParlaMint-HR-en_2008-02-27-0	ParlaMint-HR_2008-02-27-0.u3460	Minutes of the National Assembly of the Republic of Croatia, Term 6, Session 3	2008-02-27	Unicameralism	6. mandat	-	Zasedanje 3	2008-03-28	-	Reference	English	Regular	MP	notMinister	SDP	Socijaldemokratska partija Hrvatske	Opposition	Centre-left	MršićZvonimir	Mršić, Zvonimir	M	1966	
ParlaMint-HR-en_2008-02-27-0	ParlaMint-HR_2008-02-27-0.u3461	Minutes of the National Assembly of the Republic of Croatia, Term 6, Session 3	2008-02-27	Unicameralism	6. mandat	-	Zasedanje 3	2008-03-28	-	Reference	English	Chairperson	MP	notMinister	HDZ	Hrvatska demokratska zajednica	Opposition	Centre-right	ŠeksVladimir	Šeks, Vladimir	M	1943	
ParlaMint-HR-en_2008-02-27-0	ParlaMint-HR_2008-02-27-0.u3462	Minutes of the National Assembly of the Republic of Croatia, Term 6, Session 3	2008-02-27	Unicameralism	6. mandat	-	Zasedanje 3	2008-03-28	-	Reference	English	Regular	MP	notMinister	HDZ	Hrvatska demokratska zajednica	Opposition	Centre-right	ŠukerIvan	Šuker, Ivan	M	1957	
ParlaMint-HR-en_2008-02-27-0	ParlaMint-HR_2008-02-27-0.u3463	Minutes of the National Assembly of the Republic of Croatia, Term 6, Session 3	2008-02-27	Unicameralism	6. mandat	-	Zasedanje 3	2008-03-28	-	Reference	English	Chairperson	MP	notMinister	HDZ	Hrvatska demokratska zajednica	Opposition	Centre-right	ŠeksVladimir	Šeks, Vladimir	M	1943	
ParlaMint-HR-en_2008-02-27-0	ParlaMint-HR_2008-02-27-0.u3464	Minutes of the National Assembly of the Republic of Croatia, Term 6, Session 3	2008-02-27	Unicameralism	6. mandat	-	Zasedanje 3	2008-03-28	-	Reference	English	Regular	MP	notMinister	SDP	Socijaldemokratska partija Hrvatske	Opposition	Centre-left	MršićZvonimir	Mršić, Zvonimir	M	1966	
ParlaMint-HR-en_2008-02-27-0	ParlaMint-HR_2008-02-27-0.u3465	Minutes of the National Assembly of the Republic of Croatia, Term 6, Session 3	2008-02-27	Unicameralism	6. mandat	-	Zasedanje 3	2008-03-28	-	Reference	English	Chairperson	MP	notMinister	HDZ	Hrvatska demokratska zajednica	Opposition	Centre-right	ŠeksVladimir	Šeks, Vladimir	M	1943	
ParlaMint-HR-en_2008-02-27-0	ParlaMint-HR_2008-02-27-0.u3466	Minutes of the National Assembly of the Republic of Croatia, Term 6, Session 3	2008-02-27	Unicameralism	6. mandat	-	Zasedanje 3	2008-03-28	-	Reference	English	Regular	MP	notMinister	HDZ	Hrvatska demokratska zajednica	Opposition	Centre-right	ŠukerIvan	Šuker, Ivan	M	1957	
ParlaMint-HR-en_2008-02-27-0	ParlaMint-HR_2008-02-27-0.u3467	Minutes of the National Assembly of the Republic of Croatia, Term 6, Session 3	2008-02-27	Unicameralism	6. mandat	-	Zasedanje 3	2008-03-28	-	Reference	English	Chairperson	MP	notMinister	HDZ	Hrvatska demokratska zajednica	Opposition	Centre-right	ŠeksVladimir	Šeks, Vladimir	M	1943	
ParlaMint-HR-en_2008-02-27-0	ParlaMint-HR_2008-02-27-0.u3468	Minutes of the National Assembly of the Republic of Croatia, Term 6, Session 3	2008-02-27	Unicameralism	6. mandat	-	Zasedanje 3	2008-03-28	-	Reference	English	Regular	MP	notMinister	SDP	Socijaldemokratska partija Hrvatske	Opposition	Centre-left	MršićZvonimir	Mršić, Zvonimir	M	1966	
ParlaMint-HR-en_2008-02-27-0	ParlaMint-HR_2008-02-27-0.u3469	Minutes of the National Assembly of the Republic of Croatia, Term 6, Session 3	2008-02-27	Unicameralism	6. mandat	-	Zasedanje 3	2008-03-28	-	Reference	English	Chairperson	MP	notMinister	HDZ	Hrvatska demokratska zajednica	Opposition	Centre-right	ŠeksVladimir	Šeks, Vladimir	M	1943	
ParlaMint-HR-en_2008-02-27-0	ParlaMint-HR_2008-02-27-0.u3470	Minutes of the National Assembly of the Republic of Croatia, Term 6, Session 3	2008-02-27	Unicameralism	6. mandat	-	Zasedanje 3	2008-03-28	-	Reference	English	Regular	MP	notMinister	HDZ	Hrvatska demokratska zajednica	Opposition	Centre-right	ŠukerIvan	Šuker, Ivan	M	1957	
ParlaMint-HR-en_2008-02-27-0	ParlaMint-HR_2008-02-27-0.u3471	Minutes of the National Assembly of the Republic of Croatia, Term 6, Session 3	2008-02-27	Unicameralism	6. mandat	-	Zasedanje 3	2008-03-28	-	Reference	English	Chairperson	MP	notMinister	HDZ	Hrvatska demokratska zajednica	Opposition	Centre-right	ŠeksVladimir	Šeks, Vladimir	M	1943	
ParlaMint-HR-en_2008-02-27-0	ParlaMint-HR_2008-02-27-0.u3472	Minutes of the National Assembly of the Republic of Croatia, Term 6, Session 3	2008-02-27	Unicameralism	6. mandat	-	Zasedanje 3	2008-03-28	-	Reference	English	Regular	MP	notMinister	SDP	Socijaldemokratska partija Hrvatske	Opposition	Centre-left	MršićZvonimir	Mršić, Zvonimir	M	1966	
ParlaMint-HR-en_2008-02-27-0	ParlaMint-HR_2008-02-27-0.u3473	Minutes of the National Assembly of the Republic of Croatia, Term 6, Session 3	2008-02-27	Unicameralism	6. mandat	-	Zasedanje 3	2008-03-28	-	Reference	English	Chairperson	MP	notMinister	HDZ	Hrvatska demokratska zajednica	Opposition	Centre-right	ŠeksVladimir	Šeks, Vladimir	M	1943	
ParlaMint-HR-en_2008-02-27-0	ParlaMint-HR_2008-02-27-0.u3474	Minutes of the National Assembly of the Republic of Croatia, Term 6, Session 3	2008-02-27	Unicameralism	6. mandat	-	Zasedanje 3	2008-03-28	-	Reference	English	Regular	MP	notMinister	HDZ	Hrvatska demokratska zajednica	Opposition	Centre-right	ŠukerIvan	Šuker, Ivan	M	1957	
ParlaMint-HR-en_2008-02-27-0	ParlaMint-HR_2008-02-27-0.u3475	Minutes of the National Assembly of the Republic of Croatia, Term 6, Session 3	2008-02-27	Unicameralism	6. mandat	-	Zasedanje 3	2008-03-28	-	Reference	English	Chairperson	MP	notMinister	HDZ	Hrvatska demokratska zajednica	Opposition	Centre-right	ŠeksVladimir	Šeks, Vladimir	M	1943	
ParlaMint-HR-en_2008-02-27-0	ParlaMint-HR_2008-02-27-0.u3476	Minutes of the National Assembly of the Republic of Croatia, Term 6, Session 3	2008-02-27	Unicameralism	6. mandat	-	Zasedanje 3	2008-03-28	-	Reference	English	Regular	MP	notMinister	SDP	Socijaldemokratska partija Hrvatske	Opposition	Centre-left	MršićZvonimir	Mršić, Zvonimir	M	1966	
ParlaMint-HR-en_2008-02-27-0	ParlaMint-HR_2008-02-27-0.u3477	Minutes of the National Assembly of the Republic of Croatia, Term 6, Session 3	2008-02-27	Unicameralism	6. mandat	-	Zasedanje 3	2008-03-28	-	Reference	English	Chairperson	MP	notMinister	HDZ	Hrvatska demokratska zajednica	Opposition	Centre-right	ŠeksVladimir	Šeks, Vladimir	M	1943	
