Text_ID	ID	Title	Date	Body	Term	Session	Meeting	Sitting	Agenda	Subcorpus	Lang	Speaker_role	Speaker_MP	Speaker_minister	Speaker_party	Speaker_party_name	Party_status	Party_orientation	Speaker_ID	Speaker_name	Speaker_gender	Speaker_birth
ParlaMint-FR-en_2021-07-08-E1008	ParlaMint-FR_2021-07-08-E1008.u1	Proceedings of the debates in plenary sitting of the Assemblée Nationale, sitting: 8, 08/07/2021	2021-07-08	Lower house	15e législature	Première session extraordinaire 2021 (CRSANR5L15S2021E1N008)	-	8. séance	-	COVID	English	Chairperson	MP	notMinister	LR	Les Républicains	Opposition	Centre-right	PA1874	Le Fur, Marc	M	1956	
ParlaMint-FR-en_2021-07-08-E1008	ParlaMint-FR_2021-07-08-E1008.u2	Proceedings of the debates in plenary sitting of the Assemblée Nationale, sitting: 8, 08/07/2021	2021-07-08	Lower house	15e législature	Première session extraordinaire 2021 (CRSANR5L15S2021E1N008)	-	8. séance	-	COVID	English	Chairperson	MP	notMinister	LR	Les Républicains	Opposition	Centre-right	PA1874	Le Fur, Marc	M	1956	
ParlaMint-FR-en_2021-07-08-E1008	ParlaMint-FR_2021-07-08-E1008.u3	Proceedings of the debates in plenary sitting of the Assemblée Nationale, sitting: 8, 08/07/2021	2021-07-08	Lower house	15e législature	Première session extraordinaire 2021 (CRSANR5L15S2021E1N008)	-	8. séance	-	COVID	English	Chairperson	MP	notMinister	LR	Les Républicains	Opposition	Centre-right	PA1874	Le Fur, Marc	M	1956	
ParlaMint-FR-en_2021-07-08-E1008	ParlaMint-FR_2021-07-08-E1008.u4	Proceedings of the debates in plenary sitting of the Assemblée Nationale, sitting: 8, 08/07/2021	2021-07-08	Lower house	15e législature	Première session extraordinaire 2021 (CRSANR5L15S2021E1N008)	-	8. séance	-	COVID	English	Regular	notMP	notMinister	GDR	Gauche démocrate et républicaine	Opposition	Left	PA774962	Lebon, Karine	F	1985	
ParlaMint-FR-en_2021-07-08-E1008	ParlaMint-FR_2021-07-08-E1008.u5	Proceedings of the debates in plenary sitting of the Assemblée Nationale, sitting: 8, 08/07/2021	2021-07-08	Lower house	15e législature	Première session extraordinaire 2021 (CRSANR5L15S2021E1N008)	-	8. séance	-	COVID	English	Regular	MP	notMinister	LR	Les Républicains	Opposition	Centre-right	PA1874	Le Fur, Marc	M	1956	
ParlaMint-FR-en_2021-07-08-E1008	ParlaMint-FR_2021-07-08-E1008.u6	Proceedings of the debates in plenary sitting of the Assemblée Nationale, sitting: 8, 08/07/2021	2021-07-08	Lower house	15e législature	Première session extraordinaire 2021 (CRSANR5L15S2021E1N008)	-	8. séance	-	COVID	English	Regular	MP	notMinister	LAREM	La République en Marche	Coalition	Centre	PA722090	Pételle, Bénédicte	F	1971	
ParlaMint-FR-en_2021-07-08-E1008	ParlaMint-FR_2021-07-08-E1008.u7	Proceedings of the debates in plenary sitting of the Assemblée Nationale, sitting: 8, 08/07/2021	2021-07-08	Lower house	15e législature	Première session extraordinaire 2021 (CRSANR5L15S2021E1N008)	-	8. séance	-	COVID	English	Regular	MP	notMinister	LR	Les Républicains	Opposition	Centre-right	PA1874	Le Fur, Marc	M	1956	
ParlaMint-FR-en_2021-07-08-E1008	ParlaMint-FR_2021-07-08-E1008.u8	Proceedings of the debates in plenary sitting of the Assemblée Nationale, sitting: 8, 08/07/2021	2021-07-08	Lower house	15e législature	Première session extraordinaire 2021 (CRSANR5L15S2021E1N008)	-	8. séance	-	COVID	English	Regular	notMP	notMinister	-	-	-	-	PA722086	Taquet, Adrien	M	1977	
ParlaMint-FR-en_2021-07-08-E1008	ParlaMint-FR_2021-07-08-E1008.u9	Proceedings of the debates in plenary sitting of the Assemblée Nationale, sitting: 8, 08/07/2021	2021-07-08	Lower house	15e législature	Première session extraordinaire 2021 (CRSANR5L15S2021E1N008)	-	8. séance	-	COVID	English	Chairperson	MP	notMinister	LR	Les Républicains	Opposition	Centre-right	PA1874	Le Fur, Marc	M	1956	
ParlaMint-FR-en_2021-07-08-E1008	ParlaMint-FR_2021-07-08-E1008.u10	Proceedings of the debates in plenary sitting of the Assemblée Nationale, sitting: 8, 08/07/2021	2021-07-08	Lower house	15e législature	Première session extraordinaire 2021 (CRSANR5L15S2021E1N008)	-	8. séance	-	COVID	English	Regular	MP	notMinister	UDI_I	UDI et Indépendants	Opposition	Right	PA720488	Six, Valérie	F	1963	
ParlaMint-FR-en_2021-07-08-E1008	ParlaMint-FR_2021-07-08-E1008.u11	Proceedings of the debates in plenary sitting of the Assemblée Nationale, sitting: 8, 08/07/2021	2021-07-08	Lower house	15e législature	Première session extraordinaire 2021 (CRSANR5L15S2021E1N008)	-	8. séance	-	COVID	English	Regular	MP	notMinister	LR	Les Républicains	Opposition	Centre-right	PA1874	Le Fur, Marc	M	1956	
ParlaMint-FR-en_2021-07-08-E1008	ParlaMint-FR_2021-07-08-E1008.u12	Proceedings of the debates in plenary sitting of the Assemblée Nationale, sitting: 8, 08/07/2021	2021-07-08	Lower house	15e législature	Première session extraordinaire 2021 (CRSANR5L15S2021E1N008)	-	8. séance	-	COVID	English	Regular	MP	notMinister	LAREM	La République en Marche	Coalition	Centre	PA722090	Pételle, Bénédicte	F	1971	
ParlaMint-FR-en_2021-07-08-E1008	ParlaMint-FR_2021-07-08-E1008.u13	Proceedings of the debates in plenary sitting of the Assemblée Nationale, sitting: 8, 08/07/2021	2021-07-08	Lower house	15e législature	Première session extraordinaire 2021 (CRSANR5L15S2021E1N008)	-	8. séance	-	COVID	English	Regular	MP	notMinister	LR	Les Républicains	Opposition	Centre-right	PA1874	Le Fur, Marc	M	1956	
ParlaMint-FR-en_2021-07-08-E1008	ParlaMint-FR_2021-07-08-E1008.u14	Proceedings of the debates in plenary sitting of the Assemblée Nationale, sitting: 8, 08/07/2021	2021-07-08	Lower house	15e législature	Première session extraordinaire 2021 (CRSANR5L15S2021E1N008)	-	8. séance	-	COVID	English	Regular	notMP	notMinister	-	-	-	-	PA722086	Taquet, Adrien	M	1977	
ParlaMint-FR-en_2021-07-08-E1008	ParlaMint-FR_2021-07-08-E1008.u15	Proceedings of the debates in plenary sitting of the Assemblée Nationale, sitting: 8, 08/07/2021	2021-07-08	Lower house	15e législature	Première session extraordinaire 2021 (CRSANR5L15S2021E1N008)	-	8. séance	-	COVID	English	Chairperson	MP	notMinister	LR	Les Républicains	Opposition	Centre-right	PA1874	Le Fur, Marc	M	1956	
ParlaMint-FR-en_2021-07-08-E1008	ParlaMint-FR_2021-07-08-E1008.u16	Proceedings of the debates in plenary sitting of the Assemblée Nationale, sitting: 8, 08/07/2021	2021-07-08	Lower house	15e législature	Première session extraordinaire 2021 (CRSANR5L15S2021E1N008)	-	8. séance	-	COVID	English	Regular	notMP	notMinister	-	-	-	-	PA720560	Goulet, Perrine	F	1978	
ParlaMint-FR-en_2021-07-08-E1008	ParlaMint-FR_2021-07-08-E1008.u17	Proceedings of the debates in plenary sitting of the Assemblée Nationale, sitting: 8, 08/07/2021	2021-07-08	Lower house	15e législature	Première session extraordinaire 2021 (CRSANR5L15S2021E1N008)	-	8. séance	-	COVID	English	Regular	MP	notMinister	LR	Les Républicains	Opposition	Centre-right	PA1874	Le Fur, Marc	M	1956	
ParlaMint-FR-en_2021-07-08-E1008	ParlaMint-FR_2021-07-08-E1008.u18	Proceedings of the debates in plenary sitting of the Assemblée Nationale, sitting: 8, 08/07/2021	2021-07-08	Lower house	15e législature	Première session extraordinaire 2021 (CRSANR5L15S2021E1N008)	-	8. séance	-	COVID	English	Regular	MP	notMinister	LAREM	La République en Marche	Coalition	Centre	PA722090	Pételle, Bénédicte	F	1971	
ParlaMint-FR-en_2021-07-08-E1008	ParlaMint-FR_2021-07-08-E1008.u19	Proceedings of the debates in plenary sitting of the Assemblée Nationale, sitting: 8, 08/07/2021	2021-07-08	Lower house	15e législature	Première session extraordinaire 2021 (CRSANR5L15S2021E1N008)	-	8. séance	-	COVID	English	Regular	MP	notMinister	LR	Les Républicains	Opposition	Centre-right	PA1874	Le Fur, Marc	M	1956	
ParlaMint-FR-en_2021-07-08-E1008	ParlaMint-FR_2021-07-08-E1008.u20	Proceedings of the debates in plenary sitting of the Assemblée Nationale, sitting: 8, 08/07/2021	2021-07-08	Lower house	15e législature	Première session extraordinaire 2021 (CRSANR5L15S2021E1N008)	-	8. séance	-	COVID	English	Regular	notMP	notMinister	-	-	-	-	PA722086	Taquet, Adrien	M	1977	
ParlaMint-FR-en_2021-07-08-E1008	ParlaMint-FR_2021-07-08-E1008.u21	Proceedings of the debates in plenary sitting of the Assemblée Nationale, sitting: 8, 08/07/2021	2021-07-08	Lower house	15e législature	Première session extraordinaire 2021 (CRSANR5L15S2021E1N008)	-	8. séance	-	COVID	English	Regular	MP	notMinister	LR	Les Républicains	Opposition	Centre-right	PA1874	Le Fur, Marc	M	1956	
ParlaMint-FR-en_2021-07-08-E1008	ParlaMint-FR_2021-07-08-E1008.u22	Proceedings of the debates in plenary sitting of the Assemblée Nationale, sitting: 8, 08/07/2021	2021-07-08	Lower house	15e législature	Première session extraordinaire 2021 (CRSANR5L15S2021E1N008)	-	8. séance	-	COVID	English	Regular	notMP	notMinister	-	-	-	-	PA720560	Goulet, Perrine	F	1978	
ParlaMint-FR-en_2021-07-08-E1008	ParlaMint-FR_2021-07-08-E1008.u23	Proceedings of the debates in plenary sitting of the Assemblée Nationale, sitting: 8, 08/07/2021	2021-07-08	Lower house	15e législature	Première session extraordinaire 2021 (CRSANR5L15S2021E1N008)	-	8. séance	-	COVID	English	Regular	MP	notMinister	LR	Les Républicains	Opposition	Centre-right	PA1874	Le Fur, Marc	M	1956	
ParlaMint-FR-en_2021-07-08-E1008	ParlaMint-FR_2021-07-08-E1008.u24	Proceedings of the debates in plenary sitting of the Assemblée Nationale, sitting: 8, 08/07/2021	2021-07-08	Lower house	15e législature	Première session extraordinaire 2021 (CRSANR5L15S2021E1N008)	-	8. séance	-	COVID	English	Regular	notMP	notMinister	-	-	-	-	PA722086	Taquet, Adrien	M	1977	
ParlaMint-FR-en_2021-07-08-E1008	ParlaMint-FR_2021-07-08-E1008.u25	Proceedings of the debates in plenary sitting of the Assemblée Nationale, sitting: 8, 08/07/2021	2021-07-08	Lower house	15e législature	Première session extraordinaire 2021 (CRSANR5L15S2021E1N008)	-	8. séance	-	COVID	English	Regular	MP	notMinister	LR	Les Républicains	Opposition	Centre-right	PA1874	Le Fur, Marc	M	1956	
ParlaMint-FR-en_2021-07-08-E1008	ParlaMint-FR_2021-07-08-E1008.u26	Proceedings of the debates in plenary sitting of the Assemblée Nationale, sitting: 8, 08/07/2021	2021-07-08	Lower house	15e législature	Première session extraordinaire 2021 (CRSANR5L15S2021E1N008)	-	8. séance	-	COVID	English	Regular	MP	notMinister	LAREM	La République en Marche	Coalition	Centre	PA719162	Dubois, Jacqueline	F	1957	
ParlaMint-FR-en_2021-07-08-E1008	ParlaMint-FR_2021-07-08-E1008.u27	Proceedings of the debates in plenary sitting of the Assemblée Nationale, sitting: 8, 08/07/2021	2021-07-08	Lower house	15e législature	Première session extraordinaire 2021 (CRSANR5L15S2021E1N008)	-	8. séance	-	COVID	English	Regular	MP	notMinister	LR	Les Républicains	Opposition	Centre-right	PA1874	Le Fur, Marc	M	1956	
ParlaMint-FR-en_2021-07-08-E1008	ParlaMint-FR_2021-07-08-E1008.u28	Proceedings of the debates in plenary sitting of the Assemblée Nationale, sitting: 8, 08/07/2021	2021-07-08	Lower house	15e législature	Première session extraordinaire 2021 (CRSANR5L15S2021E1N008)	-	8. séance	-	COVID	English	Regular	MP	notMinister	UDI_I	UDI et Indépendants	Opposition	Right	PA720488	Six, Valérie	F	1963	
ParlaMint-FR-en_2021-07-08-E1008	ParlaMint-FR_2021-07-08-E1008.u29	Proceedings of the debates in plenary sitting of the Assemblée Nationale, sitting: 8, 08/07/2021	2021-07-08	Lower house	15e législature	Première session extraordinaire 2021 (CRSANR5L15S2021E1N008)	-	8. séance	-	COVID	English	Regular	MP	notMinister	LR	Les Républicains	Opposition	Centre-right	PA1874	Le Fur, Marc	M	1956	
ParlaMint-FR-en_2021-07-08-E1008	ParlaMint-FR_2021-07-08-E1008.u30	Proceedings of the debates in plenary sitting of the Assemblée Nationale, sitting: 8, 08/07/2021	2021-07-08	Lower house	15e législature	Première session extraordinaire 2021 (CRSANR5L15S2021E1N008)	-	8. séance	-	COVID	English	Regular	notMP	notMinister	LAREM	La République en Marche	Coalition	Centre	PA721710	Peyron, Michèle	F	1961	
ParlaMint-FR-en_2021-07-08-E1008	ParlaMint-FR_2021-07-08-E1008.u31	Proceedings of the debates in plenary sitting of the Assemblée Nationale, sitting: 8, 08/07/2021	2021-07-08	Lower house	15e législature	Première session extraordinaire 2021 (CRSANR5L15S2021E1N008)	-	8. séance	-	COVID	English	Regular	MP	notMinister	LR	Les Républicains	Opposition	Centre-right	PA1874	Le Fur, Marc	M	1956	
ParlaMint-FR-en_2021-07-08-E1008	ParlaMint-FR_2021-07-08-E1008.u32	Proceedings of the debates in plenary sitting of the Assemblée Nationale, sitting: 8, 08/07/2021	2021-07-08	Lower house	15e législature	Première session extraordinaire 2021 (CRSANR5L15S2021E1N008)	-	8. séance	-	COVID	English	Regular	notMP	notMinister	-	-	-	-	PA722086	Taquet, Adrien	M	1977	
ParlaMint-FR-en_2021-07-08-E1008	ParlaMint-FR_2021-07-08-E1008.u33	Proceedings of the debates in plenary sitting of the Assemblée Nationale, sitting: 8, 08/07/2021	2021-07-08	Lower house	15e législature	Première session extraordinaire 2021 (CRSANR5L15S2021E1N008)	-	8. séance	-	COVID	English	Chairperson	MP	notMinister	LR	Les Républicains	Opposition	Centre-right	PA1874	Le Fur, Marc	M	1956	
ParlaMint-FR-en_2021-07-08-E1008	ParlaMint-FR_2021-07-08-E1008.u34	Proceedings of the debates in plenary sitting of the Assemblée Nationale, sitting: 8, 08/07/2021	2021-07-08	Lower house	15e législature	Première session extraordinaire 2021 (CRSANR5L15S2021E1N008)	-	8. séance	-	COVID	English	Regular	notMP	notMinister	-	-	-	-	PA721046	Bassire, Nathalie	F	1968	
ParlaMint-FR-en_2021-07-08-E1008	ParlaMint-FR_2021-07-08-E1008.u35	Proceedings of the debates in plenary sitting of the Assemblée Nationale, sitting: 8, 08/07/2021	2021-07-08	Lower house	15e législature	Première session extraordinaire 2021 (CRSANR5L15S2021E1N008)	-	8. séance	-	COVID	English	Regular	MP	notMinister	LR	Les Républicains	Opposition	Centre-right	PA1874	Le Fur, Marc	M	1956	
ParlaMint-FR-en_2021-07-08-E1008	ParlaMint-FR_2021-07-08-E1008.u36	Proceedings of the debates in plenary sitting of the Assemblée Nationale, sitting: 8, 08/07/2021	2021-07-08	Lower house	15e législature	Première session extraordinaire 2021 (CRSANR5L15S2021E1N008)	-	8. séance	-	COVID	English	Regular	notMP	notMinister	LAREM	La République en Marche	Coalition	Centre	PA721710	Peyron, Michèle	F	1961	
ParlaMint-FR-en_2021-07-08-E1008	ParlaMint-FR_2021-07-08-E1008.u37	Proceedings of the debates in plenary sitting of the Assemblée Nationale, sitting: 8, 08/07/2021	2021-07-08	Lower house	15e législature	Première session extraordinaire 2021 (CRSANR5L15S2021E1N008)	-	8. séance	-	COVID	English	Chairperson	MP	notMinister	LR	Les Républicains	Opposition	Centre-right	PA1874	Le Fur, Marc	M	1956	
ParlaMint-FR-en_2021-07-08-E1008	ParlaMint-FR_2021-07-08-E1008.u38	Proceedings of the debates in plenary sitting of the Assemblée Nationale, sitting: 8, 08/07/2021	2021-07-08	Lower house	15e législature	Première session extraordinaire 2021 (CRSANR5L15S2021E1N008)	-	8. séance	-	COVID	English	Regular	MP	notMinister	LAREM	La République en Marche	Coalition	Centre	PA719162	Dubois, Jacqueline	F	1957	
ParlaMint-FR-en_2021-07-08-E1008	ParlaMint-FR_2021-07-08-E1008.u39	Proceedings of the debates in plenary sitting of the Assemblée Nationale, sitting: 8, 08/07/2021	2021-07-08	Lower house	15e législature	Première session extraordinaire 2021 (CRSANR5L15S2021E1N008)	-	8. séance	-	COVID	English	Regular	MP	notMinister	LR	Les Républicains	Opposition	Centre-right	PA1874	Le Fur, Marc	M	1956	
ParlaMint-FR-en_2021-07-08-E1008	ParlaMint-FR_2021-07-08-E1008.u40	Proceedings of the debates in plenary sitting of the Assemblée Nationale, sitting: 8, 08/07/2021	2021-07-08	Lower house	15e législature	Première session extraordinaire 2021 (CRSANR5L15S2021E1N008)	-	8. séance	-	COVID	English	Regular	notMP	notMinister	LAREM	La République en Marche	Coalition	Centre	PA721710	Peyron, Michèle	F	1961	
ParlaMint-FR-en_2021-07-08-E1008	ParlaMint-FR_2021-07-08-E1008.u41	Proceedings of the debates in plenary sitting of the Assemblée Nationale, sitting: 8, 08/07/2021	2021-07-08	Lower house	15e législature	Première session extraordinaire 2021 (CRSANR5L15S2021E1N008)	-	8. séance	-	COVID	English	Regular	MP	notMinister	LR	Les Républicains	Opposition	Centre-right	PA1874	Le Fur, Marc	M	1956	
ParlaMint-FR-en_2021-07-08-E1008	ParlaMint-FR_2021-07-08-E1008.u42	Proceedings of the debates in plenary sitting of the Assemblée Nationale, sitting: 8, 08/07/2021	2021-07-08	Lower house	15e législature	Première session extraordinaire 2021 (CRSANR5L15S2021E1N008)	-	8. séance	-	COVID	English	Regular	notMP	notMinister	-	-	-	-	PA722086	Taquet, Adrien	M	1977	
ParlaMint-FR-en_2021-07-08-E1008	ParlaMint-FR_2021-07-08-E1008.u43	Proceedings of the debates in plenary sitting of the Assemblée Nationale, sitting: 8, 08/07/2021	2021-07-08	Lower house	15e législature	Première session extraordinaire 2021 (CRSANR5L15S2021E1N008)	-	8. séance	-	COVID	English	Regular	MP	notMinister	LR	Les Républicains	Opposition	Centre-right	PA1874	Le Fur, Marc	M	1956	
ParlaMint-FR-en_2021-07-08-E1008	ParlaMint-FR_2021-07-08-E1008.u44	Proceedings of the debates in plenary sitting of the Assemblée Nationale, sitting: 8, 08/07/2021	2021-07-08	Lower house	15e législature	Première session extraordinaire 2021 (CRSANR5L15S2021E1N008)	-	8. séance	-	COVID	English	Regular	MP	notMinister	LAREM	La République en Marche	Coalition	Centre	PA719162	Dubois, Jacqueline	F	1957	
ParlaMint-FR-en_2021-07-08-E1008	ParlaMint-FR_2021-07-08-E1008.u45	Proceedings of the debates in plenary sitting of the Assemblée Nationale, sitting: 8, 08/07/2021	2021-07-08	Lower house	15e législature	Première session extraordinaire 2021 (CRSANR5L15S2021E1N008)	-	8. séance	-	COVID	English	Chairperson	MP	notMinister	LR	Les Républicains	Opposition	Centre-right	PA1874	Le Fur, Marc	M	1956	
ParlaMint-FR-en_2021-07-08-E1008	ParlaMint-FR_2021-07-08-E1008.u46	Proceedings of the debates in plenary sitting of the Assemblée Nationale, sitting: 8, 08/07/2021	2021-07-08	Lower house	15e législature	Première session extraordinaire 2021 (CRSANR5L15S2021E1N008)	-	8. séance	-	COVID	English	Regular	notMP	notMinister	LAREM	La République en Marche	Coalition	Centre	PA721710	Peyron, Michèle	F	1961	
ParlaMint-FR-en_2021-07-08-E1008	ParlaMint-FR_2021-07-08-E1008.u47	Proceedings of the debates in plenary sitting of the Assemblée Nationale, sitting: 8, 08/07/2021	2021-07-08	Lower house	15e législature	Première session extraordinaire 2021 (CRSANR5L15S2021E1N008)	-	8. séance	-	COVID	English	Chairperson	MP	notMinister	LR	Les Républicains	Opposition	Centre-right	PA1874	Le Fur, Marc	M	1956	
ParlaMint-FR-en_2021-07-08-E1008	ParlaMint-FR_2021-07-08-E1008.u48	Proceedings of the debates in plenary sitting of the Assemblée Nationale, sitting: 8, 08/07/2021	2021-07-08	Lower house	15e législature	Première session extraordinaire 2021 (CRSANR5L15S2021E1N008)	-	8. séance	-	COVID	English	Regular	notMP	notMinister	LAREM	La République en Marche	Coalition	Centre	PA721710	Peyron, Michèle	F	1961	
ParlaMint-FR-en_2021-07-08-E1008	ParlaMint-FR_2021-07-08-E1008.u49	Proceedings of the debates in plenary sitting of the Assemblée Nationale, sitting: 8, 08/07/2021	2021-07-08	Lower house	15e législature	Première session extraordinaire 2021 (CRSANR5L15S2021E1N008)	-	8. séance	-	COVID	English	Chairperson	MP	notMinister	LR	Les Républicains	Opposition	Centre-right	PA1874	Le Fur, Marc	M	1956	
ParlaMint-FR-en_2021-07-08-E1008	ParlaMint-FR_2021-07-08-E1008.u50	Proceedings of the debates in plenary sitting of the Assemblée Nationale, sitting: 8, 08/07/2021	2021-07-08	Lower house	15e législature	Première session extraordinaire 2021 (CRSANR5L15S2021E1N008)	-	8. séance	-	COVID	English	Regular	MP	notMinister	LAREM	La République en Marche	Coalition	Centre	PA719162	Dubois, Jacqueline	F	1957	
ParlaMint-FR-en_2021-07-08-E1008	ParlaMint-FR_2021-07-08-E1008.u51	Proceedings of the debates in plenary sitting of the Assemblée Nationale, sitting: 8, 08/07/2021	2021-07-08	Lower house	15e législature	Première session extraordinaire 2021 (CRSANR5L15S2021E1N008)	-	8. séance	-	COVID	English	Regular	MP	notMinister	LR	Les Républicains	Opposition	Centre-right	PA1874	Le Fur, Marc	M	1956	
ParlaMint-FR-en_2021-07-08-E1008	ParlaMint-FR_2021-07-08-E1008.u52	Proceedings of the debates in plenary sitting of the Assemblée Nationale, sitting: 8, 08/07/2021	2021-07-08	Lower house	15e législature	Première session extraordinaire 2021 (CRSANR5L15S2021E1N008)	-	8. séance	-	COVID	English	Regular	notMP	notMinister	-	-	-	-	PA722086	Taquet, Adrien	M	1977	
ParlaMint-FR-en_2021-07-08-E1008	ParlaMint-FR_2021-07-08-E1008.u53	Proceedings of the debates in plenary sitting of the Assemblée Nationale, sitting: 8, 08/07/2021	2021-07-08	Lower house	15e législature	Première session extraordinaire 2021 (CRSANR5L15S2021E1N008)	-	8. séance	-	COVID	English	Regular	MP	notMinister	LR	Les Républicains	Opposition	Centre-right	PA1874	Le Fur, Marc	M	1956	
ParlaMint-FR-en_2021-07-08-E1008	ParlaMint-FR_2021-07-08-E1008.u54	Proceedings of the debates in plenary sitting of the Assemblée Nationale, sitting: 8, 08/07/2021	2021-07-08	Lower house	15e législature	Première session extraordinaire 2021 (CRSANR5L15S2021E1N008)	-	8. séance	-	COVID	English	Regular	notMP	notMinister	-	-	-	-	PA721046	Bassire, Nathalie	F	1968	
ParlaMint-FR-en_2021-07-08-E1008	ParlaMint-FR_2021-07-08-E1008.u55	Proceedings of the debates in plenary sitting of the Assemblée Nationale, sitting: 8, 08/07/2021	2021-07-08	Lower house	15e législature	Première session extraordinaire 2021 (CRSANR5L15S2021E1N008)	-	8. séance	-	COVID	English	Chairperson	MP	notMinister	LR	Les Républicains	Opposition	Centre-right	PA1874	Le Fur, Marc	M	1956	
ParlaMint-FR-en_2021-07-08-E1008	ParlaMint-FR_2021-07-08-E1008.u56	Proceedings of the debates in plenary sitting of the Assemblée Nationale, sitting: 8, 08/07/2021	2021-07-08	Lower house	15e législature	Première session extraordinaire 2021 (CRSANR5L15S2021E1N008)	-	8. séance	-	COVID	English	Chairperson	MP	notMinister	LR	Les Républicains	Opposition	Centre-right	PA1874	Le Fur, Marc	M	1956	
ParlaMint-FR-en_2021-07-08-E1008	ParlaMint-FR_2021-07-08-E1008.u57	Proceedings of the debates in plenary sitting of the Assemblée Nationale, sitting: 8, 08/07/2021	2021-07-08	Lower house	15e législature	Première session extraordinaire 2021 (CRSANR5L15S2021E1N008)	-	8. séance	-	COVID	English	Chairperson	MP	notMinister	LR	Les Républicains	Opposition	Centre-right	PA1874	Le Fur, Marc	M	1956	
ParlaMint-FR-en_2021-07-08-E1008	ParlaMint-FR_2021-07-08-E1008.u58	Proceedings of the debates in plenary sitting of the Assemblée Nationale, sitting: 8, 08/07/2021	2021-07-08	Lower house	15e législature	Première session extraordinaire 2021 (CRSANR5L15S2021E1N008)	-	8. séance	-	COVID	English	Regular	notMP	notMinister	-	-	-	-	PA722086	Taquet, Adrien	M	1977	
ParlaMint-FR-en_2021-07-08-E1008	ParlaMint-FR_2021-07-08-E1008.u59	Proceedings of the debates in plenary sitting of the Assemblée Nationale, sitting: 8, 08/07/2021	2021-07-08	Lower house	15e législature	Première session extraordinaire 2021 (CRSANR5L15S2021E1N008)	-	8. séance	-	COVID	English	Regular	MP	notMinister	LR	Les Républicains	Opposition	Centre-right	PA1874	Le Fur, Marc	M	1956	
ParlaMint-FR-en_2021-07-08-E1008	ParlaMint-FR_2021-07-08-E1008.u60	Proceedings of the debates in plenary sitting of the Assemblée Nationale, sitting: 8, 08/07/2021	2021-07-08	Lower house	15e législature	Première session extraordinaire 2021 (CRSANR5L15S2021E1N008)	-	8. séance	-	COVID	English	Regular	notMP	notMinister	UDI_I	UDI et Indépendants	Opposition	Right	PA720696	Descamps, Béatrice	F	1961	
ParlaMint-FR-en_2021-07-08-E1008	ParlaMint-FR_2021-07-08-E1008.u61	Proceedings of the debates in plenary sitting of the Assemblée Nationale, sitting: 8, 08/07/2021	2021-07-08	Lower house	15e législature	Première session extraordinaire 2021 (CRSANR5L15S2021E1N008)	-	8. séance	-	COVID	English	Regular	MP	notMinister	LR	Les Républicains	Opposition	Centre-right	PA1874	Le Fur, Marc	M	1956	
ParlaMint-FR-en_2021-07-08-E1008	ParlaMint-FR_2021-07-08-E1008.u62	Proceedings of the debates in plenary sitting of the Assemblée Nationale, sitting: 8, 08/07/2021	2021-07-08	Lower house	15e législature	Première session extraordinaire 2021 (CRSANR5L15S2021E1N008)	-	8. séance	-	COVID	English	Regular	notMP	notMinister	LAREM	La République en Marche	Coalition	Centre	PA721710	Peyron, Michèle	F	1961	
ParlaMint-FR-en_2021-07-08-E1008	ParlaMint-FR_2021-07-08-E1008.u63	Proceedings of the debates in plenary sitting of the Assemblée Nationale, sitting: 8, 08/07/2021	2021-07-08	Lower house	15e législature	Première session extraordinaire 2021 (CRSANR5L15S2021E1N008)	-	8. séance	-	COVID	English	Regular	MP	notMinister	LR	Les Républicains	Opposition	Centre-right	PA1874	Le Fur, Marc	M	1956	
ParlaMint-FR-en_2021-07-08-E1008	ParlaMint-FR_2021-07-08-E1008.u64	Proceedings of the debates in plenary sitting of the Assemblée Nationale, sitting: 8, 08/07/2021	2021-07-08	Lower house	15e législature	Première session extraordinaire 2021 (CRSANR5L15S2021E1N008)	-	8. séance	-	COVID	English	Regular	notMP	notMinister	-	-	-	-	PA722086	Taquet, Adrien	M	1977	
ParlaMint-FR-en_2021-07-08-E1008	ParlaMint-FR_2021-07-08-E1008.u65	Proceedings of the debates in plenary sitting of the Assemblée Nationale, sitting: 8, 08/07/2021	2021-07-08	Lower house	15e législature	Première session extraordinaire 2021 (CRSANR5L15S2021E1N008)	-	8. séance	-	COVID	English	Chairperson	MP	notMinister	LR	Les Républicains	Opposition	Centre-right	PA1874	Le Fur, Marc	M	1956	
ParlaMint-FR-en_2021-07-08-E1008	ParlaMint-FR_2021-07-08-E1008.u66	Proceedings of the debates in plenary sitting of the Assemblée Nationale, sitting: 8, 08/07/2021	2021-07-08	Lower house	15e législature	Première session extraordinaire 2021 (CRSANR5L15S2021E1N008)	-	8. séance	-	COVID	English	Regular	MP	notMinister	LR	Les Républicains	Opposition	Centre-right	PA721832	Boëlle, Sandra	F	1961	
ParlaMint-FR-en_2021-07-08-E1008	ParlaMint-FR_2021-07-08-E1008.u67	Proceedings of the debates in plenary sitting of the Assemblée Nationale, sitting: 8, 08/07/2021	2021-07-08	Lower house	15e législature	Première session extraordinaire 2021 (CRSANR5L15S2021E1N008)	-	8. séance	-	COVID	English	Regular	MP	notMinister	LR	Les Républicains	Opposition	Centre-right	PA1874	Le Fur, Marc	M	1956	
ParlaMint-FR-en_2021-07-08-E1008	ParlaMint-FR_2021-07-08-E1008.u68	Proceedings of the debates in plenary sitting of the Assemblée Nationale, sitting: 8, 08/07/2021	2021-07-08	Lower house	15e législature	Première session extraordinaire 2021 (CRSANR5L15S2021E1N008)	-	8. séance	-	COVID	English	Regular	notMP	notMinister	LAREM	La République en Marche	Coalition	Centre	PA721710	Peyron, Michèle	F	1961	
ParlaMint-FR-en_2021-07-08-E1008	ParlaMint-FR_2021-07-08-E1008.u69	Proceedings of the debates in plenary sitting of the Assemblée Nationale, sitting: 8, 08/07/2021	2021-07-08	Lower house	15e législature	Première session extraordinaire 2021 (CRSANR5L15S2021E1N008)	-	8. séance	-	COVID	English	Regular	MP	notMinister	LR	Les Républicains	Opposition	Centre-right	PA1874	Le Fur, Marc	M	1956	
ParlaMint-FR-en_2021-07-08-E1008	ParlaMint-FR_2021-07-08-E1008.u70	Proceedings of the debates in plenary sitting of the Assemblée Nationale, sitting: 8, 08/07/2021	2021-07-08	Lower house	15e législature	Première session extraordinaire 2021 (CRSANR5L15S2021E1N008)	-	8. séance	-	COVID	English	Regular	notMP	notMinister	-	-	-	-	PA722086	Taquet, Adrien	M	1977	
ParlaMint-FR-en_2021-07-08-E1008	ParlaMint-FR_2021-07-08-E1008.u71	Proceedings of the debates in plenary sitting of the Assemblée Nationale, sitting: 8, 08/07/2021	2021-07-08	Lower house	15e législature	Première session extraordinaire 2021 (CRSANR5L15S2021E1N008)	-	8. séance	-	COVID	English	Chairperson	MP	notMinister	LR	Les Républicains	Opposition	Centre-right	PA1874	Le Fur, Marc	M	1956	
ParlaMint-FR-en_2021-07-08-E1008	ParlaMint-FR_2021-07-08-E1008.u72	Proceedings of the debates in plenary sitting of the Assemblée Nationale, sitting: 8, 08/07/2021	2021-07-08	Lower house	15e législature	Première session extraordinaire 2021 (CRSANR5L15S2021E1N008)	-	8. séance	-	COVID	English	Regular	notMP	notMinister	LAREM	La République en Marche	Coalition	Centre	PA721710	Peyron, Michèle	F	1961	
ParlaMint-FR-en_2021-07-08-E1008	ParlaMint-FR_2021-07-08-E1008.u73	Proceedings of the debates in plenary sitting of the Assemblée Nationale, sitting: 8, 08/07/2021	2021-07-08	Lower house	15e législature	Première session extraordinaire 2021 (CRSANR5L15S2021E1N008)	-	8. séance	-	COVID	English	Regular	MP	notMinister	LR	Les Républicains	Opposition	Centre-right	PA1874	Le Fur, Marc	M	1956	
ParlaMint-FR-en_2021-07-08-E1008	ParlaMint-FR_2021-07-08-E1008.u74	Proceedings of the debates in plenary sitting of the Assemblée Nationale, sitting: 8, 08/07/2021	2021-07-08	Lower house	15e législature	Première session extraordinaire 2021 (CRSANR5L15S2021E1N008)	-	8. séance	-	COVID	English	Regular	notMP	notMinister	-	-	-	-	PA722086	Taquet, Adrien	M	1977	
ParlaMint-FR-en_2021-07-08-E1008	ParlaMint-FR_2021-07-08-E1008.u75	Proceedings of the debates in plenary sitting of the Assemblée Nationale, sitting: 8, 08/07/2021	2021-07-08	Lower house	15e législature	Première session extraordinaire 2021 (CRSANR5L15S2021E1N008)	-	8. séance	-	COVID	English	Chairperson	MP	notMinister	LR	Les Républicains	Opposition	Centre-right	PA1874	Le Fur, Marc	M	1956	
ParlaMint-FR-en_2021-07-08-E1008	ParlaMint-FR_2021-07-08-E1008.u76	Proceedings of the debates in plenary sitting of the Assemblée Nationale, sitting: 8, 08/07/2021	2021-07-08	Lower house	15e législature	Première session extraordinaire 2021 (CRSANR5L15S2021E1N008)	-	8. séance	-	COVID	English	Regular	MP	notMinister	LR	Les Républicains	Opposition	Centre-right	PA721832	Boëlle, Sandra	F	1961	
ParlaMint-FR-en_2021-07-08-E1008	ParlaMint-FR_2021-07-08-E1008.u77	Proceedings of the debates in plenary sitting of the Assemblée Nationale, sitting: 8, 08/07/2021	2021-07-08	Lower house	15e législature	Première session extraordinaire 2021 (CRSANR5L15S2021E1N008)	-	8. séance	-	COVID	English	Regular	MP	notMinister	LR	Les Républicains	Opposition	Centre-right	PA1874	Le Fur, Marc	M	1956	
ParlaMint-FR-en_2021-07-08-E1008	ParlaMint-FR_2021-07-08-E1008.u78	Proceedings of the debates in plenary sitting of the Assemblée Nationale, sitting: 8, 08/07/2021	2021-07-08	Lower house	15e législature	Première session extraordinaire 2021 (CRSANR5L15S2021E1N008)	-	8. séance	-	COVID	English	Regular	notMP	notMinister	LAREM	La République en Marche	Coalition	Centre	PA721710	Peyron, Michèle	F	1961	
ParlaMint-FR-en_2021-07-08-E1008	ParlaMint-FR_2021-07-08-E1008.u79	Proceedings of the debates in plenary sitting of the Assemblée Nationale, sitting: 8, 08/07/2021	2021-07-08	Lower house	15e législature	Première session extraordinaire 2021 (CRSANR5L15S2021E1N008)	-	8. séance	-	COVID	English	Regular	MP	notMinister	LR	Les Républicains	Opposition	Centre-right	PA1874	Le Fur, Marc	M	1956	
ParlaMint-FR-en_2021-07-08-E1008	ParlaMint-FR_2021-07-08-E1008.u80	Proceedings of the debates in plenary sitting of the Assemblée Nationale, sitting: 8, 08/07/2021	2021-07-08	Lower house	15e législature	Première session extraordinaire 2021 (CRSANR5L15S2021E1N008)	-	8. séance	-	COVID	English	Regular	notMP	notMinister	-	-	-	-	PA722086	Taquet, Adrien	M	1977	
ParlaMint-FR-en_2021-07-08-E1008	ParlaMint-FR_2021-07-08-E1008.u81	Proceedings of the debates in plenary sitting of the Assemblée Nationale, sitting: 8, 08/07/2021	2021-07-08	Lower house	15e législature	Première session extraordinaire 2021 (CRSANR5L15S2021E1N008)	-	8. séance	-	COVID	English	Chairperson	MP	notMinister	LR	Les Républicains	Opposition	Centre-right	PA1874	Le Fur, Marc	M	1956	
ParlaMint-FR-en_2021-07-08-E1008	ParlaMint-FR_2021-07-08-E1008.u82	Proceedings of the debates in plenary sitting of the Assemblée Nationale, sitting: 8, 08/07/2021	2021-07-08	Lower house	15e législature	Première session extraordinaire 2021 (CRSANR5L15S2021E1N008)	-	8. séance	-	COVID	English	Chairperson	MP	notMinister	LR	Les Républicains	Opposition	Centre-right	PA1874	Le Fur, Marc	M	1956	
ParlaMint-FR-en_2021-07-08-E1008	ParlaMint-FR_2021-07-08-E1008.u83	Proceedings of the debates in plenary sitting of the Assemblée Nationale, sitting: 8, 08/07/2021	2021-07-08	Lower house	15e législature	Première session extraordinaire 2021 (CRSANR5L15S2021E1N008)	-	8. séance	-	COVID	English	Chairperson	MP	notMinister	LR	Les Républicains	Opposition	Centre-right	PA1874	Le Fur, Marc	M	1956	
ParlaMint-FR-en_2021-07-08-E1008	ParlaMint-FR_2021-07-08-E1008.u84	Proceedings of the debates in plenary sitting of the Assemblée Nationale, sitting: 8, 08/07/2021	2021-07-08	Lower house	15e législature	Première session extraordinaire 2021 (CRSANR5L15S2021E1N008)	-	8. séance	-	COVID	English	Regular	notMP	notMinister	-	-	-	-	PA720560	Goulet, Perrine	F	1978	
ParlaMint-FR-en_2021-07-08-E1008	ParlaMint-FR_2021-07-08-E1008.u85	Proceedings of the debates in plenary sitting of the Assemblée Nationale, sitting: 8, 08/07/2021	2021-07-08	Lower house	15e législature	Première session extraordinaire 2021 (CRSANR5L15S2021E1N008)	-	8. séance	-	COVID	English	Regular	MP	notMinister	LR	Les Républicains	Opposition	Centre-right	PA1874	Le Fur, Marc	M	1956	
ParlaMint-FR-en_2021-07-08-E1008	ParlaMint-FR_2021-07-08-E1008.u86	Proceedings of the debates in plenary sitting of the Assemblée Nationale, sitting: 8, 08/07/2021	2021-07-08	Lower house	15e législature	Première session extraordinaire 2021 (CRSANR5L15S2021E1N008)	-	8. séance	-	COVID	English	Regular	notMP	notMinister	LAREM	La République en Marche	Coalition	Centre	PA721710	Peyron, Michèle	F	1961	
ParlaMint-FR-en_2021-07-08-E1008	ParlaMint-FR_2021-07-08-E1008.u87	Proceedings of the debates in plenary sitting of the Assemblée Nationale, sitting: 8, 08/07/2021	2021-07-08	Lower house	15e législature	Première session extraordinaire 2021 (CRSANR5L15S2021E1N008)	-	8. séance	-	COVID	English	Regular	MP	notMinister	LR	Les Républicains	Opposition	Centre-right	PA1874	Le Fur, Marc	M	1956	
ParlaMint-FR-en_2021-07-08-E1008	ParlaMint-FR_2021-07-08-E1008.u88	Proceedings of the debates in plenary sitting of the Assemblée Nationale, sitting: 8, 08/07/2021	2021-07-08	Lower house	15e législature	Première session extraordinaire 2021 (CRSANR5L15S2021E1N008)	-	8. séance	-	COVID	English	Regular	notMP	notMinister	-	-	-	-	PA722086	Taquet, Adrien	M	1977	
ParlaMint-FR-en_2021-07-08-E1008	ParlaMint-FR_2021-07-08-E1008.u89	Proceedings of the debates in plenary sitting of the Assemblée Nationale, sitting: 8, 08/07/2021	2021-07-08	Lower house	15e législature	Première session extraordinaire 2021 (CRSANR5L15S2021E1N008)	-	8. séance	-	COVID	English	Chairperson	MP	notMinister	LR	Les Républicains	Opposition	Centre-right	PA1874	Le Fur, Marc	M	1956	
ParlaMint-FR-en_2021-07-08-E1008	ParlaMint-FR_2021-07-08-E1008.u90	Proceedings of the debates in plenary sitting of the Assemblée Nationale, sitting: 8, 08/07/2021	2021-07-08	Lower house	15e législature	Première session extraordinaire 2021 (CRSANR5L15S2021E1N008)	-	8. séance	-	COVID	English	Regular	MP	notMinister	LAREM	La République en Marche	Coalition	Centre	PA719858	Limon, Monique	F	1953	
ParlaMint-FR-en_2021-07-08-E1008	ParlaMint-FR_2021-07-08-E1008.u91	Proceedings of the debates in plenary sitting of the Assemblée Nationale, sitting: 8, 08/07/2021	2021-07-08	Lower house	15e législature	Première session extraordinaire 2021 (CRSANR5L15S2021E1N008)	-	8. séance	-	COVID	English	Chairperson	MP	notMinister	LR	Les Républicains	Opposition	Centre-right	PA1874	Le Fur, Marc	M	1956	
ParlaMint-FR-en_2021-07-08-E1008	ParlaMint-FR_2021-07-08-E1008.u92	Proceedings of the debates in plenary sitting of the Assemblée Nationale, sitting: 8, 08/07/2021	2021-07-08	Lower house	15e législature	Première session extraordinaire 2021 (CRSANR5L15S2021E1N008)	-	8. séance	-	COVID	English	Regular	notMP	notMinister	-	-	-	-	PA722086	Taquet, Adrien	M	1977	
ParlaMint-FR-en_2021-07-08-E1008	ParlaMint-FR_2021-07-08-E1008.u93	Proceedings of the debates in plenary sitting of the Assemblée Nationale, sitting: 8, 08/07/2021	2021-07-08	Lower house	15e législature	Première session extraordinaire 2021 (CRSANR5L15S2021E1N008)	-	8. séance	-	COVID	English	Regular	MP	notMinister	LR	Les Républicains	Opposition	Centre-right	PA1874	Le Fur, Marc	M	1956	
ParlaMint-FR-en_2021-07-08-E1008	ParlaMint-FR_2021-07-08-E1008.u94	Proceedings of the debates in plenary sitting of the Assemblée Nationale, sitting: 8, 08/07/2021	2021-07-08	Lower house	15e législature	Première session extraordinaire 2021 (CRSANR5L15S2021E1N008)	-	8. séance	-	COVID	English	Regular	notMP	notMinister	LAREM	La République en Marche	Coalition	Centre	PA721710	Peyron, Michèle	F	1961	
ParlaMint-FR-en_2021-07-08-E1008	ParlaMint-FR_2021-07-08-E1008.u95	Proceedings of the debates in plenary sitting of the Assemblée Nationale, sitting: 8, 08/07/2021	2021-07-08	Lower house	15e législature	Première session extraordinaire 2021 (CRSANR5L15S2021E1N008)	-	8. séance	-	COVID	English	Regular	MP	notMinister	LR	Les Républicains	Opposition	Centre-right	PA1874	Le Fur, Marc	M	1956	
ParlaMint-FR-en_2021-07-08-E1008	ParlaMint-FR_2021-07-08-E1008.u96	Proceedings of the debates in plenary sitting of the Assemblée Nationale, sitting: 8, 08/07/2021	2021-07-08	Lower house	15e législature	Première session extraordinaire 2021 (CRSANR5L15S2021E1N008)	-	8. séance	-	COVID	English	Regular	notMP	notMinister	-	-	-	-	PA722086	Taquet, Adrien	M	1977	
ParlaMint-FR-en_2021-07-08-E1008	ParlaMint-FR_2021-07-08-E1008.u97	Proceedings of the debates in plenary sitting of the Assemblée Nationale, sitting: 8, 08/07/2021	2021-07-08	Lower house	15e législature	Première session extraordinaire 2021 (CRSANR5L15S2021E1N008)	-	8. séance	-	COVID	English	Regular	MP	notMinister	LR	Les Républicains	Opposition	Centre-right	PA1874	Le Fur, Marc	M	1956	
ParlaMint-FR-en_2021-07-08-E1008	ParlaMint-FR_2021-07-08-E1008.u98	Proceedings of the debates in plenary sitting of the Assemblée Nationale, sitting: 8, 08/07/2021	2021-07-08	Lower house	15e législature	Première session extraordinaire 2021 (CRSANR5L15S2021E1N008)	-	8. séance	-	COVID	English	Regular	MP	notMinister	LR	Les Républicains	Opposition	Centre-right	PA1874	Le Fur, Marc	M	1956	
ParlaMint-FR-en_2021-07-08-E1008	ParlaMint-FR_2021-07-08-E1008.u99	Proceedings of the debates in plenary sitting of the Assemblée Nationale, sitting: 8, 08/07/2021	2021-07-08	Lower house	15e législature	Première session extraordinaire 2021 (CRSANR5L15S2021E1N008)	-	8. séance	-	COVID	English	Regular	notMP	notMinister	SOC	Socialistes et apparentés	-	Centre-left to left	PA605069	Bricout, Jean-Louis	M	1957	
ParlaMint-FR-en_2021-07-08-E1008	ParlaMint-FR_2021-07-08-E1008.u100	Proceedings of the debates in plenary sitting of the Assemblée Nationale, sitting: 8, 08/07/2021	2021-07-08	Lower house	15e législature	Première session extraordinaire 2021 (CRSANR5L15S2021E1N008)	-	8. séance	-	COVID	English	Chairperson	MP	notMinister	LR	Les Républicains	Opposition	Centre-right	PA1874	Le Fur, Marc	M	1956	
ParlaMint-FR-en_2021-07-08-E1008	ParlaMint-FR_2021-07-08-E1008.u101	Proceedings of the debates in plenary sitting of the Assemblée Nationale, sitting: 8, 08/07/2021	2021-07-08	Lower house	15e législature	Première session extraordinaire 2021 (CRSANR5L15S2021E1N008)	-	8. séance	-	COVID	English	Regular	notMP	notMinister	LAREM	La République en Marche	Coalition	Centre	PA721710	Peyron, Michèle	F	1961	
ParlaMint-FR-en_2021-07-08-E1008	ParlaMint-FR_2021-07-08-E1008.u102	Proceedings of the debates in plenary sitting of the Assemblée Nationale, sitting: 8, 08/07/2021	2021-07-08	Lower house	15e législature	Première session extraordinaire 2021 (CRSANR5L15S2021E1N008)	-	8. séance	-	COVID	English	Regular	MP	notMinister	LR	Les Républicains	Opposition	Centre-right	PA1874	Le Fur, Marc	M	1956	
ParlaMint-FR-en_2021-07-08-E1008	ParlaMint-FR_2021-07-08-E1008.u103	Proceedings of the debates in plenary sitting of the Assemblée Nationale, sitting: 8, 08/07/2021	2021-07-08	Lower house	15e législature	Première session extraordinaire 2021 (CRSANR5L15S2021E1N008)	-	8. séance	-	COVID	English	Regular	notMP	notMinister	-	-	-	-	PA722086	Taquet, Adrien	M	1977	
ParlaMint-FR-en_2021-07-08-E1008	ParlaMint-FR_2021-07-08-E1008.u104	Proceedings of the debates in plenary sitting of the Assemblée Nationale, sitting: 8, 08/07/2021	2021-07-08	Lower house	15e législature	Première session extraordinaire 2021 (CRSANR5L15S2021E1N008)	-	8. séance	-	COVID	English	Chairperson	MP	notMinister	LR	Les Républicains	Opposition	Centre-right	PA1874	Le Fur, Marc	M	1956	
ParlaMint-FR-en_2021-07-08-E1008	ParlaMint-FR_2021-07-08-E1008.u105	Proceedings of the debates in plenary sitting of the Assemblée Nationale, sitting: 8, 08/07/2021	2021-07-08	Lower house	15e législature	Première session extraordinaire 2021 (CRSANR5L15S2021E1N008)	-	8. séance	-	COVID	English	Chairperson	MP	notMinister	LR	Les Républicains	Opposition	Centre-right	PA1874	Le Fur, Marc	M	1956	
ParlaMint-FR-en_2021-07-08-E1008	ParlaMint-FR_2021-07-08-E1008.u106	Proceedings of the debates in plenary sitting of the Assemblée Nationale, sitting: 8, 08/07/2021	2021-07-08	Lower house	15e législature	Première session extraordinaire 2021 (CRSANR5L15S2021E1N008)	-	8. séance	-	COVID	English	Chairperson	MP	notMinister	LR	Les Républicains	Opposition	Centre-right	PA1874	Le Fur, Marc	M	1956	
ParlaMint-FR-en_2021-07-08-E1008	ParlaMint-FR_2021-07-08-E1008.u107	Proceedings of the debates in plenary sitting of the Assemblée Nationale, sitting: 8, 08/07/2021	2021-07-08	Lower house	15e législature	Première session extraordinaire 2021 (CRSANR5L15S2021E1N008)	-	8. séance	-	COVID	English	Regular	notMP	notMinister	LAREM	La République en Marche	Coalition	Centre	PA721710	Peyron, Michèle	F	1961	
ParlaMint-FR-en_2021-07-08-E1008	ParlaMint-FR_2021-07-08-E1008.u108	Proceedings of the debates in plenary sitting of the Assemblée Nationale, sitting: 8, 08/07/2021	2021-07-08	Lower house	15e législature	Première session extraordinaire 2021 (CRSANR5L15S2021E1N008)	-	8. séance	-	COVID	English	Regular	MP	notMinister	LR	Les Républicains	Opposition	Centre-right	PA1874	Le Fur, Marc	M	1956	
ParlaMint-FR-en_2021-07-08-E1008	ParlaMint-FR_2021-07-08-E1008.u109	Proceedings of the debates in plenary sitting of the Assemblée Nationale, sitting: 8, 08/07/2021	2021-07-08	Lower house	15e législature	Première session extraordinaire 2021 (CRSANR5L15S2021E1N008)	-	8. séance	-	COVID	English	Regular	notMP	notMinister	-	-	-	-	PA722086	Taquet, Adrien	M	1977	
ParlaMint-FR-en_2021-07-08-E1008	ParlaMint-FR_2021-07-08-E1008.u110	Proceedings of the debates in plenary sitting of the Assemblée Nationale, sitting: 8, 08/07/2021	2021-07-08	Lower house	15e législature	Première session extraordinaire 2021 (CRSANR5L15S2021E1N008)	-	8. séance	-	COVID	English	Regular	MP	notMinister	LR	Les Républicains	Opposition	Centre-right	PA1874	Le Fur, Marc	M	1956	
ParlaMint-FR-en_2021-07-08-E1008	ParlaMint-FR_2021-07-08-E1008.u111	Proceedings of the debates in plenary sitting of the Assemblée Nationale, sitting: 8, 08/07/2021	2021-07-08	Lower house	15e législature	Première session extraordinaire 2021 (CRSANR5L15S2021E1N008)	-	8. séance	-	COVID	English	Regular	notMP	notMinister	LAREM	La République en Marche	Coalition	Centre	PA721710	Peyron, Michèle	F	1961	
ParlaMint-FR-en_2021-07-08-E1008	ParlaMint-FR_2021-07-08-E1008.u112	Proceedings of the debates in plenary sitting of the Assemblée Nationale, sitting: 8, 08/07/2021	2021-07-08	Lower house	15e législature	Première session extraordinaire 2021 (CRSANR5L15S2021E1N008)	-	8. séance	-	COVID	English	Chairperson	MP	notMinister	LR	Les Républicains	Opposition	Centre-right	PA1874	Le Fur, Marc	M	1956	
ParlaMint-FR-en_2021-07-08-E1008	ParlaMint-FR_2021-07-08-E1008.u113	Proceedings of the debates in plenary sitting of the Assemblée Nationale, sitting: 8, 08/07/2021	2021-07-08	Lower house	15e législature	Première session extraordinaire 2021 (CRSANR5L15S2021E1N008)	-	8. séance	-	COVID	English	Regular	notMP	notMinister	-	-	-	-	PA721046	Bassire, Nathalie	F	1968	
ParlaMint-FR-en_2021-07-08-E1008	ParlaMint-FR_2021-07-08-E1008.u114	Proceedings of the debates in plenary sitting of the Assemblée Nationale, sitting: 8, 08/07/2021	2021-07-08	Lower house	15e législature	Première session extraordinaire 2021 (CRSANR5L15S2021E1N008)	-	8. séance	-	COVID	English	Regular	MP	notMinister	LR	Les Républicains	Opposition	Centre-right	PA1874	Le Fur, Marc	M	1956	
ParlaMint-FR-en_2021-07-08-E1008	ParlaMint-FR_2021-07-08-E1008.u115	Proceedings of the debates in plenary sitting of the Assemblée Nationale, sitting: 8, 08/07/2021	2021-07-08	Lower house	15e législature	Première session extraordinaire 2021 (CRSANR5L15S2021E1N008)	-	8. séance	-	COVID	English	Regular	notMP	notMinister	LAREM	La République en Marche	Coalition	Centre	PA721710	Peyron, Michèle	F	1961	
ParlaMint-FR-en_2021-07-08-E1008	ParlaMint-FR_2021-07-08-E1008.u116	Proceedings of the debates in plenary sitting of the Assemblée Nationale, sitting: 8, 08/07/2021	2021-07-08	Lower house	15e législature	Première session extraordinaire 2021 (CRSANR5L15S2021E1N008)	-	8. séance	-	COVID	English	Regular	MP	notMinister	LR	Les Républicains	Opposition	Centre-right	PA1874	Le Fur, Marc	M	1956	
ParlaMint-FR-en_2021-07-08-E1008	ParlaMint-FR_2021-07-08-E1008.u117	Proceedings of the debates in plenary sitting of the Assemblée Nationale, sitting: 8, 08/07/2021	2021-07-08	Lower house	15e législature	Première session extraordinaire 2021 (CRSANR5L15S2021E1N008)	-	8. séance	-	COVID	English	Regular	notMP	notMinister	-	-	-	-	PA722086	Taquet, Adrien	M	1977	
ParlaMint-FR-en_2021-07-08-E1008	ParlaMint-FR_2021-07-08-E1008.u118	Proceedings of the debates in plenary sitting of the Assemblée Nationale, sitting: 8, 08/07/2021	2021-07-08	Lower house	15e législature	Première session extraordinaire 2021 (CRSANR5L15S2021E1N008)	-	8. séance	-	COVID	English	Regular	MP	notMinister	LR	Les Républicains	Opposition	Centre-right	PA721286	Ramadier, Alain	M	1958	
ParlaMint-FR-en_2021-07-08-E1008	ParlaMint-FR_2021-07-08-E1008.u119	Proceedings of the debates in plenary sitting of the Assemblée Nationale, sitting: 8, 08/07/2021	2021-07-08	Lower house	15e législature	Première session extraordinaire 2021 (CRSANR5L15S2021E1N008)	-	8. séance	-	COVID	English	Regular	notMP	notMinister	-	-	-	-	PA722086	Taquet, Adrien	M	1977	
ParlaMint-FR-en_2021-07-08-E1008	ParlaMint-FR_2021-07-08-E1008.u120	Proceedings of the debates in plenary sitting of the Assemblée Nationale, sitting: 8, 08/07/2021	2021-07-08	Lower house	15e législature	Première session extraordinaire 2021 (CRSANR5L15S2021E1N008)	-	8. séance	-	COVID	English	Regular	notMP	notMinister	GDR	Gauche démocrate et républicaine	Opposition	Left	PA721896	Faucillon, Elsa	F	1981	
ParlaMint-FR-en_2021-07-08-E1008	ParlaMint-FR_2021-07-08-E1008.u121	Proceedings of the debates in plenary sitting of the Assemblée Nationale, sitting: 8, 08/07/2021	2021-07-08	Lower house	15e législature	Première session extraordinaire 2021 (CRSANR5L15S2021E1N008)	-	8. séance	-	COVID	English	Regular	notMP	notMinister	-	-	-	-	PA722086	Taquet, Adrien	M	1977	
ParlaMint-FR-en_2021-07-08-E1008	ParlaMint-FR_2021-07-08-E1008.u122	Proceedings of the debates in plenary sitting of the Assemblée Nationale, sitting: 8, 08/07/2021	2021-07-08	Lower house	15e législature	Première session extraordinaire 2021 (CRSANR5L15S2021E1N008)	-	8. séance	-	COVID	English	Regular	MP	notMinister	LR	Les Républicains	Opposition	Centre-right	PA1874	Le Fur, Marc	M	1956	
ParlaMint-FR-en_2021-07-08-E1008	ParlaMint-FR_2021-07-08-E1008.u123	Proceedings of the debates in plenary sitting of the Assemblée Nationale, sitting: 8, 08/07/2021	2021-07-08	Lower house	15e législature	Première session extraordinaire 2021 (CRSANR5L15S2021E1N008)	-	8. séance	-	COVID	English	Regular	notMP	notMinister	-	-	-	-	PA721046	Bassire, Nathalie	F	1968	
ParlaMint-FR-en_2021-07-08-E1008	ParlaMint-FR_2021-07-08-E1008.u124	Proceedings of the debates in plenary sitting of the Assemblée Nationale, sitting: 8, 08/07/2021	2021-07-08	Lower house	15e législature	Première session extraordinaire 2021 (CRSANR5L15S2021E1N008)	-	8. séance	-	COVID	English	Regular	MP	notMinister	LR	Les Républicains	Opposition	Centre-right	PA1874	Le Fur, Marc	M	1956	
ParlaMint-FR-en_2021-07-08-E1008	ParlaMint-FR_2021-07-08-E1008.u125	Proceedings of the debates in plenary sitting of the Assemblée Nationale, sitting: 8, 08/07/2021	2021-07-08	Lower house	15e législature	Première session extraordinaire 2021 (CRSANR5L15S2021E1N008)	-	8. séance	-	COVID	English	Regular	notMP	notMinister	GDR	Gauche démocrate et républicaine	Opposition	Left	PA721896	Faucillon, Elsa	F	1981	
ParlaMint-FR-en_2021-07-08-E1008	ParlaMint-FR_2021-07-08-E1008.u126	Proceedings of the debates in plenary sitting of the Assemblée Nationale, sitting: 8, 08/07/2021	2021-07-08	Lower house	15e législature	Première session extraordinaire 2021 (CRSANR5L15S2021E1N008)	-	8. séance	-	COVID	English	Regular	notMP	notMinister	LAREM	La République en Marche	Coalition	Centre	PA721710	Peyron, Michèle	F	1961	
ParlaMint-FR-en_2021-07-08-E1008	ParlaMint-FR_2021-07-08-E1008.u127	Proceedings of the debates in plenary sitting of the Assemblée Nationale, sitting: 8, 08/07/2021	2021-07-08	Lower house	15e législature	Première session extraordinaire 2021 (CRSANR5L15S2021E1N008)	-	8. séance	-	COVID	English	Regular	notMP	notMinister	GDR	Gauche démocrate et républicaine	Opposition	Left	PA721896	Faucillon, Elsa	F	1981	
ParlaMint-FR-en_2021-07-08-E1008	ParlaMint-FR_2021-07-08-E1008.u128	Proceedings of the debates in plenary sitting of the Assemblée Nationale, sitting: 8, 08/07/2021	2021-07-08	Lower house	15e législature	Première session extraordinaire 2021 (CRSANR5L15S2021E1N008)	-	8. séance	-	COVID	English	Regular	MP	notMinister	LR	Les Républicains	Opposition	Centre-right	PA1874	Le Fur, Marc	M	1956	
ParlaMint-FR-en_2021-07-08-E1008	ParlaMint-FR_2021-07-08-E1008.u129	Proceedings of the debates in plenary sitting of the Assemblée Nationale, sitting: 8, 08/07/2021	2021-07-08	Lower house	15e législature	Première session extraordinaire 2021 (CRSANR5L15S2021E1N008)	-	8. séance	-	COVID	English	Regular	MP	notMinister	-	-	-	-	PA721246	Gaillot, Albane	F	1971	
ParlaMint-FR-en_2021-07-08-E1008	ParlaMint-FR_2021-07-08-E1008.u130	Proceedings of the debates in plenary sitting of the Assemblée Nationale, sitting: 8, 08/07/2021	2021-07-08	Lower house	15e législature	Première session extraordinaire 2021 (CRSANR5L15S2021E1N008)	-	8. séance	-	COVID	English	Regular	MP	notMinister	LR	Les Républicains	Opposition	Centre-right	PA1874	Le Fur, Marc	M	1956	
ParlaMint-FR-en_2021-07-08-E1008	ParlaMint-FR_2021-07-08-E1008.u131	Proceedings of the debates in plenary sitting of the Assemblée Nationale, sitting: 8, 08/07/2021	2021-07-08	Lower house	15e législature	Première session extraordinaire 2021 (CRSANR5L15S2021E1N008)	-	8. séance	-	COVID	English	Regular	notMP	notMinister	LAREM	La République en Marche	Coalition	Centre	PA721710	Peyron, Michèle	F	1961	
ParlaMint-FR-en_2021-07-08-E1008	ParlaMint-FR_2021-07-08-E1008.u132	Proceedings of the debates in plenary sitting of the Assemblée Nationale, sitting: 8, 08/07/2021	2021-07-08	Lower house	15e législature	Première session extraordinaire 2021 (CRSANR5L15S2021E1N008)	-	8. séance	-	COVID	English	Chairperson	MP	notMinister	LR	Les Républicains	Opposition	Centre-right	PA1874	Le Fur, Marc	M	1956	
ParlaMint-FR-en_2021-07-08-E1008	ParlaMint-FR_2021-07-08-E1008.u133	Proceedings of the debates in plenary sitting of the Assemblée Nationale, sitting: 8, 08/07/2021	2021-07-08	Lower house	15e législature	Première session extraordinaire 2021 (CRSANR5L15S2021E1N008)	-	8. séance	-	COVID	English	Chairperson	MP	notMinister	LR	Les Républicains	Opposition	Centre-right	PA1874	Le Fur, Marc	M	1956	
ParlaMint-FR-en_2021-07-08-E1008	ParlaMint-FR_2021-07-08-E1008.u134	Proceedings of the debates in plenary sitting of the Assemblée Nationale, sitting: 8, 08/07/2021	2021-07-08	Lower house	15e législature	Première session extraordinaire 2021 (CRSANR5L15S2021E1N008)	-	8. séance	-	COVID	English	Regular	MP	notMinister	LR	Les Républicains	Opposition	Centre-right	PA1874	Le Fur, Marc	M	1956	
ParlaMint-FR-en_2021-07-08-E1008	ParlaMint-FR_2021-07-08-E1008.u135	Proceedings of the debates in plenary sitting of the Assemblée Nationale, sitting: 8, 08/07/2021	2021-07-08	Lower house	15e législature	Première session extraordinaire 2021 (CRSANR5L15S2021E1N008)	-	8. séance	-	COVID	English	Regular	MP	notMinister	LAREM	La République en Marche	Coalition	Centre	PA719858	Limon, Monique	F	1953	
ParlaMint-FR-en_2021-07-08-E1008	ParlaMint-FR_2021-07-08-E1008.u136	Proceedings of the debates in plenary sitting of the Assemblée Nationale, sitting: 8, 08/07/2021	2021-07-08	Lower house	15e législature	Première session extraordinaire 2021 (CRSANR5L15S2021E1N008)	-	8. séance	-	COVID	English	Regular	MP	notMinister	LR	Les Républicains	Opposition	Centre-right	PA1874	Le Fur, Marc	M	1956	
ParlaMint-FR-en_2021-07-08-E1008	ParlaMint-FR_2021-07-08-E1008.u137	Proceedings of the debates in plenary sitting of the Assemblée Nationale, sitting: 8, 08/07/2021	2021-07-08	Lower house	15e législature	Première session extraordinaire 2021 (CRSANR5L15S2021E1N008)	-	8. séance	-	COVID	English	Regular	notMP	notMinister	-	-	-	-	PA720560	Goulet, Perrine	F	1978	
ParlaMint-FR-en_2021-07-08-E1008	ParlaMint-FR_2021-07-08-E1008.u138	Proceedings of the debates in plenary sitting of the Assemblée Nationale, sitting: 8, 08/07/2021	2021-07-08	Lower house	15e législature	Première session extraordinaire 2021 (CRSANR5L15S2021E1N008)	-	8. séance	-	COVID	English	Chairperson	MP	notMinister	LR	Les Républicains	Opposition	Centre-right	PA1874	Le Fur, Marc	M	1956	
ParlaMint-FR-en_2021-07-08-E1008	ParlaMint-FR_2021-07-08-E1008.u139	Proceedings of the debates in plenary sitting of the Assemblée Nationale, sitting: 8, 08/07/2021	2021-07-08	Lower house	15e législature	Première session extraordinaire 2021 (CRSANR5L15S2021E1N008)	-	8. séance	-	COVID	English	Regular	MP	notMinister	-	-	-	-	PA721246	Gaillot, Albane	F	1971	
ParlaMint-FR-en_2021-07-08-E1008	ParlaMint-FR_2021-07-08-E1008.u140	Proceedings of the debates in plenary sitting of the Assemblée Nationale, sitting: 8, 08/07/2021	2021-07-08	Lower house	15e législature	Première session extraordinaire 2021 (CRSANR5L15S2021E1N008)	-	8. séance	-	COVID	English	Chairperson	MP	notMinister	LR	Les Républicains	Opposition	Centre-right	PA1874	Le Fur, Marc	M	1956	
ParlaMint-FR-en_2021-07-08-E1008	ParlaMint-FR_2021-07-08-E1008.u141	Proceedings of the debates in plenary sitting of the Assemblée Nationale, sitting: 8, 08/07/2021	2021-07-08	Lower house	15e législature	Première session extraordinaire 2021 (CRSANR5L15S2021E1N008)	-	8. séance	-	COVID	English	Regular	notMP	notMinister	LAREM	La République en Marche	Coalition	Centre	PA721710	Peyron, Michèle	F	1961	
ParlaMint-FR-en_2021-07-08-E1008	ParlaMint-FR_2021-07-08-E1008.u142	Proceedings of the debates in plenary sitting of the Assemblée Nationale, sitting: 8, 08/07/2021	2021-07-08	Lower house	15e législature	Première session extraordinaire 2021 (CRSANR5L15S2021E1N008)	-	8. séance	-	COVID	English	Regular	MP	notMinister	LR	Les Républicains	Opposition	Centre-right	PA1874	Le Fur, Marc	M	1956	
ParlaMint-FR-en_2021-07-08-E1008	ParlaMint-FR_2021-07-08-E1008.u143	Proceedings of the debates in plenary sitting of the Assemblée Nationale, sitting: 8, 08/07/2021	2021-07-08	Lower house	15e législature	Première session extraordinaire 2021 (CRSANR5L15S2021E1N008)	-	8. séance	-	COVID	English	Regular	notMP	notMinister	-	-	-	-	PA722086	Taquet, Adrien	M	1977	
ParlaMint-FR-en_2021-07-08-E1008	ParlaMint-FR_2021-07-08-E1008.u144	Proceedings of the debates in plenary sitting of the Assemblée Nationale, sitting: 8, 08/07/2021	2021-07-08	Lower house	15e législature	Première session extraordinaire 2021 (CRSANR5L15S2021E1N008)	-	8. séance	-	COVID	English	Chairperson	MP	notMinister	LR	Les Républicains	Opposition	Centre-right	PA1874	Le Fur, Marc	M	1956	
ParlaMint-FR-en_2021-07-08-E1008	ParlaMint-FR_2021-07-08-E1008.u145	Proceedings of the debates in plenary sitting of the Assemblée Nationale, sitting: 8, 08/07/2021	2021-07-08	Lower house	15e législature	Première session extraordinaire 2021 (CRSANR5L15S2021E1N008)	-	8. séance	-	COVID	English	Regular	notMP	notMinister	-	-	-	-	PA720560	Goulet, Perrine	F	1978	
ParlaMint-FR-en_2021-07-08-E1008	ParlaMint-FR_2021-07-08-E1008.u146	Proceedings of the debates in plenary sitting of the Assemblée Nationale, sitting: 8, 08/07/2021	2021-07-08	Lower house	15e législature	Première session extraordinaire 2021 (CRSANR5L15S2021E1N008)	-	8. séance	-	COVID	English	Regular	MP	notMinister	LR	Les Républicains	Opposition	Centre-right	PA1874	Le Fur, Marc	M	1956	
ParlaMint-FR-en_2021-07-08-E1008	ParlaMint-FR_2021-07-08-E1008.u147	Proceedings of the debates in plenary sitting of the Assemblée Nationale, sitting: 8, 08/07/2021	2021-07-08	Lower house	15e législature	Première session extraordinaire 2021 (CRSANR5L15S2021E1N008)	-	8. séance	-	COVID	English	Regular	notMP	notMinister	LAREM	La République en Marche	Coalition	Centre	PA721710	Peyron, Michèle	F	1961	
ParlaMint-FR-en_2021-07-08-E1008	ParlaMint-FR_2021-07-08-E1008.u148	Proceedings of the debates in plenary sitting of the Assemblée Nationale, sitting: 8, 08/07/2021	2021-07-08	Lower house	15e législature	Première session extraordinaire 2021 (CRSANR5L15S2021E1N008)	-	8. séance	-	COVID	English	Regular	MP	notMinister	LR	Les Républicains	Opposition	Centre-right	PA1874	Le Fur, Marc	M	1956	
ParlaMint-FR-en_2021-07-08-E1008	ParlaMint-FR_2021-07-08-E1008.u149	Proceedings of the debates in plenary sitting of the Assemblée Nationale, sitting: 8, 08/07/2021	2021-07-08	Lower house	15e législature	Première session extraordinaire 2021 (CRSANR5L15S2021E1N008)	-	8. séance	-	COVID	English	Regular	notMP	notMinister	-	-	-	-	PA722086	Taquet, Adrien	M	1977	
ParlaMint-FR-en_2021-07-08-E1008	ParlaMint-FR_2021-07-08-E1008.u150	Proceedings of the debates in plenary sitting of the Assemblée Nationale, sitting: 8, 08/07/2021	2021-07-08	Lower house	15e législature	Première session extraordinaire 2021 (CRSANR5L15S2021E1N008)	-	8. séance	-	COVID	English	Regular	MP	notMinister	LR	Les Républicains	Opposition	Centre-right	PA1874	Le Fur, Marc	M	1956	
ParlaMint-FR-en_2021-07-08-E1008	ParlaMint-FR_2021-07-08-E1008.u151	Proceedings of the debates in plenary sitting of the Assemblée Nationale, sitting: 8, 08/07/2021	2021-07-08	Lower house	15e législature	Première session extraordinaire 2021 (CRSANR5L15S2021E1N008)	-	8. séance	-	COVID	English	Regular	notMP	notMinister	SOC	Socialistes et apparentés	-	Centre-left to left	PA774960	Santiago, Isabelle	F	1965	
ParlaMint-FR-en_2021-07-08-E1008	ParlaMint-FR_2021-07-08-E1008.u152	Proceedings of the debates in plenary sitting of the Assemblée Nationale, sitting: 8, 08/07/2021	2021-07-08	Lower house	15e législature	Première session extraordinaire 2021 (CRSANR5L15S2021E1N008)	-	8. séance	-	COVID	English	Regular	MP	notMinister	LR	Les Républicains	Opposition	Centre-right	PA1874	Le Fur, Marc	M	1956	
ParlaMint-FR-en_2021-07-08-E1008	ParlaMint-FR_2021-07-08-E1008.u153	Proceedings of the debates in plenary sitting of the Assemblée Nationale, sitting: 8, 08/07/2021	2021-07-08	Lower house	15e législature	Première session extraordinaire 2021 (CRSANR5L15S2021E1N008)	-	8. séance	-	COVID	English	Regular	notMP	notMinister	FI	La France insoumise	Opposition	Left to far-left	PA722142	Ruffin, François	M	1975	
ParlaMint-FR-en_2021-07-08-E1008	ParlaMint-FR_2021-07-08-E1008.u154	Proceedings of the debates in plenary sitting of the Assemblée Nationale, sitting: 8, 08/07/2021	2021-07-08	Lower house	15e législature	Première session extraordinaire 2021 (CRSANR5L15S2021E1N008)	-	8. séance	-	COVID	English	Chairperson	MP	notMinister	LR	Les Républicains	Opposition	Centre-right	PA1874	Le Fur, Marc	M	1956	
ParlaMint-FR-en_2021-07-08-E1008	ParlaMint-FR_2021-07-08-E1008.u155	Proceedings of the debates in plenary sitting of the Assemblée Nationale, sitting: 8, 08/07/2021	2021-07-08	Lower house	15e législature	Première session extraordinaire 2021 (CRSANR5L15S2021E1N008)	-	8. séance	-	COVID	English	Regular	MP	notMinister	UDI_I	UDI et Indépendants	Opposition	Right	PA720488	Six, Valérie	F	1963	
ParlaMint-FR-en_2021-07-08-E1008	ParlaMint-FR_2021-07-08-E1008.u156	Proceedings of the debates in plenary sitting of the Assemblée Nationale, sitting: 8, 08/07/2021	2021-07-08	Lower house	15e législature	Première session extraordinaire 2021 (CRSANR5L15S2021E1N008)	-	8. séance	-	COVID	English	Chairperson	MP	notMinister	LR	Les Républicains	Opposition	Centre-right	PA1874	Le Fur, Marc	M	1956	
ParlaMint-FR-en_2021-07-08-E1008	ParlaMint-FR_2021-07-08-E1008.u157	Proceedings of the debates in plenary sitting of the Assemblée Nationale, sitting: 8, 08/07/2021	2021-07-08	Lower house	15e législature	Première session extraordinaire 2021 (CRSANR5L15S2021E1N008)	-	8. séance	-	COVID	English	Regular	notMP	notMinister	-	-	-	-	PA720560	Goulet, Perrine	F	1978	
ParlaMint-FR-en_2021-07-08-E1008	ParlaMint-FR_2021-07-08-E1008.u158	Proceedings of the debates in plenary sitting of the Assemblée Nationale, sitting: 8, 08/07/2021	2021-07-08	Lower house	15e législature	Première session extraordinaire 2021 (CRSANR5L15S2021E1N008)	-	8. séance	-	COVID	English	Regular	notMP	notMinister	-	-	-	-	PA722086	Taquet, Adrien	M	1977	
ParlaMint-FR-en_2021-07-08-E1008	ParlaMint-FR_2021-07-08-E1008.u159	Proceedings of the debates in plenary sitting of the Assemblée Nationale, sitting: 8, 08/07/2021	2021-07-08	Lower house	15e législature	Première session extraordinaire 2021 (CRSANR5L15S2021E1N008)	-	8. séance	-	COVID	English	Chairperson	MP	notMinister	LR	Les Républicains	Opposition	Centre-right	PA1874	Le Fur, Marc	M	1956	
ParlaMint-FR-en_2021-07-08-E1008	ParlaMint-FR_2021-07-08-E1008.u160	Proceedings of the debates in plenary sitting of the Assemblée Nationale, sitting: 8, 08/07/2021	2021-07-08	Lower house	15e législature	Première session extraordinaire 2021 (CRSANR5L15S2021E1N008)	-	8. séance	-	COVID	English	Regular	notMP	notMinister	SOC	Socialistes et apparentés	-	Centre-left to left	PA605069	Bricout, Jean-Louis	M	1957	
ParlaMint-FR-en_2021-07-08-E1008	ParlaMint-FR_2021-07-08-E1008.u161	Proceedings of the debates in plenary sitting of the Assemblée Nationale, sitting: 8, 08/07/2021	2021-07-08	Lower house	15e législature	Première session extraordinaire 2021 (CRSANR5L15S2021E1N008)	-	8. séance	-	COVID	English	Chairperson	MP	notMinister	LR	Les Républicains	Opposition	Centre-right	PA1874	Le Fur, Marc	M	1956	
ParlaMint-FR-en_2021-07-08-E1008	ParlaMint-FR_2021-07-08-E1008.u162	Proceedings of the debates in plenary sitting of the Assemblée Nationale, sitting: 8, 08/07/2021	2021-07-08	Lower house	15e législature	Première session extraordinaire 2021 (CRSANR5L15S2021E1N008)	-	8. séance	-	COVID	English	Regular	notMP	notMinister	LAREM	La République en Marche	Coalition	Centre	PA721710	Peyron, Michèle	F	1961	
ParlaMint-FR-en_2021-07-08-E1008	ParlaMint-FR_2021-07-08-E1008.u163	Proceedings of the debates in plenary sitting of the Assemblée Nationale, sitting: 8, 08/07/2021	2021-07-08	Lower house	15e législature	Première session extraordinaire 2021 (CRSANR5L15S2021E1N008)	-	8. séance	-	COVID	English	Regular	MP	notMinister	LR	Les Républicains	Opposition	Centre-right	PA1874	Le Fur, Marc	M	1956	
ParlaMint-FR-en_2021-07-08-E1008	ParlaMint-FR_2021-07-08-E1008.u164	Proceedings of the debates in plenary sitting of the Assemblée Nationale, sitting: 8, 08/07/2021	2021-07-08	Lower house	15e législature	Première session extraordinaire 2021 (CRSANR5L15S2021E1N008)	-	8. séance	-	COVID	English	Regular	notMP	notMinister	-	-	-	-	PA722086	Taquet, Adrien	M	1977	
ParlaMint-FR-en_2021-07-08-E1008	ParlaMint-FR_2021-07-08-E1008.u165	Proceedings of the debates in plenary sitting of the Assemblée Nationale, sitting: 8, 08/07/2021	2021-07-08	Lower house	15e législature	Première session extraordinaire 2021 (CRSANR5L15S2021E1N008)	-	8. séance	-	COVID	English	Regular	MP	notMinister	LR	Les Républicains	Opposition	Centre-right	PA1874	Le Fur, Marc	M	1956	
ParlaMint-FR-en_2021-07-08-E1008	ParlaMint-FR_2021-07-08-E1008.u166	Proceedings of the debates in plenary sitting of the Assemblée Nationale, sitting: 8, 08/07/2021	2021-07-08	Lower house	15e législature	Première session extraordinaire 2021 (CRSANR5L15S2021E1N008)	-	8. séance	-	COVID	English	Regular	notMP	notMinister	-	-	-	-	PA720560	Goulet, Perrine	F	1978	
ParlaMint-FR-en_2021-07-08-E1008	ParlaMint-FR_2021-07-08-E1008.u167	Proceedings of the debates in plenary sitting of the Assemblée Nationale, sitting: 8, 08/07/2021	2021-07-08	Lower house	15e législature	Première session extraordinaire 2021 (CRSANR5L15S2021E1N008)	-	8. séance	-	COVID	English	Regular	notMP	notMinister	FI	La France insoumise	Opposition	Left to far-left	PA722142	Ruffin, François	M	1975	
ParlaMint-FR-en_2021-07-08-E1008	ParlaMint-FR_2021-07-08-E1008.u168	Proceedings of the debates in plenary sitting of the Assemblée Nationale, sitting: 8, 08/07/2021	2021-07-08	Lower house	15e législature	Première session extraordinaire 2021 (CRSANR5L15S2021E1N008)	-	8. séance	-	COVID	English	Chairperson	MP	notMinister	LR	Les Républicains	Opposition	Centre-right	PA1874	Le Fur, Marc	M	1956	
ParlaMint-FR-en_2021-07-08-E1008	ParlaMint-FR_2021-07-08-E1008.u169	Proceedings of the debates in plenary sitting of the Assemblée Nationale, sitting: 8, 08/07/2021	2021-07-08	Lower house	15e législature	Première session extraordinaire 2021 (CRSANR5L15S2021E1N008)	-	8. séance	-	COVID	English	Regular	notMP	notMinister	FI	La France insoumise	Opposition	Left to far-left	PA722142	Ruffin, François	M	1975	
ParlaMint-FR-en_2021-07-08-E1008	ParlaMint-FR_2021-07-08-E1008.u170	Proceedings of the debates in plenary sitting of the Assemblée Nationale, sitting: 8, 08/07/2021	2021-07-08	Lower house	15e législature	Première session extraordinaire 2021 (CRSANR5L15S2021E1N008)	-	8. séance	-	COVID	English	Regular	MP	notMinister	LR	Les Républicains	Opposition	Centre-right	PA1874	Le Fur, Marc	M	1956	
ParlaMint-FR-en_2021-07-08-E1008	ParlaMint-FR_2021-07-08-E1008.u171	Proceedings of the debates in plenary sitting of the Assemblée Nationale, sitting: 8, 08/07/2021	2021-07-08	Lower house	15e législature	Première session extraordinaire 2021 (CRSANR5L15S2021E1N008)	-	8. séance	-	COVID	English	Regular	notMP	notMinister	LAREM	La République en Marche	Coalition	Centre	PA721710	Peyron, Michèle	F	1961	
ParlaMint-FR-en_2021-07-08-E1008	ParlaMint-FR_2021-07-08-E1008.u172	Proceedings of the debates in plenary sitting of the Assemblée Nationale, sitting: 8, 08/07/2021	2021-07-08	Lower house	15e législature	Première session extraordinaire 2021 (CRSANR5L15S2021E1N008)	-	8. séance	-	COVID	English	Regular	MP	notMinister	LR	Les Républicains	Opposition	Centre-right	PA1874	Le Fur, Marc	M	1956	
ParlaMint-FR-en_2021-07-08-E1008	ParlaMint-FR_2021-07-08-E1008.u173	Proceedings of the debates in plenary sitting of the Assemblée Nationale, sitting: 8, 08/07/2021	2021-07-08	Lower house	15e législature	Première session extraordinaire 2021 (CRSANR5L15S2021E1N008)	-	8. séance	-	COVID	English	Regular	notMP	notMinister	-	-	-	-	PA722086	Taquet, Adrien	M	1977	
ParlaMint-FR-en_2021-07-08-E1008	ParlaMint-FR_2021-07-08-E1008.u174	Proceedings of the debates in plenary sitting of the Assemblée Nationale, sitting: 8, 08/07/2021	2021-07-08	Lower house	15e législature	Première session extraordinaire 2021 (CRSANR5L15S2021E1N008)	-	8. séance	-	COVID	English	Regular	notMP	notMinister	FI	La France insoumise	Opposition	Left to far-left	PA722142	Ruffin, François	M	1975	
ParlaMint-FR-en_2021-07-08-E1008	ParlaMint-FR_2021-07-08-E1008.u175	Proceedings of the debates in plenary sitting of the Assemblée Nationale, sitting: 8, 08/07/2021	2021-07-08	Lower house	15e législature	Première session extraordinaire 2021 (CRSANR5L15S2021E1N008)	-	8. séance	-	COVID	English	Regular	MP	notMinister	LR	Les Républicains	Opposition	Centre-right	PA1874	Le Fur, Marc	M	1956	
ParlaMint-FR-en_2021-07-08-E1008	ParlaMint-FR_2021-07-08-E1008.u176	Proceedings of the debates in plenary sitting of the Assemblée Nationale, sitting: 8, 08/07/2021	2021-07-08	Lower house	15e législature	Première session extraordinaire 2021 (CRSANR5L15S2021E1N008)	-	8. séance	-	COVID	English	Chairperson	MP	notMinister	LR	Les Républicains	Opposition	Centre-right	PA1874	Le Fur, Marc	M	1956	
ParlaMint-FR-en_2021-07-08-E1008	ParlaMint-FR_2021-07-08-E1008.u177	Proceedings of the debates in plenary sitting of the Assemblée Nationale, sitting: 8, 08/07/2021	2021-07-08	Lower house	15e législature	Première session extraordinaire 2021 (CRSANR5L15S2021E1N008)	-	8. séance	-	COVID	English	Regular	notMP	notMinister	-	-	-	-	PA720560	Goulet, Perrine	F	1978	
ParlaMint-FR-en_2021-07-08-E1008	ParlaMint-FR_2021-07-08-E1008.u178	Proceedings of the debates in plenary sitting of the Assemblée Nationale, sitting: 8, 08/07/2021	2021-07-08	Lower house	15e législature	Première session extraordinaire 2021 (CRSANR5L15S2021E1N008)	-	8. séance	-	COVID	English	Regular	MP	notMinister	LR	Les Républicains	Opposition	Centre-right	PA1874	Le Fur, Marc	M	1956	
ParlaMint-FR-en_2021-07-08-E1008	ParlaMint-FR_2021-07-08-E1008.u179	Proceedings of the debates in plenary sitting of the Assemblée Nationale, sitting: 8, 08/07/2021	2021-07-08	Lower house	15e législature	Première session extraordinaire 2021 (CRSANR5L15S2021E1N008)	-	8. séance	-	COVID	English	Regular	notMP	notMinister	LAREM	La République en Marche	Coalition	Centre	PA721710	Peyron, Michèle	F	1961	
ParlaMint-FR-en_2021-07-08-E1008	ParlaMint-FR_2021-07-08-E1008.u180	Proceedings of the debates in plenary sitting of the Assemblée Nationale, sitting: 8, 08/07/2021	2021-07-08	Lower house	15e législature	Première session extraordinaire 2021 (CRSANR5L15S2021E1N008)	-	8. séance	-	COVID	English	Regular	MP	notMinister	LR	Les Républicains	Opposition	Centre-right	PA1874	Le Fur, Marc	M	1956	
ParlaMint-FR-en_2021-07-08-E1008	ParlaMint-FR_2021-07-08-E1008.u181	Proceedings of the debates in plenary sitting of the Assemblée Nationale, sitting: 8, 08/07/2021	2021-07-08	Lower house	15e législature	Première session extraordinaire 2021 (CRSANR5L15S2021E1N008)	-	8. séance	-	COVID	English	Regular	notMP	notMinister	-	-	-	-	PA722086	Taquet, Adrien	M	1977	
ParlaMint-FR-en_2021-07-08-E1008	ParlaMint-FR_2021-07-08-E1008.u182	Proceedings of the debates in plenary sitting of the Assemblée Nationale, sitting: 8, 08/07/2021	2021-07-08	Lower house	15e législature	Première session extraordinaire 2021 (CRSANR5L15S2021E1N008)	-	8. séance	-	COVID	English	Chairperson	MP	notMinister	LR	Les Républicains	Opposition	Centre-right	PA1874	Le Fur, Marc	M	1956	
ParlaMint-FR-en_2021-07-08-E1008	ParlaMint-FR_2021-07-08-E1008.u183	Proceedings of the debates in plenary sitting of the Assemblée Nationale, sitting: 8, 08/07/2021	2021-07-08	Lower house	15e législature	Première session extraordinaire 2021 (CRSANR5L15S2021E1N008)	-	8. séance	-	COVID	English	Regular	notMP	notMinister	FI	La France insoumise	Opposition	Left to far-left	PA722142	Ruffin, François	M	1975	
ParlaMint-FR-en_2021-07-08-E1008	ParlaMint-FR_2021-07-08-E1008.u184	Proceedings of the debates in plenary sitting of the Assemblée Nationale, sitting: 8, 08/07/2021	2021-07-08	Lower house	15e législature	Première session extraordinaire 2021 (CRSANR5L15S2021E1N008)	-	8. séance	-	COVID	English	Chairperson	MP	notMinister	LR	Les Républicains	Opposition	Centre-right	PA1874	Le Fur, Marc	M	1956	
ParlaMint-FR-en_2021-07-08-E1008	ParlaMint-FR_2021-07-08-E1008.u185	Proceedings of the debates in plenary sitting of the Assemblée Nationale, sitting: 8, 08/07/2021	2021-07-08	Lower house	15e législature	Première session extraordinaire 2021 (CRSANR5L15S2021E1N008)	-	8. séance	-	COVID	English	Regular	notMP	notMinister	SOC	Socialistes et apparentés	-	Centre-left to left	PA774960	Santiago, Isabelle	F	1965	
ParlaMint-FR-en_2021-07-08-E1008	ParlaMint-FR_2021-07-08-E1008.u186	Proceedings of the debates in plenary sitting of the Assemblée Nationale, sitting: 8, 08/07/2021	2021-07-08	Lower house	15e législature	Première session extraordinaire 2021 (CRSANR5L15S2021E1N008)	-	8. séance	-	COVID	English	Chairperson	MP	notMinister	LR	Les Républicains	Opposition	Centre-right	PA1874	Le Fur, Marc	M	1956	
ParlaMint-FR-en_2021-07-08-E1008	ParlaMint-FR_2021-07-08-E1008.u187	Proceedings of the debates in plenary sitting of the Assemblée Nationale, sitting: 8, 08/07/2021	2021-07-08	Lower house	15e législature	Première session extraordinaire 2021 (CRSANR5L15S2021E1N008)	-	8. séance	-	COVID	English	Regular	notMP	notMinister	LAREM	La République en Marche	Coalition	Centre	PA721710	Peyron, Michèle	F	1961	
ParlaMint-FR-en_2021-07-08-E1008	ParlaMint-FR_2021-07-08-E1008.u188	Proceedings of the debates in plenary sitting of the Assemblée Nationale, sitting: 8, 08/07/2021	2021-07-08	Lower house	15e législature	Première session extraordinaire 2021 (CRSANR5L15S2021E1N008)	-	8. séance	-	COVID	English	Regular	MP	notMinister	LR	Les Républicains	Opposition	Centre-right	PA1874	Le Fur, Marc	M	1956	
ParlaMint-FR-en_2021-07-08-E1008	ParlaMint-FR_2021-07-08-E1008.u189	Proceedings of the debates in plenary sitting of the Assemblée Nationale, sitting: 8, 08/07/2021	2021-07-08	Lower house	15e législature	Première session extraordinaire 2021 (CRSANR5L15S2021E1N008)	-	8. séance	-	COVID	English	Regular	notMP	notMinister	-	-	-	-	PA722086	Taquet, Adrien	M	1977	
ParlaMint-FR-en_2021-07-08-E1008	ParlaMint-FR_2021-07-08-E1008.u190	Proceedings of the debates in plenary sitting of the Assemblée Nationale, sitting: 8, 08/07/2021	2021-07-08	Lower house	15e législature	Première session extraordinaire 2021 (CRSANR5L15S2021E1N008)	-	8. séance	-	COVID	English	Chairperson	MP	notMinister	LR	Les Républicains	Opposition	Centre-right	PA1874	Le Fur, Marc	M	1956	
ParlaMint-FR-en_2021-07-08-E1008	ParlaMint-FR_2021-07-08-E1008.u191	Proceedings of the debates in plenary sitting of the Assemblée Nationale, sitting: 8, 08/07/2021	2021-07-08	Lower house	15e législature	Première session extraordinaire 2021 (CRSANR5L15S2021E1N008)	-	8. séance	-	COVID	English	Regular	MP	notMinister	UDI_I	UDI et Indépendants	Opposition	Right	PA720488	Six, Valérie	F	1963	
ParlaMint-FR-en_2021-07-08-E1008	ParlaMint-FR_2021-07-08-E1008.u192	Proceedings of the debates in plenary sitting of the Assemblée Nationale, sitting: 8, 08/07/2021	2021-07-08	Lower house	15e législature	Première session extraordinaire 2021 (CRSANR5L15S2021E1N008)	-	8. séance	-	COVID	English	Regular	MP	notMinister	LR	Les Républicains	Opposition	Centre-right	PA1874	Le Fur, Marc	M	1956	
ParlaMint-FR-en_2021-07-08-E1008	ParlaMint-FR_2021-07-08-E1008.u193	Proceedings of the debates in plenary sitting of the Assemblée Nationale, sitting: 8, 08/07/2021	2021-07-08	Lower house	15e législature	Première session extraordinaire 2021 (CRSANR5L15S2021E1N008)	-	8. séance	-	COVID	English	Regular	notMP	notMinister	LAREM	La République en Marche	Coalition	Centre	PA721710	Peyron, Michèle	F	1961	
ParlaMint-FR-en_2021-07-08-E1008	ParlaMint-FR_2021-07-08-E1008.u194	Proceedings of the debates in plenary sitting of the Assemblée Nationale, sitting: 8, 08/07/2021	2021-07-08	Lower house	15e législature	Première session extraordinaire 2021 (CRSANR5L15S2021E1N008)	-	8. séance	-	COVID	English	Regular	MP	notMinister	LR	Les Républicains	Opposition	Centre-right	PA1874	Le Fur, Marc	M	1956	
ParlaMint-FR-en_2021-07-08-E1008	ParlaMint-FR_2021-07-08-E1008.u195	Proceedings of the debates in plenary sitting of the Assemblée Nationale, sitting: 8, 08/07/2021	2021-07-08	Lower house	15e législature	Première session extraordinaire 2021 (CRSANR5L15S2021E1N008)	-	8. séance	-	COVID	English	Regular	notMP	notMinister	-	-	-	-	PA722086	Taquet, Adrien	M	1977	
ParlaMint-FR-en_2021-07-08-E1008	ParlaMint-FR_2021-07-08-E1008.u196	Proceedings of the debates in plenary sitting of the Assemblée Nationale, sitting: 8, 08/07/2021	2021-07-08	Lower house	15e législature	Première session extraordinaire 2021 (CRSANR5L15S2021E1N008)	-	8. séance	-	COVID	English	Chairperson	MP	notMinister	LR	Les Républicains	Opposition	Centre-right	PA1874	Le Fur, Marc	M	1956	
ParlaMint-FR-en_2021-07-08-E1008	ParlaMint-FR_2021-07-08-E1008.u197	Proceedings of the debates in plenary sitting of the Assemblée Nationale, sitting: 8, 08/07/2021	2021-07-08	Lower house	15e législature	Première session extraordinaire 2021 (CRSANR5L15S2021E1N008)	-	8. séance	-	COVID	English	Regular	MP	notMinister	LAREM	La République en Marche	Coalition	Centre	PA719858	Limon, Monique	F	1953	
ParlaMint-FR-en_2021-07-08-E1008	ParlaMint-FR_2021-07-08-E1008.u198	Proceedings of the debates in plenary sitting of the Assemblée Nationale, sitting: 8, 08/07/2021	2021-07-08	Lower house	15e législature	Première session extraordinaire 2021 (CRSANR5L15S2021E1N008)	-	8. séance	-	COVID	English	Regular	MP	notMinister	LR	Les Républicains	Opposition	Centre-right	PA1874	Le Fur, Marc	M	1956	
ParlaMint-FR-en_2021-07-08-E1008	ParlaMint-FR_2021-07-08-E1008.u199	Proceedings of the debates in plenary sitting of the Assemblée Nationale, sitting: 8, 08/07/2021	2021-07-08	Lower house	15e législature	Première session extraordinaire 2021 (CRSANR5L15S2021E1N008)	-	8. séance	-	COVID	English	Regular	notMP	notMinister	LAREM	La République en Marche	Coalition	Centre	PA721710	Peyron, Michèle	F	1961	
ParlaMint-FR-en_2021-07-08-E1008	ParlaMint-FR_2021-07-08-E1008.u200	Proceedings of the debates in plenary sitting of the Assemblée Nationale, sitting: 8, 08/07/2021	2021-07-08	Lower house	15e législature	Première session extraordinaire 2021 (CRSANR5L15S2021E1N008)	-	8. séance	-	COVID	English	Chairperson	MP	notMinister	LR	Les Républicains	Opposition	Centre-right	PA1874	Le Fur, Marc	M	1956	
ParlaMint-FR-en_2021-07-08-E1008	ParlaMint-FR_2021-07-08-E1008.u201	Proceedings of the debates in plenary sitting of the Assemblée Nationale, sitting: 8, 08/07/2021	2021-07-08	Lower house	15e législature	Première session extraordinaire 2021 (CRSANR5L15S2021E1N008)	-	8. séance	-	COVID	English	Regular	MP	notMinister	LAREM	La République en Marche	Coalition	Centre	PA719456	Mörch, Sandrine	F	1961	
ParlaMint-FR-en_2021-07-08-E1008	ParlaMint-FR_2021-07-08-E1008.u202	Proceedings of the debates in plenary sitting of the Assemblée Nationale, sitting: 8, 08/07/2021	2021-07-08	Lower house	15e législature	Première session extraordinaire 2021 (CRSANR5L15S2021E1N008)	-	8. séance	-	COVID	English	Regular	MP	notMinister	LR	Les Républicains	Opposition	Centre-right	PA1874	Le Fur, Marc	M	1956	
ParlaMint-FR-en_2021-07-08-E1008	ParlaMint-FR_2021-07-08-E1008.u203	Proceedings of the debates in plenary sitting of the Assemblée Nationale, sitting: 8, 08/07/2021	2021-07-08	Lower house	15e législature	Première session extraordinaire 2021 (CRSANR5L15S2021E1N008)	-	8. séance	-	COVID	English	Regular	notMP	notMinister	LAREM	La République en Marche	Coalition	Centre	PA721710	Peyron, Michèle	F	1961	
ParlaMint-FR-en_2021-07-08-E1008	ParlaMint-FR_2021-07-08-E1008.u204	Proceedings of the debates in plenary sitting of the Assemblée Nationale, sitting: 8, 08/07/2021	2021-07-08	Lower house	15e législature	Première session extraordinaire 2021 (CRSANR5L15S2021E1N008)	-	8. séance	-	COVID	English	Regular	MP	notMinister	LR	Les Républicains	Opposition	Centre-right	PA1874	Le Fur, Marc	M	1956	
ParlaMint-FR-en_2021-07-08-E1008	ParlaMint-FR_2021-07-08-E1008.u205	Proceedings of the debates in plenary sitting of the Assemblée Nationale, sitting: 8, 08/07/2021	2021-07-08	Lower house	15e législature	Première session extraordinaire 2021 (CRSANR5L15S2021E1N008)	-	8. séance	-	COVID	English	Regular	notMP	notMinister	-	-	-	-	PA722086	Taquet, Adrien	M	1977	
ParlaMint-FR-en_2021-07-08-E1008	ParlaMint-FR_2021-07-08-E1008.u206	Proceedings of the debates in plenary sitting of the Assemblée Nationale, sitting: 8, 08/07/2021	2021-07-08	Lower house	15e législature	Première session extraordinaire 2021 (CRSANR5L15S2021E1N008)	-	8. séance	-	COVID	English	Chairperson	MP	notMinister	LR	Les Républicains	Opposition	Centre-right	PA1874	Le Fur, Marc	M	1956	
ParlaMint-FR-en_2021-07-08-E1008	ParlaMint-FR_2021-07-08-E1008.u207	Proceedings of the debates in plenary sitting of the Assemblée Nationale, sitting: 8, 08/07/2021	2021-07-08	Lower house	15e législature	Première session extraordinaire 2021 (CRSANR5L15S2021E1N008)	-	8. séance	-	COVID	English	Regular	notMP	notMinister	-	-	-	-	PA722086	Taquet, Adrien	M	1977	
ParlaMint-FR-en_2021-07-08-E1008	ParlaMint-FR_2021-07-08-E1008.u208	Proceedings of the debates in plenary sitting of the Assemblée Nationale, sitting: 8, 08/07/2021	2021-07-08	Lower house	15e législature	Première session extraordinaire 2021 (CRSANR5L15S2021E1N008)	-	8. séance	-	COVID	English	Chairperson	MP	notMinister	LR	Les Républicains	Opposition	Centre-right	PA1874	Le Fur, Marc	M	1956	
ParlaMint-FR-en_2021-07-08-E1008	ParlaMint-FR_2021-07-08-E1008.u209	Proceedings of the debates in plenary sitting of the Assemblée Nationale, sitting: 8, 08/07/2021	2021-07-08	Lower house	15e législature	Première session extraordinaire 2021 (CRSANR5L15S2021E1N008)	-	8. séance	-	COVID	English	Regular	notMP	notMinister	LAREM	La République en Marche	Coalition	Centre	PA721710	Peyron, Michèle	F	1961	
ParlaMint-FR-en_2021-07-08-E1008	ParlaMint-FR_2021-07-08-E1008.u210	Proceedings of the debates in plenary sitting of the Assemblée Nationale, sitting: 8, 08/07/2021	2021-07-08	Lower house	15e législature	Première session extraordinaire 2021 (CRSANR5L15S2021E1N008)	-	8. séance	-	COVID	English	Chairperson	MP	notMinister	LR	Les Républicains	Opposition	Centre-right	PA1874	Le Fur, Marc	M	1956	
ParlaMint-FR-en_2021-07-08-E1008	ParlaMint-FR_2021-07-08-E1008.u211	Proceedings of the debates in plenary sitting of the Assemblée Nationale, sitting: 8, 08/07/2021	2021-07-08	Lower house	15e législature	Première session extraordinaire 2021 (CRSANR5L15S2021E1N008)	-	8. séance	-	COVID	English	Regular	notMP	notMinister	AGIR-E	Agir ensemble	Coalition	-	PA642868	Christophe, Paul	M	1971	
ParlaMint-FR-en_2021-07-08-E1008	ParlaMint-FR_2021-07-08-E1008.u212	Proceedings of the debates in plenary sitting of the Assemblée Nationale, sitting: 8, 08/07/2021	2021-07-08	Lower house	15e législature	Première session extraordinaire 2021 (CRSANR5L15S2021E1N008)	-	8. séance	-	COVID	English	Regular	MP	notMinister	LR	Les Républicains	Opposition	Centre-right	PA1874	Le Fur, Marc	M	1956	
ParlaMint-FR-en_2021-07-08-E1008	ParlaMint-FR_2021-07-08-E1008.u213	Proceedings of the debates in plenary sitting of the Assemblée Nationale, sitting: 8, 08/07/2021	2021-07-08	Lower house	15e législature	Première session extraordinaire 2021 (CRSANR5L15S2021E1N008)	-	8. séance	-	COVID	English	Regular	notMP	notMinister	LAREM	La République en Marche	Coalition	Centre	PA721710	Peyron, Michèle	F	1961	
ParlaMint-FR-en_2021-07-08-E1008	ParlaMint-FR_2021-07-08-E1008.u214	Proceedings of the debates in plenary sitting of the Assemblée Nationale, sitting: 8, 08/07/2021	2021-07-08	Lower house	15e législature	Première session extraordinaire 2021 (CRSANR5L15S2021E1N008)	-	8. séance	-	COVID	English	Regular	MP	notMinister	LR	Les Républicains	Opposition	Centre-right	PA1874	Le Fur, Marc	M	1956	
ParlaMint-FR-en_2021-07-08-E1008	ParlaMint-FR_2021-07-08-E1008.u215	Proceedings of the debates in plenary sitting of the Assemblée Nationale, sitting: 8, 08/07/2021	2021-07-08	Lower house	15e législature	Première session extraordinaire 2021 (CRSANR5L15S2021E1N008)	-	8. séance	-	COVID	English	Regular	notMP	notMinister	-	-	-	-	PA722086	Taquet, Adrien	M	1977	
ParlaMint-FR-en_2021-07-08-E1008	ParlaMint-FR_2021-07-08-E1008.u216	Proceedings of the debates in plenary sitting of the Assemblée Nationale, sitting: 8, 08/07/2021	2021-07-08	Lower house	15e législature	Première session extraordinaire 2021 (CRSANR5L15S2021E1N008)	-	8. séance	-	COVID	English	Chairperson	MP	notMinister	LR	Les Républicains	Opposition	Centre-right	PA1874	Le Fur, Marc	M	1956	
ParlaMint-FR-en_2021-07-08-E1008	ParlaMint-FR_2021-07-08-E1008.u217	Proceedings of the debates in plenary sitting of the Assemblée Nationale, sitting: 8, 08/07/2021	2021-07-08	Lower house	15e législature	Première session extraordinaire 2021 (CRSANR5L15S2021E1N008)	-	8. séance	-	COVID	English	Regular	MP	notMinister	LR	Les Républicains	Opposition	Centre-right	PA722280	Meyer, Philippe	M	1969	
ParlaMint-FR-en_2021-07-08-E1008	ParlaMint-FR_2021-07-08-E1008.u218	Proceedings of the debates in plenary sitting of the Assemblée Nationale, sitting: 8, 08/07/2021	2021-07-08	Lower house	15e législature	Première session extraordinaire 2021 (CRSANR5L15S2021E1N008)	-	8. séance	-	COVID	English	Regular	MP	notMinister	LR	Les Républicains	Opposition	Centre-right	PA1874	Le Fur, Marc	M	1956	
ParlaMint-FR-en_2021-07-08-E1008	ParlaMint-FR_2021-07-08-E1008.u219	Proceedings of the debates in plenary sitting of the Assemblée Nationale, sitting: 8, 08/07/2021	2021-07-08	Lower house	15e législature	Première session extraordinaire 2021 (CRSANR5L15S2021E1N008)	-	8. séance	-	COVID	English	Regular	notMP	notMinister	LAREM	La République en Marche	Coalition	Centre	PA721710	Peyron, Michèle	F	1961	
ParlaMint-FR-en_2021-07-08-E1008	ParlaMint-FR_2021-07-08-E1008.u220	Proceedings of the debates in plenary sitting of the Assemblée Nationale, sitting: 8, 08/07/2021	2021-07-08	Lower house	15e législature	Première session extraordinaire 2021 (CRSANR5L15S2021E1N008)	-	8. séance	-	COVID	English	Regular	MP	notMinister	LR	Les Républicains	Opposition	Centre-right	PA1874	Le Fur, Marc	M	1956	
ParlaMint-FR-en_2021-07-08-E1008	ParlaMint-FR_2021-07-08-E1008.u221	Proceedings of the debates in plenary sitting of the Assemblée Nationale, sitting: 8, 08/07/2021	2021-07-08	Lower house	15e législature	Première session extraordinaire 2021 (CRSANR5L15S2021E1N008)	-	8. séance	-	COVID	English	Regular	notMP	notMinister	-	-	-	-	PA722086	Taquet, Adrien	M	1977	
ParlaMint-FR-en_2021-07-08-E1008	ParlaMint-FR_2021-07-08-E1008.u222	Proceedings of the debates in plenary sitting of the Assemblée Nationale, sitting: 8, 08/07/2021	2021-07-08	Lower house	15e législature	Première session extraordinaire 2021 (CRSANR5L15S2021E1N008)	-	8. séance	-	COVID	English	Chairperson	MP	notMinister	LR	Les Républicains	Opposition	Centre-right	PA1874	Le Fur, Marc	M	1956	
ParlaMint-FR-en_2021-07-08-E1008	ParlaMint-FR_2021-07-08-E1008.u223	Proceedings of the debates in plenary sitting of the Assemblée Nationale, sitting: 8, 08/07/2021	2021-07-08	Lower house	15e législature	Première session extraordinaire 2021 (CRSANR5L15S2021E1N008)	-	8. séance	-	COVID	English	Regular	MP	notMinister	LR	Les Républicains	Opposition	Centre-right	PA722280	Meyer, Philippe	M	1969	
ParlaMint-FR-en_2021-07-08-E1008	ParlaMint-FR_2021-07-08-E1008.u224	Proceedings of the debates in plenary sitting of the Assemblée Nationale, sitting: 8, 08/07/2021	2021-07-08	Lower house	15e législature	Première session extraordinaire 2021 (CRSANR5L15S2021E1N008)	-	8. séance	-	COVID	English	Regular	MP	notMinister	LR	Les Républicains	Opposition	Centre-right	PA1874	Le Fur, Marc	M	1956	
ParlaMint-FR-en_2021-07-08-E1008	ParlaMint-FR_2021-07-08-E1008.u225	Proceedings of the debates in plenary sitting of the Assemblée Nationale, sitting: 8, 08/07/2021	2021-07-08	Lower house	15e législature	Première session extraordinaire 2021 (CRSANR5L15S2021E1N008)	-	8. séance	-	COVID	English	Regular	notMP	notMinister	LAREM	La République en Marche	Coalition	Centre	PA721710	Peyron, Michèle	F	1961	
ParlaMint-FR-en_2021-07-08-E1008	ParlaMint-FR_2021-07-08-E1008.u226	Proceedings of the debates in plenary sitting of the Assemblée Nationale, sitting: 8, 08/07/2021	2021-07-08	Lower house	15e législature	Première session extraordinaire 2021 (CRSANR5L15S2021E1N008)	-	8. séance	-	COVID	English	Regular	MP	notMinister	LR	Les Républicains	Opposition	Centre-right	PA1874	Le Fur, Marc	M	1956	
ParlaMint-FR-en_2021-07-08-E1008	ParlaMint-FR_2021-07-08-E1008.u227	Proceedings of the debates in plenary sitting of the Assemblée Nationale, sitting: 8, 08/07/2021	2021-07-08	Lower house	15e législature	Première session extraordinaire 2021 (CRSANR5L15S2021E1N008)	-	8. séance	-	COVID	English	Regular	notMP	notMinister	-	-	-	-	PA722086	Taquet, Adrien	M	1977	
ParlaMint-FR-en_2021-07-08-E1008	ParlaMint-FR_2021-07-08-E1008.u228	Proceedings of the debates in plenary sitting of the Assemblée Nationale, sitting: 8, 08/07/2021	2021-07-08	Lower house	15e législature	Première session extraordinaire 2021 (CRSANR5L15S2021E1N008)	-	8. séance	-	COVID	English	Chairperson	MP	notMinister	LR	Les Républicains	Opposition	Centre-right	PA1874	Le Fur, Marc	M	1956	
ParlaMint-FR-en_2021-07-08-E1008	ParlaMint-FR_2021-07-08-E1008.u229	Proceedings of the debates in plenary sitting of the Assemblée Nationale, sitting: 8, 08/07/2021	2021-07-08	Lower house	15e législature	Première session extraordinaire 2021 (CRSANR5L15S2021E1N008)	-	8. séance	-	COVID	English	Regular	notMP	notMinister	LAREM	La République en Marche	Coalition	Centre	PA721916	Pouzyreff, Natalia	F	1961	
ParlaMint-FR-en_2021-07-08-E1008	ParlaMint-FR_2021-07-08-E1008.u230	Proceedings of the debates in plenary sitting of the Assemblée Nationale, sitting: 8, 08/07/2021	2021-07-08	Lower house	15e législature	Première session extraordinaire 2021 (CRSANR5L15S2021E1N008)	-	8. séance	-	COVID	English	Regular	MP	notMinister	LR	Les Républicains	Opposition	Centre-right	PA1874	Le Fur, Marc	M	1956	
ParlaMint-FR-en_2021-07-08-E1008	ParlaMint-FR_2021-07-08-E1008.u231	Proceedings of the debates in plenary sitting of the Assemblée Nationale, sitting: 8, 08/07/2021	2021-07-08	Lower house	15e législature	Première session extraordinaire 2021 (CRSANR5L15S2021E1N008)	-	8. séance	-	COVID	English	Regular	notMP	notMinister	LAREM	La République en Marche	Coalition	Centre	PA721710	Peyron, Michèle	F	1961	
ParlaMint-FR-en_2021-07-08-E1008	ParlaMint-FR_2021-07-08-E1008.u232	Proceedings of the debates in plenary sitting of the Assemblée Nationale, sitting: 8, 08/07/2021	2021-07-08	Lower house	15e législature	Première session extraordinaire 2021 (CRSANR5L15S2021E1N008)	-	8. séance	-	COVID	English	Regular	MP	notMinister	LR	Les Républicains	Opposition	Centre-right	PA1874	Le Fur, Marc	M	1956	
ParlaMint-FR-en_2021-07-08-E1008	ParlaMint-FR_2021-07-08-E1008.u233	Proceedings of the debates in plenary sitting of the Assemblée Nationale, sitting: 8, 08/07/2021	2021-07-08	Lower house	15e législature	Première session extraordinaire 2021 (CRSANR5L15S2021E1N008)	-	8. séance	-	COVID	English	Regular	notMP	notMinister	-	-	-	-	PA722086	Taquet, Adrien	M	1977	
ParlaMint-FR-en_2021-07-08-E1008	ParlaMint-FR_2021-07-08-E1008.u234	Proceedings of the debates in plenary sitting of the Assemblée Nationale, sitting: 8, 08/07/2021	2021-07-08	Lower house	15e législature	Première session extraordinaire 2021 (CRSANR5L15S2021E1N008)	-	8. séance	-	COVID	English	Chairperson	MP	notMinister	LR	Les Républicains	Opposition	Centre-right	PA1874	Le Fur, Marc	M	1956	
ParlaMint-FR-en_2021-07-08-E1008	ParlaMint-FR_2021-07-08-E1008.u235	Proceedings of the debates in plenary sitting of the Assemblée Nationale, sitting: 8, 08/07/2021	2021-07-08	Lower house	15e législature	Première session extraordinaire 2021 (CRSANR5L15S2021E1N008)	-	8. séance	-	COVID	English	Regular	MP	notMinister	LR	Les Républicains	Opposition	Centre-right	PA722280	Meyer, Philippe	M	1969	
ParlaMint-FR-en_2021-07-08-E1008	ParlaMint-FR_2021-07-08-E1008.u236	Proceedings of the debates in plenary sitting of the Assemblée Nationale, sitting: 8, 08/07/2021	2021-07-08	Lower house	15e législature	Première session extraordinaire 2021 (CRSANR5L15S2021E1N008)	-	8. séance	-	COVID	English	Chairperson	MP	notMinister	LR	Les Républicains	Opposition	Centre-right	PA1874	Le Fur, Marc	M	1956	
ParlaMint-FR-en_2021-07-08-E1008	ParlaMint-FR_2021-07-08-E1008.u237	Proceedings of the debates in plenary sitting of the Assemblée Nationale, sitting: 8, 08/07/2021	2021-07-08	Lower house	15e législature	Première session extraordinaire 2021 (CRSANR5L15S2021E1N008)	-	8. séance	-	COVID	English	Regular	notMP	notMinister	LAREM	La République en Marche	Coalition	Centre	PA721710	Peyron, Michèle	F	1961	
ParlaMint-FR-en_2021-07-08-E1008	ParlaMint-FR_2021-07-08-E1008.u238	Proceedings of the debates in plenary sitting of the Assemblée Nationale, sitting: 8, 08/07/2021	2021-07-08	Lower house	15e législature	Première session extraordinaire 2021 (CRSANR5L15S2021E1N008)	-	8. séance	-	COVID	English	Regular	MP	notMinister	LR	Les Républicains	Opposition	Centre-right	PA1874	Le Fur, Marc	M	1956	
ParlaMint-FR-en_2021-07-08-E1008	ParlaMint-FR_2021-07-08-E1008.u239	Proceedings of the debates in plenary sitting of the Assemblée Nationale, sitting: 8, 08/07/2021	2021-07-08	Lower house	15e législature	Première session extraordinaire 2021 (CRSANR5L15S2021E1N008)	-	8. séance	-	COVID	English	Regular	notMP	notMinister	-	-	-	-	PA722086	Taquet, Adrien	M	1977	
ParlaMint-FR-en_2021-07-08-E1008	ParlaMint-FR_2021-07-08-E1008.u240	Proceedings of the debates in plenary sitting of the Assemblée Nationale, sitting: 8, 08/07/2021	2021-07-08	Lower house	15e législature	Première session extraordinaire 2021 (CRSANR5L15S2021E1N008)	-	8. séance	-	COVID	English	Chairperson	MP	notMinister	LR	Les Républicains	Opposition	Centre-right	PA1874	Le Fur, Marc	M	1956	
ParlaMint-FR-en_2021-07-08-E1008	ParlaMint-FR_2021-07-08-E1008.u241	Proceedings of the debates in plenary sitting of the Assemblée Nationale, sitting: 8, 08/07/2021	2021-07-08	Lower house	15e législature	Première session extraordinaire 2021 (CRSANR5L15S2021E1N008)	-	8. séance	-	COVID	English	Chairperson	MP	notMinister	LR	Les Républicains	Opposition	Centre-right	PA1874	Le Fur, Marc	M	1956	
ParlaMint-FR-en_2021-07-08-E1008	ParlaMint-FR_2021-07-08-E1008.u242	Proceedings of the debates in plenary sitting of the Assemblée Nationale, sitting: 8, 08/07/2021	2021-07-08	Lower house	15e législature	Première session extraordinaire 2021 (CRSANR5L15S2021E1N008)	-	8. séance	-	COVID	English	Regular	notMP	notMinister	-	-	-	-	PA720560	Goulet, Perrine	F	1978	
ParlaMint-FR-en_2021-07-08-E1008	ParlaMint-FR_2021-07-08-E1008.u243	Proceedings of the debates in plenary sitting of the Assemblée Nationale, sitting: 8, 08/07/2021	2021-07-08	Lower house	15e législature	Première session extraordinaire 2021 (CRSANR5L15S2021E1N008)	-	8. séance	-	COVID	English	Chairperson	MP	notMinister	LR	Les Républicains	Opposition	Centre-right	PA1874	Le Fur, Marc	M	1956	
ParlaMint-FR-en_2021-07-08-E1008	ParlaMint-FR_2021-07-08-E1008.u244	Proceedings of the debates in plenary sitting of the Assemblée Nationale, sitting: 8, 08/07/2021	2021-07-08	Lower house	15e législature	Première session extraordinaire 2021 (CRSANR5L15S2021E1N008)	-	8. séance	-	COVID	English	Regular	notMP	notMinister	LAREM	La République en Marche	Coalition	Centre	PA721710	Peyron, Michèle	F	1961	
ParlaMint-FR-en_2021-07-08-E1008	ParlaMint-FR_2021-07-08-E1008.u245	Proceedings of the debates in plenary sitting of the Assemblée Nationale, sitting: 8, 08/07/2021	2021-07-08	Lower house	15e législature	Première session extraordinaire 2021 (CRSANR5L15S2021E1N008)	-	8. séance	-	COVID	English	Chairperson	MP	notMinister	LR	Les Républicains	Opposition	Centre-right	PA1874	Le Fur, Marc	M	1956	
ParlaMint-FR-en_2021-07-08-E1008	ParlaMint-FR_2021-07-08-E1008.u246	Proceedings of the debates in plenary sitting of the Assemblée Nationale, sitting: 8, 08/07/2021	2021-07-08	Lower house	15e législature	Première session extraordinaire 2021 (CRSANR5L15S2021E1N008)	-	8. séance	-	COVID	English	Regular	notMP	notMinister	-	-	-	-	PA722086	Taquet, Adrien	M	1977	
ParlaMint-FR-en_2021-07-08-E1008	ParlaMint-FR_2021-07-08-E1008.u247	Proceedings of the debates in plenary sitting of the Assemblée Nationale, sitting: 8, 08/07/2021	2021-07-08	Lower house	15e législature	Première session extraordinaire 2021 (CRSANR5L15S2021E1N008)	-	8. séance	-	COVID	English	Chairperson	MP	notMinister	LR	Les Républicains	Opposition	Centre-right	PA1874	Le Fur, Marc	M	1956	
ParlaMint-FR-en_2021-07-08-E1008	ParlaMint-FR_2021-07-08-E1008.u248	Proceedings of the debates in plenary sitting of the Assemblée Nationale, sitting: 8, 08/07/2021	2021-07-08	Lower house	15e législature	Première session extraordinaire 2021 (CRSANR5L15S2021E1N008)	-	8. séance	-	COVID	English	Regular	MP	notMinister	LR	Les Républicains	Opposition	Centre-right	PA1874	Le Fur, Marc	M	1956	
ParlaMint-FR-en_2021-07-08-E1008	ParlaMint-FR_2021-07-08-E1008.u249	Proceedings of the debates in plenary sitting of the Assemblée Nationale, sitting: 8, 08/07/2021	2021-07-08	Lower house	15e législature	Première session extraordinaire 2021 (CRSANR5L15S2021E1N008)	-	8. séance	-	COVID	English	Regular	notMP	notMinister	-	-	-	-	PA720560	Goulet, Perrine	F	1978	
ParlaMint-FR-en_2021-07-08-E1008	ParlaMint-FR_2021-07-08-E1008.u250	Proceedings of the debates in plenary sitting of the Assemblée Nationale, sitting: 8, 08/07/2021	2021-07-08	Lower house	15e législature	Première session extraordinaire 2021 (CRSANR5L15S2021E1N008)	-	8. séance	-	COVID	English	Regular	MP	notMinister	LR	Les Républicains	Opposition	Centre-right	PA1874	Le Fur, Marc	M	1956	
ParlaMint-FR-en_2021-07-08-E1008	ParlaMint-FR_2021-07-08-E1008.u251	Proceedings of the debates in plenary sitting of the Assemblée Nationale, sitting: 8, 08/07/2021	2021-07-08	Lower house	15e législature	Première session extraordinaire 2021 (CRSANR5L15S2021E1N008)	-	8. séance	-	COVID	English	Regular	notMP	notMinister	LAREM	La République en Marche	Coalition	Centre	PA721710	Peyron, Michèle	F	1961	
ParlaMint-FR-en_2021-07-08-E1008	ParlaMint-FR_2021-07-08-E1008.u252	Proceedings of the debates in plenary sitting of the Assemblée Nationale, sitting: 8, 08/07/2021	2021-07-08	Lower house	15e législature	Première session extraordinaire 2021 (CRSANR5L15S2021E1N008)	-	8. séance	-	COVID	English	Chairperson	MP	notMinister	LR	Les Républicains	Opposition	Centre-right	PA1874	Le Fur, Marc	M	1956	
ParlaMint-FR-en_2021-07-08-E1008	ParlaMint-FR_2021-07-08-E1008.u253	Proceedings of the debates in plenary sitting of the Assemblée Nationale, sitting: 8, 08/07/2021	2021-07-08	Lower house	15e législature	Première session extraordinaire 2021 (CRSANR5L15S2021E1N008)	-	8. séance	-	COVID	English	Chairperson	MP	notMinister	LR	Les Républicains	Opposition	Centre-right	PA1874	Le Fur, Marc	M	1956	
ParlaMint-FR-en_2021-07-08-E1008	ParlaMint-FR_2021-07-08-E1008.u254	Proceedings of the debates in plenary sitting of the Assemblée Nationale, sitting: 8, 08/07/2021	2021-07-08	Lower house	15e législature	Première session extraordinaire 2021 (CRSANR5L15S2021E1N008)	-	8. séance	-	COVID	English	Regular	MP	notMinister	LAREM	La République en Marche	Coalition	Centre	PA719456	Mörch, Sandrine	F	1961	
ParlaMint-FR-en_2021-07-08-E1008	ParlaMint-FR_2021-07-08-E1008.u255	Proceedings of the debates in plenary sitting of the Assemblée Nationale, sitting: 8, 08/07/2021	2021-07-08	Lower house	15e législature	Première session extraordinaire 2021 (CRSANR5L15S2021E1N008)	-	8. séance	-	COVID	English	Regular	MP	notMinister	LR	Les Républicains	Opposition	Centre-right	PA1874	Le Fur, Marc	M	1956	
ParlaMint-FR-en_2021-07-08-E1008	ParlaMint-FR_2021-07-08-E1008.u256	Proceedings of the debates in plenary sitting of the Assemblée Nationale, sitting: 8, 08/07/2021	2021-07-08	Lower house	15e législature	Première session extraordinaire 2021 (CRSANR5L15S2021E1N008)	-	8. séance	-	COVID	English	Regular	notMP	notMinister	LAREM	La République en Marche	Coalition	Centre	PA721710	Peyron, Michèle	F	1961	
ParlaMint-FR-en_2021-07-08-E1008	ParlaMint-FR_2021-07-08-E1008.u257	Proceedings of the debates in plenary sitting of the Assemblée Nationale, sitting: 8, 08/07/2021	2021-07-08	Lower house	15e législature	Première session extraordinaire 2021 (CRSANR5L15S2021E1N008)	-	8. séance	-	COVID	English	Chairperson	MP	notMinister	LR	Les Républicains	Opposition	Centre-right	PA1874	Le Fur, Marc	M	1956	
ParlaMint-FR-en_2021-07-08-E1008	ParlaMint-FR_2021-07-08-E1008.u258	Proceedings of the debates in plenary sitting of the Assemblée Nationale, sitting: 8, 08/07/2021	2021-07-08	Lower house	15e législature	Première session extraordinaire 2021 (CRSANR5L15S2021E1N008)	-	8. séance	-	COVID	English	Regular	notMP	notMinister	-	-	-	-	PA720560	Goulet, Perrine	F	1978	
ParlaMint-FR-en_2021-07-08-E1008	ParlaMint-FR_2021-07-08-E1008.u259	Proceedings of the debates in plenary sitting of the Assemblée Nationale, sitting: 8, 08/07/2021	2021-07-08	Lower house	15e législature	Première session extraordinaire 2021 (CRSANR5L15S2021E1N008)	-	8. séance	-	COVID	English	Regular	MP	notMinister	LR	Les Républicains	Opposition	Centre-right	PA1874	Le Fur, Marc	M	1956	
ParlaMint-FR-en_2021-07-08-E1008	ParlaMint-FR_2021-07-08-E1008.u260	Proceedings of the debates in plenary sitting of the Assemblée Nationale, sitting: 8, 08/07/2021	2021-07-08	Lower house	15e législature	Première session extraordinaire 2021 (CRSANR5L15S2021E1N008)	-	8. séance	-	COVID	English	Regular	notMP	notMinister	LAREM	La République en Marche	Coalition	Centre	PA721710	Peyron, Michèle	F	1961	
ParlaMint-FR-en_2021-07-08-E1008	ParlaMint-FR_2021-07-08-E1008.u261	Proceedings of the debates in plenary sitting of the Assemblée Nationale, sitting: 8, 08/07/2021	2021-07-08	Lower house	15e législature	Première session extraordinaire 2021 (CRSANR5L15S2021E1N008)	-	8. séance	-	COVID	English	Regular	MP	notMinister	LR	Les Républicains	Opposition	Centre-right	PA1874	Le Fur, Marc	M	1956	
ParlaMint-FR-en_2021-07-08-E1008	ParlaMint-FR_2021-07-08-E1008.u262	Proceedings of the debates in plenary sitting of the Assemblée Nationale, sitting: 8, 08/07/2021	2021-07-08	Lower house	15e législature	Première session extraordinaire 2021 (CRSANR5L15S2021E1N008)	-	8. séance	-	COVID	English	Regular	notMP	notMinister	-	-	-	-	PA722086	Taquet, Adrien	M	1977	
ParlaMint-FR-en_2021-07-08-E1008	ParlaMint-FR_2021-07-08-E1008.u263	Proceedings of the debates in plenary sitting of the Assemblée Nationale, sitting: 8, 08/07/2021	2021-07-08	Lower house	15e législature	Première session extraordinaire 2021 (CRSANR5L15S2021E1N008)	-	8. séance	-	COVID	English	Regular	MP	notMinister	LR	Les Républicains	Opposition	Centre-right	PA1874	Le Fur, Marc	M	1956	
ParlaMint-FR-en_2021-07-08-E1008	ParlaMint-FR_2021-07-08-E1008.u264	Proceedings of the debates in plenary sitting of the Assemblée Nationale, sitting: 8, 08/07/2021	2021-07-08	Lower house	15e législature	Première session extraordinaire 2021 (CRSANR5L15S2021E1N008)	-	8. séance	-	COVID	English	Regular	MP	notMinister	LR	Les Républicains	Opposition	Centre-right	PA722280	Meyer, Philippe	M	1969	
ParlaMint-FR-en_2021-07-08-E1008	ParlaMint-FR_2021-07-08-E1008.u265	Proceedings of the debates in plenary sitting of the Assemblée Nationale, sitting: 8, 08/07/2021	2021-07-08	Lower house	15e législature	Première session extraordinaire 2021 (CRSANR5L15S2021E1N008)	-	8. séance	-	COVID	English	Chairperson	MP	notMinister	LR	Les Républicains	Opposition	Centre-right	PA1874	Le Fur, Marc	M	1956	
ParlaMint-FR-en_2021-07-08-E1008	ParlaMint-FR_2021-07-08-E1008.u266	Proceedings of the debates in plenary sitting of the Assemblée Nationale, sitting: 8, 08/07/2021	2021-07-08	Lower house	15e législature	Première session extraordinaire 2021 (CRSANR5L15S2021E1N008)	-	8. séance	-	COVID	English	Regular	MP	notMinister	LAREM	La République en Marche	Coalition	Centre	PA719456	Mörch, Sandrine	F	1961	
ParlaMint-FR-en_2021-07-08-E1008	ParlaMint-FR_2021-07-08-E1008.u267	Proceedings of the debates in plenary sitting of the Assemblée Nationale, sitting: 8, 08/07/2021	2021-07-08	Lower house	15e législature	Première session extraordinaire 2021 (CRSANR5L15S2021E1N008)	-	8. séance	-	COVID	English	Chairperson	MP	notMinister	LR	Les Républicains	Opposition	Centre-right	PA1874	Le Fur, Marc	M	1956	
ParlaMint-FR-en_2021-07-08-E1008	ParlaMint-FR_2021-07-08-E1008.u268	Proceedings of the debates in plenary sitting of the Assemblée Nationale, sitting: 8, 08/07/2021	2021-07-08	Lower house	15e législature	Première session extraordinaire 2021 (CRSANR5L15S2021E1N008)	-	8. séance	-	COVID	English	Regular	notMP	notMinister	-	-	-	-	PA720560	Goulet, Perrine	F	1978	
ParlaMint-FR-en_2021-07-08-E1008	ParlaMint-FR_2021-07-08-E1008.u269	Proceedings of the debates in plenary sitting of the Assemblée Nationale, sitting: 8, 08/07/2021	2021-07-08	Lower house	15e législature	Première session extraordinaire 2021 (CRSANR5L15S2021E1N008)	-	8. séance	-	COVID	English	Regular	MP	notMinister	LR	Les Républicains	Opposition	Centre-right	PA1874	Le Fur, Marc	M	1956	
ParlaMint-FR-en_2021-07-08-E1008	ParlaMint-FR_2021-07-08-E1008.u270	Proceedings of the debates in plenary sitting of the Assemblée Nationale, sitting: 8, 08/07/2021	2021-07-08	Lower house	15e législature	Première session extraordinaire 2021 (CRSANR5L15S2021E1N008)	-	8. séance	-	COVID	English	Regular	notMP	notMinister	LAREM	La République en Marche	Coalition	Centre	PA721710	Peyron, Michèle	F	1961	
ParlaMint-FR-en_2021-07-08-E1008	ParlaMint-FR_2021-07-08-E1008.u271	Proceedings of the debates in plenary sitting of the Assemblée Nationale, sitting: 8, 08/07/2021	2021-07-08	Lower house	15e législature	Première session extraordinaire 2021 (CRSANR5L15S2021E1N008)	-	8. séance	-	COVID	English	Regular	MP	notMinister	LR	Les Républicains	Opposition	Centre-right	PA1874	Le Fur, Marc	M	1956	
ParlaMint-FR-en_2021-07-08-E1008	ParlaMint-FR_2021-07-08-E1008.u272	Proceedings of the debates in plenary sitting of the Assemblée Nationale, sitting: 8, 08/07/2021	2021-07-08	Lower house	15e législature	Première session extraordinaire 2021 (CRSANR5L15S2021E1N008)	-	8. séance	-	COVID	English	Regular	notMP	notMinister	-	-	-	-	PA722086	Taquet, Adrien	M	1977	
ParlaMint-FR-en_2021-07-08-E1008	ParlaMint-FR_2021-07-08-E1008.u273	Proceedings of the debates in plenary sitting of the Assemblée Nationale, sitting: 8, 08/07/2021	2021-07-08	Lower house	15e législature	Première session extraordinaire 2021 (CRSANR5L15S2021E1N008)	-	8. séance	-	COVID	English	Regular	MP	notMinister	SOC	Socialistes et apparentés	-	Centre-left to left	PA608741	Tolmont, Sylvie	F	1962	
ParlaMint-FR-en_2021-07-08-E1008	ParlaMint-FR_2021-07-08-E1008.u274	Proceedings of the debates in plenary sitting of the Assemblée Nationale, sitting: 8, 08/07/2021	2021-07-08	Lower house	15e législature	Première session extraordinaire 2021 (CRSANR5L15S2021E1N008)	-	8. séance	-	COVID	English	Chairperson	MP	notMinister	LR	Les Républicains	Opposition	Centre-right	PA1874	Le Fur, Marc	M	1956	
ParlaMint-FR-en_2021-07-08-E1008	ParlaMint-FR_2021-07-08-E1008.u275	Proceedings of the debates in plenary sitting of the Assemblée Nationale, sitting: 8, 08/07/2021	2021-07-08	Lower house	15e législature	Première session extraordinaire 2021 (CRSANR5L15S2021E1N008)	-	8. séance	-	COVID	English	Regular	notMP	notMinister	-	-	-	-	PA722086	Taquet, Adrien	M	1977	
ParlaMint-FR-en_2021-07-08-E1008	ParlaMint-FR_2021-07-08-E1008.u276	Proceedings of the debates in plenary sitting of the Assemblée Nationale, sitting: 8, 08/07/2021	2021-07-08	Lower house	15e législature	Première session extraordinaire 2021 (CRSANR5L15S2021E1N008)	-	8. séance	-	COVID	English	Regular	MP	notMinister	LR	Les Républicains	Opposition	Centre-right	PA1874	Le Fur, Marc	M	1956	
ParlaMint-FR-en_2021-07-08-E1008	ParlaMint-FR_2021-07-08-E1008.u277	Proceedings of the debates in plenary sitting of the Assemblée Nationale, sitting: 8, 08/07/2021	2021-07-08	Lower house	15e législature	Première session extraordinaire 2021 (CRSANR5L15S2021E1N008)	-	8. séance	-	COVID	English	Regular	notMP	notMinister	LAREM	La République en Marche	Coalition	Centre	PA721710	Peyron, Michèle	F	1961	
ParlaMint-FR-en_2021-07-08-E1008	ParlaMint-FR_2021-07-08-E1008.u278	Proceedings of the debates in plenary sitting of the Assemblée Nationale, sitting: 8, 08/07/2021	2021-07-08	Lower house	15e législature	Première session extraordinaire 2021 (CRSANR5L15S2021E1N008)	-	8. séance	-	COVID	English	Regular	MP	notMinister	LR	Les Républicains	Opposition	Centre-right	PA1874	Le Fur, Marc	M	1956	
ParlaMint-FR-en_2021-07-08-E1008	ParlaMint-FR_2021-07-08-E1008.u279	Proceedings of the debates in plenary sitting of the Assemblée Nationale, sitting: 8, 08/07/2021	2021-07-08	Lower house	15e législature	Première session extraordinaire 2021 (CRSANR5L15S2021E1N008)	-	8. séance	-	COVID	English	Regular	notMP	notMinister	-	-	-	-	PA721046	Bassire, Nathalie	F	1968	
ParlaMint-FR-en_2021-07-08-E1008	ParlaMint-FR_2021-07-08-E1008.u280	Proceedings of the debates in plenary sitting of the Assemblée Nationale, sitting: 8, 08/07/2021	2021-07-08	Lower house	15e législature	Première session extraordinaire 2021 (CRSANR5L15S2021E1N008)	-	8. séance	-	COVID	English	Regular	MP	notMinister	LR	Les Républicains	Opposition	Centre-right	PA1874	Le Fur, Marc	M	1956	
ParlaMint-FR-en_2021-07-08-E1008	ParlaMint-FR_2021-07-08-E1008.u281	Proceedings of the debates in plenary sitting of the Assemblée Nationale, sitting: 8, 08/07/2021	2021-07-08	Lower house	15e législature	Première session extraordinaire 2021 (CRSANR5L15S2021E1N008)	-	8. séance	-	COVID	English	Regular	notMP	notMinister	GDR	Gauche démocrate et républicaine	Opposition	Left	PA774962	Lebon, Karine	F	1985	
ParlaMint-FR-en_2021-07-08-E1008	ParlaMint-FR_2021-07-08-E1008.u282	Proceedings of the debates in plenary sitting of the Assemblée Nationale, sitting: 8, 08/07/2021	2021-07-08	Lower house	15e législature	Première session extraordinaire 2021 (CRSANR5L15S2021E1N008)	-	8. séance	-	COVID	English	Regular	MP	notMinister	LR	Les Républicains	Opposition	Centre-right	PA1874	Le Fur, Marc	M	1956	
ParlaMint-FR-en_2021-07-08-E1008	ParlaMint-FR_2021-07-08-E1008.u283	Proceedings of the debates in plenary sitting of the Assemblée Nationale, sitting: 8, 08/07/2021	2021-07-08	Lower house	15e législature	Première session extraordinaire 2021 (CRSANR5L15S2021E1N008)	-	8. séance	-	COVID	English	Regular	notMP	notMinister	-	-	-	-	PA722086	Taquet, Adrien	M	1977	
ParlaMint-FR-en_2021-07-08-E1008	ParlaMint-FR_2021-07-08-E1008.u284	Proceedings of the debates in plenary sitting of the Assemblée Nationale, sitting: 8, 08/07/2021	2021-07-08	Lower house	15e législature	Première session extraordinaire 2021 (CRSANR5L15S2021E1N008)	-	8. séance	-	COVID	English	Chairperson	MP	notMinister	LR	Les Républicains	Opposition	Centre-right	PA1874	Le Fur, Marc	M	1956	
ParlaMint-FR-en_2021-07-08-E1008	ParlaMint-FR_2021-07-08-E1008.u285	Proceedings of the debates in plenary sitting of the Assemblée Nationale, sitting: 8, 08/07/2021	2021-07-08	Lower house	15e législature	Première session extraordinaire 2021 (CRSANR5L15S2021E1N008)	-	8. séance	-	COVID	English	Chairperson	MP	notMinister	LR	Les Républicains	Opposition	Centre-right	PA1874	Le Fur, Marc	M	1956	
ParlaMint-FR-en_2021-07-08-E1008	ParlaMint-FR_2021-07-08-E1008.u286	Proceedings of the debates in plenary sitting of the Assemblée Nationale, sitting: 8, 08/07/2021	2021-07-08	Lower house	15e législature	Première session extraordinaire 2021 (CRSANR5L15S2021E1N008)	-	8. séance	-	COVID	English	Chairperson	MP	notMinister	LR	Les Républicains	Opposition	Centre-right	PA1874	Le Fur, Marc	M	1956	
ParlaMint-FR-en_2021-07-08-E1008	ParlaMint-FR_2021-07-08-E1008.u287	Proceedings of the debates in plenary sitting of the Assemblée Nationale, sitting: 8, 08/07/2021	2021-07-08	Lower house	15e législature	Première session extraordinaire 2021 (CRSANR5L15S2021E1N008)	-	8. séance	-	COVID	English	Chairperson	MP	notMinister	LR	Les Républicains	Opposition	Centre-right	PA1874	Le Fur, Marc	M	1956	
ParlaMint-FR-en_2021-07-08-E1008	ParlaMint-FR_2021-07-08-E1008.u288	Proceedings of the debates in plenary sitting of the Assemblée Nationale, sitting: 8, 08/07/2021	2021-07-08	Lower house	15e législature	Première session extraordinaire 2021 (CRSANR5L15S2021E1N008)	-	8. séance	-	COVID	English	Regular	notMP	notMinister	FI	La France insoumise	Opposition	Left to far-left	PA722142	Ruffin, François	M	1975	
ParlaMint-FR-en_2021-07-08-E1008	ParlaMint-FR_2021-07-08-E1008.u289	Proceedings of the debates in plenary sitting of the Assemblée Nationale, sitting: 8, 08/07/2021	2021-07-08	Lower house	15e législature	Première session extraordinaire 2021 (CRSANR5L15S2021E1N008)	-	8. séance	-	COVID	English	Regular	MP	notMinister	LR	Les Républicains	Opposition	Centre-right	PA1874	Le Fur, Marc	M	1956	
ParlaMint-FR-en_2021-07-08-E1008	ParlaMint-FR_2021-07-08-E1008.u290	Proceedings of the debates in plenary sitting of the Assemblée Nationale, sitting: 8, 08/07/2021	2021-07-08	Lower house	15e législature	Première session extraordinaire 2021 (CRSANR5L15S2021E1N008)	-	8. séance	-	COVID	English	Regular	notMP	notMinister	LAREM	La République en Marche	Coalition	Centre	PA721710	Peyron, Michèle	F	1961	
ParlaMint-FR-en_2021-07-08-E1008	ParlaMint-FR_2021-07-08-E1008.u291	Proceedings of the debates in plenary sitting of the Assemblée Nationale, sitting: 8, 08/07/2021	2021-07-08	Lower house	15e législature	Première session extraordinaire 2021 (CRSANR5L15S2021E1N008)	-	8. séance	-	COVID	English	Regular	MP	notMinister	LR	Les Républicains	Opposition	Centre-right	PA1874	Le Fur, Marc	M	1956	
ParlaMint-FR-en_2021-07-08-E1008	ParlaMint-FR_2021-07-08-E1008.u292	Proceedings of the debates in plenary sitting of the Assemblée Nationale, sitting: 8, 08/07/2021	2021-07-08	Lower house	15e législature	Première session extraordinaire 2021 (CRSANR5L15S2021E1N008)	-	8. séance	-	COVID	English	Regular	notMP	notMinister	-	-	-	-	PA722086	Taquet, Adrien	M	1977	
ParlaMint-FR-en_2021-07-08-E1008	ParlaMint-FR_2021-07-08-E1008.u293	Proceedings of the debates in plenary sitting of the Assemblée Nationale, sitting: 8, 08/07/2021	2021-07-08	Lower house	15e législature	Première session extraordinaire 2021 (CRSANR5L15S2021E1N008)	-	8. séance	-	COVID	English	Regular	MP	notMinister	LR	Les Républicains	Opposition	Centre-right	PA1874	Le Fur, Marc	M	1956	
ParlaMint-FR-en_2021-07-08-E1008	ParlaMint-FR_2021-07-08-E1008.u294	Proceedings of the debates in plenary sitting of the Assemblée Nationale, sitting: 8, 08/07/2021	2021-07-08	Lower house	15e législature	Première session extraordinaire 2021 (CRSANR5L15S2021E1N008)	-	8. séance	-	COVID	English	Regular	notMP	notMinister	FI	La France insoumise	Opposition	Left to far-left	PA722142	Ruffin, François	M	1975	
ParlaMint-FR-en_2021-07-08-E1008	ParlaMint-FR_2021-07-08-E1008.u295	Proceedings of the debates in plenary sitting of the Assemblée Nationale, sitting: 8, 08/07/2021	2021-07-08	Lower house	15e législature	Première session extraordinaire 2021 (CRSANR5L15S2021E1N008)	-	8. séance	-	COVID	English	Regular	notMP	notMinister	LAREM	La République en Marche	Coalition	Centre	PA721710	Peyron, Michèle	F	1961	
ParlaMint-FR-en_2021-07-08-E1008	ParlaMint-FR_2021-07-08-E1008.u296	Proceedings of the debates in plenary sitting of the Assemblée Nationale, sitting: 8, 08/07/2021	2021-07-08	Lower house	15e législature	Première session extraordinaire 2021 (CRSANR5L15S2021E1N008)	-	8. séance	-	COVID	English	Regular	notMP	notMinister	FI	La France insoumise	Opposition	Left to far-left	PA722142	Ruffin, François	M	1975	
ParlaMint-FR-en_2021-07-08-E1008	ParlaMint-FR_2021-07-08-E1008.u297	Proceedings of the debates in plenary sitting of the Assemblée Nationale, sitting: 8, 08/07/2021	2021-07-08	Lower house	15e législature	Première session extraordinaire 2021 (CRSANR5L15S2021E1N008)	-	8. séance	-	COVID	English	Regular	MP	notMinister	LR	Les Républicains	Opposition	Centre-right	PA1874	Le Fur, Marc	M	1956	
ParlaMint-FR-en_2021-07-08-E1008	ParlaMint-FR_2021-07-08-E1008.u298	Proceedings of the debates in plenary sitting of the Assemblée Nationale, sitting: 8, 08/07/2021	2021-07-08	Lower house	15e législature	Première session extraordinaire 2021 (CRSANR5L15S2021E1N008)	-	8. séance	-	COVID	English	Regular	MP	notMinister	LAREM	La République en Marche	Coalition	Centre	PA719858	Limon, Monique	F	1953	
ParlaMint-FR-en_2021-07-08-E1008	ParlaMint-FR_2021-07-08-E1008.u299	Proceedings of the debates in plenary sitting of the Assemblée Nationale, sitting: 8, 08/07/2021	2021-07-08	Lower house	15e législature	Première session extraordinaire 2021 (CRSANR5L15S2021E1N008)	-	8. séance	-	COVID	English	Chairperson	MP	notMinister	LR	Les Républicains	Opposition	Centre-right	PA1874	Le Fur, Marc	M	1956	
ParlaMint-FR-en_2021-07-08-E1008	ParlaMint-FR_2021-07-08-E1008.u300	Proceedings of the debates in plenary sitting of the Assemblée Nationale, sitting: 8, 08/07/2021	2021-07-08	Lower house	15e législature	Première session extraordinaire 2021 (CRSANR5L15S2021E1N008)	-	8. séance	-	COVID	English	Regular	notMP	notMinister	FI	La France insoumise	Opposition	Left to far-left	PA722142	Ruffin, François	M	1975	
ParlaMint-FR-en_2021-07-08-E1008	ParlaMint-FR_2021-07-08-E1008.u301	Proceedings of the debates in plenary sitting of the Assemblée Nationale, sitting: 8, 08/07/2021	2021-07-08	Lower house	15e législature	Première session extraordinaire 2021 (CRSANR5L15S2021E1N008)	-	8. séance	-	COVID	English	Regular	MP	notMinister	LR	Les Républicains	Opposition	Centre-right	PA1874	Le Fur, Marc	M	1956	
ParlaMint-FR-en_2021-07-08-E1008	ParlaMint-FR_2021-07-08-E1008.u302	Proceedings of the debates in plenary sitting of the Assemblée Nationale, sitting: 8, 08/07/2021	2021-07-08	Lower house	15e législature	Première session extraordinaire 2021 (CRSANR5L15S2021E1N008)	-	8. séance	-	COVID	English	Regular	MP	notMinister	LAREM	La République en Marche	Coalition	Centre	PA722090	Pételle, Bénédicte	F	1971	
ParlaMint-FR-en_2021-07-08-E1008	ParlaMint-FR_2021-07-08-E1008.u303	Proceedings of the debates in plenary sitting of the Assemblée Nationale, sitting: 8, 08/07/2021	2021-07-08	Lower house	15e législature	Première session extraordinaire 2021 (CRSANR5L15S2021E1N008)	-	8. séance	-	COVID	English	Regular	MP	notMinister	LR	Les Républicains	Opposition	Centre-right	PA1874	Le Fur, Marc	M	1956	
ParlaMint-FR-en_2021-07-08-E1008	ParlaMint-FR_2021-07-08-E1008.u304	Proceedings of the debates in plenary sitting of the Assemblée Nationale, sitting: 8, 08/07/2021	2021-07-08	Lower house	15e législature	Première session extraordinaire 2021 (CRSANR5L15S2021E1N008)	-	8. séance	-	COVID	English	Regular	notMP	notMinister	-	-	-	-	PA722086	Taquet, Adrien	M	1977	
ParlaMint-FR-en_2021-07-08-E1008	ParlaMint-FR_2021-07-08-E1008.u305	Proceedings of the debates in plenary sitting of the Assemblée Nationale, sitting: 8, 08/07/2021	2021-07-08	Lower house	15e législature	Première session extraordinaire 2021 (CRSANR5L15S2021E1N008)	-	8. séance	-	COVID	English	Chairperson	MP	notMinister	LR	Les Républicains	Opposition	Centre-right	PA1874	Le Fur, Marc	M	1956	
ParlaMint-FR-en_2021-07-08-E1008	ParlaMint-FR_2021-07-08-E1008.u306	Proceedings of the debates in plenary sitting of the Assemblée Nationale, sitting: 8, 08/07/2021	2021-07-08	Lower house	15e législature	Première session extraordinaire 2021 (CRSANR5L15S2021E1N008)	-	8. séance	-	COVID	English	Regular	MP	notMinister	LAREM	La République en Marche	Coalition	Centre	PA718944	Racon-Bouzon, Cathy	F	1976	
ParlaMint-FR-en_2021-07-08-E1008	ParlaMint-FR_2021-07-08-E1008.u307	Proceedings of the debates in plenary sitting of the Assemblée Nationale, sitting: 8, 08/07/2021	2021-07-08	Lower house	15e législature	Première session extraordinaire 2021 (CRSANR5L15S2021E1N008)	-	8. séance	-	COVID	English	Regular	MP	notMinister	LR	Les Républicains	Opposition	Centre-right	PA1874	Le Fur, Marc	M	1956	
ParlaMint-FR-en_2021-07-08-E1008	ParlaMint-FR_2021-07-08-E1008.u308	Proceedings of the debates in plenary sitting of the Assemblée Nationale, sitting: 8, 08/07/2021	2021-07-08	Lower house	15e législature	Première session extraordinaire 2021 (CRSANR5L15S2021E1N008)	-	8. séance	-	COVID	English	Regular	MP	notMinister	LAREM	La République en Marche	Coalition	Centre	PA722090	Pételle, Bénédicte	F	1971	
ParlaMint-FR-en_2021-07-08-E1008	ParlaMint-FR_2021-07-08-E1008.u309	Proceedings of the debates in plenary sitting of the Assemblée Nationale, sitting: 8, 08/07/2021	2021-07-08	Lower house	15e législature	Première session extraordinaire 2021 (CRSANR5L15S2021E1N008)	-	8. séance	-	COVID	English	Chairperson	MP	notMinister	LR	Les Républicains	Opposition	Centre-right	PA1874	Le Fur, Marc	M	1956	
ParlaMint-FR-en_2021-07-08-E1008	ParlaMint-FR_2021-07-08-E1008.u310	Proceedings of the debates in plenary sitting of the Assemblée Nationale, sitting: 8, 08/07/2021	2021-07-08	Lower house	15e législature	Première session extraordinaire 2021 (CRSANR5L15S2021E1N008)	-	8. séance	-	COVID	English	Regular	MP	notMinister	AGIR-E	Agir ensemble	Coalition	-	PA720590	Potterie, Benoit	M	1967	
ParlaMint-FR-en_2021-07-08-E1008	ParlaMint-FR_2021-07-08-E1008.u311	Proceedings of the debates in plenary sitting of the Assemblée Nationale, sitting: 8, 08/07/2021	2021-07-08	Lower house	15e législature	Première session extraordinaire 2021 (CRSANR5L15S2021E1N008)	-	8. séance	-	COVID	English	Regular	MP	notMinister	LR	Les Républicains	Opposition	Centre-right	PA1874	Le Fur, Marc	M	1956	
ParlaMint-FR-en_2021-07-08-E1008	ParlaMint-FR_2021-07-08-E1008.u312	Proceedings of the debates in plenary sitting of the Assemblée Nationale, sitting: 8, 08/07/2021	2021-07-08	Lower house	15e législature	Première session extraordinaire 2021 (CRSANR5L15S2021E1N008)	-	8. séance	-	COVID	English	Regular	MP	notMinister	LAREM	La République en Marche	Coalition	Centre	PA722090	Pételle, Bénédicte	F	1971	
ParlaMint-FR-en_2021-07-08-E1008	ParlaMint-FR_2021-07-08-E1008.u313	Proceedings of the debates in plenary sitting of the Assemblée Nationale, sitting: 8, 08/07/2021	2021-07-08	Lower house	15e législature	Première session extraordinaire 2021 (CRSANR5L15S2021E1N008)	-	8. séance	-	COVID	English	Chairperson	MP	notMinister	LR	Les Républicains	Opposition	Centre-right	PA1874	Le Fur, Marc	M	1956	
ParlaMint-FR-en_2021-07-08-E1008	ParlaMint-FR_2021-07-08-E1008.u314	Proceedings of the debates in plenary sitting of the Assemblée Nationale, sitting: 8, 08/07/2021	2021-07-08	Lower house	15e législature	Première session extraordinaire 2021 (CRSANR5L15S2021E1N008)	-	8. séance	-	COVID	English	Regular	notMP	notMinister	AGIR-E	Agir ensemble	Coalition	-	PA642868	Christophe, Paul	M	1971	
ParlaMint-FR-en_2021-07-08-E1008	ParlaMint-FR_2021-07-08-E1008.u315	Proceedings of the debates in plenary sitting of the Assemblée Nationale, sitting: 8, 08/07/2021	2021-07-08	Lower house	15e législature	Première session extraordinaire 2021 (CRSANR5L15S2021E1N008)	-	8. séance	-	COVID	English	Regular	MP	notMinister	LR	Les Républicains	Opposition	Centre-right	PA1874	Le Fur, Marc	M	1956	
ParlaMint-FR-en_2021-07-08-E1008	ParlaMint-FR_2021-07-08-E1008.u316	Proceedings of the debates in plenary sitting of the Assemblée Nationale, sitting: 8, 08/07/2021	2021-07-08	Lower house	15e législature	Première session extraordinaire 2021 (CRSANR5L15S2021E1N008)	-	8. séance	-	COVID	English	Regular	MP	notMinister	LAREM	La République en Marche	Coalition	Centre	PA722090	Pételle, Bénédicte	F	1971	
ParlaMint-FR-en_2021-07-08-E1008	ParlaMint-FR_2021-07-08-E1008.u317	Proceedings of the debates in plenary sitting of the Assemblée Nationale, sitting: 8, 08/07/2021	2021-07-08	Lower house	15e législature	Première session extraordinaire 2021 (CRSANR5L15S2021E1N008)	-	8. séance	-	COVID	English	Regular	MP	notMinister	LR	Les Républicains	Opposition	Centre-right	PA1874	Le Fur, Marc	M	1956	
ParlaMint-FR-en_2021-07-08-E1008	ParlaMint-FR_2021-07-08-E1008.u318	Proceedings of the debates in plenary sitting of the Assemblée Nationale, sitting: 8, 08/07/2021	2021-07-08	Lower house	15e législature	Première session extraordinaire 2021 (CRSANR5L15S2021E1N008)	-	8. séance	-	COVID	English	Regular	notMP	notMinister	-	-	-	-	PA722086	Taquet, Adrien	M	1977	
ParlaMint-FR-en_2021-07-08-E1008	ParlaMint-FR_2021-07-08-E1008.u319	Proceedings of the debates in plenary sitting of the Assemblée Nationale, sitting: 8, 08/07/2021	2021-07-08	Lower house	15e législature	Première session extraordinaire 2021 (CRSANR5L15S2021E1N008)	-	8. séance	-	COVID	English	Regular	MP	notMinister	LR	Les Républicains	Opposition	Centre-right	PA1874	Le Fur, Marc	M	1956	
ParlaMint-FR-en_2021-07-08-E1008	ParlaMint-FR_2021-07-08-E1008.u320	Proceedings of the debates in plenary sitting of the Assemblée Nationale, sitting: 8, 08/07/2021	2021-07-08	Lower house	15e législature	Première session extraordinaire 2021 (CRSANR5L15S2021E1N008)	-	8. séance	-	COVID	English	Regular	notMP	notMinister	AGIR-E	Agir ensemble	Coalition	-	PA642868	Christophe, Paul	M	1971	
ParlaMint-FR-en_2021-07-08-E1008	ParlaMint-FR_2021-07-08-E1008.u321	Proceedings of the debates in plenary sitting of the Assemblée Nationale, sitting: 8, 08/07/2021	2021-07-08	Lower house	15e législature	Première session extraordinaire 2021 (CRSANR5L15S2021E1N008)	-	8. séance	-	COVID	English	Chairperson	MP	notMinister	LR	Les Républicains	Opposition	Centre-right	PA1874	Le Fur, Marc	M	1956	
ParlaMint-FR-en_2021-07-08-E1008	ParlaMint-FR_2021-07-08-E1008.u322	Proceedings of the debates in plenary sitting of the Assemblée Nationale, sitting: 8, 08/07/2021	2021-07-08	Lower house	15e législature	Première session extraordinaire 2021 (CRSANR5L15S2021E1N008)	-	8. séance	-	COVID	English	Regular	notMP	notMinister	GDR	Gauche démocrate et républicaine	Opposition	Left	PA721896	Faucillon, Elsa	F	1981	
ParlaMint-FR-en_2021-07-08-E1008	ParlaMint-FR_2021-07-08-E1008.u323	Proceedings of the debates in plenary sitting of the Assemblée Nationale, sitting: 8, 08/07/2021	2021-07-08	Lower house	15e législature	Première session extraordinaire 2021 (CRSANR5L15S2021E1N008)	-	8. séance	-	COVID	English	Regular	MP	notMinister	LR	Les Républicains	Opposition	Centre-right	PA1874	Le Fur, Marc	M	1956	
ParlaMint-FR-en_2021-07-08-E1008	ParlaMint-FR_2021-07-08-E1008.u324	Proceedings of the debates in plenary sitting of the Assemblée Nationale, sitting: 8, 08/07/2021	2021-07-08	Lower house	15e législature	Première session extraordinaire 2021 (CRSANR5L15S2021E1N008)	-	8. séance	-	COVID	English	Regular	MP	notMinister	LAREM	La République en Marche	Coalition	Centre	PA719456	Mörch, Sandrine	F	1961	
ParlaMint-FR-en_2021-07-08-E1008	ParlaMint-FR_2021-07-08-E1008.u325	Proceedings of the debates in plenary sitting of the Assemblée Nationale, sitting: 8, 08/07/2021	2021-07-08	Lower house	15e législature	Première session extraordinaire 2021 (CRSANR5L15S2021E1N008)	-	8. séance	-	COVID	English	Chairperson	MP	notMinister	LR	Les Républicains	Opposition	Centre-right	PA1874	Le Fur, Marc	M	1956	
ParlaMint-FR-en_2021-07-08-E1008	ParlaMint-FR_2021-07-08-E1008.u326	Proceedings of the debates in plenary sitting of the Assemblée Nationale, sitting: 8, 08/07/2021	2021-07-08	Lower house	15e législature	Première session extraordinaire 2021 (CRSANR5L15S2021E1N008)	-	8. séance	-	COVID	English	Regular	MP	notMinister	-	-	-	-	PA721246	Gaillot, Albane	F	1971	
ParlaMint-FR-en_2021-07-08-E1008	ParlaMint-FR_2021-07-08-E1008.u327	Proceedings of the debates in plenary sitting of the Assemblée Nationale, sitting: 8, 08/07/2021	2021-07-08	Lower house	15e législature	Première session extraordinaire 2021 (CRSANR5L15S2021E1N008)	-	8. séance	-	COVID	English	Regular	MP	notMinister	LR	Les Républicains	Opposition	Centre-right	PA1874	Le Fur, Marc	M	1956	
ParlaMint-FR-en_2021-07-08-E1008	ParlaMint-FR_2021-07-08-E1008.u328	Proceedings of the debates in plenary sitting of the Assemblée Nationale, sitting: 8, 08/07/2021	2021-07-08	Lower house	15e législature	Première session extraordinaire 2021 (CRSANR5L15S2021E1N008)	-	8. séance	-	COVID	English	Regular	MP	notMinister	LAREM	La République en Marche	Coalition	Centre	PA722090	Pételle, Bénédicte	F	1971	
ParlaMint-FR-en_2021-07-08-E1008	ParlaMint-FR_2021-07-08-E1008.u329	Proceedings of the debates in plenary sitting of the Assemblée Nationale, sitting: 8, 08/07/2021	2021-07-08	Lower house	15e législature	Première session extraordinaire 2021 (CRSANR5L15S2021E1N008)	-	8. séance	-	COVID	English	Chairperson	MP	notMinister	LR	Les Républicains	Opposition	Centre-right	PA1874	Le Fur, Marc	M	1956	
ParlaMint-FR-en_2021-07-08-E1008	ParlaMint-FR_2021-07-08-E1008.u330	Proceedings of the debates in plenary sitting of the Assemblée Nationale, sitting: 8, 08/07/2021	2021-07-08	Lower house	15e législature	Première session extraordinaire 2021 (CRSANR5L15S2021E1N008)	-	8. séance	-	COVID	English	Chairperson	MP	notMinister	LR	Les Républicains	Opposition	Centre-right	PA1874	Le Fur, Marc	M	1956	
ParlaMint-FR-en_2021-07-08-E1008	ParlaMint-FR_2021-07-08-E1008.u331	Proceedings of the debates in plenary sitting of the Assemblée Nationale, sitting: 8, 08/07/2021	2021-07-08	Lower house	15e législature	Première session extraordinaire 2021 (CRSANR5L15S2021E1N008)	-	8. séance	-	COVID	English	Regular	MP	notMinister	LAREM	La République en Marche	Coalition	Centre	PA719456	Mörch, Sandrine	F	1961	
ParlaMint-FR-en_2021-07-08-E1008	ParlaMint-FR_2021-07-08-E1008.u332	Proceedings of the debates in plenary sitting of the Assemblée Nationale, sitting: 8, 08/07/2021	2021-07-08	Lower house	15e législature	Première session extraordinaire 2021 (CRSANR5L15S2021E1N008)	-	8. séance	-	COVID	English	Chairperson	MP	notMinister	LR	Les Républicains	Opposition	Centre-right	PA1874	Le Fur, Marc	M	1956	
ParlaMint-FR-en_2021-07-08-E1008	ParlaMint-FR_2021-07-08-E1008.u333	Proceedings of the debates in plenary sitting of the Assemblée Nationale, sitting: 8, 08/07/2021	2021-07-08	Lower house	15e législature	Première session extraordinaire 2021 (CRSANR5L15S2021E1N008)	-	8. séance	-	COVID	English	Regular	notMP	notMinister	GDR	Gauche démocrate et républicaine	Opposition	Left	PA721896	Faucillon, Elsa	F	1981	
ParlaMint-FR-en_2021-07-08-E1008	ParlaMint-FR_2021-07-08-E1008.u334	Proceedings of the debates in plenary sitting of the Assemblée Nationale, sitting: 8, 08/07/2021	2021-07-08	Lower house	15e législature	Première session extraordinaire 2021 (CRSANR5L15S2021E1N008)	-	8. séance	-	COVID	English	Regular	MP	notMinister	LR	Les Républicains	Opposition	Centre-right	PA1874	Le Fur, Marc	M	1956	
ParlaMint-FR-en_2021-07-08-E1008	ParlaMint-FR_2021-07-08-E1008.u335	Proceedings of the debates in plenary sitting of the Assemblée Nationale, sitting: 8, 08/07/2021	2021-07-08	Lower house	15e législature	Première session extraordinaire 2021 (CRSANR5L15S2021E1N008)	-	8. séance	-	COVID	English	Regular	notMP	notMinister	GDR	Gauche démocrate et républicaine	Opposition	Left	PA721896	Faucillon, Elsa	F	1981	
ParlaMint-FR-en_2021-07-08-E1008	ParlaMint-FR_2021-07-08-E1008.u336	Proceedings of the debates in plenary sitting of the Assemblée Nationale, sitting: 8, 08/07/2021	2021-07-08	Lower house	15e législature	Première session extraordinaire 2021 (CRSANR5L15S2021E1N008)	-	8. séance	-	COVID	English	Chairperson	MP	notMinister	LR	Les Républicains	Opposition	Centre-right	PA1874	Le Fur, Marc	M	1956	
ParlaMint-FR-en_2021-07-08-E1008	ParlaMint-FR_2021-07-08-E1008.u337	Proceedings of the debates in plenary sitting of the Assemblée Nationale, sitting: 8, 08/07/2021	2021-07-08	Lower house	15e législature	Première session extraordinaire 2021 (CRSANR5L15S2021E1N008)	-	8. séance	-	COVID	English	Regular	MP	notMinister	LAREM	La République en Marche	Coalition	Centre	PA722090	Pételle, Bénédicte	F	1971	
ParlaMint-FR-en_2021-07-08-E1008	ParlaMint-FR_2021-07-08-E1008.u338	Proceedings of the debates in plenary sitting of the Assemblée Nationale, sitting: 8, 08/07/2021	2021-07-08	Lower house	15e législature	Première session extraordinaire 2021 (CRSANR5L15S2021E1N008)	-	8. séance	-	COVID	English	Chairperson	MP	notMinister	LR	Les Républicains	Opposition	Centre-right	PA1874	Le Fur, Marc	M	1956	
ParlaMint-FR-en_2021-07-08-E1008	ParlaMint-FR_2021-07-08-E1008.u339	Proceedings of the debates in plenary sitting of the Assemblée Nationale, sitting: 8, 08/07/2021	2021-07-08	Lower house	15e législature	Première session extraordinaire 2021 (CRSANR5L15S2021E1N008)	-	8. séance	-	COVID	English	Regular	MP	notMinister	LAREM	La République en Marche	Coalition	Centre	PA719456	Mörch, Sandrine	F	1961	
ParlaMint-FR-en_2021-07-08-E1008	ParlaMint-FR_2021-07-08-E1008.u340	Proceedings of the debates in plenary sitting of the Assemblée Nationale, sitting: 8, 08/07/2021	2021-07-08	Lower house	15e législature	Première session extraordinaire 2021 (CRSANR5L15S2021E1N008)	-	8. séance	-	COVID	English	Chairperson	MP	notMinister	LR	Les Républicains	Opposition	Centre-right	PA1874	Le Fur, Marc	M	1956	
ParlaMint-FR-en_2021-07-08-E1008	ParlaMint-FR_2021-07-08-E1008.u341	Proceedings of the debates in plenary sitting of the Assemblée Nationale, sitting: 8, 08/07/2021	2021-07-08	Lower house	15e législature	Première session extraordinaire 2021 (CRSANR5L15S2021E1N008)	-	8. séance	-	COVID	English	Regular	MP	notMinister	LAREM	La République en Marche	Coalition	Centre	PA722090	Pételle, Bénédicte	F	1971	
ParlaMint-FR-en_2021-07-08-E1008	ParlaMint-FR_2021-07-08-E1008.u342	Proceedings of the debates in plenary sitting of the Assemblée Nationale, sitting: 8, 08/07/2021	2021-07-08	Lower house	15e législature	Première session extraordinaire 2021 (CRSANR5L15S2021E1N008)	-	8. séance	-	COVID	English	Chairperson	MP	notMinister	LR	Les Républicains	Opposition	Centre-right	PA1874	Le Fur, Marc	M	1956	
ParlaMint-FR-en_2021-07-08-E1008	ParlaMint-FR_2021-07-08-E1008.u343	Proceedings of the debates in plenary sitting of the Assemblée Nationale, sitting: 8, 08/07/2021	2021-07-08	Lower house	15e législature	Première session extraordinaire 2021 (CRSANR5L15S2021E1N008)	-	8. séance	-	COVID	English	Regular	MP	notMinister	LR	Les Républicains	Opposition	Centre-right	PA1874	Le Fur, Marc	M	1956	
ParlaMint-FR-en_2021-07-08-E1008	ParlaMint-FR_2021-07-08-E1008.u344	Proceedings of the debates in plenary sitting of the Assemblée Nationale, sitting: 8, 08/07/2021	2021-07-08	Lower house	15e législature	Première session extraordinaire 2021 (CRSANR5L15S2021E1N008)	-	8. séance	-	COVID	English	Regular	MP	notMinister	LAREM	La République en Marche	Coalition	Centre	PA718944	Racon-Bouzon, Cathy	F	1976	
ParlaMint-FR-en_2021-07-08-E1008	ParlaMint-FR_2021-07-08-E1008.u345	Proceedings of the debates in plenary sitting of the Assemblée Nationale, sitting: 8, 08/07/2021	2021-07-08	Lower house	15e législature	Première session extraordinaire 2021 (CRSANR5L15S2021E1N008)	-	8. séance	-	COVID	English	Chairperson	MP	notMinister	LR	Les Républicains	Opposition	Centre-right	PA1874	Le Fur, Marc	M	1956	
ParlaMint-FR-en_2021-07-08-E1008	ParlaMint-FR_2021-07-08-E1008.u346	Proceedings of the debates in plenary sitting of the Assemblée Nationale, sitting: 8, 08/07/2021	2021-07-08	Lower house	15e législature	Première session extraordinaire 2021 (CRSANR5L15S2021E1N008)	-	8. séance	-	COVID	English	Regular	notMP	notMinister	FI	La France insoumise	Opposition	Left to far-left	PA722142	Ruffin, François	M	1975	
ParlaMint-FR-en_2021-07-08-E1008	ParlaMint-FR_2021-07-08-E1008.u347	Proceedings of the debates in plenary sitting of the Assemblée Nationale, sitting: 8, 08/07/2021	2021-07-08	Lower house	15e législature	Première session extraordinaire 2021 (CRSANR5L15S2021E1N008)	-	8. séance	-	COVID	English	Regular	notMP	notMinister	GDR	Gauche démocrate et républicaine	Opposition	Left	PA721896	Faucillon, Elsa	F	1981	
ParlaMint-FR-en_2021-07-08-E1008	ParlaMint-FR_2021-07-08-E1008.u348	Proceedings of the debates in plenary sitting of the Assemblée Nationale, sitting: 8, 08/07/2021	2021-07-08	Lower house	15e législature	Première session extraordinaire 2021 (CRSANR5L15S2021E1N008)	-	8. séance	-	COVID	English	Regular	notMP	notMinister	FI	La France insoumise	Opposition	Left to far-left	PA722142	Ruffin, François	M	1975	
ParlaMint-FR-en_2021-07-08-E1008	ParlaMint-FR_2021-07-08-E1008.u349	Proceedings of the debates in plenary sitting of the Assemblée Nationale, sitting: 8, 08/07/2021	2021-07-08	Lower house	15e législature	Première session extraordinaire 2021 (CRSANR5L15S2021E1N008)	-	8. séance	-	COVID	English	Regular	notMP	notMinister	-	-	-	-	PA722086	Taquet, Adrien	M	1977	
ParlaMint-FR-en_2021-07-08-E1008	ParlaMint-FR_2021-07-08-E1008.u350	Proceedings of the debates in plenary sitting of the Assemblée Nationale, sitting: 8, 08/07/2021	2021-07-08	Lower house	15e législature	Première session extraordinaire 2021 (CRSANR5L15S2021E1N008)	-	8. séance	-	COVID	English	Regular	notMP	notMinister	FI	La France insoumise	Opposition	Left to far-left	PA722142	Ruffin, François	M	1975	
ParlaMint-FR-en_2021-07-08-E1008	ParlaMint-FR_2021-07-08-E1008.u351	Proceedings of the debates in plenary sitting of the Assemblée Nationale, sitting: 8, 08/07/2021	2021-07-08	Lower house	15e législature	Première session extraordinaire 2021 (CRSANR5L15S2021E1N008)	-	8. séance	-	COVID	English	Chairperson	MP	notMinister	LR	Les Républicains	Opposition	Centre-right	PA1874	Le Fur, Marc	M	1956	
ParlaMint-FR-en_2021-07-08-E1008	ParlaMint-FR_2021-07-08-E1008.u352	Proceedings of the debates in plenary sitting of the Assemblée Nationale, sitting: 8, 08/07/2021	2021-07-08	Lower house	15e législature	Première session extraordinaire 2021 (CRSANR5L15S2021E1N008)	-	8. séance	-	COVID	English	Regular	notMP	notMinister	GDR	Gauche démocrate et républicaine	Opposition	Left	PA721896	Faucillon, Elsa	F	1981	
ParlaMint-FR-en_2021-07-08-E1008	ParlaMint-FR_2021-07-08-E1008.u353	Proceedings of the debates in plenary sitting of the Assemblée Nationale, sitting: 8, 08/07/2021	2021-07-08	Lower house	15e législature	Première session extraordinaire 2021 (CRSANR5L15S2021E1N008)	-	8. séance	-	COVID	English	Chairperson	MP	notMinister	LR	Les Républicains	Opposition	Centre-right	PA1874	Le Fur, Marc	M	1956	
ParlaMint-FR-en_2021-07-08-E1008	ParlaMint-FR_2021-07-08-E1008.u354	Proceedings of the debates in plenary sitting of the Assemblée Nationale, sitting: 8, 08/07/2021	2021-07-08	Lower house	15e législature	Première session extraordinaire 2021 (CRSANR5L15S2021E1N008)	-	8. séance	-	COVID	English	Regular	MP	notMinister	-	-	-	-	PA721246	Gaillot, Albane	F	1971	
ParlaMint-FR-en_2021-07-08-E1008	ParlaMint-FR_2021-07-08-E1008.u355	Proceedings of the debates in plenary sitting of the Assemblée Nationale, sitting: 8, 08/07/2021	2021-07-08	Lower house	15e législature	Première session extraordinaire 2021 (CRSANR5L15S2021E1N008)	-	8. séance	-	COVID	English	Chairperson	MP	notMinister	LR	Les Républicains	Opposition	Centre-right	PA1874	Le Fur, Marc	M	1956	
ParlaMint-FR-en_2021-07-08-E1008	ParlaMint-FR_2021-07-08-E1008.u356	Proceedings of the debates in plenary sitting of the Assemblée Nationale, sitting: 8, 08/07/2021	2021-07-08	Lower house	15e législature	Première session extraordinaire 2021 (CRSANR5L15S2021E1N008)	-	8. séance	-	COVID	English	Regular	notMP	notMinister	LAREM	La République en Marche	Coalition	Centre	PA643175	Dupont, Stella	F	1973	
ParlaMint-FR-en_2021-07-08-E1008	ParlaMint-FR_2021-07-08-E1008.u357	Proceedings of the debates in plenary sitting of the Assemblée Nationale, sitting: 8, 08/07/2021	2021-07-08	Lower house	15e législature	Première session extraordinaire 2021 (CRSANR5L15S2021E1N008)	-	8. séance	-	COVID	English	Chairperson	MP	notMinister	LR	Les Républicains	Opposition	Centre-right	PA1874	Le Fur, Marc	M	1956	
ParlaMint-FR-en_2021-07-08-E1008	ParlaMint-FR_2021-07-08-E1008.u358	Proceedings of the debates in plenary sitting of the Assemblée Nationale, sitting: 8, 08/07/2021	2021-07-08	Lower house	15e législature	Première session extraordinaire 2021 (CRSANR5L15S2021E1N008)	-	8. séance	-	COVID	English	Regular	notMP	notMinister	SOC	Socialistes et apparentés	-	Centre-left to left	PA774960	Santiago, Isabelle	F	1965	
ParlaMint-FR-en_2021-07-08-E1008	ParlaMint-FR_2021-07-08-E1008.u359	Proceedings of the debates in plenary sitting of the Assemblée Nationale, sitting: 8, 08/07/2021	2021-07-08	Lower house	15e législature	Première session extraordinaire 2021 (CRSANR5L15S2021E1N008)	-	8. séance	-	COVID	English	Regular	notMP	notMinister	-	-	-	-	PA722086	Taquet, Adrien	M	1977	
ParlaMint-FR-en_2021-07-08-E1008	ParlaMint-FR_2021-07-08-E1008.u360	Proceedings of the debates in plenary sitting of the Assemblée Nationale, sitting: 8, 08/07/2021	2021-07-08	Lower house	15e législature	Première session extraordinaire 2021 (CRSANR5L15S2021E1N008)	-	8. séance	-	COVID	English	Regular	notMP	notMinister	SOC	Socialistes et apparentés	-	Centre-left to left	PA774960	Santiago, Isabelle	F	1965	
ParlaMint-FR-en_2021-07-08-E1008	ParlaMint-FR_2021-07-08-E1008.u361	Proceedings of the debates in plenary sitting of the Assemblée Nationale, sitting: 8, 08/07/2021	2021-07-08	Lower house	15e législature	Première session extraordinaire 2021 (CRSANR5L15S2021E1N008)	-	8. séance	-	COVID	English	Regular	MP	notMinister	LR	Les Républicains	Opposition	Centre-right	PA1874	Le Fur, Marc	M	1956	
ParlaMint-FR-en_2021-07-08-E1008	ParlaMint-FR_2021-07-08-E1008.u362	Proceedings of the debates in plenary sitting of the Assemblée Nationale, sitting: 8, 08/07/2021	2021-07-08	Lower house	15e législature	Première session extraordinaire 2021 (CRSANR5L15S2021E1N008)	-	8. séance	-	COVID	English	Regular	MP	notMinister	LAREM	La République en Marche	Coalition	Centre	PA722090	Pételle, Bénédicte	F	1971	
ParlaMint-FR-en_2021-07-08-E1008	ParlaMint-FR_2021-07-08-E1008.u363	Proceedings of the debates in plenary sitting of the Assemblée Nationale, sitting: 8, 08/07/2021	2021-07-08	Lower house	15e législature	Première session extraordinaire 2021 (CRSANR5L15S2021E1N008)	-	8. séance	-	COVID	English	Regular	notMP	notMinister	SOC	Socialistes et apparentés	-	Centre-left to left	PA774960	Santiago, Isabelle	F	1965	
ParlaMint-FR-en_2021-07-08-E1008	ParlaMint-FR_2021-07-08-E1008.u364	Proceedings of the debates in plenary sitting of the Assemblée Nationale, sitting: 8, 08/07/2021	2021-07-08	Lower house	15e législature	Première session extraordinaire 2021 (CRSANR5L15S2021E1N008)	-	8. séance	-	COVID	English	Regular	MP	notMinister	LAREM	La République en Marche	Coalition	Centre	PA722090	Pételle, Bénédicte	F	1971	
ParlaMint-FR-en_2021-07-08-E1008	ParlaMint-FR_2021-07-08-E1008.u365	Proceedings of the debates in plenary sitting of the Assemblée Nationale, sitting: 8, 08/07/2021	2021-07-08	Lower house	15e législature	Première session extraordinaire 2021 (CRSANR5L15S2021E1N008)	-	8. séance	-	COVID	English	Regular	MP	notMinister	LR	Les Républicains	Opposition	Centre-right	PA1874	Le Fur, Marc	M	1956	
ParlaMint-FR-en_2021-07-08-E1008	ParlaMint-FR_2021-07-08-E1008.u366	Proceedings of the debates in plenary sitting of the Assemblée Nationale, sitting: 8, 08/07/2021	2021-07-08	Lower house	15e législature	Première session extraordinaire 2021 (CRSANR5L15S2021E1N008)	-	8. séance	-	COVID	English	Regular	notMP	notMinister	-	-	-	-	PA722086	Taquet, Adrien	M	1977	
ParlaMint-FR-en_2021-07-08-E1008	ParlaMint-FR_2021-07-08-E1008.u367	Proceedings of the debates in plenary sitting of the Assemblée Nationale, sitting: 8, 08/07/2021	2021-07-08	Lower house	15e législature	Première session extraordinaire 2021 (CRSANR5L15S2021E1N008)	-	8. séance	-	COVID	English	Regular	notMP	notMinister	GDR	Gauche démocrate et républicaine	Opposition	Left	PA721896	Faucillon, Elsa	F	1981	
ParlaMint-FR-en_2021-07-08-E1008	ParlaMint-FR_2021-07-08-E1008.u368	Proceedings of the debates in plenary sitting of the Assemblée Nationale, sitting: 8, 08/07/2021	2021-07-08	Lower house	15e législature	Première session extraordinaire 2021 (CRSANR5L15S2021E1N008)	-	8. séance	-	COVID	English	Regular	notMP	notMinister	-	-	-	-	PA722086	Taquet, Adrien	M	1977	
ParlaMint-FR-en_2021-07-08-E1008	ParlaMint-FR_2021-07-08-E1008.u369	Proceedings of the debates in plenary sitting of the Assemblée Nationale, sitting: 8, 08/07/2021	2021-07-08	Lower house	15e législature	Première session extraordinaire 2021 (CRSANR5L15S2021E1N008)	-	8. séance	-	COVID	English	Regular	MP	notMinister	LR	Les Républicains	Opposition	Centre-right	PA722280	Meyer, Philippe	M	1969	
ParlaMint-FR-en_2021-07-08-E1008	ParlaMint-FR_2021-07-08-E1008.u370	Proceedings of the debates in plenary sitting of the Assemblée Nationale, sitting: 8, 08/07/2021	2021-07-08	Lower house	15e législature	Première session extraordinaire 2021 (CRSANR5L15S2021E1N008)	-	8. séance	-	COVID	English	Regular	notMP	notMinister	-	-	-	-	PA722086	Taquet, Adrien	M	1977	
ParlaMint-FR-en_2021-07-08-E1008	ParlaMint-FR_2021-07-08-E1008.u371	Proceedings of the debates in plenary sitting of the Assemblée Nationale, sitting: 8, 08/07/2021	2021-07-08	Lower house	15e législature	Première session extraordinaire 2021 (CRSANR5L15S2021E1N008)	-	8. séance	-	COVID	English	Regular	MP	notMinister	LR	Les Républicains	Opposition	Centre-right	PA721286	Ramadier, Alain	M	1958	
ParlaMint-FR-en_2021-07-08-E1008	ParlaMint-FR_2021-07-08-E1008.u372	Proceedings of the debates in plenary sitting of the Assemblée Nationale, sitting: 8, 08/07/2021	2021-07-08	Lower house	15e législature	Première session extraordinaire 2021 (CRSANR5L15S2021E1N008)	-	8. séance	-	COVID	English	Regular	notMP	notMinister	-	-	-	-	PA722086	Taquet, Adrien	M	1977	
ParlaMint-FR-en_2021-07-08-E1008	ParlaMint-FR_2021-07-08-E1008.u373	Proceedings of the debates in plenary sitting of the Assemblée Nationale, sitting: 8, 08/07/2021	2021-07-08	Lower house	15e législature	Première session extraordinaire 2021 (CRSANR5L15S2021E1N008)	-	8. séance	-	COVID	English	Regular	MP	notMinister	LAREM	La République en Marche	Coalition	Centre	PA722090	Pételle, Bénédicte	F	1971	
ParlaMint-FR-en_2021-07-08-E1008	ParlaMint-FR_2021-07-08-E1008.u374	Proceedings of the debates in plenary sitting of the Assemblée Nationale, sitting: 8, 08/07/2021	2021-07-08	Lower house	15e législature	Première session extraordinaire 2021 (CRSANR5L15S2021E1N008)	-	8. séance	-	COVID	English	Regular	notMP	notMinister	-	-	-	-	PA722086	Taquet, Adrien	M	1977	
ParlaMint-FR-en_2021-07-08-E1008	ParlaMint-FR_2021-07-08-E1008.u375	Proceedings of the debates in plenary sitting of the Assemblée Nationale, sitting: 8, 08/07/2021	2021-07-08	Lower house	15e législature	Première session extraordinaire 2021 (CRSANR5L15S2021E1N008)	-	8. séance	-	COVID	English	Regular	MP	notMinister	LR	Les Républicains	Opposition	Centre-right	PA1874	Le Fur, Marc	M	1956	
ParlaMint-FR-en_2021-07-08-E1008	ParlaMint-FR_2021-07-08-E1008.u376	Proceedings of the debates in plenary sitting of the Assemblée Nationale, sitting: 8, 08/07/2021	2021-07-08	Lower house	15e législature	Première session extraordinaire 2021 (CRSANR5L15S2021E1N008)	-	8. séance	-	COVID	English	Regular	MP	notMinister	LAREM	La République en Marche	Coalition	Centre	PA719858	Limon, Monique	F	1953	
ParlaMint-FR-en_2021-07-08-E1008	ParlaMint-FR_2021-07-08-E1008.u377	Proceedings of the debates in plenary sitting of the Assemblée Nationale, sitting: 8, 08/07/2021	2021-07-08	Lower house	15e législature	Première session extraordinaire 2021 (CRSANR5L15S2021E1N008)	-	8. séance	-	COVID	English	Regular	MP	notMinister	LR	Les Républicains	Opposition	Centre-right	PA722280	Meyer, Philippe	M	1969	
ParlaMint-FR-en_2021-07-08-E1008	ParlaMint-FR_2021-07-08-E1008.u378	Proceedings of the debates in plenary sitting of the Assemblée Nationale, sitting: 8, 08/07/2021	2021-07-08	Lower house	15e législature	Première session extraordinaire 2021 (CRSANR5L15S2021E1N008)	-	8. séance	-	COVID	English	Regular	MP	notMinister	LAREM	La République en Marche	Coalition	Centre	PA719858	Limon, Monique	F	1953	
ParlaMint-FR-en_2021-07-08-E1008	ParlaMint-FR_2021-07-08-E1008.u379	Proceedings of the debates in plenary sitting of the Assemblée Nationale, sitting: 8, 08/07/2021	2021-07-08	Lower house	15e législature	Première session extraordinaire 2021 (CRSANR5L15S2021E1N008)	-	8. séance	-	COVID	English	Regular	MP	notMinister	LR	Les Républicains	Opposition	Centre-right	PA1874	Le Fur, Marc	M	1956	
ParlaMint-FR-en_2021-07-08-E1008	ParlaMint-FR_2021-07-08-E1008.u380	Proceedings of the debates in plenary sitting of the Assemblée Nationale, sitting: 8, 08/07/2021	2021-07-08	Lower house	15e législature	Première session extraordinaire 2021 (CRSANR5L15S2021E1N008)	-	8. séance	-	COVID	English	Regular	notMP	notMinister	GDR	Gauche démocrate et républicaine	Opposition	Left	PA721896	Faucillon, Elsa	F	1981	
ParlaMint-FR-en_2021-07-08-E1008	ParlaMint-FR_2021-07-08-E1008.u381	Proceedings of the debates in plenary sitting of the Assemblée Nationale, sitting: 8, 08/07/2021	2021-07-08	Lower house	15e législature	Première session extraordinaire 2021 (CRSANR5L15S2021E1N008)	-	8. séance	-	COVID	English	Regular	MP	notMinister	LR	Les Républicains	Opposition	Centre-right	PA1874	Le Fur, Marc	M	1956	
ParlaMint-FR-en_2021-07-08-E1008	ParlaMint-FR_2021-07-08-E1008.u382	Proceedings of the debates in plenary sitting of the Assemblée Nationale, sitting: 8, 08/07/2021	2021-07-08	Lower house	15e législature	Première session extraordinaire 2021 (CRSANR5L15S2021E1N008)	-	8. séance	-	COVID	English	Regular	notMP	notMinister	LAREM	La République en Marche	Coalition	Centre	PA643175	Dupont, Stella	F	1973	
ParlaMint-FR-en_2021-07-08-E1008	ParlaMint-FR_2021-07-08-E1008.u383	Proceedings of the debates in plenary sitting of the Assemblée Nationale, sitting: 8, 08/07/2021	2021-07-08	Lower house	15e législature	Première session extraordinaire 2021 (CRSANR5L15S2021E1N008)	-	8. séance	-	COVID	English	Regular	MP	notMinister	LR	Les Républicains	Opposition	Centre-right	PA1874	Le Fur, Marc	M	1956	
ParlaMint-FR-en_2021-07-08-E1008	ParlaMint-FR_2021-07-08-E1008.u384	Proceedings of the debates in plenary sitting of the Assemblée Nationale, sitting: 8, 08/07/2021	2021-07-08	Lower house	15e législature	Première session extraordinaire 2021 (CRSANR5L15S2021E1N008)	-	8. séance	-	COVID	English	Regular	notMP	notMinister	-	-	-	-	PA722086	Taquet, Adrien	M	1977	
ParlaMint-FR-en_2021-07-08-E1008	ParlaMint-FR_2021-07-08-E1008.u385	Proceedings of the debates in plenary sitting of the Assemblée Nationale, sitting: 8, 08/07/2021	2021-07-08	Lower house	15e législature	Première session extraordinaire 2021 (CRSANR5L15S2021E1N008)	-	8. séance	-	COVID	English	Regular	notMP	notMinister	LAREM	La République en Marche	Coalition	Centre	PA643175	Dupont, Stella	F	1973	
ParlaMint-FR-en_2021-07-08-E1008	ParlaMint-FR_2021-07-08-E1008.u386	Proceedings of the debates in plenary sitting of the Assemblée Nationale, sitting: 8, 08/07/2021	2021-07-08	Lower house	15e législature	Première session extraordinaire 2021 (CRSANR5L15S2021E1N008)	-	8. séance	-	COVID	English	Regular	notMP	notMinister	-	-	-	-	PA722086	Taquet, Adrien	M	1977	
ParlaMint-FR-en_2021-07-08-E1008	ParlaMint-FR_2021-07-08-E1008.u387	Proceedings of the debates in plenary sitting of the Assemblée Nationale, sitting: 8, 08/07/2021	2021-07-08	Lower house	15e législature	Première session extraordinaire 2021 (CRSANR5L15S2021E1N008)	-	8. séance	-	COVID	English	Regular	notMP	notMinister	LAREM	La République en Marche	Coalition	Centre	PA643175	Dupont, Stella	F	1973	
ParlaMint-FR-en_2021-07-08-E1008	ParlaMint-FR_2021-07-08-E1008.u388	Proceedings of the debates in plenary sitting of the Assemblée Nationale, sitting: 8, 08/07/2021	2021-07-08	Lower house	15e législature	Première session extraordinaire 2021 (CRSANR5L15S2021E1N008)	-	8. séance	-	COVID	English	Regular	notMP	notMinister	-	-	-	-	PA722086	Taquet, Adrien	M	1977	
ParlaMint-FR-en_2021-07-08-E1008	ParlaMint-FR_2021-07-08-E1008.u389	Proceedings of the debates in plenary sitting of the Assemblée Nationale, sitting: 8, 08/07/2021	2021-07-08	Lower house	15e législature	Première session extraordinaire 2021 (CRSANR5L15S2021E1N008)	-	8. séance	-	COVID	English	Regular	MP	notMinister	LR	Les Républicains	Opposition	Centre-right	PA1874	Le Fur, Marc	M	1956	
ParlaMint-FR-en_2021-07-08-E1008	ParlaMint-FR_2021-07-08-E1008.u390	Proceedings of the debates in plenary sitting of the Assemblée Nationale, sitting: 8, 08/07/2021	2021-07-08	Lower house	15e législature	Première session extraordinaire 2021 (CRSANR5L15S2021E1N008)	-	8. séance	-	COVID	English	Regular	notMP	notMinister	FI	La France insoumise	Opposition	Left to far-left	PA722142	Ruffin, François	M	1975	
ParlaMint-FR-en_2021-07-08-E1008	ParlaMint-FR_2021-07-08-E1008.u391	Proceedings of the debates in plenary sitting of the Assemblée Nationale, sitting: 8, 08/07/2021	2021-07-08	Lower house	15e législature	Première session extraordinaire 2021 (CRSANR5L15S2021E1N008)	-	8. séance	-	COVID	English	Chairperson	MP	notMinister	LR	Les Républicains	Opposition	Centre-right	PA1874	Le Fur, Marc	M	1956	
ParlaMint-FR-en_2021-07-08-E1008	ParlaMint-FR_2021-07-08-E1008.u392	Proceedings of the debates in plenary sitting of the Assemblée Nationale, sitting: 8, 08/07/2021	2021-07-08	Lower house	15e législature	Première session extraordinaire 2021 (CRSANR5L15S2021E1N008)	-	8. séance	-	COVID	English	Regular	MP	notMinister	-	-	-	-	PA721246	Gaillot, Albane	F	1971	
ParlaMint-FR-en_2021-07-08-E1008	ParlaMint-FR_2021-07-08-E1008.u393	Proceedings of the debates in plenary sitting of the Assemblée Nationale, sitting: 8, 08/07/2021	2021-07-08	Lower house	15e législature	Première session extraordinaire 2021 (CRSANR5L15S2021E1N008)	-	8. séance	-	COVID	English	Regular	MP	notMinister	LR	Les Républicains	Opposition	Centre-right	PA1874	Le Fur, Marc	M	1956	
ParlaMint-FR-en_2021-07-08-E1008	ParlaMint-FR_2021-07-08-E1008.u394	Proceedings of the debates in plenary sitting of the Assemblée Nationale, sitting: 8, 08/07/2021	2021-07-08	Lower house	15e législature	Première session extraordinaire 2021 (CRSANR5L15S2021E1N008)	-	8. séance	-	COVID	English	Regular	MP	notMinister	LAREM	La République en Marche	Coalition	Centre	PA722090	Pételle, Bénédicte	F	1971	
ParlaMint-FR-en_2021-07-08-E1008	ParlaMint-FR_2021-07-08-E1008.u395	Proceedings of the debates in plenary sitting of the Assemblée Nationale, sitting: 8, 08/07/2021	2021-07-08	Lower house	15e législature	Première session extraordinaire 2021 (CRSANR5L15S2021E1N008)	-	8. séance	-	COVID	English	Chairperson	MP	notMinister	LR	Les Républicains	Opposition	Centre-right	PA1874	Le Fur, Marc	M	1956	
ParlaMint-FR-en_2021-07-08-E1008	ParlaMint-FR_2021-07-08-E1008.u396	Proceedings of the debates in plenary sitting of the Assemblée Nationale, sitting: 8, 08/07/2021	2021-07-08	Lower house	15e législature	Première session extraordinaire 2021 (CRSANR5L15S2021E1N008)	-	8. séance	-	COVID	English	Regular	MP	notMinister	LAREM	La République en Marche	Coalition	Centre	PA718944	Racon-Bouzon, Cathy	F	1976	
ParlaMint-FR-en_2021-07-08-E1008	ParlaMint-FR_2021-07-08-E1008.u397	Proceedings of the debates in plenary sitting of the Assemblée Nationale, sitting: 8, 08/07/2021	2021-07-08	Lower house	15e législature	Première session extraordinaire 2021 (CRSANR5L15S2021E1N008)	-	8. séance	-	COVID	English	Regular	MP	notMinister	LR	Les Républicains	Opposition	Centre-right	PA1874	Le Fur, Marc	M	1956	
ParlaMint-FR-en_2021-07-08-E1008	ParlaMint-FR_2021-07-08-E1008.u398	Proceedings of the debates in plenary sitting of the Assemblée Nationale, sitting: 8, 08/07/2021	2021-07-08	Lower house	15e législature	Première session extraordinaire 2021 (CRSANR5L15S2021E1N008)	-	8. séance	-	COVID	English	Regular	MP	notMinister	LAREM	La République en Marche	Coalition	Centre	PA722090	Pételle, Bénédicte	F	1971	
ParlaMint-FR-en_2021-07-08-E1008	ParlaMint-FR_2021-07-08-E1008.u399	Proceedings of the debates in plenary sitting of the Assemblée Nationale, sitting: 8, 08/07/2021	2021-07-08	Lower house	15e législature	Première session extraordinaire 2021 (CRSANR5L15S2021E1N008)	-	8. séance	-	COVID	English	Chairperson	MP	notMinister	LR	Les Républicains	Opposition	Centre-right	PA1874	Le Fur, Marc	M	1956	
ParlaMint-FR-en_2021-07-08-E1008	ParlaMint-FR_2021-07-08-E1008.u400	Proceedings of the debates in plenary sitting of the Assemblée Nationale, sitting: 8, 08/07/2021	2021-07-08	Lower house	15e législature	Première session extraordinaire 2021 (CRSANR5L15S2021E1N008)	-	8. séance	-	COVID	English	Regular	MP	notMinister	LAREM	La République en Marche	Coalition	Centre	PA719456	Mörch, Sandrine	F	1961	
ParlaMint-FR-en_2021-07-08-E1008	ParlaMint-FR_2021-07-08-E1008.u401	Proceedings of the debates in plenary sitting of the Assemblée Nationale, sitting: 8, 08/07/2021	2021-07-08	Lower house	15e législature	Première session extraordinaire 2021 (CRSANR5L15S2021E1N008)	-	8. séance	-	COVID	English	Chairperson	MP	notMinister	LR	Les Républicains	Opposition	Centre-right	PA1874	Le Fur, Marc	M	1956	
ParlaMint-FR-en_2021-07-08-E1008	ParlaMint-FR_2021-07-08-E1008.u402	Proceedings of the debates in plenary sitting of the Assemblée Nationale, sitting: 8, 08/07/2021	2021-07-08	Lower house	15e législature	Première session extraordinaire 2021 (CRSANR5L15S2021E1N008)	-	8. séance	-	COVID	English	Regular	MP	notMinister	LAREM	La République en Marche	Coalition	Centre	PA722090	Pételle, Bénédicte	F	1971	
ParlaMint-FR-en_2021-07-08-E1008	ParlaMint-FR_2021-07-08-E1008.u403	Proceedings of the debates in plenary sitting of the Assemblée Nationale, sitting: 8, 08/07/2021	2021-07-08	Lower house	15e législature	Première session extraordinaire 2021 (CRSANR5L15S2021E1N008)	-	8. séance	-	COVID	English	Regular	MP	notMinister	LR	Les Républicains	Opposition	Centre-right	PA1874	Le Fur, Marc	M	1956	
ParlaMint-FR-en_2021-07-08-E1008	ParlaMint-FR_2021-07-08-E1008.u404	Proceedings of the debates in plenary sitting of the Assemblée Nationale, sitting: 8, 08/07/2021	2021-07-08	Lower house	15e législature	Première session extraordinaire 2021 (CRSANR5L15S2021E1N008)	-	8. séance	-	COVID	English	Regular	notMP	notMinister	-	-	-	-	PA722086	Taquet, Adrien	M	1977	
ParlaMint-FR-en_2021-07-08-E1008	ParlaMint-FR_2021-07-08-E1008.u405	Proceedings of the debates in plenary sitting of the Assemblée Nationale, sitting: 8, 08/07/2021	2021-07-08	Lower house	15e législature	Première session extraordinaire 2021 (CRSANR5L15S2021E1N008)	-	8. séance	-	COVID	English	Chairperson	MP	notMinister	LR	Les Républicains	Opposition	Centre-right	PA1874	Le Fur, Marc	M	1956	
ParlaMint-FR-en_2021-07-08-E1008	ParlaMint-FR_2021-07-08-E1008.u406	Proceedings of the debates in plenary sitting of the Assemblée Nationale, sitting: 8, 08/07/2021	2021-07-08	Lower house	15e législature	Première session extraordinaire 2021 (CRSANR5L15S2021E1N008)	-	8. séance	-	COVID	English	Chairperson	MP	notMinister	LR	Les Républicains	Opposition	Centre-right	PA1874	Le Fur, Marc	M	1956	
ParlaMint-FR-en_2021-07-08-E1008	ParlaMint-FR_2021-07-08-E1008.u407	Proceedings of the debates in plenary sitting of the Assemblée Nationale, sitting: 8, 08/07/2021	2021-07-08	Lower house	15e législature	Première session extraordinaire 2021 (CRSANR5L15S2021E1N008)	-	8. séance	-	COVID	English	Regular	MP	notMinister	LAREM	La République en Marche	Coalition	Centre	PA719456	Mörch, Sandrine	F	1961	
ParlaMint-FR-en_2021-07-08-E1008	ParlaMint-FR_2021-07-08-E1008.u408	Proceedings of the debates in plenary sitting of the Assemblée Nationale, sitting: 8, 08/07/2021	2021-07-08	Lower house	15e législature	Première session extraordinaire 2021 (CRSANR5L15S2021E1N008)	-	8. séance	-	COVID	English	Chairperson	MP	notMinister	LR	Les Républicains	Opposition	Centre-right	PA1874	Le Fur, Marc	M	1956	
ParlaMint-FR-en_2021-07-08-E1008	ParlaMint-FR_2021-07-08-E1008.u409	Proceedings of the debates in plenary sitting of the Assemblée Nationale, sitting: 8, 08/07/2021	2021-07-08	Lower house	15e législature	Première session extraordinaire 2021 (CRSANR5L15S2021E1N008)	-	8. séance	-	COVID	English	Regular	MP	notMinister	LAREM	La République en Marche	Coalition	Centre	PA722090	Pételle, Bénédicte	F	1971	
ParlaMint-FR-en_2021-07-08-E1008	ParlaMint-FR_2021-07-08-E1008.u410	Proceedings of the debates in plenary sitting of the Assemblée Nationale, sitting: 8, 08/07/2021	2021-07-08	Lower house	15e législature	Première session extraordinaire 2021 (CRSANR5L15S2021E1N008)	-	8. séance	-	COVID	English	Regular	MP	notMinister	LR	Les Républicains	Opposition	Centre-right	PA1874	Le Fur, Marc	M	1956	
ParlaMint-FR-en_2021-07-08-E1008	ParlaMint-FR_2021-07-08-E1008.u411	Proceedings of the debates in plenary sitting of the Assemblée Nationale, sitting: 8, 08/07/2021	2021-07-08	Lower house	15e législature	Première session extraordinaire 2021 (CRSANR5L15S2021E1N008)	-	8. séance	-	COVID	English	Regular	notMP	notMinister	-	-	-	-	PA722086	Taquet, Adrien	M	1977	
ParlaMint-FR-en_2021-07-08-E1008	ParlaMint-FR_2021-07-08-E1008.u412	Proceedings of the debates in plenary sitting of the Assemblée Nationale, sitting: 8, 08/07/2021	2021-07-08	Lower house	15e législature	Première session extraordinaire 2021 (CRSANR5L15S2021E1N008)	-	8. séance	-	COVID	English	Chairperson	MP	notMinister	LR	Les Républicains	Opposition	Centre-right	PA1874	Le Fur, Marc	M	1956	
ParlaMint-FR-en_2021-07-08-E1008	ParlaMint-FR_2021-07-08-E1008.u413	Proceedings of the debates in plenary sitting of the Assemblée Nationale, sitting: 8, 08/07/2021	2021-07-08	Lower house	15e législature	Première session extraordinaire 2021 (CRSANR5L15S2021E1N008)	-	8. séance	-	COVID	English	Regular	notMP	notMinister	GDR	Gauche démocrate et républicaine	Opposition	Left	PA721896	Faucillon, Elsa	F	1981	
ParlaMint-FR-en_2021-07-08-E1008	ParlaMint-FR_2021-07-08-E1008.u414	Proceedings of the debates in plenary sitting of the Assemblée Nationale, sitting: 8, 08/07/2021	2021-07-08	Lower house	15e législature	Première session extraordinaire 2021 (CRSANR5L15S2021E1N008)	-	8. séance	-	COVID	English	Regular	MP	notMinister	LR	Les Républicains	Opposition	Centre-right	PA1874	Le Fur, Marc	M	1956	
ParlaMint-FR-en_2021-07-08-E1008	ParlaMint-FR_2021-07-08-E1008.u415	Proceedings of the debates in plenary sitting of the Assemblée Nationale, sitting: 8, 08/07/2021	2021-07-08	Lower house	15e législature	Première session extraordinaire 2021 (CRSANR5L15S2021E1N008)	-	8. séance	-	COVID	English	Regular	notMP	notMinister	GDR	Gauche démocrate et républicaine	Opposition	Left	PA721896	Faucillon, Elsa	F	1981	
ParlaMint-FR-en_2021-07-08-E1008	ParlaMint-FR_2021-07-08-E1008.u416	Proceedings of the debates in plenary sitting of the Assemblée Nationale, sitting: 8, 08/07/2021	2021-07-08	Lower house	15e législature	Première session extraordinaire 2021 (CRSANR5L15S2021E1N008)	-	8. séance	-	COVID	English	Regular	MP	notMinister	LR	Les Républicains	Opposition	Centre-right	PA1874	Le Fur, Marc	M	1956	
ParlaMint-FR-en_2021-07-08-E1008	ParlaMint-FR_2021-07-08-E1008.u417	Proceedings of the debates in plenary sitting of the Assemblée Nationale, sitting: 8, 08/07/2021	2021-07-08	Lower house	15e législature	Première session extraordinaire 2021 (CRSANR5L15S2021E1N008)	-	8. séance	-	COVID	English	Regular	MP	notMinister	LAREM	La République en Marche	Coalition	Centre	PA722090	Pételle, Bénédicte	F	1971	
ParlaMint-FR-en_2021-07-08-E1008	ParlaMint-FR_2021-07-08-E1008.u418	Proceedings of the debates in plenary sitting of the Assemblée Nationale, sitting: 8, 08/07/2021	2021-07-08	Lower house	15e législature	Première session extraordinaire 2021 (CRSANR5L15S2021E1N008)	-	8. séance	-	COVID	English	Regular	MP	notMinister	LR	Les Républicains	Opposition	Centre-right	PA1874	Le Fur, Marc	M	1956	
ParlaMint-FR-en_2021-07-08-E1008	ParlaMint-FR_2021-07-08-E1008.u419	Proceedings of the debates in plenary sitting of the Assemblée Nationale, sitting: 8, 08/07/2021	2021-07-08	Lower house	15e législature	Première session extraordinaire 2021 (CRSANR5L15S2021E1N008)	-	8. séance	-	COVID	English	Regular	notMP	notMinister	-	-	-	-	PA722086	Taquet, Adrien	M	1977	
ParlaMint-FR-en_2021-07-08-E1008	ParlaMint-FR_2021-07-08-E1008.u420	Proceedings of the debates in plenary sitting of the Assemblée Nationale, sitting: 8, 08/07/2021	2021-07-08	Lower house	15e législature	Première session extraordinaire 2021 (CRSANR5L15S2021E1N008)	-	8. séance	-	COVID	English	Chairperson	MP	notMinister	LR	Les Républicains	Opposition	Centre-right	PA1874	Le Fur, Marc	M	1956	
ParlaMint-FR-en_2021-07-08-E1008	ParlaMint-FR_2021-07-08-E1008.u421	Proceedings of the debates in plenary sitting of the Assemblée Nationale, sitting: 8, 08/07/2021	2021-07-08	Lower house	15e législature	Première session extraordinaire 2021 (CRSANR5L15S2021E1N008)	-	8. séance	-	COVID	English	Regular	MP	notMinister	LR	Les Républicains	Opposition	Centre-right	PA722280	Meyer, Philippe	M	1969	
ParlaMint-FR-en_2021-07-08-E1008	ParlaMint-FR_2021-07-08-E1008.u422	Proceedings of the debates in plenary sitting of the Assemblée Nationale, sitting: 8, 08/07/2021	2021-07-08	Lower house	15e législature	Première session extraordinaire 2021 (CRSANR5L15S2021E1N008)	-	8. séance	-	COVID	English	Chairperson	MP	notMinister	LR	Les Républicains	Opposition	Centre-right	PA1874	Le Fur, Marc	M	1956	
ParlaMint-FR-en_2021-07-08-E1008	ParlaMint-FR_2021-07-08-E1008.u423	Proceedings of the debates in plenary sitting of the Assemblée Nationale, sitting: 8, 08/07/2021	2021-07-08	Lower house	15e législature	Première session extraordinaire 2021 (CRSANR5L15S2021E1N008)	-	8. séance	-	COVID	English	Regular	MP	notMinister	LAREM	La République en Marche	Coalition	Centre	PA719456	Mörch, Sandrine	F	1961	
ParlaMint-FR-en_2021-07-08-E1008	ParlaMint-FR_2021-07-08-E1008.u424	Proceedings of the debates in plenary sitting of the Assemblée Nationale, sitting: 8, 08/07/2021	2021-07-08	Lower house	15e législature	Première session extraordinaire 2021 (CRSANR5L15S2021E1N008)	-	8. séance	-	COVID	English	Chairperson	MP	notMinister	LR	Les Républicains	Opposition	Centre-right	PA1874	Le Fur, Marc	M	1956	
ParlaMint-FR-en_2021-07-08-E1008	ParlaMint-FR_2021-07-08-E1008.u425	Proceedings of the debates in plenary sitting of the Assemblée Nationale, sitting: 8, 08/07/2021	2021-07-08	Lower house	15e législature	Première session extraordinaire 2021 (CRSANR5L15S2021E1N008)	-	8. séance	-	COVID	English	Regular	MP	notMinister	LAREM	La République en Marche	Coalition	Centre	PA722090	Pételle, Bénédicte	F	1971	
ParlaMint-FR-en_2021-07-08-E1008	ParlaMint-FR_2021-07-08-E1008.u426	Proceedings of the debates in plenary sitting of the Assemblée Nationale, sitting: 8, 08/07/2021	2021-07-08	Lower house	15e législature	Première session extraordinaire 2021 (CRSANR5L15S2021E1N008)	-	8. séance	-	COVID	English	Regular	MP	notMinister	LR	Les Républicains	Opposition	Centre-right	PA1874	Le Fur, Marc	M	1956	
ParlaMint-FR-en_2021-07-08-E1008	ParlaMint-FR_2021-07-08-E1008.u427	Proceedings of the debates in plenary sitting of the Assemblée Nationale, sitting: 8, 08/07/2021	2021-07-08	Lower house	15e législature	Première session extraordinaire 2021 (CRSANR5L15S2021E1N008)	-	8. séance	-	COVID	English	Regular	notMP	notMinister	-	-	-	-	PA722086	Taquet, Adrien	M	1977	
ParlaMint-FR-en_2021-07-08-E1008	ParlaMint-FR_2021-07-08-E1008.u428	Proceedings of the debates in plenary sitting of the Assemblée Nationale, sitting: 8, 08/07/2021	2021-07-08	Lower house	15e législature	Première session extraordinaire 2021 (CRSANR5L15S2021E1N008)	-	8. séance	-	COVID	English	Chairperson	MP	notMinister	LR	Les Républicains	Opposition	Centre-right	PA1874	Le Fur, Marc	M	1956	
ParlaMint-FR-en_2021-07-08-E1008	ParlaMint-FR_2021-07-08-E1008.u429	Proceedings of the debates in plenary sitting of the Assemblée Nationale, sitting: 8, 08/07/2021	2021-07-08	Lower house	15e législature	Première session extraordinaire 2021 (CRSANR5L15S2021E1N008)	-	8. séance	-	COVID	English	Chairperson	MP	notMinister	LR	Les Républicains	Opposition	Centre-right	PA1874	Le Fur, Marc	M	1956	
ParlaMint-FR-en_2021-07-08-E1008	ParlaMint-FR_2021-07-08-E1008.u430	Proceedings of the debates in plenary sitting of the Assemblée Nationale, sitting: 8, 08/07/2021	2021-07-08	Lower house	15e législature	Première session extraordinaire 2021 (CRSANR5L15S2021E1N008)	-	8. séance	-	COVID	English	Regular	MP	notMinister	LAREM	La République en Marche	Coalition	Centre	PA719456	Mörch, Sandrine	F	1961	
ParlaMint-FR-en_2021-07-08-E1008	ParlaMint-FR_2021-07-08-E1008.u431	Proceedings of the debates in plenary sitting of the Assemblée Nationale, sitting: 8, 08/07/2021	2021-07-08	Lower house	15e législature	Première session extraordinaire 2021 (CRSANR5L15S2021E1N008)	-	8. séance	-	COVID	English	Regular	MP	notMinister	LR	Les Républicains	Opposition	Centre-right	PA1874	Le Fur, Marc	M	1956	
ParlaMint-FR-en_2021-07-08-E1008	ParlaMint-FR_2021-07-08-E1008.u432	Proceedings of the debates in plenary sitting of the Assemblée Nationale, sitting: 8, 08/07/2021	2021-07-08	Lower house	15e législature	Première session extraordinaire 2021 (CRSANR5L15S2021E1N008)	-	8. séance	-	COVID	English	Regular	MP	notMinister	LAREM	La République en Marche	Coalition	Centre	PA722090	Pételle, Bénédicte	F	1971	
ParlaMint-FR-en_2021-07-08-E1008	ParlaMint-FR_2021-07-08-E1008.u433	Proceedings of the debates in plenary sitting of the Assemblée Nationale, sitting: 8, 08/07/2021	2021-07-08	Lower house	15e législature	Première session extraordinaire 2021 (CRSANR5L15S2021E1N008)	-	8. séance	-	COVID	English	Regular	MP	notMinister	LR	Les Républicains	Opposition	Centre-right	PA1874	Le Fur, Marc	M	1956	
ParlaMint-FR-en_2021-07-08-E1008	ParlaMint-FR_2021-07-08-E1008.u434	Proceedings of the debates in plenary sitting of the Assemblée Nationale, sitting: 8, 08/07/2021	2021-07-08	Lower house	15e législature	Première session extraordinaire 2021 (CRSANR5L15S2021E1N008)	-	8. séance	-	COVID	English	Regular	MP	notMinister	LAREM	La République en Marche	Coalition	Centre	PA719456	Mörch, Sandrine	F	1961	
ParlaMint-FR-en_2021-07-08-E1008	ParlaMint-FR_2021-07-08-E1008.u435	Proceedings of the debates in plenary sitting of the Assemblée Nationale, sitting: 8, 08/07/2021	2021-07-08	Lower house	15e législature	Première session extraordinaire 2021 (CRSANR5L15S2021E1N008)	-	8. séance	-	COVID	English	Regular	MP	notMinister	LR	Les Républicains	Opposition	Centre-right	PA1874	Le Fur, Marc	M	1956	
ParlaMint-FR-en_2021-07-08-E1008	ParlaMint-FR_2021-07-08-E1008.u436	Proceedings of the debates in plenary sitting of the Assemblée Nationale, sitting: 8, 08/07/2021	2021-07-08	Lower house	15e législature	Première session extraordinaire 2021 (CRSANR5L15S2021E1N008)	-	8. séance	-	COVID	English	Regular	MP	notMinister	LAREM	La République en Marche	Coalition	Centre	PA722090	Pételle, Bénédicte	F	1971	
ParlaMint-FR-en_2021-07-08-E1008	ParlaMint-FR_2021-07-08-E1008.u437	Proceedings of the debates in plenary sitting of the Assemblée Nationale, sitting: 8, 08/07/2021	2021-07-08	Lower house	15e législature	Première session extraordinaire 2021 (CRSANR5L15S2021E1N008)	-	8. séance	-	COVID	English	Chairperson	MP	notMinister	LR	Les Républicains	Opposition	Centre-right	PA1874	Le Fur, Marc	M	1956	
ParlaMint-FR-en_2021-07-08-E1008	ParlaMint-FR_2021-07-08-E1008.u438	Proceedings of the debates in plenary sitting of the Assemblée Nationale, sitting: 8, 08/07/2021	2021-07-08	Lower house	15e législature	Première session extraordinaire 2021 (CRSANR5L15S2021E1N008)	-	8. séance	-	COVID	English	Regular	MP	notMinister	LAREM	La République en Marche	Coalition	Centre	PA718944	Racon-Bouzon, Cathy	F	1976	
ParlaMint-FR-en_2021-07-08-E1008	ParlaMint-FR_2021-07-08-E1008.u439	Proceedings of the debates in plenary sitting of the Assemblée Nationale, sitting: 8, 08/07/2021	2021-07-08	Lower house	15e législature	Première session extraordinaire 2021 (CRSANR5L15S2021E1N008)	-	8. séance	-	COVID	English	Regular	notMP	notMinister	LAREM	La République en Marche	Coalition	Centre	PA643175	Dupont, Stella	F	1973	
ParlaMint-FR-en_2021-07-08-E1008	ParlaMint-FR_2021-07-08-E1008.u440	Proceedings of the debates in plenary sitting of the Assemblée Nationale, sitting: 8, 08/07/2021	2021-07-08	Lower house	15e législature	Première session extraordinaire 2021 (CRSANR5L15S2021E1N008)	-	8. séance	-	COVID	English	Regular	MP	notMinister	LR	Les Républicains	Opposition	Centre-right	PA1874	Le Fur, Marc	M	1956	
ParlaMint-FR-en_2021-07-08-E1008	ParlaMint-FR_2021-07-08-E1008.u441	Proceedings of the debates in plenary sitting of the Assemblée Nationale, sitting: 8, 08/07/2021	2021-07-08	Lower house	15e législature	Première session extraordinaire 2021 (CRSANR5L15S2021E1N008)	-	8. séance	-	COVID	English	Regular	MP	notMinister	LAREM	La République en Marche	Coalition	Centre	PA722090	Pételle, Bénédicte	F	1971	
ParlaMint-FR-en_2021-07-08-E1008	ParlaMint-FR_2021-07-08-E1008.u442	Proceedings of the debates in plenary sitting of the Assemblée Nationale, sitting: 8, 08/07/2021	2021-07-08	Lower house	15e législature	Première session extraordinaire 2021 (CRSANR5L15S2021E1N008)	-	8. séance	-	COVID	English	Regular	MP	notMinister	LR	Les Républicains	Opposition	Centre-right	PA1874	Le Fur, Marc	M	1956	
ParlaMint-FR-en_2021-07-08-E1008	ParlaMint-FR_2021-07-08-E1008.u443	Proceedings of the debates in plenary sitting of the Assemblée Nationale, sitting: 8, 08/07/2021	2021-07-08	Lower house	15e législature	Première session extraordinaire 2021 (CRSANR5L15S2021E1N008)	-	8. séance	-	COVID	English	Regular	notMP	notMinister	-	-	-	-	PA722086	Taquet, Adrien	M	1977	
ParlaMint-FR-en_2021-07-08-E1008	ParlaMint-FR_2021-07-08-E1008.u444	Proceedings of the debates in plenary sitting of the Assemblée Nationale, sitting: 8, 08/07/2021	2021-07-08	Lower house	15e législature	Première session extraordinaire 2021 (CRSANR5L15S2021E1N008)	-	8. séance	-	COVID	English	Chairperson	MP	notMinister	LR	Les Républicains	Opposition	Centre-right	PA1874	Le Fur, Marc	M	1956	
ParlaMint-FR-en_2021-07-08-E1008	ParlaMint-FR_2021-07-08-E1008.u445	Proceedings of the debates in plenary sitting of the Assemblée Nationale, sitting: 8, 08/07/2021	2021-07-08	Lower house	15e législature	Première session extraordinaire 2021 (CRSANR5L15S2021E1N008)	-	8. séance	-	COVID	English	Chairperson	MP	notMinister	LR	Les Républicains	Opposition	Centre-right	PA1874	Le Fur, Marc	M	1956	
ParlaMint-FR-en_2021-07-08-E1008	ParlaMint-FR_2021-07-08-E1008.u446	Proceedings of the debates in plenary sitting of the Assemblée Nationale, sitting: 8, 08/07/2021	2021-07-08	Lower house	15e législature	Première session extraordinaire 2021 (CRSANR5L15S2021E1N008)	-	8. séance	-	COVID	English	Regular	MP	notMinister	DEM	Mouvement Démocrate (MoDem) et Démocrates apparentés	-	Centre to centre-right	PA721924	de Vaucouleurs, Michèle	F	1964	
ParlaMint-FR-en_2021-07-08-E1008	ParlaMint-FR_2021-07-08-E1008.u447	Proceedings of the debates in plenary sitting of the Assemblée Nationale, sitting: 8, 08/07/2021	2021-07-08	Lower house	15e législature	Première session extraordinaire 2021 (CRSANR5L15S2021E1N008)	-	8. séance	-	COVID	English	Regular	MP	notMinister	LR	Les Républicains	Opposition	Centre-right	PA1874	Le Fur, Marc	M	1956	
ParlaMint-FR-en_2021-07-08-E1008	ParlaMint-FR_2021-07-08-E1008.u448	Proceedings of the debates in plenary sitting of the Assemblée Nationale, sitting: 8, 08/07/2021	2021-07-08	Lower house	15e législature	Première session extraordinaire 2021 (CRSANR5L15S2021E1N008)	-	8. séance	-	COVID	English	Regular	MP	notMinister	LAREM	La République en Marche	Coalition	Centre	PA722090	Pételle, Bénédicte	F	1971	
ParlaMint-FR-en_2021-07-08-E1008	ParlaMint-FR_2021-07-08-E1008.u449	Proceedings of the debates in plenary sitting of the Assemblée Nationale, sitting: 8, 08/07/2021	2021-07-08	Lower house	15e législature	Première session extraordinaire 2021 (CRSANR5L15S2021E1N008)	-	8. séance	-	COVID	English	Regular	MP	notMinister	LR	Les Républicains	Opposition	Centre-right	PA1874	Le Fur, Marc	M	1956	
ParlaMint-FR-en_2021-07-08-E1008	ParlaMint-FR_2021-07-08-E1008.u450	Proceedings of the debates in plenary sitting of the Assemblée Nationale, sitting: 8, 08/07/2021	2021-07-08	Lower house	15e législature	Première session extraordinaire 2021 (CRSANR5L15S2021E1N008)	-	8. séance	-	COVID	English	Regular	notMP	notMinister	-	-	-	-	PA722086	Taquet, Adrien	M	1977	
ParlaMint-FR-en_2021-07-08-E1008	ParlaMint-FR_2021-07-08-E1008.u451	Proceedings of the debates in plenary sitting of the Assemblée Nationale, sitting: 8, 08/07/2021	2021-07-08	Lower house	15e législature	Première session extraordinaire 2021 (CRSANR5L15S2021E1N008)	-	8. séance	-	COVID	English	Regular	MP	notMinister	LR	Les Républicains	Opposition	Centre-right	PA1874	Le Fur, Marc	M	1956	
ParlaMint-FR-en_2021-07-08-E1008	ParlaMint-FR_2021-07-08-E1008.u452	Proceedings of the debates in plenary sitting of the Assemblée Nationale, sitting: 8, 08/07/2021	2021-07-08	Lower house	15e législature	Première session extraordinaire 2021 (CRSANR5L15S2021E1N008)	-	8. séance	-	COVID	English	Regular	MP	notMinister	DEM	Mouvement Démocrate (MoDem) et Démocrates apparentés	-	Centre to centre-right	PA721924	de Vaucouleurs, Michèle	F	1964	
ParlaMint-FR-en_2021-07-08-E1008	ParlaMint-FR_2021-07-08-E1008.u453	Proceedings of the debates in plenary sitting of the Assemblée Nationale, sitting: 8, 08/07/2021	2021-07-08	Lower house	15e législature	Première session extraordinaire 2021 (CRSANR5L15S2021E1N008)	-	8. séance	-	COVID	English	Chairperson	MP	notMinister	LR	Les Républicains	Opposition	Centre-right	PA1874	Le Fur, Marc	M	1956	
ParlaMint-FR-en_2021-07-08-E1008	ParlaMint-FR_2021-07-08-E1008.u454	Proceedings of the debates in plenary sitting of the Assemblée Nationale, sitting: 8, 08/07/2021	2021-07-08	Lower house	15e législature	Première session extraordinaire 2021 (CRSANR5L15S2021E1N008)	-	8. séance	-	COVID	English	Regular	notMP	notMinister	-	-	-	-	PA720560	Goulet, Perrine	F	1978	
ParlaMint-FR-en_2021-07-08-E1008	ParlaMint-FR_2021-07-08-E1008.u455	Proceedings of the debates in plenary sitting of the Assemblée Nationale, sitting: 8, 08/07/2021	2021-07-08	Lower house	15e législature	Première session extraordinaire 2021 (CRSANR5L15S2021E1N008)	-	8. séance	-	COVID	English	Regular	MP	notMinister	DEM	Mouvement Démocrate (MoDem) et Démocrates apparentés	-	Centre to centre-right	PA721924	de Vaucouleurs, Michèle	F	1964	
ParlaMint-FR-en_2021-07-08-E1008	ParlaMint-FR_2021-07-08-E1008.u456	Proceedings of the debates in plenary sitting of the Assemblée Nationale, sitting: 8, 08/07/2021	2021-07-08	Lower house	15e législature	Première session extraordinaire 2021 (CRSANR5L15S2021E1N008)	-	8. séance	-	COVID	English	Regular	notMP	notMinister	LAREM	La République en Marche	Coalition	Centre	PA643175	Dupont, Stella	F	1973	
ParlaMint-FR-en_2021-07-08-E1008	ParlaMint-FR_2021-07-08-E1008.u457	Proceedings of the debates in plenary sitting of the Assemblée Nationale, sitting: 8, 08/07/2021	2021-07-08	Lower house	15e législature	Première session extraordinaire 2021 (CRSANR5L15S2021E1N008)	-	8. séance	-	COVID	English	Regular	MP	notMinister	LR	Les Républicains	Opposition	Centre-right	PA1874	Le Fur, Marc	M	1956	
ParlaMint-FR-en_2021-07-08-E1008	ParlaMint-FR_2021-07-08-E1008.u458	Proceedings of the debates in plenary sitting of the Assemblée Nationale, sitting: 8, 08/07/2021	2021-07-08	Lower house	15e législature	Première session extraordinaire 2021 (CRSANR5L15S2021E1N008)	-	8. séance	-	COVID	English	Regular	MP	notMinister	LAREM	La République en Marche	Coalition	Centre	PA722090	Pételle, Bénédicte	F	1971	
ParlaMint-FR-en_2021-07-08-E1008	ParlaMint-FR_2021-07-08-E1008.u459	Proceedings of the debates in plenary sitting of the Assemblée Nationale, sitting: 8, 08/07/2021	2021-07-08	Lower house	15e législature	Première session extraordinaire 2021 (CRSANR5L15S2021E1N008)	-	8. séance	-	COVID	English	Regular	MP	notMinister	LR	Les Républicains	Opposition	Centre-right	PA1874	Le Fur, Marc	M	1956	
ParlaMint-FR-en_2021-07-08-E1008	ParlaMint-FR_2021-07-08-E1008.u460	Proceedings of the debates in plenary sitting of the Assemblée Nationale, sitting: 8, 08/07/2021	2021-07-08	Lower house	15e législature	Première session extraordinaire 2021 (CRSANR5L15S2021E1N008)	-	8. séance	-	COVID	English	Regular	notMP	notMinister	-	-	-	-	PA722086	Taquet, Adrien	M	1977	
ParlaMint-FR-en_2021-07-08-E1008	ParlaMint-FR_2021-07-08-E1008.u461	Proceedings of the debates in plenary sitting of the Assemblée Nationale, sitting: 8, 08/07/2021	2021-07-08	Lower house	15e législature	Première session extraordinaire 2021 (CRSANR5L15S2021E1N008)	-	8. séance	-	COVID	English	Regular	MP	notMinister	LR	Les Républicains	Opposition	Centre-right	PA721286	Ramadier, Alain	M	1958	
ParlaMint-FR-en_2021-07-08-E1008	ParlaMint-FR_2021-07-08-E1008.u462	Proceedings of the debates in plenary sitting of the Assemblée Nationale, sitting: 8, 08/07/2021	2021-07-08	Lower house	15e législature	Première session extraordinaire 2021 (CRSANR5L15S2021E1N008)	-	8. séance	-	COVID	English	Regular	notMP	notMinister	-	-	-	-	PA722086	Taquet, Adrien	M	1977	
ParlaMint-FR-en_2021-07-08-E1008	ParlaMint-FR_2021-07-08-E1008.u463	Proceedings of the debates in plenary sitting of the Assemblée Nationale, sitting: 8, 08/07/2021	2021-07-08	Lower house	15e législature	Première session extraordinaire 2021 (CRSANR5L15S2021E1N008)	-	8. séance	-	COVID	English	Regular	MP	notMinister	LR	Les Républicains	Opposition	Centre-right	PA1874	Le Fur, Marc	M	1956	
ParlaMint-FR-en_2021-07-08-E1008	ParlaMint-FR_2021-07-08-E1008.u464	Proceedings of the debates in plenary sitting of the Assemblée Nationale, sitting: 8, 08/07/2021	2021-07-08	Lower house	15e législature	Première session extraordinaire 2021 (CRSANR5L15S2021E1N008)	-	8. séance	-	COVID	English	Regular	notMP	notMinister	LAREM	La République en Marche	Coalition	Centre	PA643175	Dupont, Stella	F	1973	
ParlaMint-FR-en_2021-07-08-E1008	ParlaMint-FR_2021-07-08-E1008.u465	Proceedings of the debates in plenary sitting of the Assemblée Nationale, sitting: 8, 08/07/2021	2021-07-08	Lower house	15e législature	Première session extraordinaire 2021 (CRSANR5L15S2021E1N008)	-	8. séance	-	COVID	English	Regular	MP	notMinister	LR	Les Républicains	Opposition	Centre-right	PA1874	Le Fur, Marc	M	1956	
ParlaMint-FR-en_2021-07-08-E1008	ParlaMint-FR_2021-07-08-E1008.u466	Proceedings of the debates in plenary sitting of the Assemblée Nationale, sitting: 8, 08/07/2021	2021-07-08	Lower house	15e législature	Première session extraordinaire 2021 (CRSANR5L15S2021E1N008)	-	8. séance	-	COVID	English	Regular	notMP	notMinister	-	-	-	-	PA720560	Goulet, Perrine	F	1978	
ParlaMint-FR-en_2021-07-08-E1008	ParlaMint-FR_2021-07-08-E1008.u467	Proceedings of the debates in plenary sitting of the Assemblée Nationale, sitting: 8, 08/07/2021	2021-07-08	Lower house	15e législature	Première session extraordinaire 2021 (CRSANR5L15S2021E1N008)	-	8. séance	-	COVID	English	Regular	MP	notMinister	LR	Les Républicains	Opposition	Centre-right	PA1874	Le Fur, Marc	M	1956	
ParlaMint-FR-en_2021-07-08-E1008	ParlaMint-FR_2021-07-08-E1008.u468	Proceedings of the debates in plenary sitting of the Assemblée Nationale, sitting: 8, 08/07/2021	2021-07-08	Lower house	15e législature	Première session extraordinaire 2021 (CRSANR5L15S2021E1N008)	-	8. séance	-	COVID	English	Regular	notMP	notMinister	GDR	Gauche démocrate et républicaine	Opposition	Left	PA721896	Faucillon, Elsa	F	1981	
ParlaMint-FR-en_2021-07-08-E1008	ParlaMint-FR_2021-07-08-E1008.u469	Proceedings of the debates in plenary sitting of the Assemblée Nationale, sitting: 8, 08/07/2021	2021-07-08	Lower house	15e législature	Première session extraordinaire 2021 (CRSANR5L15S2021E1N008)	-	8. séance	-	COVID	English	Regular	MP	notMinister	LR	Les Républicains	Opposition	Centre-right	PA1874	Le Fur, Marc	M	1956	
ParlaMint-FR-en_2021-07-08-E1008	ParlaMint-FR_2021-07-08-E1008.u470	Proceedings of the debates in plenary sitting of the Assemblée Nationale, sitting: 8, 08/07/2021	2021-07-08	Lower house	15e législature	Première session extraordinaire 2021 (CRSANR5L15S2021E1N008)	-	8. séance	-	COVID	English	Regular	notMP	notMinister	-	-	-	-	PA722086	Taquet, Adrien	M	1977	
ParlaMint-FR-en_2021-07-08-E1008	ParlaMint-FR_2021-07-08-E1008.u471	Proceedings of the debates in plenary sitting of the Assemblée Nationale, sitting: 8, 08/07/2021	2021-07-08	Lower house	15e législature	Première session extraordinaire 2021 (CRSANR5L15S2021E1N008)	-	8. séance	-	COVID	English	Chairperson	MP	notMinister	LR	Les Républicains	Opposition	Centre-right	PA1874	Le Fur, Marc	M	1956	
ParlaMint-FR-en_2021-07-08-E1008	ParlaMint-FR_2021-07-08-E1008.u472	Proceedings of the debates in plenary sitting of the Assemblée Nationale, sitting: 8, 08/07/2021	2021-07-08	Lower house	15e législature	Première session extraordinaire 2021 (CRSANR5L15S2021E1N008)	-	8. séance	-	COVID	English	Regular	MP	notMinister	LAREM	La République en Marche	Coalition	Centre	PA718944	Racon-Bouzon, Cathy	F	1976	
ParlaMint-FR-en_2021-07-08-E1008	ParlaMint-FR_2021-07-08-E1008.u473	Proceedings of the debates in plenary sitting of the Assemblée Nationale, sitting: 8, 08/07/2021	2021-07-08	Lower house	15e législature	Première session extraordinaire 2021 (CRSANR5L15S2021E1N008)	-	8. séance	-	COVID	English	Regular	MP	notMinister	LR	Les Républicains	Opposition	Centre-right	PA1874	Le Fur, Marc	M	1956	
ParlaMint-FR-en_2021-07-08-E1008	ParlaMint-FR_2021-07-08-E1008.u474	Proceedings of the debates in plenary sitting of the Assemblée Nationale, sitting: 8, 08/07/2021	2021-07-08	Lower house	15e législature	Première session extraordinaire 2021 (CRSANR5L15S2021E1N008)	-	8. séance	-	COVID	English	Regular	MP	notMinister	LAREM	La République en Marche	Coalition	Centre	PA722090	Pételle, Bénédicte	F	1971	
ParlaMint-FR-en_2021-07-08-E1008	ParlaMint-FR_2021-07-08-E1008.u475	Proceedings of the debates in plenary sitting of the Assemblée Nationale, sitting: 8, 08/07/2021	2021-07-08	Lower house	15e législature	Première session extraordinaire 2021 (CRSANR5L15S2021E1N008)	-	8. séance	-	COVID	English	Chairperson	MP	notMinister	LR	Les Républicains	Opposition	Centre-right	PA1874	Le Fur, Marc	M	1956	
ParlaMint-FR-en_2021-07-08-E1008	ParlaMint-FR_2021-07-08-E1008.u476	Proceedings of the debates in plenary sitting of the Assemblée Nationale, sitting: 8, 08/07/2021	2021-07-08	Lower house	15e législature	Première session extraordinaire 2021 (CRSANR5L15S2021E1N008)	-	8. séance	-	COVID	English	Regular	MP	notMinister	LAREM	La République en Marche	Coalition	Centre	PA718944	Racon-Bouzon, Cathy	F	1976	
ParlaMint-FR-en_2021-07-08-E1008	ParlaMint-FR_2021-07-08-E1008.u477	Proceedings of the debates in plenary sitting of the Assemblée Nationale, sitting: 8, 08/07/2021	2021-07-08	Lower house	15e législature	Première session extraordinaire 2021 (CRSANR5L15S2021E1N008)	-	8. séance	-	COVID	English	Regular	MP	notMinister	LR	Les Républicains	Opposition	Centre-right	PA1874	Le Fur, Marc	M	1956	
ParlaMint-FR-en_2021-07-08-E1008	ParlaMint-FR_2021-07-08-E1008.u478	Proceedings of the debates in plenary sitting of the Assemblée Nationale, sitting: 8, 08/07/2021	2021-07-08	Lower house	15e législature	Première session extraordinaire 2021 (CRSANR5L15S2021E1N008)	-	8. séance	-	COVID	English	Regular	MP	notMinister	LAREM	La République en Marche	Coalition	Centre	PA722090	Pételle, Bénédicte	F	1971	
ParlaMint-FR-en_2021-07-08-E1008	ParlaMint-FR_2021-07-08-E1008.u479	Proceedings of the debates in plenary sitting of the Assemblée Nationale, sitting: 8, 08/07/2021	2021-07-08	Lower house	15e législature	Première session extraordinaire 2021 (CRSANR5L15S2021E1N008)	-	8. séance	-	COVID	English	Chairperson	MP	notMinister	LR	Les Républicains	Opposition	Centre-right	PA1874	Le Fur, Marc	M	1956	
ParlaMint-FR-en_2021-07-08-E1008	ParlaMint-FR_2021-07-08-E1008.u480	Proceedings of the debates in plenary sitting of the Assemblée Nationale, sitting: 8, 08/07/2021	2021-07-08	Lower house	15e législature	Première session extraordinaire 2021 (CRSANR5L15S2021E1N008)	-	8. séance	-	COVID	English	Regular	MP	notMinister	LAREM	La République en Marche	Coalition	Centre	PA718944	Racon-Bouzon, Cathy	F	1976	
ParlaMint-FR-en_2021-07-08-E1008	ParlaMint-FR_2021-07-08-E1008.u481	Proceedings of the debates in plenary sitting of the Assemblée Nationale, sitting: 8, 08/07/2021	2021-07-08	Lower house	15e législature	Première session extraordinaire 2021 (CRSANR5L15S2021E1N008)	-	8. séance	-	COVID	English	Regular	MP	notMinister	LR	Les Républicains	Opposition	Centre-right	PA1874	Le Fur, Marc	M	1956	
ParlaMint-FR-en_2021-07-08-E1008	ParlaMint-FR_2021-07-08-E1008.u482	Proceedings of the debates in plenary sitting of the Assemblée Nationale, sitting: 8, 08/07/2021	2021-07-08	Lower house	15e législature	Première session extraordinaire 2021 (CRSANR5L15S2021E1N008)	-	8. séance	-	COVID	English	Regular	MP	notMinister	LAREM	La République en Marche	Coalition	Centre	PA722090	Pételle, Bénédicte	F	1971	
ParlaMint-FR-en_2021-07-08-E1008	ParlaMint-FR_2021-07-08-E1008.u483	Proceedings of the debates in plenary sitting of the Assemblée Nationale, sitting: 8, 08/07/2021	2021-07-08	Lower house	15e législature	Première session extraordinaire 2021 (CRSANR5L15S2021E1N008)	-	8. séance	-	COVID	English	Chairperson	MP	notMinister	LR	Les Républicains	Opposition	Centre-right	PA1874	Le Fur, Marc	M	1956	
ParlaMint-FR-en_2021-07-08-E1008	ParlaMint-FR_2021-07-08-E1008.u484	Proceedings of the debates in plenary sitting of the Assemblée Nationale, sitting: 8, 08/07/2021	2021-07-08	Lower house	15e législature	Première session extraordinaire 2021 (CRSANR5L15S2021E1N008)	-	8. séance	-	COVID	English	Regular	MP	notMinister	LAREM	La République en Marche	Coalition	Centre	PA722090	Pételle, Bénédicte	F	1971	
ParlaMint-FR-en_2021-07-08-E1008	ParlaMint-FR_2021-07-08-E1008.u485	Proceedings of the debates in plenary sitting of the Assemblée Nationale, sitting: 8, 08/07/2021	2021-07-08	Lower house	15e législature	Première session extraordinaire 2021 (CRSANR5L15S2021E1N008)	-	8. séance	-	COVID	English	Chairperson	MP	notMinister	LR	Les Républicains	Opposition	Centre-right	PA1874	Le Fur, Marc	M	1956	
ParlaMint-FR-en_2021-07-08-E1008	ParlaMint-FR_2021-07-08-E1008.u486	Proceedings of the debates in plenary sitting of the Assemblée Nationale, sitting: 8, 08/07/2021	2021-07-08	Lower house	15e législature	Première session extraordinaire 2021 (CRSANR5L15S2021E1N008)	-	8. séance	-	COVID	English	Regular	MP	notMinister	LAREM	La République en Marche	Coalition	Centre	PA718944	Racon-Bouzon, Cathy	F	1976	
ParlaMint-FR-en_2021-07-08-E1008	ParlaMint-FR_2021-07-08-E1008.u487	Proceedings of the debates in plenary sitting of the Assemblée Nationale, sitting: 8, 08/07/2021	2021-07-08	Lower house	15e législature	Première session extraordinaire 2021 (CRSANR5L15S2021E1N008)	-	8. séance	-	COVID	English	Regular	MP	notMinister	LR	Les Républicains	Opposition	Centre-right	PA1874	Le Fur, Marc	M	1956	
ParlaMint-FR-en_2021-07-08-E1008	ParlaMint-FR_2021-07-08-E1008.u488	Proceedings of the debates in plenary sitting of the Assemblée Nationale, sitting: 8, 08/07/2021	2021-07-08	Lower house	15e législature	Première session extraordinaire 2021 (CRSANR5L15S2021E1N008)	-	8. séance	-	COVID	English	Regular	MP	notMinister	LAREM	La République en Marche	Coalition	Centre	PA722090	Pételle, Bénédicte	F	1971	
ParlaMint-FR-en_2021-07-08-E1008	ParlaMint-FR_2021-07-08-E1008.u489	Proceedings of the debates in plenary sitting of the Assemblée Nationale, sitting: 8, 08/07/2021	2021-07-08	Lower house	15e législature	Première session extraordinaire 2021 (CRSANR5L15S2021E1N008)	-	8. séance	-	COVID	English	Regular	MP	notMinister	LR	Les Républicains	Opposition	Centre-right	PA1874	Le Fur, Marc	M	1956	
ParlaMint-FR-en_2021-07-08-E1008	ParlaMint-FR_2021-07-08-E1008.u490	Proceedings of the debates in plenary sitting of the Assemblée Nationale, sitting: 8, 08/07/2021	2021-07-08	Lower house	15e législature	Première session extraordinaire 2021 (CRSANR5L15S2021E1N008)	-	8. séance	-	COVID	English	Regular	notMP	notMinister	-	-	-	-	PA722086	Taquet, Adrien	M	1977	
ParlaMint-FR-en_2021-07-08-E1008	ParlaMint-FR_2021-07-08-E1008.u491	Proceedings of the debates in plenary sitting of the Assemblée Nationale, sitting: 8, 08/07/2021	2021-07-08	Lower house	15e législature	Première session extraordinaire 2021 (CRSANR5L15S2021E1N008)	-	8. séance	-	COVID	English	Chairperson	MP	notMinister	LR	Les Républicains	Opposition	Centre-right	PA1874	Le Fur, Marc	M	1956	
ParlaMint-FR-en_2021-07-08-E1008	ParlaMint-FR_2021-07-08-E1008.u492	Proceedings of the debates in plenary sitting of the Assemblée Nationale, sitting: 8, 08/07/2021	2021-07-08	Lower house	15e législature	Première session extraordinaire 2021 (CRSANR5L15S2021E1N008)	-	8. séance	-	COVID	English	Chairperson	MP	notMinister	LR	Les Républicains	Opposition	Centre-right	PA1874	Le Fur, Marc	M	1956	
ParlaMint-FR-en_2021-07-08-E1008	ParlaMint-FR_2021-07-08-E1008.u493	Proceedings of the debates in plenary sitting of the Assemblée Nationale, sitting: 8, 08/07/2021	2021-07-08	Lower house	15e législature	Première session extraordinaire 2021 (CRSANR5L15S2021E1N008)	-	8. séance	-	COVID	English	Chairperson	MP	notMinister	LR	Les Républicains	Opposition	Centre-right	PA1874	Le Fur, Marc	M	1956	
ParlaMint-FR-en_2021-07-08-E1008	ParlaMint-FR_2021-07-08-E1008.u494	Proceedings of the debates in plenary sitting of the Assemblée Nationale, sitting: 8, 08/07/2021	2021-07-08	Lower house	15e législature	Première session extraordinaire 2021 (CRSANR5L15S2021E1N008)	-	8. séance	-	COVID	English	Chairperson	MP	notMinister	LR	Les Républicains	Opposition	Centre-right	PA1874	Le Fur, Marc	M	1956	
ParlaMint-FR-en_2021-07-08-E1008	ParlaMint-FR_2021-07-08-E1008.u495	Proceedings of the debates in plenary sitting of the Assemblée Nationale, sitting: 8, 08/07/2021	2021-07-08	Lower house	15e législature	Première session extraordinaire 2021 (CRSANR5L15S2021E1N008)	-	8. séance	-	COVID	English	Regular	notMP	notMinister	GDR	Gauche démocrate et républicaine	Opposition	Left	PA721896	Faucillon, Elsa	F	1981	
ParlaMint-FR-en_2021-07-08-E1008	ParlaMint-FR_2021-07-08-E1008.u496	Proceedings of the debates in plenary sitting of the Assemblée Nationale, sitting: 8, 08/07/2021	2021-07-08	Lower house	15e législature	Première session extraordinaire 2021 (CRSANR5L15S2021E1N008)	-	8. séance	-	COVID	English	Regular	MP	notMinister	LR	Les Républicains	Opposition	Centre-right	PA1874	Le Fur, Marc	M	1956	
ParlaMint-FR-en_2021-07-08-E1008	ParlaMint-FR_2021-07-08-E1008.u497	Proceedings of the debates in plenary sitting of the Assemblée Nationale, sitting: 8, 08/07/2021	2021-07-08	Lower house	15e législature	Première session extraordinaire 2021 (CRSANR5L15S2021E1N008)	-	8. séance	-	COVID	English	Regular	MP	notMinister	LAREM	La République en Marche	Coalition	Centre	PA722090	Pételle, Bénédicte	F	1971	
ParlaMint-FR-en_2021-07-08-E1008	ParlaMint-FR_2021-07-08-E1008.u498	Proceedings of the debates in plenary sitting of the Assemblée Nationale, sitting: 8, 08/07/2021	2021-07-08	Lower house	15e législature	Première session extraordinaire 2021 (CRSANR5L15S2021E1N008)	-	8. séance	-	COVID	English	Regular	notMP	notMinister	GDR	Gauche démocrate et républicaine	Opposition	Left	PA721896	Faucillon, Elsa	F	1981	
ParlaMint-FR-en_2021-07-08-E1008	ParlaMint-FR_2021-07-08-E1008.u499	Proceedings of the debates in plenary sitting of the Assemblée Nationale, sitting: 8, 08/07/2021	2021-07-08	Lower house	15e législature	Première session extraordinaire 2021 (CRSANR5L15S2021E1N008)	-	8. séance	-	COVID	English	Regular	MP	notMinister	LR	Les Républicains	Opposition	Centre-right	PA1874	Le Fur, Marc	M	1956	
ParlaMint-FR-en_2021-07-08-E1008	ParlaMint-FR_2021-07-08-E1008.u500	Proceedings of the debates in plenary sitting of the Assemblée Nationale, sitting: 8, 08/07/2021	2021-07-08	Lower house	15e législature	Première session extraordinaire 2021 (CRSANR5L15S2021E1N008)	-	8. séance	-	COVID	English	Regular	notMP	notMinister	-	-	-	-	PA722086	Taquet, Adrien	M	1977	
ParlaMint-FR-en_2021-07-08-E1008	ParlaMint-FR_2021-07-08-E1008.u501	Proceedings of the debates in plenary sitting of the Assemblée Nationale, sitting: 8, 08/07/2021	2021-07-08	Lower house	15e législature	Première session extraordinaire 2021 (CRSANR5L15S2021E1N008)	-	8. séance	-	COVID	English	Regular	notMP	notMinister	GDR	Gauche démocrate et républicaine	Opposition	Left	PA721896	Faucillon, Elsa	F	1981	
ParlaMint-FR-en_2021-07-08-E1008	ParlaMint-FR_2021-07-08-E1008.u502	Proceedings of the debates in plenary sitting of the Assemblée Nationale, sitting: 8, 08/07/2021	2021-07-08	Lower house	15e législature	Première session extraordinaire 2021 (CRSANR5L15S2021E1N008)	-	8. séance	-	COVID	English	Regular	notMP	notMinister	-	-	-	-	PA722086	Taquet, Adrien	M	1977	
ParlaMint-FR-en_2021-07-08-E1008	ParlaMint-FR_2021-07-08-E1008.u503	Proceedings of the debates in plenary sitting of the Assemblée Nationale, sitting: 8, 08/07/2021	2021-07-08	Lower house	15e législature	Première session extraordinaire 2021 (CRSANR5L15S2021E1N008)	-	8. séance	-	COVID	English	Regular	notMP	notMinister	GDR	Gauche démocrate et républicaine	Opposition	Left	PA721896	Faucillon, Elsa	F	1981	
ParlaMint-FR-en_2021-07-08-E1008	ParlaMint-FR_2021-07-08-E1008.u504	Proceedings of the debates in plenary sitting of the Assemblée Nationale, sitting: 8, 08/07/2021	2021-07-08	Lower house	15e législature	Première session extraordinaire 2021 (CRSANR5L15S2021E1N008)	-	8. séance	-	COVID	English	Chairperson	MP	notMinister	LR	Les Républicains	Opposition	Centre-right	PA1874	Le Fur, Marc	M	1956	
ParlaMint-FR-en_2021-07-08-E1008	ParlaMint-FR_2021-07-08-E1008.u505	Proceedings of the debates in plenary sitting of the Assemblée Nationale, sitting: 8, 08/07/2021	2021-07-08	Lower house	15e législature	Première session extraordinaire 2021 (CRSANR5L15S2021E1N008)	-	8. séance	-	COVID	English	Regular	notMP	notMinister	FI	La France insoumise	Opposition	Left to far-left	PA722142	Ruffin, François	M	1975	
ParlaMint-FR-en_2021-07-08-E1008	ParlaMint-FR_2021-07-08-E1008.u506	Proceedings of the debates in plenary sitting of the Assemblée Nationale, sitting: 8, 08/07/2021	2021-07-08	Lower house	15e législature	Première session extraordinaire 2021 (CRSANR5L15S2021E1N008)	-	8. séance	-	COVID	English	Regular	notMP	notMinister	-	-	-	-	PA722086	Taquet, Adrien	M	1977	
ParlaMint-FR-en_2021-07-08-E1008	ParlaMint-FR_2021-07-08-E1008.u507	Proceedings of the debates in plenary sitting of the Assemblée Nationale, sitting: 8, 08/07/2021	2021-07-08	Lower house	15e législature	Première session extraordinaire 2021 (CRSANR5L15S2021E1N008)	-	8. séance	-	COVID	English	Regular	notMP	notMinister	FI	La France insoumise	Opposition	Left to far-left	PA722142	Ruffin, François	M	1975	
ParlaMint-FR-en_2021-07-08-E1008	ParlaMint-FR_2021-07-08-E1008.u508	Proceedings of the debates in plenary sitting of the Assemblée Nationale, sitting: 8, 08/07/2021	2021-07-08	Lower house	15e législature	Première session extraordinaire 2021 (CRSANR5L15S2021E1N008)	-	8. séance	-	COVID	English	Chairperson	MP	notMinister	LR	Les Républicains	Opposition	Centre-right	PA1874	Le Fur, Marc	M	1956	
ParlaMint-FR-en_2021-07-08-E1008	ParlaMint-FR_2021-07-08-E1008.u509	Proceedings of the debates in plenary sitting of the Assemblée Nationale, sitting: 8, 08/07/2021	2021-07-08	Lower house	15e législature	Première session extraordinaire 2021 (CRSANR5L15S2021E1N008)	-	8. séance	-	COVID	English	Regular	MP	notMinister	LAREM	La République en Marche	Coalition	Centre	PA719456	Mörch, Sandrine	F	1961	
ParlaMint-FR-en_2021-07-08-E1008	ParlaMint-FR_2021-07-08-E1008.u510	Proceedings of the debates in plenary sitting of the Assemblée Nationale, sitting: 8, 08/07/2021	2021-07-08	Lower house	15e législature	Première session extraordinaire 2021 (CRSANR5L15S2021E1N008)	-	8. séance	-	COVID	English	Chairperson	MP	notMinister	LR	Les Républicains	Opposition	Centre-right	PA1874	Le Fur, Marc	M	1956	
ParlaMint-FR-en_2021-07-08-E1008	ParlaMint-FR_2021-07-08-E1008.u511	Proceedings of the debates in plenary sitting of the Assemblée Nationale, sitting: 8, 08/07/2021	2021-07-08	Lower house	15e législature	Première session extraordinaire 2021 (CRSANR5L15S2021E1N008)	-	8. séance	-	COVID	English	Regular	MP	notMinister	-	-	-	-	PA720298	Cariou, Émilie	F	1971	
ParlaMint-FR-en_2021-07-08-E1008	ParlaMint-FR_2021-07-08-E1008.u512	Proceedings of the debates in plenary sitting of the Assemblée Nationale, sitting: 8, 08/07/2021	2021-07-08	Lower house	15e législature	Première session extraordinaire 2021 (CRSANR5L15S2021E1N008)	-	8. séance	-	COVID	English	Regular	MP	notMinister	LAREM	La République en Marche	Coalition	Centre	PA721616	Rupin, Pacôme	M	1985	
ParlaMint-FR-en_2021-07-08-E1008	ParlaMint-FR_2021-07-08-E1008.u513	Proceedings of the debates in plenary sitting of the Assemblée Nationale, sitting: 8, 08/07/2021	2021-07-08	Lower house	15e législature	Première session extraordinaire 2021 (CRSANR5L15S2021E1N008)	-	8. séance	-	COVID	English	Regular	MP	notMinister	-	-	-	-	PA720298	Cariou, Émilie	F	1971	
ParlaMint-FR-en_2021-07-08-E1008	ParlaMint-FR_2021-07-08-E1008.u514	Proceedings of the debates in plenary sitting of the Assemblée Nationale, sitting: 8, 08/07/2021	2021-07-08	Lower house	15e législature	Première session extraordinaire 2021 (CRSANR5L15S2021E1N008)	-	8. séance	-	COVID	English	Chairperson	MP	notMinister	LR	Les Républicains	Opposition	Centre-right	PA1874	Le Fur, Marc	M	1956	
ParlaMint-FR-en_2021-07-08-E1008	ParlaMint-FR_2021-07-08-E1008.u515	Proceedings of the debates in plenary sitting of the Assemblée Nationale, sitting: 8, 08/07/2021	2021-07-08	Lower house	15e législature	Première session extraordinaire 2021 (CRSANR5L15S2021E1N008)	-	8. séance	-	COVID	English	Regular	notMP	notMinister	SOC	Socialistes et apparentés	-	Centre-left to left	PA774960	Santiago, Isabelle	F	1965	
ParlaMint-FR-en_2021-07-08-E1008	ParlaMint-FR_2021-07-08-E1008.u516	Proceedings of the debates in plenary sitting of the Assemblée Nationale, sitting: 8, 08/07/2021	2021-07-08	Lower house	15e législature	Première session extraordinaire 2021 (CRSANR5L15S2021E1N008)	-	8. séance	-	COVID	English	Regular	MP	notMinister	LR	Les Républicains	Opposition	Centre-right	PA1874	Le Fur, Marc	M	1956	
ParlaMint-FR-en_2021-07-08-E1008	ParlaMint-FR_2021-07-08-E1008.u517	Proceedings of the debates in plenary sitting of the Assemblée Nationale, sitting: 8, 08/07/2021	2021-07-08	Lower house	15e législature	Première session extraordinaire 2021 (CRSANR5L15S2021E1N008)	-	8. séance	-	COVID	English	Regular	MP	notMinister	LAREM	La République en Marche	Coalition	Centre	PA722090	Pételle, Bénédicte	F	1971	
ParlaMint-FR-en_2021-07-08-E1008	ParlaMint-FR_2021-07-08-E1008.u518	Proceedings of the debates in plenary sitting of the Assemblée Nationale, sitting: 8, 08/07/2021	2021-07-08	Lower house	15e législature	Première session extraordinaire 2021 (CRSANR5L15S2021E1N008)	-	8. séance	-	COVID	English	Regular	MP	notMinister	LR	Les Républicains	Opposition	Centre-right	PA1874	Le Fur, Marc	M	1956	
ParlaMint-FR-en_2021-07-08-E1008	ParlaMint-FR_2021-07-08-E1008.u519	Proceedings of the debates in plenary sitting of the Assemblée Nationale, sitting: 8, 08/07/2021	2021-07-08	Lower house	15e législature	Première session extraordinaire 2021 (CRSANR5L15S2021E1N008)	-	8. séance	-	COVID	English	Regular	notMP	notMinister	-	-	-	-	PA722086	Taquet, Adrien	M	1977	
ParlaMint-FR-en_2021-07-08-E1008	ParlaMint-FR_2021-07-08-E1008.u520	Proceedings of the debates in plenary sitting of the Assemblée Nationale, sitting: 8, 08/07/2021	2021-07-08	Lower house	15e législature	Première session extraordinaire 2021 (CRSANR5L15S2021E1N008)	-	8. séance	-	COVID	English	Regular	notMP	notMinister	FI	La France insoumise	Opposition	Left to far-left	PA722142	Ruffin, François	M	1975	
ParlaMint-FR-en_2021-07-08-E1008	ParlaMint-FR_2021-07-08-E1008.u521	Proceedings of the debates in plenary sitting of the Assemblée Nationale, sitting: 8, 08/07/2021	2021-07-08	Lower house	15e législature	Première session extraordinaire 2021 (CRSANR5L15S2021E1N008)	-	8. séance	-	COVID	English	Regular	MP	notMinister	LR	Les Républicains	Opposition	Centre-right	PA1874	Le Fur, Marc	M	1956	
ParlaMint-FR-en_2021-07-08-E1008	ParlaMint-FR_2021-07-08-E1008.u522	Proceedings of the debates in plenary sitting of the Assemblée Nationale, sitting: 8, 08/07/2021	2021-07-08	Lower house	15e législature	Première session extraordinaire 2021 (CRSANR5L15S2021E1N008)	-	8. séance	-	COVID	English	Regular	notMP	notMinister	FI	La France insoumise	Opposition	Left to far-left	PA722142	Ruffin, François	M	1975	
ParlaMint-FR-en_2021-07-08-E1008	ParlaMint-FR_2021-07-08-E1008.u523	Proceedings of the debates in plenary sitting of the Assemblée Nationale, sitting: 8, 08/07/2021	2021-07-08	Lower house	15e législature	Première session extraordinaire 2021 (CRSANR5L15S2021E1N008)	-	8. séance	-	COVID	English	Chairperson	MP	notMinister	LR	Les Républicains	Opposition	Centre-right	PA1874	Le Fur, Marc	M	1956	
ParlaMint-FR-en_2021-07-08-E1008	ParlaMint-FR_2021-07-08-E1008.u524	Proceedings of the debates in plenary sitting of the Assemblée Nationale, sitting: 8, 08/07/2021	2021-07-08	Lower house	15e législature	Première session extraordinaire 2021 (CRSANR5L15S2021E1N008)	-	8. séance	-	COVID	English	Regular	MP	notMinister	LR	Les Républicains	Opposition	Centre-right	PA722280	Meyer, Philippe	M	1969	
ParlaMint-FR-en_2021-07-08-E1008	ParlaMint-FR_2021-07-08-E1008.u525	Proceedings of the debates in plenary sitting of the Assemblée Nationale, sitting: 8, 08/07/2021	2021-07-08	Lower house	15e législature	Première session extraordinaire 2021 (CRSANR5L15S2021E1N008)	-	8. séance	-	COVID	English	Regular	MP	notMinister	LR	Les Républicains	Opposition	Centre-right	PA1874	Le Fur, Marc	M	1956	
ParlaMint-FR-en_2021-07-08-E1008	ParlaMint-FR_2021-07-08-E1008.u526	Proceedings of the debates in plenary sitting of the Assemblée Nationale, sitting: 8, 08/07/2021	2021-07-08	Lower house	15e législature	Première session extraordinaire 2021 (CRSANR5L15S2021E1N008)	-	8. séance	-	COVID	English	Regular	notMP	notMinister	GDR	Gauche démocrate et républicaine	Opposition	Left	PA774962	Lebon, Karine	F	1985	
ParlaMint-FR-en_2021-07-08-E1008	ParlaMint-FR_2021-07-08-E1008.u527	Proceedings of the debates in plenary sitting of the Assemblée Nationale, sitting: 8, 08/07/2021	2021-07-08	Lower house	15e législature	Première session extraordinaire 2021 (CRSANR5L15S2021E1N008)	-	8. séance	-	COVID	English	Regular	MP	notMinister	LR	Les Républicains	Opposition	Centre-right	PA1874	Le Fur, Marc	M	1956	
ParlaMint-FR-en_2021-07-08-E1008	ParlaMint-FR_2021-07-08-E1008.u528	Proceedings of the debates in plenary sitting of the Assemblée Nationale, sitting: 8, 08/07/2021	2021-07-08	Lower house	15e législature	Première session extraordinaire 2021 (CRSANR5L15S2021E1N008)	-	8. séance	-	COVID	English	Regular	notMP	notMinister	-	-	-	-	PA722086	Taquet, Adrien	M	1977	
ParlaMint-FR-en_2021-07-08-E1008	ParlaMint-FR_2021-07-08-E1008.u529	Proceedings of the debates in plenary sitting of the Assemblée Nationale, sitting: 8, 08/07/2021	2021-07-08	Lower house	15e législature	Première session extraordinaire 2021 (CRSANR5L15S2021E1N008)	-	8. séance	-	COVID	English	Regular	MP	notMinister	DEM	Mouvement Démocrate (MoDem) et Démocrates apparentés	-	Centre to centre-right	PA721234	Petit, Maud	F	1971	
ParlaMint-FR-en_2021-07-08-E1008	ParlaMint-FR_2021-07-08-E1008.u530	Proceedings of the debates in plenary sitting of the Assemblée Nationale, sitting: 8, 08/07/2021	2021-07-08	Lower house	15e législature	Première session extraordinaire 2021 (CRSANR5L15S2021E1N008)	-	8. séance	-	COVID	English	Regular	notMP	notMinister	-	-	-	-	PA722086	Taquet, Adrien	M	1977	
ParlaMint-FR-en_2021-07-08-E1008	ParlaMint-FR_2021-07-08-E1008.u531	Proceedings of the debates in plenary sitting of the Assemblée Nationale, sitting: 8, 08/07/2021	2021-07-08	Lower house	15e législature	Première session extraordinaire 2021 (CRSANR5L15S2021E1N008)	-	8. séance	-	COVID	English	Guest	-	-	-	-	-	-	-	-	-	-
ParlaMint-FR-en_2021-07-08-E1008	ParlaMint-FR_2021-07-08-E1008.u532	Proceedings of the debates in plenary sitting of the Assemblée Nationale, sitting: 8, 08/07/2021	2021-07-08	Lower house	15e législature	Première session extraordinaire 2021 (CRSANR5L15S2021E1N008)	-	8. séance	-	COVID	English	Regular	notMP	notMinister	-	-	-	-	PA722086	Taquet, Adrien	M	1977	
ParlaMint-FR-en_2021-07-08-E1008	ParlaMint-FR_2021-07-08-E1008.u533	Proceedings of the debates in plenary sitting of the Assemblée Nationale, sitting: 8, 08/07/2021	2021-07-08	Lower house	15e législature	Première session extraordinaire 2021 (CRSANR5L15S2021E1N008)	-	8. séance	-	COVID	English	Regular	MP	notMinister	LR	Les Républicains	Opposition	Centre-right	PA1874	Le Fur, Marc	M	1956	
ParlaMint-FR-en_2021-07-08-E1008	ParlaMint-FR_2021-07-08-E1008.u534	Proceedings of the debates in plenary sitting of the Assemblée Nationale, sitting: 8, 08/07/2021	2021-07-08	Lower house	15e législature	Première session extraordinaire 2021 (CRSANR5L15S2021E1N008)	-	8. séance	-	COVID	English	Regular	MP	notMinister	-	-	-	-	PA721246	Gaillot, Albane	F	1971	
ParlaMint-FR-en_2021-07-08-E1008	ParlaMint-FR_2021-07-08-E1008.u535	Proceedings of the debates in plenary sitting of the Assemblée Nationale, sitting: 8, 08/07/2021	2021-07-08	Lower house	15e législature	Première session extraordinaire 2021 (CRSANR5L15S2021E1N008)	-	8. séance	-	COVID	English	Regular	MP	notMinister	LR	Les Républicains	Opposition	Centre-right	PA1874	Le Fur, Marc	M	1956	
ParlaMint-FR-en_2021-07-08-E1008	ParlaMint-FR_2021-07-08-E1008.u536	Proceedings of the debates in plenary sitting of the Assemblée Nationale, sitting: 8, 08/07/2021	2021-07-08	Lower house	15e législature	Première session extraordinaire 2021 (CRSANR5L15S2021E1N008)	-	8. séance	-	COVID	English	Regular	MP	notMinister	LAREM	La République en Marche	Coalition	Centre	PA722090	Pételle, Bénédicte	F	1971	
ParlaMint-FR-en_2021-07-08-E1008	ParlaMint-FR_2021-07-08-E1008.u537	Proceedings of the debates in plenary sitting of the Assemblée Nationale, sitting: 8, 08/07/2021	2021-07-08	Lower house	15e législature	Première session extraordinaire 2021 (CRSANR5L15S2021E1N008)	-	8. séance	-	COVID	English	Regular	MP	notMinister	LR	Les Républicains	Opposition	Centre-right	PA1874	Le Fur, Marc	M	1956	
ParlaMint-FR-en_2021-07-08-E1008	ParlaMint-FR_2021-07-08-E1008.u538	Proceedings of the debates in plenary sitting of the Assemblée Nationale, sitting: 8, 08/07/2021	2021-07-08	Lower house	15e législature	Première session extraordinaire 2021 (CRSANR5L15S2021E1N008)	-	8. séance	-	COVID	English	Regular	notMP	notMinister	-	-	-	-	PA722086	Taquet, Adrien	M	1977	
ParlaMint-FR-en_2021-07-08-E1008	ParlaMint-FR_2021-07-08-E1008.u539	Proceedings of the debates in plenary sitting of the Assemblée Nationale, sitting: 8, 08/07/2021	2021-07-08	Lower house	15e législature	Première session extraordinaire 2021 (CRSANR5L15S2021E1N008)	-	8. séance	-	COVID	English	Regular	MP	notMinister	LR	Les Républicains	Opposition	Centre-right	PA1874	Le Fur, Marc	M	1956	
ParlaMint-FR-en_2021-07-08-E1008	ParlaMint-FR_2021-07-08-E1008.u540	Proceedings of the debates in plenary sitting of the Assemblée Nationale, sitting: 8, 08/07/2021	2021-07-08	Lower house	15e législature	Première session extraordinaire 2021 (CRSANR5L15S2021E1N008)	-	8. séance	-	COVID	English	Regular	notMP	notMinister	FI	La France insoumise	Opposition	Left to far-left	PA722142	Ruffin, François	M	1975	
ParlaMint-FR-en_2021-07-08-E1008	ParlaMint-FR_2021-07-08-E1008.u541	Proceedings of the debates in plenary sitting of the Assemblée Nationale, sitting: 8, 08/07/2021	2021-07-08	Lower house	15e législature	Première session extraordinaire 2021 (CRSANR5L15S2021E1N008)	-	8. séance	-	COVID	English	Regular	MP	notMinister	LR	Les Républicains	Opposition	Centre-right	PA1874	Le Fur, Marc	M	1956	
ParlaMint-FR-en_2021-07-08-E1008	ParlaMint-FR_2021-07-08-E1008.u542	Proceedings of the debates in plenary sitting of the Assemblée Nationale, sitting: 8, 08/07/2021	2021-07-08	Lower house	15e législature	Première session extraordinaire 2021 (CRSANR5L15S2021E1N008)	-	8. séance	-	COVID	English	Chairperson	MP	notMinister	LR	Les Républicains	Opposition	Centre-right	PA1874	Le Fur, Marc	M	1956	
ParlaMint-FR-en_2021-07-08-E1008	ParlaMint-FR_2021-07-08-E1008.u543	Proceedings of the debates in plenary sitting of the Assemblée Nationale, sitting: 8, 08/07/2021	2021-07-08	Lower house	15e législature	Première session extraordinaire 2021 (CRSANR5L15S2021E1N008)	-	8. séance	-	COVID	English	Chairperson	MP	notMinister	LR	Les Républicains	Opposition	Centre-right	PA1874	Le Fur, Marc	M	1956	
ParlaMint-FR-en_2021-07-08-E1008	ParlaMint-FR_2021-07-08-E1008.u544	Proceedings of the debates in plenary sitting of the Assemblée Nationale, sitting: 8, 08/07/2021	2021-07-08	Lower house	15e législature	Première session extraordinaire 2021 (CRSANR5L15S2021E1N008)	-	8. séance	-	COVID	English	Regular	notMP	notMinister	FI	La France insoumise	Opposition	Left to far-left	PA722142	Ruffin, François	M	1975	
ParlaMint-FR-en_2021-07-08-E1008	ParlaMint-FR_2021-07-08-E1008.u545	Proceedings of the debates in plenary sitting of the Assemblée Nationale, sitting: 8, 08/07/2021	2021-07-08	Lower house	15e législature	Première session extraordinaire 2021 (CRSANR5L15S2021E1N008)	-	8. séance	-	COVID	English	Chairperson	MP	notMinister	LR	Les Républicains	Opposition	Centre-right	PA1874	Le Fur, Marc	M	1956	
ParlaMint-FR-en_2021-07-08-E1008	ParlaMint-FR_2021-07-08-E1008.u546	Proceedings of the debates in plenary sitting of the Assemblée Nationale, sitting: 8, 08/07/2021	2021-07-08	Lower house	15e législature	Première session extraordinaire 2021 (CRSANR5L15S2021E1N008)	-	8. séance	-	COVID	English	Regular	notMP	notMinister	FI	La France insoumise	Opposition	Left to far-left	PA722142	Ruffin, François	M	1975	
ParlaMint-FR-en_2021-07-08-E1008	ParlaMint-FR_2021-07-08-E1008.u547	Proceedings of the debates in plenary sitting of the Assemblée Nationale, sitting: 8, 08/07/2021	2021-07-08	Lower house	15e législature	Première session extraordinaire 2021 (CRSANR5L15S2021E1N008)	-	8. séance	-	COVID	English	Regular	MP	notMinister	LR	Les Républicains	Opposition	Centre-right	PA1874	Le Fur, Marc	M	1956	
ParlaMint-FR-en_2021-07-08-E1008	ParlaMint-FR_2021-07-08-E1008.u548	Proceedings of the debates in plenary sitting of the Assemblée Nationale, sitting: 8, 08/07/2021	2021-07-08	Lower house	15e législature	Première session extraordinaire 2021 (CRSANR5L15S2021E1N008)	-	8. séance	-	COVID	English	Regular	notMP	notMinister	FI	La France insoumise	Opposition	Left to far-left	PA722142	Ruffin, François	M	1975	
ParlaMint-FR-en_2021-07-08-E1008	ParlaMint-FR_2021-07-08-E1008.u549	Proceedings of the debates in plenary sitting of the Assemblée Nationale, sitting: 8, 08/07/2021	2021-07-08	Lower house	15e législature	Première session extraordinaire 2021 (CRSANR5L15S2021E1N008)	-	8. séance	-	COVID	English	Regular	MP	notMinister	LR	Les Républicains	Opposition	Centre-right	PA1874	Le Fur, Marc	M	1956	
ParlaMint-FR-en_2021-07-08-E1008	ParlaMint-FR_2021-07-08-E1008.u550	Proceedings of the debates in plenary sitting of the Assemblée Nationale, sitting: 8, 08/07/2021	2021-07-08	Lower house	15e législature	Première session extraordinaire 2021 (CRSANR5L15S2021E1N008)	-	8. séance	-	COVID	English	Regular	MP	notMinister	LAREM	La République en Marche	Coalition	Centre	PA722090	Pételle, Bénédicte	F	1971	
ParlaMint-FR-en_2021-07-08-E1008	ParlaMint-FR_2021-07-08-E1008.u551	Proceedings of the debates in plenary sitting of the Assemblée Nationale, sitting: 8, 08/07/2021	2021-07-08	Lower house	15e législature	Première session extraordinaire 2021 (CRSANR5L15S2021E1N008)	-	8. séance	-	COVID	English	Regular	MP	notMinister	LR	Les Républicains	Opposition	Centre-right	PA1874	Le Fur, Marc	M	1956	
ParlaMint-FR-en_2021-07-08-E1008	ParlaMint-FR_2021-07-08-E1008.u552	Proceedings of the debates in plenary sitting of the Assemblée Nationale, sitting: 8, 08/07/2021	2021-07-08	Lower house	15e législature	Première session extraordinaire 2021 (CRSANR5L15S2021E1N008)	-	8. séance	-	COVID	English	Regular	notMP	notMinister	-	-	-	-	PA722086	Taquet, Adrien	M	1977	
ParlaMint-FR-en_2021-07-08-E1008	ParlaMint-FR_2021-07-08-E1008.u553	Proceedings of the debates in plenary sitting of the Assemblée Nationale, sitting: 8, 08/07/2021	2021-07-08	Lower house	15e législature	Première session extraordinaire 2021 (CRSANR5L15S2021E1N008)	-	8. séance	-	COVID	English	Chairperson	MP	notMinister	LR	Les Républicains	Opposition	Centre-right	PA1874	Le Fur, Marc	M	1956	
ParlaMint-FR-en_2021-07-08-E1008	ParlaMint-FR_2021-07-08-E1008.u554	Proceedings of the debates in plenary sitting of the Assemblée Nationale, sitting: 8, 08/07/2021	2021-07-08	Lower house	15e législature	Première session extraordinaire 2021 (CRSANR5L15S2021E1N008)	-	8. séance	-	COVID	English	Regular	MP	notMinister	-	-	-	-	PA721246	Gaillot, Albane	F	1971	
ParlaMint-FR-en_2021-07-08-E1008	ParlaMint-FR_2021-07-08-E1008.u555	Proceedings of the debates in plenary sitting of the Assemblée Nationale, sitting: 8, 08/07/2021	2021-07-08	Lower house	15e législature	Première session extraordinaire 2021 (CRSANR5L15S2021E1N008)	-	8. séance	-	COVID	English	Regular	MP	notMinister	LR	Les Républicains	Opposition	Centre-right	PA1874	Le Fur, Marc	M	1956	
ParlaMint-FR-en_2021-07-08-E1008	ParlaMint-FR_2021-07-08-E1008.u556	Proceedings of the debates in plenary sitting of the Assemblée Nationale, sitting: 8, 08/07/2021	2021-07-08	Lower house	15e législature	Première session extraordinaire 2021 (CRSANR5L15S2021E1N008)	-	8. séance	-	COVID	English	Regular	MP	notMinister	LAREM	La République en Marche	Coalition	Centre	PA722090	Pételle, Bénédicte	F	1971	
ParlaMint-FR-en_2021-07-08-E1008	ParlaMint-FR_2021-07-08-E1008.u557	Proceedings of the debates in plenary sitting of the Assemblée Nationale, sitting: 8, 08/07/2021	2021-07-08	Lower house	15e législature	Première session extraordinaire 2021 (CRSANR5L15S2021E1N008)	-	8. séance	-	COVID	English	Regular	MP	notMinister	LR	Les Républicains	Opposition	Centre-right	PA1874	Le Fur, Marc	M	1956	
ParlaMint-FR-en_2021-07-08-E1008	ParlaMint-FR_2021-07-08-E1008.u558	Proceedings of the debates in plenary sitting of the Assemblée Nationale, sitting: 8, 08/07/2021	2021-07-08	Lower house	15e législature	Première session extraordinaire 2021 (CRSANR5L15S2021E1N008)	-	8. séance	-	COVID	English	Regular	notMP	notMinister	-	-	-	-	PA722086	Taquet, Adrien	M	1977	
ParlaMint-FR-en_2021-07-08-E1008	ParlaMint-FR_2021-07-08-E1008.u559	Proceedings of the debates in plenary sitting of the Assemblée Nationale, sitting: 8, 08/07/2021	2021-07-08	Lower house	15e législature	Première session extraordinaire 2021 (CRSANR5L15S2021E1N008)	-	8. séance	-	COVID	English	Regular	MP	notMinister	-	-	-	-	PA721246	Gaillot, Albane	F	1971	
ParlaMint-FR-en_2021-07-08-E1008	ParlaMint-FR_2021-07-08-E1008.u560	Proceedings of the debates in plenary sitting of the Assemblée Nationale, sitting: 8, 08/07/2021	2021-07-08	Lower house	15e législature	Première session extraordinaire 2021 (CRSANR5L15S2021E1N008)	-	8. séance	-	COVID	English	Regular	notMP	notMinister	-	-	-	-	PA722086	Taquet, Adrien	M	1977	
ParlaMint-FR-en_2021-07-08-E1008	ParlaMint-FR_2021-07-08-E1008.u561	Proceedings of the debates in plenary sitting of the Assemblée Nationale, sitting: 8, 08/07/2021	2021-07-08	Lower house	15e législature	Première session extraordinaire 2021 (CRSANR5L15S2021E1N008)	-	8. séance	-	COVID	English	Chairperson	MP	notMinister	LR	Les Républicains	Opposition	Centre-right	PA1874	Le Fur, Marc	M	1956	
ParlaMint-FR-en_2021-07-08-E1008	ParlaMint-FR_2021-07-08-E1008.u562	Proceedings of the debates in plenary sitting of the Assemblée Nationale, sitting: 8, 08/07/2021	2021-07-08	Lower house	15e législature	Première session extraordinaire 2021 (CRSANR5L15S2021E1N008)	-	8. séance	-	COVID	English	Regular	notMP	notMinister	SOC	Socialistes et apparentés	-	Centre-left to left	PA774960	Santiago, Isabelle	F	1965	
ParlaMint-FR-en_2021-07-08-E1008	ParlaMint-FR_2021-07-08-E1008.u563	Proceedings of the debates in plenary sitting of the Assemblée Nationale, sitting: 8, 08/07/2021	2021-07-08	Lower house	15e législature	Première session extraordinaire 2021 (CRSANR5L15S2021E1N008)	-	8. séance	-	COVID	English	Regular	MP	notMinister	LR	Les Républicains	Opposition	Centre-right	PA1874	Le Fur, Marc	M	1956	
ParlaMint-FR-en_2021-07-08-E1008	ParlaMint-FR_2021-07-08-E1008.u564	Proceedings of the debates in plenary sitting of the Assemblée Nationale, sitting: 8, 08/07/2021	2021-07-08	Lower house	15e législature	Première session extraordinaire 2021 (CRSANR5L15S2021E1N008)	-	8. séance	-	COVID	English	Regular	MP	notMinister	LAREM	La République en Marche	Coalition	Centre	PA722090	Pételle, Bénédicte	F	1971	
ParlaMint-FR-en_2021-07-08-E1008	ParlaMint-FR_2021-07-08-E1008.u565	Proceedings of the debates in plenary sitting of the Assemblée Nationale, sitting: 8, 08/07/2021	2021-07-08	Lower house	15e législature	Première session extraordinaire 2021 (CRSANR5L15S2021E1N008)	-	8. séance	-	COVID	English	Chairperson	MP	notMinister	LR	Les Républicains	Opposition	Centre-right	PA1874	Le Fur, Marc	M	1956	
ParlaMint-FR-en_2021-07-08-E1008	ParlaMint-FR_2021-07-08-E1008.u566	Proceedings of the debates in plenary sitting of the Assemblée Nationale, sitting: 8, 08/07/2021	2021-07-08	Lower house	15e législature	Première session extraordinaire 2021 (CRSANR5L15S2021E1N008)	-	8. séance	-	COVID	English	Chairperson	MP	notMinister	LR	Les Républicains	Opposition	Centre-right	PA1874	Le Fur, Marc	M	1956	
ParlaMint-FR-en_2021-07-08-E1008	ParlaMint-FR_2021-07-08-E1008.u567	Proceedings of the debates in plenary sitting of the Assemblée Nationale, sitting: 8, 08/07/2021	2021-07-08	Lower house	15e législature	Première session extraordinaire 2021 (CRSANR5L15S2021E1N008)	-	8. séance	-	COVID	English	Regular	notMP	notMinister	FI	La France insoumise	Opposition	Left to far-left	PA722142	Ruffin, François	M	1975	
ParlaMint-FR-en_2021-07-08-E1008	ParlaMint-FR_2021-07-08-E1008.u568	Proceedings of the debates in plenary sitting of the Assemblée Nationale, sitting: 8, 08/07/2021	2021-07-08	Lower house	15e législature	Première session extraordinaire 2021 (CRSANR5L15S2021E1N008)	-	8. séance	-	COVID	English	Chairperson	MP	notMinister	LR	Les Républicains	Opposition	Centre-right	PA1874	Le Fur, Marc	M	1956	
ParlaMint-FR-en_2021-07-08-E1008	ParlaMint-FR_2021-07-08-E1008.u569	Proceedings of the debates in plenary sitting of the Assemblée Nationale, sitting: 8, 08/07/2021	2021-07-08	Lower house	15e législature	Première session extraordinaire 2021 (CRSANR5L15S2021E1N008)	-	8. séance	-	COVID	English	Chairperson	MP	notMinister	LR	Les Républicains	Opposition	Centre-right	PA1874	Le Fur, Marc	M	1956	
ParlaMint-FR-en_2021-07-08-E1008	ParlaMint-FR_2021-07-08-E1008.u570	Proceedings of the debates in plenary sitting of the Assemblée Nationale, sitting: 8, 08/07/2021	2021-07-08	Lower house	15e législature	Première session extraordinaire 2021 (CRSANR5L15S2021E1N008)	-	8. séance	-	COVID	English	Regular	notMP	notMinister	FI	La France insoumise	Opposition	Left to far-left	PA722142	Ruffin, François	M	1975	
ParlaMint-FR-en_2021-07-08-E1008	ParlaMint-FR_2021-07-08-E1008.u571	Proceedings of the debates in plenary sitting of the Assemblée Nationale, sitting: 8, 08/07/2021	2021-07-08	Lower house	15e législature	Première session extraordinaire 2021 (CRSANR5L15S2021E1N008)	-	8. séance	-	COVID	English	Chairperson	MP	notMinister	LR	Les Républicains	Opposition	Centre-right	PA1874	Le Fur, Marc	M	1956	
ParlaMint-FR-en_2021-07-08-E1008	ParlaMint-FR_2021-07-08-E1008.u572	Proceedings of the debates in plenary sitting of the Assemblée Nationale, sitting: 8, 08/07/2021	2021-07-08	Lower house	15e législature	Première session extraordinaire 2021 (CRSANR5L15S2021E1N008)	-	8. séance	-	COVID	English	Regular	notMP	notMinister	FI	La France insoumise	Opposition	Left to far-left	PA722142	Ruffin, François	M	1975	
ParlaMint-FR-en_2021-07-08-E1008	ParlaMint-FR_2021-07-08-E1008.u573	Proceedings of the debates in plenary sitting of the Assemblée Nationale, sitting: 8, 08/07/2021	2021-07-08	Lower house	15e législature	Première session extraordinaire 2021 (CRSANR5L15S2021E1N008)	-	8. séance	-	COVID	English	Chairperson	MP	notMinister	LR	Les Républicains	Opposition	Centre-right	PA1874	Le Fur, Marc	M	1956	
ParlaMint-FR-en_2021-07-08-E1008	ParlaMint-FR_2021-07-08-E1008.u574	Proceedings of the debates in plenary sitting of the Assemblée Nationale, sitting: 8, 08/07/2021	2021-07-08	Lower house	15e législature	Première session extraordinaire 2021 (CRSANR5L15S2021E1N008)	-	8. séance	-	COVID	English	Regular	notMP	notMinister	DEM	Mouvement Démocrate (MoDem) et Démocrates apparentés	-	Centre to centre-right	PA719558	Balanant, Erwan	M	1971	
ParlaMint-FR-en_2021-07-08-E1008	ParlaMint-FR_2021-07-08-E1008.u575	Proceedings of the debates in plenary sitting of the Assemblée Nationale, sitting: 8, 08/07/2021	2021-07-08	Lower house	15e législature	Première session extraordinaire 2021 (CRSANR5L15S2021E1N008)	-	8. séance	-	COVID	English	Chairperson	MP	notMinister	LR	Les Républicains	Opposition	Centre-right	PA1874	Le Fur, Marc	M	1956	
ParlaMint-FR-en_2021-07-08-E1008	ParlaMint-FR_2021-07-08-E1008.u576	Proceedings of the debates in plenary sitting of the Assemblée Nationale, sitting: 8, 08/07/2021	2021-07-08	Lower house	15e législature	Première session extraordinaire 2021 (CRSANR5L15S2021E1N008)	-	8. séance	-	COVID	English	Regular	MP	notMinister	DEM	Mouvement Démocrate (MoDem) et Démocrates apparentés	-	Centre to centre-right	PA721234	Petit, Maud	F	1971	
ParlaMint-FR-en_2021-07-08-E1008	ParlaMint-FR_2021-07-08-E1008.u577	Proceedings of the debates in plenary sitting of the Assemblée Nationale, sitting: 8, 08/07/2021	2021-07-08	Lower house	15e législature	Première session extraordinaire 2021 (CRSANR5L15S2021E1N008)	-	8. séance	-	COVID	English	Regular	MP	notMinister	LR	Les Républicains	Opposition	Centre-right	PA1874	Le Fur, Marc	M	1956	
ParlaMint-FR-en_2021-07-08-E1008	ParlaMint-FR_2021-07-08-E1008.u578	Proceedings of the debates in plenary sitting of the Assemblée Nationale, sitting: 8, 08/07/2021	2021-07-08	Lower house	15e législature	Première session extraordinaire 2021 (CRSANR5L15S2021E1N008)	-	8. séance	-	COVID	English	Regular	MP	notMinister	LAREM	La République en Marche	Coalition	Centre	PA722090	Pételle, Bénédicte	F	1971	
ParlaMint-FR-en_2021-07-08-E1008	ParlaMint-FR_2021-07-08-E1008.u579	Proceedings of the debates in plenary sitting of the Assemblée Nationale, sitting: 8, 08/07/2021	2021-07-08	Lower house	15e législature	Première session extraordinaire 2021 (CRSANR5L15S2021E1N008)	-	8. séance	-	COVID	English	Regular	MP	notMinister	LR	Les Républicains	Opposition	Centre-right	PA1874	Le Fur, Marc	M	1956	
ParlaMint-FR-en_2021-07-08-E1008	ParlaMint-FR_2021-07-08-E1008.u580	Proceedings of the debates in plenary sitting of the Assemblée Nationale, sitting: 8, 08/07/2021	2021-07-08	Lower house	15e législature	Première session extraordinaire 2021 (CRSANR5L15S2021E1N008)	-	8. séance	-	COVID	English	Regular	notMP	notMinister	-	-	-	-	PA722086	Taquet, Adrien	M	1977	
ParlaMint-FR-en_2021-07-08-E1008	ParlaMint-FR_2021-07-08-E1008.u581	Proceedings of the debates in plenary sitting of the Assemblée Nationale, sitting: 8, 08/07/2021	2021-07-08	Lower house	15e législature	Première session extraordinaire 2021 (CRSANR5L15S2021E1N008)	-	8. séance	-	COVID	English	Regular	notMP	notMinister	DEM	Mouvement Démocrate (MoDem) et Démocrates apparentés	-	Centre to centre-right	PA719558	Balanant, Erwan	M	1971	
ParlaMint-FR-en_2021-07-08-E1008	ParlaMint-FR_2021-07-08-E1008.u582	Proceedings of the debates in plenary sitting of the Assemblée Nationale, sitting: 8, 08/07/2021	2021-07-08	Lower house	15e législature	Première session extraordinaire 2021 (CRSANR5L15S2021E1N008)	-	8. séance	-	COVID	English	Regular	notMP	notMinister	-	-	-	-	PA722086	Taquet, Adrien	M	1977	
ParlaMint-FR-en_2021-07-08-E1008	ParlaMint-FR_2021-07-08-E1008.u583	Proceedings of the debates in plenary sitting of the Assemblée Nationale, sitting: 8, 08/07/2021	2021-07-08	Lower house	15e législature	Première session extraordinaire 2021 (CRSANR5L15S2021E1N008)	-	8. séance	-	COVID	English	Regular	notMP	notMinister	DEM	Mouvement Démocrate (MoDem) et Démocrates apparentés	-	Centre to centre-right	PA719558	Balanant, Erwan	M	1971	
ParlaMint-FR-en_2021-07-08-E1008	ParlaMint-FR_2021-07-08-E1008.u584	Proceedings of the debates in plenary sitting of the Assemblée Nationale, sitting: 8, 08/07/2021	2021-07-08	Lower house	15e législature	Première session extraordinaire 2021 (CRSANR5L15S2021E1N008)	-	8. séance	-	COVID	English	Regular	notMP	notMinister	-	-	-	-	PA722086	Taquet, Adrien	M	1977	
ParlaMint-FR-en_2021-07-08-E1008	ParlaMint-FR_2021-07-08-E1008.u585	Proceedings of the debates in plenary sitting of the Assemblée Nationale, sitting: 8, 08/07/2021	2021-07-08	Lower house	15e législature	Première session extraordinaire 2021 (CRSANR5L15S2021E1N008)	-	8. séance	-	COVID	English	Chairperson	MP	notMinister	LR	Les Républicains	Opposition	Centre-right	PA1874	Le Fur, Marc	M	1956	
ParlaMint-FR-en_2021-07-08-E1008	ParlaMint-FR_2021-07-08-E1008.u586	Proceedings of the debates in plenary sitting of the Assemblée Nationale, sitting: 8, 08/07/2021	2021-07-08	Lower house	15e législature	Première session extraordinaire 2021 (CRSANR5L15S2021E1N008)	-	8. séance	-	COVID	English	Regular	notMP	notMinister	FI	La France insoumise	Opposition	Left to far-left	PA722142	Ruffin, François	M	1975	
ParlaMint-FR-en_2021-07-08-E1008	ParlaMint-FR_2021-07-08-E1008.u587	Proceedings of the debates in plenary sitting of the Assemblée Nationale, sitting: 8, 08/07/2021	2021-07-08	Lower house	15e législature	Première session extraordinaire 2021 (CRSANR5L15S2021E1N008)	-	8. séance	-	COVID	English	Chairperson	MP	notMinister	LR	Les Républicains	Opposition	Centre-right	PA1874	Le Fur, Marc	M	1956	
ParlaMint-FR-en_2021-07-08-E1008	ParlaMint-FR_2021-07-08-E1008.u588	Proceedings of the debates in plenary sitting of the Assemblée Nationale, sitting: 8, 08/07/2021	2021-07-08	Lower house	15e législature	Première session extraordinaire 2021 (CRSANR5L15S2021E1N008)	-	8. séance	-	COVID	English	Regular	MP	notMinister	-	-	-	-	PA720298	Cariou, Émilie	F	1971	
ParlaMint-FR-en_2021-07-08-E1008	ParlaMint-FR_2021-07-08-E1008.u589	Proceedings of the debates in plenary sitting of the Assemblée Nationale, sitting: 8, 08/07/2021	2021-07-08	Lower house	15e législature	Première session extraordinaire 2021 (CRSANR5L15S2021E1N008)	-	8. séance	-	COVID	English	Chairperson	MP	notMinister	LR	Les Républicains	Opposition	Centre-right	PA1874	Le Fur, Marc	M	1956	
ParlaMint-FR-en_2021-07-08-E1008	ParlaMint-FR_2021-07-08-E1008.u590	Proceedings of the debates in plenary sitting of the Assemblée Nationale, sitting: 8, 08/07/2021	2021-07-08	Lower house	15e législature	Première session extraordinaire 2021 (CRSANR5L15S2021E1N008)	-	8. séance	-	COVID	English	Regular	notMP	notMinister	FI	La France insoumise	Opposition	Left to far-left	PA722142	Ruffin, François	M	1975	
ParlaMint-FR-en_2021-07-08-E1008	ParlaMint-FR_2021-07-08-E1008.u591	Proceedings of the debates in plenary sitting of the Assemblée Nationale, sitting: 8, 08/07/2021	2021-07-08	Lower house	15e législature	Première session extraordinaire 2021 (CRSANR5L15S2021E1N008)	-	8. séance	-	COVID	English	Regular	MP	notMinister	LR	Les Républicains	Opposition	Centre-right	PA1874	Le Fur, Marc	M	1956	
ParlaMint-FR-en_2021-07-08-E1008	ParlaMint-FR_2021-07-08-E1008.u592	Proceedings of the debates in plenary sitting of the Assemblée Nationale, sitting: 8, 08/07/2021	2021-07-08	Lower house	15e législature	Première session extraordinaire 2021 (CRSANR5L15S2021E1N008)	-	8. séance	-	COVID	English	Regular	MP	notMinister	LAREM	La République en Marche	Coalition	Centre	PA722090	Pételle, Bénédicte	F	1971	
ParlaMint-FR-en_2021-07-08-E1008	ParlaMint-FR_2021-07-08-E1008.u593	Proceedings of the debates in plenary sitting of the Assemblée Nationale, sitting: 8, 08/07/2021	2021-07-08	Lower house	15e législature	Première session extraordinaire 2021 (CRSANR5L15S2021E1N008)	-	8. séance	-	COVID	English	Regular	notMP	notMinister	FI	La France insoumise	Opposition	Left to far-left	PA722142	Ruffin, François	M	1975	
ParlaMint-FR-en_2021-07-08-E1008	ParlaMint-FR_2021-07-08-E1008.u594	Proceedings of the debates in plenary sitting of the Assemblée Nationale, sitting: 8, 08/07/2021	2021-07-08	Lower house	15e législature	Première session extraordinaire 2021 (CRSANR5L15S2021E1N008)	-	8. séance	-	COVID	English	Regular	MP	notMinister	LAREM	La République en Marche	Coalition	Centre	PA722090	Pételle, Bénédicte	F	1971	
ParlaMint-FR-en_2021-07-08-E1008	ParlaMint-FR_2021-07-08-E1008.u595	Proceedings of the debates in plenary sitting of the Assemblée Nationale, sitting: 8, 08/07/2021	2021-07-08	Lower house	15e législature	Première session extraordinaire 2021 (CRSANR5L15S2021E1N008)	-	8. séance	-	COVID	English	Regular	MP	notMinister	LR	Les Républicains	Opposition	Centre-right	PA1874	Le Fur, Marc	M	1956	
ParlaMint-FR-en_2021-07-08-E1008	ParlaMint-FR_2021-07-08-E1008.u596	Proceedings of the debates in plenary sitting of the Assemblée Nationale, sitting: 8, 08/07/2021	2021-07-08	Lower house	15e législature	Première session extraordinaire 2021 (CRSANR5L15S2021E1N008)	-	8. séance	-	COVID	English	Regular	notMP	notMinister	-	-	-	-	PA722086	Taquet, Adrien	M	1977	
ParlaMint-FR-en_2021-07-08-E1008	ParlaMint-FR_2021-07-08-E1008.u597	Proceedings of the debates in plenary sitting of the Assemblée Nationale, sitting: 8, 08/07/2021	2021-07-08	Lower house	15e législature	Première session extraordinaire 2021 (CRSANR5L15S2021E1N008)	-	8. séance	-	COVID	English	Regular	MP	notMinister	LR	Les Républicains	Opposition	Centre-right	PA1874	Le Fur, Marc	M	1956	
ParlaMint-FR-en_2021-07-08-E1008	ParlaMint-FR_2021-07-08-E1008.u598	Proceedings of the debates in plenary sitting of the Assemblée Nationale, sitting: 8, 08/07/2021	2021-07-08	Lower house	15e législature	Première session extraordinaire 2021 (CRSANR5L15S2021E1N008)	-	8. séance	-	COVID	English	Regular	notMP	notMinister	FI	La France insoumise	Opposition	Left to far-left	PA722142	Ruffin, François	M	1975	
ParlaMint-FR-en_2021-07-08-E1008	ParlaMint-FR_2021-07-08-E1008.u599	Proceedings of the debates in plenary sitting of the Assemblée Nationale, sitting: 8, 08/07/2021	2021-07-08	Lower house	15e législature	Première session extraordinaire 2021 (CRSANR5L15S2021E1N008)	-	8. séance	-	COVID	English	Chairperson	MP	notMinister	LR	Les Républicains	Opposition	Centre-right	PA1874	Le Fur, Marc	M	1956	
ParlaMint-FR-en_2021-07-08-E1008	ParlaMint-FR_2021-07-08-E1008.u600	Proceedings of the debates in plenary sitting of the Assemblée Nationale, sitting: 8, 08/07/2021	2021-07-08	Lower house	15e législature	Première session extraordinaire 2021 (CRSANR5L15S2021E1N008)	-	8. séance	-	COVID	English	Chairperson	MP	notMinister	LR	Les Républicains	Opposition	Centre-right	PA1874	Le Fur, Marc	M	1956	
ParlaMint-FR-en_2021-07-08-E1008	ParlaMint-FR_2021-07-08-E1008.u601	Proceedings of the debates in plenary sitting of the Assemblée Nationale, sitting: 8, 08/07/2021	2021-07-08	Lower house	15e législature	Première session extraordinaire 2021 (CRSANR5L15S2021E1N008)	-	8. séance	-	COVID	English	Regular	notMP	notMinister	FI	La France insoumise	Opposition	Left to far-left	PA722142	Ruffin, François	M	1975	
ParlaMint-FR-en_2021-07-08-E1008	ParlaMint-FR_2021-07-08-E1008.u602	Proceedings of the debates in plenary sitting of the Assemblée Nationale, sitting: 8, 08/07/2021	2021-07-08	Lower house	15e législature	Première session extraordinaire 2021 (CRSANR5L15S2021E1N008)	-	8. séance	-	COVID	English	Chairperson	MP	notMinister	LR	Les Républicains	Opposition	Centre-right	PA1874	Le Fur, Marc	M	1956	
ParlaMint-FR-en_2021-07-08-E1008	ParlaMint-FR_2021-07-08-E1008.u603	Proceedings of the debates in plenary sitting of the Assemblée Nationale, sitting: 8, 08/07/2021	2021-07-08	Lower house	15e législature	Première session extraordinaire 2021 (CRSANR5L15S2021E1N008)	-	8. séance	-	COVID	English	Chairperson	MP	notMinister	LR	Les Républicains	Opposition	Centre-right	PA1874	Le Fur, Marc	M	1956	
ParlaMint-FR-en_2021-07-08-E1008	ParlaMint-FR_2021-07-08-E1008.u604	Proceedings of the debates in plenary sitting of the Assemblée Nationale, sitting: 8, 08/07/2021	2021-07-08	Lower house	15e législature	Première session extraordinaire 2021 (CRSANR5L15S2021E1N008)	-	8. séance	-	COVID	English	Regular	notMP	notMinister	GDR	Gauche démocrate et républicaine	Opposition	Left	PA721896	Faucillon, Elsa	F	1981	
ParlaMint-FR-en_2021-07-08-E1008	ParlaMint-FR_2021-07-08-E1008.u605	Proceedings of the debates in plenary sitting of the Assemblée Nationale, sitting: 8, 08/07/2021	2021-07-08	Lower house	15e législature	Première session extraordinaire 2021 (CRSANR5L15S2021E1N008)	-	8. séance	-	COVID	English	Regular	MP	notMinister	LR	Les Républicains	Opposition	Centre-right	PA1874	Le Fur, Marc	M	1956	
ParlaMint-FR-en_2021-07-08-E1008	ParlaMint-FR_2021-07-08-E1008.u606	Proceedings of the debates in plenary sitting of the Assemblée Nationale, sitting: 8, 08/07/2021	2021-07-08	Lower house	15e législature	Première session extraordinaire 2021 (CRSANR5L15S2021E1N008)	-	8. séance	-	COVID	English	Regular	MP	notMinister	LAREM	La République en Marche	Coalition	Centre	PA722090	Pételle, Bénédicte	F	1971	
ParlaMint-FR-en_2021-07-08-E1008	ParlaMint-FR_2021-07-08-E1008.u607	Proceedings of the debates in plenary sitting of the Assemblée Nationale, sitting: 8, 08/07/2021	2021-07-08	Lower house	15e législature	Première session extraordinaire 2021 (CRSANR5L15S2021E1N008)	-	8. séance	-	COVID	English	Regular	MP	notMinister	LR	Les Républicains	Opposition	Centre-right	PA1874	Le Fur, Marc	M	1956	
ParlaMint-FR-en_2021-07-08-E1008	ParlaMint-FR_2021-07-08-E1008.u608	Proceedings of the debates in plenary sitting of the Assemblée Nationale, sitting: 8, 08/07/2021	2021-07-08	Lower house	15e législature	Première session extraordinaire 2021 (CRSANR5L15S2021E1N008)	-	8. séance	-	COVID	English	Regular	notMP	notMinister	-	-	-	-	PA722086	Taquet, Adrien	M	1977	
ParlaMint-FR-en_2021-07-08-E1008	ParlaMint-FR_2021-07-08-E1008.u609	Proceedings of the debates in plenary sitting of the Assemblée Nationale, sitting: 8, 08/07/2021	2021-07-08	Lower house	15e législature	Première session extraordinaire 2021 (CRSANR5L15S2021E1N008)	-	8. séance	-	COVID	English	Regular	MP	notMinister	LR	Les Républicains	Opposition	Centre-right	PA1874	Le Fur, Marc	M	1956	
ParlaMint-FR-en_2021-07-08-E1008	ParlaMint-FR_2021-07-08-E1008.u610	Proceedings of the debates in plenary sitting of the Assemblée Nationale, sitting: 8, 08/07/2021	2021-07-08	Lower house	15e législature	Première session extraordinaire 2021 (CRSANR5L15S2021E1N008)	-	8. séance	-	COVID	English	Regular	notMP	notMinister	-	-	-	-	PA722086	Taquet, Adrien	M	1977	
ParlaMint-FR-en_2021-07-08-E1008	ParlaMint-FR_2021-07-08-E1008.u611	Proceedings of the debates in plenary sitting of the Assemblée Nationale, sitting: 8, 08/07/2021	2021-07-08	Lower house	15e législature	Première session extraordinaire 2021 (CRSANR5L15S2021E1N008)	-	8. séance	-	COVID	English	Regular	notMP	notMinister	GDR	Gauche démocrate et républicaine	Opposition	Left	PA774962	Lebon, Karine	F	1985	
ParlaMint-FR-en_2021-07-08-E1008	ParlaMint-FR_2021-07-08-E1008.u612	Proceedings of the debates in plenary sitting of the Assemblée Nationale, sitting: 8, 08/07/2021	2021-07-08	Lower house	15e législature	Première session extraordinaire 2021 (CRSANR5L15S2021E1N008)	-	8. séance	-	COVID	English	Regular	notMP	notMinister	DEM	Mouvement Démocrate (MoDem) et Démocrates apparentés	-	Centre to centre-right	PA719558	Balanant, Erwan	M	1971	
ParlaMint-FR-en_2021-07-08-E1008	ParlaMint-FR_2021-07-08-E1008.u613	Proceedings of the debates in plenary sitting of the Assemblée Nationale, sitting: 8, 08/07/2021	2021-07-08	Lower house	15e législature	Première session extraordinaire 2021 (CRSANR5L15S2021E1N008)	-	8. séance	-	COVID	English	Regular	MP	notMinister	LR	Les Républicains	Opposition	Centre-right	PA1874	Le Fur, Marc	M	1956	
ParlaMint-FR-en_2021-07-08-E1008	ParlaMint-FR_2021-07-08-E1008.u614	Proceedings of the debates in plenary sitting of the Assemblée Nationale, sitting: 8, 08/07/2021	2021-07-08	Lower house	15e législature	Première session extraordinaire 2021 (CRSANR5L15S2021E1N008)	-	8. séance	-	COVID	English	Chairperson	MP	notMinister	LR	Les Républicains	Opposition	Centre-right	PA1874	Le Fur, Marc	M	1956	
ParlaMint-FR-en_2021-07-08-E1008	ParlaMint-FR_2021-07-08-E1008.u615	Proceedings of the debates in plenary sitting of the Assemblée Nationale, sitting: 8, 08/07/2021	2021-07-08	Lower house	15e législature	Première session extraordinaire 2021 (CRSANR5L15S2021E1N008)	-	8. séance	-	COVID	English	Chairperson	MP	notMinister	LR	Les Républicains	Opposition	Centre-right	PA1874	Le Fur, Marc	M	1956	
ParlaMint-FR-en_2021-07-08-E1008	ParlaMint-FR_2021-07-08-E1008.u616	Proceedings of the debates in plenary sitting of the Assemblée Nationale, sitting: 8, 08/07/2021	2021-07-08	Lower house	15e législature	Première session extraordinaire 2021 (CRSANR5L15S2021E1N008)	-	8. séance	-	COVID	English	Regular	MP	notMinister	-	-	-	-	PA720298	Cariou, Émilie	F	1971	
ParlaMint-FR-en_2021-07-08-E1008	ParlaMint-FR_2021-07-08-E1008.u617	Proceedings of the debates in plenary sitting of the Assemblée Nationale, sitting: 8, 08/07/2021	2021-07-08	Lower house	15e législature	Première session extraordinaire 2021 (CRSANR5L15S2021E1N008)	-	8. séance	-	COVID	English	Chairperson	MP	notMinister	LR	Les Républicains	Opposition	Centre-right	PA1874	Le Fur, Marc	M	1956	
ParlaMint-FR-en_2021-07-08-E1008	ParlaMint-FR_2021-07-08-E1008.u618	Proceedings of the debates in plenary sitting of the Assemblée Nationale, sitting: 8, 08/07/2021	2021-07-08	Lower house	15e législature	Première session extraordinaire 2021 (CRSANR5L15S2021E1N008)	-	8. séance	-	COVID	English	Regular	notMP	notMinister	AGIR-E	Agir ensemble	Coalition	-	PA642868	Christophe, Paul	M	1971	
ParlaMint-FR-en_2021-07-08-E1008	ParlaMint-FR_2021-07-08-E1008.u619	Proceedings of the debates in plenary sitting of the Assemblée Nationale, sitting: 8, 08/07/2021	2021-07-08	Lower house	15e législature	Première session extraordinaire 2021 (CRSANR5L15S2021E1N008)	-	8. séance	-	COVID	English	Regular	notMP	notMinister	-	-	-	-	PA722086	Taquet, Adrien	M	1977	
ParlaMint-FR-en_2021-07-08-E1008	ParlaMint-FR_2021-07-08-E1008.u620	Proceedings of the debates in plenary sitting of the Assemblée Nationale, sitting: 8, 08/07/2021	2021-07-08	Lower house	15e législature	Première session extraordinaire 2021 (CRSANR5L15S2021E1N008)	-	8. séance	-	COVID	English	Regular	notMP	notMinister	AGIR-E	Agir ensemble	Coalition	-	PA642868	Christophe, Paul	M	1971	
ParlaMint-FR-en_2021-07-08-E1008	ParlaMint-FR_2021-07-08-E1008.u621	Proceedings of the debates in plenary sitting of the Assemblée Nationale, sitting: 8, 08/07/2021	2021-07-08	Lower house	15e législature	Première session extraordinaire 2021 (CRSANR5L15S2021E1N008)	-	8. séance	-	COVID	English	Chairperson	MP	notMinister	LR	Les Républicains	Opposition	Centre-right	PA1874	Le Fur, Marc	M	1956	
ParlaMint-FR-en_2021-07-08-E1008	ParlaMint-FR_2021-07-08-E1008.u622	Proceedings of the debates in plenary sitting of the Assemblée Nationale, sitting: 8, 08/07/2021	2021-07-08	Lower house	15e législature	Première session extraordinaire 2021 (CRSANR5L15S2021E1N008)	-	8. séance	-	COVID	English	Regular	notMP	notMinister	LAREM	La République en Marche	Coalition	Centre	PA721710	Peyron, Michèle	F	1961	
ParlaMint-FR-en_2021-07-08-E1008	ParlaMint-FR_2021-07-08-E1008.u623	Proceedings of the debates in plenary sitting of the Assemblée Nationale, sitting: 8, 08/07/2021	2021-07-08	Lower house	15e législature	Première session extraordinaire 2021 (CRSANR5L15S2021E1N008)	-	8. séance	-	COVID	English	Regular	MP	notMinister	LR	Les Républicains	Opposition	Centre-right	PA1874	Le Fur, Marc	M	1956	
ParlaMint-FR-en_2021-07-08-E1008	ParlaMint-FR_2021-07-08-E1008.u624	Proceedings of the debates in plenary sitting of the Assemblée Nationale, sitting: 8, 08/07/2021	2021-07-08	Lower house	15e législature	Première session extraordinaire 2021 (CRSANR5L15S2021E1N008)	-	8. séance	-	COVID	English	Regular	notMP	notMinister	-	-	-	-	PA722086	Taquet, Adrien	M	1977	
ParlaMint-FR-en_2021-07-08-E1008	ParlaMint-FR_2021-07-08-E1008.u625	Proceedings of the debates in plenary sitting of the Assemblée Nationale, sitting: 8, 08/07/2021	2021-07-08	Lower house	15e législature	Première session extraordinaire 2021 (CRSANR5L15S2021E1N008)	-	8. séance	-	COVID	English	Chairperson	MP	notMinister	LR	Les Républicains	Opposition	Centre-right	PA1874	Le Fur, Marc	M	1956	
ParlaMint-FR-en_2021-07-08-E1008	ParlaMint-FR_2021-07-08-E1008.u626	Proceedings of the debates in plenary sitting of the Assemblée Nationale, sitting: 8, 08/07/2021	2021-07-08	Lower house	15e législature	Première session extraordinaire 2021 (CRSANR5L15S2021E1N008)	-	8. séance	-	COVID	English	Regular	MP	notMinister	DEM	Mouvement Démocrate (MoDem) et Démocrates apparentés	-	Centre to centre-right	PA721234	Petit, Maud	F	1971	
ParlaMint-FR-en_2021-07-08-E1008	ParlaMint-FR_2021-07-08-E1008.u627	Proceedings of the debates in plenary sitting of the Assemblée Nationale, sitting: 8, 08/07/2021	2021-07-08	Lower house	15e législature	Première session extraordinaire 2021 (CRSANR5L15S2021E1N008)	-	8. séance	-	COVID	English	Regular	MP	notMinister	LR	Les Républicains	Opposition	Centre-right	PA1874	Le Fur, Marc	M	1956	
ParlaMint-FR-en_2021-07-08-E1008	ParlaMint-FR_2021-07-08-E1008.u628	Proceedings of the debates in plenary sitting of the Assemblée Nationale, sitting: 8, 08/07/2021	2021-07-08	Lower house	15e législature	Première session extraordinaire 2021 (CRSANR5L15S2021E1N008)	-	8. séance	-	COVID	English	Regular	notMP	notMinister	LAREM	La République en Marche	Coalition	Centre	PA721710	Peyron, Michèle	F	1961	
ParlaMint-FR-en_2021-07-08-E1008	ParlaMint-FR_2021-07-08-E1008.u629	Proceedings of the debates in plenary sitting of the Assemblée Nationale, sitting: 8, 08/07/2021	2021-07-08	Lower house	15e législature	Première session extraordinaire 2021 (CRSANR5L15S2021E1N008)	-	8. séance	-	COVID	English	Regular	MP	notMinister	LR	Les Républicains	Opposition	Centre-right	PA1874	Le Fur, Marc	M	1956	
ParlaMint-FR-en_2021-07-08-E1008	ParlaMint-FR_2021-07-08-E1008.u630	Proceedings of the debates in plenary sitting of the Assemblée Nationale, sitting: 8, 08/07/2021	2021-07-08	Lower house	15e législature	Première session extraordinaire 2021 (CRSANR5L15S2021E1N008)	-	8. séance	-	COVID	English	Regular	notMP	notMinister	-	-	-	-	PA722086	Taquet, Adrien	M	1977	
ParlaMint-FR-en_2021-07-08-E1008	ParlaMint-FR_2021-07-08-E1008.u631	Proceedings of the debates in plenary sitting of the Assemblée Nationale, sitting: 8, 08/07/2021	2021-07-08	Lower house	15e législature	Première session extraordinaire 2021 (CRSANR5L15S2021E1N008)	-	8. séance	-	COVID	English	Regular	MP	notMinister	DEM	Mouvement Démocrate (MoDem) et Démocrates apparentés	-	Centre to centre-right	PA721234	Petit, Maud	F	1971	
ParlaMint-FR-en_2021-07-08-E1008	ParlaMint-FR_2021-07-08-E1008.u632	Proceedings of the debates in plenary sitting of the Assemblée Nationale, sitting: 8, 08/07/2021	2021-07-08	Lower house	15e législature	Première session extraordinaire 2021 (CRSANR5L15S2021E1N008)	-	8. séance	-	COVID	English	Regular	notMP	notMinister	-	-	-	-	PA722086	Taquet, Adrien	M	1977	
ParlaMint-FR-en_2021-07-08-E1008	ParlaMint-FR_2021-07-08-E1008.u633	Proceedings of the debates in plenary sitting of the Assemblée Nationale, sitting: 8, 08/07/2021	2021-07-08	Lower house	15e législature	Première session extraordinaire 2021 (CRSANR5L15S2021E1N008)	-	8. séance	-	COVID	English	Regular	MP	notMinister	DEM	Mouvement Démocrate (MoDem) et Démocrates apparentés	-	Centre to centre-right	PA721234	Petit, Maud	F	1971	
ParlaMint-FR-en_2021-07-08-E1008	ParlaMint-FR_2021-07-08-E1008.u634	Proceedings of the debates in plenary sitting of the Assemblée Nationale, sitting: 8, 08/07/2021	2021-07-08	Lower house	15e législature	Première session extraordinaire 2021 (CRSANR5L15S2021E1N008)	-	8. séance	-	COVID	English	Chairperson	MP	notMinister	LR	Les Républicains	Opposition	Centre-right	PA1874	Le Fur, Marc	M	1956	
ParlaMint-FR-en_2021-07-08-E1008	ParlaMint-FR_2021-07-08-E1008.u635	Proceedings of the debates in plenary sitting of the Assemblée Nationale, sitting: 8, 08/07/2021	2021-07-08	Lower house	15e législature	Première session extraordinaire 2021 (CRSANR5L15S2021E1N008)	-	8. séance	-	COVID	English	Chairperson	MP	notMinister	LR	Les Républicains	Opposition	Centre-right	PA1874	Le Fur, Marc	M	1956	
ParlaMint-FR-en_2021-07-08-E1008	ParlaMint-FR_2021-07-08-E1008.u636	Proceedings of the debates in plenary sitting of the Assemblée Nationale, sitting: 8, 08/07/2021	2021-07-08	Lower house	15e législature	Première session extraordinaire 2021 (CRSANR5L15S2021E1N008)	-	8. séance	-	COVID	English	Regular	notMP	notMinister	FI	La France insoumise	Opposition	Left to far-left	PA722142	Ruffin, François	M	1975	
ParlaMint-FR-en_2021-07-08-E1008	ParlaMint-FR_2021-07-08-E1008.u637	Proceedings of the debates in plenary sitting of the Assemblée Nationale, sitting: 8, 08/07/2021	2021-07-08	Lower house	15e législature	Première session extraordinaire 2021 (CRSANR5L15S2021E1N008)	-	8. séance	-	COVID	English	Chairperson	MP	notMinister	LR	Les Républicains	Opposition	Centre-right	PA1874	Le Fur, Marc	M	1956	
ParlaMint-FR-en_2021-07-08-E1008	ParlaMint-FR_2021-07-08-E1008.u638	Proceedings of the debates in plenary sitting of the Assemblée Nationale, sitting: 8, 08/07/2021	2021-07-08	Lower house	15e législature	Première session extraordinaire 2021 (CRSANR5L15S2021E1N008)	-	8. séance	-	COVID	English	Regular	notMP	notMinister	FI	La France insoumise	Opposition	Left to far-left	PA722142	Ruffin, François	M	1975	
ParlaMint-FR-en_2021-07-08-E1008	ParlaMint-FR_2021-07-08-E1008.u639	Proceedings of the debates in plenary sitting of the Assemblée Nationale, sitting: 8, 08/07/2021	2021-07-08	Lower house	15e législature	Première session extraordinaire 2021 (CRSANR5L15S2021E1N008)	-	8. séance	-	COVID	English	Regular	MP	notMinister	LR	Les Républicains	Opposition	Centre-right	PA1874	Le Fur, Marc	M	1956	
ParlaMint-FR-en_2021-07-08-E1008	ParlaMint-FR_2021-07-08-E1008.u640	Proceedings of the debates in plenary sitting of the Assemblée Nationale, sitting: 8, 08/07/2021	2021-07-08	Lower house	15e législature	Première session extraordinaire 2021 (CRSANR5L15S2021E1N008)	-	8. séance	-	COVID	English	Regular	notMP	notMinister	LAREM	La République en Marche	Coalition	Centre	PA721710	Peyron, Michèle	F	1961	
ParlaMint-FR-en_2021-07-08-E1008	ParlaMint-FR_2021-07-08-E1008.u641	Proceedings of the debates in plenary sitting of the Assemblée Nationale, sitting: 8, 08/07/2021	2021-07-08	Lower house	15e législature	Première session extraordinaire 2021 (CRSANR5L15S2021E1N008)	-	8. séance	-	COVID	English	Regular	notMP	notMinister	FI	La France insoumise	Opposition	Left to far-left	PA722142	Ruffin, François	M	1975	
ParlaMint-FR-en_2021-07-08-E1008	ParlaMint-FR_2021-07-08-E1008.u642	Proceedings of the debates in plenary sitting of the Assemblée Nationale, sitting: 8, 08/07/2021	2021-07-08	Lower house	15e législature	Première session extraordinaire 2021 (CRSANR5L15S2021E1N008)	-	8. séance	-	COVID	English	Regular	notMP	notMinister	LAREM	La République en Marche	Coalition	Centre	PA721710	Peyron, Michèle	F	1961	
ParlaMint-FR-en_2021-07-08-E1008	ParlaMint-FR_2021-07-08-E1008.u643	Proceedings of the debates in plenary sitting of the Assemblée Nationale, sitting: 8, 08/07/2021	2021-07-08	Lower house	15e législature	Première session extraordinaire 2021 (CRSANR5L15S2021E1N008)	-	8. séance	-	COVID	English	Regular	MP	notMinister	LR	Les Républicains	Opposition	Centre-right	PA1874	Le Fur, Marc	M	1956	
ParlaMint-FR-en_2021-07-08-E1008	ParlaMint-FR_2021-07-08-E1008.u644	Proceedings of the debates in plenary sitting of the Assemblée Nationale, sitting: 8, 08/07/2021	2021-07-08	Lower house	15e législature	Première session extraordinaire 2021 (CRSANR5L15S2021E1N008)	-	8. séance	-	COVID	English	Regular	notMP	notMinister	UDI_I	UDI et Indépendants	Opposition	Right	PA720696	Descamps, Béatrice	F	1961	
ParlaMint-FR-en_2021-07-08-E1008	ParlaMint-FR_2021-07-08-E1008.u645	Proceedings of the debates in plenary sitting of the Assemblée Nationale, sitting: 8, 08/07/2021	2021-07-08	Lower house	15e législature	Première session extraordinaire 2021 (CRSANR5L15S2021E1N008)	-	8. séance	-	COVID	English	Regular	MP	notMinister	LR	Les Républicains	Opposition	Centre-right	PA1874	Le Fur, Marc	M	1956	
ParlaMint-FR-en_2021-07-08-E1008	ParlaMint-FR_2021-07-08-E1008.u646	Proceedings of the debates in plenary sitting of the Assemblée Nationale, sitting: 8, 08/07/2021	2021-07-08	Lower house	15e législature	Première session extraordinaire 2021 (CRSANR5L15S2021E1N008)	-	8. séance	-	COVID	English	Regular	notMP	notMinister	FI	La France insoumise	Opposition	Left to far-left	PA722142	Ruffin, François	M	1975	
ParlaMint-FR-en_2021-07-08-E1008	ParlaMint-FR_2021-07-08-E1008.u647	Proceedings of the debates in plenary sitting of the Assemblée Nationale, sitting: 8, 08/07/2021	2021-07-08	Lower house	15e législature	Première session extraordinaire 2021 (CRSANR5L15S2021E1N008)	-	8. séance	-	COVID	English	Regular	notMP	notMinister	LAREM	La République en Marche	Coalition	Centre	PA721710	Peyron, Michèle	F	1961	
ParlaMint-FR-en_2021-07-08-E1008	ParlaMint-FR_2021-07-08-E1008.u648	Proceedings of the debates in plenary sitting of the Assemblée Nationale, sitting: 8, 08/07/2021	2021-07-08	Lower house	15e législature	Première session extraordinaire 2021 (CRSANR5L15S2021E1N008)	-	8. séance	-	COVID	English	Regular	notMP	notMinister	FI	La France insoumise	Opposition	Left to far-left	PA722142	Ruffin, François	M	1975	
ParlaMint-FR-en_2021-07-08-E1008	ParlaMint-FR_2021-07-08-E1008.u649	Proceedings of the debates in plenary sitting of the Assemblée Nationale, sitting: 8, 08/07/2021	2021-07-08	Lower house	15e législature	Première session extraordinaire 2021 (CRSANR5L15S2021E1N008)	-	8. séance	-	COVID	English	Regular	notMP	notMinister	LAREM	La République en Marche	Coalition	Centre	PA721710	Peyron, Michèle	F	1961	
ParlaMint-FR-en_2021-07-08-E1008	ParlaMint-FR_2021-07-08-E1008.u650	Proceedings of the debates in plenary sitting of the Assemblée Nationale, sitting: 8, 08/07/2021	2021-07-08	Lower house	15e législature	Première session extraordinaire 2021 (CRSANR5L15S2021E1N008)	-	8. séance	-	COVID	English	Regular	notMP	notMinister	FI	La France insoumise	Opposition	Left to far-left	PA722142	Ruffin, François	M	1975	
ParlaMint-FR-en_2021-07-08-E1008	ParlaMint-FR_2021-07-08-E1008.u651	Proceedings of the debates in plenary sitting of the Assemblée Nationale, sitting: 8, 08/07/2021	2021-07-08	Lower house	15e législature	Première session extraordinaire 2021 (CRSANR5L15S2021E1N008)	-	8. séance	-	COVID	English	Regular	notMP	notMinister	DEM	Mouvement Démocrate (MoDem) et Démocrates apparentés	-	Centre to centre-right	PA719558	Balanant, Erwan	M	1971	
ParlaMint-FR-en_2021-07-08-E1008	ParlaMint-FR_2021-07-08-E1008.u652	Proceedings of the debates in plenary sitting of the Assemblée Nationale, sitting: 8, 08/07/2021	2021-07-08	Lower house	15e législature	Première session extraordinaire 2021 (CRSANR5L15S2021E1N008)	-	8. séance	-	COVID	English	Regular	notMP	notMinister	FI	La France insoumise	Opposition	Left to far-left	PA722142	Ruffin, François	M	1975	
ParlaMint-FR-en_2021-07-08-E1008	ParlaMint-FR_2021-07-08-E1008.u653	Proceedings of the debates in plenary sitting of the Assemblée Nationale, sitting: 8, 08/07/2021	2021-07-08	Lower house	15e législature	Première session extraordinaire 2021 (CRSANR5L15S2021E1N008)	-	8. séance	-	COVID	English	Regular	notMP	notMinister	LAREM	La République en Marche	Coalition	Centre	PA721710	Peyron, Michèle	F	1961	
ParlaMint-FR-en_2021-07-08-E1008	ParlaMint-FR_2021-07-08-E1008.u654	Proceedings of the debates in plenary sitting of the Assemblée Nationale, sitting: 8, 08/07/2021	2021-07-08	Lower house	15e législature	Première session extraordinaire 2021 (CRSANR5L15S2021E1N008)	-	8. séance	-	COVID	English	Regular	MP	notMinister	LR	Les Républicains	Opposition	Centre-right	PA1874	Le Fur, Marc	M	1956	
ParlaMint-FR-en_2021-07-08-E1008	ParlaMint-FR_2021-07-08-E1008.u655	Proceedings of the debates in plenary sitting of the Assemblée Nationale, sitting: 8, 08/07/2021	2021-07-08	Lower house	15e législature	Première session extraordinaire 2021 (CRSANR5L15S2021E1N008)	-	8. séance	-	COVID	English	Regular	notMP	notMinister	GDR	Gauche démocrate et républicaine	Opposition	Left	PA774962	Lebon, Karine	F	1985	
ParlaMint-FR-en_2021-07-08-E1008	ParlaMint-FR_2021-07-08-E1008.u656	Proceedings of the debates in plenary sitting of the Assemblée Nationale, sitting: 8, 08/07/2021	2021-07-08	Lower house	15e législature	Première session extraordinaire 2021 (CRSANR5L15S2021E1N008)	-	8. séance	-	COVID	English	Regular	notMP	notMinister	LAREM	La République en Marche	Coalition	Centre	PA721710	Peyron, Michèle	F	1961	
ParlaMint-FR-en_2021-07-08-E1008	ParlaMint-FR_2021-07-08-E1008.u657	Proceedings of the debates in plenary sitting of the Assemblée Nationale, sitting: 8, 08/07/2021	2021-07-08	Lower house	15e législature	Première session extraordinaire 2021 (CRSANR5L15S2021E1N008)	-	8. séance	-	COVID	English	Regular	MP	notMinister	LR	Les Républicains	Opposition	Centre-right	PA1874	Le Fur, Marc	M	1956	
ParlaMint-FR-en_2021-07-08-E1008	ParlaMint-FR_2021-07-08-E1008.u658	Proceedings of the debates in plenary sitting of the Assemblée Nationale, sitting: 8, 08/07/2021	2021-07-08	Lower house	15e législature	Première session extraordinaire 2021 (CRSANR5L15S2021E1N008)	-	8. séance	-	COVID	English	Regular	MP	notMinister	LAREM	La République en Marche	Coalition	Centre	PA719858	Limon, Monique	F	1953	
ParlaMint-FR-en_2021-07-08-E1008	ParlaMint-FR_2021-07-08-E1008.u659	Proceedings of the debates in plenary sitting of the Assemblée Nationale, sitting: 8, 08/07/2021	2021-07-08	Lower house	15e législature	Première session extraordinaire 2021 (CRSANR5L15S2021E1N008)	-	8. séance	-	COVID	English	Regular	MP	notMinister	LR	Les Républicains	Opposition	Centre-right	PA1874	Le Fur, Marc	M	1956	
ParlaMint-FR-en_2021-07-08-E1008	ParlaMint-FR_2021-07-08-E1008.u660	Proceedings of the debates in plenary sitting of the Assemblée Nationale, sitting: 8, 08/07/2021	2021-07-08	Lower house	15e législature	Première session extraordinaire 2021 (CRSANR5L15S2021E1N008)	-	8. séance	-	COVID	English	Regular	MP	notMinister	LR	Les Républicains	Opposition	Centre-right	PA721286	Ramadier, Alain	M	1958	
ParlaMint-FR-en_2021-07-08-E1008	ParlaMint-FR_2021-07-08-E1008.u661	Proceedings of the debates in plenary sitting of the Assemblée Nationale, sitting: 8, 08/07/2021	2021-07-08	Lower house	15e législature	Première session extraordinaire 2021 (CRSANR5L15S2021E1N008)	-	8. séance	-	COVID	English	Regular	MP	notMinister	LR	Les Républicains	Opposition	Centre-right	PA1874	Le Fur, Marc	M	1956	
ParlaMint-FR-en_2021-07-08-E1008	ParlaMint-FR_2021-07-08-E1008.u662	Proceedings of the debates in plenary sitting of the Assemblée Nationale, sitting: 8, 08/07/2021	2021-07-08	Lower house	15e législature	Première session extraordinaire 2021 (CRSANR5L15S2021E1N008)	-	8. séance	-	COVID	English	Regular	notMP	notMinister	-	-	-	-	PA720560	Goulet, Perrine	F	1978	
ParlaMint-FR-en_2021-07-08-E1008	ParlaMint-FR_2021-07-08-E1008.u663	Proceedings of the debates in plenary sitting of the Assemblée Nationale, sitting: 8, 08/07/2021	2021-07-08	Lower house	15e législature	Première session extraordinaire 2021 (CRSANR5L15S2021E1N008)	-	8. séance	-	COVID	English	Regular	notMP	notMinister	-	-	-	-	PA722086	Taquet, Adrien	M	1977	
ParlaMint-FR-en_2021-07-08-E1008	ParlaMint-FR_2021-07-08-E1008.u664	Proceedings of the debates in plenary sitting of the Assemblée Nationale, sitting: 8, 08/07/2021	2021-07-08	Lower house	15e législature	Première session extraordinaire 2021 (CRSANR5L15S2021E1N008)	-	8. séance	-	COVID	English	Regular	notMP	notMinister	-	-	-	-	PA720560	Goulet, Perrine	F	1978	
ParlaMint-FR-en_2021-07-08-E1008	ParlaMint-FR_2021-07-08-E1008.u665	Proceedings of the debates in plenary sitting of the Assemblée Nationale, sitting: 8, 08/07/2021	2021-07-08	Lower house	15e législature	Première session extraordinaire 2021 (CRSANR5L15S2021E1N008)	-	8. séance	-	COVID	English	Regular	notMP	notMinister	FI	La France insoumise	Opposition	Left to far-left	PA722142	Ruffin, François	M	1975	
ParlaMint-FR-en_2021-07-08-E1008	ParlaMint-FR_2021-07-08-E1008.u666	Proceedings of the debates in plenary sitting of the Assemblée Nationale, sitting: 8, 08/07/2021	2021-07-08	Lower house	15e législature	Première session extraordinaire 2021 (CRSANR5L15S2021E1N008)	-	8. séance	-	COVID	English	Regular	notMP	notMinister	-	-	-	-	PA720560	Goulet, Perrine	F	1978	
ParlaMint-FR-en_2021-07-08-E1008	ParlaMint-FR_2021-07-08-E1008.u667	Proceedings of the debates in plenary sitting of the Assemblée Nationale, sitting: 8, 08/07/2021	2021-07-08	Lower house	15e législature	Première session extraordinaire 2021 (CRSANR5L15S2021E1N008)	-	8. séance	-	COVID	English	Regular	MP	notMinister	LR	Les Républicains	Opposition	Centre-right	PA1874	Le Fur, Marc	M	1956	
ParlaMint-FR-en_2021-07-08-E1008	ParlaMint-FR_2021-07-08-E1008.u668	Proceedings of the debates in plenary sitting of the Assemblée Nationale, sitting: 8, 08/07/2021	2021-07-08	Lower house	15e législature	Première session extraordinaire 2021 (CRSANR5L15S2021E1N008)	-	8. séance	-	COVID	English	Regular	notMP	notMinister	SOC	Socialistes et apparentés	-	Centre-left to left	PA774960	Santiago, Isabelle	F	1965	
ParlaMint-FR-en_2021-07-08-E1008	ParlaMint-FR_2021-07-08-E1008.u669	Proceedings of the debates in plenary sitting of the Assemblée Nationale, sitting: 8, 08/07/2021	2021-07-08	Lower house	15e législature	Première session extraordinaire 2021 (CRSANR5L15S2021E1N008)	-	8. séance	-	COVID	English	Regular	notMP	notMinister	-	-	-	-	PA722086	Taquet, Adrien	M	1977	
ParlaMint-FR-en_2021-07-08-E1008	ParlaMint-FR_2021-07-08-E1008.u670	Proceedings of the debates in plenary sitting of the Assemblée Nationale, sitting: 8, 08/07/2021	2021-07-08	Lower house	15e législature	Première session extraordinaire 2021 (CRSANR5L15S2021E1N008)	-	8. séance	-	COVID	English	Regular	notMP	notMinister	SOC	Socialistes et apparentés	-	Centre-left to left	PA774960	Santiago, Isabelle	F	1965	
ParlaMint-FR-en_2021-07-08-E1008	ParlaMint-FR_2021-07-08-E1008.u671	Proceedings of the debates in plenary sitting of the Assemblée Nationale, sitting: 8, 08/07/2021	2021-07-08	Lower house	15e législature	Première session extraordinaire 2021 (CRSANR5L15S2021E1N008)	-	8. séance	-	COVID	English	Regular	MP	notMinister	LR	Les Républicains	Opposition	Centre-right	PA1874	Le Fur, Marc	M	1956	
ParlaMint-FR-en_2021-07-08-E1008	ParlaMint-FR_2021-07-08-E1008.u672	Proceedings of the debates in plenary sitting of the Assemblée Nationale, sitting: 8, 08/07/2021	2021-07-08	Lower house	15e législature	Première session extraordinaire 2021 (CRSANR5L15S2021E1N008)	-	8. séance	-	COVID	English	Regular	notMP	notMinister	AGIR-E	Agir ensemble	Coalition	-	PA642868	Christophe, Paul	M	1971	
ParlaMint-FR-en_2021-07-08-E1008	ParlaMint-FR_2021-07-08-E1008.u673	Proceedings of the debates in plenary sitting of the Assemblée Nationale, sitting: 8, 08/07/2021	2021-07-08	Lower house	15e législature	Première session extraordinaire 2021 (CRSANR5L15S2021E1N008)	-	8. séance	-	COVID	English	Chairperson	MP	notMinister	LR	Les Républicains	Opposition	Centre-right	PA1874	Le Fur, Marc	M	1956	
ParlaMint-FR-en_2021-07-08-E1008	ParlaMint-FR_2021-07-08-E1008.u674	Proceedings of the debates in plenary sitting of the Assemblée Nationale, sitting: 8, 08/07/2021	2021-07-08	Lower house	15e législature	Première session extraordinaire 2021 (CRSANR5L15S2021E1N008)	-	8. séance	-	COVID	English	Chairperson	MP	notMinister	LR	Les Républicains	Opposition	Centre-right	PA1874	Le Fur, Marc	M	1956	
ParlaMint-FR-en_2021-07-08-E1008	ParlaMint-FR_2021-07-08-E1008.u675	Proceedings of the debates in plenary sitting of the Assemblée Nationale, sitting: 8, 08/07/2021	2021-07-08	Lower house	15e législature	Première session extraordinaire 2021 (CRSANR5L15S2021E1N008)	-	8. séance	-	COVID	English	Regular	MP	notMinister	LR	Les Républicains	Opposition	Centre-right	PA1874	Le Fur, Marc	M	1956	
ParlaMint-FR-en_2021-07-08-E1008	ParlaMint-FR_2021-07-08-E1008.u676	Proceedings of the debates in plenary sitting of the Assemblée Nationale, sitting: 8, 08/07/2021	2021-07-08	Lower house	15e législature	Première session extraordinaire 2021 (CRSANR5L15S2021E1N008)	-	8. séance	-	COVID	English	Regular	notMP	notMinister	-	-	-	-	PA722086	Taquet, Adrien	M	1977	
ParlaMint-FR-en_2021-07-08-E1008	ParlaMint-FR_2021-07-08-E1008.u677	Proceedings of the debates in plenary sitting of the Assemblée Nationale, sitting: 8, 08/07/2021	2021-07-08	Lower house	15e législature	Première session extraordinaire 2021 (CRSANR5L15S2021E1N008)	-	8. séance	-	COVID	English	Regular	MP	notMinister	LR	Les Républicains	Opposition	Centre-right	PA1874	Le Fur, Marc	M	1956	
ParlaMint-FR-en_2021-07-08-E1008	ParlaMint-FR_2021-07-08-E1008.u678	Proceedings of the debates in plenary sitting of the Assemblée Nationale, sitting: 8, 08/07/2021	2021-07-08	Lower house	15e législature	Première session extraordinaire 2021 (CRSANR5L15S2021E1N008)	-	8. séance	-	COVID	English	Regular	notMP	notMinister	LAREM	La République en Marche	Coalition	Centre	PA721710	Peyron, Michèle	F	1961	
ParlaMint-FR-en_2021-07-08-E1008	ParlaMint-FR_2021-07-08-E1008.u679	Proceedings of the debates in plenary sitting of the Assemblée Nationale, sitting: 8, 08/07/2021	2021-07-08	Lower house	15e législature	Première session extraordinaire 2021 (CRSANR5L15S2021E1N008)	-	8. séance	-	COVID	English	Regular	MP	notMinister	LR	Les Républicains	Opposition	Centre-right	PA1874	Le Fur, Marc	M	1956	
ParlaMint-FR-en_2021-07-08-E1008	ParlaMint-FR_2021-07-08-E1008.u680	Proceedings of the debates in plenary sitting of the Assemblée Nationale, sitting: 8, 08/07/2021	2021-07-08	Lower house	15e législature	Première session extraordinaire 2021 (CRSANR5L15S2021E1N008)	-	8. séance	-	COVID	English	Chairperson	MP	notMinister	LR	Les Républicains	Opposition	Centre-right	PA1874	Le Fur, Marc	M	1956	
